normalized_street_name_season,snowfall,total_area,average_coverage,roadwork_factor
1-1 avenue_2019,16.315984119920405,12.44291372817589,0.3869817313302467,0.0950374153347517
1-1 avenue_2022,16.337583229970743,12.44291372817589,0.4559362704114769,0.1497983650883945
1-1 avenue_2024,16.012160860418042,12.44291372817589,0.4081890465352428,0.4076626916516516
1-10 avenue_2017,15.913046847619508,11.67865887994778,0.3798127736429841,0.0171520588175655
1-10 avenue_2021,16.11859221376182,11.67865887994778,0.46938743420324,0.3962898101727122
1-10 avenue_2022,15.544420205579662,11.67865887994778,0.4829789220059536,0.2255406759139312
1-11 avenue_2018,15.76232192150532,11.373206906554964,0.416925541207598,0.1942501276592284
1-11 avenue_2019,15.209201174149769,11.373206906554964,0.4021201969744461,0.2355463180312523
1-11 avenue_2021,15.81313724926493,11.373206906554964,0.4774169435129872,0.3146647437816678
1-11 avenue_2022,15.238965268778868,11.373206906554964,0.4914116731220904,0.1044501013564644
1-11 avenue_2024,15.016554646679824,11.373206906554964,0.456598291156411,0.1991786738603775
1-12 avenue_2018,16.013561247856185,11.624443709838436,0.4170221168376089,0.4573615538966662
1-2 avenue_2017,16.62145402200353,12.332781334832712,0.4080567601887898,0.0078689583786951
1-2 avenue_2019,16.205851276759667,12.332781334832712,0.4455361204317534,0.733905173032113
1-2 avenue_2022,16.2274503866059,12.332781334832712,0.5171675331352137,0.0343048036919903
1-2 avenue_2024,15.902028020648668,12.332781334832712,0.4710038566535177,0.266815879770396
1-3 avenue_2021,16.819935977713246,12.379998423330877,0.4118058628401772,0.0230326991105726
1-3 avenue_2022,16.24576393045092,12.379998423330877,0.430029057179039,0.0579858491986532
1-3 avenue_2024,16.023353270275397,12.379998423330877,0.406256202685219,0.0332413337798018
1-4 avenue_2017,13.393556015630102,9.15926341894562,0.3166696093250332,1.8921928665493253
1-4 avenue_2024,12.802519865660352,9.15926341894562,0.3802455367760484,0.1738692699789707
1-5 avenue_2017,16.41816468307931,12.12949297527597,0.3334644166045041,0.6411694414672323
1-5 avenue_2018,16.516874885350276,12.12949297527597,0.3524040485713245,0.3780939113120324
1-5 avenue_2019,16.002561944857224,12.12949297527597,0.3562520604184522,0.6461603893356085
1-5 avenue_2021,16.59228748425556,12.12949297527597,0.3970301328930072,0.000899595242836
1-5 avenue_2022,16.02416105426224,12.12949297527597,0.4336150661044917,0.0409499863289541
1-5 avenue_2024,15.698738696077143,12.12949297527597,0.381818834542767,0.1845690293344339
1-6 avenue_2017,16.06828750976106,11.83389834143984,0.3780093384595748,0.485076953743213
1-6 avenue_2019,15.6698967625375,11.83389834143984,0.3879885245702915,0.0645697706493
1-6 avenue_2022,15.699660859853074,11.83389834143984,0.4638924517537154,0.1360158039174431
1-6 avenue_2024,15.477250215604892,11.83389834143984,0.3683973881883408,0.1866455282740091
1-7 avenue_2018,15.706111450534411,11.316997092235944,0.383624620496159,1.1065804583172865
1-7 avenue_2019,15.152990709274814,11.316997092235944,0.3704853892121376,0.1039995900184847
1-7 avenue_2021,15.75692677788514,11.316997092235944,0.4206984840332406,0.3503751417902043
1-7 avenue_2022,15.182754803483135,11.316997092235944,0.456436968412374,0.5709795465857378
1-7 avenue_2024,14.960344184853282,11.316997092235944,0.3728508765092561,0.7527359719716029
1-7 avenue south_2019,13.66104791095634,9.825095303723522,0.4488924015401828,0.8356878673420554
1-7 avenue south_2021,14.264983569505524,9.825095303723522,0.4878003078648515,0.009058844488346
1-8 avenue_2017,15.723557883384194,11.489171657778696,0.3923676198853682,0.7912262507195803
1-8 avenue_2018,15.878287916234092,11.489171657778696,0.4086283528623832,0.223063548114039
1-8 avenue_2019,15.325167157334608,11.489171657778696,0.4066471045753702,0.3771342183401026
1-8 avenue_2022,15.35493125276054,11.489171657778696,0.4627268718075509,0.4019924186291918
1-8 avenue_2024,15.13252062409188,11.489171657778696,0.4407600241127335,0.0756639039209896
1-86 street transverse_2017,13.178912817890035,8.890371614123278,0.2119135972370736,2.1885313448925325
1-9 avenue_2018,16.001445631508705,11.589141458060691,0.3676634211848336,0.0328543368709471
1-9 avenue_2019,15.507733696755391,11.589141458060691,0.3836642058278459,0.2288870259412754
1-97 street transverse_2017,13.722185528543683,9.433587393964672,0.1869158590581979,1.5701979990964967
1-abraham kazan street_2021,11.29262913162049,6.853731028104177,0.3696723029136745,2.591239192874061
1-academy street_2021,13.740297400646307,9.271956688895054,0.3356755459095469,0.937386640168888
1-academy street_2024,12.833195463919555,9.271956688895054,0.2920904447326918,0.0209784063851917
1-albany street_2018,12.977356079460764,8.588413664230451,0.2573408339050804,1.0307616217599351
1-albany street_2022,12.454000918570864,8.588413664230451,0.3171086457860046,0.0072734839664983
1-allen street_2022,13.989944448701843,10.124214085459997,0.5339260724173012,0.5444731431782086
1-amsterdam avenue_2017,16.66222623015536,12.333077430710915,0.3708180522569512,0.2426324038980567
1-amsterdam avenue_2019,16.251674435338053,12.333077430710915,0.3990037163678444,0.0680324103918269
1-amsterdam avenue_2022,16.2572222992917,12.333077430710915,0.4716735461631983,0.265513147680719
1-amsterdam avenue_2024,15.89440328528952,12.333077430710915,0.4062258175063278,0.3896066921737064
1-arden street_2017,12.890012436327083,8.561048204997757,0.2937908269401021,1.2517338677241958
1-arden street_2024,12.12219233880766,8.561048204997757,0.3298824269421573,0.8134603460699539
1-attorney street_2022,12.220722136210764,8.355182790153705,0.2193717410905577,0.0847087279269541
1-audubon avenue_2019,14.386183196126089,10.467609753560584,0.2998014159855339,0.1588823250601918
1-audubon avenue_2024,14.028912251191349,10.467609753560584,0.3655280116285199,0.3139344435958466
1-avenue a_2022,13.702792149182446,9.837074843765786,0.4546735433479482,0.0172503534065275
1-avenue a_2024,13.480381745888009,9.837074843765786,0.4193151126207974,0.3325359280854066
1-avenue b_2021,13.883155987106935,9.443292568176632,0.3493030102986377,0.921556841546655
1-avenue b_2022,13.308984626322353,9.443292568176632,0.4028777845432134,0.0157749191153622
1-avenue c_2021,14.752707347381609,10.31279845497452,0.3518460544778925,1.774206309980466
1-avenue c_2022,14.178535565516798,10.31279845497452,0.3773484155309587,0.0136070034062169
1-avenue d_2022,13.07243460953908,9.206763249622782,0.3735065322630914,0.0243998868235351
1-barclay street_2019,12.770467635726376,8.934591033634705,0.3278526920827695,1.366499733791711
1-baruch place_2022,11.175092765327904,7.309978180672544,0.151792440981112,0.2255406759139312
1-battery place_2018,13.594411809821414,9.20538469243299,0.313222681700982,1.2740211186371049
1-baxter street_2019,12.441788056602718,8.605961615802794,0.3039551940506233,1.2303712781804668
1-baxter street_2022,12.471552042672586,8.605961615802794,0.3352256127323628,0.0204886664273156
1-baxter street_2024,12.24914231561021,8.605961615802794,0.3168851033459081,0.0310140535291694
1-beaver street_2022,11.885441311053766,8.01999367630803,0.3274405645908651,0.0243998868235351
1-bedford street_2022,12.296010315128116,8.430454270439704,0.2897387795084947,0.0142973047008244
1-bethune street_2018,12.553147161692694,8.164301931925964,0.2718327512753678,1.4624912214553445
1-bogardus place_2021,12.290071024215033,7.8220336507247215,0.3107027234421614,0.6540424606791843
1-bradhurst avenue_2019,13.451974909182198,9.533444542451193,0.3508943797349679,0.3057920916240985
1-bradhurst avenue_2022,13.45752276566193,9.533444542451193,0.4187927154211262,0.1743733869447804
1-bridge street_2018,11.88622401696877,7.497645302540371,0.311128632503762,1.3191390859324823
1-broad street_2019,12.814665471583757,8.978783296068803,0.31105030683325,1.6501959049062682
1-broadway_2017,17.38131386666131,13.052162838769098,0.3614224215956395,0.771865935271336
1-broadway_2018,17.46447404661707,13.052162838769098,0.3839315395602274,0.8044201829693741
1-broadway_2019,16.97076205673618,13.052162838769098,0.3896415328658272,0.0655068022021196
1-broadway_2021,17.52059438033301,13.052162838769098,0.4263001038089166,0.0944006754214843
1-broadway_2022,16.97630992093806,13.052162838769098,0.4533429918859626,0.2471725291135709
1-broadway_2024,16.6134908874202,13.052162838769098,0.4046613588110225,0.1488509467323547
1-broadway_2025,16.60750881610825,13.052162838769098,0.0,0.125663017995657
1-broome street_2019,14.111871768784628,10.275899960355147,0.2500956228564672,0.6259919053725372
1-broome street_2021,14.715807619330606,10.275899960355147,0.3065003482485027,0.0057832447557273
1-broome street_2022,14.141635848887011,10.275899960355147,0.3191977392306569,0.4700661272926919
1-broome street_2025,13.786217231547113,10.275899960355147,0.0,0.0119285708652738
1-cabrini boulevard_2022,12.829630183850137,8.9056139530388,0.3185479329932216,0.0218593343528935
1-canal street_2024,14.47616050130805,10.832820787018768,0.405957597652716,0.4835366435283199
1-carlisle street_2022,10.529529503825056,6.665008706064206,0.3182398044945505,0.028976108236517
1-catherine lane_2022,10.55025378941638,6.685707392686896,0.2803019651541584,0.1538363447148671
1-catherine street_2022,12.05584544086588,8.190347365443676,0.3416409287176547,0.0279069532530078
1-cedar street_2022,12.16248153844282,8.29695600028156,0.2957480463946442,0.0273232956488903
1-central park west_2017,15.668341597561446,11.379675834503605,0.3349476586585139,1.958360887350616
1-central park west_2019,15.252738901961544,11.379675834503605,0.3851904117329506,1.357663378320738
1-central park west_2024,14.948915697680205,11.379675834503605,0.4010654488906307,0.1365393641388269
1-centre street_2018,14.15877067220031,9.769700750044713,0.3118384919998154,0.4425039555431507
1-centre street_2021,14.209585971881047,9.769700750044713,0.3721428059492623,0.5294510878891555
1-centre street_2022,13.635414409201186,9.769700750044713,0.4088533010881154,0.0201947072855192
1-chambers street_2018,14.030829364225106,9.641767146423875,0.3342678462864223,0.6143204000139743
1-chambers street_2022,13.507473167814805,9.641767146423875,0.4390935781556586,0.87983419486354
1-charles street_2018,13.26335873698948,8.874370567680396,0.2730725600788155,0.6495609523970224
1-charles street_2022,12.740003180607054,8.874370567680396,0.2871672340628854,0.0084640784121294
1-charlton street_2022,12.497071812817088,8.631476871208509,0.4510258569755929,0.6315908748608395
1-cherry street_2019,13.488197713681464,9.652255089952227,0.2801112230802137,2.3172864958469384
1-cherry street_2022,13.517961774906526,9.652255089952227,0.3479824175183331,0.0119285708652738
1-christopher street_2019,13.161551485343676,9.325633157688834,0.3818662638376275,1.3376554355133303
1-christopher street_2021,13.76548680111491,9.325633157688834,0.3983369593743819,0.1228369099590624
1-christopher street_2022,13.191315530853077,9.325633157688834,0.3901577614492192,0.43139273011808
1-church street_2019,14.11144257696548,10.275470783007163,0.3934204236974949,0.9963211317796437
1-church street_2021,14.715378427366762,10.275470783007163,0.4154710325620179,0.0057832447557273
1-claremont avenue_2024,13.112617254103773,9.543435940593882,0.3578449908740882,1.315603620497121
1-clarkson street_2024,12.233174077041674,8.589996245982968,0.4600403672744781,0.4624123885499145
1-cleveland place_2022,11.35827362542997,7.493049429099134,0.4251530630803838,0.6607272893038341
1-cleveland place_2024,11.135865850766818,7.493049429099134,0.3474950059119632,0.0914846901221783
1-clinton street_2021,14.06619583035412,9.62631931705832,0.3572169656930966,1.0605642210305797
1-clinton street_2024,13.269614010435111,9.62631931705832,0.3780366610424634,0.0094551587707551
1-columbia street_2021,13.802052227345508,9.36219542214596,0.3903793608000075,3.8353730359042255
1-columbus avenue_2018,15.680873157468758,11.291759106226914,0.3715988451826852,1.8176870912379708
1-columbus avenue_2019,15.127752419059687,11.291759106226914,0.3846473885206125,0.0647572472152785
1-convent avenue_2022,14.03493076128808,10.11082141131634,0.4104055112401978,0.7232883374719321
1-cooper square_2024,12.489322453236026,8.846103699603852,0.3333474910477042,1.2350644118036098
1-cortlandt street_2021,11.56850200290516,7.129352396111137,0.3776855440010886,0.6127502434879162
1-crosby street_2022,12.822720146384954,8.957076657309853,0.3054734446034929,0.0129162252665463
1-crosby street_2024,12.600310136503436,8.957076657309853,0.2272729446562209,0.1186715297174986
1-dongan place_2024,10.46378895767798,6.903435106451939,0.2859564464843111,1.8687205103641835
1-dover street_2017,11.756570196522508,7.522706854450988,0.3106195988317601,2.549109176985929
1-doyers street_2017,10.899138024218349,6.665997529451327,0.1400460736457163,2.6852795736478607
1-doyers street_2022,10.530519562237624,6.665997529451327,0.265526679572004,1.5013180376886726
1-duane street_2021,13.653627153435863,9.213783932293916,0.2993201882112488,1.2651713790469443
1-duane street_2022,13.07945597968703,9.213783932293916,0.2889112632112556,0.0248877155077789
1-dyckman street_2018,14.821099284260107,10.40881575698381,0.3529423659612279,1.356736808877565
1-dyckman street_2024,13.97011658107207,10.40881575698381,0.4041232119995859,0.0069756137364252
1-dyer avenue_2022,13.524571774858428,9.6588646752823,0.1095504832350743,0.0256677467485777
1-east 1 street_2021,13.232430099664384,8.792638459820637,0.2932870249723485,2.62367534543371
1-east 10 street_2018,14.541016432081634,10.151928577766377,0.3119088505429978,0.3601887632385289
1-east 10 street_2019,13.987895936872128,10.151928577766377,0.3182228242307108,0.6815299612197546
1-east 100 street_2019,12.738446665128782,8.865510658704386,0.2740177102577231,2.2144094020903204
1-east 100 street_2024,12.434624418880388,8.865510658704386,0.3100169877559968,0.0101483310518151
1-east 101 street_2021,13.234335744567826,8.771689185187032,0.3323050532406514,1.50027015843332
1-east 102 street_2021,13.67840135529667,9.215699834080691,0.3172742949192491,1.5875194483330777
1-east 102 street_2024,12.784854133213717,9.215699834080691,0.304776505811081,2.2930800629797408
1-east 103 street_2021,13.334203061352683,8.871541934360055,0.2389090314234183,0.8861201425290384
1-east 103 street_2024,12.440656519631917,8.871541934360055,0.2082549388204591,1.3525307309670815
1-east 104 street_2021,13.696413453213028,9.233710176924127,0.3252020696501733,1.5444726335817414
1-east 106 street_2017,14.887979695641992,10.599327254885438,0.3058573992241211,0.3221559603118572
1-east 106 street_2019,14.472377095560232,10.599327254885438,0.3385251166824169,0.7879117570043683
1-east 107 street_2017,13.112365823484083,8.823833965519563,0.1899179036858893,0.9329511727672624
1-east 107 street_2025,12.4201808128385,8.823833965519563,0.0,0.5203996462002639
1-east 108 street_2017,13.850605777988584,9.561998135352416,0.2154671038158706,1.1011756670712698
1-east 109 street_2017,13.784192648696363,9.495589770699157,0.2324002950458415,1.2282653368949676
1-east 11 street_2021,14.284968154720929,9.845078831574597,0.3174321615764106,0.0088606284321965
1-east 11 street_2024,13.488386148546162,9.845078831574597,0.2933770322372813,0.2625180987882313
1-east 110 street_2017,13.74907525172353,9.460475023973244,0.2382217491353394,1.4133013666064176
1-east 111 street_2017,13.746036147839906,9.45743615385079,0.2254937286591633,1.495328122144013
1-east 112 street_2017,13.563070392766388,9.274485865172766,0.24281801456023,2.290907170713791
1-east 112 street_2024,12.843645683451276,9.274485865172766,0.3016997435303225,1.923080086555413
1-east 114 street_2022,11.383559921583643,7.48943428872147,0.3169552828021938,1.2176389950897506
1-east 115 street_2022,13.301738034438769,9.407145134229836,0.3178184594008768,1.935917531593793
1-east 116 street_2019,14.305849179368952,10.43280376247336,0.3603141473312715,1.1004439434970796
1-east 116 street_2022,14.327448278086536,10.43280376247336,0.4249076395595599,0.0117309228756986
1-east 117 street_2022,13.440856690216638,9.54625333971904,0.3011376503934517,0.0137056470561119
1-east 117 street_2024,13.11543484920027,9.54625333971904,0.2734432487995273,0.6954944236282934
1-east 118 street_2022,13.555882773940755,9.661271815879925,0.2996738364669383,0.7674658448022446
1-east 119 street_2022,13.64673961660265,9.75212323837355,0.3021696422291077,0.011533235813673
1-east 12 street_2017,14.054709817991226,9.82036704817666,0.2796227221751887,0.765700373241654
1-east 12 street_2019,13.656319404630043,9.82036704817666,0.2916424736678778,1.0446487657246804
1-east 120 street_2025,13.323325600832526,9.726893619228392,0.0,0.0133110140596723
1-east 122 street_2019,13.093941180153571,9.220963815375775,0.1914914030894521,1.2095870151104042
1-east 124 street_2019,13.202981762675952,9.329994388964332,0.2864908870816278,0.8951079526062484
1-east 125 street_2021,14.520937583498595,10.058180079749002,0.5155455020780919,0.795839138783491
1-east 126 street_2018,13.81493363901324,9.427625870777115,0.31106159967422,0.5920553189986716
1-east 128 street_2019,13.26121580875725,9.388223520279364,0.28460193687538,0.8486968813009109
1-east 129 street_2018,12.971930928018136,8.584728318878469,0.3211931970435334,1.7331588394238593
1-east 13 street_2018,14.299787870835578,9.910710524288644,0.2658079154254728,0.3814456022639441
1-east 130 street_2017,12.827841101026632,8.539357019503393,0.3063306315298539,1.30106321675723
1-east 130 street_2018,12.926551057887252,8.539357019503393,0.329833708922048,0.2848781451190467
1-east 131 street_2017,12.982947471024142,8.694435669500496,0.4026288457072156,1.6162744896930887
1-east 132 street_2019,12.589602230449223,8.716688410143142,0.5228953478533211,0.9104738465525902
1-east 135 street_2018,13.367227785007742,8.95504198511207,0.3452473236001803,1.2544757864990428
1-east 14 street_2017,14.87289713305698,10.638524442700534,0.3308151199209675,0.0469790011939946
1-east 14 street_2018,15.027627137380568,10.638524442700534,0.3418841181831374,0.916090711871488
1-east 15 street_2022,13.421373229429207,9.555672926406627,0.3260418943423404,0.7341451595940175
1-east 15 street_2024,13.19896291674848,9.555672926406627,0.3013809168099428,0.1753808591146234
1-east 16 street_2022,13.142606008194877,9.276927989831217,0.2717596359288458,0.2388594077542124
1-east 16 street_2024,12.920195814281836,9.276927989831217,0.2778639167711358,0.0482185722704743
1-east 17 street_2022,13.185350408218842,9.319668557030548,0.3462069080399984,0.8128838621622787
1-east 17 street_2024,12.962940193878302,9.319668557030548,0.3315339549806303,0.4823026848327524
1-east 18 street_2022,13.264679500370615,9.39899095577304,0.3064027998263526,0.5384797005478066
1-east 18 street_2024,13.04226925035693,9.39899095577304,0.2804360557804667,0.4564116757262685
1-east 19 street_2017,13.43534964125234,9.201052799239196,0.2352701615899733,0.4591954305291321
1-east 19 street_2022,13.066723596407993,9.201052799239196,0.3410889953394104,1.0551827307407735
1-east 2 street_2022,13.6422580739819,9.776544033160068,0.2962700896383145,0.437092965788476
1-east 20 street_2022,13.87992743152506,10.0142016337349,0.3201584384164833,0.1907030008218697
1-east 21 street_2017,13.400292017782414,9.165998724816848,0.2494244807822421,0.0933992642585496
1-east 22 street_2017,13.52863905097904,9.294333349053687,0.2021211327560148,0.0529718847661057
1-east 22 street_2024,12.937602745731224,9.294333349053687,0.2409157210600074,0.3766540262540447
1-east 23 street_2021,14.594081004530754,10.154177752777676,0.3518334279567436,0.4385129621543647
1-east 24 street_2022,13.261006892063536,9.395318645762815,0.3105092398359574,0.0143958802837323
1-east 25 street_2022,13.303679748253863,9.43798810264638,0.3010611641704954,0.013804280976397
1-east 25 street_2024,13.08126948171314,9.43798810264638,0.2511015490890431,0.4223222251745873
1-east 26 street_2019,13.419613547179493,9.583675388283424,0.2812127789263399,0.6907944149763481
1-east 26 street_2022,13.449377605516553,9.583675388283424,0.3538379424805196,0.1939206926373065
1-east 27 street_2019,13.18281425147686,9.346894089541909,0.2074657385949799,0.8896592408732374
1-east 27 street_2022,13.212578298172756,9.346894089541909,0.2577702286237773,0.0159717695096986
1-east 28 street_2022,13.200985649499128,9.335302436741305,0.3148859872158168,0.56338012250088
1-east 29 street_2022,13.371650873811816,9.505954104434975,0.2890027858288758,0.4712528486461674
1-east 3 street_2022,13.477772066422316,9.6120679622765,0.3164046735704037,1.3143954855760271
1-east 30 street_2022,13.516193283552496,9.650486709994857,0.3159135096001763,0.7866375236472842
1-east 31 street_2022,13.052078271468586,9.18640893218256,0.3123746850421524,0.3146647437816678
1-east 32 street_2022,13.375223198474917,9.509526169322472,0.2993610979922969,0.4716897070173926
1-east 33 street_2019,13.505605424141695,9.669661715057735,0.2826951686956405,0.2054682596342013
1-east 33 street_2022,13.5353694860688,9.669661715057735,0.3430093728742249,0.3445112654378242
1-east 34 street_2022,13.928197325356043,10.062469462513546,0.4870353523577128,0.0112366319259876
1-east 35 street_2017,13.860277449272097,9.62594617159592,0.2553428561514224,0.2304765986810017
1-east 36 street_2022,13.39102775966814,9.525329592294035,0.3477593488796194,0.1257512053055603
1-east 36 street_2024,13.16861745836939,9.525329592294035,0.3094266938568307,0.7659793392096153
1-east 37 street_2017,13.90512343932408,9.67078930938987,0.1663695310980601,0.2226634360773325
1-east 37 street_2018,14.05985336237726,9.67078930938987,0.1889032542483333,0.2226634360773325
1-east 37 street_2019,13.506733088133211,9.67078930938987,0.2012657564734621,1.0954405975024746
1-east 38 street_2018,13.779614994820504,9.390571097721772,0.2699806346352181,0.2687285845346934
1-east 38 street_2022,13.25625895675828,9.390571097721772,0.3219456093428658,0.5597872018146528
1-east 39 street_2017,13.711460619966076,9.477139778239948,0.2745570999088418,0.821848175575679
1-east 39 street_2018,13.866190515012145,9.477139778239948,0.2931013769842863,0.2551072265196023
1-east 4 street_2022,13.670599197959548,9.804883604089593,0.3744663160904444,1.190948353203183
1-east 40 street_2017,13.508910899153378,9.274607002576122,0.2689899394396283,1.0913526679388494
1-east 40 street_2018,13.663640758484176,9.274607002576122,0.2935059275648152,0.3065283602481408
1-east 42 street_2021,14.52077963440544,10.080879307268276,0.3629054936893685,0.7793707473085628
1-east 43 street_2021,13.616021231396914,9.176181784219787,0.3381091661076998,0.2224232919897265
1-east 43 street_2024,12.819439950434058,9.176181784219787,0.3194981176364409,0.0218593343528935
1-east 44 street_2017,13.47491582277254,9.240615121918855,0.2432451641972403,1.0257189631477848
1-east 44 street_2024,12.88387957677992,9.240615121918855,0.2742299277439919,0.0205866336083883
1-east 45 street_2024,13.107713211653357,9.464429808574256,0.2872509450469569,0.0187236139981025
1-east 46 street_2024,13.1469273548417,9.503641047124766,0.2519208854724455,0.0133110140596723
1-east 47 street_2017,13.617821312121464,9.3835078790768,0.1979831611422378,0.7008673035750834
1-east 47 street_2024,13.026784915272058,9.3835078790768,0.2289130392861228,0.0131136391453831
1-east 48 street_2017,13.69702413173907,9.462704387481534,0.2131064193083096,0.6923968991692412
1-east 48 street_2024,13.105987660112248,9.462704387481534,0.2559778670294684,0.0157749191153622
1-east 49 street_2024,13.35939495528749,9.716094745407649,0.2785269918057908,0.0122249696225689
1-east 5 street_2021,13.987385458697894,9.547514291009117,0.2710164645512186,1.9040161515737224
1-east 5 street_2022,13.413214026159174,9.547514291009117,0.266343986004855,0.4098554564094573
1-east 50 street_2019,13.337229425845194,9.501297051141146,0.2622625091888481,0.4459670514174942
1-east 50 street_2024,13.144583188405194,9.501297051141146,0.2833624113072645,0.7443629719442156
1-east 51 street_2019,13.333321693086662,9.497389604759675,0.2824102643503466,0.4183155200869841
1-east 51 street_2024,13.140675456988664,9.497389604759675,0.2784441314668446,0.0147900854726354
1-east 52 street_2017,13.8218974151544,9.587568682151009,0.2422410729755865,0.1246041632245308
1-east 52 street_2019,13.423507102798704,9.587568682151009,0.2375629005426621,0.1626289234482185
1-east 52 street_2024,13.230860837026638,9.587568682151009,0.2402379846735098,0.0150856374180408
1-east 53 street_2017,13.840402916498585,9.60607294434941,0.2732400513976972,0.9245366407280058
1-east 53 street_2024,13.249366323689182,9.60607294434941,0.3159427442373765,0.026349775322782
1-east 54 street_2017,13.89940496691744,9.665071193609666,0.2550836412095452,0.4871065371453978
1-east 54 street_2022,13.53077868003592,9.665071193609666,0.3329360914908015,0.0092570212626767
1-east 54 street_2024,13.308368329071287,9.665071193609666,0.2630271746674385,0.0983056887841233
1-east 55 street_2021,14.111710599936115,9.671831185985637,0.3293037471426003,0.5041634808924402
1-east 55 street_2022,13.53753909103695,9.671831185985637,0.3458412773229452,0.0141987193998129
1-east 55 street_2024,13.315128737841269,9.671831185985637,0.2919831543511715,0.0973081824669979
1-east 56 street_2022,13.556951945395836,9.691242853853645,0.3401568391685885,0.3780253923493826
1-east 56 street_2024,13.334541585876789,9.691242853853645,0.2717512503795866,0.0995738048960923
1-east 57 street_2018,14.638490037149207,10.249398605635548,0.3710904752902454,0.5522170561257407
1-east 57 street_2019,14.085369508730356,10.249398605635548,0.3465480823534163,0.787320350577195
1-east 57 street_2022,14.115133588247156,10.249398605635548,0.4328526543125749,0.0141001243787816
1-east 57 street_2024,13.892723090744305,10.249398605635548,0.3787799160379065,0.0973081824669979
1-east 58 street_2022,13.379496535648736,9.513799196960289,0.3409582570945844,0.9290489979728178
1-east 58 street_2024,13.157086238766489,9.513799196960289,0.3057082749691721,0.1193817570200804
1-east 59 street_2017,13.973120992489402,9.738782774623814,0.3669840698326143,1.139626264758724
1-east 59 street_2022,13.604494676480115,9.738782774623814,0.4559030584382829,0.4373512969704861
1-east 59 street_2024,13.382084301983614,9.738782774623814,0.3911520875053714,0.0853516670995037
1-east 6 street_2022,13.35321033415245,9.487514920610105,0.3427038217405619,0.5620129125351442
1-east 60 street_2018,13.996198575008732,9.607138617753284,0.3136896096234615,1.1790856728179864
1-east 61 street_2018,14.138650781919647,9.749582006994144,0.3056401572247599,0.6761536041833742
1-east 64 street_2017,13.740567411510854,9.506244404665384,0.2419845476102345,0.5630954411996719
1-east 65 street_2018,13.810401957048038,9.421355559592348,0.2882740024897818,1.0571998420875626
1-east 66 street_2018,14.04355124572285,9.65448821695747,0.2629246804353325,1.3613867254137058
1-east 67 street_2018,13.93148150982744,9.54242599269984,0.306489069376429,1.21265500470877
1-east 69 street_2017,13.94148969585328,9.70715334507831,0.2306966540278852,0.8969448002766174
1-east 7 street_2022,13.596531601382331,9.73082016096864,0.342682151009027,0.8393664900609233
1-east 70 street_2018,14.112757247302737,9.725429010074103,0.2545803987755121,0.9197646906856554
1-east 70 street_2025,13.32186090663217,9.725429010074103,0.0,0.0135083500247922
1-east 71 street_2018,14.233982888905413,9.844908876890395,0.2498405247714943,0.7216860453663662
1-east 72 street_2022,14.270897899284764,10.37625506222285,0.4033698914180353,0.7222689941319639
1-east 73 street_2017,13.8116751285494,9.577347089935328,0.2324249641711989,1.2332014549860657
1-east 74 street_2022,13.566888115669506,9.701178425693216,0.3095345808894045,0.7328004924365968
1-east 75 street_2025,13.298801131835052,9.702370590769204,0.0,0.0242046886968173
1-east 77 street_2017,13.90674331493554,9.6724090843496,0.2331729719163091,0.7438878222631296
1-east 78 street_2025,13.3137469285706,9.717315505405844,0.0,0.0221528046411333
1-east 79 street_2025,13.909179961206217,10.312722254269604,0.0,0.0121261797978405
1-east 8 street_2021,13.683512808691347,9.243666687931317,0.3395463245016348,0.0161685811615837
1-east 80 street_2022,13.589676815725646,9.695063783912586,0.3270315048210601,0.0122249696225689
1-east 80 street_2024,13.264254897355237,9.695063783912586,0.313551452430198,0.0122249696225689
1-east 81 street_2018,13.995379272180642,9.608058383287007,0.2860140153510839,0.5230110786297921
1-east 81 street_2022,13.502665930287478,9.608058383287007,0.3283831294268278,0.013804280976397
1-east 81 street_2024,13.177244055740816,9.608058383287007,0.3102698642271888,0.013804280976397
1-east 82 street_2017,13.99406240730833,9.705445491685948,0.2326222952687535,0.7998467992190011
1-east 82 street_2022,13.600059146660618,9.705445491685948,0.2979292598544292,0.0121261797978405
1-east 82 street_2024,13.27463722331115,9.705445491685948,0.3050589517951646,0.0117309228756986
1-east 83 street_2018,14.158960150794456,9.771629249518208,0.2619593241906477,0.577680210751232
1-east 83 street_2022,13.666246728631949,9.771629249518208,0.2999323123224247,0.0113355096637456
1-east 83 street_2024,13.3408247747277,9.771629249518208,0.2859564464843111,0.7274519842519357
1-east 84 street_2017,13.994064962245146,9.705448046469176,0.2739719591547585,0.2700271372130601
1-east 84 street_2022,13.600061701596402,9.705448046469176,0.3641405468975022,0.0121261797978405
1-east 84 street_2024,13.274639778245716,9.705448046469176,0.3402963330596164,0.0137056470561119
1-east 85 street_2017,14.027770649146152,9.739151740947763,0.2724315685028239,0.2609786896172311
1-east 85 street_2022,13.63376737510922,9.739151740947763,0.3594617548459117,0.0125212805536717
1-east 85 street_2024,13.308345435946082,9.739151740947763,0.3367458718671398,0.0133110140596723
1-east 86 street_2018,14.928194852227527,10.54083371766686,0.3752168869854773,0.1347057028522913
1-east 86 street_2021,15.00360743213318,10.54083371766686,0.4026450435072157,1.1045280890974138
1-east 86 street_2024,14.11005899416253,10.54083371766686,0.4006468312679178,0.0210763256019162
1-east 87 street_2018,14.093080929449966,9.705753864658506,0.2848585411641743,0.1372370183050849
1-east 87 street_2024,13.274945614547915,9.705753864658506,0.3257416342761259,0.0121261797978405
1-east 88 street_2019,13.578871064511638,9.705856469732057,0.243879449793388,0.88533655655225
1-east 88 street_2024,13.275048225697274,9.705856469732057,0.2979737584883284,0.0121261797978405
1-east 89 street_2019,13.676394253740217,9.803374115534009,0.2894661942452823,0.7510386589757229
1-east 89 street_2024,13.372571373129473,9.803374115534009,0.2856180882309294,0.0117309228756986
1-east 9 street_2021,14.279838934155778,9.839949880379,0.3079916706079952,0.5709795465857378
1-east 9 street_2022,13.705667335992532,9.839949880379,0.3310589400375168,0.6915458991929715
1-east 90 street_2018,14.161529032393757,9.774197986577445,0.2580093163493209,0.5206967435612537
1-east 90 street_2021,14.23694158478193,9.774197986577445,0.3194932257422664,0.575095358783809
1-east 91 street_2017,13.747349547644475,9.458749452544373,0.246996234239177,0.1766387736584564
1-east 92 street_2018,13.783930592912672,9.396625327061058,0.2983486657480731,0.186313578063492
1-east 92 street_2022,13.291217376271142,9.396625327061058,0.368928155688858,0.7206650665966846
1-east 93 street_2017,13.895829799290333,9.607219088604186,0.1628363394353708,0.9854809172267788
1-east 93 street_2018,13.994539921783696,9.607219088604186,0.2182755816015467,0.628875290539805
1-east 93 street_2025,13.203643693478751,9.607219088604186,0.0,0.0142973047008244
1-east 94 street_2017,13.642811910112629,9.3542202928447,0.2650898435468535,0.739553553374101
1-east 95 street_2017,13.643228602200535,9.354636949350027,0.260603036184825,0.4910309964378111
1-east 95 street_2021,13.817351225362774,9.354636949350027,0.3325468145051073,0.6327069167485291
1-east 96 street_2019,13.936030299925475,10.062997787146614,0.4132491415735764,0.7270653987634059
1-east 97 street_2017,13.657892246460351,9.369299350831795,0.3173496501536887,1.1415121229833305
1-east 97 street_2024,12.938467414501064,9.369299350831795,0.3706383035741937,0.007571265496318
1-east 98 street_2018,13.009679416174484,8.622469967978043,0.2683740596557847,1.8103194947489647
1-east 99 street_2018,13.663559923648354,9.276265143140666,0.3980694061470353,1.0698355138966906
1-east 99 street_2021,13.738972442869214,9.276265143140666,0.4573667134187332,1.4606826511237496
1-east 99 street_2024,12.845425123460656,9.276265143140666,0.4025050664796875,0.0109399400383343
1-east broadway_2022,13.939233199783953,10.073504878647665,0.3701071182338525,0.3263497480926198
1-east broadway_2024,13.716822737782412,10.073504878647665,0.3563300568858225,1.0779332774597088
1-east drive_2019,14.312287658233291,10.47630972772165,0.2283153397166037,3.186617061008433
1-east end avenue_2022,13.771028828838396,9.876405790168867,0.4036311511858703,0.4843379009288878
1-east end avenue_2024,13.445606830513638,9.876405790168867,0.4206059137832276,0.3983733542944081
1-east houston street_2021,15.19259984165591,10.752679270979558,0.3992786856642837,0.0081665626663934
1-east houston street_2022,14.61842795165446,10.752679270979558,0.4330393045256887,0.8076359070446433
1-east houston street_2024,14.396017381150624,10.752679270979558,0.3641640716625806,0.5745888444358102
1-edgar street_2022,10.499118634082594,6.634636372676823,0.2847365622220241,0.305939388722612
1-edgecombe avenue_2019,14.400409614984332,10.481835778624786,0.3301598382829773,0.8328221626324274
1-elizabeth street_2018,13.616067813467122,9.22703856983548,0.2427252207572008,0.4328208381180196
1-elizabeth street_2022,13.09271190205868,9.22703856983548,0.3008794859412628,0.0089597413714719
1-elizabeth street_2024,12.8703017331211,9.22703856983548,0.2278222443129879,0.0065783153601225
1-elk street_2019,10.69925051532664,6.864267427347633,0.1808670110829603,0.3860783943079743
1-elk street_2024,10.50660872848128,6.864267427347633,0.2729184521461812,0.2791457414294945
1-ellwood street_2021,12.691283748022697,8.223115421438536,0.3274881136734145,1.8370514584197617
1-fletcher street_2022,10.892762751889432,7.0278617579667015,0.3146948716978496,0.0322735605502957
1-fort george hill_2021,13.423582391256383,8.955276311766578,0.3418541176089862,3.32058367766791
1-fort washington avenue_2022,14.459339382936347,10.535216256381345,0.4074598286287615,0.5936582820592029
1-frankfort street_2017,12.553260530096312,8.319104522881432,0.2465025793960158,2.8400078560509407
1-franklin d roosevelt drive_2017,16.332800492977363,12.098409663006828,0.3117313220818079,0.1091234270183541
1-franklin d roosevelt drive_2024,15.741763179134828,12.098409663006828,0.3371611726198855,0.0455468149559703
1-franklin d roosevelt drive_2025,15.6087549566076,12.098409663006828,0.0,0.092214483987811
1-franklin street_2021,13.55525205741507,9.11541901681187,0.315567085392518,0.9527769404445652
1-franklin street_2022,12.981080977941575,9.11541901681187,0.3412104811900382,0.0151841353250399
1-freedom place_2022,11.895423826411138,8.0299729939331,0.4230867094579839,1.0634340603184973
1-gay street_2022,9.706387139994131,5.843459630055404,0.271373334409857,0.1356666114215335
1-gold street_2017,12.984556424395835,8.750316234985831,0.2880741524411205,1.7054751006310425
1-gouverneur slip west_2017,10.298559628042788,6.066451710667586,0.2435867525865566,0.667367727572458
1-grand street_2021,15.04333507940962,10.603417911162806,0.4050180094515931,1.825742128725519
1-grand street_2022,14.469163220913336,10.603417911162806,0.4403782065680449,0.3038014543316642
1-great jones street_2021,13.29541572115712,8.855614921428646,0.3541115237257202,0.6381628722271858
1-greene street_2021,13.594743679214533,9.15490643106642,0.2989276165060931,0.0176434351725952
1-greene street_2024,12.798162430227054,9.15490643106642,0.2354809250740505,0.0703652626605634
1-greenwich street_2018,15.307326692356082,10.918218220769964,0.3063569114571711,0.7784070245107687
1-greenwich street_2022,14.78397009618144,10.918218220769964,0.3731220838301078,0.0472651924671142
1-greenwich street_2024,14.56155950865206,10.918218220769964,0.3408067609132984,0.0039920212695374
1-grove street_2018,12.758455409073102,8.369558004263904,0.3000297673539658,1.3399886082433792
1-hamilton terrace_2021,12.32609052309843,7.858039132173568,0.3201956750702699,0.7199351573163284
1-hanover square_2022,11.007526078494209,7.14253094200192,0.3156691089914497,0.0761273603875509
1-hanover street_2022,10.551372351233825,6.686824587852525,0.2609896938043244,0.1568327940267883
1-harlem river drive_2025,14.688634431607362,11.133300569941676,0.0,0.1026468369601427
1-haven avenue_2022,13.13438657260953,9.210335416779904,0.3332170479588183,0.7991275040971774
1-henry street_2022,13.603530853698476,9.737819007498322,0.3138791234182788,0.0398935636616766
1-hillside avenue_2021,12.315315802284534,7.847268551698001,0.3488667614909206,3.262559640469315
1-hogan place_2022,11.01692831154721,7.151925930077534,0.3074846997479606,0.1034587083682299
1-horatio street_2021,13.061686519420308,8.621922817505084,0.2832673073764285,1.1275560150578872
1-hubert street_2024,11.981081941917244,8.337956031042902,0.3426109913195378,0.630899367080418
1-hudson street_2018,15.231913796344475,10.84280672685514,0.3582001197532911,0.8175306078499772
1-hudson street_2021,15.282729119156611,10.84280672685514,0.4006194349232899,0.3426672932841241
1-hudson street_2024,14.486146632165829,10.84280672685514,0.3670448407961424,0.0030952049073024
1-isham street_2024,12.564084102195515,9.002873536959566,0.4424729414029156,0.0273232956488903
1-jane street_2021,13.05934784137051,8.619584556200975,0.3081895278494347,0.4589426818863106
1-john street_2022,12.63455534629842,8.768937968614528,0.3401568391685885,0.0111377444104559
1-jones street_2021,11.634524463421863,7.195324268000228,0.2660455728584192,0.1187603357208428
1-king street_2021,13.227889741116796,8.788098784127694,0.3458459737704115,0.0252778071842685
1-lafayette street_2022,14.414728497480484,10.548984547765002,0.4149311946092611,0.3016589393825752
1-lenox avenue_2018,15.30032893588912,10.91295968916004,0.3457233810258351,0.497253943735896
1-lenox avenue_2019,14.78601610261072,10.91295968916004,0.3708791405546954,1.367442781434529
1-lenox avenue_2021,15.375741523213565,10.91295968916004,0.4016221343813292,1.551660483514432
1-lenox terrace place_2024,10.98442429208849,7.423674324862573,0.316571082303918,0.2045721657287744
1-leonard street_2021,13.361068342708933,8.921258589799486,0.364960523525505,1.3907095995933003
1-lexington avenue_2017,16.179788828785988,11.89111855409216,0.3174705705212379,0.3005489381586045
1-lexington avenue_2018,16.278499029182655,11.89111855409216,0.3385301628910785,0.4127054997636582
1-lexington avenue_2019,15.764186100838876,11.89111855409216,0.3393135651383446,0.2089634877403758
1-lexington avenue_2024,15.460362862786155,11.89111855409216,0.376883788535742,0.0525924501191705
1-liberty street_2018,13.74755398534775,9.3585127752013,0.3195628043030713,0.5907821738819174
1-liberty street_2021,13.798369267149123,9.3585127752013,0.360002734031407,0.2763430277817872
1-lispenard street_2018,12.436384046417082,8.047573631481997,0.2626341335826088,0.8116410746077345
1-ludlow street_2021,13.506905577598332,9.067077919376205,0.3088746940290312,0.9521210888749824
1-mac dougal alley_2021,10.574096795055029,6.136294783644861,0.2507054148637878,0.3105681762384819
1-mac dougal street_2021,13.075331270596145,8.635565156558071,0.337031208128221,2.072958069321974
1-madison avenue_2017,16.26933560648315,11.980664753024602,0.3107132607598671,0.8143023021164125
1-madison avenue_2018,16.368045807636754,11.980664753024602,0.3321186388783828,0.6851150088626811
1-madison avenue_2021,16.443458405759714,11.980664753024602,0.3751823692101049,1.2572386519505292
1-madison avenue_2022,15.875331983406587,11.980664753024602,0.3960045712231411,0.085627085967437
1-madison avenue_2024,15.549909632001471,11.980664753024602,0.3788589901925602,0.1455711233192188
1-madison street_2021,14.245033462577238,9.805146273622306,0.4040186191191614,2.338550513426654
1-madison street_2022,13.670861881682038,9.805146273622306,0.4054950432984795,0.0373921192170626
1-maiden lane_2021,13.37782347954138,8.93801153429067,0.3620117054576645,0.909829905611918
1-maiden lane_2022,12.803652595421235,8.93801153429067,0.3498810845173242,0.0144944461504525
1-manhattan avenue_2017,14.536523626009398,10.247881541179098,0.291459243676057,0.5130631187061825
1-manhattan avenue_2018,14.63523378953734,10.247881541179098,0.3053461918588534,0.4773515669082739
1-manhattan avenue_2024,13.817098073140343,10.247881541179098,0.329353361391823,0.4750533578778418
1-market street_2022,12.34417352686918,8.47860744047224,0.4105683434933419,0.876093542122742
1-mercer street_2021,13.880404737623996,9.44054153437076,0.3101091082392252,0.5941552313529949
1-mercer street_2024,13.083823111236052,9.44054153437076,0.2682639865946793,0.1003881740312684
1-monroe street_2022,12.48517747168585,8.6195846199933,0.2391942621770302,0.9575094476901094
1-morningside avenue_2018,14.397093027189916,10.009750187694369,0.345883270420336,0.6892395557289283
1-morningside drive_2019,13.461651876996784,9.588644701698364,0.3619388430582734,2.7907417053070893
1-mott street_2024,13.047903862227312,9.404625114540444,0.2717063307856521,0.0056838164682976
1-mount morris park west_2021,13.31320954475595,8.850551360510703,0.4035091735261344,0.6831473484816117
1-mulberry street_2024,12.953326589894342,9.310055796343176,0.2423267917835266,0.0070749136719618
1-murray street_2019,13.374573593633745,9.53863853788517,0.3144094309502864,1.0282971147530842
1-murray street_2022,13.404337649963578,9.53863853788517,0.3818516000191917,0.5329197412390564
1-nagle avenue_2019,14.140088464407375,10.221522800305303,0.3669690000900291,1.904939333938013
1-norfolk street_2021,13.12975629998318,8.689980885492528,0.2886234100763818,1.5167303428995895
1-north end avenue_2022,12.745528854948368,8.879895487099429,0.3383888027224755,1.2632223635298965
1-north moore street_2021,13.17307907087912,8.73329660653833,0.3450342659648482,0.2229835385128442
1-overlook terrace_2021,12.618456948588245,8.15030866373678,0.3441251275088088,1.98229718079335
1-park avenue_2019,16.034929444010892,12.19892885219395,0.3127431510553319,0.5679807042670504
1-park avenue_2021,16.638865582361028,12.19892885219395,0.3554630415227223,1.8555633455802156
1-park avenue_2024,15.842282886906665,12.19892885219395,0.3460849223878069,0.1821548762368556
1-park row_2017,13.768784442586757,9.534459396112652,0.2603124258041144,1.9001802973491388
1-payson avenue_2019,12.090008831401365,8.17168447686251,0.3085928623529807,2.8371643520638163
1-payson avenue_2024,11.732740055134885,8.17168447686251,0.3853405899302132,0.0415257468284983
1-pearl street_2017,14.336388313067236,10.102032398388625,0.298408650190424,1.7852718030925006
1-pearl street_2019,13.937997805120078,10.102032398388625,0.2915066732232883,0.8133273408160503
1-pearl street_2022,13.967761881081746,10.102032398388625,0.3162351715362578,0.2174473587693287
1-pell street_2022,10.676827853420892,6.81213610455678,0.2537805207760996,0.7942586819283568
1-perry street_2019,12.691173877430383,8.855307913113364,0.2403904151374342,0.7172542559031784
1-pike street_2022,12.835830012952814,8.97018488120027,0.5755500999826638,0.7498582721439877
1-pinehurst avenue_2022,13.166531970575994,9.24247771380942,0.2602586839031384,0.0185273046138836
1-pleasant avenue_2022,13.145097201861752,9.250517946220048,0.3944224496161757,0.64006280946749
1-post avenue_2021,13.622073569183929,9.153744521759409,0.393637445393501,0.4103863124272324
1-prince street_2017,13.525771250350145,9.291465808653836,0.2405082483594692,0.7790954926963102
1-r f wagner sr place_2017,12.285616244071878,8.051533972274655,0.364552332415862,3.2560906814818136
1-reade street_2024,12.673878576743268,9.03063619953842,0.2672782792699201,0.7187174566714754
1-rector place_2018,12.460062859325578,8.071245051929154,0.220645463871433,1.526490991613174
1-renwick street_2024,11.057984339613997,7.41521184600453,0.2189970353523612,0.0578914784157775
1-river terrace_2022,12.15306377059074,8.287540541718084,0.3945210864288471,1.221920771626568
1-riverside drive_2018,16.408813824172498,12.01969340202448,0.3430868158201256,2.253510388346811
1-riverside drive_2021,16.459629155299037,12.01969340202448,0.3787506963975545,0.1666155269723372
1-riverside drive_2024,15.663046474047984,12.01969340202448,0.3659636537963856,0.5573847295459448
1-riverside drive east_2018,12.439351399820806,8.027360574757212,0.3379748665057479,1.718597203599071
1-rose street_2017,11.54696667435145,7.313227575510391,0.0723206615796261,0.1637331919826017
1-rutherford place_2019,11.052814381609435,7.217526903683424,0.2787134024690205,1.4291143583028187
1-seaman avenue_2024,13.429847377728285,9.868567552154593,0.4369394741262346,0.6526376372217353
1-sherman avenue_2021,14.726905595011075,10.258506589252606,0.503821791995418,0.6663410861394383
1-sickles street_2024,11.858507035781493,8.297419014622694,0.2641310493793769,0.7789119475207388
1-south end avenue_2018,13.290970018968276,8.901978086164595,0.2947695727353642,0.6256710154350313
1-south pinehurst avenue_2022,10.93109214357998,7.007830244176067,0.3073991967766803,0.0924880194351513
1-south street_2017,15.05097375840773,10.81659721396174,0.359546633681425,0.4181180542314799
1-spring street_2017,14.041747237561555,9.807405166364708,0.3567815774000695,0.2902038899952903
1-spring street_2024,13.45071050140124,9.807405166364708,0.329875980382525,0.713831771752778
1-spring street_2025,13.31770246303348,9.807405166364708,0.0,0.0137056470561119
1-spruce street_2017,12.636800083868485,8.40262481902918,0.2740271757418352,1.587458116826041
1-state street_2018,13.097673519044028,8.708710252003355,0.399461205206402,2.915568308529079
1-street james place_2017,12.64668105647401,8.412503618411227,0.3862548978909222,2.1441284893016515
1-street marks place_2017,13.11650628055322,8.882246792659227,0.2971145704239362,1.077014050226712
1-street nicholas avenue_2017,16.213035520072168,11.883889184776166,0.3438378741394583,0.0384511863742527
1-street nicholas avenue_2018,16.296195695027215,11.883889184776166,0.3544450874398194,0.1929317359059701
1-street nicholas avenue_2019,15.80248374196067,11.883889184776166,0.3690280480717697,0.4442370026087027
1-street nicholas avenue_2021,16.352316025595954,11.883889184776166,0.4069207889789246,0.0808423878441007
1-street nicholas avenue_2022,15.808031605639826,11.883889184776166,0.4339650720347289,0.2209010387614297
1-street nicholas avenue_2025,15.439230542715906,11.883889184776166,0.0,0.1210665279794435
1-street nicholas place_2019,12.926011990094407,9.007530726825236,0.4437696507896662,0.4774136074207484
1-street nicholas terrace_2022,12.381945813054278,8.487474306538054,0.3161829279728655,2.3150668704961017
1-suffolk street_2021,13.147776201111752,8.707997817133347,0.2305550426243705,1.9451384227797492
1-sullivan street_2018,13.388583151970703,8.999578717066541,0.2428080856736237,1.006496999760304
1-sullivan street_2021,13.439398410870876,8.999578717066541,0.2938700789678484,0.0204886664273156
1-sutton place_2022,12.057106430306868,8.191608012730871,0.5042927027243677,0.6210065027822629
1-sutton place south_2022,12.577419291757332,8.71181086523166,0.4518246830656534,0.6450592697528902
1-sutton square_2022,10.460136742279706,6.595705621311754,0.338151498140933,0.6455837636283357
1-taras shevchenko place_2022,10.351477308716612,6.487199709729354,0.2231435513142097,0.6361005251806696
1-terrace drive_2025,12.461886579193092,8.951661542360714,0.0,1.037941832467962
1-thayer street_2024,12.214855116307543,8.65369452310367,0.3052001448769382,0.6660328880683734
1-thompson street_2018,13.568172931161245,9.179148452430644,0.2329128350180277,0.7085775182153029
1-thompson street_2022,13.044817060937495,9.179148452430644,0.258241286501854,0.0133110140596723
1-tiemann place_2024,11.860579151696502,8.299490629433512,0.3869030902481048,1.3991859069111212
1-tudor city place_2021,13.03509056796122,8.59533166332919,0.3122076146215817,0.7769367062896286
1-union square east_2024,12.27236563232158,8.629180841263787,0.3805261597609122,0.7601046486848263
1-university place_2017,13.253381092271193,9.019104102073545,0.2719337154836417,0.2176887006312459
1-university place_2021,13.458926155258752,9.019104102073545,0.332918964488369,1.404207950404769
1-vandam street_2022,12.483131325728616,8.617538836069917,0.408045754701656,0.6417486174739451
1-varick street_2021,14.475282349237917,10.03538394819799,0.4413189216605575,0.2091257595460057
1-vermilyea avenue_2019,13.245611874044233,9.327097769228974,0.2805135829731684,0.5407532900076794
1-vesey street_2019,13.263517943443134,9.427591163777818,0.2203489523831938,1.487112073855809
1-wadsworth avenue_2018,14.515350038932231,10.103077169167722,0.3010801271463464,0.339752564742783
1-walker street_2018,13.286382344188771,8.897391029522609,0.2891535168188677,0.523603636125206
1-wall street_2021,13.046625928919513,8.606864927905583,0.3064699863174141,0.3313161094718422
1-warren street_2022,13.150342561573636,9.284663837288411,0.3654359874735086,0.6257779901890914
1-washington place_2019,12.666728602752356,8.830866091679873,0.2767595429761675,0.6170757436086499
1-washington place_2021,13.2706633603614,8.830866091679873,0.3227970914726835,0.3028415842096035
1-washington square east_2021,11.650917842814684,7.2117055950107165,0.390176415593074,2.998852400890234
1-washington square north_2021,12.622766832231676,8.183101202837689,0.394676526477582,3.129218040137662
1-washington square south_2021,12.552179098246734,8.1125336577958,0.4200837604194021,3.5413708335585543
1-washington square west_2021,11.650882937813163,7.211670715462116,0.3865661819401284,3.350237365064725
1-washington street_2021,14.87406690230776,10.434154259797216,0.4012855009118162,0.2858554051103734
1-water street_2017,14.475269509084733,10.240908355499776,0.3373446688348048,2.0543160228991
1-watts street_2022,13.002053072895729,9.136388877543936,0.3288804667130001,0.3375430916227059
1-watts street_2024,12.779642952654749,9.136388877543936,0.3574935742866968,0.3556444131242084
1-waverly place_2021,13.614435102339936,9.17459581747987,0.3139247217187351,0.3931225849097778
1-waverly place_2022,13.040263965042332,9.17459581747987,0.3087328796478933,0.5597300671195937
1-weehawken street_2022,10.46345867001217,6.599023112980928,0.3040184917714744,0.1177830356563834
1-west 10 street_2022,13.237262069144572,9.37157577811092,0.3446103480433809,0.8316039237069611
1-west 100 street_2018,13.632378003851988,9.24508615171873,0.2911409957541288,2.2872886973680537
1-west 100 street_2022,13.139664894751252,9.24508615171873,0.3522861325490101,0.0216636396360263
1-west 101 street_2018,13.031442646565312,8.644229371158787,0.2417070210788414,0.6281819017075861
1-west 101 street_2022,12.53873016746059,8.644229371158787,0.3016683144265208,0.034594644764499
1-west 102 street_2018,13.29515683247284,8.907903233349922,0.2476821083929406,0.4634195013687203
1-west 102 street_2022,12.80244403006294,8.907903233349922,0.3216902075945296,0.8036146335859163
1-west 103 street_2022,12.598150202938667,8.703639451989543,0.3230941106750368,0.0370067256290956
1-west 104 street_2018,13.30019176321881,8.912937492954448,0.2251843524524854,1.8390564556702136
1-west 104 street_2024,12.482057608916604,8.912937492954448,0.2391074023032238,0.0314017631395316
1-west 105 street_2018,13.646353839422916,9.259060663486588,0.2558654601163249,1.3090082671598169
1-west 105 street_2024,12.828219064817624,9.259060663486588,0.3197963135533665,0.0207825391825285
1-west 106 street_2018,14.308682567531,9.921343832244752,0.3186633240988483,1.450606294088301
1-west 106 street_2024,13.490547066568098,9.921343832244752,0.3151343004475552,0.0168571170664229
1-west 107 street_2019,13.129063241882047,9.25608253333268,0.2752324474940509,1.6571036351322967
1-west 108 street_2018,13.67613784075908,9.288841904628033,0.2433932750702987,1.5245551773687822
1-west 109 street_2018,13.644810136874137,9.25751710625145,0.2682846262165622,0.9070077782752384
1-west 109 street_2022,13.152097018325128,9.25751710625145,0.3334221857332121,0.4293769281544772
1-west 11 street_2019,13.394357152863442,9.558420716847346,0.2524399208026406,0.6090044124475172
1-west 111 street_2024,13.203813201047616,9.634625816680488,0.2726559505040386,1.0137077815776656
1-west 112 street_2018,13.958710593039626,9.5713921822602,0.2877610167040225,1.1087276224092026
1-west 112 street_2024,13.1405754161085,9.5713921822602,0.3224166104313541,1.807255450602153
1-west 113 street_2018,13.90699719476134,9.519682436932376,0.2316938152537866,0.8710841390360758
1-west 114 street_2022,13.37223538943413,9.47763701206622,0.3207035242062608,1.0694580712377584
1-west 114 street_2024,13.046813588153528,9.47763701206622,0.2831625911447453,1.4499731377830734
1-west 118 street_2025,13.151602860928008,9.55518174951682,0.0,0.8973117652763523
1-west 12 street_2017,14.101477880449067,9.867132664026531,0.2717469566820904,0.8729656071357814
1-west 122 street_2019,13.657223352736292,9.784204261982945,0.2575240647484696,0.5041634808924402
1-west 123 street_2018,14.251663850725931,9.864327961464763,0.2513729061032086,0.7017104112204332
1-west 125 street_2021,15.1128307719843,10.644420670036554,0.4348784605414595,1.3673153945220875
1-west 126 street_2018,14.178371465317174,9.7910394809904,0.2899820570372226,1.3531511425266365
1-west 126 street_2022,13.685658034471889,9.7910394809904,0.3238061078571265,0.7839015438284094
1-west 127 street_2018,13.855596887156198,9.468285952246024,0.2678942775814854,1.3089272375434478
1-west 127 street_2022,13.362883625064985,9.468285952246024,0.312739819885289,0.2983994357929765
1-west 129 street_2018,14.0690648907856,9.681739288634851,0.2576420539658009,1.1771153501560534
1-west 129 street_2021,14.144477438195215,9.681739288634851,0.285728259943252,0.0686861577884469
1-west 13 street_2018,14.068536124707146,9.679471532979386,0.2948203912339006,0.5033779586308332
1-west 130 street_2018,13.997609959497854,9.585364528329755,0.2479559684521628,0.768857439794421
1-west 131 street_2021,14.000636396192672,9.53227438000603,0.3332053274758645,1.70616526938653
1-west 133 street_2019,13.45821322256641,9.539682414595095,0.3035158749880935,2.37009419757645
1-west 135 street_2018,14.78044806705598,10.368165776126505,0.3597034916564541,1.664399470508075
1-west 135 street_2024,13.929465384235767,10.368165776126505,0.3796042392644393,0.8508771613258297
1-west 136 street_2024,13.318637741930678,9.75736383383144,0.282653777759245,0.6470508846669718
1-west 137 street_2019,13.415538594099392,9.497010860252674,0.2473249996006004,0.958928676558389
1-west 138 street_2018,14.051807573321277,9.639558560402202,0.2640445710519711,0.0776089793269828
1-west 138 street_2019,13.558096070866371,9.639558560402202,0.2641940911445672,1.4493630525868737
1-west 139 street_2024,13.501491240095492,9.940207936454556,0.2998098245779017,1.1985179536429722
1-west 14 street_2018,14.822304445857538,10.433207147615136,0.3875041728158744,0.5573847295459448
1-west 140 street_2019,13.426852493769678,9.508323932089814,0.2197090888655749,1.1795776474912143
1-west 141 street_2017,14.193504053223904,9.864402217234408,0.261590480237294,0.224262924582126
1-west 141 street_2019,13.782952576804492,9.864402217234408,0.2717825324763238,0.881947703451609
1-west 141 street_2021,14.332784481480164,9.864402217234408,0.3503914573549815,0.3763795272130678
1-west 142 street_2024,13.279984850763968,9.718713158409257,0.3338297617285253,0.4588794847428005
1-west 144 street_2017,13.681116874535588,9.352049376768006,0.2030445838173134,0.5572701820085916
1-west 144 street_2021,13.820397243165427,9.352049376768006,0.2818828705861959,2.1234584270966104
1-west 145 street_2019,14.491914585126557,10.573338345470216,0.3736595156451319,1.4048462065144176
1-west 145 street_2024,14.13464361584217,10.573338345470216,0.4449649949092666,0.1582849789657133
1-west 145 street_2025,14.128661548525296,10.573338345470216,0.0,0.086452887730199
1-west 146 street_2019,13.492726635594806,9.574193435584558,0.2829087936991232,1.029226482849717
1-west 147 street_2019,13.301114669735552,9.382595856269996,0.2956856723123027,1.220770922601817
1-west 148 street_2019,13.26428122602806,9.34576550812133,0.2233551691332197,1.3251633611156592
1-west 149 street_2019,13.218355244254576,9.299843549238592,0.2539729283729451,0.6687007876550191
1-west 149 street_2021,13.7681868173984,9.299843549238592,0.3188285437166257,0.4960976983613782
1-west 15 street_2019,14.065698570848063,10.229728355409891,0.2760070408712776,0.3543823178788483
1-west 15 street_2024,13.873052156084348,10.229728355409891,0.3462762367178337,0.6901426715396466
1-west 150 street_2019,13.43074331946549,9.512214475252875,0.2978975732362328,0.7823020918708383
1-west 151 street_2017,13.7032046894862,9.374135320774757,0.2478807986489112,0.8268035653726189
1-west 152 street_2019,13.258704249926124,9.340189010737731,0.2245711033053951,1.4243605619263469
1-west 153 street_2019,13.40772756338862,9.489200406561071,0.2185069686180837,0.755887210381131
1-west 153 street_2025,13.044474962614164,9.489200406561071,0.0,0.1653449325868378
1-west 154 street_2019,12.48811216912534,8.569696865286248,0.2708749541353997,0.2777832402725333
1-west 155 street_2021,14.710076759041415,10.24167834143896,0.3959088468330333,0.6472602977874691
1-west 155 street_2022,14.165792577557438,10.24167834143896,0.4249168528548624,0.5296866314069093
1-west 156 street_2018,12.797280538084305,8.385192690335877,0.2961548488229343,2.223758312448074
1-west 158 street_2017,13.631445824339616,9.302382687993394,0.2943822650216005,0.932715110288297
1-west 158 street_2018,13.714605910628968,9.302382687993394,0.3200473569538126,0.5285673052421478
1-west 16 street_2024,13.41997313055298,9.776669468692829,0.3349316416469623,0.5448791638908426
1-west 160 street_2022,13.067329428265728,9.143285071063827,0.3353783440782228,0.8344731166503803
1-west 161 street_2022,12.800378207588478,8.876365923128208,0.3445788241542014,0.9416855368940972
1-west 162 street_2019,13.04138787744768,9.122893532348884,0.2455571461511098,1.1613679714934988
1-west 163 street_2017,13.46636162299873,9.137314641678875,0.2760955999269416,1.1718937288621898
1-west 164 street_2017,12.89419678605749,8.565231765972731,0.2555537954649642,1.7266696850618262
1-west 165 street_2017,13.703078936442742,9.37400957826665,0.38839947257125,1.5295718558235127
1-west 166 street_2018,13.053030282388434,8.640891556407395,0.2761952987166235,0.6942465760032462
1-west 167 street_2018,12.932580511997658,8.520464133494423,0.3092890564689711,1.0540332452701422
1-west 168 street_2018,13.464524670307508,9.052327047599322,0.3177517303877048,0.8235612192818783
1-west 169 street_2022,12.752361015055078,8.828355464081003,0.3146409749639786,0.5671870534317407
1-west 17 street_2017,14.026260477340475,9.791919252761367,0.2741454867342476,0.603824042599743
1-west 17 street_2024,13.435223751210929,9.791919252761367,0.3877809249789457,0.1817380532555383
1-west 170 street_2024,12.663774139961694,9.102552230486443,0.2605943525010326,0.4000504754066655
1-west 172 street_2022,12.8581731826572,8.9341532108174,0.3124314049309966,0.6362063900971352
1-west 173 street_2024,12.770257241224002,9.209024400631376,0.3081606037953215,0.7202758479481979
1-west 174 street_2022,12.716255212110743,8.7922549415334,0.3191739633186267,0.731598366934198
1-west 175 street_2024,12.908731852172808,9.34748643075853,0.2676552821019066,0.5220622556919784
1-west 176 street_2022,12.939771971312542,9.015741875128846,0.3305219632041135,0.3503751417902043
1-west 177 street_2022,12.965939849266077,9.041906677373513,0.4094532462670973,1.1666446990599366
1-west 178 street_2022,13.465540508853566,9.541461718982346,0.4711157702315425,0.611503191519435
1-west 18 street_2024,13.520546027750042,9.877237077078414,0.3423049469407145,0.1530643757268367
1-west 180 street_2022,13.060240125838227,9.136196514394998,0.3202039352528034,0.6397991450580209
1-west 181 street_2019,13.601368558802578,9.682828346079678,0.4361020775700542,1.2306634195789805
1-west 186 street_2024,12.640177555449302,9.078958229908176,0.2064533168738309,0.3318185679398658
1-west 187 street_2024,13.208501968845455,9.647234606805233,0.3165710823039179,0.5735186931044141
1-west 188 street_2024,12.098660354703483,8.537520649311146,0.1880522315029396,0.6248148051831204
1-west 19 street_2022,13.776334759899855,9.910613745224612,0.3277437780256272,1.197944671587594
1-west 196 street_2019,11.043889278443338,7.126076163725088,0.2307337205808854,2.1520528586894985
1-west 20 street_2018,14.37404443078782,9.984963575753998,0.2894095843834519,1.16427517746739
1-west 20 street_2022,13.850688073296585,9.984963575753998,0.3526501888001143,0.1512607938405836
1-west 204 street_2019,13.32402761671297,9.40550693433068,0.3196074664642807,0.7586071520317311
1-west 207 street_2019,13.554755005636702,9.636217708716698,0.4172015217333229,0.1974564443782247
1-west 21 street_2017,14.20280835169454,9.968458210981211,0.2600632639555948,0.1613532503577582
1-west 21 street_2019,13.804417885294722,9.968458210981211,0.2895935097970489,0.6598488951584306
1-west 21 street_2024,13.611771519926611,9.968458210981211,0.2889128418379135,0.1464352782295457
1-west 218 street_2018,13.713378242854926,9.301155130900852,0.3584110247304938,0.6226710667556208
1-west 22 street_2017,14.216983272274378,9.982632481638444,0.2432451641972403,0.3019547317384995
1-west 24 street_2022,13.985418731907046,10.119688546733425,0.3804963002420883,0.9616464335949524
1-west 26 street_2017,14.29098586508652,10.0566318270434,0.2681794001645992,2.298406374297628
1-west 26 street_2018,14.445715830098663,10.0566318270434,0.3206847690286676,0.1331313126031829
1-west 26 street_2019,13.89259537064292,10.0566318270434,0.2794338635952851,0.1873090983049937
1-west 27 street_2018,14.297440393948298,9.908363162619342,0.2711733101957326,0.6068264740934182
1-west 27 street_2022,13.774084067776377,9.908363162619342,0.3307415619122278,0.2188945370247948
1-west 28 street_2022,13.925709093438336,10.059981334626794,0.3346200412407987,0.2742928353327648
1-west 29 street_2022,14.072778210026785,10.20704472601988,0.3177769693974164,0.265206375686596
1-west 3 street_2021,13.314972856407048,8.875169327904294,0.3743937470008739,1.1996936618410472
1-west 30 street_2017,14.552365727933786,10.318001965243267,0.2938178938359368,0.3524861833172777
1-west 30 street_2018,14.707095713441598,10.318001965243267,0.3117258486311183,0.0917584252395406
1-west 32 street_2019,12.665287828375789,8.829425523479205,0.2930249168622764,0.2577381960787088
1-west 33 street_2019,14.038173299079142,10.202204068860608,0.253534185019219,0.4297023324722099
1-west 35 street_2017,14.507555935623063,10.273193664866572,0.2387314676049451,1.2846491573576897
1-west 36 street_2021,14.506121375250792,10.06622165911928,0.3271247564085305,1.3936671154493037
1-west 37 street_2017,14.208143732590592,9.973793346167334,0.2221173839588976,0.4627901747274338
1-west 37 street_2018,14.362873689906529,9.973793346167334,0.2424629008091911,0.3207057388989621
1-west 37 street_2021,14.413688996076804,9.973793346167334,0.3044374652924917,0.8734249836446637
1-west 37 street_2022,13.83951733683435,9.973793346167334,0.2859587637209601,0.3658923329883412
1-west 38 street_2018,14.436995751912228,10.047912119923254,0.2780437729117788,0.5692265986404673
1-west 39 street_2017,14.346335454618528,10.11197914004588,0.2361307468410209,0.4686276830658045
1-west 39 street_2018,14.501065424428702,10.11197914004588,0.2487020112904693,0.5447631747936875
1-west 4 street_2018,13.752753624593856,9.363711972805527,0.2615152382495032,0.2726191947747352
1-west 4 street_2021,13.80356890667025,9.363711972805527,0.3075261906955309,1.021839229862196
1-west 40 street_2018,14.48113154494056,10.092046067656502,0.2796283715067161,1.188331108335979
1-west 40 street_2021,14.53194685430748,10.092046067656502,0.3466159488020463,0.450629660062538
1-west 41 street_2017,14.19953399807376,9.965184008804425,0.2588387005034521,0.7187661931775648
1-west 41 street_2021,14.405079260475096,9.965184008804425,0.3490624950751109,0.2401186555201713
1-west 42 street_2022,14.464366970596428,10.598621777726956,0.4112194074919421,0.6575718150460252
1-west 43 street_2017,14.261642656005352,10.02728987693598,0.2705900538485723,1.2212723014039972
1-west 43 street_2021,14.467187926027377,10.02728987693598,0.3660788640140134,0.4898062565419153
1-west 44 street_2017,14.23504580504146,10.000694199472402,0.2368473359078726,0.922431836630918
1-west 44 street_2018,14.389775764926886,10.000694199472402,0.2525009387107992,0.8724642283336013
1-west 45 street_2022,13.978142120210045,10.112412223035829,0.3438271151686091,0.5379542911542433
1-west 46 street_2022,14.005745757719431,10.14001477904216,0.3096186842480553,0.5154548921496529
1-west 47 street_2019,13.909687136919915,10.073722881997588,0.2977081733177399,0.8479262343474989
1-west 48 street_2022,13.820512753883127,9.954789638672189,0.3420954941755751,0.5817127001136401
1-west 49 street_2017,14.228249657756042,9.993898357085058,0.2542874916361342,0.7411751495705269
1-west 50 street_2021,14.371475815721473,9.931582151583536,0.3386985020317893,0.3792580159389904
1-west 51 street_2017,14.225290369682485,9.990939202424068,0.2715228000703998,0.8026740050871876
1-west 52 street_2018,14.583436354808338,10.194346900784604,0.2726100414985487,0.4868607463121584
1-west 53 street_2017,14.33364230322406,10.099286499642677,0.2686916152561596,0.9395383985938456
1-west 53 street_2019,13.935251796076312,10.099286499642677,0.2962391063847606,0.6724851841118494
1-west 54 street_2019,14.10742473191271,10.271453073726684,0.2884853211896903,0.6426430483861773
1-west 55 street_2018,14.485855470439809,10.096769800432648,0.3926894906342603,0.6316972182437227
1-west 56 street_2018,14.479512937122662,10.090427526083012,0.3705828887285931,0.7067541839661623
1-west 56 street_2022,13.95615654025448,10.090427526083012,0.4527136653500815,0.6675216329209726
1-west 57 street_2018,15.237772619668773,10.848665437422392,0.4616780020369349,1.2811838142172718
1-west 57 street_2024,14.492005453919884,10.848665437422392,0.4920293864412229,0.863143087663263
1-west 58 street_2017,14.29587993835689,10.061525693904034,0.3307871729866046,0.9502669474290862
1-west 58 street_2022,13.927253517317151,10.061525693904034,0.4553620792527875,0.4609628845935865
1-west 59 street_2017,13.73757641965461,9.503253632401393,0.2485267166397862,2.560315561067623
1-west 59 street_2024,13.146539911973498,9.503253632401393,0.3686716602263638,0.7723279784343866
1-west 61 street_2017,13.12997923039692,8.895717911488925,0.2595952255679037,1.254104924811936
1-west 62 street_2018,13.694615211548143,9.30557863101407,0.318096159536557,0.4345059768925783
1-west 63 street_2017,12.98478987371086,8.75054964785992,0.2921654710357568,1.6173465565021412
1-west 64 street_2017,12.68139616826042,8.447211262934108,0.2398656987004023,2.0863302598832574
1-west 65 street_2021,13.54370371749815,9.103871939011732,0.3539000130394388,1.3834904337871563
1-west 66 street_2021,14.065186019234064,9.625309571802308,0.3422043091486227,0.9716497499944328
1-west 68 street_2021,13.151066646622544,8.71128772616673,0.3136101393956672,1.242106388306839
1-west 69 street_2021,13.61243770023293,9.172598620144244,0.3003585865082426,0.945461109173935
1-west 70 street_2018,13.964339391999989,9.57528158465006,0.3024151115275291,1.0803464798612172
1-west 71 street_2018,13.747733327893975,9.35869210247644,0.2985439210449934,1.2837077723447896
1-west 72 street_2018,14.2415648422225,9.852490434729578,0.4359319179031565,1.5799061098280625
1-west 73 street_2021,13.773588191406636,9.333733837459404,0.3534505731556308,1.0617062279721297
1-west 73 street_2024,12.977006693691033,9.333733837459404,0.3186626956997986,0.0175451792157488
1-west 74 street_2021,13.700889171502473,9.26104140423247,0.3304952261553473,1.200446594549378
1-west 74 street_2024,12.904307769560434,9.26104140423247,0.2846602700228645,0.0195084663880429
1-west 75 street_2021,13.71767702948206,9.277827698407611,0.3196011781750114,1.0305118759641778
1-west 75 street_2024,12.921095604801469,9.277827698407611,0.2919831543511715,0.0188217542405877
1-west 76 street_2024,12.93594948695826,9.29268023843284,0.3265711656385013,0.01911611719223
1-west 77 street_2018,14.217799759475826,9.828726601676566,0.2949799395256637,1.4301676955638605
1-west 77 street_2024,13.472033067554102,9.828726601676566,0.3552946814697739,0.0114343776256631
1-west 78 street_2024,12.580121728429642,8.936890807642097,0.3369647261657646,0.0307231726428405
1-west 79 street_2024,13.505089079594017,9.861780907569118,0.2106520634201805,0.0220549907808313
1-west 82 street_2021,13.69444853935514,9.25460137903782,0.3124025911103287,1.0541726472359358
1-west 84 street_2017,13.47387083667808,9.23957023579008,0.2331844753587143,1.3512628609479616
1-west 85 street_2018,13.74130135287914,9.352260676862446,0.2707857440902894,0.8019567414172204
1-west 88 street_2018,13.740886862145636,9.351846221654885,0.2563000301704235,0.637211548229642
1-west 88 street_2019,13.187766805262322,9.351846221654885,0.2417004606043879,1.3395433664304373
1-west 9 street_2021,9.498569439122836,5.064887414061188,0.3737015783895689,6.355169720967915
1-west 91 street_2019,12.683854739827096,8.81092648991876,0.2694362683914698,2.9832091859986867
1-west 91 street_2022,12.70545378537443,8.81092648991876,0.3338657606629607,0.0322735605502957
1-west 92 street_2022,13.09010406434429,9.195530128875038,0.330724691535765,0.0227394869694894
1-west 93 street_2019,12.901418771826629,9.028461976051943,0.2686023980478854,1.8984141470965947
1-west 93 street_2022,12.92301783032862,9.028461976051943,0.3325811811282463,0.0252778071842685
1-west 94 street_2022,12.685625201845069,8.820000244867883,0.3433418597519891,1.824162120335556
1-west 95 street_2022,13.093568762633284,9.198994483276598,0.3638583834717052,0.0206845911928326
1-west 96 street_2017,14.268658273551576,9.980026923139755,0.3927484272014704,0.8658812573290737
1-west 96 street_2022,13.87465491590912,9.980026923139755,0.4749670193759182,0.0183309566847234
1-west 97 street_2022,13.480292518448126,9.585686460614893,0.3640189587772586,1.1584836857055
1-west 98 street_2022,12.277709031500551,8.383259699553031,0.3131543016520359,0.9856302099527678
1-west 99 street_2022,12.568323387490071,8.673817559509644,0.3143148819530003,1.026005752897017
1-west broadway_2021,14.71295302833744,10.273045466691272,0.3584868658024387,0.8327351947669989
1-west drive_2017,15.18057808937796,10.94619914137778,0.2125614419836728,2.963761615124216
1-west drive_2019,14.782187415693825,10.94619914137778,0.2323527171568635,0.3479772282355365
1-west end avenue_2017,15.605428954475371,11.316763923127803,0.4186742699802399,0.6340339160674388
1-west end avenue_2022,15.211425370518857,11.316763923127803,0.5190676015616174,0.4007205370774074
1-west end avenue_2024,14.88600306531746,11.316763923127803,0.4788601126088027,0.2684992530350069
1-west houston street_2017,14.440650726144634,10.206290811191604,0.3251856258552674,0.0200967016991224
1-west houston street_2019,14.042260189413104,10.206290811191604,0.3477436578705996,1.066984013209933
1-west houston street_2024,13.84961377857256,10.206290811191604,0.4120745174958383,0.5644611729319
1-white street_2018,13.039522565248353,8.650569063256475,0.2413907359726641,0.8307328435125084
1-york avenue_2018,15.369438906005644,10.982068457707689,0.3718087806912954,0.0879192980378835
1-york avenue_2024,14.551302899458015,10.982068457707689,0.409630648859314,0.1627139104877461
1-york avenue_2025,14.57854192474542,10.982068457707689,0.0,0.4419256051109387
2-3 avenue_2017,16.281273594240428,11.952126809760276,0.3159644598270756,0.9101116807974396
2-3 avenue_2018,16.364433769674154,11.952126809760276,0.3417207204607401,0.5323326800504219
2-3 avenue_2019,15.870721813083664,11.952126809760276,0.3450859412639944,0.4957932009320288
2-3 avenue_2024,15.513450680456804,11.952126809760276,0.3716284121825084,0.0443995872966844
2-3 avenue bridge_2024,11.599650559574114,8.030715791776432,0.3077382173054092,0.4225843999155529
2-adams place_2021,12.171015265900447,7.703027985117379,0.289649314244329,0.5780168733063139
2-adee avenue_2021,15.112640241070256,10.644230143611884,0.3453484873186563,0.9066443548223496
2-adee avenue_2024,14.205537115546512,10.644230143611884,0.330182907713649,0.0095542128048116
2-adler place_2022,12.222830595961105,8.298925308816013,0.2830064356461813,0.0933081771336517
2-agar place_2018,12.541516871133291,8.12949472925894,0.2891669834116179,0.4867378282369007
2-albany crescent_2018,13.025182082535755,8.61304828678044,0.3719303270215936,1.246601166381559
2-albany crescent_2022,12.53701932758402,8.61304828678044,0.4175486696743063,0.0610010215573989
2-alcott place_2022,12.212581691885452,8.288678916972271,0.2844056829072343,1.1130738806091136
2-aldrich street_2022,11.764732117387556,7.840968523486553,0.355395055463358,0.1417599450378317
2-allerton avenue_2018,15.44705121019865,11.034753818645502,0.3120284019505866,0.3125454021764702
2-allerton avenue_2021,15.503171534658192,11.034753818645502,0.3585841892328332,0.0053854722763378
2-amethyst street_2024,11.842002802666013,8.28091881004099,0.2327524104208465,0.0704584636485614
2-amundson avenue_2024,12.624213974801751,9.062996432241034,0.2516974966632958,0.7494329915705371
2-anderson avenue_2024,12.813660912396294,9.252423939473324,0.2868196316911223,0.0132123314721348
2-anthony avenue_2018,14.045037561731824,9.632788985684762,0.2903949546065941,0.1921893759923046
2-anthony avenue_2024,13.194055434346929,9.632788985684762,0.2701148757522698,0.0149871298082483
2-antin place_2022,12.021023058575222,8.09717230194907,0.3605434207166527,0.2526246806363784
2-archer street_2022,12.283250956596577,8.359331371040241,0.2936501435273023,0.0295588022415444
2-arlington avenue_2021,14.372420794049562,9.90403653246529,0.2928613562617584,0.711330850993574
2-arnow avenue_2018,15.113546990136015,10.701255906684622,0.2887482384375475,0.3251223554256259
2-arnow avenue_2021,15.169667310369324,10.701255906684622,0.3327574454336151,0.0037927982386962
2-arnow avenue_2022,14.625383019930664,10.701255906684622,0.349824258762046,0.1800690217406608
2-arnow avenue_2024,14.262564162466562,10.701255906684622,0.3384281349071298,0.0087615056685727
2-arnow place_2022,11.747102321810829,7.823345584736956,0.2881284014036224,0.1388919988666186
2-arnow place_2024,11.38428673035837,7.823345584736956,0.2490129312926268,0.6916961282926306
2-arthur avenue_2022,14.107648319706474,10.18353617587818,0.3422147950724616,0.3895389575579052
2-asch loop_2022,13.772077491195883,9.847980116819938,0.3266265728744089,1.0271878919897433
2-astor avenue_2021,15.235633562977975,10.767220738365443,0.3767869905810404,1.0216592474999815
2-astor avenue_2024,14.328530390731098,10.767220738365443,0.3814649357015464,0.0055843782939006
2-austin place_2018,13.276427071389817,8.889175998761807,0.2207292918159137,0.4027948795522855
2-bainbridge avenue_2018,15.098910121957998,10.686619366477274,0.3487701292565824,0.3818552424690306
2-bainbridge avenue_2019,14.605198292360416,10.686619366477274,0.3341705219319023,0.7788201622980951
2-bainbridge avenue_2022,14.610746154286453,10.686619366477274,0.3839741070872093,0.0358496528936972
2-balcom avenue_2024,14.102401102735053,10.541096647055085,0.362305613647384,0.0228372339027572
2-banyer place_2024,10.539857020545671,6.979431692061203,0.1307257363112212,0.601360784929237
2-barkley avenue_2021,14.1862536625072,9.71787950919663,0.3119717029694009,0.3194713949411882
2-barnes avenue_2017,15.568950855448428,11.239810677801524,0.2427953956696857,0.608351528855229
2-barnes avenue_2021,15.708231350280428,11.239810677801524,0.3145930908599186,0.029267497680568
2-barnes avenue_2022,15.163946982076403,11.239810677801524,0.306721127209652,0.004489905272852
2-barnes avenue_2024,14.8011280435802,11.239810677801524,0.2982704943955503,0.0872780081070606
2-barretto street_2017,14.072523129695693,9.783901677743684,0.2200728879952431,0.6514393771601551
2-barretto street_2018,14.171233266237817,9.783901677743684,0.2151685731312166,0.1839036379766061
2-barretto street_2021,14.246645819122303,9.783901677743684,0.2946355804086492,0.6064993738342731
2-barretto street_2024,13.353097879214838,9.783901677743684,0.2582110896298604,0.0151841353250399
2-bartholdi street_2022,12.512630549992236,8.588663906926573,0.2806574575148164,0.0401817896328318
2-bassford avenue_2019,12.302657408252957,8.38428000405203,0.2841042511038969,1.105157488704113
2-bathgate avenue_2018,14.761518522380609,10.349236824541556,0.2701147868620021,0.2807329833635741
2-bathgate avenue_2021,14.817638836325798,10.349236824541556,0.3295990337794823,0.020390689647734
2-bathgate avenue_2024,13.910535849331096,10.349236824541556,0.3230598067608249,0.4415398522451549
2-bay street_2024,11.915353347508482,8.35425194858942,0.2570451029898911,0.7026023393307004
2-bay view avenue_2024,12.097206352408612,8.53606692407367,0.2936984206379266,0.02557027611153
2-baychester avenue_2017,15.895904685276465,11.566760891253974,0.3242487880710328,2.2149444271346117
2-beach avenue_2022,14.245449981895607,10.32133306985998,0.3090854553178853,0.2922217524938127
2-beach street_2024,10.995710158407324,7.434953682182788,0.1659039982799288,0.7028004375880836
2-beaumont avenue_2017,12.943696686125456,8.614722581405612,0.2207878376217506,1.647946833862207
2-beck street_2024,12.613664808522998,9.052448459918285,0.3503330374134482,1.178993400614922
2-bedford park boulevard_2019,13.90707585972184,9.98851955163064,0.3098204052370557,1.055565599125743
2-beech terrace_2022,10.79222343697052,6.898539279148603,0.2541861180235987,1.0658824640451907
2-beekman avenue_2022,11.723998026739062,7.829714380645349,0.3403861359423493,0.4697535979905262
2-bell avenue_2024,11.682946937427117,8.121905374156349,0.3013809168099428,0.7739434503880349
2-bellamy loop_2022,12.91483384273709,8.990806753568775,0.2068353191159179,0.5662224869862785
2-belmont avenue_2018,14.34998838144966,9.9377227865709,0.2493101285857267,0.5431379132332371
2-belmont avenue_2021,14.406108684606142,9.9377227865709,0.3029857338524548,0.8116410746077345
2-benchley place_2022,11.58760555648239,7.663916666110609,0.2725094079911829,1.565026149063288
2-benedict avenue_2022,12.625955959947822,8.701969760921099,0.314381278807021,0.8657129709051838
2-bergen avenue_2017,13.146583887675035,8.817576908236468,0.2651256569589801,0.7948008342864451
2-bergen avenue_2022,12.741580902554158,8.817576908236468,0.2924326752103787,0.4448140181720757
2-blackrock avenue_2022,13.38619478554478,9.462121808596976,0.3280333679753483,0.5775679647077872
2-boller avenue_2022,13.227299050222957,9.303239196952427,0.3081144432026114,0.5011388581764468
2-boller avenue_2024,12.864480785774504,9.303239196952427,0.3083717301552317,0.0286846338599089
2-bolton avenue_2024,13.723334932470966,10.154121785361726,0.2566239616907628,0.009058844488346
2-bonner place_2018,10.929141709990317,6.518287739676888,0.2561370885303269,0.8542451009022732
2-boston road_2018,16.746845598514977,12.334536615146332,0.3694994425714656,0.0815799869924228
2-boston road_2019,16.25313362606697,12.334536615146332,0.3877262837707828,0.3736303845881458
2-boston road_2021,16.802965930740605,12.334536615146332,0.4161869524161344,0.2572744100303553
2-boston road_2022,16.25868149002132,12.334536615146332,0.4410236415649084,0.2095313238943477
2-boston road_2024,15.895862475963646,12.334536615146332,0.4126024584900816,0.0604363688038306
2-bouck avenue_2021,14.532250331522029,10.06385877304828,0.3004142927072101,0.3081462455841348
2-bouck avenue_2022,13.987966207587474,10.06385877304828,0.3010277361024032,0.0070749136719618
2-bouck avenue_2024,13.625147523621887,10.06385877304828,0.29022755559609,0.0074720148387009
2-bowne street_2024,11.605786368473709,8.044767949377395,0.2067337824485203,0.5516412182657657
2-boynton avenue_2017,14.234059957056433,9.904956081862576,0.2572517420805181,0.1168937514714993
2-boynton avenue_2024,13.466237705192798,9.904956081862576,0.3244366931098687,1.1813590294543497
2-bradford avenue_2019,12.453565517022753,8.535156751109323,0.3018667074437373,0.3052026861697701
2-bradford avenue_2024,12.096296005774294,8.535156751109323,0.3446488970584583,0.4926209191111443
2-brady avenue_2022,12.98804639482691,9.064010686564297,0.3369389810870959,0.7566852013639329
2-briggs avenue_2017,14.00293334859427,9.673842284093952,0.2604631232104666,0.5460383155217332
2-brinsmade avenue_2022,13.278851533566218,9.354787191895012,0.3064443489073039,0.0415257468284983
2-britton street_2024,11.596103984202514,8.035088597423034,0.4077613203685146,0.0960371881969421
2-broadway_2017,15.714155882743697,11.385013952494438,0.4458968806998346,0.1077775921734311
2-broadway_2018,15.79731605300444,11.385013952494438,0.4590153553879498,1.2624020769493287
2-broadway_2022,15.309151997684976,11.385013952494438,0.5271218234866681,0.4285955254970188
2-bronx boulevard_2018,15.43158836036637,11.019291217137914,0.2466997236034124,0.0833296075870042
2-bronx boulevard_2019,14.937876480708251,11.019291217137914,0.2580969305776371,0.124427578375052
2-bronx boulevard_2024,14.580605432868028,11.019291217137914,0.2454631387162786,0.183737220935117
2-bronx park avenue_2019,12.31363628092029,8.395256432084096,0.3048802707490016,1.2499303890989668
2-bronx park avenue_2024,11.956367021450056,8.395256432084096,0.3371757188872985,0.5732368838873878
2-bronx park east_2022,14.695121880001052,10.770993279942967,0.390751159846908,0.060153922819747
2-bronx park east_2024,14.332303009428522,10.770993279942967,0.4127408071395405,0.7779018464247536
2-bronx river avenue_2017,15.091492032519463,10.762359790498984,0.2659871443034605,1.275586239135469
2-bronx river avenue_2018,15.17465219245573,10.762359790498984,0.2794827891413775,0.0972174507153592
2-bronx river parkway exit 6 sb_2019,10.48798817989672,6.570760702920984,0.3001045924503381,2.5889588099218885
2-bronx river parkway sb en boston road_2019,10.286115753913611,6.369195336498315,0.1818254019834787,3.276737102752447
2-bronxdale avenue_2022,14.219041830209326,10.294925781787924,0.4372604906738211,1.283763172472224
2-bronxwood avenue_2022,15.258673850252428,11.33453638182136,0.3582538799046056,0.3100549233035061
2-brook avenue_2019,14.660648119488506,10.787594089068026,0.3173275560958847,0.1603315389023394
2-brook avenue_2022,14.682247222114654,10.787594089068026,0.3569439271404733,0.1327811112338184
2-brook avenue_2024,14.35682498334192,10.787594089068026,0.3865031702267779,0.4095899226851143
2-broun place_2022,11.75111966118384,7.827361350982652,0.3133668189198637,1.076093977237507
2-brown place_2019,12.34630873904552,8.473439104895768,0.3408842580324083,0.4373512969704861
2-brown place_2024,12.042486993288328,8.473439104895768,0.3448117502466695,0.0200967016991224
2-bruckner boulevard_2017,16.890714596594908,12.561564909495855,0.3422460687983572,0.7788201622980951
2-bruckner boulevard_2018,16.97387477512184,12.561564909495855,0.3715135011481988,0.3218660842318507
2-bruckner boulevard_2021,17.029995107938547,12.561564909495855,0.407908679939491,0.0156764793850075
2-bruckner boulevard_2022,16.48571065981225,12.561564909495855,0.4164925517648963,0.0231304173888543
2-bruckner boulevard_2024,16.122891638036403,12.561564909495855,0.4046016401889191,0.0010993954433009
2-bruckner boulevard_2025,16.116909566955986,12.561564909495855,0.0,0.0016985566355814
2-bruner avenue_2024,13.92179635936964,10.360496986254136,0.2839188427414487,0.1357539209776198
2-bryant avenue_2019,14.656499370913354,10.783445424574213,0.2299908035845708,0.3074846997479606
2-bryant avenue_2022,14.678098473501349,10.783445424574213,0.2620965537273452,0.2017156039005893
2-buchanan place_2022,11.96924897231524,8.04541407103587,0.268605925390967,0.3225181872872381
2-buchanan place_2024,11.606432691503706,8.04541407103587,0.2658947182668736,0.0315955615897505
2-buck street_2021,11.09866004838944,6.631530267218359,0.2367492033699884,1.7879187698421173
2-buhre avenue_2022,13.205041133866292,9.280983291140412,0.3846953466217785,0.0644760191843648
2-burke avenue_2022,14.743889978250428,10.819760398388462,0.3393298350096557,0.0079681696491768
2-bush street_2018,12.065556084511696,7.653711395997637,0.2341466246585407,1.3065203673395418
2-bussing avenue_2021,14.31709583906734,9.848714387526474,0.326639315704974,0.3843776557776797
2-buttrick avenue_2021,13.242204695776168,8.773923986494509,0.3256506848780345,0.5095848543298577
2-buttrick avenue_2024,12.335103787147183,8.773923986494509,0.3364722366212129,0.061471322088101
2-bx state hospital entrance_2024,12.882205763072454,9.32096261869892,0.0,0.0189198848525108
2-byron avenue_2018,13.639080487655718,9.226864333444064,0.2312227149143303,0.262364264467491
2-caesar place_2022,12.112402250910025,8.188525436530782,0.3005402273951496,0.6710549340851293
2-calhoun avenue_2021,14.50301427287134,10.03462396349456,0.3117965500893552,1.2989101873774582
2-calhoun avenue_2022,13.958730159416994,10.03462396349456,0.3252199917708461,0.0176434351725952
2-calhoun avenue_2025,13.58992942216778,10.03462396349456,0.0,0.3850582983305017
2-cambreleng avenue_2018,13.59994123844112,9.187728962723773,0.2733061831029802,1.3962694441419687
2-cambridge avenue_2018,13.070701827673831,8.658560043583028,0.2461395169713797,2.542247454401148
2-cannon place_2021,12.847650776265915,8.379444045413308,0.3165839892213806,2.1556036526451186
2-caroll street_2024,11.901656861485517,8.34055861660902,0.262364264467491,0.4940862997616926
2-carpenter avenue_2018,14.659405240624377,10.247126943172832,0.2845300251604296,0.600922236517428
2-carver loop_2022,12.680401012889687,8.756406177979239,0.2486034811784022,2.4957641597887825
2-casanova street_2021,13.7159615753281,9.253256429727848,0.4047342474872887,0.816381994894574
2-castle hill avenue_2018,15.656921856590452,11.24462144825031,0.4201627296997081,1.0388622842623356
2-castle hill avenue_2024,14.805938875302845,11.24462144825031,0.4860617442683774,0.0127187724077746
2-cauldwell avenue_2024,13.118893953367545,9.557632475633998,0.3608043372807435,1.4539530095937054
2-cedar avenue_2021,13.908391142467982,9.440036049452512,0.3740621227456636,3.194312603906372
2-centre street_2024,11.901032926443651,8.339934826278743,0.0585941642660528,0.0114343776256631
2-chatterton avenue_2019,13.185406025088112,9.266897332222223,0.3194921528110164,1.0218752224477272
2-chatterton avenue_2022,13.190953879136856,9.266897332222223,0.3574276017972009,0.0159717695096986
2-chester street_2024,11.015005358365102,7.454237922502985,0.3203328422258096,0.0715761984892219
2-chisholm street_2024,11.863090712959671,8.302001584710519,0.3132153744569456,0.050788166832105
2-cincinnatus avenue_2024,12.031406343578176,8.470279884349761,0.3240805043260494,1.3552164055490292
2-claremont parkway_2024,12.8566803788476,9.295439483377328,0.4013185921463158,0.0189198848525108
2-clarence avenue_2022,13.317464192068543,9.393396636935242,0.3506568716131693,0.0131136391453831
2-clay avenue_2017,14.550904164131849,10.221786909659937,0.2498639699513618,1.5640848347098606
2-clay avenue_2024,13.783081705876052,10.221786909659937,0.2361095264567189,0.3860104202740291
2-clay avenue_2025,13.777099640396267,10.221786909659937,0.0,0.0119285708652738
2-clifford place_2021,12.923399468073706,8.455176184112553,0.2951285056274166,0.5002296845525873
2-clinton avenue_2017,14.016538384816448,9.687446481452955,0.2513507384423087,0.4089257797371451
2-clinton avenue_2021,14.155818795825462,9.687446481452955,0.3104158205568194,0.1890488775433811
2-clinton avenue_2022,13.611534833354751,9.687446481452955,0.3108773563654668,0.0061808590750811
2-clinton avenue_2024,13.248716317635632,9.687446481452955,0.3355921872816542,0.4385774595583666
2-close avenue_2017,13.496377157809798,9.16732703743827,0.207492295140506,1.153068907797408
2-coddington avenue_2019,13.175602025687482,9.25709424536922,0.3469402148418352,0.6917461996443172
2-colden avenue_2017,14.715232871883757,10.386110178744431,0.2217760139739873,0.1398488951163986
2-colden avenue_2021,14.854513336356298,10.386110178744431,0.3148668183854298,0.0051865266873
2-colgate avenue_2017,14.190161248478004,9.861059584287306,0.2833426052089661,0.6243328645595856
2-college avenue_2017,14.110516013957383,9.781418617557682,0.2223065998608445,1.060425707282869
2-college avenue_2024,13.34269386203826,9.781418617557682,0.2199199703509621,0.0896578719305353
2-colonial avenue_2022,12.344612688894715,8.420679439724427,0.28991172777905,0.0494566087125925
2-commonwealth avenue_2018,14.501154466722104,10.08888217535903,0.2488655329284818,0.6752377600163774
2-commonwealth avenue_2019,14.007442781828892,10.08888217535903,0.2456001270174674,0.1793170477736559
2-commonwealth avenue_2022,14.012990641700288,10.08888217535903,0.2955694372849468,0.004191204618468
2-concord avenue_2018,13.872290724492055,9.48497852636295,0.2446333732066756,0.2420045589551283
2-concord avenue_2021,13.947703259642774,9.48497852636295,0.3184181496280222,0.4643627493556498
2-connell place_2024,10.11723081534592,6.5572810530329,0.2463211396269154,0.1672079189839064
2-conner street_2024,13.42968768293888,9.868407865399488,0.3576648252338158,0.0183309566847234
2-cornell avenue_2021,13.26098905628984,8.798338465614947,0.2767421133585683,0.0760346862759976
2-cornell place_2019,10.978462544880236,7.060702701915607,0.3167206284316997,0.7020573666897014
2-corsa avenue_2024,12.343863283792585,8.782682172151052,0.2236032157672585,0.0184291354683671
2-country club road_2018,13.762073402414265,9.349846002839683,0.3403566240027554,1.3095482968745746
2-courtlandt avenue_2021,14.133085134996406,9.664714231218962,0.3112603546393469,0.530981129969555
2-cranford avenue_2018,13.53175504628661,9.119549900848668,0.2310713564720242,0.6117201818642162
2-cranford avenue_2022,13.043591740041547,9.119549900848668,0.2846561084627788,0.0426762742804363
2-craven street_2021,12.59979601028578,8.137285265637939,0.2939977032421586,0.5724473953221605
2-crawford avenue_2024,11.743905606681356,8.182846980316757,0.3052001448769382,0.8312991319426876
2-creston avenue_2018,14.7058311297005,10.293551243158166,0.2432874561292015,0.3192534112890989
2-creston avenue_2022,14.217667245999676,10.293551243158166,0.3122390374789762,0.3120331633156119
2-croes avenue_2019,13.589980399346056,9.671440886487565,0.2712985932012569,0.3127648528192441
2-croes avenue_2022,13.59552825685162,9.671440886487565,0.2835854574772184,0.0118297517535772
2-croes place_2022,11.956173253473503,8.032342488008902,0.20334092401803,0.0583632432969149
2-cromwell avenue_2025,13.01703190143023,9.461759390448282,0.0,0.4112483528638917
2-crosby avenue_2019,13.992264305306373,10.073704321518791,0.3616624854497715,0.9299569226379696
2-cross street_2024,10.66362533907856,7.1030947194250285,0.2286456284681931,0.6046984073748319
2-crotona avenue_2017,15.103433842349084,10.77430135219551,0.3665362913468072,0.8492958630498767
2-crotona avenue_2019,14.692882158102114,10.77430135219551,0.4090448190990098,0.5493922769148073
2-crotona park east_2019,13.15394618742338,9.23544045479782,0.2833572577174026,1.6295346141332228
2-crotona park north_2022,13.152814519744323,9.228761574063386,0.3679271887890992,1.0497021172981016
2-crotona park south_2017,12.295875170473614,7.967064210268514,0.2619871194507635,1.3697075575154918
2-crotona place_2017,11.691421341230528,7.36289439185912,0.2128951368228417,0.6973383851784134
2-cypress place_2021,11.632164410572704,7.1701252122950985,0.2818431412140834,0.1215979717474875
2-cyrus place_2019,10.7525057349892,6.8349591122998765,0.2531645675690675,1.4002465747378947
2-daly avenue_2021,13.517026754309956,9.0487092936415,0.3067505751585235,0.2376774210912468
2-daly avenue_2022,12.972743252095354,9.0487092936415,0.2920423007247587,0.0117309228756986
2-dark street_2024,10.053941177557128,6.494081535987028,0.2189970353523612,0.7938066636591226
2-david sheridan plaza_2017,11.174472960787895,6.846369662450021,0.3816544594144458,0.7515575881063679
2-davidson avenue_2017,14.50890406469856,10.179788349709916,0.226616648368095,0.9943252706794966
2-davidson avenue_2019,14.09835249418222,10.179788349709916,0.2676919275752786,0.3953474299198787
2-davidson avenue_2022,14.10390035445043,10.179788349709916,0.3052725626087806,0.000499875041651
2-davidson avenue_2025,13.735099564977151,10.179788349709916,0.0,0.2705613456433628
2-de reimer avenue_2022,13.96049297588141,10.036386704245102,0.3064955799838362,0.1817380532555383
2-de reimer avenue_2024,13.597674302168734,10.036386704245102,0.3140553577066707,0.5938239592651596
2-dean avenue_2017,13.25250480080925,8.923483132074411,0.3456734725956213,0.645793484176475
2-dean avenue_2022,12.84750171772495,8.923483132074411,0.4245754543105831,0.0141987193998129
2-dekalb avenue_2019,12.837727187400557,8.919257004613893,0.2843282403533495,0.7855440298259129
2-delafield avenue_2022,13.674755593269388,9.750663514594343,0.2252193174980542,0.0057832447557273
2-devoe terrace_2022,10.487429020934716,6.56466224439206,0.2560092725851138,0.1232790161601712
2-dewey avenue_2018,13.668149288492108,9.255930350367755,0.2525299942436156,0.0448777587780854
2-dewey avenue_2021,13.72426956038838,9.255930350367755,0.3245087411659533,3.5726882757801204
2-deyo street_2021,11.344188237014166,6.8767747342020735,0.2801193000700812,0.8691571947400971
2-dickinson avenue_2021,12.657109770674492,8.188950667122574,0.3972683409039859,2.261783931590113
2-digney avenue_2022,12.129342109115528,8.20546072028517,0.2692784660693085,0.4937811891567322
2-ditmars street_2024,11.851927588756675,8.290841165618197,0.2409157210600074,0.9147695755022164
2-doris street_2022,11.759303939547786,7.835542443989328,0.3105078072112242,1.008468738815144
2-dorothea place_2024,10.18922500594078,6.629179419520628,0.0677660656284376,0.0726926853934406
2-drake street_2017,13.948825945839566,9.619738332779644,0.1954623503550129,0.0482185722704743
2-dudley avenue_2019,12.887460025819315,8.968983481084571,0.2649935886458938,1.4004437842243105
2-duncan street_2017,13.014839724850592,8.685853326216387,0.1957566806597221,0.677424220094709
2-dupont street_2021,12.86759139978816,8.405012742730458,0.3408657023165514,0.7289968334536425
2-duryea avenue_2024,12.212233720915584,8.651073572688192,0.3543734469504531,0.0202927032677624
2-dwight place_2024,11.921656316150072,8.360553480223519,0.3397509280829112,0.7209568811992125
2-eagle avenue_2024,12.693036442894716,9.131811412595372,0.3656005095442366,1.331732573127208
2-east 133 street_2021,13.800804704768687,9.33809185633652,0.414904087469097,0.9387955872142244
2-east 134 street_2024,13.632759796349893,10.063550234602031,0.3290556389661632,0.0186254641231648
2-east 135 street_2022,14.140146503422509,10.24550793085596,0.4614721941962666,0.0664429565487139
2-east 135 street_2024,13.814724380984163,10.24550793085596,0.4451470226993452,0.1570037488096647
2-east 136 street_2018,13.729938218444875,9.342637500090577,0.2420466490728457,1.1467037961353637
2-east 136 street_2025,12.93904229541148,9.342637500090577,0.0,1.4411375970024
2-east 137 street_2018,13.966211215573308,9.578892290473911,0.2419058277697327,0.0886516975945626
2-east 137 street_2019,13.451898808358042,9.578892290473911,0.2516450614464243,1.515874206655785
2-east 138 street_2019,14.879532121931328,10.960947823070123,0.3695954988749898,0.3030631744900832
2-east 139 street_2017,14.329638960494394,10.041004907701108,0.2219476918346497,0.0997548331369922
2-east 139 street_2024,13.610213525339317,10.041004907701108,0.3147268366642491,0.0196065296389183
2-east 140 street_2017,14.347111289017976,10.05847649182145,0.2114942617077322,0.1492817027157544
2-east 140 street_2021,14.521234008119816,10.05847649182145,0.3060240879533024,0.2164814084406593
2-east 140 street_2024,13.627685842953216,10.05847649182145,0.3086595579210849,0.0096532570281383
2-east 140 street_2025,13.654924848691776,10.05847649182145,0.0,0.6697250106154528
2-east 141 street_2017,14.485360786458596,10.196720536103934,0.2636957055092702,0.9232663456105804
2-east 141 street_2019,14.069758273780598,10.196720536103934,0.2551430685112402,0.4926820195297012
2-east 142 street_2017,13.445080376493213,9.156507432849876,0.2339994449718227,0.6702878864138627
2-east 142 street_2018,13.543790449588943,9.156507432849876,0.2466051402348506,0.0650383961792222
2-east 142 street_2024,12.725655836957266,9.156507432849876,0.3190804939093438,0.0217614917815126
2-east 143 street_2024,12.413659892346914,8.852468734890826,0.3379489782137265,0.0324671901375014
2-east 144 street_2017,14.457595394995204,10.128481650577648,0.2606659906372994,0.4508845182990242
2-east 144 street_2021,14.596875843929311,10.128481650577648,0.3362369240465919,0.3489653008686795
2-east 145 street_2017,13.440967003184388,9.111922752227272,0.1942818322569261,0.186313578063492
2-east 145 street_2021,13.580247331446264,9.111922752227272,0.2643285722017454,0.6307397204313283
2-east 145 street_2024,12.673145671132517,9.111922752227272,0.2263567741844414,0.7897292784061894
2-east 146 street_2024,12.54816290316945,8.986954256716828,0.2250727237466185,1.5250993239970727
2-east 147 street_2017,13.548955170952736,9.219899773945205,0.2388250611283416,1.6237352171349249
2-east 147 street_2022,13.143951862938836,9.219899773945205,0.2535389636606034,0.2704087437813239
2-east 148 street_2017,13.51333371110444,9.184281858604612,0.2546928833514256,0.6423800635062922
2-east 148 street_2024,12.745512261782013,9.184281858604612,0.3161522341302554,0.206526245490772
2-east 149 street_2017,15.511433105877176,11.182293695949047,0.3301595586343112,0.3206331725914668
2-east 150 street_2017,13.84866935254182,9.51958864263522,0.2895430847916275,0.2040830485754673
2-east 150 street_2018,13.931829457560054,9.51958864263522,0.3102956643536109,0.2311117209633866
2-east 150 street_2024,13.080847458038257,9.51958864263522,0.3733851226907255,0.0128175037106144
2-east 151 street_2018,14.052196999543964,9.639947961584872,0.2589728212114019,0.5189128339486098
2-east 151 street_2022,13.564033354176576,9.639947961584872,0.2836968693408179,0.0398935636616766
2-east 151 street_2024,13.201214864549176,9.639947961584872,0.2903877683589815,0.4937811891567322
2-east 152 street_2018,13.691065844574611,9.2788447680714,0.2455218251949525,1.0189195197588612
2-east 152 street_2021,13.747186117903638,9.2788447680714,0.317026416513697,1.304758873137372
2-east 153 street_2018,14.277243272460716,9.86498127920352,0.2790816587795714,1.4239995032985393
2-east 153 street_2024,13.42626092403199,9.86498127920352,0.3146549140529478,0.0135083500247922
2-east 155 street_2024,12.139841678535308,8.578694291056511,0.3280625902251713,0.0744579109180098
2-east 156 street_2022,14.496778628051558,10.572654543928978,0.3013142212418386,0.0130149370774946
2-east 156 street_2024,14.13395979729369,10.572654543928978,0.2898018400711793,0.0308201423398862
2-east 156 street_2025,14.127977729979795,10.572654543928978,0.0,0.3550836785472395
2-east 157 street_2017,13.36248065143428,9.033445291004355,0.2095217830931111,0.2743688433896554
2-east 157 street_2018,13.445640708121005,9.033445291004355,0.2373269459260889,0.3270710406801524
2-east 158 street_2018,14.245074439074608,9.832814123976725,0.2639467221278883,0.0671912495403232
2-east 158 street_2019,13.751362848041504,9.832814123976725,0.270118009129157,0.2302383237900765
2-east 159 street_2024,12.5594305266215,8.998220519067134,0.2962658161431724,0.8285518175661483
2-east 160 street_2022,13.227338127341117,9.303278270579977,0.2987481260555479,0.009058844488346
2-east 161 street_2018,15.418017041033687,11.005720118939491,0.3145190140643006,0.1502287132466909
2-east 161 street_2022,14.929853025720815,11.005720118939491,0.3615234300427509,0.004987541511039
2-east 162 street_2022,13.51738893010367,9.593306583469444,0.2949120423301781,0.2986220124901153
2-east 162 street_2024,13.15457046733203,9.593306583469444,0.3099250168187482,0.0532563663004314
2-east 163 street_2017,15.044947261082854,10.71581601497675,0.3610019189900331,0.2931172749417203
2-east 163 street_2018,15.128107419957797,10.71581601497675,0.3553464474989001,0.2891559857077813
2-east 163 street_2019,14.634395585270088,10.71581601497675,0.3540524606143075,0.8878501042423049
2-east 164 street_2017,14.17943386315588,9.850332754178677,0.2383034999099735,0.1650058345842667
2-east 164 street_2018,14.262593989913844,9.850332754178677,0.2617438809730583,0.4175254226005307
2-east 164 street_2022,13.774430250306642,9.850332754178677,0.2939853901006767,0.108136658604578
2-east 164 street_2024,13.411611653964949,9.850332754178677,0.3261320876951135,0.007571265496318
2-east 164 street_2025,13.405629591273318,9.850332754178677,0.0,0.4319772026482749
2-east 165 street_2022,14.575924871795037,10.651798877621104,0.3231753831453155,0.5988914446342248
2-east 165 street_2024,14.213106024197211,10.651798877621104,0.3455953469956588,0.0157749191153622
2-east 165 street_2025,14.20712395655127,10.651798877621104,0.0,0.079550278758009
2-east 166 street_2018,14.48941367314453,10.077141866405034,0.2390072152873772,0.2427893035610442
2-east 166 street_2022,14.001249851866843,10.077141866405034,0.2846039929143674,0.5826066048605768
2-east 166 street_2024,13.63843116304397,10.077141866405034,0.3305649104902631,0.0050870390485571
2-east 166 street_2025,13.63244909852878,10.077141866405034,0.0,0.007372754329413
2-east 167 street_2021,15.200079812215836,10.731667741784875,0.3062069997814386,0.908137585117768
2-east 167 street_2024,14.292976652890006,10.731667741784875,0.2964367417055063,0.4910921940756014
2-east 168 street_2022,14.251343520181656,10.327226418505171,0.3556063604543195,0.2656664983941004
2-east 168 street_2024,13.888524750984743,10.327226418505171,0.2991601741695369,0.0095542128048116
2-east 169 street_2022,14.553529448143667,10.629403979196397,0.3634633951678139,0.3527673191077153
2-east 169 street_2024,14.1907106051765,10.629403979196397,0.3180356709117768,0.0062802379571504
2-east 170 street_2017,14.875773562930382,10.54664635331618,0.2867502659058527,0.1427141021991752
2-east 170 street_2019,14.465221914483696,10.54664635331618,0.3022627557668089,0.655289538003705
2-east 170 street_2021,15.015054035245218,10.54664635331618,0.3322827067598143,0.3851943712658049
2-east 170 street_2024,14.107950951105783,10.54664635331618,0.3124138025511544,0.0031948908965191
2-east 170 street_2025,14.101968883906874,10.54664635331618,0.0,0.0986681717967013
2-east 171 street_2017,14.000304328033174,9.671213426953589,0.2021093967687834,0.1092130849733162
2-east 171 street_2019,13.589752925751243,9.671213426953589,0.2307337205808853,0.8857490467614564
2-east 171 street_2024,13.232482276314135,9.671213426953589,0.2606576176135075,0.0121261797978405
2-east 172 street_2019,14.54868140910651,10.630103785348046,0.280447779790464,0.2898297645092398
2-east 172 street_2024,14.19141042777306,10.630103785348046,0.3104756467158253,0.0892921074787618
2-east 173 street_2019,14.043619503114096,10.125057450086226,0.3073221215068242,0.1503147606588681
2-east 173 street_2022,14.049167363147731,10.125057450086226,0.3288119535842282,0.0918496536298789
2-east 173 street_2024,13.68634865732992,10.125057450086226,0.3555174333473796,0.0131136391453831
2-east 174 street_2025,14.19826073234006,10.642935858012487,0.0,0.0036931718376175
2-east 176 street_2021,14.67264574428109,10.204248670904509,0.4015184055727266,0.4887640469634715
2-east 177 street_2018,15.534573700471272,11.122274973486432,0.3462218213073761,0.6848629609722477
2-east 177 street_2019,15.040861808401363,11.122274973486432,0.3619668243807425,1.2345117086347683
2-east 177 street_2021,15.590694025825508,11.122274973486432,0.382851742919425,0.2786161004380341
2-east 177 street_2024,14.683590746882194,11.122274973486432,0.3949530832294205,0.0062802379571504
2-east 178 street_2021,14.606153836142298,10.137759278297631,0.2668826451200767,0.0994832784849501
2-east 178 street_2022,14.06186968704239,10.137759278297631,0.2271319539906924,0.1735330507608753
2-east 178 street_2024,13.699050976854323,10.137759278297631,0.2365283746303815,0.0524975689577539
2-east 179 street_2018,14.81112232290734,10.398839094428103,0.2520273340716539,0.1631387373771806
2-east 179 street_2019,14.317410552298988,10.398839094428103,0.2656555455515638,0.2584334720926573
2-east 179 street_2022,14.32295841338744,10.398839094428103,0.2809031835952688,0.2955758345708814
2-east 179 street_2024,13.96013962464174,10.398839094428103,0.2767605805191412,0.045642357878701
2-east 180 street_2019,14.81001191855868,10.891428845158126,0.2987319086383659,0.0361390466158731
2-east 180 street_2022,14.81555978094988,10.891428845158126,0.3391732173681753,0.0035935355101301
2-east 181 street_2019,14.128991195467185,10.21042592925347,0.2616377153855724,0.3139344435958466
2-east 181 street_2022,14.134539055861202,10.21042592925347,0.2885144062166925,0.3852624007906449
2-east 182 street_2017,14.519908961698556,10.190792837061586,0.2724760076145823,0.3205606010177204
2-east 182 street_2019,14.109357388404904,10.190792837061586,0.2860181272861811,0.2156757364666887
2-east 182 street_2021,14.659189414765656,10.190792837061586,0.354805428888941,0.0062802379571504
2-east 182 street_2022,14.114905248718744,10.190792837061586,0.3407969927229954,0.0094551587707551
2-east 182 street_2024,13.752086520871778,10.190792837061586,0.3409776712340969,0.0249852526939085
2-east 183 street_2018,14.312762273009913,9.900498488465429,0.2976300094456768,0.3250501089205191
2-east 183 street_2019,13.81905065478603,9.900498488465429,0.2764766686096201,0.7940778991383859
2-east 183 street_2024,13.461779895070578,9.900498488465429,0.3288571080939607,0.0058826631581554
2-east 184 street_2019,13.594763132812512,9.676223325058023,0.2969080890556682,1.898429127584509
2-east 185 street_2019,12.23153828187212,8.313177380383124,0.2728403338594318,0.9505375572693382
2-east 187 street_2017,14.335441158410086,10.0063325331405,0.2921329369563057,0.6557048850840752
2-east 187 street_2021,14.474721598455313,10.0063325331405,0.3735668173102047,0.0511682865743994
2-east 187 street_2024,13.56761883327026,10.0063325331405,0.3147603987793367,0.0052860044292373
2-east 187 street_2025,13.56163676928064,10.0063325331405,0.0,0.2070954668926022
2-east 188 street_2017,14.29854810579545,9.969441153632388,0.2559586742599076,0.5406950573682685
2-east 188 street_2022,13.893544453981276,9.969441153632388,0.3063783170270881,0.2048981109728595
2-east 189 street_2018,13.886721614959464,9.474484145676492,0.3107877724076711,0.6739643611431714
2-east 189 street_2022,13.39855805897253,9.474484145676492,0.3097247282541847,0.0096532570281383
2-east 191 street_2019,11.892700500929278,7.9744365479591455,0.2942083489530566,2.005512399688893
2-east 191 street_2025,11.52945023761282,7.9744365479591455,0.0,0.2866064942248478
2-east 192 street_2017,12.241855700388728,7.913063729777142,0.1792667867989976,0.6736585039760828
2-east 193 street_2018,12.934828902641035,8.522712081860915,0.2895420437598818,0.4545092082870869
2-east 193 street_2024,12.0838489460329,8.522712081860915,0.3098483679090413,0.0210763256019162
2-east 194 street_2024,12.629936979676296,9.068718794635268,0.2683146952481219,0.2775559761527718
2-east 195 street_2024,11.839986123591537,8.278902627792586,0.177520779450598,0.5600157079567496
2-east 196 street_2018,13.868794136695085,9.456558039565044,0.2748797344939762,0.2900542565968366
2-east 196 street_2024,13.017812214898584,9.456558039565044,0.3294100603769263,0.197538522598815
2-east 197 street_2024,12.684548258358497,9.123324123941234,0.2223156224687933,0.3758303029784736
2-east 198 street_2024,12.73062178618259,9.169392879067908,0.3772763178596647,0.0110388471152163
2-east 199 street_2018,13.134496620582343,8.722344235547542,0.2187651859198449,0.2494348852682782
2-east 199 street_2024,12.283516077996046,8.722344235547542,0.2377490140481616,0.0129162252665463
2-east 201 street_2022,12.876175866417466,8.952153589349939,0.3109389346160481,0.4574248470388754
2-east 201 street_2024,12.513357933286915,8.952153589349939,0.3781664755377322,0.0128175037106144
2-east 203 street_2019,11.615813797166831,7.697657446297876,0.2714800978755005,1.4651055415441805
2-east 204 street_2021,14.02920211062184,9.560838076835044,0.3327716601573554,0.2811860187080788
2-east 207 street_2025,12.21930715637278,8.664126845768038,0.0,0.7167660461585793
2-east 209 street_2021,11.976351212995976,7.508459834858164,0.2852819341488881,0.8986968634731071
2-east 209 street_2025,11.06327499856764,7.508459834858164,0.0,0.0297529581493477
2-east 211 street_2021,14.327529475549062,9.85914748210492,0.3163522539689554,0.1319050708799385
2-east 211 street_2022,13.78324543186762,9.85914748210492,0.2826484164321061,0.0185273046138836
2-east 212 street_2019,13.226103804904929,9.307591418132612,0.2283679754510159,0.2271355725837472
2-east 212 street_2022,13.231651659367994,9.307591418132612,0.2543685831276539,0.0779790413165886
2-east 213 street_2019,13.72129325277041,9.802746134242913,0.2503880734207753,0.3313879047118487
2-east 213 street_2022,13.72684111112902,9.802746134242913,0.26740750282242,0.0709243383366986
2-east 214 street_2022,13.526845630587571,9.60276265488089,0.2769160633236883,0.0368139731227163
2-east 215 street_2022,13.411748611785423,9.487673712167268,0.2659776378660048,0.0496469398894137
2-east 216 street_2022,13.521835253261372,9.597752610110748,0.3027711460066419,0.0356566772080346
2-east 217 street_2024,12.855252962043224,9.2940121940376,0.2844008329997463,0.0226417304808246
2-east 218 street_2024,12.717260960108526,9.156033414463074,0.2744920165936117,0.0230326991105726
2-east 220 street_2024,12.97461052030631,9.413359698262129,0.2919831543511715,0.017839918128331
2-east 221 street_2024,13.283227364162672,9.721955482625242,0.3160125790780069,0.0141001243787816
2-east 222 street_2019,15.01409486691385,11.09550842497447,0.325105441037229,0.9397728560213584
2-east 222 street_2024,14.656823808815629,11.09550842497447,0.3806069645769233,0.0082657444170326
2-east 223 street_2017,14.29499644483122,9.96588965701757,0.2083284655290691,0.5117452008253744
2-east 223 street_2024,13.527174148036536,9.96588965701757,0.2415929984309694,0.3865540832164039
2-east 224 street_2017,14.37492432563485,10.045813976868724,0.2139511031300456,0.5349131752950509
2-east 224 street_2024,13.607101973907897,10.045813976868724,0.2546719188443354,0.5991661170890513
2-east 225 street_2017,14.26896391503112,9.93985834983014,0.26732929385012,0.4376095614347316
2-east 225 street_2024,13.501141637096852,9.93985834983014,0.2993380151801426,0.0102473164515495
2-east 226 street_2017,13.961943532551697,9.63285506551112,0.2399942416660655,1.105654103457156
2-east 226 street_2022,13.556940004005227,9.63285506551112,0.2916657238044735,0.0176434351725952
2-east 227 street_2021,13.95494758313967,9.486588916190136,0.2933849581249478,0.3808308271498035
2-east 227 street_2022,13.410663735176842,9.486588916190136,0.2870348041953425,0.020390689647734
2-east 228 street_2017,13.819654744334851,9.490576166813252,0.2446108182162469,0.7621133850246682
2-east 228 street_2022,13.414651281737394,9.490576166813252,0.2974243776754414,0.020390689647734
2-east 229 street_2021,14.76535963103241,10.296959317905747,0.3435480255670808,0.9736535692626308
2-east 229 street_2022,14.221075433644684,10.296959317905747,0.3756089784926233,0.0091579377847656
2-east 229 street_2024,13.858256673140358,10.296959317905747,0.3295517937766392,0.0093560949240249
2-east 230 street_2022,13.413651128405585,9.489576087597417,0.299232752813597,0.954202896944016
2-east 231 street_2017,14.062940878780196,9.733846198654575,0.2398014210208044,0.8296865446987722
2-east 231 street_2022,13.65793730880163,9.733846198654575,0.2985783739048713,0.0159717695096986
2-east 232 street_2021,14.113765767202484,9.645396087630813,0.3033337718163614,1.2018004464642786
2-east 232 street_2022,13.569481826838793,9.645396087630813,0.294752605452142,0.0174469136037206
2-east 233 street_2019,15.322910069664932,11.404319674681862,0.4813269892058605,0.0988493640421689
2-east 233 street_2022,15.328457932877283,11.404319674681862,0.512909609513933,0.0051865266873
2-east 234 street_2022,13.404754745062204,9.48068036678924,0.2809239938763961,0.0349809688952455
2-east 235 street_2019,13.6146627329264,9.696121713222691,0.3234197350626718,0.2239432314847741
2-east 235 street_2022,13.620210590600974,9.696121713222691,0.2894452230701617,0.0141987193998129
2-east 236 street_2018,14.286001966996867,9.873739526095347,0.2782672998542098,0.247797138752866
2-east 236 street_2022,13.797838218078631,9.873739526095347,0.3142226774884792,0.2857802651621846
2-east 237 street_2018,14.292639690177785,9.880376912633622,0.2798357263677277,0.4492267775470333
2-east 237 street_2022,13.80447593865867,9.880376912633622,0.3064337275019856,0.3597003627404201
2-east 238 street_2022,12.711746090734836,8.787746493097542,0.2813238737092885,0.0443039255565244
2-east 239 street_2018,13.891048329150529,9.478810532373087,0.2574884083065125,0.6568462008336137
2-east 239 street_2022,13.402884770633332,9.478810532373087,0.2689788405989022,0.0176434351725952
2-east 240 street_2018,13.72743000037235,9.31520562965542,0.2867757668024387,0.4543187623255527
2-east 240 street_2022,13.23926654558715,9.31520562965542,0.3189627581490083,0.0204886664273156
2-east 241 street_2019,14.283654380390416,10.365083947768625,0.3171990258096382,1.3316269597775825
2-east 242 street_2018,13.610954503621258,9.198741121157513,0.2565689530302876,0.3114474260020429
2-east 243 street_2018,12.32322763343513,7.911276512448817,0.2810165504920706,0.7654678421395714
2-east fordham road_2022,14.712621666581128,10.78849270942433,0.3998591387210786,0.8639442515019459
2-east gun hill road_2017,15.875135758184776,11.54599216040332,0.3397047176234956,0.2010615281680073
2-east gun hill road_2018,15.958295930222556,11.54599216040332,0.3629887785137698,0.8752187060986906
2-east gun hill road_2019,15.464583998632431,11.54599216040332,0.3623352227952463,0.515335439243819
2-east gun hill road_2022,15.470131862006646,11.54599216040332,0.4312543832131815,0.01911611719223
2-east kingsbridge road_2017,14.273790214122164,9.9446844198452,0.2852958605714201,1.6923626170082475
2-east kingsbridge road_2021,14.41307064925164,9.9446844198452,0.364983887147179,1.3549326846768768
2-east mosholu parkway south_2019,13.453841511689182,9.535311012643374,0.304762262724319,1.7203887729551397
2-east mount eden avenue_2019,12.566602645053756,8.648173300163467,0.2700271372130601,0.3232422478503318
2-east tremont avenue_2019,16.186092721512665,12.267496009434195,0.3978786837667928,0.0802888312288029
2-east tremont avenue_2022,16.191640585433504,12.267496009434195,0.4231647604078867,0.1100196450385494
2-eastburn avenue_2018,12.849163050215523,8.437063803534228,0.2149540805840102,0.8561584888194002
2-eastchester road_2025,15.118842976680146,11.56350415040198,0.0,0.1694895779785763
2-echo place_2021,12.701489214455306,8.233318194119677,0.3140325103555344,1.013417442604878
2-edison avenue_2019,14.53367180587024,10.615094540473216,0.3064921438352089,0.1300628842981683
2-edison avenue_2021,15.083503941244128,10.615094540473216,0.3132263102783511,0.2997341534759222
2-edison avenue_2022,14.539219667610045,10.615094540473216,0.3240132366690061,0.00329456694943
2-edison avenue_2024,14.176400827656444,10.615094540473216,0.3274000094489021,0.1700802703716007
2-edson avenue_2018,14.905207086120337,10.49292115497469,0.2811119929800734,1.358409157630355
2-edson avenue_2024,14.05422434333054,10.49292115497469,0.3162918696816936,0.1197366816023334
2-elder avenue_2017,13.947827720403396,9.618740172789703,0.2463493266052379,0.8008798803628273
2-elder avenue_2018,14.030987832708773,9.618740172789703,0.2427514718520591,0.1558064511381996
2-elliot place_2024,11.74570842756995,8.184649312234434,0.3656005095442366,1.2855896569982583
2-ellis avenue_2019,13.760270006103774,9.841720815644084,0.2356836422963836,0.1819048032976122
2-ellis place_2018,10.488104570307785,6.0780586319225085,0.2231435513142097,1.3833650749473136
2-ellis place_2024,9.637158770179076,6.0780586319225085,0.298826637004846,0.1432341680859078
2-ellsworth avenue_2021,14.36611480890485,9.897730859818004,0.3857127078610876,0.6178307862504957
2-ellsworth avenue_2022,13.82183074881499,9.897730859818004,0.3687286130258199,0.0071742037480003
2-elm place_2017,12.652345290174408,8.323431735867825,0.0692100031781747,0.3280079439233462
2-elm place_2021,12.791625391464748,8.323431735867825,0.1569685753164056,0.5531377075516071
2-elsmere place_2022,12.461966573596134,8.538009416216621,0.2406367087617269,0.5993308843556605
2-elton avenue_2022,13.127558240676656,9.203507756481718,0.3392513027914787,0.1981128815889634
2-ely avenue_2018,15.04117541304465,10.628885999077877,0.2437325669837718,0.2666627052277055
2-ely avenue_2024,14.190192612878423,10.628885999077877,0.3002711619518475,0.3479772282355365
2-esplanade_2024,13.764147708811215,10.202853588026908,0.2905719813096727,0.0133110140596723
2-esplanade_2025,13.758165643449898,10.202853588026908,0.0,0.4798301900634711
2-evelyn place_2024,11.554963602844348,7.993961432733453,0.3479009324448357,0.0373921192170626
2-evergreen avenue_2022,13.3329855724602,9.40891676014791,0.3205904840682698,0.733905173032113
2-exterior street_2022,14.178855244699635,10.254740555029224,0.3343241345107598,0.5190913681830233
2-exterior street_2025,13.810054431087652,10.254740555029224,0.0,1.0154842707605407
2-faile street_2019,14.243916357787658,10.325347177294594,0.2406338113405766,0.9790401535272648
2-faraday avenue_2021,12.112005579119357,7.644045425451224,0.3175400718498599,2.718739532754404
2-featherbed lane_2017,13.644517668051066,9.315453362833471,0.3402716605258199,1.4039623587732977
2-featherbed lane_2022,13.239514300630692,9.315453362833471,0.3535339214137716,0.6540424606791843
2-fenton avenue_2021,14.684627678216478,10.216230169056365,0.3130218194077386,0.7615532132240057
2-fenton avenue_2024,13.777524768364144,10.216230169056365,0.2696322184953625,0.016463726030665
2-field place_2021,12.629099070347378,8.160947765002597,0.1134357001286581,0.0468835858988504
2-field place_2024,11.722000379165182,8.160947765002597,0.0925634643242674,0.0350775266126961
2-fieldston road_2017,14.829066579852254,10.499940610323224,0.1713501067995434,0.1692363172452991
2-fieldston road_2019,14.418514939812956,10.499940610323224,0.1955643360159174,2.1072269276877726
2-findlay avenue_2017,13.581892915984398,9.252834351971782,0.2196734853055899,0.3057184349378795
2-findlay avenue_2022,13.176889586850526,9.252834351971782,0.3014109283643935,1.2046525732306932
2-findlay avenue_2024,12.814071363122814,9.252834351971782,0.2439598634412356,0.840359560240332
2-fink avenue_2024,11.308694526291582,7.747783918603593,0.2605943525010326,0.4221255490012716
2-fish avenue_2021,14.456754079048377,9.988365822256451,0.3276269701062465,0.3445821195845928
2-fish avenue_2024,13.5496513277157,9.988365822256451,0.3134739059992337,0.0210763256019162
2-fletcher place_2019,10.334637733503229,6.4176377661637325,0.2805135829731684,0.7024042018226221
2-food center drive_2022,14.053838042811398,10.159202606652451,0.4430914056862354,0.7377380638878204
2-fordham place_2024,11.206150755164186,7.645285439742874,0.1816029078230326,1.015230679729059
2-fordham street_2024,12.449074252168106,8.887878259430817,0.2999626780244985,1.0807877037555578
2-forest avenue_2022,13.09865193544701,9.17460434582341,0.3188764747308333,0.1319050708799385
2-forest avenue_2024,12.735833779128557,9.17460434582341,0.3244960455744972,0.3201976641284608
2-fox street_2018,14.321028065282686,9.90876387292608,0.2826542565735094,0.8217602480279217
2-fox street_2021,14.377148367499494,9.90876387292608,0.3289657998873176,0.0083649163316277
2-fox street_2022,13.832864302832846,9.90876387292608,0.3454213832980262,0.0298500219688853
2-fox street_2024,13.470045680624846,9.90876387292608,0.3504487045236343,0.0621293714655487
2-franklin avenue_2017,13.968596474726535,9.639507578828772,0.2443037086268955,0.6252430019460725
2-freeman street_2024,13.265896871777286,9.704626008537677,0.3457534520060927,0.0357531697058178
2-frisby avenue_2018,13.154901938285631,8.742746302709087,0.2571759049932168,0.7937162354816408
2-fteley avenue_2018,14.06363241158042,9.651382642657236,0.2295767147824876,0.7719583609842351
2-fteley avenue_2019,13.569920903200478,9.651382642657236,0.273406553227937,0.0724136805090453
2-fteley avenue_2024,13.212650264543187,9.651382642657236,0.3299857273916062,0.1428007986316713
2-fuller street_2022,11.281141721765207,7.357617847204626,0.1803588476261059,0.7120670654124562
2-fulton avenue_2018,14.23231169588929,9.820052061689918,0.2457866054476765,0.8148779691310923
2-fulton avenue_2022,13.74414796865546,9.820052061689918,0.3275987947574834,0.5832765094242329
2-furman avenue_2018,13.671354498528878,9.259135258366,0.2440151257992945,1.0984789464450972
2-gale place_2021,11.37607655363064,6.9086310486727776,0.3086926725141372,1.939762720849986
2-garrett place_2024,10.609179747411073,7.048693845674922,0.2189970353523612,0.1210665279794435
2-gerard avenue_2018,14.925685633791572,10.513399147325918,0.3261135959724703,1.2277088620025196
2-gerard avenue_2021,14.981805950945024,10.513399147325918,0.3838050621846232,0.3424543082987604
2-gillespie avenue_2024,12.377094790068536,8.81590880794903,0.3111123242601669,0.0243022925229648
2-givan avenue_2018,14.78303381519847,10.370751444121716,0.2970629342575329,0.3935274705351214
2-givan avenue_2021,14.839154129594712,10.370751444121716,0.3228618056842659,0.2835987470141448
2-gleason avenue_2019,14.1865081541118,10.267940872693648,0.2802769021834431,0.5473118323364008
2-glebe avenue_2022,13.091656430372272,9.167609553916446,0.3035745331141539,0.8913420865101901
2-glebe avenue_2024,12.728838280341945,9.167609553916446,0.3085444367559316,0.0247901688072187
2-glover street_2018,13.03215547134537,8.620020428113156,0.2625879831198481,1.449269160281279
2-godwin terrace_2022,12.75458332710809,8.83057745731115,0.3567141588560919,0.0163653540862642
2-godwin terrace_2025,12.385783491886343,8.83057745731115,0.0,0.0272259862535914
2-gouverneur avenue_2021,12.693851874145976,8.225682867110216,0.3432982016916128,1.094771589282172
2-gouverneur place_2024,10.726333941807614,7.165754743661219,0.2859564464843111,0.0715761984892219
2-grace avenue_2018,14.7946188119117,10.382336084282253,0.2601929302642283,0.2732281154816304
2-grace avenue_2024,13.9436361218972,10.382336084282253,0.3099537586452932,0.1720186637980575
2-grand avenue_2019,14.147591555416527,10.229025624784978,0.3288348393284971,0.2378351000571995
2-grand avenue_2024,13.790320675876108,10.229025624784978,0.3125428794753132,0.3696997516614218
2-greystone avenue_2021,13.566815614259715,9.098492510017932,0.2862566955915445,1.0427824037074391
2-griswold avenue_2024,12.697475551935728,9.13625005613168,0.4029331698237853,0.8147451523074328
2-gunther avenue_2022,14.438723935091906,10.514601351316529,0.3270417631098816,0.2639015437863775
2-gunther avenue_2024,14.07590511756186,10.514601351316529,0.3106911829610386,0.2229035225096009
2-haight avenue_2021,14.202955564482671,9.73458042553984,0.2994842975084088,0.0098513160503741
2-haight avenue_2024,13.295853037898922,9.73458042553984,0.3446488970584583,0.0141001243787816
2-halleck street_2022,14.062787029045111,10.168151254963428,0.4275974557397026,1.0685310166296549
2-harding avenue_2022,14.496620428354737,10.57249634820341,0.3792286046068019,0.2035936920694943
2-harrington avenue_2019,12.499327094774015,8.580909716613945,0.2252841158133207,1.0860335064612496
2-harrison avenue_2022,12.963455328176517,9.039422444863106,0.2985813629098166,2.0425441275760177
2-havemeyer avenue_2021,14.745358709293088,10.276959069886631,0.4037190363250645,0.0057832447557273
2-havemeyer avenue_2024,13.83825576294372,10.276959069886631,0.4391646191729958,0.6452691003154813
2-haviland avenue_2022,13.465273857652788,9.541195086554414,0.3535553288974394,0.0121261797978405
2-hawkins street_2024,11.914546774723863,8.353445560348922,0.1794438569663395,0.959043660939804
2-hawkstone street_2019,11.08548793906921,7.167642720788554,0.2068205772822792,1.673351238177753
2-heath avenue_2022,13.610109066390338,9.686020801281904,0.3506872256935189,1.190644374114603
2-hennessy place_2022,11.540990686923369,7.617323755800779,0.2820781645554141,0.0541093256470319
2-henry hudson parkway_2017,15.462750560444128,11.133611835716012,0.3150150517214801,0.702453739880245
2-henry hudson parkway_2018,15.545910727288849,11.133611835716012,0.3229228848191538,1.2094378437569944
2-henry hudson parkway_2021,15.602031052753354,11.133611835716012,0.3760508351290462,1.5197319993496077
2-henry hudson parkway_2022,15.057746696760464,11.133611835716012,0.4041458467031016,0.029073247485707
2-henry hudson py nb en west 253 street_2025,9.873693335797544,6.3200951546334245,0.0,0.4335341280357567
2-hering avenue_2018,14.660650474541502,10.248372133497538,0.2515752325487824,0.3354717362876294
2-hering avenue_2022,14.172486602780888,10.248372133497538,0.3291409681797941,0.0058826631581554
2-hering avenue_2024,13.809667856792665,10.248372133497538,0.3152172478451281,0.0058826631581554
2-hewitt place_2022,11.896152276107427,7.97234120438439,0.3960087728661289,0.1106465200870636
2-hicks street_2024,12.243087492016038,8.68192217962111,0.2516974966632958,0.6334502533018178
2-hill avenue_2024,13.390555124884347,9.829277315304726,0.2585677526940482,0.5286851880667568
2-hobart avenue_2019,13.851240875326226,9.932687151945627,0.2711775717803176,0.5326262537248435
2-hobart avenue_2024,13.493970102055732,9.932687151945627,0.2358441651797517,0.4175254226005307
2-hoe avenue_2021,14.210674083070082,9.742298494164618,0.3072212298478725,1.608757681129236
2-hoe avenue_2024,13.303571548777043,9.742298494164618,0.3148301011116824,0.8832302057476643
2-hoffman street_2021,13.368007540001305,8.899708751147058,0.3291851536611497,0.1699959071033177
2-holland avenue_2024,14.300820787644026,10.739511710723129,0.2709480081588825,0.0028958031120255
2-hollywood avenue_2018,14.99718093653531,10.584892598094156,0.2844903983333046,0.4894385418843429
2-hollywood avenue_2022,14.509016987537132,10.584892598094156,0.3345249594375074,0.0050870390485571
2-hollywood avenue_2024,14.146198154087406,10.584892598094156,0.311313676985058,0.1095716364292909
2-home street_2021,14.231945512526377,9.763568701394805,0.3088482330248968,0.5199835615507563
2-home street_2024,13.32484295729275,9.763568701394805,0.3003883608971912,0.3900807060644171
2-homer avenue_2022,13.335926136380392,9.411857088083014,0.2842939864236958,0.013804280976397
2-hone avenue_2024,13.99702591892374,10.43572431667567,0.2853466903678578,0.0109399400383343
2-howe avenue_2022,12.708433283269382,8.784434181971468,0.2882701348033352,0.3555042589543924
2-hoxie street_2018,11.990563731221831,7.578755529161455,0.2155624396155718,0.7082328179779862
2-hugh j grant circle_2024,12.512816479241184,8.95161220342745,0.3959177611801657,1.1697850047886926
2-hughes avenue_2017,14.092222515235424,9.763126148030022,0.2408507727676819,0.6132377973316434
2-hughes avenue_2021,14.231502933995582,9.763126148030022,0.3077088967949103,0.1589676310956455
2-hull avenue_2021,13.947203118225667,9.478845034308655,0.3225962391136905,0.8346467428336448
2-hunt avenue_2024,12.733428056597347,9.17219886582752,0.3096375531090617,0.1277773699418263
2-hunter avenue_2024,12.512966282381536,8.951761987716573,0.2933311111755784,0.2164814084406593
2-huntington avenue_2022,13.264511115433486,9.340447999167385,0.3220834991691133,0.0225439644348945
2-hunts point avenue_2017,14.930074798793852,10.6009462184235,0.3638560695030866,2.506480583211811
2-hutchinson river parkway_2019,15.594387836744666,11.675794844186594,0.3528379010342437,1.3483588217768536
2-hutchinson river parkway_2022,15.599935700248343,11.675794844186594,0.35139456958769,0.0850761723551192
2-huxley avenue_2017,12.780778063021362,8.451835634525947,0.2369046408561706,0.4191707551642764
2-independence avenue_2019,14.1841714605598,10.265604258772868,0.3665188068652627,0.5339169549893884
2-intervale avenue_2022,14.545808505142316,10.621683220013605,0.3380972730179272,0.0142973047008244
2-intervale avenue_2024,14.18298966379578,10.621683220013605,0.3525825296989548,0.68687756754635
2-inwood avenue_2021,13.748732311829915,9.280390819381386,0.345361184038459,0.0450689633675781
2-irvine street_2019,10.919266574317565,7.001558024414322,0.2476038488843704,1.561675220234514
2-irwin avenue_2018,13.992822848338246,9.580577742964474,0.3117517614339696,0.8259282917937638
2-irwin avenue_2021,14.04894313776686,9.580577742964474,0.4027064856690847,0.4085935427826954
2-irwin avenue_2022,13.50465923335419,9.580577742964474,0.3937690683449731,0.2187338428255096
2-jackson avenue_2021,14.58332447064007,10.12056440613252,0.338790331670839,0.7124104467407916
2-jackson avenue_2022,14.015198347997012,10.12056440613252,0.3276047863358921,0.0259601016695316
2-jackson avenue_2024,13.689776262557109,10.12056440613252,0.3325235641657966,0.1503147606588681
2-jackson avenue_2025,13.717015270247638,10.12056440613252,0.0,0.1399358402975167
2-jarvis avenue_2024,12.59362702537368,9.032412979622,0.3224166104313541,0.0118297517535772
2-jerome avenue_2018,16.723636481707196,12.3113276003357,0.35062656792694,0.6345642231276474
2-jerome avenue_2019,16.229924510058524,12.3113276003357,0.3711851025904083,0.2829207553500704
2-jesup avenue_2021,13.510436245469045,9.04211955311344,0.2599245151448073,1.7077979820471825
2-jesup place_2021,11.22257187354916,6.755290222598666,0.2628909961099037,0.1788990399926247
2-johnson avenue_2018,14.083248740023103,9.670997736505884,0.3061279182425324,2.3888270073565567
2-johnson avenue_2022,13.59508507946977,9.670997736505884,0.3769856367862957,1.0971779271299298
2-kappock street_2022,13.235719321042112,9.311658718763493,0.4127358139100031,0.8991038804513338
2-katonah avenue_2019,13.217609521905068,9.299097893746955,0.4124950140364225,0.8200881540010944
2-kearney avenue_2024,13.167766047031607,9.606501294741925,0.3479009324448357,0.2978056556226321
2-kelly street_2018,13.994419142141515,9.58217392795612,0.2659040911726151,0.5990562571603498
2-kelly street_2022,13.506255526316776,9.58217392795612,0.3217215909565136,0.0310140535291694
2-kilroe street_2024,10.293672605019994,6.733499693507001,0.2258983739930543,0.7776261871378843
2-king avenue_2024,12.494716824939529,8.933514847693306,0.2600036850296363,0.8026291911769423
2-kingsbridge avenue_2022,13.469532576484138,9.545453506159918,0.5069188425608947,0.7997569156182036
2-kingsbridge terrace_2022,13.146863166935429,9.22281079568989,0.3520388910359313,1.118480273305576
2-kingsland avenue_2018,14.728262618329335,10.31598199002429,0.2584584040859237,0.2382291887322506
2-kingsland avenue_2021,14.784382931557962,10.31598199002429,0.3241609127203271,0.2998082522496215
2-kingsland avenue_2024,13.877279962899577,10.31598199002429,0.3136107485848597,0.1369754550270777
2-kingsland place_2022,9.944504516292854,6.022733317184281,0.1122777130610281,0.5303340901540337
2-kossuth avenue_2022,12.53569127472871,8.611720470646395,0.2903640196889958,0.4495457873433393
2-la salle avenue_2019,12.976678261859972,9.058191067590563,0.2897335381848508,0.9433610033968184
2-lafayette avenue_2017,16.1271398094505,11.797994084938823,0.3314370451539576,0.598616696713712
2-lafayette avenue_2018,16.21029998375466,11.797994084938823,0.3433658929650475,0.2036752681188114
2-lafayette avenue_2019,15.71658803547985,11.797994084938823,0.3469655123370517,0.2188141931529804
2-lafayette avenue_2022,15.72213589909097,11.797994084938823,0.3859821486411939,0.195402296332485
2-lafayette avenue_2025,15.3533348416215,11.797994084938823,0.0,0.0031948908965191
2-lafontaine avenue_2022,12.564394204423762,8.640418353499792,0.3009756726447908,1.277985057613039
2-lakeview place_2018,11.53522734692719,7.123710336473764,0.3211580016481704,1.064469328545409
2-lakewood place_2022,11.477950834139708,7.554315274889073,0.3148107398400335,0.0727856697256476
2-landing road_2021,11.678924117783469,7.211220513058868,0.3832241363151158,2.1059860969019484
2-laurie avenue_2024,10.283388888382673,6.72322793182034,0.2516974966632958,0.8130169264103294
2-layton avenue_2018,13.955016291382616,9.542773814527347,0.33249102266772,0.7707561598869281
2-lebanon street_2024,11.666345341891374,8.105308608620495,0.3446488970584583,0.9359757051905532
2-leggett avenue_2021,14.4107330681758,9.94234694977492,0.4425995236815657,0.345644329789625
2-leland avenue_2019,14.447818354688696,10.529243245748171,0.2606929699037348,0.2264979191267833
2-leland avenue_2024,14.090547395247574,10.529243245748171,0.2838206714542897,0.0058826631581554
2-libby place_2024,11.222862133984329,7.661989117122768,0.2457819107111803,1.1062827949723293
2-light street_2024,12.296365076866628,8.735191213709612,0.2320691169197139,0.020390689647734
2-lincoln avenue_2019,13.037272560524164,9.164300844662952,0.3570082217288527,0.4634195013687203
2-locust avenue_2018,13.372925904016252,8.985662306172166,0.34893228077595,0.9097493838307328
2-lodovick avenue_2018,13.766991843683403,9.354764022534123,0.3019895584722778,0.4445576079142606
2-logan avenue_2022,13.97291262650257,10.0488058252017,0.3377330058573485,0.0071742037480003
2-longfellow avenue_2019,14.523375583238307,10.604798566797394,0.2889861668059258,0.2849533528805231
2-longfellow avenue_2021,15.0732077164776,10.604798566797394,0.3144238595053781,0.4616563877579068
2-longwood avenue_2017,14.476843084658356,10.147728589135694,0.3539260712083801,1.157949808013617
2-lorillard place_2022,12.64843602395876,8.724446202156455,0.3145766250588724,1.1532267286079876
2-lowerre place_2021,12.690576037502248,8.222407898740572,0.2737585335082708,0.742984415407117
2-lurting avenue_2022,14.403678618663957,10.47955698365988,0.3032872303129282,0.0046889894861315
2-lurting avenue_2024,14.04085980949877,10.47955698365988,0.2810357148494328,0.0117309228756986
2-lydig avenue_2022,13.805596020060076,9.881496937885498,0.3285175122597991,0.0117309228756986
2-lydig avenue_2024,13.442777409734644,9.881496937885498,0.377153475282273,0.3348280285087237
2-lyman place_2022,11.662597223127776,7.738875084113041,0.268754062566262,0.6506571289389931
2-lyon avenue_2022,12.3803888589079,8.456448021721698,0.2938980075541547,0.098486946714654
2-macdonough place_2024,12.717541332634609,9.15631375823194,0.4572611496603962,0.1389790272814509
2-mace avenue_2018,15.188629441521746,10.776336749124091,0.3268326881489526,0.3016589393825752
2-mace avenue_2024,14.337646587346423,10.776336749124091,0.3106706349454625,0.343164081910785
2-maclay avenue_2021,13.280331558770705,8.812045128058351,0.271492549818782,1.3819097628020665
2-macombs road_2019,14.015504025009824,10.096943091657876,0.365274227524919,0.0817643018026396
2-macombs road_2021,14.565336020348855,10.096943091657876,0.3678138019321098,0.677932014753465
2-magenta street_2022,12.93086826383106,9.00683923265187,0.3061469069063007,0.0431552703139276
2-mahan avenue_2019,12.642286629103385,8.723844749741541,0.2462088242452058,0.8707911478027889
2-mahan avenue_2024,12.285016829548162,8.723844749741541,0.2169173118991117,0.0161685811615837
2-maitland avenue_2019,11.593348661192412,7.675202417463056,0.3088842801023839,0.7135378702076793
2-manhattan college parkway_2017,13.872171639926805,9.54308924753702,0.2893613339715009,2.261836012482166
2-manida street_2017,13.957613946050024,9.66899926191736,0.2321659079977369,1.3460711456290195
2-maran place_2022,11.646006491180264,7.722291494723151,0.2820781645554141,0.0877361143040867
2-marcy place_2019,12.441954418472552,8.523547901144005,0.2841042511038969,0.8160283099357608
2-marion avenue_2017,14.332300805552771,10.003192320307685,0.2583340323120697,0.3651291065852902
2-marion avenue_2024,13.564478482573,10.003192320307685,0.3409536319057546,0.5718830930669061
2-marolla place_2024,12.095892518471809,8.534753340832074,0.3064699863174141,0.8588310962008767
2-matilda avenue_2018,13.923288260492662,9.511048067539896,0.2331169611320565,0.5903943729851153
2-matthews avenue_2024,13.900610903219947,10.339312188711745,0.3280333679753483,0.0052860044292373
2-mayflower avenue_2017,14.578322686014436,10.24920446086078,0.237763430882081,0.5753766448254375
2-mayflower avenue_2024,13.81050021278476,10.24920446086078,0.3374569732837524,0.3637399280608503
2-mcclellan street_2024,12.587498020163345,9.026284688055217,0.2131882047744819,0.0151841353250399
2-mcgraw avenue_2024,12.676626813949666,9.115403522485046,0.2658947182668736,1.159017278524074
2-melrose avenue_2018,14.478556944481252,10.066285590965336,0.3293216877412786,0.6604173559370264
2-metcalf avenue_2018,14.450513473400328,10.038243313608868,0.261389586521365,0.4885800148186709
2-metcalf avenue_2022,13.962349664846736,10.038243313608868,0.3439816586433444,0.0708311807605914
2-metropolitan avenue_2018,14.127839713628102,9.715585992164767,0.2556927104245493,2.355471617516159
2-metropolitan oval_2018,12.947387314420205,8.535268041499705,0.2269660235836801,3.0191557884975797
2-mickle avenue_2018,14.717368235282835,10.305087965154565,0.2387275608615305,0.2540994354346548
2-mickle avenue_2022,14.229204348618508,10.305087965154565,0.2777385989418723,0.2904282981198061
2-mickle avenue_2024,13.866385585753765,10.305087965154565,0.2930126671394262,0.1376728051250726
2-miles avenue_2022,14.008816186822814,10.0847078908125,0.3866109061700583,0.3784364357202451
2-milton place_2019,11.969616012458982,8.051327087403624,0.3018667074437374,1.0851554839815003
2-minford place_2022,12.40708148460114,8.483135160182867,0.2646510251255583,0.7083805612005346
2-minnieford avenue_2024,12.625454691236014,9.064237009076752,0.2393336210577231,0.5812654479118535
2-monroe avenue_2018,13.419913961916723,9.007721617416138,0.1812867425985733,0.603714693228393
2-monticello avenue_2024,13.306365801419997,9.74509258754282,0.2516974966632958,0.0074720148387009
2-morgan avenue_2021,14.078169762769283,9.60980240167514,0.3049760157428031,0.6950952817779612
2-morgan avenue_2024,13.171067369445268,9.60980240167514,0.2904798790761285,0.0110388471152163
2-morris avenue_2017,15.72459825481775,11.395456208069168,0.3115139353117901,0.8599743163952512
2-morris avenue_2019,15.31404650578075,11.395456208069168,0.3288556535098935,0.2674283434245129
2-morris avenue_2024,14.956775414117146,11.395456208069168,0.3767261184775658,0.8273720826511769
2-morris avenue_2025,14.950793344356088,11.395456208069168,0.0,0.1385438094480591
2-morris park avenue_2019,14.992021502000878,11.073435392136789,0.3605820300099144,0.5054914221752889
2-morrison avenue_2017,14.1431588109027,9.814059624139876,0.2806105595093306,0.6875817220870638
2-mosholu avenue_2017,14.14798709650646,9.818887649852448,0.4586500564360835,1.9120578572500888
2-mosholu parkway_2022,15.0323666258287,11.108232132983009,0.4017445488709069,1.047634733903242
2-mount hope place_2021,13.29607601752317,8.8277872870471,0.2919312735543652,0.8379831846053942
2-mulford avenue_2024,12.872258084317632,9.31101580956082,0.3133354152709665,0.6948956510940623
2-muliner avenue_2024,13.012381168610016,9.451127406913455,0.3496242842829842,0.0120273802127184
2-murdock avenue_2021,14.537676672817735,10.069284886497169,0.3108700454537624,0.3264219007677115
2-murdock avenue_2022,13.993392546971496,10.069284886497169,0.2924214178156775,0.2841257562490037
2-murdock avenue_2024,13.630573861013923,10.069284886497169,0.249281712372057,0.263517445452483
2-needham avenue_2021,14.3271235351823,9.858741562716396,0.3202834238747488,0.1606722253888984
2-needham avenue_2024,13.420020891519012,9.858741562716396,0.3046767999433081,0.1923543924943292
2-neill avenue_2018,14.478234632793042,10.065963292807655,0.3459963351350315,0.5179601126665901
2-nelson avenue_2021,14.42344244654823,9.955055727730215,0.2927615839602279,0.4738711407722247
2-nelson avenue_2024,13.516339721565608,9.955055727730215,0.2603728930825658,0.2814124594381855
2-nelson avenue_2025,13.5103576579805,9.955055727730215,0.0,0.0056838164682976
2-nereid avenue_2018,14.927821506045843,10.515534962313588,0.3585835369581388,0.2792213815339139
2-nereid avenue_2021,14.983941823237664,10.515534962313588,0.3981500444223064,0.0889262091944015
2-netherland avenue_2022,14.086892362066274,10.162780995087363,0.2343201757434682,0.0043903483012928
2-newbold avenue_2019,13.825823224468172,9.907270726378371,0.2637369482794632,0.076497970972725
2-newman avenue_2024,12.361783211497077,8.79267981784124,0.3608043372807435,0.0436340370200613
2-newport avenue_2018,11.14751436521443,6.736374274636484,0.2468600779315257,1.9658388188279745
2-noble avenue_2018,14.199837719482934,9.787579857482434,0.2294520342761232,2.1239846044305075
2-noble avenue_2022,13.711674005941036,9.787579857482434,0.2979907459739571,0.0202927032677624
2-norton avenue_2025,12.195257061206313,8.640080833580926,0.0,0.6745248564318506
2-nuvern avenue_2024,10.312570206675952,6.7523756440821865,0.3845584232888507,0.5350303124628081
2-o brien avenue_2025,12.558680577747008,9.003451994079729,0.0,0.5991111886333511
2-o neill place_2018,11.8645728153594,7.452832417978087,0.3134827183965142,0.7541952421248793
2-oak terrace_2022,10.77934233692674,6.885670997204938,0.2450201510095186,0.665004874613665
2-oak tree place_2021,12.268929410944994,7.800900503120125,0.2989200589333761,0.8606934517717456
2-oak tree place_2022,11.724648330277422,7.800900503120125,0.3223676304396709,0.0772387803408021
2-oakland place_2018,12.471356467726189,8.059355485968897,0.2129738110497675,0.4839065344147269
2-odell street_2022,12.348841750833277,8.424907590482283,0.2882701348033352,0.3937973032404823
2-oliver place_2024,10.818626515969424,7.257981136798886,0.2050498078715107,0.234043925782498
2-olmstead avenue_2022,14.553469060056251,10.629343592541188,0.357997598257501,0.4407678998105513
2-olmstead avenue_2025,14.184668149547324,10.629343592541188,0.0,0.2141431691169107
2-oneida avenue_2022,11.949791176787189,8.025962449673882,0.2801241715720383,0.4856308851314346
2-osborne place_2022,11.490413400175974,7.566771481162751,0.3118006322135294,1.3925249108705269
2-osgood street_2018,11.331419240612766,6.920082159971216,0.2403375411730907,0.7225117891898493
2-osman place_2018,11.703345770856478,7.291705574808819,0.2698669791901355,0.6599005867663096
2-overing street_2018,13.156358133302874,8.744202268281633,0.316145304339431,1.0777971489541895
2-paine street_2024,11.35109615183222,7.790168130940892,0.3240805043260494,0.6761027459506869
2-palisade place_2021,11.899873182835316,7.432024892011992,0.2827039487046138,1.7645938011552855
2-park avenue_2024,15.032283397742429,11.470963396994543,0.3351750513310013,0.2990670173183445
2-park avenue_2025,15.026301327841988,11.470963396994543,0.0,0.0938545754716242
2-parker street_2024,12.679113463070074,9.117889906271818,0.2911244166427537,0.0139029051689914
2-parkview avenue_2024,12.243507596330687,8.682342214714087,0.2632480471144988,0.0168571170664229
2-parsifal place_2018,12.619356548865747,8.207312603848445,0.2625435562653716,1.370926883988769
2-patterson avenue_2018,13.6202906951339,9.208076383954497,0.2879467433057131,0.089200645458302
2-paul avenue_2022,13.15754686141877,9.233493461397126,0.4011701838252836,1.5343479197945216
2-paulding avenue_2017,15.33397399555634,11.004837252684956,0.2456853274308784,0.2155145241497186
2-paulding avenue_2024,14.56615123667238,11.004837252684956,0.3040304648798731,0.2910264737021706
2-pedestrian path_2022,14.2554330394942,10.331315806881436,0.1488208870639105,0.0383549538764639
2-pelham parkway_2022,14.767903396700149,10.843773351658507,0.3615155582319079,0.1597350581211589
2-penfield street_2018,12.781296148740465,8.369211933687655,0.2779318963914806,0.7101026212093587
2-pennyfield avenue_2022,13.71048591801812,9.786391834985093,0.2652134315894904,0.3721151284266102
2-perry avenue_2021,13.96302441905232,9.49466514883876,0.3190513109381204,0.5562959978107481
2-perry avenue_2025,13.049940105499196,9.49466514883876,0.0,0.4123083065901588
2-phelan place_2025,11.594091194951323,8.039056578228413,0.0,0.6941466808930289
2-philip avenue_2019,13.64614264452679,9.727599756172518,0.2932981409076919,0.512943379736992
2-philip avenue_2022,13.651690502410949,9.727599756172518,0.344135109366782,0.2368886531058814
2-pilgrim avenue_2024,12.827584072462638,9.266345811501846,0.3106911829610386,0.0213700257361924
2-plimpton avenue_2021,13.463076299091854,8.994765279359603,0.2808510134842029,0.8131056260733288
2-plymouth avenue_2024,11.707766632260345,8.1467179959196,0.2391074023032238,0.0229349712824958
2-polo place_2018,12.500011585732365,8.088001782035967,0.2637081700588186,0.7241612340891147
2-popham avenue_2021,13.365363414210506,8.897064982426668,0.2966236703126191,0.9696039847711716
2-post road_2017,13.928514512957024,9.599428244510843,0.2502972081103624,0.6438518888350678
2-post road_2018,14.011674623899156,9.599428244510843,0.2517083617112515,0.7147129584745059
2-powell avenue_2024,13.078121131373958,9.516862510664772,0.353566669980513,0.4082611954101656
2-pratt avenue_2024,13.071855768080946,9.510597596813655,0.2454914361982763,0.6895406849658337
2-prospect avenue_2017,15.565158580596782,11.23601845221894,0.3645174143859336,0.989392483672214
2-prospect avenue_2021,15.704439075343233,11.23601845221894,0.4178428677654296,1.0583456954395545
2-pugsley avenue_2018,15.020927324254671,10.608638399416098,0.3200101211957779,0.0651320949377822
2-pugsley avenue_2019,14.52721550900382,10.608638399416098,0.3099259643646595,0.2578927436410286
2-purdy street_2022,13.069568200831158,9.14552360921792,0.2932181904207047,0.0120273802127184
2-purdy street_2024,12.70675007094671,9.14552360921792,0.2969066364150217,1.343778224016812
2-puritan avenue_2019,11.523570076330904,7.60545671333354,0.2930249168622764,1.4184468841362994
2-puritan avenue_2024,11.16630313746713,7.60545671333354,0.3559850508447947,0.070644839569332
2-putnam avenue west_2019,12.490478423933691,8.57206268049225,0.3015732371554976,0.9860406500622592
2-quarry road_2022,12.37363055561269,8.449691131126412,0.3853591172663719,0.788639162019166
2-quimby avenue_2024,12.69999830402354,9.138772544591818,0.1954533469832501,0.2900542565968366
2-quincy avenue_2017,14.132238290899128,9.803139696602098,0.2280266133580711,0.376173603472765
2-quincy avenue_2022,13.727234694818952,9.803139696602098,0.3325429584813233,0.0085632306604878
2-radcliff avenue_2017,14.546981587552692,10.217864474138324,0.22964693430465,0.1415863640618708
2-radcliff avenue_2021,14.686262042336695,10.217864474138324,0.3022332233285876,0.3136421741213125
2-randall avenue_2018,15.90714261185457,11.49483934364887,0.368560698254021,0.0830535551352856
2-randall avenue_2022,15.418978547513934,11.49483934364887,0.4124638257756813,1.2531343281042806
2-randall avenue_2024,15.056159583453836,11.49483934364887,0.3707705349793451,0.5809858136716152
2-rawlins avenue_2024,12.29709988445072,8.735925906516457,0.3727519107018617,0.9874199863356754
2-reservoir avenue_2019,14.017431242987016,10.098870231876198,0.3646785437992541,1.5673859952022309
2-reservoir place_2022,10.21050124912422,6.2881751573754086,0.253273292766239,1.608397371258853
2-rev james a polite avenue_2024,13.234280396262314,9.67301143680851,0.3789945313408013,1.518987902845356
2-revere avenue_2017,14.41187356781397,10.082761666646215,0.2384452635710052,0.2109090136458672
2-revere avenue_2022,14.006869882997831,10.082761666646215,0.3130680060775518,0.0069756137364252
2-revere avenue_2024,13.644051192139283,10.082761666646215,0.2909525805739402,0.2013068567050353
2-review place_2019,11.600819831802047,7.682670201548494,0.2660205756706015,0.9280216547498538
2-reville street_2024,11.063931655425002,7.503137358701306,0.3115332882739608,0.6575718150460252
2-rhinelander avenue_2021,14.771809160333994,10.30340863281579,0.3508283577553657,0.567754011151883
2-rhinelander avenue_2022,14.227524961147491,10.30340863281579,0.3812864831170849,0.1127928274751221
2-rhinelander avenue_2024,13.864706198768824,10.30340863281579,0.3583975972501785,0.343305976199778
2-richardson avenue_2018,14.064991154398538,9.652741299177276,0.2556175110386649,0.7002220942319072
2-rider avenue_2017,13.295806587525144,8.966779347482897,0.2408293684290216,0.7354880210494702
2-river avenue_2024,14.050191122146488,10.488888042682994,0.3843236539486481,0.3236764326751569
2-riverdale avenue_2018,15.05208501001866,10.639795336588268,0.356412306423959,0.8835195755436108
2-riverdale avenue_2021,15.108205329307292,10.639795336588268,0.3994176375841878,1.937157671917412
2-riverdale avenue_2022,14.563921050706725,10.639795336588268,0.4145139869525679,0.5983968440141345
2-roberts avenue_2024,12.729550894456702,9.168322095796732,0.2845423524471132,0.5644043046672198
2-robertson street_2018,10.50023294788022,6.090159706429738,0.2661226581533362,1.418955143359439
2-rockwood street_2019,11.12378344209018,7.205909826236634,0.1980699137620937,1.2655663683309426
2-roebling avenue_2018,12.718689453958602,8.30662003959276,0.2421890981516395,1.292807518026427
2-rohr place_2022,11.14362881398002,7.220197087478777,0.2740603042306823,0.7987226731085838
2-rombouts avenue_2024,13.18716519997239,9.62589919161247,0.2676552821019066,0.1546933896764805
2-rosedale avenue_2017,14.975818963675849,10.646689284940573,0.2606534000638616,0.1709235118415853
2-rosedale avenue_2018,15.058979120880474,10.646689284940573,0.2616111167658294,1.7361410454650428
2-rosedale avenue_2022,14.570815160313035,10.646689284940573,0.3372703743423319,0.004191204618468
2-ryer avenue_2021,13.885079325151333,9.416726085172604,0.3118942823301258,0.8738424156093159
2-sacket avenue_2024,13.116923527685728,9.55566218536132,0.3533937044866977,0.2463130533408522
2-sampson avenue_2022,13.111518780000669,9.187469891601287,0.3289473649273919,1.3232214321439295
2-sands place_2024,11.399674727317809,7.838727642913664,0.2729184521461812,0.691395647521139
2-saxon avenue_2019,11.857051107952705,7.938799396747657,0.209720530982069,1.394708859720909
2-schieffelin avenue_2024,13.456604704533436,9.895323550744976,0.3200439779418694,0.1936735451301787
2-schley avenue_2021,13.848112537668284,9.379762326156078,0.3524078620124304,3.2022951215959647
2-schley avenue_2022,13.30382876065107,9.379762326156078,0.3558216388009634,0.2083953289653015
2-schofield street_2024,12.098266414665286,8.537126784297707,0.2658947182668736,0.4783437535207369
2-scott place_2021,11.680316255368602,7.212611635380498,0.3107027234421614,0.6696738243743032
2-sedgwick avenue_2019,15.460288721396036,11.541696923984553,0.304861696335256,1.6200612840712314
2-sedgwick avenue_2022,15.465836584765675,11.541696923984553,0.362246363717037,0.000499875041651
2-sedgwick avenue_2025,15.097035546655436,11.541696923984553,0.0,0.1985229361319626
2-seneca avenue_2019,12.71233173415777,8.793879069666529,0.3334916084830751,1.1510782285714116
2-senger place_2022,10.698966770695847,6.775936569760279,0.2865049092787661,1.028010981484563
2-seward avenue_2018,15.001591197659684,10.589302749255264,0.3178223350697659,0.7612730096075457
2-seward avenue_2019,14.507879386142648,10.589302749255264,0.3318029674375293,0.1049004098253697
2-seward avenue_2022,14.51342724781196,10.589302749255264,0.3842368074883105,0.3611648492115844
2-seward avenue_2024,14.150608413400231,10.589302749255264,0.3252228275200014,0.7117235661328808
2-sexton place_2021,13.46946383768135,9.001152037108444,0.3021779914929435,0.3552939908618007
2-seymour avenue_2024,13.61295780011544,10.051669557060608,0.290264940870035,0.0071742037480003
2-shakespeare avenue_2021,14.037074134447328,9.568709554712928,0.3204718952747717,0.7784529371390452
2-shakespeare avenue_2024,13.129971788777258,9.568709554712928,0.3015631159541109,0.5489303297995364
2-sheridan avenue_2018,14.422295516875774,10.010026592504088,0.2334185194702328,1.0648486585153003
2-sherman avenue_2018,13.772071384778464,9.359843130416952,0.2802863704906519,0.3435187798891783
2-sherman avenue_2022,13.283907899987437,9.359843130416952,0.2740901189323139,0.8276343662686974
2-sherman avenue_2025,12.915107535189728,9.359843130416952,0.0,0.8114634073779876
2-shore drive_2017,12.18384395896418,7.855073556249851,0.2957377732839976,1.051974805816753
2-simpson street_2024,12.897152583208625,9.335908148353278,0.341386251423642,0.4891933236388768
2-soundview avenue_2017,15.316531092697485,11.027870080894264,0.3016734802533101,0.5749828222093035
2-soundview avenue_2019,14.900928431162946,11.027870080894264,0.3271372796851612,1.5584603576692329
2-soundview avenue_2021,15.490653870090425,11.027870080894264,0.3684417006356668,0.1893799211614006
2-southern boulevard_2021,16.540892582750907,12.072464569555368,0.3883510255965168,0.03912455468405
2-southern boulevard_2022,15.996608152958634,12.072464569555368,0.4093348803792152,0.0320798934634116
2-spencer avenue_2017,13.183239336852193,8.85422709702427,0.2328565753825261,0.9046633956331758
2-spofford avenue_2018,14.14513561728703,9.732880873781506,0.3290996342674722,0.0389322100017874
2-spofford avenue_2019,13.651424069919864,9.732880873781506,0.3393498006984778,0.4317824164255378
2-stadium avenue_2018,14.269438360085926,9.85717676904349,0.3208084870325798,1.288047373112843
2-stell place_2024,10.80556762230803,7.244931240787831,0.265013272639068,0.1335688919214152
2-story avenue_2018,15.18200317837738,10.76971062316447,0.3514821973689136,0.8704980707004796
2-story avenue_2021,15.238123499596728,10.76971062316447,0.3944201808403993,1.1726678784975206
2-story avenue_2024,14.331020326462044,10.76971062316447,0.3665569897701934,0.3207782999409705
2-strang avenue_2018,13.784616337391062,9.37238702250469,0.246111546573904,0.5778485561964825
2-strang avenue_2024,12.933634527332128,9.37238702250469,0.3303908799847625,0.5460383155217332
2-stratford avenue_2018,13.882043443117592,9.46980632952919,0.2862626257975547,0.8058059986988831
2-street anns avenue_2019,14.298155921234384,10.425110727052376,0.4465800999935393,0.0930348659671893
2-street anns avenue_2021,14.887881235688717,10.425110727052376,0.4875829089327738,0.0414298097631395
2-street anns place_2019,10.726793795456802,6.85475257982832,0.2348211339118674,1.517454193817913
2-street lawrence avenue_2017,14.454096264923956,10.124982658613153,0.2361823584123466,0.4693158928092376
2-street lawrence avenue_2018,14.537256405000376,10.124982658613153,0.2535970850239572,0.3960206492801646
2-street marys street_2019,12.829560438033468,8.95661239280602,0.2910988476691676,0.902070096234183
2-street pauls place_2018,13.18420948738839,8.77204929766973,0.2506759266097512,0.4153494301821409
2-street pauls place_2021,13.240329719920926,8.77204929766973,0.3142490998365027,0.7924946540606438
2-street peters avenue_2018,13.452754217401166,9.04055796455459,0.2949488385189216,0.6581933512964167
2-street raymond avenue_2018,14.079222898457097,9.666972146343332,0.2288924102022081,0.8623412814463992
2-street raymond avenue_2022,13.591059239846109,9.666972146343332,0.2819289185079881,0.1380212978973746
2-street theresa avenue_2022,12.752863933892025,8.828858310704923,0.3182398044945505,0.1074183967672703
2-summit avenue_2021,13.186039454375608,8.717767580857476,0.3088603311615246,1.6603021147748247
2-summit avenue_2025,12.272956653360207,8.717767580857476,0.0,0.0274205955759921
2-summit place_2022,12.031668202456114,8.107814286330042,0.2245543204172275,0.1742893850966903
2-sutherland street_2024,10.73630935489049,7.175722705865632,0.2395597886488715,0.6725362266558209
2-swinton avenue_2017,14.1758466299829,9.846745708001608,0.2343877482958533,0.7544304089768439
2-swinton avenue_2024,13.408024423676643,9.846745708001608,0.313635454278288,0.3660310388627573
2-taylor avenue_2019,14.571621920083103,10.653043758896963,0.269089239375165,0.6947958208054698
2-teller avenue_2017,13.99045248521253,9.66136220036216,0.2159667639411878,1.9271204371585071
2-tenbroeck avenue_2022,14.077248657827342,10.15313765731366,0.3258241682182565,0.3832194991608447
2-tenney place_2017,10.241706792341825,5.915219707981954,0.1343480525310786,1.2677360249957554
2-thieriot avenue_2019,14.37414037024219,10.455567265434226,0.2400474903401402,0.3545927777344078
2-throop avenue_2022,13.359722136339736,9.43565120368759,0.3118006322135293,0.0132123314721348
2-tibbett avenue_2018,14.03910683230994,9.626858641413389,0.2643323816152776,0.5551486824026546
2-tibbett avenue_2021,14.095227123805856,9.626858641413389,0.3309667854147057,1.4581265313140015
2-tiebout avenue_2017,13.705333820813635,9.376264273928529,0.2275781483820755,0.8364680000041674
2-tiebout avenue_2024,12.937512098519695,9.376264273928529,0.2862442576821534,1.3410616118401324
2-tiemann avenue_2018,14.538781728720384,10.1265079220067,0.2334132179516658,0.2998823455330992
2-tiemann avenue_2024,13.68779918567152,10.1265079220067,0.3049068754090755,0.2625180987882313
2-tier street_2024,12.449059599498243,8.887863608726354,0.1977196369050763,0.6876319998718351
2-tiffany street_2018,15.188538016234604,10.776245325723568,0.3166209759236035,1.1226217411284616
2-tillotson avenue_2021,14.949652349633658,10.481246423643428,0.3348145487157109,0.3689394267587144
2-tillotson avenue_2024,14.04254929557809,10.481246423643428,0.3470264242999031,0.1742893850966903
2-tinton avenue_2018,14.53866204968208,10.126388247698369,0.2680245714023935,1.1415121229833305
2-tinton avenue_2025,13.68169744185176,10.126388247698369,0.0,0.3410332479487755
2-tomlinson avenue_2018,14.122584859134529,9.71033145170608,0.2661358206623738,0.7701545169207294
2-townsend avenue_2019,13.197421334801303,9.278911535692409,0.2799513746039437,0.8601435712511539
2-townsend avenue_2022,13.20296918897413,9.278911535692409,0.3090790809703764,0.5133624034179607
2-trinity avenue_2022,13.371024711528737,9.446952899434546,0.3102639566279485,0.0717623662268907
2-turnbull avenue_2025,13.173562314727148,9.618278857246604,0.0,0.7787742665273824
2-turneur avenue_2022,12.233022562828769,8.309114802805713,0.3287897404491967,0.7352483565785808
2-tyndall avenue_2017,13.3501677495474,9.021133848266432,0.2469111387194048,1.4603112576977868
2-tyndall avenue_2025,12.576364526078397,9.021133848266432,0.0,1.0136352047369035
2-undercliff avenue_2022,13.56422718092919,9.640141775974362,0.2635975636988401,0.5766695425012502
2-underhill avenue_2018,14.56549858446741,10.153223735888458,0.2095490975121215,0.2902038899952903
2-underhill avenue_2019,14.07178687953299,10.153223735888458,0.2049795806865385,0.7191559997409961
2-underhill avenue_2022,14.077334739688949,10.153223735888458,0.2553178465861264,0.1061601958283906
2-union avenue_2024,14.153464760900732,10.592159026964309,0.3243384468063068,0.3629750564872122
2-unionport road_2018,14.594585527502018,10.182309575836708,0.2564728801535365,2.5419720037424565
2-unionport road_2024,13.743602949116507,10.182309575836708,0.2956419209373263,0.0274205955759921
2-unionport road_2025,13.737620883886295,10.182309575836708,0.0,0.5671303399764583
2-university avenue_2019,15.394886017082714,11.476294863342142,0.3288880681755877,0.9384435365152884
2-university avenue_2021,15.944718271536756,11.476294863342142,0.3818031750333891,0.322445752388072
2-valentine avenue_2017,15.067944713265312,10.738812969291088,0.2807337688922065,0.7933092074589263
2-valentine avenue_2018,15.151104872670825,10.738812969291088,0.3017959494381679,0.6030583457782595
2-van cortlandt park south_2021,14.287884577036245,9.8195046730935,0.4336023959040062,1.285644952969961
2-van nest avenue_2018,14.692856200405316,10.28057675057384,0.2798625237085437,0.4492267775470333
2-virgil place_2022,13.04819664122837,9.12415430888036,0.2876820724517809,0.2897549226127113
2-virginia avenue_2019,13.13380174120453,9.215297953580386,0.3048232799757924,1.5440029896485936
2-vyse avenue_2021,14.509820508350815,10.04142990491127,0.3099759669266539,0.8691571947400971
2-wales avenue_2021,13.77321727362605,9.310506858500029,0.3092584078279658,0.6614500938166907
2-wallace avenue_2021,14.882481924046354,10.414077925091323,0.2992994223676398,0.6781858154197851
2-walton avenue_2018,15.627279526341988,11.214979506678928,0.2765216136351354,0.0542040540135121
2-walton avenue_2019,15.13356762414146,11.214979506678928,0.3032704265935548,0.310128261281611
2-waring avenue_2022,14.850321910993236,10.926190351717468,0.3521756562608686,0.1965531390406789
2-waring avenue_2024,14.487503014330915,10.926190351717468,0.3029814388031114,0.1910334973959761
2-washington avenue_2017,15.362020051736303,11.032882855242589,0.2792589119916726,0.9681618592840444
2-washington avenue_2018,15.44518021695243,11.032882855242589,0.3040026700059233,0.5427311847769749
2-washington avenue_2019,14.951468335582083,11.032882855242589,0.3100609815521413,0.2079893035425324
2-washington avenue_2021,15.501300541391975,11.032882855242589,0.3332811568493134,0.0452601314048645
2-waterbury avenue_2021,15.001848150459448,10.53344081389661,0.3768331550862003,0.305276380852732
2-waterbury avenue_2024,14.094745072237044,10.53344081389661,0.4060609288688644,0.2639015437863775
2-waters avenue_2024,10.674913603489896,7.114374013010636,0.3115332882739608,0.6855685350363949
2-waters place_2024,13.150619946929998,9.589356325295563,0.2936984206379266,1.0777971489541895
2-watson avenue_2019,14.575198977837402,10.656620733956974,0.3417199229899891,0.9962472819900818
2-webster avenue_2017,16.29159617433342,11.962449324533528,0.3490369158652591,0.8711678350521943
2-webster avenue_2019,15.88104439273382,11.962449324533528,0.3749186225007528,0.1493678316508234
2-weeks avenue_2018,13.26537644152178,8.853204314001982,0.2069235564702763,1.0001170419190104
2-wellman avenue_2019,12.534796661160495,8.616372873556333,0.2874588332500501,0.5983968440141345
2-wenner place_2022,11.441646572900884,7.518029998018625,0.3229356509036796,0.6450068052320104
2-west 161 street_2021,11.320035948756464,6.852647372062276,0.2321440211827378,0.6212214409883564
2-west 162 street_2022,11.7055667734949,7.781826676828426,0.2811904592152736,0.0340148785872776
2-west 163 street_2022,10.776955756503412,6.853841646772754,0.189160860444196,0.0840653751176675
2-west 166 street_2021,13.322605384384335,8.85431285977749,0.29266961396282,0.7071487001957589
2-west 166 street_2022,12.778322091406814,8.85431285977749,0.2980982237395978,0.0179381451310129
2-west 168 street_2024,12.324941831540116,8.763763566231617,0.3310387828982174,0.478715569847757
2-west 170 street_2019,13.20361066616756,9.285100302375728,0.3538504459767419,1.0789536510049251
2-west 172 street_2024,11.955671006393596,8.394560569869828,0.2818027541156177,0.2688814429880635
2-west 174 street_2017,13.168013255376918,8.839003177245502,0.2260731700938483,1.8601343720339092
2-west 176 street_2021,13.952307922190505,9.483949453457624,0.2935600664736857,0.419959554258617
2-west 177 street_2017,11.598247701254904,7.269781880332673,0.2608548302186367,1.659446381787346
2-west 179 street_2022,12.36356996973249,8.439632665988663,0.3152400165154388,0.6115574435199909
2-west 180 street_2022,12.896051008567396,8.972026234237997,0.2973573379751992,0.396357089077437
2-west 183 street_2017,13.206729846149887,8.877714335184667,0.313944811998848,0.4197624128089888
2-west 183 street_2019,12.79617895502653,8.877714335184667,0.3544850478656964,0.9939922395380072
2-west 183 street_2024,12.438908957483692,8.877714335184667,0.4289421424479616,0.4793349566746198
2-west 184 street_2017,12.132729832374071,7.803979497774121,0.2091904488069216,0.6807202855518177
2-west 188 street_2019,10.767817394871145,6.850254754330134,0.2077881632310151,3.438004929061416
2-west 188 street_2022,10.773365142757314,6.850254754330134,0.1453727706628044,0.4499922301582419
2-west 190 street_2022,12.35519380639126,8.431258284664565,0.3371722716515506,0.5131229828146742
2-west 225 street_2017,11.613434706338229,7.284958529390698,0.553434256591208,2.2651947037754865
2-west 231 street_2025,13.62224206884594,10.06693525559423,0.0,0.2488892677326255
2-west 232 street_2022,13.641817659481974,9.717727493042888,0.3616289258689275,0.3207057388989621
2-west 233 street_2018,13.017558137465077,8.60542571555484,0.2142530841389699,1.773985782239727
2-west 234 street_2019,12.862262219421556,8.943788858512761,0.2606621363969605,0.9835380808226444
2-west 237 street_2021,13.505297985594414,9.036981895772705,0.3838869328564832,0.0346912397899303
2-west 238 street_2019,13.811414912323755,9.8928631227613,0.3184930849289724,1.0142156720293598
2-west 239 street_2019,13.134575615014551,9.216071751944918,0.3324960882415735,0.1868114620668066
2-west 240 street_2019,12.561434893125284,8.643006439187092,0.3027466019131767,1.1815431293597514
2-west 242 street_2017,12.896632901202468,8.567667423424314,0.252156484690365,0.8391504746797883
2-west 252 street_2021,13.059727083117954,8.591476990297979,0.341812637838993,0.333754260554164
2-west 253 street_2018,12.4711066816746,8.05910577793442,0.2543437202880363,2.2421660750396883
2-west 254 street_2017,13.61019427021695,9.281133067077054,0.2666433874332599,0.4480136113541204
2-west 254 street_2021,13.749474627916294,9.281133067077054,0.306380027770832,0.7943038725196834
2-west 255 street_2017,12.19808998611862,7.869314170522493,0.2167966549262851,0.2601310033644903
2-west 255 street_2025,11.424290789329191,7.869314170522493,0.0,0.2869067719840292
2-west 256 street_2017,13.68725431094662,9.35818628915628,0.2668789448220177,0.0850761723551192
2-west 260 street_2017,13.205666193212537,8.876650828710028,0.2634948468377771,0.3317468036138815
2-west 261 street_2017,13.350733385018138,9.021699416311744,0.2560368705925394,0.3681785233221477
2-west 262 street_2017,12.333288711955158,8.004465188004863,0.252765807345553,0.8247454559166921
2-west 263 street_2017,12.596403916593436,8.267504145558497,0.2408362708553814,1.809288271512349
2-west kingsbridge road_2017,14.3763919336727,10.047281522145784,0.4691607496126761,1.0870456522966443
2-west kingsbridge road_2019,13.965840399112652,10.047281522145784,0.4675359292389619,0.6293550474721659
2-west mosholu parkway north_2019,12.359524537363436,8.441134756270177,0.303332768401238,2.2550950832574226
2-westchester avenue_2019,16.235246204681488,12.316649271546725,0.3754390486575606,0.5338583228765634
2-westchester avenue_2022,16.240794068627117,12.316649271546725,0.4110439231352034,0.3754181867558677
2-westchester avenue_2024,15.877975055255304,12.316649271546725,0.3963667174226155,0.0843411484337508
2-westervelt avenue_2018,13.807259846864175,9.395028651095767,0.2730355854550017,0.3616525351515112
2-wheeler avenue_2017,13.863267048196832,9.534185288621558,0.2296582323354034,0.817221495661872
2-white plains road_2018,17.028776517405735,12.616466466852165,0.3308483159775708,0.120357496663734
2-white plains road_2019,16.535064536594366,12.616466466852165,0.3442167090166906,0.3351141720116418
2-white plains road_2021,17.084896850346333,12.616466466852165,0.3571657055990041,0.3036538419614796
2-white plains road_2022,16.54061240066747,12.616466466852165,0.3770135085703244,0.3144457097209958
2-white plains road_2024,16.177793377273844,12.616466466852165,0.3854546048011335,0.0796426276521966
2-whitehall place_2017,11.395751145785455,7.067439533903528,0.2239275576264184,0.6797072681932431
2-wickham avenue_2018,14.75396734365949,10.341685885560205,0.2544044559873729,0.1738692699789707
2-wickham avenue_2022,14.26580344781715,10.341685885560205,0.307436640154055,0.3650596934731255
2-wickham avenue_2024,13.902984674559503,10.341685885560205,0.2729184521461812,0.2031040959764831
2-wilcox avenue_2017,13.851184337309016,9.522103445464554,0.2283586869933178,0.4574881361753162
2-wilcox avenue_2022,13.44618085927826,9.522103445464554,0.2991120365375865,0.0241070753432331
2-wilder avenue_2021,14.456286321808596,9.987898086259968,0.318023433640459,0.8247454559166921
2-wilder avenue_2024,13.54918357083988,9.987898086259968,0.3046224107341138,0.2559591802558328
2-wilkinson avenue_2024,12.816449864696422,9.255212632328002,0.283562191549663,0.664284635874844
2-william avenue_2024,11.709178694236083,8.14812966074071,0.2166859642983112,0.6709015716126255
2-williamsbridge road_2017,15.466814338083648,11.13767555487381,0.3914875209530008,0.3363293692733022
2-williamsbridge road_2018,15.54997450499069,11.13767555487381,0.4017883332548535,0.4372867204311204
2-williamsbridge road_2024,14.698991547725749,11.13767555487381,0.4300812593306047,0.6856692907039864
2-woodhull avenue_2018,13.872936306789576,9.460699890433023,0.2541754879621391,1.2341915829099326
2-woodmansten place_2024,10.1718459676897,6.611822885861123,0.2859564464843111,0.5921106363821734
2-woodycrest avenue_2022,13.340975945550015,9.416906493612585,0.296005218012339,0.554114971864388
2-woodycrest avenue_2024,12.978157596469917,9.416906493612585,0.3118488950305651,0.2666627052277055
2-worthen street_2021,13.618468485402206,9.150139815784293,0.3125083212845002,0.2321429351110104
2-wythe place_2019,11.931444062217189,8.013167290463254,0.2226672474233283,0.7292380007042989
2-yates avenue_2022,14.329343536086084,10.405224027037317,0.3058072555625202,0.8165145945102293
2-young avenue_2021,13.994359503296035,9.525997938223195,0.3343733063047104,0.1166268119317196
2-zerega avenue_2018,15.458948867625429,11.04665128759938,0.4726098699527449,0.3110078977552776
2-zerega avenue_2019,14.965236984544154,11.04665128759938,0.4944787070840727,0.4197624128089888
2-zulette avenue_2018,13.635668071249164,9.223452249182698,0.2259576741785655,0.5586438872214662
3-1 court_2019,11.049573857556862,7.322599342528401,0.2957886599847694,0.6330786540938258
3-1 place_2021,12.830570368167033,8.390852943279008,0.3051653319961688,0.8336479803475113
3-1 place_2024,12.033990861596015,8.390852943279008,0.1765578520772045,0.0330478540462003
3-1 street_2017,14.099760859758504,9.865415731150993,0.2223589298537918,0.5592728720036174
3-1 street_2024,13.508724087373905,9.865415731150993,0.303697341287941,0.4091250689396514
3-10 avenue_2018,15.390957914612862,11.001848006912162,0.3154567162697114,0.0802888312288029
3-10 avenue_2021,15.441773239192296,11.001848006912162,0.3673696064158203,0.1340062798477338
3-10 avenue_2024,14.645190710909768,11.001848006912162,0.3496183262454427,0.0047885167317971
3-10 street_2017,14.12830877487564,9.89396220562499,0.2704317408317455,0.6779827800401728
3-10 street_2018,14.283038724146415,9.89396220562499,0.2795475880326305,0.1172495600502397
3-11 avenue_2019,14.791550265729567,10.955561830708978,0.3455501695438332,0.0403738941382732
3-11 avenue_2021,15.395486282525312,10.955561830708978,0.3774540416819958,0.4425039555431507
3-11 avenue_2024,14.598903765590292,10.955561830708978,0.3877864435143264,0.0050870390485571
3-11 street_2019,13.637949055456058,9.80199768461617,0.3112396111404883,0.78294217967616
3-12 avenue_2017,15.293463819082648,11.059083016931972,0.2978320148871123,0.1340062798477338
3-12 avenue_2018,15.448193840502352,11.059083016931972,0.3247777600651286,0.2012250872131871
3-12 avenue_2019,14.895073132057076,11.059083016931972,0.3238561606261843,0.1806534996932576
3-12 avenue_2021,15.49900916565208,11.059083016931972,0.3533568641318137,0.0025966258472659
3-12 avenue_2024,14.70242662404504,11.059083016931972,0.3852225662368198,0.0068763039394321
3-12 street_2021,14.373783602923943,9.933889828044675,0.4112020450284615,0.1302384769237292
3-12 street_2024,13.577201532021348,9.933889828044675,0.3854969498711151,0.1927668146554932
3-13 avenue_2017,15.298851198082945,11.06447031256969,0.3026218197112176,0.1844027229977792
3-13 avenue_2018,15.45358121967834,11.06447031256969,0.3273468110313193,0.1983589344915786
3-13 avenue_2021,15.504396544880088,11.06447031256969,0.3790660595408247,0.204653662000365
3-13 avenue_2024,14.70781400205769,11.06447031256969,0.3781039743658149,0.0070749136719618
3-13 avenue_2025,14.574805817089477,11.06447031256969,0.0,0.271400239877498
3-13 street_2019,13.749499048304887,9.91354196208458,0.3129417392110187,0.7616932855949595
3-14 avenue_2017,15.494006218190316,11.259622596682815,0.3207215395330022,0.1699115367172731
3-14 avenue_2019,15.095615510878275,11.259622596682815,0.3490315215534543,0.3275035666384525
3-14 avenue_2024,14.902968989750166,11.259622596682815,0.401357064782658,0.0037927982386962
3-14 street_2021,14.331147909009529,9.8912562218721,0.4069353611043859,0.4578045217887379
3-15 avenue_2018,15.612691433384654,11.223578251472889,0.3086447901839802,0.4016578697652103
3-15 avenue_2019,15.05957070304592,11.223578251472889,0.3177623291677655,0.1670386999294371
3-15 avenue_2021,15.663506760002871,11.223578251472889,0.3568438794400165,0.0021975835434872
3-15 avenue_2022,15.08933479650042,11.223578251472889,0.3540026530615665,0.0025966258472659
3-15 avenue_2024,14.866924184085596,11.223578251472889,0.3336476569380971,0.0052860044292373
3-15 street_2018,14.385344324544484,9.99626295808272,0.3591865278357411,0.1888005228916637
3-16 avenue_2018,15.518543154763956,11.129431274982409,0.318545916369984,0.2614407612465538
3-16 avenue_2022,14.99518652913353,11.129431274982409,0.3880751811264061,0.0027960873020012
3-16 avenue_2024,14.772775923598068,11.129431274982409,0.3365154471645922,0.0058826631581554
3-17 avenue_2017,15.291248700833975,11.128325808905103,0.2976906427272304,0.0935814136215305
3-17 avenue_2018,15.535518230805293,11.128325808905103,0.3153143654410253,0.3028415842096035
3-17 avenue_2019,14.855930754272444,11.128325808905103,0.3352083923714333,0.0941276627246982
3-17 avenue_2022,14.933639712184345,11.128325808905103,0.3671399937864964,0.137934186089314
3-17 avenue_2024,14.52349092051118,11.128325808905103,0.3663091012479332,0.0060814703158679
3-17 street_2019,13.792573066447217,9.956613938371827,0.279888442973139,0.8453960530976072
3-18 avenue_2019,15.064872062551007,11.337264413843878,0.3977177389072341,0.5718266453233896
3-18 avenue_2022,15.142581025443723,11.337264413843878,0.4663850934231002,0.0020977980821461
3-18 avenue_2024,14.7324322025177,11.337264413843878,0.4320832556292535,0.0047885167317971
3-18 street_2017,14.342144669610397,10.107788523030525,0.2053994099419789,0.4769792429821607
3-18 street_2019,13.943754159994564,10.107788523030525,0.22386210915733,0.1151128071005045
3-19 avenue_2018,15.34871587060048,10.94152642913686,0.3730680094109141,0.4715025053694714
3-19 avenue_2019,14.669128429854917,10.94152642913686,0.377294231141468,0.2922217524938127
3-19 avenue_2021,15.31310638440418,10.94152642913686,0.4011865617759765,0.0029955089797984
3-19 avenue_2024,14.336688624710908,10.94152642913686,0.4100522721150704,0.004987541511039
3-19 street_2018,14.623851720756807,10.23476080446266,0.276638141178379,0.3828104175433582
3-19 street_2019,14.070731197121049,10.23476080446266,0.2840964366197505,0.4899287980530054
3-2 avenue_2018,15.351414071824175,10.962304828215055,0.4679862861982333,0.0208804775793552
3-2 avenue_2019,14.798293378046363,10.962304828215055,0.478340316290847,0.2174473587693287
3-2 avenue_2022,14.828057468977212,10.962304828215055,0.5142420730449886,0.22442273281259
3-2 place_2017,12.599566414853232,8.36539953480737,0.2236662904792758,1.0260774374848614
3-2 place_2024,12.00853175454519,8.36539953480737,0.1851909992219074,0.0339182182034606
3-2 street_2017,14.273310508906231,10.038957224797896,0.1455567868158526,0.2673518059785301
3-2 street_2024,13.682273639895572,10.038957224797896,0.2144357978955402,0.1939206926373065
3-20 avenue_2018,15.31764279181867,10.910453902404903,0.3403661031988773,0.3924474110268609
3-20 avenue_2019,14.638055357701797,10.910453902404903,0.3451999034704017,0.1029175340066863
3-20 avenue_2021,15.28203330586932,10.910453902404903,0.3794702781376504,0.2326185216767279
3-20 avenue_2024,14.305615557858417,10.910453902404903,0.3907625248215357,0.006379606964039
3-20 street_2018,14.573179957512467,10.18409088407332,0.2948184022730253,1.1635569773084915
3-21 avenue_2018,15.20987345695781,10.802686620740817,0.3236933186852726,0.2449050430957224
3-21 avenue_2024,14.197846267365415,10.802686620740817,0.3638532190171825,0.0072734839664983
3-21 street_2019,13.471174376082566,9.63523283217156,0.159286968146713,1.135490516754544
3-22 street_2017,13.587161139351712,9.35285028681261,0.1782586058726822,0.6154558728440737
3-23 avenue_2017,14.384946252203845,10.22204469320856,0.2983278192482954,0.4365114765134898
3-23 avenue_2018,14.62921570908844,10.22204469320856,0.3419207023072668,0.4091914898489782
3-23 avenue_2024,13.61718886136324,10.22204469320856,0.3516816552847417,0.0127187724077746
3-23 street_2024,12.925270073184713,9.282001787588165,0.2749577827874069,0.6555491501446269
3-24 avenue_2022,13.998050070106428,10.192758411365904,0.3535494974394058,0.0092570212626767
3-24 avenue_2024,13.587901535128877,10.192758411365904,0.3330180017531253,0.0155780299633184
3-24 street_2024,12.606496150885093,8.963261898040262,0.2447797135028313,0.6666491892537171
3-25 avenue_2024,13.195529980753186,9.800404243247211,0.3966910966142676,0.0110388471152163
3-26 avenue_2017,13.115273173410682,8.95246323184598,0.4623148323330672,1.8174109715302025
3-26 avenue_2024,12.34751745535158,8.95246323184598,0.5059863471252415,1.687879338740663
3-26 street_2018,13.134524928115171,8.745555760300798,0.1723189303763663,1.7591674046273955
3-27 avenue_2024,12.872055755123052,9.4769504770421,0.3495229928167037,0.8473264314076195
3-27 street_2018,13.123359612243291,8.734392209356095,0.1837108844566485,1.0426766563378065
3-28 avenue_2024,12.507000146681309,9.111927484596682,0.2748850211182221,0.0442082546643203
3-28 street_2018,13.12885402898618,8.739885755121577,0.1949518949108432,1.1191009550954254
3-3 avenue_2018,16.730055777811067,12.34093372098932,0.3781933132934864,0.1731126177086447
3-3 avenue_2019,16.176934965083333,12.34093372098932,0.3811553535992768,0.3285840637722067
3-3 avenue_2022,16.206699064224807,12.34093372098932,0.4257055728249587,0.9040561942058124
3-3 place_2018,12.298026690247818,7.909263150337696,0.2695611289240182,1.3661171636810732
3-3 place_2024,11.552264310820116,7.909263150337696,0.1108625928118096,0.0529718847661057
3-3 street_2018,14.732393202712071,10.343298639583235,0.1794025902681193,0.437222139721356
3-3 street_2021,14.783208517736677,10.343298639583235,0.2162522810527371,0.0213700257361924
3-32 street_2024,12.622642059451202,8.979405809725744,0.2229464875634488,0.9699831460709292
3-33 street_2024,12.667909845563718,9.024668166123291,0.1851909992219074,0.9421144118836132
3-34 street_2024,12.667768140371656,9.024526477547695,0.2600880874604763,0.9421923693968082
3-35 street_2017,13.263881899172056,9.029603662569224,0.1765861867092104,0.2196173415376515
3-36 street_2019,13.946086697855634,10.11012096797548,0.2892312594386103,0.5388881615308743
3-36 street_2024,13.753440304111136,10.11012096797548,0.3470889145358241,0.2299999921106961
3-38 street_2018,14.239718600428889,9.85064428896074,0.2490263405116228,0.8480975405577679
3-38 street_2021,14.290533902842869,9.85064428896074,0.3082314662419422,0.3739744410167935
3-38 street_2022,13.716362299493117,9.85064428896074,0.3198411978932604,0.0087615056685727
3-39 street_2018,15.35325008351356,10.964140808486023,0.3572680778591801,0.1759680828217793
3-39 street_2021,15.404065407699044,10.964140808486023,0.3946862209308427,0.1169827154856143
3-39 street_2022,14.82989348039506,10.964140808486023,0.4306807658293284,0.0028958031120255
3-4 avenue_2021,16.798686635433384,12.358749170227265,0.4026035666299857,1.0102909631613453
3-4 street_2018,14.318601754259786,9.929523494002025,0.1549551850999338,0.3164152912746534
3-4 street_2021,14.36941705913268,9.929523494002025,0.1933020592773987,0.0081665626663934
3-4 street_2022,13.795245419194924,9.929523494002025,0.203070118122654,0.3090276264711589
3-4 street_2024,13.572834991279803,9.929523494002025,0.1935316972675652,0.0038924147153438
3-40 street_2022,14.42483503588461,10.559090828032136,0.3160980174260756,0.0042907814171562
3-41 street_2019,14.462752432390529,10.626770648033869,0.2319419410193756,0.17898265552844
3-41 street_2021,15.066688382686428,10.626770648033869,0.3013405102765285,0.1603315389023394
3-41 street_2022,14.492516518945438,10.626770648033869,0.2986137237433323,0.0040916179032535
3-42 street_2021,14.979658922580017,10.539743367641648,0.2917345155632478,0.3752120649371435
3-42 street_2022,14.40548707902237,10.539743367641648,0.2895710435245395,0.0043903483012928
3-43 street_2018,15.016596861881126,10.627494429808657,0.2268790204822206,0.1118096750520055
3-43 street_2022,14.49324031790403,10.627494429808657,0.2961448216785215,0.0039920212695374
3-43 street_2025,14.137821609256523,10.627494429808657,0.0,0.3477653713087881
3-44 street_2022,14.557691863573195,10.691944494128592,0.3062191305249571,0.0037927982386962
3-44 street_2025,14.20227314139933,10.691944494128592,0.0,0.2455310701918389
3-45 street_2022,14.51730016958072,10.651553717298288,0.3256900272399833,0.0039920212695374
3-46 street_2021,15.083814221219562,10.643896079527186,0.3033739988115539,0.2145467040886915
3-46 street_2022,14.50964235370954,10.643896079527186,0.3208427080056585,0.3476241084183145
3-46 street_2024,14.287231796030534,10.643896079527186,0.2888960688022453,0.0578914784157775
3-47 street_2017,14.945274561323352,10.782357647333727,0.2283215322997469,0.5666197740881866
3-47 street_2022,14.587665613299702,10.782357647333727,0.3215048395114309,0.0034938892542557
3-47 street_2024,14.17751689014088,10.782357647333727,0.325415558594036,0.0987587720232638
3-48 street_2018,15.147660707137344,10.75855533438333,0.2432338109951767,0.3159050313955208
3-48 street_2022,14.624304137744856,10.75855533438333,0.3170819392713423,0.4562215917719499
3-48 street_2024,14.40189356658719,10.75855533438333,0.2964794685315505,0.284351532355325
3-49 street_2021,15.19400202356188,10.754081423270172,0.312966604020348,0.3351141720116418
3-5 avenue_2017,16.088988920514673,11.854599605713773,0.3355711755402302,0.432755968344068
3-5 avenue_2022,15.720362269646774,11.854599605713773,0.3966279712082615,0.0690595359314946
3-5 avenue_2024,15.497951624623088,11.854599605713773,0.3632446108575988,0.0018981972830802
3-5 street_2022,13.81595335341114,9.950230450717466,0.2550069489329263,0.0079681696491768
3-5 street_2024,13.593542920286533,9.950230450717466,0.2577721113825084,0.4531117615755174
3-50 street_2019,14.621021686677445,10.785036428076134,0.2826942514237082,0.2285688079592743
3-50 street_2022,14.650785775479513,10.785036428076134,0.347305394625555,0.1886349188505467
3-51 street_2019,14.639176860618466,10.803191237508548,0.30785611055321,0.3763108906778131
3-51 street_2024,14.446530373655484,10.803191237508548,0.3204623060300686,0.3804891220379873
3-52 street_2017,15.141499056911377,10.907120801132528,0.295242382658366,0.3215761240993371
3-52 street_2024,14.550461892042176,10.907120801132528,0.3561516203463041,0.4717520997798524
3-53 street_2018,15.27644622812121,10.869258097566489,0.2852278172927295,0.1755486725065259
3-53 street_2019,14.59685880311628,10.869258097566489,0.2889446918280931,0.2085576929857913
3-53 street_2022,14.674567753216428,10.869258097566489,0.3731364670860434,0.0874612757699945
3-54 street_2021,15.143866701791978,10.77228997059508,0.313046030810425,0.262902581087558
3-54 street_2025,14.372590997707707,10.77228997059508,0.0,0.0034938892542557
3-55 street_2019,14.474287999126908,10.63830594255395,0.2318224044794745,0.4665602074679753
3-55 street_2024,14.28164152887637,10.63830594255395,0.2743755411406817,0.3131304969053683
3-56 drive_2018,13.412883241405622,9.005797516382495,0.2965896503428936,0.8161167429036288
3-56 drive_2021,13.37727380160735,9.005797516382495,0.3192559552587102,0.020390689647734
3-56 drive_2022,12.811005809766511,9.005797516382495,0.3249740342074686,0.0527821854389694
3-56 street_2018,14.994381633905263,10.605279739603784,0.2570981736371409,0.4343764516025845
3-58 street_2017,15.01399626870935,10.851077997259852,0.2547399271039335,0.0911195933674838
3-58 street_2018,15.258265782851016,10.851077997259852,0.2663514297428838,0.25742902928076
3-58 street_2024,14.246238572743431,10.851077997259852,0.279621657168796,0.2622104064781114
3-58 street_2025,14.451380569977864,10.851077997259852,0.0,0.0031948908965191
3-59 street_2017,15.077108064895306,10.842731010388867,0.2405653439088866,0.490112582168449
3-59 street_2018,15.231838078416631,10.842731010388867,0.2596419716417598,0.0338215484755106
3-59 street_2022,14.708481494372458,10.842731010388867,0.3282216741617629,0.0931259779894837
3-59 street_2024,14.486070914258336,10.842731010388867,0.307013710843723,0.0046889894861315
3-6 avenue_2017,15.728790148783382,11.494403870511691,0.3001715463320143,0.1344434765494907
3-6 avenue_2019,15.330399422354844,11.494403870511691,0.3117469310528042,0.2530906276821618
3-6 avenue_2022,15.360163517814597,11.494403870511691,0.3708609369634696,0.0081665626663934
3-6 avenue_2024,15.137752888867103,11.494403870511691,0.3553686724182484,0.2339647899457931
3-6 street_2018,14.546274772603743,10.157186716285938,0.2038126076296176,0.2410620518165547
3-6 street_2022,14.022918352872862,10.157186716285938,0.2589972579195867,0.4623494103088759
3-60 street_2017,15.828239742420465,11.59385251377932,0.4052096476392824,0.1573455707237775
3-60 street_2024,15.237202471244665,11.59385251377932,0.4347770188978321,0.2708664795232191
3-60 street_2025,15.104194262319178,11.59385251377932,0.0,0.001998002662673
3-61 street_2018,15.19723634507457,10.808129956674067,0.297187805810909,0.3408910307829239
3-61 street_2022,14.673879766904186,10.808129956674067,0.3647111940590524,0.1472123796803867
3-62 street_2018,15.2155673181605,10.826460566785633,0.2876961568596374,0.3113009380504149
3-62 street_2021,15.26638264077455,10.826460566785633,0.3523190746264799,0.2053053931843299
3-62 street_2022,14.692210736853047,10.826460566785633,0.3619479410224221,0.0048880340727759
3-63 street_2017,14.943818918179916,10.78090203396456,0.2190882809856692,0.2809595266909542
3-63 street_2018,15.188088427568935,10.78090203396456,0.2417745452638763,0.535381641661878
3-63 street_2019,14.508501023420331,10.78090203396456,0.2737482365718818,0.1135965065825405
3-63 street_2022,14.586209970358611,10.78090203396456,0.305292059871853,0.0051865266873
3-64 street_2017,15.105983513150376,10.871605910370578,0.2348587314818383,0.1080469040831337
3-64 street_2018,15.26071352782722,10.871605910370578,0.2587261791909085,0.2137394712389158
3-64 street_2019,14.707592849145708,10.871605910370578,0.2819810982135505,0.1853170657737531
3-64 street_2022,14.73735693903452,10.871605910370578,0.3122152589756529,0.0046889894861315
3-65 street_2017,15.917424148650172,11.68303614450802,0.3325937320954587,0.3251945967115522
3-65 street_2019,15.519033409803322,11.68303614450802,0.3729158894126143,0.3555743384946994
3-65 street_2022,15.548797506371328,11.68303614450802,0.4153201655672852,0.0020977980821461
3-65 street_2024,15.326386868286615,11.68303614450802,0.3855961656158331,0.5608721412501264
3-66 street_2024,14.170777085238086,10.775617978130844,0.3282918428625808,0.3457151037023904
3-67 street_2017,15.203245310274026,10.968865972983782,0.2506105019211114,0.4168665308326068
3-67 street_2022,14.8346187247914,10.968865972983782,0.3414074718079439,0.0826853666186078
3-68 street_2018,14.918306512348916,10.511126479337577,0.2800606736565565,1.3702666000426933
3-68 street_2019,14.23871918457505,10.511126479337577,0.3114170513879507,0.2793726445806401
3-7 avenue_2018,16.31624307339269,11.927123228302952,0.3386308732016421,0.206526245490772
3-7 avenue_2022,15.792886378921414,11.927123228302952,0.4067254258336913,0.1009307185784405
3-7 avenue_2024,15.570475731304096,11.927123228302952,0.3665899555352494,0.1354919694371567
3-70 street_2017,14.768261444617478,10.53389136046221,0.2342241685704393,0.7773504518420197
3-70 street_2018,14.922991443448304,10.53389136046221,0.2564395094159002,0.4057317392255952
3-71 street_2019,14.522025230639915,10.686042080360911,0.2782628505352893,0.7835818580311534
3-71 street_2024,14.329378755264374,10.686042080360911,0.3144750848901674,0.2860056680708364
3-72 street_2017,15.11121869467069,10.87684099417197,0.2499700246120333,0.3826740198073491
3-72 street_2018,15.265948709553484,10.87684099417197,0.2743452922150931,0.2554171118645054
3-72 street_2019,14.71282802996289,10.87684099417197,0.2786505469424276,0.5797544932048547
3-73 street_2021,15.142464800294286,10.770888098148,0.3130136534204366,0.086452887730199
3-73 street_2024,14.166047109473816,10.770888098148,0.3066906637981728,0.2772528769612417
3-74 street_2017,14.915809732780566,10.752893429997128,0.2246634889094105,0.0560967393518701
3-74 street_2019,14.48049184303444,10.752893429997128,0.2631417485682323,0.6093306944668347
3-76 street_2017,15.017193267346,10.782817402252215,0.2324594999243408,0.4642998938290569
3-76 street_2019,14.61880261584479,10.782817402252215,0.2836040009684021,0.3652679183567513
3-77 street_2018,15.213252746882738,10.824146040972868,0.2688565832947616,0.1915290375448677
3-77 street_2022,14.689896165968229,10.824146040972868,0.3353954453548336,0.4343764516025845
3-78 street_2018,15.245228323652332,10.856120998867787,0.2611977263019405,0.6173994031216706
3-78 street_2024,14.499461155918482,10.856120998867787,0.3018059965187877,0.4223222251745873
3-79 street_2018,15.268114076104492,10.8790063203691,0.2526028993108407,0.624386424989153
3-79 street_2022,14.744757486116695,10.8790063203691,0.3219948997050821,0.3658923329883412
3-8 avenue_2019,15.11649528165803,11.280502107007266,0.3149984032535731,0.403062223491854
3-8 avenue_2021,15.720431345844965,11.280502107007266,0.3499194020795831,0.1030077500742291
3-8 avenue_2024,14.923848759309465,11.280502107007266,0.3525133730640891,0.0576083126203133
3-8 street_2022,13.668607411813923,9.802891925658605,0.3406090762519391,0.5985067764058244
3-80 street_2017,15.088102718740226,10.853725453604016,0.2307869006267778,0.3615828802913151
3-81 street_2021,15.230617828219698,10.8590393763144,0.3194909680126898,0.2216223949422709
3-82 street_2018,15.258994566720965,10.869886981529708,0.2582303879832155,0.206282194238798
3-82 street_2021,15.309809889854217,10.869886981529708,0.3236780756537342,0.1973743594202472
3-82 street_2022,14.735637978207125,10.869886981529708,0.3242625472527237,0.3289439702004214
3-83 street_2018,15.28839743964917,10.8992893101247,0.2646638934822693,0.4649282713789531
3-83 street_2021,15.33921276312137,10.8992893101247,0.3234133279166339,0.3532591166375631
3-84 street_2018,15.255026385710424,10.865918875215192,0.2661378325975282,0.5675839575845996
3-84 street_2021,15.305841708797166,10.865918875215192,0.3278795152048772,0.0031948908965191
3-84 street_2024,14.509259215390395,10.865918875215192,0.3180195881822157,0.3864861415103616
3-85 street_2021,15.293902576559589,10.92232296029166,0.3275996459176573,0.20936911789237
3-85 street_2022,14.727633577800026,10.92232296029166,0.3358809717640182,0.406730973229398
3-85 street_2024,14.317484824043362,10.92232296029166,0.3201937698384079,0.2735324368473388
3-86 street_2017,16.06367968452155,11.900749010585104,0.3557335035192083,0.539646289574184
3-86 street_2019,15.628361670859542,11.900749010585104,0.3887289042335389,0.2993635772256188
3-87 street_2022,13.08814952368563,9.222476631750224,0.3185596390140672,0.0296558849075106
3-88 street_2022,13.416783845970595,9.551083861794403,0.2904532782275598,0.02244618882983
3-88 street_2024,13.194373534989165,9.551083861794403,0.3153140111138669,1.09927873321127
3-89 street_2022,12.77904775785466,8.913409898941685,0.323230781669831,0.0401817896328318
3-9 avenue_2018,14.983754651303707,10.594653018507897,0.288888847581431,0.3088073540667292
3-9 avenue_2024,14.237987562835828,10.594653018507897,0.3288429258090525,0.0059820716775474
3-9 street_2018,14.941310642213072,10.552210082027685,0.4535284264766777,0.4707533481362814
3-90 street_2018,13.608139908655865,9.21911143806958,0.2359562654682822,0.6148071891086938
3-90 street_2024,12.86237383907598,9.21911143806958,0.3220834991691133,0.0091579377847656
3-91 street_2022,13.155134043529625,9.28945488477626,0.3406357866445093,0.0142973047008244
3-92 street_2017,14.37516602788816,10.140808576492075,0.3493277579098985,0.1339188175657872
3-92 street_2021,14.580711310673188,10.140808576492075,0.4185976270530502,0.3334677276009142
3-93 street_2022,13.016105646605515,9.150439980190606,0.3286917326461893,0.662533321942109
3-95 street_2017,13.26070989352433,9.026432032047762,0.2480848178274216,0.4216664874461724
3-96 street_2022,12.71349885922801,8.847869925896752,0.3115134821756625,0.6657759837638133
3-aberdeen street_2022,11.21110800621396,7.406373769911591,0.3112194502566345,1.6490431670264598
3-academy park place_2022,10.76853113952956,6.903744989442802,0.3431724291910324,0.2013886195111803
3-adams street_2017,14.652143452645133,10.417776598532551,0.2251459025687001,0.4531117615755174
3-adams street_2024,14.061106422859318,10.417776598532551,0.243110629755066,0.0031948908965191
3-adelphi street_2017,13.996418316291637,9.76207876053961,0.2317858375073624,0.419302264896186
3-adelphi street_2022,13.62779199151443,9.76207876053961,0.3054566561142913,0.42376333638954
3-adler place_2024,10.29890864929335,6.730818280996826,0.2516974966632958,0.7069021457922811
3-ainslie street_2018,13.735125374934446,9.346085229787768,0.2438401717242928,0.4463511005805068
3-ainslie street_2019,13.182005322649944,9.346085229787768,0.1788432924176298,0.4124407218445896
3-alabama avenue_2017,14.623852338516713,10.460943172856844,0.2588606368223194,0.2092880050237689
3-alabama avenue_2019,14.18853451031139,10.460943172856844,0.2478706894374493,0.4880890967921204
3-alabama avenue_2022,14.26624344315095,10.460943172856844,0.3279640438851992,0.0037927982386962
3-alabama avenue_2024,13.856094808797865,10.460943172856844,0.3257055520808813,0.0072734839664983
3-albany avenue_2017,15.515591282344436,11.28120738972764,0.2759071368428302,0.2409048808928519
3-albany avenue_2021,15.721136637355604,11.28120738972764,0.3502903435701558,0.0698058742439629
3-albany avenue_2022,15.146964667009463,11.28120738972764,0.3642582334993978,0.0077697372643606
3-albemarle road_2019,14.059949557157289,10.223979545260718,0.2863333832523841,0.2076643644657497
3-albemarle road_2022,14.089713636097647,10.223979545260718,0.3231609725254464,0.004489905272852
3-allen avenue_2022,12.09887987311718,8.293796135255723,0.420040902893882,0.669110602731704
3-alton place_2018,11.989956732989455,7.58325262632597,0.2612802535212327,0.6540424606791843
3-amboy street_2017,13.979287837754898,9.81640418600501,0.2382165465871312,1.1669560606466598
3-amboy street_2022,13.621679115785325,9.81640418600501,0.2811673914305872,0.007571265496318
3-amboy street_2024,13.211530773858904,9.81640418600501,0.2767288878116306,0.0079681696491768
3-amersfort place_2022,12.197360545838595,8.392253876937051,0.3027466019131767,0.0519280928603591
3-amity street_2017,12.938240519264657,8.704007730547056,0.2536114733578963,0.5181388170602154
3-amity street_2022,12.569614894228389,8.704007730547056,0.342337356073611,0.0152826235311569
3-angela drive_2018,11.421903399989851,7.015583698666127,0.2426680144917669,1.4622595361755908
3-angela drive_2025,10.615031485513196,7.015583698666127,0.0,0.0917584252395406
3-anthony street_2022,12.6017235785669,8.736111281856372,0.3213992413482914,0.0170537545658275
3-anthony street_2024,12.37931373493746,8.736111281856372,0.3013809168099428,0.5366103227397179
3-apollo street_2024,12.418375775771173,8.77516732833603,0.2996787887394123,0.7060634058264916
3-applegate court_2022,10.483067464171803,6.678969054399601,0.2486966257388272,0.1218635877568405
3-ardsley loop_2022,10.788314754027834,6.983892966028957,0.2956856723123027,0.2922964100025264
3-arkansas drive_2018,13.230811891961356,8.823750370426595,0.2404249431100543,1.0698698198024557
3-arkansas drive_2022,12.62893470691294,8.823750370426595,0.3248078325414935,0.0510732701840006
3-arlington avenue_2019,13.329369258291258,9.60181595797127,0.2574888029900983,0.6006480460630219
3-arlington avenue_2022,13.40707812104625,9.60181595797127,0.2647081271955239,0.1907030008218697
3-arlington place_2022,11.2466265244387,7.381466733041726,0.2541861180235987,0.8177954851250558
3-ashford street_2019,14.008413526833776,10.280827704569196,0.2401411276827808,0.6257779901890914
3-ashford street_2022,14.086122449511596,10.280827704569196,0.3035057696826614,0.0105442138756711
3-ashford street_2024,13.67597387891982,10.280827704569196,0.3002110150545996,0.0034938892542557
3-ashford street_2025,13.881115783474671,10.280827704569196,0.0,0.1134179670355567
3-aster court_2022,12.339988072107694,8.534851950577881,0.272448988869971,0.0527821854389694
3-atkins avenue_2017,14.575408065394695,10.412500298879806,0.2508286530853855,0.371494588537011
3-atkins avenue_2022,14.217799179537607,10.412500298879806,0.3051858195428711,0.0135083500247922
3-atkins avenue_2024,13.80765056122058,10.412500298879806,0.2903877683589814,0.0132123314721348
3-atkins avenue_2025,14.012792492084138,10.412500298879806,0.0,0.0900235026475885
3-atlantic avenue_2019,16.281904837884166,12.44590316780321,0.364973410731301,0.306160293697554
3-atlantic avenue_2022,16.311668937301164,12.44590316780321,0.415827895143711,0.1194704999761666
3-atlantic avenue_2024,16.089258275727385,12.44590316780321,0.3987305966603663,0.2164008704468172
3-autumn avenue_2017,14.63427423101822,10.4152373314204,0.2467622041333272,0.7655608610689906
3-autumn avenue_2021,14.793853661131008,10.4152373314204,0.3131678885821857,0.3269268237776815
3-autumn avenue_2022,14.255735006298236,10.4152373314204,0.3063680050478855,0.007571265496318
3-autumn avenue_2024,13.8958327967959,10.4152373314204,0.3247037514637059,0.1188491338383811
3-avenue b_2017,13.947590371689616,9.784708449372422,0.3153081387267121,0.3647125556211998
3-avenue c_2018,14.144931508931672,9.737782869353826,0.3069719751598992,0.3628359260522052
3-avenue c_2024,13.132905144752844,9.737782869353826,0.3449745769180378,0.5646317583245181
3-avenue d_2018,15.738815950803453,11.331620859350735,0.4239799144423154,0.2025325974100854
3-avenue d_2021,15.70320646207974,11.331620859350735,0.4634489120291015,0.001998002662673
3-avenue d_2024,14.726788582822884,11.331620859350735,0.4748767935405913,0.0316924467324897
3-avenue f_2018,13.39129148133764,8.98420840170698,0.2786371776311201,0.8488680555567208
3-avenue h_2018,15.314978677738988,10.90778983645959,0.3423078249946584,0.0314017631395316
3-avenue h_2019,14.635391244200084,10.90778983645959,0.3419292760842711,0.5359084041334539
3-avenue h_2021,15.279369191811169,10.90778983645959,0.3805384437176728,0.1907030008218697
3-avenue h_2024,14.302951444818872,10.90778983645959,0.3705983812231612,0.060153922819747
3-avenue h_2025,14.508093448700404,10.90778983645959,0.0,0.1380212978973746
3-avenue i_2018,15.635914089503682,11.228720281482694,0.3539153987665541,0.3223733122417113
3-avenue i_2024,14.623886749256815,11.228720281482694,0.3927760949232013,0.0501226094032106
3-avenue j_2017,15.79810487483021,11.635176232734434,0.3088927615788394,0.0869113719892964
3-avenue j_2018,16.04237442450135,11.635176232734434,0.3461057082810925,0.2151113796169455
3-avenue j_2019,15.36278687868773,11.635176232734434,0.3397121787599772,0.1306773236416162
3-avenue j_2021,16.006764934390784,11.635176232734434,0.3810667646203189,0.1306773236416162
3-avenue j_2022,15.440495847102758,11.635176232734434,0.394362334919461,0.0029955089797984
3-avenue j_2024,15.03034698952617,11.635176232734434,0.4062705663152657,0.016463726030665
3-avenue j_2025,15.235489052282372,11.635176232734434,0.0,0.0071742037480003
3-avenue k_2017,15.764476103346023,11.60154775919067,0.2773029888712645,0.1577726838725419
3-avenue k_2018,16.008745651996435,11.60154775919067,0.2987017560393645,0.0136070034062169
3-avenue k_2019,15.329158109772534,11.60154775919067,0.300242028714487,0.5279187011921681
3-avenue k_2022,15.406867077643351,11.60154775919067,0.3500953749546356,0.0027960873020012
3-avenue k_2025,15.201860284355313,11.60154775919067,0.0,0.2716289071295329
3-avenue l_2017,15.763470257057737,11.600541921969103,0.2776682204893426,0.0985775633609939
3-avenue l_2021,15.97213031570432,11.600541921969103,0.3567125317822499,0.1117202496104078
3-avenue l_2022,15.40586123141668,11.600541921969103,0.3634507886906653,0.0033942330680155
3-avenue l_2024,14.995712377358734,11.600541921969103,0.3345777805808101,0.0028958031120255
3-avenue l_2025,15.200854438175272,11.600541921969103,0.0,0.0038924147153438
3-avenue m_2017,15.76726930917675,11.604340939891143,0.2767057629738059,0.3427382781998593
3-avenue m_2019,15.331951315386574,11.604340939891143,0.2816149569076591,0.0633503155007617
3-avenue m_2024,14.999511428853411,11.604340939891143,0.3346469643978688,0.0092570212626767
3-avenue m_2025,15.204653489886008,11.604340939891143,0.0,0.2357043333590679
3-avenue north_2017,15.75103762955337,11.588109407289007,0.2938256271001864,0.1008403149260714
3-avenue north_2018,15.99530717778619,11.588109407289007,0.3071136048547389,0.0733433942242095
3-avenue north_2019,15.315719637030885,11.588109407289007,0.3156366331112779,0.081119051284792
3-avenue north_2021,15.959697687864065,11.588109407289007,0.3657492131533226,0.001598721363697
3-avenue north_2022,15.39342860467906,11.588109407289007,0.3677721935157044,0.0419094030772096
3-avenue north_2024,14.983279751914203,11.588109407289007,0.3473458486502139,0.1589676310956455
3-avenue o_2017,15.16295084910234,11.00002993685017,0.2952874283121438,0.2055496829131617
3-avenue o_2018,15.407220372291338,11.00002993685017,0.3091957944005959,0.0610950993598108
3-avenue o_2019,14.72763291961068,11.00002993685017,0.3037664921305676,0.2797507021255006
3-avenue o_2022,14.80534187390653,11.00002993685017,0.3549449455168509,0.004191204618468
3-avenue o_2024,14.395193104922788,11.00002993685017,0.3474950059119632,0.2164814084406593
3-avenue p_2018,15.916871382502158,11.509674359622355,0.3698816817080345,0.1558064511381996
3-avenue p_2022,15.314992817010992,11.509674359622355,0.456079091860294,0.0094551587707551
3-avenue p_2024,14.904843972785406,11.509674359622355,0.3984394408724797,0.2848781451190467
3-avenue r_2021,15.31095009929982,10.939370181773151,0.351029408219199,0.3943367503203206
3-avenue r_2024,14.334532340405564,10.939370181773151,0.3458125901762193,0.0060814703158679
3-avenue r_2025,14.53967434782839,10.939370181773151,0.0,0.0998453349697161
3-avenue south_2017,15.54779015147022,11.384863987195128,0.3073927576379915,0.0798272998595543
3-avenue south_2018,15.792059692652463,11.384863987195128,0.3173340801984827,0.5376038647985957
3-avenue south_2019,15.112472176692767,11.384863987195128,0.3050232577683563,0.1949909598946175
3-avenue south_2022,15.19018114058187,11.384863987195128,0.3897696685832882,0.0820407103362095
3-avenue south_2024,14.780032311403868,11.384863987195128,0.3353244021884461,0.0038924147153438
3-avenue t_2017,15.809361688270046,11.646432948659807,0.3038641588751113,0.0197045832743354
3-avenue t_2021,16.018021748120926,11.646432948659807,0.3625668906957717,0.1617786555626252
3-avenue t_2022,15.451752659879892,11.646432948659807,0.3765819482447661,0.0987587720232638
3-avenue t_2024,15.04160380118568,11.646432948659807,0.3310532088533962,0.1528927461031425
3-avenue u_2017,16.043877159017157,11.880946618674589,0.3292075028454951,0.0937635298121631
3-avenue u_2018,16.288146715191584,11.880946618674589,0.3542758918486892,0.0420052941450301
3-avenue u_2019,15.60855914650706,11.880946618674589,0.3688814718153265,0.001199280575482
3-avenue u_2021,16.25253722422897,11.880946618674589,0.3997050535812111,0.2858554051103734
3-avenue u_2024,15.276119239056808,11.880946618674589,0.3975672934658255,0.1599055175096224
3-avenue v_2017,15.48132464120793,11.318399245910593,0.2867383712154936,0.3791895766959017
3-avenue v_2022,15.123715635545514,11.318399245910593,0.3975359620877997,0.1508308897025838
3-avenue v_2024,14.713566815180869,11.318399245910593,0.3618871744195755,0.007372754329413
3-avenue west_2018,15.55237603232013,11.145183367843403,0.3004898905795284,0.0516432331518384
3-avenue west_2021,15.516766544682076,11.145183367843403,0.3344854180724589,0.079550278758009
3-avenue west_2022,14.950497511228049,11.145183367843403,0.371269256607281,0.004489905272852
3-avenue west_2024,14.540348716784166,11.145183367843403,0.3296022364107642,0.2488892677326255
3-avenue x_2021,15.677638537567889,11.306053241372634,0.3583229796128814,0.0020977980821461
3-avenue x_2024,14.701220664800704,11.306053241372634,0.3484081090038637,0.0037927982386962
3-avenue x_2025,14.90636270610513,11.306053241372634,0.0,0.0925791812930932
3-avenue y_2024,14.434950595086391,11.039786797872024,0.4610946989175782,0.004987541511039
3-avenue z_2018,15.378416813918667,10.971226860577517,0.3428329436910631,0.0819485826471674
3-avenue z_2019,14.69882936702678,10.971226860577517,0.3472301082598176,0.0656004570839488
3-avenue z_2024,14.366389556967873,10.971226860577517,0.3763540393944232,0.1572601261985834
3-aviation road_2025,15.751283493851592,12.150967205680823,0.0,1.0093438209099277
3-bainbridge street_2022,13.91797594680329,10.11268733991622,0.2947899040348399,1.0269014411141093
3-balfour place_2022,10.917188183054964,7.052266238439796,0.3178118139038102,0.1597350581211589
3-baltic street_2017,14.47484997000736,10.240488831177943,0.2572942069090303,0.3006970095292756
3-baltic street_2019,14.07645942446933,10.240488831177943,0.3018763411230804,0.9834632809123692
3-baltic street_2022,14.106223503785746,10.240488831177943,0.3397092790279729,0.0081665626663934
3-baltic street_2024,13.883813007935007,10.240488831177943,0.3271563031625108,0.5173045898636998
3-bancroft place_2022,10.851558230272596,7.047080912254021,0.2856211266317583,0.0882855648673603
3-banker street_2017,13.053760637537891,8.819510009544256,0.2690038128173105,0.3442986728706769
3-banker street_2019,12.655370887232598,8.819510009544256,0.2928028673443217,0.5107256187656574
3-banner avenue_2019,12.2735484413939,8.546118801825724,0.2443132328219225,0.4093243184338849
3-barbey street_2022,13.969054698295096,10.163764116535908,0.2835728506386387,0.0058826631581554
3-barbey street_2024,13.558906175745744,10.163764116535908,0.2875866480516894,0.026349775322782
3-barbey street_2025,13.764048053817048,10.163764116535908,0.0,0.9498028744066032
3-barlow drive north_2018,12.669527083826322,8.262575032162754,0.237219457884944,0.4185787472535475
3-barlow drive south_2018,12.678919696906936,8.271965262748335,0.2309724742876759,0.6981844720772133
3-bartlett street_2021,12.925797177865231,8.486059382804983,0.3160684434393521,0.0341115296287678
3-bassett avenue_2018,13.007065932299088,8.600040869895626,0.2493788330275753,0.8195595429143833
3-batchelder street_2019,13.84380766257884,10.11622782716899,0.2811491514101579,0.5094046146105438
3-batchelder street_2021,14.48778535777833,10.11622782716899,0.3316089252481389,1.1993621917682529
3-batchelder street_2022,13.921516574225816,10.11622782716899,0.3215083090209614,0.0262523711440657
3-bath avenue_2024,14.334617735522755,10.93945557542583,0.393958367532904,0.069619341880057
3-bay 10 street_2019,12.952342397655514,9.116444358574029,0.2630348803415117,0.0183309566847234
3-bay 13 street_2019,12.798378654423228,9.070871579638986,0.2521912367544405,0.01911611719223
3-bay 13 street_2022,12.876087432002684,9.070871579638986,0.3154545857684881,1.1744616009515476
3-bay 14 street_2019,12.450011979650196,8.72255166386978,0.2634882389592035,0.0532563663004314
3-bay 14 street_2021,13.0939882762853,8.72255166386978,0.3144607135844909,0.8760102573721317
3-bay 14 street_2022,12.527720671067128,8.72255166386978,0.3156691089914497,0.0195084663880429
3-bay 16 street_2021,13.92960357666096,9.55807587636267,0.3128757288939706,1.005546255548563
3-bay 16 street_2022,13.363335083788398,9.55807587636267,0.3176629046637167,0.0106431600984798
3-bay 17 street_2022,12.96457575511747,9.159350383295578,0.301758996589279,0.0157749191153622
3-bay 17 street_2024,12.554427985105464,9.159350383295578,0.3200824980011951,0.7392671161734985
3-bay 19 street_2021,13.33298105442018,8.961510255706584,0.3185782563661894,0.7435550831037909
3-bay 19 street_2022,12.76671311604603,8.961510255706584,0.3265492163194781,0.0161685811615837
3-bay 22 street_2022,12.837648783714116,9.032437336272643,0.342337356073611,0.9468587334405728
3-bay 23 street_2024,12.327541808630867,8.9324901087579,0.2748850211182221,0.7308282475276338
3-bay 32 street_2022,12.662084891005325,8.856895861749,0.3066192734715318,0.8291193420831597
3-bay 34 street_2022,12.7521920551395,8.946991029003494,0.2657521841394271,0.8058059986988831
3-bay 35 street_2021,13.306758000629255,8.935290566521976,0.2851531925973745,0.7573887826214101
3-bay 37 street_2021,13.52117919723572,9.149686674557474,0.2570816320030639,0.4758614387298954
3-bay 38 street_2024,12.50532088268441,9.110248399829556,0.2742299277439919,0.0218593343528935
3-bay 40 street_2022,12.34295989190539,8.537823200256843,0.3277679839963484,2.2031845590856687
3-bay 40 street_2024,11.932813145360369,8.537823200256843,0.2199199703509621,0.0194103935198233
3-bay 41 street_2022,13.207911824683512,9.40266422927396,0.3193802180180043,0.941256477891903
3-bay 41 street_2024,12.797763798200856,9.40266422927396,0.3445325571130069,0.0163653540862642
3-bay 44 street_2021,13.864536363200369,9.49301335132544,0.3077283347838838,0.0126200313561022
3-bay 46 street_2021,13.47721902527359,9.105731217361864,0.312909122893072,0.0185273046138836
3-bay 46 street_2024,12.50080321654452,9.105731217361864,0.1994159901532547,1.0895042696373824
3-bay 47 street_2021,12.862192915336848,8.490798252208982,0.2407950618895321,0.0339182182034606
3-bay 52 street_2018,12.659831537607287,8.252881968858661,0.2884740123057451,1.536673652479262
3-bay 52 street_2019,11.980246977453923,8.252881968858661,0.2945039882752395,1.6116554518750548
3-bay 53 street_2017,11.97225704602196,7.809719229565128,0.125163142954006,1.748573571778455
3-bay 7 street_2022,12.616733482909684,8.751118842593586,0.3260540092066734,0.9500349378383158
3-bay 8 street_2018,13.56315997841082,9.1741360117215,0.3469802142196279,0.5680940315563829
3-bay avenue_2022,12.628356390167044,8.823172136936066,0.301501240722059,0.0280041964095973
3-bay parkway_2017,15.542760017547652,11.379833909698288,0.3826113662458202,0.3766540262540447
3-bay parkway_2021,15.751420069563542,11.379833909698288,0.4587895654890377,0.1231021971339834
3-bay parkway_2024,14.775002178511471,11.379833909698288,0.436681064461672,0.3705975727790886
3-bay ridge avenue_2017,15.250538381356874,11.016158259712284,0.2870151834640772,0.5768380581595622
3-bay ridge avenue_2018,15.405268401342374,11.016158259712284,0.3118764503289396,0.4869836492804198
3-bay ridge avenue_2019,14.852147699227844,11.016158259712284,0.3358740510994045,0.1726920078181115
3-bay ridge parkway_2021,15.759358495067136,11.319428780222024,0.4195047183550195,0.3240381094124352
3-bay street_2017,13.830902669848534,9.596573330980464,0.2781597545631576,0.6141580843095735
3-bay street_2022,13.462276412028595,9.596573330980464,0.3698040648775267,0.0069756137364252
3-bay view avenue_2017,12.859295134073738,8.69652235867067,0.2873552216562579,2.806929760660347
3-bay view avenue_2018,13.103564149712,8.69652235867067,0.2830940989901195,0.674473915294324
3-bay view avenue_2024,12.09154009464967,8.69652235867067,0.3430189048475273,0.0238141780992548
3-bayard street_2017,13.08191954628074,8.847664873333356,0.1954879477338427,1.491982323161298
3-beach walk_2018,11.816421929336403,7.409813080861281,0.098197110438094,1.3410616118401324
3-bedell lane_2024,11.639301832197326,8.244376476400728,0.288543770049262,0.0350775266126961
3-bedford avenue_2017,16.703608347022016,12.469215816836726,0.2972669020501804,0.0968544413638821
3-bedford avenue_2021,16.909153725626926,12.469215816836726,0.3585430726401246,0.1392400670915041
3-bedford avenue_2022,16.334981675082982,12.469215816836726,0.3801056065300891,0.0335314832087923
3-bedford avenue_2024,16.11257101303625,12.469215816836726,0.3332571580109915,0.1091234270183541
3-bedford avenue_2025,15.979562784087552,12.469215816836726,0.0,0.1581142430936919
3-beekman place_2022,10.856833189402264,6.991963958011076,0.2811904592152736,0.0947645764444229
3-belmont avenue_2017,14.821478796794826,10.658564576413465,0.228914385594665,0.0773313429363234
3-belmont avenue_2019,14.386160925004445,10.658564576413465,0.2933091654821224,0.3026938300722188
3-belmont avenue_2022,14.463869867076976,10.658564576413465,0.2813047845902799,0.2092068855753367
3-belmont avenue_2024,14.053721174790262,10.658564576413465,0.3321050028689951,0.0039920212695374
3-belt parkway_2017,16.294047850951415,12.13111580260058,0.3053960935302094,0.0840653751176675
3-belt parkway_2018,16.538317412292184,12.13111580260058,0.3317080669275681,0.8648290022495548
3-belt parkway_2019,15.858729825438552,12.13111580260058,0.3502828004301298,0.0609069349035213
3-belt parkway_2022,15.936438800075342,12.13111580260058,0.393833916628208,0.1150236765687819
3-belt parkway_2024,15.52628990345939,12.13111580260058,0.3457458734065421,0.4039973648331296
3-belt parkway_2025,15.731431987736176,12.13111580260058,0.0,0.3402508031245623
3-belt parkway eb en cropsey avenue sb_2018,11.26178318306127,6.855617471103959,0.3135762987821336,0.530804706081303
3-belt parkway eb en east 14 street_2018,11.43817463630178,7.031840621680809,0.2201319287294105,0.5601299414501341
3-benson avenue_2018,15.154885494678984,10.747699794490336,0.2985452959471176,0.3267825860736957
3-benson avenue_2019,14.475298098856536,10.747699794490336,0.3080603392490698,0.5153951674803605
3-bergen street_2017,15.511456014346948,11.348530264103342,0.2619217910338181,0.8573896239539941
3-bergen street_2021,15.720116065298209,11.348530264103342,0.3378598613979348,0.1285691007947076
3-bergen street_2022,15.153847006272334,11.348530264103342,0.3519691969143547,0.004191204618468
3-bergen street_2024,14.7436981818396,11.348530264103342,0.3446651835707836,0.1576872758355937
3-berriman street_2022,14.066646119769668,10.261352034097268,0.2680274236591098,0.0159717695096986
3-berriman street_2024,13.65649755678574,10.261352034097268,0.2653071741841666,0.5458065926612362
3-berriman street_2025,13.86163945714674,10.261352034097268,0.0,0.0972174507153592
3-berry street_2021,14.646986955470076,10.207081722143483,0.2998244688645722,0.3894712183538149
3-berry street_2024,13.850404717963904,10.207081722143483,0.2359203116974032,0.0058826631581554
3-bethel loop_2022,9.63002277394068,5.827578325776265,0.3169552828021938,0.7329446504340114
3-beverley road_2024,14.43425815127149,11.039094364802033,0.3653906327411492,0.2992894454934969
3-beverley road_2025,14.639400169170282,11.039094364802033,0.0,0.0043903483012928
3-bevy court_2022,12.340182088635451,8.535045929833487,0.258142912874461,0.0554347068881005
3-bijou avenue_2022,11.57539902626947,7.770483463351601,0.2804797271313397,0.6480975120062211
3-blake avenue_2022,14.727708559637668,10.92239794080599,0.3452381916878934,0.5827182867905567
3-blake avenue_2024,14.317559805865733,10.92239794080599,0.3443551603245681,0.0080673710777587
3-blake avenue_2025,14.522701811399266,10.92239794080599,0.0,0.0071742037480003
3-bleecker street_2021,14.123547512239734,9.683667365305768,0.331130751200879,0.539121492920838
3-bleecker street_2024,13.32696563948724,9.683667365305768,0.3221390254191623,0.0061808590750811
3-bliss terrace_2021,11.27941452769718,6.840530299167675,0.2733677813053178,0.9301936370431464
3-boerum place_2018,13.728783543509476,9.339743946911469,0.3281061004699277,2.287461302848199
3-boerum place_2022,13.205427542617423,9.339743946911469,0.3965715103824866,0.2017973332946113
3-boerum street_2024,13.386344665858951,9.743042894432742,0.3442786775140424,0.3140805463063118
3-bokee court_2022,10.93902712137058,7.134478561938121,0.3263370147271698,0.1001167913347726
3-bond street_2021,14.077554532215158,9.637677282621295,0.359946982238375,1.4075664963954302
3-bond street_2022,13.503383043357887,9.637677282621295,0.3635741663990042,0.0110388471152163
3-box street_2019,12.618106584801856,8.782251198344694,0.1131869519072903,0.2863812267187328
3-box street_2021,13.222041271162944,8.782251198344694,0.2173023488350099,0.025472795973031
3-boynton place_2021,12.17956909551279,7.80837292321845,0.3046604089861988,0.4591954305291321
3-bqe eb entrance tillary street_2017,11.176880739609354,6.943435842172282,0.2743584112533103,0.8526264951052677
3-bqe wb entrance metropolitan avenue_2024,9.882220565241033,6.240760823525496,0.353566669980513,0.2151920215265896
3-bradford street_2017,14.291358059893152,10.128460012554626,0.2069012452127872,0.521765563804325
3-bragg street_2022,13.558189029276065,9.75291759557776,0.3043504735755756,0.0668171730373171
3-bridge plaza court_2022,9.393778774724566,5.531892257113534,0.2704760710028672,0.2639783457525456
3-bridge street_2017,13.590757024081832,9.356445864784918,0.2304890559370421,0.7250817990902911
3-bridge street_2024,12.999720654172684,9.356445864784918,0.288543770049262,0.1196479622658958
3-bridgewater street_2019,12.467103106605402,8.594210191990722,0.288277133463092,0.6923968991692412
3-bridgewater street_2022,12.488702136116396,8.594210191990722,0.3952166936167963,0.0291703772997798
3-brigham street_2021,14.051478064848697,9.679942362920915,0.3202667104103814,0.5406950573682685
3-brigham street_2022,13.485209494003817,9.679942362920915,0.2857669745156814,0.0700856075666877
3-brighton 1 street_2025,12.162399674283227,8.562264228127107,0.0,1.360950911781223
3-brighton 11 street_2022,12.871506664690129,9.06629132842269,0.3995653859809761,0.9235840707016204
3-brighton 2 street_2025,12.054124120791196,8.454009940242639,0.0,1.2579779184044422
3-brighton 3 street_2025,12.830618562580815,9.23039247748625,0.0,0.3261332588260336
3-brighton 4 street_2025,12.721595754225582,9.12138065078539,0.0,0.6930471755596119
3-brighton 6 street_2018,13.724609088692857,9.317490903405435,0.2521129046733762,0.0149871298082483
3-brighton 6 street_2019,13.04502250357978,9.317490903405435,0.2819973402853896,0.1387179193118226
3-brighton 8 street_2017,12.74246484458769,8.579712463266478,0.215532964783392,0.9260826343366242
3-bristol street_2019,13.699333871036972,9.971760166793436,0.2790401875353375,0.660469018169363
3-bristol street_2022,13.77704277138714,9.971760166793436,0.2886637333221886,0.0064789660977091
3-bristol street_2024,13.366894340893468,9.971760166793436,0.2760631088256529,0.0158733491562901
3-broadway_2018,16.015945050239274,11.626827491188733,0.3733984925251391,0.0205866336083883
3-broadway_2019,15.462824279265888,11.626827491188733,0.3871793719086607,1.2230104332030738
3-broadway_2022,15.492588375525232,11.626827491188733,0.4424987135729477,0.0013990209137073
3-broadway_2025,15.13716952994635,11.626827491188733,0.0,0.0010993954433009
3-brooklyn avenue_2017,15.310897065804223,11.147973892500778,0.2917485480231941,0.3387553426357815
3-brooklyn avenue_2022,14.953288075242378,11.147973892500778,0.3914291548729852,0.0119285708652738
3-brooklyn avenue_2024,14.543139280344334,11.147973892500778,0.3449313805890546,0.5960303697802178
3-brown street_2019,13.146820720338477,9.419280633891283,0.2298650970745365,0.8121738869815862
3-brown street_2022,13.224529558745882,9.419280633891283,0.2903256339854313,0.0440168854167743
3-buffalo avenue_2019,13.609546556845096,9.881977134182256,0.2902466106681106,1.528488126823066
3-bulwer place_2024,11.423106234350756,8.028242159352313,0.3052001448769382,0.6641302314894527
3-burnett street_2022,13.382036973589104,9.576776486668912,0.367579973261219,0.8984118529868635
3-bushwick avenue_2019,15.15211268490934,11.424504064286046,0.3742651507375293,0.5853949180657151
3-bushwick avenue_2024,14.81967281543061,11.424504064286046,0.4163062973692991,0.2884068097662379
3-bushwick place_2018,12.3362628758739,7.947485726915896,0.3058493764072298,0.6496131785362169
3-butler street_2022,13.26292923311652,9.397240830542652,0.3125813606654984,0.1814044697314708
3-butler street_2024,13.04051898385976,9.397240830542652,0.3385812004960333,0.5401125443908835
3-calder place_2019,10.521869119871187,6.687084350797584,0.3095345808894045,0.6391132920674597
3-calyer street_2018,13.8404478262918,9.451399061769344,0.2958394994621656,0.451266683908771
3-calyer street_2019,13.287327693984713,9.451399061769344,0.2997187155402827,0.2033489239860302
3-calyer street_2021,13.89126311279744,9.451399061769344,0.330853030134611,0.8719625980246123
3-cambridge place_2022,12.52349811168565,8.657898614796952,0.3751657216242754,0.0214679066152409
3-cambridge place_2024,12.301088336279427,8.657898614796952,0.2794586978267911,0.7115272278413748
3-campus place_2024,10.175640596197814,6.696214337805079,0.2516974966632958,0.7003710256492649
3-campus road_2018,13.62071700693902,9.21360853735867,0.3058173359921829,1.628161526432203
3-canal avenue_2018,12.285304992564026,7.8784723233062435,0.242877134525714,0.3043179261032066
3-canarsie lane_2024,10.789963907819558,7.395378265979378,0.304776505811081,0.1514327037602093
3-canarsie road_2021,13.714517566998405,9.3430066011151,0.2967425877198705,1.7335298936638772
3-canarsie road_2022,13.148249237197255,9.3430066011151,0.3082116494185185,0.0170537545658275
3-carlton avenue_2017,14.149027147356808,9.91467955802865,0.2341502924114735,1.0214792327382851
3-carlton avenue_2022,13.780400769931314,9.91467955802865,0.3364722366212129,1.7502254156983894
3-carlton avenue_2024,13.557990345817602,9.91467955802865,0.3106911829610386,0.0196065296389183
3-carroll street_2017,15.361905548897273,11.127523720369451,0.2505687105143988,0.1917767155647097
3-carroll street_2018,15.51663557248012,11.127523720369451,0.2770796766220534,0.3374717369542964
3-carroll street_2019,14.963514854486474,11.127523720369451,0.2947194951042639,0.3665163579695896
3-carroll street_2022,14.993278947088845,11.127523720369451,0.3248668827749678,0.0018981972830802
3-carroll street_2024,14.77086834169957,11.127523720369451,0.3228459849094478,0.0021975835434872
3-cass place_2022,12.309286032348444,8.504155900969046,0.3749770226760983,0.122306124383968
3-cathedral place_2022,10.92652685559635,7.061597034965909,0.2807463108624248,0.6468937960424833
3-catherine street_2021,12.112481484669573,7.672999615975751,0.2828427958110316,1.0992454215305263
3-catherine street_2022,11.53831365775265,7.672999615975751,0.2891515804311408,0.0770536294422914
3-caton avenue_2018,15.006861111758113,10.617758913892164,0.3358553861804486,0.1642424433940487
3-caton avenue_2019,14.453740483389256,10.617758913892164,0.3503244528298925,0.4664347684311826
3-caton avenue_2024,14.261094015421111,10.617758913892164,0.3755192577931005,0.6696226355129883
3-caton place_2019,12.053120226490284,8.217378839203326,0.2497628375894872,0.6219733611054205
3-cedar street_2024,12.23523420080752,8.592055997062163,0.2788065947714037,0.0184291354683671
3-celeste court_2022,12.340603655625204,8.535467415861707,0.3095586721470897,0.0455468149559703
3-central avenue_2017,14.567776614096449,10.404869074235007,0.2997677397044346,0.8812022692016604
3-central avenue_2019,14.132458799909854,10.404869074235007,0.2863593294296626,0.1392400670915041
3-centre street_2024,11.366541379653276,7.7236132219234,0.2409157210600074,1.2917913554628464
3-chapel street_2022,10.805794934870615,6.940972828381589,0.4264204732841524,1.0299407941054906
3-chase court_2024,11.205163337922324,7.810376012503267,0.6757554378480761,0.1947440767925117
3-chauncey street_2021,14.603657926190827,10.163754307923355,0.3173436393653395,0.1589676310956455
3-chauncey street_2024,13.807075712167183,10.163754307923355,0.3156570054578229,0.2168840011430655
3-cheever place_2018,11.980707402552074,7.592079325196965,0.2525656014187889,0.6775257996569884
3-cheever place_2022,11.457354959244396,7.592079325196965,0.2596456402284976,0.0458334163431722
3-chester court_2022,10.650404778713614,6.7857418741887,0.2979235665039779,0.7275486072772778
3-chester street_2019,13.683710126731835,9.95613714016555,0.2883214029202172,0.6081882413327543
3-chester street_2022,13.761419025759665,9.95613714016555,0.2924566251971721,0.0156764793850075
3-chester street_2024,13.35127060356321,9.95613714016555,0.2890604324219022,0.009950330853168
3-chestnut avenue_2024,11.434033058578049,8.03916555835386,0.2503561148390945,0.0865446014001858
3-chestnut street_2018,14.090783577560252,9.630472915242253,0.2577123255271262,0.6496131785362169
3-chestnut street_2024,13.111033755193946,9.630472915242253,0.3193589291053511,0.5290387531853487
3-christopher avenue_2018,14.048524276800544,9.641381536780845,0.2161637455315271,0.5634370490372003
3-christopher avenue_2019,13.368937396831464,9.641381536780845,0.2671233454307443,0.3798737584412552
3-christopher avenue_2021,14.012914811495754,9.641381536780845,0.2966084187845638,0.0108410231778748
3-christopher avenue_2022,13.44664626430292,9.641381536780845,0.2757509425281146,0.0053854722763378
3-christopher avenue_2024,13.036498040111477,9.641381536780845,0.2676552821019066,0.0177416814761571
3-church lane_2017,12.156385380722206,7.993780384871768,0.1400460736457163,0.5714314218758489
3-clarendon road_2018,15.501190152116772,11.093998237006833,0.4803620813638254,0.0674717151150126
3-clarendon road_2021,15.465580664813931,11.093998237006833,0.5070588931566656,0.0025966258472659
3-clarendon road_2022,14.899311638658514,11.093998237006833,0.5321430037227173,0.5558945871335689
3-clarendon road_2024,14.489162852773925,11.093998237006833,0.5097412922486371,0.0656941031953624
3-clark street_2021,12.925615915719758,8.485878157620537,0.2752271399905679,1.1221334837094556
3-clark street_2022,12.351445718641587,8.485878157620537,0.2421219800967419,0.0139029051689914
3-clarkson avenue_2018,15.264299596889035,10.857111696113686,0.3768474428997761,0.3637399280608503
3-clarkson avenue_2021,15.228690111381932,10.857111696113686,0.4033576257685997,0.1768063761058444
3-classon avenue_2021,15.084615357303973,10.644697196740664,0.3735205230539491,0.5627537166263499
3-classon avenue_2024,14.28803293184057,10.644697196740664,0.3624921013944633,0.2848781451190467
3-claver place_2022,11.554979638150812,7.68965806830725,0.3206158941230298,0.0604363688038306
3-clay street_2021,13.307904732822122,8.86810218437091,0.2324370116624094,1.1769920759941614
3-clermont avenue_2017,14.375249010254858,10.140891555633756,0.2447387527139586,0.7352962940681036
3-clermont avenue_2022,14.00662256817744,10.140891555633756,0.344145800609051,0.0053854722763378
3-clermont avenue_2024,13.78421209183243,10.140891555633756,0.2958383743756043,0.7647233790491673
3-cleveland street_2022,14.041639254018918,10.236346033870252,0.3015993995635525,0.0054849302305696
3-cleveland street_2024,13.631490701022978,10.236346033870252,0.3484260046543264,0.2669690308542393
3-cleveland street_2025,13.836632595878063,10.236346033870252,0.0,0.0786263204551895
3-clifton place_2021,13.980736289383438,9.540865592266028,0.3015241830355246,0.0120273802127184
3-clinton avenue_2019,14.099929191537893,10.263957788106232,0.3847629938260234,0.2920724207530738
3-clinton avenue_2022,14.12969327137832,10.263957788106232,0.4045571052392252,0.4486523033347003
3-clinton street_2022,14.438162161168204,10.57241761688378,0.3235628081062225,0.3100549233035061
3-clinton street_2024,14.215751612708296,10.57241761688378,0.3147373249462162,0.2076643644657497
3-clove road_2022,11.406400125947934,7.541150308533391,0.2385536157737725,0.1166268119317196
3-clymer street_2021,13.181508812877896,8.741725011913363,0.3509221268022721,2.3411613677722856
3-cobeck court_2022,11.29381050161478,7.489029127033922,0.2084478613861747,0.0712968818820337
3-coffey street_2022,13.069513633287706,9.203842560794872,0.3343691864244341,0.0261549574768512
3-college place_2018,11.44532358590846,7.05704820259388,0.2458622398311032,0.5839459655161812
3-colonial road_2017,14.61744690527971,10.383081091376736,0.3525609496050267,0.4510756193602167
3-colonial road_2022,14.248820408420464,10.383081091376736,0.4515582845590057,0.2648227783056983
3-columbia place_2019,11.107508935240949,7.272183252058616,0.2388337670572969,1.3209288314383385
3-columbia street_2018,14.773079508938068,10.38398367762589,0.330614514466582,1.0417244264610612
3-columbia street_2019,14.21995893967332,10.38398367762589,0.3240946110086203,0.5448211710239489
3-columbia street_2022,14.249723022009546,10.38398367762589,0.4163090318138059,0.0065783153601225
3-columbia street_2024,14.027312501261427,10.38398367762589,0.3805970415301509,0.1093027348904501
3-columbus place_2022,11.00876317800219,7.204162116538588,0.3314174659595889,0.0759420035751573
3-concord street_2022,12.499621766890517,8.634026380463913,0.3501185835418139,0.1599907363089411
3-concord street_2024,12.277212013393294,8.634026380463913,0.2335717468042489,0.0705516559509446
3-coney island avenue_2017,16.401891290846866,12.238958700122868,0.3638815342957753,0.7678835266739625
3-coney island avenue_2019,15.96657326065741,12.238958700122868,0.3824755898834656,0.1401097079846452
3-coney island avenue_2024,15.634133333452755,12.238958700122868,0.3898262142237096,0.1769739504673593
3-congress street_2017,13.58764801872524,9.353337124586831,0.1940534845149455,0.3622792106585641
3-congress street_2024,12.996611651957798,9.353337124586831,0.2543748744340122,0.1672925177741942
3-conklin avenue_2021,13.53428263521845,9.16278874681187,0.3040541646511714,0.3723218895149101
3-conklin avenue_2024,12.557866697746377,9.16278874681187,0.3130472931051759,0.0129162252665463
3-conover street_2018,13.444087657148694,9.055076638978894,0.2775072445700546,0.3223733122417113
3-conselyea street_2019,12.895535687114451,9.059643930006434,0.2842322511040717,0.3613738865951976
3-cook street_2024,12.448707487083526,8.805494543847916,0.3068929087174586,0.0231304173888543
3-cooper street_2017,13.7767862633188,9.488183936550632,0.2872734922622358,1.0316174198438313
3-cooper street_2024,13.057361293135394,9.488183936550632,0.3515468753128415,0.8989003926700729
3-cornelia street_2024,13.06529470703975,9.496116768807404,0.3013809168099428,0.6731485340532554
3-cortelyou road_2018,15.325100437395948,10.91791141391971,0.2970212961959712,1.3013898540294466
3-cortelyou road_2019,14.645513001669327,10.91791141391971,0.330316377233637,0.2849533528805231
3-cortelyou road_2025,14.518215205567444,10.91791141391971,0.0,0.0048880340727759
3-court street_2017,14.889194701711013,10.6548216294121,0.376173154790869,0.3548031933059364
3-court street_2018,15.04392470683957,10.6548216294121,0.4006918293555067,0.7765687886990177
3-court street_2024,14.298157598253876,10.6548216294121,0.4321182310590177,0.1512607938405836
3-covert street_2022,13.23219408269942,9.426944552075282,0.333503407127411,0.7859086606412564
3-coyle street_2017,14.059955390679017,9.897067577149384,0.3035361223636359,0.3637399280608503
3-coyle street_2022,13.702346640425093,9.897067577149384,0.3819756929539894,0.0509782447646294
3-coyle street_2024,13.292198250798103,9.897067577149384,0.3920420877760237,0.9546649329910466
3-cozine avenue_2019,14.222321031807915,10.494728765974276,0.4373827110764694,0.3360435733296593
3-cozine avenue_2021,14.866298872452868,10.494728765974276,0.5063702870516268,0.6762553128897272
3-cranberry street_2022,11.729215960827512,7.86382276035681,0.2894452230701617,0.6671624835879517
3-crawford avenue_2024,11.944781075208072,8.549788877524948,0.2436220826577504,0.7856807819628782
3-creamer street_2022,12.493506349116288,8.627912031377363,0.2301775779715897,0.02244618882983
3-crescent street_2018,15.017141183485698,10.556791298231552,0.330148070707458,0.2540994354346548
3-crescent street_2021,14.93541153452388,10.556791298231552,0.3768132656218975,0.201960772046303
3-crescent street_2022,14.397292844321909,10.556791298231552,0.3849384092115918,0.0066776547532405
3-crescent street_2024,14.037390598002563,10.556791298231552,0.3916425937964113,0.4146891026356961
3-cropsey avenue_2019,15.118930538350074,11.2829373336744,0.4331933680361972,1.122784440639095
3-crosby avenue_2024,11.311870986327982,7.917043994576142,0.265013272639068,0.6729444732424258
3-crosby avenue_2025,11.517010836414196,7.917043994576142,0.0,0.0542987734073788
3-crown street_2019,14.14040276384416,10.412812804305094,0.3099223431184672,0.7471143968298877
3-crown street_2021,14.78438057750384,10.412812804305094,0.3261451224653633,0.1950732407191178
3-crown street_2022,14.218111694144914,10.412812804305094,0.3306481083352242,0.0077697372643606
3-crystal street_2024,12.389095481231864,8.908602032063344,0.3325235641657966,0.637211548229642
3-cumberland street_2017,14.25879290417746,10.024440249356545,0.1910369684190081,0.1877236060829493
3-cumberland street_2022,13.89016649355532,10.024440249356545,0.3071590552403339,0.0066776547532405
3-cumberland street_2025,13.534747964280225,10.024440249356545,0.0,0.0724136805090453
3-cypress avenue_2022,13.537469913341702,9.642860115017424,0.4314051291167801,0.0110388471152163
3-cypress hills street_2017,12.887568041575818,8.599072774152102,0.2793138227812643,0.815010768316786
3-dahill road_2017,15.120290085749502,10.957369890071638,0.3726898095079463,0.0028958031120255
3-dahill road_2018,15.364559606483535,10.957369890071638,0.3694465008978245,0.7132438822590677
3-dahill road_2019,14.684972162436551,10.957369890071638,0.3760910118174463,0.2557269012102295
3-dahill road_2022,14.762681115423518,10.957369890071638,0.4503375007890957,0.282694655940734
3-dahlgren place_2021,13.162023720512549,8.722243026275763,0.3468753722687727,1.9889149024802777
3-dakota place_2017,10.59887730019822,6.437516660197856,0.2179010753493597,1.1019068556175398
3-danforth street_2024,10.97406076570049,7.405400803583927,0.2755396856260554,0.4902350861499817
3-dank court_2022,11.31140819951482,7.506617287639293,0.2803019651541584,0.0700856075666877
3-de sales place_2021,12.299635336933202,7.928393774057429,0.2948726529971351,1.7319033020746897
3-dean street_2018,15.610715948516392,11.221602792686609,0.3081570777888495,0.1103779074696093
3-dean street_2021,15.661531275118367,11.221602792686609,0.3441278010691088,0.2564235765490086
3-dean street_2022,15.087359311857574,11.221602792686609,0.3609947436795359,0.6068264740934182
3-dean street_2024,14.864948699580546,11.221602792686609,0.3498065830712022,0.0065783153601225
3-debevoise avenue_2019,12.05794638460356,8.222203725813404,0.226186535784795,2.5894168039909875
3-debevoise avenue_2024,11.865301036283222,8.222203725813404,0.2447025797915046,0.0879192980378835
3-debevoise street_2021,12.264880570801552,7.825333714796251,0.3604008707568159,0.7635590448003108
3-debevoise street_2024,11.468303544922165,7.825333714796251,0.3426109913195378,0.0890176963176527
3-decatur street_2017,14.883946332889275,10.64957338290993,0.2399035071702602,0.2617486904252765
3-decatur street_2025,14.159901075884942,10.64957338290993,0.0,0.0097522914426782
3-degraw street_2017,14.265067701333743,10.030714773401003,0.2375306881247722,0.425529139143906
3-degraw street_2019,13.866677214878084,10.030714773401003,0.2875657866210783,0.4754885594763052
3-degraw street_2021,14.470612971762408,10.030714773401003,0.3266018477530469,0.3211410261954462
3-degraw street_2022,13.896441288921771,10.030714773401003,0.3117638443986643,0.0039920212695374
3-dekalb avenue_2019,15.158040302552044,11.284978346346254,0.3132321810384033,0.5643474331683561
3-dekalb avenue_2021,15.74776577559594,11.284978346346254,0.3838604530030543,0.0020977980821461
3-dekalb avenue_2024,14.85421710664896,11.284978346346254,0.3793183917597926,0.00129915573162
3-dekalb avenue_2025,14.881456135301027,11.284978346346254,0.0,0.8778824885778351
3-delmonico place_2024,10.441524781079202,6.799251877520113,0.2781540662001263,0.1557208749967756
3-dennett place_2024,9.606378752797356,5.965521516898189,0.2755396856260554,0.7605254158898934
3-desmond court_2019,11.303549852676044,7.576430759200053,0.2632583190643718,0.0825932983038533
3-desmond court_2021,11.947522155552088,7.576430759200053,0.2764895320195025,0.5510074133988225
3-devoe street_2018,14.026684511926527,9.637622560577356,0.2579279879860094,0.437222139721356
3-devon avenue_2022,12.23723013625322,8.432114807064725,0.312833690156643,0.6807202855518177
3-dewey place_2022,10.998197395121212,7.193604055047572,0.2944240003777135,0.0766832247709576
3-dictum court_2022,12.129351279002208,8.324260203250795,0.2848208401707487,0.0373921192170626
3-dikeman street_2022,12.965514000662935,9.099853728490844,0.29266961396282,0.0246926125903715
3-ditmas avenue_2019,14.67911887358616,10.951516701077177,0.3957359203378443,0.1338313476335206
3-ditmas avenue_2024,14.34667906677262,10.951516701077177,0.4254577415248803,0.0944916630927176
3-division avenue_2018,14.067341200063144,9.678276682199742,0.3514108822050403,0.5504308783583501
3-division avenue_2022,13.543984983773324,9.678276682199742,0.442102508019065,0.0070749136719618
3-dobbin street_2022,12.03350133063269,8.168009390094513,0.2500718265056365,0.0367175829351627
3-dooley street_2022,10.955844978964867,7.151283421160051,0.246373578286805,0.3878440993507618
3-doone court_2019,10.635832324346612,6.909188069747047,0.2659356968350881,0.6399046191642257
3-doscher street_2024,12.037136579868138,8.556698415804325,0.2755396856260554,0.6838036655567928
3-douglass street_2022,13.515920397455584,9.650213841104494,0.2976575324057054,0.1387179193118226
3-downing street_2022,12.265592653723983,8.40004320461214,0.3189527153396018,0.2972115226679103
3-downing street_2024,12.043183145081407,8.40004320461214,0.2632480471144988,0.4925598149590981
3-drew street_2022,13.914851823422218,10.074366061352,0.2423974677480982,0.660469018169363
3-drew street_2024,13.554949727217036,10.074366061352,0.2295597053142882,0.0069756137364252
3-drew street_2025,13.567797853129044,10.074366061352,0.0,0.22274347129287
3-driggs avenue_2017,14.631606150655086,10.39723990789162,0.2613231156003007,0.21462739154587
3-driggs avenue_2022,14.262979650985352,10.39723990789162,0.3473478196174721,0.121952110750746
3-driggs avenue_2025,13.907560998448728,10.39723990789162,0.0,0.0050870390485571
3-duffield street_2018,13.407428643599664,9.018421932388868,0.2611670526690577,1.0011831988921176
3-duffield street_2024,12.66166287706427,9.018421932388868,0.2878052175784681,0.0226417304808246
3-dumont avenue_2017,15.195708852188693,10.976659265563397,0.2665013029713001,0.3394677456010114
3-dumont avenue_2019,14.7025769432287,10.976659265563397,0.3182162261075469,0.1667848176448254
3-dumont avenue_2021,15.35528831024462,10.976659265563397,0.3532395857761131,1.1019068556175398
3-dumont avenue_2022,14.817169540294223,10.976659265563397,0.3517273078814601,0.00329456694943
3-dumont avenue_2024,14.457267210962025,10.976659265563397,0.3470749084431735,0.0076705063042197
3-dupont street_2017,13.311281463174598,9.076997760464716,0.1931558989596647,0.2147887469314561
3-dupont street_2024,12.720245418586671,9.076997760464716,0.2272729446562209,0.0125212805536717
3-durland place_2021,11.584583058297666,7.213712999618119,0.1685282346616188,0.1167157996959607
3-duryea place_2018,11.523357520212546,7.116952255392887,0.2911970145592254,0.6691618178094341
3-dwight street_2022,12.769928677424591,8.904292025474827,0.3820314835673086,1.4755178728675666
3-eagle street_2017,13.512461757028156,9.27815753287378,0.2122345911881498,0.8717953319875911
3-eagle street_2019,13.114071621035563,9.27815753287378,0.27397245217349,1.1013751351570378
3-eagle street_2024,12.921425469289677,9.27815753287378,0.3044374652924917,0.0102473164515495
3-eagle street_2025,12.788417573874336,9.27815753287378,0.0,0.0126200313561022
3-east 1 street_2021,14.13900221827678,9.76746134271217,0.2838096135060082,0.0789035975954659
3-east 10 street_2019,14.06326986305606,10.335682254754063,0.272096123852459,0.2875820674514475
3-east 10 street_2022,14.14097878902466,10.335682254754063,0.3101496913170969,0.0048880340727759
3-east 10 street_2024,13.730830197784403,10.335682254754063,0.2744920165936118,0.419302264896186
3-east 100 street_2022,13.771582784256388,9.966300429653636,0.2855761383287095,0.7820733897543468
3-east 100 street_2024,13.361434356647596,9.966300429653636,0.300104592450338,0.0077697372643606
3-east 100 street_2025,13.5665761823826,9.966300429653636,0.0,0.0395091330947124
3-east 101 street_2021,14.227942605735713,9.856396916738005,0.3157102451727838,0.6815299612197546
3-east 101 street_2024,13.251525571514932,9.856396916738005,0.3351029361197085,0.1808204306676874
3-east 102 street_2022,13.674590190829516,9.869312512363004,0.2913171896835337,2.288141281561634
3-east 102 street_2024,13.264441817183211,9.869312512363004,0.3294691184014526,0.0114343776256631
3-east 103 street_2017,14.126396997992934,9.96350599997454,0.2776097297981774,0.414160526475388
3-east 103 street_2024,13.358639799970486,9.96350599997454,0.3735433630581733,1.4012076038521863
3-east 104 street_2024,13.254245025635193,9.859116233296122,0.2357286030938925,0.0438254795400295
3-east 105 street_2021,14.629313531406044,10.257750734182135,0.4243801457219139,1.299101149417513
3-east 105 street_2024,13.652896134973332,10.257750734182135,0.4051515793393317,0.0233258253034966
3-east 108 street_2024,13.289415205328272,9.894284667220102,0.3678763412047224,0.036910354020097
3-east 12 street_2017,15.209198173151524,11.04627651784744,0.2425616371713113,1.009380266050883
3-east 12 street_2018,15.4534676988862,11.04627651784744,0.2524751019562677,0.2955758345708814
3-east 12 street_2019,14.773880237252852,11.04627651784744,0.2827498709792211,0.0648509723196163
3-east 12 street_2022,14.851589192905951,11.04627651784744,0.3153966409460376,0.0065783153601225
3-east 13 street_2017,15.081209297652109,10.918289785791842,0.214947381818834,0.0343048036919903
3-east 13 street_2018,15.325478816043397,10.918289785791842,0.2367101564693311,0.2083141370682082
3-east 13 street_2022,14.72360033197334,10.918289785791842,0.3186370603783979,0.0026963615477426
3-east 13 street_2024,14.31345157903976,10.918289785791842,0.2788065947714038,0.3033585518367885
3-east 13 street_2025,14.518593584111146,10.918289785791842,0.0,0.4551437663387115
3-east 14 street_2017,15.116893868175652,10.953973730868684,0.2444105400514606,0.0667236320429081
3-east 14 street_2018,15.36116338870971,10.953973730868684,0.2593829990827344,0.1768063761058444
3-east 14 street_2021,15.325553902416615,10.953973730868684,0.3301358284500261,0.1616935889979871
3-east 14 street_2022,14.759284898246356,10.953973730868684,0.348110299013208,0.0025966258472659
3-east 14 street_2024,14.34913613814441,10.953973730868684,0.319481416035592,0.2112329002883746
3-east 15 street_2017,15.012080740343803,10.849162505481557,0.2166519380777024,0.0355601753985508
3-east 15 street_2018,15.256350254360122,10.849162505481557,0.249829217679767,0.2888563826795496
3-east 15 street_2022,14.6544717833435,10.849162505481557,0.3132248674035832,0.0098513160503741
3-east 15 street_2025,14.449465042049138,10.849162505481557,0.0,0.3911633233973047
3-east 16 street_2017,15.145746016025582,10.98282538909058,0.2383379865136557,0.1199140966653375
3-east 16 street_2021,15.354406051724222,10.98282538909058,0.3210810363787928,0.050312813873589
3-east 16 street_2022,14.788137042768785,10.98282538909058,0.3219071337394869,0.0082657444170326
3-east 17 street_2017,15.437194827122358,11.27426997136051,0.244201317801024,0.514439087335826
3-east 17 street_2019,15.001876863627595,11.27426997136051,0.2866641126459968,0.0235211950413458
3-east 17 street_2022,15.079585825126598,11.27426997136051,0.3217859791135656,0.0018981972830802
3-east 17 street_2024,14.669437010945645,11.27426997136051,0.3010294653462512,0.4454547563243228
3-east 18 street_2018,15.638663087371633,11.249549567309309,0.2457697970300205,0.1496261739558124
3-east 18 street_2019,15.085542353893713,11.249549567309309,0.2648209937879955,0.2830714598940976
3-east 18 street_2022,15.115306447564896,11.249549567309309,0.3117790427434701,0.0039920212695374
3-east 18 street_2024,14.892895833363571,11.249549567309309,0.2910565901429142,0.4439162944824171
3-east 19 street_2017,15.476728477353548,11.313803137145104,0.2191267802830618,0.1919418001709452
3-east 19 street_2019,15.041410509681633,11.313803137145104,0.2538807563297343,0.2600539053343068
3-east 19 street_2022,15.119119472065512,11.313803137145104,0.3060303444933778,0.3339691064030944
3-east 19 street_2024,14.708970652332248,11.313803137145104,0.2992412880128604,0.2749007380870478
3-east 2 street_2017,15.256730591563832,11.093808207539311,0.2345737750205461,0.6681882825187498
3-east 2 street_2019,14.821412649381728,11.093808207539311,0.2720539423962645,0.0754784611759055
3-east 2 street_2021,15.465390632493518,11.093808207539311,0.3088507514245842,0.0555293097924802
3-east 2 street_2022,14.8991216063659,11.093808207539311,0.3165685306119548,0.0022973590486834
3-east 2 street_2024,14.48897282051391,11.093808207539311,0.2869921793578432,0.0023971245997214
3-east 21 street_2021,15.707224059292306,11.335638409104874,0.30046483418886,0.2944590567308047
3-east 21 street_2022,15.140955001737854,11.335638409104874,0.3013328508720756,0.0113355096637456
3-east 22 street_2018,15.561868408333671,11.154675609054586,0.2330957763668654,0.0396052545923594
3-east 22 street_2022,14.959989885868351,11.154675609054586,0.3030561294499675,0.0046889894861315
3-east 22 street_2024,14.549841089884756,11.154675609054586,0.3008437156151812,0.2150307312036593
3-east 23 street_2018,15.541260350133472,11.134067845147024,0.2357846761942865,0.0171520588175655
3-east 23 street_2021,15.505650862566764,11.134067845147024,0.3021265040512864,0.4210103194436266
3-east 23 street_2022,14.939381830666122,11.134067845147024,0.307461319693484,0.0988493640421689
3-east 24 street_2017,15.153289923232828,10.990369170588568,0.2168590180198265,0.0434425578428367
3-east 24 street_2022,14.79568094912171,10.990369170588568,0.3047576732420356,0.0056838164682976
3-east 25 street_2022,12.665303556484252,8.860114079820505,0.3128767110863319,0.0197045832743354
3-east 26 street_2022,14.91360309654358,11.108289483960274,0.2904826343942369,0.0740865433526981
3-east 27 street_2022,14.71504757016707,10.909737176194056,0.3004466056678188,0.5933268452777344
3-east 28 street_2018,15.58503869914195,11.1778455761428,0.2383009731833605,0.1416731583161457
3-east 28 street_2022,14.983160173378888,11.1778455761428,0.2976889217989789,0.6045345222033417
3-east 29 street_2017,15.33900121548648,11.176077649206144,0.2043443419944161,0.21462739154587
3-east 29 street_2018,15.5832707477681,11.176077649206144,0.229396518265178,0.0927614800813111
3-east 29 street_2019,14.90368326311032,11.176077649206144,0.2435629246244419,0.1054405124579969
3-east 29 street_2021,15.547661259935866,11.176077649206144,0.2884217137088468,0.0199006617063361
3-east 29 street_2022,14.981392222253978,11.176077649206144,0.2911925484231013,0.0122249696225689
3-east 3 street_2018,15.48692107713994,11.079729377858856,0.2666460547749245,0.2836740510542421
3-east 3 street_2021,15.451311589933647,11.079729377858856,0.3074249051580944,0.0432510419943149
3-east 3 street_2022,14.88504256588034,11.079729377858856,0.3125825091694743,0.0061808590750811
3-east 3 street_2024,14.474893782460958,11.079729377858856,0.2987514122709181,0.0023971245997214
3-east 31 street_2019,14.460116358247593,10.732518374791342,0.2464492250900718,0.1769739504673593
3-east 31 street_2021,15.104094265792485,10.732518374791342,0.2946247619899407,0.2957990405537284
3-east 31 street_2022,14.537825303332331,10.732518374791342,0.2957568007882556,0.0027960873020012
3-east 32 street_2018,15.089196071099373,10.682011812510028,0.2380879864488836,0.1211551215564672
3-east 32 street_2019,14.40960869258688,10.682011812510028,0.2497628375894872,0.4583105306546896
3-east 32 street_2021,15.053586587221542,10.682011812510028,0.2948630314779201,0.1522918103422586
3-east 32 street_2022,14.487317635638666,10.682011812510028,0.3044712877946056,0.0828694778222946
3-east 34 street_2022,14.530158575595925,10.72485181127618,0.305467017487037,0.0100493358530014
3-east 35 street_2018,15.404875370997882,10.997684974289069,0.2406435942854684,0.5259112611840315
3-east 35 street_2019,14.725287918782298,10.997684974289069,0.2611606534896897,0.3202702620449325
3-east 35 street_2022,14.802996873007643,10.997684974289069,0.293980874599809,0.007571265496318
3-east 35 street_2025,14.59799011814152,10.997684974289069,0.0,0.0030952049073024
3-east 37 street_2021,15.27350916388506,10.901929914815382,0.3124403122142116,0.0061808590750811
3-east 37 street_2022,14.707240168703514,10.901929914815382,0.3076214314867178,0.1576018605034896
3-east 37 street_2025,14.502233422354925,10.901929914815382,0.0,0.0232281261192071
3-east 38 street_2018,15.297862719595908,10.890674190639515,0.2308320758956863,0.1956490170048168
3-east 38 street_2019,14.618275289807196,10.890674190639515,0.2668950609873377,0.5115053926707479
3-east 38 street_2022,14.695984240632576,10.890674190639515,0.3108785426723151,0.0048880340727759
3-east 38 street_2025,14.49097749533983,10.890674190639515,0.0,0.0085632306604878
3-east 39 street_2018,14.774910832271145,10.36773494683931,0.2402175021041756,0.1721870423133568
3-east 39 street_2019,14.095323554299547,10.36773494683931,0.2720286326684693,0.6164820956244599
3-east 39 street_2022,14.173032482109098,10.36773494683931,0.3102220964930103,0.0082657444170326
3-east 4 street_2019,14.86073569407257,11.024746117058807,0.2605140147528564,0.248967231323668
3-east 4 street_2021,15.464671722287036,11.024746117058807,0.306306058205606,0.0892921074787618
3-east 4 street_2022,14.890499785667805,11.024746117058807,0.3093139721030017,0.0023971245997214
3-east 4 street_2024,14.668089188582051,11.024746117058807,0.294640564513021,0.0024968801985871
3-east 40 street_2018,14.95019470529362,10.543013828027338,0.2320525680138738,0.5725602175708276
3-east 40 street_2022,14.34831630427889,10.543013828027338,0.2933027498755283,0.0070749136719618
3-east 41 street_2018,11.875113693787128,7.468470762533482,0.1469315253708008,1.7175745710386785
3-east 42 street_2022,14.087253031941271,10.281958249121748,0.2875764925540953,0.0039920212695374
3-east 43 street_2017,14.595045499276091,10.432137157421073,0.229639353526643,0.2531682644199051
3-east 43 street_2021,14.803705498400456,10.432137157421073,0.3094751273990818,0.1561486824899313
3-east 43 street_2022,14.23743660950896,10.432137157421073,0.2903072999951294,0.0033942330680155
3-east 46 street_2021,14.857022078987036,10.485452227244544,0.2978022171893402,0.0393168623769503
3-east 46 street_2022,14.290753175374372,10.485452227244544,0.2986799190622642,0.4432103743504231
3-east 46 street_2024,13.88060453319924,10.485452227244544,0.3120382112839309,0.0378736524280815
3-east 48 street_2021,15.035641829780822,10.664067465444091,0.3137102445061167,0.0329511001396859
3-east 48 street_2024,14.059224188454955,10.664067465444091,0.3144750848901674,0.0276151670329733
3-east 49 street_2017,14.917268152476836,10.754351819015044,0.2314747632618013,0.3127648528192441
3-east 49 street_2018,15.161537659978984,10.754351819015044,0.2388108864816529,0.2458439368349855
3-east 49 street_2019,14.481950262466182,10.754351819015044,0.2478361639045812,0.2360992624744257
3-east 49 street_2021,15.125928175393302,10.754351819015044,0.3069896273859615,0.2190552054056032
3-east 49 street_2024,14.149510491893205,10.754351819015044,0.2863881322238015,0.0376810669676884
3-east 5 street_2019,14.81018498546221,11.08258071118258,0.2782873042993361,0.4832282965738864
3-east 5 street_2022,14.88789394213765,11.08258071118258,0.3106000046812491,0.3055711052875209
3-east 5 street_2024,14.477745158222833,11.08258071118258,0.3091454790068335,0.0972174507153592
3-east 5 street_2025,14.682887180372733,11.08258071118258,0.0,0.2681169169569409
3-east 51 street_2024,14.28657723827926,10.891415922142755,0.3199823427604884,0.2315877980968727
3-east 52 street_2019,14.666453621827914,10.938851667396596,0.2515405009157766,0.1639878501054499
3-east 52 street_2021,15.3104315758356,10.938851667396596,0.3048458352223783,0.2087200306484855
3-east 53 place_2017,12.14036866368017,7.977769033064399,0.1866693897300579,1.0666054925330233
3-east 53 street_2017,15.389834347386117,11.2269100977685,0.2587233702262433,0.4131686924931969
3-east 53 street_2019,14.954516389117854,11.2269100977685,0.2784619566542685,0.1253984093943336
3-east 53 street_2024,14.622076542275837,11.2269100977685,0.3377030060073455,0.0084640784121294
3-east 53 street_2025,14.82721857728043,11.2269100977685,0.0,0.3500228678583547
3-east 54 street_2017,14.922784339666771,10.759867890573904,0.2251525926730322,0.4558413154332312
3-east 54 street_2018,15.167053847565068,10.759867890573904,0.2259338922540242,0.0555293097924802
3-east 55 street_2017,14.921849250513342,10.758932820977073,0.2075001636111508,0.3569049174927873
3-east 55 street_2025,14.359233573772803,10.758932820977073,0.0,0.0064789660977091
3-east 56 street_2018,15.48730337783492,11.080111672731054,0.2738720579842214,1.255103085427543
3-east 56 street_2021,15.451693890626023,11.080111672731054,0.3481616394291737,0.0025966258472659
3-east 57 place_2022,11.308755815776214,7.503966330679497,0.3214091903101174,0.0645697706493
3-east 57 street_2019,14.43762085749876,10.710023358598097,0.245716316042566,0.494696241836107
3-east 57 street_2021,15.08159875937405,10.710023358598097,0.3057807714882303,0.0036931718376175
3-east 57 street_2022,14.515329801690717,10.710023358598097,0.3008527198858539,0.7649095467868361
3-east 58 street_2024,13.885809094168872,10.490656648040405,0.2927982726957089,0.2484993585765179
3-east 59 place_2022,12.295099319855575,8.48997201911464,0.310387459405922,0.0245950468553802
3-east 59 street_2021,14.956801608936686,10.585229137438809,0.2806988152702385,0.3861463637217642
3-east 60 place_2019,11.531919223584808,7.8046980269785555,0.2888441876319583,0.0662557957770652
3-east 60 place_2021,12.175892721648331,7.8046980269785555,0.340378491588278,0.4605213138562428
3-east 60 place_2022,11.60962747431523,7.8046980269785555,0.3045040716098228,0.0482185722704743
3-east 63 street_2022,13.695861468512485,9.89058272535881,0.3267310675656603,0.0145930023029001
3-east 64 street_2019,13.848474578553516,10.120894559480256,0.2712690428104508,0.3155404005801773
3-east 64 street_2022,13.926183490538897,10.120894559480256,0.3260932424764912,0.0116320842297076
3-east 65 street_2017,14.37324893124082,10.210347793398338,0.2360447216355826,0.5965261419555198
3-east 65 street_2022,14.015640090432782,10.210347793398338,0.3287897404491967,0.2297616036157851
3-east 66 street_2018,15.09423020206566,10.68704582961745,0.3341342901743827,1.254504308625084
3-east 66 street_2022,14.492351765445058,10.68704582961745,0.4078387740361996,0.0040916179032535
3-east 68 street_2017,13.432807471535344,9.269962868054218,0.143675841696295,0.4350239103497088
3-east 69 street_2017,14.545054836725878,10.382147982031864,0.2485267166397862,0.5542298813732763
3-east 69 street_2024,13.77729734919925,10.382147982031864,0.388203311468858,0.5616708177715594
3-east 7 street_2018,15.624437606437992,11.217243949914613,0.2514229875031907,0.0193123110323728
3-east 7 street_2019,14.944850115080566,11.217243949914613,0.2635198424395139,0.4350886331742354
3-east 7 street_2022,15.022559075239906,11.217243949914613,0.3146887390265435,0.0774238969648036
3-east 7 street_2024,14.612410269464844,11.217243949914613,0.2994962459174019,0.2010615281680073
3-east 73 street_2017,14.298037697464771,10.135139388454114,0.203296478585902,0.1989328225991515
3-east 73 street_2024,13.530280365960897,10.135139388454114,0.2861723126481283,0.511625303936555
3-east 78 street_2022,12.761623591939973,8.95642137144616,0.3097580241509807,1.3501489144835377
3-east 8 street_2018,15.449349926559856,11.042158810518146,0.2498267264431857,0.2373619885517652
3-east 8 street_2022,14.84747142124174,11.042158810518146,0.3070378620292469,0.0023971245997214
3-east 8 street_2024,14.437322644484142,11.042158810518146,0.3118655031535984,0.2665861091570465
3-east 80 street_2024,14.043143510243446,10.647987153367811,0.4032522282496343,0.0078689583786951
3-east 81 street_2021,13.770564735293377,9.399049056335532,0.2970558096009795,0.013804280976397
3-east 81 street_2024,12.79414833645379,9.399049056335532,0.2702903297399117,1.0170406349742982
3-east 82 street_2021,13.950737857376875,9.579208698712767,0.2984543223201774,0.011533235813673
3-east 83 street_2017,14.394875243566796,10.231973330931169,0.3018641512685933,0.6434841355408446
3-east 83 street_2024,13.627117846269602,10.231973330931169,0.3792091005938507,0.9040561942058124
3-east 84 street_2017,14.334171878722811,10.17127218407645,0.143697071090515,0.6745757949745099
3-east 84 street_2021,14.542831852103042,10.17127218407645,0.2240335660924343,0.006379606964039
3-east 84 street_2024,13.566414521920612,10.17127218407645,0.1997690351701609,0.1110940475055868
3-east 85 street_2021,14.696883579156808,10.325318518541764,0.2962690092919523,0.0054849302305696
3-east 85 street_2024,13.720466134804486,10.325318518541764,0.3364722366212129,0.071948499312584
3-east 86 street_2021,14.54900980990566,10.177449909254149,0.2403841253025998,0.885254038088697
3-east 86 street_2024,13.572592474798167,10.177449909254149,0.2492958567436582,0.1136857644038164
3-east 87 street_2017,14.322604780345436,10.159705523825652,0.1767574645419573,0.7440303908745152
3-east 87 street_2021,14.531264752421285,10.159705523825652,0.2513651626610697,0.0064789660977091
3-east 87 street_2024,13.554847431542353,10.159705523825652,0.2529733325087238,0.1519482562720582
3-east 88 street_2018,14.794528667552798,10.387352178975698,0.2402883657141106,0.4354768821761358
3-east 88 street_2021,14.758919187150768,10.387352178975698,0.308145764173279,0.1627139104877461
3-east 88 street_2024,13.782501701565572,10.387352178975698,0.3064699863174141,0.0558130648192127
3-east 89 street_2017,14.547613463207268,10.384706530578654,0.2234547384958092,0.6489340258836199
3-east 89 street_2024,13.779855974257751,10.384706530578654,0.319199832772186,0.284276279316948
3-east 9 street_2022,14.634382527062405,10.829073634527049,0.3178247417773274,0.5696792665597005
3-east 91 street_2021,14.949061287297155,10.577489009804628,0.3086698077932573,0.6488817642619299
3-east 91 street_2022,14.38279236004756,10.577489009804628,0.3132524009412716,0.0101483310518151
3-east 91 street_2024,13.972643690152712,10.577489009804628,0.3068160270383249,0.3490358401414488
3-east 92 street_2022,14.599094010582496,10.793785813934022,0.3256694930890284,0.0070749136719618
3-east 92 street_2024,14.18894528476168,10.793785813934022,0.2789743190331114,0.5766695425012502
3-east 93 street_2019,14.4944828543506,10.766884151365447,0.2506116620186883,0.6584522107630585
3-east 93 street_2022,14.57219180076106,10.766884151365447,0.2949815101644594,0.0029955089797984
3-east 93 street_2024,14.162043081255351,10.766884151365447,0.2593757183281734,0.0030952049073024
3-east 94 street_2021,15.126592554370148,10.755016183989715,0.2932216620592707,0.9414905328958972
3-east 94 street_2024,14.150174870573602,10.755016183989715,0.285470577173595,0.0030952049073024
3-east 95 street_2017,14.997455077332992,10.834537124148367,0.2267213726620937,0.0936724758626351
3-east 95 street_2021,15.206115105071568,10.834537124148367,0.3051001949641146,0.2513810927254493
3-east 95 street_2024,14.2296973871777,10.834537124148367,0.2967619709536483,0.0028958031120255
3-east 96 street_2018,15.192700622161878,10.785514134043964,0.2362259087722936,0.6390605146561794
3-east 96 street_2021,15.157091137286704,10.785514134043964,0.2891100825461124,0.0034938892542557
3-east 96 street_2022,14.590822163988737,10.785514134043964,0.2891172911059759,0.0068763039394321
3-east 96 street_2024,14.18067344009162,10.785514134043964,0.2691383506772744,0.0029955089797984
3-east 98 street_2024,14.475096008310151,11.079931600694255,0.3575005853606882,0.0035935355101301
3-east 99 street_2024,13.53253010352799,10.137389039883228,0.29406559523357,0.0065783153601225
3-east 99 street_2025,13.737671975192182,10.137389039883228,0.0,0.0334347760862373
3-east new york avenue_2018,15.49108144354934,11.08388968102169,0.3201144227823493,0.5062150112083075
3-east new york avenue_2019,14.811493974933828,11.08388968102169,0.3328287401328615,0.6443245158623768
3-east new york avenue_2022,14.88920293164544,11.08388968102169,0.3799932325865242,0.0024968801985871
3-east new york avenue_2024,14.479054147503652,11.08388968102169,0.3517402496069687,0.0029955089797984
3-eastern parkway_2018,16.479787154290545,12.07258586548376,0.3037991951499678,0.7022060250482913
3-eastern parkway_2019,15.800199571289864,12.07258586548376,0.3301467606756221,0.6155099108327928
3-eastern parkway_2021,16.444177662794587,12.07258586548376,0.3375338263641824,0.3038752523465311
3-eastern parkway_2022,15.877908545342535,12.07258586548376,0.3652815722572771,0.0057832447557273
3-eastern parkway_2025,15.672901734648082,12.07258586548376,0.0,0.0070749136719618
3-ebony court_2022,12.24662498628526,8.441507666158156,0.2654436981119295,0.0318861888623217
3-eckford street_2017,13.597250486777458,9.362938776322617,0.2010525935000178,0.5083826421148506
3-eckford street_2022,13.228624344488514,9.362938776322617,0.2743158299762914,0.0116320842297076
3-egan street_2022,12.628139960394147,8.82295573833311,0.2300004553954919,0.0267392971896216
3-eldert lane_2017,14.83216422601187,10.613122024349,0.3048668972058818,0.3180172722478538
3-eldert lane_2018,15.07347331816701,10.613122024349,0.306722296150938,0.966489427406901
3-eldert lane_2019,14.33903238734518,10.613122024349,0.3310756413594269,0.2709427484474828
3-eldert lane_2022,14.45362496486046,10.613122024349,0.3714691525591568,0.0077697372643606
3-eldert lane_2024,14.09372270527957,10.613122024349,0.3693415096488298,0.0037927982386962
3-eldert lane_2025,14.10657083809185,10.613122024349,0.0,0.364156884286488
3-eldert street_2017,13.678684727251907,9.515819906647687,0.2446839256476498,1.1610548648468175
3-eldert street_2024,12.910928007174991,9.515819906647687,0.301745281907798,0.007372754329413
3-ellery street_2022,12.989756764687453,9.124093873614118,0.3518161000281548,0.0163653540862642
3-ellery street_2024,12.767346651397894,9.124093873614118,0.3598423362445526,0.4759235717567258
3-elm avenue_2017,12.63028018070811,8.467549756928639,0.2080409725761949,0.0611891683124224
3-elm place_2018,11.299574382640094,6.911432458821802,0.2072431595387501,0.7624866586385581
3-elmwood avenue_2017,12.554847261270591,8.392133048824594,0.2542150829615434,1.8859781444670367
3-elton street_2022,14.397757841147545,10.592454120797884,0.2891747202098678,0.007372754329413
3-elton street_2024,13.987609166981771,10.592454120797884,0.2764119054807413,0.0332413337798018
3-elton street_2025,14.192751128632136,10.592454120797884,0.0,0.0427720918438689
3-emerald street_2024,12.201173251943985,8.720706897199225,0.2790240097086663,0.9082585601768908
3-emerson place_2017,13.03292615836131,8.798678597348983,0.1652928563805001,0.7511330297585985
3-emerson place_2024,12.441890542014178,8.798678597348983,0.2414575796481773,0.0175451792157488
3-emmons avenue_2017,14.949117243348647,10.78620025096728,0.3300420992800068,0.3607466433087861
3-emmons avenue_2022,14.591508294792249,10.78620025096728,0.4077821146598641,1.2410373484627522
3-empire boulevard_2022,14.905777635923007,11.040023725451324,0.4681276856263835,0.3377571250840873
3-engert avenue_2018,13.215571788483954,8.826590383302335,0.2640093343494181,0.7410321732805181
3-erik place_2018,12.547459195730069,8.15861556941942,0.3637624442223156,1.4593821702270566
3-essex street_2017,14.771457127675356,10.482807725893911,0.217112328101948,0.3239657845290276
3-essex street_2022,14.37745364873845,10.482807725893911,0.2836308506168682,0.0088606284321965
3-essex street_2024,14.05203146757312,10.482807725893911,0.2788065947714038,0.2205802689110449
3-essex street_2025,14.07927048452384,10.482807725893911,0.0,0.0730645708570051
3-etna street_2019,13.556081177236829,9.683067957683152,0.2646276521750729,0.3035062077986662
3-euclid avenue_2018,14.836842313941856,10.3764975094206,0.3245936760821558,0.1238092857262864
3-euclid avenue_2022,14.21699402579158,10.3764975094206,0.4103945784201262,0.0057832447557273
3-euclid avenue_2024,13.857091827307206,10.3764975094206,0.3917552877453778,1.2293481106571642
3-evans street_2017,10.634121355277502,6.401361631675859,0.1664002762057473,1.3116516306237946
3-everett avenue_2022,12.465492999793014,8.660334216926497,0.2757047801071305,0.681074599325676
3-evergreen avenue_2017,14.634838035444451,10.400471695640707,0.2950318497257767,0.4367053438442208
3-evergreen avenue_2019,14.236447452482512,10.400471695640707,0.2947842376037441,0.4487161501024793
3-evergreen avenue_2024,14.04380101175204,10.400471695640707,0.3271495012049074,0.333754260554164
3-everit street_2017,10.643344264914033,6.410569528721049,0.2446108182162469,0.8776746359030622
3-fair street_2022,9.940027488106582,6.076508480148417,0.1881186744782805,0.2982510238010151
3-fane court_2022,12.00425514493064,8.199195672386585,0.2776317365982795,0.0199006617063361
3-fane court south_2022,10.051159057688984,6.247724380639688,0.268605925390967,0.0978524001675046
3-farragut road_2018,15.601654488328352,11.194461137759166,0.3846508524053564,0.2070141693843261
3-farragut road_2021,15.566045000383388,11.194461137759166,0.446029944035358,0.3576045117566645
3-farragut road_2022,14.999775960247028,11.194461137759166,0.447449961388676,0.1283052601529238
3-farragut road_2024,14.58962715796658,11.194461137759166,0.4497375324952133,0.2542545463392624
3-fenimore street_2021,14.07334807701625,9.63347109912025,0.3009015495655138,0.3188899995759741
3-fenimore street_2022,13.4991765906749,9.63347109912025,0.3300131318423015,0.0117309228756986
3-fillmore avenue_2022,14.148107230570156,10.34281047090426,0.3708901305399972,0.0095542128048116
3-flatbush avenue_2018,17.104713975578335,12.697510063827426,0.3782806773871392,0.1610127958477032
3-flatbush avenue_2019,16.425126361083286,12.697510063827426,0.393543488629785,0.1903723949836654
3-flatbush avenue_2021,17.069104482909065,12.697510063827426,0.4382476717877196,0.1731967184613961
3-flatbush avenue_2022,16.502835339910582,12.697510063827426,0.4491646199239827,0.1573455707237775
3-flatbush avenue_2024,16.092686417000696,12.697510063827426,0.4117750953338077,0.0552454742259785
3-flatlands 10 street_2024,11.251150968927789,7.856346028608878,0.341386251423642,0.6739643611431714
3-flatlands 2 street_2024,11.249701526942848,7.854897129541772,0.316571082303918,0.6780335427498971
3-flatlands 3 street_2018,10.612690302504497,6.20747511561297,0.2263891620092131,2.8276863335285185
3-flatlands 4 street_2024,10.798287711337109,7.403697149883069,0.3290556389661632,1.7174668646462
3-flatlands 5 street_2024,11.25123960241641,7.856434628923546,0.3290556389661632,0.673913391444646
3-flatlands 6 street_2024,11.25162593186649,7.856820813811646,0.316571082303918,0.6737094866674702
3-flatlands 7 street_2024,11.550042813237765,8.155141164222789,0.2463211396269154,0.6863239552118199
3-flatlands 8 street_2024,11.550013582970715,8.155111942070818,0.2463211396269154,0.6863742962725166
3-flatlands 9 street_2022,11.961705705944697,8.156657915613184,0.2722697934568941,0.6831473484816117
3-flatlands avenue_2021,16.365673193710375,11.994081857159651,0.4391254347105371,0.5254383361338362
3-flatlands avenue_2022,15.79940408074796,11.994081857159651,0.4594875023668448,0.004489905272852
3-flatlands avenue_2024,15.389255193062262,11.994081857159651,0.4399439209580716,0.6462651946598149
3-flatlands avenue_2025,15.594397272416217,11.994081857159651,0.0,0.1131500979326558
3-fleet place_2022,11.378522954376054,7.513287827555589,0.3364722366212129,0.9130454717091256
3-fleet street_2022,10.800213666336218,6.935396860439268,0.2505298068204882,0.9640136600831644
3-florence avenue_2022,12.414298715116812,8.609148833998207,0.2924210704993301,0.6326538001309828
3-flushing avenue_2017,15.57465885425051,11.340274248975,0.4689535557384258,0.7158866675294348
3-flushing avenue_2021,15.780204211208334,11.340274248975,0.5171235190496483,0.7869562342380031
3-flushing avenue_2022,15.206032234245296,11.340274248975,0.5493979736794744,0.2647460411687232
3-folsom place_2022,10.360406851277933,6.5564688271604,0.2758476148047781,0.1330437737577643
3-forbell street_2024,13.524158120609291,10.04357573210232,0.3953343896333424,0.2989928635976476
3-force tube avenue_2022,12.560708576878596,8.666204029438447,0.3062464521418335,0.0465972853767821
3-force tube avenue_2025,12.262526433018138,8.666204029438447,0.0,0.5202807825367458
3-ford street_2019,13.190305215433106,9.462761759118637,0.2621853575880443,1.31113968751913
3-ford street_2024,12.85786597926392,9.462761759118637,0.3102698642271888,0.108854404912082
3-fort greene place_2022,12.85666475220233,8.991017053739956,0.356851398957865,0.691796268488989
3-fort hamilton parkway_2019,15.40714448726978,11.571148199115225,0.3486486330645035,0.7901831430715396
3-fort hamilton parkway_2022,15.436908583205772,11.571148199115225,0.4351736576969952,0.1389790272814509
3-foster avenue_2018,16.231116283794716,11.82391658850795,0.4009311107149689,0.205061043763444
3-foster avenue_2022,15.629237691079815,11.82391658850795,0.4624905241585247,0.1650906198655926
3-foster avenue_2024,15.219088816330084,11.82391658850795,0.4473384141185292,0.2822423037014162
3-foster avenue_2025,15.42423088855304,11.82391658850795,0.0,0.0042907814171562
3-fountain avenue_2018,15.111287486477384,10.704102732471632,0.3741916110295351,0.0637256908805448
3-fountain avenue_2022,14.509409045969814,10.704102732471632,0.4071687922168266,1.5560160384380255
3-fountain avenue_2024,14.099260341879916,10.704102732471632,0.3913919525127273,0.0017983819413793
3-franklin avenue_2017,15.100686989016646,10.86630948562275,0.2969171549861975,0.419302264896186
3-franklin avenue_2018,15.25541700348403,10.86630948562275,0.2968323945767157,0.5013205937516858
3-franklin avenue_2024,14.509649833061422,10.86630948562275,0.3333325166165451,0.0031948908965191
3-franklin street_2018,14.286378255210774,9.897301570484624,0.331818236629788,0.4399309449894429
3-franklin street_2019,13.733257863696236,9.897301570484624,0.3236804218036937,0.3313879047118487
3-freeman street_2019,12.95512633207274,9.119227994206325,0.27397245217349,0.6535744054401221
3-freeman street_2024,12.762480254136898,9.119227994206325,0.3327708135180266,0.0150856374180408
3-fuller place_2019,11.215264783444294,7.379869674035205,0.2783362100335432,0.0996643231129453
3-fulton street_2017,16.14417394768814,11.90978425690472,0.3038064251817707,0.478467707657865
3-fulton street_2018,16.298903987841037,11.90978425690472,0.3169855344785174,0.187972228302769
3-fulton street_2019,15.74578319670527,11.90978425690472,0.3226699325138517,0.1230137758951442
3-fulton street_2024,15.553136647342107,11.90978425690472,0.3558776913514284,0.0527821854389694
3-fulton street_2025,15.420128429117431,11.90978425690472,0.0,0.2616717170195501
3-furman avenue_2022,11.784301197507975,7.97930784246817,0.2485327853190292,0.665004874613665
3-furman street_2017,13.04981472159818,8.815564669577341,0.3511696213433771,3.3272027364200296
3-gallatin place_2019,10.77124348177122,6.936189406891559,0.262364264467491,0.6501352899666543
3-garden place_2022,11.228997728667782,7.363848779784593,0.271373334409857,0.0519280928603591
3-gardner avenue_2017,14.277760573723729,9.9891288094033,0.2490606194821537,0.5635508923888715
3-gardner avenue_2019,13.862158121890232,9.9891288094033,0.2362125407308325,0.3085870331316772
3-gardner avenue_2022,13.883757213300024,9.9891288094033,0.3424766696721123,0.0155780299633184
3-gardner avenue_2024,13.558335172107665,9.9891288094033,0.2878635441880561,0.1877236060829493
3-garfield place_2021,13.9159226327713,9.476056690283212,0.3057330658073494,0.4379968331106491
3-garfield place_2024,13.119340966554043,9.476056690283212,0.3253266104062966,0.1710077968936812
3-gates avenue_2019,14.721622942008642,10.88563574437372,0.3103058786828411,0.5518140044433014
3-gates avenue_2021,15.325558946431828,10.88563574437372,0.3644677034175346,0.7689501439754459
3-gates avenue_2022,14.751387032064889,10.88563574437372,0.383042981488837,0.0353671438372913
3-gates avenue_2024,14.52897644766761,10.88563574437372,0.3575689407561901,0.0027960873020012
3-gelston avenue_2021,13.083431417075904,8.643663886580557,0.3112046055104125,1.1058195869174616
3-georgia avenue_2022,14.181475291911832,10.376177498278087,0.3233570740215089,0.3787788428456586
3-georgia avenue_2024,13.771326686138805,10.376177498278087,0.3021969103272722,0.0079681696491768
3-gerald court_2022,11.262346800009052,7.45758290131204,0.2803019651541584,0.6551856742728265
3-gerritsen avenue_2017,15.354112953032857,11.19118917996862,0.4119933171763817,0.5626967511758801
3-gerritsen avenue_2019,14.918794998873691,11.19118917996862,0.438419020993526,1.0626050733621075
3-gerritsen avenue_2021,15.562772998097858,11.19118917996862,0.4578636704574172,0.3884545792747581
3-gerry street_2022,12.592175503243768,8.72656471575086,0.307138619107718,0.8490392005169195
3-girard street_2025,12.088105789808552,8.487984685684106,0.0,0.94619898761282
3-glen street_2018,12.54787668048845,8.087804837685919,0.2387504163591865,0.6178307862504957
3-glenmore avenue_2017,14.923365547942096,10.704321234294966,0.2340640966608705,0.1272492009154635
3-glenmore avenue_2024,14.184923992750196,10.704321234294966,0.3256979556633517,0.233489843368354
3-glenwood road_2021,15.879867061106909,11.508279541641423,0.3840147495355758,0.3088073540667292
3-glenwood road_2022,15.313597985338165,11.508279541641423,0.3808576804401131,0.0898407039997894
3-glenwood road_2024,14.903449141270576,11.508279541641423,0.384987186539126,0.0328543368709471
3-gold street_2018,14.169460699967562,9.780390177594551,0.21227090877154,1.2919287350841695
3-gold street_2019,13.616340365662872,9.780390177594551,0.23963411398255,0.0874612757699945
3-gold street_2024,13.423694044747656,9.780390177594551,0.2238956195371733,1.0672936054106823
3-gotham avenue_2022,12.071754482319449,8.266677467334768,0.2659776378660048,0.7352962940681036
3-grafton street_2022,12.947838823279968,9.142615188005198,0.3028931757500093,0.0148886124937506
3-grafton street_2024,12.537691073308766,9.142615188005198,0.2377490140481616,0.6727914003028714
3-grand avenue_2021,14.511754761891254,10.071854809881044,0.2817940141813687,0.6776781496560136
3-grand avenue_2022,13.9375830628122,10.071854809881044,0.3100805469899572,0.0052860044292373
3-grand avenue_2024,13.715172601174151,10.071854809881044,0.2801103759208872,0.0098513160503741
3-grand street_2018,15.425755448435416,11.036644977682824,0.3803394366324567,0.1253101909654466
3-grand street_2021,15.476570773365454,11.036644977682824,0.418536750405575,0.1092130849733162
3-grand street_2022,14.9023988349827,11.036644977682824,0.4484529797214132,0.4049983325187204
3-grand street_2024,14.679988236891372,11.036644977682824,0.4168938039317871,0.0016985566355814
3-granite street_2024,11.597389901608397,8.202475414253485,0.288543770049262,0.7069021457922811
3-grant avenue_2024,13.48197798612907,9.912775162575544,0.2807616296072071,0.0082657444170326
3-grant avenue_2025,13.50921698678172,9.912775162575544,0.0,0.1211551215564672
3-gravesend neck road_2017,14.556226521802992,10.393319328285106,0.2553539593299294,0.2783133224476808
3-gravesend neck road_2019,14.120908710602809,10.393319328285106,0.2957658952018875,0.2612867610922493
3-gravesend neck road_2024,13.788469028090317,10.393319328285106,0.2923445076230921,0.009058844488346
3-green street_2021,13.628748934639782,9.188908194247798,0.3078539573764871,0.6397991450580209
3-green street_2024,12.832167634872736,9.188908194247798,0.2996787887394123,0.0111377444104559
3-greene avenue_2017,15.304735238273672,11.070354262224305,0.2695209542848563,0.3430931272153283
3-greene avenue_2021,15.510280585318116,11.070354262224305,0.3308691923849106,0.0051865266873
3-greene avenue_2022,14.936108642051778,11.070354262224305,0.3542404314171447,0.1968817081252843
3-greene avenue_2024,14.713698041175782,11.070354262224305,0.3402281737030143,0.7893660383004882
3-greenpoint avenue_2019,14.096682181377446,10.260710888897536,0.375131028759643,0.6262592350183136
3-grove street_2025,13.049203264822678,9.538922414433811,0.0,0.0088606284321965
3-guernsey street_2022,12.419213706057365,8.553632906768351,0.2475491786823504,0.0223484036637618
3-guider avenue_2019,12.52917744028476,8.80170502597135,0.3450524308841511,1.272145339428985
3-guider avenue_2022,12.60688615399597,8.80170502597135,0.3889552991443522,0.0353671438372913
3-hall street_2018,13.572977707524622,9.183952740419688,0.2187205445057118,0.7156422583873162
3-hall street_2024,12.827211686737554,9.183952740419688,0.2570451029898911,0.0119285708652738
3-hall street_2025,12.694203825686742,9.183952740419688,0.0,0.1369754550270777
3-halsey street_2017,15.180591806493052,10.891933127360446,0.3016595608868081,0.1502287132466909
3-halsey street_2021,15.354714578699102,10.891933127360446,0.3654491233851683,0.1986049268670555
3-halsey street_2024,14.461166010428208,10.891933127360446,0.343834233062282,0.3762422494312611
3-hamilton avenue_2018,15.35056621023784,10.96145698115708,0.3990118197388213,0.2870568770578626
3-hampton place_2019,11.25357535604828,7.418157310518938,0.2694944194520823,0.6848125437698876
3-hampton place_2024,11.060931529444868,7.418157310518938,0.2597082204093748,0.0445908833278751
3-hancock street_2017,15.092531506848545,10.85815415752007,0.2539213717982066,0.2546422183735807
3-hancock street_2018,15.247261520991223,10.85815415752007,0.2688113533831825,0.1439271688066429
3-hancock street_2021,15.29807684398642,10.85815415752007,0.3182323146054936,0.0064789660977091
3-hancock street_2024,14.50149435271863,10.85815415752007,0.3077382173054092,0.3258445335461298
3-hanover place_2018,11.195563818712824,6.807529743466386,0.2752815592533259,1.3220757887932395
3-hanson place_2021,13.1316585480088,8.691882817516175,0.3774183050766321,1.0738071697491385
3-haring street_2022,13.701598536205909,9.896319509752397,0.2872879061084828,0.735583870757202
3-harkness avenue_2019,11.809287486547378,8.081969878298757,0.3016537794371675,1.007227726866257
3-harkness avenue_2025,11.681990640614211,8.081969878298757,0.0,0.1596498175295376
3-harman street_2021,14.141506291568298,9.678768325580132,0.340378491588278,0.0104452578615386
3-harrison place_2018,13.40391309314276,9.014906803319777,0.2923553462041052,0.5084427870641967
3-hart street_2021,15.114562723651934,10.674643868408133,0.3153704403620713,0.3348995720608916
3-hart street_2022,14.540390849534704,10.674643868408133,0.3207666631472082,0.0027960873020012
3-harway avenue_2021,14.226578262200883,9.85503264385456,0.4014081836670127,0.561043339926608
3-hausman street_2019,12.382770969884504,8.546955414817427,0.2048825921796006,0.664902015119643
3-havens place_2018,11.56855631427582,7.162115635259068,0.297231402541161,1.3394647737630927
3-hegeman avenue_2017,14.787876330610644,10.624962900763698,0.3091195340803906,0.7695525117623507
3-hegeman avenue_2021,14.996536344882676,10.624962900763698,0.3943827544425667,0.1104674530259709
3-hegeman avenue_2022,14.430267406265289,10.624962900763698,0.3705757179476054,0.0055843782939006
3-hegeman avenue_2024,14.0201187230391,10.624962900763698,0.3737231512681468,0.0106431600984798
3-hegeman avenue_2025,14.225260689684047,10.624962900763698,0.0,0.520993752681617
3-hemlock street_2022,13.936189197096756,10.09570256437746,0.302025084686477,0.0082657444170326
3-hemlock street_2024,13.576287092611194,10.09570256437746,0.3130176287572702,0.4285955254970188
3-hemlock street_2025,13.589135218872928,10.09570256437746,0.0,0.0057832447557273
3-hendrickson place_2019,10.637466170478165,6.910820324908316,0.2940570578204914,1.170684857459761
3-hendrickson street_2019,13.821353301656364,10.093774362005483,0.3130267696094375,0.3088073540667292
3-hendrix street_2019,13.910962712151225,10.183380314712997,0.2523259750651053,0.3511497078958944
3-hendrix street_2022,13.988671628518771,10.183380314712997,0.2703146798104411,0.0057832447557273
3-hendrix street_2024,13.578523097521714,10.183380314712997,0.2648662894683764,0.0034938892542557
3-henry street_2024,14.05880734960282,10.415477592288417,0.2931319110739916,0.0839734337761786
3-herbert street_2024,12.071068004166625,8.427922041957542,0.312795118094383,0.6611403844248589
3-herkimer place_2024,11.108932745234776,7.466131129659648,0.3039286888887416,0.0594945717856397
3-herkimer street_2018,15.188588758147125,10.799482543302307,0.2988504747816888,0.2319050569827825
3-herkimer street_2022,14.665232181476725,10.799482543302307,0.3271853113874189,0.1534075466293123
3-herkimer street_2024,14.442821605870128,10.799482543302307,0.3223972465353376,0.0083649163316277
3-herkimer street_2025,14.30981343858688,10.799482543302307,0.0,0.1152019296886835
3-herzl street_2022,13.42619401582559,9.620930601161287,0.2919628377164182,0.0089597413714719
3-herzl street_2024,13.016045806784728,9.620930601161287,0.2516974966632958,0.0097522914426782
3-hewes street_2019,13.400459704082412,9.564522847782024,0.2870325108829853,0.421272838313678
3-hewes street_2021,14.004395205131935,9.564522847782024,0.325113324897927,0.4723134595326261
3-hewes street_2022,13.430223761576906,9.564522847782024,0.3180435307982959,0.016463726030665
3-heyward street_2022,13.351384762311737,9.485689484358964,0.3263569494740989,0.0102473164515495
3-hicks street_2018,15.090245974922777,10.701141843092104,0.312619018692491,0.8765514843051377
3-highland boulevard_2019,14.129202507129166,10.40161287785521,0.3365029978067514,2.337285991773356
3-highland place_2021,13.328484628189964,8.95701440015172,0.334023055872073,0.9073710696995014
3-highlawn avenue_2017,13.63489455103266,9.472032977112232,0.2814864485618181,0.5710925345526395
3-highlawn avenue_2022,13.277285979110726,9.472032977112232,0.3612058403779938,0.3308133984123845
3-hill street_2018,12.42617622064883,7.966143682208572,0.2627690408340782,0.4200909603034841
3-hillel place_2018,11.454409718003376,7.048061651933868,0.3030995813418567,1.3007909375059497
3-himrod street_2019,13.545646590367102,9.672634011010762,0.2613462454444191,0.9922512726767
3-hinsdale street_2024,13.506126549107112,10.110986508714026,0.3084089831215035,0.0054849302305696
3-hinsdale street_2025,13.711268414186009,10.110986508714026,0.0,0.6145367799780339
3-homecrest avenue_2018,14.172238019873769,9.765087810081624,0.2531967447293644,0.0284902703996274
3-homecrest avenue_2019,13.49265105020823,9.765087810081624,0.2883689400982608,0.7782692739767676
3-homecrest avenue_2021,14.13662855122737,9.765087810081624,0.3035119076540278,0.8445369096107646
3-hooper street_2018,14.129826390915664,9.740758126481715,0.2742654024347746,0.3837646811288254
3-hooper street_2022,13.606470142244204,9.740758126481715,0.288080149118222,0.0141987193998129
3-hopkins street_2019,12.41557094667216,8.579749262432882,0.1902267363010679,0.9568951027160952
3-hopkins street_2022,12.445334929664968,8.579749262432882,0.2155856504344671,0.02244618882983
3-howard avenue_2019,14.290188071223982,10.562594032710694,0.2833431330220031,0.1479888777134493
3-hoyt street_2017,13.8115963720558,9.577268338819174,0.2635658069554915,0.5101854188785674
3-hoyt street_2018,13.966326282259216,9.577268338819174,0.2863569450111904,0.5085630661117316
3-hoyt street_2022,13.442970122792484,9.577268338819174,0.3332824412531127,0.7938970836600884
3-hoyt street_2024,13.220559802219016,9.577268338819174,0.3176174358575833,0.0798272998595543
3-hubbard street_2022,12.785376351304915,8.980171172324004,0.3026286374824201,0.5056723685251899
3-hull street_2022,13.200988070906432,9.395741035960762,0.3063509407228108,0.7541952421248793
3-humboldt street_2021,14.98350076818958,10.543585112974544,0.3397433156762107,0.9506535105016644
3-humboldt street_2022,14.409328923703407,10.543585112974544,0.3435392662572858,0.1600759478466349
3-humboldt street_2024,14.186918379152823,10.543585112974544,0.3249869172591701,0.372873043507505
3-humboldt street_2025,14.053910234024592,10.543585112974544,0.0,0.0040916179032535
3-huron street_2017,13.57257912693525,9.338269529726082,0.1798129662871506,0.3136421741213125
3-huron street_2021,13.778124278998172,9.338269529726082,0.309999665109581,0.0146915487429897
3-huron street_2024,12.981542775534365,9.338269529726082,0.2304729473868918,0.0096532570281383
3-imlay street_2018,13.214745084966744,8.825763799670382,0.2676994113448533,0.8062526266652177
3-india street_2017,13.545675069645606,9.31136783713208,0.1893772170006437,0.3236040816278439
3-india street_2019,13.147284912004949,9.31136783713208,0.2315210602011189,0.5736313945583822
3-india street_2024,12.954638746262676,9.31136783713208,0.22543976357456,0.0098513160503741
3-indiana place_2017,12.182395374488443,8.019781846849131,0.1888362378151483,1.2504746379773557
3-indiana place_2022,11.824788488590585,8.019781846849131,0.3267883101885329,0.0569472804417501
3-ingraham street_2018,13.552547161625558,9.163524287473756,0.2733696097413376,0.6374758956894806
3-irving avenue_2017,14.632762591272682,10.344117300013044,0.3178521710065217,0.2303177550622101
3-irving avenue_2019,14.217160042451852,10.344117300013044,0.3069968586472184,0.3178717436148385
3-irving place_2022,12.12817267209859,8.262655652375583,0.3305020696347091,0.6615017027243997
3-irvington place_2017,11.273375611460478,7.111241765163881,0.1445812288111076,1.0551827307407735
3-jackson street_2022,13.32419291722971,9.458499688456142,0.3034514758040468,0.0226417304808246
3-jackson street_2024,13.101782642251417,9.458499688456142,0.2864273671428844,1.0405593572194929
3-jaffray street_2025,11.953744851323654,8.353652551467178,0.0,1.0224868982786184
3-jardine place_2018,11.577180195347022,7.170732939155806,0.2890895322196607,1.3371303770885197
3-java street_2017,13.548701691092566,9.31439418937157,0.2002427964397899,0.320125060941149
3-java street_2018,13.70343155802197,9.31439418937157,0.2183884038502137,0.585617647617279
3-java street_2024,12.957665364519944,9.31439418937157,0.2785891325546068,0.0098513160503741
3-java street_2025,12.824657456724667,9.31439418937157,0.0,0.0095542128048116
3-jefferson avenue_2017,15.16008744060622,10.92570885219016,0.2289158418039048,0.3581638349901513
3-jefferson avenue_2022,14.79146086003119,10.92570885219016,0.3149625400056641,0.2089634877403758
3-jefferson avenue_2024,14.56905027179606,10.92570885219016,0.3230598067608249,0.0026963615477426
3-jerome avenue_2021,13.294916909724586,8.923451024067555,0.2892670226509192,0.6704924899951391
3-jerome street_2017,14.414488241029767,10.251585640073042,0.2268929634238558,0.5007146800152616
3-jerome street_2022,14.056879390278253,10.251585640073042,0.2587193762874837,0.0053854722763378
3-jerome street_2025,13.851872729392523,10.251585640073042,0.0,0.3382563584147143
3-jodie court_2021,11.284372064657084,6.9137565686327385,0.2842515373549917,1.3488520656440206
3-johnson avenue_2024,13.77822995158624,10.134909645801446,0.4572793395813615,0.0065783153601225
3-joralemon street_2022,13.18828787673301,9.322605768113483,0.3217034180368763,0.2276931860127811
3-junius street_2022,13.82093794632705,10.0156533807815,0.4070927420690821,0.3533995858048118
3-junius street_2024,13.410789493204124,10.0156533807815,0.3615437088486222,0.2594369070114786
3-kane street_2022,12.728563653600943,8.862932616870504,0.3442933782776288,0.63010087884231
3-kathleen place_2022,11.2225449683808,7.417803978860909,0.2829650825736421,0.6402736909528771
3-keap street_2022,13.77181196887333,9.90609117452644,0.2993809510554194,0.2529353361219461
3-kenilworth place_2017,12.80975763308056,8.646993215062508,0.2492061798899799,0.6656732035591902
3-kent avenue_2022,15.002705325652748,11.13694996388673,0.3660934206533178,0.2783890255401883
3-kent avenue_2024,14.780294719543782,11.13694996388673,0.3261824084901927,0.0026963615477426
3-kent street_2021,13.75360461978172,9.313752028932932,0.2951369741124788,0.0150856374180408
3-kent street_2024,12.95702314770238,9.313752028932932,0.2494608596315831,0.0098513160503741
3-kermit place_2018,12.033140509350403,7.644486984033847,0.2424836225172168,0.339040364726923
3-kiely place_2024,10.205649181801563,6.637672185732011,0.2859564464843111,0.658917989009285
3-king street_2021,13.00332759662406,8.563574590967093,0.3122076146215817,0.5996054361515811
3-kings highway_2018,16.632205678208525,12.225003591448717,0.3145174520780709,0.0200967016991224
3-kings highway_2021,16.596596186355622,12.225003591448717,0.3660677455877388,0.0024968801985871
3-kings highway_2022,16.030327061131818,12.225003591448717,0.3745345152864003,0.1505728584793743
3-kings highway_2024,15.620178159066826,12.225003591448717,0.3430915848415833,1.0906473190138128
3-kingsland avenue_2021,14.62572795599612,10.18582350634134,0.3539814281893391,0.0526873222790064
3-kingston avenue_2022,14.19479823212863,10.329060597165324,0.3460962843948261,0.68299582950357
3-knapp street_2021,14.898829972823854,10.527258991501036,0.4982377151816179,0.5026523130768294
3-knickerbocker avenue_2017,14.85794908404989,10.569297392964724,0.3452107880919246,0.6751359477580936
3-knickerbocker avenue_2019,14.442346489343157,10.569297392964724,0.3632565629052369,0.4166687786154896
3-kosciuszko street_2022,14.039678867605073,10.17394659969862,0.3331754917982629,0.5108456235659933
3-lafayette avenue_2021,15.45425691227346,11.014331475613082,0.3746339117955496,0.192601866201511
3-lafayette avenue_2022,14.880084977215088,11.014331475613082,0.3973904811797092,0.001998002662673
3-lafayette avenue_2024,14.657674381019357,11.014331475613082,0.3659422146560528,0.0024968801985871
3-lake street_2021,13.837112149070926,9.465591206472832,0.3164592153738171,0.5752078826952589
3-lancaster avenue_2018,13.157499814703764,8.750449353231403,0.242389772976338,0.3305978734286126
3-lawrence street_2018,12.517706706331646,8.128871617554426,0.2880341231507171,0.8725060195031332
3-lee avenue_2022,13.42196357087116,9.556263226940851,0.3657130105990526,0.2923710619379124
3-lefferts avenue_2019,14.296034311972436,10.56844012630954,0.3160113298392618,0.1773090149704103
3-lefferts place_2018,13.442810383411892,9.05379951266586,0.270994307241706,0.4664974899164479
3-legion street_2022,13.272539808540117,9.467287164596524,0.2628874138385646,0.0104452578615386
3-lenox road_2021,15.124894459046422,10.753318124472845,0.3456482589701768,0.4780338009409998
3-lenox road_2022,14.558625492264046,10.753318124472845,0.3621400693450765,0.4690656895177591
3-leonard street_2018,15.140248484965849,10.75114326843798,0.2668330096750282,0.1552928844060353
3-leonard street_2022,14.616891916923574,10.75114326843798,0.2936425344222471,0.0027960873020012
3-leonard street_2024,14.394481346591284,10.75114326843798,0.3006849418369477,0.4015240188749021
3-lewis avenue_2017,14.322893474337258,10.088538108574769,0.2906977610427316,0.4339229809246487
3-lewis avenue_2021,14.528438751425144,10.088538108574769,0.3776427872890567,0.4673751778920435
3-lexington avenue_2021,14.721948923078404,10.282041055650293,0.3274462389467363,1.0199658280101076
3-lexington avenue_2024,13.925366647273176,10.282041055650293,0.3196174066739198,0.0051865266873
3-liberty avenue_2018,15.242902176098296,10.83571468695207,0.3310623099588926,0.1800690217406608
3-liberty avenue_2019,14.563314758795034,10.83571468695207,0.3649292370280451,0.4451344385663708
3-lincoln avenue_2017,14.34635209662516,10.12732505020728,0.2558430113304704,0.4655562543184555
3-lincoln avenue_2022,13.967812939608615,10.12732505020728,0.2885619669212203,0.0080673710777587
3-lincoln avenue_2024,13.607910823171286,10.12732505020728,0.3184119329618272,0.3663777194001176
3-lincoln place_2019,14.470325187967395,10.74272698818196,0.2960245554055605,0.1421937657031752
3-lincoln place_2022,14.548034133450724,10.74272698818196,0.2927506067876362,0.1650906198655926
3-lincoln place_2024,14.137885419762467,10.74272698818196,0.2841612929155603,0.2329354537766789
3-lincoln road_2024,13.359220929553674,9.715920729894766,0.3371757188872985,0.7044826902236909
3-linden boulevard_2019,15.897540589449632,12.171611278031412,0.3563259165987901,0.1312913856811757
3-linden boulevard_2025,15.665078917784207,12.171611278031412,0.0,0.7582324272158797
3-linwood street_2022,14.234337018318238,10.429037655681316,0.3125540089913463,0.3138613842350836
3-little nassau street_2017,11.344189873561506,7.110598457453243,0.2099854667366986,0.6678293725756554
3-little nassau street_2024,10.753162034495618,7.110598457453243,0.31782657524975,0.0656004570839488
3-little street_2017,11.561206964244626,7.327458575748913,0.0592139130220446,0.4082611954101656
3-livingston street_2018,14.3521762999647,9.963096451236996,0.3351929142777523,0.7530656707711888
3-livingston street_2019,13.799055879076445,9.963096451236996,0.3245660907536664,0.7104958188945583
3-livingston street_2022,13.828819951170852,9.963096451236996,0.3909153270934331,0.0024968801985871
3-livonia avenue_2019,14.174252233565394,10.446661298086791,0.2639826418542604,1.5014740109061593
3-livonia avenue_2022,14.251961165664314,10.446661298086791,0.3460101687417831,0.2237033945727238
3-livonia avenue_2024,13.841812535958471,10.446661298086791,0.3470669589519694,0.0092570212626767
3-logan street_2022,14.062505038703486,10.257211094868778,0.3438868418343915,0.9227100836763384
3-lombardy street_2019,13.14899488829818,9.276012333751742,0.3013635627790348,0.2995859394546046
3-lombardy street_2022,13.170593958489675,9.276012333751742,0.3757852901411511,0.0105442138756711
3-lorimer street_2017,15.182998690247173,10.948619700253166,0.2647463369658759,0.1387179193118226
3-lorimer street_2022,14.814372107040482,10.948619700253166,0.3389871896413249,0.0026963615477426
3-lorimer street_2024,14.591961516679271,10.948619700253166,0.3340663651371484,0.3574646320529814
3-lorraine street_2018,13.451679772664267,9.062667882082508,0.3382730956567519,0.9544339416521946
3-lorraine street_2022,12.928324011245191,9.062667882082508,0.4027162353778122,1.250732336728943
3-lott avenue_2019,13.31622881478569,9.588676387192358,0.3041160591477127,0.7664441096214022
3-lott avenue_2022,13.393937675932628,9.588676387192358,0.3721107520685716,0.0142973047008244
3-lott avenue_2024,12.9837894914253,9.588676387192358,0.3691031400954386,0.0133110140596723
3-lott street_2017,12.66880213189834,8.506063889136689,0.2264061969490261,0.5316865144333199
3-lott street_2025,12.10618858275248,8.506063889136689,0.0,0.0199986865066891
3-louisiana avenue_2017,14.49438292985606,10.331477660403856,0.3111566051073192,0.3089542077273206
3-louisiana avenue_2022,14.1367740609692,10.331477660403856,0.3742469211910799,0.9689590804412388
3-louisiana avenue_2025,13.931767386358723,10.331477660403856,0.0,0.0085632306604878
3-love lane_2018,11.331037419287894,6.942865018479703,0.170032006677915,1.2657356017041677
3-luquer street_2017,12.886007420770072,8.651783399933988,0.2108680793270932,0.695993127009864
3-luquer street_2024,12.294972083357296,8.651783399933988,0.2288415724288475,0.7639783613205368
3-lynch street_2022,13.280063606981068,9.414373824691442,0.3192784482415047,0.0122249696225689
3-mac donough street_2017,14.612209678281497,10.449300842718452,0.2244024139912936,0.5333891421747421
3-mac dougal street_2024,12.834105835007682,9.439003420287468,0.3082812528875835,1.3174800451195308
3-macon street_2021,14.91931806718197,10.479404138817474,0.3244135203010854,0.0093560949240249
3-macon street_2022,14.345146238685825,10.479404138817474,0.3185774093080435,0.7676515027280505
3-macon street_2024,14.122735703252904,10.479404138817474,0.3272816452420999,0.004191204618468
3-madison place_2022,12.8712642500038,9.066048941114143,0.3408742980218506,0.0635380208039876
3-madison place_2024,12.461116596124612,9.066048941114143,0.3265711656385013,0.6551337383617292
3-madison street_2018,15.224015604162924,10.83664778437161,0.2367640208190166,0.156661810013377
3-madison street_2021,15.2994281901824,10.83664778437161,0.3157891105627482,0.00329456694943
3-madison street_2024,14.405879639519666,10.83664778437161,0.3040559072592457,0.2088011895983332
3-malbone street_2018,11.004405467857588,6.616601334070049,0.235548559558001,0.8275032330590241
3-malta street_2024,12.913255080150456,9.518146814113594,0.288543770049262,0.0093560949240249
3-manhattan avenue_2017,15.297067837390996,11.062686979423182,0.3024842582569164,0.3933925268738951
3-manhattan avenue_2021,15.502613184112896,11.062686979423182,0.3767904512266559,0.2907274306377411
3-manhattan avenue_2024,14.706030641692088,11.062686979423182,0.3556574773425616,0.3109346242619311
3-manhattan avenue_2025,14.573022456827909,11.062686979423182,0.0,0.0021975835434872
3-manor court_2022,11.102215443665056,7.297549523511712,0.2803019651541584,0.5875644179848801
3-maple street_2021,14.5490063856233,10.17744648510033,0.3230371127554454,0.1034587083682299
3-maple street_2022,13.98273757897765,10.17744648510033,0.3768965949158808,0.3073376301102222
3-marcus garvey boulevard_2021,14.855381705623858,10.415469611279224,0.3926010012627833,0.3870295459524794
3-marcy avenue_2017,15.007534759116258,10.773159092518853,0.2813324065599714,0.2583562430699522
3-marcy avenue_2021,15.213080091657655,10.773159092518853,0.3465196379955071,0.3297353086827804
3-marcy avenue_2022,14.638908197688815,10.773159092518853,0.3696149964072603,0.2305560110296636
3-marcy avenue_2024,14.41649762492274,10.773159092518853,0.3209054281028239,0.0887432098343885
3-marine avenue_2018,13.867386762432451,9.478335935239576,0.3427402777019833,0.9054724244382758
3-marine parkway_2022,13.625098966879143,9.819823855010693,0.3880596054117061,0.0414298097631395
3-marion street_2017,13.694011639801165,9.531145716004287,0.2159719270835796,0.7525004062594585
3-martin luther king jr place_2022,11.822339956550271,7.956913290709849,0.3074846997479606,0.0729716124558227
3-maspeth avenue_2019,13.54790548668433,9.711959217639288,0.3253562606813051,0.6818839882812346
3-maspeth avenue_2022,13.577669550267297,9.711959217639288,0.3704618196361079,0.02557027611153
3-maujer street_2022,13.02450395176496,9.158837416009074,0.3202942469823929,0.011533235813673
3-maujer street_2024,12.80209381905033,9.158837416009074,0.3456662946434193,0.3073376301102222
3-mc kibbin street_2024,12.63477504647292,8.991537317246111,0.2249153797135663,0.011533235813673
3-mc kinley avenue_2018,13.287342783088851,8.827112198214476,0.2265262945593358,0.3422412779411289
3-mcclancy place_2024,10.855469442217602,7.460846168678158,0.1837573072200588,0.0560021901152847
3-mcguinness boulevard_2021,15.010032062100796,10.570115724805284,0.3698898138048266,0.4630419529121842
3-meadow street_2022,12.991516165498606,9.125853086819795,0.4140555553132025,0.0131136391453831
3-meadow street_2024,12.769106051209162,9.125853086819795,0.3836190150469149,0.3127648528192441
3-meeker avenue_2021,15.244124790394958,10.804203158281178,0.3927377441141863,0.6279150856223298
3-meeker avenue_2022,14.669952890565034,10.804203158281178,0.424059916842699,0.1310282624064041
3-meeker avenue_2025,14.31453414681587,10.804203158281178,0.0,0.2890061954139122
3-meserole avenue_2019,13.323625671521135,9.487694298615953,0.2677365778076905,0.7622533789584931
3-meserole street_2018,14.43834581926429,10.04926212961387,0.2915611786575224,0.5679807042670504
3-metropolitan avenue_2018,15.37396129981179,10.98485167433414,0.4300835487851232,0.2130932154607083
3-metropolitan avenue_2021,15.42477662421549,10.98485167433414,0.4701864868808201,0.3797369595354331
3-metropolitan avenue_2022,14.850604693664474,10.98485167433414,0.4896686405903522,0.0053854722763378
3-metropolitan avenue_2024,14.62819410003888,10.98485167433414,0.4505211477417574,0.1470397426493148
3-metropolitan avenue_2025,14.495185919901076,10.98485167433414,0.0,0.3167796032754768
3-middagh street_2018,12.349548225674264,7.960766468645818,0.2022168882711592,1.1504137872313729
3-midwood street_2021,14.384334081996393,9.944439804084569,0.3121706393723138,1.2485254313749947
3-milford street_2022,13.963068304774488,10.157777949284844,0.3001301173051668,0.3962898101727122
3-mill avenue_2019,14.13825402840008,10.410664131934965,0.3322511905513232,1.2178461232584423
3-mill avenue_2022,14.21596295858462,10.410664131934965,0.3988674274811711,0.0066776547532405
3-miller avenue_2022,13.95511325453754,10.149823201830902,0.3161422594161555,0.601360784929237
3-miller avenue_2024,13.544964738093377,10.149823201830902,0.3305708951276989,0.258510695151501
3-miller place_2024,10.25642709154322,6.862259744948617,0.224521911284331,0.6087324294175815
3-moffat street_2017,13.74102432111246,9.452424714177075,0.2479318073459051,0.6867769335521018
3-monitor street_2018,13.755176128649822,9.366134271884,0.2755029438837579,0.2044091532579594
3-monitor street_2021,13.80599141085386,9.366134271884,0.3389154335365176,0.0142973047008244
3-monitor street_2024,13.009409872642824,9.366134271884,0.34905981541148,0.4694409709832593
3-monroe place_2018,12.02759982007542,7.638948921301202,0.2341466246585407,0.7159355421903765
3-monroe street_2017,14.761646574067996,10.527276664016943,0.2560237287792318,0.1847353080178898
3-monroe street_2024,14.170609508076224,10.527276664016943,0.2887283229703359,0.0039920212695374
3-montauk avenue_2017,14.386288925903637,10.223387318880867,0.2583340323120698,0.4548899914356873
3-montauk avenue_2022,14.028680081906996,10.223387318880867,0.3665784605041712,0.0069756137364252
3-montauk avenue_2024,13.61853153418617,10.223387318880867,0.3402418059459956,0.7059646842705598
3-montauk avenue_2025,13.823673426133334,10.223387318880867,0.0,0.0043903483012928
3-montauk court_2022,10.877516068952568,7.07301695540508,0.2865049092787661,0.6692130302643142
3-montgomery street_2018,14.856620041536637,10.44944172012817,0.2572810111637289,0.6032771761309025
3-montgomery street_2019,14.177032734314905,10.44944172012817,0.2833303207893491,0.7083805612005346
3-montrose avenue_2018,14.189581765580128,9.800510130717871,0.3254467666095051,0.2598996914393293
3-montrose avenue_2021,14.240397066327375,9.800510130717871,0.387612632823367,0.3345418031042651
3-moore street_2024,13.149414770479874,9.50612828233026,0.2931841496057643,0.0068763039394321
3-morgan avenue_2019,14.228683238422429,10.392707713556346,0.324119468654212,0.1008403149260714
3-morgan avenue_2022,14.258447320928648,10.392707713556346,0.3949406472946353,0.0296558849075106
3-mother gaston boulevard_2017,14.715902474034984,10.552990829535515,0.3571841674289943,0.2188141931529804
3-mother gaston boulevard_2018,14.960171965472757,10.552990829535515,0.3673985842651123,0.6750850377415368
3-mother gaston boulevard_2022,14.35829356182291,10.552990829535515,0.4148654504110065,0.6930471755596119
3-moultrie street_2022,12.092268866332944,8.22676107952324,0.2394799706339032,0.6991789527916642
3-myrtle avenue_2017,15.566250388954357,11.331865882576736,0.3014877914576254,0.1902897264431315
3-myrtle avenue_2018,15.720980418180906,11.331865882576736,0.3168765527438811,1.3127823651832111
3-myrtle avenue_2024,14.975213150030662,11.331865882576736,0.3599350995474565,0.2290460969668236
3-narrows avenue_2018,14.393925835431956,10.00484408441748,0.328148829357212,0.6570535729117066
3-narrows avenue_2022,13.870569470196862,10.00484408441748,0.4115319978720876,0.3045391895182038
3-nassau avenue_2021,14.462956850883383,10.023058986897547,0.3717220852850661,0.7019582488384952
3-nassau avenue_2022,13.888785171139,10.023058986897547,0.3903182923481787,0.3331811125229991
3-nassau street_2024,12.316501658497517,8.673309349027084,0.2201835096857329,1.6531293860585254
3-national drive_2022,13.411927925860118,9.606665442981845,0.368322062508312,0.628501987066414
3-navy street_2017,13.752533947445963,9.518210068583569,0.3031862589877462,0.5452850198175615
3-navy street_2024,13.161497426831176,9.518210068583569,0.3259856855281,0.2552621811956697
3-nelson street_2024,12.299601602479886,8.656412132744313,0.2497806856489574,0.4778477832687846
3-neptune avenue_2018,15.930871266147175,11.523674105491338,0.363803307962605,1.2961508112669249
3-neptune avenue_2021,15.89526177649785,11.523674105491338,0.4186929465130954,0.0156764793850075
3-neptune avenue_2022,15.328992699252488,11.523674105491338,0.4482173284525125,0.2309529782056915
3-nevins street_2017,13.766770024562152,9.5324451217976,0.2933034974957596,0.6007577312665978
3-nevins street_2022,13.398143795814832,9.5324451217976,0.3871079108702833,0.0122249696225689
3-new lots avenue_2022,14.358570375063968,10.553267635709362,0.3876494032737894,0.2272152506842634
3-new lots avenue_2024,13.948421712218591,10.553267635709362,0.396967377870342,0.4995624314872799
3-new utrecht avenue_2018,15.55111158716641,11.161999243009245,0.3089199184021556,0.079550278758009
3-new utrecht avenue_2019,14.997990864604894,11.161999243009245,0.309115356448469,0.15802886422491
3-new york avenue_2017,15.582073381677963,11.41914684029688,0.3038787949134287,0.2192158479762298
3-new york avenue_2018,15.826342924152158,11.41914684029688,0.3152444594098067,0.2910264737021706
3-new york avenue_2019,15.14675540364891,11.41914684029688,0.3344941100354967,0.1447062209992586
3-new york avenue_2021,15.790733434984515,11.41914684029688,0.3673127704486811,0.146262506978252
3-new york avenue_2022,15.224464368226826,11.41914684029688,0.3831080646579617,0.1627139104877461
3-new york avenue_2024,14.814315534726765,11.41914684029688,0.3440346218171357,0.0776089793269828
3-newel street_2024,12.69920340686905,9.055958114991595,0.1903353375175082,0.6789468311588039
3-newkirk avenue_2021,14.742771180854971,10.371204668061363,0.3161615437736495,0.3394677456010114
3-newkirk avenue_2022,14.1765023097777,10.371204668061363,0.3217243114165978,0.2109899951416396
3-newport street_2017,14.147968320653908,9.985076333412875,0.2615259711834259,0.3159779416066282
3-newport street_2022,13.79035954203466,9.985076333412875,0.3352161841070563,0.0089597413714719
3-newport street_2024,13.380211104570538,9.985076333412875,0.3573643614083002,0.0093560949240249
3-newton street_2018,12.367025725446029,7.978237998752265,0.2151821184844457,0.6848125437698876
3-nichols avenue_2017,13.551643180600289,9.332663937401655,0.2068901735291715,1.1672362032099288
3-norman avenue_2018,14.3169280459964,9.92784986632879,0.3033975341420343,0.5223588595796638
3-north 1 street_2018,13.18613445792335,8.797157383280162,0.2223291847200109,0.2446701818584899
3-north 1 street_2024,12.440369104149154,8.797157383280162,0.1946967742216082,0.5800904582676486
3-north 10 street_2017,13.634740921858038,9.400426098291716,0.2113846766006165,0.3997823249726661
3-north 12 street_2025,12.82522538755889,9.314962070568884,0.0,0.0101483310518151
3-north 14 street_2017,12.394909100243108,8.16079431917573,0.3574916038452884,0.949106360815778
3-north 15 street_2017,12.641442410861808,8.407266122313903,0.2504789304754338,0.93361971399593
3-north 3 street_2018,13.26157551159997,8.872587588939847,0.2520003528249243,1.0298693859363657
3-north 3 street_2025,12.382802285321509,8.872587588939847,0.0,0.0156764793850075
3-north 5 street_2021,13.709289354781008,9.26944080174491,0.2710622557335007,0.9109565302834532
3-north 8 street_2017,13.57039640000873,9.336086992285145,0.1828660708286445,0.6358887617196634
3-north 9 street_2017,13.405537877564685,9.17124404558868,0.1990651291552414,0.5650296777795027
3-north 9 street_2024,12.814501712958435,9.17124404558868,0.2483142896607612,0.6488817642619299
3-north henry street_2017,13.848218326033084,9.613887837404445,0.2031954588930372,1.040382713103932
3-north henry street_2018,14.002948241411644,9.613887837404445,0.2193938398665626,0.1341811814660196
3-norwood avenue_2018,13.38537254621884,8.998107419064768,0.2256351888243812,1.033753716319613
3-nostrand avenue_2018,16.63835842010186,12.24923677765868,0.3325849625328112,0.4823026848327524
3-nostrand avenue_2019,16.085237611220936,12.24923677765868,0.3396760479496515,0.3723218895149101
3-nostrand avenue_2021,16.689173751988243,12.24923677765868,0.3801453357439752,0.1286570322082618
3-nostrand avenue_2022,16.115001710096884,12.24923677765868,0.3907076526842608,0.0596830021611737
3-nostrand avenue_2024,15.892591052983937,12.24923677765868,0.3598499748178199,0.097580328338864
3-oak street_2025,11.850081598731022,8.339962574964991,0.0,0.0249852526939085
3-ocean avenue_2024,15.631761188917078,12.236586566692491,0.4057745208893806,0.1162707816653865
3-ocean parkway_2017,16.727380259834266,12.564446345838084,0.2876039612348358,0.8605665831017935
3-ocean parkway_2018,16.971649827566612,12.564446345838084,0.3097553726500833,0.1522918103422586
3-ocean parkway_2022,16.369771196279462,12.564446345838084,0.3669185046971508,0.0711106274579527
3-ocean view avenue_2017,14.005158028559606,9.842273005382715,0.2524611924272205,0.8082599876604499
3-old new utrecht road_2019,12.380923792096644,8.653474846343649,0.2753135377069572,0.4596375869965574
3-olean street_2018,12.186757672305015,7.779963756297247,0.2476631684885283,0.6526376372217353
3-oliver street_2022,11.6121560811598,7.746809617228546,0.3456734725956214,1.065434612862096
3-orange street_2022,11.72676578092243,7.861373503706145,0.2794126809692743,0.6657759837638133
3-osborn street_2022,13.201102941189362,9.395855896913485,0.2589648277660271,0.0159717695096986
3-otsego street_2022,12.639114790636723,8.773496720440846,0.3438799861727866,0.4761720652661116
3-owls head court_2017,11.218392234094908,6.984908667951568,0.2343226616267585,0.6950453778430256
3-pacific street_2017,15.513282881153096,11.27889901725126,0.2793255921256531,0.0346912397899303
3-pacific street_2018,15.668012909025595,11.27889901725126,0.2822894726998664,0.0447821427718931
3-pacific street_2019,15.114892172096926,11.27889901725126,0.2976578381913066,0.4894385418843429
3-pacific street_2022,15.144656266006304,11.27889901725126,0.3563463534396449,0.1237209269897588
3-pacific street_2024,14.922245649841164,11.27889901725126,0.3173887915954366,0.00329456694943
3-paerdegat 13 street_2019,11.277004039724758,7.549898398522528,0.3078266385442483,0.7049275190954767
3-paerdegat 3 street_2018,12.321319616390754,7.914473710379617,0.2082818888119147,0.6289819230841586
3-paerdegat 4 street_2017,12.33147968112221,8.168821308691633,0.2738615168331487,0.6186929946349977
3-paerdegat avenue north_2021,14.550665592224965,10.17910562947041,0.3657899538126036,0.534971745594069
3-park avenue_2018,15.502742995959732,11.113631346971,0.309060237444658,0.7174494730829101
3-park avenue_2022,14.979386372323962,11.113631346971,0.3911112083992792,0.0031948908965191
3-park avenue_2025,14.62396758024349,11.113631346971,0.0,0.521171915820135
3-park circle_2018,12.742114492171345,8.35322085919081,0.375550056444122,4.165484682275474
3-park place_2021,15.485495917249148,11.04556998019206,0.3042906623968485,0.6008125693571493
3-park place_2022,14.91132397755733,11.04556998019206,0.3365720619270108,0.0082657444170326
3-park place_2024,14.688913378719564,11.04556998019206,0.3199646672649113,0.0453557017207972
3-parkside avenue_2022,14.190702772878964,10.385404699352636,0.4490639921624807,0.2345977013593256
3-parkville avenue_2021,13.439481069058145,9.067997477223768,0.2687976878252939,1.3377341705045136
3-parrott place_2024,11.942342514878629,8.299225807395903,0.4062310981877469,0.6911952768347
3-pearl street_2024,12.571306229678893,8.928076442349871,0.2338447098194555,0.0133110140596723
3-penn street_2017,13.687274395967568,9.452955401902855,0.2446108182162469,0.7601981678095554
3-pennsylvania avenue_2024,14.82337152005854,11.428202729934675,0.3667959669490103,0.6862232654871211
3-pierrepont place_2022,10.47710184858921,6.612648226171961,0.2909121442661739,0.6202538550396205
3-pine street_2022,13.9982270347569,10.15773797365978,0.3111948171746615,0.4256598153936836
3-pine street_2024,13.63832490717608,10.15773797365978,0.3006517880864267,0.6507092978619776
3-pioneer street_2021,12.873870864249897,8.434143936126617,0.3398910433699985,0.2712477659883561
3-pitkin avenue_2022,15.181345655624904,11.376028600864691,0.4215704506156303,0.2117185336447421
3-pitkin avenue_2024,14.771196827585008,11.376028600864691,0.3854634462275907,0.1672079189839064
3-plumb 1 street_2017,13.049944330197633,8.887142989641704,0.234839591077401,0.9263598675509388
3-plumb 1 street_2018,13.294213443712517,8.887142989641704,0.2533858338639551,0.2429461786103894
3-plymouth street_2017,13.089091665985649,8.854835980850892,0.1458421807793881,0.0912108800533841
3-poplar street_2018,11.822257243365224,7.433714694968095,0.2405793136001233,1.021551242531648
3-portal street_2017,11.967804902024406,7.805268867972789,0.2815357716030868,1.4001726111525994
3-powell street_2024,13.360101462148856,9.964967595683728,0.3522620383538481,0.0055843782939006
3-president street_2017,15.425688685847197,11.191305962018776,0.2561863465645553,0.4688154236089261
3-president street_2018,15.580418711316936,11.191305962018776,0.2659359215333101,0.3938647500418433
3-president street_2024,14.834651468042354,11.191305962018776,0.3259905659456685,0.2272152506842634
3-preston court_2019,12.891605723718415,9.164088661462811,0.3230941106750368,1.3560155497339614
3-prince street_2018,12.696050149455294,8.307167486860724,0.2214110572606553,1.637889305608002
3-prospect avenue_2017,14.754825657434152,10.520455928120567,0.3244487966434955,0.5089238164763944
3-prospect avenue_2019,14.356435050082906,10.520455928120567,0.3444552376744049,1.1256111828348845
3-prospect place_2017,15.072690947791724,10.909771588562178,0.2303520466603549,0.7423658243474447
3-prospect place_2018,15.316960465660102,10.909771588562178,0.2507322615968642,0.2285688079592743
3-prospect place_2022,14.715081983150233,10.909771588562178,0.3112182213196273,0.0112366319259876
3-prospect place_2024,14.304933231965984,10.909771588562178,0.3341764148568922,0.0521179542621066
3-prospect street_2017,13.064455149364411,8.83020297170433,0.2306719422292357,1.4331540917723748
3-prospect street_2024,12.473419478314048,8.83020297170433,0.2553929452778629,0.2347558666423757
3-provost street_2024,12.759607322878356,9.11635536985313,0.2786761231161858,0.5873421216629688
3-pulaski street_2022,13.710988358454191,9.845270626012304,0.2961080127658526,0.0061808590750811
3-putnam avenue_2022,14.895374647184152,11.000717630308095,0.3340590608210801,0.3315314797300421
3-putnam avenue_2024,14.569952377380933,11.000717630308095,0.3193696366032766,0.2235434713355367
3-quentin road_2018,15.55675765386095,11.149564927001274,0.286203104723755,0.0353671438372913
3-quentin road_2019,14.877170173666338,11.149564927001274,0.3098648137065395,0.2415334164258007
3-quentin road_2021,15.52114816619499,11.149564927001274,0.3412113208200075,0.1722712209404532
3-quentin road_2024,14.544730336976947,11.149564927001274,0.3142178536446298,0.1432341680859078
3-quincy street_2019,14.439941857746511,10.603960621006204,0.2467578743077505,0.3065283602481408
3-quincy street_2024,14.247295391337635,10.603960621006204,0.2802732291090983,0.1103779074696093
3-ralph avenue_2017,15.902216280005293,11.739286776553389,0.3876043692260328,0.9836128751383112
3-ralph avenue_2019,15.46689827643577,11.739286776553389,0.4073872346085278,0.4829198545122819
3-ralph avenue_2024,15.134458378975454,11.739286776553389,0.413162865773145,0.4367699579365768
3-rapelye street_2024,11.543800023370949,7.90080190353116,0.3575940616504953,0.6506571289389931
3-remsen avenue_2017,15.668451738635063,11.50552430250889,0.3626657723580883,0.704878103435644
3-remsen avenue_2021,15.877111794605357,11.50552430250889,0.4183104618713332,0.4581208073339624
3-remsen street_2018,13.20986898031783,8.820888404154319,0.2696480929415664,0.674473915294324
3-rewe street_2022,12.116998924645896,8.251484742890147,0.0,0.0737150378222806
3-richards street_2017,13.597877586397992,9.363565822904874,0.2652220713093667,0.8789211044041512
3-richardson street_2017,13.89974858870488,9.665414793909866,0.2460938530836788,0.2931918656253784
3-richardson street_2021,14.10529380686854,9.665414793909866,0.3302887748030186,0.6468937960424833
3-richmond street_2019,12.815960914311326,8.943014597094246,0.2381467179062585,0.3887935738201923
3-richmond street_2024,12.512138590315637,8.943014597094246,0.2949829423302832,0.3721151284266102
3-ridge boulevard_2017,14.901465437546689,10.66709208175613,0.3976360941861338,0.371494588537011
3-ridgewood avenue_2018,14.423499293326904,10.03615529672564,0.2513736541981847,0.3626967762572265
3-river street_2018,13.396562184473328,9.007556780560655,0.2475908050374789,0.2401973058800373
3-riverdale avenue_2021,14.69767751318087,10.32611242687,0.3410605201624823,0.3851263371126338
3-riverdale avenue_2022,14.13140865600357,10.32611242687,0.32976659377116,0.0070749136719618
3-riverdale avenue_2024,13.72126006828453,10.32611242687,0.3292210512566735,0.1259275565977906
3-rochester avenue_2018,14.274178340391028,9.86702263330204,0.3209770572242242,1.2253036750277648
3-rochester avenue_2022,13.672300195791813,9.86702263330204,0.4025537052708958,0.7481560635907445
3-rockaway avenue_2024,14.366590790568264,10.97142809083519,0.4273045399496257,0.7416515896195602
3-rockaway parkway_2017,15.8261632764835,11.663234393352754,0.3432769954402028,1.4776877895491012
3-rockaway parkway_2018,16.07043282698041,11.663234393352754,0.3590538344954784,0.4339229809246487
3-rockaway parkway_2019,15.390845278262692,11.663234393352754,0.353528493335262,0.4887640469634715
3-rockaway parkway_2024,15.058405386778876,11.663234393352754,0.3884241810462709,0.9022323746231148
3-roder avenue_2019,11.852431446170264,8.12510110111681,0.2504419547632959,0.725178651390609
3-rodney street_2017,13.992292743467846,9.757953422368278,0.2699772432377473,0.9949540270571224
3-roebling street_2018,14.42819660756822,10.039113353304202,0.2684134078353105,0.5850050219402422
3-roebling street_2021,14.479011915550876,10.039113353304202,0.3076300122103745,1.4770715551779587
3-rogers avenue_2021,15.592565393681012,11.152637855445048,0.3324024733395106,0.1344434765494907
3-royce street_2024,13.436720493392176,10.04158327525208,0.3470889145358241,0.9242192181962766
3-russell street_2017,13.778831293319318,9.544505534404294,0.2269830431052697,0.6507614640635074
3-rutherford place_2019,11.590405223955417,7.863161416913694,0.3078266385442483,0.6654676114532029
3-rutland road_2017,14.77429567185541,10.611382569122224,0.3095011198464206,0.1693207446167031
3-rutland road_2021,14.98295568515358,10.611382569122224,0.3586893520119101,0.1626289234482185
3-rutland road_2024,14.006538070256076,10.611382569122224,0.3908297968642766,0.3551537875667936
3-rutledge street_2017,13.687474477488427,9.453155467954836,0.2625318388290059,0.7407938340272983
3-ryder street_2022,13.837344820677494,10.032059543996771,0.2929622255230644,0.8621301729147194
3-ryerson street_2018,13.021460234112304,8.632509882644408,0.1115612629298389,0.6265264932180495
3-sackett street_2017,14.404184858967689,10.169826295946104,0.2265364816212187,0.2839752105204545
3-sackett street_2024,13.813147927413086,10.169826295946104,0.2897670117920062,0.1234558039269182
3-sackman street_2022,13.626008938992818,9.820733778778186,0.2860082586135422,0.0047885167317971
3-sands street_2017,13.768824794959292,9.534499745609386,0.1758844956049274,1.0981455130786657
3-saratoga avenue_2022,14.47915103665798,10.673845397565836,0.3802458031674084,0.1819881678927169
3-saratoga avenue_2024,14.06900234035051,10.673845397565836,0.3607356536033925,0.4713152686705315
3-schaefer street_2017,13.674091824405496,9.511227337692723,0.2333742630558653,0.6660328880683734
3-schenck avenue_2018,14.859133328519516,10.451954935292711,0.2530958921238415,0.262902581087558
3-schenck avenue_2019,14.179546020435422,10.451954935292711,0.2494004530955776,0.2679639415856773
3-schenck avenue_2022,14.257254952810095,10.451954935292711,0.2866458214433996,0.2306354170725052
3-schenck avenue_2024,13.84710632137399,10.451954935292711,0.2823229101741596,0.1921893759923046
3-schenectady avenue_2017,15.54159709944349,11.378671004679644,0.2988318037485833,0.485076953743213
3-schenectady avenue_2018,15.785866640387592,11.378671004679644,0.2978652696412014,0.1683916512604566
3-schenectady avenue_2024,14.773839260646213,11.378671004679644,0.3680333893609692,0.0410459694360009
3-schermerhorn street_2018,14.296355872207226,9.907278694199766,0.2974638863409934,0.0881940107359162
3-schermerhorn street_2022,13.77299954649616,9.907278694199766,0.3787050002444858,0.9633269778755844
3-scholes street_2018,14.207150013086864,9.818077425016208,0.316139682935373,0.1986869108802189
3-seaview avenue_2024,14.654964859373862,11.25979799864845,0.3459614743608126,0.4768551041948373
3-seaview avenue_2025,14.860106897057024,11.25979799864845,0.0,0.6454788868584441
3-seaview court_2022,10.72633417105182,6.921970316892202,0.3100764938553895,0.6680344797448701
3-seeley street_2019,12.898313004652804,9.062420932048116,0.2402064508692691,0.9606903191708396
3-seigel street_2022,12.95416271608178,9.088503692160923,0.2640742050362264,1.4036429994545037
3-seigel street_2024,12.731752623403066,9.088503692160923,0.2671274383314034,0.0104452578615386
3-senator street_2021,13.81890021434989,9.37904199077396,0.3384272714570163,0.9916579108940394
3-seton place_2018,12.508783037242194,8.101875426277115,0.2940000997863419,0.2347558666423757
3-seton place_2021,12.473173677135293,8.101875426277115,0.3210121550281725,0.6254035284734257
3-sharon street_2024,11.59932193130835,7.95630432742994,0.2050498078715107,0.6780335427498971
3-sheepshead bay road_2018,14.22696777399772,9.819814543252576,0.2431335634473404,0.009058844488346
3-sheepshead bay road_2024,13.214941310604033,9.819814543252576,0.2476038488843704,0.0733433942242095
3-shepherd avenue_2018,14.849383243455984,10.442205129853342,0.2095947925831567,0.3663083929069705
3-shepherd avenue_2019,14.16979593872949,10.442205129853342,0.2220168458284703,0.2892308724416313
3-shepherd avenue_2024,13.837356242352955,10.442205129853342,0.2773292105030966,0.3592815438036824
3-sheridan avenue_2022,13.421780579253964,9.581321101134549,0.2507267115434484,0.0118297517535772
3-sheridan avenue_2024,13.061878733027903,9.581321101134549,0.2011094706595877,0.7391238667999696
3-sherlock place_2018,11.581750989283837,7.175300269998687,0.2861844727356811,1.345784817781681
3-shore parkway_2017,16.11439131769981,11.951460313469006,0.2739990998921178,0.547022539077809
3-shore parkway_2018,16.35866087546349,11.951460313469006,0.2932972704713839,0.9103531392074018
3-shore parkway_2019,15.679073301189844,11.951460313469006,0.2993444696246731,0.233806499482463
3-shore road_2017,15.3283397186541,11.09395838471696,0.3687972494269265,1.154772055878314
3-shore road_2021,15.533885066676133,11.09395838471696,0.4546806684341763,0.6152396916834197
3-sidney place_2022,11.398156060610916,7.532910545075703,0.2767400735877978,0.6711060496830651
3-skidmore avenue_2022,12.563066372998104,8.757891835406081,0.3675874080528436,0.8791702117707137
3-skillman avenue_2018,13.883548043444366,9.49449600521175,0.2222542671293256,0.2552621811956697
3-skillman street_2017,13.374434891916708,9.140144297470703,0.2311117209633866,0.6729954923490924
3-smith street_2018,14.833998514508869,10.444900878263468,0.3889744867835393,1.2728456686123115
3-somers street_2022,12.83488022046547,9.029669096874816,0.3282028451387062,0.9885741834591724
3-south 1 street_2022,13.341348617019891,9.475654088912316,0.2794126809692743,0.487782150597378
3-south 1 street_2024,13.118938335116734,9.475654088912316,0.2087881299821178,0.2016338678263274
3-south 10 street_2017,12.098950041415351,7.864932207461043,0.1956671110416766,2.255137027806734
3-south 2 street_2017,13.908274081764064,9.673939756212928,0.2369046408561706,0.1700802703716007
3-south 2 street_2024,13.317237437374857,9.673939756212928,0.3020764077386381,0.1773090149704103
3-south 4 street_2017,14.033082393933224,9.79874079480296,0.2134396455026267,0.9324789920706796
3-south 4 street_2019,13.634691988995948,9.79874079480296,0.259429559499897,0.4177888577969962
3-south 4 street_2022,13.664456055764637,9.79874079480296,0.3034699066991927,0.2515366258154276
3-south 5 place_2019,10.855215989715177,7.020085315738166,0.2983393669257689,0.7073951938251467
3-south 5 street_2019,13.557671051155044,9.721724206333649,0.2789905643333225,0.3870974507499795
3-south elliott place_2022,12.774263109885382,8.908625882875967,0.2956856723123027,0.5356743217353812
3-south portland avenue_2022,13.140358718624226,9.27468090634004,0.3488120812445834,0.6599005867663096
3-spencer place_2024,10.957134819048791,7.314424533068783,0.3039286888887416,0.6178307862504957
3-stagg street_2024,13.237238346053662,9.593945766632215,0.3358562834141809,0.356694943738735
3-stanhope street_2022,13.621177759233657,9.755464902460549,0.3222943503377224,0.395684096253059
3-stanley avenue_2022,14.657790719551723,10.85248137877191,0.5339720959359731,0.6984829201494644
3-stanley avenue_2024,14.247641980528035,10.85248137877191,0.5152983647508599,0.039701366851552
3-starr street_2017,13.689446285386476,9.455127123572154,0.2650420903354409,0.4194994970719675
3-state street_2017,14.09048141776928,9.856136766366102,0.2637638448219143,0.2423185307002507
3-state street_2019,13.69209099086875,9.856136766366102,0.2705722448853206,0.3526970425695087
3-state street_2022,13.72185505959752,9.856136766366102,0.3135972724948123,0.3745246852015274
3-sterling place_2018,15.302472418582768,10.913364034099596,0.2484111619602029,0.3280799770586196
3-sterling place_2019,14.749351732780603,10.913364034099596,0.2812011683676978,1.1383456908867098
3-sterling place_2022,14.779115823160929,10.913364034099596,0.3187163057414338,0.0018981972830802
3-sterling place_2024,14.556705236091728,10.913364034099596,0.3179938552769049,0.8950262365694307
3-sterling street_2019,13.44406154603344,9.60812176033866,0.2257448162518429,0.7665370377879964
3-steuben street_2018,12.951866271527512,8.562928605138564,0.1441840294836596,0.7033450055363913
3-stewart avenue_2018,14.408302899325689,10.019220511399029,0.3562831450965498,0.4774756440844365
3-stillwell avenue_2017,15.532182675699024,11.369256687431369,0.3487625866855031,0.6914958178107149
3-stockholm street_2022,13.605748596808072,9.711134603078946,0.312955236582406,0.7619733714897978
3-stockton street_2022,12.260175120601737,8.394626867382364,0.3848621606412155,0.0450689633675781
3-strauss street_2019,13.455594500476748,9.728033375981047,0.2764761086601723,0.6676242233288594
3-strauss street_2024,13.123155092592537,9.728033375981047,0.2436220826577504,0.0087615056685727
3-street edwards street_2017,12.650465077027324,8.416286812374809,0.1582240052148941,1.4963587959821996
3-street felix street_2022,12.19729368446977,8.331759796447164,0.3446263658728825,0.5343272835510822
3-street james place_2018,13.767933505081071,9.378890577018266,0.2985384214175932,0.6407480117607369
3-street james place_2024,13.022167234154406,9.378890577018266,0.3361203098183549,0.5486992761940722
3-street johns place_2017,15.438951422323532,11.204568519395089,0.3253316192625807,0.4694409709832593
3-street johns place_2019,15.040560720181968,11.204568519395089,0.3325673569674614,0.7584666466805878
3-street johns place_2022,15.070324813474258,11.204568519395089,0.395111753210742,0.0026963615477426
3-street marks avenue_2017,15.291648328496905,11.057267554539877,0.2427895314293624,0.3783679402237971
3-street marks avenue_2021,15.497193674989326,11.057267554539877,0.2949040880513726,0.2577381960787088
3-street marks avenue_2022,14.92302173359938,11.057267554539877,0.3125921666065043,0.1607573788781141
3-street nicholas avenue_2021,14.10902444745423,9.646288524334842,0.3653759008131462,0.7479194164069248
3-strickland avenue_2022,13.752553603415302,9.947272130828203,0.3763783698063301,1.0810591294205203
3-strong place_2018,12.161947254903254,7.773236595057805,0.2531124977955593,0.6843082318927409
3-stuyvesant avenue_2021,14.47830670097104,10.03840816916048,0.3376341229461551,1.1409371533131112
3-sullivan street_2017,13.081808779731531,8.847554122473403,0.2357435751255307,0.5438347773729363
3-sumpter street_2018,13.96076278526525,9.553625933332697,0.2239201772666627,0.4354121844761164
3-sumpter street_2022,13.358884832752878,9.553625933332697,0.2769099754698698,0.4087264508105359
3-sunnyside avenue_2024,12.089140660757709,8.694123312897354,0.1863364747194364,0.9456164972559816
3-sunnyside court_2024,9.632794373987847,6.239502250506993,0.2106520634201805,0.6817322777446468
3-surf avenue_2019,14.911564082212887,11.183958361013604,0.3366799568919961,0.8838088616289013
3-sutter avenue_2017,15.264444487655652,11.101521988601798,0.3193643878441096,0.1776439672428435
3-sutter avenue_2018,15.508714016280988,11.101521988601798,0.3295498902311906,0.2565009549682061
3-sutter avenue_2019,14.829126544481705,11.101521988601798,0.3194270544539589,0.2541769938943827
3-sutter avenue_2022,14.906835501675983,11.101521988601798,0.374560225647444,0.333754260554164
3-sutter avenue_2024,14.496686714505625,11.101521988601798,0.385041598449243,0.5125840767808539
3-suydam street_2017,14.078323056249506,9.843979036841276,0.2594061479509789,0.1347057028522913
3-suydam street_2022,13.70969670221954,9.843979036841276,0.3206101953542488,0.4987125558821885
3-taaffe place_2024,12.59858326565447,8.955350003286993,0.2998491319814562,0.6695714440312396
3-tapscott street_2018,13.258666104416765,8.851600588726122,0.312159200308412,2.7286107110673936
3-taylor street_2019,12.588197486801551,8.752346658146276,0.2448118507933391,1.8839435557692488
3-ten eyck street_2022,13.089807547355887,9.22413449518217,0.364479058136799,0.0118297517535772
3-terrace place_2019,12.966949739179846,9.131050141596065,0.3076841782548131,0.5638354440796057
3-thatford avenue_2018,13.453892857753956,9.046802262857268,0.1999595745963432,0.5773434348163022
3-thomas south boyland street_2018,15.292712281578895,10.88552384765609,0.3124016731784147,0.6713104859507708
3-thomas south boyland street_2022,14.69083380358368,10.88552384765609,0.3511358217636153,0.0035935355101301
3-thomas south boyland street_2024,14.280685057461412,10.88552384765609,0.341773173463679,0.0034938892542557
3-throop avenue_2017,14.762484988043605,10.528115055861608,0.3004103210421642,0.3721151284266102
3-throop avenue_2018,14.917214986554136,10.528115055861608,0.3234689306564422,0.0571361913708091
3-tilden avenue_2018,14.883354585287217,10.476175509100385,0.2856593342427729,0.3760362974173522
3-tillary street_2017,14.529744805265825,10.29538178737903,0.310747345382777,0.6007028901686653
3-tompkins avenue_2017,14.344648790356798,10.110292543311523,0.3097237740567896,0.3008450589780618
3-tompkins avenue_2021,14.55019406985201,10.110292543311523,0.3651662468603446,0.1611830375913898
3-tompkins avenue_2022,13.97602235619316,10.110292543311523,0.3687068917440687,0.8510052651755257
3-tompkins place_2024,11.371269102006076,7.728338912905047,0.2463211396269154,0.6700320730538941
3-troy avenue_2018,15.742343585648262,11.33514845249601,0.2856547022692789,0.0457378916738537
3-troy avenue_2019,15.06275607656043,11.33514845249601,0.3041430360851305,0.2872819924304411
3-troy avenue_2021,15.706734096905898,11.33514845249601,0.3367316736443311,0.1522918103422586
3-troy avenue_2022,15.14046503940774,11.33514845249601,0.3490437202416875,0.3204154420684162
3-truxton street_2017,12.561122531247598,8.398406923069183,0.2511146988228707,1.692583493520769
3-underhill avenue_2022,13.180325208869696,9.314643799832318,0.3074704497604291,0.6091675667646704
3-union street_2017,15.478091151062182,11.24370773323011,0.2768856423359933,0.1693207446167031
3-union street_2018,15.632821177994568,11.24370773323011,0.2809732837077616,0.2133356103231241
3-union street_2019,15.07970044521567,11.24370773323011,0.2994583888737318,0.3816504433421244
3-union street_2022,15.109464538838605,11.24370773323011,0.3330740834550502,0.3865540832164039
3-utah walk_2021,10.221844157889798,5.853085507083545,0.0,0.3945389679746109
3-utica avenue_2022,15.70490918178578,11.89958755709501,0.4434184759213057,0.2511477477238071
3-utica avenue_2024,15.294760301011056,11.89958755709501,0.4180487607492967,0.076497970972725
3-van brunt street_2021,14.40621522814539,9.966319923734584,0.3894148125850633,0.7019582488384952
3-van buren street_2021,14.231578866261406,9.79169241575602,0.3195561298361776,0.4954886107557528
3-van dam street_2019,11.567427976031151,7.731851714792415,0.1314458861335012,1.3471636439168522
3-van dyke street_2022,13.166384014871175,9.30070384416952,0.3170623893197278,0.6545622652443763
3-van sicklen street_2019,13.362326379223374,9.634770939834809,0.265576698592405,0.3657536078719364
3-van sicklen street_2021,14.006303788965448,9.634770939834809,0.3147107448397002,0.6616049125500667
3-van siclen avenue_2018,15.17977373285105,10.772587510737363,0.2889465372652495,1.287578388180733
3-van siclen avenue_2019,14.500186330761611,10.772587510737363,0.3248731540191919,0.2291256229917572
3-van siclen avenue_2024,14.167746556528927,10.772587510737363,0.3596942539105044,0.4001845236642388
3-vandalia avenue_2022,14.53959084733792,10.699085924654224,0.3041202377069982,0.9535479802298628
3-vanderbilt avenue_2018,15.08455921978723,10.695455214788634,0.3223490935443234,0.1705019799886124
3-vanderbilt avenue_2019,14.531438574641866,10.695455214788634,0.3170705314512815,0.2190552054056032
3-vanderbilt avenue_2022,14.561202662215816,10.695455214788634,0.4016837845895514,0.207745609134113
3-vanderbilt avenue_2024,14.338792098284276,10.695455214788634,0.3763558599744417,0.1576018605034896
3-vanderveer street_2024,10.294216655573935,6.900011799177906,0.3290556389661632,0.9012583090401932
3-vandervoort avenue_2022,14.081531867245928,10.215798068295086,0.5157898804924711,0.5416845513519741
3-varet street_2024,12.771828411903265,9.128575159420864,0.3024008047106883,0.0100493358530014
3-varick avenue_2017,14.252590780730912,9.963960170213747,0.502432658021374,0.6344051605361825
3-varick avenue_2018,14.351300929251629,9.963960170213747,0.5351972605872768,0.2090446269347081
3-verandah place_2017,11.386930679114542,7.153305598672746,0.177133831848856,0.5233074012680465
3-vermont street_2021,14.954709373728502,10.583136954522928,0.3178908680685507,0.3361864815113959
3-verona street_2022,12.546539186686465,8.680935815093331,0.2886228062935009,0.4683147038137739
3-voorhies avenue_2018,14.511773275507212,10.104606735442111,0.3459067699138679,1.096677084033599
3-walworth street_2021,13.418684685449644,8.978867545183213,0.2687101345203941,0.5440089175562235
3-warren street_2017,13.96286149334215,9.72852387460207,0.2472592109827202,0.2609786896172311
3-warwick street_2017,14.079928246714152,9.917039453565556,0.2330748489410741,1.0091251221665736
3-warwick street_2024,13.3121710889476,9.917039453565556,0.2933959402968423,0.207745609134113
3-washington avenue_2018,15.698613330378594,11.309499062496732,0.2908962824775429,0.6075348244840229
3-waterbury street_2022,12.354243716264309,8.488675590727246,0.3399675215498551,0.6413800897380623
3-waverly avenue_2022,13.715049708488582,9.849331765742251,0.2624404230296542,0.7227059828014898
3-weirfield street_2021,13.972768144827386,9.510041552355045,0.3150856745447734,0.3541718137206138
3-weldon street_2018,12.553677797584688,8.093604198011393,0.2213215891648311,0.6151315835752064
3-wellington court_2021,12.126261923622044,7.755087717480082,0.2679684822875685,0.8016876348493962
3-west 1 street_2021,14.123972594961772,9.752432575923148,0.2751699804754937,0.2878070646399319
3-west 10 street_2018,14.379565083129396,9.972404252337853,0.2575374178810951,0.5131229828146742
3-west 10 street_2019,13.699977985928856,9.972404252337853,0.26524969505507,0.3566249426886907
3-west 10 street_2021,14.343955609731731,9.972404252337853,0.3165423996686702,0.1829047200545352
3-west 11 street_2017,14.205259087914884,10.042364574699358,0.260196158000476,0.4073965749579116
3-west 11 street_2022,13.847650292128696,10.042364574699358,0.3534650999102814,1.428587273310142
3-west 12 street_2021,14.672780745524486,10.30121647479272,0.3060116829253148,0.2905030896384827
3-west 12 street_2022,14.10651189629438,10.30121647479272,0.3081063683725663,0.139674982072482
3-west 12 street_2024,13.696363317895244,10.30121647479272,0.2713424076907155,0.0902976379807805
3-west 12 street_2025,13.901505226753928,10.30121647479272,0.0,0.5192698705486536
3-west 13 street_2018,14.35471135221133,9.947551681566942,0.261334481985767,0.7745428187639394
3-west 13 street_2024,13.34268474965255,9.947551681566942,0.29159291044378,0.1262801659103297
3-west 17 street_2018,13.298649616907996,8.891578558774098,0.2886279278064393,0.0802888312288029
3-west 2 street_2022,13.59155811400653,9.786284815184985,0.313177805782888,0.3854664616014744
3-west 22 street_2021,13.46360940428134,9.092123098525464,0.3537203260611318,0.2796751020498645
3-west 24 street_2018,12.84305099972965,8.436058349033416,0.2513339899049127,2.108794011956793
3-west 25 street_2018,12.907099566489618,8.500093622923522,0.2633569099489902,2.286699583763822
3-west 29 street_2022,12.572243919321531,8.767067977434273,0.328598180190307,1.3258806545592694
3-west 3 street_2022,13.85210809438471,10.046822187705033,0.3233141520437018,0.6921967290239499
3-west 30 street_2018,12.74480162667081,8.337831095429323,0.1757467821161397,1.3151742286167651
3-west 31 street_2018,12.656405554823534,8.249456869199179,0.2577490804916853,2.3607219169235902
3-west 32 street_2018,12.836937087940852,8.429945751220426,0.1625516251403289,1.95789518360034
3-west 33 street_2021,12.49697832395329,8.125673036151234,0.345133467953888,2.5556524284794806
3-west 35 street_2021,12.924398189052422,8.552991297660316,0.2394640337439869,0.9784013079370588
3-west 37 street_2018,13.167161558082189,8.760109592216475,0.2799645756069033,1.1685735799740704
3-west 4 street_2017,13.835955978860852,9.67308060300732,0.2366180832704633,0.6210065027822629
3-west 4 street_2019,13.400638442018591,9.67308060300732,0.2871974589215794,0.2437301849225981
3-west 5 street_2017,14.513894069875438,10.350988180500435,0.2626515176112975,1.5895616824293075
3-west 5 street_2018,14.75816354159606,10.350988180500435,0.2820237770683969,0.2125273988510204
3-west 5 street_2022,14.156285196775531,10.350988180500435,0.3412549155928958,0.5261476398637753
3-west 6 street_2021,15.376647477604957,11.005066445958883,0.3477983704550081,0.3568349311400975
3-west 7 street_2021,14.46920936847394,10.09765258611904,0.3187404694717537,0.3032108740694079
3-west 9 street_2018,14.633339410605794,10.244248159517536,0.2817611894831521,0.5172449755681741
3-west 9 street_2021,14.68415472356802,10.244248159517536,0.3256151013526947,0.1423672412869219
3-west street_2025,13.97698133349331,10.376690206144804,0.0,0.2848781451190467
3-white street_2024,12.17210897082708,8.528942542685089,0.3378787066139646,0.7653748145568261
3-whitman drive_2017,13.864214182651503,9.701337079981736,0.217112328101948,0.7453125945406247
3-whitman drive_2021,14.072874088770728,9.701337079981736,0.291953757717084,0.5820480080412256
3-williams avenue_2019,13.921881223512198,10.194298425542698,0.2548825596593618,1.7969128344688496
3-williamsburg street west_2022,13.483023429559768,9.617318982274602,0.4162593532390448,0.3801473001238745
3-willmohr street_2017,13.424345628436036,9.261501813085715,0.2608548302186367,0.4777237522608737
3-willoughby avenue_2017,15.16197504130234,10.92759641945239,0.2588090211884485,0.126632650933366
3-willoughby avenue_2021,15.367520381916174,10.92759641945239,0.3358533044752789,0.4487161501024793
3-willow street_2018,12.950603107382747,8.561665679487774,0.2356419520399741,1.1618061561640467
3-wilson avenue_2017,14.6289277802605,10.34028261095112,0.3130386868726337,0.1785645079162423
3-woodhull street_2022,12.51433041497774,8.64873248477106,0.4184523036349755,0.6593318320652147
3-woodpoint road_2018,13.192930674792343,8.803952589008457,0.335051009947175,0.64882949990882
3-woodruff avenue_2021,13.18516986365883,8.745385485696001,0.2961893606211351,1.378136173418427
3-woodside avenue_2017,11.086232822640818,6.924264257644864,0.2081294407498272,0.600922236517428
3-wortman avenue_2024,14.017258472382094,10.622102717380953,0.4258071299982134,0.0169554406494134
3-wyckoff avenue_2024,13.765195891260682,10.195981193695747,0.362044263044064,0.1636482915283333
3-wyckoff street_2019,13.218467677172992,9.382544525701723,0.327629265840428,1.115764347485675
3-wyckoff street_2022,13.248231725802656,9.382544525701723,0.3679946492404352,0.4989554511955033
3-wythe avenue_2021,15.114002955197162,10.674084112748274,0.3618697024837531,0.2353882777306468
3-wythe avenue_2024,14.317420519819462,10.674084112748274,0.333151077806286,0.0205866336083883
3-wythe avenue_2025,14.184412362686064,10.674084112748274,0.0,0.2191355299166709
3-york street_2019,12.872667811323184,9.03677868552829,0.33839741208587,1.5502609921918666
4-1 street_2019,12.95496256754454,9.229123985006687,0.268009306853076,1.639210284101081
4-10 avenue_2018,14.55471325146395,10.167363937214756,0.2673585994798668,0.0341115296287678
4-10 avenue_2019,14.040400586947312,10.167363937214756,0.2490368613212243,0.2308735973761202
4-10 avenue_2021,14.630125820559508,10.167363937214756,0.3027590744381885,0.6030583457782595
4-10 street_2018,14.427532581090896,10.04018841042788,0.2699266902238742,0.0387398283159305
4-10 street_2021,14.50294514548242,10.04018841042788,0.313841007036816,0.2484993585765179
4-10 street_2022,13.934819052548844,10.04018841042788,0.321251083376799,0.0104452578615386
4-10 street_2024,13.609396993473377,10.04018841042788,0.2617009145260851,0.0047885167317971
4-100 street_2018,15.169241154942538,10.781874428594737,0.2452949010935222,0.1091234270183541
4-100 street_2019,14.654928343003196,10.781874428594737,0.2621487704466161,0.1949909598946175
4-100 street_2022,14.6765274455767,10.781874428594737,0.2908781295864066,0.2383079878339816
4-101 avenue_2019,15.105855926460968,11.379932711702695,0.3357569324195364,0.1468670758095523
4-101 avenue_2022,15.220448538325634,11.379932711702695,0.3760215900605707,0.1082264050708711
4-101 street_2018,15.182532935153636,10.79516593793761,0.2638265321739677,0.3875726552665761
4-101 street_2019,14.668220120920958,10.79516593793761,0.2817841721085746,0.2627488059065692
4-101 street_2021,15.257945520420847,10.79516593793761,0.294548071642833,0.2253810462544016
4-101 street_2024,14.364396983624122,10.79516593793761,0.2797194200287634,0.0884686479876081
4-102 avenue_2018,14.55598121357352,10.095646395239548,0.2337393527177952,0.1486785923713627
4-102 street_2018,15.756490872368277,11.2961275487281,0.289424075624294,0.0865446014001858
4-102 street_2019,15.022049789016313,11.2961275487281,0.2846546890397296,0.2880320112160688
4-102 street_2021,15.674761210024004,11.2961275487281,0.3183015893462113,0.2409834694425407
4-102 street_2022,15.136642398276493,11.2961275487281,0.314616334296086,0.081119051284792
4-102 street_2025,14.789588163032091,11.2961275487281,0.0,0.0735292332881155
4-103 avenue_2018,15.510632287061398,11.050272385348167,0.3722005856894206,0.3153945110183167
4-103 avenue_2022,14.89078384732727,11.050272385348167,0.4126737787280829,0.2303971800255178
4-103 drive_2024,10.109947771423789,6.630602821007507,0.162001554302997,0.6772210300096861
4-103 road_2018,13.106422234457115,8.646220406694177,0.2492895123273137,0.2211415486435367
4-103 road_2024,12.126674529716812,8.646220406694177,0.2669954338430592,0.1265445413249562
4-103 street_2017,14.836775703385056,10.548124554559529,0.2596753378571442,0.139674982072482
4-104 avenue_2018,15.385057428535829,10.92469962738046,0.2514623793679884,0.0261549574768512
4-104 avenue_2021,15.303327771691034,10.92469962738046,0.3089036332554969,0.2135779464445087
4-104 avenue_2022,14.765209009892285,10.92469962738046,0.3179369871680118,0.0045894523338072
4-104 avenue_2025,14.418154824445296,10.92469962738046,0.0,0.0136070034062169
4-104 street_2017,15.059243032490528,10.840195908805908,0.2799529337865974,0.0782564979657674
4-104 street_2018,15.300552140403632,10.840195908805908,0.3070443893220016,0.4378032160201091
4-104 street_2022,14.680703737519217,10.840195908805908,0.3295556539384185,0.1106465200870636
4-104 street_2025,14.333649566225308,10.840195908805908,0.0,0.001998002662673
4-105 avenue_2018,14.768121628926544,10.30777901514377,0.2372715351005425,0.2028592080115027
4-105 avenue_2022,14.148273362772644,10.30777901514377,0.2513097986405597,0.0078689583786951
4-105 place_2024,10.01922165075833,6.539998134348527,0.162001554302997,0.7228516032662763
4-105 street_2018,14.696264909715582,10.308910589620726,0.2465834910123237,0.2741408018851136
4-106 avenue_2018,14.541406530137804,10.081072310539811,0.2428345776951461,0.256346192141928
4-106 avenue_2021,14.459676896776664,10.081072310539811,0.2919716495013861,0.0363319292473902
4-106 avenue_2022,13.921558348267151,10.081072310539811,0.251047626764139,0.0104452578615386
4-106 road_2022,11.726775271667536,7.88661600274842,0.3066192734715318,0.1176052420742634
4-106 street_2017,14.716073307556364,10.427425479170193,0.2204621851910777,0.2952781490734089
4-106 street_2018,14.814783478596226,10.427425479170193,0.2437246843876711,0.1954845433202355
4-106 street_2022,14.322069839191652,10.427425479170193,0.2838975576811792,0.123367413950284
4-107 avenue_2018,15.736853117216327,11.276490037059002,0.2696206327967194,0.0656941031953624
4-107 avenue_2021,15.655123455114529,11.276490037059002,0.3049084853561873,0.0314986670593709
4-107 avenue_2024,14.757102275021309,11.276490037059002,0.2811473576737062,0.2424754796137017
4-107 road_2021,11.460954609582105,7.083137637941793,0.2801193000700812,0.6605723346277667
4-107 street_2017,14.886025181412522,10.597372788765693,0.2462202534044198,0.1259275565977906
4-107 street_2018,14.984735358421888,10.597372788765693,0.2739767047742318,0.2647460411687232
4-107 street_2019,14.4704225816757,10.597372788765693,0.2833359068478877,0.2383079878339816
4-107 street_2022,14.492021682378995,10.597372788765693,0.3165889464554527,0.3855344726192855
4-108 avenue_2018,14.80539674778256,10.345052927048096,0.2655621611391354,0.3991787234654564
4-108 avenue_2024,13.825646280288089,10.345052927048096,0.3012262975595381,0.0033942330680155
4-108 street_2018,15.96830209987455,11.580924085460392,0.3463028712087854,0.0632564496350148
4-108 street_2019,15.453989192364098,11.580924085460392,0.3466707303553772,0.0732504617395926
4-108 street_2024,15.150165972706438,11.580924085460392,0.3876143067545994,0.267810942809369
4-109 avenue_2017,15.733290191001895,11.51423359968757,0.2571317122843668,0.121952110750746
4-109 avenue_2018,15.974599329225615,11.51423359968757,0.2797306807213147,0.2072580420839862
4-109 avenue_2021,15.892869664485485,11.51423359968757,0.3228510881149086,0.2023692520977326
4-109 avenue_2024,14.994848435486285,11.51423359968757,0.3142633179639045,0.0259601016695316
4-109 avenue_2025,15.007696574038825,11.51423359968757,0.0,0.0923968492659675
4-109 road_2017,13.503712249932624,9.284737287319262,0.2363597954972424,0.4704410335705148
4-109 road_2021,13.66329154362428,9.284737287319262,0.3171244960636354,0.0876445098520463
4-109 street_2018,14.903827554403646,10.44348075457111,0.2696058558775531,0.3917717809761619
4-109 street_2019,14.16938668056302,10.44348075457111,0.2776697095994802,0.0252778071842685
4-109 street_2022,14.283979246219252,10.44348075457111,0.2845502383906671,0.192601866201511
4-109 street_2024,13.924077028949048,10.44348075457111,0.2896311699117457,0.2723145953206591
4-11 avenue_2018,15.229548058351336,10.84218013141125,0.2633574172007404,0.2092880050237689
4-11 avenue_2019,14.715235236247056,10.84218013141125,0.2590391453114203,0.1849846742134383
4-11 avenue_2021,15.304960644468805,10.84218013141125,0.3049757333165701,0.1600759478466349
4-11 place_2024,10.411941084182525,6.769700771297057,0.2781540662001263,0.8555636048042362
4-11 street_2018,15.117485615625425,10.728380886169337,0.2812932864982467,0.4714400970316972
4-11 street_2022,14.594129051792754,10.728380886169337,0.306930068563471,0.0101483310518151
4-11 street_2024,14.371718484033758,10.728380886169337,0.286573083366402,0.2450615866151404
4-110 avenue_2017,15.196098436795168,10.97704884360876,0.246478314253574,0.016463726030665
4-110 avenue_2018,15.437407552614411,10.97704884360876,0.2734295601996079,0.1696583828405572
4-110 avenue_2022,14.817559124855622,10.97704884360876,0.3168423477167492,0.0028958031120255
4-110 road_2018,14.132837504321088,9.672524167782802,0.2210805930969051,0.0896578719305353
4-110 road_2022,13.512989532133416,9.672524167782802,0.2860439292221481,0.2274542469012943
4-110 street_2018,15.359414929304023,10.972044650179932,0.272184569886713,0.4430177641607487
4-110 street_2019,14.845102087284763,10.972044650179932,0.2714800978755005,0.1333063673082251
4-110 street_2022,14.866701191456755,10.972044650179932,0.3216345757145325,0.1356666114215335
4-111 avenue_2018,16.034165832405005,11.573799532026433,0.2855245577759313,0.3772027983901929
4-111 avenue_2024,15.054414927559854,11.573799532026433,0.309381824449234,0.1749612023876622
4-111 avenue_2025,15.067263066339386,11.573799532026433,0.0,0.2307942102447325
4-111 street_2017,15.703957457970224,11.415291300635742,0.2939104722589067,0.0983963218561933
4-111 street_2018,15.80266765298198,11.415291300635742,0.3270932239965936,0.239646623413224
4-111 street_2021,15.878080246804648,11.415291300635742,0.342756963816485,0.1060702637270664
4-111 street_2022,15.309953866447936,11.415291300635742,0.36275274607704,0.3092478503663414
4-112 road_2017,14.437716199556348,10.218685714317534,0.2042239143489921,0.1422805072567709
4-112 road_2022,14.05917701891081,10.218685714317534,0.2508138860163468,0.5172449755681741
4-112 street_2018,15.431152662332384,10.970794059315065,0.2674274081753945,0.1807369686637163
4-112 street_2019,14.69671163883456,10.970794059315065,0.2793626783398152,0.2210613851098851
4-112 street_2025,14.464250042960206,10.970794059315065,0.0,0.0960371881969421
4-113 avenue_2019,14.328721797799895,10.602811683525294,0.2369012919560332,0.369077710655775
4-113 avenue_2024,14.083412117441286,10.602811683525294,0.252485705106405,0.0112366319259876
4-113 road_2022,12.618832549376055,8.778456264064596,0.2526116135711177,0.0597772040358607
4-113 road_2024,12.25893149441584,8.778456264064596,0.2430813959725047,0.3538208749558259
4-113 street_2018,15.096919937858653,10.709554750098746,0.2656168325325041,0.2434950475621073
4-113 street_2019,14.58260713894594,10.709554750098746,0.2676061158790918,0.0658813691135127
4-114 avenue_2022,13.26067401090393,9.420226336477876,0.2719815726777836,0.0235211950413458
4-114 avenue_2024,12.900772276941533,9.420226336477876,0.2969981486548477,0.3018068464971771
4-114 drive_2021,13.776592789027408,9.398028713562042,0.2829760197631855,0.5130032510137649
4-114 drive_2022,13.238474607304502,9.398028713562042,0.2789483924830263,0.0584575695715686
4-114 drive_2024,12.878572890278107,9.398028713562042,0.2838817569434508,0.3604677421774286
4-114 place_2017,13.724778820954077,9.505785717397766,0.2525119680244794,0.3777512695406486
4-114 place_2022,13.346239897171738,9.505785717397766,0.2881231516326436,0.011533235813673
4-114 road_2022,14.261588711034952,10.421090864978725,0.3098583190299013,0.4579943051200049
4-114 road_2024,13.901686499904631,10.421090864978725,0.311436158459888,0.007372754329413
4-114 street_2019,14.756256159581412,11.030337609930806,0.3093532132879993,0.3767226392425104
4-114 street_2022,14.87084875897752,11.030337609930806,0.3366552657538608,0.2028592080115027
4-114 terrace_2021,11.986969161797722,7.60881319377865,0.2958676570382204,0.653626422397662
4-115 avenue_2017,15.746527145272314,11.52747042456468,0.2452631789429488,0.0702720529853317
4-115 avenue_2019,15.2533951684075,11.52747042456468,0.2828691239346496,0.071855437100428
4-115 avenue_2022,15.367987784358975,11.52747042456468,0.3267173950656284,0.3906221612383899
4-115 avenue_2024,15.008085387645515,11.52747042456468,0.2938820247878961,0.0013990209137073
4-115 court_2024,9.902280452360833,6.423230597761073,0.2134414655077591,1.3678248448362291
4-115 drive_2022,13.24882106558048,9.408374336996946,0.259668325996582,0.0625052053513971
4-115 drive_2024,12.888919340613947,9.408374336996946,0.1786201336907683,0.0120273802127184
4-115 road_2022,14.175310128217152,10.334814909515703,0.2912903784938285,0.7988576349820595
4-115 road_2024,13.815407942074255,10.334814909515703,0.2462281898661941,0.02244618882983
4-115 road_2025,13.828256071784836,10.334814909515703,0.0,0.2430246069073592
4-115 street_2019,14.62804986081008,10.902133474080603,0.2636399517089088,0.0374884444109916
4-115 street_2022,14.742642454425274,10.902133474080603,0.2968174328808807,0.0028958031120255
4-115 street_2025,14.395588272641502,10.902133474080603,0.0,0.1260157205828598
4-115 terrace_2024,9.87388331333457,6.39487877882835,0.2490129312926268,1.374778305158643
4-116 avenue_2019,15.174461703213868,11.448537749333838,0.2868093600577784,0.0724136805090453
4-116 avenue_2022,15.289054317053996,11.448537749333838,0.324892734677038,0.1189379240715137
4-116 avenue_2024,14.929151927873397,11.448537749333838,0.290069502403214,0.3515719457628291
4-116 avenue_2025,14.942000066159402,11.448537749333838,0.0,0.0994832784849501
4-116 road_2019,13.332643949461032,9.606775240352915,0.2251927323591453,0.7422230182065379
4-116 road_2022,13.447236415643376,9.606775240352915,0.3084628500645394,0.0396052545923594
4-116 street_2018,15.33113050755836,10.870773692642812,0.2608967002636853,0.0725996924143435
4-116 street_2019,14.596689506732467,10.870773692642812,0.2584975623990729,0.0257652078860264
4-116 street_2022,14.711282098817144,10.870773692642812,0.292328027620555,0.0029955089797984
4-117 road_2018,13.454670315691423,8.994417388452135,0.2040395089905302,0.4779097930043329
4-117 road_2019,12.72023063216024,8.994417388452135,0.2468290754668273,0.7352962940681036
4-117 street_2017,15.173026416168549,10.884367876405385,0.2369307947966311,0.1206234423237386
4-117 street_2022,14.77902287583068,10.884367876405385,0.2858506349701387,0.0028958031120255
4-117 street_2025,14.480839646112209,10.884367876405385,0.0,0.0029955089797984
4-118 avenue_2018,15.380227194928231,10.919869479957892,0.2534056379225995,0.2451398491861058
4-118 avenue_2019,14.64578618269024,10.919869479957892,0.2784007961573439,0.1863965759470937
4-118 avenue_2022,14.760378777150027,10.919869479957892,0.3183563162135536,0.0969452060564791
4-118 road_2018,13.761295446893062,9.301010126195084,0.2266358654688995,0.1454846667419808
4-118 road_2019,13.026855352598645,9.301010126195084,0.2314895785155869,0.2017973332946113
4-118 road_2022,13.141447756014124,9.301010126195084,0.2467681619426748,0.0151841353250399
4-118 street_2019,14.674055669680028,10.948138474721956,0.2493614642865166,0.3677632409241529
4-118 street_2022,14.788648265455404,10.948138474721956,0.2935156854217176,0.0026963615477426
4-118 street_2025,14.441594076290054,10.948138474721956,0.0,0.0052860044292373
4-119 avenue_2018,15.550458222417824,11.090097707753836,0.2456766089840272,0.3747309487383032
4-119 avenue_2019,14.81601717468165,11.090097707753836,0.2570387537633856,0.260362261796818
4-119 avenue_2024,14.5707074301352,11.090097707753836,0.2875847373477989,0.0026963615477426
4-119 avenue_2025,14.583555566614091,11.090097707753836,0.0,0.172439556939504
4-119 drive_2022,12.322898513710705,8.482574127769707,0.2726486866330283,0.2704850476232594
4-119 road_2019,13.404750598774624,9.678877322438822,0.2618408412678936,0.2841257562490037
4-119 road_2022,13.519343077164526,9.678877322438822,0.2808117923635521,0.0104452578615386
4-119 street_2022,13.50347753456444,9.608869934167528,0.3239355074432284,0.0106431600984798
4-12 avenue_2017,14.767854592642522,10.479205290576893,0.1757809391359631,0.5460383155217332
4-12 avenue_2021,14.941977343997744,10.479205290576893,0.2242668870784195,0.0971267107307227
4-12 road_2019,13.801793206638717,9.928766690610372,0.2943158642740934,0.1890488775433811
4-12 road_2021,14.391518344371356,9.928766690610372,0.3386491928533687,0.0081665626663934
4-12 street_2017,14.636289091352824,10.347643688359485,0.244655319028394,0.543486406005539
4-12 street_2018,14.734999259220556,10.347643688359485,0.2864685217515978,0.439479986695442
4-12 street_2024,13.916863489854515,10.347643688359485,0.2804935709659634,0.0071742037480003
4-120 avenue_2018,15.852093973633227,11.391729530599056,0.2852777344141713,0.3432350315720301
4-120 avenue_2019,15.11765287608819,11.391729530599056,0.2829570252879294,0.0399896482161584
4-120 street_2017,15.410080471143493,11.121418028664143,0.2496845382510766,0.0916671885258238
4-120 street_2018,15.508790661296734,11.121418028664143,0.2804172537197058,0.0107420965319021
4-120 street_2019,14.994477799351332,11.121418028664143,0.2903994654282809,0.1040897085243809
4-120 street_2022,15.016076904582224,11.121418028664143,0.2995612618202915,0.0040916179032535
4-120 street_2024,14.690654619925928,11.121418028664143,0.3203037356520879,0.1783971999017982
4-121 avenue_2019,14.226983089788606,10.501075572275868,0.2587806991457536,0.4283349221989121
4-121 avenue_2022,14.3415756596986,10.501075572275868,0.3232351964934329,0.0045894523338072
4-121 street_2017,15.241852380564394,11.02280203433022,0.2491850609628618,0.2746728178581409
4-121 street_2022,14.863313063450578,11.02280203433022,0.2977926582887768,0.0047885167317971
4-121 street_2024,14.503410726943864,11.02280203433022,0.2982362601304711,0.2995118242053581
4-121 street_2025,14.516258863005154,11.02280203433022,0.0,0.0320798934634116
4-122 avenue_2019,13.796477377767555,10.070584303268785,0.2656744296879456,0.1358412229114131
4-122 avenue_2025,13.564015940204754,10.070584303268785,0.0,0.004489905272852
4-122 place_2017,13.72089975455427,9.501906935983287,0.2387080678553213,0.6792003744273207
4-122 street_2017,14.653928389539097,10.434890915194355,0.2840619584173534,0.2798262964861974
4-122 street_2021,14.81350782091777,10.434890915194355,0.352910562621813,0.6621723762605147
4-122 street_2022,14.275389160869912,10.434890915194355,0.3504839901312268,0.0038924147153438
4-123 avenue_2019,13.30880416328875,9.582937038085433,0.2708749541353997,0.1891316487225038
4-123 street_2017,15.389174246543174,11.170121696922145,0.2442039138468748,0.0905716981843869
4-123 street_2022,15.010634914289678,11.170121696922145,0.2920763768483287,0.1893799211614006
4-123 street_2024,14.650732556971986,11.170121696922145,0.2948662357887491,0.2200186739666848
4-123 street_2025,14.66358069391224,11.170121696922145,0.0,0.0455468149559703
4-124 avenue_2019,10.808644329657586,7.083528903308466,0.1753528874778613,0.6937969694014424
4-124 street_2017,15.42349070122738,11.134828064410836,0.2335121005469295,0.1206234423237386
4-124 street_2018,15.522200891634784,11.134828064410836,0.2614582407001465,0.0631625749576401
4-124 street_2022,15.029487133360307,11.134828064410836,0.2917283047271615,0.0087615056685727
4-124 street_2024,14.704064847161764,11.134828064410836,0.2803275076121105,0.2684227975129696
4-124 street_2025,14.731303874273086,11.134828064410836,0.0,0.0678455468950672
4-125 street_2017,15.418119668616308,11.19906672294481,0.2292724601336704,0.029267497680568
4-125 street_2022,15.039580333641512,11.19906672294481,0.2969243896384144,0.1305895697036019
4-126 place_2019,11.157304002123462,7.284901527106087,0.0270127992460686,1.2881852680095711
4-126 street_2017,15.400504033732297,11.18145132772281,0.217252879558675,0.0301411569119868
4-126 street_2018,15.641813159517248,11.18145132772281,0.2414759921032832,0.0988493640421689
4-126 street_2019,14.9073720950808,11.18145132772281,0.2529711086301238,0.7794624820118654
4-126 street_2021,15.560083498658608,11.18145132772281,0.2952184440270455,0.3207782999409705
4-126 street_2022,15.021964700404242,11.18145132772281,0.2944244649544353,0.0098513160503741
4-126 street_2025,14.674910478612103,11.18145132772281,0.0,0.0691528586883166
4-127 street_2017,15.492952949859188,11.273899031851078,0.2521849241905858,0.1360158039174431
4-127 street_2018,15.734262079524347,11.273899031851078,0.2763334968679089,0.1644969718814025
4-127 street_2019,14.999820999671442,11.273899031851078,0.2830247424499054,0.0716692866903596
4-127 street_2021,15.652532417454896,11.273899031851078,0.3255400827478524,0.2018790560094854
4-127 street_2022,15.11441360820339,11.273899031851078,0.3312508272669064,0.0146915487429897
4-127 street_2024,14.754511237961312,11.273899031851078,0.3185177045056274,0.0714831016218642
4-127 street_2025,14.767359375447436,11.273899031851078,0.0,0.0506931143155181
4-128 avenue_2021,14.084665399471126,9.7060796228315,0.2805877476930451,0.3483302234031682
4-128 street_2017,15.054284549428472,10.765628341087432,0.2406600378738037,0.0881024482215456
4-128 street_2022,14.660281024756108,10.765628341087432,0.3063886548902192,0.0031948908965191
4-128 street_2024,14.334858789573762,10.765628341087432,0.289742755666727,0.2622873384318364
4-128 street_2025,14.36209781174993,10.765628341087432,0.0,0.0097522914426782
4-129 avenue_2021,14.629148159969915,10.250537129351445,0.2883597331335556,0.2372831148679289
4-129 avenue_2024,13.731127393552407,10.250537129351445,0.2950342888939258,0.0117309228756986
4-129 avenue_2025,13.743975522140312,10.250537129351445,0.0,0.0035935355101301
4-129 street_2017,15.024306055992591,10.805259618774688,0.2440864447076057,0.2113948042796617
4-129 street_2022,14.645766765738076,10.805259618774688,0.3194185106745121,0.0207825391825285
4-129 street_2024,14.28586446615211,10.805259618774688,0.2817095479727533,0.1178719205948891
4-129 street_2025,14.298712600654031,10.805259618774688,0.0,0.0028958031120255
4-13 avenue_2017,14.644535198095411,10.355889535365,0.1875550227274012,0.3104948705169375
4-13 street_2017,13.616960124896153,9.328370744434691,0.1908634025069174,0.4649282713789531
4-13 street_2018,13.715670219490748,9.328370744434691,0.2162072701375825,1.028225589111111
4-13 street_2024,12.897535344455974,9.328370744434691,0.1869802285416041,0.0103462920541443
4-130 avenue_2019,14.474648081570637,10.7487346749997,0.2689327805092068,0.0633503155007617
4-130 avenue_2024,14.229338378616726,10.7487346749997,0.298449223124116,0.0928526170146163
4-130 place_2024,13.415122067802953,9.934544532295458,0.1296156902817022,0.0085632306604878
4-130 road_2024,12.196982725899062,8.716517035268094,0.2559778670294684,0.3763108906778131
4-130 street_2017,15.547551644617004,11.32849706171663,0.3777459866760211,0.1135072407935948
4-130 street_2022,15.169012298392682,11.32849706171663,0.4298614725854688,0.2499802052677694
4-130 street_2024,14.809109921870718,11.32849706171663,0.4281933591857205,0.3132767171132616
4-131 avenue_2019,14.219951427773175,10.494044099684908,0.2368138577730753,0.0665365238002442
4-131 avenue_2024,13.97464176653645,10.494044099684908,0.258504355223586,0.013804280976397
4-131 street_2017,14.979180986789698,10.760135472465562,0.2711073522164799,0.1758842148299492
4-131 street_2021,15.138760435876437,10.760135472465562,0.3400172559196219,0.0923968492659675
4-131 street_2022,14.600641702876509,10.760135472465562,0.3424381019992335,0.1854832201315334
4-131 street_2024,14.240739412007317,10.760135472465562,0.2901463344948033,0.3343986596743041
4-131 street_2025,14.25358754614108,10.760135472465562,0.0,0.0309171026347215
4-132 avenue_2022,13.719949157714009,9.87947227032407,0.2930864369441373,0.017348638334613
4-132 avenue_2024,13.36004714591264,9.87947227032407,0.2665238469444349,0.1822382199882061
4-132 street_2021,15.229611866937525,10.85098508296912,0.3376692111589694,0.1827381366791708
4-132 street_2022,14.691493117454856,10.85098508296912,0.338849543053016,0.3021765186022335
4-132 street_2024,14.331590809428212,10.85098508296912,0.3103442274917704,0.1376728051250726
4-133 avenue_2017,15.699905070789905,11.480848813530164,0.2526625681147818,0.0538250866949074
4-133 avenue_2021,15.859484543537745,11.480848813530164,0.3234787502111595,0.0820407103362095
4-133 avenue_2022,15.321365713060946,11.480848813530164,0.3202081603343919,0.0757566123992463
4-133 avenue_2024,14.961463320724729,11.480848813530164,0.2969835072592295,0.059211859631846
4-133 place_2018,12.260579706445572,7.8735684767448175,0.2826695306282366,0.5002296845525873
4-133 place_2021,12.335991966296666,7.8735684767448175,0.3276269701062466,0.3215761240993371
4-133 road_2022,12.752205280110797,8.911810177164709,0.2928090937036138,0.4918262737562078
4-133 road_2024,12.392304046166045,8.911810177164709,0.2718680318815293,0.4180522236136358
4-133 street_2021,14.933900535991114,10.555280338545517,0.3255032802163918,0.2194567634562145
4-133 street_2022,14.395781846140848,10.555280338545517,0.3294222499641518,0.2491231402731574
4-134 avenue_2022,14.075866106597111,10.23537421117232,0.3162672551576637,0.0098513160503741
4-134 avenue_2025,13.728812080435972,10.23537421117232,0.0,0.0045894523338072
4-134 place_2024,10.322676479342668,6.843086459613898,0.4236888470646159,0.194497132724088
4-134 road_2017,13.840505937399245,9.621504820714256,0.2337815645788283,0.1337438700495956
4-134 road_2024,13.102065087032766,9.621504820714256,0.2916969903772627,0.3803524072930891
4-134 street_2017,15.183477938462362,10.96442855912688,0.2689017259871924,0.0658813691135127
4-134 street_2021,15.34305739606174,10.96442855912688,0.3479438567242736,0.0925791812930932
4-134 street_2024,14.44503630061786,10.96442855912688,0.3622009465410199,0.0024968801985871
4-134 street_2025,14.45788443629344,10.96442855912688,0.0,0.0030952049073024
4-135 avenue_2018,15.672458895233078,11.212096647871622,0.2961915419292559,0.5131229828146742
4-135 avenue_2022,15.052610431947596,11.212096647871622,0.3459380572562726,0.0036931718376175
4-135 avenue_2024,14.692708069240322,11.212096647871622,0.3291753744414624,0.0147900854726354
4-135 avenue_2025,14.70555620640821,11.212096647871622,0.0,0.0100493358530014
4-135 road_2018,12.1556980603775,7.695772050148714,0.2604681441729852,0.3791211327685624
4-135 street_2018,15.19924102819179,10.738886861763524,0.2950534053180963,0.2854044807077229
4-135 street_2019,14.46480006094701,10.738886861763524,0.3104339472341402,0.0112366319259876
4-135 street_2021,15.1175113749666,10.738886861763524,0.3257105433555093,0.196717437077687
4-135 street_2022,14.579392646042711,10.738886861763524,0.3369021130383647,0.0042907814171562
4-135 street_2025,14.232338493370971,10.738886861763524,0.0,0.0381624610943489
4-136 avenue_2022,13.710055864268138,9.869579475141911,0.2935594158119424,0.0137056470561119
4-136 street_2022,14.267605232163763,10.372962495791215,0.3061426041631406,0.2188945370247948
4-137 avenue_2022,14.904277797361988,11.063766127073595,0.2955771779952908,0.0055843782939006
4-137 avenue_2024,14.544375454757542,11.063766127073595,0.2872367288902946,0.2694926432515706
4-137 avenue_2025,14.557223591076376,11.063766127073595,0.0,0.0665365238002442
4-137 street_2021,14.679863113098952,10.2170993878781,0.3107349935714278,0.1234558039269182
4-137 street_2022,14.111736957790614,10.2170993878781,0.2914818724193515,0.1084058738437865
4-138 avenue_2021,14.310920805536256,9.932322849704406,0.2862734348286294,0.0740865433526981
4-138 avenue_2024,13.41290028071924,9.932322849704406,0.226856607583718,0.0240094524603518
4-138 street_2017,15.180231679530012,10.891573007007782,0.249626032598371,0.7816158285475535
4-138 street_2019,14.764629034767625,10.891573007007782,0.3050960110451693,0.1253984093943336
4-138 street_2022,14.786228138300102,10.891573007007782,0.3400687626239896,0.1003881740312684
4-139 avenue_2018,14.584888642125891,10.12455266176731,0.2013949683766339,0.1149345380920995
4-139 avenue_2021,14.503159007011284,10.12455266176731,0.275186205379306,0.1619487669860175
4-139 avenue_2024,13.605138327171412,10.12455266176731,0.2395296359253245,0.0970359625115942
4-139 road_2021,11.488601438789386,7.11076187219145,0.3041552309001836,0.6749832099322741
4-139 street_2017,14.756598454091174,10.537558154293064,0.2490695548310469,0.4579310480114663
4-139 street_2018,14.997907540157431,10.537558154293064,0.2752525615473284,0.0252778071842685
4-139 street_2019,14.263466633527344,10.537558154293064,0.316870152198781,0.2092880050237689
4-139 street_2021,14.916177891692929,10.537558154293064,0.3143486103113891,0.2519253527396617
4-139 street_2024,14.01815696439018,10.537558154293064,0.2964426351693602,0.0046889894861315
4-139 street_2025,14.03100509644377,10.537558154293064,0.0,0.0065783153601225
4-14 avenue_2017,15.484982805856532,11.19631931054134,0.3141296707895693,0.1250454889742244
4-14 road_2018,14.31383117576524,9.926492191390317,0.3218148546966728,0.2589739083150371
4-14 road_2021,14.389243735413656,9.926492191390317,0.3540224442319266,0.0658813691135127
4-14 road_2022,13.821117688801053,9.926492191390317,0.3657452883749023,0.0059820716775474
4-14 street_2017,14.33981456186334,10.05118007396082,0.2700021905365798,0.5088637004524501
4-14 street_2024,13.62038912033147,10.05118007396082,0.3389322624620752,0.0037927982386962
4-140 avenue_2021,14.674579704367645,10.295967123874334,0.3113657941059554,0.1604167214059046
4-140 avenue_2022,14.136461083479462,10.295967123874334,0.3194705899181665,0.5062150112083075
4-140 street_2017,14.681964010835516,10.393317195720934,0.2415056403969731,0.1807369686637163
4-140 street_2018,14.780674180550136,10.393317195720934,0.270518887630899,0.1104674530259709
4-140 street_2024,13.962538388641947,10.393317195720934,0.3230598067608249,0.0149871298082483
4-141 avenue_2017,14.296189096959967,10.077164076558658,0.2259395595198114,0.1187603357208428
4-141 avenue_2018,14.5374981341083,10.077164076558658,0.2375090443566344,0.0656004570839488
4-141 avenue_2024,13.557747856563587,10.077164076558658,0.2853466903678578,0.1261920252377593
4-141 road_2024,11.931694888231313,8.451277444523035,0.2387453458184577,0.0361390466158731
4-141 street_2018,15.182755983840678,10.79538898210987,0.2644078139067291,0.3246165202448435
4-141 street_2019,14.668443169569777,10.79538898210987,0.2872549626198206,0.2070954668926022
4-141 street_2021,15.258168569112016,10.79538898210987,0.323218085617469,0.0615653556581548
4-141 street_2024,14.364620032239186,10.79538898210987,0.3057294414541606,0.0096532570281383
4-142 avenue_2017,13.153887627608388,8.934950971330084,0.2221823908574975,0.3389691168198001
4-142 avenue_2018,13.395196381838858,8.934950971330084,0.2356498162718746,0.1723553924821046
4-142 avenue_2021,13.31346683692306,8.934950971330084,0.2885969855988582,0.1545220394361709
4-142 place_2024,12.176000192468187,8.695537869316341,0.3234568685091425,0.1095716364292909
4-142 road_2024,11.739183156200893,8.258809666352784,0.1937502526175773,0.0396052545923594
4-142 street_2017,14.890109388392958,10.601456895321656,0.2461973141825334,0.3516423014106577
4-142 street_2018,14.988819565533666,10.601456895321656,0.2794798743372418,0.0325639908732626
4-142 street_2019,14.474506787936107,10.601456895321656,0.2928199498270902,0.3608860647101969
4-142 street_2021,15.064232146843716,10.601456895321656,0.3250777576847545,0.2022875694348324
4-142 street_2024,14.170683682986722,10.601456895321656,0.3177429247415244,0.0177416814761571
4-143 avenue_2021,14.298334120542927,9.91973677230405,0.2743324924310601,0.2128507618287775
4-143 avenue_2024,13.4003136069533,9.91973677230405,0.2075747075155949,0.0781640209693543
4-143 road_2018,13.659812707550063,9.19953702929193,0.2154939711366462,0.1370626503883397
4-143 road_2024,12.68006356585427,9.19953702929193,0.2931841496057643,0.0933081771336517
4-143 street_2017,15.112302155220924,10.893254033800984,0.2405066326211665,0.2963940130538024
4-143 street_2018,15.353611266328294,10.893254033800984,0.2626574121427307,0.1394140557826781
4-143 street_2019,14.619170260207358,10.893254033800984,0.2764397987688071,0.2699507984214662
4-143 street_2021,15.27188161004976,10.893254033800984,0.3049862999197705,0.2375985722837942
4-143 street_2024,14.37386053790074,10.893254033800984,0.3135119197069812,0.0118297517535772
4-143 street_2025,14.386708673074516,10.893254033800984,0.0,0.004987541511039
4-144 avenue_2018,14.99157929838876,10.531230078944477,0.2385482554751693,0.345644329789625
4-144 avenue_2021,14.909849650089988,10.531230078944477,0.3148023786709749,0.2838246421244762
4-144 avenue_2022,14.371730965910071,10.531230078944477,0.3093096491164118,0.0045894523338072
4-144 avenue_2024,14.0118287258593,10.531230078944477,0.2863064762404139,0.1152019296886835
4-144 road_2018,13.598876910102716,9.138607509729924,0.2411051651859477,0.1608425251168304
4-144 road_2021,13.517147341294535,9.138607509729924,0.2990203049441642,0.9533552760109713
4-144 street_2017,14.643943588521976,10.424906404751278,0.2323132893976618,0.2260991791398423
4-144 street_2021,14.80352301926066,10.424906404751278,0.3073030876372969,1.1757584978447635
4-144 street_2022,14.265404361849384,10.424906404751278,0.3026605594368212,0.1464352782295457
4-144 street_2024,13.905502149663,10.424906404751278,0.2915538776757663,0.0150856374180408
4-144 street_2025,13.918350280473543,10.424906404751278,0.0,0.006379606964039
4-145 avenue_2021,15.088955303156196,10.710331410240784,0.2958808751312574,0.146089705871895
4-145 avenue_2022,14.550836579848209,10.710331410240784,0.2804816966161421,0.0040916179032535
4-145 avenue_2024,14.190934299067685,10.710331410240784,0.2591761639988452,0.0045894523338072
4-145 road_2022,14.078256086667768,10.2377641074365,0.2551766919298636,0.0104452578615386
4-145 street_2017,14.337226689208912,10.118200003832342,0.2220794014925491,0.1108255550888846
4-145 street_2024,13.598785421645966,10.118200003832342,0.3153880002374994,0.0195084663880429
4-146 avenue_2022,14.099135145032044,10.258642442116123,0.2950406911144486,0.0071742037480003
4-146 avenue_2024,13.739232982815556,10.258642442116123,0.2676552821019066,0.0818564464698322
4-146 street_2017,15.394933894174368,11.106271674351854,0.2294968390473609,0.2501359563778109
4-146 street_2019,14.979331223978608,11.106271674351854,0.2709995724918448,0.0402778464985701
4-146 street_2022,15.000930329109188,11.106271674351854,0.302151353772598,0.0046889894861315
4-146 street_2024,14.675508046219884,11.106271674351854,0.3245120244823392,0.0114343776256631
4-146 street_2025,14.702747073011082,11.106271674351854,0.0,0.0035935355101301
4-147 avenue_2024,14.576209800721752,11.095599997168428,0.3954826795809038,0.2764188801730702
4-147 avenue_2025,14.589057937233564,11.095599997168428,0.0,0.3065283602481408
4-147 place_2017,13.538454724923032,9.249872502526982,0.2122161394992836,0.2978798974282269
4-147 road_2017,13.893939949392776,9.674935434392134,0.2005621414021227,0.2411406280158644
4-147 street_2018,15.848726170624918,11.461349328143989,0.2659269871268911,0.2214621385316716
4-147 street_2021,15.92413876489582,11.461349328143989,0.3161604355573037,0.0911195933674838
4-147 street_2024,15.03059006213993,11.461349328143989,0.2966792955784617,0.0233258253034966
4-148 avenue_2017,14.579273932446291,10.360238702575645,0.234137172639353,0.1060702637270664
4-148 avenue_2022,14.200734719199335,10.360238702575645,0.3168511504183136,0.0069756137364252
4-148 avenue_2024,13.840832525467803,10.360238702575645,0.2675296302829312,0.0279069532530078
4-148 road_2017,14.08312247128896,9.864107284375432,0.2002857507766031,0.2372831148679289
4-148 street_2018,15.70008137760166,11.239718766427451,0.2437762057169251,0.1009307185784405
4-148 street_2019,14.965640303283244,11.239718766427451,0.2662812299142251,0.087186361678916
4-148 street_2021,15.618351715966888,11.239718766427451,0.2831682238775844,0.0603422290061617
4-148 street_2022,15.080232910663344,11.239718766427451,0.2777998650488114,0.0028958031120255
4-148 street_2024,14.72033054453083,11.239718766427451,0.2630155484503188,0.0050870390485571
4-148 street_2025,14.733178681843384,11.239718766427451,0.0,0.0364283566135514
4-149 avenue_2017,15.625548631163138,11.406493159244809,0.2824798852644973,0.0309171026347215
4-149 avenue_2018,15.866857765803127,11.406493159244809,0.3055191704686076,0.1480751180653633
4-149 avenue_2022,15.24700927883031,11.406493159244809,0.3621920706681145,0.0217614917815126
4-149 place_2021,14.190724837406815,9.727983899661,0.2759913097195209,0.1125247908418444
4-149 street_2017,15.66326515151994,11.374599445811782,0.3060312111199774,0.1323431869877131
4-149 street_2018,15.761975345941032,11.374599445811782,0.3317812828751191,0.1325183797001444
4-149 street_2019,15.24766245633122,11.374599445811782,0.333754962739963,0.0309171026347215
4-149 street_2022,15.269261563032236,11.374599445811782,0.357592959719085,0.1830712756845005
4-149 street_2024,14.943839252479163,11.374599445811782,0.343834233062282,0.0025966258472659
4-15 avenue_2017,14.914248146430367,10.625595068126382,0.2615612665656706,0.0334347760862373
4-15 avenue_2018,15.012958324336488,10.625595068126382,0.2956051472891082,0.1406311297397456
4-15 avenue_2021,15.08837090618245,10.625595068126382,0.3418070293268807,0.0668171730373171
4-15 avenue_2022,14.52024464278969,10.625595068126382,0.3418613209762287,0.0058826631581554
4-15 drive_2017,13.81417991413224,9.52557484555767,0.2444224898211411,0.1262801659103297
4-15 drive_2018,13.912890029246087,9.52557484555767,0.2751032902449208,0.7438402948754634
4-15 road_2017,13.664746709919292,9.376153239579242,0.2163839142531431,0.326061085320896
4-15 road_2018,13.763456809863271,9.376153239579242,0.2589317822801071,0.6477313170294627
4-150 avenue_2018,14.961832552038013,10.501484129139625,0.3760131757404901,0.1638180852293949
4-150 place_2018,14.1959169945571,9.808584049206036,0.2684706052806308,0.1798184265758361
4-150 place_2019,13.681604468633044,9.808584049206036,0.2212369730436281,0.2515366258154276
4-150 street_2017,16.21189642974731,11.9232259415494,0.300537818534173,0.120357496663734
4-150 street_2018,16.31060663042321,11.9232259415494,0.3345762746902078,0.2141431691169107
4-150 street_2021,16.386019228211694,11.9232259415494,0.3710796227389004,0.1958956768210725
4-150 street_2022,15.81789280912501,11.9232259415494,0.3728742643386692,0.0493614295377241
4-150 street_2024,15.49247046061856,11.9232259415494,0.3668998942257507,0.1406311297397456
4-150 street_2025,15.519709493757365,11.9232259415494,0.0,0.0016985566355814
4-151 place_2017,12.726205932139424,8.437742490130667,0.2269334995206941,0.1331313126031829
4-151 place_2021,12.900328270176166,8.437742490130667,0.2841484392570603,0.5788580341578177
4-151 street_2018,13.325218958143688,8.937961401508543,0.2409705157111102,0.7238703532027859
4-151 street_2024,12.507084751443424,8.937961401508543,0.289834925812882,0.1613532503577582
4-152 street_2018,14.366456478661345,9.979115020492433,0.2451256726866623,0.3748684341306969
4-152 street_2021,14.441869040572168,9.979115020492433,0.3005056351667619,0.1238092857262864
4-152 street_2022,13.873742971865015,9.979115020492433,0.2894068480425976,0.0078689583786951
4-152 street_2024,13.548320934288268,9.979115020492433,0.2647347598953097,0.0642884898823618
4-153 avenue_2018,14.293844503627223,9.833521907731573,0.2541501999949692,0.2179299842613223
4-153 avenue_2025,13.326942570480044,9.833521907731573,0.0,0.9415685390584236
4-153 street_2018,15.217468026373483,10.830100334159455,0.2359357358782548,0.3272873270441403
4-153 street_2022,14.724754309264606,10.830100334159455,0.2858273984112551,0.004191204618468
4-153 street_2024,14.3993320637641,10.830100334159455,0.2431255446210114,0.0329511001396859
4-153 street_2025,14.426571086938416,10.830100334159455,0.0,0.004987541511039
4-154 place_2022,11.800758529882485,7.906446093134544,0.3020520127347336,0.097489621277257
4-154 street_2019,14.975132934418712,11.102073446659915,0.2995165300987837,0.2482653400879894
4-154 street_2021,15.5648583841082,11.102073446659915,0.3457140883301625,0.4250716377470827
4-154 street_2022,14.996732039521222,11.102073446659915,0.3562748639173926,0.1633935469084357
4-154 street_2024,14.671309757126446,11.102073446659915,0.3352147860619427,0.0031948908965191
4-155 avenue_2018,14.767953749168722,10.30761114092422,0.3010836984090662,0.2194567634562145
4-155 avenue_2019,14.0335129284753,10.30761114092422,0.3243239137210728,0.140804876591021
4-155 street_2018,15.500119699191565,11.112747193776665,0.2643582452972895,0.0160701801774944
4-155 street_2022,15.007405943496911,11.112747193776665,0.3086550440691323,0.1237209269897588
4-155 street_2024,14.68198365984889,11.112747193776665,0.2940529362846423,0.0065783153601225
4-156 avenue_2022,14.306519852316487,10.466020725186826,0.3881433557954668,0.3392540779957684
4-156 avenue_2024,13.946617629002557,10.466020725186826,0.4130987329632355,0.4553974768563734
4-156 street_2022,14.819256281774232,10.924600558030228,0.3075661694616396,0.1294480671868864
4-156 street_2024,14.493834022302687,10.924600558030228,0.2952531578287861,0.1450522716991389
4-157 avenue_2019,14.232762437386793,10.506854765179572,0.3504487045236343,0.3902160973454254
4-157 street_2022,15.401967029573925,11.50730351425976,0.3281391535283845,0.0053854722763378
4-157 street_2024,15.076544707850642,11.50730351425976,0.3208333427367581,0.3659616883304642
4-158 avenue_2019,13.952413212825885,10.226514177089555,0.3064045180556486,0.4221255490012716
4-158 street_2017,15.073655206518287,10.854607806566346,0.1894146040337936,0.006379606964039
4-158 street_2024,14.335213600969684,10.854607806566346,0.2436220826577504,0.2519253527396617
4-159 avenue_2017,14.492129970724063,10.273097581817174,0.2916570050665979,0.1820715255387453
4-159 avenue_2019,13.998998225460271,10.273097581817174,0.300178075934958,0.2537115528806276
4-159 road_2017,9.87604189385911,5.660411228050679,0.1386246092983388,2.0113366686626564
4-159 street_2017,15.34059284000836,11.121540981426673,0.2013855981602547,0.092214483987811
4-159 street_2018,15.581901963080272,11.121540981426673,0.2254135980039785,0.1669540796628328
4-159 street_2022,14.962053512503054,11.121540981426673,0.2527361476963362,0.0079681696491768
4-159 street_2025,14.61499929837681,11.121540981426673,0.0,0.0553400950331645
4-16 avenue_2017,15.066706640072962,10.778050174665111,0.1617408490939339,0.2039199563464505
4-16 road_2018,13.579910578825723,9.192623864859256,0.2397819455317481,0.2207406666978994
4-16 road_2019,13.06559844434681,9.192623864859256,0.2322684590912103,0.6593318320652147
4-160 avenue_2019,14.018266731292265,10.2923654441756,0.2989752071393561,0.25742902928076
4-160 avenue_2024,13.772957111515533,10.2923654441756,0.3897094531750626,0.1428874875485475
4-160 street_2018,15.956707969614538,11.569330062795675,0.2640168933831087,0.1408917386974817
4-160 street_2019,15.442395063015042,11.569330062795675,0.2635901240211625,0.2764947268112043
4-160 street_2022,15.46399417061891,11.569330062795675,0.3125438036633133,0.1070590722934077
4-160 street_2024,15.138571844161724,11.569330062795675,0.3110336629825283,0.0017983819413793
4-160 street_2025,15.165810875167548,11.569330062795675,0.0,0.0395091330947124
4-161 avenue_2019,13.623335656542944,9.897450386631348,0.290713188260973,0.366793577459895
4-161 avenue_2024,13.378026146695635,9.897450386631348,0.3756884386760643,0.1273372484611951
4-161 place_2024,10.806891490093218,7.326904537543078,0.2106520634201805,0.0941276627246982
4-161 street_2018,15.490695057138511,11.10332269125589,0.2323634204644758,0.0420052941450301
4-161 street_2021,15.566107647315487,11.10332269125589,0.2820775982163699,0.0327575642381721
4-161 street_2022,14.99798130256244,11.10332269125589,0.2726250340264711,0.0133110140596723
4-161 street_2024,14.672559020020293,11.10332269125589,0.2514480734531731,0.0028958031120255
4-161 street_2025,14.699798046777907,11.10332269125589,0.0,0.0683126401820873
4-162 avenue_2024,13.31840877355582,9.8378360084642,0.2933770322372813,0.1057104544221142
4-162 street_2018,15.639174800122992,11.178813004704606,0.2746778047486479,0.0295588022415444
4-162 street_2019,14.904733736147763,11.178813004704606,0.2639888691776339,0.050312813873589
4-162 street_2022,15.019326341375216,11.178813004704606,0.3231164734163567,0.007372754329413
4-163 street_2018,15.359841765850335,10.972471479487936,0.2640391872155132,0.1546933896764805
4-163 street_2019,14.845528923769791,10.972471479487936,0.266552672524781,0.0636318602447734
4-163 street_2021,15.435254354125544,10.972471479487936,0.3180851598149398,0.0833296075870042
4-163 street_2022,14.86712802794504,10.972471479487936,0.3277559118196442,0.0097522914426782
4-163 street_2024,14.541705761884325,10.972471479487936,0.3322027171268687,0.2359413095440704
4-163 street_2025,14.568944787047574,10.972471479487936,0.0,0.004191204618468
4-164 avenue_2019,13.648959262363451,9.923072750543003,0.3305020696347091,0.6836017677164139
4-164 road_2019,12.142684560022351,8.41696597959567,0.2443457589648127,1.813227375843296
4-164 street_2017,16.088620959292204,11.799951329570009,0.2823785870808183,0.9412954908637212
4-164 street_2018,16.187331158845343,11.799951329570009,0.3077500882622166,0.7574825560648396
4-164 street_2019,15.673018235969357,11.799951329570009,0.3038219258941057,0.4669364301962654
4-164 street_2022,15.694617344438178,11.799951329570009,0.3589023516823341,0.7094633450448814
4-164 street_2024,15.369195002744496,11.799951329570009,0.3428605115884132,0.0743650819553067
4-164 street_2025,15.396434035224257,11.799951329570009,0.0,0.0071742037480003
4-165 avenue_2021,14.31425179747465,9.935653682122492,0.3702467961067433,1.4014538728777133
4-165 street_2018,15.667854066481407,11.207491880752949,0.2438747972348297,0.3658923329883412
4-165 street_2019,14.933412997557332,11.207491880752949,0.2522399258018489,0.1683916512604566
4-165 street_2021,15.586124405270308,11.207491880752949,0.2926653501705178,0.0770536294422914
4-165 street_2024,14.68810324168774,11.207491880752949,0.2872245434522991,0.1301506844650451
4-165 street_2025,14.70095137883112,11.207491880752949,0.0,0.0631625749576401
4-166 street_2018,16.0146591732391,11.554293056066433,0.2700967936116656,0.204653662000365
4-166 street_2019,15.280218054467266,11.554293056066433,0.2727198813018202,0.0259601016695316
4-166 street_2021,15.932929508112949,11.554293056066433,0.3178437358924394,0.3647819928326293
4-166 street_2024,15.034908271958257,11.554293056066433,0.3147616266402373,0.0665365238002442
4-166 street_2025,15.047756410664936,11.554293056066433,0.0,0.0752929840354313
4-167 street_2018,15.851368907347888,11.39100447240693,0.2583651960330703,0.0251802985302982
4-167 street_2021,15.769639243896952,11.39100447240693,0.306369689871506,0.0396052545923594
4-167 street_2024,14.87161803879522,11.39100447240693,0.2957708668653681,0.0020977980821461
4-167 street_2025,14.884466176832982,11.39100447240693,0.0,0.0934903430873388
4-168 place_2021,14.008622398144182,9.63004137373011,0.2822926713230427,0.2116376111280077
4-168 street_2017,15.658299807848964,11.43924398281206,0.2397881092330709,0.0082657444170326
4-168 street_2019,15.165167839509444,11.43924398281206,0.267830136903722,0.1564052791641357
4-168 street_2021,15.817879279644847,11.43924398281206,0.3082636359055259,0.01911611719223
4-168 street_2024,14.91985806483594,11.43924398281206,0.2885057696312529,0.0014988761237358
4-168 street_2025,14.932706203082803,11.43924398281206,0.0,0.0786263204551895
4-169 street_2017,15.713292121277172,11.424625862907162,0.2203819244788398,0.0409499863289541
4-169 street_2021,15.887414910336254,11.424625862907162,0.2960477917547237,0.3058657428854096
4-169 street_2024,14.993866214137054,11.424625862907162,0.2675000628544083,0.1284811616485401
4-169 street_2025,15.021105244028638,11.424625862907162,0.0,0.0588347857208925
4-17 avenue_2017,14.846429476273675,10.557778078786324,0.2387445520776858,0.4784057325098795
4-17 avenue_2018,14.945139651981496,10.557778078786324,0.2593928211321785,0.0631625749576401
4-17 avenue_2024,14.127003786923614,10.557778078786324,0.2921738848495563,0.1720186637980575
4-17 road_2018,14.324858186404454,9.937518672839888,0.2395407782810916,0.7303947945866118
4-17 road_2024,13.50672267303366,9.937518672839888,0.2555201312875733,0.16813811227748
4-170 place_2017,11.317709145816654,7.029905365708393,0.1976559207940613,0.6936470556015963
4-170 street_2017,15.47864587838475,11.259592140691716,0.215988966211683,0.0137056470561119
4-170 street_2021,15.638225345583315,11.259592140691716,0.3034471405102356,0.0921232888758058
4-170 street_2022,15.10010653796791,11.259592140691716,0.2976479219777924,0.1040897085243809
4-170 street_2024,14.740204169428903,11.259592140691716,0.2692089181574565,0.0025966258472659
4-170 street_2025,14.7530523068431,11.259592140691716,0.0,0.0879192980378835
4-171 place_2018,13.58504627844073,9.124778357015607,0.2453734981670485,0.2659731292895654
4-171 street_2017,15.166739616376574,10.947690524862978,0.213275720363252,0.0092570212626767
4-171 street_2021,15.32631907334203,10.947690524862978,0.2983480090624508,0.1003881740312684
4-171 street_2022,14.788200307884075,10.947690524862978,0.3018420455514291,0.0780715354201554
4-171 street_2025,14.441146118788977,10.947690524862978,0.0,0.0059820716775474
4-172 street_2017,15.398530069855044,11.17947739096547,0.2133042460177319,0.0068763039394321
4-172 street_2018,15.63983919555317,11.17947739096547,0.2434212083634081,0.1253984093943336
4-172 street_2021,15.558109534721622,11.17947739096547,0.2908307050727026,0.1672925177741942
4-172 street_2022,15.01999073671333,11.17947739096547,0.2947936124739493,0.1245158746975675
4-172 street_2024,14.6600883781747,11.17947739096547,0.2809650594347899,0.001598721363697
4-172 street_2025,14.672936515166525,11.17947739096547,0.0,0.2829207553500704
4-173 street_2018,15.122786303967052,10.662433840573634,0.2287761715517257,0.0842492324448999
4-173 street_2021,15.041056652437812,10.662433840573634,0.2838068253994275,0.1448792613180845
4-173 street_2022,14.502937938917338,10.662433840573634,0.2768109401637023,0.1011115013684113
4-173 street_2024,14.143035668324972,10.662433840573634,0.2890917367152886,0.0026963615477426
4-174 street_2017,14.634856257369176,10.415819340588346,0.2184563244164529,0.0530667209366922
4-174 street_2018,14.87616533260456,10.415819340588346,0.2490370093191929,0.1185827158269478
4-174 street_2021,14.79443568751981,10.415819340588346,0.2973032431934006,0.1754647693307414
4-174 street_2024,13.896414822866491,10.415819340588346,0.274587304601688,0.0040916179032535
4-175 place_2024,12.977993646401096,9.40882236993281,0.2758668572304789,0.0101483310518151
4-175 street_2017,15.152341690411568,10.933292850359496,0.2207070525261614,0.072506690786748
4-175 street_2019,14.659209788557764,10.933292850359496,0.2479523011789699,0.0318861888623217
4-175 street_2021,15.31192114682318,10.933292850359496,0.3011072989342028,0.0555293097924802
4-175 street_2022,14.773802383646888,10.933292850359496,0.2908471774898475,0.3202702620449325
4-175 street_2024,14.413900061366082,10.933292850359496,0.2870535874453076,0.017348638334613
4-176 place_2024,10.870729852030788,7.390703482241158,0.0731222648289626,0.7472565062069773
4-176 street_2019,14.174842968762006,10.448936888039391,0.2474661552524833,0.128041349880884
4-176 street_2022,14.289435534831798,10.448936888039391,0.2622641426525327,0.2867566443752801
4-176 street_2024,13.929533316086095,10.448936888039391,0.2682414485899679,0.1216865182565992
4-177 street_2024,14.058872753420784,10.57827291774944,0.2809352256496533,0.0333380596105103
4-178 place_2024,13.226189143374786,9.745621377502854,0.2353375044929513,0.5922212619699848
4-178 street_2022,14.258884712635355,10.418386945526947,0.2735340875244465,0.2011433110345424
4-178 street_2024,13.898982502255866,10.418386945526947,0.24331018371048,0.0789035975954659
4-179 place_2022,13.107501847433843,9.267067303432045,0.2755087836185261,0.5730113793199646
4-179 place_2024,12.747600238355044,9.267067303432045,0.2995570972272451,0.0230326991105726
4-179 street_2022,14.258171966120498,10.417674219857506,0.2488668714729173,0.5770627015391434
4-179 street_2024,13.898269755939255,10.417674219857506,0.257893228078593,0.0059820716775474
4-18 avenue_2017,14.775998572445618,10.487349045470728,0.1734525638510667,0.0371994409891062
4-18 avenue_2018,14.87470874570703,10.487349045470728,0.1913645866181857,0.1037291857624768
4-18 avenue_2019,14.360395993255237,10.487349045470728,0.1884106805733028,0.2030224733179878
4-18 avenue_2024,14.05657291050862,10.487349045470728,0.1838877278266995,0.029267497680568
4-18 street_2022,12.495442360033223,8.600949197297766,0.2850585466793964,0.3042441607507592
4-18 street_2024,12.170021399473208,8.600949197297766,0.2506916290177158,0.6343521340494399
4-180 street_2018,15.415850820884446,10.955492479966804,0.227241497465152,0.02557027611153
4-180 street_2022,14.796002396821434,10.955492479966804,0.2779906288214813,0.2738366656297278
4-180 street_2024,14.436100070892763,10.955492479966804,0.2648196805370211,0.107867370869007
4-181 street_2022,14.294347800677462,10.453849014931803,0.2805229139861899,0.5431379132332371
4-182 place_2018,13.528534968800964,9.06827330736192,0.2027686083779386,0.524906027973995
4-182 place_2022,12.908687515492142,9.06827330736192,0.2477267329741075,0.3808308271498035
4-182 street_2017,14.870982801459824,10.651939677267134,0.2038650956967035,0.4718768736274158
4-182 street_2018,15.11229189656847,10.651939677267134,0.2118063607465534,0.204653662000365
4-182 street_2022,14.49244353396957,10.651939677267134,0.2843448467768491,0.1074183967672703
4-183 street_2018,15.147030165722834,10.68667714813382,0.2257259603642485,0.3793948803749803
4-183 street_2022,14.5271817951087,10.68667714813382,0.2817119054652771,0.0669107052826268
4-183 street_2024,14.167279519298626,10.68667714813382,0.2386015517313424,0.0371994409891062
4-184 place_2022,12.584416149800154,8.744045141557178,0.2430373737223946,0.9787395711466436
4-184 street_2017,14.867720128767834,10.648677080742097,0.2064510043822136,0.4123083065901588
4-184 street_2018,15.109029223632632,10.648677080742097,0.2191218170798408,0.4172619179876754
4-184 street_2022,14.489180861800936,10.648677080742097,0.2713971614635714,0.1794842019737943
4-184 street_2024,14.129278594226085,10.648677080742097,0.2454222631618982,0.004489905272852
4-185 street_2018,14.85695059996234,10.469591393158844,0.2303705684373346,0.5645180379627647
4-185 street_2019,14.342637851688275,10.469591393158844,0.2397961046367478,0.0541093256470319
4-185 street_2022,14.364236950878528,10.469591393158844,0.296178893634534,0.2550297401765315
4-185 street_2024,14.038814772630449,10.469591393158844,0.2494160758254,0.1038193286389971
4-186 street_2019,13.882084958950296,10.156188497051884,0.2151953814650355,0.2076643644657497
4-186 street_2022,13.9966774993111,10.156188497051884,0.2748137670349812,0.0093560949240249
4-186 street_2024,13.63677537228986,10.156188497051884,0.2609590023110274,0.3426672932841241
4-187 street_2022,13.957687259768983,10.117199768430853,0.3050211504198494,0.0106431600984798
4-187 street_2024,13.59778514711746,10.117199768430853,0.2840548122350482,0.1699115367172731
4-188 street_2018,15.76448028368052,11.377104355179016,0.3253116337614628,0.0761273603875509
4-188 street_2019,15.250167393830496,11.377104355179016,0.3161685561750815,1.4630701999219402
4-188 street_2022,15.271766500544274,11.377104355179016,0.3632532592988549,0.1199140966653375
4-188 street_2024,14.94634418976634,11.377104355179016,0.3334460437241536,0.0038924147153438
4-188 street_2025,14.9735832192554,11.377104355179016,0.0,0.1922718876471227
4-189 street_2019,14.543346776873502,10.81743197903772,0.2653014496542697,0.2793726445806401
4-189 street_2022,14.657939366241996,10.81743197903772,0.2905442146505065,0.1408917386974817
4-189 street_2024,14.298037064371249,10.81743197903772,0.2921093771345515,0.160927664106282
4-19 avenue_2017,15.23947263735699,10.950812908818476,0.2294300560770306,0.1127034899130848
4-19 avenue_2018,15.33818282396076,10.950812908818476,0.2345922064872914,0.3984404931711999
4-19 avenue_2021,15.413595411896482,10.950812908818476,0.3000125091361237,0.4193680132771558
4-19 avenue_2024,14.520046825912836,10.950812908818476,0.295590824554939,0.0470744073859288
4-19 drive_2021,11.777033188424792,7.314891439931612,0.2975645860047297,0.6906440503418267
4-19 street_2024,13.570328847651403,10.00112195318872,0.3025806770018469,0.3354002336598773
4-190 street_2019,14.516797110049836,10.790882838589226,0.2454147061537178,0.3598399300818888
4-190 street_2022,14.631389698011466,10.790882838589226,0.2743020360651432,0.1478163746942186
4-190 street_2024,14.271487401160128,10.790882838589226,0.2729184521461812,0.0547722358469794
4-191 street_2019,14.121539500707064,10.395634968355782,0.236702012209313,0.3157591950236713
4-191 street_2024,13.876229858657824,10.395634968355782,0.2636405888270958,0.0064789660977091
4-191 street_2025,13.889077989121793,10.395634968355782,0.0,0.0752002325629351
4-192 street_2017,15.28134800538646,11.06229703624714,0.2122384316348705,0.2527023535557541
4-192 street_2019,14.788216083267152,11.06229703624714,0.2425982665370779,0.2288074809386483
4-192 street_2022,14.902808683992598,11.06229703624714,0.2978235581698667,0.1098404656795321
4-192 street_2024,14.542906341602544,11.06229703624714,0.2777522984164977,0.0327575642381721
4-193 street_2019,14.940796241279314,11.21487502704271,0.2342678864950927,0.4116459671832455
4-193 street_2021,15.593507650145252,11.21487502704271,0.2973040443192203,0.0658813691135127
4-193 street_2022,15.05538884779714,11.21487502704271,0.2970133998806652,0.0025966258472659
4-193 street_2024,14.69548648474104,11.21487502704271,0.2840115512197054,0.2080705218166887
4-193 street_2025,14.708334621923662,11.21487502704271,0.0,0.0765906021617125
4-194 lane_2017,11.622215012991733,7.403748767985813,0.1273034297910703,1.352737577591048
4-194 street_2019,14.740010469209365,11.014092178538236,0.2287835930115244,0.029073247485707
4-194 street_2022,14.85460306791329,11.014092178538236,0.3032786944645479,0.1275133202989596
4-195 place_2019,11.613275190164034,7.887707182451951,0.209720530982069,0.8753854005481514
4-195 place_2024,11.367967858113817,7.887707182451951,0.1714872146282445,0.0880108773227133
4-195 street_2017,15.185515066294514,10.896856297030412,0.216784494819795,0.1441003439737568
4-195 street_2019,14.769912420838503,10.896856297030412,0.2386954604163018,0.15802886422491
4-195 street_2021,15.359637838700976,10.896856297030412,0.2976061481250193,0.0611891683124224
4-195 street_2024,14.466089268908767,10.896856297030412,0.2980659966473202,0.004489905272852
4-196 street_2017,15.332041240391664,11.112989506963984,0.2316176083456405,0.2775559761527718
4-196 street_2022,14.953501913746305,11.112989506963984,0.3240823005541501,0.1064299436158465
4-196 street_2024,14.59359956413755,11.112989506963984,0.3054853517186501,0.0033942330680155
4-197 street_2019,14.876403882644295,11.150483542873763,0.2680300020031684,0.0517381954044144
4-197 street_2024,14.631094132107505,11.150483542873763,0.2959161046515859,0.0030952049073024
4-197 street_2025,14.643942268937932,11.150483542873763,0.0,0.0675651861624238
4-198 street_2017,15.260025840693206,11.040975204779189,0.2072619871221706,0.1211551215564672
4-198 street_2019,14.76689392174567,11.040975204779189,0.240935273733934,0.1460032941198429
4-198 street_2024,14.521584182346228,11.040975204779189,0.2747460977739153,0.0031948908965191
4-198 street_2025,14.534432318523075,11.040975204779189,0.0,0.2400399989739397
4-199 street_2017,15.336394768235612,11.117342970959632,0.2337777464776819,0.0739008078395342
4-199 street_2019,14.843262838233782,11.117342970959632,0.2748489631506499,0.1685606415439175
4-199 street_2021,15.495974231160458,11.117342970959632,0.3105917572751157,0.0903889997276807
4-199 street_2024,14.597953090939743,11.117342970959632,0.3023853596218401,0.0035935355101301
4-199 street_2025,14.610801227579875,11.117342970959632,0.0,0.3488947566197701
4-20 avenue_2017,15.852825601052157,11.56415793961459,0.3437320516499575,0.101743983883284
4-20 avenue_2018,15.951535798031063,11.56415793961459,0.3609995795318907,0.0241070753432331
4-20 avenue_2021,16.026948393231056,11.56415793961459,0.4035184460178566,0.6451117315213885
4-20 avenue_2024,15.133399673349883,11.56415793961459,0.3787959336957728,0.0732504617395926
4-20 road_2022,14.275890058914111,10.381247069823512,0.2784325956154881,0.4244177010248514
4-20 road_2024,13.95046790118873,10.381247069823512,0.2786761231161858,0.209936723826928
4-20 street_2022,11.880064870464723,7.985724919854285,0.2758476148047781,0.701512096891573
4-200 street_2017,15.070791263793373,10.782134714552218,0.220633316695744,0.208638865111328
4-200 street_2019,14.65518863425449,10.782134714552218,0.2704424842934302,0.1390660481229974
4-200 street_2021,15.244914031263413,10.782134714552218,0.3054434661345303,0.1344434765494907
4-200 street_2022,14.6767877368304,10.782134714552218,0.2907575984730893,0.0034938892542557
4-200 street_2024,14.35136549894267,10.782134714552218,0.3175941954471566,0.1453117311600539
4-201 place_2017,12.9488134480295,8.72990632829933,0.2141261185096422,0.5894519442211802
4-201 street_2017,15.575935147915404,11.287270475772312,0.2136855454441702,0.2555720185335473
4-201 street_2019,15.160332460137086,11.287270475772312,0.2405594002233117,0.2394892298502958
4-201 street_2022,15.18193156637247,11.287270475772312,0.2843991951645436,0.0020977980821461
4-201 street_2024,14.856509264021696,11.287270475772312,0.3089520979136277,0.0030952049073024
4-202 street_2017,15.649237919718583,11.430182191231266,0.2265823017546267,0.4482052617843233
4-202 street_2019,15.156105952298056,11.430182191231266,0.2579827073363469,0.1320803403572078
4-202 street_2024,14.910796178280863,11.430182191231266,0.3017100265710177,0.0050870390485571
4-203 street_2017,15.2368709353165,10.948211251853833,0.2159655329893975,0.1947440767925117
4-203 street_2019,14.821268283305878,10.948211251853833,0.2582093280150939,0.2482653400879894
4-203 street_2022,14.8428673872938,10.948211251853833,0.2849103777094215,0.1542649590114293
4-204 street_2017,15.307277690648446,11.088226325734995,0.2251253977846913,0.0927614800813111
4-204 street_2019,14.81414576476201,11.088226325734995,0.2646002649925559,0.1964709798983741
4-204 street_2022,14.928738366535184,11.088226325734995,0.2951239433080683,0.2626719094476132
4-204 street_2024,14.568836020407044,11.088226325734995,0.3117577299761711,0.0035935355101301
4-205 street_2017,15.082763850219337,10.86371627770582,0.2499040267624501,0.0478373294141601
4-205 street_2022,14.704224552164064,10.86371627770582,0.3117963469981651,0.0
4-205 street_2024,14.34432224185519,10.86371627770582,0.3194563631112882,0.004489905272852
4-206 street_2017,14.25595938497296,10.03693606445018,0.2544197318288203,0.1110045580429113
4-206 street_2019,13.76282772602755,10.03693606445018,0.2652295086016304,0.6488817642619299
4-206 street_2021,14.415538785177482,10.03693606445018,0.320058434156376,0.2961709398476872
4-206 street_2022,13.877420253558066,10.03693606445018,0.3231509214459104,0.0047885167317971
4-206 street_2024,13.517518172312696,10.03693606445018,0.3165710823039179,0.0277124385665357
4-207 street_2017,14.945004953665403,10.725960166550578,0.2181440316145306,0.0442082546643203
4-207 street_2022,14.566465674748972,10.725960166550578,0.283715270805575,0.4674378404230036
4-207 street_2024,14.20656339074831,10.725960166550578,0.256075941054789,0.0133110140596723
4-208 street_2017,15.481139328550796,11.26208555924637,0.2284738879561246,0.2268965001835169
4-208 street_2022,15.102599987916753,11.26208555924637,0.308673927985196,0.2139009699472772
4-208 street_2024,14.742697619079175,11.26208555924637,0.2820063256660657,0.0072734839664983
4-209 street_2017,15.398742399681495,11.110080123555631,0.2121969638059261,0.3682477202913481
4-209 street_2018,15.497452589617168,11.110080123555631,0.2373147446227194,0.0830535551352856
4-209 street_2022,15.004738834238,11.110080123555631,0.2869332891895398,0.1077775921734311
4-209 street_2024,14.679316550901875,11.110080123555631,0.2817773737270426,0.0088606284321965
4-21 avenue_2017,15.500805969205,11.212142261388744,0.292140648888375,0.2135779464445087
4-21 avenue_2018,15.599516161013126,11.212142261388744,0.3150620473578422,0.1287449558905622
4-21 avenue_2022,15.106802394141612,11.212142261388744,0.3539953562593788,0.0139029051689914
4-21 avenue_2024,14.781380099443677,11.212142261388744,0.3557393807784565,0.0726926853934406
4-21 road_2018,13.915092284700505,9.527776942503971,0.2267223010590168,0.3686628015840597
4-21 road_2022,13.422378987275597,9.527776942503971,0.2938067758633481,0.0039920212695374
4-21 street_2018,16.14456047670265,11.757180971303852,0.4164517870648044,0.0100493358530014
4-21 street_2022,15.651846664891869,11.757180971303852,0.4524628281354911,0.4973755760415863
4-21 street_2024,15.326424325765078,11.757180971303852,0.4126640920784185,0.0480279690105815
4-210 street_2021,15.765411094347735,11.386776370122412,0.3060327156614068,0.1232790161601712
4-210 street_2022,15.22729227297688,11.386776370122412,0.3307866890090448,0.0230326991105726
4-210 street_2024,14.867389890119354,11.386776370122412,0.2985010783200181,0.3071169850903883
4-210 street_2025,14.8802380281383,11.386776370122412,0.0,0.1448792613180845
4-211 place_2018,13.218196491968849,8.757976288427912,0.2522041705485045,0.5325088345971327
4-211 street_2021,15.77228553031153,11.309497800341838,0.2953310447891412,0.1570892152427752
4-211 street_2022,15.204159160806924,11.309497800341838,0.308906757794754,0.110288353894123
4-211 street_2024,14.878736856300035,11.309497800341838,0.2836048753132446,0.0183309566847234
4-211 street_2025,14.905975885182452,11.309497800341838,0.0,0.6124250754815826
4-212 place_2017,13.823957312181374,9.604957285321232,0.2286910493609031,0.1200027923946963
4-212 place_2018,14.065266269309737,9.604957285321232,0.2849677836762638,0.4493543936778854
4-212 place_2024,13.085516479597466,9.604957285321232,0.3629388098093762,0.0340148785872776
4-212 street_2018,15.94432663127706,11.48396120514514,0.2561155404898999,0.6064448467206524
4-212 street_2022,15.324478136075394,11.48396120514514,0.3232578974250549,0.2519253527396617
4-212 street_2024,14.964575743440555,11.48396120514514,0.3147694152750157,0.0622233431801318
4-212 street_2025,14.977423881872454,11.48396120514514,0.0,0.1901243688569754
4-213 street_2017,15.440874293972884,11.22182104490656,0.208209674335053,0.0874612757699945
4-213 street_2022,15.062334956913435,11.22182104490656,0.2885076527863557,0.0030952049073024
4-213 street_2024,14.7024325929895,11.22182104490656,0.2484283752462859,0.0683126401820873
4-213 street_2025,14.715280730208772,11.22182104490656,0.0,0.1776439672428435
4-214 place_2019,13.869852036491904,10.143956041061712,0.2363887780642304,0.4935980780993646
4-214 place_2022,13.984444575605934,10.143956041061712,0.2988937814916002,0.0103462920541443
4-214 place_2024,13.624542453032928,10.143956041061712,0.2323424903495193,0.0256677467485777
4-214 street_2017,15.136547534890315,10.917498974881294,0.2027748474281916,0.1903723949836654
4-214 street_2018,15.377856647401831,10.917498974881294,0.2352174470451604,0.1068793616270961
4-214 street_2021,15.296126990685138,10.917498974881294,0.2725036731259918,0.3520643313810491
4-214 street_2024,14.398105910414053,10.917498974881294,0.2388229403868769,0.0116320842297076
4-214 street_2025,14.410954045762788,10.917498974881294,0.0,0.0017983819413793
4-215 place_2017,14.790490719262378,10.501840796564997,0.2192151403562953,0.1323431869877131
4-215 place_2019,14.374888137234722,10.501840796564997,0.2631270991982051,0.2426324038980567
4-215 place_2021,14.96461347199764,10.501840796564997,0.3076659252118986,0.3355432338031212
4-215 place_2022,14.396487236825262,10.501840796564997,0.3064581812660325,0.0059820716775474
4-215 place_2024,14.071065051525917,10.501840796564997,0.2416742408991603,0.023423514943588
4-215 place_2025,14.09830406887655,10.501840796564997,0.0,0.2202593961343467
4-215 street_2017,15.60465649892244,11.315991476848126,0.2167924309440111,0.0362354925820954
4-215 street_2018,15.703366692449436,11.315991476848126,0.2454717843934965,0.3572547758037414
4-215 street_2019,15.189053808635204,11.315991476848126,0.2390432640149921,0.1085853104134407
4-215 street_2021,15.778779285232533,11.315991476848126,0.2990665238803967,0.388996915400857
4-215 street_2022,15.210652915028234,11.315991476848126,0.3005106178731072,0.0028958031120255
4-215 street_2024,14.885230609900432,11.315991476848126,0.2683558941357578,0.0068763039394321
4-216 street_2017,15.15193317416747,10.863275028597942,0.2164031654749829,0.0217614917815126
4-216 street_2018,15.250643358700929,10.863275028597942,0.2375089251446354,0.0593061058974075
4-216 street_2019,14.736330533183226,10.863275028597942,0.2390523683809116,0.0753857269058896
4-216 street_2022,14.757929636478304,10.863275028597942,0.2879959245403527,0.004489905272852
4-216 street_2024,14.432507385922133,10.863275028597942,0.2484613592984996,0.0129162252665463
4-216 street_2025,14.459746409585518,10.863275028597942,0.0,0.1319927094584969
4-217 street_2018,15.908392370895193,11.448027317039427,0.2665860385502067,0.5441249941669167
4-217 street_2019,15.1739512656054,11.448027317039427,0.2595004542888374,0.4813144203916022
4-217 street_2022,15.288543879431328,11.448027317039427,0.3111573755381827,0.0461199356135531
4-217 street_2024,14.928641490301402,11.448027317039427,0.2604416271162496,0.0944006754214843
4-218 street_2018,15.641527447346888,11.254152998851383,0.2595100079064446,0.0293646086299039
4-218 street_2019,15.12721457002739,11.254152998851383,0.2522242465368926,0.149109422587841
4-218 street_2021,15.716940039428453,11.254152998851383,0.3049589396066093,0.0539198419894304
4-218 street_2022,15.148813676075282,11.254152998851383,0.2966437724780095,0.0580802110765246
4-218 street_2024,14.823391377027226,11.254152998851383,0.2508337620943118,0.1352299492601041
4-219 street_2018,15.683042184898246,11.222679796956614,0.2346411352653535,0.1185827158269478
4-219 street_2019,14.948601113410254,11.222679796956614,0.23075001664783,0.1170716715858375
4-219 street_2022,15.063193720201278,11.222679796956614,0.2808228961829885,0.1338313476335206
4-219 street_2024,14.703291356170464,11.222679796956614,0.2410075821660798,0.0395091330947124
4-22 avenue_2022,14.348723872870114,10.45407874991688,0.2720091558669147,0.0029955089797984
4-22 avenue_2024,14.023301698095704,10.45407874991688,0.248666010213692,0.4534295346246816
4-22 drive_2022,11.200293175001432,7.306277674303722,0.2701602723232042,1.2864464011467291
4-22 street_2024,13.278498334433664,9.709306374543129,0.20834905203873,0.0062802379571504
4-220 place_2018,13.789734984984284,9.32944713303092,0.2288548372860404,0.2064449016911582
4-220 place_2021,13.708005397799894,9.32944713303092,0.2753725779804918,0.1845690293344339
4-220 place_2022,13.16988726868854,9.32944713303092,0.2293903181138297,0.1353172969476296
4-220 street_2018,15.831243921987236,11.370879714039944,0.2377804641703216,0.017839918128331
4-220 street_2019,15.096802827422923,11.370879714039944,0.2465309257815518,0.0743650819553067
4-220 street_2021,15.749514258762348,11.370879714039944,0.2953493748913608,0.057041740367197
4-220 street_2022,15.21139543901664,11.370879714039944,0.2927770816218748,0.0214679066152409
4-220 street_2024,14.851493057850789,11.370879714039944,0.2567168439905954,0.0792731808945078
4-221 street_2019,15.016808125175304,11.290885948591798,0.2398147777618266,0.2873570196278354
4-221 street_2022,15.13140073426522,11.290885948591798,0.2948233515542914,0.0038924147153438
4-221 street_2024,14.77149836203243,11.290885948591798,0.257920909835279,0.0430594894604469
4-222 street_2018,15.84739416419759,11.38702977372726,0.2591372373252734,0.0389322100017874
4-222 street_2019,15.11295306731902,11.38702977372726,0.2550655539384617,0.0057832447557273
4-222 street_2022,15.227545679394389,11.38702977372726,0.3148280073119404,0.0024968801985871
4-222 street_2024,14.86764329651011,11.38702977372726,0.2935493837882897,0.2066075826741102
4-223 place_2017,13.462696656525544,9.2437255233753,0.2499595741622509,1.60771643153576
4-223 place_2022,13.084157883714347,9.2437255233753,0.3552753635843091,0.0465018336514197
4-223 place_2024,12.724256295404542,9.2437255233753,0.3755982124337004,0.079550278758009
4-223 street_2018,15.866541255501494,11.406176652423587,0.2592185599508719,0.2688814429880635
4-223 street_2021,15.784811591883123,11.406176652423587,0.302273776665898,0.0634441725565347
4-223 street_2022,15.246692768563625,11.406176652423587,0.3044549535853399,0.0042907814171562
4-223 street_2024,14.886790383677686,11.406176652423587,0.2831068964434265,0.126632650933366
4-224 street_2017,15.374878574706232,11.15582622495782,0.2202199348515172,0.225859858808438
4-224 street_2022,14.996339243826078,11.15582622495782,0.310375071397739,0.1322555791204706
4-224 street_2024,14.63643688839618,11.15582622495782,0.2721257842820364,0.2663562857370285
4-225 street_2017,15.480848642554504,11.261794876931267,0.2448757301949671,0.0211742352314064
4-225 street_2018,15.722157771731805,11.261794876931267,0.2603306937214968,0.0543934838303316
4-225 street_2019,14.987716693817212,11.261794876931267,0.2614207327173908,0.1470397426493148
4-225 street_2022,15.102309301945754,11.261794876931267,0.3131566839720693,0.1851508838041143
4-225 street_2024,14.742406933142949,11.261794876931267,0.2935173694542625,0.6291951540674282
4-226 street_2017,15.162440810534784,10.94339179372161,0.2122982198431253,0.029267497680568
4-226 street_2019,14.669308906998497,10.94339179372161,0.2312868434343514,0.1368882520621216
4-226 street_2024,14.42399917860524,10.94339179372161,0.277007130939951,0.475302067696944
4-227 street_2019,14.60302529035744,10.8771093591244,0.2439727290248347,0.1474712793582082
4-227 street_2021,15.255736636706898,10.8771093591244,0.2774859632443491,0.2999564333271691
4-227 street_2024,14.357715570076612,10.8771093591244,0.27656074506384,0.4489076659510011
4-228 street_2017,15.259358289985451,11.04030766461913,0.2001200163975366,0.0400857235392856
4-228 street_2019,14.76622637113831,11.04030766461913,0.2291164613296484,0.0688728642863754
4-228 street_2021,15.41893775032919,11.04030766461913,0.2709399021276118,0.2211415486435367
4-228 street_2022,14.880818970953689,11.04030766461913,0.2780048289543565,0.0156764793850075
4-228 street_2024,14.520916631810572,11.04030766461913,0.2397348510152865,0.0452601314048645
4-229 street_2017,15.351967396724516,11.132915373324291,0.2095748957162321,0.0424846116061553
4-229 street_2019,14.85883546457035,11.132915373324291,0.2318479268242888,0.1534075466293123
4-229 street_2022,14.97342806808673,11.132915373324291,0.2949418691554293,0.134268620805034
4-229 street_2024,14.613525715739186,11.132915373324291,0.263159703989745,0.4788394779081348
4-23 avenue_2017,15.989647261529727,11.700978401884024,0.2700898795355533,0.5206373311499836
4-23 avenue_2018,16.088357460075716,11.700978401884024,0.2963577925632084,0.5133624034179607
4-23 avenue_2019,15.57404454372811,11.700978401884024,0.2988008527591833,0.0655068022021196
4-23 avenue_2021,16.163770056372922,11.700978401884024,0.3409525130201238,0.0913934284292105
4-23 avenue_2022,15.595643651850008,11.700978401884024,0.3546468547432626,0.1028273097994703
4-23 avenue_2024,15.270221316267572,11.700978401884024,0.34905981541148,0.0526873222790064
4-23 road_2021,13.546587392824572,9.083899724221627,0.3086926725141372,0.3328227281160524
4-23 street_2018,15.366562744010883,10.977453242890173,0.2251368426959561,0.0914846901221783
4-23 street_2024,14.620795545969749,10.977453242890173,0.2595891278941986,0.0121261797978405
4-230 place_2022,14.238282015534574,10.39778485701808,0.3335015256253515,0.0749219265172592
4-230 place_2024,13.878379810943084,10.39778485701808,0.304473796561002,0.4332748087474316
4-230 street_2019,14.93325018459174,11.207329069944016,0.2369138502737211,0.085627085967437
4-230 street_2022,15.047842790843392,11.207329069944016,0.2925212190581217,0.1424539677949335
4-230 street_2024,14.687940428736947,11.207329069944016,0.2527837842017704,0.3291598518980899
4-231 street_2018,15.46607174001068,11.005712553684956,0.2130879931277146,0.2055496829131617
4-231 street_2022,14.846223307459374,11.005712553684956,0.2870278137207758,0.0145930023029001
4-231 street_2024,14.486320973571296,11.005712553684956,0.2447343414520068,0.0022973590486834
4-232 street_2021,15.278595010306548,10.89996731127881,0.2760184492631871,0.2811860187080788
4-232 street_2024,14.380573935888826,10.89996731127881,0.2442225029699942,0.3220834991691133
4-232 street_2025,14.393422071111472,10.89996731127881,0.0,0.4289211841445056
4-233 street_2017,15.20577749665085,10.917118361072824,0.2175878348910798,0.8066097854707466
4-233 street_2021,15.379900269871843,10.917118361072824,0.3021193217435345,0.071948499312584
4-233 street_2022,14.811773952309537,10.917118361072824,0.3182359610828307,0.0916671885258238
4-233 street_2024,14.48635169389668,10.917118361072824,0.2831625911447453,0.0018981972830802
4-233 street_2025,14.513590718320096,10.917118361072824,0.0,0.3765854085575139
4-234 place_2024,11.134456905534751,7.65429190741164,0.224521911284331,0.6839045991930127
4-234 street_2019,14.412761755620243,10.686849686862608,0.2502476417335387,0.2070141693843261
4-234 street_2021,15.065473056262846,10.686849686862608,0.2897337611274501,0.3124722412589997
4-234 street_2024,14.167452061847843,10.686849686862608,0.2723615485158924,0.3178717436148385
4-235 street_2019,13.97421769678761,10.248317899129074,0.2718689255649305,0.4410252835067152
4-235 street_2021,14.62692885221817,10.248317899129074,0.3142142163610769,0.2944590567308047
4-235 street_2022,14.08881024606419,10.248317899129074,0.3070926838009587,0.1943324694600901
4-235 street_2024,13.728908087233268,10.248317899129074,0.2589480531359772,0.0037927982386962
4-236 street_2019,13.49179260752878,9.765914239142909,0.2602558161454811,0.1999977418068973
4-236 street_2021,14.144503509368242,9.765914239142909,0.3108234483044049,0.4718144886496982
4-236 street_2024,13.246483145048622,9.765914239142909,0.2776792323830375,0.0062802379571504
4-237 street_2019,13.454859897877895,9.728983636092012,0.3120842828330547,0.325411289261788
4-237 street_2021,14.107570774787844,9.728983636092012,0.3663300182004234,0.4239596907443287
4-238 street_2021,13.726267063794214,9.347707212772512,0.2821713322708655,0.7690428395632023
4-238 street_2022,13.188148920320485,9.347707212772512,0.2767945292965199,0.100478618566219
4-239 street_2022,13.083753352196048,9.243321030149165,0.2776417112128854,0.1090337610241223
4-24 avenue_2017,15.531554689243018,11.24289057797223,0.250384462814067,0.1084058738437865
4-24 avenue_2018,15.630264881578809,11.24289057797223,0.2824553030192686,0.1347057028522913
4-24 avenue_2022,15.13755111146872,11.24289057797223,0.3244463387904835,0.0435383020144834
4-24 road_2017,14.524315584156586,10.23567392856613,0.2183234990785687,0.1200914802578204
4-24 road_2019,14.108713061403158,10.23567392856613,0.258142912874461,0.3627663535750491
4-24 road_2022,14.130312157269202,10.23567392856613,0.2976007058028536,0.0047885167317971
4-24 road_2024,13.804890037578256,10.23567392856613,0.3205831237938787,0.1445331507322983
4-24 street_2017,14.349449391219435,10.060814495391792,0.2136068887958569,0.2561140029841185
4-24 street_2019,13.933846916933108,10.060814495391792,0.2046295343967233,0.8433758938066362
4-240 street_2019,13.171186354718058,9.44532914904936,0.3023467458560278,0.1823215567939546
4-240 street_2022,13.285778790153072,9.44532914904936,0.3200242445725769,0.1683916512604566
4-241 street_2021,15.053554003061873,10.67493090412665,0.2963208112049001,0.1900416798090927
4-241 street_2022,14.51543528694234,10.67493090412665,0.2859049903136524,0.0168571170664229
4-242 street_2019,14.02788575932688,10.301984155591796,0.2857216266875254,0.1066097350582582
4-242 street_2025,13.795424266661602,10.301984155591796,0.0,0.346422567474381
4-243 street_2018,15.16545395303878,10.705100523190207,0.2739322552284691,0.2254608642693699
4-243 street_2019,14.43101299513337,10.705100523190207,0.2955208699717365,0.0674717151150126
4-243 street_2022,14.545605578285343,10.705100523190207,0.3071930165138826,0.0131136391453831
4-244 street_2022,14.24968290648984,10.409185409648687,0.2940779251203899,0.1152910443347345
4-244 street_2024,13.889780698680722,10.409185409648687,0.2624359516247675,0.0106431600984798
4-245 street_2021,13.973394235384978,9.594815538024054,0.3035855604966186,0.1022857935407501
4-245 street_2022,13.43527592127298,9.594815538024054,0.2876038833122126,0.0400857235392856
4-246 street_2018,14.644358448155316,10.18402018029654,0.2225805530779013,0.3474828255698172
4-246 street_2021,14.562628810762684,10.18402018029654,0.2872679242042333,0.1387179193118226
4-246 street_2025,13.677456216328329,10.18402018029654,0.0,0.0845249550696879
4-247 street_2017,14.800287319671224,10.58124590280848,0.2139454275454727,0.1647514356004906
4-247 street_2021,14.959866759733318,10.58124590280848,0.3040280893912647,0.2145467040886915
4-247 street_2025,14.074693944243124,10.58124590280848,0.0,0.1185827158269478
4-248 street_2017,14.745441942709768,10.52640193607717,0.2247602003442555,0.3194713949411882
4-248 street_2021,14.905021379665824,10.52640193607717,0.3123329200537361,0.2068515545372322
4-249 street_2021,15.12680622103415,10.74818150972188,0.3088641850527986,0.1110045580429113
4-249 street_2025,14.24163333585672,10.74818150972188,0.0,0.2509143482595663
4-25 avenue_2017,15.650726826067686,11.362061263261465,0.2671523680829264,0.1582849789657133
4-25 avenue_2021,15.824849613580133,11.362061263261465,0.3361842616800663,0.641274771149234
4-25 avenue_2022,15.256723238540172,11.362061263261465,0.3436047346707247,0.0037927982386962
4-25 avenue_2024,14.93130092912116,11.362061263261465,0.329120088566598,0.250447385841555
4-25 drive_2019,13.959277051037647,10.08624357909276,0.265433855095734,0.4269003888282294
4-25 drive_2022,13.980876144334916,10.08624357909276,0.3160872969569477,0.0134096869099176
4-25 road_2024,13.23711497719582,9.66792551035801,0.2634247099539301,0.0789035975954659
4-25 street_2018,13.076375658203608,8.687415901908777,0.1446682420806861,0.1674616938869306
4-250 street_2018,14.825319730301876,10.364975282683345,0.2472056611712714,0.1475575643576146
4-250 street_2021,14.743590086755113,10.364975282683345,0.2918602250072614,0.2487333223132061
4-250 street_2022,14.205471445735125,10.364975282683345,0.2943095466831437,0.0412379080162447
4-250 street_2024,13.845569250610987,10.364975282683345,0.2600210625830509,0.0542040540135121
4-250 street_2025,13.858417380700898,10.364975282683345,0.0,0.0826853666186078
4-251 place_2022,11.132636474493983,7.292775512062526,0.3254877577759146,0.7346249600062543
4-251 street_2017,14.69307000381786,10.474031417959756,0.2335837271366218,0.5439508741978185
4-251 street_2022,14.314530767511265,10.474031417959756,0.3138674049187355,0.001998002662673
4-251 street_2024,13.954628542081997,10.474031417959756,0.2493968821516342,0.0036931718376175
4-252 street_2017,14.569667138369365,10.35063220968466,0.2313710503390782,0.472999138225534
4-252 street_2022,14.191127927191918,10.35063220968466,0.3088557368093423,0.181321056460371
4-253 street_2017,14.690266047412903,10.47122753974084,0.2314065322862766,0.1772252593692055
4-253 street_2021,14.84984548106749,10.47122753974084,0.3040507026386804,0.3015849776207723
4-253 street_2022,14.311726811643537,10.47122753974084,0.2813879871224914,0.0430594894604469
4-253 street_2025,13.96467271829142,10.47122753974084,0.0,0.4054651081081644
4-254 street_2017,14.541282026449652,10.322248004769191,0.2237541470378264,0.0506931143155181
4-254 street_2021,14.700861450223789,10.322248004769191,0.3013717673632972,0.4175912879060049
4-254 street_2022,14.162742821504423,10.322248004769191,0.3026641446878156,0.377408510325639
4-254 street_2024,13.802840639184428,10.322248004769191,0.2692873206287426,0.0152826235311569
4-255 street_2017,14.690434002268498,10.471395489906977,0.230284057717317,0.0333380596105103
4-255 street_2021,14.850013435933414,10.471395489906977,0.3103193773110314,0.6999738259022227
4-255 street_2024,13.951992541731826,10.471395489906977,0.2833624113072645,0.0095542128048116
4-256 street_2017,14.66912213444383,10.450084223465334,0.2250540756972862,0.0471698044763899
4-256 street_2021,14.828701566784195,10.450084223465334,0.2961021856665158,0.5374870287194815
4-256 street_2024,13.930680683719505,10.450084223465334,0.2418186556585997,0.0066776547532405
4-257 street_2017,14.643744694571035,10.424707516618,0.2141421659965934,0.0746435429957658
4-257 street_2021,14.803324125296903,10.424707516618,0.2881792363679218,0.134268620805034
4-257 street_2024,13.905303255806984,10.424707516618,0.2831026373091807,0.0068763039394321
4-258 street_2017,14.36873375115199,10.149705833042292,0.2245464929655718,0.0514532815889157
4-258 street_2024,13.63029246347518,10.149705833042292,0.293912622202417,0.009058844488346
4-259 street_2024,13.774377215344964,10.293785501391394,0.2899639497470007,0.0078689583786951
4-26 avenue_2017,15.768528765720172,11.479861928408178,0.2928699344763104,0.0201947072855192
4-26 avenue_2018,15.86723896162124,11.479861928408178,0.3139261682286369,0.1701646265233231
4-26 avenue_2022,15.374525169628958,11.479861928408178,0.3732594075547125,0.0080673710777587
4-26 avenue_2024,15.049102850095572,11.479861928408178,0.3498736896791425,0.1046302490780829
4-26 street_2021,13.032815593601166,8.570203253627577,0.2559378143289281,2.1495271492465235
4-26 street_2022,12.464690789232732,8.570203253627577,0.250990247644618,0.0258626595257273
4-260 street_2017,15.000527759415776,10.78148180331704,0.215374891173452,0.1736171161638082
4-260 street_2021,15.160107209475516,10.78148180331704,0.2946464594702503,1.56028968416737
4-260 street_2022,14.621988472467091,10.78148180331704,0.2840326054818032,0.0057832447557273
4-260 street_2024,14.26208617742532,10.78148180331704,0.2517628839193429,0.0047885167317971
4-261 street_2017,14.336718632565807,10.117691967387174,0.2503632927912965,0.4300276309364166
4-261 street_2021,14.496298040137058,10.117691967387174,0.3120233549486439,0.2676579206208532
4-261 street_2024,13.598277365332418,10.117691967387174,0.3192893275740893,0.0093560949240249
4-262 street_2017,14.431184098980786,10.212153849309932,0.2317085654901346,0.5826066048605768
4-262 street_2021,14.590763514446987,10.212153849309932,0.2989081051937652,0.311813552026709
4-262 street_2024,13.69274277326118,10.212153849309932,0.2735744049411016,0.0085632306604878
4-263 street_2017,14.862083814208702,10.643040898349348,0.2918831547966307,0.0335314832087923
4-263 street_2021,15.021663257572332,10.643040898349348,0.3653803547075785,0.8058059986988831
4-263 street_2024,14.123642281823406,10.643040898349348,0.3504282936528038,0.0092570212626767
4-264 street_2017,14.256231769179768,10.037208436916128,0.2291732662735221,0.2684992530350069
4-264 street_2021,14.415811169410146,10.037208436916128,0.3009386421501742,0.2899794315004644
4-264 street_2024,13.517790556327933,10.037208436916128,0.2632480471144988,0.0158733491562901
4-265 street_2021,14.275168241694274,9.896572031921744,0.3051770419186034,0.2356253288162656
4-265 street_2024,13.377147749141788,9.896572031921744,0.2688538918582558,0.0116320842297076
4-266 street_2017,14.308278506655038,10.089252988643906,0.2343624349189979,0.5310399310162306
4-266 street_2021,14.467857911699612,10.089252988643906,0.301397113633746,0.2194567634562145
4-266 street_2024,13.569837258139405,10.089252988643906,0.2935006553846369,0.0096532570281383
4-267 street_2021,14.687089276566493,10.308476281533856,0.3333791507185147,0.1211551215564672
4-267 street_2024,13.78906847385012,10.308476281533856,0.3426109913195378,0.0103462920541443
4-268 street_2024,13.308392100406175,9.827819856270636,0.3432227992309434,0.0247901688072187
4-27 avenue_2017,15.247510027142264,10.958850160090226,0.2476212596781689,0.1786481514276457
4-27 avenue_2018,15.346220213927197,10.958850160090226,0.2820574554078628,0.1002072604170255
4-27 avenue_2019,14.831907373815348,10.958850160090226,0.2790803688289959,0.1775602396922441
4-27 avenue_2022,14.853506477885976,10.958850160090226,0.3072541734554162,0.2808840179507816
4-27 avenue_2024,14.528084213668164,10.958850160090226,0.3122094665403084,0.1424539677949335
4-27 avenue_2025,14.555323238653136,10.958850160090226,0.0,0.0038924147153438
4-27 road_2024,10.854644134560056,7.286059110088861,0.2189970353523612,0.6444295137625153
4-27 street_2018,15.012670918069055,10.625307668753212,0.2063796744931261,0.1711763456889563
4-27 street_2022,14.519957236577527,10.625307668753212,0.2474433941484777,0.0033942330680155
4-27 street_2024,14.194535026289824,10.625307668753212,0.223506461860744,0.0896578719305353
4-28 avenue_2018,15.733891826620546,11.346516249492923,0.2960760018627709,0.2505252280554269
4-28 avenue_2019,15.219578939745436,11.346516249492923,0.2812142473109187,0.0771462091766536
4-28 avenue_2022,15.241178046301128,11.346516249492923,0.3428466843885647,0.004489905272852
4-28 avenue_2024,14.915755738308029,11.346516249492923,0.3333004277946835,0.0206845911928326
4-28 road_2018,13.629132135010188,9.241840592984603,0.2549185496920578,0.1640727217371579
4-28 street_2018,14.917341388518851,10.529980538842018,0.193041067607046,0.0385474096122389
4-28 street_2021,14.992753968163967,10.529980538842018,0.2335405005545358,0.7375467678566298
4-28 street_2022,14.424627726264555,10.529980538842018,0.2176614238478784,0.0035935355101301
4-28 street_2024,14.099205534995589,10.529980538842018,0.2406145615937951,0.0489806222216218
4-29 avenue_2017,15.330867800355977,11.04220656052077,0.2874860626506633,0.0934903430873388
4-29 avenue_2018,15.42957798893632,11.04220656052077,0.3175818796787704,0.0833296075870042
4-29 avenue_2019,14.915265137186502,11.04220656052077,0.312123664346393,0.0430594894604469
4-29 avenue_2022,14.936864241875588,11.04220656052077,0.3561540154302196,0.0031948908965191
4-29 street_2021,15.229813804214196,10.76703479982917,0.3169699933897718,0.8102188521457828
4-29 street_2022,14.66168751256808,10.76703479982917,0.3254439713672088,0.0036931718376175
4-29 street_2024,14.336265277153473,10.76703479982917,0.2999884821454181,0.309174447789878
4-3 avenue_2021,13.78018896817916,9.317477931773372,0.3763479707704229,1.1110348086666668
4-3 avenue_2022,13.21206328303514,9.317477931773372,0.403764316175967,0.0139029051689914
4-30 avenue_2018,15.7015217609688,11.314146567573715,0.3316602146970344,0.1176052420742634
4-30 avenue_2022,15.208807983725617,11.314146567573715,0.3804744941148839,0.00129915573162
4-30 avenue_2024,14.88338567877381,11.314146567573715,0.3650620871089266,0.2520030799947629
4-30 street_2022,14.409165918561206,10.514519139063818,0.2749287713460948,0.1950732407191178
4-30 street_2024,14.083743730551443,10.514519139063818,0.2584985916178742,0.4581840524403934
4-31 avenue_2018,15.986686475996004,11.599308293508829,0.3558294647152403,0.7278384203498757
4-31 avenue_2021,16.062099071492362,11.599308293508829,0.396119909364527,0.2724669066453005
4-31 avenue_2024,15.168550346148448,11.599308293508829,0.3800393259383546,0.2255406759139312
4-31 avenue_2025,15.195789377365625,11.599308293508829,0.0,0.0051865266873
4-31 drive_2021,14.197222251506748,9.734480932269976,0.3219571533604675,0.9592735900460094
4-31 drive_2024,13.303674359129907,9.734480932269976,0.3151996535175389,0.0086623730786526
4-31 drive_2025,13.33091335246114,9.734480932269976,0.0,0.0199006617063361
4-31 road_2017,14.189210107438177,9.90058253429152,0.2732574612036917,0.7794624820118654
4-31 road_2024,13.469784767246606,9.90058253429152,0.3290556389661632,0.0067769842790237
4-31 street_2022,15.390024183129675,11.4953607861786,0.3292406377424343,0.1100196450385494
4-31 street_2025,15.091840892808468,11.4953607861786,0.0,0.2250617104701135
4-32 avenue_2017,15.986925226763493,11.698256389392569,0.3317963547696763,0.1177830356563834
4-32 avenue_2018,16.08563542528035,11.698256389392569,0.3452350134538176,0.4255944794033301
4-32 avenue_2022,15.592921617233442,11.698256389392569,0.3965477771573811,0.4125069228972106
4-32 avenue_2024,15.267499281827776,11.698256389392569,0.3634018435623253,0.0033942330680155
4-32 avenue_2025,15.29473831369925,11.698256389392569,0.0,0.1267207527791566
4-32 place_2022,13.108330683633346,9.213754952365594,0.2882217938855955,0.2945335474008827
4-32 place_2024,12.782909063299655,9.213754952365594,0.279644934907132,0.1297994375348444
4-32 road_2022,12.042712864294476,8.14832287172724,0.2995302098957758,0.029461710149619
4-32 street_2018,14.718030711838631,10.330675682948964,0.2696252887045383,0.0837895257296832
4-32 street_2022,14.225317096248148,10.330675682948964,0.2929987959485653,0.1661921748640709
4-33 avenue_2022,15.135233624529215,11.240573120808715,0.316849951056088,0.0733433942242095
4-33 avenue_2024,14.809811326867388,11.240573120808715,0.2919599549172367,0.0401817896328318
4-33 avenue_2025,14.837050355087635,11.240573120808715,0.0,0.0587404950226
4-33 road_2022,14.294291651926342,10.399648108952242,0.2988451594415729,0.0035935355101301
4-33 street_2018,15.303770066771936,10.916400758229477,0.2516407052756422,0.4317174792522301
4-33 street_2022,14.81105633670549,10.916400758229477,0.2969513294853686,0.3008450589780618
4-34 avenue_2017,16.259730383317024,11.971059589487425,0.2863352269652879,0.1595645696713384
4-34 avenue_2018,16.358440584392643,11.971059589487425,0.3154142112798453,0.5430217219823075
4-34 avenue_2019,15.844127651647856,11.971059589487425,0.306671965956177,0.949067651388092
4-34 avenue_2022,15.86572676064112,11.971059589487425,0.3542682291333809,0.0656004570839488
4-34 avenue_2024,15.540304409709211,11.971059589487425,0.3418130164821913,0.0589290675292874
4-34 avenue_2025,15.567543443082648,11.971059589487425,0.0,0.3069698613590652
4-34 road_2022,13.04235538902181,9.147786316201996,0.2622643593772436,0.0500274935996481
4-34 road_2024,12.716933821891235,9.147786316201996,0.2807616296072071,0.0160701801774944
4-34 street_2018,15.03365948731953,10.646295739707794,0.257114340359011,0.4619714575484713
4-34 street_2022,14.54094580183331,10.646295739707794,0.2683869655039514,0.0937635298121631
4-34 street_2024,14.215523587596286,10.646295739707794,0.2495971458328162,0.1327811112338184
4-35 avenue_2019,15.814919805452604,11.94185192684713,0.3154280660241022,0.512703858777763
4-35 avenue_2022,15.836518914362578,11.94185192684713,0.372250570182604,0.1089440869891791
4-35 avenue_2024,15.51109656489786,11.94185192684713,0.3658380190881472,0.1060702637270664
4-35 avenue_2025,15.538335598129365,11.94185192684713,0.0,0.0852598439508234
4-35 road_2019,10.872719371285616,7.000537954214939,0.212612099261868,1.0638482962317697
4-35 street_2022,14.67342804229811,10.778775088486546,0.2789412206396832,0.6584004442301105
4-35 street_2024,14.348005804957408,10.778775088486546,0.2723779324619662,0.0066776547532405
4-36 avenue_2017,15.288274495773672,10.999613943090017,0.2721330338156085,0.5984518117206209
4-36 avenue_2019,14.872671837530923,10.999613943090017,0.3292570301773259,0.3551537875667936
4-36 avenue_2022,14.894270941910438,10.999613943090017,0.3620290281794,0.0017983819413793
4-36 road_2019,11.44142791927992,7.568859337111914,0.3058201498870834,1.861953840846777
4-36 street_2022,14.473770014978069,10.579121572142215,0.2910384154256532,0.2604393360579066
4-36 street_2025,14.175586832577128,10.579121572142215,0.0,0.2476410229145972
4-37 avenue_2017,15.971944729090874,11.683276015398368,0.281254616434249,0.4223222251745873
4-37 avenue_2018,16.07065492744598,11.683276015398368,0.2998863349799581,0.1201801602561049
4-37 avenue_2019,15.5563420123357,11.683276015398368,0.2981737171642019,0.1392400670915041
4-37 avenue_2022,15.577941120391843,11.683276015398368,0.3469514075275526,0.0017983819413793
4-37 avenue_2025,15.279757817744205,11.683276015398368,0.0,0.0040916179032535
4-37 drive_2017,13.186525389596133,8.897983155824782,0.2746067659050277,0.8555636048042362
4-37 road_2019,12.990506060689134,9.117539253875258,0.2870866571320171,0.3413176216176903
4-37 road_2022,13.01210512373424,9.117539253875258,0.2963359258649156,0.0177416814761571
4-37 street_2022,14.71732605145436,10.822672220932828,0.3010657007815673,0.3267825860736957
4-37 street_2025,14.419142830171598,10.822672220932828,0.0,0.0964004942863152
4-38 avenue_2017,15.55209486216012,11.263430488210494,0.2335008771746688,0.0426762742804363
4-38 avenue_2019,15.136492176519775,11.263430488210494,0.271205439852864,0.4035299034736538
4-38 avenue_2024,14.832668982636488,11.263430488210494,0.3158856030128245,0.0022973590486834
4-38 avenue_2025,14.859908011081409,11.263430488210494,0.0,0.0516432331518384
4-38 drive_2019,12.16368475661266,8.290856115926779,0.3062584580247163,1.4285393427136366
4-38 drive_2022,12.185283756952536,8.290856115926779,0.3096449943880688,0.0243022925229648
4-38 street_2022,14.706530187621093,10.811876569154238,0.3061769893321497,0.4515213798668496
4-39 avenue_2019,15.335026597062166,11.461962645847851,0.2834343417996565,0.3745934444410773
4-39 avenue_2021,15.924752088981135,11.461962645847851,0.3412053698602683,0.4736220747684466
4-39 avenue_2022,15.356625704190034,11.461962645847851,0.3435538536498208,0.0268366539535596
4-39 avenue_2025,15.058442416312468,11.461962645847851,0.0,0.0057832447557273
4-39 place_2022,13.327255515903309,9.43266058843792,0.2779510851299943,0.4121758737996064
4-39 street_2025,13.71414966316136,10.117698911366778,0.0,0.6482544116692087
4-4 avenue_2017,12.838160934984238,8.675391674531083,0.0667195470839313,0.5345616814425743
4-4 avenue_2021,13.04682052001378,8.675391674531083,0.1083013925166556,0.0282958691548473
4-40 avenue_2018,14.69132267854708,10.303968521554554,0.3033483356280922,0.193508746184519
4-40 drive_2017,11.29527900405405,7.007495023583018,0.1942329049873026,0.7193508460565816
4-40 road_2017,13.722578103469218,9.433979937924482,0.2400490254492366,0.1839036379766061
4-40 street_2022,13.198673516619,9.30408935174107,0.2617677836863105,1.074319596099065
4-41 avenue_2017,15.839821749792131,11.551154210998954,0.2464945140451663,0.0586461954327334
4-41 avenue_2018,15.93853194661064,11.551154210998954,0.2738792785751451,0.15802886422491
4-41 avenue_2021,16.013944541698326,11.551154210998954,0.3173514102457598,0.0102473164515495
4-41 avenue_2022,15.44581814898751,11.551154210998954,0.3180250184255301,0.0065783153601225
4-41 avenue_2024,15.120395823887232,11.551154210998954,0.2796412105054106,0.0651320949377822
4-41 drive_2017,12.777417110887631,8.558539773417642,0.2198439961170443,0.40051956571515
4-41 drive_2022,12.39887898263688,8.558539773417642,0.2887304737359977,0.0202927032677624
4-41 road_2017,13.462211751138865,9.173637039602022,0.2270868481336211,0.1485924040498269
4-41 street_2019,14.76730783723092,10.89425176070891,0.2500104234291614,0.3428092580770939
4-41 street_2022,14.788906940785523,10.89425176070891,0.3251447037829183,0.2845772574983021
4-41 street_2025,14.49072370976333,10.89425176070891,0.0,0.0796426276521966
4-42 avenue_2017,15.088275150585435,10.799618246347611,0.2477515383249479,0.070644839569332
4-42 avenue_2018,15.186985333495391,10.799618246347611,0.2782553431912299,0.1688985364618139
4-42 avenue_2019,14.672672518501296,10.799618246347611,0.2707569597323016,0.0694327747153367
4-42 avenue_2024,14.368849380532156,10.799618246347611,0.3005590641348363,0.0047885167317971
4-42 avenue_2025,14.396088403242569,10.799618246347611,0.0,0.1381084021176292
4-42 place_2022,9.836751044758484,5.944647489000554,0.3448404862917295,2.748916994618975
4-42 road_2019,12.697679574796252,8.824749320420585,0.2457433832314507,0.3673477859950363
4-42 street_2018,15.266534759894444,10.879166131650155,0.274116794490835,0.1261920252377593
4-42 street_2019,14.7522219318525,10.879166131650155,0.2597968689622452,0.0989399478549035
4-42 street_2021,15.341947346653267,10.879166131650155,0.316078937796771,0.1394140557826781
4-42 street_2022,14.77382103528172,10.879166131650155,0.3190065137427201,0.2291256229917572
4-43 avenue_2017,16.08620676511763,11.797537153286724,0.2914988045603275,0.0402778464985701
4-43 avenue_2018,16.18491696464737,11.797537153286724,0.3131121571364396,0.143407463294729
4-43 avenue_2019,15.670604041923056,11.797537153286724,0.3163598268341173,0.0328543368709471
4-43 avenue_2022,15.69220315038382,11.797537153286724,0.3498374532113475,0.1468670758095523
4-43 avenue_2024,15.36678080883212,11.797537153286724,0.3207499433788848,0.0902976379807805
4-43 avenue_2025,15.394019841298144,11.797537153286724,0.0,0.1300628842981683
4-43 road_2024,12.247998636002196,8.678913025003903,0.3265711656385013,0.0156764793850075
4-43 street_2017,15.329233671194254,11.040572457185858,0.2757600759593595,0.3351141720116418
4-43 street_2018,15.427943859740822,11.040572457185858,0.3079778094976285,0.6748813717530527
4-43 street_2019,14.913631008209952,11.040572457185858,0.3019702646332877,0.4055317725527075
4-43 street_2021,15.503356449036817,11.040572457185858,0.3437822212323034,0.226976197334386
4-43 street_2022,14.935230112887403,11.040572457185858,0.3527655032386539,0.2920724207530738
4-43 street_2025,14.637046863999227,11.040572457185858,0.0,0.004489905272852
4-44 avenue_2022,14.321753781611797,10.427109430759556,0.3011285336718635,0.3077787741509033
4-44 avenue_2024,13.996331613006276,10.427109430759556,0.278250763971318,0.4572349555929144
4-44 drive_2022,14.140985674530569,10.275249807937392,0.343258496305572,0.3541718137206138
4-44 street_2018,14.8442279400419,10.456869092180323,0.2615434148420861,0.1868944186390886
4-44 street_2021,14.919640517856294,10.456869092180323,0.3083686001063977,0.1279533643104608
4-44 street_2022,14.351514293835631,10.456869092180323,0.326719515966399,0.3017328956744404
4-45 avenue_2018,15.674492704130516,11.287117840807213,0.2987936168307247,0.311813552026709
4-45 avenue_2021,15.749905296591448,11.287117840807213,0.3342612682937482,0.4388998841944018
4-45 avenue_2022,15.18177892953339,11.287117840807213,0.34400708369164,0.0902976379807805
4-45 avenue_2024,14.85635662719759,11.287117840807213,0.3283316383139659,0.2577381960787088
4-45 avenue_2025,14.883595655869984,11.287117840807213,0.0,0.0022973590486834
4-45 drive_2024,13.37102577767734,9.801828603156313,0.3109719635328679,0.0058826631581554
4-45 road_2018,14.56052834303268,10.173178808880603,0.2419364780116303,0.1535790879283006
4-45 road_2021,14.63594091232935,10.173178808880603,0.2939491578886526,0.006379606964039
4-45 road_2022,14.067814771492396,10.173178808880603,0.3038199970587436,0.2085576929857913
4-45 road_2024,13.742392669907078,10.173178808880603,0.2710419269192239,0.0035935355101301
4-45 street_2019,14.726277863703997,10.853222548562169,0.2529868182307158,0.3611648492115844
4-45 street_2022,14.747876966913108,10.853222548562169,0.3326355982516429,0.0065783153601225
4-45 street_2025,14.449693741388112,10.853222548562169,0.0,0.2805063887026853
4-46 avenue_2017,15.788373062085158,11.499706024468104,0.258366036129255,0.0713899960866729
4-46 avenue_2018,15.887083258248198,11.499706024468104,0.2958771757560909,0.1793170477736559
4-46 avenue_2019,15.372770357346996,11.499706024468104,0.2906043856337768,0.4463511005805068
4-46 avenue_2021,15.962495852876952,11.499706024468104,0.3334095488300971,0.1407180069388793
4-46 avenue_2022,15.394369464648053,11.499706024468104,0.346360494514861,0.0443039255565244
4-46 avenue_2024,15.068947143525062,11.499706024468104,0.3243132286983284,0.2347558666423757
4-46 road_2018,14.618637882627356,10.158300587437047,0.2162738369105472,0.3169252909214222
4-46 road_2021,14.536908246203362,10.158300587437047,0.2759414236265469,0.1120779034053505
4-46 road_2024,13.638887542091824,10.158300587437047,0.2801827583898848,0.0064789660977091
4-46 street_2019,14.797832961549773,10.924776338507254,0.2332795977801659,0.2192158479762298
4-46 street_2021,15.387558384135607,10.924776338507254,0.2900500460793851,0.1113624678534607
4-46 street_2022,14.819432065352368,10.924776338507254,0.2945893789210745,0.219537055720098
4-46 street_2025,14.521248830384277,10.924776338507254,0.0,0.0166604408931072
4-47 avenue_2017,15.72117338291854,11.4325070399754,0.2592039130859136,0.505250109432805
4-47 avenue_2018,15.819883578173044,11.4325070399754,0.2896949763323747,0.337043501989505
4-47 avenue_2019,15.305570683161008,11.4325070399754,0.2948669909214351,0.295054826781194
4-47 avenue_2021,15.895296172165676,11.4325070399754,0.3280726072150994,0.377956868691563
4-47 avenue_2022,15.327169790149105,11.4325070399754,0.3302420847062711,0.1709235118415853
4-47 avenue_2024,15.00174747453899,11.4325070399754,0.3147122440889511,0.0014988761237358
4-47 road_2018,13.730125377528514,9.342824642982947,0.2481426001815015,1.0874502239619177
4-47 road_2024,12.911990482413252,9.342824642982947,0.2267233431035021,0.028781801425452
4-47 street_2017,15.061265258509168,10.772608905314124,0.2354345123461611,0.4045313389480733
4-47 street_2019,14.6456626303759,10.772608905314124,0.250275729648715,0.174709323791813
4-47 street_2022,14.667261732863489,10.772608905314124,0.3181838585353084,0.0072734839664983
4-47 street_2025,14.369078518818952,10.772608905314124,0.0,0.3185991750865024
4-48 avenue_2017,15.794804114465826,11.50613701278296,0.2791128864402723,0.0443995872966844
4-48 avenue_2018,15.893514310712654,11.50613701278296,0.3005691918162477,0.0166604408931072
4-48 avenue_2019,15.379201409268328,11.50613701278296,0.2930341678556019,0.2779347209969009
4-48 avenue_2021,15.968926905400073,11.50613701278296,0.3444219999426595,0.172439556939504
4-48 avenue_2022,15.400800516598244,11.50613701278296,0.3530982124038922,0.001598721363697
4-48 avenue_2024,15.075378194966834,11.50613701278296,0.3373585432428245,0.0040916179032535
4-48 street_2017,15.448845878672342,11.160182881462216,0.3063142022467688,0.6332379278060364
4-48 street_2019,15.033243202902892,11.160182881462216,0.313521303704777,0.3656148635082036
4-48 street_2022,15.054842308383696,11.160182881462216,0.3796020011798596,0.4027280323982782
4-49 avenue_2017,14.815845188127163,10.581473884931928,0.2492053083338251,1.4200675712268118
4-49 avenue_2022,14.447218655294565,10.581473884931928,0.3011193058808846,0.1251337307567657
4-49 avenue_2024,14.224808105629824,10.581473884931928,0.2927458581730622,0.0883771106174129
4-49 avenue_2025,14.09179995685321,10.581473884931928,0.0,0.0518331486400172
4-49 street_2017,14.889605657395776,10.600953176688297,0.2744440577559877,0.7218803993828178
4-49 street_2021,15.063728415819044,10.600953176688297,0.3472015737645973,0.9919546357951446
4-49 street_2022,14.49560215777054,10.600953176688297,0.3356931169869429,0.6986321107905149
4-49 street_2024,14.170179952170736,10.600953176688297,0.326721915619943,0.1549503599978226
4-5 avenue_2021,14.290833081934982,9.828086532831936,0.3150471255043438,0.8623834978052445
4-5 avenue_2022,13.722707079893626,9.828086532831936,0.3407193116045282,0.0884686479876081
4-5 street_2024,12.99069375164402,9.347419725271306,0.2663125038583411,0.4874751101577403
4-50 avenue_2018,15.850531824955691,11.39016739936558,0.2663466481104953,0.1623739189842586
4-50 avenue_2019,15.11609072763183,11.39016739936558,0.263590618415106,0.1260157205828598
4-50 avenue_2021,15.768802161514069,11.39016739936558,0.3114355898864757,0.1823215567939546
4-50 avenue_2022,15.23068333979987,11.39016739936558,0.3138855845065355,0.0031948908965191
4-50 avenue_2024,14.870780956584948,11.39016739936558,0.3000064112568668,0.2715526905218973
4-50 avenue_2025,14.883629094618987,11.39016739936558,0.0,0.00129915573162
4-50 street_2017,14.404497447043658,10.115860294450526,0.2293574352207877,0.4050650280868246
4-50 street_2019,13.988894956576418,10.115860294450526,0.2430444587087487,0.2456092960298731
4-50 street_2022,14.010494050413762,10.115860294450526,0.325205337681582,0.0103462920541443
4-51 avenue_2018,15.739600944771004,11.352225301243546,0.3440428761908912,0.6378458647748559
4-51 avenue_2019,15.22528805733372,11.352225301243546,0.3534991748106105,0.1239859797809912
4-51 avenue_2021,15.815013537945443,11.352225301243546,0.3877871273863713,0.1035488756285588
4-51 avenue_2022,15.246887163919284,11.352225301243546,0.3853757730485748,0.0083649163316277
4-51 avenue_2024,14.921464855399927,11.352225301243546,0.3658283259252196,0.0739936799083263
4-51 avenue_2025,14.9487038846705,11.352225301243546,0.0,0.0031948908965191
4-51 drive_2018,12.075456344519054,7.688521565749118,0.2792253624335574,0.6933971493151526
4-51 road_2018,13.1533300536868,8.766096816933414,0.2851224083274371,1.2238048429543045
4-51 street_2019,13.352124512233656,9.479125101194086,0.2918939691692304,0.4860000023303349
4-51 street_2021,13.941849393508926,9.479125101194086,0.3529327852673007,2.4430337560443167
4-51 street_2022,13.37372359007458,9.479125101194086,0.3561854624600893,0.7308282475276338
4-52 avenue_2017,14.787177086656332,10.568135999894425,0.2929656697536051,0.3754868845884781
4-52 avenue_2019,14.294045258601802,10.568135999894425,0.3143471866969547,0.1345308929576061
4-52 avenue_2022,14.40863783316559,10.568135999894425,0.3379551484358873,0.1143995403084961
4-52 avenue_2024,14.048735584115033,10.568135999894425,0.3068929087174586,0.271095268847382
4-52 avenue_2025,14.061583716482556,10.568135999894425,0.0,0.0025966258472659
4-52 road_2022,13.121130139736872,9.22655316680714,0.5057023902298219,0.0174469136037206
4-52 road_2024,12.795708509481946,9.22655316680714,0.4947488056354305,0.3909604219052826
4-52 street_2017,13.29217691155655,9.00362116351446,0.2092493607041963,0.9576629749798866
4-53 avenue_2017,15.568843752740488,11.280179168554731,0.2392231221937338,0.047646653467353
4-53 avenue_2019,15.153241065592804,11.280179168554731,0.2565515112316949,0.1595645696713384
4-53 avenue_2021,15.7429665380769,11.280179168554731,0.3067577275549946,0.1508308897025838
4-53 avenue_2022,15.17484017178856,11.280179168554731,0.2937642578299719,0.0072734839664983
4-53 avenue_2024,14.849417870135811,11.280179168554731,0.2812061446169079,0.1492817027157544
4-53 avenue_2025,14.876656898742128,11.280179168554731,0.0,0.00129915573162
4-53 drive_2022,13.17225515910292,9.27767338209602,0.3357764876193769,0.3892679732055931
4-53 place_2022,10.631978064006065,6.738465729853366,0.29266961396282,0.2156757364666887
4-53 road_2019,12.998677635022348,9.125709953809524,0.2897208091416292,0.1576018605034896
4-53 road_2022,13.02027669846426,9.125709953809524,0.3017838539700581,0.0108410231778748
4-54 avenue_2017,15.208993102130066,10.920333909098169,0.2744427328471456,0.4895611284612663
4-54 avenue_2021,15.383115875478817,10.920333909098169,0.3337902142535287,0.0886516975945626
4-54 avenue_2022,14.814989557402704,10.920333909098169,0.3282913349603845,0.1298872608344222
4-54 avenue_2024,14.489567298533895,10.920333909098169,0.2961492592341297,0.0034938892542557
4-54 drive_2021,12.3651173533127,7.902683062336257,0.2094112494406187,0.7099551322093127
4-54 road_2021,13.84790017033296,9.385183319918516,0.29934102546478,0.4051984058796199
4-54 street_2018,14.501710715034225,10.1143634651802,0.2566025656527733,0.1158255655055903
4-54 street_2021,14.577123282241804,10.1143634651802,0.3132172924052013,0.1310282624064041
4-54 street_2022,14.008997161806764,10.1143634651802,0.2865668010862798,0.0407579924721677
4-55 avenue_2017,14.880551105163391,10.591898847760676,0.2633227887279017,0.3259167226816963
4-55 avenue_2018,14.979261281995871,10.591898847760676,0.2873996241441131,0.0700856075666877
4-55 avenue_2021,15.054673863090114,10.591898847760676,0.3262781141677345,0.7820733897543468
4-55 avenue_2022,14.486547607038611,10.591898847760676,0.3121867988026329,0.0306261935417608
4-55 avenue_2024,14.16112540321096,10.591898847760676,0.2716427982006343,0.004987541511039
4-55 avenue_2025,14.188364422353969,10.591898847760676,0.0,0.007372754329413
4-55 drive_2022,13.777358116294703,9.88273476009601,0.462854591570418,0.023423514943588
4-55 road_2018,13.127396393958254,8.740167203015401,0.2416381339503741,0.1983589344915786
4-55 road_2022,12.634683787245317,8.740167203015401,0.2588675309945816,0.7781774297445208
4-55 street_2021,14.619825710788025,10.157064220462455,0.3071545544473427,0.735583870757202
4-55 street_2022,14.05169957542209,10.157064220462455,0.2977943222764233,0.11010922268003
4-55 street_2025,13.75351648747453,10.157064220462455,0.0,0.0046889894861315
4-56 avenue_2018,15.97185628514062,11.5114905827177,0.2807720719236504,0.2182516052337819
4-56 avenue_2019,15.237415171627497,11.5114905827177,0.2741692115472494,0.0594945717856397
4-56 avenue_2022,15.35200778716488,11.5114905827177,0.329759227562327,0.1024663315444901
4-56 avenue_2024,14.992105391928815,11.5114905827177,0.3064426948582746,0.2353092482130809
4-56 drive_2022,13.31363262264328,9.4190387710215,0.3033722881948681,0.733905173032113
4-56 road_2017,14.730483233280063,10.441834987100036,0.2592888362527227,0.65881450147944
4-56 road_2018,14.829193404866349,10.441834987100036,0.3210945376434621,0.1299750764217454
4-56 road_2019,14.314880663272808,10.441834987100036,0.3087203680681418,0.2113948042796617
4-56 road_2022,14.336479762108048,10.441834987100036,0.349454340096462,0.0885601769794802
4-56 road_2024,14.011057590113628,10.441834987100036,0.3399662550577532,0.0043903483012928
4-56 street_2018,14.832554271744645,10.445195757271554,0.2409740692235155,0.2390956375281367
4-56 street_2021,14.907966849254144,10.445195757271554,0.2943400839025291,0.1766387736584564
4-56 street_2022,14.339840628211066,10.445195757271554,0.2790499862562481,0.0814878168462679
4-56 street_2025,14.041657471587882,10.445195757271554,0.0,0.0028958031120255
4-57 avenue_2019,15.143902935567064,11.270841154471734,0.3008478234651838,0.1487647732651119
4-57 avenue_2022,15.16550204171021,11.270841154471734,0.3577006234312045,0.2088823419619404
4-57 avenue_2024,14.84007974098422,11.270841154471734,0.3341408151921444,0.0085632306604878
4-57 avenue_2025,14.867318769500883,11.270841154471734,0.0,0.0059820716775474
4-57 drive_2018,13.828641790276716,9.441332940092474,0.2803924094070335,0.6302073807860712
4-57 drive_2022,13.335928544899028,9.441332940092474,0.3012845335901867,0.0078689583786951
4-57 place_2022,11.290833891442803,7.396761461056351,0.2686791253261655,1.0001538248811466
4-57 road_2018,14.650717351873624,10.2633645658882,0.2453188007524848,0.1155583406342723
4-57 road_2022,14.15800375426402,10.2633645658882,0.2922276216371461,0.0976710271734461
4-57 road_2024,13.832581626905489,10.2633645658882,0.2386744933450863,0.0069756137364252
4-57 street_2018,14.530487994718076,10.143139610453348,0.283726892608853,0.1587970117469975
4-57 street_2024,13.712352339924657,10.143139610453348,0.2900626038770841,0.3448654859792347
4-58 avenue_2017,15.851216271881675,11.632158585982804,0.2412341731951644,0.0799196231758734
4-58 avenue_2018,16.09252541360969,11.632158585982804,0.2709069226672476,0.1479888777134493
4-58 avenue_2022,15.472676904336456,11.632158585982804,0.3255795866925365,0.3038752523465311
4-58 avenue_2024,15.112774498506822,11.632158585982804,0.2996314660221331,0.2130124041147513
4-58 drive_2018,12.245838909304284,7.858833262296763,0.1722318400086952,1.2477217112559509
4-58 lane_2024,12.256387468224236,8.687300476000308,0.484446244556742,0.3765854085575139
4-58 place_2022,12.846924671836556,8.952378107897614,0.3778319016967961,0.1674616938869306
4-58 place_2024,12.5215032845617,8.952378107897614,0.3642705452572298,0.2315877980968727
4-58 road_2017,14.6910817860429,10.402434696676757,0.2669496459376423,0.4525395154940932
4-58 road_2018,14.78979195611621,10.402434696676757,0.2936355238735621,0.6542504149299987
4-58 road_2022,14.297078322643928,10.402434696676757,0.3400517886463022,0.0454512629039173
4-58 road_2024,13.971656159830058,10.402434696676757,0.3122129329430663,0.0035935355101301
4-58 street_2022,14.847690758078818,10.953034539725037,0.4742956230244359,0.0121261797978405
4-58 street_2024,14.522268494655512,10.953034539725037,0.4095320619384322,0.1195592350576392
4-58 street_2025,14.549507519563626,10.953034539725037,0.0,0.4996837833471461
4-59 avenue_2017,15.340719341541822,11.052057946897609,0.2317465175111278,0.1033685329770331
4-59 avenue_2018,15.439429530324636,11.052057946897609,0.2546045820906148,0.0809346174959992
4-59 avenue_2022,14.946715782021233,11.052057946897609,0.2990780449171037,0.0055843782939006
4-59 avenue_2024,14.621293505680503,11.052057946897609,0.2914925373905147,0.1034587083682299
4-59 drive_2017,13.427705222684596,9.13913410329361,0.3179508394810817,0.1107360415946656
4-59 drive_2022,13.033702269774434,9.13913410329361,0.3628818853052432,0.163223681102014
4-59 place_2019,13.318026477391514,9.445029662301854,0.4024302044130103,0.2265776480484919
4-59 place_2024,13.014203772634175,9.445029662301854,0.409844220517524,0.1771414967524124
4-59 road_2017,13.055065032219916,8.766541735114648,0.2438428673273599,0.2297616036157851
4-59 road_2019,12.639463358136876,8.766541735114648,0.261600847375677,0.1428007986316713
4-59 road_2022,12.661062400676752,8.766541735114648,0.2787874463770918,0.0232281261192071
4-59 street_2018,14.682444800027664,10.295090938052915,0.3108044898726351,0.3735615590951561
4-59 street_2019,14.168132097006634,10.295090938052915,0.3020623064663659,0.0744579109180098
4-59 street_2024,13.864309057905546,10.295090938052915,0.3307085319044628,0.0789035975954659
4-6 avenue_2017,14.134233830144575,9.84560905210128,0.2131339594458831,0.4350886331742354
4-6 avenue_2018,14.232943971036946,9.84560905210128,0.2323890400662704,0.9761056141753128
4-6 avenue_2021,14.308356526967303,9.84560905210128,0.2696037702716941,0.0088606284321965
4-6 avenue_2024,13.414808530917284,9.84560905210128,0.2588213023911468,0.101743983883284
4-60 avenue_2017,15.184511809136874,10.965462412181065,0.2430923070878144,0.5727294270808058
4-60 avenue_2022,14.80597249854565,10.965462412181065,0.311215770932413,0.0060814703158679
4-60 avenue_2024,14.446070171004878,10.965462412181065,0.2849399796352561,0.0024968801985871
4-60 drive_2022,13.463084798738445,9.568479909126818,0.2777766396342516,0.1617786555626252
4-60 lane_2017,14.2492289251102,9.960598470913272,0.2811545757647171,0.2922964100025264
4-60 lane_2024,13.529803542694856,9.960598470913272,0.3670946081338489,0.0093560949240249
4-60 place_2017,13.936691218598106,9.648077852646589,0.2389164177859101,0.5928294840450784
4-60 place_2018,14.035401344564368,9.648077852646589,0.260846501204402,0.101834305881268
4-60 place_2024,13.217266086624504,9.648077852646589,0.295410749823439,0.0136070034062169
4-60 road_2017,14.235808807978756,10.016786364956465,0.2544902080365851,0.4530481948463221
4-60 road_2022,13.857269682593422,10.016786364956465,0.2923659217642073,0.0058826631581554
4-60 street_2019,14.70381726111649,10.830762376191048,0.2740478811759772,0.2130932154607083
4-60 street_2021,15.293542667257617,10.830762376191048,0.3051586861252989,0.1310282624064041
4-60 street_2022,14.725416364130384,10.830762376191048,0.3006530078090983,0.062880898039201
4-60 street_2024,14.39999411852734,10.830762376191048,0.3067685383423216,0.0472651924671142
4-61 avenue_2017,14.20197330586914,9.982952376646091,0.3518069050908872,0.5913359144132605
4-61 avenue_2022,13.823434190885571,9.982952376646091,0.4300442712684976,0.4180522236136358
4-61 avenue_2024,13.463532132226662,9.982952376646091,0.36152523122041,0.0925791812930932
4-61 drive_2017,12.633414979411915,8.344972302793108,0.2540340383335482,0.2948314546049925
4-61 drive_2022,12.239412889675064,8.344972302793108,0.2966126639784737,0.0361390466158731
4-61 road_2017,14.339167382865002,10.050532922504248,0.2594812549171097,0.7657468729742889
4-61 road_2019,13.923564911700955,10.050532922504248,0.2885339822008758,0.2581245202094552
4-61 road_2022,13.945164004325385,10.050532922504248,0.3148611854102441,0.0150856374180408
4-61 street_2017,15.200324411273348,10.91166537354999,0.2601325340458162,0.2614407612465538
4-61 street_2018,15.299034596973623,10.91166537354999,0.3038417617674755,1.2968892122521918
4-61 street_2022,14.806320867589548,10.91166537354999,0.3448414026464156,0.1584556856919728
4-61 street_2024,14.480898609953265,10.91166537354999,0.3282594046438686,0.044686517622406
4-62 avenue_2017,14.930577736623814,10.641924270351888,0.2625048817777136,0.1595645696713384
4-62 avenue_2019,14.514975129189274,10.641924270351888,0.3001847559839896,0.1449657702501857
4-62 avenue_2022,14.536574230376257,10.641924270351888,0.3158473953285843,0.0072734839664983
4-62 avenue_2024,14.21115201695499,10.641924270351888,0.3032344854592657,0.1197366816023334
4-62 avenue_2025,14.238391037026055,10.641924270351888,0.0,0.0550562057480784
4-62 drive_2017,14.61768901587175,10.329044206670098,0.2919553364471693,0.0578914784157775
4-62 drive_2022,14.22368556779404,10.329044206670098,0.3469665569613108,1.3536936870738083
4-62 drive_2024,13.89826342307573,10.329044206670098,0.3780820980327249,0.3493179474851633
4-62 road_2017,14.053326760903682,9.764706386156584,0.2339068859357161,0.0972174507153592
4-62 road_2018,14.152036896036911,9.764706386156584,0.2653072601327912,0.1156474235259618
4-62 road_2019,13.637724390733748,9.764706386156584,0.2648794138441484,0.5002296845525873
4-62 road_2022,13.659323477012212,9.764706386156584,0.2948616899808704,0.0142973047008244
4-62 road_2024,13.333901526210132,9.764706386156584,0.2764119054807413,0.3858744583431602
4-62 street_2017,14.620514745576893,10.331869845453202,0.2512229746249824,0.3597003627404201
4-62 street_2018,14.719224912786924,10.331869845453202,0.2831591890523104,0.199014779735615
4-62 street_2022,14.22651129688824,10.331869845453202,0.3082343297326871,0.050312813873589
4-62 street_2024,13.901089151448366,10.331869845453202,0.2901693979473043,0.0859941931668609
4-62 street_2025,13.928328164943114,10.331869845453202,0.0,0.004489905272852
4-63 avenue_2017,14.859524085382931,10.570872354418208,0.241256738997718,0.5614997264939456
4-63 avenue_2018,14.9582342615269,10.570872354418208,0.2656033619819062,0.4861230111256188
4-63 avenue_2022,14.465520590795464,10.570872354418208,0.3125598432868522,0.0055843782939006
4-63 avenue_2024,14.14009839114564,10.570872354418208,0.2916637101813059,0.1582849789657133
4-63 drive_2024,13.760668162574776,10.191453629595784,0.3527241212208228,0.3765167861522717
4-63 place_2017,12.095023849099746,7.806748292269513,0.2147423467424724,1.0389330531665089
4-63 road_2022,13.827755275275583,9.933129461185404,0.3590460638922889,0.9925478215909092
4-63 road_2024,13.50233325477548,9.933129461185404,0.3278969861840544,0.0161685811615837
4-63 street_2017,14.372148901103849,10.083513059606384,0.2469888349162151,1.2488410019148006
4-63 street_2019,13.956546420037103,10.083513059606384,0.271874559637548,0.3080727620995149
4-63 street_2022,13.978145513283769,10.083513059606384,0.3223409514958815,0.0066776547532405
4-64 avenue_2017,15.343840649849028,11.12478874401485,0.2528159631449208,0.6546661937416638
4-64 avenue_2021,15.50342011301297,11.12478874401485,0.3175330445927044,0.3102015938816512
4-64 avenue_2022,14.965301322019046,11.12478874401485,0.329439814281134,0.00329456694943
4-64 avenue_2024,14.605398970781916,11.12478874401485,0.3044682919081942,0.0057832447557273
4-64 avenue_2025,14.618247107465354,11.12478874401485,0.0,0.1326059645480217
4-64 circle_2017,12.78277835843554,8.563900009994192,0.2040092136067998,2.7102145239315867
4-64 place_2017,13.6007186867809,9.312130741460743,0.2354136439060241,0.3590720685384538
4-64 place_2021,13.774841301698553,9.312130741460743,0.3099773377004527,0.1651753979589841
4-64 place_2024,12.881293927374545,9.312130741460743,0.293984012529058,0.0212721352755396
4-64 road_2021,14.712431064060755,10.249666181472008,0.3006120521181852,0.2441219576994014
4-64 road_2022,14.144304898425016,10.249666181472008,0.301670763483083,0.1343560524990787
4-64 road_2024,13.818882774833057,10.249666181472008,0.3046069999203455,0.009950330853168
4-64 street_2017,14.989330755141829,10.700675944233788,0.2430074686543981,0.2013886195111803
4-64 street_2018,15.088040935313977,10.700675944233788,0.2760297792078038,0.2755082715200722
4-64 street_2019,14.573728138066478,10.700675944233788,0.2694066169442299,0.2732281154816304
4-64 street_2021,15.163453518746524,10.700675944233788,0.3173025898862421,0.0542040540135121
4-64 street_2022,14.59532723985924,10.700675944233788,0.3165704572880972,0.0034938892542557
4-64 street_2024,14.269905015766923,10.700675944233788,0.3025200853401977,0.0843411484337508
4-65 avenue_2017,14.834158905202782,10.615116655258197,0.2525007043086585,0.1715133580773512
4-65 avenue_2021,14.993738347099738,10.615116655258197,0.3066093396309102,0.0536355491659094
4-65 avenue_2022,14.455619643719624,10.615116655258197,0.3289330774299052,0.2595911922852552
4-65 avenue_2024,14.095717383682707,10.615116655258197,0.299349634372725,0.0045894523338072
4-65 drive_2021,13.480771281855352,9.018091244168572,0.3075422553610877,0.6050807016914947
4-65 drive_2022,12.91264587333733,9.018091244168572,0.3099532272912889,0.0247901688072187
4-65 drive_2024,12.587224421617329,9.018091244168572,0.3024736140594408,0.1470397426493148
4-65 lane_2018,11.950251113266432,7.563376668894455,0.2776317365982795,0.7468775029809132
4-65 lane_2022,11.457541351332676,7.563376668894455,0.2767400735877978,0.0521179542621066
4-65 place_2017,14.804797033066308,10.51614672530545,0.3115517736117875,0.9391084171546008
4-65 place_2021,14.9789197866578,10.51614672530545,0.3815570687105329,0.0902062678861489
4-65 place_2022,14.41079354804182,10.51614672530545,0.3796778866686934,0.1124354293297881
4-65 road_2017,13.698192482510253,9.409596263727574,0.2126126254858453,1.057408276744053
4-65 road_2021,13.8723151158259,9.409596263727574,0.2932523995228051,0.2698744538018162
4-65 road_2024,12.9787676018462,9.409596263727574,0.2309292558593314,0.025472795973031
4-65 street_2017,14.735116951155202,10.446468571901743,0.2531718162833269,0.2678874451236013
4-65 street_2018,14.833827122915531,10.446468571901743,0.2807457912751537,0.2565783274004471
4-65 street_2021,14.90923970045845,10.446468571901743,0.3146604003230084,0.0441125746183209
4-65 street_2022,14.34111347908902,10.446468571901743,0.3065921638793092,0.0692461727368143
4-65 street_2024,14.015691306038525,10.446468571901743,0.2912854861445919,0.0037927982386962
4-65 street_2025,14.04293032220424,10.446468571901743,0.0,0.0086623730786526
4-66 avenue_2017,14.15399991509933,9.86537411437314,0.2569520881320684,0.3401084746301575
4-66 avenue_2019,13.738397506024858,9.86537411437314,0.2796701518455449,0.434959183335867
4-66 avenue_2024,13.43457460088386,9.86537411437314,0.3130753086257761,0.0149871298082483
4-66 drive_2024,12.421975617349004,8.852863603571638,0.3039286888887415,0.3141535896575732
4-66 place_2021,13.358724862876745,8.896060375871473,0.3281204317496179,0.5326262537248435
4-66 road_2017,14.35096100336997,10.062326043898713,0.2572188891480039,0.4241560065516536
4-66 road_2021,14.52508372283265,10.062326043898713,0.3135218030343022,0.370045162876904
4-66 road_2022,13.95695762147661,10.062326043898713,0.2977204383294017,0.0045894523338072
4-66 road_2024,13.631535554926977,10.062326043898713,0.3051253980816722,0.219296159585316
4-66 road_2025,13.658774560790118,10.062326043898713,0.0,0.0043903483012928
4-66 street_2017,14.534188292164254,10.24554628904046,0.2593083351537266,0.0558130648192127
4-66 street_2019,14.118585766919042,10.24554628904046,0.2772833652308823,0.2054682596342013
4-66 street_2021,14.708311027289428,10.24554628904046,0.3237659311764934,0.2515366258154276
4-66 street_2022,14.140184862941656,10.24554628904046,0.2876236595308262,0.0223484036637618
4-67 avenue_2017,15.65177082365829,11.363105248884906,0.247557664408952,0.4536836803786387
4-67 avenue_2018,15.750481017908138,11.363105248884906,0.2760538532034463,0.0192142189238042
4-67 avenue_2019,15.23616812940834,11.363105248884906,0.2742945386578257,0.1598202914474411
4-67 avenue_2022,15.257767236050366,11.363105248884906,0.3151716112439967,0.0144944461504525
4-67 avenue_2024,14.932344926536386,11.363105248884906,0.2976681033531478,0.0074720148387009
4-67 avenue_2025,14.959583955903176,11.363105248884906,0.0,0.0043903483012928
4-67 drive_2019,13.881939462301633,10.008909269540611,0.2829631636869034,0.2642854946453849
4-67 drive_2021,14.471664634821614,10.008909269540611,0.3145231099765923,0.1960600829044679
4-67 drive_2022,13.903538554110876,10.008909269540611,0.3264892998376298,0.0047885167317971
4-67 drive_2024,13.578116505882049,10.008909269540611,0.3313089071570182,0.0147900854726354
4-67 place_2021,13.384281048702569,8.921613146524455,0.3220337800819455,0.6747795232017604
4-67 road_2017,14.397576400634792,10.108939524998457,0.2272038352906224,0.2149500762856819
4-67 road_2019,13.98197391215332,10.108939524998457,0.2457433832314507,0.3124722412589997
4-67 road_2021,14.571699124358329,10.108939524998457,0.2971423412426894,0.6385853925672627
4-67 road_2022,14.003573005865888,10.108939524998457,0.2918266192470193,0.0043903483012928
4-67 road_2024,13.678150924109271,10.108939524998457,0.3115332882739608,0.0137056470561119
4-67 road_2025,13.70538993144349,10.108939524998457,0.0,0.0069756137364252
4-67 street_2017,14.379542103032476,10.090905958136808,0.2406550589007297,0.3896066921737064
4-67 street_2019,13.96393961979038,10.090905958136808,0.2604437051691639,0.1185827158269478
4-67 street_2021,14.553664825131111,10.090905958136808,0.3036148282004541,0.5648591602584143
4-67 street_2022,13.985538713173732,10.090905958136808,0.3010142766944534,0.0070749136719618
4-68 avenue_2017,15.089809154158578,10.80115221906916,0.2371202864107232,0.2013068567050353
4-68 avenue_2021,15.26393192248659,10.80115221906916,0.3094430944907055,0.4253330927456307
4-68 avenue_2022,14.695805624602976,10.80115221906916,0.3029449189397014,0.0238141780992548
4-68 avenue_2024,14.37038338365316,10.80115221906916,0.2866189574249166,0.0861776962410523
4-68 avenue_2025,14.397622406387256,10.80115221906916,0.0,0.0053854722763378
4-68 drive_2022,13.7953974060594,9.900773155810109,0.3190575958711842,0.3479772282355365
4-68 drive_2024,13.469975398054226,9.900773155810109,0.2725434287028209,0.0165620882989782
4-68 road_2017,14.4373062356617,10.148667795939245,0.2303205322652611,0.2296821281537922
4-68 road_2022,14.04330283038304,10.148667795939245,0.2906418066787519,0.0262523711440657
4-68 road_2024,13.71788073621362,10.148667795939245,0.2702903297399117,0.0060814703158679
4-68 street_2017,14.731780429366918,10.443132145871196,0.256059868350259,0.3018068464971771
4-68 street_2019,14.316177859092113,10.443132145871196,0.2796138978022707,0.7923588306308933
4-68 street_2021,14.905903178457235,10.443132145871196,0.3151645243200991,0.3562748639173926
4-68 street_2022,14.337776957944165,10.443132145871196,0.3084868712031425,0.1275133202989596
4-69 avenue_2017,15.693196085957911,11.47413989718518,0.2590922141814137,0.3592117235907023
4-69 avenue_2018,15.934505222892902,11.47413989718518,0.282261143849068,0.1973743594202472
4-69 avenue_2019,15.200064114156234,11.47413989718518,0.2859108780430051,0.0640071299742923
4-69 avenue_2021,15.852775558554914,11.47413989718518,0.3243989382521554,0.0619414015401833
4-69 avenue_2022,15.314656728699532,11.47413989718518,0.3226551172066508,0.0213700257361924
4-69 avenue_2024,14.95475433701017,11.47413989718518,0.3017465252473832,0.0963096801374083
4-69 avenue_2025,14.967602475402137,11.47413989718518,0.0,0.4321070390545855
4-69 lane_2018,14.038906702400556,9.651582987418012,0.262310281903846,0.4091914898489782
4-69 lane_2022,13.546193337850536,9.651582987418012,0.3179244345413122,0.4092579063468606
4-69 place_2017,14.851613407242876,10.56296187721516,0.3189098017522339,0.2795994962584249
4-69 place_2019,14.4360108136909,10.56296187721516,0.3188167430041791,0.0392207131532812
4-69 place_2022,14.45760991400557,10.56296187721516,0.3976565041996584,0.4345059768925783
4-69 road_2018,14.78951505274261,10.402157801606153,0.308137142559148,0.17512908621245
4-69 road_2019,14.275202321026557,10.402157801606153,0.3207336959412408,0.1020149254067297
4-69 road_2022,14.29680141933689,10.402157801606153,0.3564834362406015,0.0274205955759921
4-69 road_2024,13.971379256588827,10.402157801606153,0.3430930530698576,0.0108410231778748
4-69 street_2017,15.746456254914673,11.45778964511854,0.3590512033639941,0.0181345701954826
4-69 street_2018,15.845166450518184,11.45778964511854,0.3833134583535822,0.4855078157817008
4-69 street_2019,15.330853553243877,11.45778964511854,0.3793096914475343,0.5544022208825352
4-69 street_2022,15.35245266035219,11.45778964511854,0.4245643442898998,0.1205348016287375
4-69 street_2025,15.054269372785726,11.45778964511854,0.0,0.1952377820605009
4-7 avenue_2021,14.71709720517359,10.254332159829568,0.3193867079734848,0.1616935889979871
4-7 avenue_2022,14.148971038085556,10.254332159829568,0.330989646515628,0.1044501013564644
4-7 avenue_2024,13.82354891320482,10.254332159829568,0.3110015147969253,0.4160093219838355
4-70 avenue_2018,15.081984241829463,10.694619385917129,0.2761902322485132,0.0500274935996481
4-70 avenue_2019,14.567671445726385,10.694619385917129,0.2913641948853592,0.1716818216896095
4-70 avenue_2021,15.1573968251384,10.694619385917129,0.3326696064165977,0.1994244646936169
4-70 avenue_2022,14.58927054745833,10.694619385917129,0.3070963204138911,0.097489621277257
4-70 avenue_2024,14.263848324437308,10.694619385917129,0.3081383773747745,0.0162669724638719
4-70 drive_2022,12.114511157544046,8.220101534984275,0.2710743360521204,0.6934471355689432
4-70 road_2022,13.97036963932251,10.075737505016216,0.2868543368978513,0.2255406759139312
4-70 road_2024,13.6449475683247,10.075737505016216,0.2613257828649025,0.0319830458530507
4-70 street_2017,15.065435009644364,10.77677857040558,0.2621002778915609,0.4277483163486218
4-70 street_2019,14.64983238089418,10.77677857040558,0.2834543984183118,0.071203759006332
4-70 street_2021,15.239557776869807,10.77677857040558,0.3178088666898852,0.101743983883284
4-70 street_2022,14.67143148342053,10.77677857040558,0.323355569163147,0.2441219576994014
4-70 street_2024,14.34600924640578,10.77677857040558,0.3141673021823277,0.3490358401414488
4-70 street_2025,14.373248268759207,10.77677857040558,0.0,0.0029955089797984
4-71 avenue_2018,15.48259014375343,11.09521789892065,0.2871295342533882,1.8818591281178267
4-71 avenue_2019,14.96827728509136,11.09521789892065,0.2811180888855094,0.2656664983941004
4-71 avenue_2022,14.989876390147773,11.09521789892065,0.3223394090902182,0.1222176327242492
4-71 avenue_2024,14.664454108565016,11.09521789892065,0.3103341446613182,0.0124225199985571
4-71 avenue_2025,14.691693135229825,11.09521789892065,0.0,0.087003043621574
4-71 drive_2022,11.36902579422146,7.474908178103712,0.1847695384325946,1.725388158446055
4-71 place_2019,12.347041910524888,8.474172126423065,0.299884109591987,0.5254383361338362
4-71 place_2021,12.936765565221032,8.474172126423065,0.3244135203010854,0.4994410648993526
4-71 road_2019,13.589894971353868,9.71687972251356,0.1925399457526327,0.289680075114454
4-71 road_2022,13.61149405638182,9.71687972251356,0.2271026458950167,0.3935274705351214
4-71 road_2024,13.286072127608,9.71687972251356,0.1763878274232201,0.0238141780992548
4-71 street_2017,15.12256447301618,10.833906890326933,0.2627412672994775,0.0600597564276628
4-71 street_2018,15.221274656813463,10.833906890326933,0.2808084232137692,0.0262523711440657
4-71 street_2019,14.706961836067675,10.833906890326933,0.2807315666252577,0.4778477832687846
4-71 street_2021,15.296687242784191,10.833906890326933,0.3216700247254498,0.00329456694943
4-71 street_2024,14.403138693020006,10.833906890326933,0.3090771720352769,0.1619487669860175
4-71 street_2025,14.430377716251266,10.833906890326933,0.0,0.00329456694943
4-72 avenue_2017,14.746157548039772,10.457508854190737,0.2320088907659941,0.1212437072853642
4-72 avenue_2019,14.330554974822787,10.457508854190737,0.2662739904359018,0.4328857036841565
4-72 avenue_2022,14.35215407385971,10.457508854190737,0.2702055437538207,0.16813811227748
4-72 avenue_2024,14.026731898312566,10.457508854190737,0.2576215134100582,0.0364283566135514
4-72 drive_2022,13.17111652435289,9.276534851688254,0.2070552295580164,0.3315314797300421
4-72 drive_2024,12.845694856545844,9.276534851688254,0.1933443260847048,0.0790884063189636
4-72 place_2018,13.882234613828048,9.49492167320724,0.2551984228486796,0.3491063744387801
4-72 place_2019,13.367922257283572,9.49492167320724,0.27928653876833,0.7743584359847685
4-72 place_2021,13.957647149657827,9.49492167320724,0.3121159902321058,0.3182355254952372
4-72 road_2019,13.892568768498425,10.019538109873796,0.2258239385486478,1.0795314008553178
4-72 road_2022,13.914167860519065,10.019538109873796,0.247508829108308,0.2010615281680073
4-72 road_2024,13.58874580856636,10.019538109873796,0.2333731814383604,0.0268366539535596
4-72 street_2017,15.048173708513566,10.759517627808906,0.2498268481627237,0.0615653556581548
4-72 street_2018,15.146883890346448,10.759517627808906,0.2768672232734692,0.0333380596105103
4-72 street_2019,14.632571082334003,10.759517627808906,0.2792200308679343,0.1881379421153944
4-72 street_2021,15.222296474941777,10.759517627808906,0.3066991103814773,0.1378470666921251
4-72 street_2022,14.654170184698833,10.759517627808906,0.3134870498853552,0.1622038798748538
4-72 street_2024,14.328747950529406,10.759517627808906,0.3054118971275971,0.0536355491659094
4-73 avenue_2021,16.214531033589836,11.835892256273748,0.3872987429140207,1.345029560242036
4-73 avenue_2022,15.676412175523994,11.835892256273748,0.406651056983862,0.0108410231778748
4-73 avenue_2024,15.316509754469392,11.835892256273748,0.3615689050641519,0.0684060326640604
4-73 place_2018,14.451818093350903,10.064472889325376,0.3153926494509794,0.7375467678566298
4-73 place_2019,13.937505463634595,10.064472889325376,0.3305798331558805,0.0221528046411333
4-73 road_2018,12.80116836924684,8.414000136452296,0.1798125844476656,0.7833534484460943
4-73 road_2021,12.876580772720994,8.414000136452296,0.2160857363971622,1.2912141548696208
4-73 street_2019,14.436683165152324,10.563634211659378,0.2744171410741279,0.300252729625633
4-73 street_2021,15.026408515174635,10.563634211659378,0.3081640061848197,0.076497970972725
4-73 terrace_2024,11.87436284020702,8.30535212762507,0.2660709141972035,0.0430594894604469
4-74 avenue_2017,14.409134898617248,10.190105455568936,0.2002128265477433,0.2711715203247913
4-74 avenue_2019,13.91600318139384,10.190105455568936,0.2109938512397696,0.7914981869068979
4-74 avenue_2021,14.568714312306842,10.190105455568936,0.2724183896279472,0.5413936253324085
4-74 avenue_2022,14.030595725132851,10.190105455568936,0.2785506677110599,0.1267207527791566
4-74 avenue_2025,13.683541713781445,10.190105455568936,0.0,0.0372957847436968
4-74 place_2021,12.245370349335202,7.867102831689934,0.2883667695000982,0.604916879165531
4-74 street_2018,15.41604936543112,11.028678152388784,0.2922644075490846,0.2551072265196023
4-74 street_2019,14.901736515504773,11.028678152388784,0.3005038338969027,0.1455711233192188
4-74 street_2022,14.923335620096957,11.028678152388784,0.3305436692627654,0.1021955123146697
4-74 street_2024,14.597913346691747,11.028678152388784,0.3116661874701163,0.1976205940831238
4-75 avenue_2017,15.765168125444989,11.54611122539888,0.2490202986434748,0.1588823250601918
4-75 avenue_2018,16.006477264657107,11.54611122539888,0.275793039189231,0.2327770002824478
4-75 avenue_2021,15.924747599608544,11.54611122539888,0.3151114869149908,0.4713776847988793
4-75 avenue_2022,15.386628763299404,11.54611122539888,0.3180130934379719,0.2978056556226321
4-75 avenue_2024,15.026726364892102,11.54611122539888,0.29534494519735,0.0109399400383343
4-75 avenue_2025,15.039574503567804,11.54611122539888,0.0,0.0505029821731067
4-75 place_2022,12.702092929739154,8.807566125999024,0.3394857999264772,0.0246926125903715
4-75 road_2017,13.951020036140626,9.732012086023246,0.2236292632965588,0.3901484039962711
4-75 road_2018,14.192329018636512,9.732012086023246,0.2400317693427314,0.5865080700702333
4-75 road_2022,13.572481010341,9.732012086023246,0.274955958924849,0.0572306334542717
4-75 road_2024,13.212579074274108,9.732012086023246,0.2859564464843111,0.0215657779145605
4-75 street_2018,15.536560750221854,11.149187717499789,0.2896113378384043,0.1239859797809912
4-75 street_2019,15.022247884889072,11.149187717499789,0.3104950375064645,0.1853170657737531
4-75 street_2021,15.611973341008667,11.149187717499789,0.3307616964068537,0.1357539209776198
4-75 street_2022,15.043846990299976,11.149187717499789,0.3446110076521396,0.1187603357208428
4-75 street_2024,14.718424702472737,11.149187717499789,0.3457947769483908,0.1033685329770331
4-76 avenue_2017,14.978252155034925,10.759206660148015,0.2491776136305392,0.0183309566847234
4-76 avenue_2022,14.59971287125529,10.759206660148015,0.3156937845654857,0.1368882520621216
4-76 avenue_2024,14.239810580569683,10.759206660148015,0.2917850495530857,0.0204886664273156
4-76 drive_2018,12.107703150594284,7.720754017249357,0.2873323609601945,1.6701378255337225
4-76 road_2022,14.03052212898978,10.135887587598685,0.2774201747420929,0.0372957847436968
4-76 road_2024,13.70510003875976,10.135887587598685,0.2298794349171216,0.421272838313678
4-76 street_2017,15.525832283988551,11.23716824686506,0.2499360883443407,0.0729716124558227
4-76 street_2019,15.11022960076317,11.23716824686506,0.2786453005544791,0.3841052689867548
4-76 street_2021,15.699955068108531,11.23716824686506,0.3096787336328838,0.4021262068426497
4-76 street_2022,15.131828706712469,11.23716824686506,0.3061724500832634,0.2993635772256188
4-76 street_2024,14.80640640940117,11.23716824686506,0.2930555405129241,0.0470744073859288
4-76 street_2025,14.833645437587508,11.23716824686506,0.0,0.0026963615477426
4-77 avenue_2018,15.35089743921129,10.890540256600314,0.2831784160734649,0.3765167861522717
4-77 avenue_2021,15.269167782982468,10.890540256600314,0.3220317927124017,0.0879192980378835
4-77 avenue_2022,14.731049026778232,10.890540256600314,0.3229348836989211,0.0167587838149547
4-77 avenue_2024,14.37114671175488,10.890540256600314,0.3075432095044792,0.0193123110323728
4-77 avenue_2025,14.383994846908806,10.890540256600314,0.0,0.0106431600984798
4-77 place_2022,13.428892496646482,9.534289988842328,0.2844951815232619,0.378984230858567
4-77 road_2019,13.840585250704866,10.114690394713094,0.2491234777120536,0.4093907261106367
4-77 road_2022,13.955177786773412,10.114690394713094,0.2898656961482297,0.0412379080162447
4-77 road_2024,13.59527567506608,10.114690394713094,0.2640508086571674,0.017839918128331
4-77 street_2021,15.670027684194686,11.207241258597271,0.3187253826818021,0.3879119488605752
4-77 street_2022,15.101901326328967,11.207241258597271,0.3198069723372704,0.20073432980108
4-77 street_2024,14.776479032150524,11.207241258597271,0.3259888006909995,0.0539198419894304
4-77 street_2025,14.803718060033798,11.207241258597271,0.0,0.0028958031120255
4-78 avenue_2017,15.213230019871496,10.92457075141926,0.2565039219137475,0.3873690238387556
4-78 avenue_2018,15.311940205873537,10.92457075141926,0.2672841335248152,0.0667236320429081
4-78 avenue_2019,14.79762737083641,10.92457075141926,0.2708245089566869,0.063819512712954
4-78 avenue_2021,15.387352793387947,10.92457075141926,0.319874840146588,0.2578154728454873
4-78 avenue_2022,14.819226474637365,10.92457075141926,0.2986869536046308,0.0180363624860985
4-78 avenue_2024,14.49380421517002,10.92457075141926,0.2862745487796022,0.193096629961913
4-78 avenue_2025,14.521043239695446,10.92457075141926,0.0,0.0139029051689914
4-78 crescent_2017,11.287224343818536,6.999447582368979,0.273936720660078,2.4448656002508167
4-78 drive_2024,11.746313802170633,8.265938528937891,0.162001554302997,0.0447821427718931
4-78 road_2021,14.365697312307953,9.9870967995387,0.3043917536508482,0.2456092960298731
4-78 road_2022,13.82757880067916,9.9870967995387,0.3077696568638432,0.007372754329413
4-78 road_2024,13.467676740242704,9.9870967995387,0.296094861360296,0.4337285733810238
4-78 street_2018,15.850509599761867,11.46313273875269,0.2747726638692191,0.0433468045033658
4-78 street_2019,15.33619670201674,11.46313273875269,0.2906661527699653,0.3891324534872667
4-78 street_2021,15.925922194049717,11.46313273875269,0.3182076425064629,0.2881069821648613
4-78 street_2022,15.357795809150074,11.46313273875269,0.3153746506018742,0.1836540020277332
4-78 street_2024,15.0323734909815,11.46313273875269,0.3149948012494493,0.0248877155077789
4-78 street_2025,15.059612521185509,11.46313273875269,0.0,0.0052860044292373
4-79 avenue_2017,14.71383247527197,10.494793317240758,0.2504429112106068,0.4851385168300056
4-79 avenue_2021,14.873411910358977,10.494793317240758,0.331649127160424,0.2609016569168117
4-79 avenue_2024,13.97539100420036,10.494793317240758,0.3192371232463387,0.1786481514276457
4-79 place_2025,12.95169913180916,9.355293264847033,0.0,0.0120273802127184
4-79 street_2018,15.98069733580544,11.520331546254098,0.2738862549743035,0.0409499863289541
4-79 street_2021,15.898967671005543,11.520331546254098,0.3221196776375018,0.2908021997880246
4-79 street_2022,15.360848836954894,11.520331546254098,0.3238985771158607,0.0898407039997894
4-79 street_2024,15.000946440898534,11.520331546254098,0.326194191230599,0.0412379080162447
4-79 street_2025,15.013794579474942,11.520331546254098,0.0,0.0046889894861315
4-8 avenue_2021,14.182111126427785,9.719370698265896,0.1802350264266502,0.5254383361338362
4-8 road_2021,11.0991945519635,6.637690490840289,0.2849196397558708,0.1991786738603775
4-8 street_2018,12.85949486092026,8.472314220824241,0.3377245849376789,0.7499999921527281
4-8 street_2024,12.041361880625526,8.472314220824241,0.3155655518018992,0.0475513018582223
4-80 avenue_2017,14.6954285976607,10.476389946204671,0.279450176346269,0.6717703148003599
4-80 avenue_2021,14.855008031631971,10.476389946204671,0.3530577608944257,0.1373241908632188
4-80 drive_2024,12.756459512413842,9.275925769775236,0.2078548587991193,0.735583870757202
4-80 road_2024,13.404493390923284,9.923916357399888,0.3246147399366544,0.500957089567385
4-80 road_2025,13.417341514145583,9.923916357399888,0.0,0.1012018805089672
4-80 street_2019,15.533337354083422,11.8074102617432,0.3082401555471455,0.0867280035098241
4-80 street_2021,16.18604883250757,11.8074102617432,0.360367730674372,0.0826853666186078
4-80 street_2022,15.647929976311758,11.8074102617432,0.3645146720092038,0.0521179542621066
4-80 street_2024,15.288027557203735,11.8074102617432,0.3508583537994677,0.0323703800304507
4-80 street_2025,15.300875696753742,11.8074102617432,0.0,0.1234558039269182
4-81 avenue_2019,14.520519417922957,10.794605071818689,0.268161382151817,0.1414995622736995
4-81 avenue_2024,14.27520970852096,10.794605071818689,0.3130816756800903,0.0194103935198233
4-81 street_2019,15.006746634917915,11.28082458155662,0.2568473134777835,0.7013137432263387
4-81 street_2021,15.659458053713616,11.28082458155662,0.2943676890956218,0.0589290675292874
4-81 street_2022,15.121339243678491,11.28082458155662,0.2968155931130103,0.0021975835434872
4-81 street_2024,14.76143687262072,11.28082458155662,0.2654692897932151,0.1358412229114131
4-81 street_2025,14.774285010141297,11.28082458155662,0.0,0.0052860044292373
4-82 avenue_2017,15.419383911599173,11.200330948889375,0.2542191891253759,0.1963888140053901
4-82 avenue_2018,15.660693038205949,11.200330948889375,0.2820906845748244,0.176471143115779
4-82 avenue_2025,14.69379035239304,11.200330948889375,0.0,0.0048880340727759
4-82 drive_2017,13.30058134053238,9.08162697853101,0.1953052229858159,0.2669690308542393
4-82 drive_2018,13.541890151453764,9.08162697853101,0.2181624160326507,1.450887568262155
4-82 drive_2022,12.922042682967488,9.08162697853101,0.2848348858050147,0.0392207131532812
4-82 drive_2025,12.57498935084472,9.08162697853101,0.0,0.0357531697058178
4-82 place_2017,13.065096862750178,8.846172255489206,0.2404054681548461,0.2154339082441568
4-82 road_2017,13.535713844009464,9.316736000719064,0.2206637668599004,0.3979032559008745
4-82 road_2024,12.797273373396926,9.316736000719064,0.2490129312926268,0.3916366001716302
4-82 road_2025,12.81012148053464,9.316736000719064,0.0,0.6142662977064977
4-82 street_2017,15.512350009717462,11.22368614897536,0.2558068639213319,0.1702489755596853
4-82 street_2021,15.686472793445244,11.22368614897536,0.3038684449068395,0.1655144384775733
4-82 street_2022,15.11834643362653,11.22368614897536,0.3075332829406147,0.2357043333590679
4-83 avenue_2017,15.030459143816694,10.811412583952023,0.2361654391464958,0.5246101787366073
4-83 avenue_2018,15.27176824992472,10.811412583952023,0.2590206020121747,0.4669364301962654
4-83 avenue_2024,14.292017551975087,10.811412583952023,0.3451090659131477,0.0688728642863754
4-83 drive_2017,11.450552713855798,7.232198829805315,0.2341355489282346,0.6934971193242332
4-83 place_2022,12.792399705280031,8.897860246767227,0.2723977934570689,0.0240094524603518
4-83 street_2022,14.94780732256666,11.107294999144464,0.3127420549941556,0.1821548762368556
4-83 street_2024,14.587904973750687,11.107294999144464,0.3006042177417705,0.1897935716326556
4-83 street_2025,14.600753110331867,11.107294999144464,0.0,0.0435383020144834
4-84 avenue_2017,14.413887918932174,10.194858300498042,0.2260833422021708,0.0442082546643203
4-84 avenue_2019,13.92075620003934,10.194858300498042,0.2614480939957115,0.4133009938759393
4-84 drive_2017,14.0887834619241,9.869767985743184,0.2419667724509845,0.0246926125903715
4-84 drive_2018,14.330092468515646,9.869767985743184,0.2651901316156508,1.3394909720051922
4-84 drive_2021,14.248362844851068,9.869767985743184,0.3247285801650652,0.1995882916926727
4-84 drive_2024,13.350342377256856,9.869767985743184,0.3055466252176452,0.1169827154856143
4-84 drive_2025,13.3631904994077,9.869767985743184,0.0,0.0201947072855192
4-84 place_2017,13.314239540087629,9.025681145668717,0.2593431141333148,0.1188491338383811
4-84 road_2017,13.946735548506608,9.72772784948154,0.2354649904696666,0.0885601769794802
4-84 road_2018,14.188044530198583,9.72772784948154,0.2618535162102074,0.0431552703139276
4-84 road_2019,13.453604038257916,9.72772784948154,0.2542935254556928,0.7800127135815272
4-84 road_2021,14.106314914303868,9.72772784948154,0.3101752843307508,0.2537891414285968
4-84 road_2022,13.568196524432336,9.72772784948154,0.2938683419081471,0.1333063673082251
4-84 road_2024,13.20829459073711,9.72772784948154,0.2848043726241658,0.1261920252377593
4-84 street_2017,15.77547350503496,11.556416507269905,0.2716089683166465,0.2460785225967056
4-84 street_2021,15.93505297941374,11.556416507269905,0.3301344336303144,0.0935814136215305
4-84 street_2022,15.396934142217944,11.556416507269905,0.3342375988197966,0.2863812267187328
4-84 street_2024,15.037031742887692,11.556416507269905,0.3437364287685956,0.2301588862081147
4-84 street_2025,15.049879881602376,11.556416507269905,0.0,0.0141987193998129
4-85 avenue_2017,15.33526875335563,11.116216972567006,0.2342472473116021,0.0656941031953624
4-85 avenue_2018,15.576577876178488,11.116216972567006,0.2614023146234645,0.0983963218561933
4-85 avenue_2019,14.842136823510732,11.116216972567006,0.2681196760381117,0.2512255354411657
4-85 avenue_2021,15.494848216244163,11.116216972567006,0.321175872776566,0.1383696692647718
4-85 avenue_2024,14.596827076328772,11.116216972567006,0.2797270872998667,0.071948499312584
4-85 avenue_2025,14.609675212962328,11.116216972567006,0.0,0.2057125095845302
4-85 drive_2018,14.094529286218576,9.634218381121716,0.2631755504001217,0.714664024022195
4-85 drive_2024,13.114779459128703,9.634218381121716,0.2748850211182221,0.2908769633483001
4-85 drive_2025,13.127627575880268,9.634218381121716,0.0,0.0162669724638719
4-85 road_2017,14.434646733956155,10.215616359220236,0.2095124679259737,0.1715133580773512
4-85 road_2018,14.675955788246805,10.215616359220236,0.2373759292581219,0.2733042045058254
4-85 road_2019,13.941515007864396,10.215616359220236,0.2344098962973103,0.3629054936893685
4-85 road_2024,13.696205406195933,10.215616359220236,0.2403548685495122,0.4575514213064959
4-85 road_2025,13.709053534290202,10.215616359220236,0.0,0.1101987922980755
4-85 street_2017,15.447266592220986,11.158603617192668,0.2654492218263046,0.0246926125903715
4-85 street_2018,15.545976783070728,11.158603617192668,0.2801930323213544,0.059023340449461
4-85 street_2019,15.031663916610574,11.158603617192668,0.2773991636028866,0.3340407114297978
4-85 street_2021,15.621389373979314,11.158603617192668,0.3170001332083926,0.1642424433940487
4-85 street_2022,15.053263022081383,11.158603617192668,0.3179896710966502,0.0056838164682976
4-85 street_2024,14.727840733198809,11.158603617192668,0.315704305791299,0.2044091532579594
4-85 street_2025,14.755079760569778,11.158603617192668,0.0,0.0045894523338072
4-86 avenue_2017,15.291015846345308,11.071964728441133,0.2338976085200121,0.1715133580773512
4-86 avenue_2018,15.53232496704594,11.071964728441133,0.263089607267979,0.4144248494796362
4-86 avenue_2024,14.55257418013413,11.071964728441133,0.2837812594809271,0.0783489664109764
4-86 drive_2024,11.642527248441771,8.16217922946002,0.3039286888887415,0.0316924467324897
4-86 road_2017,14.497367450793844,10.208726761466725,0.2028162208616819,0.2526246806363784
4-86 road_2018,14.59607761249662,10.208726761466725,0.2295171739750759,0.1151128071005045
4-86 road_2024,13.7779419183766,10.208726761466725,0.2213685779658422,0.0683126401820873
4-86 road_2025,13.805180928638656,10.208726761466725,0.0,0.1246924439573182
4-86 street_2017,15.43326999688874,11.214216848445918,0.2412348928173274,0.3126917079558095
4-86 street_2018,15.67457912409014,11.214216848445918,0.2529075643738249,0.023423514943588
4-86 street_2022,15.054730660520688,11.214216848445918,0.3017733044940043,0.2143046026470053
4-86 street_2024,14.694828297547136,11.214216848445918,0.2879585469162464,0.2659731292895654
4-87 avenue_2021,15.212065642267303,10.833439197139027,0.3070283735542009,0.1565763070420966
4-87 avenue_2022,14.673946895852383,10.833439197139027,0.2988938196986094,0.0040916179032535
4-87 avenue_2024,14.314044591019062,10.833439197139027,0.2566928396945996,0.1814044697314708
4-87 avenue_2025,14.326892725742606,10.833439197139027,0.0,0.0157749191153622
4-87 drive_2019,12.996505242745066,9.270662762963653,0.2790136576882106,0.5780168733063139
4-87 drive_2021,13.64921571987135,9.270662762963653,0.3107863879475438,0.1500565962066791
4-87 road_2018,14.67070019470729,10.210360956283328,0.2579561115323792,0.4728745043374185
4-87 road_2019,13.93625941674164,10.210360956283328,0.266485215241653,0.3257001396393018
4-87 road_2021,14.588970556348116,10.210360956283328,0.3108364868914622,0.2475629558549533
4-87 road_2024,13.690949816364729,10.210360956283328,0.2533047833741678,0.1605018966540291
4-87 street_2017,15.296174524153349,11.077123327456007,0.2494629305930788,0.2453746001555316
4-87 street_2018,15.537483645106237,11.077123327456007,0.2601946012989118,0.1670386999294371
4-87 street_2019,14.803042599868055,11.077123327456007,0.2539532200282905,0.2202593961343467
4-87 street_2022,14.917635201195914,11.077123327456007,0.3091323318034665,0.0057832447557273
4-87 street_2024,14.557732856656571,11.077123327456007,0.3002262173592693,0.1228369099590624
4-87 street_2025,14.570580993057128,11.077123327456007,0.0,0.0022973590486834
4-87 terrace_2021,11.462787516120908,7.084969027103248,0.2952396487878603,1.6186354847881426
4-88 avenue_2017,15.185589845129014,10.966540429819556,0.2459808802044806,0.3394677456010114
4-88 avenue_2022,14.80705053441168,10.966540429819556,0.30930178552471,0.1333063673082251
4-88 avenue_2025,14.459996342387488,10.966540429819556,0.0,0.143407463294729
4-88 road_2017,14.126839052291308,9.907821673461411,0.2467577813737157,0.6619144781288467
4-88 road_2025,13.401246059489068,9.907821673461411,0.0,0.4194994970719675
4-88 street_2017,15.703039939904324,11.414373792551777,0.2664879516602705,0.2814879282884534
4-88 street_2018,15.801750134903024,11.414373792551777,0.285302651116646,0.2061194603084145
4-88 street_2019,15.287437241549128,11.414373792551777,0.2941027422955147,0.0963096801374083
4-88 street_2022,15.309036348449109,11.414373792551777,0.3367693163298831,0.0039920212695374
4-88 street_2024,14.983614034391184,11.414373792551777,0.3337944815154292,0.050312813873589
4-88 street_2025,15.01085306419754,11.414373792551777,0.0,0.1846521721322369
4-89 avenue_2017,15.89854845798935,11.67949036779407,0.2330817814101596,0.5252609315622464
4-89 avenue_2022,15.520009087666187,11.67949036779407,0.302885487120938,0.1582849789657133
4-89 avenue_2025,15.172954817168463,11.67949036779407,0.0,0.264669298142708
4-89 street_2017,15.274157357660425,11.055106500104309,0.2381785891269167,0.2987703694372014
4-89 street_2018,15.51546647752755,11.055106500104309,0.2530123120548688,0.1821548762368556
4-89 street_2019,14.781025436603208,11.055106500104309,0.2562200713868708,0.1353172969476296
4-89 street_2021,15.433736818515554,11.055106500104309,0.3015442000375634,0.387165350936731
4-89 street_2022,14.89561803703326,11.055106500104309,0.3093093790347324,0.0055843782939006
4-89 street_2024,14.535715695697109,11.055106500104309,0.2952396487878603,0.0738079271447198
4-89 street_2025,14.548563831962374,11.055106500104309,0.0,0.2540994354346548
4-9 avenue_2021,14.995211262063746,10.532437767911995,0.2987211138738265,0.0089597413714719
4-9 avenue_2024,14.101662827803532,10.532437767911995,0.3048933896870834,0.5305694258025869
4-9 street_2017,14.116718154725849,9.882372165430244,0.2258548046695856,0.4425681960596666
4-9 street_2024,13.525681372143811,9.882372165430244,0.2422698174077367,0.0108410231778748
4-90 avenue_2017,15.652100615851223,11.433044856768817,0.2230271912278584,0.0367175829351627
4-90 avenue_2019,15.158968648139483,11.433044856768817,0.2597955550364715,0.0337248694016208
4-90 avenue_2021,15.811680087501845,11.433044856768817,0.3030638299128271,0.0387398283159305
4-90 avenue_2022,15.273561261545272,11.433044856768817,0.3017363678389017,0.2033489239860302
4-90 avenue_2024,14.913658873914317,11.433044856768817,0.2693100061546442,0.2458439368349855
4-90 avenue_2025,14.92650701213487,11.433044856768817,0.0,0.0201947072855192
4-90 road_2021,12.923344249602192,8.544890438159914,0.2677460112193015,1.0390038170627984
4-90 street_2017,15.36570829479976,11.146656074776637,0.2473507427922427,0.1690674411155387
4-90 street_2019,14.872576360774062,11.146656074776637,0.283647333183008,0.0658813691135127
4-90 street_2021,15.525287758655695,11.146656074776637,0.3072824957234116,0.0743650819553067
4-90 street_2022,14.98716896481096,11.146656074776637,0.3108974311223374,0.0190180058357618
4-90 street_2024,14.627266610606316,11.146656074776637,0.3200137650923422,0.0647572472152785
4-91 avenue_2017,15.563939692090988,11.344884916601044,0.2546506238009652,0.3264219007677115
4-91 avenue_2018,15.80524882450137,11.344884916601044,0.2658621013203858,0.1569182750714187
4-91 avenue_2021,15.723519161575275,11.344884916601044,0.3116524814064983,0.1270730825634761
4-91 avenue_2022,15.18540034454337,11.344884916601044,0.3191706020949799,0.0852598439508234
4-91 avenue_2024,14.825497966202404,11.344884916601044,0.2852885240987752,0.0022973590486834
4-91 avenue_2025,14.83834610403059,11.344884916601044,0.0,0.2673518059785301
4-91 road_2022,13.030955271398785,9.19052808242915,0.286643194346598,0.0940366419263829
4-91 road_2024,12.671053732274478,9.19052808242915,0.2647727434737472,0.555033878430311
4-91 street_2017,15.32718869492144,11.038527513292651,0.2408684388118005,0.0983056887841233
4-91 street_2019,14.911586032169293,11.038527513292651,0.2644987369961236,0.0639133257436528
4-91 street_2022,14.933185136832156,11.038527513292651,0.2903409892709988,0.0060814703158679
4-91 street_2024,14.607762862181913,11.038527513292651,0.2878146896524262,0.0806579030174544
4-91 street_2025,14.635001888176086,11.038527513292651,0.0,0.1509168853168604
4-92 avenue_2017,14.54370489346266,10.324670793354178,0.2425362077316477,0.0933081771336517
4-92 avenue_2018,14.785013959680322,10.324670793354178,0.2557183251416003,0.305423753927938
4-92 avenue_2022,14.165165687978536,10.324670793354178,0.3053860373347149,0.0068763039394321
4-92 avenue_2024,13.805263504917775,10.324670793354178,0.2579018787098729,0.0117309228756986
4-92 avenue_2025,13.818111634498182,10.324670793354178,0.0,0.1573455707237775
4-92 road_2019,12.949043644920591,9.223205630948028,0.2707992854130299,0.2138202238533256
4-92 road_2024,12.703734459410848,9.223205630948028,0.2275781483820755,0.0176434351725952
4-92 street_2017,15.52257830159366,11.233914306822829,0.247310216731921,0.1511748277971178
4-92 street_2018,15.621288493777085,11.233914306822829,0.2685595364217459,0.1385438094480591
4-92 street_2019,15.106975618671935,11.233914306822829,0.2732193896452645,0.0343048036919903
4-92 street_2021,15.696701085619464,11.233914306822829,0.3016256474107185,0.2465475290932259
4-92 street_2022,15.128574724602156,11.233914306822829,0.3020148127064573,0.0047885167317971
4-93 avenue_2017,15.350045818311768,11.130993822623983,0.238325073370848,0.2030224733179878
4-93 avenue_2021,15.50962528167361,11.130993822623983,0.3155274066126787,0.0759420035751573
4-93 avenue_2022,14.971506489864396,11.130993822623983,0.3046864337943486,0.0030952049073024
4-93 avenue_2024,14.611604137778595,11.130993822623983,0.2687751232737521,0.3286560554212065
4-93 avenue_2025,14.62445227449788,11.130993822623983,0.0,0.1332188437862227
4-93 road_2019,13.012296018234997,9.286452099021464,0.2774738958592571,0.1468670758095523
4-93 road_2024,12.766986792194242,9.286452099021464,0.2189970353523612,0.0089597413714719
4-93 street_2018,15.042306546202823,10.654942596321249,0.2609091019986765,0.5810976767513224
4-93 street_2022,14.549592859095066,10.654942596321249,0.2991797796590005,0.0033942330680155
4-93 street_2025,14.251409663559985,10.654942596321249,0.0,0.0141987193998129
4-94 avenue_2018,15.03072337013756,10.570373137971872,0.2547480814221825,0.2848029317009374
4-94 avenue_2024,14.050972777905086,10.570373137971872,0.2930555405129241,0.0346912397899303
4-94 avenue_2025,14.063820910295204,10.570373137971872,0.0,0.1652601688656597
4-94 drive_2019,11.616706295842109,7.891137033512555,0.2965710198690269,0.5370195478484658
4-94 drive_2024,11.37139895517841,7.891137033512555,0.2658947182668736,0.3476241084183145
4-94 road_2019,12.920391286099674,9.19455607251769,0.2409834694425407,0.5033779586308332
4-94 road_2024,12.675082119810677,9.19455607251769,0.2137199782515174,0.1027370774511122
4-94 street_2017,15.437774658676895,11.218721450533993,0.2660065589129993,0.1076878054169174
4-94 street_2019,14.944642715245909,11.218721450533993,0.3004404728800639,0.070644839569332
4-94 street_2021,15.597354124709144,11.218721450533993,0.335258209794646,0.5881754781933227
4-94 street_2024,14.699332958361222,11.218721450533993,0.3381812297568525,0.1385438094480591
4-95 avenue_2019,14.748122350185536,11.022203929673552,0.2971157655717504,0.3617221851602456
4-95 avenue_2022,14.862714949236493,11.022203929673552,0.3401651978216752,0.0033942330680155
4-95 street_2017,15.336244425880407,11.047583101366866,0.2463904010129573,0.2083953289653015
4-95 street_2018,15.4349546145715,11.047583101366866,0.2631263612906678,0.0881940107359162
4-95 street_2021,15.510367203968686,11.047583101366866,0.301197151552959,0.2024509280891203
4-95 street_2022,14.942240866831042,11.047583101366866,0.3040139661488538,0.017839918128331
4-95 street_2024,14.61681859104687,11.047583101366866,0.3164140347967244,0.004489905272852
4-96 street_2017,15.341545682676934,11.122493810216396,0.2475982418217142,0.4580575582273349
4-96 street_2018,15.58285480579328,11.122493810216396,0.2600654128803802,0.1404573526952557
4-96 street_2019,14.848413751959468,11.122493810216396,0.2687365639880211,0.0427720918438689
4-96 street_2024,14.603104004154348,11.122493810216396,0.3143758925446831,0.233489843368354
4-96 street_2025,14.615952140824474,11.122493810216396,0.0,0.0014988761237358
4-97 avenue_2018,15.426448521490078,10.966089998621744,0.2622385773469284,0.1173384924172333
4-97 avenue_2024,14.446697767958485,10.966089998621744,0.2881897376161937,0.0021975835434872
4-97 place_2017,13.877020322125848,9.58841087066638,0.2223589298537918,0.1171606197735768
4-97 place_2024,13.157595247522814,9.58841087066638,0.2991462790085265,0.0758493122834378
4-97 street_2017,15.62492139126841,11.405865926226396,0.2639489616500801,0.174793290373163
4-97 street_2018,15.866230525886383,11.405865926226396,0.2766582129671222,0.4154154389613325
4-97 street_2019,15.131789426355448,11.405865926226396,0.283795218065806,0.1058903752574322
4-97 street_2021,15.784500862271416,11.405865926226396,0.3238590279922201,0.2588967210200276
4-97 street_2024,14.886479654129072,11.405865926226396,0.3267819537761254,0.2866064942248478
4-98 street_2019,15.170734470534509,11.297672359189791,0.2721856363818125,0.2271355725837472
4-98 street_2021,15.760459945046197,11.297672359189791,0.3134210246191212,0.1842363889987263
4-98 street_2024,14.866911273461756,11.297672359189791,0.3107083758741202,0.011533235813673
4-98 street_2025,14.894150302233784,11.297672359189791,0.0,0.3800789217177485
4-99 avenue_2019,14.34659635692433,10.620685813086888,0.2739434395036551,0.1077775921734311
4-99 avenue_2024,14.10128667361759,10.620685813086888,0.3188548381793854,0.0295588022415444
4-99 avenue_2025,14.114134806502705,10.620685813086888,0.0,0.0047885167317971
4-99 street_2018,15.824928095928223,11.437551503876762,0.2832517488790573,0.1594793145453223
4-99 street_2019,15.310615200460234,11.437551503876762,0.3008012831976023,0.240354588044564
4-99 street_2021,15.900340689970106,11.437551503876762,0.3249195199542807,0.0947645764444229
4-99 street_2024,15.006791991435623,11.437551503876762,0.322257999859627,0.0010993954433009
4-aberdeen road_2024,12.932662477298877,9.452114070695352,0.3115332882739608,0.7366376116344737
4-admiral avenue_2022,11.575098920387235,7.6808778321476385,0.3093212475552621,1.826515100518329
4-aguilar avenue_2022,11.318202865606969,7.424114215971325,0.2903570629010839,1.8959392881377188
4-alameda avenue_2022,12.766786577342636,8.926389565190295,0.3398083531432233,1.7243546218773436
4-albert road_2017,13.621149816658328,9.402164719356602,0.2575616938706359,0.3063075365749458
4-albion avenue_2024,10.47748550301852,6.909205422304758,0.2894047257632271,2.752111742619175
4-alderton street_2019,13.908373064081186,10.035341721872772,0.3452708783536547,0.7904099981801552
4-alderton street_2022,13.929972156412024,10.035341721872772,0.3694187524104611,0.5529076241453575
4-allendale street_2018,12.867345180599902,8.407190279731038,0.2810137618450246,0.6257245042425111
4-almeda avenue_2019,13.933369053075456,10.207470696534084,0.2480684249670584,0.0863611656480434
4-almeda avenue_2021,14.586080191452204,10.207470696534084,0.3201297575952334,0.6681370175557776
4-almont road_2017,11.265239706639044,7.047030831552719,0.2199806599057014,0.7038398100986886
4-alstyne avenue_2017,13.199929302239678,8.911385273823557,0.2336312016037551,1.8242589273186416
4-alstyne avenue_2018,13.298639337514302,8.911385273823557,0.2685550680468982,0.9579315910332296
4-ankener avenue_2022,10.250180566391258,6.357207555647478,0.2614480939957115,2.606157738863227
4-annadale lane_2022,10.460491292300471,6.621268270432501,0.3545797272486033,2.4660720537982908
4-arcade avenue_2019,11.11492771731039,7.389596302794092,0.3088842801023839,0.6729444732424258
4-arch street_2024,9.240344917031132,5.600591452537077,0.0,0.6618628905201789
4-archer avenue_2019,14.167741151304453,10.441835272142788,0.3577728258942081,0.6318035503188933
4-arleigh road_2019,12.4735641503879,8.600670068005288,0.3066965741324909,1.2173726243889524
4-ascan avenue_2017,13.973822870891505,9.685207184349032,0.2886684279484846,0.6563275824214087
4-ascan avenue_2018,14.07253299989293,9.685207184349032,0.3026839003494717,0.4265740713183996
4-ash avenue_2022,13.03927885655099,9.14471010507317,0.2784885267119281,0.0180363624860985
4-aspen place_2017,11.61644960408542,7.397986828346297,0.2223485333844328,0.7383595233814934
4-asquith crescent_2021,12.260425986191112,7.798032032410117,0.3129592118008939,0.9284564287730264
4-astoria boulevard_2017,15.616974506138448,11.328309337037966,0.3528541408126026,1.310546583681616
4-astoria boulevard north_2017,14.768422409266066,10.479773091459789,0.3184141185296487,0.5567545556543905
4-atlantic avenue_2019,15.120637432615984,11.394714054296454,0.4166205374757746,0.0261549574768512
4-atlantic avenue_2025,14.888175799279786,11.394714054296454,0.0,0.4075961691171185
4-augustina avenue_2024,12.024759404473516,8.544323561025696,0.2341175983461865,0.5424986942208565
4-austin street_2017,15.234123323544942,10.945463687813575,0.2900045482409826,0.9466647357291376
4-austin street_2024,14.5146975134609,10.945463687813575,0.3099158192597802,0.2888563826795496
4-austin street_2025,14.541936538268288,10.945463687813575,0.0,0.0027960873020012
4-ava place_2017,11.45607841364756,7.237720604523647,0.2202253903363549,0.6722299323045571
4-avon street_2019,12.682666843834792,8.956858236030902,0.2548267712946545,0.6654676114532029
4-avon street_2024,12.437357860159745,8.956858236030902,0.3423661633099908,1.309521302313977
4-babbage street_2019,12.690629836147062,8.964820231001601,0.2889312918522128,0.5947071077466928
4-babbage street_2021,13.34333992421456,8.964820231001601,0.37113540295671,0.3398949438987151
4-babylon avenue_2019,11.541872089421869,7.816331191754354,0.2956856723123027,1.066811976118312
4-baisley boulevard_2018,15.319132312972185,10.858775724812215,0.4245766254345852,0.2229835385128442
4-baisley boulevard_2022,14.699283906507706,10.858775724812215,0.478318075864423,0.0096532570281383
4-baisley boulevard_2024,14.33938159708104,10.858775724812215,0.4629746735694129,0.2417690154373746
4-barclay avenue_2022,13.527232997877237,9.63262385362229,0.2804007257092729,0.0152826235311569
4-barnett avenue_2017,13.605093440580758,9.316505106398193,0.266378319029334,0.5353230953663781
4-barnett avenue_2019,13.18949130014752,9.316505106398193,0.2885745312348006,0.6907944149763481
4-barnett avenue_2025,12.91290764554226,9.316505106398193,0.0,0.0089597413714719
4-barnwell avenue_2024,11.783239269939616,8.21425147562731,0.3962271671232281,1.1819418962551138
4-barron street_2024,11.28853361160778,7.808303010233597,0.2481164722455897,0.0425804475351183
4-barrows court_2022,11.112707287655311,7.272859727481323,0.3160980174260756,0.0736221398706136
4-bates road_2022,11.981959501552073,8.141717420899337,0.3360519802586503,0.1752969418569901
4-baxter avenue_2022,12.836607649045634,8.942062400025282,0.3821109619902005,0.6523251860396903
4-bay 24 street_2021,13.341632611638175,8.96311313411537,0.2893130440996435,0.8845110653381288
4-bay 25 street_2021,13.569868453468462,9.191323173623186,0.3524491604091676,0.2405118454753017
4-bay 28 street_2021,13.378814688803336,9.00029059626046,0.3363507520799713,1.0795653757478754
4-bay court_2022,10.295976973577096,6.456986951218688,0.2792161045029826,1.0600446955188512
4-bay street_2019,11.675104288211712,7.802430353938773,0.2962759911015823,2.404347141929583
4-bayfield avenue_2019,12.342176521523914,8.61641891974743,0.2384543125513013,1.2008378956304486
4-bayside avenue_2024,13.43161619152944,10.036479188780214,0.2282536253271482,0.0074720148387009
4-bayside lane_2019,12.78090529788006,8.907963544846593,0.2673882531119671,0.6279684545349509
4-bayview avenue_2018,12.10835344000732,7.648449222279146,0.2682950002768846,1.7340420756586312
4-baywater court_2022,11.207456190791332,7.367547228782595,0.3109389346160481,0.7120180013101968
4-beaver road_2018,12.894256775722372,8.434096015295284,0.1949758936582268,1.3553711284663803
4-beck road_2017,11.347997616047802,7.129720655560983,0.2247212534558274,0.6683933160937159
4-beech avenue_2017,13.798011076283142,9.509407180683104,0.2266773362577416,0.2087200306484855
4-beech avenue_2022,13.404007903124825,9.509407180683104,0.3285886299926775,0.0130149370774946
4-beechknoll avenue_2019,11.711169383422048,7.985567216949561,0.3184537311185346,0.7137827941600169
4-belknap street_2018,13.785865183385765,9.32557767164703,0.2629692454962614,0.9473629514285656
4-bell boulevard_2018,16.145717767023516,11.758338252677692,0.3415424695646595,0.0888347137004907
4-bell boulevard_2019,15.631404846813878,11.758338252677692,0.329646271550813,0.1252219647533818
4-bell boulevard_2022,15.653003955141008,11.758338252677692,0.3818198946365363,0.128041349880884
4-bellaire place_2018,12.298340949817176,7.838355184269544,0.2600864826919603,2.494237977216885
4-belt parkway_2024,15.438325225713452,11.95770692274142,0.3646391934873979,0.0307231726428405
4-belt parkway eb entrance 150 street_2018,12.446485516555589,7.98644608218827,0.5399755534678514,1.0019178178415922
4-benham street_2017,12.476813953804834,8.188411001700052,0.2658774424849282,1.2312766388532814
4-bennett street_2018,12.432843265134364,7.972808447476137,0.277843623451493,0.6036053318984502
4-berrian boulevard_2019,12.891591065745189,9.018635429950264,0.2961284440706986,1.3386785071782272
4-bessemer street_2019,12.378586243922646,8.652822322645306,0.2557490253487718,0.4209446789565507
4-beverly road_2018,13.690028000777268,9.302730805232224,0.2665354222912613,0.7491020927043918
4-birmington parkway_2024,10.543374463757296,7.063579656300773,0.3462762367178337,1.6935952204408238
4-bleecker street_2024,13.201021425065656,9.631834218448386,0.3170278075916015,0.431067875487669
4-boelsen crescent_2022,12.311371051376431,8.41691430427486,0.3381319880395773,0.8295993036954453
4-bolton road_2017,11.566426455193316,7.3479946344069615,0.2207878376217506,0.7183762346057209
4-booth memorial avenue_2017,15.207076635644569,10.918417476832316,0.3157821469817545,0.9663752960415758
4-booth memorial avenue_2024,14.487650832549894,10.918417476832316,0.3874433874246884,0.1002977213153639
4-borden avenue_2017,15.475742823293176,11.187079453632554,0.3123631611184868,0.216722983511287
4-borden avenue_2018,15.574453014659042,11.187079453632554,0.3546352409773178,0.5390631651772302
4-borden avenue_2019,15.060140144853342,11.187079453632554,0.3561728098583851,1.4413742273868453
4-borden avenue_2022,15.08173925050194,11.187079453632554,0.392280873254524,0.0282958691548473
4-borden avenue_2024,14.756316958487584,11.187079453632554,0.3598368048274865,0.0835136002278176
4-borkel place_2024,10.80503728894262,7.325051519280899,0.298826637004846,1.1624943443793956
4-bourton street_2024,11.06567672561373,7.496965038249402,0.2327524104208465,1.2254211355318056
4-bowne street_2017,14.576300954909833,10.287657507294115,0.2640891585031549,0.1564052791641357
4-bowne street_2024,13.856875382068491,10.287657507294115,0.3327057538257361,0.0033942330680155
4-boyce avenue_2022,10.736377654643798,6.842750281952862,0.29266961396282,0.6736585039760828
4-bqe eb entrance queens boulevard wb_2022,10.915472642988584,7.0216738298923485,0.5266989729222809,0.6296747576043717
4-braddock avenue_2021,14.658691500037792,10.280079453575064,0.3541113158228973,2.6785252649538696
4-brattle avenue_2019,11.371816365825598,7.646348388002722,0.2045592292018435,1.336920276502091
4-brattle avenue_2022,11.486407760691677,7.646348388002722,0.2881702345312822,0.4041976385411991
4-bridgeton street_2024,11.65640867277705,8.176056842669055,0.3656005095442366,0.1821548762368556
4-brinkerhoff avenue_2017,12.442165591441633,8.223363558606227,0.2725011987108259,0.5733496171043495
4-brinkerhoff avenue_2018,12.68347391459628,8.223363558606227,0.2799497904718778,1.5142257278280893
4-brinkerhoff avenue_2019,11.949036039087092,8.223363558606227,0.3300742621415533,1.747703083031135
4-brinkerhoff avenue_2022,12.063627980724997,8.223363558606227,0.3270744741624417,0.8119519163251955
4-brisbin street_2018,12.954241083704794,8.494067816372102,0.2685181300418693,0.5519291786444077
4-broadway_2019,15.409428114659226,11.53636342463482,0.3671363366011544,0.3251945967115522
4-broadway_2021,15.999153613568184,11.53636342463482,0.3846287607009623,0.3528375907074771
4-brookhaven avenue_2025,12.691041640757216,9.197667184911635,0.0,0.3138613842350836
4-brookville boulevard_2017,15.37586261874366,11.156810255145237,0.2965155812147372,0.1299750764217454
4-brown place_2018,12.308808876055638,7.921779945182187,0.2779639514779171,1.5553406907138156
4-browvale lane_2022,13.312801576776884,9.472349873190836,0.3340884452659367,0.4852616316347165
4-bud place_2019,10.854741636103938,6.982576408033778,0.2805135829731684,0.6447444413317779
4-buell street_2021,12.093501646173763,7.631181410828285,0.3127087421690271,0.6265799362878322
4-burchell avenue_2019,12.181316897148625,8.455590140390477,0.17668400248306,0.7624400070558948
4-burden crescent_2019,9.654333771496445,5.930994632496687,0.3175875552306855,4.084181425394014
4-burling street_2017,13.360720872052548,9.07215708971666,0.2273202472271244,0.5877866649021191
4-burns street_2019,13.2001870653041,9.32719993472921,0.1391866676656273,0.4975579967650863
4-burns street_2024,12.896364433568,9.32719993472921,0.1241484295234594,0.0196065296389183
4-butler street_2021,13.099569520767728,8.636945073805176,0.3101434339849065,0.7888209306282278
4-cabot road_2018,10.87915356473413,6.493262226462806,0.2882082497856782,0.8967816614859296
4-calamus avenue_2022,13.035630895213911,9.141062526046682,0.3998680785714464,0.6371586703510902
4-caldwell avenue_2017,14.118839930534405,9.830215963080096,0.293547191904179,0.229841072761931
4-cambria avenue_2022,12.427904240923226,8.587559659755385,0.2677794401552679,0.0312079271241931
4-camden avenue_2024,11.572978813422113,8.092650705855036,0.2807616296072072,0.6720767499406537
4-caney lane_2021,13.454642682383424,9.076109693494956,0.30919556415159,0.7499055143785542
4-caney road_2017,12.956818202744568,8.7379098129547,0.1898316624138749,0.6128586093311085
4-carlton street_2018,13.008090569730529,8.620881404218778,0.2455983173340323,0.9016236948307512
4-carolina road_2022,10.947909890226066,7.1081840064678525,0.2614588773526785,0.0711106274579527
4-catalpa avenue_2017,13.805433514590648,9.516829078171837,0.2509452001148926,0.3228078744271551
4-catalpa avenue_2024,13.086008513488082,9.516829078171837,0.2740114678851221,0.2515366258154276
4-cedarcroft road_2017,12.070331244988536,7.851648272488222,0.2302704126794591,0.6915959780672088
4-cedric road_2021,11.842061025870096,7.463981437103071,0.2827039487046138,0.8861201425290384
4-central avenue_2018,15.002065542582056,10.61470254905704,0.3468929231713083,0.4445576079142606
4-central avenue_2021,15.077478124187785,10.61470254905704,0.3682816542198716,0.2405118454753017
4-centre street_2018,13.052798295031916,8.66558134418087,0.2893473517708421,0.4094571293777018
4-channing road_2019,11.202082734269808,7.4767010086431105,0.2354484865045886,0.7350086346548629
4-chapin court_2018,11.51242894212397,7.05290859993271,0.2404575833816243,0.6795045415187867
4-chapin parkway_2018,12.51702369157382,8.0569613652047,0.2575492268509015,1.250560544940168
4-charter road_2024,12.0171340159619,8.536699616572205,0.0204785313435406,0.1457440140527061
4-cherry avenue_2017,13.91430287935311,9.625690954800223,0.252672348176216,0.6539904653587514
4-cherry avenue_2022,13.520299652243276,9.625690954800223,0.3308465777596626,0.0117309228756986
4-cherry avenue_2024,13.194877768504538,9.625690954800223,0.288543770049262,0.0802888312288029
4-chevy chase street_2017,13.799476811123776,9.580478429884344,0.2451512511687034,0.3958860416611702
4-chevy chase street_2021,13.959056156397812,9.580478429884344,0.3329598785075634,0.4031290483106166
4-chevy chase street_2024,13.061036005391342,9.580478429884344,0.3058352671593231,0.0299470763679521
4-chicot road_2017,11.151071692015115,6.932966480334142,0.2641223962778889,2.951137546218728
4-christie avenue_2019,12.921405981924668,9.048446861902118,0.3151086248586199,0.8792117236327344
4-claran court_2017,10.206355407511715,5.920329365458852,0.2723693504284533,1.9643112344262048
4-clearview ep nb en northern bl_2022,10.953796359988605,7.059964678672398,0.4329897814982544,0.2616717170195501
4-clearview expwy nb en union tpke_2021,11.31329843447734,6.935613298063291,0.4109296025802431,0.3171437826013999
4-clinton terrace_2018,10.797356696128547,6.33872875005325,0.1519349472257177,0.6818334206596719
4-clintonville street_2017,14.845238426506882,10.556587059568928,0.3122770963439943,0.1624589276977029
4-clintonville street_2021,15.019361182453569,10.556587059568928,0.3780483450371434,0.1783971999017982
4-clover place_2018,12.42316026648412,7.963128764088627,0.2556764853610718,0.7223175578597252
4-clover place_2021,12.34143093463251,7.963128764088627,0.3002736970419307,0.2559591802558328
4-cloverdale boulevard_2017,14.820061226586802,10.6010193199541,0.3104869293795079,0.4882118488944043
4-cloverdale boulevard_2021,14.979640667727612,10.6010193199541,0.3577526176376856,1.0211551244832917
4-cloverdale boulevard_2022,14.441521967462592,10.6010193199541,0.3896764997375506,0.0242046886968173
4-cloverdale boulevard_2024,14.081619710668283,10.6010193199541,0.3531243442157089,0.3140074976193295
4-clyde street_2019,12.121946430689295,8.249128257154457,0.3101946100561909,0.9147295138072006
4-codwise place_2024,11.647667686356288,8.078718096587457,0.2597082204093748,0.0335314832087923
4-cody avenue_2024,10.45438447683801,6.88612707438448,0.2859564464843111,0.120357496663734
4-colden street_2017,13.993390019261794,9.704773144073108,0.2487960413957704,0.9904329891544208
4-colden street_2019,13.577787674183975,9.704773144073108,0.2727991417600706,1.4850078340559234
4-college point boulevard_2017,15.939716302295352,11.651047861044011,0.3910123829416841,1.06398633674688
4-college point boulevard_2022,15.545712695426914,11.651047861044011,0.4835950312766378,0.0
4-collins place_2019,11.861476900822902,7.988734908985567,0.268754062566262,1.1945586297153186
4-commonwealth boulevard_2017,14.959523833295735,10.740478734204348,0.338902577499818,0.7904553630269432
4-commonwealth boulevard_2022,14.58098455223567,10.740478734204348,0.3959126272703197,0.8202202631234213
4-concord street_2024,11.972457930443198,8.492032216413012,0.2151808988911923,0.6383741547126538
4-coolidge avenue_2018,13.84801151565307,9.387718696342334,0.2822810965423818,0.8739258810963855
4-coolidge avenue_2022,13.228163749479348,9.387718696342334,0.3198956924354358,0.0761273603875509
4-cooper avenue_2018,15.52281331804268,11.13544048199417,0.3235954041446424,0.3544524760856333
4-cooper avenue_2025,14.731916300547065,11.13544048199417,0.0,0.0050870390485571
4-cornaga avenue_2021,14.344300732970192,9.965701202347011,0.3385085515960268,0.6617597073183127
4-cornaga avenue_2024,13.446280179053463,9.965701202347011,0.3466966697700643,0.2455310701918389
4-cornelia street_2017,13.432775195733416,9.14420354075711,0.2324249641711989,0.4860000023303349
4-cornelia street_2019,13.017173174896026,9.14420354075711,0.2785632410452081,0.2999564333271691
4-corona avenue_2024,14.254138540945402,10.68490981735306,0.4413752232795573,0.1297116065216572
4-corporal kennedy street_2022,14.490427622670271,10.595778768099787,0.3372754853591223,0.009950330853168
4-couch place_2021,9.45358764735178,4.997487208758818,0.2797194200287634,3.968930610040312
4-crane street_2024,11.182113537564843,7.539272603422942,0.3013809168099428,0.1011115013684113
4-crescent street_2018,15.237995375825246,10.850627286422588,0.2971805551984322,0.1011115013684113
4-crescent street_2024,14.419859406883766,10.850627286422588,0.3112175818782842,0.0070749136719618
4-cresskill place_2018,12.517185997027823,8.057123619824596,0.2559788069987972,0.6747795232017604
4-crocheron avenue_2019,13.838057482664755,9.96502926646066,0.3584848991839718,0.7357276280950636
4-cromwell crescent_2022,12.441707106672308,8.547223891209237,0.3118782487353717,1.103400805399907
4-cross bay boulevard_2019,15.994717118299109,12.268787339170911,0.3713745741017684,1.5943445789864452
4-cross bay boulevard_2024,15.749407302980076,12.268787339170911,0.3980751170736532,0.2491231402731574
4-cross bay parkway_2024,12.094834102148347,8.614385491300643,0.2081094736954662,0.181321056460371
4-cross island parkway_2018,17.094850474778166,12.70746622464367,0.3451544324700962,0.3326793383825117
4-cross island parkway_2021,17.17026307582346,12.70746622464367,0.3953775490653954,0.0928526170146163
4-cross island parkway_2025,16.303953284068857,12.70746622464367,0.0,0.0186254641231648
4-cross isld parkway sb en west alley road_2024,9.805091905965098,6.326202634691711,0.4236888470646159,0.2562688017460375
4-curtis street_2021,13.203615141070667,8.740973363407695,0.3193250823904456,0.9369949134324468
4-cypress hills street_2017,14.479965867246472,10.191325815856649,0.2768512727988814,1.4762264686204978
4-cypress hills street_2018,14.578676028114897,10.191325815856649,0.3149887549717898,0.5516988169755705
4-dalny road_2017,13.590639105190698,9.371656527588318,0.2498048273020137,0.7354400927501967
4-dane place_2024,10.780231510871538,7.211697912794004,0.353566669980513,0.20073432980108
4-daniels street_2022,12.296717434099058,8.456398422403506,0.3321439461949547,0.0216636396360263
4-dartmouth street_2022,13.111091057151956,9.216515056757595,0.3061313003171985,0.8166913666514003
4-dartmouth street_2024,12.785669434667868,9.216515056757595,0.3005302149296299,0.0169554406494134
4-davenport court_2019,11.992396611044022,8.266713019288018,0.2332510283922632,1.8281235419639807
4-de costa avenue_2019,12.6481968761487,8.922392678378229,0.2523720698390416,0.6571054092126798
4-decatur street_2018,13.5864633088179,9.19917593831178,0.298023155507902,0.6942465760032462
4-deepdale avenue_2022,11.86066315680132,8.020457813754744,0.2856211266317583,0.0543934838303316
4-deepdale place_2019,11.538184157467676,7.812644713262085,0.2925807685094276,0.702701393364757
4-denman street_2017,12.974079222026443,8.685568892198896,0.2529349977697787,0.62716762162597
4-devonshire road_2017,11.937256176081096,7.718627771532487,0.1417754623996047,1.2854790558810745
4-dickens street_2021,13.776582072472925,9.398017997884686,0.323498456332234,0.5584150673589038
4-dieterle crescent_2018,13.315213471368056,8.9279572187149,0.2535536347853361,1.5716321976982015
4-dinsmore avenue_2017,12.01850627839304,7.799843698481523,0.2408507727676819,0.7855440298259129
4-ditmars boulevard_2022,15.405747861053111,11.511084308561545,0.3793686041831477,0.9576629749798866
4-ditmars boulevard_2025,15.107564569609416,11.511084308561545,0.0,0.2394892298502958
4-ditmars boulevard square_2022,11.079834681134331,7.185903365254027,0.3185390881242627,2.6228989112591763
4-doncaster place_2024,8.836226791897547,5.360168092078287,0.265013272639068,2.486555290033525
4-dorian court_2017,11.573946189294457,7.355509615799843,0.2415354698159992,0.9931036138871144
4-dormans road_2019,12.535757760948265,8.809969052137657,0.298560190598964,0.959388534776878
4-dormans road_2024,12.290448913856991,8.809969052137657,0.3296757940247985,0.0304322071202019
4-douglas avenue_2024,11.917465440884014,8.437050964441745,0.3030801525629026,1.1256436277191402
4-douglas road_2018,12.447923340095173,7.98788342280781,0.2901789526503681,0.6241721660564141
4-douglas road_2019,11.71348635795065,7.98788342280781,0.2932025209831588,2.016794563779186
4-douglaston parkway_2018,15.448167980153476,10.98780909035778,0.4522069649308229,0.786273158549429
4-douglaston parkway_2019,14.713726953019496,10.98780909035778,0.4593872192593931,0.7865919852698087
4-douglaston parkway_2022,14.828319550579469,10.98780909035778,0.524983244647671,0.3948759065538961
4-douglaston parkway_2024,14.468417219483182,10.98780909035778,0.4692849802748134,0.0349809688952455
4-dumfries place_2024,10.930061863869126,7.450001046918455,0.1823215567939546,0.7064581946196176
4-dunbar street_2022,12.319973764756172,8.479649972228483,0.3209031601061843,0.5228332428902677
4-dunkirk drive_2019,11.59695722434881,7.871395242714546,0.3027466019131767,0.688536568002262
4-dunkirk street_2019,13.538758614731776,9.812877677415024,0.323826477420925,0.1328686730744243
4-dunkirk street_2024,13.29344913462027,9.812877677415024,0.3650687360672011,0.0052860044292373
4-dunlop avenue_2019,12.029398983445942,8.303706283270483,0.3347701085506824,0.6755431346115843
4-east 6 road_2024,11.007908316136962,7.527805292829975,0.2078548587991193,1.964044719250796
4-east hampton boulevard_2021,14.00790487599279,9.62932389816261,0.4545523584895087,0.9182488135803166
4-east hampton boulevard_2022,13.469786541233214,9.62932389816261,0.4817696851005847,0.1218635877568405
4-east williston avenue_2019,13.129745485234976,9.40389154404,0.2357620152734212,0.8130612772252829
4-east williston avenue_2024,12.884436190408245,9.40389154404,0.2662470790879964,0.0457378916738537
4-edgemere avenue_2017,14.102891803781295,9.883875613772677,0.3057370502118406,0.7890935216071543
4-edgerton boulevard_2021,13.74785287142358,9.369291182380064,0.3690123176985732,0.9782133344783576
4-edgerton road_2019,11.60212820159763,7.876564299718311,0.270118009129157,1.2269175488210335
4-edgewood avenue_2018,13.977739707326254,9.51743681666568,0.2125956550196981,0.4439804443364981
4-edgewood avenue_2024,12.997990036167884,9.51743681666568,0.2440081085262769,0.1552928844060353
4-edmore avenue_2024,12.178085098045912,8.697622437118369,0.2755396856260554,0.0296558849075106
4-edsall avenue_2019,12.16031594048544,8.287488128523174,0.2790136576882106,0.1794006283662909
4-eggert place_2021,12.668183694663869,8.289785718161859,0.292720726948085,0.8805391941670054
4-egmont place_2021,12.215853367069196,7.837597183181771,0.2939977032421586,0.7703859609007475
4-elbertson street_2021,13.553769254080272,9.091080782774949,0.3124080957770246,0.5232481437645479
4-elder avenue_2019,12.833732386270976,8.960783815631526,0.3246681478036459,0.4347649771530264
4-elder avenue_2022,12.855331441040285,8.960783815631526,0.3811298065933652,0.0321767316952212
4-eliot avenue_2019,14.683759492794003,10.810705000313629,0.4268831260192247,0.4480136113541204
4-eliot avenue_2022,14.70535859562982,10.810705000313629,0.4827847048032658,1.0607027155948896
4-elizabeth avenue_2019,12.693551171162028,8.967741202114276,0.2367914896610549,0.9363286256106624
4-elks road_2022,11.120978864238328,7.227017647477444,0.3040184917714744,1.1964042348259836
4-elmhurst avenue_2018,13.922663210487467,9.5353473260258,0.2700103967488467,1.1653982823461602
4-elmira avenue_2019,12.202835623954556,8.477104447966976,0.3027466019131767,0.6996758225226456
4-elvira avenue_2017,12.54666386376576,8.327835599468647,0.2340314310667214,2.493924202504552
4-empire avenue_2017,12.714235825877203,8.495370819855436,0.3050371427093138,0.4655562543184555
4-enfield place_2024,10.283652256516122,6.804103383098134,0.2463211396269154,0.7432222331922517
4-ericsson street_2021,13.33475626216626,8.872095058461424,0.328490368248072,0.8618767838344329
4-everton street_2024,10.86867977506894,7.300085472008614,0.3985446652635906,1.0303691360717042
4-exeter street_2021,13.42124525242641,8.958572562442098,0.3004669244228516,1.1295293913028313
4-exeter street_2024,12.527698515946756,8.958572562442098,0.3279916204227925,0.0212721352755396
4-faber terrace_2021,12.13992143604758,7.761695992154698,0.3079916706079952,1.6366055085050113
4-fairbury avenue_2024,12.398650661503204,8.918155966019384,0.2981870463210663,0.0136070034062169
4-farmers boulevard_2017,15.769137306476113,11.550080368673658,0.3434794090592186,0.4945742831799403
4-farmers boulevard_2018,16.010446445809105,11.550080368673658,0.3775210274772444,0.7899108489922534
4-farrington street_2018,13.78993060054697,9.40262484433693,0.3386419779380938,1.327923447793561
4-ferndale avenue_2021,13.156093924449754,8.77760022371282,0.275670567113056,0.6838036655567928
4-firwood place_2019,10.754670454813535,7.029600424583559,0.2614480939957115,1.2455944790167557
4-firwood place_2025,10.522214336662378,7.029600424583559,0.0,0.0848924670179626
4-fitchett street_2018,13.528056821487816,9.140775457453808,0.264420179315106,1.2755024554648573
4-fleet street_2024,12.298139300021823,8.72904560304503,0.3285592378638875,0.0274205955759921
4-flushing avenue_2022,14.369789336265065,10.475143624567025,0.3837753131995217,0.1137750142588446
4-foam place_2017,11.59087250292136,7.372425361247959,0.2301775779715897,0.5383629667590788
4-foch boulevard_2024,14.483488881995727,11.002880507757292,0.3336333749124396,0.5488725714028934
4-foothill avenue_2021,13.703445884935126,9.324888020755964,0.3124660300981648,0.0569472804417501
4-forbell street_2019,11.092412135785692,7.367094446737651,0.2712690428104508,1.163057055410875
4-forest avenue_2018,14.425621619611386,10.038277531330875,0.3263275373695924,0.1917767155647097
4-forest avenue_2019,13.91130899934186,10.038277531330875,0.334744296437056,1.2277088620025196
4-forest avenue_2021,14.501034183927567,10.038277531330875,0.3844063641875998,0.0298500219688853
4-forest park drive_2024,13.720844047287054,10.151630994497603,0.3265057013328906,0.0057832447557273
4-forest parkway_2024,12.294299932822472,8.725206840774602,0.4162442423629915,0.7111835430460439
4-forest road_2019,12.016769283429886,8.143979507213922,0.2908021997880246,0.7426989593891931
4-forley street_2019,12.932055835520062,9.05909549589941,0.3115032252920113,0.4741823860671523
4-francis lewis boulevard_2018,17.0209325855659,12.633548564878982,0.328572688691905,0.2707902047815628
4-francis lewis boulevard_2019,16.506619627203406,12.633548564878982,0.3268209223984347,0.3886579897917831
4-francis lewis boulevard_2021,17.096345186401365,12.633548564878982,0.3762615068580525,0.1372370183050849
4-francis lewis boulevard_2022,16.528218737558028,12.633548564878982,0.3869537965252764,0.1666155269723372
4-francis lewis boulevard_2024,16.202796362645266,12.633548564878982,0.3754683046883662,0.0802888312288029
4-franklin avenue_2017,13.697485835868218,9.408889674209574,0.2490307335980258,1.2259201888087603
4-franklin avenue_2022,13.30348271467946,9.408889674209574,0.3620777979300858,0.0200967016991224
4-fresh meadow lane_2018,14.453683350658908,10.066338068298483,0.3131021500395664,0.7971918308465463
4-fresh meadow lane_2019,13.939370720279353,10.066338068298483,0.3111544286369231,0.5181983780954038
4-fresh pond road_2019,14.428083462385164,10.555034727415643,0.4782813490248944,1.1218729822426616
4-frisco avenue_2017,12.235520369878651,8.016779018876242,0.2500278173517253,0.3905544953724101
4-gale avenue_2024,11.7923849767301,8.223394786805965,0.3234568685091425,0.4396088526750018
4-galway avenue_2024,11.95005357497118,8.469632364766698,0.2570451029898911,0.0207825391825285
4-garfield avenue_2019,12.77924495334624,8.906303420480295,0.3184537311185346,0.136626597531825
4-garland drive_2024,11.167243418020874,7.687063601530415,0.262364264467491,0.6940467758027814
4-garrett street_2024,11.39563226426308,7.915361662902111,0.2087881299821178,1.7479643092283834
4-gaskell road_2022,11.12685100317956,7.286993903985033,0.3339774328324301,2.2263517869944565
4-gates avenue_2021,14.291916325621786,9.829169718819418,0.3303899280670768,0.3531186277359552
4-gates avenue_2024,13.398368344191663,9.829169718819418,0.3229463315833981,0.3561347980862231
4-george street_2018,13.15624974379216,8.769016058084587,0.2784288669712977,1.041442110053074
4-georgia road_2017,11.801666443452683,7.513527721381141,0.2386518132366745,0.6802645547289317
4-geranium avenue_2022,11.875571312370932,7.981232863106626,0.3314763894278412,0.0500274935996481
4-gerard place_2024,8.801501103306622,5.237427695630025,0.298826637004846,0.7547595496874677
4-gillmore street_2021,13.45952078285784,8.99684331821644,0.2871675368088366,0.9839119964716314
4-glassboro avenue_2018,13.35356855085126,8.893328673902001,0.2439426909001284,0.2548747494756633
4-glassboro avenue_2021,13.271839011446616,8.893328673902001,0.2836327892688388,0.4424397108995258
4-glenwood street_2024,12.742549435773304,9.26201696455344,0.2755396856260554,0.5257930508877771
4-goethals avenue_2017,13.579298578425307,9.360316957140691,0.2959096634720972,1.0648141799178863
4-gold road_2017,12.645383834602326,8.426533184154104,0.2257545188549301,0.2293641631272659
4-gothic drive_2018,12.874132502256767,8.413976108660261,0.2757115311864187,1.2140221401789375
4-gouverneur avenue_2019,11.69089709608228,7.96530173154541,0.1683353148192147,1.0372332156582649
4-grand central parkway_2017,17.533129854584264,13.314065050041584,0.3153323050998858,0.3559947126338682
4-grand central parkway_2018,17.774439019102395,13.314065050041584,0.3612810115015248,0.0656004570839488
4-grand central parkway_2019,17.039997800775105,13.314065050041584,0.374502610857117,0.2887065474979687
4-grand central parkway_2022,17.15459043812664,13.314065050041584,0.4164247996357739,0.0971267107307227
4-grand central parkway_2024,16.794687965062096,13.314065050041584,0.3911444194215376,0.0728786454125725
4-grand central parkway eb en 72 road_2024,8.384270336903086,4.822867128541614,0.4678461311057143,0.6462651946598149
4-gravett road_2022,10.357607337150098,6.464461264191225,0.2783362100335432,0.9865627848594868
4-grosvenor street_2018,12.84250840645465,8.455331305377944,0.250187142005769,1.332418788150573
4-groton street_2022,12.903506988414936,9.008953449286684,0.3010884813502714,1.6358461257104018
4-groton street_2024,12.578085545404864,9.008953449286684,0.3215836241274623,0.0207825391825285
4-guy r brewer boulevard_2017,15.71593606577049,11.49687964671101,0.3318800868199257,0.8022257755861824
4-guy r brewer boulevard_2019,15.222804091776863,11.49687964671101,0.3385650859982859,0.4075296421570434
4-haddon street_2024,11.378406413475338,7.898141960287266,0.2525907526405108,0.6697761942367051
4-hampton street_2021,13.566116768979994,9.103426931020456,0.3408959351598351,1.034287078111552
4-hampton street_2025,12.699808697570091,9.103426931020456,0.0,0.0167587838149547
4-hancock street_2019,12.348929571464554,8.476059401793867,0.2921364228011612,0.2963940130538024
4-hand road_2019,10.94981703280035,7.224593823158351,0.2836561220352279,1.830723739246196
4-hannibal street_2019,12.76925416682365,9.043435128992511,0.258311496542168,0.3035800276045536
4-hannibal street_2024,12.5239451115595,9.043435128992511,0.3111123242601669,0.5772872944654103
4-hannibal street_2025,12.536793207588692,9.043435128992511,0.0,0.0117309228756986
4-haring street_2024,11.06254184523109,7.493831850637578,0.2189970353523612,1.227679565270568
4-harrow street_2024,12.607027075582298,9.037891588671464,0.2894047257632271,0.0196065296389183
4-hawtree creek road_2017,13.754916935309502,9.53592165483894,0.2184265614360709,0.0854434818174674
4-hawtree creek road_2021,13.914496273753787,9.53592165483894,0.2857373255138537,1.1471166977277245
4-hawtree creek road_2025,13.02932429426632,9.53592165483894,0.0,0.0142973047008244
4-hazen street_2018,13.927711575066631,9.540395331292087,0.3124174740282739,1.5918643988169363
4-highland avenue_2017,13.591746257189929,9.372763586803956,0.2707267582201288,0.7849968341898242
4-highland avenue_2018,13.833055158748174,9.372763586803956,0.284142111965236,1.3482549499545886
4-hillmeyer avenue_2019,12.34740087660583,8.621642353859851,0.2655642671981619,0.3688011237365729
4-hillside avenue_2019,16.31839326224247,12.592462215863373,0.3910500718224165,0.4525395154940932
4-hillside avenue_2024,16.07308343822635,12.592462215863373,0.4239425807871887,0.2307942102447325
4-hobart street_2021,13.741354573920583,9.278647054010325,0.3691924261898655,0.4497371443842676
4-holland avenue_2021,12.74960220732981,8.37118484529191,0.2951642987180907,1.3215158111777106
4-hollis avenue_2018,15.069825498412474,10.609474293423828,0.2913159166593964,0.5036801556051194
4-hollis court boulevard_2024,14.415177497573897,10.934570264476491,0.3174321615764106,0.0151841353250399
4-holly avenue_2022,12.941378703454744,9.046820711350868,0.3478171940381666,0.0392207131532812
4-hook creek boulevard_2021,15.165196223646609,10.786570713326082,0.3271504076274615,0.9099506761279564
4-hoover avenue_2018,14.217334320774317,9.757015939369388,0.2704787390151822,0.9700968664326824
4-hoover avenue_2022,13.597486297931663,9.757015939369388,0.3267287363486834,0.0550562057480784
4-horatio parkway_2021,13.750059306939496,9.371497432244134,0.427414234752785,0.9637466730304504
4-horatio parkway_2024,12.85203944885845,9.371497432244134,0.4240112717006511,0.2147080724931081
4-hull avenue_2022,12.351236044792635,8.45677083288104,0.2934272559840838,0.6857196647311486
4-huron street_2019,12.12379172081743,8.398077255420242,0.2934688680349398,0.4294420174896127
4-indiana avenue_2021,11.85105029622853,7.388861610736789,0.2878532906698176,0.7012641486618928
4-ingram street_2024,12.895887088730966,9.326722631175208,0.2956245849573662,0.0151841353250399
4-inwood street_2018,14.943780983253587,10.48343305541215,0.2422811114908373,0.1678845089961851
4-inwood street_2019,14.209340095110422,10.48343305541215,0.2748353553514966,0.1726078646063155
4-inwood street_2024,13.964030435852951,10.48343305541215,0.3198228155542691,0.0071742037480003
4-iowa road_2022,11.068165639390774,7.228349015875853,0.2605526697691403,0.151346752494524
4-ithaca street_2021,13.345223140066528,8.882560492890399,0.2968861599271482,1.0864384877364008
4-jackson avenue_2024,13.901084707481967,10.331865401627502,0.3588564707238723,0.5092243423990168
4-jackson mill road_2018,12.954468420606476,8.567269063610357,0.2402199733817888,0.2811860187080788
4-jackson mill road_2021,13.029880852549702,8.567269063610357,0.2877065339921253,0.210260925483196
4-jacob riis park driveway_2018,14.439496581727845,10.03233306917329,0.293934569594519,0.7811122692885893
4-jacob riis park driveway_2024,13.427469896146476,10.03233306917329,0.3258054688170177,1.0435223223501495
4-jamaica avenue_2018,16.82901753275555,12.368646132328744,0.3441848604314989,0.0480279690105815
4-jamaica avenue_2022,16.209168977569732,12.368646132328744,0.4003029760286805,0.1075980105980181
4-jamaica avenue_2024,15.849266528688217,12.368646132328744,0.3829079799892162,0.3495999752667689
4-jarvis avenue_2019,12.178798999974132,8.45307276654898,0.2996635781102244,0.5643474331683561
4-jasmine avenue_2017,12.526455004805571,8.238038781012131,0.2286910493609031,0.7567321221850559
4-jay avenue_2022,12.417516908311772,8.523038348287319,0.322509665806716,0.8048674301703531
4-jefferson avenue_2018,12.395161386349695,8.008102817653489,0.2818757747987586,1.1678895641528542
4-jewel avenue_2022,15.094583813549267,11.25406948608717,0.3218676646208728,0.0149871298082483
4-jordan avenue_2024,12.337484532651112,8.8569980250526,0.2788065947714037,0.6747795232017604
4-jordan street_2019,12.894950399657075,9.021994366071748,0.2355828680138952,0.3535400352432449
4-jordan street_2022,12.91654945781318,9.021994366071748,0.2861262409246042,0.7189123884459717
4-judge street_2021,13.39596518583783,8.933295751096535,0.3260735294003143,0.9818162657543528
4-junction boulevard_2019,14.740782990757502,10.867727402871864,0.3669346328763475,0.3550135646120662
4-junction boulevard_2022,14.762382094090375,10.867727402871864,0.4063062153606881,0.4104526496192034
4-juniper avenue_2022,11.771539450111009,7.877237713011957,0.3083493777093144,0.049932368748209
4-justice avenue_2018,13.375457882953926,8.988193972463467,0.3136941882208082,0.0749219265172592
4-justice avenue_2022,12.882744997872212,8.988193972463467,0.3239355074432284,1.379521476832462
4-kalmia avenue_2017,12.904941478818314,8.616443081077614,0.2351680960746577,0.4697535979905262
4-kalmia avenue_2022,12.510939014605569,8.616443081077614,0.3022639541185959,0.0268366539535596
4-kearney street_2022,11.510709433380413,7.616518417917633,0.2416381339503741,0.87204622055257
4-keeseville avenue_2024,12.025780878670409,8.545344842615712,0.2846602700228645,0.6890889570990911
4-kenilworth drive_2024,11.388901193965076,7.908632982433352,0.1307257363112212,0.5548042309382006
4-kenmore road_2018,11.937280036622235,7.550412285360713,0.2777646357944349,1.654774500822392
4-kent street_2024,12.62955857094309,9.149037109624926,0.3340061441260194,0.7936710183262444
4-kessel street_2022,13.404824125057118,9.510223343347583,0.309961111072881,0.0084640784121294
4-ketcham street_2021,12.77919815060333,8.316639932713528,0.3004427730419953,0.9740689535935094
4-kew gardens road_2017,14.31748867261998,10.098462779527695,0.3096229886033859,0.403062223491854
4-kildare road_2024,12.235579016223252,8.755107312799995,0.1948859710815047,0.9217159885192197
4-killarney street_2019,11.44320369083096,7.717703586661801,0.369920170688753,0.6703390412339367
4-kingsbury avenue_2019,13.164663901576963,9.438807200782422,0.260137821271566,0.4935980780993646
4-kingston place_2017,12.774092182113824,8.555215474354197,0.2695973395905566,1.8352499003025835
4-kissena boulevard_2017,15.47557582872663,11.186912461347667,0.3218455658656337,0.6543543758407899
4-kissena boulevard_2022,15.081572255950729,11.186912461347667,0.3638265034494724,0.6701855689225983
4-kneeland avenue_2024,11.934804059081438,8.365779256975236,0.2868196316911223,0.9204819364926232
4-knollwood avenue_2018,11.77370331675754,7.386927858731648,0.2471341631737514,1.5486895329600026
4-lakewood avenue_2018,13.80395322589193,9.343664135181584,0.2810826397217822,0.5744762508422667
4-lakewood avenue_2021,13.722223637473856,9.343664135181584,0.3259473767656879,0.8953939061611698
4-larue avenue_2019,10.773826419917686,6.901737765976784,0.2885745312348006,0.7273070322066499
4-laurel hill boulevard_2018,15.210409940139826,10.823042386388932,0.4112495157093512,0.8288137919814788
4-lax avenue_2018,13.02925319825881,8.642040304124809,0.2829339759557066,0.1784808574080167
4-leeds road_2022,12.364737396609083,8.52440470906585,0.2770412435194151,1.0171852899723806
4-lefferts boulevard_2017,15.777190599996397,11.55813358604694,0.3365638075200453,0.1922718876471227
4-lefferts boulevard_2018,16.018499739573176,11.55813358604694,0.374305881027394,0.2330938821673778
4-lefferts boulevard_2021,15.936770074410823,11.55813358604694,0.4034953339952191,0.6292484547097136
4-lefferts boulevard_2025,15.051596976306204,11.55813358604694,0.0,0.0741793981742515
4-leith place_2019,11.788421404682229,8.062794545436423,0.2077881632310151,0.9362894183808442
4-leith road_2019,9.96102478800825,6.237000847609402,0.2778120955130077,3.851531749718057
4-lewis avenue_2019,12.00400713652996,8.131221013617143,0.3173708939797026,0.2784647229021713
4-lewiston avenue_2019,12.033127887593135,8.307434288069958,0.28231052864987,0.7239673228998316
4-lewiston avenue_2024,11.787819693355384,8.307434288069958,0.2833624113072645,0.0243998868235351
4-liberty avenue_2018,16.452063034758666,11.99169355754674,0.3375646136411893,0.867016450538916
4-liberty avenue_2022,15.832214498882603,11.99169355754674,0.3892011591268305,0.1128821570566724
4-lie wb entrance van dam street_2024,10.086278984353063,6.518463395289561,0.1937502526175774,0.8498089905733223
4-linden boulevard_2017,16.235195506690154,12.016135032271036,0.3080382711473123,0.6641302314894527
4-linden boulevard_2018,16.476504657345547,12.016135032271036,0.3438675142145598,0.1655991806495659
4-linden boulevard_2022,15.85665611998489,12.016135032271036,0.3910569322870917,0.0420052941450301
4-linden boulevard_2025,15.509601827919456,12.016135032271036,0.0,0.1146670749781259
4-linden place_2018,14.201346590966164,9.814013351618918,0.3867043621075462,1.6111165028126555
4-linden street_2017,14.101376243602791,9.81275321095939,0.2358726490205147,0.4322368586055922
4-linden street_2021,14.275498936544336,9.81275321095939,0.3078995766316088,0.3117403375448518
4-little neck parkway_2018,16.07773881264261,11.617372115708642,0.3331560747487877,0.3043179261032066
4-little neck parkway_2022,15.457890304681587,11.617372115708642,0.3935632332158046,0.39897744197261
4-little neck parkway_2025,15.11083603901962,11.617372115708642,0.0,0.5447631747936875
4-liverpool street_2018,14.066305878301447,9.605996825095502,0.2431164270124212,0.3129111264975565
4-liverpool street_2021,13.984576270002824,9.605996825095502,0.2873376605317241,0.2430246069073592
4-locke avenue_2017,12.72076593975136,8.432303662709879,0.2243948274496776,0.4033294959777428
4-long street_2019,12.76950620533614,9.043687138444191,0.2287363480377365,0.6641817022669302
4-loubet street_2022,13.1695525573899,9.274971028237934,0.2969041241962175,0.0109399400383343
4-luther road_2017,11.006157339073894,6.718672579326915,0.2648749361353025,0.720421822694826
4-lux road_2018,11.394566145912108,6.935152736374507,0.2049651361859208,0.555722504648273
4-macnish street_2021,11.8022691883108,7.340111045167128,0.3201956750702699,0.7092665624398286
4-madison street_2024,13.572998298056644,10.003791286104889,0.3127110456238638,0.7247911858944068
4-main avenue_2018,12.255942932686825,7.868933450183286,0.3685341690808759,1.2307802522455271
4-main street_2017,15.92743829274877,11.638769957620518,0.3152456727608922,0.1561486824899313
4-main street_2021,16.101561086425665,11.638769957620518,0.3843994998120592,0.5115053926707479
4-main street_2022,15.533434686593395,11.638769957620518,0.4030591029936471,0.4518396586180644
4-main street_2024,15.208012355173476,11.638769957620518,0.3701979978386673,0.5112055515842762
4-mangin avenue_2019,12.870235151838145,9.144405037717222,0.2936907697333983,0.722026140110322
4-manilla street_2024,10.179842782550075,6.611899069200893,0.31782657524975,1.750190668139402
4-manse street_2021,13.60053267581142,9.13783911647604,0.3065345535555233,0.5028337738364381
4-manse street_2022,13.032407146628028,9.13783911647604,0.3012113994255291,0.0141987193998129
4-manton street_2017,12.790731556074055,8.571851717843787,0.2570726715321811,2.164265110494866
4-manton street_2019,12.297601262983402,8.571851717843787,0.3023695990811902,0.2226634360773325
4-marinette street_2018,12.618469324903575,8.23134498718908,0.2905351414341873,1.059732850607192
4-martense avenue_2025,12.221210938626824,8.624895603993538,0.0,0.8143908878453096
4-maspeth avenue_2018,14.14411501577571,9.756784957083774,0.4779697512901493,0.4342469095336164
4-maspeth avenue_2022,13.651401600368176,9.756784957083774,0.5040035003013146,0.8469835252748125
4-maurice avenue_2017,14.879741098597666,10.59108886127016,0.4710614474553348,1.0968106667214814
4-maurice avenue_2018,14.978451275403891,10.59108886127016,0.4954253492950946,1.2474919582394317
4-maurice avenue_2022,14.48573760060778,10.59108886127016,0.5505346181789732,0.225859858808438
4-mayda road_2021,12.970728671838252,8.592265970258554,0.2785652982033469,1.2190288904799194
4-mayfield road_2017,12.665305170096172,8.446450263988599,0.2348190559314981,0.6954944236282934
4-mayville street_2024,12.434894644935396,8.954395328800288,0.3059622432245054,0.610363219081024
4-mcintosh street_2022,12.316109391178538,8.421651620196139,0.2760070408712776,0.6478359578499422
4-meehan avenue_2017,13.112997747058412,8.894066506886313,0.2238657863346066,0.2478751875333934
4-melvina place_2022,10.989730754930932,7.0958693771789125,0.2514451386921764,0.6772718314016551
4-memphis avenue_2021,13.780402393205698,9.401838006526123,0.3239148122760045,0.6616049125500667
4-memphis avenue_2024,12.882382488705446,9.401838006526123,0.3028375813064069,0.2246623972834795
4-merrick boulevard_2018,16.347528771299658,11.887159968896013,0.3276335490676924,0.1210665279794435
4-merrick boulevard_2019,15.613087618481227,11.887159968896013,0.3321957543798163,0.5895074058001856
4-metropolitan avenue_2018,16.20895475236077,11.748586960473116,0.3638045815836943,0.2401973058800373
4-metropolitan avenue_2019,15.474513612354873,11.748586960473116,0.3787834792717099,1.160365684943592
4-metropolitan avenue_2022,15.58910623340599,11.748586960473116,0.4467258964100098,0.1049904471909372
4-metropolitan avenue_2025,15.242051957870656,11.748586960473116,0.0,0.5303929292585194
4-mexico street_2024,12.404087054300904,8.923591655025941,0.3331827599708141,0.6760010217249748
4-midland parkway_2024,13.688764926980731,10.2081761448858,0.2917891061464577,0.8268473089477884
4-milburn street_2025,11.996445987036314,8.503170008123682,0.0,0.2887065474979687
4-minton street_2024,10.653767878040952,7.173886383199221,0.1866226386933452,0.6675729294405149
4-mobile road_2017,11.2095107626128,6.991351012706662,0.1389090638586411,1.4473659418588325
4-montauk street_2022,12.73542203325726,8.895029162565857,0.285843322283475,0.3995811649491897
4-monterey street_2022,11.968360529992207,8.12812234990242,0.2714906494595571,0.87983419486354
4-morenci lane_2022,12.522673229934169,8.68231215604068,0.3417186934986727,0.0349809688952455
4-mott avenue_2021,14.74009946434285,10.361484769095904,0.3626433046838677,0.8745933543179459
4-murdock avenue_2019,14.768856542522954,11.04293779488143,0.2980015422535593,0.1292723357041391
4-murdock avenue_2024,14.52354680291299,11.04293779488143,0.3130326760002394,0.1300628842981683
4-myrtle avenue_2019,15.123919967546,11.250858438227754,0.4021484688892006,0.9485642924244508
4-myrtle avenue_2022,15.145519073574896,11.250858438227754,0.4321754911684001,0.060153922819747
4-nashville boulevard_2022,14.12482673062674,10.284333157707168,0.332763364149522,0.531392664705955
4-national street_2019,12.76078873260709,8.887849671872848,0.3826970493019325,1.6352031203201267
4-neilson street_2019,12.329382040388136,8.603626714493709,0.262974578798306,0.6852158102336651
4-neponsit avenue_2018,13.458400706071638,9.051309587950067,0.2248382276130273,0.8850477121342233
4-newburg street_2024,12.276873367921343,8.796395483198319,0.2644252102875136,0.7253723278546821
4-newhall avenue_2021,12.948249474096071,8.56979093751759,0.2963683749863985,0.8188101985556024
4-newtown avenue_2018,13.692362920289051,9.305065514750016,0.279563078031991,0.4951229800386997
4-newtown avenue_2024,12.87422807824938,9.305065514750016,0.341386251423642,0.6343521340494399
4-newtown road_2019,13.235348557754469,9.362358417102923,0.2670085303050502,0.470815799346294
4-newtown road_2022,13.256947631388533,9.362358417102923,0.3161960752985808,0.0496469398894137
4-nicolls avenue_2019,12.263558491154193,8.390706507805923,0.2912471386162771,1.2567549897649053
4-normal road_2018,12.613220090770128,8.153129036689538,0.2322103050177918,0.7268237069193292
4-norman street_2018,12.879185582410136,8.492000914393405,0.235834607919818,1.1977031913123406
4-norman street_2024,12.061052537889406,8.492000914393405,0.312795118094383,0.0202927032677624
4-north conduit avenue_2018,16.474134041110908,12.013764430219986,0.4351745589859842,0.4081947126790305
4-north conduit avenue_2019,15.739692878041517,12.013764430219986,0.4500629857711938,0.0271286673882526
4-north conduit avenue_2024,15.494383071859197,12.013764430219986,0.4585798066095916,0.0988493640421689
4-northern boulevard_2017,17.297262007396313,13.00858718596577,0.3861272345204999,0.1559775814543526
4-northern boulevard_2018,17.39597221373943,13.00858718596577,0.4200456677770087,0.7482507067859694
4-northern boulevard_2021,17.471384815495885,13.00858718596577,0.4718057362059711,0.174037337206257
4-northern boulevard_2022,16.903258357658203,13.00858718596577,0.4765801041940889,0.1844858796233312
4-oak avenue_2017,13.867797641881904,9.57918881655484,0.2505783222484038,0.8633539824907945
4-oak lane_2018,10.687751216258034,6.302175147923178,0.2626341335826088,2.77613866373474
4-ocean crest boulevard_2021,13.722227073884335,9.343667571295088,0.312248520649782,0.3419571668517826
4-oceania street_2017,14.58090948245809,10.361874201598347,0.2805079777805179,0.4146891026356961
4-oceania street_2024,13.842468074647645,10.361874201598347,0.3521413561702318,0.377408510325639
4-olcott street_2022,12.598121332323965,8.703610586069352,0.3027155599910584,0.0282958691548473
4-otis avenue_2017,13.20803850837671,8.919493405841841,0.2851019925202621,0.0735292332881155
4-otto road_2021,13.88109828816919,9.41837872784227,0.3538491159645966,1.0308686365815902
4-overbrook street_2022,13.184725417034446,9.344284001986114,0.3424301764198975,0.6802645547289317
4-ovid place_2024,10.91563189193872,7.435579265768075,0.2189970353523612,0.6859714968108498
4-page place_2022,11.601142053580082,7.706909341198392,0.534082485930258,2.507711302441264
4-palmetto street_2017,14.184353368687164,9.895726036325971,0.2472940115464928,0.178146185383474
4-palmetto street_2024,13.464928032024476,9.895726036325971,0.3096375531090616,0.6340339160674388
4-park circle_2024,10.876572372228642,7.396542518986672,0.0427511669526638,0.0555293097924802
4-park crescent_2018,11.209729999559691,6.750511822396459,0.1194609866090669,0.605135303236732
4-park drive east_2024,13.554017337380948,9.984811167681151,0.3845584232888507,1.2002659423946096
4-park lane_2019,12.926445209649016,9.200609397672418,0.3329702691030355,1.5145776314101402
4-park lane south_2018,15.250276588878757,10.78992135597741,0.3684638597517577,0.7620200448463207
4-park lane south_2024,14.2705258993547,10.78992135597741,0.3874233816230052,0.2761154360803154
4-parsons boulevard_2017,16.102287895305512,11.81361816510972,0.3261300373458878,1.2514478183501236
4-parsons boulevard_2018,16.20099809499006,11.81361816510972,0.3491971090976565,0.0120273802127184
4-parsons boulevard_2022,15.708284279776384,11.81361816510972,0.3930816461027046,0.0571361913708091
4-parsons boulevard_2024,15.382861937285352,11.81361816510972,0.3829731374622104,0.1224830842145483
4-parsons boulevard_2025,15.410100969842246,11.81361816510972,0.0,0.109482010616997
4-pearl street_2021,10.600817139884343,6.2241293301760034,0.2811539613108575,1.2265656529785705
4-pearson street_2018,12.155467230417775,7.768497667422951,0.2826695306282366,1.7282515279716733
4-peck avenue_2019,14.1322304740761,10.406325624519486,0.2618254423196414,0.1595645696713384
4-peck avenue_2022,14.24682303685527,10.406325624519486,0.3270207690193898,0.3318185679398658
4-peck avenue_2024,13.886920829849837,10.406325624519486,0.2947563818943181,0.0625052053513971
4-peck avenue_2025,13.89976896044156,10.406325624519486,0.0,0.7063101670862262
4-pembroke avenue_2024,11.18691162791488,7.706723152335168,0.2658947182668736,0.8059846738233143
4-penelope avenue_2021,14.065095620091904,9.602362567465768,0.347871416070625,1.1662086299049188
4-perth road_2021,11.734132846355148,7.356117781464284,0.3196982863507393,0.6957438064072113
4-pidgeon meadow road_2017,14.17350365817722,9.884876867961472,0.272784819606133,0.6250289264836547
4-pinegrove street_2021,13.378392834827592,8.999868793688568,0.3210517305931176,0.4055317725527075
4-pineville lane_2025,12.16797345662203,8.674666479190803,0.0,0.7670944255120282
4-plunkett avenue_2022,11.17276791876164,7.332880764748784,0.2838512146652999,0.6987812791770384
4-poplar avenue_2017,12.962314099524397,8.67380574238087,0.1935715039518365,0.6367355466339825
4-powells cove boulevard_2021,15.047817330667954,10.585042486164715,0.3344836535570324,0.5418008980653107
4-poyer street_2018,12.60812194230584,8.22100033871117,0.2782163609937674,0.4416041547240376
4-president street_2021,11.140208487811796,6.76270481116901,0.2576111527991274,0.8085718819753627
4-prince street_2018,13.688369593231748,9.301072547135783,0.3105115898387508,1.2661021757914848
4-princeton street_2018,13.11310969722178,8.652906711333289,0.2532168186092017,0.644061972869454
4-putnam avenue_2018,14.012825032403136,9.625502996024249,0.2872752911628964,0.1698271592122658
4-putnam avenue_2024,13.19468979766893,9.625502996024249,0.3344549771676656,0.5691700007402344
4-queens boulevard_2017,16.8573535849794,12.568679984854532,0.3256275588386658,1.4838066599339146
4-queens boulevard_2018,16.956063789725235,12.568679984854532,0.3501092296733462,0.3858744583431602
4-queens boulevard_2019,16.44175083318994,12.568679984854532,0.3550892072002148,0.0081665626663934
4-quencer road_2024,12.278345225185236,8.797867124817481,0.3360616433081154,0.668495817118816
4-radcliff avenue_2019,11.492134367649175,7.619540789830351,0.2965710198690269,0.9392647954339766
4-radnor road_2024,12.487416970017591,9.006911248214912,0.3594297666175769,1.1455276806769166
4-reads lane_2017,13.59665528808775,9.377672207541275,0.2644395940397991,1.5788756068514604
4-remington street_2018,13.843872972334024,9.38358049631488,0.257809308596204,0.9006490358841982
4-richland avenue_2019,12.532063808589085,8.806275638770224,0.3318911813609936,0.972179451104056
4-richmond road_2018,12.58478383973855,8.197668507670269,0.250508385517001,0.8131499729546416
4-rico place_2017,10.93424595571047,6.716373342994135,0.2522580642526443,0.5898955507494708
4-ridge road_2018,12.651943305720437,8.26481031435202,0.27909591230627,2.0826738122605013
4-ridge road_2019,12.137632472953134,8.26481031435202,0.2896444314795123,0.384922206876835
4-riverton street_2018,12.61117133101134,8.151080860413604,0.2124572853915823,0.7131948758637233
4-robinson street_2024,12.959304217486569,9.39013444432619,0.2533716976235822,0.0085632306604878
4-rockaway beach boulevard_2017,16.177611835811437,12.014680442591477,0.3028991612612831,0.1846521721322369
4-rockaway beach boulevard_2018,16.42188139490777,12.014680442591477,0.3269092605905744,0.4108505803845022
4-rockaway beach boulevard_2024,15.409853900280115,12.014680442591477,0.3434177934513754,0.0615653556581548
4-rockaway boulevard_2017,16.565053395774143,12.34599124761296,0.3488453345967171,0.22274347129287
4-rockaway boulevard_2022,16.186513997568554,12.34599124761296,0.4384348532379175,0.111183528960615
4-rockaway boulevard_2024,15.826611549593222,12.34599124761296,0.4192124555402181,0.1331313126031829
4-rockaway point boulevard_2022,13.702097042330392,9.896817991337008,0.3119429993026621,1.6113361097171806
4-roosevelt avenue_2017,16.23591499009807,11.947244346608,0.3178738789927238,0.4396088526750018
4-roosevelt avenue_2018,16.33462519097707,11.947244346608,0.3527771433677664,0.1319927094584969
4-roosevelt avenue_2019,15.820312259506796,11.947244346608,0.3445339291251931,0.181070774892302
4-roosevelt court_2017,11.782232014833244,7.563677042543664,0.2228820792248654,0.5531952201325
4-rose avenue_2024,12.361189608715456,8.7920863026789,0.374531798445558,1.0045946065619882
4-rushmore terrace_2022,11.543660560210826,7.703575172081176,0.2894349212791953,1.1454004501668686
4-rust street_2019,13.467195759816049,9.594188213675324,0.3990290974370641,0.4130363736044824
4-rust street_2022,13.488794841348607,9.594188213675324,0.4377546807956604,0.6815805441884798
4-sanders place_2018,11.83107763763779,7.371323994320132,0.2432223072881069,0.537895895288654
4-sanford avenue_2017,14.925355785794384,10.636702442900267,0.3216137797749521,0.6435366800066109
4-sanford avenue_2018,15.024065964046557,10.636702442900267,0.3392708463198028,0.6897413874251125
4-sanford avenue_2019,14.509753179244443,10.636702442900267,0.3424069721410275,0.3968279147125008
4-sayres avenue_2024,13.41725624415228,9.9366786084909,0.3419988088700548,0.5585294838350011
4-schaefer street_2024,10.570195982121511,7.001829974617383,0.196587133952777,0.0954919814592206
4-seagirt boulevard_2018,15.657773568055813,11.197411518243817,0.3249538956590223,0.4877207500508939
4-seagirt boulevard_2022,15.037925106753812,11.197411518243817,0.3954539383940548,0.7187174566714754
4-selfridge street_2022,12.882865448298926,8.98831440815586,0.3298037567685872,0.6386381950595525
4-seneca avenue_2018,14.673143071207685,10.285789521158035,0.2928940304808174,0.1135965065825405
4-seneca avenue_2024,13.855007334058437,10.285789521158035,0.3231894769125586,0.0036931718376175
4-seneca avenue_2025,13.882246346389865,10.285789521158035,0.0,0.2272152506842634
4-seward avenue_2024,12.431542232295062,8.951043336557111,0.4191639524663263,0.6323881747143812
4-shaler avenue_2017,12.540562843859332,8.25214296693272,0.3166696093250332,0.5476588738113396
4-shiloh avenue_2018,13.01171923379167,8.551534665684821,0.2525188966149616,0.7145661479332452
4-shore avenue_2021,13.506733736235166,9.128195015214589,0.2626294812837917,0.705668461113617
4-shore front parkway_2017,14.95976239576584,10.740717291586032,0.2573690467796082,1.6841742585481176
4-silver road_2017,12.429383899842415,8.210585267701944,0.2588387005034521,0.425529139143906
4-skillman avenue_2018,15.180385951651926,10.793018997945037,0.343522704318266,0.3155404005801773
4-skillman avenue_2021,15.255798536879349,10.793018997945037,0.3565361430203151,0.3176534109477655
4-smedley street_2018,13.109041817252953,8.648839534911517,0.2896607473855757,1.102039741568368
4-smith place_2017,11.334562677003486,7.116296390307783,0.204939645381727,0.673913391444646
4-somerset street_2019,12.189750474261029,8.464021974189238,0.2752539720805106,0.4627272202749594
4-somerset street_2021,12.842459602425542,8.464021974189238,0.342082691635551,0.3924474110268609
4-south conduit avenue_2017,16.092176796830124,11.873117238295569,0.4198841100316905,0.521646862397574
4-south conduit avenue_2018,16.33348594455334,11.873117238295569,0.4442997923517529,0.6177768735351687
4-south conduit avenue_2021,16.25175627684891,11.873117238295569,0.4850032142119107,0.5939896090267268
4-south railroad avenue_2024,11.4412388869516,7.872358384139931,0.3547765914832262,0.5930505640216601
4-south road_2019,9.828676609021755,6.104922709647526,0.2494608596315831,2.8510532621845472
4-southgate plaza_2018,12.464739072233522,8.004693558296628,0.2003209839705647,1.1946191953988208
4-southgate street_2018,12.569803719289482,8.109725289438023,0.2408872937982615,1.2567834469581745
4-springfield boulevard_2017,16.618826658467388,12.39976428606821,0.3716990653436005,0.1710077968936812
4-spritz road_2021,12.368449588042791,7.990138255558134,0.273405386095098,1.3476314923424988
4-steinway street_2018,15.410713389808796,11.023342262518698,0.3638163135130054,0.3571848139329325
4-steinway street_2019,14.896400540608475,11.023342262518698,0.3598366072763111,0.445710936676691
4-stephen street_2018,13.22610749220957,8.838863446330867,0.243473501997937,0.1708392196849205
4-stephen street_2024,12.407973500926555,8.838863446330867,0.3215836241274623,0.0168571170664229
4-street felix avenue_2024,12.413828952466938,8.844718075236086,0.2775011115572734,0.8024499154503955
4-strong avenue_2019,11.263154473400975,7.390684544584554,0.2682989999873056,1.0015873060962357
4-stronghurst avenue_2022,13.03830396983296,9.197876050079588,0.3860382491284013,1.2564134402653706
4-summerfield street_2018,13.47568947069204,9.088413798575177,0.283198351370333,0.7064581946196176
4-summerfield street_2024,12.657554975160682,9.088413798575177,0.3377030060073456,0.0123237496888319
4-sunnyside street_2021,11.10238814991856,6.724928474769532,0.3046604089861988,2.727630581481151
4-sutphin boulevard_2017,15.39270498064969,11.173652382102697,0.3890764247903737,0.719399551704011
4-sutter avenue_2018,15.64020387981054,11.179842070192429,0.2963615420628681,0.0903889997276807
4-sybilla street_2022,12.21737438761804,8.322938987193853,0.3624817178402674,1.2886539684772025
4-talbot street_2017,12.121924937957958,7.90322268661088,0.2501441531327157,1.616214896713124
4-thebes avenue_2019,12.334920286511515,8.609163971899385,0.2647423868724585,2.117495709298761
4-thornhill avenue_2022,13.509194552087235,9.668729422093984,0.3267253271775813,0.3084401255362903
4-thornton place_2019,12.355325760631764,8.482454289888587,0.3071344983785962,1.7218733417638885
4-thursby avenue_2019,13.009562027845345,9.283718356228796,0.2262340090217666,0.3855344726192855
4-tioga drive_2024,11.901037872146702,8.420626874257621,0.3148946359766656,0.6668545386050214
4-totten avenue_2017,13.10590572892804,8.817374811766518,0.1534512975863715,0.0645697706493
4-trimble road_2017,11.18412939234629,6.8964503484739845,0.1920777317393193,0.7596369218287782
4-troon road_2021,11.820148018431114,7.442080973167053,0.3286136500086916,0.6699297293837607
4-tryon place_2024,12.047344709729698,8.566904653219373,0.2148332541805816,0.6644904713101408
4-tudor road_2024,12.33019266965888,8.849707172001327,0.2947261699575796,1.1011756670712698
4-turin drive_2019,11.534437142821446,7.808899180860871,0.3027466019131767,0.7011153502091222
4-tuskegee airmen way_2017,14.225288953567985,10.006266975728838,0.2547864517154614,0.776982686472178
4-tuskegee airmen way_2018,14.466597980975276,10.006266975728838,0.2782820547432351,0.2690342780792978
4-tuskegee airmen way_2019,13.73215730740312,10.006266975728838,0.2867075718062026,0.5340928307043368
4-tyler avenue_2019,12.584882754415537,8.711969693006882,0.5417704276154123,2.449538505950209
4-union hall street_2024,12.899540528483463,9.418994684860058,0.3458696500076179,0.3123990749886177
4-union street_2017,15.014791054767134,10.726135685258892,0.3415781144050799,0.7141255869451371
4-union street_2024,14.29536530720577,10.726135685258892,0.3893980237113186,0.2581245202094552
4-ursula place_2022,10.741637027287696,6.848004170617273,0.3001045924503381,0.7240158042224115
4-utopia parkway_2017,16.120715015580654,11.832045152072032,0.2997167292757132,1.3924503739312275
4-utopia parkway_2018,16.219425215439554,11.832045152072032,0.3297944521971154,0.0051865266873
4-utopia parkway_2024,15.401289055606782,11.832045152072032,0.3780164661618649,0.2945335474008827
4-van siclen street_2024,11.139149227512902,7.658982078730025,0.2050498078715107,0.2217826256748682
4-van zandt avenue_2017,13.617366633204638,9.398381844174766,0.271373334409857,0.339182845314184
4-van zandt avenue_2022,13.238827766555746,9.398381844174766,0.3467551035767969,0.4938422187255772
4-vermont place_2018,13.920397192616528,9.533081470027414,0.3271015801876609,2.1755468598233225
4-vernon boulevard_2018,15.466559514006663,11.079187511505888,0.4082319072662764,0.6807709094918899
4-vernon boulevard_2019,14.952246657396314,11.079187511505888,0.4266327817946101,0.1200914802578204
4-vietor avenue_2021,12.17107327632729,7.708717251236587,0.2770088776556887,0.7644906206280805
4-walnut street_2022,10.93311781048198,7.039303707653658,0.3040184917714744,0.6902429674125555
4-waltham street_2018,13.623446812866527,9.16317483508081,0.2525959923987484,0.695843542107688
4-waltham street_2021,13.541717241491444,9.16317483508081,0.3125428794753132,0.2617486904252765
4-wareham place_2017,12.340836542386722,8.122062701075942,0.2310591599268708,0.7173518692567626
4-warren street_2017,13.10484834687198,8.816317584279735,0.2481868118098651,0.5233074012680465
4-warren street_2019,12.689246619255924,8.816317584279735,0.3128101302917936,0.5780729727144799
4-warwick avenue_2018,12.6349682317541,8.24783959256735,0.2657996523060967,1.053719519777373
4-warwick crescent_2022,10.835901553638347,6.996270577841912,0.3092133086485784,1.4047234965882578
4-weirfield street_2018,12.995301724630002,8.608094850915124,0.2485034636752558,0.3639484279052307
4-weller avenue_2017,13.13272037549669,8.913786495295488,0.2081444063961862,0.3368293157180261
4-welling court_2018,10.96536846835938,6.5793536488805495,0.3085161593546229,2.8954035217571867
4-west 10 road_2024,11.16098923138024,7.680812204210277,0.2409157210600074,0.7428416975837973
4-west 11 road_2024,11.092360367023792,7.612215121182636,0.1292117314800062,0.4628531252168946
4-west 12 road_2024,11.11843922644638,7.63828164625411,0.2300164306019718,0.6674703337699622
4-west 13 road_2024,11.059186594862506,7.579057510851419,0.2436220826577504,0.5727294270808058
4-west 14 road_2024,11.099230659121943,7.619082132625616,0.1322374523965431,0.609221945622184
4-west 15 road_2024,11.06262596209084,7.58249517745643,0.216223108469636,0.3012890758579978
4-west 16 road_2024,11.219569845887577,7.739367363004083,0.202236866494896,0.5561239843932775
4-west 18 road_2024,11.423044651643703,7.942764482070008,0.2106520634201805,0.4748045861867772
4-west 19 road_2024,11.160703046739856,7.680526147623786,0.153164972502499,0.7135378702076793
4-west 20 road_2024,10.804831864136377,7.32484622566042,0.2208420543259305,1.0761621598305178
4-west 5 road_2024,8.931039957849602,5.454569103893018,0.0826917158451133,1.08041437313302
4-west 8 road_2024,10.074258003553782,6.594959514410442,0.2463211396269154,1.3981241128734678
4-west 9 road_2024,10.415368471872895,6.935686915758181,0.2746667043397106,1.1428524346468332
4-west alley road_2019,12.194486846504926,8.468757373799184,0.4704995380086881,0.215756332880192
4-west alley road_2024,11.949178406017593,8.468757373799184,0.4967966416841221,1.2871643952127003
4-westbourne avenue_2021,12.88097132931995,8.502525832450933,0.3305984239986039,0.3288000231726789
4-westmoreland place_2019,10.934380623703944,7.062145838493106,0.2983393669257689,1.3018252044934406
4-wetherole street_2024,13.082615336465771,9.513436144271568,0.3226941184114895,0.6796565903774461
4-whitehall terrace_2017,13.533255908897114,9.314278283608576,0.2183106998248072,0.3754181867558677
4-whitelaw street_2021,12.494939336202414,8.116588254180453,0.3102005893618142,0.662533321942109
4-willets point boulevard_2024,14.517548788048702,10.948314913597676,0.4342891917489179,0.0211742352314064
4-winchester boulevard_2017,14.790689777364689,10.57164860173235,0.4069227929195537,0.8327351947669989
4-winchester boulevard_2024,14.052248273373351,10.57164860173235,0.4297056294828652,0.4624753628249439
4-wood street_2025,12.054335940482057,8.561048900157349,0.0,0.4081947126790305
4-woodhaven court_2017,10.80275915375424,6.585054185691695,0.1931558989596647,0.8328221626324274
4-woodside avenue_2017,14.916085261342769,10.627432139074594,0.3261797993260254,0.062880898039201
4-woodside avenue_2018,15.014795439306386,10.627432139074594,0.3475606299977546,0.1950732407191178
4-woodside avenue_2021,15.090208021192607,10.627432139074594,0.362490948340369,0.8864498898631339
4-woodward avenue_2019,13.804636699192136,9.931610047613598,0.3195520288675972,0.3080727620995149
4-wyckoff avenue_2024,11.9959074416994,8.426869235337008,0.3200199021512795,0.8840154433223664
4-yellowstone boulevard_2024,14.557636084697853,10.988401538623778,0.3552946814697739,0.5898955507494708
4-zion street_2019,11.054124991955195,7.328831363662811,0.2457433832314507,1.9969155448611868
5-1 street_2022,11.807380540917858,8.00393787158345,0.262974578798306,0.61664403457383
5-2 street_2022,12.014483773304182,8.210979988712928,0.2879761468547236,0.6381100446300367
5-7 street_2022,13.140856460403578,9.33717316903463,0.0972334627991454,0.2203396239814755
5-8 street_2022,13.37118657721995,9.56748556733316,0.2704560646791285,0.6280751838162304
5-9 street_2022,12.302619210053155,8.499048932931913,0.3270744741624417,0.6403264043763627
5-abby place_2022,10.936464090082838,7.13347513277731,0.2179536363858755,0.6422748501861888
5-abingdon avenue_2018,14.32859024449676,9.983921682905908,0.299259531133106,0.8437200390393196
5-abingdon avenue_2022,13.787645994302428,9.983921682905908,0.3858124695631095,0.009058844488346
5-acacia avenue_2021,13.129173503129556,8.716173579725456,0.2821875531341402,0.3123259033645408
5-acorn court_2024,10.016912645205018,6.555059145062391,0.0,0.2111519384618316
5-ada place_2019,10.700564117209542,6.947304349553553,0.1786164766014092,2.748884995540546
5-adele court_2025,9.868979624590906,6.491833901377931,0.0,0.2824685053988935
5-adlai circle_2024,11.37522296028821,7.912344973221463,0.341386251423642,0.1808204306676874
5-akron street_2024,11.79298020376142,8.329981079423327,0.3109017757806018,0.8509198644324872
5-alabama place_2022,10.32503413254856,6.522702683126364,0.2900322497967345,0.1126141443691343
5-albion place_2021,12.7149375433341,8.302020719749175,0.3064265252520027,0.8809536675844696
5-albion place_2022,12.105547622596768,8.302020719749175,0.2944240003777135,0.0213700257361924
5-albourne avenue_2021,13.985124964349314,9.572031908897666,0.3017702335639654,1.050646784373234
5-albourne avenue east_2021,12.026292210364849,7.613618166269144,0.3056700001875512,0.6927471005386056
5-albright street_2024,10.57325854348588,7.110816740656603,0.189479783494125,1.2048923813853196
5-alden place_2022,10.830543226030937,7.027641435040712,0.2587377872383178,0.6845099871642818
5-alexander avenue_2019,12.079952209990092,8.32598978810412,0.2679390364032634,1.8402956328881204
5-allen court_2022,11.723891940926752,7.920477717641729,0.3160980174260756,0.0381624610943489
5-allen court_2024,11.383358578892809,7.920477717641729,0.343834233062282,0.0925791812930932
5-allen place_2024,11.365793170820709,7.902918544528439,0.3327708135180266,0.0958554856435213
5-allendale road_2022,11.934843362438205,8.131361595216816,0.263042767264074,0.8312555826775745
5-allison avenue_2024,12.371552195193336,8.908450435549415,0.3583975972501785,0.0401817896328318
5-almond street_2024,11.718073923939844,8.255092971206793,0.3013809168099428,0.7535364805727293
5-alter avenue_2022,13.31994379982401,9.516246386701692,0.2787006837871845,0.02557027611153
5-alter avenue_2024,12.979407818347832,9.516246386701692,0.2618336197216883,0.0913934284292105
5-altoona avenue_2019,10.908446933699242,7.155010956414277,0.2307337205808854,0.6973383851784134
5-amador street_2024,12.36112315952196,8.89802277327536,0.3663976399172549,0.0350775266126961
5-amazon court_2022,10.106326982697636,6.304346754997161,0.0630668505261149,0.177476505130755
5-amber street_2019,13.061063428447111,9.306953176644008,0.183189235807177,0.7158377904796438
5-amber street_2022,13.110633825361882,9.306953176644008,0.3228954476763601,0.0116320842297076
5-amber street_2025,12.685476360531236,9.306953176644008,0.0,0.0152826235311569
5-amboy road_2019,15.819670453129916,12.065477152933328,0.3549130186842343,0.6441669983382267
5-amboy road_2021,16.47863333145658,12.065477152933328,0.3824313933980052,0.5165293266826688
5-amboy road_2022,15.869240946365323,12.065477152933328,0.4109089318905053,0.2001614749222856
5-amity place_2024,11.961260985272016,8.498225676250806,0.4219944100593749,1.4282517108803976
5-amity street_2019,10.483186127341282,6.730154265856148,0.2783362100335432,1.5456244617027726
5-amsterdam avenue_2017,12.75374302949386,8.54003184387727,0.24971547452793,2.305979326062061
5-amy lane_2022,9.96324246282347,6.161537177905381,0.2394799706339032,0.456791735273505
5-anderson street_2019,12.935468700701309,9.181370314138997,0.2265795021338299,0.763419233545277
5-andrews avenue_2019,12.024972780529458,8.271023723595798,0.1213744623538911,0.8690313953898946
5-andrews avenue_2022,12.074542990465408,8.271023723595798,0.3205477937226849,0.0535407669280298
5-andros avenue_2019,12.62082126608303,8.866760051929573,0.2227625263524653,0.4550803286503597
5-andros avenue_2022,12.67039160611952,8.866760051929573,0.293371737916537,0.3014370376841167
5-andros avenue_2024,12.329856233758054,8.866760051929573,0.2947261699575796,0.0320798934634116
5-androvette street_2024,12.046277692286491,8.58322629084005,0.2824962354194154,0.0281014301108748
5-ann street_2022,11.948814700681954,8.14532894307683,0.3083493777093144,0.6258849535007776
5-annadale road_2018,15.06862940035982,10.723937026886324,0.3294515878571206,0.6982839646650977
5-arbutus avenue_2024,12.813277154716816,9.350128615787291,0.2102795545687879,1.005582839352917
5-arc place_2022,11.331696359255906,7.528452666253441,0.2882632988558216,0.8484828722689131
5-arcadia place_2024,10.670358414524287,7.207843445865477,0.2597082204093748,0.9343663786013854
5-arden avenue_2018,15.681190272600208,11.336487947689342,0.4440489182499333,0.6621208019548224
5-arden avenue_2019,15.090675217638912,11.336487947689342,0.4425198718905201,0.0298500219688853
5-arden avenue_2024,14.79970916433963,11.336487947689342,0.5027681711343418,0.1141319340449126
5-ardmore avenue_2018,13.56565898602494,9.221042542783174,0.2121641999729444,0.4673751778920435
5-ardsley street_2019,12.941203429267386,9.18710446785046,0.1942649409701213,1.1962530838107168
5-ardsley street_2022,12.9907738130868,9.18710446785046,0.2883681115829168,0.0312079271241931
5-area place_2021,12.581088507252929,8.168206773438824,0.298962387871561,0.7734821532122194
5-area place_2022,11.97169894784242,8.168206773438824,0.2709248033415614,0.055150844464848
5-argonne street_2019,9.541713759698846,5.790504164475739,0.1941560144409574,1.259568330826808
5-arkansas avenue_2018,11.8697919280249,7.525610074594522,0.1661089688161319,1.6472152767681305
5-arlington place_2024,12.29759553104378,8.834503827262282,0.3825443239171494,0.0213700257361924
5-arnold street_2018,12.818130721980532,8.473622839537516,0.2551801860383263,1.0564352097689236
5-arnprior street_2021,11.620630444126846,7.20820036442112,0.3221827596784012,0.7012145516377041
5-arthur avenue_2019,12.552941598787635,8.798890055916903,0.19480939571216,0.7235308851943855
5-arthur avenue_2022,12.602511927606171,8.798890055916903,0.2686791253261655,0.0198026272961797
5-arthur kill road_2021,16.271743436452745,11.85858856462468,0.4330381495250223,0.8005206688282747
5-arthur kill road_2022,15.662351064813391,11.85858856462468,0.4489526013092811,0.1788990399926247
5-arthur kill road_2024,15.32181448140037,11.85858856462468,0.4221612916088537,0.4151513776975852
5-ashland avenue_2021,13.591605846108454,9.178545967404528,0.3024357139640876,0.9564725215069868
5-ashland avenue east_2021,12.281501165205674,7.868717262767839,0.3036497974802752,0.6292484547097136
5-ashton drive_2022,11.55789504989861,7.7545449508348465,0.271373334409857,0.7075923449914415
5-aspinwall street_2022,12.981128768022725,9.177460392632696,0.3430947773817064,0.5288030569966433
5-athena place_2021,11.676445396141476,7.263975604647641,0.3018909907817262,0.6758992871503919
5-atlantic avenue_2022,13.385048850369682,9.58134689873782,0.2799209401924139,0.3883189492731939
5-atlantic avenue_2024,13.044512826919297,9.58134689873782,0.3190804939093437,0.0569472804417501
5-augusta avenue_2024,12.35990230961742,8.896802085082648,0.3640043400114144,0.0302381830606099
5-aultman avenue_2019,11.89804740855016,8.14413216139274,0.2580816026754902,0.714419315835485
5-austin avenue_2022,11.909206125790655,8.10573182743467,0.2745074314458222,0.7008673035750834
5-austin place_2024,11.688444252482062,8.225470871744681,0.3364722366212129,0.0360425913469293
5-avalon court_2024,9.123719411222108,5.663852741211873,0.0,0.3241827434884756
5-avenue b_2022,11.352400652203231,7.549146189076008,0.2794126809692742,0.6637183698691331
5-avon green_2022,10.50262201453626,6.700056730011517,0.2953000407315934,0.95954177386847
5-avon place_2024,11.239874892184076,7.777048315595518,0.3228328435278942,0.6191238202111591
5-baden place_2024,12.606752008101571,9.143622791257563,0.246620585654007,0.7032955116117604
5-balsam place_2024,12.069713958908087,8.606658356594489,0.3632052988182817,0.838718303879164
5-baltic avenue_2024,11.827178887122892,8.364171908296612,0.2872509450469569,0.9031244353423962
5-baltic street_2024,10.974969377876665,7.512265971107207,0.150202007371842,0.3597003627404201
5-bancroft avenue_2022,13.05538597638146,9.25171036985799,0.3331052300733086,0.673301552339239
5-bank street_2019,10.74011309968155,6.986816930816703,0.2050993770328933,2.747290144839813
5-barb street_2022,11.256383193825377,7.453180612459872,0.2686791253261655,1.4738472581277522
5-barbara street_2019,13.004426982698597,9.250321897451393,0.1484200051182732,1.1813897151256778
5-barbara street_2022,13.05399737362086,9.250321897451393,0.3008885987625467,0.0120273802127184
5-barclay avenue_2019,13.833567328792858,10.0794093615097,0.3203968737060356,0.8989410935390421
5-barclay avenue_2024,13.542601512815736,10.0794093615097,0.3696592473590254,0.0136070034062169
5-baring place_2019,9.53969480310806,5.788491240259934,0.2614588773526785,0.7345290183387145
5-barker street_2022,12.09728194448726,8.293757054269633,0.2736129770033617,1.3551390351122343
5-barlow avenue_2018,14.974057028058477,10.629366809564573,0.2779354802409823,0.5441249941669167
5-barlow avenue_2021,15.042504771103458,10.629366809564573,0.3488360809975759,0.3824011685096127
5-barlow avenue_2022,14.433112573550355,10.629366809564573,0.3555763014363244,0.2600539053343068
5-barry street_2024,11.626120203076134,8.163163500793658,0.3013809168099428,1.5859440810183671
5-bartlett avenue_2018,13.372598342553882,9.028002694662426,0.2163233540714441,0.8501081934137071
5-bartlett avenue_2024,12.491119218011978,9.028002694662426,0.3093664401888705,0.0220549907808313
5-bartow avenue_2024,11.593270217657132,8.130322733566233,0.2008274229916624,0.9395383985938456
5-bascom place_2017,12.27585519412033,8.062261996524411,0.2044070222000276,0.5963609118722534
5-bass street_2018,11.072389574757766,6.728856554732951,0.2591201415898669,0.7225117891898493
5-bayview place_2024,11.135403332662596,7.6726214778451025,0.31782657524975,0.7013137432263387
5-beach avenue_2024,12.941186393199896,9.478027740983451,0.3277186126949781,0.0617533962754821
5-beach street_2024,12.354693975678554,8.891594443253085,0.4591692870800254,0.6918463348268972
5-beachview avenue_2024,11.326885055201224,7.864024635699711,0.166877234366481,0.6686495489595451
5-bear street_2024,11.57715173110518,8.114208882020746,0.2483406623597447,0.6533663105481008
5-bedell avenue_2024,13.346544978008334,9.883361624877834,0.2747126697277815,0.5888971591861462
5-beechwood place_2022,11.969705258637974,8.166213637450424,0.2853263587593219,0.8537342452078939
5-beekman street_2021,12.573134682336024,8.160255185193941,0.322513556902721,1.4087405499497208
5-belair road_2019,12.596830478637926,8.842772607873723,0.201991176308983,1.613828260735393
5-belfield avenue_2021,13.396002546042794,8.982964699239846,0.2765665385915841,0.4317824164255378
5-belfield avenue_2024,12.44607586694007,8.982964699239846,0.2557108799767544,0.2353882777306468
5-bell street_2019,11.161446289599706,7.4078398209502225,0.2700271372130602,2.103999998930319
5-belmont place_2018,12.56912423159045,8.224674649465067,0.2536590952401602,1.6715296927410852
5-bement avenue_2019,14.003586462128878,10.249422091908096,0.3314181841520134,1.455563861008344
5-bement avenue_2025,13.627998802576656,10.249422091908096,0.0,0.0062802379571504
5-benedict avenue_2019,12.873851701740096,9.119759704246116,0.2413108552696587,0.9050679918516744
5-bennett avenue_2025,12.498292958822685,9.119787826702504,0.0,0.8047779967311307
5-bennett street_2021,12.857492825126268,8.444543448888837,0.3152106198813513,0.8112857085769868
5-benton avenue_2024,12.126659650803417,8.6635942421158,0.2685344030376468,0.1573455707237775
5-benziger avenue_2018,13.342519087371013,8.99792705633038,0.2727114143388593,0.7737128283995125
5-bertha place_2019,11.778557651650331,8.024678403008153,0.239516713051191,1.6492738209312996
5-bertram avenue_2024,11.687810087779855,8.224836871570446,0.1527422288902003,0.0725996924143435
5-beverly avenue_2024,11.508110664420888,8.045188535910485,0.1372600646628345,1.3827380449171134
5-beverly road_2019,12.488719119887149,8.73467735173114,0.1987207435930721,1.0330065315701158
5-bidwell avenue_2021,13.313895929280816,8.90086869407271,0.2934303595301291,1.212714484262691
5-bidwell avenue_2022,12.704504871693413,8.90086869407271,0.2683416896911868,0.009058844488346
5-birch avenue_2021,11.905017074532523,7.492405910363732,0.2985813629098165,0.7152021713407766
5-birch lane_2022,9.721798200626331,5.920655863269266,0.263268832597918,1.1816965200615075
5-blackford avenue_2022,12.02346705096024,8.219960891091404,0.3279324750730784,1.3432824705265995
5-blaine court_2024,10.754460637637091,7.291887788057366,0.3240805043260494,0.7232398208671146
5-bloomfield avenue_2021,12.988059483288604,8.575084100595664,0.1156498640414475,0.7853160680313224
5-bloomingdale road_2022,14.622690821253745,10.81894097210513,0.4016620843930654,0.8645341723011203
5-bloomingdale road_2025,14.19753252062119,10.81894097210513,0.0,0.0043903483012928
5-bogota street_2022,12.254171517140325,8.450611124530827,0.211682777991346,1.096476676537688
5-bombay street_2022,11.511684956940725,7.708354685061746,0.2299950262633115,0.9703621636618824
5-bond street_2021,12.307614400978364,7.894820758296504,0.2744094480661745,1.4274602964857117
5-boone street_2022,11.82559842546695,8.022149858268154,0.3271855510530088,0.6660842610102562
5-borman avenue_2021,12.24264987373376,7.829880941615927,0.3137102445061167,0.924139846817554
5-boscombe avenue_2018,13.342077536284718,8.997485559152283,0.3061938773149519,3.307736158150837
5-bosworth street_2022,10.961142402201595,7.158134427351036,0.1862354561150909,0.8310378078993886
5-bosworth street_2024,10.620612799157795,7.158134427351036,0.2597082204093748,0.0684994164246923
5-bowdoin street_2022,12.181216485025198,8.377671910281817,0.325062858683055,1.09677727272238
5-bowles avenue_2022,11.546715700786502,7.743370314759255,0.314381278807021,0.7232398208671146
5-boyd street_2024,10.97569180085103,7.512988011894746,0.3079916706079952,1.4226262903672808
5-boyle place_2022,10.122663988417674,6.320654793644964,0.3431724291910324,0.8525412327101952
5-boynton street_2021,11.481785689616924,7.069464560182725,0.2697133789089644,0.7209082513453356
5-brabant street_2021,13.01736789611438,8.604387127764783,0.3706183767779962,2.719102235088578
5-brabant street_2024,12.06744232719108,8.604387127764783,0.3836190150469149,0.0566638471175417
5-bradford avenue_2021,13.715238237038957,9.302166498498634,0.2916126935937232,1.0798371333417756
5-braisted avenue_2022,12.814502201816532,9.010852146036417,0.2847365622220241,0.6996758225226456
5-brehaut avenue_2024,12.09266123897612,8.629601617726895,0.265013272639068,0.0571361913708091
5-brenton place_2022,11.3810217436313,7.577752754431509,0.2865049092787661,0.0634441725565347
5-brewster street_2024,11.062595277791733,7.599847469865011,0.2286456284681931,0.7353442292597336
5-briarcliff road_2019,11.436927301084603,7.683178206230723,0.2170935408209367,0.9760679359100156
5-bridgetown street_2019,12.673060920561824,8.918992697817322,0.2721604471476898,1.244817198595315
5-bridgetown street_2024,12.382095831468224,8.918992697817322,0.3315339549806304,0.035463664275569
5-brielle avenue_2021,14.518736358015015,10.105614849804695,0.4069791129393794,2.5334825052806824
5-britton avenue_2024,12.692695035363702,9.229557290748543,0.2109623814986987,0.6017991411006399
5-britton street_2024,10.709138662907318,7.246596399903889,0.2327524104208465,0.0554347068881005
5-broad street_2017,13.831894784053176,9.61805652200201,0.374688910578532,2.0834833625061675
5-broadway_2018,14.289590347796464,9.944923597234045,0.3244445303449173,2.4620558816269886
5-broadway_2024,13.408109901037657,9.944923597234045,0.3280283295701043,0.7404123730270595
5-brook street_2022,12.241483388657496,8.437925664828636,0.5723743859072322,0.6801632530016505
5-brookfield avenue_2022,13.534077374572476,9.73036608184981,0.3102202856451261,0.0117309228756986
5-brooks place_2022,10.372905374105024,6.570506754981162,0.2614588773526785,1.1771153501560534
5-brooks place_2024,10.032381412227256,6.570506754981162,0.2516974966632958,0.2881069821648613
5-brower court_2024,10.774047048260709,7.311461403058622,0.3774912560657583,0.4097890795882188
5-brunswick street_2019,11.47462266454177,7.72085693256986,0.1847986450063164,0.6522210139472995
5-brunswick street_2024,11.183660025940856,7.72085693256986,0.3115332882739608,0.1131500979326558
5-bryant avenue_2022,13.108553050115054,9.304872586294325,0.250787540528736,0.009058844488346
5-buel avenue_2021,14.662163583501352,10.249036683252822,0.3558895987549896,0.5887861652352026
5-buel avenue_2022,14.052771499822429,10.249036683252822,0.3442633967306527,0.0109399400383343
5-buel avenue_2024,13.712235172427729,10.249036683252822,0.3714720860459569,0.0253753063312282
5-burbank avenue_2022,13.001384850789613,9.197714449322646,0.2334432678344735,0.0097522914426782
5-burgher avenue_2021,14.132447006166684,9.719344525379238,0.3560526042068064,1.244845997535516
5-burgher avenue_2024,13.182519070004002,9.719344525379238,0.4031636111198852,0.0681258290476004
5-burton court_2022,10.76980705562535,6.966959569248232,0.2198439961170443,0.890275244670873
5-butler boulevard_2021,12.601125493714685,8.188238203566266,0.2458202599852395,0.3487536531907226
5-butler place_2019,11.210812923805715,7.45717792604732,0.2805344962562409,0.6446394764949018
5-butler place_2022,11.26038276936042,7.45717792604732,0.2865049092787661,0.0335314832087923
5-calvin place_2024,9.600157462010156,6.139016343200471,0.2382020151884112,0.6161041360616332
5-cambridge avenue_2018,12.880270357001848,8.535750051508845,0.300104592450338,0.426182349696886
5-camden avenue_2024,11.203268580041758,7.740457145107698,0.2050498078715107,1.019749440242385
5-campbell avenue_2022,11.887150576490036,8.08368285852224,0.3022808718729336,0.663460870189585
5-campus road_2021,12.143879715825529,7.731151566089669,0.2700971676763403,3.626740717854538
5-canal street_2017,13.415505673969896,9.201701257598469,0.2890863147999991,1.9057427021767663
5-cannon boulevard_2024,12.569227235589356,9.106101978267423,0.3349933110373799,0.0603422290061617
5-canton avenue_2024,11.742088496436674,8.27910156912649,0.3274000094489021,0.0439211870579281
5-carlin street_2021,11.729318108102293,7.316812687100797,0.1750654623261819,0.7121651863957071
5-carlton avenue_2018,13.421504725314668,9.07690342406546,0.2559333741372006,1.0250733853332394
5-carlton boulevard_2017,14.092573334871249,9.878720034736869,0.2329428752747048,0.0148886124937506
5-carlton boulevard_2024,13.341903157943642,9.878720034736869,0.2805135829731683,0.2969886317720805
5-carlyle green_2022,12.213877999123325,8.410326200014417,0.3028604140508467,2.522611791966649
5-carlyle street_2018,10.895244757416291,6.551940474049513,0.2843313947732438,1.3608483397884157
5-carmel avenue_2018,12.208699732624128,7.864364912997196,0.2747923380624184,1.6103375076769364
5-carolina place_2019,10.11253937141178,6.360030693316338,0.2297880940328783,0.750377814014217
5-caroline street_2022,11.90346136135094,8.099988763026081,0.2803019651541584,0.8738006802532029
5-carpenter avenue_2021,12.528709863399389,8.11584319124981,0.3149607135949075,1.687472451239442
5-carpenter avenue_2022,11.919320459085888,8.11584319124981,0.3203770141133552,0.0455468149559703
5-cary avenue_2018,13.97364430384609,9.628995145613825,0.3141679919421873,0.9887974226609032
5-cassidy place_2024,12.076705930364854,8.613649093711029,0.3096375531090617,2.167177655983923
5-castleton avenue_2017,15.132676475993843,10.918790525617096,0.3782304200623265,0.4580575582273349
5-castleton avenue_2018,15.263486745656037,10.918790525617096,0.3886579897917832,2.7501130254745965
5-castleton avenue_2021,15.331934493920642,10.918790525617096,0.4199972192950059,0.2176887006312459
5-catherine street_2021,13.120610366421706,8.707611835574255,0.3209058015026114,1.0814322194582568
5-catlin avenue_2022,11.2146893736306,7.411510918411394,0.2961753143104485,0.0773313429363234
5-cebra avenue_2022,12.916395997346912,9.112734378837626,0.4881887825349587,0.733232904099231
5-cecil court_2024,9.968434454904232,6.50664941707206,0.0,0.1561486824899313
5-cedar avenue_2019,12.307945826248096,8.553935193827035,0.24608190726989,1.205581509665352
5-cedarview avenue_2022,12.226884422354267,8.423329811405717,0.3373122198709379,0.0238141780992548
5-center street_2019,13.000934711469338,9.246829954476777,0.2322448655605553,0.7962902394768138
5-centre avenue_2019,10.258039065865775,6.505301679509757,0.2514451386921764,0.7648630081015455
5-charles avenue_2021,13.131466782878515,8.718466488555704,0.3053197281294462,1.3075757764084854
5-charles court_2022,10.184986928078938,6.382871467363223,0.2614588773526785,0.8219800524029137
5-charles place_2024,9.034398623651557,5.574845875176022,0.0,0.2974343638944592
5-charleston avenue_2024,11.930468834565406,8.467439699824704,0.3309149515563466,0.9265578442299328
5-charter oak road_2024,9.824939601992922,6.363377764356019,0.3115332882739608,0.3393253056036194
5-chelsea road_2017,13.971572938309404,9.75772613320344,0.1257069378790399,1.463880207024861
5-chesebrough street_2018,12.262091642527304,7.917737107064801,0.1930821666589283,0.5498540107334691
5-cheshire place_2024,11.272196636908973,7.809357143805171,0.2583775482236697,1.5543479461161405
5-chester avenue_2024,12.28250489782483,8.819415338850973,0.3220002040126785,0.8229905307086952
5-chester place_2024,10.86132062391728,7.398680911951556,0.2463211396269154,0.9880903274899296
5-chestnut avenue_2022,12.485440351047504,8.681836803321396,0.270452378655889,0.9858914186039908
5-chestnut street_2024,9.971966627769646,6.51017648898888,0.0602188599930547,0.7013633353312858
5-cheves avenue_2021,11.745718846123449,7.333202750231574,0.3117062358194015,1.4316978445737405
5-chisholm street_2018,12.05694322268451,7.712670544564133,0.2829339759557066,2.3577264739902484
5-christopher street_2019,11.712433634379044,7.95857623450132,0.1605924718947406,0.6182080938954516
5-church lane_2019,9.91394578228635,6.161808044572351,0.2774555406679496,0.7943490610689127
5-clarence place_2022,11.54676457626741,7.743419169520198,0.3305725144940246,0.7004206645264437
5-clark place_2024,10.10704871244711,6.64507640334263,0.1823215567939546,0.8039727356488299
5-clawson street_2024,13.749145098490908,10.285945367006708,0.3767283631389193,0.0517381954044144
5-clearmont avenue_2021,12.878830211655584,8.465876349988417,0.3068045732686028,0.6677780892094041
5-cletus street_2024,10.403361188605404,6.941065791448551,0.316571082303918,0.1406311297397456
5-cliff street_2022,11.86483646004998,8.061375548919667,0.2970498224553811,0.8393232907175466
5-cliffside avenue_2024,10.589407117396902,7.126952649043784,0.0921704597996571,0.7019086862285181
5-clifton avenue_2019,13.457140433057177,9.70300118354083,0.2552413158801216,1.2562426217596172
5-clifton avenue_2025,13.081553048126963,9.70300118354083,0.0,0.2602080954510258
5-clinton avenue_2018,13.281360217593628,8.936775884659761,0.3473783430195519,0.7620200448463207
5-clinton b fisk avenue_2022,12.638833615862689,8.835206481504436,0.3250021440720653,0.0939456128425278
5-clinton b fisk avenue_2024,12.298298284380694,8.835206481504436,0.357019712085571,0.2148694148619641
5-clinton place_2025,12.079961164177927,8.701510957261439,0.0,0.6662383640027275
5-clinton street_2024,11.19277235042612,7.729965360293406,0.2772833652308823,0.6508136275438667
5-clove lake place_2019,11.930501514554258,8.176577210073347,0.2476038488843704,2.168596452990729
5-clove road_2017,15.622051260161507,11.408158403241298,0.32687684071953,0.6304203506516403
5-clove road_2018,15.752861542535548,11.408158403241298,0.3586064539469465,0.9938812045063404
5-clove road_2019,15.162346478956936,11.408158403241298,0.3661810398168019,0.2960965710527993
5-clove road_2024,14.871380419131857,11.408158403241298,0.3846171070129367,0.3728041658686032
5-clyde place_2018,10.29311567533962,5.950974406632665,0.2742114681934814,2.5452567241158004
5-colfax avenue_2022,12.646543834284412,8.842915607168436,0.2745074314458222,0.0186254641231648
5-colgate place_2022,11.402960095507312,7.599680249889172,0.3023067514552385,0.678896114790085
5-college avenue_2021,14.54879049123914,10.135667788250124,0.3650199012761652,0.6063903166336634
5-collfield avenue_2017,14.22490738268687,10.011047823484136,0.2307130832591137,0.195402296332485
5-collfield avenue_2018,14.355717603773924,10.011047823484136,0.2585784297673024,0.3709426740697414
5-colon avenue_2018,14.552346159170304,10.207668467803934,0.2696665113687648,0.6296214796800671
5-colon street_2024,11.998775428804038,8.535732849965788,0.2115827289131337,0.3106414765866914
5-colony avenue_2025,12.508780432819872,9.130274197493266,0.0,0.0214679066152409
5-colorado street_2019,10.42315030205016,6.670190607119037,0.239204359464394,0.6904936630943819
5-columbus avenue_2024,11.656909638195549,8.193944566507934,0.3810310827708822,0.6873302952383804
5-columbus place_2021,11.904782413628023,7.492171378666434,0.2770088776556887,0.7076909060007861
5-combs avenue_2019,12.17679894012308,8.422814690627844,0.1354640476526082,0.6090588001776587
5-confederation place_2024,11.621054111731976,8.158098811401045,0.1765578520772045,0.0310140535291694
5-conger street_2022,11.179906167331698,7.376748623040778,0.2953000407315934,0.0793655553807404
5-congress street_2024,10.317528530214716,6.855317101479987,0.2189970353523612,0.6539384673346647
5-continental place_2024,12.284548205198874,8.821458353915245,0.339634016876839,1.606052187329892
5-cooper avenue_2024,11.155391520512053,7.692600744117265,0.2936984206379266,1.0408066065717223
5-cooper terrace_2022,11.032175796168769,7.22911562813582,0.2505298068204882,0.7457870678841247
5-copley street_2021,12.79750315846596,8.384566917900118,0.2950181114939642,0.6277015814848761
5-correll avenue_2021,14.276922386768552,9.863811917785332,0.3529928000253817,0.1036390347594859
5-correll avenue_2022,13.66753047224912,9.863811917785332,0.3178062723714102,0.062880898039201
5-correll avenue_2024,13.326994295249774,9.863811917785332,0.3673388846017402,0.0230326991105726
5-corson avenue_2018,14.917651012640086,10.57296217989274,0.3165312697766798,0.4490991451282257
5-corson avenue_2021,14.986098754479858,10.57296217989274,0.3421702577358506,0.028976108236517
5-cortelyou avenue_2021,14.334822749075563,9.921709388905366,0.3555784526008035,0.3530483758830336
5-cottage place_2021,12.140765100725304,7.728038303652817,0.2710200562149671,1.6144453542446395
5-country drive east_2024,9.987219909947166,6.525407948745778,0.0,0.2974343638944592
5-court street_2024,10.690059348749678,7.227530381998719,0.2868196316911223,0.6652105618669226
5-coventry road_2024,11.22808071165684,7.765258953189802,0.2844008329997463,0.0512632939375415
5-cowen place_2019,10.465692944397,6.7126816658714965,0.2476038488843704,0.6914457339201878
5-crafton avenue_2018,13.232684256139862,8.888106395548068,0.2190650701667739,0.53508887590167
5-craig avenue_2017,14.362438217589794,10.148572974234494,0.2726479014196947,1.5609616989769857
5-creston place_2024,9.376525757562645,5.915908143933896,0.162001554302997,2.424094510391243
5-crittenden place_2021,10.766875516283218,6.355431362381806,0.2806367645059487,2.2381958940406954
5-crittenden place_2022,10.157500770731238,6.355431362381806,0.2814124594381855,0.1649210421137872
5-croak avenue_2017,12.750119703309396,8.536409216785994,0.2176382287188544,1.3147715062078749
5-cromwell avenue_2024,13.073251272540082,9.610083450756743,0.2750159883111275,0.0868196919525601
5-cross street_2024,10.315260186721323,6.853051076188125,0.2463211396269154,0.6214900487957142
5-crosshill street_2021,11.976235548242174,7.563586537826538,0.3132096187134331,0.7104466776380065
5-crown avenue_2019,13.63445204009816,9.88030309545221,0.220205428880974,0.2083141370682082
5-curtis avenue_2019,11.524265780894918,7.7704790734898195,0.2250465014602958,0.7130968558675657
5-cypress loop_2024,10.11953880939403,6.657550864622054,0.0,0.4335341280357567
5-daffodil court_2022,10.71936383901788,6.9165640277324645,0.2776317365982795,1.1023718792092585
5-dallas street_2024,10.341969958906848,6.87973388195133,0.2597082204093748,0.7485345826395032
5-daniel low terrace_2018,13.337878300334069,8.993286837070215,0.2548878482106531,1.3296975542551008
5-danny court_2024,10.620470749271789,7.157992484594763,0.0,0.1360158039174431
5-darcey avenue_2017,12.197753432336114,7.984185461349168,0.2302704126794591,2.039790736050044
5-darlington avenue_2018,14.337846584224376,9.993177603070796,0.2359731792496316,0.7201298518898321
5-david street_2022,12.452395521362256,8.648797545947948,0.2692784660693085,0.3628359260522052
5-davidson street_2019,11.903635267432287,8.149718439793164,0.2445788320342747,0.7590285496734581
5-davis avenue_2021,14.631003580372033,10.217877786713274,0.3132779006267188,1.3584862754793192
5-dawson place_2024,9.642649879366168,6.181421830180655,0.2481164722455897,1.2439816683451714
5-de hart avenue_2021,12.491434449718309,8.078578986884851,0.3558526881708754,1.806877940359756
5-de ruyter place_2024,10.46901458859442,7.006659652412008,0.189479783494125,0.0868196919525601
5-deal court_2025,10.425088529393348,7.047318084327936,0.0,0.5687171021817683
5-deisius street_2018,13.016216375146918,8.671671438496055,0.2553219818420781,0.149884449537292
5-dekalb street_2018,12.243303107201454,7.898955390040963,0.2681707759540994,0.7171566330202972
5-delafield avenue_2018,14.358017307476954,10.013347425384804,0.2590634091270359,0.1432341680859078
5-delafield avenue_2022,13.81707304482473,10.013347425384804,0.3300902346688068,0.1238092857262864
5-delafield avenue_2024,13.47653680248671,10.013347425384804,0.3008138626410764,0.0094551587707551
5-delafield avenue_2025,13.391915036831785,10.013347425384804,0.0,0.550546211960923
5-delaware avenue_2022,13.397639767735608,9.593936971968915,0.2874859747945195,0.0
5-delaware avenue_2024,13.0571037364783,9.593936971968915,0.316571082303918,0.0695260626486102
5-delaware place_2019,10.040463150096768,6.288080681401816,0.2363887780642304,1.83354100324301
5-delmore street_2021,12.703939461592665,8.291025347516483,0.2403713461611326,0.8861613668926431
5-demopolis avenue_2018,13.047158867450545,8.702608777045956,0.1940940930192218,0.6389549514765184
5-demopolis avenue_2022,12.50621573500497,8.702608777045956,0.3233614546146053,0.0323703800304507
5-denker place_2021,13.018860902983972,8.605879864484079,0.3169938508542688,0.9907300776889888
5-denker place_2022,12.40947032104452,8.605879864484079,0.3064955799838362,0.0416216746908194
5-detroit avenue_2024,12.729052816010997,9.265911678599185,0.2123266381905127,0.0243022925229648
5-devens street_2021,13.341506736519811,8.928475835201436,0.3354932840222288,0.5562959978107481
5-dewhurst street_2022,11.747650847827195,7.944228286365399,0.291791265201914,0.6318035503188933
5-dickie avenue_2021,13.367996089222668,8.954961764560565,0.2886600676397576,0.5054310994486833
5-disosway place_2022,11.1919123318133,7.388747487373448,0.3095345808894045,0.6984829201494644
5-disosway place_2024,10.851381277086151,7.388747487373448,0.2382020151884112,0.0892921074787618
5-ditson street_2019,10.47077511481161,6.717757819355651,0.407787989524304,0.8790456658442425
5-dixon avenue_2019,12.831009108961174,9.076921791597645,0.2494608596315831,0.4695035042040532
5-dixon avenue_2022,12.880579479274864,9.076921791597645,0.3450866401391263,0.0117309228756986
5-doane avenue_2022,13.177941650957615,9.374255224123962,0.3214439084853335,0.6906941743988785
5-doe court_2025,9.720119063532865,6.343208315002779,0.0,0.8345165260224705
5-dogwood drive_2022,12.177256868252009,8.373713185473905,0.2903843004956707,0.9827524025735748
5-dole street_2024,9.86743618000738,6.405804876663086,0.298826637004846,0.3986418827600388
5-donald place_2021,12.014327094222336,7.601658920553293,0.2811539613108575,0.6883356235627233
5-dongan avenue_2022,11.647252450107432,7.843866513803595,0.2856711232767307,1.5147095633334593
5-dongan hills avenue_2021,14.384716336024669,9.97160061527846,0.3112479783820682,0.6247077273374243
5-dongan hills avenue_2024,13.434788142369172,9.97160061527846,0.3265711656385013,1.3604379465746632
5-donley avenue_2019,11.937635085358522,8.183708829123502,0.2679390364032634,1.1528163426816218
5-dora street_2021,12.022518465997637,7.609846265834494,0.2924651358923805,0.7800127135815272
5-dorothea place_2022,11.684242177394816,7.880842317850778,0.2490635308979607,0.0693394780786128
5-dorothy street_2022,11.667541276011836,7.864147639118106,0.3506568716131694,0.6545102969450272
5-douglas avenue_2024,10.984131016637257,7.521422783424028,0.2597082204093748,0.7014625121636591
5-downey place_2022,11.198961345354006,7.3957922555124,0.3135218030343022,0.6992286508758133
5-drake avenue_2022,12.226341511407036,8.422787017099795,0.3708871952298303,0.6863742962725166
5-driggs street_2022,12.4428385518737,8.639242222661979,0.2584349863276015,0.1944148044813379
5-driprock street_2022,11.14663502839397,7.343498177809539,0.4070511512637991,0.6781350604394417
5-drive m l king jr ep et 13 sb_2022,10.63257419712206,6.829862251100451,0.1484200051182732,0.1559775814543526
5-drumgoole road east_2017,15.410772468341564,11.196882185196696,0.281267121163095,1.4845094086168455
5-drumgoole road west_2017,15.419023835640235,11.205133441444817,0.2990140257433312,1.2936032485627271
5-drysdale street_2022,11.700251116206326,7.896845388563816,0.2979235665039779,0.6176690393839885
5-dubois avenue_2024,12.595256978059746,9.132128958397342,0.3547765914832262,0.8391936814891882
5-duer avenue_2022,11.430418258607771,7.627125156214002,0.2933676333611989,0.0827774264575681
5-duer lane_2019,11.26382974125747,7.510165632618856,0.3088842801023839,1.6656291920838429
5-dumont avenue_2024,10.867126914093545,7.404483769635447,0.2327524104208465,0.1416731583161457
5-duncan road_2019,12.226026472212176,8.472031911954783,0.2651077504132418,1.6899666558192956
5-durgess street_2018,12.271936722930338,7.9275786655235905,0.2454885237458675,0.6554453133759338
5-dyson street_2024,9.486479325590295,6.02558972921059,0.1678495241854202,0.6662897263900626
5-eadie place_2018,11.038135232046969,6.694643344887236,0.2487289291323015,2.778266324111857
5-eagle road_2021,10.51018012445497,6.0992381029761065,0.3117062358194015,2.3398134380841644
5-earley avenue_2021,11.345572969882005,6.933374466033193,0.2990893639367434,0.6664951495625188
5-east broadway_2022,12.332900852547892,8.52932463601745,0.3014109283643935,0.0356566772080346
5-east cheshire place_2024,11.710363059351357,8.247384055625309,0.1663907347217602,0.5093445274841925
5-east figurea avenue_2018,13.16310623745091,8.818538192952811,0.1821753472754545,0.6482544116692087
5-east raleigh avenue_2024,11.825773484344966,8.362766823037049,0.2614797000577569,0.7115763160283125
5-east scranton avenue_2018,12.3707655086124,8.026373952235883,0.2566801241125013,0.9998595232934724
5-eaton place_2022,11.534337445995648,7.730997340255219,0.2785857075745145,0.3021025951130111
5-ebey lane_2022,10.93436389878751,7.131376581683865,0.2055784189582218,0.7706636229877737
5-eddy street_2019,11.662983283724737,7.909143193577679,0.2611425172171687,1.6766852613825896
5-eddy street_2024,11.372020042676418,7.909143193577679,0.1302213226813585,0.0543934838303316
5-edgar terrace_2024,10.957492818003963,7.494798741529643,0.2300164306019718,0.7899108489922534
5-edgegrove avenue_2018,14.763588308477278,10.418903684248416,0.2321322712212823,0.2156757364666887
5-edinboro road_2019,12.671549893087246,8.917481867966588,0.2244125870175147,1.8539201655796624
5-edison street_2022,13.23415208317634,9.430461120130172,0.281797445005982,0.6972885930604954
5-edith avenue_2024,11.547623426082438,8.084689264298813,0.2936984206379266,0.6904435289856306
5-edward curry avenue_2017,13.91232977468966,9.69848644789407,0.2097801915136621,1.4186163325820154
5-edwin street_2024,11.375743698469536,7.912865526733261,0.3446488970584583,0.4525395154940932
5-egbert avenue_2019,12.863759839889346,9.1096689268495,0.2404086146443864,0.9861525590430718
5-egbert place_2019,10.60366007375849,6.850495819820812,0.2383757867424451,2.9027009950803664
5-elbe avenue_2024,12.178486854712384,8.715412993635017,0.2456470580375217,0.2237033945727238
5-eldridge avenue_2024,11.263709959179412,7.800873817250036,0.2481164722455897,0.6911451778892722
5-eleanor lane_2021,10.990034726935283,6.578247245546979,0.2933168521520277,1.082482906738226
5-eleanor street_2019,10.57712295722345,6.823986513129258,0.1733528868111942,2.9022234702962644
5-elias place_2019,11.256559331610765,7.50289912438965,0.2058520542041487,1.4195115119800874
5-elizabeth avenue_2022,11.43510068575907,7.6318053587837555,0.2947995402206449,0.6024015672532002
5-elizabeth street_2022,12.600621918147535,8.797000325569016,0.3482676081027591,0.9321640810304452
5-ella place_2022,10.943988960111067,7.140994154231789,0.2596456402284976,0.0886516975945626
5-ellicott place_2018,10.180267515889636,5.838433160425412,0.2482712003743669,2.696706099401553
5-ellis street_2018,12.6488369610941,8.304367114515097,0.2519639898497017,3.7489933573005167
5-ellsworth avenue_2018,13.933046655037078,9.588400187437346,0.241659330495338,0.5566972474220472
5-ellsworth place_2019,10.977649942924115,7.224162971311337,0.2705722448853206,0.6987812791770384
5-elmtree avenue_2024,10.705076615150055,7.242537161759925,0.2597082204093748,1.0843781286402852
5-elmwood avenue_2021,13.221869755858735,8.80885549699769,0.2958676570382204,0.6599522757023043
5-eltingville boulevard_2018,14.161197411729578,9.816537147821712,0.2538599187129292,1.220239776789808
5-eltingville boulevard_2024,13.27971708559201,9.816537147821712,0.3231449046944148,0.0096532570281383
5-elverton avenue_2021,13.80620081443089,9.393121240007986,0.3069665501062692,0.7440303908745152
5-elvin street_2018,13.65907808335784,9.31445293068206,0.2564975538448151,0.0933992642585496
5-elvira court_2025,10.17884685176688,6.801310938190577,0.0,0.1085853104134407
5-elwood avenue_2019,11.85480281393453,8.100900101360823,0.1833131285162496,0.6945961303250497
5-ely street_2018,11.516711259395416,7.172754698191267,0.3094504548685757,1.1970690280091416
5-endview street_2022,11.422859655374712,7.619570166050519,0.2776317365982795,0.615672007280534
5-englewood avenue_2017,13.30833193592505,9.094538761658445,0.2269247671108729,0.8106635139877844
5-erastina place_2019,11.499225179609706,7.74544892237386,0.2316784537640471,1.4296651048177036
5-essex drive_2021,12.833189064989668,8.42024491569198,0.3200713510817962,2.4219402255915417
5-esther depew street_2024,10.540922212944194,7.078506394586507,0.2463211396269154,0.9810292330143924
5-eugene street_2024,11.41350776735362,7.95061645638945,0.1946967742216082,0.2172059586474564
5-evan place_2019,11.049815147973462,7.296278624903062,0.0949577568931882,2.400609767041176
5-evans street_2022,11.82513613357153,8.021687714710858,0.2797091969091784,0.6549259677397475
5-evelyn place_2022,11.782081924587676,7.978647625640908,0.2682293839198891,0.6644390164232016
5-evergreen avenue_2024,12.49327681169203,9.030160037808791,0.3036459234407949,0.0582689081239757
5-excelsior avenue_2024,11.839691300164644,8.376681514028341,0.2781540662001263,1.3138849456017505
5-exeter street_2022,12.75255689473074,8.948914466335154,0.3014807560688191,0.0180363624860985
5-eylandt street_2018,13.88099356551091,9.536350711483127,0.254324837218823,0.2307942102447325
5-eylandt street_2022,13.340049557850456,9.536350711483127,0.2769382896439472,0.1985229361319626
5-faber street_2021,12.94007813414568,8.527111916295794,0.2934871083880735,1.3070617419027468
5-fairfield street_2021,12.900983332904673,8.488024914473685,0.298832489492885,0.2905778755638065
5-fairview avenue_2019,12.692774088038783,8.938703314225284,0.1444667533945782,0.6723320408460253
5-fairview avenue_2022,12.742344439163643,8.938703314225284,0.2889557707575174,0.0285874568519125
5-farraday street_2021,12.336939357775451,7.924135075723274,0.3356565093551627,0.6516478733819163
5-fayette avenue_2022,12.280422188727036,8.476856380953864,0.2582835514821542,0.026349775322782
5-fenway circle_2018,10.859859754131088,6.516606213175272,0.1426563004015232,3.708476177860494
5-fern avenue_2018,12.87091825997323,8.526399775186482,0.2748367657230872,0.5819362512239434
5-fern avenue_2022,12.329975425741653,8.526399775186482,0.3053197281294462,0.0384511863742527
5-ferndale avenue_2022,12.178736263551087,8.375192247102927,0.3135218030343023,0.049932368748209
5-ferry street_2021,11.535406179668843,7.123041174445575,0.2772684493638301,1.532621660815464
5-fiedler avenue_2024,10.978846507581853,7.5161410529060895,0.3327708135180266,0.8541174114428646
5-field street_2022,11.418808170990197,7.615520629572467,0.2903570629010839,0.6609854937515491
5-fieldway avenue_2017,13.200428436081804,8.986647865451824,0.1958462422557696,0.8041069908682033
5-figurea avenue_2022,12.715475038059598,8.911837406832005,0.2996687676450085,0.8933495845725876
5-figurea avenue_2024,12.374939609491287,8.911837406832005,0.3511424263690066,0.0304322071202019
5-fillat street_2024,10.969161123760806,7.506460799808319,0.298826637004846,0.0782564979657674
5-fillmore street_2018,13.730896043084895,9.386264726656393,0.280681392380071,1.0404180444233837
5-fingerboard road_2017,13.555455560629422,9.341638165851233,0.3036453958185851,2.053636435497883
5-firth road_2024,11.64348118861093,8.18051973548511,0.3608043372807435,0.0571361913708091
5-flagg place_2024,12.07621653823322,8.613159787694546,0.3098483679090413,0.1896281319763927
5-fletcher street_2019,11.14309575710901,7.389500257316486,0.263556159721823,1.4595912901813477
5-florida avenue_2019,11.19825436824476,7.444626495160572,0.2505298068204882,0.6761536041833742
5-florida terrace_2022,10.867569596235258,7.064636280739222,0.1639662942582908,0.6737604667597552
5-floyd street_2024,11.493148335855624,8.030230889511856,0.2894047257632271,0.7257595682874219
5-foch avenue_2022,12.943391690515185,9.139727200910896,0.3213372702554271,0.2795994962584249
5-forest avenue_2018,16.1171278876347,11.772421402181152,0.4281289286050634,0.6805177641598037
5-forest avenue_2019,15.526612788649116,11.772421402181152,0.4120477036002186,0.2342812957246657
5-forest court_2019,10.568484571534126,6.815357340337336,0.1124779834266902,0.7834905004575471
5-forest court_2024,10.27752710787408,6.815357340337336,0.3240805043260494,0.1286570322082618
5-forest green_2022,11.570012700814628,7.766657552274316,0.2811904592152736,3.2659235194378917
5-fornes place_2024,10.959239856584215,7.496544840061403,0.3203328422258096,0.7291897719068746
5-fort hill circle_2018,12.18400185890851,7.839676521487699,0.2164545631634131,2.1885537608885883
5-fort hill park_2018,10.458465803241696,6.115932854347005,0.0214237924754112,3.072230244526716
5-fort place_2018,12.522588175908403,8.178151192561486,0.2965510770053308,0.9360149247218847
5-foster road_2018,14.388704646345817,10.04403342796768,0.3065195462024143,0.5173642006055731
5-foster road_2022,13.8477603710868,10.04403342796768,0.4055674046659744,0.0159717695096986
5-four corners road_2024,12.276868966345948,8.813780216734663,0.432230144214526,0.011533235813673
5-fox hill terrace_2019,12.158393534408722,8.404413272164529,0.2619169372401704,1.020506592664488
5-frank court_2025,10.242218450968684,6.864616561785256,0.0,0.1153801510400731
5-franklin avenue_2018,13.267422636412636,8.922840124657803,0.3106243016989858,1.649927051564146
5-franklin place_2022,11.208862649498505,7.405687646693137,0.2560092725851138,0.1115413747329074
5-fraser street_2022,12.093172643962037,8.289648760534556,0.3266199401782013,0.6795552270404783
5-front street_2021,13.8661460131398,9.453061651000604,0.3604811342701633,2.677611611961643
5-furman street_2024,11.166730106034937,7.703934347422521,0.1472302369826845,0.6847621240255051
5-furness place_2019,12.030662318617248,8.276711844289384,0.1632924397853528,0.6498742683264784
5-gadsen place_2022,11.780949416517116,7.977515497248928,0.3203770141133552,0.7152510794668715
5-galloway avenue_2021,12.913568017995114,8.500607055569116,0.2698877012313792,1.8520232416324456
5-garretson avenue_2018,13.91518506010251,9.570539811332695,0.2858230773836123,0.6869278807460285
5-garretson avenue_2022,13.374241029848989,9.570539811332695,0.331628592319499,0.0248877155077789
5-garretson avenue_2024,13.033705013178777,9.570539811332695,0.3479009324448357,0.0884686479876081
5-garrison avenue_2021,13.062384638722376,8.649395899516959,0.2896126929270562,0.8414809750656388
5-genesee avenue_2018,14.538163614162094,10.193486442829276,0.2921949006234637,0.3846499683942443
5-genesee avenue_2021,14.606611345859667,10.193486442829276,0.3614750488155847,0.0540145883062382
5-gervil street_2022,12.160662397870205,8.357122491902109,0.2590404964883969,0.9905072695629974
5-geyser drive_2022,11.193964077707864,7.390797994478014,0.3152400165154388,0.7152510794668715
5-giffords lane_2019,13.480030736549343,9.725890136705637,0.3281375193547381,1.68867414114473
5-gil court_2025,9.755978090419198,6.3790075059357045,0.0,0.187060311141128
5-gilbert street_2019,11.422030258999063,7.668287913833644,0.2906538428409384,1.764388272431923
5-giles place_2024,10.084256210480913,6.622312941670725,0.2258983739930543,0.6799606187557697
5-girard street_2021,11.286029349269556,6.873889919318184,0.2832200777483294,1.2192061849665252
5-gladwin street_2025,11.15537898787903,7.777173090033497,0.0,1.009781074961494
5-glascoe avenue_2021,13.092876335673374,8.679882397716606,0.3060551069383662,0.8038384624025725
5-glen avenue_2018,12.143895185018556,7.799585753238079,0.3283913845672743,1.606052187329892
5-glen street_2018,14.943359991978864,10.598670517928586,0.3605486729186384,2.090665813201144
5-glendale avenue_2024,11.055056467973566,7.592312329022537,0.353566669980513,0.9883508944105724
5-glenn road_2022,11.795810021430505,7.99237115409927,0.2889312918522129,0.929483325660138
5-glenwood avenue_2024,11.81126551555309,8.348262158193052,0.2530370815923523,1.004338238562635
5-glenwood place_2024,10.318404568830182,6.856192246206763,0.316571082303918,1.5421222051492334
5-globe avenue_2018,11.342546354727006,6.998733851670869,0.2040143814052144,1.1724511770029802
5-goethals road north_2017,15.327637948545147,11.11374883690473,0.3271755252767379,1.532232841525129
5-goff avenue_2021,12.982683720967746,8.569709343357014,0.2733677813053178,1.1765604967155985
5-governor road_2022,12.173690807624398,8.370147931184565,0.2878291204632215,0.7352004167909448
5-grafe street_2021,12.851120446965057,8.43817242895569,0.3109035064967462,2.0748937159796284
5-graham avenue_2021,13.417148579809416,9.004108138233464,0.3817149736201741,1.6482931742027738
5-grand avenue_2024,12.142503181478943,8.679435142268145,0.2814124594381855,0.0185273046138836
5-grandview avenue_2019,13.417394945567017,9.663258115379046,0.2887529274532739,1.4017246987752483
5-granite avenue_2018,13.882653683052592,9.538010710850797,0.273414100654076,1.1346548800150391
5-grant place_2024,11.516945157824027,8.054020297438235,0.2530370815923523,0.6789975449555031
5-grant street_2022,11.502950243321289,7.699623823223376,0.2906189321250906,1.1538577628940885
5-grantwood avenue_2019,13.070729161259107,9.316618056576758,0.2542815981028136,0.8589581852269104
5-grantwood avenue_2024,12.779763724836313,9.316618056576758,0.2447475751794849,0.1168047795420843
5-greaves avenue_2021,14.383643513688178,9.970527842470478,0.3472048250104125,0.2777074913045768
5-greenfield avenue_2022,13.005061229453268,9.20139046464298,0.2864004633642472,0.4563483184227342
5-greenfield court_2022,10.567510760822822,6.764869865211706,0.0369557065224291,0.1307650698795525
5-greenleaf avenue_2024,12.402253330268474,8.939147609746993,0.3106911829610386,0.9823780530015768
5-greta place_2019,11.69471234014346,7.940861045331706,0.2586945355785286,1.541587245525926
5-gridley avenue_2019,11.680418613128086,7.92657232197855,0.1220069067725685,0.6394298980539574
5-grimsby street_2024,12.626019281787302,9.162888088905447,0.2640207167263163,0.4753642354878316
5-grissom avenue_2021,12.387532710463711,7.974710790187231,0.3132096187134331,0.5825507592179185
5-grove avenue_2021,12.633175924575449,8.220279974911264,0.2690708449339646,0.9451502605547082
5-grymes hill road_2019,12.309778002562894,8.555767025513584,0.2568546086565214,0.6299943655546767
5-gulf avenue_2017,14.541122397115092,10.327250845282864,0.2391733256344135,1.3385211796482073
5-gulf avenue_2019,14.081417802551998,10.327250845282864,0.2993694604610453,0.644377016190516
5-gurdon street_2024,10.925227334892597,7.462550918243558,0.3962271671232281,0.0842492324448999
5-gurley avenue_2024,13.272424301166009,9.809244750106732,0.375124391055492,0.1428874875485475
5-guyon avenue_2017,14.093972576652767,9.880119205911864,0.335513499131204,1.1272969225280187
5-guyon avenue_2024,13.343302398539755,9.880119205911864,0.412555402333189,0.0694327747153367
5-halpin avenue_2024,11.98537108656537,8.522331074065061,0.2660709141972035,0.6956440607585325
5-hamlin place_2021,12.218485788036546,7.805726464461351,0.3058381663361018,2.1252391373413366
5-hamlin place_2024,11.268564526815917,7.805726464461351,0.3503330374134482,0.0426762742804363
5-hammock lane_2022,11.524125798688727,7.720790098458879,0.2659776378660048,0.7060140462667689
5-hampton place_2021,12.636895891065745,8.223998954178992,0.2812401347781003,0.3265661905017472
5-hampton place_2024,11.6869719527822,8.223998954178992,0.313635454278288,0.9792279716447524
5-hannah street_2022,12.214940658024638,8.41138862780692,0.2970498224553811,0.3470588572197696
5-hanover avenue_2021,13.576633913457137,9.16357557307231,0.2906012811875102,1.2125955216168212
5-hanover avenue_2024,12.626706835768143,9.16357557307231,0.2516974966632958,0.2979541337223852
5-harbor lane_2024,9.872198760622425,6.410559854346019,0.0,0.1665308708876305
5-harbor road_2019,12.892987720434595,9.138893696423931,0.2602558161454811,2.0497294776943105
5-harbor view court_2024,10.1318713911817,6.669868198121915,0.0826917158451133,1.1702505469209037
5-hardy place_2018,11.0924046161151,6.748848205273068,0.2146868412959862,0.43773866865846
5-hargold avenue_2021,11.544816046471595,7.132443581030777,0.2939977032421586,1.2048024600664131
5-harrison avenue_2021,13.231820973722256,8.818805253405268,0.3157102451727837,1.0056560029467452
5-hartford avenue_2022,12.172551891744131,8.369009273436056,0.2376264019845803,0.6520126372013902
5-hartford street_2022,11.526830208669436,7.723493337321493,0.2849999072318414,0.6961426895397438
5-harvard avenue_2018,12.74760329734242,8.403110482358167,0.2875060006140164,1.2881025333533556
5-harvest avenue_2024,12.699032288891608,9.235893943992648,0.301664323358531,0.6086780239334952
5-harvey avenue_2021,12.694027847916905,8.281116201339392,0.3098656931765006,1.2051321320457824
5-harvey street_2022,10.937681647957628,7.134691741341926,0.2677794401552679,0.7323198156344174
5-hastings street_2019,12.131648127160345,8.377673791254404,0.3056610702208152,0.9192862408539536
5-hastings street_2022,12.18121836642076,8.377673791254404,0.2873879115436442,0.0308201423398862
5-hatfield place_2022,12.693703303062112,8.890068572371554,0.3542956450624847,0.672842427219581
5-havenwood road_2022,11.310346980931495,7.507114629496786,0.3314174659595889,0.6670085229502506
5-hawley avenue_2021,12.926360200142014,8.513396684372637,0.2627154497213199,1.6616697662369353
5-hawthorne avenue_2017,13.295286801745563,9.08149507994334,0.2589197244794933,0.2484213584984782
5-hawthorne avenue_2021,13.4945445641246,9.08149507994334,0.3315678619061231,1.1351049250271354
5-hay street_2024,10.503015226400436,7.040630957373063,0.3487122915157149,0.6510222542592742
5-haynes street_2024,10.618122527373131,7.155646035859368,0.2327524104208465,0.7268237069193292
5-heberton avenue_2025,13.030064364344245,9.651515618032658,0.0,0.3046866712676047
5-hecker street_2022,12.475599770025612,8.671997862499254,0.3029328332129887,0.4590690641929559
5-helene court_2025,11.118041412269832,7.739850918189926,0.0,0.8717953319875911
5-hemlock street_2024,11.545038324748088,8.082104935786575,0.3364722366212129,0.6170757436086499
5-hempstead avenue_2024,11.798663273590234,8.335662825332617,0.3235816267901353,0.6399573520458262
5-hendricks avenue_2018,12.966813093270527,8.622276722951502,0.2086017096744115,0.8349505161343078
5-henning street_2024,10.208135571135182,6.746042143176779,0.367989996941618,0.1248689820458692
5-herrick avenue_2021,12.459290462078828,8.046445006606588,0.2648255877916467,1.553840632331691
5-hervey street_2018,10.667115936045573,6.3241725944304585,0.184074405621369,1.3157109396644275
5-heusden street_2024,11.43312221678696,7.970224274608718,0.3228328435278942,0.0828694778222946
5-hickory avenue_2022,12.672274940821923,8.868643127246731,0.3336671856936043,0.6842577867140281
5-hickory circle_2022,10.23767591188157,6.435475628304908,0.265075517822867,1.0915205348543533
5-high street_2022,11.52055550105086,7.717221351759684,0.2390169004704999,0.6279150856223298
5-highview avenue_2018,12.608841934915215,8.26438205396762,0.2724254344984889,2.2434930461843567
5-hillcrest street_2021,13.74217936410946,9.329105230019136,0.3003864175515467,1.1914041486500808
5-hillis street_2024,11.642396277351985,8.179435118703434,0.3468858069896806,0.6599522757023043
5-hillman avenue_2024,12.426838283093376,8.963729477277893,0.3617654137602941,0.0218593343528935
5-hillside avenue_2017,12.192884349924812,7.979318017814562,0.252765807345553,3.394934477221445
5-hilltop place_2021,10.963835149588434,6.552084126555458,0.2955279254229263,0.7450278024369342
5-hitchcock avenue_2019,12.212228086570528,8.458236365401167,0.2584647297634302,0.5367272612886438
5-hitchcock avenue_2022,12.261798345998011,8.458236365401167,0.2998867037905807,0.4152834170455027
5-hodges place_2022,11.734153378412238,7.9307355295725985,0.2964669020075137,1.0341093224540103
5-holland avenue_2021,13.77358938783967,9.360512541105471,0.3198257871307159,0.4811908186362999
5-holly avenue_2021,13.165585483034048,8.752579769580262,0.2289585155361591,0.3991787234654564
5-home place_2021,12.846975379721313,8.434028249860601,0.3251560027012389,0.5099452363386834
5-hooker place_2019,12.521870774325262,8.767823882118513,0.2514687373623017,0.2757360014333803
5-hope avenue_2019,12.39768528069093,8.64365848879279,0.2620660685505654,1.1441909522792733
5-housman avenue_2019,11.715080079865524,7.961221777521394,0.1941560144409574,1.2543902152395243
5-howard avenue_2021,14.608674995845115,10.19555001662109,0.3820045905204833,1.8312045161909845
5-howard avenue_2022,13.999282931942954,10.19555001662109,0.4022243068244461,0.0028958031120255
5-howe street_2024,10.48923658681761,7.026864084868516,0.2729184521461812,0.716179879670518
5-hudson place_2022,11.28324710800528,7.480029505996251,0.2767400735877978,0.6828442875640482
5-huguenot avenue_2019,14.851406179901268,11.097222059236405,0.4141884416552053,0.195155514774041
5-huguenot avenue_2024,14.560440152107695,11.097222059236405,0.4590745587135453,0.084800601692465
5-humbert street_2019,10.086881383304588,6.334416596513556,0.1541506798272583,0.7220747156331255
5-hunter avenue_2017,14.101756274994404,9.88790251328193,0.2469715461539088,0.111183528960615
5-hunter place_2022,11.218676900778997,7.415496094455785,0.3061862793101879,0.6580380034463774
5-hurst street_2024,10.977021778208462,7.514317286369247,0.3950664008872658,0.8423427469217984
5-husson street_2024,12.793930570322676,9.330783676822028,0.3202190571656653,0.1603315389023394
5-hylan boulevard_2018,17.36498129672763,13.020269383175464,0.3772158685214178,0.1407180069388793
5-hylan boulevard_2024,16.483500010171092,13.020269383175464,0.4243759409378178,0.3993128886229663
5-hylan place_2024,10.302244780767666,6.840049073742184,0.2729184521461812,0.871502549084021
5-ibsen avenue_2019,11.54381736538527,7.790022678455294,0.2452235651560679,1.0286546662443077
5-ibsen avenue_2024,11.252854492186987,7.790022678455294,0.1751117202272048,0.3100549233035061
5-independence avenue_2018,12.164613397624992,7.820295669744958,0.2509634895161181,2.3292464979475365
5-innis street_2022,12.272418255026697,8.468854083323716,0.3208718826489246,1.0247504400696543
5-inwood road_2025,10.16905910111257,6.791533754991588,0.0,0.834820338876091
5-ionia avenue_2018,14.714832754185354,10.37014960264062,0.2378035969881448,0.2639783457525456
5-irving place_2024,11.643364627497991,8.18040320599502,0.25236751343878,0.6687007876550191
5-irvington street_2024,12.029249874668064,8.566201587732783,0.3426109913195378,0.5653138090500605
5-islington street_2021,12.87722377217515,8.46427024488421,0.2906741670114589,0.4536201499952114
5-ismay street_2022,11.859555690115757,8.056096412205667,0.3092133086485784,0.630633275170703
5-isora place_2022,10.979910155363246,7.176888028453173,0.2523596334975643,0.0884686479876081
5-jackson avenue_2019,12.089934454929413,8.335969684277844,0.2058520542041487,1.8324374533793149
5-jackson avenue_2022,12.139504683093897,8.335969684277844,0.2671041446878495,0.0283930745012178
5-jade court_2022,10.701813947544558,6.899031294516089,0.1488208870639105,0.1116308161711853
5-james place_2019,10.596477496944818,6.843320697445325,0.1720950250101233,0.6690081647066195
5-jarvis avenue_2024,11.248569342691116,7.785739250467972,0.2979737584883285,1.1533529673255698
5-jefferson boulevard_2024,13.410695989333345,9.947509565515409,0.3519511607438584,0.2496686302535647
5-jefferson street_2018,13.344325994235549,8.99973374284063,0.2957778678560083,1.718955774339955
5-jerome road_2022,12.555523792014537,8.75190901826218,0.297632403304949,0.7675586780737557
5-jersey street_2021,13.894126481961392,9.481039981432652,0.4501072853454747,3.624634223295888
5-joan place_2022,11.08073662446567,7.27764284881383,0.3824573498630363,0.6970893997925691
5-johnson place_2024,10.886419189885546,7.423764782441608,0.2327524104208465,0.6864749707918808
5-joline avenue_2024,13.046170555306704,9.583004516410858,0.2903186797528166,0.560415468105987
5-journeay street_2019,11.110404448749389,7.356828995297679,0.2363887780642304,0.6402736909528771
5-journeay street_2024,10.81944335198092,7.356828995297679,0.265013272639068,0.075571186847074
5-joyce street_2024,11.591070242510009,8.128123386647772,0.1620015543029971,0.1698271592122658
5-jules drive_2025,12.801445797807602,9.42291301145756,0.0,0.8519868498733352
5-jumel street_2018,13.354821778862702,9.01022825533805,0.2297183809023819,0.5781290689756787
5-kaltenmeier lane_2019,9.70354506732328,5.951889388593031,0.2844792745472572,1.3254822217231332
5-kalver place_2022,10.27953103632768,6.477266480193632,0.3280333679753483,0.6577272353286849
5-katan avenue_2022,14.300828468939848,10.497086050637815,0.3630936227464561,0.7700619243280707
5-katan avenue_2024,13.960292071243568,10.497086050637815,0.3658875496839867,0.0067769842790237
5-keating place_2021,12.614265166159612,8.201374292290728,0.3295756575621525,1.450887568262155
5-keiber court_2019,12.775479192618516,9.021398247474592,0.2908021997880246,0.9289305122205908
5-kell avenue_2022,13.24260594744063,9.438914323951508,0.2545510149442685,0.2117994496135527
5-kelly boulevard_2019,13.54689336942918,9.79274899773981,0.343493207236668,0.7186687177900231
5-kelly boulevard_2022,13.596463805917622,9.79274899773981,0.3930635962922951,0.0186254641231648
5-kelly boulevard_2024,13.255927663565055,9.79274899773981,0.3717334078129338,0.0199006617063361
5-kenneth place_2021,12.908767332396708,8.495807336655282,0.3126690067378881,1.096309639605434
5-kennington street_2018,13.26726893393759,8.922686442408388,0.1920209538826681,0.6999241648389691
5-kensico street_2019,12.640030131564073,8.885966297653516,0.2029408439966903,0.596195654483495
5-kensington avenue_2022,12.947916460064748,9.144251496771924,0.3343691864244341,0.5569837557470738
5-kent street_2024,11.357409092450082,7.894537480962724,0.123132685403624,0.721345834918624
5-kermit avenue_2022,11.91449658855628,8.111020733221643,0.2838512146652999,0.9335410852806828
5-king street_2022,13.520336772886102,9.716626284355891,0.3176405663650751,0.0754784611759055
5-kingdom avenue_2021,13.700897209640136,9.287826772838573,0.3250941502193883,0.8189424766042531
5-kingsley avenue_2019,12.654196283224705,8.900130549278098,0.2429461786103894,1.4424620065330769
5-kingsley place_2018,11.670988525629523,7.32692369758815,0.3063448623104226,0.6701344062508725
5-kiswick street_2024,12.54704426200365,9.083921416207318,0.2895768279923758,0.505069086653611
5-klondike avenue_2019,13.5977630156688,9.84361593858087,0.259429559499897,0.8919570548587021
5-knox place_2022,12.109580012589612,8.306052133905224,0.3066192734715318,0.7145172062961378
5-kramer avenue_2024,11.780092538679996,8.317096444650758,0.2794586978267911,0.0609069349035213
5-kramer street_2022,12.772706355882269,8.969061394439223,0.3097066485697831,0.0265445552221122
5-kunath avenue_2024,10.893520889674225,7.430862390579894,0.3462762367178337,0.6775257996569884
5-la grange place_2021,11.845231105249516,7.43265385937471,0.3023850951490633,0.6787439502492015
5-la guardia avenue_2018,13.604053793091808,9.259433671586851,0.2775562426122278,1.272873671580628
5-la salle street_2022,11.73027183653591,7.9268553547450304,0.3148107398400335,0.6948457371955268
5-laconia avenue_2021,14.633585588590956,10.220459701921106,0.3246649495647645,0.0077697372643606
5-laconia avenue_2022,14.024193515346722,10.220459701921106,0.3066192734715318,0.3798053613275868
5-ladd avenue_2024,12.1381792534296,8.675111927997175,0.2272729446562209,1.0683248877296532
5-lafayette avenue_2018,13.84118293121624,9.496542970635137,0.3544806367983285,1.12171013435851
5-laguna lane_2024,10.90601616829206,7.443350540157377,0.196587133952777,0.0530667209366922
5-lake avenue_2019,13.232227827457002,9.478103627125677,0.2875034850774336,1.6618975264064626
5-lakeland road_2022,11.806698560002417,8.00325611354528,0.3066192734715318,0.743269789963156
5-lamberts lane_2017,13.969850140726846,9.75600343388868,0.3483844447669047,1.826595584063512
5-lamberts lane_2018,14.100660338157594,9.75600343388868,0.3799696542086289,1.305951608437352
5-lamoka avenue_2017,14.535132673582504,10.321261315468035,0.2031212920575594,0.0447821427718931
5-lamoka avenue_2018,14.665942916386587,10.321261315468035,0.2236305328226638,0.189876281198064
5-lamoka avenue_2025,13.699840394981935,10.321261315468035,0.0,0.1876407182715545
5-lamont avenue_2018,14.482441776257543,10.137766721014772,0.2596074314557587,0.6570535729117066
5-lamped loop_2024,11.556734192028916,8.093797322428546,0.0355668309947425,0.1207120751622633
5-langere place_2022,10.8763213305461,7.073380732630632,0.3263370147271698,0.6699297293837607
5-laredo avenue_2018,13.308362136891107,8.9637743471052,0.2740812269213411,0.8462544590904869
5-laredo avenue_2024,12.42688315848327,8.9637743471052,0.3663976399172549,0.0302381830606099
5-lathrop avenue_2021,13.721890063207129,9.308817727186751,0.3108031200086831,0.6158880950129938
5-laurel avenue_2024,11.711758667606484,8.248779310010388,0.2363887780642304,0.909668855565268
5-layton avenue_2018,12.468999563390328,8.124577833206247,0.306604030382367,0.9441004325134223
5-ledyard place_2022,11.112519657979888,7.309404752884996,0.3597290987854802,0.7675586780737557
5-legate avenue_2024,10.992004660085,7.529292314122723,0.2663351498969837,0.8525838648164409
5-lenevar avenue_2018,14.381895037770036,10.037224112387689,0.2883320159914738,0.5718266453233896
5-lenevar avenue_2021,14.450342764035314,10.037224112387689,0.346095406312674,0.1179607976335647
5-lenevar avenue_2022,13.8409507652752,10.037224112387689,0.3794313428258814,0.020390689647734
5-lenhart street_2022,12.216092539188926,8.41254025873536,0.2311117209633866,0.8414809750656388
5-lenzie street_2024,11.99146335492473,8.528422171760385,0.2078548587991193,0.984995561881142
5-leonard avenue_2021,13.68234204085194,9.269273316247062,0.2950181114939642,0.8612852928374254
5-leslie avenue_2022,12.172367092031529,8.368824515635453,0.2605526697691403,0.034208171329737
5-leslie avenue_2024,11.831832542669138,8.368824515635453,0.2345722471378325,0.7688110844809349
5-letty court_2024,10.340232280714106,6.877997936335417,0.0,0.1139534900758452
5-leverett avenue_2018,14.901163592684108,10.556475179972896,0.3240620829886138,0.5724473953221605
5-leverett avenue_2024,14.019682743116867,10.556475179972896,0.3779888304011888,0.0066776547532405
5-lewiston street_2019,12.757228762179231,9.003149989768502,0.235605263176541,1.3630513223894911
5-lewiston street_2022,12.806799122581689,9.003149989768502,0.2717848948865965,0.029073247485707
5-lexa place_2025,10.898616635307263,7.520529260924559,0.0,0.6981347220709844
5-lexington avenue_2021,13.114767809697636,8.701770235845625,0.2956978056577695,1.2673700494557276
5-leyden avenue_2019,11.069358022141037,7.31580868376161,0.2903570629010839,0.7502833719307545
5-leyden avenue_2024,10.778397137006476,7.31580868376161,0.3364722366212129,0.0866363066595466
5-liberty avenue_2022,13.799056536527743,9.995331713354595,0.298143532850014,0.0105442138756711
5-liberty avenue_2024,13.458520301553778,9.995331713354595,0.3274591862989356,0.0078689583786951
5-lighthouse avenue_2019,12.185801132808344,8.431814959682741,0.3497762022475757,3.682863896875754
5-lightner avenue_2021,12.564166672768811,8.151289718918253,0.2880244795771944,1.319326224188098
5-lily pond avenue_2018,14.445593378341842,10.100919788634432,0.3375510475202348,1.89279564840576
5-lincoln street_2017,12.894190028625092,8.680453607160306,0.2564814002032318,1.010582211161074
5-linda avenue_2019,10.969181586416868,7.215700667265954,0.2058520542041487,2.2775339161271866
5-linden street_2021,11.921285610936108,7.508665562582422,0.3016255052910447,0.9036106787167804
5-lindenwood place_2024,10.750922443028909,7.288351931746425,0.0,0.7630929312466121
5-lindenwood road_2018,13.601837699317246,9.2572177862981,0.2733696097413376,0.1581996146735448
5-lindenwood road_2024,12.72035812353351,9.2572177862981,0.3487122915157148,0.8475406880450386
5-linwood avenue_2019,12.447390367366634,8.693355229648256,0.2899753592257325,1.5125745270302204
5-linwood avenue_2022,12.496960677156189,8.693355229648256,0.3091460985097135,0.0279069532530078
5-lisa lane_2022,11.692330642853925,7.888927806735014,0.2836857710174416,0.6573127275507292
5-lisbon place_2024,11.462583834265304,7.999676172919373,0.3853405899302132,0.4865534227902707
5-livermore avenue_2024,13.204101155041972,9.740925367235777,0.3570992570881982,0.3275035666384525
5-lockman avenue_2021,13.59534661415936,9.182286354685584,0.3077980180147406,2.7485585464397024
5-london road_2018,12.463374876535516,8.11895479523005,0.2640272983137062,0.282694655940734
5-london road_2019,11.872862808524909,8.11895479523005,0.2141233999548259,3.1209277689258283
5-london road_2024,11.581899017204387,8.11895479523005,0.2296249645566515,0.6478359578499422
5-longview road_2025,11.431385412134627,8.053081850142597,0.0,1.780900725893179
5-lorraine avenue_2018,12.49931496097807,8.154884501731038,0.2211063899901094,2.017060691096064
5-lortel avenue_2021,12.714562533300075,8.301645801613589,0.3225548988627493,1.3718657678010928
5-louis street_2022,11.796460728162282,7.993021645843686,0.3789970411888174,0.7115272278413748
5-lovell avenue_2022,12.24131243096472,8.437754743326213,0.3297268484816814,1.0939681881744523
5-lowell street_2024,10.75498388120296,7.292410686526913,0.2463211396269154,0.7634658394688983
5-lucille avenue_2024,11.88185963996687,8.418840647342716,0.3559850508447947,0.7633726254494423
5-ludwig street_2022,11.467958111217392,7.664647463418716,0.3364722366212129,0.6646962643859301
5-lundsten avenue_2021,13.24053576713759,8.827518778837426,0.1708666778191881,1.0320806715224944
5-luten avenue_2017,14.022155439489469,9.808305823348814,0.3215149943215106,0.7927662455886576
5-lyndale avenue_2017,13.808132512977854,9.594295826789187,0.2268342114336153,1.1007433496770638
5-lyon place_2021,12.5273526215884,8.114486350297767,0.3420826916355509,1.02747426083477
5-mace street_2019,12.26322513975985,8.50922311797184,0.2027464616459956,0.4550803286503597
5-mace street_2022,12.312795411135983,8.50922311797184,0.2907362272985287,0.701759983658168
5-macfarland avenue_2019,12.518529716693717,8.764483333232032,0.1980699137620938,0.6896410412306576
5-madera street_2024,10.862523392598192,7.399882967957636,0.1794438569663395,0.725420741110241
5-madison avenue_2021,12.22422092936088,7.811459304229849,0.3023850951490633,0.6929471605572782
5-magnolia avenue_2024,10.586547794260907,7.124095553646188,0.3265711656385013,0.7558402498983687
5-maguire avenue_2022,14.125425529324648,10.321688287873016,0.3396804971496162,0.1264564239525592
5-maiden lane_2022,11.585109576405614,7.7817482218999,0.3447435823718901,0.5529651499600828
5-maine avenue_2022,13.258627446088145,9.454934586161473,0.3134924839547575,0.8830234617580093
5-major avenue_2019,13.25927357298029,9.505147378949037,0.2531618332031465,1.5636243138945545
5-mallow street_2021,13.039676136917516,8.626691373733609,0.301878766024322,0.7180348960677243
5-manor road_2018,14.841845460807964,10.497158617883656,0.3493102423454881,1.4565897173385471
5-manor road_2022,14.30090103814508,10.497158617883656,0.395998858041554,0.1874749220347493
5-mansion avenue_2018,13.424104537103725,9.07950294299689,0.2622293025940154,0.9010146443216386
5-maple avenue_2021,12.529715030674064,8.116848062000496,0.297903626523319,1.687842355808282
5-maple court_2022,10.34286778843244,6.540510939993405,0.2596456402284976,0.979941358950431
5-mapleton avenue_2024,11.914370622326128,8.451344791977473,0.3462762367178337,0.8493386337348557
5-maplewood avenue_2019,11.816054251960054,8.062163240476595,0.2508513581175027,0.8647026572010598
5-marble street_2021,12.647016957832774,8.234117353478174,0.3093840833339751,0.6106347589854811
5-marcy avenue_2018,14.056909693423496,9.7122553469657,0.2810202556297998,0.551410790244699
5-margaretta court_2019,12.38070986374279,8.626686018478576,0.2231435513142097,0.6867769335521018
5-marianne street_2021,12.661956722577877,8.24905322975661,0.3670659751736284,1.3654792214059706
5-marie street_2022,11.021958262947116,7.218905376259251,0.265075517822867,0.3026199448159881
5-marion avenue_2022,11.951470208979565,8.147983699212302,0.3237870770938972,0.8492530905354879
5-marion street_2024,10.781594825372071,7.3190043157458415,0.2597082204093748,0.6865756351769063
5-mark street_2024,11.065135331055064,7.602386293152946,0.2050498078715107,0.7854072589852429
5-market street_2022,11.62810195418142,7.824723431102044,0.2961753143104485,1.1526584570851968
5-marsh avenue_2017,14.492942303727515,10.27907234349143,0.281891921354122,2.2645924254839502
5-martin avenue_2018,13.614729744402394,9.27010862497286,0.2403697630852093,0.6409587488143591
5-martling avenue_2018,13.774776897951243,9.43014202760666,0.3213943456520415,1.454280058910985
5-maryland avenue_2019,13.204307077403437,9.450184992624171,0.2462845732131623,0.6621208019548224
5-mason avenue_2022,14.425654733892909,10.621909146987187,0.3244618310543403,0.3974329364109001
5-mason avenue_2024,14.085118306893222,10.621909146987187,0.3127516332162425,0.2061194603084145
5-mason boulevard_2022,13.329712369378653,9.52601425630168,0.3480496172326779,0.8557336077796978
5-may avenue_2018,11.834256948419442,7.490094343103512,0.2900476932159078,0.7283695262697061
5-may place_2022,11.576717890925034,7.773359974477404,0.3126615879274944,0.676509539406922
5-mc clean avenue_2022,13.940471514678892,10.136740810592242,0.3603914813767982,0.4802014542221815
5-mc cormick place_2022,11.096176512904568,7.293072388942875,0.2541861180235987,0.850834456395539
5-mc cully avenue_2019,11.567741423332947,7.813937182154071,0.245122458032985,0.5595586434455646
5-mc divitt avenue_2021,12.835990457824847,8.423045699543461,0.3283670712871858,1.5390798237478038
5-mc kinley avenue_2019,12.405948560930142,8.651920352668682,0.165889094446911,0.6371057896763205
5-mc veigh avenue_2022,12.8165002429733,9.012849948950874,0.2526642793491208,0.7022060250482913
5-meeker street_2024,10.660837083337952,7.198328979280472,0.2327524104208465,0.9017454604321192
5-meisner avenue_2018,12.202667657324843,7.858335132020786,0.2993431404546651,4.721837043393677
5-meisner avenue_2024,11.321193426582168,7.858335132020786,0.3518356672979831,2.369729590623376
5-melhorn road_2018,12.797536399389507,8.453032807434289,0.2856024467397275,0.6898417235512188
5-melrose avenue_2024,11.253411363889928,7.790579326982475,0.2658947182668736,0.6904936630943819
5-melyn place_2022,11.284309035549851,7.481090848022533,0.2477787734485983,0.699824835313186
5-memphis avenue_2024,12.080445111851317,8.617387618627061,0.3446488970584583,0.0346912397899303
5-meredith avenue_2024,13.025821154139658,9.56265648709899,0.2608473889396297,0.8719207841382145
5-merrill avenue_2024,12.988076556578823,9.524914509191364,0.3708498654303803,1.075411895497674
5-merriman avenue_2019,11.308924973498511,7.555237289141913,0.2678437302321166,0.6999241648389691
5-merrymount street_2022,13.6142013449371,9.810485576646354,0.432546066710835,0.8366845955561415
5-mersereau avenue_2022,12.415663373877727,8.612071812510477,0.3193715834087635,1.235267962306646
5-metcalfe street_2024,11.446315582258542,7.983413252278789,0.1707607343928786,0.6433264855759894
5-michelle court_2024,9.62164944911104,6.1604639016293765,0.0,0.2279320680460069
5-mildred avenue_2022,11.741339805861903,7.9379194399777235,0.3460897056921614,0.6682908045610788
5-miles avenue_2021,14.121795763419632,9.708693918494356,0.3142106197980179,0.3483302234031682
5-milford drive_2017,13.496918465708532,9.283106279407482,0.3018459947188741,1.4931961883465383
5-mill road_2021,14.751266683949035,10.33813680316603,0.3323787354693214,1.2494145115224682
5-millennium loop_2024,11.608779268683788,8.145827394789329,0.0,0.1925193817704006
5-miller street_2019,11.468893710718024,7.715130467041995,0.1833131285162496,0.727886714363842
5-mills avenue_2019,12.213401072218687,8.459409108175416,0.1342255960539984,1.3227420202133708
5-mimosa lane_2022,11.55404789650083,7.750699413395933,0.3103640567617565,0.7426037892725378
5-minerva place_2018,9.893853237775494,5.552972103981928,0.1657531304467219,0.7177422274153256
5-minna street_2024,10.441336310091298,6.979005999169255,0.3462762367178337,1.5336361990178184
5-moffett street_2018,12.790401737575657,8.445899652733422,0.2416381339503741,0.929483325660138
5-monahan avenue_2022,12.967998564636076,9.164331524662217,0.2559841729485194,0.548352595656712
5-monroe avenue_2018,12.86573561175509,8.521218143303804,0.2786182323523652,0.6605206777328512
5-montana court_2024,10.493698099893594,7.031321770024422,0.0136988443581619,0.0708311807605914
5-montell street_2022,11.537046316199838,7.733705049325153,0.2740603042306823,0.6674190319872141
5-moore street_2022,11.310817199246957,7.507584595399895,0.2983393669257689,0.7157400292125798
5-morningstar road_2022,13.450785713425145,9.647079469404993,0.427286757396202,0.7795083462079887
5-morris street_2024,10.754482788838502,7.291909924645672,0.17366349405084,0.8590429022720305
5-morrison avenue_2022,12.981875300058585,9.178206849267482,0.3095396596998456,0.7528772847677117
5-morton street_2019,11.698831441966384,7.944978718442477,0.2274201080814699,1.1817578697547786
5-mosely avenue_2024,13.361688624363632,9.898504528498703,0.3358562834141809,0.1691518827453123
5-motley avenue_2021,12.654134586304563,8.241233122155592,0.3103679954055632,0.6481498146292095
5-muller avenue_2021,13.217423669207127,8.804410068021873,0.2834411943882574,1.056574277321211
5-mundy avenue_2019,12.22636727026764,8.472372640383742,0.2019685541777511,1.385819248271654
5-murdock place_2022,10.933820713408684,7.130833821081072,0.2614588773526785,0.6552376074867251
5-murray hulbert avenue_2021,14.341798661020183,9.928684963679853,0.0974843469068346,1.3895141719610888
5-murray place_2024,9.896946998615352,6.435269161331639,0.2382020151884112,0.8521148116555909
5-myrna lane_2022,11.49977081208235,7.696445802400174,0.2941318162996669,0.7083313158849852
5-narrows road north_2018,14.884339698306135,10.53965172140168,0.3923474919747125,1.0582068740330708
5-narrows road north_2019,14.293824795167971,10.53965172140168,0.413591654536028,1.0093438209099277
5-narrows road south_2017,14.32723128109654,10.113367419256468,0.3122305332424711,0.0976710271734461
5-narrows road south_2018,14.45804151010304,10.113367419256468,0.36653584053928,1.6607202067611504
5-nassau street_2018,11.24810698764919,6.904383736782576,0.2265181326943552,1.793008688628487
5-natick street_2019,12.99837083082858,9.244266315557676,0.2193267527875089,0.9408662644401964
5-naughton avenue_2022,13.709778167697108,9.906057509094998,0.3194005707305128,0.7944846144658624
5-naughton avenue_2024,13.369241971238116,9.906057509094998,0.3544310489780604,0.0124225199985571
5-nautilus street_2022,11.609039961533323,7.8056689597010145,0.3521297464396189,1.2673137336365992
5-neckar avenue_2024,11.9466268901467,8.483594491781993,0.2392883814006321,0.1979488126796537
5-nedra lane_2019,11.790861526298468,8.036978369172058,0.328131904704994,0.6853166014447568
5-nehring avenue_2021,13.216146585459276,8.803133173724438,0.3192836066848343,0.641222107695026
5-nehring avenue_2022,12.60675567019806,8.803133173724438,0.331839674114478,0.035463664275569
5-nelson avenue_2018,13.925469602018602,9.580823648800386,0.2930338587848955,1.2925329813054165
5-nelson avenue_2024,13.043989541995211,9.580823648800386,0.3325020613327976,0.1116308161711853
5-neptune place_2021,11.808146701475293,7.395591536115975,0.401805451690634,1.6756188340932414
5-netherland avenue_2019,13.2577802082224,9.503654122875073,0.2505734130561868,0.4998657835296486
5-netherland avenue_2021,13.916742308611276,9.503654122875073,0.3118897716900091,0.4694409709832593
5-netherland avenue_2024,12.966814650464768,9.503654122875073,0.3453001507447783,0.0431552703139276
5-nevada avenue_2022,11.446550943349258,7.643250220112038,0.2772107725844855,2.257964225216641
5-new dorp plaza_2017,13.610172125412628,9.396350130187765,0.3143918415364303,0.079550278758009
5-new lane_2019,12.12861082704094,8.374637174225036,0.2694944194520823,0.3887935738201923
5-new york place_2019,10.887648496576142,7.134228547233676,0.1798383173753474,0.7062114698891464
5-newark avenue_2022,12.242935518151151,8.439377487167617,0.2625898198986943,0.2764947268112043
5-newvale avenue_2018,11.662620899264711,7.318561525094762,0.2381185830276486,1.1015080917801352
5-nicholas avenue_2021,13.987998348223172,9.574905095349838,0.3211391081068513,0.606063073652832
5-nino court_2024,9.82659612271514,6.365031521736688,0.0,0.1108255550888846
5-nixon avenue_2024,11.155981221294262,7.693190184388357,0.2694127517985527,2.862497979648416
5-noah court_2024,9.830584634481037,6.369013398745186,0.0,0.1773090149704103
5-noble place_2022,9.749617328694171,5.948403007383433,0.265075517822867,0.6406426265777961
5-nome avenue_2019,13.639494318930854,9.885345122934538,0.303479256352866,0.9962103550500284
5-normalee road_2019,11.330587156604455,7.576888519589912,0.1985580758415951,1.039286822583295
5-north burgher avenue_2022,13.56840754791326,9.764694293591218,0.288528416518871,0.9359364841209896
5-north burgher avenue_2024,13.227871419931256,9.764694293591218,0.274229927743992,0.2885566898624418
5-north gannon avenue_2018,14.555864134500789,10.211186315277834,0.3838224192950667,1.983302268272376
5-north railroad avenue_2017,15.082921820197887,10.869036780240316,0.2560029576797268,0.1900416798090927
5-north railroad avenue_2024,14.332251110401849,10.869036780240316,0.3514224469056756,0.1318174246201866
5-north railroad street_2017,13.644705596787327,9.430880824983545,0.2329460952758061,0.3988432317992774
5-north railroad street_2021,13.843963448800672,9.430880824983545,0.3055258352626276,1.9217930850907652
5-north railroad street_2024,12.89403589882576,9.430880824983545,0.2725434287028209,0.6364710033663885
5-notre dame avenue_2018,12.745263695365978,8.400771398648716,0.2580364243339794,0.6138333738402199
5-notus avenue_2018,12.648288965695468,8.303819252986424,0.2294394797710245,0.2488112980627875
5-nugent avenue_2024,13.490257665429326,10.02706769698289,0.2783913985852441,0.524550998384467
5-nugent street_2019,12.528104626693883,8.774056789786066,0.2316784537640471,2.098201959397572
5-nunzie court_2024,9.778177359869058,6.316695444644755,0.0,0.186064543072789
5-o connor avenue_2021,12.427813748593604,8.014978409361417,0.3214380655891267,0.9242985832756834
5-oak street_2019,10.022565457160391,6.270215761118894,0.2827279606145222,0.7533481832507023
5-oakland avenue_2025,13.286430406624012,9.907867608978185,0.0,0.0821328295385223
5-ocean avenue_2019,12.414139338314062,8.660109737617551,0.2779011936439661,1.6967525767608092
5-ocean terrace_2018,14.44653654714816,10.101862919251689,0.3484805698848789,2.467845261859705
5-oceanside avenue_2024,12.202077513556953,8.73899994781298,0.2619852612414269,0.1349678604104843
5-oceanview place_2021,12.846944213265957,8.43399709009712,0.3164592153738171,1.0266149081608595
5-oder avenue_2024,12.755299590010797,9.292156078866412,0.2459841556304662,0.7133908870369877
5-ohio place_2019,11.569364668631232,7.8155597874372305,0.1376894027731863,0.4294420174896127
5-oldfield street_2024,11.586088117988051,8.123142689947716,0.2794586978267911,0.6532622468610304
5-olympia boulevard_2024,13.635337995823932,10.172142246906256,0.374118571587119,0.6286086594223741
5-orbit lane_2022,11.068547428885788,7.265461936359037,0.0523319704630194,0.0761273603875509
5-orchard lane_2024,10.868910288051923,7.4062660933125795,0.0731222648289626,0.716179879670518
5-ordell avenue_2024,10.804752040144477,7.342146832996586,0.3656005095442366,1.4133013666064176
5-orinoco place_2019,10.864768372064765,7.111366443950592,0.2316784537640471,0.9245763114609278
5-ormond place_2022,10.964216520651703,7.1612062095096825,0.2860631155892299,0.6545622652443763
5-osage lane_2024,11.158746031629084,7.6959537753632095,0.2597082204093748,0.6651591440197765
5-osgood avenue_2019,13.141277497933674,9.38716041173726,0.2326155446468524,1.3600787143014783
5-overlook avenue_2022,12.298920102050907,8.495350562871042,0.2397885649890755,0.5088637004524501
5-overlook terrace_2019,11.302848977102512,7.5491644076680915,0.3080097719574513,1.5228555343203836
5-oxford place_2019,12.38681781792228,8.632792906660047,0.3444237327953871,1.0807537703667969
5-palma drive_2021,12.50380002118272,8.090940793427567,0.3252435849589493,0.6893399422169912
5-palmer avenue_2021,13.082816861882836,8.66982462155075,0.2947120983330102,1.044332081755039
5-park hill avenue_2017,13.525052667510815,9.311237939840115,0.2185578898228904,1.7006305358169531
5-park place_2018,12.822000566049894,8.477491887201836,0.2974929430160402,1.1150104344777458
5-park street_2022,13.275639579738971,9.471945428427077,0.3027155599910584,0.4374804375401755
5-parkinson avenue_2022,13.03743744598699,9.233763538398009,0.3273067117728517,0.839280089507906
5-parkwood avenue_2021,13.399006278521563,8.98596805978722,0.2779170840106879,0.8153205645176217
5-parsons place_2021,11.138715510390078,6.726738262526631,0.2733677813053178,0.4369637751675354
5-patten street_2017,11.427537110050377,7.214358634700719,0.1795945302880295,0.7996670239376181
5-patterson avenue_2024,12.91504757328186,9.451890883952611,0.2697967869150542,0.2851037514369805
5-patty court_2025,7.775750766872118,4.408962433910334,0.0,0.8923668237547817
5-pauw street_2018,11.04391804543665,6.700419115126155,0.2848611961101396,1.1206998851321146
5-pearl street_2024,10.679826668073805,7.217304937543197,0.100001353380205,0.8378966644461431
5-pelton avenue_2022,13.918022030070087,10.114292204947487,0.2521934239068883,1.190096978790288
5-pendleton place_2018,11.952124109953315,7.607900201261642,0.2629058296039336,2.164138784792585
5-petersons lane_2021,12.282918612641392,7.870134174944,0.2723250283432624,0.6822378900519093
5-petrus avenue_2022,12.860985219119716,9.05732974221826,0.3052330316969501,0.5621839160411327
5-petrus avenue_2024,12.520449625497784,9.05732974221826,0.3408959351598351,0.0337248694016208
5-piave avenue_2019,12.113835476598814,8.359865176515425,0.2469397941418593,0.7867285941814758
5-pickersgill avenue_2019,10.490022432545594,6.73698262450626,0.2885745312348006,0.6421170094471663
5-piedmont avenue_2019,11.903602160228164,8.149685341927176,0.3213355774934235,0.7613664195370892
5-pike street_2022,10.85031650924302,7.047397738103514,0.4954133447711039,0.6413800897380623
5-pine street_2018,11.94115398073536,7.596935477767601,0.2427620504566746,0.9515034236298976
5-pitney avenue_2021,13.123502476055483,8.710503473552624,0.2284126639942216,0.4624753628249439
5-pittsville avenue_2021,13.231302196931589,8.818286552444471,0.2868442831806898,0.6527417659249064
5-pleasant valley avenue_2019,11.853718852017044,8.099816460647618,0.1480094118051758,0.704878103435644
5-poets circle_2022,10.42904029428389,6.626566893764948,0.262364264467491,1.2055216043157864
5-poi court_2019,10.17343164320583,6.420823192739459,0.2058520542041487,0.8769676134776359
5-poillon avenue_2018,13.565402927911492,9.220786509677458,0.2539619925123748,1.910978510371884
5-poland place_2021,11.680126401684186,7.267654068228526,0.3107027234421614,1.3756377809313618
5-pompey avenue_2024,13.643104297428666,10.179908262092976,0.3475591105307229,0.6798086161207648
5-pond street_2024,10.098455322040564,6.636493884352672,0.3727519107018617,1.80761641405032
5-pontiac street_2021,11.56075917176222,7.148374225491319,0.3162096209634361,0.704779264789653
5-poplar avenue_2024,11.57631517579257,8.113372569311453,0.3115332882739608,1.0727473224730553
5-port richmond avenue_2022,13.96856135050916,10.164829574051542,0.3981525748756414,0.8656288170719271
5-portland place_2018,12.291451463314038,7.947086526389802,0.252200837599315,1.9805047938198124
5-post avenue_2019,13.30306317293725,9.548933863083668,0.3530319526602313,1.3680794726989856
5-post lane_2019,10.513741141504587,6.760674179674198,0.2714800978755005,1.6164135261705257
5-potter avenue_2022,12.866013777993755,9.062357729593373,0.3181073507894739,0.7062608197053284
5-pouch terrace_2019,12.263402637291868,8.50940058056141,0.2936907697333983,0.4334693045177617
5-poultney street_2024,11.593975105193245,8.131027420105553,0.2597082204093748,0.6431688107537038
5-princewood avenue_2024,11.556729838492606,8.093792970180274,0.2454222631618982,0.6834503175810813
5-prospect avenue_2018,13.786769194036806,9.442133379260714,0.3043383577971974,0.8566681078901824
5-pulaski avenue_2021,13.41721113984384,9.00417069067242,0.3112512908397529,0.9497641919316936
5-purcell street_2019,11.298843784348168,7.545161278585953,0.3181650891768567,3.1194885449752383
5-purdue court_2022,10.318161916603175,6.515840376083729,0.271373334409857,0.8946175561926608
5-purdue street_2022,11.92723545775239,8.123755886993349,0.3322617040848694,0.6659815124871759
5-purdy avenue_2024,13.05933922612553,9.596172314225452,0.3648966311453578,0.0102473164515495
5-putnam place_2018,11.01802899927487,6.674561919446161,0.2658792065749355,1.7498083652813765
5-queen street_2018,13.693266873710629,9.348638731565655,0.2778733583647436,0.7569197834570117
5-queensdale street_2024,11.784853948538,8.32185673039619,0.274229927743992,0.7035924384214839
5-quincy avenue_2024,12.382026039884812,8.918922915281344,0.2072544384868755,0.1823215567939546
5-quintard street_2021,13.968848713386055,9.555756786997543,0.3630339926080127,2.0206464951693306
5-radcliff road_2019,12.484712303634826,8.730671166371737,0.1966039960795975,1.5738107347909494
5-radford street_2022,10.807959851881192,7.005077869014855,0.2838512146652999,2.640641787983584
5-rae avenue_2024,11.462491925975655,7.999584294506661,0.3140553577066706,0.6742191706744265
5-railroad avenue_2019,11.912931428954163,8.159011991452775,0.2029408439966903,0.6809227659372223
5-ralph avenue_2018,11.984954816373508,7.640715079426315,0.225106535679819,0.5771750043075247
5-ralph place_2024,10.723248824704264,7.260696890208602,0.3290556389661632,0.6714126884139392
5-ramblewood avenue_2021,13.163061474269398,8.750056155406881,0.2851102750634095,0.3194713949411882
5-ramsey place_2019,10.10615477913873,6.353656917870652,0.2366983276720264,0.6618113002500924
5-ravenhurst avenue_2024,12.40372367504739,8.940617767864685,0.3018909907817262,0.8250522514398839
5-ravenna street_2024,9.97521336239715,6.513418550723176,0.2755396856260554,2.000100670994426
5-ray street_2022,10.10360498939976,6.301629634130962,0.3203770141133552,2.1715990296972465
5-raymond place_2024,12.231256901743668,8.768174872931917,0.2822486187287854,0.8056719714017897
5-rector street_2022,11.780133984406026,7.976700338781526,0.3666835142141818,1.948663497966124
5-rene drive_2019,11.493471962140095,7.739698143066533,0.1397619423751586,1.6300637302277563
5-renfrew place_2022,11.395570794261076,7.592294578758962,0.2944240003777135,0.6934471355689432
5-reno avenue_2022,12.904633517525989,9.10097317444667,0.2959122311928351,0.8719207841382145
5-rensselaer avenue_2018,14.842640410362623,10.497953545779383,0.256157979967972,0.4269003888282294
5-rensselaer avenue_2024,13.961159589582593,10.497953545779383,0.2994166655400085,0.0973989059871327
5-reon avenue_2018,12.643765926812195,8.299297321843039,0.3516977896976891,1.1821872122540136
5-retner street_2019,10.95668739151932,7.203215496209076,0.1961148789262904,1.515544728217168
5-reynolds street_2019,12.431144227609096,8.677111772232767,0.2246042779533322,1.3557320555372507
5-rhett avenue_2018,11.763061692053656,7.418939769947591,0.2145452884611544,0.3906221612383899
5-rice avenue_2022,12.96149669742534,9.157830325247044,0.3297268484816814,0.7069021457922811
5-richmond avenue_2017,16.778788625496027,12.56488826908869,0.3955873562535517,0.7493857270071347
5-richmond avenue_2019,16.319083778593754,12.56488826908869,0.4226134172773973,0.6014155899603525
5-richmond avenue_2021,16.978046682489833,12.56488826908869,0.4657380062476118,0.7972819452919528
5-richmond hill road_2024,13.868807098334289,10.405603640538548,0.4800338036056728,1.1097170684002156
5-richmond road_2019,15.375726061038538,11.621535901551573,0.418835851229007,3.4523941713932813
5-richmond road_2022,15.425296550631456,11.621535901551573,0.4638715490375232,0.0964913001887612
5-richmond terrace_2017,15.76561805415149,11.551723734106664,0.3602142466954298,1.2394171652591306
5-richmond terrace_2021,15.964876094775647,11.551723734106664,0.3876242012880482,2.2335029318066018
5-ridgewood place_2022,11.72185596740674,7.9184424679006655,0.2847365622220241,0.6698273752383285
5-riedel avenue_2022,13.2382485721419,9.43455728836767,0.3342305858282297,0.4563483184227342
5-riegelmann street_2021,12.426611510207238,8.013776563707056,0.3281204317496179,0.6101459340565393
5-riley place_2021,11.727514601667483,7.315010365243125,0.3152106198813513,1.4039869206508089
5-robin road_2019,12.557364245726122,8.803312052544266,0.2804708608931092,1.086472228773941
5-rochelle place_2018,12.712193821200016,8.367708981259483,0.2008620647096972,1.0885282822140898
5-rockland avenue_2018,15.195827562260224,10.851132593802117,0.5145899583314479,1.8598230201414885
5-rockland avenue_2019,14.605312585140814,10.851132593802117,0.515366319593842,2.6703967924186944
5-rockland avenue_2021,15.264275309436318,10.851132593802117,0.5752882806320488,0.025472795973031
5-rockne street_2022,12.36300721639966,8.559425270439727,0.3352109373158864,0.6300476236166285
5-rockwell avenue_2019,11.439695728361174,7.685945390199507,0.2668789448220177,1.2359945903486735
5-roderick avenue_2019,11.556522917616736,7.802723128187901,0.2479135902528062,1.4059744318867178
5-rogers place_2024,10.756304301236124,7.293730236501523,0.3364722366212129,0.644377016190516
5-rolling hill green_2022,12.267176880540852,8.463613787333955,0.3167838885092042,3.217619035439116
5-roman avenue_2018,13.174192206205358,8.829622551601075,0.2177959449876144,0.7806084563299399
5-ronald avenue_2019,11.67719202749646,7.923346875770865,0.1575462688283965,2.649870089035748
5-roosevelt street_2024,9.76091225024087,6.299460799079026,0.3608043372807435,1.8936088279825405
5-rosewood place_2024,10.041098581272076,6.579212144487716,0.216223108469636,1.634169548653284
5-ross avenue_2022,13.188179999584278,9.38449272740752,0.3108422854428066,0.535498723970875
5-rossville avenue_2018,14.513397468064538,10.16872122270909,0.3623096872729948,1.4446576044168056
5-rossville avenue_2022,13.972453145380156,10.16872122270909,0.4183577102965592,0.0147900854726354
5-royal oak road_2022,12.780510111462323,8.976864182614788,0.3337795389323046,0.6933971493151526
5-rubenstein street_2025,10.243705810670388,6.866102422620925,0.0,0.5862855387758519
5-rudyard street_2024,11.598969063485033,8.136019958432772,0.2597082204093748,0.6755431346115843
5-russek drive_2022,12.391069054407346,8.587481921183548,0.3082614211597931,0.7209082513453356
5-russell street_2022,12.06693753676407,8.26342017943492,0.2884630174348523,0.7315502518428904
5-ruth street_2021,11.724380250050055,7.311878077413404,0.302891168034358,0.5923318753211291
5-ruxton avenue_2024,11.139477297813231,7.676693610120978,0.2807616296072072,0.1383696692647718
5-rye avenue_2018,13.139079234478226,8.794514741483702,0.2524366054220929,1.517607670615811
5-sand lane_2018,14.169870490270696,9.82520976147139,0.3127009801360236,2.144515075922369
5-sanford place_2022,12.18014319106304,8.376598857747084,0.3297268484816814,0.6255105318441341
5-saunder street_2021,11.14198085450649,6.729999747052665,0.2744094480661745,0.6603656910355657
5-scarsdale street_2024,10.71122245169375,7.248678751807437,0.2530370815923523,0.5370195478484658
5-scheffelin avenue_2024,11.289957565628628,7.827111150517834,0.2490129312926268,0.721345834918624
5-schmidts lane_2018,13.389133300438964,9.044535710167292,0.3383149375362953,2.5877565164024494
5-scribner avenue_2018,12.832560298097713,8.488049461691661,0.2758161756787832,1.5080251496910375
5-seaview avenue_2024,14.200222191506947,10.737010464305529,0.3632701097324624,1.2023114249992697
5-seeley lane_2021,11.655472070693254,7.243016942355146,0.2951455893448602,2.3748964522048235
5-seguine avenue_2019,13.636679124519166,9.882530068699978,0.3149845168845233,0.7450752734203046
5-seguine place_2022,12.388392907037986,8.584806262249122,0.2776317365982794,0.6117744220942081
5-selkirk street_2024,11.304119891125753,7.841268043893255,0.3487122915157149,0.6871291082343823
5-serrell avenue_2018,13.03035255113377,8.68580524018371,0.1922139854439277,1.3406953498017138
5-seymour avenue_2021,11.909446457936845,7.496832860570428,0.3086926725141372,1.9468811060953557
5-shale street_2022,12.12277652791881,8.319245483048052,0.2878291204632215,0.8078588376918425
5-sharpe avenue_2021,13.48359432577108,9.070546078863243,0.2960374795740789,0.9748992049809254
5-sharrotts road_2018,14.38777235898954,10.043101180606984,0.2671542515183254,1.406636058777805
5-sharrotts road_2021,14.45622008547486,10.043101180606984,0.2861217353550034,1.1416079191292057
5-shawnee street_2021,11.5265586918272,7.114200765233443,0.3315678619061231,0.5622409107121464
5-sheldon avenue_2018,14.80840208139014,10.463716165428671,0.2517431862536025,0.4187761221678367
5-sheldon avenue_2024,13.926921278249612,10.463716165428671,0.3242586145767652,0.0964913001887612
5-shepard avenue_2021,12.36333382698121,7.950520231844703,0.30919556415159,0.6780335427498971
5-sheridan place_2024,10.964740412919582,7.502042447348239,0.2781540662001263,0.636418086313856
5-sherman avenue_2018,12.79336864436203,8.448865931489802,0.2586556988674753,0.7047298418030119
5-shiel avenue_2022,12.59089969755562,8.787279549089133,0.2873879115436442,0.3815138872856511
5-shiloh street_2019,12.284714575704225,8.530708368222516,0.2082716053482384,1.0766733811493558
5-shirra avenue_2021,12.565480977869262,8.15260364985956,0.36095799600502,1.5623043753000423
5-shore road_2021,13.709923190208398,9.296851931940518,0.3121824281864017,0.1426273982497559
5-shotwell avenue_2019,12.72795512935864,8.973879925876526,0.2366335461476945,1.53635095732657
5-shotwell avenue_2024,12.43698998372242,8.973879925876526,0.2392883814006321,0.2068515545372322
5-signal hill road_2025,11.12144162810774,7.743249707341095,0.0,2.1085633552518543
5-signs road_2017,13.500707538134217,9.286895005385144,0.2931990388525823,1.9901867410051663
5-silver lake park road_2024,9.787376569221292,6.325878635249465,0.0,0.2632869156170593
5-simonson avenue_2019,12.947345074666268,9.19324550124949,0.2678437302321166,2.348542677767077
5-simonson place_2021,12.445750748161942,8.03290960520762,0.261837255232632,1.2041427898775734
5-sinclair avenue_2018,14.959835414417803,10.615145537976856,0.2598269351077676,0.5107256187656574
5-slaight street_2022,11.21483326554421,7.411654725321186,0.2641725832242747,0.6447969196188986
5-slayton avenue_2022,11.79398533097477,7.990547067250485,0.3040184917714744,0.6293550474721659
5-sleight avenue_2017,13.060172004241323,8.846409986385321,0.2613582281653357,1.0824151537655384
5-sleight avenue_2018,13.19098204578432,8.846409986385321,0.3127169456769644,0.2231435513142097
5-sloane avenue_2022,10.53665196847287,6.734046420084397,0.2668789448220177,1.883228949646442
5-smith avenue_2022,11.627383424465163,7.824005182302818,0.2772107725844855,0.6676242233288594
5-smith street_2019,10.488539862564831,6.735501773267168,0.2827279606145222,0.6346702508009694
5-sommers lane_2024,11.448566362489192,7.985663289714605,0.2463211396269154,0.667367727572458
5-south avenue_2018,15.532836579567244,11.188136137718448,0.4276479538349609,2.8555502429541284
5-south avenue_2024,14.651355506321456,11.188136137718448,0.4769389352378784,0.2508365363309584
5-south gannon avenue_2018,14.61660776332304,10.271927805922168,0.3797016791436747,0.8901520742644603
5-south greenleaf avenue_2019,12.9633795507716,9.209278397161157,0.2303555772600625,0.1624589276977029
5-south railroad avenue_2017,15.116527021185949,10.902641361364177,0.2695352507778811,0.0605304997400323
5-south railroad avenue_2018,15.247337290313352,10.902641361364177,0.300847073537922,0.4758614387298954
5-spark place_2019,11.274831819793892,7.521161860913457,0.3115032252920113,0.7926757232748455
5-spirit lane_2024,10.582354515649698,7.119905553609799,0.0,0.0778865386570712
5-springfield avenue_2021,12.0340449446039,7.621367134107186,0.2777873907351024,0.850022716022425
5-spruce street_2022,10.75939078167611,6.956552944105448,0.3158529494184772,0.7728359794613133
5-stack drive_2022,11.822650407206412,8.019202787130704,0.2999593386190129,0.7380727439129378
5-stafford avenue_2018,14.634653873859987,10.28997330585818,0.25626053160471,0.3093212475552621
5-stanley avenue_2018,12.998453986349451,8.653912081023437,0.2734081477593321,2.923758176913798
5-stanley avenue_2024,12.116975861259196,8.653912081023437,0.2454222631618982,0.0152826235311569
5-starbuck street_2025,11.093153909414672,7.71497400676112,0.0,0.7161310169503207
5-starr avenue_2024,10.90132523411581,7.438662271908524,0.3215836241274623,1.1342689658761445
5-state street_2022,10.58210449874088,6.779447262421868,0.2578291093020998,0.6973383851784134
5-stebbins avenue_2022,11.447111538416175,7.643810552565017,0.3406651148812489,0.672178874123749
5-stecher street_2022,12.587239799463894,8.783620198275923,0.2778545281776793,0.7275969152891709
5-steinway avenue_2022,12.826744058510949,9.023092550484678,0.3990129651801226,0.6855181533954542
5-stewart avenue_2017,13.597990398897132,9.384169406215229,0.2402512780381271,0.8081708571287273
5-stieg avenue_2021,13.074563469976528,8.661572635284749,0.2863112703180022,0.3351141720116418
5-strauss street_2025,9.904650360098255,6.527453330986647,0.0,0.7293344513216578
5-street andrews road_2019,12.842025934437952,9.087937394380392,0.2336998815799238,1.4519650536095363
5-street anthony place_2024,9.884304901347244,6.42264683092142,0.2597082204093748,0.8063865761664561
5-street george road_2019,12.932062565427454,9.177964521862975,0.2435062458330943,1.4850531331431545
5-street lukes avenue_2018,11.205423504172856,6.861743439441993,0.2274849908059682,0.8312991319426876
5-street marys avenue_2019,12.714563082398447,8.96048954677613,0.2760929788413037,0.8861613668926431
5-street patricks place_2019,11.614264847592931,7.860442668551984,0.2971608164063247,1.3168906909810114
5-summer street_2022,10.922946311919508,7.119967972164649,0.2853263587593219,1.08916782984011
5-summit avenue_2025,11.234956048836091,7.856719178194006,0.0,0.8199119813514425
5-summit place_2024,11.369269904047592,7.906394034960083,0.31782657524975,0.695993127009864
5-sumner avenue_2021,12.561645295513918,8.148769060832015,0.3520065295833972,1.7016888721382073
5-sumner place_2018,12.209865972475768,7.865530710858754,0.2646638934822694,1.1505720275988207
5-susanna lane_2024,10.375676160077523,6.91340706407999,0.0,0.2142238891395561
5-sussex green_2022,9.722973825011191,5.921828405052589,0.3309950794696765,1.8590909613883404
5-sutton place_2022,10.123610575691789,6.3215997169641565,0.265075517822867,1.10578649241611
5-swaim avenue_2024,11.189903841165089,7.727098073885589,0.2975470462992209,1.0072642492088042
5-swan street_2022,11.49069667602801,7.68737571642902,0.2202216396260641,1.438507232566825
5-sweetbrook road_2018,12.602631650463069,8.25817335299673,0.2969808101366548,2.064150223110877
5-swinnerton street_2024,13.053363532152868,9.59019701498124,0.3278141738780983,0.2027775653613369
5-sylvan place_2024,9.787014325643346,6.325517019674403,0.2663351498969837,0.1118990924974087
5-tabb place_2021,11.96649621435396,7.553852221889733,0.2842515373549917,0.5696226942744478
5-taft avenue_2018,12.608094620175471,8.263634929256195,0.2683054107573994,0.7158866675294348
5-tanglewood drive_2018,13.139898294980036,8.79533367950782,0.3030890882749225,1.6191703977784804
5-tarlee place_2021,11.81185611490429,7.399298703897968,0.2821875531341402,1.541672858299404
5-tate street_2018,10.331299596793745,5.989062058525407,0.2459794085659322,1.9260863786784772
5-taxter place_2024,9.355544820731115,5.894982581257136,0.298826637004846,1.5439389302014046
5-tenafly place_2025,10.68907799461674,7.311112615434317,0.0,2.017512945057669
5-terrace avenue_2024,10.848373315935936,7.385741330110969,0.3115332882739608,0.6578308354323776
5-thames avenue_2021,11.737119480842452,7.324608960272658,0.2881100630425212,0.5676406453202232
5-theresa place_2019,11.13617822106458,7.382586908653319,0.2387356460740459,1.90791154596408
5-theresa place_2024,10.845216995779378,7.382586908653319,0.0858612906063924,0.0697126124113003
5-thomas street_2019,13.217602584327055,9.46347948478106,0.2382667128884305,1.1684803326354374
5-thomas street_2022,13.267172996143334,9.46347948478106,0.3256199117921731,0.1958134636422536
5-thompson street_2024,11.42204718196766,7.959152968027206,0.342202911330198,0.8522001104145456
5-thurston street_2021,11.70654271810732,7.294052414319838,0.2968013242961324,1.05761666796459
5-tilden street_2018,9.275277219033294,4.937666552396957,0.230440805138153,3.586644604025546
5-tillman street_2018,13.504323495679726,9.159713229437523,0.2238631671330086,1.289810993399667
5-todt hill court_2024,9.058103823403604,5.59846501979964,0.162001554302997,0.8883849626204463
5-todt hill road_2018,14.654273155246935,10.309591935797716,0.3437823995817653,0.5491613300315638
5-todt hill road_2024,13.772792439437708,10.309591935797716,0.387527407421497,1.076503003080009
5-tompkins avenue_2017,14.71183311709594,10.49795650490674,0.3248726801891167,0.2849533528805231
5-tompkins circle_2024,11.08169278725596,7.618935807770817,0.1961148789262904,3.219275744889528
5-totten street_2024,10.264572576205298,6.80241666152405,0.3240805043260494,0.6836522459981439
5-townsend avenue_2019,12.405511741515095,8.651483607833862,0.2879727278818172,1.5592597854898196
5-trantor place_2018,14.163887509157083,9.819227100623952,0.2927790315332026,1.151014967461158
5-travis avenue_2022,14.3754644407991,10.571720080594517,0.4305684395099775,0.6079704831523522
5-treadwell avenue_2021,13.45992362290953,9.046878097312945,0.30919556415159,1.2973811768406645
5-trossach road_2024,11.13698358507336,7.674201018414952,0.1794438569663395,0.619608277225075
5-trumbull place_2018,11.127079605016045,6.783483761375936,0.2481796294755346,0.9088632160453584
5-tryon avenue_2019,10.999388881304837,7.245886605030819,0.2542815981028136,0.6423274582299707
5-tulip circle_2022,10.157197015403122,6.355128123080835,0.262364264467491,1.0395697480343264
5-turf road_2019,11.290054682927162,7.536376734801452,0.2159750618355972,2.3078512026665456
5-tyrrell street_2022,11.342347592635155,7.539098331156189,0.2619116733758097,0.8246577827621558
5-tysen street_2018,12.760682497653573,8.416186807599853,0.2987996203220428,1.7074716527054656
5-uncas avenue_2024,12.195226374704584,8.732149875871729,0.162001554302997,0.8981267612464839
5-union avenue_2024,12.897614319844076,9.434458968470684,0.3834744123425923,0.6719235441083187
5-union place_2024,10.684572936994108,7.222047840853927,0.3115332882739608,0.6012511658554083
5-utter avenue_2022,12.333997999798653,8.530421571432248,0.2912052704590979,0.7062114698891464
5-uxbridge street_2022,11.854876684863338,8.051418861283352,0.3262157364540238,0.6385853925672627
5-valdemar avenue_2024,11.290439491346644,7.827592890121046,0.1765578520772045,1.2150611013113564
5-van buren street_2018,13.035641754145832,8.691093563417628,0.2589728212114019,0.9411004107827294
5-van duzer street_2019,14.157252643380492,10.403083351867922,0.3368992221101937,1.5186594488752263
5-van name avenue_2024,13.313163190737766,9.849981515118106,0.2780004681658791,0.5974619304255374
5-van pelt avenue_2024,12.891066683574095,9.427911840770008,0.3407733185206035,0.9483318874189502
5-van tuyl street_2018,11.290046192269658,6.946282264660439,0.2248322654785434,0.6604173559370264
5-vanderbilt avenue_2022,13.85747300755436,10.053745653878554,0.3708754283782278,0.908379520602819
5-vassar street_2022,12.714905962276898,8.911268406063495,0.3070520802300733,0.6724341389624037
5-vedder avenue_2021,12.819792500108422,8.406851286734556,0.3206928165172477,1.2095273492392649
5-veltman avenue_2024,11.642018581131495,8.179057525075942,0.3735433630581733,0.8099964470562376
5-vera street_2024,11.65384788376703,8.190883632859652,0.224521911284331,0.2645157944199414
5-vermont avenue_2019,12.13803660042565,8.384060834501486,0.2483125110118407,1.0959420601122307
5-vernon avenue_2018,14.27932321234555,9.934656950416578,0.2449393749127372,0.3212860798655584
5-vernon avenue_2021,14.34777093455486,9.934656950416578,0.2916915409160564,0.422912021711885
5-vernon avenue_2022,13.738378983846756,9.934656950416578,0.2934957590711615,0.0419094030772096
5-vespa avenue_2024,12.072413405947676,8.609357326059454,0.3389322624620753,1.0094167098636389
5-veterans road east_2018,14.97517080273212,10.630480557654955,0.3143240033982021,2.4525470121998496
5-veterans road east_2019,14.384655875593191,10.630480557654955,0.3059605996243966,0.3376144411999899
5-veterans road west_2017,15.138558097809575,10.924672042773109,0.2784993246706685,1.521917314904605
5-veterans road west_2019,14.678853376191922,10.924672042773109,0.3113092629581633,0.5665630284504923
5-victory boulevard_2018,16.355232585395207,12.010524486622224,0.4350514473945187,1.0614294975403935
5-victory boulevard_2019,15.76471746933852,12.010524486622224,0.4412196648490412,0.1814878760453772
5-victory boulevard_2024,15.47375136977237,12.010524486622224,0.485911550731236,0.6595903970311026
5-villa nova street_2019,11.857826981701338,8.103923374831158,0.171348878124479,0.6802645547289317
5-vine street_2018,11.223834423869947,6.880135505352953,0.2138043013187307,0.7706173513268442
5-vineland avenue_2024,13.343446731753774,9.88026353197054,0.3109719635328679,0.1479888777134493
5-virginia avenue_2018,13.876576274319998,9.531933735690323,0.2626350836973115,0.9482156646585288
5-vogel avenue_2024,12.009088111793334,8.546043581809963,0.2152967536095052,0.4559047048662339
5-vogel place_2021,11.111596163587215,6.699651461500894,0.2697133789089644,0.7118217208247538
5-von braun avenue_2019,11.434591936279393,7.6808438929224225,0.2703821247922229,0.6575718150460252
5-vreeland street_2022,11.764978111327313,7.961549592541854,0.1959537055840123,0.5280956349309447
5-wade street_2021,11.593796910844915,7.181386725837301,0.3033969849394268,1.6316298399405973
5-wainwright avenue_2017,14.473446044211691,10.259576750132696,0.2454207937481135,1.004521365268514
5-wainwright avenue_2018,14.604256283216738,10.259576750132696,0.2634657718454403,1.3582806146646915
5-waldo place_2021,11.586252069520722,7.173847575102055,0.2950181114939642,0.7514632573827813
5-waldron avenue_2024,11.622814834976714,8.159859046591382,0.0968763508370697,1.2702660350597683
5-walker court_2018,11.356779707788466,7.012954468543608,0.231390156159394,0.4917651210272482
5-walker street_2021,13.990564433820063,9.57747100511744,0.3557934983109267,1.5304812814323885
5-walloon street_2019,11.150965491392334,7.397365262893742,0.2690573226140752,1.6132904817495903
5-walnut street_2022,12.006790397649,8.203288664297501,0.2761451895726338,1.0412303204299738
5-ward avenue_2024,12.356687484679547,8.89358768692085,0.3129752495908621,0.8443649923025661
5-wardwell avenue_2024,12.04695669203793,8.58390516749349,0.2919831543511715,0.6702367289768392
5-washington place_2022,11.21075763737593,7.40758150955757,0.2827592609885642,0.7074937742668669
5-waterbury avenue_2024,11.351171842092176,7.888302489886227,0.1590646946296873,1.9892706331685368
5-waters avenue_2021,13.676440109949302,9.263371936643882,0.3119012463366581,0.9575094476901094
5-webster avenue_2024,10.93492417942345,7.472242395428637,0.3115332882739608,0.7405077519197829
5-wellbrook avenue_2017,13.27601590869255,9.062226367505202,0.2291827200229866,1.2444139263234597
5-wenlock street_2019,12.107346803296858,8.353377991306933,0.2452777254814764,1.6360408942286344
5-weser avenue_2024,12.062881705559844,8.599827317754634,0.1170164583861879,0.4733729467153394
5-west cedarview avenue_2022,13.1916791619039,9.387991602792688,0.3510710360423656,0.2929680768810183
5-west service road_2017,14.048832582027252,9.83498153963549,0.4350873641395077,0.1525493984602844
5-westbrook avenue_2022,11.883231764409109,8.079765230895108,0.2941318162996669,0.6596938043007258
5-westcott boulevard_2022,13.26503426642554,9.461340917578852,0.3680538086715119,0.692897149304736
5-western avenue_2019,13.179706945412722,9.4255867741614,0.3138979145826739,2.321220372538219
5-westfield avenue_2024,11.109135038475245,7.646365182663816,0.298826637004846,0.5344444893646247
5-westport street_2021,12.49314925314219,8.080293265422156,0.3394033574300717,1.764354013537454
5-westwood avenue_2022,14.369070552021835,10.56532635255803,0.3717831677213858,0.5444731431782086
5-wheeling avenue_2024,11.74976929877293,8.286780490636506,0.166877234366481,0.7293826731420407
5-white plains avenue_2019,10.74867815954883,6.995374295027683,0.2814124594381855,1.25282010971992
5-white street_2019,10.799149479227289,7.045801579875103,0.2109768125543307,0.901298914054918
5-whitewood avenue_2021,12.893124031244591,8.48016721788579,0.2961223800283473,1.043451877490834
5-wilbur place_2024,10.2483992225952,6.786260856316439,0.353566669980513,0.1700802703716007
5-wild avenue_2017,13.416734913212697,9.202930374759466,0.263815643532138,2.643575677916726
5-wilder avenue_2019,13.248347382862567,9.494221987779206,0.2673123200848605,0.733905173032113
5-william avenue_2022,12.20080623349908,8.397257297437493,0.2654364635044612,1.933866485852885
5-william street_2024,10.295240623245643,6.833052201683512,0.2372958076048731,1.535576063835645
5-willis avenue_2024,11.017484015671656,7.554758580399307,0.3487122915157149,0.7526888632682612
5-willow road east_2017,14.024859178828756,9.811009416398235,0.3044535304278059,1.471049026984699
5-willow road west_2017,14.091371865777848,9.877518626349156,0.2858035385731084,1.816956019860969
5-willowbrook court_2024,9.041287553270486,5.581709586601492,0.2189970353523612,3.7072815913776815
5-wilson avenue_2022,13.783486483166064,9.97976235978574,0.3576411964592418,0.2969886317720805
5-wiman place_2019,10.892663047506389,7.139239203261868,0.2853537826921898,1.2050122639005985
5-winant avenue_2022,13.67497069710174,9.87125176560093,0.3613331296045111,0.0179381451310129
5-winant avenue_2024,13.334434516615447,9.87125176560093,0.3965840550642038,0.7957488942206647
5-winchester avenue_2022,13.514705791386566,9.7109956356245,0.2374938726622738,0.6758992871503919
5-windermere road_2019,12.531559679248424,8.77751132127973,0.3158529494184772,0.9272702359171632
5-windom avenue_2019,11.599728039040604,7.845911375559852,0.1980699137620937,0.6754922453212245
5-windsor court_2024,9.971061945502417,6.509273111495175,0.0,0.1467807312081949
5-windsor road_2024,12.538041181622129,9.074919329918828,0.3424361202864788,1.0798371333417756
5-winfield avenue_2019,11.563124193796344,7.809321778792716,0.2005083446216289,0.6146990342308034
5-wingham street_2022,11.001114182475511,7.198076382491187,0.2226728523175219,0.644114486982634
5-winter avenue_2018,12.940711633390906,8.596179962714366,0.2490034658533121,0.7464509525822562
5-winthrop place_2022,12.10430737898961,8.30078077707241,0.2728403338594318,0.6293017525111918
5-woehrle avenue_2019,13.026778936779394,9.27267177749879,0.2855480140223139,0.6830968447064438
5-woehrle avenue_2024,12.735813532312402,9.27267177749879,0.3293313109182881,0.0670042287804738
5-wolcott avenue_2024,10.44708038448493,6.984744906933938,0.379852532251438,2.1434955704699417
5-wolverine street_2019,12.700954239074296,8.946882421345846,0.1747533071661046,1.268861264227795
5-woodbine avenue_2021,13.30269635645116,8.889670637395232,0.3286136500086917,0.6141580843095735
5-woodlawn avenue_2019,11.716768728754108,7.962909851809026,0.2347426871575616,1.389215091630868
5-woodrow road_2022,15.307681485802078,11.503921931423024,0.3805852476169893,0.5779046650476684
5-woodrow road_2024,14.96714492963159,11.503921931423024,0.3684186062202283,0.4230430403822329
5-woodside avenue_2019,10.761628632347117,7.008313256251591,0.2057844478085579,0.8113301362376557
5-woodstock avenue_2019,11.625783492727605,7.871956999839058,0.3353467440994784,1.1898535957650525
5-woodward avenue_2017,13.24664770372749,9.032861567594518,0.2084832351989448,0.4686276830658045
5-woolley avenue_2024,13.736250674421482,10.27305137173468,0.371098163554936,0.2288074809386483
5-wrenn street_2024,10.514615613102514,7.052221562079547,0.2327524104208465,0.6299411046561527
5-wright avenue_2019,10.169495566292976,6.416893383369309,0.1039309228482318,2.9368682884068
5-wright street_2024,12.078093416179057,8.615036335607323,0.3140553577066707,0.7141745477520209
5-yeomalt avenue_2024,10.400325327607522,6.938032779176742,0.2463211396269154,1.2691985892436433
5-york avenue_2018,13.7592097037504,9.414576076386108,0.3046153565178494,1.680026842874389
5-young street_2024,10.756896379916492,7.29432192541876,0.298826637004846,0.6419065163663492
5-yucca drive_2022,11.442980965530229,7.639681918126114,0.2179536363858755,0.6976370858327973
5-yukon avenue_2018,13.03831794771842,8.693769313615727,0.1835878112854577,3.1627752043087987
5-zoe street_2024,12.26329826642641,8.800211484486114,0.2880268405986195,0.2651296679812694
