normalized_street_name_season,normalized_street_name,roadwork_season,sqyd-days,area,total_area,roadwork_factor
1-1 avenue_2016,1-1 avenue,2016,137806.5,22967.8,253446.9,0.0906
1-1 avenue_2019,1-1 avenue,2019,50519.9,25259.9,253446.9,0.0997
1-1 avenue_2020,1-1 avenue,2020,505190.5,252595.2,253446.9,0.9966
1-1 avenue_2022,1-1 avenue,2022,81924.0,40962.0,253446.9,0.1616
1-1 avenue_2024,1-1 avenue,2024,255112.0,127556.0,253446.9,0.5033
1-1 place_2020,1-1 place,2020,1526.7,763.3,1923.0,0.3969
1-10 avenue_2016,1-10 avenue,2016,193536.7,48384.2,118024.8,0.4099
1-10 avenue_2017,1-10 avenue,2017,4085.5,2042.7,118024.8,0.0173
1-10 avenue_2021,1-10 avenue,2021,114791.6,57395.8,118024.8,0.4863
1-10 avenue_2022,1-10 avenue,2022,59712.7,29856.4,118024.8,0.253
1-11 avenue_2016,1-11 avenue,2016,36418.2,10121.3,86959.3,0.1164
1-11 avenue_2018,1-11 avenue,2018,55932.5,18644.2,86959.3,0.2144
1-11 avenue_2019,1-11 avenue,2019,59920.1,23094.8,86959.3,0.2656
1-11 avenue_2021,1-11 avenue,2021,64313.1,32156.5,86959.3,0.3698
1-11 avenue_2022,1-11 avenue,2022,19150.0,9575.0,86959.3,0.1101
1-11 avenue_2024,1-11 avenue,2024,38328.0,19164.0,86959.3,0.2204
1-110 street_2022,1-110 street,2022,102016.0,51008.0,,
1-110 street_2024,1-110 street,2024,748.0,374.0,,
1-110 street_2025,1-110 street,2025,75950.0,37975.0,,
1-12 avenue_2018,1-12 avenue,2018,235233.2,64826.7,111796.4,0.5799
1-2 avenue_2017,1-2 avenue,2017,3568.9,1784.4,227016.3,0.0079
1-2 avenue_2019,1-2 avenue,2019,532809.9,245897.9,227016.3,1.0832
1-2 avenue_2020,1-2 avenue,2020,15702.5,7851.2,227016.3,0.0346
1-2 avenue_2022,1-2 avenue,2022,15852.0,7926.0,227016.3,0.0349
1-2 avenue_2023,1-2 avenue,2023,50586.0,25293.0,227016.3,0.1114
1-2 avenue_2024,1-2 avenue,2024,138858.0,69429.0,227016.3,0.3058
1-2 avenue_2025,1-2 avenue,2025,38876.0,19438.0,227016.3,0.0856
1-2 place_2020,1-2 place,2020,7153.4,3576.7,1554.8,2.3004
1-3 avenue_2016,1-3 avenue,2016,2651721.0,191889.8,237992.4,0.8063
1-3 avenue_2020,1-3 avenue,2020,118335.7,60153.6,237992.4,0.2528
1-3 avenue_2021,1-3 avenue,2021,11093.3,5546.7,237992.4,0.0233
1-3 avenue_2022,1-3 avenue,2022,28438.0,14219.0,237992.4,0.0597
1-3 avenue_2023,1-3 avenue,2023,235557.0,101233.0,237992.4,0.4254
1-3 avenue_2024,1-3 avenue,2024,16112.0,8056.0,237992.4,0.0338
1-3 avenue_2025,1-3 avenue,2025,193986.0,96993.0,237992.4,0.4075
1-3 place_2020,1-3 place,2020,2033.3,1016.7,974.8,1.043
1-4 avenue_2017,1-4 avenue,2017,374694.4,53527.8,9501.1,5.6339
1-4 avenue_2024,1-4 avenue,2024,3608.0,1804.0,9501.1,0.1899
1-5 avenue_2016,1-5 avenue,2016,322601.4,99302.4,185254.8,0.536
1-5 avenue_2017,1-5 avenue,2017,766158.8,166493.6,185254.8,0.8987
1-5 avenue_2018,1-5 avenue,2018,170238.8,85119.4,185254.8,0.4595
1-5 avenue_2019,1-5 avenue,2019,336481.4,168240.7,185254.8,0.9082
1-5 avenue_2020,1-5 avenue,2020,1639003.8,819501.9,185254.8,4.4236
1-5 avenue_2021,1-5 avenue,2021,336.0,168.0,185254.8,0.0009
1-5 avenue_2022,1-5 avenue,2022,15496.0,7748.0,185254.8,0.0418
1-5 avenue_2023,1-5 avenue,2023,36236.0,18118.0,185254.8,0.0978
1-5 avenue_2024,1-5 avenue,2024,75114.0,37557.0,185254.8,0.2027
1-5 avenue_2025,1-5 avenue,2025,69024.0,34512.0,185254.8,0.1863
1-6 avenue_2017,1-6 avenue,2017,230054.3,86055.2,137845.8,0.6243
1-6 avenue_2019,1-6 avenue,2019,18380.0,9190.0,137845.8,0.0667
1-6 avenue_2020,1-6 avenue,2020,23293.3,11646.7,137845.8,0.0845
1-6 avenue_2022,1-6 avenue,2022,40164.0,20082.0,137845.8,0.1457
1-6 avenue_2023,1-6 avenue,2023,56199.0,18268.0,137845.8,0.1325
1-6 avenue_2024,1-6 avenue,2024,56566.0,28283.0,137845.8,0.2052
1-7 avenue_2018,1-7 avenue,2018,332767.8,166383.9,82206.1,2.024
1-7 avenue_2019,1-7 avenue,2019,14546.6,9009.7,82206.1,0.1096
1-7 avenue_2020,1-7 avenue,2020,27075.5,13537.8,82206.1,0.1647
1-7 avenue_2021,1-7 avenue,2021,68985.7,34492.8,82206.1,0.4196
1-7 avenue_2022,1-7 avenue,2022,126604.0,63302.0,82206.1,0.77
1-7 avenue_2023,1-7 avenue,2023,127706.0,63853.0,82206.1,0.7767
1-7 avenue_2024,1-7 avenue,2024,184604.0,92302.0,82206.1,1.1228
1-7 avenue_2025,1-7 avenue,2025,325824.0,162912.0,82206.1,1.9818
1-7 avenue south_2019,1-7 avenue south,2019,53309.9,24156.6,18491.0,1.3064
1-7 avenue south_2021,1-7 avenue south,2021,336.0,168.0,18491.0,0.0091
1-72 street transverse_2020,1-72 street transverse,2020,12213.3,6106.7,,
1-79 street transverse_2020,1-79 street transverse,2020,146733.4,73366.7,10166.8,7.2163
1-8 avenue_2016,1-8 avenue,2016,261481.3,65370.3,97651.6,0.6694
1-8 avenue_2017,1-8 avenue,2017,613079.3,117777.2,97651.6,1.2061
1-8 avenue_2018,1-8 avenue,2018,119804.8,24400.7,97651.6,0.2499
1-8 avenue_2019,1-8 avenue,2019,125758.7,44731.3,97651.6,0.4581
1-8 avenue_2022,1-8 avenue,2022,96644.0,48322.0,97651.6,0.4948
1-8 avenue_2023,1-8 avenue,2023,22512.0,11256.0,97651.6,0.1153
1-8 avenue_2024,1-8 avenue,2024,15356.0,7678.0,97651.6,0.0786
1-8 avenue_2025,1-8 avenue,2025,46158.0,23079.0,97651.6,0.2363
1-85 street transverse_2017,1-85 street transverse,2017,5253.3,2626.7,,
1-86 street transverse_2017,1-86 street transverse,2017,115039.9,57520.0,7260.7,7.9221
1-9 avenue_2018,1-9 avenue,2018,10825.7,3608.6,107918.6,0.0334
1-9 avenue_2019,1-9 avenue,2019,58873.2,27753.6,107918.6,0.2572
1-97 street transverse_2017,1-97 street transverse,2017,135306.7,47596.7,12500.3,3.8076
1-abraham kazan street_2021,1-abraham kazan street,2021,23369.0,11684.5,946.4,12.3463
1-academy street_2021,1-academy street,2021,33037.0,16518.5,10634.5,1.5533
1-academy street_2024,1-academy street,2024,450.0,225.0,10634.5,0.0212
1-academy street_2025,1-academy street,2025,602.0,301.0,10634.5,0.0283
1-albany street_2018,1-albany street,2018,29040.1,9680.0,5368.1,1.8032
1-albany street_2022,1-albany street,2022,78.0,39.0,5368.1,0.0073
1-allen street_2022,1-allen street,2022,64958.0,18049.0,24938.6,0.7237
1-amsterdam avenue_2016,1-amsterdam avenue,2016,76929.1,38464.6,227083.5,0.1694
1-amsterdam avenue_2017,1-amsterdam avenue,2017,211889.0,62349.1,227083.5,0.2746
1-amsterdam avenue_2019,1-amsterdam avenue,2019,31996.1,15998.0,227083.5,0.0704
1-amsterdam avenue_2020,1-amsterdam avenue,2020,21968.2,10984.1,227083.5,0.0484
1-amsterdam avenue_2022,1-amsterdam avenue,2022,139692.0,69056.0,227083.5,0.3041
1-amsterdam avenue_2023,1-amsterdam avenue,2023,163302.0,81651.0,227083.5,0.3596
1-amsterdam avenue_2024,1-amsterdam avenue,2024,216374.0,108187.0,227083.5,0.4764
1-arden street_2017,1-arden street,2017,36429.9,13039.3,5223.2,2.4964
1-arden street_2024,1-arden street,2024,13118.0,6559.0,5223.2,1.2557
1-attorney street_2022,1-attorney street,2022,752.0,376.0,4251.2,0.0884
1-audubon avenue_2019,1-audubon avenue,2019,12106.0,6053.0,35157.1,0.1722
1-audubon avenue_2023,1-audubon avenue,2023,31790.0,15895.0,35157.1,0.4521
1-audubon avenue_2024,1-audubon avenue,2024,25930.0,12965.0,35157.1,0.3688
1-avenue a_2022,1-avenue a,2022,652.0,326.0,18713.9,0.0174
1-avenue a_2023,1-avenue a,2023,2012.0,1006.0,18713.9,0.0538
1-avenue a_2024,1-avenue a,2024,14766.0,7383.0,18713.9,0.3945
1-avenue b_2021,1-avenue b,2021,38198.7,19099.3,12622.2,1.5132
1-avenue b_2022,1-avenue b,2022,402.0,201.0,12622.2,0.0159
1-avenue b_2023,1-avenue b,2023,2532.0,844.0,12622.2,0.0669
1-avenue c_2021,1-avenue c,2021,294859.5,147429.7,30114.6,4.8956
1-avenue c_2022,1-avenue c,2022,828.0,414.0,30114.6,0.0137
1-avenue d_2016,1-avenue d,2016,134780.8,67390.4,9963.3,6.7639
1-avenue d_2020,1-avenue d,2020,210896.0,105448.0,9963.3,10.5836
1-avenue d_2022,1-avenue d,2022,492.0,246.0,9963.3,0.0247
1-bank street_2023,1-bank street,2023,408.0,204.0,6194.7,0.0329
1-barclay street_2019,1-barclay street,2019,88686.9,22171.7,7589.0,2.9216
1-barrow street_2023,1-barrow street,2023,288.0,144.0,7001.0,0.0206
1-baruch place_2022,1-baruch place,2022,1134.0,378.0,1494.1,0.253
1-battery place_2018,1-battery place,2018,102489.9,25622.5,9949.6,2.5752
1-battery place_2020,1-battery place,2020,150773.3,75386.6,9949.6,7.5768
1-baxter street_2019,1-baxter street,2019,26468.3,13234.2,5463.1,2.4225
1-baxter street_2022,1-baxter street,2022,226.0,113.0,5463.1,0.0207
1-baxter street_2024,1-baxter street,2024,344.0,172.0,5463.1,0.0315
1-beach street_2023,1-beach street,2023,704.0,352.0,3713.3,0.0948
1-beaver street_2016,1-beaver street,2016,30908.0,15454.0,3040.2,5.0832
1-beaver street_2022,1-beaver street,2022,150.0,75.0,3040.2,0.0247
1-bedford street_2022,1-bedford street,2022,132.0,66.0,4583.6,0.0144
1-bend_2022,1-bend,2022,16766.0,8383.0,,
1-bend_2023,1-bend,2023,2748.0,1374.0,,
1-bend_2024,1-bend,2024,200.0,100.0,,
1-bend_2025,1-bend,2025,5680.0,2840.0,,
1-bennett avenue_2016,1-bennett avenue,2016,164298.2,47972.6,9861.3,4.8647
1-bethune street_2018,1-bethune street,2018,23298.9,11649.4,3512.3,3.3167
1-bleecker street_2023,1-bleecker street,2023,54998.0,27499.0,18723.0,1.4687
1-body of water_2019,1-body of water,2019,483999.4,483999.4,,
1-bogardus place_2021,1-bogardus place,2021,4605.2,2302.6,2494.0,0.9233
1-bowery_2020,1-bowery,2020,576291.8,288145.9,32896.6,8.7591
1-bradhurst avenue_2019,1-bradhurst avenue,2019,9882.4,4941.2,13813.1,0.3577
1-bradhurst avenue_2022,1-bradhurst avenue,2022,5264.0,2632.0,13813.1,0.1905
1-bradhurst avenue_2023,1-bradhurst avenue,2023,6690.0,3345.0,13813.1,0.2422
1-bradhurst avenue_2025,1-bradhurst avenue,2025,6754.0,3377.0,13813.1,0.2445
1-bridge street_2018,1-bridge street,2018,9880.0,4940.0,1802.8,2.7402
1-broad street_2019,1-broad street,2019,186146.6,33377.7,7932.0,4.208
1-broadway_2016,1-broadway,2016,7790.4,3895.2,466102.4,0.0084
1-broadway_2017,1-broadway,2017,3858978.9,542435.1,466102.4,1.1638
1-broadway_2018,1-broadway,2018,1557467.2,575830.5,466102.4,1.2354
1-broadway_2019,1-broadway,2019,63120.1,31560.0,466102.4,0.0677
1-broadway_2020,1-broadway,2020,182636.6,91318.3,466102.4,0.1959
1-broadway_2021,1-broadway,2021,92294.7,46147.3,466102.4,0.099
1-broadway_2022,1-broadway,2022,269747.8,130712.4,466102.4,0.2804
1-broadway_2023,1-broadway,2023,1016167.0,164688.0,466102.4,0.3533
1-broadway_2024,1-broadway,2024,151190.0,74812.0,466102.4,0.1605
1-broadway_2025,1-broadway,2025,124860.0,62430.0,466102.4,0.1339
1-broadway terrace_2016,1-broadway terrace,2016,2717.9,1358.9,2932.5,0.4634
1-broome street_2016,1-broome street,2016,18266.7,9133.4,29023.6,0.3147
1-broome street_2019,1-broome street,2019,51430.6,25253.9,29023.6,0.8701
1-broome street_2021,1-broome street,2021,336.0,168.0,29023.6,0.0058
1-broome street_2022,1-broome street,2022,34832.0,17416.0,29023.6,0.6001
1-broome street_2025,1-broome street,2025,694.0,347.0,29023.6,0.012
1-c p east drive_2019,1-c p east drive,2019,4013.3,4013.3,,
1-c p east drive_2025,1-c p east drive,2025,12438.0,6219.0,,
1-c p west drive_2017,1-c p west drive,2017,144060.0,10290.0,,
1-c p west drive_2025,1-c p west drive,2025,702576.0,16728.0,,
1-cabrini boulevard_2022,1-cabrini boulevard,2022,326.0,163.0,7372.3,0.0221
1-cabrini boulevard_2023,1-cabrini boulevard,2023,94354.0,47177.0,7372.3,6.3992
1-canal street_2024,1-canal street,2024,62998.0,31499.0,50655.4,0.6218
1-canal street_2025,1-canal street,2025,47802.0,23901.0,50655.4,0.4718
1-carlisle street_2022,1-carlisle street,2022,46.0,23.0,783.5,0.0294
1-carmine street_2023,1-carmine street,2023,7190.0,3595.0,4149.4,0.8664
1-catherine lane_2022,1-catherine lane,2022,266.0,133.0,799.9,0.1663
1-catherine slip_2016,1-catherine slip,2016,7259.9,2420.0,841.2,2.8768
1-catherine street_2016,1-catherine street,2016,54251.4,13562.8,3605.0,3.7622
1-catherine street_2022,1-catherine street,2022,204.0,102.0,3605.0,0.0283
1-catherine street_2023,1-catherine street,2023,156.0,78.0,3605.0,0.0216
1-cedar street_2022,1-cedar street,2022,222.0,111.0,4010.6,0.0277
1-center drive_2025,1-center drive,2025,260352.0,115676.0,17213.0,6.7203
1-central park east drive_2019,1-central park east drive,2019,254923.3,239743.2,,
1-central park east drive_2025,1-central park east drive,2025,46182.0,23091.0,,
1-central park lenox avenue appr_2019,1-central park lenox avenue appr,2019,14160.1,14160.1,,
1-central park path_2023,1-central park path,2023,408.0,204.0,5712.8,0.0357
1-central park powell boulevard appr_2017,1-central park powell boulevard appr,2017,127120.6,9080.0,,
1-central park west_2016,1-central park west,2016,348649.8,174324.9,87523.7,1.9917
1-central park west_2017,1-central park west,2017,1065631.9,532816.0,87523.7,6.0877
1-central park west_2019,1-central park west,2019,505376.5,252688.3,87523.7,2.8871
1-central park west_2024,1-central park west,2024,25602.0,12801.0,87523.7,0.1463
1-central park west_2025,1-central park west,2025,44212.0,22106.0,87523.7,0.2526
1-central park west drive_2017,1-central park west drive,2017,3178793.9,227056.7,,
1-central park west drive_2019,1-central park west drive,2019,37106.7,18553.4,,
1-central park west drive_2020,1-central park west drive,2020,8080.0,4040.0,,
1-central pk center drive_2019,1-central pk center drive,2019,6746.7,3373.3,,
1-centre street_2018,1-centre street,2018,19473.3,9736.6,17494.5,0.5566
1-centre street_2021,1-centre street,2021,24421.4,12210.7,17494.5,0.698
1-centre street_2022,1-centre street,2022,714.0,357.0,17494.5,0.0204
1-chambers street_2018,1-chambers street,2018,26120.0,13060.0,15393.5,0.8484
1-chambers street_2022,1-chambers street,2022,43424.0,21712.0,15393.5,1.4105
1-charles street_2018,1-charles street,2018,25025.5,6535.6,7145.4,0.9147
1-charles street_2022,1-charles street,2022,122.0,61.0,7145.4,0.0085
1-charles street_2023,1-charles street,2023,420.0,210.0,7145.4,0.0294
1-charlton street_2016,1-charlton street,2016,17769.7,8884.8,5604.4,1.5853
1-charlton street_2022,1-charlton street,2022,9870.0,4935.0,5604.4,0.8806
1-charlton street_2025,1-charlton street,2025,488.0,244.0,5604.4,0.0435
1-cherry street_2016,1-cherry street,2016,166263.0,33252.6,15555.8,2.1376
1-cherry street_2019,1-cherry street,2019,284612.2,142306.1,15555.8,9.1481
1-cherry street_2022,1-cherry street,2022,374.0,187.0,15555.8,0.012
1-chisum place_2023,1-chisum place,2023,3040.0,1520.0,1206.1,1.2603
1-christopher street_2019,1-christopher street,2019,63064.7,31532.4,11221.0,2.8101
1-christopher street_2021,1-christopher street,2021,2933.3,1466.6,11221.0,0.1307
1-christopher street_2022,1-christopher street,2022,12106.0,6053.0,11221.0,0.5394
1-christopher street_2023,1-christopher street,2023,824.0,412.0,11221.0,0.0367
1-chrystie street_2016,1-chrystie street,2016,160911.8,80455.9,21614.8,3.7223
1-church street_2019,1-church street,2019,500583.1,49560.4,29011.2,1.7083
1-church street_2021,1-church street,2021,336.0,168.0,29011.2,0.0058
1-claremont avenue_2016,1-claremont avenue,2016,215260.3,79348.2,13951.8,5.6873
1-claremont avenue_2024,1-claremont avenue,2024,76092.0,38046.0,13951.8,2.727
1-clarkson street_2023,1-clarkson street,2023,280.0,140.0,5376.6,0.026
1-clarkson street_2024,1-clarkson street,2024,6322.0,3161.0,5376.6,0.5879
1-cleveland place_2022,1-cleveland place,2022,1680.0,1680.0,1794.5,0.9362
1-cleveland place_2024,1-cleveland place,2024,344.0,172.0,1794.5,0.0958
1-cliff street_2023,1-cliff street,2023,264.0,132.0,1655.3,0.0797
1-clinton street_2020,1-clinton street,2020,21882.5,10941.2,15157.5,0.7218
1-clinton street_2021,1-clinton street,2021,57235.9,28618.0,15157.5,1.888
1-clinton street_2024,1-clinton street,2024,288.0,144.0,15157.5,0.0095
1-cntrl park 7 avenue approach_2025,1-cntrl park 7 avenue approach,2025,5720.0,2860.0,,
1-columbia street_2021,1-columbia street,2021,1054733.5,527366.8,11638.9,45.3107
1-columbus avenue_2018,1-columbus avenue,2018,826839.2,413419.6,80157.3,5.1576
1-columbus avenue_2019,1-columbus avenue,2019,10720.0,5360.0,80157.3,0.0669
1-columbus avenue_2023,1-columbus avenue,2023,10952.0,5476.0,80157.3,0.0683
1-convent avenue_2022,1-convent avenue,2022,52228.0,26114.0,24606.9,1.0612
1-convent avenue_2023,1-convent avenue,2023,25520.0,12760.0,24606.9,0.5186
1-cooper square_2024,1-cooper square,2024,33878.0,16939.0,6946.3,2.4386
1-cortlandt street_2021,1-cortlandt street,2021,2108.9,1054.4,1247.1,0.8455
1-cp powell approach_2017,1-cp powell approach,2017,63560.3,4540.0,,
1-cpw 72 approach_2020,1-cpw 72 approach,2020,7700.0,3850.0,,
1-cpw 77 approach_2025,1-cpw 77 approach,2025,5752.0,2876.0,,
1-cpw 85 approach_2025,1-cpw 85 approach,2025,16002.0,8001.0,,
1-crosby street_2022,1-crosby street,2022,202.0,101.0,7761.6,0.013
1-crosby street_2023,1-crosby street,2023,228.0,114.0,7761.6,0.0147
1-crosby street_2024,1-crosby street,2024,1956.0,978.0,7761.6,0.126
1-cross bronx expwy nb et 1 b_2024,1-cross bronx expwy nb et 1 b,2024,2240.0,1120.0,,
1-dead end_2022,1-dead end,2022,458.0,229.0,,
1-desbrosses street_2023,1-desbrosses street,2023,392.0,196.0,3564.1,0.055
1-dominick street_2025,1-dominick street,2025,440.0,220.0,2814.3,0.0782
1-dongan place_2024,1-dongan place,2024,10902.0,5451.0,994.7,5.48
1-donnellon square_2023,1-donnellon square,2023,1894.0,947.0,863.9,1.0962
1-dover street_2017,1-dover street,2017,130833.8,21805.6,1848.6,11.7957
1-downing street_2020,1-downing street,2020,7570.8,3785.4,1091.9,3.4668
1-downing street_2025,1-downing street,2025,352.0,176.0,1091.9,0.1612
1-doyers street_2017,1-doyers street,2017,10714.0,10714.0,784.2,13.6623
1-doyers street_2022,1-doyers street,2022,2735.0,2735.0,784.2,3.4876
1-drive m l king jr boulevard_2023,1-drive m l king jr boulevard,2023,826.0,413.0,,
1-duane street_2021,1-duane street,2021,51045.0,25522.5,10033.5,2.5437
1-duane street_2022,1-duane street,2022,506.0,253.0,10033.5,0.0252
1-duane street_2023,1-duane street,2023,1364.0,682.0,10033.5,0.068
1-dutch street_2023,1-dutch street,2023,124.0,62.0,550.0,0.1127
1-dyckman street_2016,1-dyckman street,2016,173512.7,86756.4,33149.6,2.6171
1-dyckman street_2018,1-dyckman street,2018,191173.5,95586.8,33149.6,2.8835
1-dyckman street_2024,1-dyckman street,2024,466.0,233.0,33149.6,0.007
1-dyer avenue_2022,1-dyer avenue,2022,814.0,407.0,15659.0,0.026
1-east 1 street_2021,1-east 1 street,2021,168385.8,84192.9,6584.6,12.7863
1-east 10 street_2018,1-east 10 street,2018,22234.9,11117.5,25639.5,0.4336
1-east 10 street_2019,1-east 10 street,2019,50093.3,25046.6,25639.5,0.9769
1-east 100 street_2019,1-east 100 street,2019,115528.2,57764.1,7082.4,8.156
1-east 100 street_2024,1-east 100 street,2024,144.0,72.0,7082.4,0.0102
1-east 101 street_2021,1-east 101 street,2021,44916.4,22458.2,6448.1,3.4829
1-east 101 street_2023,1-east 101 street,2023,504.0,252.0,6448.1,0.0391
1-east 102 street_2021,1-east 102 street,2021,78242.5,39121.2,10052.7,3.8916
1-east 102 street_2023,1-east 102 street,2023,528.0,264.0,10052.7,0.0263
1-east 102 street_2024,1-east 102 street,2024,179046.0,89523.0,10052.7,8.9054
1-east 103 street_2021,1-east 103 street,2021,20317.2,10158.6,7125.3,1.4257
1-east 103 street_2023,1-east 103 street,2023,348.0,174.0,7125.3,0.0244
1-east 103 street_2024,1-east 103 street,2024,40860.0,20430.0,7125.3,2.8672
1-east 104 street_2021,1-east 104 street,2021,75445.5,37722.8,10235.5,3.6855
1-east 104 street_2023,1-east 104 street,2023,54400.0,27200.0,10235.5,2.6574
1-east 105 street_2023,1-east 105 street,2023,116528.0,58264.0,10994.0,5.2996
1-east 106 street_2017,1-east 106 street,2017,30485.9,15243.0,40106.8,0.3801
1-east 106 street_2019,1-east 106 street,2019,129639.4,48080.3,40106.8,1.1988
1-east 106 street_2023,1-east 106 street,2023,112112.0,38661.0,40106.8,0.964
1-east 107 street_2017,1-east 107 street,2017,20950.6,10475.3,6793.3,1.542
1-east 107 street_2025,1-east 107 street,2025,9276.0,4638.0,6793.3,0.6827
1-east 108 street_2017,1-east 108 street,2017,57072.6,28536.3,14213.2,2.0077
1-east 108 street_2023,1-east 108 street,2023,15008.0,7504.0,14213.2,0.528
1-east 109 street_2017,1-east 109 street,2017,64246.8,32123.4,13299.9,2.4153
1-east 11 street_2020,1-east 11 street,2020,57510.4,28755.2,18864.3,1.5243
1-east 11 street_2021,1-east 11 street,2021,336.0,168.0,18864.3,0.0089
1-east 11 street_2024,1-east 11 street,2024,11328.0,5664.0,18864.3,0.3002
1-east 110 street_2017,1-east 110 street,2017,79857.7,39928.9,12841.0,3.1095
1-east 111 street_2017,1-east 111 street,2017,88609.8,44304.9,12802.0,3.4608
1-east 112 street_2017,1-east 112 street,2017,189431.0,94715.5,10661.5,8.8839
1-east 112 street_2024,1-east 112 street,2024,124570.0,62285.0,10661.5,5.842
1-east 113 street_2016,1-east 113 street,2016,37546.6,18773.3,1581.3,11.8721
1-east 114 street_2016,1-east 114 street,2016,27568.3,13784.2,1788.0,7.7093
1-east 114 street_2022,1-east 114 street,2022,8508.0,4254.0,1788.0,2.3792
1-east 115 street_2016,1-east 115 street,2016,46665.0,23332.5,12174.1,1.9166
1-east 115 street_2022,1-east 115 street,2022,144394.0,72197.0,12174.1,5.9304
1-east 115 street_2025,1-east 115 street,2025,29136.0,14568.0,12174.1,1.1966
1-east 116 street_2019,1-east 116 street,2019,136193.8,68096.9,33954.4,2.0055
1-east 116 street_2022,1-east 116 street,2022,800.0,400.0,33954.4,0.0118
1-east 116 street_2025,1-east 116 street,2025,35852.0,17926.0,33954.4,0.5279
1-east 117 street_2022,1-east 117 street,2022,386.0,193.0,13991.2,0.0138
1-east 117 street_2023,1-east 117 street,2023,22560.0,11280.0,13991.2,0.8062
1-east 117 street_2024,1-east 117 street,2024,28114.0,14057.0,13991.2,1.0047
1-east 117 street_2025,1-east 117 street,2025,416.0,208.0,13991.2,0.0149
1-east 118 street_2022,1-east 118 street,2022,36238.0,18119.0,15696.7,1.1543
1-east 118 street_2025,1-east 118 street,2025,378.0,189.0,15696.7,0.012
1-east 119 street_2022,1-east 119 street,2022,400.0,200.0,17189.7,0.0116
1-east 119 street_2023,1-east 119 street,2023,36738.0,18369.0,17189.7,1.0686
1-east 119 street_2025,1-east 119 street,2025,436.0,218.0,17189.7,0.0127
1-east 12 street_2017,1-east 12 street,2017,182574.6,21174.2,18403.8,1.1505
1-east 12 street_2019,1-east 12 street,2019,67814.5,33907.2,18403.8,1.8424
1-east 120 street_2016,1-east 120 street,2016,599173.8,119834.8,16761.4,7.1495
1-east 120 street_2023,1-east 120 street,2023,3144.0,1572.0,16761.4,0.0938
1-east 120 street_2025,1-east 120 street,2025,450.0,225.0,16761.4,0.0134
1-east 121 street_2025,1-east 121 street,2025,440.0,220.0,10466.9,0.021
1-east 122 street_2019,1-east 122 street,2019,47539.6,23769.8,10105.8,2.3521
1-east 122 street_2025,1-east 122 street,2025,386.0,193.0,10105.8,0.0191
1-east 123 street_2025,1-east 123 street,2025,386.0,193.0,9566.5,0.0202
1-east 124 street_2019,1-east 124 street,2019,32628.2,16314.1,11270.1,1.4476
1-east 124 street_2025,1-east 124 street,2025,462.0,231.0,11270.1,0.0205
1-east 125 street_2020,1-east 125 street,2020,9917.4,4958.7,23345.0,0.2124
1-east 125 street_2021,1-east 125 street,2021,56789.5,28394.8,23345.0,1.2163
1-east 125 street_2025,1-east 125 street,2025,666.0,333.0,23345.0,0.0143
1-east 126 street_2018,1-east 126 street,2018,30109.7,10036.6,12426.0,0.8077
1-east 126 street_2020,1-east 126 street,2020,52629.9,26315.0,12426.0,2.1177
1-east 126 street_2025,1-east 126 street,2025,3582.0,1791.0,12426.0,0.1441
1-east 127 street_2025,1-east 127 street,2025,9530.0,4765.0,9782.4,0.4871
1-east 128 street_2019,1-east 128 street,2019,31934.1,15967.1,11945.9,1.3366
1-east 129 street_2018,1-east 129 street,2018,49830.5,24915.3,5348.3,4.6585
1-east 13 street_2018,1-east 13 street,2018,46853.4,9355.2,20144.0,0.4644
1-east 13 street_2023,1-east 13 street,2023,94999.0,30861.0,20144.0,1.532
1-east 130 street_2017,1-east 130 street,2017,27326.0,13663.0,5111.1,2.6732
1-east 130 street_2018,1-east 130 street,2018,3369.0,1684.5,5111.1,0.3296
1-east 131 street_2017,1-east 131 street,2017,72237.2,24079.1,5968.6,4.0343
1-east 132 street_2019,1-east 132 street,2019,18132.2,9066.1,6102.9,1.4855
1-east 135 street_2018,1-east 135 street,2018,38823.2,19411.6,7745.9,2.506
1-east 14 street_2017,1-east 14 street,2017,14058.3,2008.3,41710.2,0.0481
1-east 14 street_2018,1-east 14 street,2018,250178.6,62544.6,41710.2,1.4995
1-east 14 street_2023,1-east 14 street,2023,271459.0,86696.0,41710.2,2.0785
1-east 15 street_2016,1-east 15 street,2016,12340.0,4113.3,14123.6,0.2912
1-east 15 street_2022,1-east 15 street,2022,30612.0,15306.0,14123.6,1.0837
1-east 15 street_2024,1-east 15 street,2024,5414.0,2707.0,14123.6,0.1917
1-east 16 street_2022,1-east 16 street,2022,5768.0,2884.0,10687.5,0.2698
1-east 16 street_2024,1-east 16 street,2024,1056.0,528.0,10687.5,0.0494
1-east 17 street_2022,1-east 17 street,2022,27985.0,13992.5,11154.3,1.2544
1-east 17 street_2024,1-east 17 street,2024,13826.0,6913.0,11154.3,0.6198
1-east 18 street_2022,1-east 18 street,2022,17228.0,8614.0,12075.2,0.7134
1-east 18 street_2023,1-east 18 street,2023,1278.0,639.0,12075.2,0.0529
1-east 18 street_2024,1-east 18 street,2024,13968.0,6984.0,12075.2,0.5784
1-east 19 street_2017,1-east 19 street,2017,11547.0,5773.5,9906.6,0.5828
1-east 19 street_2022,1-east 19 street,2022,37100.0,18550.0,9906.6,1.8725
1-east 19 street_2023,1-east 19 street,2023,1278.0,639.0,9906.6,0.0645
1-east 2 street_2016,1-east 2 street,2016,7163.5,3581.8,17614.7,0.2033
1-east 2 street_2022,1-east 2 street,2022,19314.0,9657.0,17614.7,0.5482
1-east 2 street_2023,1-east 2 street,2023,55593.0,13131.0,17614.7,0.7455
1-east 20 street_2020,1-east 20 street,2020,54963.4,27481.7,22340.5,1.2301
1-east 20 street_2022,1-east 20 street,2022,9386.0,4693.0,22340.5,0.2101
1-east 20 street_2023,1-east 20 street,2023,1284.0,642.0,22340.5,0.0287
1-east 21 street_2017,1-east 21 street,2017,1872.3,936.1,9565.3,0.0979
1-east 21 street_2020,1-east 21 street,2020,57758.2,28879.1,9565.3,3.0192
1-east 21 street_2023,1-east 21 street,2023,10284.0,5142.0,9565.3,0.5376
1-east 22 street_2017,1-east 22 street,2017,1183.7,591.8,10875.2,0.0544
1-east 22 street_2020,1-east 22 street,2020,36673.3,18336.6,10875.2,1.6861
1-east 22 street_2024,1-east 22 street,2024,9948.0,4974.0,10875.2,0.4574
1-east 23 street_2020,1-east 23 street,2020,108133.8,54066.9,25697.2,2.104
1-east 23 street_2021,1-east 23 street,2021,28289.5,14144.8,25697.2,0.5504
1-east 24 street_2022,1-east 24 street,2022,348.0,174.0,12030.9,0.0145
1-east 24 street_2023,1-east 24 street,2023,6952.0,3476.0,12030.9,0.2889
1-east 25 street_2020,1-east 25 street,2020,36790.9,18395.5,12555.4,1.4651
1-east 25 street_2022,1-east 25 street,2022,348.0,174.0,12555.4,0.0139
1-east 25 street_2024,1-east 25 street,2024,13196.0,6598.0,12555.4,0.5255
1-east 26 street_2016,1-east 26 street,2016,8826.6,4413.3,14524.7,0.3038
1-east 26 street_2019,1-east 26 street,2019,28913.4,14456.7,14524.7,0.9953
1-east 26 street_2022,1-east 26 street,2022,6216.0,3108.0,14524.7,0.214
1-east 26 street_2023,1-east 26 street,2023,17233.0,7853.0,14524.7,0.5407
1-east 27 street_2016,1-east 27 street,2016,93096.0,12168.0,11462.2,1.0616
1-east 27 street_2019,1-east 27 street,2019,32879.5,16439.8,11462.2,1.4343
1-east 27 street_2022,1-east 27 street,2022,368.0,184.0,11462.2,0.0161
1-east 28 street_2016,1-east 28 street,2016,37043.0,18521.5,11330.1,1.6347
1-east 28 street_2022,1-east 28 street,2022,17144.0,8572.0,11330.1,0.7566
1-east 29 street_2016,1-east 29 street,2016,22985.4,7661.8,13438.5,0.5701
1-east 29 street_2022,1-east 29 street,2022,16180.0,8090.0,13438.5,0.602
1-east 3 street_2016,1-east 3 street,2016,355523.6,51880.8,14943.0,3.4719
1-east 3 street_2022,1-east 3 street,2022,81364.0,40682.0,14943.0,2.7225
1-east 30 street_2022,1-east 30 street,2022,37144.0,18572.0,15528.3,1.196
1-east 30 street_2023,1-east 30 street,2023,19190.0,7884.0,15528.3,0.5077
1-east 31 street_2020,1-east 31 street,2020,22327.0,11163.5,9762.5,1.1435
1-east 31 street_2022,1-east 31 street,2022,7220.0,3610.0,9762.5,0.3698
1-east 32 street_2022,1-east 32 street,2022,16256.0,8128.0,13486.6,0.6027
1-east 33 street_2019,1-east 33 street,2019,7221.1,3610.6,15829.0,0.2281
1-east 33 street_2022,1-east 33 street,2022,13020.0,6510.0,15829.0,0.4113
1-east 34 street_2022,1-east 34 street,2022,532.0,266.0,23445.3,0.0113
1-east 34 street_2023,1-east 34 street,2023,52767.0,25135.0,23445.3,1.0721
1-east 35 street_2017,1-east 35 street,2017,11784.0,3928.0,15151.9,0.2592
1-east 35 street_2023,1-east 35 street,2023,340.0,170.0,15151.9,0.0112
1-east 36 street_2022,1-east 36 street,2022,3672.0,1836.0,13701.4,0.134
1-east 36 street_2023,1-east 36 street,2023,310.0,155.0,13701.4,0.0113
1-east 36 street_2024,1-east 36 street,2024,31544.0,15772.0,13701.4,1.1511
1-east 37 street_2017,1-east 37 street,2017,1454336.0,3952.0,15846.9,0.2494
1-east 37 street_2018,1-east 37 street,2018,1454336.0,3952.0,15846.9,0.2494
1-east 37 street_2019,1-east 37 street,2019,63086.1,31543.0,15846.9,1.9905
1-east 37 street_2023,1-east 37 street,2023,300.0,150.0,15846.9,0.0095
1-east 38 street_2018,1-east 38 street,2018,29531.0,3691.4,11973.9,0.3083
1-east 38 street_2022,1-east 38 street,2022,17968.0,8984.0,11973.9,0.7503
1-east 38 street_2023,1-east 38 street,2023,3740.0,1870.0,11973.9,0.1562
1-east 39 street_2017,1-east 39 street,2017,66574.9,16643.7,13056.8,1.2747
1-east 39 street_2018,1-east 39 street,2018,26556.9,3793.8,13056.8,0.2906
1-east 39 street_2023,1-east 39 street,2023,300.0,150.0,13056.8,0.0115
1-east 4 street_2016,1-east 4 street,2016,203768.7,67922.9,18121.0,3.7483
1-east 4 street_2022,1-east 4 street,2022,83002.0,41501.0,18121.0,2.2902
1-east 4 street_2023,1-east 4 street,2023,44353.0,21145.0,18121.0,1.1669
1-east 40 street_2017,1-east 40 street,2017,63282.6,21094.2,10662.8,1.9783
1-east 40 street_2018,1-east 40 street,2018,15297.8,3824.4,10662.8,0.3587
1-east 40 street_2023,1-east 40 street,2023,25565.0,8087.0,10662.8,0.7584
1-east 41 street_2016,1-east 41 street,2016,66313.8,33156.9,12009.9,2.7608
1-east 41 street_2023,1-east 41 street,2023,510.0,170.0,12009.9,0.0142
1-east 42 street_2021,1-east 42 street,2021,56363.1,28181.5,23881.0,1.1801
1-east 42 street_2023,1-east 42 street,2023,604.0,302.0,23881.0,0.0126
1-east 43 street_2021,1-east 43 street,2021,4813.3,2406.7,9663.2,0.2491
1-east 43 street_2024,1-east 43 street,2024,428.0,214.0,9663.2,0.0221
1-east 44 street_2017,1-east 44 street,2017,147514.6,18439.3,10306.4,1.7891
1-east 44 street_2024,1-east 44 street,2024,428.0,214.0,10306.4,0.0208
1-east 45 street_2024,1-east 45 street,2024,488.0,244.0,12891.9,0.0189
1-east 46 street_2016,1-east 46 street,2016,50295.4,10059.1,13407.5,0.7503
1-east 46 street_2024,1-east 46 street,2024,360.0,180.0,13407.5,0.0134
1-east 47 street_2017,1-east 47 street,2017,48298.0,12074.5,11889.7,1.0155
1-east 47 street_2024,1-east 47 street,2024,314.0,157.0,11889.7,0.0132
1-east 48 street_2017,1-east 48 street,2017,89949.7,12850.0,12869.6,0.9985
1-east 48 street_2024,1-east 48 street,2024,408.0,204.0,12869.6,0.0159
1-east 49 street_2016,1-east 49 street,2016,53085.0,13271.2,16581.4,0.8004
1-east 49 street_2020,1-east 49 street,2020,76492.7,38246.3,16581.4,2.3066
1-east 49 street_2024,1-east 49 street,2024,408.0,204.0,16581.4,0.0123
1-east 5 street_2016,1-east 5 street,2016,16130.0,8065.0,14008.8,0.5757
1-east 5 street_2021,1-east 5 street,2021,160060.0,80030.0,14008.8,5.7128
1-east 5 street_2022,1-east 5 street,2022,16759.0,7097.0,14008.8,0.5066
1-east 50 street_2019,1-east 50 street,2019,15034.3,7517.2,13376.1,0.562
1-east 50 street_2024,1-east 50 street,2024,29564.0,14782.0,13376.1,1.1051
1-east 51 street_2016,1-east 51 street,2016,44912.3,14970.8,13323.9,1.1236
1-east 51 street_2019,1-east 51 street,2019,13840.0,6920.0,13323.9,0.5194
1-east 51 street_2024,1-east 51 street,2024,396.0,198.0,13323.9,0.0149
1-east 52 street_2017,1-east 52 street,2017,3871.1,1935.6,14581.4,0.1327
1-east 52 street_2019,1-east 52 street,2019,5151.6,2575.8,14581.4,0.1766
1-east 52 street_2023,1-east 52 street,2023,4554.0,2277.0,14581.4,0.1562
1-east 52 street_2024,1-east 52 street,2024,444.0,222.0,14581.4,0.0152
1-east 53 street_2017,1-east 53 street,2017,132777.0,22588.6,14853.7,1.5207
1-east 53 street_2024,1-east 53 street,2024,794.0,397.0,14853.7,0.0267
1-east 54 street_2017,1-east 54 street,2017,19776.4,9888.2,15756.5,0.6276
1-east 54 street_2020,1-east 54 street,2020,127813.0,10633.0,15756.5,0.6748
1-east 54 street_2022,1-east 54 street,2022,294.0,147.0,15756.5,0.0093
1-east 54 street_2024,1-east 54 street,2024,3254.0,1627.0,15756.5,0.1033
1-east 55 street_2021,1-east 55 street,2021,20799.2,10399.6,15863.4,0.6556
1-east 55 street_2022,1-east 55 street,2022,454.0,227.0,15863.4,0.0143
1-east 55 street_2024,1-east 55 street,2024,3244.0,1622.0,15863.4,0.1022
1-east 56 street_2022,1-east 56 street,2022,14862.0,7431.0,16174.3,0.4594
1-east 56 street_2024,1-east 56 street,2024,3388.0,1694.0,16174.3,0.1047
1-east 57 street_2018,1-east 57 street,2018,41669.8,20834.9,28264.5,0.7371
1-east 57 street_2019,1-east 57 street,2019,67691.4,33845.7,28264.5,1.1975
1-east 57 street_2022,1-east 57 street,2022,800.0,400.0,28264.5,0.0142
1-east 57 street_2023,1-east 57 street,2023,9596.0,4798.0,28264.5,0.1698
1-east 57 street_2024,1-east 57 street,2024,5780.0,2890.0,28264.5,0.1022
1-east 58 street_2022,1-east 58 street,2022,41502.0,20751.0,13544.4,1.5321
1-east 58 street_2024,1-east 58 street,2024,3434.0,1717.0,13544.4,0.1268
1-east 59 street_2017,1-east 59 street,2017,72107.7,36053.9,16961.9,2.1256
1-east 59 street_2022,1-east 59 street,2022,18612.0,9306.0,16961.9,0.5486
1-east 59 street_2024,1-east 59 street,2024,3024.0,1512.0,16961.9,0.0891
1-east 6 street_2016,1-east 6 street,2016,33612.1,16806.1,13193.0,1.2739
1-east 6 street_2020,1-east 6 street,2020,190719.9,95360.0,13193.0,7.2281
1-east 6 street_2022,1-east 6 street,2022,19900.0,9950.0,13193.0,0.7542
1-east 60 street_2018,1-east 60 street,2018,267817.4,33477.2,14869.6,2.2514
1-east 61 street_2018,1-east 61 street,2018,69426.4,16568.7,17146.1,0.9663
1-east 63 street_2020,1-east 63 street,2020,63316.5,31658.2,18912.1,1.674
1-east 64 street_2017,1-east 64 street,2017,20326.7,10163.3,13442.4,0.7561
1-east 64 street_2025,1-east 64 street,2025,386.0,193.0,13442.4,0.0144
1-east 65 street_2018,1-east 65 street,2018,92947.1,23193.3,12348.3,1.8783
1-east 65 street_2025,1-east 65 street,2025,386.0,193.0,12348.3,0.0156
1-east 66 street_2018,1-east 66 street,2018,135714.9,45238.3,15590.6,2.9016
1-east 66 street_2025,1-east 66 street,2025,454.0,227.0,15590.6,0.0146
1-east 67 street_2018,1-east 67 street,2018,82053.3,32926.7,13937.7,2.3624
1-east 67 street_2025,1-east 67 street,2025,426.0,213.0,13937.7,0.0153
1-east 68 street_2020,1-east 68 street,2020,22228.5,11114.3,14962.8,0.7428
1-east 68 street_2025,1-east 68 street,2025,400.0,200.0,14962.8,0.0134
1-east 69 street_2017,1-east 69 street,2017,71588.9,23863.0,16433.8,1.4521
1-east 69 street_2025,1-east 69 street,2025,406.0,203.0,16433.8,0.0124
1-east 7 street_2016,1-east 7 street,2016,182204.7,29565.4,16827.3,1.757
1-east 7 street_2022,1-east 7 street,2022,44254.0,22127.0,16827.3,1.3149
1-east 70 street_2018,1-east 70 street,2018,404022.6,25251.4,16736.9,1.5087
1-east 70 street_2025,1-east 70 street,2025,454.0,227.0,16736.9,0.0136
1-east 71 street_2018,1-east 71 street,2018,73449.2,19953.8,18861.1,1.0579
1-east 71 street_2025,1-east 71 street,2025,466.0,233.0,18861.1,0.0124
1-east 72 street_2016,1-east 72 street,2016,256319.9,28480.0,32087.6,0.8876
1-east 72 street_2022,1-east 72 street,2022,76076.0,33984.0,32087.6,1.0591
1-east 72 street_2023,1-east 72 street,2023,648.0,324.0,32087.6,0.0101
1-east 72 street_2025,1-east 72 street,2025,1380.0,690.0,32087.6,0.0215
1-east 73 street_2017,1-east 73 street,2017,105311.8,35104.0,14433.1,2.4322
1-east 73 street_2023,1-east 73 street,2023,384.0,192.0,14433.1,0.0133
1-east 73 street_2025,1-east 73 street,2025,400.0,200.0,14433.1,0.0139
1-east 74 street_2016,1-east 74 street,2016,84523.5,36361.3,16335.8,2.2259
1-east 74 street_2022,1-east 74 street,2022,35316.0,17658.0,16335.8,1.0809
1-east 74 street_2023,1-east 74 street,2023,360.0,180.0,16335.8,0.011
1-east 74 street_2025,1-east 74 street,2025,794.0,397.0,16335.8,0.0243
1-east 75 street_2016,1-east 75 street,2016,130850.5,18692.9,16355.3,1.1429
1-east 75 street_2023,1-east 75 street,2023,360.0,180.0,16355.3,0.011
1-east 75 street_2025,1-east 75 street,2025,802.0,401.0,16355.3,0.0245
1-east 76 street_2020,1-east 76 street,2020,78158.5,39079.2,18071.7,2.1625
1-east 76 street_2023,1-east 76 street,2023,360.0,180.0,18071.7,0.01
1-east 76 street_2025,1-east 76 street,2025,796.0,398.0,18071.7,0.022
1-east 77 street_2017,1-east 77 street,2017,110073.6,17524.4,15872.5,1.1041
1-east 77 street_2023,1-east 77 street,2023,360.0,180.0,15872.5,0.0113
1-east 77 street_2025,1-east 77 street,2025,836.0,418.0,15872.5,0.0263
1-east 78 street_2020,1-east 78 street,2020,46983.1,23491.6,16601.6,1.415
1-east 78 street_2023,1-east 78 street,2023,360.0,180.0,16601.6,0.0108
1-east 78 street_2025,1-east 78 street,2025,744.0,372.0,16601.6,0.0224
1-east 79 street_2016,1-east 79 street,2016,58274.0,29137.0,30112.3,0.9676
1-east 79 street_2023,1-east 79 street,2023,672.0,336.0,30112.3,0.0112
1-east 79 street_2025,1-east 79 street,2025,734.0,367.0,30112.3,0.0122
1-east 8 street_2016,1-east 8 street,2016,71525.0,19010.2,10337.9,1.8389
1-east 8 street_2021,1-east 8 street,2021,336.0,168.0,10337.9,0.0163
1-east 8 street_2023,1-east 8 street,2023,9492.0,4746.0,10337.9,0.4591
1-east 80 street_2022,1-east 80 street,2022,400.0,200.0,16236.3,0.0123
1-east 80 street_2023,1-east 80 street,2023,360.0,180.0,16236.3,0.0111
1-east 80 street_2024,1-east 80 street,2024,400.0,200.0,16236.3,0.0123
1-east 80 street_2025,1-east 80 street,2025,340.0,170.0,16236.3,0.0105
1-east 81 street_2018,1-east 81 street,2018,40906.7,10226.7,14883.2,0.6871
1-east 81 street_2022,1-east 81 street,2022,414.0,207.0,14883.2,0.0139
1-east 81 street_2023,1-east 81 street,2023,360.0,180.0,14883.2,0.0121
1-east 81 street_2024,1-east 81 street,2024,414.0,207.0,14883.2,0.0139
1-east 81 street_2025,1-east 81 street,2025,340.0,170.0,14883.2,0.0114
1-east 82 street_2017,1-east 82 street,2017,42780.3,20100.3,16405.7,1.2252
1-east 82 street_2022,1-east 82 street,2022,400.0,200.0,16405.7,0.0122
1-east 82 street_2023,1-east 82 street,2023,360.0,180.0,16405.7,0.011
1-east 82 street_2024,1-east 82 street,2024,386.0,193.0,16405.7,0.0118
1-east 82 street_2025,1-east 82 street,2025,352.0,176.0,16405.7,0.0107
1-east 83 street_2018,1-east 83 street,2018,27409.6,13704.8,17528.3,0.7819
1-east 83 street_2022,1-east 83 street,2022,400.0,200.0,17528.3,0.0114
1-east 83 street_2023,1-east 83 street,2023,360.0,180.0,17528.3,0.0103
1-east 83 street_2024,1-east 83 street,2024,37504.0,18752.0,17528.3,1.0698
1-east 83 street_2025,1-east 83 street,2025,352.0,176.0,17528.3,0.01
1-east 84 street_2017,1-east 84 street,2017,12628.8,5085.6,16405.7,0.31
1-east 84 street_2022,1-east 84 street,2022,400.0,200.0,16405.7,0.0122
1-east 84 street_2023,1-east 84 street,2023,360.0,180.0,16405.7,0.011
1-east 84 street_2024,1-east 84 street,2024,454.0,227.0,16405.7,0.0138
1-east 84 street_2025,1-east 84 street,2025,396.0,198.0,16405.7,0.0121
1-east 85 street_2017,1-east 85 street,2017,10121.1,5060.6,16968.1,0.2982
1-east 85 street_2022,1-east 85 street,2022,426.0,213.0,16968.1,0.0126
1-east 85 street_2023,1-east 85 street,2023,408.0,204.0,16968.1,0.012
1-east 85 street_2024,1-east 85 street,2024,454.0,227.0,16968.1,0.0134
1-east 85 street_2025,1-east 85 street,2025,392.0,196.0,16968.1,0.0116
1-east 86 street_2018,1-east 86 street,2018,10907.9,5454.0,37828.1,0.1442
1-east 86 street_2021,1-east 86 street,2021,152655.7,76327.9,37828.1,2.0178
1-east 86 street_2023,1-east 86 street,2023,708.0,354.0,37828.1,0.0094
1-east 86 street_2024,1-east 86 street,2024,1614.0,807.0,37828.1,0.0213
1-east 87 street_2018,1-east 87 street,2018,4826.7,2413.3,16410.8,0.1471
1-east 87 street_2023,1-east 87 street,2023,36848.0,18424.0,16410.8,1.1227
1-east 87 street_2024,1-east 87 street,2024,400.0,200.0,16410.8,0.0122
1-east 87 street_2025,1-east 87 street,2025,778.0,389.0,16410.8,0.0237
1-east 88 street_2019,1-east 88 street,2019,46737.4,23368.7,16412.5,1.4238
1-east 88 street_2024,1-east 88 street,2024,400.0,200.0,16412.5,0.0122
1-east 88 street_2025,1-east 88 street,2025,830.0,415.0,16412.5,0.0253
1-east 89 street_2019,1-east 89 street,2019,40500.2,20250.1,18093.7,1.1192
1-east 89 street_2024,1-east 89 street,2024,426.0,213.0,18093.7,0.0118
1-east 89 street_2025,1-east 89 street,2025,792.0,396.0,18093.7,0.0219
1-east 9 street_2020,1-east 9 street,2020,29560.0,14780.0,18767.8,0.7875
1-east 9 street_2021,1-east 9 street,2021,28904.0,14452.0,18767.8,0.77
1-east 9 street_2022,1-east 9 street,2022,37414.0,18707.0,18767.8,0.9968
1-east 90 street_2018,1-east 90 street,2018,26473.3,12006.7,17573.4,0.6832
1-east 90 street_2021,1-east 90 street,2021,27320.0,13660.0,17573.4,0.7773
1-east 90 street_2025,1-east 90 street,2025,832.0,416.0,17573.4,0.0237
1-east 91 street_2017,1-east 91 street,2017,4953.3,2476.7,12818.8,0.1932
1-east 91 street_2023,1-east 91 street,2023,22862.0,11431.0,12818.8,0.8917
1-east 91 street_2025,1-east 91 street,2025,700.0,350.0,12818.8,0.0273
1-east 92 street_2018,1-east 92 street,2018,4933.3,2466.7,12046.7,0.2048
1-east 92 street_2022,1-east 92 street,2022,25438.0,12719.0,12046.7,1.0558
1-east 92 street_2025,1-east 92 street,2025,378.0,189.0,12046.7,0.0157
1-east 93 street_2017,1-east 93 street,2017,49940.0,24970.0,14870.8,1.6791
1-east 93 street_2018,1-east 93 street,2018,26040.0,13020.0,14870.8,0.8755
1-east 93 street_2025,1-east 93 street,2025,428.0,214.0,14870.8,0.0144
1-east 94 street_2017,1-east 94 street,2017,37930.0,12643.4,11546.5,1.095
1-east 94 street_2025,1-east 94 street,2025,404.0,202.0,11546.5,0.0175
1-east 95 street_2017,1-east 95 street,2017,14646.7,7323.3,11551.3,0.634
1-east 95 street_2021,1-east 95 street,2021,20393.4,10196.7,11551.3,0.8827
1-east 95 street_2025,1-east 95 street,2025,378.0,189.0,11551.3,0.0164
1-east 96 street_2016,1-east 96 street,2016,69123.3,31036.1,23457.7,1.3231
1-east 96 street_2019,1-east 96 street,2019,50153.9,25076.9,23457.7,1.069
1-east 96 street_2023,1-east 96 street,2023,138312.0,29452.0,23457.7,1.2555
1-east 96 street_2025,1-east 96 street,2025,746.0,373.0,23457.7,0.0159
1-east 97 street_2017,1-east 97 street,2017,74955.3,24985.1,11721.9,2.1315
1-east 97 street_2023,1-east 97 street,2023,384.0,192.0,11721.9,0.0164
1-east 97 street_2024,1-east 97 street,2024,178.0,89.0,11721.9,0.0076
1-east 98 street_2018,1-east 98 street,2018,85184.6,28394.9,5554.1,5.1124
1-east 98 street_2023,1-east 98 street,2023,360.0,180.0,5554.1,0.0324
1-east 99 street_2018,1-east 99 street,2018,40904.2,20452.1,10680.5,1.9149
1-east 99 street_2021,1-east 99 street,2021,70680.6,35340.3,10680.5,3.3089
1-east 99 street_2023,1-east 99 street,2023,8434.0,4217.0,10680.5,0.3948
1-east 99 street_2024,1-east 99 street,2024,234.0,117.0,10680.5,0.011
1-east broadway_2022,1-east broadway,2022,18294.0,9147.0,23705.5,0.3859
1-east broadway_2024,1-east broadway,2024,91912.0,45956.0,23705.5,1.9386
1-east drive_2019,1-east drive,2019,887093.3,822999.8,35464.3,23.2064
1-east drive_2025,1-east drive,2025,284644.0,142322.0,35464.3,4.0131
1-east end avenue_2022,1-east end avenue,2022,24256.0,12128.0,19464.6,0.6231
1-east end avenue_2024,1-east end avenue,2024,19052.0,9526.0,19464.6,0.4894
1-east houston street_2021,1-east houston street,2021,768.0,384.0,46754.1,0.0082
1-east houston street_2022,1-east houston street,2022,187185.0,58097.0,46754.1,1.2426
1-east houston street_2024,1-east houston street,2024,72604.0,36302.0,46754.1,0.7764
1-edgar street_2022,1-edgar street,2022,544.0,272.0,760.0,0.3579
1-edgecombe avenue_2016,1-edgecombe avenue,2016,203776.5,67925.5,35660.8,1.9048
1-edgecombe avenue_2019,1-edgecombe avenue,2019,92703.6,46351.8,35660.8,1.2998
1-edgecombe avenue_2023,1-edgecombe avenue,2023,47820.0,22913.0,35660.8,0.6425
1-edgecombe avenue_2025,1-edgecombe avenue,2025,31934.0,15967.0,35660.8,0.4477
1-edward m morgan place_2025,1-edward m morgan place,2025,738.0,369.0,2865.5,0.1288
1-elizabeth street_2018,1-elizabeth street,2018,11013.4,5506.7,10167.4,0.5416
1-elizabeth street_2020,1-elizabeth street,2020,13270.7,6635.3,10167.4,0.6526
1-elizabeth street_2022,1-elizabeth street,2022,182.0,91.0,10167.4,0.009
1-elizabeth street_2024,1-elizabeth street,2024,134.0,67.0,10167.4,0.0066
1-elk street_2019,1-elk street,2019,901.3,450.7,956.4,0.4712
1-elk street_2024,1-elk street,2024,616.0,308.0,956.4,0.322
1-ellwood street_2021,1-ellwood street,2021,39321.8,19660.9,3725.1,5.278
1-essex street_2016,1-essex street,2016,535103.0,107020.6,14607.4,7.3265
1-exchange place_2020,1-exchange place,2020,2926.9,1463.4,1910.9,0.7658
1-f d r drive_2017,1-f d r drive,2017,55250.0,18416.6,,
1-f d r drive_2020,1-f d r drive,2020,4240.0,2120.0,,
1-fairview avenue_2016,1-fairview avenue,2016,103761.0,51880.5,4730.0,10.9684
1-fdr drive sb entrance york avenue_2025,1-fdr drive sb entrance york avenue,2025,1332.0,666.0,835.8,0.7968
1-fletcher street_2022,1-fletcher street,2022,74.0,37.0,1126.6,0.0328
1-forsyth street_2016,1-forsyth street,2016,166182.0,44741.8,14948.5,2.9931
1-forsyth street_2023,1-forsyth street,2023,124.0,62.0,14948.5,0.0041
1-fort george hill_2021,1-fort george hill,2021,413362.4,206681.2,7747.7,26.6765
1-fort washington avenue_2022,1-fort washington avenue,2022,60982.0,30491.0,37616.2,0.8106
1-fort washington avenue_2023,1-fort washington avenue,2023,73974.0,36987.0,37616.2,0.9833
1-frankfort street_2017,1-frankfort street,2017,143126.8,66083.4,4100.5,16.1159
1-franklin d roosevelt drive_2017,1-franklin d roosevelt drive,2017,57340.0,20706.7,179585.0,0.1153
1-franklin d roosevelt drive_2024,1-franklin d roosevelt drive,2024,16740.0,8370.0,179585.0,0.0466
1-franklin d roosevelt drive_2025,1-franklin d roosevelt drive,2025,34688.0,17344.0,179585.0,0.0966
1-franklin street_2021,1-franklin street,2021,28970.0,14485.0,9093.4,1.5929
1-franklin street_2022,1-franklin street,2022,278.0,139.0,9093.4,0.0153
1-franklin street_2023,1-franklin street,2023,362.0,181.0,9093.4,0.0199
1-freedom place_2022,1-freedom place,2022,11646.0,5823.0,3070.7,1.8963
1-fulton street_2023,1-fulton street,2023,24452.0,12226.0,9871.7,1.2385
1-g washington br en west 179 street_2023,1-g washington br en west 179 street,2023,1134.0,567.0,,
1-gay street_2022,1-gay street,2022,100.0,50.0,344.0,0.1453
1-gold street_2017,1-gold street,2017,56855.1,28427.6,6311.7,4.504
1-gouverneur slip west_2017,1-gouverneur slip west,2017,816.3,408.2,430.1,0.9491
1-gramercy park_2020,1-gramercy park,2020,8928.3,4464.1,,
1-gramercy park north_2020,1-gramercy park north,2020,19068.0,9534.0,1626.4,5.862
1-gramercy park south_2020,1-gramercy park south,2020,7075.0,3537.5,1629.5,2.1709
1-grand street_2021,1-grand street,2021,419416.7,209708.3,40271.2,5.2074
1-grand street_2022,1-grand street,2022,28592.0,14296.0,40271.2,0.355
1-grand street_2025,1-grand street,2025,480.0,240.0,40271.2,0.006
1-great jones street_2021,1-great jones street,2021,12524.4,6262.2,7012.7,0.893
1-greene street_2021,1-greene street,2021,336.0,168.0,9459.7,0.0178
1-greene street_2023,1-greene street,2023,2000.0,1000.0,9459.7,0.1057
1-greene street_2024,1-greene street,2024,1380.0,690.0,9459.7,0.0729
1-greenwich avenue_2023,1-greenwich avenue,2023,21098.0,10549.0,10366.1,1.0176
1-greenwich street_2016,1-greenwich street,2016,34155.4,11385.1,55171.4,0.2064
1-greenwich street_2018,1-greenwich street,2018,327950.9,64990.6,55171.4,1.178
1-greenwich street_2022,1-greenwich street,2022,5338.0,2669.0,55171.4,0.0484
1-greenwich street_2024,1-greenwich street,2024,440.0,220.0,55171.4,0.004
1-grove street_2018,1-grove street,2018,24314.9,12157.5,4312.7,2.819
1-hamilton place_2016,1-hamilton place,2016,9732.0,4866.0,7415.2,0.6562
1-hamilton terrace_2021,1-hamilton terrace,2021,5451.4,2725.7,2585.4,1.0543
1-hanover square_2022,1-hanover square,2022,200.0,100.0,1263.6,0.0791
1-hanover street_2020,1-hanover street,2020,7968.3,3984.2,800.8,4.9753
1-hanover street_2022,1-hanover street,2022,272.0,136.0,800.8,0.1698
1-harlem river drive_2023,1-harlem river drive,2023,95060.0,33950.0,68410.8,0.4963
1-harlem river drive_2025,1-harlem river drive,2025,14792.0,7396.0,68410.8,0.1081
1-harrison street_2023,1-harrison street,2023,362.0,181.0,4563.3,0.0397
1-haven avenue_2022,1-haven avenue,2022,24470.0,12235.0,9999.0,1.2236
1-henry street_2016,1-henry street,2016,51989.1,25994.6,16945.5,1.534
1-henry street_2022,1-henry street,2022,1380.0,690.0,16945.5,0.0407
1-henry street_2023,1-henry street,2023,106300.0,24996.0,16945.5,1.4751
1-hester street_2016,1-hester street,2016,13746.7,6873.3,7630.1,0.9008
1-hester street_2020,1-hester street,2020,9292.9,4646.5,7630.1,0.609
1-hillside avenue_2021,1-hillside avenue,2021,128480.0,64240.0,2557.7,25.1163
1-hogan place_2022,1-hogan place,2022,278.0,139.0,1275.6,0.109
1-horatio street_2021,1-horatio street,2021,23183.0,11591.5,5551.1,2.0881
1-howard street_2016,1-howard street,2016,11241.5,5620.7,2607.3,2.1558
1-howard street_2023,1-howard street,2023,4370.0,2185.0,2607.3,0.838
1-hubert street_2023,1-hubert street,2023,346.0,173.0,4178.5,0.0414
1-hubert street_2024,1-hubert street,2024,7348.0,3674.0,4178.5,0.8793
1-hudson street_2018,1-hudson street,2018,248190.4,64718.6,51163.8,1.2649
1-hudson street_2021,1-hudson street,2021,41817.6,20908.8,51163.8,0.4087
1-hudson street_2023,1-hudson street,2023,32826.0,16413.0,51163.8,0.3208
1-hudson street_2024,1-hudson street,2024,320.0,160.0,51163.8,0.0031
1-isham street_2016,1-isham street,2016,21830.9,10915.4,8125.4,1.3434
1-isham street_2024,1-isham street,2024,450.0,225.0,8125.4,0.0277
1-jane street_2021,1-jane street,2021,6450.7,3225.3,5538.1,0.5824
1-jefferson street_2016,1-jefferson street,2016,3469.2,1734.6,2483.4,0.6985
1-joe dimaggio highway_2018,1-joe dimaggio highway,2018,34666.8,3466.7,,
1-joe dimaggio highway_2021,1-joe dimaggio highway,2021,20319.5,10159.7,,
1-john street_2022,1-john street,2022,144.0,72.0,6430.3,0.0112
1-jones street_2021,1-jones street,2021,336.0,168.0,1332.2,0.1261
1-jumel place_2025,1-jumel place,2025,802.0,401.0,2524.7,0.1588
1-kenmare street_2020,1-kenmare street,2020,24151.2,12075.6,5019.6,2.4057
1-king street_2021,1-king street,2021,336.0,168.0,6554.8,0.0256
1-king street_2023,1-king street,2023,12885.0,5505.0,6554.8,0.8398
1-king street_2025,1-king street,2025,474.0,237.0,6554.8,0.0362
1-la salle street_2023,1-la salle street,2023,85130.0,42565.0,3146.7,13.5269
1-lafayette street_2020,1-lafayette street,2020,237909.4,31069.6,38137.7,0.8147
1-lafayette street_2022,1-lafayette street,2022,26854.0,13427.0,38137.7,0.3521
1-laight street_2016,1-laight street,2016,17994.8,8997.4,6162.2,1.4601
1-laurel hill terrace_2016,1-laurel hill terrace,2016,219430.4,73143.5,4888.7,14.9617
1-laurel hill terrace_2025,1-laurel hill terrace,2025,33460.0,16730.0,4888.7,3.4222
1-lenox avenue_2018,1-lenox avenue,2018,76495.5,35355.2,54882.0,0.6442
1-lenox avenue_2019,1-lenox avenue,2019,305415.5,160546.4,54882.0,2.9253
1-lenox avenue_2020,1-lenox avenue,2020,136565.7,68282.8,54882.0,1.2442
1-lenox avenue_2021,1-lenox avenue,2021,408241.9,204121.0,54882.0,3.7193
1-lenox terrace place_2024,1-lenox terrace place,2024,760.0,380.0,1674.2,0.227
1-leonard street_2021,1-leonard street,2021,45196.0,22598.0,7488.5,3.0177
1-leroy street_2023,1-leroy street,2023,326.0,163.0,5277.2,0.0309
1-leroy street_2025,1-leroy street,2025,2128.0,1064.0,5277.2,0.2016
1-lexington avenue_2017,1-lexington avenue,2017,350916.1,51180.0,145963.5,0.3506
1-lexington avenue_2018,1-lexington avenue,2018,820350.0,74577.3,145963.5,0.5109
1-lexington avenue_2019,1-lexington avenue,2019,67839.2,33919.6,145963.5,0.2324
1-lexington avenue_2020,1-lexington avenue,2020,128912.6,64456.3,145963.5,0.4416
1-lexington avenue_2024,1-lexington avenue,2024,15752.0,7876.0,145963.5,0.054
1-lexington avenue_2025,1-lexington avenue,2025,37012.0,18506.0,145963.5,0.1268
1-liberty street_2018,1-liberty street,2018,18680.0,9340.0,11596.1,0.8054
1-liberty street_2021,1-liberty street,2021,7382.5,3691.2,11596.1,0.3183
1-lispenard street_2018,1-lispenard street,2018,7822.8,3911.4,3125.2,1.2516
1-ludlow street_2021,1-ludlow street,2021,27572.9,13786.4,8664.3,1.5912
1-mac dougal alley_2021,1-mac dougal alley,2021,336.0,168.0,461.3,0.3642
1-mac dougal street_2021,1-mac dougal street,2021,78199.9,39099.9,5627.3,6.9483
1-mac dougal street_2023,1-mac dougal street,2023,194.0,97.0,5627.3,0.0172
1-macombs place_2025,1-macombs place,2025,21478.0,10739.0,8653.2,1.241
1-madison avenue_2017,1-madison avenue,2017,449956.9,200752.5,159637.1,1.2576
1-madison avenue_2018,1-madison avenue,2018,1067399.5,157076.9,159637.1,0.984
1-madison avenue_2020,1-madison avenue,2020,51602.3,25801.1,159637.1,0.1616
1-madison avenue_2021,1-madison avenue,2021,803188.8,401594.4,159637.1,2.5157
1-madison avenue_2022,1-madison avenue,2022,28554.0,14277.0,159637.1,0.0894
1-madison avenue_2023,1-madison avenue,2023,210695.2,86466.1,159637.1,0.5416
1-madison avenue_2024,1-madison avenue,2024,50040.0,25020.0,159637.1,0.1567
1-madison avenue_2025,1-madison avenue,2025,85206.0,42603.0,159637.1,0.2669
1-madison street_2016,1-madison street,2016,240390.2,80130.1,18125.8,4.4208
1-madison street_2020,1-madison street,2020,231700.8,115850.4,18125.8,6.3915
1-madison street_2021,1-madison street,2021,339538.2,169769.1,18125.8,9.3662
1-madison street_2022,1-madison street,2022,1380.0,690.0,18125.8,0.0381
1-maiden lane_2021,1-maiden lane,2021,22600.4,11300.2,7615.0,1.4839
1-maiden lane_2022,1-maiden lane,2022,222.0,111.0,7615.0,0.0146
1-manhattan avenue_2017,1-manhattan avenue,2017,94600.0,18920.0,28221.7,0.6704
1-manhattan avenue_2018,1-manhattan avenue,2018,69064.4,17266.1,28221.7,0.6118
1-manhattan avenue_2024,1-manhattan avenue,2024,34326.0,17163.0,28221.7,0.6081
1-manhattan bridge_2022,1-manhattan bridge,2022,96738.0,48369.0,,
1-marble hill avenue_2016,1-marble hill avenue,2016,28186.4,4697.7,4616.8,1.0175
1-margaret corbin plaza_2023,1-margaret corbin plaza,2023,26736.0,13368.0,473.8,28.2144
1-market street_2022,1-market street,2022,13482.0,6741.0,4809.7,1.4015
1-mercer street_2021,1-mercer street,2021,20430.4,10215.2,12587.5,0.8115
1-mercer street_2024,1-mercer street,2024,2658.0,1329.0,12587.5,0.1056
1-monroe street_2022,1-monroe street,2022,17780.0,8890.0,5538.1,1.6052
1-montgomery street_2016,1-montgomery street,2016,49559.6,3540.0,7811.2,0.4532
1-montgomery street_2020,1-montgomery street,2020,96577.0,48288.5,7811.2,6.182
1-morningside avenue_2018,1-morningside avenue,2018,44135.2,22067.6,22241.3,0.9922
1-morningside drive_2019,1-morningside drive,2019,446469.2,223234.6,14597.1,15.2931
1-morton street_2023,1-morton street,2023,328.0,164.0,5546.3,0.0296
1-mott street_2024,1-mott street,2024,138.0,69.0,12143.4,0.0057
1-mount morris park west_2021,1-mount morris park west,2021,13676.1,6838.1,6977.2,0.9801
1-mount morris park west_2023,1-mount morris park west,2023,374.0,187.0,6977.2,0.0268
1-mulberry street_2024,1-mulberry street,2024,156.0,78.0,11047.6,0.0071
1-murray street_2019,1-murray street,2019,99764.5,24941.1,13885.0,1.7963
1-murray street_2022,1-murray street,2022,19546.0,9773.0,13885.0,0.7039
1-nagle avenue_2019,1-nagle avenue,2019,314403.8,157201.9,27487.5,5.719
1-norfolk street_2021,1-norfolk street,2021,42275.6,21137.8,5942.1,3.5573
1-north end avenue_2022,1-north end avenue,2022,36454.0,18227.0,7185.0,2.5368
1-north moore street_2021,1-north moore street,2021,3100.0,1550.0,6205.2,0.2498
1-nycta subway_2022,1-nycta subway,2022,25024.0,12512.0,,
1-oliver street_2016,1-oliver street,2016,29191.5,14595.8,1538.7,9.4858
1-overlook terrace_2021,1-overlook terrace,2021,43357.5,21678.7,3463.4,6.2594
1-park avenue_2019,1-park avenue,2019,346435.6,151844.8,198575.3,0.7647
1-park avenue_2020,1-park avenue,2020,3048885.1,1524442.6,198575.3,7.6769
1-park avenue_2021,1-park avenue,2021,2142756.4,1071378.2,198575.3,5.3953
1-park avenue_2024,1-park avenue,2024,79332.0,39666.0,198575.3,0.1998
1-park avenue south_2020,1-park avenue south,2020,127335.3,63667.7,25100.4,2.5365
1-park avenue south_2023,1-park avenue south,2023,44302.0,22151.0,25100.4,0.8825
1-park row_2017,1-park row,2017,209660.1,78636.6,13827.1,5.6871
1-payson avenue_2019,1-payson avenue,2019,113702.0,56851.0,3538.3,16.0673
1-payson avenue_2024,1-payson avenue,2024,300.0,150.0,3538.3,0.0424
1-pearl street_2017,1-pearl street,2017,309309.9,121010.0,24391.5,4.9612
1-pearl street_2019,1-pearl street,2019,185907.0,30620.0,24391.5,1.2554
1-pearl street_2022,1-pearl street,2022,11848.7,5924.3,24391.5,0.2429
1-pedestrian overpass_2016,1-pedestrian overpass,2016,104967.4,20993.5,,
1-pell street_2022,1-pell street,2022,1101.0,1101.0,907.8,1.2128
1-perry street_2019,1-perry street,2019,14705.6,7352.8,7010.5,1.0488
1-pike street_2022,1-pike street,2022,17564.0,8782.0,7864.1,1.1167
1-pine street_2016,1-pine street,2016,10981.4,5490.7,3532.5,1.5543
1-pinehurst avenue_2022,1-pinehurst avenue,2022,386.0,193.0,10325.6,0.0187
1-pinehurst avenue_2023,1-pinehurst avenue,2023,15718.0,7859.0,10325.6,0.7611
1-pitt street_2020,1-pitt street,2020,345674.5,172837.2,9528.7,18.1386
1-pleasant avenue_2016,1-pleasant avenue,2016,264666.5,132333.2,10409.0,12.7133
1-pleasant avenue_2022,1-pleasant avenue,2022,18666.0,9333.0,10409.0,0.8966
1-post avenue_2021,1-post avenue,2021,9589.1,4794.5,9448.8,0.5074
1-prince street_2017,1-prince street,2017,25581.1,12790.6,10844.1,1.1795
1-r f wagner sr place_2017,1-r f wagner sr place,2017,156553.2,78276.6,3137.6,24.9479
1-ramp_2022,1-ramp,2022,936.0,468.0,,
1-reade street_2024,1-reade street,2024,17574.0,8787.0,8354.2,1.0518
1-rector place_2018,1-rector place,2018,23053.4,11526.7,3200.1,3.602
1-renwick street_2016,1-renwick street,2016,42266.8,2113.3,1660.1,1.273
1-renwick street_2023,1-renwick street,2023,3276.0,1638.0,1660.1,0.9867
1-renwick street_2024,1-renwick street,2024,198.0,99.0,1660.1,0.0596
1-river terrace_2022,1-river terrace,2022,19020.0,9510.0,3973.0,2.3937
1-riverside boulevard_2025,1-riverside boulevard,2025,23424.0,11712.0,17006.2,0.6887
1-riverside drive_2016,1-riverside drive,2016,2040240.3,957504.8,165990.8,5.7684
1-riverside drive_2018,1-riverside drive,2018,2874011.0,1414422.2,165990.8,8.5211
1-riverside drive_2021,1-riverside drive,2021,60203.0,30101.5,165990.8,0.1813
1-riverside drive_2023,1-riverside drive,2023,17264.0,8632.0,165990.8,0.052
1-riverside drive_2024,1-riverside drive,2024,247696.0,123848.0,165990.8,0.7461
1-riverside drive east_2018,1-riverside drive east,2018,28033.3,14016.6,3062.6,4.5767
1-rose street_2017,1-rose street,2017,533.3,266.7,1499.0,0.1779
1-rutgers slip_2016,1-rutgers slip,2016,3226.7,1613.3,1000.4,1.6127
1-rutgers street_2016,1-rutgers street,2016,226329.5,18860.8,3778.1,4.9921
1-rutherford place_2019,1-rutherford place,2019,8649.3,4324.7,1362.1,3.175
1-samuel dickstein plaza_2020,1-samuel dickstein plaza,2020,5824.1,2912.0,3801.6,0.766
1-seaman avenue_2024,1-seaman avenue,2024,35558.0,17779.0,19312.7,0.9206
1-sherman avenue_2021,1-sherman avenue,2021,54028.8,27014.4,28523.2,0.9471
1-sickles street_2024,1-sickles street,2024,9462.0,4731.0,4012.5,1.1791
1-south end avenue_2018,1-south end avenue,2018,19160.0,6386.7,7345.5,0.8695
1-south pinehurst avenue_2022,1-south pinehurst avenue,2022,214.0,107.0,1104.3,0.0969
1-south street_2016,1-south street,2016,1350483.8,96463.1,49840.2,1.9354
1-south street_2017,1-south street,2017,439814.8,25871.5,49840.2,0.5191
1-spring street_2017,1-spring street,2017,36703.3,6117.2,18166.8,0.3367
1-spring street_2023,1-spring street,2023,324.0,162.0,18166.8,0.0089
1-spring street_2024,1-spring street,2024,37852.0,18926.0,18166.8,1.0418
1-spring street_2025,1-spring street,2025,502.0,251.0,18166.8,0.0138
1-spruce street_2017,1-spruce street,2017,34693.2,17346.6,4457.8,3.8913
1-state street_2018,1-state street,2018,211410.7,105705.3,6054.4,17.4593
1-street james place_2017,1-street james place,2017,67841.6,33920.8,4502.0,7.5346
1-street lukes place_2025,1-street lukes place,2025,3362.0,1681.0,1371.6,1.2256
1-street marks place_2017,1-street marks place,2017,41827.5,13942.5,7202.0,1.9359
1-street nicholas avenue_2017,1-street nicholas avenue,2017,11361.2,5680.6,144912.0,0.0392
1-street nicholas avenue_2018,1-street nicholas avenue,2018,61684.1,30842.0,144912.0,0.2128
1-street nicholas avenue_2019,1-street nicholas avenue,2019,201405.4,81043.8,144912.0,0.5593
1-street nicholas avenue_2021,1-street nicholas avenue,2021,24388.9,12194.4,144912.0,0.0842
1-street nicholas avenue_2022,1-street nicholas avenue,2022,71653.3,35826.7,144912.0,0.2472
1-street nicholas avenue_2023,1-street nicholas avenue,2023,96803.0,47615.0,144912.0,0.3286
1-street nicholas avenue_2025,1-street nicholas avenue,2025,37314.0,18657.0,144912.0,0.1287
1-street nicholas place_2019,1-street nicholas place,2019,9989.6,4994.8,8163.3,0.6119
1-street nicholas terrace_2016,1-street nicholas terrace,2016,262561.6,131280.8,4852.6,27.0537
1-street nicholas terrace_2022,1-street nicholas terrace,2022,88566.0,44283.0,4852.6,9.1256
1-suffolk street_2021,1-suffolk street,2021,135213.7,36267.9,6050.1,5.9946
1-sullivan street_2018,1-sullivan street,2018,28117.9,14059.0,8098.7,1.736
1-sullivan street_2021,1-sullivan street,2021,336.0,168.0,8098.7,0.0207
1-sutton place_2022,1-sutton place,2022,6214.0,3107.0,3609.5,0.8608
1-sutton place south_2022,1-sutton place south,2022,11006.0,5503.0,6073.2,0.9061
1-sutton square_2022,1-sutton square,2022,1326.0,663.0,730.9,0.9071
1-taras shevchenko place_2016,1-taras shevchenko place,2016,1634.4,817.2,655.7,1.2463
1-taras shevchenko place_2022,1-taras shevchenko place,2022,1166.0,583.0,655.7,0.8891
1-terrace drive_2020,1-terrace drive,2020,38073.4,19036.7,7719.7,2.466
1-terrace drive_2025,1-terrace drive,2025,28152.0,14076.0,7719.7,1.8234
1-thayer street_2024,1-thayer street,2024,10848.0,5424.0,5730.3,0.9465
1-thomas jefferson park path_2022,1-thomas jefferson park path,2022,800.0,400.0,4185.8,0.0956
1-thompson street_2018,1-thompson street,2018,133989.5,9993.3,9691.9,1.0311
1-thompson street_2022,1-thompson street,2022,260.0,130.0,9691.9,0.0134
1-tiemann place_2016,1-tiemann place,2016,68943.4,34471.7,4020.8,8.5733
1-tiemann place_2024,1-tiemann place,2024,24542.0,12271.0,4020.8,3.0519
1-transverse road 2_2020,1-transverse road 2,2020,4040.0,2020.0,,
1-transverse road 4_2017,1-transverse road 4,2017,4046.7,2023.3,,
1-transverse road four_2017,1-transverse road four,2017,15260.0,5086.7,,
1-transverse road two_2020,1-transverse road two,2020,4040.0,2020.0,,
1-tudor city place_2021,1-tudor city place,2021,12700.0,6350.0,5405.4,1.1748
1-union square east_2024,1-union square east,2024,12732.0,6366.0,5591.5,1.1385
1-union square south_2024,1-union square south,2024,4508.0,2254.0,,
1-university place_2017,1-university place,2017,14058.3,2008.3,8258.4,0.2432
1-university place_2021,1-university place,2021,50745.2,25372.6,8258.4,3.0723
1-vandam street_2016,1-vandam street,2016,67819.0,3569.4,5526.8,0.6458
1-vandam street_2022,1-vandam street,2022,9946.0,4973.0,5526.8,0.8998
1-vandam street_2025,1-vandam street,2025,460.0,230.0,5526.8,0.0416
1-varick street_2021,1-varick street,2021,10616.7,5308.3,22818.8,0.2326
1-varick street_2025,1-varick street,2025,28598.0,14299.0,22818.8,0.6266
1-vermilyea avenue_2019,1-vermilyea avenue,2019,16122.4,8061.2,11237.5,0.7173
1-vesey street_2019,1-vesey street,2019,127645.1,42548.4,12425.6,3.4243
1-wadsworth avenue_2018,1-wadsworth avenue,2018,19760.3,9880.1,24417.0,0.4046
1-wadsworth avenue_2025,1-wadsworth avenue,2025,40426.0,20213.0,24417.0,0.8278
1-walker street_2018,1-walker street,2018,15094.2,5031.4,7311.9,0.6881
1-wall street_2021,1-wall street,2021,4296.0,2148.0,5468.1,0.3928
1-warren street_2022,1-warren street,2022,18734.0,9367.0,10770.6,0.8697
1-washington place_2019,1-washington place,2019,16121.0,5839.2,6841.2,0.8535
1-washington place_2021,1-washington place,2021,4840.0,2420.0,6841.2,0.3537
1-washington square east_2021,1-washington square east,2021,51628.8,25814.4,1354.2,19.0625
1-washington square north_2021,1-washington square north,2021,156441.6,78220.8,3578.9,21.8561
1-washington square south_2021,1-washington square south,2021,223540.0,111770.0,3335.0,33.5142
1-washington square west_2021,1-washington square west,2021,74506.5,37253.3,1354.2,27.5095
1-washington street_2016,1-washington street,2016,200080.8,52910.1,34000.3,1.5562
1-washington street_2020,1-washington street,2020,23779.5,11889.8,34000.3,0.3497
1-washington street_2021,1-washington street,2021,22498.7,11249.3,34000.3,0.3309
1-washington street_2023,1-washington street,2023,21442.0,8617.0,34000.3,0.2534
1-washington terrace_2023,1-washington terrace,2023,160.0,80.0,600.3,0.1333
1-water street_2016,1-water street,2016,20386.6,10193.3,28025.6,0.3637
1-water street_2017,1-water street,2017,571844.8,190615.0,28025.6,6.8015
1-watts street_2016,1-watts street,2016,25837.8,12918.9,9286.2,1.3912
1-watts street_2022,1-watts street,2022,7456.0,3728.0,9286.2,0.4015
1-watts street_2024,1-watts street,2024,7932.0,3966.0,9286.2,0.4271
1-waverly place_2021,1-waverly place,2021,9292.5,4646.2,9647.9,0.4816
1-waverly place_2022,1-waverly place,2022,14476.0,7238.0,9647.9,0.7502
1-weehawken street_2022,1-weehawken street,2022,183.3,91.7,733.4,0.125
1-west 10 street_2016,1-west 10 street,2016,79412.2,39706.1,11748.6,3.3796
1-west 10 street_2022,1-west 10 street,2022,30475.4,15237.7,11748.6,1.297
1-west 100 street_2018,1-west 100 street,2018,183204.1,91602.0,10352.6,8.8482
1-west 100 street_2022,1-west 100 street,2022,454.0,227.0,10352.6,0.0219
1-west 101 street_2018,1-west 101 street,2018,9924.0,4962.0,5676.3,0.8742
1-west 101 street_2022,1-west 101 street,2022,400.0,200.0,5676.3,0.0352
1-west 102 street_2018,1-west 102 street,2018,8712.0,4356.0,7389.1,0.5895
1-west 102 street_2022,1-west 102 street,2022,18230.0,9115.0,7389.1,1.2336
1-west 103 street_2022,1-west 103 street,2022,454.0,227.0,6023.8,0.0377
1-west 104 street_2018,1-west 104 street,2018,78580.2,39290.1,7426.4,5.2906
1-west 104 street_2024,1-west 104 street,2024,474.0,237.0,7426.4,0.0319
1-west 105 street_2018,1-west 105 street,2018,59645.3,28372.1,10498.3,2.7025
1-west 105 street_2024,1-west 105 street,2024,440.0,220.0,10498.3,0.021
1-west 106 street_2018,1-west 106 street,2018,132973.3,66486.6,20359.3,3.2657
1-west 106 street_2024,1-west 106 street,2024,694.0,347.0,20359.3,0.017
1-west 106 street_2025,1-west 106 street,2025,113058.0,56529.0,20359.3,2.7766
1-west 107 street_2019,1-west 107 street,2019,88846.2,44423.1,10467.0,4.2441
1-west 108 street_2018,1-west 108 street,2018,77723.4,38861.7,10815.7,3.5931
1-west 109 street_2018,1-west 109 street,2018,30962.4,15481.2,10482.1,1.4769
1-west 109 street_2022,1-west 109 street,2022,11244.0,5622.0,10482.1,0.5363
1-west 11 street_2019,1-west 11 street,2019,23754.7,11877.3,14162.5,0.8386
1-west 111 street_2016,1-west 111 street,2016,92545.5,19825.8,15284.0,1.2972
1-west 111 street_2024,1-west 111 street,2024,53672.0,26836.0,15284.0,1.7558
1-west 111 street_2025,1-west 111 street,2025,24096.0,12048.0,15284.0,0.7883
1-west 112 street_2018,1-west 112 street,2018,58265.9,29133.0,14347.4,2.0305
1-west 112 street_2024,1-west 112 street,2024,146164.0,73082.0,14347.4,5.0937
1-west 113 street_2018,1-west 113 street,2018,37862.6,18931.3,13624.3,1.3895
1-west 113 street_2023,1-west 113 street,2023,57505.0,20877.0,13624.3,1.5323
1-west 114 street_2022,1-west 114 street,2022,50002.0,25001.0,13063.3,1.9138
1-west 114 street_2024,1-west 114 street,2024,211496.0,42625.0,13063.3,3.263
1-west 115 street_2016,1-west 115 street,2016,532034.7,64010.2,11031.7,5.8024
1-west 116 street_2020,1-west 116 street,2020,372526.3,186263.2,36604.9,5.0885
1-west 117 street_2020,1-west 117 street,2020,70520.5,35260.2,10422.3,3.3831
1-west 118 street_2016,1-west 118 street,2016,81729.8,16346.0,14116.7,1.1579
1-west 118 street_2025,1-west 118 street,2025,41022.0,20511.0,14116.7,1.453
1-west 119 street_2016,1-west 119 street,2016,307836.3,43976.6,14888.6,2.9537
1-west 12 street_2017,1-west 12 street,2017,241950.6,26883.4,19285.0,1.394
1-west 120 street_2016,1-west 120 street,2016,161963.6,40490.9,30827.0,1.3135
1-west 120 street_2023,1-west 120 street,2023,86728.0,43364.0,30827.0,1.4067
1-west 121 street_2016,1-west 121 street,2016,156064.2,21195.3,15271.2,1.3879
1-west 122 street_2016,1-west 122 street,2016,123591.4,41197.1,17750.1,2.321
1-west 122 street_2019,1-west 122 street,2019,23274.8,11637.4,17750.1,0.6556
1-west 123 street_2016,1-west 123 street,2016,38479.2,19239.6,19230.9,1.0005
1-west 123 street_2018,1-west 123 street,2018,45484.3,19561.0,19230.9,1.0172
1-west 125 street_2020,1-west 125 street,2020,343396.7,153124.0,41956.8,3.6496
1-west 125 street_2021,1-west 125 street,2021,245431.8,122715.9,41956.8,2.9248
1-west 126 street_2018,1-west 126 street,2018,163455.0,51285.0,17871.9,2.8696
1-west 126 street_2022,1-west 126 street,2022,42536.0,21268.0,17871.9,1.19
1-west 126 street_2025,1-west 126 street,2025,43628.0,21814.0,17871.9,1.2206
1-west 127 street_2018,1-west 127 street,2018,69942.0,34971.0,12941.7,2.7022
1-west 127 street_2022,1-west 127 street,2022,9000.0,4500.0,12941.7,0.3477
1-west 127 street_2025,1-west 127 street,2025,125652.0,62826.0,12941.7,4.8545
1-west 128 street_2025,1-west 128 street,2025,2094.0,1047.0,13228.9,0.0791
1-west 129 street_2018,1-west 129 street,2018,71936.0,35968.0,16021.3,2.245
1-west 129 street_2021,1-west 129 street,2021,2278.1,1139.1,16021.3,0.0711
1-west 13 street_2018,1-west 13 street,2018,104595.6,10459.6,15985.0,0.6543
1-west 130 street_2018,1-west 130 street,2018,33676.9,16838.4,14549.3,1.1573
1-west 131 street_2021,1-west 131 street,2021,124386.7,62193.4,13796.9,4.5078
1-west 132 street_2020,1-west 132 street,2020,80984.3,40492.1,11742.7,3.4483
1-west 133 street_2019,1-west 133 street,2019,269605.8,134802.9,13899.5,9.6984
1-west 134 street_2020,1-west 134 street,2020,195972.7,71922.7,13877.4,5.1827
1-west 135 street_2018,1-west 135 street,2018,272616.7,136308.3,31829.0,4.2825
1-west 135 street_2020,1-west 135 street,2020,86147.8,43073.9,31829.0,1.3533
1-west 135 street_2024,1-west 135 street,2024,85410.0,42705.0,31829.0,1.3417
1-west 136 street_2016,1-west 136 street,2016,140140.1,46713.4,17280.0,2.7033
1-west 136 street_2024,1-west 136 street,2024,31446.0,15723.0,17280.0,0.9099
1-west 137 street_2016,1-west 137 street,2016,12384.2,6192.1,13318.9,0.4649
1-west 137 street_2019,1-west 137 street,2019,42858.3,21429.1,13318.9,1.6089
1-west 138 street_2016,1-west 138 street,2016,48310.0,24155.0,15359.6,1.5726
1-west 138 street_2018,1-west 138 street,2018,2480.0,1240.0,15359.6,0.0807
1-west 138 street_2019,1-west 138 street,2019,100157.1,50078.5,15359.6,3.2604
1-west 139 street_2020,1-west 139 street,2020,23194.9,11597.5,20747.1,0.559
1-west 139 street_2024,1-west 139 street,2024,96068.0,48034.0,20747.1,2.3152
1-west 14 street_2018,1-west 14 street,2018,50687.4,25343.7,33968.1,0.7461
1-west 140 street_2019,1-west 140 street,2019,60696.6,30348.3,13470.4,2.253
1-west 140 street_2020,1-west 140 street,2020,27206.6,13603.3,13470.4,1.0099
1-west 141 street_2017,1-west 141 street,2017,9669.3,4834.7,19232.4,0.2514
1-west 141 street_2019,1-west 141 street,2019,54452.6,27226.3,19232.4,1.4156
1-west 141 street_2021,1-west 141 street,2021,17577.5,8788.7,19232.4,0.457
1-west 141 street_2023,1-west 141 street,2023,4340.0,2170.0,19232.4,0.1128
1-west 142 street_2023,1-west 142 street,2023,99770.0,49885.0,16624.8,3.0006
1-west 142 street_2024,1-west 142 street,2024,19360.0,9680.0,16624.8,0.5823
1-west 143 street_2023,1-west 143 street,2023,159800.0,79900.0,15714.4,5.0845
1-west 144 street_2017,1-west 144 street,2017,17187.0,8593.5,11521.4,0.7459
1-west 144 street_2021,1-west 144 street,2021,169594.1,84797.1,11521.4,7.36
1-west 145 street_2019,1-west 145 street,2019,2787319.5,120162.5,39077.9,3.0749
1-west 145 street_2024,1-west 145 street,2024,13404.0,6702.0,39077.9,0.1715
1-west 145 street_2025,1-west 145 street,2025,7058.0,3529.0,39077.9,0.0903
1-west 146 street_2019,1-west 146 street,2019,51763.1,25881.5,14387.6,1.7989
1-west 147 street_2019,1-west 147 street,2019,56775.5,28387.7,11878.8,2.3898
1-west 148 street_2019,1-west 148 street,2019,63264.4,31632.2,11449.2,2.7628
1-west 149 street_2019,1-west 149 street,2019,20813.9,10406.9,10935.3,0.9517
1-west 149 street_2021,1-west 149 street,2021,14046.7,7023.3,10935.3,0.6423
1-west 15 street_2016,1-west 15 street,2016,164600.5,54866.8,27714.0,1.9798
1-west 15 street_2019,1-west 15 street,2019,23572.6,11786.3,27714.0,0.4253
1-west 15 street_2024,1-west 15 street,2024,55094.0,27547.0,27714.0,0.994
1-west 150 street_2019,1-west 150 street,2019,32091.0,16045.5,13522.9,1.1865
1-west 150 street_2025,1-west 150 street,2025,12278.0,6139.0,13522.9,0.454
1-west 151 street_2016,1-west 151 street,2016,16630.1,2375.7,11778.7,0.2017
1-west 151 street_2017,1-west 151 street,2017,30294.7,15147.3,11778.7,1.286
1-west 151 street_2025,1-west 151 street,2025,28978.0,14489.0,11778.7,1.2301
1-west 152 street_2019,1-west 152 street,2019,71848.4,35924.2,11385.6,3.1552
1-west 152 street_2025,1-west 152 street,2025,4086.0,2043.0,11385.6,0.1794
1-west 153 street_2019,1-west 153 street,2019,29852.7,14926.4,13215.2,1.1295
1-west 153 street_2025,1-west 153 street,2025,4752.0,2376.0,13215.2,0.1798
1-west 154 street_2019,1-west 154 street,2019,3374.4,1687.2,5268.5,0.3202
1-west 154 street_2025,1-west 154 street,2025,6012.0,3006.0,5268.5,0.5706
1-west 155 street_2021,1-west 155 street,2021,51063.8,25531.9,28047.2,0.9103
1-west 155 street_2022,1-west 155 street,2022,39176.0,19588.0,28047.2,0.6984
1-west 155 street_2025,1-west 155 street,2025,7104.0,3552.0,28047.2,0.1266
1-west 156 street_2018,1-west 156 street,2018,72211.8,36105.9,4380.7,8.242
1-west 156 street_2025,1-west 156 street,2025,35894.0,17947.0,4380.7,4.0968
1-west 158 street_2017,1-west 158 street,2017,50694.0,16898.0,10963.1,1.5414
1-west 158 street_2018,1-west 158 street,2018,15272.1,7636.1,10963.1,0.6965
1-west 158 street_2025,1-west 158 street,2025,32984.0,16492.0,10963.1,1.5043
1-west 16 street_2024,1-west 16 street,2024,25524.0,12762.0,17616.9,0.7244
1-west 160 street_2022,1-west 160 street,2022,24378.0,12189.0,9350.4,1.3036
1-west 161 street_2022,1-west 161 street,2022,22400.0,11200.0,7159.7,1.5643
1-west 162 street_2019,1-west 162 street,2019,40207.8,20103.9,9161.7,2.1943
1-west 163 street_2017,1-west 163 street,2017,141151.6,20709.5,9294.8,2.2281
1-west 163 street_2025,1-west 163 street,2025,14070.0,7035.0,9294.8,0.7569
1-west 164 street_2017,1-west 164 street,2017,48484.9,24242.5,5245.1,4.6219
1-west 165 street_2017,1-west 165 street,2017,163007.5,42589.1,11777.2,3.6162
1-west 166 street_2018,1-west 166 street,2018,34018.9,5669.8,5657.4,1.0022
1-west 166 street_2025,1-west 166 street,2025,10996.0,5498.0,5657.4,0.9718
1-west 167 street_2018,1-west 167 street,2018,18749.5,9374.8,5015.4,1.8692
1-west 167 street_2025,1-west 167 street,2025,6556.0,3278.0,5015.4,0.6536
1-west 168 street_2018,1-west 168 street,2018,43662.2,10915.6,8537.4,1.2786
1-west 169 street_2022,1-west 169 street,2022,10418.0,5209.0,6824.1,0.7633
1-west 17 street_2017,1-west 17 street,2017,29661.4,14830.7,17887.6,0.8291
1-west 17 street_2020,1-west 17 street,2020,137210.9,68605.4,17887.6,3.8354
1-west 17 street_2024,1-west 17 street,2024,7130.0,3565.0,17887.6,0.1993
1-west 170 street_2024,1-west 170 street,2024,8832.0,4416.0,8977.2,0.4919
1-west 171 street_2016,1-west 171 street,2016,21590.0,7196.7,7260.1,0.9913
1-west 171 street_2023,1-west 171 street,2023,12938.0,6469.0,7260.1,0.891
1-west 172 street_2016,1-west 172 street,2016,103158.3,7368.4,7585.7,0.9714
1-west 172 street_2022,1-west 172 street,2022,13492.0,6746.0,7585.7,0.8893
1-west 173 street_2016,1-west 173 street,2016,114264.8,12696.1,9985.8,1.2714
1-west 173 street_2024,1-west 173 street,2024,21070.0,10535.0,9985.8,1.055
1-west 174 street_2022,1-west 174 street,2022,14196.0,7098.0,6582.1,1.0784
1-west 175 street_2024,1-west 175 street,2024,15724.0,7862.0,11469.0,0.6855
1-west 176 street_2022,1-west 176 street,2022,6908.0,3454.0,8230.7,0.4196
1-west 176 street_2023,1-west 176 street,2023,35314.0,17657.0,8230.7,2.1453
1-west 177 street_2022,1-west 177 street,2022,37364.0,18682.0,8448.9,2.2112
1-west 178 street_2022,1-west 178 street,2022,23482.0,11741.0,13924.3,0.8432
1-west 18 street_2024,1-west 18 street,2024,6446.0,3223.0,19480.8,0.1654
1-west 180 street_2022,1-west 180 street,2022,16640.0,8320.0,9284.4,0.8961
1-west 181 street_2019,1-west 181 street,2019,77741.4,38870.7,16038.8,2.4235
1-west 182 street_2016,1-west 182 street,2016,24597.2,8199.1,6426.1,1.2759
1-west 182 street_2025,1-west 182 street,2025,1446.0,723.0,6426.1,0.1125
1-west 184 street_2016,1-west 184 street,2016,14858.7,7429.3,7314.8,1.0157
1-west 185 street_2023,1-west 185 street,2023,9958.0,4979.0,8770.9,0.5677
1-west 186 street_2023,1-west 186 street,2023,10236.0,5118.0,8767.8,0.5837
1-west 186 street_2024,1-west 186 street,2024,6900.0,3450.0,8767.8,0.3935
1-west 187 street_2016,1-west 187 street,2016,34145.4,17072.7,15477.9,1.103
1-west 187 street_2023,1-west 187 street,2023,5742.0,2871.0,15477.9,0.1855
1-west 187 street_2024,1-west 187 street,2024,23974.0,11987.0,15477.9,0.7745
1-west 188 street_2024,1-west 188 street,2024,8856.0,4428.0,5101.7,0.8679
1-west 19 street_2022,1-west 19 street,2022,93190.0,46595.0,20142.0,2.3133
1-west 190 street_2016,1-west 190 street,2016,13586.4,6793.2,9636.1,0.705
1-west 190 street_2025,1-west 190 street,2025,12172.0,6086.0,9636.1,0.6316
1-west 191 street_2016,1-west 191 street,2016,5506.7,2753.3,2758.2,0.9982
1-west 192 street_2016,1-west 192 street,2016,6749.3,3374.6,3556.1,0.949
1-west 193 street_2016,1-west 193 street,2016,4984.1,2492.1,2386.5,1.0442
1-west 196 street_2019,1-west 196 street,2019,18899.8,9449.9,1243.0,7.6025
1-west 20 street_2018,1-west 20 street,2018,812802.3,47811.9,21696.7,2.2036
1-west 20 street_2022,1-west 20 street,2022,7086.0,3543.0,21696.7,0.1633
1-west 201 street_2016,1-west 201 street,2016,7110.3,3555.2,2881.3,1.2339
1-west 202 street_2016,1-west 202 street,2016,34336.6,5722.8,2874.2,1.9911
1-west 203 street_2016,1-west 203 street,2016,18337.1,6112.4,3228.3,1.8934
1-west 204 street_2016,1-west 204 street,2016,40865.9,13622.0,12154.1,1.1208
1-west 204 street_2019,1-west 204 street,2019,27596.1,13798.0,12154.1,1.1353
1-west 205 street_2016,1-west 205 street,2016,4832.3,2416.2,2858.7,0.8452
1-west 206 street_2016,1-west 206 street,2016,19218.2,6406.1,3723.6,1.7204
1-west 207 street_2019,1-west 207 street,2019,6684.7,3342.4,15308.3,0.2183
1-west 21 street_2017,1-west 21 street,2017,7474.3,3737.2,21341.6,0.1751
1-west 21 street_2019,1-west 21 street,2019,39887.3,19943.7,21341.6,0.9345
1-west 21 street_2024,1-west 21 street,2024,6730.0,3365.0,21341.6,0.1577
1-west 211 street_2016,1-west 211 street,2016,8145.9,4073.0,2827.0,1.4407
1-west 212 street_2016,1-west 212 street,2016,3996.8,1998.4,2090.4,0.956
1-west 213 street_2016,1-west 213 street,2016,4579.8,1526.6,1547.3,0.9866
1-west 214 street_2016,1-west 214 street,2016,1966.7,983.3,4459.2,0.2205
1-west 215 street_2016,1-west 215 street,2016,26343.4,13171.7,14880.1,0.8852
1-west 216 street_2016,1-west 216 street,2016,15240.0,7620.0,3943.4,1.9323
1-west 218 street_2018,1-west 218 street,2018,130205.5,9459.3,10949.7,0.8639
1-west 219 street_2016,1-west 219 street,2016,7072.0,3536.0,3832.7,0.9226
1-west 22 street_2016,1-west 22 street,2016,327446.3,54574.4,21646.2,2.5212
1-west 22 street_2017,1-west 22 street,2017,15261.1,7630.6,21646.2,0.3525
1-west 220 street_2016,1-west 220 street,2016,6014.2,3007.1,2630.7,1.1431
1-west 23 street_2020,1-west 23 street,2020,49380.6,24690.3,39561.6,0.6241
1-west 24 street_2016,1-west 24 street,2016,424414.4,54956.9,24826.0,2.2137
1-west 24 street_2020,1-west 24 street,2020,18816.7,9408.4,24826.0,0.379
1-west 24 street_2022,1-west 24 street,2022,80238.0,40119.0,24826.0,1.616
1-west 25 street_2016,1-west 25 street,2016,44650.0,22325.0,19848.1,1.1248
1-west 25 street_2020,1-west 25 street,2020,168404.1,84202.0,19848.1,4.2423
1-west 26 street_2017,1-west 26 street,2017,835233.2,208808.3,23308.9,8.9583
1-west 26 street_2018,1-west 26 street,2018,13278.9,3319.7,23308.9,0.1424
1-west 26 street_2019,1-west 26 street,2019,9602.7,4801.3,23308.9,0.206
1-west 27 street_2016,1-west 27 street,2016,61312.0,19672.0,20096.8,0.9789
1-west 27 street_2018,1-west 27 street,2018,83866.8,16773.4,20096.8,0.8346
1-west 27 street_2022,1-west 27 street,2022,9836.0,4918.0,20096.8,0.2447
1-west 28 street_2020,1-west 28 street,2020,72090.0,36045.0,23387.1,1.5412
1-west 28 street_2022,1-west 28 street,2022,14760.0,7380.0,23387.1,0.3156
1-west 29 street_2016,1-west 29 street,2016,88095.7,12585.1,27092.4,0.4645
1-west 29 street_2020,1-west 29 street,2020,46452.3,23226.1,27092.4,0.8573
1-west 29 street_2022,1-west 29 street,2022,16454.0,8227.0,27092.4,0.3037
1-west 3 street_2021,1-west 3 street,2021,46020.5,16584.6,7151.2,2.3191
1-west 30 street_2017,1-west 30 street,2017,51171.4,12792.8,30271.7,0.4226
1-west 30 street_2018,1-west 30 street,2018,5817.8,2908.9,30271.7,0.0961
1-west 31 street_2020,1-west 31 street,2020,26580.4,13290.2,20225.1,0.6571
1-west 32 street_2019,1-west 32 street,2019,69956.5,2008.4,6831.4,0.294
1-west 33 street_2019,1-west 33 street,2019,28944.0,14472.0,26961.5,0.5368
1-west 34 street_2023,1-west 34 street,2023,40742.0,20371.0,55576.3,0.3665
1-west 35 street_2017,1-west 35 street,2017,285715.7,75645.9,28945.2,2.6134
1-west 36 street_2021,1-west 36 street,2021,142592.3,71296.2,23533.5,3.0296
1-west 36 street_2023,1-west 36 street,2023,45789.0,13297.0,23533.5,0.565
1-west 37 street_2016,1-west 37 street,2016,19900.0,7080.0,21455.7,0.33
1-west 37 street_2017,1-west 37 street,2017,50510.7,12627.7,21455.7,0.5885
1-west 37 street_2018,1-west 37 street,2018,24336.0,8112.0,21455.7,0.3781
1-west 37 street_2021,1-west 37 street,2021,59866.6,29933.3,21455.7,1.3951
1-west 37 street_2022,1-west 37 street,2022,18958.2,9479.1,21455.7,0.4418
1-west 38 street_2018,1-west 38 street,2018,115032.2,17720.0,23106.5,0.7669
1-west 38 street_2023,1-west 38 street,2023,46426.0,13195.0,23106.5,0.5711
1-west 39 street_2017,1-west 39 street,2017,29452.9,14726.5,24635.4,0.5978
1-west 39 street_2018,1-west 39 street,2018,124881.0,17840.1,24635.4,0.7242
1-west 4 street_2018,1-west 4 street,2018,7305.7,3652.9,11656.6,0.3134
1-west 4 street_2021,1-west 4 street,2021,41458.7,20729.3,11656.6,1.7783
1-west 40 street_2018,1-west 40 street,2018,216957.8,55099.6,24149.2,2.2816
1-west 40 street_2021,1-west 40 street,2021,27495.6,13747.8,24149.2,0.5693
1-west 40 street_2023,1-west 40 street,2023,21140.0,5779.0,24149.2,0.2393
1-west 41 street_2017,1-west 41 street,2017,79461.5,22375.5,21271.8,1.0519
1-west 41 street_2021,1-west 41 street,2021,11544.8,5772.4,21271.8,0.2714
1-west 42 street_2016,1-west 42 street,2016,469585.4,116909.1,40078.6,2.917
1-west 42 street_2022,1-west 42 street,2022,100596.0,37278.0,40078.6,0.9301
1-west 43 street_2017,1-west 43 street,2017,595449.7,54131.8,22634.8,2.3915
1-west 43 street_2021,1-west 43 street,2021,28612.7,14306.3,22634.8,0.632
1-west 44 street_2017,1-west 44 street,2017,237081.5,33401.4,22040.8,1.5154
1-west 44 street_2018,1-west 44 street,2018,122795.9,30699.0,22040.8,1.3928
1-west 44 street_2023,1-west 44 street,2023,74861.0,17340.0,22040.8,0.7867
1-west 45 street_2022,1-west 45 street,2022,35120.0,17560.0,24646.0,0.7125
1-west 46 street_2022,1-west 46 street,2022,34172.0,17086.0,25335.8,0.6744
1-west 47 street_2019,1-west 47 street,2019,63297.7,31648.8,23710.7,1.3348
1-west 48 street_2022,1-west 48 street,2022,33226.0,16613.0,21051.8,0.7891
1-west 49 street_2016,1-west 49 street,2016,20505.0,5126.2,21891.5,0.2342
1-west 49 street_2017,1-west 49 street,2017,72137.8,24045.9,21891.5,1.0984
1-west 49 street_2023,1-west 49 street,2023,82390.0,23662.0,21891.5,1.0809
1-west 50 street_2021,1-west 50 street,2021,18972.6,9486.3,20568.9,0.4612
1-west 50 street_2023,1-west 50 street,2023,116796.0,23252.0,20568.9,1.1304
1-west 51 street_2017,1-west 51 street,2017,80636.7,26878.9,21826.8,1.2315
1-west 51 street_2023,1-west 51 street,2023,56754.0,19838.0,21826.8,0.9089
1-west 52 street_2018,1-west 52 street,2018,318789.2,16778.4,26750.5,0.6272
1-west 52 street_2020,1-west 52 street,2020,65886.0,32943.0,26750.5,1.2315
1-west 53 street_2017,1-west 53 street,2017,556125.9,37916.4,24324.6,1.5588
1-west 53 street_2019,1-west 53 street,2019,46660.9,23330.4,24324.6,0.9591
1-west 54 street_2019,1-west 54 street,2019,52100.0,26050.0,28894.8,0.9015
1-west 54 street_2020,1-west 54 street,2020,73279.6,36639.8,28894.8,1.268
1-west 55 street_2018,1-west 55 street,2018,106850.8,21370.2,24263.5,0.8808
1-west 55 street_2020,1-west 55 street,2020,116993.7,58496.8,24263.5,2.4109
1-west 56 street_2018,1-west 56 street,2018,445858.7,24769.9,24110.1,1.0274
1-west 56 street_2022,1-west 56 street,2022,45778.0,22889.0,24110.1,0.9494
1-west 57 street_2018,1-west 57 street,2018,752303.1,133853.5,51464.4,2.6009
1-west 57 street_2024,1-west 57 street,2024,141074.0,70537.0,51464.4,1.3706
1-west 58 street_2017,1-west 58 street,2017,114795.0,37158.8,23423.2,1.5864
1-west 58 street_2022,1-west 58 street,2022,27434.0,13717.0,23423.2,0.5856
1-west 59 street_2017,1-west 59 street,2017,836769.8,160022.6,13402.3,11.9399
1-west 59 street_2024,1-west 59 street,2024,31222.0,15611.0,13402.3,1.1648
1-west 60 street_2023,1-west 60 street,2023,38364.0,16668.0,13166.1,1.266
1-west 61 street_2017,1-west 61 street,2017,36566.0,18283.0,7299.6,2.5047
1-west 61 street_2023,1-west 61 street,2023,10718.0,5359.0,7299.6,0.7341
1-west 62 street_2016,1-west 62 street,2016,17672.3,8836.1,10998.2,0.8034
1-west 62 street_2018,1-west 62 street,2018,11970.2,5985.1,10998.2,0.5442
1-west 62 street_2023,1-west 62 street,2023,11156.0,5578.0,10998.2,0.5072
1-west 63 street_2017,1-west 63 street,2017,51007.5,25503.7,6313.2,4.0397
1-west 63 street_2023,1-west 63 street,2023,11408.0,5704.0,6313.2,0.9035
1-west 64 street_2017,1-west 64 street,2017,65770.9,32885.4,4661.1,7.0553
1-west 64 street_2023,1-west 64 street,2023,10076.0,5038.0,4661.1,1.0809
1-west 65 street_2021,1-west 65 street,2021,53733.3,26866.6,8989.0,2.9888
1-west 65 street_2023,1-west 65 street,2023,560.0,280.0,8989.0,0.0311
1-west 66 street_2021,1-west 66 street,2021,49735.7,24867.9,15142.2,1.6423
1-west 66 street_2023,1-west 66 street,2023,778.0,389.0,15142.2,0.0257
1-west 67 street_2016,1-west 67 street,2016,12054.6,6027.3,6196.5,0.9727
1-west 68 street_2021,1-west 68 street,2021,29900.5,14950.2,6070.1,2.4629
1-west 69 street_2021,1-west 69 street,2021,30310.5,15155.2,9628.6,1.574
1-west 70 street_2018,1-west 70 street,2018,222370.4,28025.2,14403.3,1.9457
1-west 70 street_2023,1-west 70 street,2023,390.0,195.0,14403.3,0.0135
1-west 71 street_2018,1-west 71 street,2018,121086.3,30271.6,11598.2,2.61
1-west 71 street_2023,1-west 71 street,2023,400.0,200.0,11598.2,0.0172
1-west 72 street_2018,1-west 72 street,2018,732522.7,73252.3,19004.6,3.8545
1-west 72 street_2023,1-west 72 street,2023,854.0,427.0,19004.6,0.0225
1-west 72 street_2025,1-west 72 street,2025,53740.0,26870.0,19004.6,1.4139
1-west 73 street_2021,1-west 73 street,2021,42790.8,21395.4,11312.3,1.8913
1-west 73 street_2024,1-west 73 street,2024,400.0,200.0,11312.3,0.0177
1-west 74 street_2021,1-west 74 street,2021,48843.2,24421.6,10519.1,2.3216
1-west 74 street_2024,1-west 74 street,2024,414.0,207.0,10519.1,0.0197
1-west 75 street_2021,1-west 75 street,2021,38563.2,19281.6,10697.2,1.8025
1-west 75 street_2024,1-west 75 street,2024,406.0,203.0,10697.2,0.019
1-west 76 street_2024,1-west 76 street,2024,420.0,210.0,10857.2,0.0193
1-west 77 street_2018,1-west 77 street,2018,259411.5,59003.8,18558.3,3.1794
1-west 77 street_2024,1-west 77 street,2024,428.0,214.0,18558.3,0.0115
1-west 78 street_2023,1-west 78 street,2023,22276.0,11138.0,7606.5,1.4643
1-west 78 street_2024,1-west 78 street,2024,474.0,237.0,7606.5,0.0312
1-west 79 street_2023,1-west 79 street,2023,64550.0,23614.0,19182.0,1.231
1-west 79 street_2024,1-west 79 street,2024,854.0,427.0,19182.0,0.0223
1-west 8 street_2016,1-west 8 street,2016,175252.0,43813.0,4516.3,9.7011
1-west 8 street_2023,1-west 8 street,2023,7600.0,3800.0,4516.3,0.8414
1-west 80 street_2020,1-west 80 street,2020,47531.9,23766.0,13304.9,1.7863
1-west 81 street_2020,1-west 81 street,2020,189390.7,21642.6,12759.8,1.6962
1-west 82 street_2021,1-west 82 street,2021,39080.0,19540.0,10451.6,1.8696
1-west 84 street_2017,1-west 84 street,2017,58937.4,29468.7,10295.6,2.8623
1-west 85 street_2018,1-west 85 street,2018,42520.0,14173.3,11523.8,1.2299
1-west 86 street_2020,1-west 86 street,2020,192577.0,96288.5,23250.4,4.1414
1-west 87 street_2020,1-west 87 street,2020,40258.9,20129.5,11523.0,1.7469
1-west 88 street_2018,1-west 88 street,2018,20532.0,10266.0,11519.1,0.8912
1-west 88 street_2019,1-west 88 street,2019,64906.5,32453.3,11519.1,2.8173
1-west 89 street_2020,1-west 89 street,2020,6451.6,3225.8,9685.7,0.333
1-west 9 street_2021,1-west 9 street,2021,180840.0,90420.0,157.4,574.46
1-west 91 street_2019,1-west 91 street,2019,251493.7,125746.9,6706.1,18.7511
1-west 91 street_2022,1-west 91 street,2022,440.0,220.0,6706.1,0.0328
1-west 92 street_2022,1-west 92 street,2022,454.0,227.0,9852.0,0.023
1-west 93 street_2019,1-west 93 street,2019,94618.0,47309.0,8336.0,5.6753
1-west 93 street_2022,1-west 93 street,2022,426.0,213.0,8336.0,0.0256
1-west 94 street_2022,1-west 94 street,2022,70348.0,35174.0,6767.3,5.1976
1-west 95 street_2016,1-west 95 street,2016,54016.3,27008.1,9886.2,2.7319
1-west 95 street_2022,1-west 95 street,2022,414.0,207.0,9886.2,0.0209
1-west 96 street_2017,1-west 96 street,2017,178385.8,29731.0,21589.9,1.3771
1-west 96 street_2022,1-west 96 street,2022,800.0,400.0,21589.9,0.0185
1-west 97 street_2016,1-west 97 street,2016,132114.7,26422.9,14554.0,1.8155
1-west 97 street_2022,1-west 97 street,2022,63604.0,31802.0,14554.0,2.1851
1-west 98 street_2022,1-west 98 street,2022,14686.2,7343.1,4372.2,1.6795
1-west 99 street_2022,1-west 99 street,2022,20930.0,10465.0,5846.8,1.7899
1-west broadway_2020,1-west broadway,2020,69207.8,34603.9,28940.9,1.1957
1-west broadway_2021,1-west broadway,2021,75221.3,37610.6,28940.9,1.2996
1-west drive_2017,1-west drive,2017,14592201.4,1042300.1,56737.0,18.3707
1-west drive_2019,1-west drive,2019,47226.8,23613.4,56737.0,0.4162
1-west drive_2020,1-west drive,2020,37706.5,18853.2,56737.0,0.3323
1-west drive_2025,1-west drive,2025,948364.0,220361.0,56737.0,3.8839
1-west end avenue_2017,1-west end avenue,2017,280404.1,72754.0,82186.9,0.8852
1-west end avenue_2020,1-west end avenue,2020,45962.2,22981.1,82186.9,0.2796
1-west end avenue_2022,1-west end avenue,2022,81028.0,40514.0,82186.9,0.4929
1-west end avenue_2023,1-west end avenue,2023,2294612.0,66254.0,82186.9,0.8061
1-west end avenue_2024,1-west end avenue,2024,50624.0,25312.0,82186.9,0.308
1-west houston street_2017,1-west houston street,2017,1650.0,550.0,27072.0,0.0203
1-west houston street_2019,1-west houston street,2019,103229.9,51615.0,27072.0,1.9066
1-west houston street_2024,1-west houston street,2024,41066.0,20533.0,27072.0,0.7585
1-west thames street_2020,1-west thames street,2020,37806.6,18903.3,6667.4,2.8352
1-white street_2018,1-white street,2018,14795.0,7397.5,5712.4,1.295
1-william street_2016,1-william street,2016,19996.5,9998.3,5475.6,1.826
1-york avenue_2018,1-york avenue,2018,10803.9,5401.9,58809.1,0.0919
1-york avenue_2024,1-york avenue,2024,20778.0,10389.0,58809.1,0.1767
1-york avenue_2025,1-york avenue,2025,65358.0,32679.0,58809.1,0.5557
2-226 drive_2023,2-226 drive,2023,1074.0,537.0,4059.6,0.1323
2-3 avenue_2016,2-3 avenue,2016,2119308.0,176609.0,155145.8,1.1383
2-3 avenue_2017,2-3 avenue,2017,1417387.5,230336.7,155145.8,1.4846
2-3 avenue_2018,2-3 avenue,2018,545239.0,109047.8,155145.8,0.7029
2-3 avenue_2019,2-3 avenue,2019,995709.7,99571.0,155145.8,0.6418
2-3 avenue_2024,2-3 avenue,2024,14076.0,7038.0,155145.8,0.0454
2-3 avenue bridge_2024,2-3 avenue bridge,2024,3232.0,1616.0,3072.9,0.5259
2-adams place_2021,2-adams place,2021,3465.0,1732.5,2214.0,0.7825
2-adams place_2023,2-adams place,2023,306.0,153.0,2214.0,0.0691
2-adee avenue_2021,2-adee avenue,2021,183155.4,61914.7,41948.9,1.476
2-adee avenue_2023,2-adee avenue,2023,378.0,189.0,41948.9,0.0045
2-adee avenue_2024,2-adee avenue,2024,808.0,404.0,41948.9,0.0096
2-adler place_2022,2-adler place,2022,786.0,393.0,4018.6,0.0978
2-adler place_2023,2-adler place,2023,11236.0,5618.0,4018.6,1.398
2-adrian avenue_2016,2-adrian avenue,2016,26173.4,8724.5,,
2-agar place_2018,2-agar place,2018,4253.3,2126.7,3392.1,0.627
2-albany crescent_2018,2-albany crescent,2018,27273.4,13636.7,5502.0,2.4785
2-albany crescent_2022,2-albany crescent,2022,692.0,346.0,5502.0,0.0629
2-albany crescent_2025,2-albany crescent,2025,17236.0,8618.0,5502.0,1.5663
2-alcott place_2022,2-alcott place,2022,16258.0,8129.0,3977.6,2.0437
2-aldrich street_2022,2-aldrich street,2022,774.0,387.0,2541.7,0.1523
2-aldrich street_2023,2-aldrich street,2023,9280.0,4640.0,2541.7,1.8255
2-aldus street_2025,2-aldus street,2025,5520.0,2760.0,4330.3,0.6374
2-alexander avenue_2020,2-alexander avenue,2020,71940.4,8992.6,16311.3,0.5513
2-allerton avenue_2016,2-allerton avenue,2016,498236.8,54549.8,61990.6,0.88
2-allerton avenue_2018,2-allerton avenue,2018,113716.7,22743.3,61990.6,0.3669
2-allerton avenue_2021,2-allerton avenue,2021,2016.0,336.0,61990.6,0.0054
2-amethyst street_2024,2-amethyst street,2024,576.0,288.0,3946.8,0.073
2-amundson avenue_2016,2-amundson avenue,2016,53626.0,8937.7,8629.0,1.0358
2-amundson avenue_2024,2-amundson avenue,2024,19256.0,9628.0,8629.0,1.1158
2-anderson avenue_2016,2-anderson avenue,2016,149059.5,24345.4,10428.8,2.3344
2-anderson avenue_2024,2-anderson avenue,2024,278.0,139.0,10428.8,0.0133
2-andrews avenue_2017,2-andrews avenue,2017,294875.8,49146.0,,
2-andrews avenue_2022,2-andrews avenue,2022,200.0,100.0,,
2-andrews avenue_2023,2-andrews avenue,2023,5368.0,2684.0,,
2-andrews avenue_2024,2-andrews avenue,2024,14020.0,7010.0,,
2-anthony avenue_2016,2-anthony avenue,2016,11491.6,3830.5,15255.9,0.2511
2-anthony avenue_2018,2-anthony avenue,2018,9696.7,3232.2,15255.9,0.2119
2-anthony avenue_2024,2-anthony avenue,2024,460.0,230.0,15255.9,0.0151
2-antin place_2022,2-antin place,2022,1888.0,944.0,3284.2,0.2874
2-aqueduct avenue_2022,2-aqueduct avenue,2022,11458.0,5729.0,,
2-aqueduct avenue_2024,2-aqueduct avenue,2024,264.0,132.0,,
2-archer street_2022,2-archer street,2022,256.0,128.0,4268.8,0.03
2-arlington avenue_2021,2-arlington avenue,2021,41481.2,20740.6,20010.0,1.0365
2-arlington avenue_2023,2-arlington avenue,2023,156.0,78.0,20010.0,0.0039
2-arnow avenue_2018,2-arnow avenue,2018,51193.9,17064.6,44410.6,0.3842
2-arnow avenue_2021,2-arnow avenue,2021,1008.0,168.0,44410.6,0.0038
2-arnow avenue_2022,2-arnow avenue,2022,17528.0,8764.0,44410.6,0.1973
2-arnow avenue_2023,2-arnow avenue,2023,18666.0,9333.0,44410.6,0.2102
2-arnow avenue_2024,2-arnow avenue,2024,778.0,389.0,44410.6,0.0088
2-arnow place_2022,2-arnow place,2022,744.0,372.0,2497.2,0.149
2-arnow place_2024,2-arnow place,2024,4980.0,2490.0,2497.2,0.9971
2-arthur avenue_2016,2-arthur avenue,2016,134420.1,44806.7,26462.9,1.6932
2-arthur avenue_2022,2-arthur avenue,2022,25210.0,12605.0,26462.9,0.4763
2-arthur avenue_2023,2-arthur avenue,2023,3036.0,1518.0,26462.9,0.0574
2-asch loop_2022,2-asch loop,2022,67850.0,33925.0,18919.1,1.7932
2-asch loop_2023,2-asch loop,2023,2572.0,1286.0,18919.1,0.068
2-astor avenue_2020,2-astor avenue,2020,164171.0,18241.2,47439.0,0.3845
2-astor avenue_2021,2-astor avenue,2021,971067.8,84337.3,47439.0,1.7778
2-astor avenue_2024,2-astor avenue,2024,534.0,267.0,47439.0,0.0056
2-austin place_2018,2-austin place,2018,7193.3,3596.7,7252.0,0.496
2-azalea way_2022,2-azalea way,2022,2508.0,1254.0,21121.8,0.0594
2-b street_2025,2-b street,2025,1540.0,770.0,997.0,0.7723
2-bailey avenue_2025,2-bailey avenue,2025,153764.0,76882.0,62131.6,1.2374
2-bainbridge avenue_2018,2-bainbridge avenue,2018,305241.8,20349.4,43765.3,0.465
2-bainbridge avenue_2019,2-bainbridge avenue,2019,412754.1,51594.3,43765.3,1.1789
2-bainbridge avenue_2022,2-bainbridge avenue,2022,3198.0,1599.0,43765.3,0.0365
2-bainbridge avenue_2025,2-bainbridge avenue,2025,316.0,158.0,43765.3,0.0036
2-baisley avenue_2025,2-baisley avenue,2025,11546.0,5773.0,7794.2,0.7407
2-balcom avenue_2020,2-balcom avenue,2020,698970.6,87345.9,37838.0,2.3084
2-balcom avenue_2024,2-balcom avenue,2024,1750.0,875.0,37838.0,0.0231
2-balcom avenue_2025,2-balcom avenue,2025,56900.0,28450.0,37838.0,0.7519
2-banyer place_2024,2-banyer place,2024,1770.0,885.0,1073.3,0.8246
2-banyer place_2025,2-banyer place,2025,938.0,469.0,1073.3,0.437
2-barker avenue_2023,2-barker avenue,2023,18298.0,9149.0,23495.9,0.3894
2-barkley avenue_2020,2-barkley avenue,2020,14127.8,4709.2,16611.0,0.2835
2-barkley avenue_2021,2-barkley avenue,2021,25010.0,6252.5,16611.0,0.3764
2-barnes avenue_2017,2-barnes avenue,2017,254890.4,63722.6,76099.5,0.8374
2-barnes avenue_2021,2-barnes avenue,2021,4518.5,2259.2,76099.5,0.0297
2-barnes avenue_2022,2-barnes avenue,2022,688.0,344.0,76099.5,0.0045
2-barnes avenue_2023,2-barnes avenue,2023,38287.0,18708.0,76099.5,0.2458
2-barnes avenue_2024,2-barnes avenue,2024,13888.0,6944.0,76099.5,0.0912
2-barnes avenue_2025,2-barnes avenue,2025,18458.0,9229.0,76099.5,0.1213
2-barrett avenue_2023,2-barrett avenue,2023,388.0,194.0,4040.2,0.048
2-barretto street_2017,2-barretto street,2017,32589.7,16294.9,17744.8,0.9183
2-barretto street_2018,2-barretto street,2018,7165.7,3582.8,17744.8,0.2019
2-barretto street_2021,2-barretto street,2021,103596.9,14799.6,17744.8,0.834
2-barretto street_2023,2-barretto street,2023,536.0,268.0,17744.8,0.0151
2-barretto street_2024,2-barretto street,2024,544.0,272.0,17744.8,0.0153
2-barry street_2023,2-barry street,2023,43898.0,21949.0,12280.4,1.7873
2-bartholdi street_2016,2-bartholdi street,2016,28378.2,7094.6,5369.4,1.3213
2-bartholdi street_2022,2-bartholdi street,2022,440.0,220.0,5369.4,0.041
2-bartow avenue_2016,2-bartow avenue,2016,3570128.7,418482.5,29690.1,14.095
2-bassford avenue_2019,2-bassford avenue,2019,35357.8,8839.5,4376.7,2.0197
2-bassford avenue_2025,2-bassford avenue,2025,226.0,113.0,4376.7,0.0258
2-bathgate avenue_2016,2-bathgate avenue,2016,18905.2,6301.7,31232.2,0.2018
2-bathgate avenue_2018,2-bathgate avenue,2018,50606.8,10121.4,31232.2,0.3241
2-bathgate avenue_2021,2-bathgate avenue,2021,1287.9,643.9,31232.2,0.0206
2-bathgate avenue_2024,2-bathgate avenue,2024,34672.0,17336.0,31232.2,0.5551
2-bay street_2024,2-bay street,2024,8656.0,4328.0,4247.2,1.019
2-bay view avenue_2024,2-bay view avenue,2024,264.0,132.0,5094.3,0.0259
2-bay view avenue_2025,2-bay view avenue,2025,9704.0,4852.0,5094.3,0.9524
2-baychester avenue_2017,2-baychester avenue,2017,5642674.6,861219.0,105530.1,8.1609
2-beach avenue_2022,2-beach avenue,2022,23396.0,10308.0,30372.7,0.3394
2-beach avenue_2025,2-beach avenue,2025,296.0,148.0,30372.7,0.0049
2-beach street_2024,2-beach street,2024,3452.0,1726.0,1693.2,1.0194
2-beaumont avenue_2017,2-beaumont avenue,2017,69379.9,23126.6,5511.2,4.1963
2-beck street_2024,2-beck street,2024,38442.0,19221.0,8538.4,2.2511
2-beck street_2025,2-beck street,2025,234.0,117.0,8538.4,0.0137
2-bedford park boulevard_2019,2-bedford park boulevard,2019,163186.4,40796.6,21774.0,1.8736
2-beech terrace_2022,2-beech terrace,2022,3768.0,1884.0,989.8,1.9034
2-beekman avenue_2022,2-beekman avenue,2022,3014.0,1507.0,2513.2,0.5996
2-bell avenue_2024,2-bell avenue,2024,7866.0,3933.0,3366.4,1.1683
2-bellamy loop_2022,2-bellamy loop,2022,12228.0,6114.0,8027.9,0.7616
2-bellamy loop_2023,2-bellamy loop,2023,10456.0,5228.0,8027.9,0.6512
2-belmont avenue_2018,2-belmont avenue,2018,59723.2,14930.8,20695.6,0.7214
2-belmont avenue_2021,2-belmont avenue,2021,75303.1,25901.7,20695.6,1.2516
2-belmont avenue_2023,2-belmont avenue,2023,7620.0,1270.0,20695.6,0.0614
2-benchley place_2022,2-benchley place,2022,16108.0,8054.0,2129.1,3.7828
2-bend_2021,2-bend,2021,672.0,336.0,,
2-bend_2022,2-bend,2022,12166.0,6083.0,,
2-bend_2023,2-bend,2023,25560.0,12780.0,,
2-bend_2024,2-bend,2024,20022.0,10011.0,,
2-bend_2025,2-bend,2025,10074.0,5037.0,,
2-benedict avenue_2022,2-benedict avenue,2022,16558.0,8279.0,6013.7,1.3767
2-bergen avenue_2017,2-bergen avenue,2017,24586.1,8195.4,6750.9,1.214
2-bergen avenue_2022,2-bergen avenue,2022,7564.0,3782.0,6750.9,0.5602
2-bergen avenue_2023,2-bergen avenue,2023,374.0,187.0,6750.9,0.0277
2-billingsley terrace_2025,2-billingsley terrace,2025,22640.0,11320.0,1184.2,9.5592
2-bivona street_2016,2-bivona street,2016,181050.0,60350.0,4044.8,14.9204
2-blackrock avenue_2022,2-blackrock avenue,2022,20108.0,10054.0,12862.1,0.7817
2-blackstone avenue_2016,2-blackstone avenue,2016,18014.0,6004.6,5627.7,1.067
2-blackstone place_2023,2-blackstone place,2023,348.0,174.0,224.2,0.7761
2-body of water_2023,2-body of water,2023,1012.0,506.0,,
2-bogart avenue_2016,2-bogart avenue,2016,18053.3,9026.6,18312.1,0.4929
2-bogart avenue_2020,2-bogart avenue,2020,37238.2,7447.6,18312.1,0.4067
2-boller avenue_2022,2-boller avenue,2022,14278.0,7139.0,10972.5,0.6506
2-boller avenue_2024,2-boller avenue,2024,638.0,319.0,10972.5,0.0291
2-bolton avenue_2016,2-bolton avenue,2016,23988.3,7996.1,25695.8,0.3112
2-bolton avenue_2023,2-bolton avenue,2023,15477.0,5159.0,25695.8,0.2008
2-bolton avenue_2024,2-bolton avenue,2024,466.0,233.0,25695.8,0.0091
2-bolton avenue_2025,2-bolton avenue,2025,514.0,257.0,25695.8,0.01
2-bonner place_2018,2-bonner place,2018,1825.7,912.9,676.4,1.3496
2-boone avenue_2020,2-boone avenue,2020,4426.7,2213.3,10465.1,0.2115
2-borough boundary_2022,2-borough boundary,2022,60.0,30.0,,
2-boscobel place_2016,2-boscobel place,2016,3674.4,1837.2,984.9,1.8654
2-boscobel place_2023,2-boscobel place,2023,164.0,82.0,984.9,0.0833
2-boston road_2018,2-boston road,2018,193281.9,19328.2,227415.1,0.085
2-boston road_2019,2-boston road,2019,623348.2,103024.6,227415.1,0.453
2-boston road_2021,2-boston road,2021,1468018.2,66728.1,227415.1,0.2934
2-boston road_2022,2-boston road,2022,106018.0,53009.0,227415.1,0.2331
2-boston road_2023,2-boston road,2023,4742.0,2371.0,227415.1,0.0104
2-boston road_2024,2-boston road,2024,28344.0,14172.0,227415.1,0.0623
2-bouck avenue_2021,2-bouck avenue,2021,42364.0,8472.8,23477.9,0.3609
2-bouck avenue_2022,2-bouck avenue,2022,332.0,166.0,23477.9,0.0071
2-bouck avenue_2023,2-bouck avenue,2023,694.0,347.0,23477.9,0.0148
2-bouck avenue_2024,2-bouck avenue,2024,352.0,176.0,23477.9,0.0075
2-bowne street_2024,2-bowne street,2024,4588.0,2294.0,3116.4,0.7361
2-boyd avenue_2023,2-boyd avenue,2023,21868.0,7511.0,7808.4,0.9619
2-boynton avenue_2017,2-boynton avenue,2017,7453.3,2484.4,20028.4,0.124
2-boynton avenue_2024,2-boynton avenue,2024,90482.0,45241.0,20028.4,2.2588
2-bradford avenue_2019,2-bradford avenue,2019,5449.3,1816.4,5089.6,0.3569
2-bradford avenue_2024,2-bradford avenue,2024,6480.0,3240.0,5089.6,0.6366
2-brady avenue_2022,2-brady avenue,2022,19542.0,9771.0,8637.7,1.1312
2-brady avenue_2025,2-brady avenue,2025,288.0,144.0,8637.7,0.0167
2-briggs avenue_2017,2-briggs avenue,2017,46186.7,11546.7,15895.3,0.7264
2-briggs avenue_2025,2-briggs avenue,2025,538.0,269.0,15895.3,0.0169
2-brinsmade avenue_2022,2-brinsmade avenue,2022,980.0,490.0,11553.0,0.0424
2-brinsmade avenue_2025,2-brinsmade avenue,2025,9450.0,4725.0,11553.0,0.409
2-britton street_2016,2-britton street,2016,6395.5,3197.7,3086.4,1.0361
2-britton street_2024,2-britton street,2024,622.0,311.0,3086.4,0.1008
2-broadway_2017,2-broadway,2017,108602.0,10010.8,87992.1,0.1138
2-broadway_2018,2-broadway,2018,2810097.2,222964.4,87992.1,2.5339
2-broadway_2022,2-broadway,2022,94164.0,47082.0,87992.1,0.5351
2-bronx boulevard_2018,2-bronx boulevard,2018,31839.4,5306.6,61039.4,0.0869
2-bronx boulevard_2019,2-bronx boulevard,2019,72803.3,8089.3,61039.4,0.1325
2-bronx boulevard_2020,2-bronx boulevard,2020,355047.0,111532.6,61039.4,1.8272
2-bronx boulevard_2023,2-bronx boulevard,2023,85760.0,22309.0,61039.4,0.3655
2-bronx boulevard_2024,2-bronx boulevard,2024,24626.0,12313.0,61039.4,0.2017
2-bronx park avenue_2019,2-bronx park avenue,2019,55094.0,11018.8,4425.0,2.4901
2-bronx park avenue_2023,2-bronx park avenue,2023,970.0,485.0,4425.0,0.1096
2-bronx park avenue_2024,2-bronx park avenue,2024,6850.0,3425.0,4425.0,0.774
2-bronx park east_2016,2-bronx park east,2016,8504830.4,500284.1,47618.3,10.5061
2-bronx park east_2022,2-bronx park east,2022,5904.0,2952.0,47618.3,0.062
2-bronx park east_2024,2-bronx park east,2024,112088.0,56044.0,47618.3,1.1769
2-bronx park south_2023,2-bronx park south,2023,22755.0,10016.0,10100.8,0.9916
2-bronx river avenue_2016,2-bronx river avenue,2016,219802.0,73267.3,47208.9,1.552
2-bronx river avenue_2017,2-bronx river avenue,2017,2680456.2,121838.9,47208.9,2.5808
2-bronx river avenue_2018,2-bronx river avenue,2018,14459.7,4819.9,47208.9,0.1021
2-bronx river parkway et 7 east sb_2022,2-bronx river parkway et 7 east sb,2022,1390.0,695.0,,
2-bronx river parkway et 8 east nb_2023,2-bronx river parkway et 8 east nb,2023,400.0,200.0,525.8,0.3804
2-bronx river parkway et 8 west east sb_2023,2-bronx river parkway et 8 west east sb,2023,228.0,114.0,1349.9,0.0845
2-bronx river parkway exit 5 sb_2023,2-bronx river parkway exit 5 sb,2023,248.0,124.0,751.9,0.1649
2-bronx river parkway exit 6 sb_2019,2-bronx river parkway exit 6 sb,2019,43899.9,8780.0,712.9,12.3159
2-bronx river parkway sb en boston road_2019,2-bronx river parkway sb en boston road,2019,74249.8,14850.0,582.6,25.4892
2-bronx zoo path_2023,2-bronx zoo path,2023,410.0,205.0,7705.9,0.0266
2-bronxdale avenue_2022,2-bronxdale avenue,2022,154428.0,77214.0,29581.1,2.6102
2-bronxwood avenue_2016,2-bronxwood avenue,2016,2337454.1,73045.4,83660.7,0.8731
2-bronxwood avenue_2022,2-bronxwood avenue,2022,60826.0,30413.0,83660.7,0.3635
2-brook avenue_2019,2-brook avenue,2019,25261.4,8420.5,48415.4,0.1739
2-brook avenue_2022,2-brook avenue,2022,13754.0,6877.0,48415.4,0.142
2-brook avenue_2023,2-brook avenue,2023,972.0,486.0,48415.4,0.01
2-brook avenue_2024,2-brook avenue,2024,49020.0,24510.0,48415.4,0.5062
2-broun place_2022,2-broun place,2022,9694.0,4847.0,2507.3,1.9332
2-brown place_2019,2-brown place,2019,7875.0,2625.0,4784.9,0.5486
2-brown place_2023,2-brown place,2023,2.0,1.0,4784.9,0.0002
2-brown place_2024,2-brown place,2024,194.0,97.0,4784.9,0.0203
2-bruckner boulevard_2017,2-bruckner boulevard,2017,1999570.0,336430.0,285375.6,1.1789
2-bruckner boulevard_2018,2-bruckner boulevard,2018,1864432.8,108344.8,285375.6,0.3797
2-bruckner boulevard_2020,2-bruckner boulevard,2020,71052.7,23684.2,285375.6,0.083
2-bruckner boulevard_2021,2-bruckner boulevard,2021,22600.0,4520.0,285375.6,0.0158
2-bruckner boulevard_2022,2-bruckner boulevard,2022,13364.0,6682.0,285375.6,0.0234
2-bruckner boulevard_2024,2-bruckner boulevard,2024,638.0,319.0,285375.6,0.0011
2-bruckner boulevard_2025,2-bruckner boulevard,2025,992.0,496.0,285375.6,0.0017
2-bruckner expressway_2017,2-bruckner expressway,2017,508200.0,72600.0,,
2-bruner avenue_2016,2-bruner avenue,2016,25364.0,8454.7,31585.9,0.2677
2-bruner avenue_2023,2-bruner avenue,2023,32428.0,14960.0,31585.9,0.4736
2-bruner avenue_2024,2-bruner avenue,2024,9188.0,4594.0,31585.9,0.1454
2-brush avenue_2016,2-brush avenue,2016,260940.4,46852.5,22674.0,2.0664
2-bryant avenue_2016,2-bryant avenue,2016,1326.7,663.3,48215.0,0.0138
2-bryant avenue_2019,2-bryant avenue,2019,225672.6,17359.4,48215.0,0.36
2-bryant avenue_2022,2-bryant avenue,2022,21550.0,10775.0,48215.0,0.2235
2-bryant avenue_2023,2-bryant avenue,2023,2112.0,1056.0,48215.0,0.0219
2-bryant avenue_2025,2-bryant avenue,2025,3054.0,1527.0,48215.0,0.0317
2-buchanan place_2022,2-buchanan place,2022,2374.0,1187.0,3118.5,0.3806
2-buchanan place_2024,2-buchanan place,2024,200.0,100.0,3118.5,0.0321
2-buck street_2021,2-buck street,2021,11311.7,3770.6,757.6,4.977
2-buhre avenue_2016,2-buhre avenue,2016,422300.4,17083.6,10731.0,1.592
2-buhre avenue_2022,2-buhre avenue,2022,1430.0,715.0,10731.0,0.0666
2-bullard avenue_2023,2-bullard avenue,2023,35268.0,15774.0,16615.5,0.9494
2-burke avenue_2020,2-burke avenue,2020,42826.7,21413.4,49998.1,0.4283
2-burke avenue_2022,2-burke avenue,2022,800.0,400.0,49998.1,0.008
2-burke avenue_2023,2-burke avenue,2023,138960.0,69480.0,49998.1,1.3897
2-bush street_2018,2-bush street,2018,22704.3,5676.1,2107.5,2.6933
2-bussing avenue_2016,2-bussing avenue,2016,39411.9,13137.3,18933.0,0.6939
2-bussing avenue_2021,2-bussing avenue,2021,26624.0,8874.7,18933.0,0.4687
2-buttrick avenue_2021,2-buttrick avenue,2021,12885.6,4295.2,6462.5,0.6646
2-buttrick avenue_2024,2-buttrick avenue,2024,820.0,410.0,6462.5,0.0634
2-bx state hospital entrance_2024,2-bx state hospital entrance,2024,426.0,213.0,11168.7,0.0191
2-byron avenue_2018,2-byron avenue,2018,9149.6,3049.9,10165.6,0.3
2-caesar place_2022,2-caesar place,2022,6882.0,3441.0,3598.4,0.9563
2-caesar place_2025,2-caesar place,2025,396.0,198.0,3598.4,0.055
2-calhoun avenue_2021,2-calhoun avenue,2021,121547.5,60773.8,22801.5,2.6653
2-calhoun avenue_2022,2-calhoun avenue,2022,814.0,407.0,22801.5,0.0178
2-calhoun avenue_2025,2-calhoun avenue,2025,21420.0,10710.0,22801.5,0.4697
2-cambreleng avenue_2018,2-cambreleng avenue,2018,178306.6,29717.8,9775.4,3.0401
2-cambridge avenue_2018,2-cambridge avenue,2018,337090.1,67418.0,5758.2,11.7082
2-camp street_2023,2-camp street,2023,2798.0,1399.0,1516.8,0.9223
2-cannon place_2021,2-cannon place,2021,132986.4,33246.6,4355.6,7.6331
2-caroll street_2024,2-caroll street,2024,5354.0,2677.0,4189.4,0.639
2-carpenter avenue_2018,2-carpenter avenue,2018,91340.2,23230.7,28200.4,0.8238
2-carpenter avenue_2023,2-carpenter avenue,2023,32507.0,12715.0,28200.4,0.4509
2-carroll place_2023,2-carroll place,2023,10972.0,5486.0,4727.1,1.1605
2-carver loop_2022,2-carver loop,2022,141368.0,70684.0,6350.2,11.131
2-carver loop_2023,2-carver loop,2023,4536.0,2268.0,6350.2,0.3572
2-casanova street_2021,2-casanova street,2021,92227.8,13175.4,10437.5,1.2623
2-casanova street_2023,2-casanova street,2023,536.0,268.0,10437.5,0.0257
2-castle hill avenue_2016,2-castle hill avenue,2016,648966.6,155744.6,76466.5,2.0368
2-castle hill avenue_2018,2-castle hill avenue,2018,873707.4,139630.9,76466.5,1.826
2-castle hill avenue_2020,2-castle hill avenue,2020,148211.9,13075.6,76466.5,0.171
2-castle hill avenue_2024,2-castle hill avenue,2024,1964.0,982.0,76466.5,0.0128
2-cauldwell avenue_2016,2-cauldwell avenue,2016,17415.9,5805.3,14151.3,0.4102
2-cauldwell avenue_2023,2-cauldwell avenue,2023,400.0,200.0,14151.3,0.0141
2-cauldwell avenue_2024,2-cauldwell avenue,2024,92832.0,46416.0,14151.3,3.28
2-cedar avenue_2021,2-cedar avenue,2021,2060217.2,294316.8,12581.2,23.3934
2-centre street_2024,2-centre street,2024,96.0,48.0,4186.8,0.0115
2-chaffee avenue_2023,2-chaffee avenue,2023,12432.0,6216.0,4328.7,1.436
2-charles halley place_2023,2-charles halley place,2023,26187.0,3741.0,4155.8,0.9002
2-charlotte street_2020,2-charlotte street,2020,15300.0,5100.0,5451.6,0.9355
2-charlotte street_2025,2-charlotte street,2025,1974.0,987.0,5451.6,0.181
2-chatterton avenue_2019,2-chatterton avenue,2019,75267.0,18816.8,10580.9,1.7784
2-chatterton avenue_2022,2-chatterton avenue,2022,340.0,170.0,10580.9,0.0161
2-chester street_2024,2-chester street,2024,256.0,128.0,1726.2,0.0742
2-chestnut drive north_2016,2-chestnut drive north,2016,5637.3,2818.6,720.6,3.9115
2-chestnut street_2016,2-chestnut street,2016,3285.4,1642.7,1618.5,1.015
2-chisholm street_2023,2-chisholm street,2023,226.0,113.0,4030.9,0.028
2-chisholm street_2024,2-chisholm street,2024,420.0,210.0,4030.9,0.0521
2-chisholm street_2025,2-chisholm street,2025,7318.0,3659.0,4030.9,0.9077
2-cicero avenue_2025,2-cicero avenue,2025,442.0,221.0,3587.2,0.0616
2-cincinnatus avenue_2024,2-cincinnatus avenue,2024,27452.0,13726.0,4769.9,2.8776
2-city limit_2023,2-city limit,2023,196.0,98.0,,
2-claremont parkway_2024,2-claremont parkway,2024,416.0,208.0,10887.2,0.0191
2-clarence avenue_2022,2-clarence avenue,2022,317.3,158.7,12007.8,0.0132
2-clarke place_2024,2-clarke place,2024,17822.0,8911.0,,
2-clay avenue_2017,2-clay avenue,2017,623295.5,103882.6,27494.8,3.7783
2-clay avenue_2023,2-clay avenue,2023,74207.0,32749.0,27494.8,1.1911
2-clay avenue_2024,2-clay avenue,2024,25904.0,12952.0,27494.8,0.4711
2-clay avenue_2025,2-clay avenue,2025,662.0,331.0,27494.8,0.012
2-clifford place_2021,2-clifford place,2021,9149.6,3049.8,4698.3,0.6491
2-clinton avenue_2017,2-clinton avenue,2017,40700.0,8140.0,16113.0,0.5052
2-clinton avenue_2021,2-clinton avenue,2021,6706.4,3353.2,16113.0,0.2081
2-clinton avenue_2022,2-clinton avenue,2022,200.0,100.0,16113.0,0.0062
2-clinton avenue_2023,2-clinton avenue,2023,246.0,123.0,16113.0,0.0076
2-clinton avenue_2024,2-clinton avenue,2024,17740.0,8870.0,16113.0,0.5505
2-clinton avenue_2025,2-clinton avenue,2025,9492.0,4746.0,16113.0,0.2945
2-close avenue_2017,2-close avenue,2017,83056.0,20764.0,9578.0,2.1679
2-co op city boulevard_2023,2-co op city boulevard,2023,674844.0,337422.0,44855.6,7.5224
2-coddington avenue_2019,2-coddington avenue,2019,31344.8,10448.3,10477.6,0.9972
2-colden avenue_2017,2-colden avenue,2017,14588.3,4862.8,32405.4,0.1501
2-colden avenue_2020,2-colden avenue,2020,87436.0,14572.7,32405.4,0.4497
2-colden avenue_2021,2-colden avenue,2021,1848.0,168.0,32405.4,0.0052
2-colgate avenue_2017,2-colgate avenue,2017,598302.7,16619.5,19168.2,0.867
2-college avenue_2017,2-college avenue,2017,267290.6,33411.3,17700.7,1.8876
2-college avenue_2024,2-college avenue,2024,3320.0,1660.0,17700.7,0.0938
2-college avenue_2025,2-college avenue,2025,67292.0,33646.0,17700.7,1.9008
2-colonial avenue_2022,2-colonial avenue,2022,460.0,230.0,4539.0,0.0507
2-commerce avenue_2020,2-commerce avenue,2020,22440.0,5610.0,24404.3,0.2299
2-commonwealth avenue_2018,2-commonwealth avenue,2018,185746.6,23218.3,24072.9,0.9645
2-commonwealth avenue_2019,2-commonwealth avenue,2019,9457.4,4728.7,24072.9,0.1964
2-commonwealth avenue_2022,2-commonwealth avenue,2022,200.0,100.0,24072.9,0.0042
2-commonwealth avenue_2025,2-commonwealth avenue,2025,328.0,164.0,24072.9,0.0068
2-concord avenue_2018,2-concord avenue,2018,25223.4,3603.3,13159.5,0.2738
2-concord avenue_2021,2-concord avenue,2021,31106.7,7776.7,13159.5,0.591
2-concord avenue_2023,2-concord avenue,2023,454.0,227.0,13159.5,0.0172
2-connell place_2024,2-connell place,2024,256.0,128.0,703.4,0.182
2-conner street_2024,2-conner street,2024,716.0,358.0,19309.6,0.0185
2-corlear avenue_2023,2-corlear avenue,2023,41735.0,18624.0,9676.4,1.9247
2-corlear avenue_2025,2-corlear avenue,2025,392.0,196.0,9676.4,0.0203
2-cornell avenue_2021,2-cornell avenue,2021,1045.9,523.0,6622.2,0.079
2-cornell place_2019,2-cornell place,2019,2370.2,1185.1,1164.3,1.0179
2-corsa avenue_2024,2-corsa avenue,2024,242.0,121.0,6519.3,0.0186
2-coster street_2023,2-coster street,2023,30680.0,15340.0,16140.4,0.9504
2-country club road_2018,2-country club road,2018,93274.5,31091.5,11496.1,2.7045
2-courtlandt avenue_2021,2-courtlandt avenue,2021,33104.4,11034.8,15750.9,0.7006
2-cranford avenue_2018,2-cranford avenue,2018,15405.8,7702.9,9131.1,0.8436
2-cranford avenue_2022,2-cranford avenue,2022,796.0,398.0,9131.1,0.0436
2-craven street_2021,2-craven street,2021,10564.2,2641.1,3418.6,0.7726
2-crawford avenue_2024,2-crawford avenue,2024,9276.0,4638.0,3578.0,1.2963
2-creston avenue_2018,2-creston avenue,2018,77775.4,11110.8,29540.5,0.3761
2-creston avenue_2022,2-creston avenue,2022,21638.0,10819.0,29540.5,0.3662
2-crimmins avenue_2022,2-crimmins avenue,2022,16254.0,8127.0,2731.1,2.9757
2-croes avenue_2019,2-croes avenue,2019,23288.4,5822.1,15857.2,0.3672
2-croes avenue_2022,2-croes avenue,2022,378.0,189.0,15857.2,0.0119
2-croes avenue_2025,2-croes avenue,2025,36976.0,18488.0,15857.2,1.1659
2-croes place_2022,2-croes place,2022,370.0,185.0,3077.9,0.0601
2-cromwell avenue_2025,2-cromwell avenue,2025,13082.0,6541.0,12857.5,0.5087
2-crosby avenue_2019,2-crosby avenue,2019,95643.8,36381.8,23710.2,1.5344
2-cross bronx expressway_2016,2-cross bronx expressway,2016,3239490.3,275500.9,,
2-cross bronx expressway_2018,2-cross bronx expressway,2018,394820.2,94366.8,,
2-cross bronx expressway_2019,2-cross bronx expressway,2019,303960.9,102069.2,,
2-cross bronx expressway_2021,2-cross bronx expressway,2021,249120.4,96213.5,,
2-cross bronx expressway_2023,2-cross bronx expressway,2023,15552.0,1728.0,,
2-cross bronx expressway_2024,2-cross bronx expressway,2024,2820.0,1410.0,,
2-cross street_2024,2-cross street,2024,2018.0,1009.0,1214.7,0.8307
2-crotona avenue_2017,2-crotona avenue,2017,338461.3,63924.3,47776.1,1.338
2-crotona avenue_2019,2-crotona avenue,2019,86895.8,34980.1,47776.1,0.7322
2-crotona park east_2019,2-crotona park east,2019,252324.1,42054.0,10253.2,4.1015
2-crotona park north_2022,2-crotona park north,2022,37822.0,18911.0,10184.9,1.8568
2-crotona park north_2025,2-crotona park north,2025,1806.0,903.0,10184.9,0.0887
2-crotona park south_2017,2-crotona park south,2017,16920.9,8460.4,2883.4,2.9342
2-crotona parkway_2020,2-crotona parkway,2020,198184.1,33030.7,18308.4,1.8041
2-crotona place_2017,2-crotona place,2017,3177.2,1588.6,1575.4,1.0084
2-cruger avenue_2016,2-cruger avenue,2016,254440.4,36348.6,30806.9,1.1799
2-cruger avenue_2025,2-cruger avenue,2025,27110.0,13555.0,30806.9,0.44
2-cypress avenue_2016,2-cypress avenue,2016,13288.3,2657.7,13821.1,0.1923
2-cypress avenue_2023,2-cypress avenue,2023,2984.0,1492.0,13821.1,0.108
2-cypress place_2021,2-cypress place,2021,840.0,168.0,1299.0,0.1293
2-cyrus place_2019,2-cyrus place,2019,5677.3,2838.6,928.8,3.0562
2-cyrus place_2023,2-cyrus place,2023,11088.0,84.0,928.8,0.0904
2-daly avenue_2021,2-daly avenue,2021,6848.0,2282.7,8506.6,0.2683
2-daly avenue_2022,2-daly avenue,2022,200.0,100.0,8506.6,0.0118
2-dark street_2023,2-dark street,2023,374.0,187.0,660.2,0.2832
2-dark street_2024,2-dark street,2024,1600.0,800.0,660.2,1.2118
2-dash place_2023,2-dash place,2023,242.0,121.0,741.9,0.1631
2-david sheridan plaza_2017,2-david sheridan plaza,2017,2105.1,1052.5,939.5,1.1203
2-davidson avenue_2017,2-davidson avenue,2017,314271.4,44895.9,26363.9,1.7029
2-davidson avenue_2019,2-davidson avenue,2019,51135.7,12783.9,26363.9,0.4849
2-davidson avenue_2022,2-davidson avenue,2022,28.0,14.0,26363.9,0.0005
2-davidson avenue_2025,2-davidson avenue,2025,5952.0,2976.0,26363.9,0.1129
2-davis avenue_2020,2-davis avenue,2020,9119.0,4559.5,4082.9,1.1167
2-de reimer avenue_2022,2-de reimer avenue,2022,9104.0,4552.0,22841.7,0.1993
2-de reimer avenue_2023,2-de reimer avenue,2023,298.0,149.0,22841.7,0.0065
2-de reimer avenue_2024,2-de reimer avenue,2024,37046.0,18523.0,22841.7,0.8109
2-dead end_2021,2-dead end,2021,336.0,168.0,,
2-dead end_2022,2-dead end,2022,4188.0,2094.0,,
2-dean avenue_2017,2-dean avenue,2017,27242.2,6810.6,7505.2,0.9075
2-dean avenue_2022,2-dean avenue,2022,214.7,107.3,7505.2,0.0143
2-decatur avenue_2020,2-decatur avenue,2020,547330.2,20271.5,25921.1,0.782
2-decatur avenue_2025,2-decatur avenue,2025,268.0,134.0,25921.1,0.0052
2-dekalb avenue_2019,2-dekalb avenue,2019,24038.7,8920.0,7473.5,1.1936
2-delafield avenue_2022,2-delafield avenue,2022,200.0,100.0,17164.6,0.0058
2-delafield avenue_2023,2-delafield avenue,2023,256.0,128.0,17164.6,0.0075
2-delafield avenue_2025,2-delafield avenue,2025,14526.0,7263.0,17164.6,0.4231
2-delancey place_2016,2-delancey place,2016,21431.5,10715.8,265.6,40.3456
2-devoe terrace_2022,2-devoe terrace,2022,186.0,93.0,708.6,0.1312
2-dewey avenue_2018,2-dewey avenue,2018,1440.0,480.0,10465.5,0.0459
2-dewey avenue_2021,2-dewey avenue,2021,3622340.3,362234.0,10465.5,34.6122
2-deyo street_2021,2-deyo street,2021,3186.7,1341.3,968.5,1.3849
2-dickinson avenue_2021,2-dickinson avenue,2021,61920.0,30960.0,3599.9,8.6002
2-digney avenue_2022,2-digney avenue,2022,4674.0,2337.0,3659.9,0.6385
2-dill place_2025,2-dill place,2025,220.0,110.0,1388.8,0.0792
2-ditmars street_2024,2-ditmars street,2024,11928.0,5964.0,3986.2,1.4962
2-doris street_2022,2-doris street,2022,12886.0,4402.0,2527.9,1.7414
2-dorothea place_2024,2-dorothea place,2024,114.0,57.0,755.9,0.0754
2-drake street_2017,2-drake street,2017,2973.3,743.3,15058.1,0.0494
2-drake street_2023,2-drake street,2023,662.0,331.0,15058.1,0.022
2-drive m l king jr boulevard_2016,2-drive m l king jr boulevard,2016,126253.3,15023.3,,
2-drive m l king jr boulevard_2019,2-drive m l king jr boulevard,2019,15400.0,1540.0,,
2-drive m l king jr boulevard_2020,2-drive m l king jr boulevard,2020,50609.9,5623.3,,
2-dudley avenue_2019,2-dudley avenue,2019,120055.8,24011.2,7854.6,3.057
2-duncan street_2017,2-duncan street,2017,17199.6,5733.2,5917.6,0.9688
2-duncomb avenue_2023,2-duncomb avenue,2023,7806.0,3903.0,3167.2,1.2323
2-dupont street_2021,2-dupont street,2021,19178.3,4794.6,4468.4,1.073
2-duryea avenue_2024,2-duryea avenue,2024,234.0,117.0,5715.3,0.0205
2-dwight place_2024,2-dwight place,2024,9030.0,4515.0,4274.1,1.0564
2-dyre avenue_2016,2-dyre avenue,2016,132242.5,44080.8,14804.1,2.9776
2-dyre avenue_2023,2-dyre avenue,2023,13570.0,6785.0,14804.1,0.4583
2-eagle avenue_2023,2-eagle avenue,2023,346.0,173.0,9243.8,0.0187
2-eagle avenue_2024,2-eagle avenue,2024,51536.0,25768.0,9243.8,2.7876
2-east 132 street_2016,2-east 132 street,2016,31140.2,10380.1,25337.1,0.4097
2-east 132 street_2023,2-east 132 street,2023,34726.0,17363.0,25337.1,0.6853
2-east 133 street_2021,2-east 133 street,2021,88443.9,17688.8,11361.7,1.5569
2-east 134 street_2023,2-east 134 street,2023,482.0,241.0,23470.7,0.0103
2-east 134 street_2024,2-east 134 street,2024,882.0,441.0,23470.7,0.0188
2-east 135 street_2022,2-east 135 street,2022,3868.0,1934.0,28154.8,0.0687
2-east 135 street_2023,2-east 135 street,2023,4092.0,2046.0,28154.8,0.0727
2-east 135 street_2024,2-east 135 street,2024,9572.0,4786.0,28154.8,0.17
2-east 136 street_2018,2-east 136 street,2018,245133.7,24513.4,11413.5,2.1478
2-east 136 street_2023,2-east 136 street,2023,498.0,249.0,11413.5,0.0218
2-east 136 street_2025,2-east 136 street,2025,73628.0,36814.0,11413.5,3.2255
2-east 137 street_2018,2-east 137 street,2018,2680.0,1340.0,14455.4,0.0927
2-east 137 street_2019,2-east 137 street,2019,308191.3,51365.2,14455.4,3.5534
2-east 137 street_2023,2-east 137 street,2023,606.0,303.0,14455.4,0.021
2-east 137 street_2025,2-east 137 street,2025,12040.0,6020.0,14455.4,0.4165
2-east 138 street_2019,2-east 138 street,2019,76589.3,20384.0,57580.0,0.354
2-east 139 street_2016,2-east 139 street,2016,31826.7,15913.4,22947.4,0.6935
2-east 139 street_2017,2-east 139 street,2017,4813.3,2406.7,22947.4,0.1049
2-east 139 street_2024,2-east 139 street,2024,908.0,454.0,22947.4,0.0198
2-east 139 street_2025,2-east 139 street,2025,60612.0,30306.0,22947.4,1.3207
2-east 140 street_2016,2-east 140 street,2016,48342.2,16114.0,23351.9,0.6901
2-east 140 street_2017,2-east 140 street,2017,15038.4,3759.6,23351.9,0.161
2-east 140 street_2021,2-east 140 street,2021,11286.9,5643.5,23351.9,0.2417
2-east 140 street_2024,2-east 140 street,2024,454.0,227.0,23351.9,0.0097
2-east 140 street_2025,2-east 140 street,2025,44542.0,22271.0,23351.9,0.9537
2-east 141 street_2017,2-east 141 street,2017,732411.9,40689.6,26814.1,1.5175
2-east 141 street_2019,2-east 141 street,2019,85362.2,17072.4,26814.1,0.6367
2-east 142 street_2016,2-east 142 street,2016,7546.7,3773.3,9474.9,0.3982
2-east 142 street_2017,2-east 142 street,2017,45233.3,9046.7,9474.9,0.9548
2-east 142 street_2018,2-east 142 street,2018,1273.8,636.9,9474.9,0.0672
2-east 142 street_2024,2-east 142 street,2024,416.0,208.0,9474.9,0.022
2-east 142 street_2025,2-east 142 street,2025,17910.0,8955.0,9474.9,0.9451
2-east 143 street_2016,2-east 143 street,2016,324519.6,108173.2,6990.6,15.4741
2-east 143 street_2024,2-east 143 street,2024,462.0,231.0,6990.6,0.033
2-east 144 street_2016,2-east 144 street,2016,71222.1,23740.7,25045.3,0.9479
2-east 144 street_2017,2-east 144 street,2017,57074.7,14268.7,25045.3,0.5697
2-east 144 street_2021,2-east 144 street,2021,40963.4,10460.0,25045.3,0.4176
2-east 145 street_2017,2-east 145 street,2017,11134.7,1855.8,9061.7,0.2048
2-east 145 street_2021,2-east 145 street,2021,15929.8,7964.9,9061.7,0.879
2-east 145 street_2024,2-east 145 street,2024,21798.0,10899.0,9061.7,1.2028
2-east 146 street_2023,2-east 146 street,2023,264.0,132.0,7997.1,0.0165
2-east 146 street_2024,2-east 146 street,2024,57508.0,28754.0,7997.1,3.5956
2-east 147 street_2016,2-east 147 street,2016,8488.0,4244.0,10095.1,0.4204
2-east 147 street_2017,2-east 147 street,2017,82213.9,41107.0,10095.1,4.072
2-east 147 street_2022,2-east 147 street,2022,6270.0,3135.0,10095.1,0.3105
2-east 148 street_2017,2-east 148 street,2017,122887.7,8777.7,9741.8,0.901
2-east 148 street_2024,2-east 148 street,2024,4470.0,2235.0,9741.8,0.2294
2-east 149 street_2017,2-east 149 street,2017,135788.6,27157.7,71846.0,0.378
2-east 149 street_2023,2-east 149 street,2023,68628.0,34314.0,71846.0,0.4776
2-east 150 street_2017,2-east 150 street,2017,9251.7,3083.9,13623.0,0.2264
2-east 150 street_2018,2-east 150 street,2018,14167.5,3541.9,13623.0,0.26
2-east 150 street_2024,2-east 150 street,2024,352.0,176.0,13623.0,0.0129
2-east 150 street_2025,2-east 150 street,2025,8580.0,4290.0,13623.0,0.3149
2-east 151 street_2018,2-east 151 street,2018,20904.5,10452.2,15365.5,0.6802
2-east 151 street_2022,2-east 151 street,2022,1250.0,625.0,15365.5,0.0407
2-east 151 street_2024,2-east 151 street,2024,19622.0,9811.0,15365.5,0.6385
2-east 152 street_2018,2-east 152 street,2018,56867.6,18955.9,10708.1,1.7702
2-east 152 street_2021,2-east 152 street,2021,201392.7,28770.4,10708.1,2.6868
2-east 153 street_2016,2-east 153 street,2016,42221.6,8444.3,19243.5,0.4388
2-east 153 street_2018,2-east 153 street,2018,296310.3,60688.1,19243.5,3.1537
2-east 153 street_2023,2-east 153 street,2023,388.0,194.0,19243.5,0.0101
2-east 153 street_2024,2-east 153 street,2024,522.0,261.0,19243.5,0.0136
2-east 155 street_2024,2-east 155 street,2024,822.0,411.0,5316.2,0.0773
2-east 156 street_2020,2-east 156 street,2020,466916.6,93383.3,39051.2,2.3913
2-east 156 street_2022,2-east 156 street,2022,1026.0,513.0,39051.2,0.0131
2-east 156 street_2023,2-east 156 street,2023,272.0,136.0,39051.2,0.0035
2-east 156 street_2024,2-east 156 street,2024,2448.0,1224.0,39051.2,0.0313
2-east 156 street_2025,2-east 156 street,2025,33298.0,16649.0,39051.2,0.4263
2-east 157 street_2017,2-east 157 street,2017,5289.9,2645.0,8377.7,0.3157
2-east 157 street_2018,2-east 157 street,2018,6482.7,3241.3,8377.7,0.3869
2-east 157 street_2020,2-east 157 street,2020,24200.0,4033.3,8377.7,0.4814
2-east 158 street_2018,2-east 158 street,2018,2591.6,1295.8,18634.3,0.0695
2-east 158 street_2019,2-east 158 street,2019,38590.2,4823.8,18634.3,0.2589
2-east 158 street_2020,2-east 158 street,2020,117180.4,19530.1,18634.3,1.0481
2-east 158 street_2023,2-east 158 street,2023,552.0,276.0,18634.3,0.0148
2-east 159 street_2024,2-east 159 street,2024,20866.0,10433.0,8087.7,1.29
2-east 160 street_2022,2-east 160 street,2022,200.0,100.0,10972.9,0.0091
2-east 160 street_2023,2-east 160 street,2023,242.0,121.0,10972.9,0.011
2-east 161 street_2018,2-east 161 street,2018,29285.5,9761.8,60216.6,0.1621
2-east 161 street_2022,2-east 161 street,2022,600.0,300.0,60216.6,0.005
2-east 161 street_2023,2-east 161 street,2023,234.0,117.0,60216.6,0.0019
2-east 162 street_2016,2-east 162 street,2016,3685.7,1842.8,14665.3,0.1257
2-east 162 street_2022,2-east 162 street,2022,10206.0,5103.0,14665.3,0.348
2-east 162 street_2024,2-east 162 street,2024,1604.0,802.0,14665.3,0.0547
2-east 162 street_2025,2-east 162 street,2025,7764.0,3882.0,14665.3,0.2647
2-east 163 street_2016,2-east 163 street,2016,16541.8,5513.9,45062.0,0.1224
2-east 163 street_2017,2-east 163 street,2017,30693.3,15346.6,45062.0,0.3406
2-east 163 street_2018,2-east 163 street,2018,90651.1,15108.5,45062.0,0.3353
2-east 163 street_2019,2-east 163 street,2019,193306.6,64435.5,45062.0,1.4299
2-east 163 street_2025,2-east 163 street,2025,678.0,339.0,45062.0,0.0075
2-east 164 street_2016,2-east 164 street,2016,2132.0,1066.0,18963.7,0.0562
2-east 164 street_2017,2-east 164 street,2017,10207.6,3402.6,18963.7,0.1794
2-east 164 street_2018,2-east 164 street,2018,29481.7,9827.2,18963.7,0.5182
2-east 164 street_2022,2-east 164 street,2022,4332.0,2166.0,18963.7,0.1142
2-east 164 street_2024,2-east 164 street,2024,288.0,144.0,18963.7,0.0076
2-east 164 street_2025,2-east 164 street,2025,20494.0,10247.0,18963.7,0.5403
2-east 165 street_2022,2-east 165 street,2022,69326.0,34663.0,42267.6,0.8201
2-east 165 street_2023,2-east 165 street,2023,256.0,128.0,42267.6,0.003
2-east 165 street_2024,2-east 165 street,2024,1342.0,671.0,42267.6,0.0159
2-east 165 street_2025,2-east 165 street,2025,6998.0,3499.0,42267.6,0.0828
2-east 166 street_2018,2-east 166 street,2018,13075.3,6537.6,23791.9,0.2748
2-east 166 street_2022,2-east 166 street,2022,38389.0,18813.0,23791.9,0.7907
2-east 166 street_2023,2-east 166 street,2023,7001.0,2889.0,23791.9,0.1214
2-east 166 street_2024,2-east 166 street,2024,242.0,121.0,23791.9,0.0051
2-east 166 street_2025,2-east 166 street,2025,354.0,177.0,23791.9,0.0074
2-east 167 street_2021,2-east 167 street,2021,555581.7,67741.7,45782.0,1.4797
2-east 167 street_2023,2-east 167 street,2023,226.0,113.0,45782.0,0.0025
2-east 167 street_2024,2-east 167 street,2024,58064.0,29032.0,45782.0,0.6341
2-east 168 street_2020,2-east 168 street,2020,25565.1,12782.6,30552.3,0.4184
2-east 168 street_2022,2-east 168 street,2022,18592.0,9296.0,30552.3,0.3043
2-east 168 street_2023,2-east 168 street,2023,7972.0,3986.0,30552.3,0.1305
2-east 168 street_2024,2-east 168 street,2024,584.0,292.0,30552.3,0.0096
2-east 168 street_2025,2-east 168 street,2025,256.0,128.0,30552.3,0.0042
2-east 169 street_2016,2-east 169 street,2016,71254.5,11875.8,41331.5,0.2873
2-east 169 street_2020,2-east 169 street,2020,86899.3,12414.2,41331.5,0.3004
2-east 169 street_2022,2-east 169 street,2022,34964.0,17482.0,41331.5,0.423
2-east 169 street_2024,2-east 169 street,2024,522.0,261.0,41331.5,0.0063
2-east 170 street_2017,2-east 170 street,2017,17505.2,5835.0,38048.6,0.1534
2-east 170 street_2019,2-east 170 street,2019,125390.0,35220.6,38048.6,0.9257
2-east 170 street_2021,2-east 170 street,2021,76160.0,17880.0,38048.6,0.4699
2-east 170 street_2023,2-east 170 street,2023,466.0,233.0,38048.6,0.0061
2-east 170 street_2024,2-east 170 street,2024,246.0,123.0,38048.6,0.0032
2-east 170 street_2025,2-east 170 street,2025,7890.0,3945.0,38048.6,0.1037
2-east 171 street_2017,2-east 171 street,2017,3660.0,1830.0,15853.6,0.1154
2-east 171 street_2019,2-east 171 street,2019,120563.8,22588.0,15853.6,1.4248
2-east 171 street_2024,2-east 171 street,2024,388.0,194.0,15853.6,0.0122
2-east 172 street_2019,2-east 172 street,2019,38219.0,13906.3,41360.4,0.3362
2-east 172 street_2023,2-east 172 street,2023,18536.0,9268.0,41360.4,0.2241
2-east 172 street_2024,2-east 172 street,2024,7728.0,3864.0,41360.4,0.0934
2-east 173 street_2019,2-east 173 street,2019,12147.8,4049.2,24959.7,0.1622
2-east 173 street_2020,2-east 173 street,2020,104808.7,17468.1,24959.7,0.6999
2-east 173 street_2022,2-east 173 street,2022,4800.0,2400.0,24959.7,0.0962
2-east 173 street_2023,2-east 173 street,2023,2106.0,1053.0,24959.7,0.0422
2-east 173 street_2024,2-east 173 street,2024,660.0,330.0,24959.7,0.0132
2-east 173 street_2025,2-east 173 street,2025,286.0,143.0,24959.7,0.0057
2-east 174 street_2016,2-east 174 street,2016,23490.2,7830.1,41894.6,0.1869
2-east 174 street_2023,2-east 174 street,2023,30448.0,15224.0,41894.6,0.3634
2-east 174 street_2025,2-east 174 street,2025,306.0,153.0,41894.6,0.0037
2-east 175 street_2016,2-east 175 street,2016,8189.0,4094.5,26006.2,0.1574
2-east 175 street_2020,2-east 175 street,2020,20247.7,10123.8,26006.2,0.3893
2-east 176 street_2016,2-east 176 street,2016,104001.5,35140.8,27016.7,1.3007
2-east 176 street_2021,2-east 176 street,2021,153251.7,17028.0,27016.7,0.6303
2-east 176 street_2023,2-east 176 street,2023,34895.0,3268.0,27016.7,0.121
2-east 177 street_2016,2-east 177 street,2016,181200.0,15100.0,67660.7,0.2232
2-east 177 street_2018,2-east 177 street,2018,328251.1,66543.6,67660.7,0.9835
2-east 177 street_2019,2-east 177 street,2019,494605.7,164868.6,67660.7,2.4367
2-east 177 street_2021,2-east 177 street,2021,65220.2,21740.1,67660.7,0.3213
2-east 177 street_2023,2-east 177 street,2023,52539.0,22305.0,67660.7,0.3297
2-east 177 street_2024,2-east 177 street,2024,852.0,426.0,67660.7,0.0063
2-east 178 street_2016,2-east 178 street,2016,25105.3,12552.6,25278.8,0.4966
2-east 178 street_2021,2-east 178 street,2021,5288.4,2644.2,25278.8,0.1046
2-east 178 street_2022,2-east 178 street,2022,9580.0,4790.0,25278.8,0.1895
2-east 178 street_2023,2-east 178 street,2023,34336.0,351.0,25278.8,0.0139
2-east 178 street_2024,2-east 178 street,2024,2726.0,1363.0,25278.8,0.0539
2-east 179 street_2016,2-east 179 street,2016,8478.8,4239.4,32820.5,0.1292
2-east 179 street_2018,2-east 179 street,2018,17446.6,5815.6,32820.5,0.1772
2-east 179 street_2019,2-east 179 street,2019,20157.1,9679.7,32820.5,0.2949
2-east 179 street_2022,2-east 179 street,2022,22576.0,11288.0,32820.5,0.3439
2-east 179 street_2023,2-east 179 street,2023,52920.0,392.0,32820.5,0.0119
2-east 179 street_2024,2-east 179 street,2024,3064.0,1532.0,32820.5,0.0467
2-east 179 street_2025,2-east 179 street,2025,33438.0,16719.0,32820.5,0.5094
2-east 180 street_2016,2-east 180 street,2016,28281.7,10900.8,53713.0,0.2029
2-east 180 street_2019,2-east 180 street,2019,3955.6,1977.8,53713.0,0.0368
2-east 180 street_2022,2-east 180 street,2022,386.0,193.0,53713.0,0.0036
2-east 180 street_2023,2-east 180 street,2023,36180.0,268.0,53713.0,0.005
2-east 181 street_2019,2-east 181 street,2019,50134.0,10026.8,27184.1,0.3688
2-east 181 street_2022,2-east 181 street,2022,25552.0,12776.0,27184.1,0.47
2-east 181 street_2023,2-east 181 street,2023,11745.0,87.0,27184.1,0.0032
2-east 182 street_2017,2-east 182 street,2017,20147.0,10073.5,26655.6,0.3779
2-east 182 street_2019,2-east 182 street,2019,25663.4,6415.9,26655.6,0.2407
2-east 182 street_2021,2-east 182 street,2021,336.0,168.0,26655.6,0.0063
2-east 182 street_2022,2-east 182 street,2022,504.0,252.0,26655.6,0.0095
2-east 182 street_2023,2-east 182 street,2023,106510.0,22126.0,26655.6,0.8301
2-east 182 street_2024,2-east 182 street,2024,1350.0,675.0,26655.6,0.0253
2-east 182 street_2025,2-east 182 street,2025,234.0,117.0,26655.6,0.0044
2-east 183 street_2018,2-east 183 street,2018,15316.0,7658.0,19939.3,0.3841
2-east 183 street_2019,2-east 183 street,2019,94441.4,24173.5,19939.3,1.2124
2-east 183 street_2023,2-east 183 street,2023,37905.0,285.0,19939.3,0.0143
2-east 183 street_2024,2-east 183 street,2024,234.0,117.0,19939.3,0.0059
2-east 184 street_2019,2-east 184 street,2019,361711.9,90428.0,15933.2,5.6754
2-east 184 street_2023,2-east 184 street,2023,29562.0,371.0,15933.2,0.0233
2-east 184 street_2025,2-east 184 street,2025,10106.0,5053.0,15933.2,0.3171
2-east 185 street_2019,2-east 185 street,2019,12939.0,6469.5,4076.2,1.5871
2-east 185 street_2023,2-east 185 street,2023,14108.0,242.0,4076.2,0.0594
2-east 186 street_2023,2-east 186 street,2023,11386.0,191.0,3250.5,0.0588
2-east 187 street_2017,2-east 187 street,2017,82143.6,20535.9,22165.4,0.9265
2-east 187 street_2021,2-east 187 street,2021,3488.6,1162.8,22165.4,0.0525
2-east 187 street_2023,2-east 187 street,2023,31416.0,238.0,22165.4,0.0107
2-east 187 street_2024,2-east 187 street,2024,234.0,117.0,22165.4,0.0053
2-east 187 street_2025,2-east 187 street,2025,10200.0,5100.0,22165.4,0.2301
2-east 188 street_2016,2-east 188 street,2016,27257.8,11533.3,21362.5,0.5399
2-east 188 street_2017,2-east 188 street,2017,61282.2,15320.5,21362.5,0.7172
2-east 188 street_2022,2-east 188 street,2022,9716.0,4858.0,21362.5,0.2274
2-east 188 street_2023,2-east 188 street,2023,1260.0,420.0,21362.5,0.0197
2-east 189 street_2016,2-east 189 street,2016,83732.2,11961.7,13022.2,0.9186
2-east 189 street_2018,2-east 189 street,2018,37584.0,12528.0,13022.2,0.962
2-east 189 street_2022,2-east 189 street,2022,252.0,126.0,13022.2,0.0097
2-east 190 street_2023,2-east 190 street,2023,434.0,217.0,2703.9,0.0803
2-east 191 street_2019,2-east 191 street,2019,56030.6,18676.9,2904.7,6.4299
2-east 192 street_2017,2-east 192 street,2017,5252.6,2626.3,2731.8,0.9614
2-east 193 street_2018,2-east 193 street,2018,5784.3,2892.2,5026.7,0.5754
2-east 193 street_2023,2-east 193 street,2023,374.0,187.0,5026.7,0.0372
2-east 193 street_2024,2-east 193 street,2024,214.0,107.0,5026.7,0.0213
2-east 194 street_2024,2-east 194 street,2024,5552.0,2776.0,8678.5,0.3199
2-east 195 street_2024,2-east 195 street,2024,5914.0,2957.0,3938.9,0.7507
2-east 196 street_2018,2-east 196 street,2018,8607.2,4303.6,12790.8,0.3365
2-east 196 street_2024,2-east 196 street,2024,5588.0,2794.0,12790.8,0.2184
2-east 197 street_2024,2-east 197 street,2024,8362.0,4181.0,9165.6,0.4562
2-east 198 street_2024,2-east 198 street,2024,214.0,107.0,9597.8,0.0111
2-east 199 street_2016,2-east 199 street,2016,37163.6,12387.8,6137.6,2.0183
2-east 199 street_2018,2-east 199 street,2018,3477.3,1738.6,6137.6,0.2833
2-east 199 street_2024,2-east 199 street,2024,160.0,80.0,6137.6,0.013
2-east 201 street_2016,2-east 201 street,2016,15969.5,5323.2,7723.5,0.6892
2-east 201 street_2022,2-east 201 street,2022,8960.0,4480.0,7723.5,0.58
2-east 201 street_2024,2-east 201 street,2024,200.0,100.0,7723.5,0.0129
2-east 202 street_2023,2-east 202 street,2023,174.0,87.0,3377.0,0.0258
2-east 203 street_2019,2-east 203 street,2019,14657.8,7328.9,2202.2,3.328
2-east 203 street_2023,2-east 203 street,2023,174.0,87.0,2202.2,0.0395
2-east 204 street_2020,2-east 204 street,2020,47076.7,11769.2,14196.7,0.829
2-east 204 street_2021,2-east 204 street,2021,18436.3,4609.1,14196.7,0.3247
2-east 204 street_2025,2-east 204 street,2025,344.0,172.0,14196.7,0.0121
2-east 205 street_2016,2-east 205 street,2016,220165.2,22353.0,6929.4,3.2258
2-east 205 street_2025,2-east 205 street,2025,634.0,317.0,6929.4,0.0457
2-east 206 street_2020,2-east 206 street,2020,6929.3,3464.6,6282.5,0.5515
2-east 206 street_2025,2-east 206 street,2025,290.0,145.0,6282.5,0.0231
2-east 208 street_2020,2-east 208 street,2020,14318.6,7159.3,6059.1,1.1816
2-east 209 street_2021,2-east 209 street,2021,6820.4,2654.2,1822.4,1.4564
2-east 211 street_2016,2-east 211 street,2016,143939.0,28787.8,19131.6,1.5047
2-east 211 street_2021,2-east 211 street,2021,5396.6,2698.3,19131.6,0.141
2-east 211 street_2022,2-east 211 street,2022,714.0,357.0,19131.6,0.0187
2-east 212 street_2019,2-east 212 street,2019,5619.4,2809.7,11020.4,0.255
2-east 212 street_2022,2-east 212 street,2022,1788.0,894.0,11020.4,0.0811
2-east 213 street_2019,2-east 213 street,2019,14210.8,7105.4,18082.3,0.3929
2-east 213 street_2022,2-east 213 street,2022,2658.0,1329.0,18082.3,0.0735
2-east 214 street_2022,2-east 214 street,2022,1110.0,555.0,14804.6,0.0375
2-east 215 street_2022,2-east 215 street,2022,1344.0,672.0,13195.1,0.0509
2-east 216 street_2022,2-east 216 street,2022,1068.0,534.0,14730.6,0.0363
2-east 216 street_2023,2-east 216 street,2023,37436.0,17552.0,14730.6,1.1915
2-east 217 street_2024,2-east 217 street,2024,498.0,249.0,10871.7,0.0229
2-east 218 street_2024,2-east 218 street,2024,442.0,221.0,9470.4,0.0233
2-east 220 street_2024,2-east 220 street,2024,442.0,221.0,12250.0,0.018
2-east 221 street_2023,2-east 221 street,2023,178.0,89.0,16678.8,0.0053
2-east 221 street_2024,2-east 221 street,2024,474.0,237.0,16678.8,0.0142
2-east 222 street_2016,2-east 222 street,2016,37856.0,12618.7,65873.6,0.1916
2-east 222 street_2019,2-east 222 street,2019,1027217.8,102721.8,65873.6,1.5594
2-east 222 street_2020,2-east 222 street,2020,871010.4,96778.9,65873.6,1.4692
2-east 222 street_2024,2-east 222 street,2024,1096.0,548.0,65873.6,0.0083
2-east 223 street_2017,2-east 223 street,2017,28446.7,14223.4,21286.8,0.6682
2-east 223 street_2024,2-east 223 street,2024,20092.0,10046.0,21286.8,0.4719
2-east 224 street_2017,2-east 224 street,2017,130479.9,16310.0,23058.1,0.7073
2-east 224 street_2024,2-east 224 street,2024,37842.0,18921.0,23058.1,0.8206
2-east 225 street_2017,2-east 225 street,2017,45546.7,11386.7,20739.8,0.549
2-east 225 street_2023,2-east 225 street,2023,141202.0,70601.0,20739.8,3.4041
2-east 225 street_2024,2-east 225 street,2024,428.0,214.0,20739.8,0.0103
2-east 226 street_2017,2-east 226 street,2017,185021.9,30837.0,15256.9,2.0212
2-east 226 street_2022,2-east 226 street,2022,544.0,272.0,15256.9,0.0178
2-east 227 street_2021,2-east 227 street,2021,12217.3,6108.7,13180.8,0.4635
2-east 227 street_2022,2-east 227 street,2022,544.0,272.0,13180.8,0.0206
2-east 228 street_2017,2-east 228 street,2017,45370.0,15123.3,13233.4,1.1428
2-east 228 street_2022,2-east 228 street,2022,544.0,272.0,13233.4,0.0206
2-east 229 street_2021,2-east 229 street,2021,360078.4,48836.0,29641.3,1.6476
2-east 229 street_2022,2-east 229 street,2022,544.0,272.0,29641.3,0.0092
2-east 229 street_2024,2-east 229 street,2024,556.0,278.0,29641.3,0.0094
2-east 230 street_2022,2-east 230 street,2022,42216.0,21108.0,13220.2,1.5966
2-east 231 street_2017,2-east 231 street,2017,174533.3,21816.7,16878.3,1.2926
2-east 231 street_2022,2-east 231 street,2022,544.0,272.0,16878.3,0.0161
2-east 232 street_2021,2-east 232 street,2021,530363.3,35936.7,15449.5,2.3261
2-east 232 street_2022,2-east 232 street,2022,544.0,272.0,15449.5,0.0176
2-east 233 street_2016,2-east 233 street,2016,125249.4,41749.8,89707.4,0.4654
2-east 233 street_2019,2-east 233 street,2019,18635.1,9317.6,89707.4,0.1039
2-east 233 street_2022,2-east 233 street,2022,934.0,467.0,89707.4,0.0052
2-east 234 street_2020,2-east 234 street,2020,50281.2,10453.0,13103.1,0.7978
2-east 234 street_2022,2-east 234 street,2022,934.0,467.0,13103.1,0.0356
2-east 234 street_2023,2-east 234 street,2023,200.0,100.0,13103.1,0.0076
2-east 235 street_2019,2-east 235 street,2019,12240.1,4080.0,16253.4,0.251
2-east 235 street_2020,2-east 235 street,2020,40534.6,4053.5,16253.4,0.2494
2-east 235 street_2022,2-east 235 street,2022,466.0,233.0,16253.4,0.0143
2-east 235 street_2023,2-east 235 street,2023,186.0,93.0,16253.4,0.0057
2-east 236 street_2018,2-east 236 street,2018,10917.4,5458.7,19412.8,0.2812
2-east 236 street_2022,2-east 236 street,2022,12842.0,6421.0,19412.8,0.3308
2-east 236 street_2023,2-east 236 street,2023,186.0,93.0,19412.8,0.0048
2-east 237 street_2018,2-east 237 street,2018,44326.3,11081.6,19542.1,0.5671
2-east 237 street_2022,2-east 237 street,2022,16918.0,8459.0,19542.1,0.4329
2-east 237 street_2023,2-east 237 street,2023,162.0,81.0,19542.1,0.0041
2-east 238 street_2022,2-east 238 street,2022,594.0,297.0,6552.4,0.0453
2-east 238 street_2023,2-east 238 street,2023,28145.0,10360.0,6552.4,1.5811
2-east 239 street_2018,2-east 239 street,2018,83958.6,12145.6,13078.6,0.9287
2-east 239 street_2022,2-east 239 street,2022,466.0,233.0,13078.6,0.0178
2-east 239 street_2023,2-east 239 street,2023,174.0,87.0,13078.6,0.0067
2-east 240 street_2018,2-east 240 street,2018,146893.2,6386.7,11104.6,0.5751
2-east 240 street_2022,2-east 240 street,2022,460.0,230.0,11104.6,0.0207
2-east 240 street_2023,2-east 240 street,2023,20624.0,10312.0,11104.6,0.9286
2-east 241 street_2019,2-east 241 street,2019,353763.6,88440.9,31731.1,2.7872
2-east 241 street_2023,2-east 241 street,2023,6038.0,3019.0,31731.1,0.0951
2-east 242 street_2018,2-east 242 street,2018,7222.2,3611.1,9883.7,0.3654
2-east 242 street_2020,2-east 242 street,2020,9386.6,4693.3,9883.7,0.4749
2-east 242 street_2023,2-east 242 street,2023,11022.0,5511.0,9883.7,0.5576
2-east 243 street_2018,2-east 243 street,2018,6271.6,3135.8,2726.9,1.15
2-east 243 street_2023,2-east 243 street,2023,2700.0,1350.0,2726.9,0.4951
2-east fordham road_2022,2-east fordham road,2022,150250.0,66511.0,48458.9,1.3725
2-east gun hill road_2016,2-east gun hill road,2016,116935.6,38978.5,103360.9,0.3771
2-east gun hill road_2017,2-east gun hill road,2017,230183.8,23018.4,103360.9,0.2227
2-east gun hill road_2018,2-east gun hill road,2018,1012532.4,144647.5,103360.9,1.3994
2-east gun hill road_2019,2-east gun hill road,2019,766530.7,69684.6,103360.9,0.6742
2-east gun hill road_2022,2-east gun hill road,2022,4000.0,2000.0,103360.9,0.0193
2-east kingsbridge road_2017,2-east kingsbridge road,2017,455825.7,92369.1,20840.1,4.4323
2-east kingsbridge road_2021,2-east kingsbridge road,2021,119891.6,59945.8,20840.1,2.8765
2-east mosholu parkway south_2019,2-east mosholu parkway south,2019,380846.6,63474.4,13838.9,4.5867
2-east mosholu parkway south_2025,2-east mosholu parkway south,2025,34594.0,17297.0,13838.9,1.2499
2-east mount eden avenue_2019,2-east mount eden avenue,2019,4348.9,2174.4,5698.7,0.3816
2-east mount eden avenue_2023,2-east mount eden avenue,2023,50550.0,9543.0,5698.7,1.6746
2-east mount eden avenue_2025,2-east mount eden avenue,2025,4026.0,2013.0,5698.7,0.3532
2-east tremont avenue_2016,2-east tremont avenue,2016,2757835.1,469330.5,212668.8,2.2069
2-east tremont avenue_2019,2-east tremont avenue,2019,35540.9,17770.5,212668.8,0.0836
2-east tremont avenue_2020,2-east tremont avenue,2020,745912.6,149182.5,212668.8,0.7015
2-east tremont avenue_2022,2-east tremont avenue,2022,49474.0,24737.0,212668.8,0.1163
2-east tremont avenue_2023,2-east tremont avenue,2023,78878.0,7107.0,212668.8,0.0334
2-eastburn avenue_2018,2-eastburn avenue,2018,12496.0,6248.0,4614.0,1.3541
2-eastburn avenue_2023,2-eastburn avenue,2023,6484.0,3242.0,4614.0,0.7026
2-eastchester road_2016,2-eastchester road,2016,1191290.0,249465.4,105187.0,2.3716
2-eastchester road_2025,2-eastchester road,2025,38864.0,19432.0,105187.0,0.1847
2-echo place_2021,2-echo place,2021,13208.9,6604.5,3763.3,1.755
2-edenwald avenue_2016,2-edenwald avenue,2016,56686.0,14171.5,18556.0,0.7637
2-edison avenue_2019,2-edison avenue,2019,39620.7,5660.1,40744.2,0.1389
2-edison avenue_2021,2-edison avenue,2021,71201.1,14240.2,40744.2,0.3495
2-edison avenue_2022,2-edison avenue,2022,270.0,135.0,40744.2,0.0033
2-edison avenue_2024,2-edison avenue,2024,15112.0,7556.0,40744.2,0.1854
2-edson avenue_2016,2-edson avenue,2016,92345.6,20018.0,36058.3,0.5552
2-edson avenue_2018,2-edson avenue,2018,208413.6,104206.8,36058.3,2.89
2-edson avenue_2024,2-edson avenue,2024,9170.0,4585.0,36058.3,0.1272
2-effingham avenue_2023,2-effingham avenue,2023,388.0,194.0,2320.8,0.0836
2-elder avenue_2017,2-elder avenue,2017,92330.0,18466.0,15043.1,1.2275
2-elder avenue_2018,2-elder avenue,2018,5072.3,2536.1,15043.1,0.1686
2-elliot place_2024,2-elliot place,2024,18760.0,9380.0,3584.5,2.6168
2-ellis avenue_2019,2-ellis avenue,2019,18755.0,3751.0,18801.0,0.1995
2-ellis avenue_2023,2-ellis avenue,2023,312.0,156.0,18801.0,0.0083
2-ellis place_2018,2-ellis place,2018,2601.0,1300.5,435.2,2.9883
2-ellis place_2024,2-ellis place,2024,134.0,67.0,435.2,0.154
2-ellsworth avenue_2021,2-ellsworth avenue,2021,67996.4,16999.1,19884.2,0.8549
2-ellsworth avenue_2022,2-ellsworth avenue,2022,288.0,144.0,19884.2,0.0072
2-elm place_2017,2-elm place,2017,3197.4,1598.7,4118.3,0.3882
2-elm place_2021,2-elm place,2021,9126.5,3042.2,4118.3,0.7387
2-elsmere place_2022,2-elsmere place,2022,8380.0,4190.0,5104.2,0.8209
2-elton avenue_2022,2-elton avenue,2022,4352.0,2176.0,9930.9,0.2191
2-ely avenue_2018,2-ely avenue,2018,88380.5,12625.8,41310.1,0.3056
2-ely avenue_2020,2-ely avenue,2020,12900.0,4300.0,41310.1,0.1041
2-ely avenue_2023,2-ely avenue,2023,33279.0,9869.0,41310.1,0.2389
2-ely avenue_2024,2-ely avenue,2024,34386.0,17193.0,41310.1,0.4162
2-emerson avenue_2020,2-emerson avenue,2020,13527.8,3381.9,5198.7,0.6505
2-esplanade_2024,2-esplanade,2024,724.0,362.0,26979.1,0.0134
2-esplanade_2025,2-esplanade,2025,36826.0,16613.0,26979.1,0.6158
2-evelyn place_2024,2-evelyn place,2024,226.0,113.0,2962.0,0.0381
2-evergreen avenue_2022,2-evergreen avenue,2022,26420.0,13210.0,12195.7,1.0832
2-exterior street_2022,2-exterior street,2022,38672.0,19336.0,28415.9,0.6805
2-exterior street_2025,2-exterior street,2025,100062.0,50031.0,28415.9,1.7607
2-faile street_2019,2-faile street,2019,189234.7,50679.3,30494.9,1.6619
2-faile street_2023,2-faile street,2023,662.0,331.0,30494.9,0.0109
2-faraday avenue_2021,2-faraday avenue,2021,59114.3,29557.2,2087.2,14.1612
2-featherbed lane_2017,2-featherbed lane,2017,68229.0,34114.5,11107.4,3.0713
2-featherbed lane_2022,2-featherbed lane,2022,20510.0,10255.0,11107.4,0.9233
2-fenton avenue_2021,2-fenton avenue,2021,125279.1,31213.2,27342.4,1.1416
2-fenton avenue_2023,2-fenton avenue,2023,256.0,128.0,27342.4,0.0047
2-fenton avenue_2024,2-fenton avenue,2024,906.0,453.0,27342.4,0.0166
2-field place_2021,2-field place,2021,336.0,168.0,3500.5,0.048
2-field place_2024,2-field place,2024,250.0,125.0,3500.5,0.0357
2-fieldston road_2016,2-fieldston road,2016,548504.4,173858.2,36312.3,4.7879
2-fieldston road_2017,2-fieldston road,2017,28650.5,6694.6,36312.3,0.1844
2-fieldston road_2019,2-fieldston road,2019,1311863.2,262372.6,36312.3,7.2254
2-fieldston road_2025,2-fieldston road,2025,14134.0,7067.0,36312.3,0.1946
2-findlay avenue_2017,2-findlay avenue,2017,14924.4,3731.1,10433.1,0.3576
2-findlay avenue_2022,2-findlay avenue,2022,48736.0,24368.0,10433.1,2.3356
2-findlay avenue_2024,2-findlay avenue,2024,27486.0,13743.0,10433.1,1.3172
2-fink avenue_2024,2-fink avenue,2024,2432.0,1216.0,2315.4,0.5252
2-fish avenue_2021,2-fish avenue,2021,17911.3,8955.7,21770.7,0.4114
2-fish avenue_2023,2-fish avenue,2023,256.0,128.0,21770.7,0.0059
2-fish avenue_2024,2-fish avenue,2024,928.0,464.0,21770.7,0.0213
2-fletcher place_2019,2-fletcher place,2019,1246.0,623.0,611.6,1.0186
2-food center drive_2022,2-food center drive,2022,56364.0,28182.0,25826.7,1.0912
2-fordham place_2024,2-fordham place,2024,7356.0,3678.0,2089.8,1.76
2-fordham street_2024,2-fordham street,2024,28202.0,14101.0,7242.6,1.947
2-forest avenue_2022,2-forest avenue,2022,2720.0,1360.0,9647.9,0.141
2-forest avenue_2024,2-forest avenue,2024,7282.0,3641.0,9647.9,0.3774
2-forest avenue_2025,2-forest avenue,2025,10764.0,5382.0,9647.9,0.5578
2-forster place_2025,2-forster place,2025,56.0,28.0,168.8,0.1659
2-fort charles place_2016,2-fort charles place,2016,27272.5,13636.2,,
2-fort independence street_2020,2-fort independence street,2020,730483.4,182620.8,6322.5,28.8843
2-fort independence street_2025,2-fort independence street,2025,2790.0,1395.0,6322.5,0.2206
2-fowler avenue_2016,2-fowler avenue,2016,81173.3,10146.7,10425.7,0.9732
2-fox street_2018,2-fox street,2018,153735.7,25622.6,20104.8,1.2745
2-fox street_2021,2-fox street,2021,336.0,168.0,20104.8,0.0084
2-fox street_2022,2-fox street,2022,1218.0,609.0,20104.8,0.0303
2-fox street_2024,2-fox street,2024,2576.0,1288.0,20104.8,0.0641
2-fox street_2025,2-fox street,2025,69660.0,34830.0,20104.8,1.7324
2-franklin avenue_2017,2-franklin avenue,2017,53368.4,13342.1,15358.8,0.8687
2-freeman street_2023,2-freeman street,2023,41358.0,20679.0,16392.3,1.2615
2-freeman street_2024,2-freeman street,2024,1192.0,596.0,16392.3,0.0364
2-frisby avenue_2018,2-frisby avenue,2018,22768.3,7589.4,6264.1,1.2116
2-fteley avenue_2018,2-fteley avenue,2018,108550.1,18091.7,15542.3,1.164
2-fteley avenue_2019,2-fteley avenue,2019,2333.1,1166.6,15542.3,0.0751
2-fteley avenue_2024,2-fteley avenue,2024,4772.0,2386.0,15542.3,0.1535
2-fuller street_2022,2-fuller street,2022,3254.0,1627.0,1567.1,1.0382
2-fulton avenue_2018,2-fulton avenue,2018,185289.6,23161.2,18398.0,1.2589
2-fulton avenue_2022,2-fulton avenue,2022,29140.0,14570.0,18398.0,0.7919
2-furman avenue_2018,2-furman avenue,2018,545831.5,20993.5,10499.0,1.9996
2-gale place_2021,2-gale place,2021,17869.5,5956.5,999.9,5.9571
2-gale place_2023,2-gale place,2023,272.0,136.0,999.9,0.136
2-garrett place_2020,2-garrett place,2020,2292.8,1146.4,1150.4,0.9965
2-garrett place_2024,2-garrett place,2024,296.0,148.0,1150.4,0.1287
2-gerard avenue_2018,2-gerard avenue,2018,532931.6,88821.9,36804.4,2.4134
2-gerard avenue_2021,2-gerard avenue,2021,181444.6,15031.6,36804.4,0.4084
2-gerard avenue_2025,2-gerard avenue,2025,27862.0,13931.0,36804.4,0.3785
2-giegerich place_2023,2-giegerich place,2023,24362.0,12181.0,3042.6,4.0035
2-giles place_2020,2-giles place,2020,21984.5,10992.2,1599.9,6.8706
2-gillespie avenue_2016,2-gillespie avenue,2016,116151.5,16593.1,6739.6,2.462
2-gillespie avenue_2024,2-gillespie avenue,2024,332.0,166.0,6739.6,0.0246
2-givan avenue_2018,2-givan avenue,2018,76942.4,15388.5,31911.4,0.4822
2-givan avenue_2020,2-givan avenue,2020,97033.4,19406.7,31911.4,0.6081
2-givan avenue_2021,2-givan avenue,2021,20927.0,10463.5,31911.4,0.3279
2-gleason avenue_2019,2-gleason avenue,2019,83916.2,20979.0,28793.5,0.7286
2-gleason avenue_2023,2-gleason avenue,2023,312.0,156.0,28793.5,0.0054
2-gleason avenue_2025,2-gleason avenue,2025,22960.0,11480.0,28793.5,0.3987
2-glebe avenue_2022,2-glebe avenue,2022,27562.0,13781.0,9580.7,1.4384
2-glebe avenue_2024,2-glebe avenue,2024,480.0,240.0,9580.7,0.0251
2-glennon place_2023,2-glennon place,2023,21502.0,10751.0,1791.6,6.0008
2-glover street_2018,2-glover street,2018,198682.1,18062.0,5540.5,3.26
2-goble place_2025,2-goble place,2025,3582.0,1791.0,2094.3,0.8552
2-godwin terrace_2022,2-godwin terrace,2022,226.0,113.0,6839.2,0.0165
2-godwin terrace_2025,2-godwin terrace,2025,378.0,189.0,6839.2,0.0276
2-gouverneur avenue_2021,2-gouverneur avenue,2021,37131.4,7426.3,3734.7,1.9885
2-gouverneur place_2024,2-gouverneur place,2024,192.0,96.0,1293.3,0.0742
2-grace avenue_2016,2-grace avenue,2016,16695.1,5565.0,32283.3,0.1724
2-grace avenue_2018,2-grace avenue,2018,71014.3,10144.9,32283.3,0.3142
2-grace avenue_2023,2-grace avenue,2023,30272.0,15136.0,32283.3,0.4688
2-grace avenue_2024,2-grace avenue,2024,12118.0,6059.0,32283.3,0.1877
2-grand avenue_2019,2-grand avenue,2019,37176.9,7435.4,27694.5,0.2685
2-grand avenue_2023,2-grand avenue,2023,10158.0,4234.0,27694.5,0.1529
2-grand avenue_2024,2-grand avenue,2024,24774.0,12387.0,27694.5,0.4473
2-grand concourse_2016,2-grand concourse,2016,465878.3,113732.7,,
2-grand concourse_2025,2-grand concourse,2025,896.0,448.0,,
2-grant avenue_2020,2-grant avenue,2020,194386.5,38877.3,15286.2,2.5433
2-grant avenue_2025,2-grant avenue,2025,10020.0,5010.0,15286.2,0.3277
2-greystone avenue_2021,2-greystone avenue,2021,49275.1,16425.0,8940.8,1.8371
2-grinnell place_2023,2-grinnell place,2023,6534.0,3267.0,2558.5,1.2769
2-griswold avenue_2024,2-griswold avenue,2024,23372.0,11686.0,9284.9,1.2586
2-gunther avenue_2016,2-gunther avenue,2016,158168.1,22595.4,36848.6,0.6132
2-gunther avenue_2020,2-gunther avenue,2020,49745.6,12436.4,36848.6,0.3375
2-gunther avenue_2022,2-gunther avenue,2022,22256.0,11128.0,36848.6,0.302
2-gunther avenue_2024,2-gunther avenue,2024,18404.0,9202.0,36848.6,0.2497
2-haight avenue_2021,2-haight avenue,2021,1512.0,168.0,16890.7,0.0099
2-haight avenue_2024,2-haight avenue,2024,480.0,240.0,16890.7,0.0142
2-halleck street_2022,2-halleck street,2022,99601.9,49800.9,26058.9,1.9111
2-harding avenue_2020,2-harding avenue,2020,35140.2,8785.0,39045.0,0.225
2-harding avenue_2022,2-harding avenue,2022,17634.0,8817.0,39045.0,0.2258
2-harper avenue_2020,2-harper avenue,2020,46824.1,15608.0,8962.2,1.7415
2-harrington avenue_2019,2-harrington avenue,2019,94104.1,10456.0,5328.0,1.9625
2-harrison avenue_2022,2-harrison avenue,2022,113106.0,56553.0,8427.9,6.7102
2-haskin street_2025,2-haskin street,2025,2818.0,1409.0,1385.4,1.017
2-hatting place_2023,2-hatting place,2023,20210.0,10105.0,1491.0,6.7773
2-havemeyer avenue_2021,2-havemeyer avenue,2021,1344.0,168.0,29054.4,0.0058
2-havemeyer avenue_2023,2-havemeyer avenue,2023,27172.0,11198.0,29054.4,0.3854
2-havemeyer avenue_2024,2-havemeyer avenue,2024,52676.0,26338.0,29054.4,0.9065
2-haviland avenue_2016,2-haviland avenue,2016,82158.5,13693.1,13920.6,0.9837
2-haviland avenue_2022,2-haviland avenue,2022,340.0,170.0,13920.6,0.0122
2-hawkins street_2024,2-hawkins street,2024,13658.0,6829.0,4243.8,1.6092
2-hawkstone street_2019,2-hawkstone street,2019,11221.6,5610.8,1295.8,4.33
2-heath avenue_2022,2-heath avenue,2022,120274.0,36833.0,16090.1,2.2892
2-hennessy place_2022,2-hennessy place,2022,226.0,113.0,2032.1,0.0556
2-henry hudson parkway_2017,2-henry hudson parkway,2017,209138.3,69712.8,68432.1,1.0187
2-henry hudson parkway_2018,2-henry hudson parkway,2018,1284477.4,160923.4,68432.1,2.3516
2-henry hudson parkway_2021,2-henry hudson parkway,2021,857539.6,244372.7,68432.1,3.571
2-henry hudson parkway_2022,2-henry hudson parkway,2022,4040.0,2020.0,68432.1,0.0295
2-henry hudson py nb en west 253 street_2025,2-henry hudson py nb en west 253 street,2025,602.0,301.0,554.6,0.5427
2-hering avenue_2018,2-hering avenue,2018,33768.0,11256.0,28235.5,0.3986
2-hering avenue_2022,2-hering avenue,2022,332.0,166.0,28235.5,0.0059
2-hering avenue_2024,2-hering avenue,2024,332.0,166.0,28235.5,0.0059
2-herkimer place_2020,2-herkimer place,2020,3076.3,1538.2,1499.7,1.0257
2-hewitt place_2022,2-hewitt place,2022,678.0,339.0,2898.6,0.117
2-hicks street_2024,2-hicks street,2024,10422.0,5211.0,5894.4,0.8841
2-hill avenue_2016,2-hill avenue,2016,15900.4,5300.2,18568.5,0.2854
2-hill avenue_2023,2-hill avenue,2023,338.0,169.0,18568.5,0.0091
2-hill avenue_2024,2-hill avenue,2024,25872.0,12936.0,18568.5,0.6967
2-hobart avenue_2016,2-hobart avenue,2016,20055.3,6685.1,20591.6,0.3247
2-hobart avenue_2019,2-hobart avenue,2019,115874.6,14484.3,20591.6,0.7034
2-hobart avenue_2024,2-hobart avenue,2024,21340.0,10670.0,20591.6,0.5182
2-hoe avenue_2016,2-hoe avenue,2016,24816.0,8272.0,17021.6,0.486
2-hoe avenue_2021,2-hoe avenue,2021,204083.3,68027.8,17021.6,3.9966
2-hoe avenue_2024,2-hoe avenue,2024,48296.0,24148.0,17021.6,1.4187
2-hoffman street_2021,2-hoffman street,2021,2716.6,1358.3,7328.8,0.1853
2-holland avenue_2016,2-holland avenue,2016,16510.2,5503.4,46142.5,0.1193
2-holland avenue_2023,2-holland avenue,2023,73172.0,36586.0,46142.5,0.7929
2-holland avenue_2024,2-holland avenue,2024,270.0,135.0,46142.5,0.0029
2-hollers avenue_2020,2-hollers avenue,2020,28894.5,9631.5,13482.8,0.7144
2-hollywood avenue_2018,2-hollywood avenue,2018,134066.6,24962.5,39532.1,0.6314
2-hollywood avenue_2022,2-hollywood avenue,2022,400.0,200.0,39532.1,0.0051
2-hollywood avenue_2024,2-hollywood avenue,2024,9154.0,4577.0,39532.1,0.1158
2-home street_2016,2-home street,2016,19235.3,6411.8,17387.6,0.3688
2-home street_2021,2-home street,2021,23716.0,11858.0,17387.6,0.682
2-home street_2024,2-home street,2024,16592.0,8296.0,17387.6,0.4771
2-homer avenue_2022,2-homer avenue,2022,340.0,170.0,12231.6,0.0139
2-hone avenue_2020,2-hone avenue,2020,71106.6,19260.2,34053.7,0.5656
2-hone avenue_2024,2-hone avenue,2024,748.0,374.0,34053.7,0.011
2-hosmer avenue_2020,2-hosmer avenue,2020,15990.1,5330.0,3667.8,1.4532
2-howe avenue_2022,2-howe avenue,2022,5576.0,2788.0,6530.8,0.4269
2-howe avenue_2023,2-howe avenue,2023,388.0,194.0,6530.8,0.0297
2-howe avenue_2025,2-howe avenue,2025,348.0,174.0,6530.8,0.0266
2-hoxie street_2018,2-hoxie street,2018,4029.4,2014.7,1955.2,1.0304
2-hudson manor terrace_2016,2-hudson manor terrace,2016,19848.2,6616.1,1961.9,3.3723
2-hugh j grant circle_2024,2-hugh j grant circle,2024,34294.0,17147.0,7719.3,2.2213
2-hughes avenue_2017,2-hughes avenue,2017,44130.3,14710.1,17379.9,0.8464
2-hughes avenue_2021,2-hughes avenue,2021,5990.4,2995.2,17379.9,0.1723
2-hull avenue_2021,2-hull avenue,2021,153498.1,17055.3,13079.1,1.304
2-hunt avenue_2020,2-hunt avenue,2020,1006811.1,25815.7,9624.8,2.6822
2-hunt avenue_2024,2-hunt avenue,2024,2624.0,1312.0,9624.8,0.1363
2-hunt south point avenue_2017,2-hunt south point avenue,2017,70342.8,12043.5,,
2-hunter avenue_2024,2-hunter avenue,2024,3732.0,1866.0,7720.5,0.2417
2-huntington avenue_2020,2-huntington avenue,2020,16187.5,5978.5,11388.5,0.525
2-huntington avenue_2022,2-huntington avenue,2022,520.0,260.0,11388.5,0.0228
2-huntington avenue_2025,2-huntington avenue,2025,9442.0,4721.0,11388.5,0.4145
2-hunts point avenue_2017,2-hunts point avenue,2017,2805470.4,452401.0,40171.8,11.2617
2-hutchinson riv parkway_2016,2-hutchinson riv parkway,2016,4010.0,1336.7,,
2-hutchinson riv parkway_2022,2-hutchinson riv parkway,2022,6644.0,3322.0,,
2-hutchinson river parkway_2016,2-hutchinson river parkway,2016,1590225.5,195968.7,117687.3,1.6652
2-hutchinson river parkway_2019,2-hutchinson river parkway,2019,1006608.7,335536.2,117687.3,2.8511
2-hutchinson river parkway_2022,2-hutchinson river parkway,2022,20908.0,10454.0,117687.3,0.0888
2-hutchinson river parkway sb et 2_2024,2-hutchinson river parkway sb et 2,2024,574.0,287.0,,
2-huxley avenue_2017,2-huxley avenue,2017,4876.4,2438.2,4682.7,0.5207
2-huxley avenue_2025,2-huxley avenue,2025,7646.0,3823.0,4682.7,0.8164
2-independence avenue_2019,2-independence avenue,2019,176405.0,20268.5,28726.3,0.7056
2-independence avenue_2020,2-independence avenue,2020,621900.9,55760.5,28726.3,1.9411
2-independence avenue_2023,2-independence avenue,2023,200.0,100.0,28726.3,0.0035
2-intervale avenue_2022,2-intervale avenue,2022,1184.0,592.0,41013.6,0.0144
2-intervale avenue_2023,2-intervale avenue,2023,534.0,267.0,41013.6,0.0065
2-intervale avenue_2024,2-intervale avenue,2024,81002.0,40501.0,41013.6,0.9875
2-inwood avenue_2021,2-inwood avenue,2021,989.6,494.8,10724.6,0.0461
2-irvine street_2019,2-irvine street,2019,8266.6,4133.3,1097.3,3.7668
2-irwin avenue_2016,2-irwin avenue,2016,109616.7,7307.8,14479.8,0.5047
2-irwin avenue_2018,2-irwin avenue,2018,92958.2,18591.6,14479.8,1.284
2-irwin avenue_2021,2-irwin avenue,2021,14615.6,7307.8,14479.8,0.5047
2-irwin avenue_2022,2-irwin avenue,2022,74361.0,3541.0,14479.8,0.2445
2-island point_2024,2-island point,2024,256.0,128.0,,
2-ittner place_2023,2-ittner place,2023,71400.0,510.0,3538.0,0.1441
2-jackson avenue_2021,2-jackson avenue,2021,103258.0,25814.5,24847.8,1.0389
2-jackson avenue_2022,2-jackson avenue,2022,1306.0,653.0,24847.8,0.0263
2-jackson avenue_2024,2-jackson avenue,2024,8062.0,4031.0,24847.8,0.1622
2-jackson avenue_2025,2-jackson avenue,2025,7462.0,3731.0,24847.8,0.1502
2-jacobus place_2016,2-jacobus place,2016,4977.7,2488.8,,
2-jarvis avenue_2016,2-jarvis avenue,2016,83267.1,20816.8,8369.0,2.4874
2-jarvis avenue_2024,2-jarvis avenue,2024,200.0,100.0,8369.0,0.0119
2-jennings street_2020,2-jennings street,2020,24405.3,9016.6,13257.8,0.6801
2-jennings street_2023,2-jennings street,2023,332.0,166.0,13257.8,0.0125
2-jerome avenue_2016,2-jerome avenue,2016,1631113.4,125470.3,222197.8,0.5647
2-jerome avenue_2018,2-jerome avenue,2018,3347489.6,196911.2,222197.8,0.8862
2-jerome avenue_2019,2-jerome avenue,2019,1017119.2,72651.4,222197.8,0.327
2-jerome avenue_2020,2-jerome avenue,2020,1673912.6,239130.4,222197.8,1.0762
2-jerome avenue_2023,2-jerome avenue,2023,28156.0,14078.0,222197.8,0.0634
2-jesup avenue_2021,2-jesup avenue,2021,152679.6,38169.9,8450.7,4.5168
2-jesup place_2021,2-jesup place,2021,336.0,168.0,857.6,0.1959
2-johnson avenue_2018,2-johnson avenue,2018,1098501.8,156928.8,15850.2,9.9007
2-johnson avenue_2022,2-johnson avenue,2022,664293.0,31633.0,15850.2,1.9957
2-kappock street_2022,2-kappock street,2022,32254.0,16127.0,11065.3,1.4574
2-katonah avenue_2019,2-katonah avenue,2019,27769.8,13884.9,10927.2,1.2707
2-kearney avenue_2024,2-kearney avenue,2024,10310.0,5155.0,14860.1,0.3469
2-kelly street_2018,2-kelly street,2018,23795.5,11897.7,14502.9,0.8204
2-kelly street_2022,2-kelly street,2022,2742.0,457.0,14502.9,0.0315
2-kennellworth place_2016,2-kennellworth place,2016,56479.8,4344.6,7247.5,0.5995
2-kilroe street_2024,2-kilroe street,2024,1974.0,987.0,839.1,1.1763
2-kimberly place_2016,2-kimberly place,2016,2259.3,1129.7,1095.0,1.0317
2-king avenue_2024,2-king avenue,2024,18670.0,9335.0,7580.9,1.2314
2-kings college place_2016,2-kings college place,2016,5512.7,2756.3,2569.0,1.0729
2-kings college place_2023,2-kings college place,2023,4790.0,2395.0,2569.0,0.9323
2-kingsbridge avenue_2022,2-kingsbridge avenue,2022,34252.0,17126.0,13980.0,1.225
2-kingsbridge terrace_2022,2-kingsbridge terrace,2022,54608.0,20858.0,10124.5,2.0602
2-kingsland avenue_2018,2-kingsland avenue,2018,56881.2,8125.9,30210.6,0.269
2-kingsland avenue_2021,2-kingsland avenue,2021,37486.4,10560.7,30210.6,0.3496
2-kingsland avenue_2024,2-kingsland avenue,2024,8870.0,4435.0,30210.6,0.1468
2-kingsland place_2022,2-kingsland place,2022,576.0,288.0,411.7,0.6995
2-kossuth avenue_2022,2-kossuth avenue,2022,6238.0,3119.0,5494.7,0.5676
2-la salle avenue_2019,2-la salle avenue,2019,34946.0,13470.4,8587.6,1.5686
2-lacombe avenue_2023,2-lacombe avenue,2023,67935.0,24887.0,31178.5,0.7982
2-lacombe avenue_2025,2-lacombe avenue,2025,21970.0,10985.0,31178.5,0.3523
2-laconia avenue_2016,2-laconia avenue,2016,59511.8,14878.0,76967.3,0.1933
2-laconia avenue_2020,2-laconia avenue,2020,250330.5,35761.5,76967.3,0.4646
2-lafayette avenue_2017,2-lafayette avenue,2017,667807.6,108998.1,132984.3,0.8196
2-lafayette avenue_2018,2-lafayette avenue,2018,90112.9,30037.6,132984.3,0.2259
2-lafayette avenue_2019,2-lafayette avenue,2019,130089.8,32522.5,132984.3,0.2446
2-lafayette avenue_2022,2-lafayette avenue,2022,57400.0,28700.0,132984.3,0.2158
2-lafayette avenue_2025,2-lafayette avenue,2025,854.0,427.0,132984.3,0.0032
2-lafontaine avenue_2022,2-lafontaine avenue,2022,29284.0,14642.0,5654.7,2.5894
2-lakeview place_2018,2-lakeview place,2018,4710.1,2355.1,1240.0,1.8993
2-lakewood place_2022,2-lakewood place,2022,288.0,144.0,1908.0,0.0755
2-landing road_2021,2-landing road,2021,19531.6,9765.8,1353.5,7.2152
2-laurie avenue_2024,2-laurie avenue,2024,2084.0,1042.0,830.5,1.2547
2-layton avenue_2018,2-layton avenue,2018,113352.0,16193.1,13942.6,1.1614
2-lebanon street_2024,2-lebanon street,2024,10262.0,5131.0,3311.0,1.5497
2-leggett avenue_2021,2-leggett avenue,2021,53794.7,8584.7,20791.5,0.4129
2-leland avenue_2016,2-leland avenue,2016,93809.8,23452.4,37392.2,0.6272
2-leland avenue_2019,2-leland avenue,2019,38040.0,9504.0,37392.2,0.2542
2-leland avenue_2024,2-leland avenue,2024,444.0,222.0,37392.2,0.0059
2-lester street_2023,2-lester street,2023,1462.0,731.0,1316.1,0.5554
2-libby place_2024,2-libby place,2024,8598.0,4299.0,2125.0,2.0231
2-library avenue_2025,2-library avenue,2025,9400.0,4700.0,4962.4,0.9471
2-liebig avenue_2023,2-liebig avenue,2023,200.0,100.0,10062.1,0.0099
2-liebig avenue_2025,2-liebig avenue,2025,26250.0,13125.0,10062.1,1.3044
2-light street_2020,2-light street,2020,32139.0,8034.8,6216.9,1.2924
2-light street_2024,2-light street,2024,256.0,128.0,6216.9,0.0206
2-lincoln avenue_2019,2-lincoln avenue,2019,11259.1,5629.6,9549.0,0.5895
2-lincoln avenue_2023,2-lincoln avenue,2023,22702.0,11351.0,9549.0,1.1887
2-lisbon place_2016,2-lisbon place,2016,1290.9,645.5,548.0,1.1779
2-locust avenue_2018,2-locust avenue,2018,35550.0,11850.0,7986.7,1.4837
2-lodovick avenue_2018,2-lodovick avenue,2018,15980.0,6466.7,11552.7,0.5598
2-logan avenue_2022,2-logan avenue,2022,332.0,166.0,23127.2,0.0072
2-longfellow avenue_2016,2-longfellow avenue,2016,10670.8,5335.4,40326.9,0.1323
2-longfellow avenue_2019,2-longfellow avenue,2019,132937.9,13293.8,40326.9,0.3297
2-longfellow avenue_2020,2-longfellow avenue,2020,93681.2,5039.3,40326.9,0.125
2-longfellow avenue_2021,2-longfellow avenue,2021,102076.9,23658.8,40326.9,0.5867
2-longfellow avenue_2023,2-longfellow avenue,2023,662.0,331.0,40326.9,0.0082
2-longstreet avenue_2023,2-longstreet avenue,2023,10188.0,5094.0,10981.3,0.4639
2-longwood avenue_2017,2-longwood avenue,2017,224616.7,55747.6,25532.0,2.1834
2-loomis street_2016,2-loomis street,2016,1960.1,980.1,814.7,1.203
2-lorillard place_2022,2-lorillard place,2022,26674.0,13337.0,6150.5,2.1684
2-loring place_2019,2-loring place,2019,6101.0,3050.5,,
2-loring place_2022,2-loring place,2022,200.0,100.0,,
2-loring place_2023,2-loring place,2023,332.0,166.0,,
2-loring place_2024,2-loring place,2024,14836.0,7418.0,,
2-loring place_2025,2-loring place,2025,16474.0,8237.0,,
2-louis nine boulevard_2023,2-louis nine boulevard,2023,104684.0,33905.0,14544.6,2.3311
2-lowerre place_2021,2-lowerre place,2021,36017.6,4103.0,3722.5,1.1022
2-lurting avenue_2016,2-lurting avenue,2016,3218.2,1609.1,35579.6,0.0452
2-lurting avenue_2022,2-lurting avenue,2022,332.0,166.0,35579.6,0.0047
2-lurting avenue_2024,2-lurting avenue,2024,842.0,421.0,35579.6,0.0118
2-lurting avenue_2025,2-lurting avenue,2025,24142.0,12071.0,35579.6,0.3393
2-lydig avenue_2020,2-lydig avenue,2020,21701.7,9747.2,19564.0,0.4982
2-lydig avenue_2022,2-lydig avenue,2022,460.0,230.0,19564.0,0.0118
2-lydig avenue_2024,2-lydig avenue,2024,15562.0,7781.0,19564.0,0.3977
2-lyman place_2022,2-lyman place,2022,4208.0,2104.0,2294.9,0.9168
2-lyon avenue_2022,2-lyon avenue,2022,974.0,487.0,4704.3,0.1035
2-macdonough place_2024,2-macdonough place,2024,2824.0,1412.0,9473.1,0.1491
2-mace avenue_2016,2-mace avenue,2016,45995.5,5110.6,47873.4,0.1068
2-mace avenue_2018,2-mace avenue,2018,280173.5,16854.5,47873.4,0.3521
2-mace avenue_2024,2-mace avenue,2024,39196.0,19598.0,47873.4,0.4094
2-maclay avenue_2021,2-maclay avenue,2021,138489.8,20023.3,6713.6,2.9825
2-macombs road_2019,2-macombs road,2019,20667.0,2066.7,24267.7,0.0852
2-macombs road_2021,2-macombs road,2021,61685.9,23534.8,24267.7,0.9698
2-magenta street_2022,2-magenta street,2022,720.0,360.0,8157.7,0.0441
2-mahan avenue_2019,2-mahan avenue,2019,34146.4,8536.6,6146.8,1.3888
2-mahan avenue_2024,2-mahan avenue,2024,200.0,100.0,6146.8,0.0163
2-maitland avenue_2019,2-maitland avenue,2019,8968.0,2242.0,2153.3,1.0412
2-major deegan ep sb en east 135 street_2022,2-major deegan ep sb en east 135 street,2022,5432.0,2716.0,,
2-manh college parkway_2017,2-manh college parkway,2017,1830909.2,228863.6,,
2-manhattan college parkway_2017,2-manhattan college parkway,2017,959628.2,119953.5,13947.0,8.6007
2-manida street_2017,2-manida street,2017,224803.8,44960.8,15818.5,2.8423
2-manida street_2023,2-manida street,2023,536.0,268.0,15818.5,0.0169
2-manning street_2016,2-manning street,2016,2688.9,1344.4,1159.4,1.1596
2-maran place_2022,2-maran place,2022,414.0,207.0,2257.1,0.0917
2-marble hill avenue_2016,2-marble hill avenue,2016,92322.5,15387.1,816.2,18.8521
2-marcy place_2019,2-marcy place,2019,19040.0,6346.7,5030.9,1.2615
2-marcy place_2023,2-marcy place,2023,196.0,98.0,5030.9,0.0195
2-marion avenue_2017,2-marion avenue,2017,19476.2,9738.1,22095.9,0.4407
2-marion avenue_2024,2-marion avenue,2024,34100.0,17050.0,22095.9,0.7716
2-marolla place_2024,2-marolla place,2024,13842.0,6921.0,5087.6,1.3604
2-matilda avenue_2018,2-matilda avenue,2018,43475.6,10868.9,13507.1,0.8047
2-matthews avenue_2016,2-matthews avenue,2016,17532.4,5844.1,30923.8,0.189
2-matthews avenue_2024,2-matthews avenue,2024,326.0,163.0,30923.8,0.0053
2-mayflower avenue_2017,2-mayflower avenue,2017,54746.5,21979.7,28259.1,0.7778
2-mayflower avenue_2024,2-mayflower avenue,2024,24794.0,12397.0,28259.1,0.4387
2-mcclellan street_2024,2-mcclellan street,2024,254.0,127.0,8317.9,0.0153
2-mcclellan street_2025,2-mcclellan street,2025,10630.0,5315.0,8317.9,0.639
2-mcdonald street_2016,2-mcdonald street,2016,15228.0,5328.4,3563.2,1.4954
2-mcgraw avenue_2024,2-mcgraw avenue,2024,39770.0,19885.0,9093.3,2.1868
2-mead street_2025,2-mead street,2025,128.0,64.0,1968.1,0.0325
2-melrose avenue_2016,2-melrose avenue,2016,50270.7,25135.4,23535.0,1.068
2-melrose avenue_2018,2-melrose avenue,2018,110091.2,22018.2,23535.0,0.9356
2-merriam avenue_2023,2-merriam avenue,2023,18041.0,7392.0,5339.8,1.3843
2-merry avenue_2016,2-merry avenue,2016,71710.0,23903.3,2496.7,9.574
2-metcalf avenue_2018,2-metcalf avenue,2018,72084.5,14416.9,22884.1,0.63
2-metcalf avenue_2022,2-metcalf avenue,2022,3360.0,1680.0,22884.1,0.0734
2-metcalf avenue_2025,2-metcalf avenue,2025,437214.0,218607.0,22884.1,9.5528
2-metropolitan avenue_2018,2-metropolitan avenue,2018,1093009.4,158156.7,16572.9,9.5431
2-metropolitan oval_2018,2-metropolitan oval,2018,297380.1,99126.7,5090.2,19.474
2-meyers street_2025,2-meyers street,2025,1758.0,879.0,771.2,1.1398
2-mickle avenue_2018,2-mickle avenue,2018,25940.0,8646.7,29883.3,0.2893
2-mickle avenue_2022,2-mickle avenue,2022,20144.0,10072.0,29883.3,0.337
2-mickle avenue_2023,2-mickle avenue,2023,5912.0,2956.0,29883.3,0.0989
2-mickle avenue_2024,2-mickle avenue,2024,8824.0,4412.0,29883.3,0.1476
2-middletown road_2016,2-middletown road,2016,25742.2,6435.6,21194.2,0.3036
2-miles avenue_2020,2-miles avenue,2020,60402.6,8628.9,23972.6,0.3599
2-miles avenue_2022,2-miles avenue,2022,22054.0,11027.0,23972.6,0.46
2-milton place_2019,2-milton place,2019,30741.1,6148.2,3137.0,1.9599
2-minford place_2022,2-minford place,2022,9960.0,4980.0,4831.6,1.0307
2-minnieford avenue_2024,2-minnieford avenue,2024,13622.0,6811.0,8639.7,0.7883
2-miriam street_2016,2-miriam street,2016,5040.0,2520.0,1045.2,2.411
2-mohegan avenue_2025,2-mohegan avenue,2025,2746.0,1373.0,6711.7,0.2046
2-monroe avenue_2018,2-monroe avenue,2018,54143.8,6768.0,8164.9,0.8289
2-monterey avenue_2023,2-monterey avenue,2023,6897.0,2810.0,3422.0,0.8212
2-monticello avenue_2023,2-monticello avenue,2023,48785.0,16216.0,17069.3,0.95
2-monticello avenue_2024,2-monticello avenue,2024,256.0,128.0,17069.3,0.0075
2-morgan avenue_2021,2-morgan avenue,2021,74836.7,14967.3,14909.2,1.0039
2-morgan avenue_2024,2-morgan avenue,2024,332.0,166.0,14909.2,0.0111
2-morris avenue_2017,2-morris avenue,2017,383041.4,121198.1,88915.8,1.3631
2-morris avenue_2019,2-morris avenue,2019,54518.7,27259.3,88915.8,0.3066
2-morris avenue_2020,2-morris avenue,2020,16706.6,8353.3,88915.8,0.0939
2-morris avenue_2024,2-morris avenue,2024,232388.0,114462.0,88915.8,1.2873
2-morris avenue_2025,2-morris avenue,2025,22052.0,11026.0,88915.8,0.124
2-morris park avenue_2016,2-morris park avenue,2016,4613.2,2306.6,64435.5,0.0358
2-morris park avenue_2019,2-morris park avenue,2019,127154.0,42384.6,64435.5,0.6578
2-morrison avenue_2017,2-morrison avenue,2017,72343.8,18086.0,18288.1,0.9889
2-mosholu avenue_2017,2-mosholu avenue,2017,555460.1,105977.5,18376.6,5.767
2-mosholu parkway_2020,2-mosholu parkway,2020,141130.0,48665.6,66717.1,0.7294
2-mosholu parkway_2022,2-mosholu parkway,2022,246968.0,123484.0,66717.1,1.8509
2-mosholu parkway_2023,2-mosholu parkway,2023,161011.0,56819.0,66717.1,0.8516
2-mount hope place_2016,2-mount hope place,2016,31048.2,15524.1,6820.2,2.2762
2-mount hope place_2021,2-mount hope place,2021,17892.6,8946.3,6820.2,1.3117
2-mulford avenue_2024,2-mulford avenue,2024,22194.0,11097.0,11058.2,1.0035
2-muliner avenue_2016,2-muliner avenue,2016,393349.1,32779.1,12721.5,2.5767
2-muliner avenue_2024,2-muliner avenue,2024,308.0,154.0,12721.5,0.0121
2-murdock avenue_2021,2-murdock avenue,2021,56555.5,9111.2,23605.7,0.386
2-murdock avenue_2022,2-murdock avenue,2022,15516.0,7758.0,23605.7,0.3286
2-murdock avenue_2023,2-murdock avenue,2023,338.0,169.0,23605.7,0.0072
2-murdock avenue_2024,2-murdock avenue,2024,14232.0,7116.0,23605.7,0.3015
2-napier avenue_2020,2-napier avenue,2020,7510.4,3755.2,3303.2,1.1368
2-needham avenue_2021,2-needham avenue,2021,10000.0,3333.3,19123.8,0.1743
2-needham avenue_2023,2-needham avenue,2023,11980.0,5990.0,19123.8,0.3132
2-needham avenue_2024,2-needham avenue,2024,8114.0,4057.0,19123.8,0.2121
2-neill avenue_2016,2-neill avenue,2016,331424.3,36824.9,23527.4,1.5652
2-neill avenue_2018,2-neill avenue,2018,111758.8,15965.5,23527.4,0.6786
2-nelson avenue_2021,2-nelson avenue,2021,38298.0,12766.0,21057.4,0.6062
2-nelson avenue_2023,2-nelson avenue,2023,758.0,379.0,21057.4,0.018
2-nelson avenue_2024,2-nelson avenue,2024,13688.0,6844.0,21057.4,0.325
2-nelson avenue_2025,2-nelson avenue,2025,242.0,121.0,21057.4,0.0057
2-nereid avenue_2018,2-nereid avenue,2018,47520.0,11880.0,36883.1,0.3221
2-nereid avenue_2021,2-nereid avenue,2021,6860.0,3430.0,36883.1,0.093
2-netherland avenue_2022,2-netherland avenue,2022,226.0,113.0,25919.3,0.0044
2-netherland avenue_2023,2-netherland avenue,2023,16152.0,2692.0,25919.3,0.1039
2-newbold avenue_2019,2-newbold avenue,2019,4787.0,1595.7,20074.8,0.0795
2-newman avenue_2024,2-newman avenue,2024,588.0,294.0,6584.9,0.0446
2-newman avenue_2025,2-newman avenue,2025,232.0,116.0,6584.9,0.0176
2-newport avenue_2018,2-newport avenue,2018,10335.1,5167.6,841.5,6.1409
2-noble avenue_2018,2-noble avenue,2018,393483.0,131161.0,17810.1,7.3644
2-noble avenue_2022,2-noble avenue,2022,730.0,365.0,17810.1,0.0205
2-north oak drive_2016,2-north oak drive,2016,5994.9,2997.4,3199.1,0.937
2-norton avenue_2025,2-norton avenue,2025,10888.0,5444.0,5652.8,0.9631
2-nuvern avenue_2024,2-nuvern avenue,2024,1210.0,605.0,855.1,0.7075
2-nycta subway_2022,2-nycta subway,2022,228286.0,111760.0,,
2-nycta subway_2024,2-nycta subway,2024,1908.0,954.0,,
2-o brien avenue_2025,2-o brien avenue,2025,13342.0,6671.0,8130.1,0.8205
2-o neill place_2018,2-o neill place,2018,3881.3,1940.7,1723.7,1.1259
2-oak terrace_2022,2-oak terrace,2022,1846.0,923.0,977.2,0.9445
2-oak tree place_2021,2-oak tree place,2021,9997.4,3332.5,2441.8,1.3648
2-oak tree place_2022,2-oak tree place,2022,392.0,196.0,2441.8,0.0803
2-oakland place_2018,2-oakland place,2018,3936.4,1968.2,3162.3,0.6224
2-odell street_2022,2-odell street,2022,4400.0,2200.0,4558.2,0.4826
2-ogden avenue_2020,2-ogden avenue,2020,14388.4,7194.2,19698.0,0.3652
2-ohm avenue_2016,2-ohm avenue,2016,10576.0,5288.0,6535.8,0.8091
2-ohm avenue_2025,2-ohm avenue,2025,11008.0,5504.0,6535.8,0.8421
2-olinville avenue_2016,2-olinville avenue,2016,67968.0,17792.0,29460.7,0.6039
2-olinville avenue_2023,2-olinville avenue,2023,10628.0,5314.0,29460.7,0.1804
2-oliver place_2024,2-oliver place,2024,748.0,374.0,1418.4,0.2637
2-olmstead avenue_2022,2-olmstead avenue,2022,45788.0,22894.0,41329.0,0.5539
2-olmstead avenue_2025,2-olmstead avenue,2025,19736.0,9868.0,41329.0,0.2388
2-oneida avenue_2022,2-oneida avenue,2022,3824.0,1912.0,3058.4,0.6252
2-orloff avenue_2023,2-orloff avenue,2023,23924.0,11962.0,5048.6,2.3694
2-osborne place_2022,2-osborne place,2022,11688.0,5844.0,1931.9,3.025
2-osgood street_2018,2-osgood street,2018,2143.4,1071.7,1011.4,1.0596
2-osman place_2018,2-osman place,2018,2742.1,1371.1,1467.1,0.9346
2-overing street_2018,2-overing street,2018,36477.1,12159.0,6273.2,1.9382
2-paine street_2024,2-paine street,2024,4668.0,2334.0,2415.7,0.9662
2-palisade avenue_2016,2-palisade avenue,2016,446575.6,74429.3,17747.2,4.1939
2-palisade place_2021,2-palisade place,2021,16339.2,8169.6,1688.2,4.8392
2-park avenue_2020,2-park avenue,2020,239278.6,47855.7,95889.6,0.4991
2-park avenue_2023,2-park avenue,2023,12701450.0,108148.0,95889.6,1.1278
2-park avenue_2024,2-park avenue,2024,66854.0,33427.0,95889.6,0.3486
2-park avenue_2025,2-park avenue,2025,18870.0,9435.0,95889.6,0.0984
2-parker street_2024,2-parker street,2024,256.0,128.0,9115.9,0.014
2-parkview avenue_2016,2-parkview avenue,2016,25066.7,6266.7,5896.8,1.0627
2-parkview avenue_2024,2-parkview avenue,2024,200.0,100.0,5896.8,0.017
2-parsifal place_2018,2-parsifal place,2018,75436.3,10776.6,3666.7,2.939
2-patterson avenue_2018,2-patterson avenue,2018,27909.6,930.3,9976.4,0.0933
2-paul avenue_2022,2-paul avenue,2022,74462.0,37231.0,10233.2,3.6383
2-paulding avenue_2017,2-paulding avenue,2017,43409.5,14469.8,60163.5,0.2405
2-paulding avenue_2020,2-paulding avenue,2020,331678.2,29425.3,60163.5,0.4891
2-paulding avenue_2024,2-paulding avenue,2024,40644.0,20322.0,60163.5,0.3378
2-pawnee place_2020,2-pawnee place,2020,8167.5,2722.5,1128.8,2.4119
2-pearsall avenue_2016,2-pearsall avenue,2016,297340.6,5880.6,20748.8,0.2834
2-pearsall avenue_2025,2-pearsall avenue,2025,17720.0,8860.0,20748.8,0.427
2-pedestrian path_2022,2-pedestrian path,2022,2400.0,1200.0,30677.5,0.0391
2-pelham parkway_2022,2-pelham parkway,2022,17740.0,8870.0,51213.3,0.1732
2-penfield street_2018,2-penfield street,2018,22293.8,4458.8,4311.2,1.0342
2-pennyfield avenue_2022,2-pennyfield avenue,2022,16038.0,8019.0,17789.0,0.4508
2-perot street_2025,2-perot street,2025,296.0,148.0,1275.7,0.116
2-perry avenue_2021,2-perry avenue,2021,39554.1,9888.5,13287.6,0.7442
2-phelan place_2023,2-phelan place,2023,332.0,166.0,3098.7,0.0536
2-phelan place_2025,2-phelan place,2025,6210.0,3105.0,3098.7,1.002
2-philip avenue_2019,2-philip avenue,2019,44968.0,11242.0,16773.2,0.6702
2-philip avenue_2022,2-philip avenue,2022,8968.0,4484.0,16773.2,0.2673
2-pierce avenue_2016,2-pierce avenue,2016,93078.3,15324.2,12281.2,1.2478
2-pilgrim avenue_2024,2-pilgrim avenue,2024,456.0,228.0,10575.0,0.0216
2-pitman avenue_2016,2-pitman avenue,2016,87994.7,14665.8,17445.2,0.8407
2-pitman avenue_2023,2-pitman avenue,2023,12736.0,6368.0,17445.2,0.365
2-plimpton avenue_2021,2-plimpton avenue,2021,26120.4,10114.6,8059.8,1.2549
2-plymouth avenue_2024,2-plymouth avenue,2024,160.0,80.0,3451.0,0.0232
2-polo place_2018,2-polo place,2018,20755.5,3459.2,3254.2,1.063
2-popham avenue_2021,2-popham avenue,2021,119791.9,11964.8,7309.5,1.6369
2-poplar street_2016,2-poplar street,2016,35471.1,17735.5,6105.8,2.9047
2-post road_2017,2-post road,2017,40008.8,13336.3,14755.3,0.9038
2-post road_2018,2-post road,2018,92390.8,15398.5,14755.3,1.0436
2-post road_2025,2-post road,2025,214.0,107.0,14755.3,0.0073
2-powell avenue_2024,2-powell avenue,2024,13700.0,6850.0,13585.9,0.5042
2-powell avenue_2025,2-powell avenue,2025,19066.0,9533.0,13585.9,0.7017
2-pratt avenue_2024,2-pratt avenue,2024,26808.0,13404.0,13501.1,0.9928
2-prospect avenue_2017,2-prospect avenue,2017,640453.4,128090.7,75811.5,1.6896
2-prospect avenue_2020,2-prospect avenue,2020,260816.0,65204.0,75811.5,0.8601
2-prospect avenue_2021,2-prospect avenue,2021,1257827.2,142644.1,75811.5,1.8816
2-pugsley avenue_2016,2-pugsley avenue,2016,76687.2,15337.4,40482.0,0.3789
2-pugsley avenue_2018,2-pugsley avenue,2018,5452.1,2726.0,40482.0,0.0673
2-pugsley avenue_2019,2-pugsley avenue,2019,95262.7,11907.8,40482.0,0.2942
2-purdy street_2022,2-purdy street,2022,226.0,113.0,9371.4,0.0121
2-purdy street_2024,2-purdy street,2024,53108.0,26554.0,9371.4,2.8335
2-puritan avenue_2019,2-puritan avenue,2019,18860.4,6286.8,2008.1,3.1307
2-puritan avenue_2024,2-puritan avenue,2024,294.0,147.0,2008.1,0.0732
2-putnam avenue west_2019,2-putnam avenue west,2019,17749.9,8875.0,5281.0,1.6806
2-putnam place_2016,2-putnam place,2016,1666.1,833.1,1585.9,0.5253
2-putnam place_2023,2-putnam place,2023,3222.0,1611.0,1585.9,1.0158
2-quarry road_2022,2-quarry road,2022,11218.0,5609.0,4672.6,1.2004
2-quimby avenue_2023,2-quimby avenue,2023,17344.0,8672.0,9308.3,0.9316
2-quimby avenue_2024,2-quimby avenue,2024,6264.0,3132.0,9308.3,0.3365
2-quincy avenue_2017,2-quincy avenue,2017,24786.0,8262.0,18089.5,0.4567
2-quincy avenue_2022,2-quincy avenue,2022,312.0,156.0,18089.5,0.0086
2-quincy avenue_2025,2-quincy avenue,2025,20056.0,10028.0,18089.5,0.5544
2-radcliff avenue_2016,2-radcliff avenue,2016,66691.7,11115.3,27387.1,0.4059
2-radcliff avenue_2017,2-radcliff avenue,2017,12499.1,4166.4,27387.1,0.1521
2-radcliff avenue_2021,2-radcliff avenue,2021,41530.4,10088.6,27387.1,0.3684
2-randall avenue_2018,2-randall avenue,2018,42516.1,8503.2,98206.6,0.0866
2-randall avenue_2022,2-randall avenue,2022,539718.0,245649.0,98206.6,2.5013
2-randall avenue_2024,2-randall avenue,2024,154736.0,77368.0,98206.6,0.7878
2-rawlins avenue_2024,2-rawlins avenue,2024,20958.0,10479.0,6221.5,1.6843
2-reeds mill lane_2016,2-reeds mill lane,2016,85987.9,12284.0,5688.6,2.1594
2-research avenue_2025,2-research avenue,2025,4436.0,2218.0,5235.1,0.4237
2-reservoir avenue_2019,2-reservoir avenue,2019,1462375.6,92251.5,24314.5,3.7941
2-reservoir avenue_2025,2-reservoir avenue,2025,3672.0,1836.0,24314.5,0.0755
2-reservoir place_2022,2-reservoir place,2022,4292.0,2146.0,537.2,3.9948
2-rev james a polite avenue_2016,2-rev james a polite avenue,2016,75324.7,20878.1,15882.1,1.3146
2-rev james a polite avenue_2024,2-rev james a polite avenue,2024,113322.0,56661.0,15882.1,3.5676
2-revere avenue_2017,2-revere avenue,2017,16855.0,5618.3,23926.0,0.2348
2-revere avenue_2022,2-revere avenue,2022,334.0,167.0,23926.0,0.007
2-revere avenue_2024,2-revere avenue,2024,10672.0,5336.0,23926.0,0.223
2-revere avenue_2025,2-revere avenue,2025,24274.0,12137.0,23926.0,0.5073
2-review place_2019,2-review place,2019,6636.4,3318.2,2169.4,1.5295
2-reville street_2024,2-reville street,2024,3372.0,1686.0,1812.7,0.9301
2-rhinelander avenue_2016,2-rhinelander avenue,2016,42471.8,10618.0,29833.1,0.3559
2-rhinelander avenue_2021,2-rhinelander avenue,2021,247427.0,22800.4,29833.1,0.7643
2-rhinelander avenue_2022,2-rhinelander avenue,2022,7124.0,3562.0,29833.1,0.1194
2-rhinelander avenue_2024,2-rhinelander avenue,2024,24440.0,12220.0,29833.1,0.4096
2-richardson avenue_2018,2-richardson avenue,2018,363038.4,15784.3,15563.4,1.0142
2-rider avenue_2016,2-rider avenue,2016,354246.8,965.2,7837.3,0.1232
2-rider avenue_2017,2-rider avenue,2017,384445.8,8515.0,7837.3,1.0865
2-ritter place_2023,2-ritter place,2023,188.0,94.0,1332.3,0.0706
2-river avenue_2020,2-river avenue,2020,224346.2,41961.2,35913.2,1.1684
2-river avenue_2024,2-river avenue,2024,27452.0,13726.0,35913.2,0.3822
2-riverdale avenue_2016,2-riverdale avenue,2016,6059008.4,448598.3,41763.2,10.7415
2-riverdale avenue_2018,2-riverdale avenue,2018,296382.8,59276.6,41763.2,1.4194
2-riverdale avenue_2021,2-riverdale avenue,2021,496065.3,248032.7,41763.2,5.939
2-riverdale avenue_2022,2-riverdale avenue,2022,77358.0,34213.0,41763.2,0.8192
2-riverdale avenue_2025,2-riverdale avenue,2025,7492.0,3746.0,41763.2,0.0897
2-roberts avenue_2024,2-roberts avenue,2024,14542.0,7271.0,9587.5,0.7584
2-robertson place_2016,2-robertson place,2016,9454.1,4727.1,5510.8,0.8578
2-robertson place_2025,2-robertson place,2025,3342.0,1671.0,5510.8,0.3032
2-robertson street_2018,2-robertson street,2018,6900.0,1380.0,440.5,3.1328
2-robinson avenue_2020,2-robinson avenue,2020,14030.0,4676.7,4600.3,1.0166
2-rochambeau avenue_2020,2-rochambeau avenue,2020,77420.8,20210.8,8636.6,2.3401
2-rockwood street_2019,2-rockwood street,2019,6853.4,3426.7,1346.4,2.5451
2-rodman place_2016,2-rodman place,2016,1564.2,782.1,1077.2,0.726
2-roebling avenue_2018,2-roebling avenue,2018,32109.0,10703.0,4049.6,2.643
2-rogers place_2025,2-rogers place,2025,16406.0,8203.0,6107.2,1.3432
2-rohr place_2022,2-rohr place,2022,3340.0,1670.0,1365.8,1.2227
2-rombouts avenue_2016,2-rombouts avenue,2016,4305.7,2152.8,15151.2,0.1421
2-rombouts avenue_2024,2-rombouts avenue,2024,5070.0,2535.0,15151.2,0.1673
2-rosedale avenue_2017,2-rosedale avenue,2017,15679.4,7839.7,42052.1,0.1864
2-rosedale avenue_2018,2-rosedale avenue,2018,1572886.4,196610.8,42052.1,4.6754
2-rosedale avenue_2022,2-rosedale avenue,2022,356.0,178.0,42052.1,0.0042
2-roselle street_2016,2-roselle street,2016,1956.5,978.2,1166.9,0.8383
2-rosewood street_2023,2-rosewood street,2023,4814.0,2407.0,4498.2,0.5351
2-ryer avenue_2016,2-ryer avenue,2016,39663.5,7408.4,12291.3,0.6027
2-ryer avenue_2021,2-ryer avenue,2021,34320.1,17160.1,12291.3,1.3961
2-sacket avenue_2024,2-sacket avenue,2024,7888.0,3944.0,14123.4,0.2793
2-sampson avenue_2022,2-sampson avenue,2022,53858.0,26929.0,9772.9,2.7555
2-sands place_2024,2-sands place,2024,5054.0,2527.0,2536.0,0.9965
2-saxon avenue_2019,2-saxon avenue,2019,25511.0,8503.7,2803.0,3.0338
2-schieffelin avenue_2023,2-schieffelin avenue,2023,130724.0,65362.0,19836.4,3.2951
2-schieffelin avenue_2024,2-schieffelin avenue,2024,8480.0,4240.0,19836.4,0.2137
2-schieffelin place_2023,2-schieffelin place,2023,107426.0,53713.0,187.2,286.9284
2-schley avenue_2016,2-schley avenue,2016,4260.0,2130.0,11845.2,0.1798
2-schley avenue_2021,2-schley avenue,2021,1397076.2,279415.2,11845.2,23.5889
2-schley avenue_2022,2-schley avenue,2022,7297.0,2744.0,11845.2,0.2317
2-schofield street_2024,2-schofield street,2024,6256.0,3128.0,5099.7,0.6134
2-schurz avenue_2020,2-schurz avenue,2020,112506.4,12934.7,22866.2,0.5657
2-scott place_2021,2-scott place,2021,2584.9,1292.5,1355.4,0.9536
2-seabury avenue_2020,2-seabury avenue,2020,122911.7,20485.3,8122.0,2.5222
2-seabury place_2025,2-seabury place,2025,5794.0,2897.0,3289.9,0.8806
2-sedgwick avenue_2016,2-sedgwick avenue,2016,333918.8,126445.7,102917.9,1.2286
2-sedgwick avenue_2019,2-sedgwick avenue,2019,2503026.6,417171.1,102917.9,4.0534
2-sedgwick avenue_2020,2-sedgwick avenue,2020,1534091.9,219156.0,102917.9,2.1294
2-sedgwick avenue_2022,2-sedgwick avenue,2022,100.0,50.0,102917.9,0.0005
2-sedgwick avenue_2025,2-sedgwick avenue,2025,45192.0,22596.0,102917.9,0.2196
2-seminole avenue_2020,2-seminole avenue,2020,53800.8,14578.2,8909.8,1.6362
2-seneca avenue_2019,2-seneca avenue,2019,71254.1,14250.8,6592.8,2.1616
2-senger place_2022,2-senger place,2022,3144.0,1572.0,875.5,1.7955
2-seton avenue_2023,2-seton avenue,2023,34506.0,17253.0,18662.1,0.9245
2-seward avenue_2018,2-seward avenue,2018,135913.3,45304.4,39706.8,1.141
2-seward avenue_2019,2-seward avenue,2019,8782.1,4391.0,39706.8,0.1106
2-seward avenue_2022,2-seward avenue,2022,36796.0,17274.0,39706.8,0.435
2-seward avenue_2024,2-seward avenue,2024,82388.0,41194.0,39706.8,1.0375
2-sexton place_2021,2-sexton place,2021,6920.0,3460.0,8111.4,0.4266
2-seymour avenue_2024,2-seymour avenue,2024,332.0,166.0,23193.5,0.0072
2-shakespeare avenue_2021,2-shakespeare avenue,2021,33714.9,16857.5,14308.9,1.1781
2-shakespeare avenue_2023,2-shakespeare avenue,2023,746.0,373.0,14308.9,0.0261
2-shakespeare avenue_2024,2-shakespeare avenue,2024,20932.0,10466.0,14308.9,0.7314
2-sheridan avenue_2018,2-sheridan avenue,2018,169118.4,42279.6,22247.4,1.9004
2-sheridan avenue_2023,2-sheridan avenue,2023,35572.0,17786.0,22247.4,0.7995
2-sherman avenue_2018,2-sherman avenue,2018,42835.0,4759.4,11611.6,0.4099
2-sherman avenue_2022,2-sherman avenue,2022,29908.0,14954.0,11611.6,1.2879
2-sherman avenue_2025,2-sherman avenue,2025,29056.0,14528.0,11611.6,1.2512
2-shore drive_2017,2-shore drive,2017,9606.7,4803.3,2577.8,1.8633
2-silver street_2016,2-silver street,2016,42509.7,21254.9,3197.7,6.6469
2-simpson street_2024,2-simpson street,2024,14308.0,7154.0,11336.9,0.631
2-soundview avenue_2017,2-soundview avenue,2017,143522.6,47840.9,61565.3,0.7771
2-soundview avenue_2019,2-soundview avenue,2019,923853.0,230963.3,61565.3,3.7515
2-soundview avenue_2020,2-soundview avenue,2020,2108119.2,301159.9,61565.3,4.8917
2-soundview avenue_2021,2-soundview avenue,2021,98348.8,12836.2,61565.3,0.2085
2-south oak drive_2016,2-south oak drive,2016,32012.7,5335.4,4761.4,1.1206
2-southern boulevard_2016,2-southern boulevard,2016,235928.4,33704.1,174985.6,0.1926
2-southern boulevard_2021,2-southern boulevard,2021,13954.5,6977.3,174985.6,0.0399
2-southern boulevard_2022,2-southern boulevard,2022,11418.0,5709.0,174985.6,0.0326
2-southern boulevard_2023,2-southern boulevard,2023,253230.0,113392.0,174985.6,0.648
2-spencer avenue_2017,2-spencer avenue,2017,20604.2,10302.1,7002.9,1.4711
2-spofford avenue_2018,2-spofford avenue,2018,1340.0,670.0,16862.1,0.0397
2-spofford avenue_2019,2-spofford avenue,2019,27316.4,9105.4,16862.1,0.54
2-stadium avenue_2018,2-stadium avenue,2018,305253.5,50134.2,19093.9,2.6257
2-starling avenue_2016,2-starling avenue,2016,63424.7,9060.7,7079.2,1.2799
2-steenwick avenue_2016,2-steenwick avenue,2016,43389.9,14463.3,4837.8,2.9896
2-stell place_2024,2-stell place,2024,400.0,200.0,1400.0,0.1429
2-steuben avenue_2020,2-steuben avenue,2020,17651.4,3530.3,4193.8,0.8418
2-stevenson place_2020,2-stevenson place,2020,27356.2,13678.1,1035.1,13.2143
2-stillwell avenue_2020,2-stillwell avenue,2020,126089.4,14949.2,24541.2,0.6091
2-story avenue_2018,2-story avenue,2018,264050.5,66012.6,47557.3,1.3881
2-story avenue_2021,2-story avenue,2021,320402.8,106081.8,47557.3,2.2306
2-story avenue_2024,2-story avenue,2024,35974.0,17987.0,47557.3,0.3782
2-strang avenue_2018,2-strang avenue,2018,45989.0,9197.8,11758.2,0.7822
2-strang avenue_2024,2-strang avenue,2024,17082.0,8541.0,11758.2,0.7264
2-stratford avenue_2018,2-stratford avenue,2018,32106.7,16053.3,12961.4,1.2385
2-street anns avenue_2019,2-street anns avenue,2019,65679.0,3284.0,33694.2,0.0975
2-street anns avenue_2021,2-street anns avenue,2021,2852.0,1426.0,33694.2,0.0423
2-street anns place_2019,2-street anns place,2019,6746.6,3373.3,947.4,3.5606
2-street georges crescent_2025,2-street georges crescent,2025,538.0,269.0,1370.6,0.1963
2-street josephs way_2016,2-street josephs way,2016,3480.0,1740.0,1576.4,1.1038
2-street josephs way_2020,2-street josephs way,2020,750.0,250.0,1576.4,0.1586
2-street lawrence avenue_2017,2-street lawrence avenue,2017,44837.9,14946.0,24957.8,0.5989
2-street lawrence avenue_2018,2-street lawrence avenue,2018,48504.8,12126.2,24957.8,0.4859
2-street marys street_2019,2-street marys street,2019,34090.0,11363.3,7758.0,1.4647
2-street pauls place_2018,2-street pauls place,2018,6643.3,3321.6,6450.4,0.5149
2-street pauls place_2021,2-street pauls place,2021,19749.2,7797.9,6450.4,1.2089
2-street peters avenue_2018,2-street peters avenue,2018,23574.3,7858.1,8437.5,0.9313
2-street raymond avenue_2018,2-street raymond avenue,2018,605013.6,21607.6,15786.5,1.3687
2-street raymond avenue_2022,2-street raymond avenue,2022,4672.0,2336.0,15786.5,0.148
2-street theresa avenue_2022,2-street theresa avenue,2022,1548.0,774.0,6827.5,0.1134
2-strong street_2020,2-strong street,2020,10465.2,3488.4,1011.8,3.4477
2-suburban place_2025,2-suburban place,2025,2310.0,1155.0,1283.0,0.9002
2-summit avenue_2021,2-summit avenue,2021,78096.7,26032.2,6109.5,4.2609
2-summit avenue_2025,2-summit avenue,2025,340.0,170.0,6109.5,0.0278
2-summit place_2022,2-summit place,2022,1264.0,632.0,3319.3,0.1904
2-sutherland street_2024,2-sutherland street,2024,2506.0,1253.0,1306.3,0.9592
2-swinton avenue_2017,2-swinton avenue,2017,63850.2,21283.4,18895.8,1.1264
2-swinton avenue_2024,2-swinton avenue,2024,16704.0,8352.0,18895.8,0.442
2-sylvan avenue_2025,2-sylvan avenue,2025,12900.0,6450.0,4342.9,1.4852
2-taylor avenue_2019,2-taylor avenue,2019,295767.2,42459.3,42320.2,1.0033
2-teller avenue_2017,2-teller avenue,2017,460715.0,92143.0,15698.2,5.8697
2-tenbroeck avenue_2022,2-tenbroeck avenue,2022,23976.0,11988.0,25670.5,0.467
2-tenney place_2017,2-tenney place,2017,1887.0,943.5,369.6,2.5528
2-terrace view avenue_2016,2-terrace view avenue,2016,6490.0,3245.0,,
2-thieriot avenue_2019,2-thieriot avenue,2019,59133.4,14783.3,34736.2,0.4256
2-throgmorton avenue_2020,2-throgmorton avenue,2020,21730.0,7243.3,8047.8,0.9
2-throgs neck expressway_2018,2-throgs neck expressway,2018,854344.2,181681.2,,
2-throgs neck expressway_2021,2-throgs neck expressway,2021,74133.2,18533.3,,
2-throop avenue_2016,2-throop avenue,2016,21435.8,5359.0,12526.1,0.4278
2-throop avenue_2020,2-throop avenue,2020,16294.3,8147.2,12526.1,0.6504
2-throop avenue_2022,2-throop avenue,2022,332.0,166.0,12526.1,0.0133
2-tibbett avenue_2018,2-tibbett avenue,2018,22512.5,11256.2,15165.7,0.7422
2-tibbett avenue_2021,2-tibbett avenue,2021,200062.1,50015.5,15165.7,3.2979
2-tibbett avenue_2025,2-tibbett avenue,2025,358.0,179.0,15165.7,0.0118
2-tiebout avenue_2017,2-tiebout avenue,2017,46323.8,15441.3,11803.8,1.3082
2-tiebout avenue_2024,2-tiebout avenue,2024,66646.0,33323.0,11803.8,2.8231
2-tiemann avenue_2018,2-tiemann avenue,2018,34962.7,8740.7,24995.9,0.3497
2-tiemann avenue_2023,2-tiemann avenue,2023,34796.0,13624.0,24995.9,0.545
2-tiemann avenue_2024,2-tiemann avenue,2024,15006.0,7503.0,24995.9,0.3002
2-tier street_2024,2-tier street,2024,14326.0,7163.0,7242.5,0.989
2-tierney place_2023,2-tierney place,2023,34578.0,17289.0,2379.5,7.2658
2-tiffany street_2018,2-tiffany street,2018,661862.9,99230.0,47869.0,2.0729
2-tillotson avenue_2020,2-tillotson avenue,2020,99426.7,24856.7,35639.8,0.6974
2-tillotson avenue_2021,2-tillotson avenue,2021,47711.9,15904.0,35639.8,0.4462
2-tillotson avenue_2024,2-tillotson avenue,2024,13572.0,6786.0,35639.8,0.1904
2-tinton avenue_2016,2-tinton avenue,2016,439931.5,69148.3,24992.9,2.7667
2-tinton avenue_2018,2-tinton avenue,2018,266367.2,53273.4,24992.9,2.1315
2-tinton avenue_2025,2-tinton avenue,2025,20316.0,10158.0,24992.9,0.4064
2-tomlinson avenue_2018,2-tomlinson avenue,2018,152998.0,19124.8,16486.1,1.1601
2-topping avenue_2016,2-topping avenue,2016,6102.8,3051.4,5210.0,0.5857
2-torry avenue_2025,2-torry avenue,2025,5530.0,2765.0,4674.3,0.5915
2-townsend avenue_2019,2-townsend avenue,2019,33748.6,14601.6,10708.8,1.3635
2-townsend avenue_2022,2-townsend avenue,2022,14370.0,7185.0,10708.8,0.6709
2-trafalgar place_2025,2-trafalgar place,2025,2254.0,1127.0,1218.4,0.925
2-trinity avenue_2022,2-trinity avenue,2022,1886.0,943.0,12668.5,0.0744
2-truxton street_2023,2-truxton street,2023,16650.0,8325.0,9147.2,0.9101
2-tryon avenue_2016,2-tryon avenue,2016,9665.7,3221.9,3524.7,0.9141
2-turnbull avenue_2025,2-turnbull avenue,2025,35448.0,17724.0,15036.1,1.1788
2-turneur avenue_2022,2-turneur avenue,2022,8818.0,4409.0,4059.7,1.086
2-tyndall avenue_2017,2-tyndall avenue,2017,109474.4,27368.6,8275.2,3.3073
2-tyndall avenue_2023,2-tyndall avenue,2023,200.0,100.0,8275.2,0.0121
2-tyndall avenue_2025,2-tyndall avenue,2025,29056.0,14528.0,8275.2,1.7556
2-undercliff avenue_2016,2-undercliff avenue,2016,114082.0,38027.3,15368.5,2.4744
2-undercliff avenue_2022,2-undercliff avenue,2022,23978.0,11989.0,15368.5,0.7801
2-underhill avenue_2018,2-underhill avenue,2018,25935.0,8645.0,25672.7,0.3367
2-underhill avenue_2019,2-underhill avenue,2019,243235.5,27026.2,25672.7,1.0527
2-underhill avenue_2022,2-underhill avenue,2022,5752.0,2876.0,25672.7,0.112
2-union avenue_2023,2-union avenue,2023,72230.0,36115.0,39820.4,0.9069
2-union avenue_2024,2-union avenue,2024,34854.0,17427.0,39820.4,0.4376
2-unionport road_2018,2-unionport road,2018,1397481.8,309360.5,26430.4,11.7047
2-unionport road_2024,2-unionport road,2024,1468.0,734.0,26430.4,0.0278
2-unionport road_2025,2-unionport road,2025,40344.0,20172.0,26430.4,0.7632
2-university avenue_2016,2-university avenue,2016,566712.7,68343.3,96402.2,0.7089
2-university avenue_2019,2-university avenue,2019,1094246.6,150006.0,96402.2,1.556
2-university avenue_2020,2-university avenue,2020,880950.0,97883.3,96402.2,1.0154
2-university avenue_2021,2-university avenue,2021,146734.2,36683.6,96402.2,0.3805
2-university avenue_2023,2-university avenue,2023,26512.0,13256.0,96402.2,0.1375
2-valentine avenue_2017,2-valentine avenue,2017,502426.4,55825.2,46110.3,1.2107
2-valentine avenue_2018,2-valentine avenue,2018,267150.9,38164.4,46110.3,0.8277
2-valentine avenue_2023,2-valentine avenue,2023,8466.0,3853.0,46110.3,0.0836
2-valles avenue_2025,2-valles avenue,2025,6856.0,3428.0,3175.7,1.0794
2-van corlear place_2016,2-van corlear place,2016,40828.6,13609.5,,
2-van cortlandt avenue east_2025,2-van cortlandt avenue east,2025,22624.0,11312.0,13564.5,0.8339
2-van cortlandt avenue west_2025,2-van cortlandt avenue west,2025,10908.0,5454.0,7899.7,0.6904
2-van cortlandt park south_2021,2-van cortlandt park south,2021,144363.5,48121.2,18387.9,2.617
2-van hoesen avenue_2020,2-van hoesen avenue,2020,3125.2,1562.6,1545.2,1.0113
2-van nest avenue_2018,2-van nest avenue,2018,148830.4,16536.7,29159.7,0.5671
2-varian avenue_2020,2-varian avenue,2020,20133.4,10066.7,2889.9,3.4834
2-verveelen place_2016,2-verveelen place,2016,1245.6,622.8,884.9,0.7038
2-viele avenue_2023,2-viele avenue,2023,38794.0,19397.0,21995.4,0.8819
2-villa avenue_2016,2-villa avenue,2016,28862.8,9621.0,8580.9,1.1212
2-vireo avenue_2023,2-vireo avenue,2023,10322.0,5161.0,5791.0,0.8912
2-virgil place_2022,2-virgil place,2022,6166.0,3083.0,9173.2,0.3361
2-virginia avenue_2019,2-virginia avenue,2019,111035.7,37011.9,10048.7,3.6833
2-vyse avenue_2021,2-vyse avenue,2021,63584.6,31792.3,22957.2,1.3849
2-vyse avenue_2025,2-vyse avenue,2025,16486.0,8243.0,22957.2,0.3591
2-waldo avenue_2023,2-waldo avenue,2023,13497.0,5529.0,10934.5,0.5056
2-wales avenue_2021,2-wales avenue,2021,31090.0,10363.3,11052.5,0.9376
2-wallace avenue_2016,2-wallace avenue,2016,8912.6,4456.3,33324.5,0.1337
2-wallace avenue_2021,2-wallace avenue,2021,73656.0,32334.2,33324.5,0.9703
2-walton avenue_2018,2-walton avenue,2018,24810.0,4135.0,74233.1,0.0557
2-walton avenue_2019,2-walton avenue,2019,124316.7,26988.0,74233.1,0.3636
2-walton avenue_2023,2-walton avenue,2023,31604.0,15802.0,74233.1,0.2129
2-walton avenue_2025,2-walton avenue,2025,20332.0,10166.0,74233.1,0.1369
2-ward avenue_2016,2-ward avenue,2016,92854.1,15475.7,10210.9,1.5156
2-waring avenue_2016,2-waring avenue,2016,15600.8,7800.4,55613.0,0.1403
2-waring avenue_2022,2-waring avenue,2022,24154.0,12077.0,55613.0,0.2172
2-waring avenue_2024,2-waring avenue,2024,23412.0,11706.0,55613.0,0.2105
2-washington avenue_2016,2-washington avenue,2016,12038.0,4012.7,61874.7,0.0649
2-washington avenue_2017,2-washington avenue,2017,909405.5,101045.1,61874.7,1.6331
2-washington avenue_2018,2-washington avenue,2018,1248548.6,44591.0,61874.7,0.7207
2-washington avenue_2019,2-washington avenue,2019,85820.4,14303.4,61874.7,0.2312
2-washington avenue_2021,2-washington avenue,2021,5733.9,2866.9,61874.7,0.0463
2-washington avenue_2023,2-washington avenue,2023,7938.0,3969.0,61874.7,0.0641
2-waterbury avenue_2021,2-waterbury avenue,2021,107241.8,13405.2,37549.5,0.357
2-waterbury avenue_2024,2-waterbury avenue,2024,22682.0,11341.0,37549.5,0.302
2-waterloo place_2025,2-waterloo place,2025,1978.0,989.0,1075.3,0.9197
2-waters avenue_2024,2-waters avenue,2024,2420.0,1210.0,1228.5,0.9849
2-waters place_2024,2-waters place,2024,56624.0,28312.0,14607.5,1.9382
2-watson avenue_2019,2-watson avenue,2019,248218.0,72548.1,42471.9,1.7081
2-watt avenue_2016,2-watt avenue,2016,7328.5,3664.3,3428.5,1.0688
2-wayne avenue_2016,2-wayne avenue,2016,20459.9,5115.0,4046.6,1.264
2-webster avenue_2017,2-webster avenue,2017,2831989.4,217845.3,156755.6,1.3897
2-webster avenue_2019,2-webster avenue,2019,75760.0,25253.3,156755.6,0.1611
2-weeks avenue_2018,2-weeks avenue,2018,24045.6,12022.8,6995.8,1.7186
2-wellman avenue_2019,2-wellman avenue,2019,13566.0,4522.0,5520.3,0.8192
2-wenner place_2022,2-wenner place,2022,3334.0,1667.0,1839.9,0.906
2-west 161 street_2021,2-west 161 street,2021,1628.5,814.2,945.4,0.8612
2-west 162 street_2022,2-west 162 street,2022,166.0,83.0,2395.6,0.0346
2-west 162 street_2025,2-west 162 street,2025,4194.0,2097.0,2395.6,0.8754
2-west 163 street_2022,2-west 163 street,2022,166.0,83.0,946.5,0.0877
2-west 163 street_2023,2-west 163 street,2023,1794.0,897.0,946.5,0.9477
2-west 164 street_2016,2-west 164 street,2016,1635.1,817.6,2492.8,0.328
2-west 164 street_2023,2-west 164 street,2023,4462.0,2231.0,2492.8,0.895
2-west 165 street_2016,2-west 165 street,2016,5832.3,1944.1,7407.3,0.2625
2-west 165 street_2025,2-west 165 street,2025,8434.0,4217.0,7407.3,0.5693
2-west 166 street_2016,2-west 166 street,2016,8512.0,4256.0,7003.5,0.6077
2-west 166 street_2021,2-west 166 street,2021,14402.0,7201.0,7003.5,1.0282
2-west 166 street_2022,2-west 166 street,2022,254.0,127.0,7003.5,0.0181
2-west 167 street_2016,2-west 167 street,2016,22895.8,11447.9,7664.7,1.4936
2-west 167 street_2023,2-west 167 street,2023,7496.0,3748.0,7664.7,0.489
2-west 168 street_2024,2-west 168 street,2024,7856.0,3928.0,6397.1,0.614
2-west 170 street_2019,2-west 170 street,2019,292901.7,20921.6,10775.3,1.9416
2-west 170 street_2023,2-west 170 street,2023,12598.0,6299.0,10775.3,0.5846
2-west 172 street_2023,2-west 172 street,2023,6403.0,2686.0,4421.9,0.6074
2-west 172 street_2024,2-west 172 street,2024,2728.0,1364.0,4421.9,0.3085
2-west 174 street_2017,2-west 174 street,2017,74828.1,37414.0,6897.1,5.4246
2-west 174 street_2023,2-west 174 street,2023,5319.0,2039.0,6897.1,0.2956
2-west 176 street_2021,2-west 176 street,2021,13722.8,6861.4,13146.0,0.5219
2-west 177 street_2017,2-west 177 street,2017,12217.5,6108.8,1435.2,4.2564
2-west 179 street_2022,2-west 179 street,2022,7802.0,3901.0,4625.9,0.8433
2-west 180 street_2022,2-west 180 street,2022,7664.0,3832.0,7878.6,0.4864
2-west 181 street_2016,2-west 181 street,2016,7160.0,1790.0,4181.8,0.428
2-west 183 street_2017,2-west 183 street,2017,26179.0,3739.8,7169.4,0.5216
2-west 183 street_2019,2-west 183 street,2019,24404.2,12202.1,7169.4,1.702
2-west 183 street_2024,2-west 183 street,2024,8818.0,4409.0,7169.4,0.615
2-west 184 street_2017,2-west 184 street,2017,4777.8,2388.9,2449.3,0.9753
2-west 188 street_2019,2-west 188 street,2019,85232.1,28410.7,943.1,30.1248
2-west 188 street_2022,2-west 188 street,2022,1072.0,536.0,943.1,0.5683
2-west 190 street_2022,2-west 190 street,2022,6152.0,3076.0,4587.3,0.6705
2-west 195 street_2020,2-west 195 street,2020,8971.3,4485.6,6923.5,0.6479
2-west 205 street_2023,2-west 205 street,2023,14859.0,4953.0,5707.6,0.8678
2-west 225 street_2016,2-west 225 street,2016,31719.4,10573.1,1457.2,7.2558
2-west 225 street_2017,2-west 225 street,2017,37740.0,12580.0,1457.2,8.633
2-west 227 street_2016,2-west 227 street,2016,8081.5,2693.8,3542.7,0.7604
2-west 227 street_2020,2-west 227 street,2020,24120.0,8040.0,3542.7,2.2695
2-west 228 street_2016,2-west 228 street,2016,90121.4,30040.5,,
2-west 231 street_2025,2-west 231 street,2025,13310.0,6655.0,23550.3,0.2826
2-west 232 street_2022,2-west 232 street,2022,12558.0,6279.0,16608.5,0.3781
2-west 233 street_2018,2-west 233 street,2018,53448.0,26724.0,5460.2,4.8943
2-west 234 street_2019,2-west 234 street,2019,38461.6,12820.5,7659.2,1.6739
2-west 236 street_2016,2-west 236 street,2016,78852.6,6571.0,15619.8,0.4207
2-west 237 street_2016,2-west 237 street,2016,31235.6,10411.9,8407.4,1.2384
2-west 237 street_2021,2-west 237 street,2021,1186.7,296.7,8407.4,0.0353
2-west 238 street_2019,2-west 238 street,2019,104314.5,34771.5,19787.6,1.7572
2-west 239 street_2016,2-west 239 street,2016,23206.9,11603.4,10056.5,1.1538
2-west 239 street_2019,2-west 239 street,2019,16525.3,2065.7,10056.5,0.2054
2-west 240 street_2019,2-west 240 street,2019,25618.7,12809.4,5669.4,2.2594
2-west 242 street_2017,2-west 242 street,2017,13822.2,6911.1,5257.8,1.3144
2-west 246 street_2023,2-west 246 street,2023,14894.0,7447.0,11506.2,0.6472
2-west 252 street_2021,2-west 252 street,2021,4266.7,2133.3,5384.6,0.3962
2-west 253 street_2018,2-west 253 street,2018,79800.1,26600.0,3161.5,8.4137
2-west 253 street_2025,2-west 253 street,2025,35028.0,17514.0,3161.5,5.5398
2-west 254 street_2017,2-west 254 street,2017,12132.0,6066.0,10732.6,0.5652
2-west 254 street_2021,2-west 254 street,2021,39526.6,13017.6,10732.6,1.2129
2-west 255 street_2017,2-west 255 street,2017,1553.8,776.9,2614.8,0.2971
2-west 255 street_2025,2-west 255 street,2025,1738.0,869.0,2614.8,0.3323
2-west 256 street_2017,2-west 256 street,2017,2058.3,1029.1,11592.3,0.0888
2-west 256 street_2020,2-west 256 street,2020,22859.4,11429.7,11592.3,0.986
2-west 256 street_2025,2-west 256 street,2025,8668.0,4334.0,11592.3,0.3739
2-west 259 street_2020,2-west 259 street,2020,77013.7,15402.7,8503.0,1.8114
2-west 260 street_2017,2-west 260 street,2017,5635.3,2817.6,7161.8,0.3934
2-west 260 street_2025,2-west 260 street,2025,13174.0,6587.0,7161.8,0.9197
2-west 261 street_2017,2-west 261 street,2017,14741.9,3685.5,8279.8,0.4451
2-west 261 street_2023,2-west 261 street,2023,6829.0,3046.0,8279.8,0.3679
2-west 262 street_2017,2-west 262 street,2017,19175.9,3835.2,2993.3,1.2813
2-west 263 street_2017,2-west 263 street,2017,59652.7,19884.2,3894.2,5.1061
2-west kingsbridge road_2017,2-west kingsbridge road,2017,90774.8,45387.4,23091.9,1.9655
2-west kingsbridge road_2019,2-west kingsbridge road,2019,40476.1,20238.1,23091.9,0.8764
2-west mosholu parkway north_2019,2-west mosholu parkway north,2019,237280.2,39546.7,4632.8,8.5362
2-west tremont avenue_2023,2-west tremont avenue,2023,42749.0,12116.0,22870.1,0.5298
2-westchester avenue_2019,2-westchester avenue,2019,1133370.6,157596.3,223383.4,0.7055
2-westchester avenue_2022,2-westchester avenue,2022,260366.0,101780.0,223383.4,0.4556
2-westchester avenue_2024,2-westchester avenue,2024,39312.0,19656.0,223383.4,0.088
2-westervelt avenue_2018,2-westervelt avenue,2018,10480.0,5240.0,12027.4,0.4357
2-wheeler avenue_2017,2-wheeler avenue,2017,52426.5,17475.5,13823.3,1.2642
2-white plains road_2018,2-white plains road,2018,192834.7,38566.9,301481.3,0.1279
2-white plains road_2019,2-white plains road,2019,1144430.5,120018.2,301481.3,0.3981
2-white plains road_2021,2-white plains road,2021,641841.9,106973.6,301481.3,0.3548
2-white plains road_2022,2-white plains road,2022,222775.8,111387.9,301481.3,0.3695
2-white plains road_2024,2-white plains road,2024,50000.0,25000.0,301481.3,0.0829
2-whitehall place_2017,2-whitehall place,2017,2281.7,1140.8,1172.1,0.9733
2-wickham avenue_2016,2-wickham avenue,2016,150843.3,18855.4,30997.2,0.6083
2-wickham avenue_2018,2-wickham avenue,2018,13973.3,5886.7,30997.2,0.1899
2-wickham avenue_2020,2-wickham avenue,2020,7837.6,3918.8,30997.2,0.1264
2-wickham avenue_2022,2-wickham avenue,2022,27312.0,13656.0,30997.2,0.4406
2-wickham avenue_2024,2-wickham avenue,2024,13964.0,6982.0,30997.2,0.2252
2-wilcox avenue_2017,2-wilcox avenue,2017,23769.2,7923.1,13657.3,0.5801
2-wilcox avenue_2022,2-wilcox avenue,2022,666.0,333.0,13657.3,0.0244
2-wilder avenue_2021,2-wilder avenue,2021,641267.6,27881.2,21760.5,1.2813
2-wilder avenue_2023,2-wilder avenue,2023,2368.0,1184.0,21760.5,0.0544
2-wilder avenue_2024,2-wilder avenue,2024,12694.0,6347.0,21760.5,0.2917
2-wilkinson avenue_2016,2-wilkinson avenue,2016,52915.2,7287.3,10457.9,0.6968
2-wilkinson avenue_2020,2-wilkinson avenue,2020,1776.7,888.3,10457.9,0.0849
2-wilkinson avenue_2024,2-wilkinson avenue,2024,19726.0,9863.0,10457.9,0.9431
2-william avenue_2024,2-william avenue,2024,6608.0,3304.0,3455.9,0.956
2-williamsbridge road_2017,2-williamsbridge road,2017,192304.8,27472.1,68710.8,0.3998
2-williamsbridge road_2018,2-williamsbridge road,2018,263795.1,37685.0,68710.8,0.5485
2-williamsbridge road_2024,2-williamsbridge road,2024,135368.0,67684.0,68710.8,0.9851
2-willow lane_2016,2-willow lane,2016,14543.3,4847.8,2903.8,1.6695
2-woodhull avenue_2018,2-woodhull avenue,2018,93847.3,31282.4,12843.9,2.4356
2-woodmansten place_2024,2-woodmansten place,2024,1200.0,600.0,742.8,0.8078
2-woodycrest avenue_2022,2-woodycrest avenue,2022,18204.0,9102.0,12293.5,0.7404
2-woodycrest avenue_2024,2-woodycrest avenue,2024,7514.0,3757.0,12293.5,0.3056
2-worthen street_2021,2-worthen street,2021,4920.8,2460.4,9414.8,0.2613
2-wythe place_2019,2-wythe place,2019,9724.0,3241.3,3019.5,1.0735
2-yates avenue_2020,2-yates avenue,2020,87176.2,17435.2,33030.7,0.5278
2-yates avenue_2022,2-yates avenue,2022,83412.0,41706.0,33030.7,1.2626
2-young avenue_2021,2-young avenue,2021,32221.0,1695.8,13710.6,0.1237
2-zerega avenue_2018,2-zerega avenue,2018,68650.0,22883.3,62732.5,0.3648
2-zerega avenue_2019,2-zerega avenue,2019,294506.9,32723.0,62732.5,0.5216
2-zerega avenue_2020,2-zerega avenue,2020,349581.7,47448.5,62732.5,0.7564
2-zulette avenue_2016,2-zulette avenue,2016,66548.2,9506.9,10131.0,0.9384
2-zulette avenue_2018,2-zulette avenue,2018,227436.0,7581.2,10131.0,0.7483
3-1 avenue_2016,3-1 avenue,2016,59797.3,29898.7,27762.7,1.0769
3-1 court_2019,3-1 court,2019,2673.3,1336.7,1513.1,0.8834
3-1 court_2023,3-1 court,2023,388.0,194.0,1513.1,0.1282
3-1 place_2021,3-1 place,2021,11467.8,5733.9,4405.6,1.3015
3-1 place_2024,3-1 place,2024,444.0,148.0,4405.6,0.0336
3-1 street_2016,3-1 street,2016,29273.3,14636.7,19251.9,0.7603
3-1 street_2017,3-1 street,2017,28853.4,14426.7,19251.9,0.7494
3-1 street_2023,3-1 street,2023,280.0,140.0,19251.9,0.0073
3-1 street_2024,3-1 street,2024,19464.0,9732.0,19251.9,0.5055
3-10 avenue_2016,3-10 avenue,2016,4918.2,2459.1,59983.9,0.041
3-10 avenue_2018,3-10 avenue,2018,11312.9,5016.0,59983.9,0.0836
3-10 avenue_2020,3-10 avenue,2020,59813.1,24332.2,59983.9,0.4056
3-10 avenue_2021,3-10 avenue,2021,21502.0,8600.8,59983.9,0.1434
3-10 avenue_2023,3-10 avenue,2023,800.0,400.0,59983.9,0.0067
3-10 avenue_2024,3-10 avenue,2024,574.0,287.0,59983.9,0.0048
3-10 avenue_2025,3-10 avenue,2025,294.0,147.0,59983.9,0.0025
3-10 street_2017,3-10 street,2017,38426.7,19213.4,19809.4,0.9699
3-10 street_2018,3-10 street,2018,4926.7,2463.3,19809.4,0.1244
3-11 avenue_2019,3-11 avenue,2019,4714.6,2357.3,57270.7,0.0412
3-11 avenue_2020,3-11 avenue,2020,72971.2,19078.7,57270.7,0.3331
3-11 avenue_2021,3-11 avenue,2021,78079.4,31872.3,57270.7,0.5565
3-11 avenue_2023,3-11 avenue,2023,478.0,239.0,57270.7,0.0042
3-11 avenue_2024,3-11 avenue,2024,586.0,293.0,57270.7,0.0051
3-11 street_2019,3-11 street,2019,59790.0,21463.4,18068.8,1.1879
3-12 avenue_2016,3-12 avenue,2016,17174.7,7856.5,63517.3,0.1237
3-12 avenue_2017,3-12 avenue,2017,18216.0,9108.0,63517.3,0.1434
3-12 avenue_2018,3-12 avenue,2018,28316.5,14158.2,63517.3,0.2229
3-12 avenue_2019,3-12 avenue,2019,25158.2,12579.1,63517.3,0.198
3-12 avenue_2021,3-12 avenue,2021,1512.0,168.0,63517.3,0.0026
3-12 avenue_2023,3-12 avenue,2023,58809.0,26532.0,63517.3,0.4177
3-12 avenue_2024,3-12 avenue,2024,880.0,440.0,63517.3,0.0069
3-12 street_2020,3-12 street,2020,36090.0,14376.7,20616.4,0.6973
3-12 street_2021,3-12 street,2021,5733.9,2866.9,20616.4,0.1391
3-12 street_2024,3-12 street,2024,8766.0,4383.0,20616.4,0.2126
3-13 avenue_2017,3-13 avenue,2017,25862.2,12931.1,63860.4,0.2025
3-13 avenue_2018,3-13 avenue,2018,29167.1,14011.6,63860.4,0.2194
3-13 avenue_2021,3-13 avenue,2021,30181.4,14502.7,63860.4,0.2271
3-13 avenue_2024,3-13 avenue,2024,906.0,453.0,63860.4,0.0071
3-13 avenue_2025,3-13 avenue,2025,39818.0,19909.0,63860.4,0.3118
3-13 street_2019,3-13 street,2019,46133.3,23066.7,20201.1,1.1419
3-14 avenue_2017,3-14 avenue,2017,28746.7,14373.4,77622.3,0.1852
3-14 avenue_2019,3-14 avenue,2019,60158.5,30079.2,77622.3,0.3875
3-14 avenue_2024,3-14 avenue,2024,586.0,293.0,77622.3,0.0038
3-14 avenue_2025,3-14 avenue,2025,40830.0,20415.0,77622.3,0.263
3-14 street_2021,3-14 street,2021,25802.5,11467.8,19755.9,0.5805
3-15 avenue_2016,3-15 avenue,2016,146233.8,66932.4,74874.2,0.8939
3-15 avenue_2018,3-15 avenue,2018,81649.4,37011.4,74874.2,0.4943
3-15 avenue_2019,3-15 avenue,2019,27231.1,13615.6,74874.2,0.1818
3-15 avenue_2020,3-15 avenue,2020,30102.5,15051.2,74874.2,0.201
3-15 avenue_2021,3-15 avenue,2021,672.0,168.0,74874.2,0.0022
3-15 avenue_2022,3-15 avenue,2022,392.0,196.0,74874.2,0.0026
3-15 avenue_2023,3-15 avenue,2023,450.0,225.0,74874.2,0.003
3-15 avenue_2024,3-15 avenue,2024,800.0,400.0,74874.2,0.0053
3-15 street_2018,3-15 street,2018,9119.1,4559.5,21943.3,0.2078
3-16 avenue_2016,3-16 avenue,2016,37037.8,15270.2,68146.6,0.2241
3-16 avenue_2018,3-16 avenue,2018,48048.0,20362.2,68146.6,0.2988
3-16 avenue_2020,3-16 avenue,2020,83738.2,38016.7,68146.6,0.5579
3-16 avenue_2022,3-16 avenue,2022,378.0,189.0,68146.6,0.0028
3-16 avenue_2023,3-16 avenue,2023,36397.0,17641.0,68146.6,0.2589
3-16 avenue_2024,3-16 avenue,2024,800.0,400.0,68146.6,0.0059
3-16 street_2020,3-16 street,2020,107676.7,26060.0,20645.2,1.2623
3-17 avenue_2017,3-17 avenue,2017,13356.5,6678.2,68071.3,0.0981
3-17 avenue_2018,3-17 avenue,2018,49415.5,24074.6,68071.3,0.3537
3-17 avenue_2019,3-17 avenue,2019,13434.7,6717.3,68071.3,0.0987
3-17 avenue_2022,3-17 avenue,2022,21242.0,10071.0,68071.3,0.1479
3-17 avenue_2023,3-17 avenue,2023,450.0,225.0,68071.3,0.0033
3-17 avenue_2024,3-17 avenue,2024,826.0,413.0,68071.3,0.0061
3-17 street_2016,3-17 street,2016,14223.3,5856.7,21090.3,0.2777
3-17 street_2019,3-17 street,2019,56053.3,28026.6,21090.3,1.3289
3-17 street_2020,3-17 street,2020,29700.0,5940.0,21090.3,0.2816
3-18 avenue_2016,3-18 avenue,2016,83507.5,37666.7,83889.2,0.449
3-18 avenue_2019,3-18 avenue,2019,143662.0,64719.0,83889.2,0.7715
3-18 avenue_2022,3-18 avenue,2022,348.0,174.0,83889.2,0.0021
3-18 avenue_2024,3-18 avenue,2024,800.0,400.0,83889.2,0.0048
3-18 street_2017,3-18 street,2017,46573.3,14993.3,24532.3,0.6112
3-18 street_2019,3-18 street,2019,5986.7,2993.3,24532.3,0.122
3-19 avenue_2016,3-19 avenue,2016,19258.2,9629.1,56472.5,0.1705
3-19 avenue_2018,3-19 avenue,2018,68036.4,34018.2,56472.5,0.6024
3-19 avenue_2019,3-19 avenue,2019,38330.0,19165.0,56472.5,0.3394
3-19 avenue_2021,3-19 avenue,2021,336.0,168.0,56472.5,0.003
3-19 avenue_2023,3-19 avenue,2023,19043.0,8935.0,56472.5,0.1582
3-19 avenue_2024,3-19 avenue,2024,560.0,280.0,56472.5,0.005
3-19 street_2018,3-19 street,2018,25984.7,12992.4,27853.8,0.4664
3-19 street_2019,3-19 street,2019,74553.4,17610.0,27853.8,0.6322
3-19 street_2023,3-19 street,2023,4000.0,2000.0,27853.8,0.0718
3-2 avenue_2018,3-2 avenue,2018,2433.4,1216.7,57658.2,0.0211
3-2 avenue_2019,3-2 avenue,2019,28009.4,14004.7,57658.2,0.2429
3-2 avenue_2022,3-2 avenue,2022,29014.0,14507.0,57658.2,0.2516
3-2 place_2017,3-2 place,2017,15376.0,7688.0,4294.8,1.7901
3-2 place_2024,3-2 place,2024,444.0,148.0,4294.8,0.0345
3-2 street_2017,3-2 street,2017,14038.2,7019.1,22900.5,0.3065
3-2 street_2023,3-2 street,2023,280.0,140.0,22900.5,0.0061
3-2 street_2024,3-2 street,2024,9800.0,4900.0,22900.5,0.214
3-20 avenue_2018,3-20 avenue,2018,52625.6,26312.8,54744.7,0.4806
3-20 avenue_2019,3-20 avenue,2019,11872.0,5936.0,54744.7,0.1084
3-20 avenue_2021,3-20 avenue,2021,41570.6,14334.7,54744.7,0.2618
3-20 avenue_2024,3-20 avenue,2024,706.0,353.0,54744.7,0.0064
3-20 street_2016,3-20 street,2016,37000.0,12983.4,26477.6,0.4904
3-20 street_2018,3-20 street,2018,186925.1,58284.5,26477.6,2.2013
3-20 street_2023,3-20 street,2023,16700.0,6200.0,26477.6,0.2342
3-21 avenue_2018,3-21 avenue,2018,42885.3,13640.6,49151.7,0.2775
3-21 avenue_2020,3-21 avenue,2020,94165.4,47082.7,49151.7,0.9579
3-21 avenue_2024,3-21 avenue,2024,720.0,360.0,49151.7,0.0073
3-21 street_2019,3-21 street,2019,67084.8,32310.7,15293.3,2.1127
3-22 street_2017,3-22 street,2017,19613.3,9806.7,11530.6,0.8505
3-23 avenue_2017,3-23 avenue,2017,36187.6,15052.9,27501.8,0.5473
3-23 avenue_2018,3-23 avenue,2018,27808.0,13904.0,27501.8,0.5056
3-23 avenue_2023,3-23 avenue,2023,466.0,233.0,27501.8,0.0085
3-23 avenue_2024,3-23 avenue,2024,706.0,353.0,27501.8,0.0128
3-23 street_2024,3-23 street,2024,19898.0,9949.0,10741.9,0.9262
3-24 avenue_2020,3-24 avenue,2020,92694.2,29705.8,26708.1,1.1122
3-24 avenue_2022,3-24 avenue,2022,747.0,249.0,26708.1,0.0093
3-24 avenue_2023,3-24 avenue,2023,450.0,225.0,26708.1,0.0084
3-24 avenue_2024,3-24 avenue,2024,840.0,420.0,26708.1,0.0157
3-24 street_2024,3-24 street,2024,14802.0,7401.0,7809.8,0.9477
3-25 avenue_2023,3-25 avenue,2023,54414.0,19409.0,18040.0,1.0759
3-25 avenue_2024,3-25 avenue,2024,400.0,200.0,18040.0,0.0111
3-26 avenue_2017,3-26 avenue,2017,87852.5,39834.2,7725.9,5.1559
3-26 avenue_2023,3-26 avenue,2023,460.0,230.0,7725.9,0.0298
3-26 avenue_2024,3-26 avenue,2024,68112.0,34056.0,7725.9,4.408
3-26 street_2018,3-26 street,2018,68373.3,30200.0,6281.7,4.8076
3-27 avenue_2024,3-27 avenue,2024,34814.0,17407.0,13054.3,1.3334
3-27 street_2016,3-27 street,2016,10026.7,5013.3,6212.0,0.807
3-27 street_2018,3-27 street,2018,22820.0,11410.0,6212.0,1.8368
3-28 avenue_2024,3-28 avenue,2024,820.0,410.0,9061.7,0.0452
3-28 street_2018,3-28 street,2018,25760.0,12880.0,6246.2,2.0621
3-3 avenue_2016,3-3 avenue,2016,194180.2,94242.1,228874.6,0.4118
3-3 avenue_2018,3-3 avenue,2018,86503.6,43251.8,228874.6,0.189
3-3 avenue_2019,3-3 avenue,2019,181190.0,89033.9,228874.6,0.389
3-3 avenue_2020,3-3 avenue,2020,197880.2,98940.1,228874.6,0.4323
3-3 avenue_2022,3-3 avenue,2022,672722.0,336361.0,228874.6,1.4696
3-3 avenue_2023,3-3 avenue,2023,744.0,372.0,228874.6,0.0016
3-3 place_2018,3-3 place,2018,15893.3,7946.7,2721.4,2.9201
3-3 place_2024,3-3 place,2024,296.0,148.0,2721.4,0.0544
3-3 street_2016,3-3 street,2016,57128.0,23570.7,31047.3,0.7592
3-3 street_2018,3-3 street,2018,37007.8,17027.2,31047.3,0.5484
3-3 street_2021,3-3 street,2021,1848.0,672.0,31047.3,0.0216
3-3 street_2023,3-3 street,2023,280.0,140.0,31047.3,0.0045
3-32 street_2024,3-32 street,2024,26000.0,13000.0,7936.9,1.6379
3-33 street_2024,3-33 street,2024,26000.0,13000.0,8304.5,1.5654
3-34 street_2024,3-34 street,2024,26000.0,13000.0,8303.3,1.5656
3-35 street_2017,3-35 street,2017,4098.7,2049.3,8345.6,0.2456
3-36 street_2016,3-36 street,2016,39781.6,19890.8,24589.6,0.8089
3-36 street_2019,3-36 street,2019,35120.0,17560.0,24589.6,0.7141
3-36 street_2024,3-36 street,2024,12718.0,6359.0,24589.6,0.2586
3-37 street_2020,3-37 street,2020,39314.5,19657.2,31229.8,0.6294
3-38 street_2018,3-38 street,2018,50656.1,25328.0,18969.6,1.3352
3-38 street_2021,3-38 street,2021,25802.5,8600.8,18969.6,0.4534
3-38 street_2022,3-38 street,2022,334.0,167.0,18969.6,0.0088
3-39 street_2018,3-39 street,2018,22229.3,11114.7,57764.1,0.1924
3-39 street_2021,3-39 street,2021,18635.1,7167.4,57764.1,0.1241
3-39 street_2022,3-39 street,2022,334.0,167.0,57764.1,0.0029
3-39 street_2023,3-39 street,2023,28994.0,13287.0,57764.1,0.23
3-4 avenue_2016,3-4 avenue,2016,150920.0,75460.0,232988.6,0.3239
3-4 avenue_2021,3-4 avenue,2021,9672943.0,406837.1,232988.6,1.7462
3-4 avenue_2023,3-4 avenue,2023,3510.0,1170.0,232988.6,0.005
3-4 place_2020,3-4 place,2020,17968.0,8984.0,4273.9,2.1021
3-4 place_2025,3-4 place,2025,194.0,97.0,4273.9,0.0227
3-4 street_2018,3-4 street,2018,28790.0,7640.0,20526.6,0.3722
3-4 street_2021,3-4 street,2021,336.0,168.0,20526.6,0.0082
3-4 street_2022,3-4 street,2022,14866.0,7433.0,20526.6,0.3621
3-4 street_2023,3-4 street,2023,318.0,159.0,20526.6,0.0077
3-4 street_2024,3-4 street,2024,160.0,80.0,20526.6,0.0039
3-40 street_2016,3-40 street,2016,24553.3,12276.7,38525.1,0.3187
3-40 street_2022,3-40 street,2022,334.0,167.0,38525.1,0.0043
3-40 street_2023,3-40 street,2023,128084.0,27884.0,38525.1,0.7238
3-41 street_2019,3-41 street,2019,16160.0,8080.0,41222.8,0.196
3-41 street_2021,3-41 street,2021,15768.2,7167.4,41222.8,0.1739
3-41 street_2022,3-41 street,2022,334.0,167.0,41222.8,0.0041
3-42 street_2020,3-42 street,2020,36073.3,15533.3,37786.9,0.4111
3-42 street_2021,3-42 street,2021,68806.6,17201.6,37786.9,0.4552
3-42 street_2022,3-42 street,2022,334.0,167.0,37786.9,0.0044
3-43 street_2018,3-43 street,2018,9760.0,4880.0,41252.6,0.1183
3-43 street_2022,3-43 street,2022,334.0,167.0,41252.6,0.004
3-43 street_2025,3-43 street,2025,34318.0,17159.0,41252.6,0.4159
3-44 street_2022,3-44 street,2022,334.0,167.0,43999.0,0.0038
3-44 street_2023,3-44 street,2023,48500.0,20500.0,43999.0,0.4659
3-44 street_2025,3-44 street,2025,24490.0,12245.0,43999.0,0.2783
3-45 street_2022,3-45 street,2022,334.0,167.0,42257.2,0.004
3-45 street_2023,3-45 street,2023,50932.0,20466.0,42257.2,0.4843
3-46 street_2021,3-46 street,2021,20068.6,10034.3,41934.8,0.2393
3-46 street_2022,3-46 street,2022,34862.0,17431.0,41934.8,0.4157
3-46 street_2023,3-46 street,2023,9868.0,4934.0,41934.8,0.1177
3-46 street_2024,3-46 street,2024,5000.0,2500.0,41934.8,0.0596
3-47 street_2017,3-47 street,2017,125159.2,36714.6,48162.5,0.7623
3-47 street_2022,3-47 street,2022,334.0,167.0,48162.5,0.0035
3-47 street_2024,3-47 street,2024,10000.0,5000.0,48162.5,0.1038
3-48 street_2018,3-48 street,2018,34940.0,17470.0,47029.7,0.3715
3-48 street_2022,3-48 street,2022,54372.0,27186.0,47029.7,0.5781
3-48 street_2023,3-48 street,2023,9966.0,4983.0,47029.7,0.106
3-48 street_2024,3-48 street,2024,30932.0,15466.0,47029.7,0.3289
3-49 street_2016,3-49 street,2016,20400.0,10200.0,46819.7,0.2179
3-49 street_2020,3-49 street,2020,8486.7,4243.3,46819.7,0.0906
3-49 street_2021,3-49 street,2021,80274.3,18635.1,46819.7,0.398
3-49 street_2023,3-49 street,2023,12827.0,5172.0,46819.7,0.1105
3-5 avenue_2017,3-5 avenue,2017,152416.9,76208.4,140729.2,0.5415
3-5 avenue_2022,3-5 avenue,2022,20114.0,10057.0,140729.2,0.0715
3-5 avenue_2023,3-5 avenue,2023,190009.0,89016.0,140729.2,0.6325
3-5 avenue_2024,3-5 avenue,2024,534.0,267.0,140729.2,0.0019
3-5 street_2016,3-5 street,2016,29260.0,14630.0,20956.1,0.6981
3-5 street_2022,3-5 street,2022,334.0,167.0,20956.1,0.008
3-5 street_2023,3-5 street,2023,318.0,159.0,20956.1,0.0076
3-5 street_2024,3-5 street,2024,24024.0,12012.0,20956.1,0.5732
3-50 street_2019,3-50 street,2019,24806.7,12403.3,48291.7,0.2568
3-50 street_2020,3-50 street,2020,48293.3,24146.7,48291.7,0.5
3-50 street_2022,3-50 street,2022,20054.0,10027.0,48291.7,0.2076
3-50 street_2023,3-50 street,2023,66492.0,23246.0,48291.7,0.4814
3-51 street_2019,3-51 street,2019,49786.7,22466.7,49176.5,0.4569
3-51 street_2020,3-51 street,2020,20970.7,10485.3,49176.5,0.2132
3-51 street_2023,3-51 street,2023,56590.0,22845.0,49176.5,0.4646
3-51 street_2024,3-51 street,2024,45536.0,22768.0,49176.5,0.463
3-51 street_2025,3-51 street,2025,332.0,166.0,49176.5,0.0034
3-52 street_2017,3-52 street,2017,41393.3,20696.7,54562.5,0.3793
3-52 street_2023,3-52 street,2023,15356.0,5178.0,54562.5,0.0949
3-52 street_2024,3-52 street,2024,65778.0,32889.0,54562.5,0.6028
3-52 street_2025,3-52 street,2025,332.0,166.0,54562.5,0.003
3-53 street_2016,3-53 street,2016,53136.0,26568.0,52535.2,0.5057
3-53 street_2018,3-53 street,2018,20160.0,10080.0,52535.2,0.1919
3-53 street_2019,3-53 street,2019,58433.3,12183.3,52535.2,0.2319
3-53 street_2022,3-53 street,2022,9600.0,4800.0,52535.2,0.0914
3-53 street_2023,3-53 street,2023,51764.0,20632.0,52535.2,0.3927
3-53 street_2025,3-53 street,2025,19818.0,9909.0,52535.2,0.1886
3-54 street_2021,3-54 street,2021,53038.4,14334.7,47680.1,0.3006
3-54 street_2023,3-54 street,2023,27434.0,9967.0,47680.1,0.209
3-54 street_2025,3-54 street,2025,332.0,166.0,47680.1,0.0035
3-55 street_2016,3-55 street,2016,21046.7,10523.3,41701.1,0.2524
3-55 street_2019,3-55 street,2019,49584.9,24792.4,41701.1,0.5945
3-55 street_2024,3-55 street,2024,30668.0,15334.0,41701.1,0.3677
3-55 street_2025,3-55 street,2025,5258.0,2629.0,41701.1,0.063
3-56 drive_2018,3-56 drive,2018,20564.5,10282.2,8149.2,1.2617
3-56 drive_2021,3-56 drive,2021,504.0,168.0,8149.2,0.0206
3-56 drive_2022,3-56 drive,2022,884.0,442.0,8149.2,0.0542
3-56 street_2016,3-56 street,2016,57066.7,28533.3,40346.3,0.7072
3-56 street_2018,3-56 street,2018,58526.7,21950.0,40346.3,0.544
3-56 street_2023,3-56 street,2023,10955.0,4476.0,40346.3,0.1109
3-56 street_2025,3-56 street,2025,10348.0,5174.0,40346.3,0.1282
3-57 street_2023,3-57 street,2023,37483.0,14083.0,45603.3,0.3088
3-57 street_2025,3-57 street,2025,332.0,166.0,45603.3,0.0036
3-58 street_2016,3-58 street,2016,44253.3,22126.6,51588.7,0.4289
3-58 street_2017,3-58 street,2017,9840.0,4920.0,51588.7,0.0954
3-58 street_2018,3-58 street,2018,30293.3,15146.6,51588.7,0.2936
3-58 street_2020,3-58 street,2020,62706.7,30193.4,51588.7,0.5853
3-58 street_2024,3-58 street,2024,30934.0,15467.0,51588.7,0.2998
3-58 street_2025,3-58 street,2025,332.0,166.0,51588.7,0.0032
3-59 street_2017,3-59 street,2017,64720.1,32360.0,51159.9,0.6325
3-59 street_2018,3-59 street,2018,3520.0,1760.0,51159.9,0.0344
3-59 street_2022,3-59 street,2022,9986.0,4993.0,51159.9,0.0976
3-59 street_2024,3-59 street,2024,480.0,240.0,51159.9,0.0047
3-59 street_2025,3-59 street,2025,14852.0,7426.0,51159.9,0.1452
3-6 avenue_2017,3-6 avenue,2017,28257.8,14128.9,98163.9,0.1439
3-6 avenue_2019,3-6 avenue,2019,56540.5,28270.3,98163.9,0.288
3-6 avenue_2020,3-6 avenue,2020,15680.0,7840.0,98163.9,0.0799
3-6 avenue_2022,3-6 avenue,2022,1604.0,802.0,98163.9,0.0082
3-6 avenue_2023,3-6 avenue,2023,14972.0,7486.0,98163.9,0.0763
3-6 avenue_2024,3-6 avenue,2024,51748.0,25874.0,98163.9,0.2636
3-6 street_2018,3-6 street,2018,14053.3,7026.7,25774.7,0.2726
3-6 street_2022,3-6 street,2022,30300.0,15150.0,25774.7,0.5878
3-6 street_2023,3-6 street,2023,318.0,159.0,25774.7,0.0062
3-60 street_2016,3-60 street,2016,14588.4,7294.2,108428.2,0.0673
3-60 street_2017,3-60 street,2017,36948.0,18474.0,108428.2,0.1704
3-60 street_2024,3-60 street,2024,67462.0,33731.0,108428.2,0.3111
3-60 street_2025,3-60 street,2025,430.0,215.0,108428.2,0.002
3-61 street_2018,3-61 street,2018,40146.7,20073.3,49420.0,0.4062
3-61 street_2022,3-61 street,2022,15674.0,7837.0,49420.0,0.1586
3-61 street_2023,3-61 street,2023,61060.0,22920.0,49420.0,0.4638
3-61 street_2025,3-61 street,2025,332.0,166.0,49420.0,0.0034
3-62 street_2016,3-62 street,2016,63253.3,31626.7,50334.2,0.6283
3-62 street_2018,3-62 street,2018,36764.0,18382.0,50334.2,0.3652
3-62 street_2021,3-62 street,2021,30102.9,11467.8,50334.2,0.2278
3-62 street_2022,3-62 street,2022,747.0,249.0,50334.2,0.0049
3-62 street_2023,3-62 street,2023,5360.0,2680.0,50334.2,0.0532
3-63 street_2017,3-63 street,2017,31206.7,15603.3,48092.5,0.3244
3-63 street_2018,3-63 street,2018,473056.4,34056.7,48092.5,0.7081
3-63 street_2019,3-63 street,2019,11573.3,5786.7,48092.5,0.1203
3-63 street_2022,3-63 street,2022,747.0,249.0,48092.5,0.0052
3-63 street_2023,3-63 street,2023,494.0,247.0,48092.5,0.0051
3-64 street_2017,3-64 street,2017,12019.5,6009.8,52658.7,0.1141
3-64 street_2018,3-64 street,2018,25100.0,12550.0,52658.7,0.2383
3-64 street_2019,3-64 street,2019,21446.2,10723.1,52658.7,0.2036
3-64 street_2020,3-64 street,2020,63764.6,29917.2,52658.7,0.5681
3-64 street_2022,3-64 street,2022,498.0,249.0,52658.7,0.0047
3-64 street_2023,3-64 street,2023,534.0,267.0,52658.7,0.0051
3-65 street_2017,3-65 street,2017,97020.0,45553.3,118542.6,0.3843
3-65 street_2019,3-65 street,2019,68770.6,50615.1,118542.6,0.427
3-65 street_2022,3-65 street,2022,747.0,249.0,118542.6,0.0021
3-65 street_2023,3-65 street,2023,65188.0,22594.0,118542.6,0.1906
3-65 street_2024,3-65 street,2024,185045.0,89173.0,118542.6,0.7522
3-66 street_2023,3-66 street,2023,454.0,227.0,47839.0,0.0047
3-66 street_2024,3-66 street,2024,39518.0,19759.0,47839.0,0.413
3-67 street_2016,3-67 street,2016,39356.7,18353.3,58037.7,0.3162
3-67 street_2017,3-67 street,2017,60029.3,30014.6,58037.7,0.5172
3-67 street_2022,3-67 street,2022,10000.0,5000.0,58037.7,0.0862
3-67 street_2023,3-67 street,2023,454.0,227.0,58037.7,0.0039
3-68 street_2018,3-68 street,2018,243047.9,107828.0,36720.8,2.9364
3-68 street_2019,3-68 street,2019,25293.4,11833.4,36720.8,0.3223
3-7 avenue_2016,3-7 avenue,2016,619452.6,240995.6,151314.6,1.5927
3-7 avenue_2018,3-7 avenue,2018,69422.6,34711.3,151314.6,0.2294
3-7 avenue_2020,3-7 avenue,2020,44692.1,21487.6,151314.6,0.142
3-7 avenue_2022,3-7 avenue,2022,32138.0,16069.0,151314.6,0.1062
3-7 avenue_2023,3-7 avenue,2023,400.0,200.0,151314.6,0.0013
3-7 avenue_2024,3-7 avenue,2024,43912.0,21956.0,151314.6,0.1451
3-7 street_2023,3-7 street,2023,318.0,159.0,18063.4,0.0088
3-70 street_2016,3-70 street,2016,43255.3,20339.4,37566.4,0.5414
3-70 street_2017,3-70 street,2017,88333.4,44166.7,37566.4,1.1757
3-70 street_2018,3-70 street,2018,37593.4,18796.7,37566.4,0.5004
3-71 street_2019,3-71 street,2019,104037.5,52018.8,43740.0,1.1893
3-71 street_2023,3-71 street,2023,312.0,156.0,43740.0,0.0036
3-71 street_2024,3-71 street,2024,28968.0,14484.0,43740.0,0.3311
3-72 street_2017,3-72 street,2017,49352.0,24676.0,52935.1,0.4662
3-72 street_2018,3-72 street,2018,30806.7,15403.3,52935.1,0.291
3-72 street_2019,3-72 street,2019,83169.3,41584.6,52935.1,0.7856
3-72 street_2023,3-72 street,2023,312.0,156.0,52935.1,0.0029
3-73 street_2020,3-73 street,2020,214159.6,60988.6,47613.3,1.2809
3-73 street_2021,3-73 street,2021,10034.3,4300.4,47613.3,0.0903
3-73 street_2024,3-73 street,2024,30428.0,15214.0,47613.3,0.3195
3-74 street_2017,3-74 street,2017,5393.3,2696.7,46764.1,0.0577
3-74 street_2019,3-74 street,2019,78493.4,39246.7,46764.1,0.8392
3-74 street_2023,3-74 street,2023,312.0,156.0,46764.1,0.0033
3-76 street_2017,3-76 street,2017,56940.0,28470.0,48184.7,0.5909
3-76 street_2019,3-76 street,2019,46789.3,21244.4,48184.7,0.4409
3-76 street_2020,3-76 street,2020,14360.0,4713.3,48184.7,0.0978
3-76 street_2023,3-76 street,2023,38298.0,19149.0,48184.7,0.3974
3-77 street_2018,3-77 street,2018,35500.0,10600.0,50217.9,0.2111
3-77 street_2020,3-77 street,2020,14860.0,2476.7,50217.9,0.0493
3-77 street_2022,3-77 street,2022,54638.0,27319.0,50217.9,0.544
3-77 street_2023,3-77 street,2023,934.0,467.0,50217.9,0.0093
3-78 street_2018,3-78 street,2018,134773.3,44286.7,51849.6,0.8541
3-78 street_2023,3-78 street,2023,934.0,467.0,51849.6,0.009
3-78 street_2024,3-78 street,2024,54498.0,27249.0,51849.6,0.5255
3-79 street_2018,3-79 street,2018,92000.0,46000.0,53049.9,0.8671
3-79 street_2022,3-79 street,2022,46874.0,23437.0,53049.9,0.4418
3-79 street_2023,3-79 street,2023,27032.0,13516.0,53049.9,0.2548
3-8 avenue_2019,3-8 avenue,2019,78689.0,39344.5,79260.0,0.4964
3-8 avenue_2021,3-8 avenue,2021,24369.0,8600.8,79260.0,0.1085
3-8 avenue_2023,3-8 avenue,2023,38049.0,17328.0,79260.0,0.2186
3-8 avenue_2024,3-8 avenue,2024,9402.0,4701.0,79260.0,0.0593
3-8 street_2022,3-8 street,2022,29636.0,14818.0,18085.0,0.8194
3-80 street_2017,3-80 street,2017,45066.7,22533.3,51725.5,0.4356
3-80 street_2020,3-80 street,2020,71370.0,34466.6,51725.5,0.6663
3-80 street_2023,3-80 street,2023,11892.0,5946.0,51725.5,0.115
3-81 street_2021,3-81 street,2021,27235.9,12901.2,52001.1,0.2481
3-81 street_2023,3-81 street,2023,18031.0,7774.0,52001.1,0.1495
3-82 street_2018,3-82 street,2018,24086.7,12043.3,52568.3,0.2291
3-82 street_2020,3-82 street,2020,104410.0,30170.0,52568.3,0.5739
3-82 street_2021,3-82 street,2021,25802.5,11467.8,52568.3,0.2182
3-82 street_2022,3-82 street,2022,45952.0,20476.0,52568.3,0.3895
3-82 street_2023,3-82 street,2023,1094.0,547.0,52568.3,0.0104
3-83 street_2018,3-83 street,2018,64086.6,32043.3,54136.9,0.5919
3-83 street_2021,3-83 street,2021,68806.6,22935.5,54136.9,0.4237
3-83 street_2023,3-83 street,2023,1040.0,520.0,54136.9,0.0096
3-84 street_2018,3-84 street,2018,80189.0,40001.2,52360.1,0.764
3-84 street_2021,3-84 street,2021,336.0,168.0,52360.1,0.0032
3-84 street_2023,3-84 street,2023,706.0,353.0,52360.1,0.0067
3-84 street_2024,3-84 street,2024,49412.0,24706.0,52360.1,0.4718
3-85 street_2021,3-85 street,2021,40137.2,12901.2,55398.3,0.2329
3-85 street_2022,3-85 street,2022,55606.0,27803.0,55398.3,0.5019
3-85 street_2023,3-85 street,2023,868.0,434.0,55398.3,0.0078
3-85 street_2024,3-85 street,2024,34856.0,17428.0,55398.3,0.3146
3-86 street_2017,3-86 street,2017,210879.3,105439.6,147376.0,0.7154
3-86 street_2019,3-86 street,2019,102866.7,51433.4,147376.0,0.349
3-86 street_2020,3-86 street,2020,216975.3,108487.6,147376.0,0.7361
3-86 street_2023,3-86 street,2023,734.0,367.0,147376.0,0.0025
3-87 street_2022,3-87 street,2022,610.0,305.0,10121.1,0.0301
3-87 street_2023,3-87 street,2023,37566.0,18783.0,10121.1,1.8558
3-88 street_2016,3-88 street,2016,1533.3,766.7,14058.9,0.0545
3-88 street_2022,3-88 street,2022,638.0,319.0,14058.9,0.0227
3-88 street_2023,3-88 street,2023,1038.0,519.0,14058.9,0.0369
3-88 street_2024,3-88 street,2024,56292.0,28146.0,14058.9,2.002
3-89 street_2022,3-89 street,2022,610.0,305.0,7430.0,0.041
3-89 street_2023,3-89 street,2023,280.0,140.0,7430.0,0.0188
3-9 avenue_2016,3-9 avenue,2016,40315.8,20157.9,39919.8,0.505
3-9 avenue_2018,3-9 avenue,2018,28883.5,14441.8,39919.8,0.3618
3-9 avenue_2023,3-9 avenue,2023,908.0,454.0,39919.8,0.0114
3-9 avenue_2024,3-9 avenue,2024,480.0,240.0,39919.8,0.006
3-9 street_2018,3-9 street,2018,46007.1,23003.6,38260.9,0.6012
3-9 street_2020,3-9 street,2020,5623.3,2811.7,38260.9,0.0735
3-9 street_2023,3-9 street,2023,9532.0,4766.0,38260.9,0.1246
3-90 street_2018,3-90 street,2018,17133.4,8566.7,10087.1,0.8493
3-90 street_2023,3-90 street,2023,636.0,318.0,10087.1,0.0315
3-90 street_2024,3-90 street,2024,186.0,93.0,10087.1,0.0092
3-91 street_2022,3-91 street,2022,312.0,156.0,10822.3,0.0144
3-91 street_2023,3-91 street,2023,978.0,489.0,10822.3,0.0452
3-92 street_2017,3-92 street,2017,12086.6,3633.3,25356.0,0.1433
3-92 street_2021,3-92 street,2021,22935.5,10034.3,25356.0,0.3957
3-92 street_2023,3-92 street,2023,588.0,294.0,25356.0,0.0116
3-93 street_2022,3-93 street,2022,17700.0,8850.0,9417.6,0.9397
3-93 street_2023,3-93 street,2023,378.0,189.0,9417.6,0.0201
3-94 street_2023,3-94 street,2023,378.0,189.0,7284.4,0.0259
3-95 avenue_2020,3-95 avenue,2020,22085.5,6997.4,1865.6,3.7508
3-95 street_2017,3-95 street,2017,10556.7,4363.3,8319.1,0.5245
3-95 street_2023,3-95 street,2023,356.0,178.0,8319.1,0.0214
3-96 street_2022,3-96 street,2022,13166.0,6583.0,6958.5,0.946
3-96 street_2023,3-96 street,2023,356.0,178.0,6958.5,0.0256
3-97 street_2023,3-97 street,2023,378.0,189.0,6839.1,0.0276
3-99 street_2023,3-99 street,2023,378.0,189.0,5837.4,0.0324
3-aberdeen street_2022,3-aberdeen street,2022,13828.0,6914.0,1645.4,4.202
3-academy park place_2022,3-academy park place,2022,444.0,222.0,995.0,0.2231
3-adams street_2017,3-adams street,2017,38347.4,19173.7,33448.0,0.5732
3-adams street_2024,3-adams street,2024,214.0,107.0,33448.0,0.0032
3-adelphi street_2017,3-adelphi street,2017,18852.0,9043.8,17361.7,0.5209
3-adelphi street_2022,3-adelphi street,2022,18322.0,9161.0,17361.7,0.5277
3-adelphi street_2023,3-adelphi street,2023,248.0,124.0,17361.7,0.0071
3-adelphi street_2025,3-adelphi street,2025,3148.0,1574.0,17361.7,0.0907
3-adler place_2024,3-adler place,2024,1720.0,860.0,836.8,1.0277
3-ainslie street_2018,3-ainslie street,2018,12886.7,6443.3,11452.9,0.5626
3-ainslie street_2019,3-ainslie street,2019,11693.4,5846.7,11452.9,0.5105
3-alabama avenue_2017,3-alabama avenue,2017,18053.3,8130.0,34923.5,0.2328
3-alabama avenue_2019,3-alabama avenue,2019,43945.7,21972.9,34923.5,0.6292
3-alabama avenue_2022,3-alabama avenue,2022,266.0,133.0,34923.5,0.0038
3-alabama avenue_2023,3-alabama avenue,2023,43446.0,21723.0,34923.5,0.622
3-alabama avenue_2024,3-alabama avenue,2024,512.0,256.0,34923.5,0.0073
3-alabama avenue_2025,3-alabama avenue,2025,778.0,389.0,34923.5,0.0111
3-albany avenue_2016,3-albany avenue,2016,21980.4,10990.2,79316.0,0.1386
3-albany avenue_2017,3-albany avenue,2017,48846.2,21607.1,79316.0,0.2724
3-albany avenue_2020,3-albany avenue,2020,108763.2,33552.5,79316.0,0.423
3-albany avenue_2021,3-albany avenue,2021,12901.2,5733.9,79316.0,0.0723
3-albany avenue_2022,3-albany avenue,2022,1232.0,616.0,79316.0,0.0078
3-albany avenue_2023,3-albany avenue,2023,67055.0,25297.0,79316.0,0.3189
3-albemarle road_2019,3-albemarle road,2019,12720.9,6360.4,27555.1,0.2308
3-albemarle road_2022,3-albemarle road,2022,246.0,123.0,27555.1,0.0045
3-albemarle terrace_2016,3-albemarle terrace,2016,1173.3,586.7,547.2,1.0722
3-allen avenue_2022,3-allen avenue,2022,7616.0,3808.0,3998.0,0.9525
3-alton place_2018,3-alton place,2018,3626.7,1813.3,1964.0,0.9233
3-alton place_2025,3-alton place,2025,426.0,213.0,1964.0,0.1085
3-amber street_2025,3-amber street,2025,5140.0,2570.0,3852.5,0.6671
3-amboy street_2017,3-amboy street,2017,93546.5,40551.1,18331.0,2.2122
3-amboy street_2022,3-amboy street,2022,280.0,140.0,18331.0,0.0076
3-amboy street_2023,3-amboy street,2023,384.0,192.0,18331.0,0.0105
3-amboy street_2024,3-amboy street,2024,294.0,147.0,18331.0,0.008
3-amboy street_2025,3-amboy street,2025,524.0,262.0,18331.0,0.0143
3-amersfort place_2022,3-amersfort place,2022,470.0,235.0,4411.8,0.0533
3-amherst street_2025,3-amherst street,2025,30236.0,15118.0,9339.1,1.6188
3-amity street_2017,3-amity street,2017,8182.7,4091.3,6026.0,0.6789
3-amity street_2020,3-amity street,2020,8254.4,1650.9,6026.0,0.274
3-amity street_2022,3-amity street,2022,186.0,93.0,6026.0,0.0154
3-angela drive_2018,3-angela drive,2018,7380.0,3690.0,1112.9,3.3157
3-anthony street_2022,3-anthony street,2022,214.0,107.0,6222.6,0.0172
3-anthony street_2024,3-anthony street,2024,8838.0,4419.0,6222.6,0.7102
3-anthony street_2025,3-anthony street,2025,434.0,217.0,6222.6,0.0349
3-apollo street_2023,3-apollo street,2023,266.0,133.0,6470.5,0.0206
3-apollo street_2024,3-apollo street,2024,13278.0,6639.0,6470.5,1.026
3-applegate court_2022,3-applegate court,2022,206.0,103.0,794.5,0.1296
3-ardsley loop_2022,3-ardsley loop,2022,732.0,366.0,1078.1,0.3395
3-arion place_2023,3-arion place,2023,3534.0,1767.0,1793.0,0.9855
3-arkansas drive_2018,3-arkansas drive,2018,26016.0,13008.0,6792.7,1.915
3-arkansas drive_2022,3-arkansas drive,2022,712.0,356.0,6792.7,0.0524
3-arlington avenue_2019,3-arlington avenue,2019,24353.3,12176.7,14790.6,0.8233
3-arlington avenue_2022,3-arlington avenue,2022,6216.0,3108.0,14790.6,0.2101
3-arlington avenue_2023,3-arlington avenue,2023,152.0,76.0,14790.6,0.0051
3-arlington place_2022,3-arlington place,2022,4062.0,2031.0,1604.9,1.2655
3-ash street_2020,3-ash street,2020,11920.0,5960.0,2699.0,2.2082
3-ashford street_2019,3-ashford street,2019,50730.7,25365.4,29167.0,0.8697
3-ashford street_2020,3-ashford street,2020,115991.7,56577.2,29167.0,1.9398
3-ashford street_2022,3-ashford street,2022,618.0,309.0,29167.0,0.0106
3-ashford street_2023,3-ashford street,2023,888.0,444.0,29167.0,0.0152
3-ashford street_2024,3-ashford street,2024,206.0,103.0,29167.0,0.0035
3-ashford street_2025,3-ashford street,2025,7004.0,3502.0,29167.0,0.1201
3-ashland place_2023,3-ashland place,2023,40506.0,20253.0,15815.7,1.2806
3-ashland place_2025,3-ashland place,2025,374.0,187.0,15815.7,0.0118
3-aster court_2022,3-aster court,2022,552.0,276.0,5088.1,0.0542
3-atkins avenue_2017,3-atkins avenue,2017,29940.0,14970.0,33272.0,0.4499
3-atkins avenue_2020,3-atkins avenue,2020,29966.7,14983.3,33272.0,0.4503
3-atkins avenue_2022,3-atkins avenue,2022,906.0,453.0,33272.0,0.0136
3-atkins avenue_2023,3-atkins avenue,2023,670.0,335.0,33272.0,0.0101
3-atkins avenue_2024,3-atkins avenue,2024,882.0,441.0,33272.0,0.0133
3-atkins avenue_2025,3-atkins avenue,2025,6270.0,3135.0,33272.0,0.0942
3-atlantic avenue_2016,3-atlantic avenue,2016,620488.8,129306.6,254205.7,0.5087
3-atlantic avenue_2019,3-atlantic avenue,2019,185137.2,91058.6,254205.7,0.3582
3-atlantic avenue_2020,3-atlantic avenue,2020,56173.3,21540.0,254205.7,0.0847
3-atlantic avenue_2022,3-atlantic avenue,2022,64514.0,32257.0,254205.7,0.1269
3-atlantic avenue_2023,3-atlantic avenue,2023,164000.0,45248.0,254205.7,0.178
3-atlantic avenue_2024,3-atlantic avenue,2024,122824.0,61412.0,254205.7,0.2416
3-autumn avenue_2017,3-autumn avenue,2017,86990.7,38375.4,33363.2,1.1502
3-autumn avenue_2021,3-autumn avenue,2021,30102.9,12901.2,33363.2,0.3867
3-autumn avenue_2022,3-autumn avenue,2022,506.0,253.0,33363.2,0.0076
3-autumn avenue_2023,3-autumn avenue,2023,256.0,128.0,33363.2,0.0038
3-autumn avenue_2024,3-autumn avenue,2024,8422.0,4211.0,33363.2,0.1262
3-autumn avenue_2025,3-autumn avenue,2025,1004.0,502.0,33363.2,0.015
3-avenue a_2020,3-avenue a,2020,504.0,168.0,12954.8,0.013
3-avenue b_2017,3-avenue b,2017,23974.9,7816.4,17759.1,0.4401
3-avenue b_2020,3-avenue b,2020,16616.9,6538.2,17759.1,0.3682
3-avenue c_2018,3-avenue c,2018,14823.1,7411.6,16944.9,0.4374
3-avenue c_2024,3-avenue c,2024,25716.0,12858.0,16944.9,0.7588
3-avenue d_2018,3-avenue d,2018,37453.1,18726.6,83417.1,0.2245
3-avenue d_2020,3-avenue d,2020,80159.3,39375.7,83417.1,0.472
3-avenue d_2021,3-avenue d,2021,504.0,168.0,83417.1,0.002
3-avenue d_2023,3-avenue d,2023,72380.0,36190.0,83417.1,0.4338
3-avenue d_2024,3-avenue d,2024,5370.0,2685.0,83417.1,0.0322
3-avenue d_2025,3-avenue d,2025,584.0,292.0,83417.1,0.0035
3-avenue f_2018,3-avenue f,2018,21325.3,10662.7,7975.1,1.337
3-avenue h_2018,3-avenue h,2018,3487.1,1743.6,54599.0,0.0319
3-avenue h_2019,3-avenue h,2019,77407.4,38703.7,54599.0,0.7089
3-avenue h_2021,3-avenue h,2021,22935.5,11467.8,54599.0,0.21
3-avenue h_2024,3-avenue h,2024,6768.0,3384.0,54599.0,0.062
3-avenue h_2025,3-avenue h,2025,16156.0,8078.0,54599.0,0.148
3-avenue i_2018,3-avenue i,2018,57258.2,28629.1,75260.2,0.3804
3-avenue i_2023,3-avenue i,2023,16122.0,8061.0,75260.2,0.1071
3-avenue i_2024,3-avenue i,2024,7736.0,3868.0,75260.2,0.0514
3-avenue j_2017,3-avenue j,2017,20523.6,10261.8,113002.7,0.0908
3-avenue j_2018,3-avenue j,2018,54234.7,27117.3,113002.7,0.24
3-avenue j_2019,3-avenue j,2019,31536.3,15768.2,113002.7,0.1395
3-avenue j_2021,3-avenue j,2021,31536.3,15768.2,113002.7,0.1395
3-avenue j_2022,3-avenue j,2022,668.0,334.0,113002.7,0.003
3-avenue j_2024,3-avenue j,2024,3750.0,1875.0,113002.7,0.0166
3-avenue j_2025,3-avenue j,2025,1630.0,815.0,113002.7,0.0072
3-avenue k_2016,3-avenue k,2016,103946.5,37083.3,109265.8,0.3394
3-avenue k_2017,3-avenue k,2017,37351.1,18675.6,109265.8,0.1709
3-avenue k_2018,3-avenue k,2018,3001.8,1500.9,109265.8,0.0137
3-avenue k_2019,3-avenue k,2019,176316.8,75973.9,109265.8,0.6953
3-avenue k_2022,3-avenue k,2022,612.0,306.0,109265.8,0.0028
3-avenue k_2023,3-avenue k,2023,440.0,220.0,109265.8,0.002
3-avenue k_2025,3-avenue k,2025,68214.0,34107.0,109265.8,0.3121
3-avenue l_2016,3-avenue l,2016,51466.7,25046.4,109155.9,0.2295
3-avenue l_2017,3-avenue l,2017,22612.7,11306.3,109155.9,0.1036
3-avenue l_2020,3-avenue l,2020,20337.8,10168.9,109155.9,0.0932
3-avenue l_2021,3-avenue l,2021,27235.9,12901.2,109155.9,0.1182
3-avenue l_2022,3-avenue l,2022,740.0,370.0,109155.9,0.0034
3-avenue l_2024,3-avenue l,2024,640.0,320.0,109155.9,0.0029
3-avenue l_2025,3-avenue l,2025,854.0,427.0,109155.9,0.0039
3-avenue m_2016,3-avenue m,2016,74695.8,37347.9,109571.4,0.3409
3-avenue m_2017,3-avenue m,2017,96808.6,44796.3,109571.4,0.4088
3-avenue m_2019,3-avenue m,2019,18635.1,7167.4,109571.4,0.0654
3-avenue m_2024,3-avenue m,2024,2038.0,1019.0,109571.4,0.0093
3-avenue m_2025,3-avenue m,2025,58252.0,29126.0,109571.4,0.2658
3-avenue north_2016,3-avenue north,2016,55932.1,27966.0,107807.2,0.2594
3-avenue north_2017,3-avenue north,2017,27731.1,11438.9,107807.2,0.1061
3-avenue north_2018,3-avenue north,2018,16403.1,8201.6,107807.2,0.0761
3-avenue north_2019,3-avenue north,2019,20753.3,9112.9,107807.2,0.0845
3-avenue north_2020,3-avenue north,2020,13796.4,6898.2,107807.2,0.064
3-avenue north_2021,3-avenue north,2021,336.0,168.0,107807.2,0.0016
3-avenue north_2022,3-avenue north,2022,9224.0,4612.0,107807.2,0.0428
3-avenue north_2023,3-avenue north,2023,17288.0,8644.0,107807.2,0.0802
3-avenue north_2024,3-avenue north,2024,37144.0,18572.0,107807.2,0.1723
3-avenue north_2025,3-avenue north,2025,20136.0,10068.0,107807.2,0.0934
3-avenue o_2017,3-avenue o,2017,27321.3,13660.7,59874.9,0.2282
3-avenue o_2018,3-avenue o,2018,7548.0,3774.0,59874.9,0.063
3-avenue o_2019,3-avenue o,2019,38650.0,19325.0,59874.9,0.3228
3-avenue o_2022,3-avenue o,2022,498.0,249.0,59874.9,0.0042
3-avenue o_2023,3-avenue o,2023,342.0,171.0,59874.9,0.0029
3-avenue o_2024,3-avenue o,2024,28948.0,14474.0,59874.9,0.2417
3-avenue o_2025,3-avenue o,2025,5830.0,2915.0,59874.9,0.0487
3-avenue p_2016,3-avenue p,2016,36336.6,18168.3,99674.4,0.1823
3-avenue p_2018,3-avenue p,2018,33614.2,16807.1,99674.4,0.1686
3-avenue p_2022,3-avenue p,2022,2147.0,949.0,99674.4,0.0095
3-avenue p_2023,3-avenue p,2023,488.0,244.0,99674.4,0.0024
3-avenue p_2024,3-avenue p,2024,65700.0,32850.0,99674.4,0.3296
3-avenue r_2021,3-avenue r,2021,65939.6,27235.9,56350.8,0.4833
3-avenue r_2023,3-avenue r,2023,586.0,293.0,56350.8,0.0052
3-avenue r_2024,3-avenue r,2024,684.0,342.0,56350.8,0.0061
3-avenue r_2025,3-avenue r,2025,11832.0,5916.0,56350.8,0.105
3-avenue south_2017,3-avenue south,2017,14617.8,7308.9,87978.9,0.0831
3-avenue south_2018,3-avenue south,2018,125272.8,62636.4,87978.9,0.7119
3-avenue south_2019,3-avenue south,2019,72340.8,18944.4,87978.9,0.2153
3-avenue south_2022,3-avenue south,2022,15042.0,7521.0,87978.9,0.0855
3-avenue south_2023,3-avenue south,2023,1444.0,722.0,87978.9,0.0082
3-avenue south_2024,3-avenue south,2024,684.0,342.0,87978.9,0.0039
3-avenue t_2016,3-avenue t,2016,126080.2,54634.6,114282.0,0.4781
3-avenue t_2017,3-avenue t,2017,5576.6,2272.7,114282.0,0.0199
3-avenue t_2020,3-avenue t,2020,28389.8,13732.9,114282.0,0.1202
3-avenue t_2021,3-avenue t,2021,51604.9,20068.6,114282.0,0.1756
3-avenue t_2022,3-avenue t,2022,23728.0,11864.0,114282.0,0.1038
3-avenue t_2023,3-avenue t,2023,12638.0,6319.0,114282.0,0.0553
3-avenue t_2024,3-avenue t,2024,37752.0,18876.0,114282.0,0.1652
3-avenue u_2017,3-avenue u,2017,28414.2,14207.1,144486.3,0.0983
3-avenue u_2018,3-avenue u,2018,12387.6,6193.8,144486.3,0.0429
3-avenue u_2019,3-avenue u,2019,336.0,168.0,144486.3,0.0012
3-avenue u_2020,3-avenue u,2020,555281.0,276851.5,144486.3,1.9161
3-avenue u_2021,3-avenue u,2021,98820.0,47808.5,144486.3,0.3309
3-avenue u_2023,3-avenue u,2023,28166.0,13521.0,144486.3,0.0936
3-avenue u_2024,3-avenue u,2024,50122.0,25061.0,144486.3,0.1734
3-avenue v_2016,3-avenue v,2016,43403.6,21701.8,82321.5,0.2636
3-avenue v_2017,3-avenue v,2017,78226.8,37954.8,82321.5,0.4611
3-avenue v_2022,3-avenue v,2022,30966.0,13400.0,82321.5,0.1628
3-avenue v_2023,3-avenue v,2023,668.0,334.0,82321.5,0.0041
3-avenue v_2024,3-avenue v,2024,1214.0,607.0,82321.5,0.0074
3-avenue v_2025,3-avenue v,2025,294.0,147.0,82321.5,0.0018
3-avenue west_2016,3-avenue west,2016,599281.5,136086.2,69228.6,1.9658
3-avenue west_2018,3-avenue west,2018,7333.3,3666.7,69228.6,0.053
3-avenue west_2021,3-avenue west,2021,11467.8,5733.9,69228.6,0.0828
3-avenue west_2022,3-avenue west,2022,622.0,311.0,69228.6,0.0045
3-avenue west_2023,3-avenue west,2023,400.0,200.0,69228.6,0.0029
3-avenue west_2024,3-avenue west,2024,39132.0,19566.0,69228.6,0.2826
3-avenue west_2025,3-avenue west,2025,430.0,215.0,69228.6,0.0031
3-avenue x_2016,3-avenue x,2016,117131.6,44876.9,81311.4,0.5519
3-avenue x_2021,3-avenue x,2021,840.0,168.0,81311.4,0.0021
3-avenue x_2023,3-avenue x,2023,61466.0,30733.0,81311.4,0.378
3-avenue x_2024,3-avenue x,2024,626.0,313.0,81311.4,0.0038
3-avenue x_2025,3-avenue x,2025,430.0,215.0,81311.4,0.0026
3-avenue y_2016,3-avenue y,2016,77772.4,38886.2,62303.4,0.6241
3-avenue y_2023,3-avenue y,2023,44517.0,19002.0,62303.4,0.305
3-avenue y_2024,3-avenue y,2024,626.0,313.0,62303.4,0.005
3-avenue y_2025,3-avenue y,2025,430.0,215.0,62303.4,0.0035
3-avenue z_2016,3-avenue z,2016,101033.2,39836.8,58174.9,0.6848
3-avenue z_2018,3-avenue z,2018,9934.7,4967.3,58174.9,0.0854
3-avenue z_2019,3-avenue z,2019,15780.0,3945.0,58174.9,0.0678
3-avenue z_2024,3-avenue z,2024,19816.0,9908.0,58174.9,0.1703
3-avenue z_2025,3-avenue z,2025,430.0,215.0,58174.9,0.0037
3-aviation road_2025,3-aviation road,2025,660132.0,330066.0,189276.1,1.7438
3-bainbridge street_2022,3-bainbridge street,2022,88376.0,44188.0,24652.8,1.7924
3-bainbridge street_2023,3-bainbridge street,2023,318.0,159.0,24652.8,0.0064
3-bainbridge street_2025,3-bainbridge street,2025,28582.0,14291.0,24652.8,0.5797
3-balfour place_2022,3-balfour place,2022,400.0,200.0,1154.5,0.1732
3-baltic street_2017,3-baltic street,2017,19653.3,9826.7,28013.8,0.3508
3-baltic street_2019,3-baltic street,2019,93772.4,46886.2,28013.8,1.6737
3-baltic street_2022,3-baltic street,2022,458.0,229.0,28013.8,0.0082
3-baltic street_2024,3-baltic street,2024,37960.0,18980.0,28013.8,0.6775
3-baltic street_2025,3-baltic street,2025,876.0,438.0,28013.8,0.0156
3-bancroft place_2022,3-bancroft place,2022,212.0,106.0,1148.5,0.0923
3-banker street_2017,3-banker street,2017,5560.0,2780.0,6763.9,0.411
3-banker street_2019,3-banker street,2019,9016.0,4508.0,6763.9,0.6665
3-banker street_2025,3-banker street,2025,160.0,80.0,6763.9,0.0118
3-banner avenue_2019,3-banner avenue,2019,5205.8,2602.9,5145.7,0.5058
3-barbey street_2016,3-barbey street,2016,28816.7,14408.4,25944.8,0.5553
3-barbey street_2022,3-barbey street,2022,306.0,153.0,25944.8,0.0059
3-barbey street_2023,3-barbey street,2023,826.0,413.0,25944.8,0.0159
3-barbey street_2024,3-barbey street,2024,1386.0,693.0,25944.8,0.0267
3-barbey street_2025,3-barbey street,2025,82254.0,41127.0,25944.8,1.5852
3-barlow drive_2018,3-barlow drive,2018,78781.0,35213.9,,
3-barlow drive north_2018,3-barlow drive north,2018,4028.9,2014.4,3875.1,0.5198
3-barlow drive south_2018,3-barlow drive south,2018,9990.6,3951.1,3911.6,1.0101
3-bartlett street_2021,3-bartlett street,2021,336.0,168.0,4845.7,0.0347
3-bassett avenue_2018,3-bassett avenue,2018,13788.9,6894.4,5430.9,1.2695
3-batchelder street_2019,3-batchelder street,2019,36915.6,16435.6,24740.3,0.6643
3-batchelder street_2021,3-batchelder street,2021,174883.3,57338.8,24740.3,2.3176
3-batchelder street_2022,3-batchelder street,2022,1316.0,658.0,24740.3,0.0266
3-bath avenue_2016,3-bath avenue,2016,13982.2,4400.0,56355.7,0.0781
3-bath avenue_2023,3-bath avenue,2023,90903.0,39785.0,56355.7,0.706
3-bath avenue_2024,3-bath avenue,2024,8124.0,4062.0,56355.7,0.0721
3-baughman place_2023,3-baughman place,2023,256.0,128.0,1249.2,0.1025
3-bay 10 street_2019,3-bay 10 street,2019,336.0,168.0,9102.8,0.0185
3-bay 10 street_2023,3-bay 10 street,2023,50745.0,17865.0,9102.8,1.9626
3-bay 11 street_2023,3-bay 11 street,2023,29736.0,10134.0,10582.1,0.9577
3-bay 13 street_2019,3-bay 13 street,2019,336.0,168.0,8697.2,0.0193
3-bay 13 street_2022,3-bay 13 street,2022,38900.0,19450.0,8697.2,2.2364
3-bay 14 street_2019,3-bay 14 street,2019,672.0,336.0,6138.8,0.0547
3-bay 14 street_2021,3-bay 14 street,2021,20068.6,8600.8,6138.8,1.4011
3-bay 14 street_2022,3-bay 14 street,2022,242.0,121.0,6138.8,0.0197
3-bay 16 street_2021,3-bay 16 street,2021,54807.9,24537.0,14157.6,1.7331
3-bay 16 street_2022,3-bay 16 street,2022,302.0,151.0,14157.6,0.0107
3-bay 17 street_2022,3-bay 17 street,2022,302.0,151.0,9501.9,0.0159
3-bay 17 street_2024,3-bay 17 street,2024,20798.0,10399.0,9501.9,1.0944
3-bay 19 street_2021,3-bay 19 street,2021,27235.9,8600.8,7796.1,1.1032
3-bay 19 street_2022,3-bay 19 street,2022,254.0,127.0,7796.1,0.0163
3-bay 20 street_2016,3-bay 20 street,2016,19306.7,9653.3,10051.9,0.9603
3-bay 22 street_2022,3-bay 22 street,2022,44236.0,13203.0,8369.2,1.5776
3-bay 23 street_2024,3-bay 23 street,2024,16310.0,8155.0,7573.1,1.0768
3-bay 26 street_2023,3-bay 26 street,2023,18561.0,6987.0,6926.9,1.0087
3-bay 28 street_2023,3-bay 28 street,2023,27734.0,6683.0,7029.5,0.9507
3-bay 29 street_2016,3-bay 29 street,2016,12921.1,6460.6,6843.8,0.944
3-bay 31 street_2023,3-bay 31 street,2023,21398.0,6916.0,7206.8,0.9596
3-bay 32 street_2022,3-bay 32 street,2022,18134.0,9067.0,7021.6,1.2913
3-bay 34 street_2022,3-bay 34 street,2022,19032.0,9516.0,7683.7,1.2385
3-bay 35 street_2021,3-bay 35 street,2021,21502.0,8600.8,7594.3,1.1325
3-bay 37 street_2021,3-bay 37 street,2021,14334.7,5733.9,9410.5,0.6093
3-bay 38 street_2016,3-bay 38 street,2016,15904.4,7718.9,9046.5,0.8532
3-bay 38 street_2024,3-bay 38 street,2024,400.0,200.0,9046.5,0.0221
3-bay 40 street_2022,3-bay 40 street,2022,82200.0,41100.0,5103.2,8.0538
3-bay 40 street_2024,3-bay 40 street,2024,200.0,100.0,5103.2,0.0196
3-bay 41 street_2022,3-bay 41 street,2022,43178.0,18945.0,12119.6,1.5632
3-bay 41 street_2024,3-bay 41 street,2024,400.0,200.0,12119.6,0.0165
3-bay 43 street_2016,3-bay 43 street,2016,44785.5,17604.4,12295.4,1.4318
3-bay 44 street_2016,3-bay 44 street,2016,17763.1,8881.6,13265.7,0.6695
3-bay 44 street_2021,3-bay 44 street,2021,336.0,168.0,13265.7,0.0127
3-bay 46 street_2021,3-bay 46 street,2021,336.0,168.0,9005.8,0.0187
3-bay 46 street_2024,3-bay 46 street,2024,35534.0,17767.0,9005.8,1.9728
3-bay 47 street_2020,3-bay 47 street,2020,30136.0,15068.0,4868.8,3.0948
3-bay 47 street_2021,3-bay 47 street,2021,336.0,168.0,4868.8,0.0345
3-bay 49 street_2020,3-bay 49 street,2020,39780.0,15745.8,7521.6,2.0934
3-bay 50 street_2023,3-bay 50 street,2023,12228.0,6114.0,5450.8,1.1217
3-bay 52 street_2018,3-bay 52 street,2018,28008.1,14004.0,3837.7,3.6491
3-bay 52 street_2019,3-bay 52 street,2019,30786.7,15393.4,3837.7,4.0111
3-bay 53 street_2017,3-bay 53 street,2017,23384.4,11692.2,2463.4,4.7464
3-bay 7 street_2022,3-bay 7 street,2022,20034.0,10017.0,6316.8,1.5858
3-bay 8 street_2018,3-bay 8 street,2018,14753.3,7376.7,9643.4,0.7649
3-bay 8 street_2023,3-bay 8 street,2023,39596.0,19798.0,9643.4,2.053
3-bay avenue_2022,3-bay avenue,2022,386.0,193.0,6788.8,0.0284
3-bay avenue_2023,3-bay avenue,2023,9260.0,4630.0,6788.8,0.682
3-bay parkway_2016,3-bay parkway,2016,617857.4,296314.2,87537.5,3.385
3-bay parkway_2017,3-bay parkway,2017,80079.4,40039.7,87537.5,0.4574
3-bay parkway_2020,3-bay parkway,2020,18093.3,9046.7,87537.5,0.1033
3-bay parkway_2021,3-bay parkway,2021,37270.2,11467.8,87537.5,0.131
3-bay parkway_2023,3-bay parkway,2023,37161.0,17047.0,87537.5,0.1947
3-bay parkway_2024,3-bay parkway,2024,78530.0,39265.0,87537.5,0.4486
3-bay ridge avenue_2017,3-bay ridge avenue,2017,98374.6,47484.0,60848.5,0.7804
3-bay ridge avenue_2018,3-bay ridge avenue,2018,76356.7,38178.4,60848.5,0.6274
3-bay ridge avenue_2019,3-bay ridge avenue,2019,24369.0,11467.8,60848.5,0.1885
3-bay ridge parkway_2021,3-bay ridge parkway,2021,163415.6,31536.3,82406.3,0.3827
3-bay ridge parkway_2023,3-bay ridge parkway,2023,488.0,244.0,82406.3,0.003
3-bay street_2017,3-bay street,2017,34205.5,12477.8,14713.3,0.8481
3-bay street_2022,3-bay street,2022,206.0,103.0,14713.3,0.007
3-bay street_2023,3-bay street,2023,562.0,281.0,14713.3,0.0191
3-bay view avenue_2017,3-bay view avenue,2017,292713.4,93060.0,5981.1,15.559
3-bay view avenue_2018,3-bay view avenue,2018,11520.0,5760.0,5981.1,0.963
3-bay view avenue_2024,3-bay view avenue,2024,288.0,144.0,5981.1,0.0241
3-bay view place_2023,3-bay view place,2023,2866.0,1433.0,2660.6,0.5386
3-bayard street_2017,3-bayard street,2017,47946.6,23973.3,6957.1,3.4459
3-bayard street_2025,3-bayard street,2025,456.0,228.0,6957.1,0.0328
3-beach walk_2018,3-beach walk,2018,9322.6,4661.3,1651.1,2.8231
3-beadel street_2025,3-beadel street,2025,406.0,203.0,5443.4,0.0373
3-beaumont street_2025,3-beaumont street,2025,30164.0,15082.0,9363.1,1.6108
3-bedell lane_2016,3-bedell lane,2016,10766.7,5383.4,3805.2,1.4147
3-bedell lane_2023,3-bedell lane,2023,242.0,121.0,3805.2,0.0318
3-bedell lane_2024,3-bedell lane,2024,272.0,136.0,3805.2,0.0357
3-bedford avenue_2016,3-bedford avenue,2016,182841.2,71904.5,260201.6,0.2763
3-bedford avenue_2017,3-bedford avenue,2017,52917.3,26458.7,260201.6,0.1017
3-bedford avenue_2021,3-bedford avenue,2021,84910.7,38871.7,260201.6,0.1494
3-bedford avenue_2022,3-bedford avenue,2022,17744.0,8872.0,260201.6,0.0341
3-bedford avenue_2023,3-bedford avenue,2023,91784.0,39340.0,260201.6,0.1512
3-bedford avenue_2024,3-bedford avenue,2024,59996.0,29998.0,260201.6,0.1153
3-bedford avenue_2025,3-bedford avenue,2025,89170.0,44585.0,260201.6,0.1713
3-beekman place_2022,3-beekman place,2022,216.0,108.0,1086.9,0.0994
3-belmont avenue_2017,3-belmont avenue,2017,6840.0,3420.0,42554.5,0.0804
3-belmont avenue_2019,3-belmont avenue,2019,30086.6,15043.3,42554.5,0.3535
3-belmont avenue_2022,3-belmont avenue,2022,20571.0,9904.0,42554.5,0.2327
3-belmont avenue_2023,3-belmont avenue,2023,17034.0,8517.0,42554.5,0.2001
3-belmont avenue_2024,3-belmont avenue,2024,338.0,169.0,42554.5,0.004
3-belmont avenue_2025,3-belmont avenue,2025,6496.0,3248.0,42554.5,0.0763
3-belt parkway_2017,3-belt parkway,2017,32540.0,16270.0,185555.7,0.0877
3-belt parkway_2018,3-belt parkway,2018,510111.5,255055.8,185555.7,1.3746
3-belt parkway_2019,3-belt parkway,2019,23310.7,11655.3,185555.7,0.0628
3-belt parkway_2022,3-belt parkway,2022,45236.0,22618.0,185555.7,0.1219
3-belt parkway_2024,3-belt parkway,2024,184742.0,92371.0,185555.7,0.4978
3-belt parkway_2025,3-belt parkway,2025,150410.0,75205.0,185555.7,0.4053
3-belt parkway eb en cropsey avenue sb_2018,3-belt parkway eb en cropsey avenue sb,2018,1328.0,664.0,948.2,0.7003
3-belt parkway eb en east 14 street_2018,3-belt parkway eb en east 14 street,2018,1698.7,849.3,1131.1,0.7509
3-belt parkway exit 9 eastbound_2022,3-belt parkway exit 9 eastbound,2022,256.0,128.0,,
3-belt parkway exit 9 eastbound_2025,3-belt parkway exit 9 eastbound,2025,238.0,119.0,,
3-belvidere street_2023,3-belvidere street,2023,3500.0,1750.0,1718.0,1.0186
3-bend_2018,3-bend,2018,6384.0,3192.0,,
3-bend_2022,3-bend,2022,3062.0,1531.0,,
3-bend_2023,3-bend,2023,934.0,467.0,,
3-bend_2024,3-bend,2024,7852.0,3926.0,,
3-bend_2025,3-bend,2025,1832.0,916.0,,
3-benson avenue_2018,3-benson avenue,2018,42102.9,17978.4,46521.9,0.3865
3-benson avenue_2019,3-benson avenue,2019,66035.4,31369.6,46521.9,0.6743
3-bergen cove_2024,3-bergen cove,2024,672.0,336.0,,
3-bergen place_2023,3-bergen place,2023,3680.0,1840.0,227.5,8.0879
3-bergen street_2016,3-bergen street,2016,50883.5,25441.8,84839.7,0.2999
3-bergen street_2017,3-bergen street,2017,272967.6,115126.7,84839.7,1.357
3-bergen street_2020,3-bergen street,2020,15149.8,7574.9,84839.7,0.0893
3-bergen street_2021,3-bergen street,2021,26138.5,11635.8,84839.7,0.1372
3-bergen street_2022,3-bergen street,2022,706.0,353.0,84839.7,0.0042
3-bergen street_2024,3-bergen street,2024,28976.0,14488.0,84839.7,0.1708
3-bergen street_2025,3-bergen street,2025,694.0,347.0,84839.7,0.0041
3-berkeley place_2020,3-berkeley place,2020,22020.0,11010.0,8922.7,1.2339
3-berriman street_2022,3-berriman street,2022,922.0,461.0,28604.4,0.0161
3-berriman street_2023,3-berriman street,2023,31338.0,15669.0,28604.4,0.5478
3-berriman street_2024,3-berriman street,2024,41536.0,20768.0,28604.4,0.726
3-berriman street_2025,3-berriman street,2025,5840.0,2920.0,28604.4,0.1021
3-berry street_2021,3-berry street,2021,25802.5,12901.2,27093.4,0.4762
3-berry street_2023,3-berry street,2023,37499.0,15628.0,27093.4,0.5768
3-berry street_2024,3-berry street,2024,318.0,159.0,27093.4,0.0059
3-bethel loop_2022,3-bethel loop,2022,732.0,366.0,338.5,1.0812
3-beverley road_2016,3-beverley road,2016,37419.6,18709.8,62260.2,0.3005
3-beverley road_2020,3-beverley road,2020,46536.9,23268.4,62260.2,0.3737
3-beverley road_2023,3-beverley road,2023,30922.0,15461.0,62260.2,0.2483
3-beverley road_2024,3-beverley road,2024,43440.0,21720.0,62260.2,0.3489
3-beverly road_2016,3-beverly road,2016,2640.0,1320.0,,
3-bevy court_2020,3-bevy court,2020,12466.7,4793.3,5089.1,0.9419
3-bevy court_2022,3-bevy court,2022,580.0,290.0,5089.1,0.057
3-bijou avenue_2022,3-bijou avenue,2022,4320.0,2160.0,2368.6,0.9119
3-billings place_2023,3-billings place,2023,400.0,200.0,1360.2,0.147
3-bills place_2023,3-bills place,2023,206.0,103.0,929.8,0.1108
3-blake avenue_2016,3-blake avenue,2016,356692.4,178346.2,55402.5,3.2191
3-blake avenue_2020,3-blake avenue,2020,9603.1,4801.6,55402.5,0.0867
3-blake avenue_2022,3-blake avenue,2022,87632.0,43816.0,55402.5,0.7909
3-blake avenue_2023,3-blake avenue,2023,294.0,147.0,55402.5,0.0027
3-blake avenue_2024,3-blake avenue,2024,898.0,449.0,55402.5,0.0081
3-blake avenue_2025,3-blake avenue,2025,802.0,401.0,55402.5,0.0072
3-bleecker street_2021,3-bleecker street,2021,140480.1,11467.8,16052.3,0.7144
3-bleecker street_2024,3-bleecker street,2024,200.0,100.0,16052.3,0.0062
3-bleecker street_2025,3-bleecker street,2025,242.0,121.0,16052.3,0.0075
3-bliss terrace_2021,3-bliss terrace,2021,2866.9,1433.5,934.0,1.5348
3-boardwalk_2022,3-boardwalk,2022,1012.0,506.0,,
3-boerum place_2018,3-boerum place,2018,302148.1,100716.0,11380.5,8.8499
3-boerum place_2022,3-boerum place,2022,5090.0,2545.0,11380.5,0.2236
3-boerum street_2020,3-boerum street,2020,26366.7,13183.4,17034.3,0.7739
3-boerum street_2024,3-boerum street,2024,12570.0,6285.0,17034.3,0.369
3-bogart street_2020,3-bogart street,2020,22859.1,11429.5,10113.1,1.1302
3-bogart street_2023,3-bogart street,2023,284.0,142.0,10113.1,0.014
3-bokee court_2022,3-bokee court,2022,264.0,132.0,1253.5,0.1053
3-bond street_2021,3-bond street,2021,94609.0,47304.5,15330.7,3.0856
3-bond street_2022,3-bond street,2022,340.0,170.0,15330.7,0.0111
3-box street_2019,3-box street,2019,4321.8,2160.9,6516.5,0.3316
3-box street_2021,3-box street,2021,336.0,168.0,6516.5,0.0258
3-boynton place_2021,3-boynton place,2021,4300.4,1433.5,2460.1,0.5827
3-bqe eastbound entrance sands street_2024,3-bqe eastbound entrance sands street,2024,936.0,468.0,,
3-bqe eb entrance tillary street_2017,3-bqe eb entrance tillary street,2017,2786.6,1393.3,1035.3,1.3458
3-bqe wb entrance metropolitan avenue_2024,3-bqe wb entrance metropolitan avenue,2024,246.0,123.0,512.2,0.2401
3-bradford street_2017,3-bradford street,2017,35749.3,17154.7,25044.8,0.685
3-bradford street_2023,3-bradford street,2023,426.0,213.0,25044.8,0.0085
3-bradford street_2025,3-bradford street,2025,590.0,295.0,25044.8,0.0118
3-bragg street_2022,3-bragg street,2022,2376.0,1188.0,17203.4,0.0691
3-branton street_2023,3-branton street,2023,2732.0,1366.0,1304.0,1.0475
3-bridge plaza court_2022,3-bridge plaza court,2022,152.0,76.0,251.6,0.3021
3-bridge street_2017,3-bridge street,2017,24646.7,12323.3,11572.2,1.0649
3-bridge street_2024,3-bridge street,2024,2942.0,1471.0,11572.2,0.1271
3-bridgewater street_2019,3-bridgewater street,2019,10782.2,5391.1,5399.3,0.9985
3-bridgewater street_2022,3-bridgewater street,2022,320.0,160.0,5399.3,0.0296
3-brigham street_2021,3-brigham street,2021,24369.0,11467.8,15992.6,0.7171
3-brigham street_2022,3-brigham street,2022,2322.0,1161.0,15992.6,0.0726
3-brighton 1 place_2023,3-brighton 1 place,2023,214.0,107.0,2867.5,0.0373
3-brighton 1 place_2025,3-brighton 1 place,2025,5686.0,2843.0,2867.5,0.9915
3-brighton 1 street_2025,3-brighton 1 street,2025,30330.0,15165.0,5229.5,2.8999
3-brighton 10 court_2025,3-brighton 10 court,2025,14248.0,7124.0,1643.7,4.3341
3-brighton 10 lane_2025,3-brighton 10 lane,2025,1848.0,924.0,1039.8,0.8886
3-brighton 10 path_2025,3-brighton 10 path,2025,2562.0,1281.0,1459.2,0.8779
3-brighton 10 street_2025,3-brighton 10 street,2025,9536.0,4768.0,2808.2,1.6979
3-brighton 10 terrace_2025,3-brighton 10 terrace,2025,2102.0,1051.0,1249.8,0.8409
3-brighton 11 street_2022,3-brighton 11 street,2022,26290.0,13145.0,8657.5,1.5183
3-brighton 12 street_2025,3-brighton 12 street,2025,14668.0,7334.0,4204.9,1.7442
3-brighton 13 street_2025,3-brighton 13 street,2025,10700.0,5350.0,2472.6,2.1637
3-brighton 14 street_2025,3-brighton 14 street,2025,28946.0,14473.0,5470.0,2.6459
3-brighton 15 street_2025,3-brighton 15 street,2025,21010.0,10505.0,4241.2,2.4769
3-brighton 2 street_2023,3-brighton 2 street,2023,214.0,107.0,4692.9,0.0228
3-brighton 2 street_2025,3-brighton 2 street,2025,23636.0,11818.0,4692.9,2.5183
3-brighton 3 street_2023,3-brighton 3 street,2023,214.0,107.0,10201.5,0.0105
3-brighton 3 street_2025,3-brighton 3 street,2025,7868.0,3934.0,10201.5,0.3856
3-brighton 4 street_2023,3-brighton 4 street,2023,214.0,107.0,9147.8,0.0117
3-brighton 4 street_2025,3-brighton 4 street,2025,18292.0,9146.0,9147.8,0.9998
3-brighton 5 street_2023,3-brighton 5 street,2023,214.0,107.0,6740.6,0.0159
3-brighton 5 street_2025,3-brighton 5 street,2025,12698.0,6349.0,6740.6,0.9419
3-brighton 6 street_2016,3-brighton 6 street,2016,21004.5,10502.2,11130.0,0.9436
3-brighton 6 street_2018,3-brighton 6 street,2018,336.0,168.0,11130.0,0.0151
3-brighton 6 street_2019,3-brighton 6 street,2019,3313.4,1656.7,11130.0,0.1488
3-brighton 6 street_2023,3-brighton 6 street,2023,214.0,107.0,11130.0,0.0096
3-brighton 7 street_2023,3-brighton 7 street,2023,194.0,97.0,10094.5,0.0096
3-brighton 8 street_2017,3-brighton 8 street,2017,17154.6,8113.3,5321.6,1.5246
3-brighton beach avenue_2023,3-brighton beach avenue,2023,6656.0,3328.0,28630.0,0.1162
3-brighton court_2025,3-brighton court,2025,1002.0,501.0,4364.1,0.1148
3-brightwater court_2023,3-brightwater court,2023,11708.0,5854.0,6632.5,0.8826
3-bristol street_2019,3-bristol street,2019,69178.2,20036.3,21412.1,0.9357
3-bristol street_2022,3-bristol street,2022,280.0,140.0,21412.1,0.0065
3-bristol street_2023,3-bristol street,2023,18408.0,9204.0,21412.1,0.4299
3-bristol street_2024,3-bristol street,2024,686.0,343.0,21412.1,0.016
3-broadway_2018,3-broadway,2018,4666.6,2333.3,112063.2,0.0208
3-broadway_2019,3-broadway,2019,537329.2,268664.6,112063.2,2.3974
3-broadway_2020,3-broadway,2020,21011.1,10505.6,112063.2,0.0937
3-broadway_2022,3-broadway,2022,320.0,160.0,112063.2,0.0014
3-broadway_2025,3-broadway,2025,242.0,121.0,112063.2,0.0011
3-brooklyn avenue_2017,3-brooklyn avenue,2017,55985.4,27992.7,69422.0,0.4032
3-brooklyn avenue_2022,3-brooklyn avenue,2022,1660.0,830.0,69422.0,0.012
3-brooklyn avenue_2024,3-brooklyn avenue,2024,113142.0,56571.0,69422.0,0.8149
3-brooklyn avenue_2025,3-brooklyn avenue,2025,560.0,280.0,69422.0,0.004
3-brooklyn heights promenade_2022,3-brooklyn heights promenade,2022,80.0,40.0,0.0,inf
3-brooklyn qns expressway_2017,3-brooklyn qns expressway,2017,6666.7,3333.4,,
3-brooklyn queens ep et 32 b wb_2025,3-brooklyn queens ep et 32 b wb,2025,790.0,395.0,,
3-brooklyn queens expressway_2017,3-brooklyn queens expressway,2017,13333.4,6666.7,,
3-broome street_2020,3-broome street,2020,5664.0,2832.0,1570.3,1.8035
3-brown street_2019,3-brown street,2019,46661.4,15437.3,12322.7,1.2528
3-brown street_2022,3-brown street,2022,1108.0,554.0,12322.7,0.045
3-bryant street_2020,3-bryant street,2020,19350.0,6450.0,2865.8,2.2507
3-buffalo avenue_2019,3-buffalo avenue,2019,141365.3,70682.7,19573.4,3.6112
3-bulwer place_2024,3-bulwer place,2024,5780.0,2890.0,3065.3,0.9428
3-bulwer place_2025,3-bulwer place,2025,280.0,140.0,3065.3,0.0457
3-burnett street_2022,3-burnett street,2022,47988.0,20998.0,14424.8,1.4557
3-bush street_2023,3-bush street,2023,928.0,464.0,9905.6,0.0468
3-bushwick avenue_2019,3-bushwick avenue,2019,145663.6,72831.8,91536.5,0.7957
3-bushwick avenue_2020,3-bushwick avenue,2020,45871.0,22935.5,91536.5,0.2506
3-bushwick avenue_2024,3-bushwick avenue,2024,61210.0,30605.0,91536.5,0.3343
3-bushwick place_2018,3-bushwick place,2018,5173.3,2586.7,2827.5,0.9148
3-bushwick place_2023,3-bushwick place,2023,284.0,142.0,2827.5,0.0502
3-butler street_2022,3-butler street,2022,4794.0,2397.0,12054.1,0.1989
3-butler street_2024,3-butler street,2024,17266.0,8633.0,12054.1,0.7162
3-butler street_2025,3-butler street,2025,244.0,122.0,12054.1,0.0101
3-calder place_2019,3-calder place,2019,1433.3,716.7,801.0,0.8948
3-calyer street_2018,3-calyer street,2018,14513.3,7256.7,12725.0,0.5703
3-calyer street_2019,3-calyer street,2019,5738.4,2869.2,12725.0,0.2255
3-calyer street_2021,3-calyer street,2021,38435.3,17705.6,12725.0,1.3914
3-calyer street_2025,3-calyer street,2025,14106.0,7053.0,12725.0,0.5543
3-cambridge place_2022,3-cambridge place,2022,250.0,125.0,5754.4,0.0217
3-cambridge place_2024,3-cambridge place,2024,11936.0,5968.0,5754.4,1.0371
3-campus place_2024,3-campus place,2024,1640.0,820.0,808.3,1.0145
3-campus road_2018,3-campus road,2018,155030.9,41074.9,10031.7,4.0945
3-canal avenue_2018,3-canal avenue,2018,1877.3,938.7,2638.8,0.3557
3-canarsie lane_2024,3-canarsie lane,2024,532.0,266.0,1627.4,0.1635
3-canarsie road_2021,3-canarsie road,2021,117880.5,53206.4,11417.7,4.66
3-canarsie road_2022,3-canarsie road,2022,392.0,196.0,11417.7,0.0172
3-carlton avenue_2016,3-carlton avenue,2016,10608.0,5134.0,20224.1,0.2539
3-carlton avenue_2017,3-carlton avenue,2017,73061.3,35944.0,20224.1,1.7773
3-carlton avenue_2022,3-carlton avenue,2022,192366.0,96183.0,20224.1,4.7559
3-carlton avenue_2023,3-carlton avenue,2023,248.0,124.0,20224.1,0.0061
3-carlton avenue_2024,3-carlton avenue,2024,800.0,400.0,20224.1,0.0198
3-carlton avenue_2025,3-carlton avenue,2025,4468.0,2234.0,20224.1,0.1105
3-carroll street_2017,3-carroll street,2017,31773.3,14380.7,68016.7,0.2114
3-carroll street_2018,3-carroll street,2018,57083.6,27301.8,68016.7,0.4014
3-carroll street_2019,3-carroll street,2019,66910.3,30108.5,68016.7,0.4427
3-carroll street_2020,3-carroll street,2020,27726.7,13863.4,68016.7,0.2038
3-carroll street_2022,3-carroll street,2022,264.0,132.0,68016.7,0.0019
3-carroll street_2023,3-carroll street,2023,37432.0,14515.0,68016.7,0.2134
3-carroll street_2024,3-carroll street,2024,444.0,148.0,68016.7,0.0022
3-cass place_2022,3-cass place,2022,1284.0,642.0,4934.2,0.1301
3-cathedral place_2022,3-cathedral place,2022,2120.0,1060.0,1165.3,0.9096
3-catherine street_2021,3-catherine street,2021,8600.8,4300.4,2148.5,2.0016
3-catherine street_2022,3-catherine street,2022,344.0,172.0,2148.5,0.0801
3-catherine street_2025,3-catherine street,2025,258.0,129.0,2148.5,0.06
3-caton avenue_2018,3-caton avenue,2018,14587.6,7293.8,40853.0,0.1785
3-caton avenue_2019,3-caton avenue,2019,48557.9,24279.0,40853.0,0.5943
3-caton avenue_2024,3-caton avenue,2024,77904.0,38952.0,40853.0,0.9535
3-caton place_2019,3-caton place,2019,6389.6,3194.8,3703.8,0.8626
3-cedar street_2016,3-cedar street,2016,15313.3,6906.7,5387.7,1.2819
3-cedar street_2023,3-cedar street,2023,242.0,121.0,5387.7,0.0225
3-cedar street_2024,3-cedar street,2024,200.0,100.0,5387.7,0.0186
3-celeste court_2022,3-celeste court,2022,474.0,237.0,5091.2,0.0466
3-center drive_2016,3-center drive,2016,18186.7,9093.4,5417.4,1.6786
3-central avenue_2016,3-central avenue,2016,43731.5,21865.8,33019.0,0.6622
3-central avenue_2017,3-central avenue,2017,93364.1,46682.0,33019.0,1.4138
3-central avenue_2019,3-central avenue,2019,9867.6,4933.8,33019.0,0.1494
3-central avenue_2023,3-central avenue,2023,242.0,121.0,33019.0,0.0037
3-central drive_2016,3-central drive,2016,6062.2,3031.1,,
3-centre mall_2023,3-centre mall,2023,766.0,383.0,5056.4,0.0757
3-centre street_2024,3-centre street,2024,11930.0,5965.0,2260.1,2.6393
3-chapel street_2022,3-chapel street,2022,3720.0,1860.0,1032.8,1.8009
3-chase court_2024,3-chase court,2024,1060.0,530.0,2465.1,0.215
3-chauncey street_2020,3-chauncey street,2020,16085.8,6698.0,25944.5,0.2582
3-chauncey street_2021,3-chauncey street,2021,10370.3,4468.4,25944.5,0.1722
3-chauncey street_2023,3-chauncey street,2023,320.0,160.0,25944.5,0.0062
3-chauncey street_2024,3-chauncey street,2024,12566.0,6283.0,25944.5,0.2422
3-chauncey street_2025,3-chauncey street,2025,754.0,377.0,25944.5,0.0145
3-cheever place_2018,3-cheever place,2018,3840.0,1920.0,1981.4,0.969
3-cheever place_2022,3-cheever place,2022,186.0,93.0,1981.4,0.0469
3-chester avenue_2020,3-chester avenue,2020,13672.0,6836.0,6730.4,1.0157
3-chester court_2022,3-chester court,2022,1892.0,946.0,884.1,1.07
3-chester street_2019,3-chester street,2019,43134.4,17647.2,21080.2,0.8371
3-chester street_2022,3-chester street,2022,668.0,334.0,21080.2,0.0158
3-chester street_2023,3-chester street,2023,272.0,136.0,21080.2,0.0065
3-chester street_2024,3-chester street,2024,420.0,210.0,21080.2,0.01
3-chestnut avenue_2023,3-chestnut avenue,2023,174.0,87.0,3099.0,0.0281
3-chestnut avenue_2024,3-chestnut avenue,2024,560.0,280.0,3099.0,0.0904
3-chestnut street_2018,3-chestnut street,2018,29683.3,13923.3,15220.6,0.9148
3-chestnut street_2023,3-chestnut street,2023,522.0,261.0,15220.6,0.0171
3-chestnut street_2024,3-chestnut street,2024,21228.0,10614.0,15220.6,0.6973
3-chestnut street_2025,3-chestnut street,2025,370.0,185.0,15220.6,0.0122
3-christopher avenue_2018,3-christopher avenue,2018,28993.4,11643.3,15387.6,0.7567
3-christopher avenue_2019,3-christopher avenue,2019,14220.0,7110.0,15387.6,0.4621
3-christopher avenue_2021,3-christopher avenue,2021,336.0,168.0,15387.6,0.0109
3-christopher avenue_2022,3-christopher avenue,2022,166.0,83.0,15387.6,0.0054
3-christopher avenue_2023,3-christopher avenue,2023,206.0,103.0,15387.6,0.0067
3-christopher avenue_2024,3-christopher avenue,2024,550.0,275.0,15387.6,0.0179
3-christopher avenue_2025,3-christopher avenue,2025,546.0,273.0,15387.6,0.0177
3-church avenue_2023,3-church avenue,2023,27164.0,13582.0,105346.2,0.1289
3-church avenue_2025,3-church avenue,2025,62914.0,31457.0,105346.2,0.2986
3-church lane_2017,3-church lane,2017,4565.3,2282.7,2961.5,0.7708
3-clarendon road_2016,3-clarendon road,2016,19444.5,8994.4,65774.2,0.1367
3-clarendon road_2018,3-clarendon road,2018,13194.4,4588.9,65774.2,0.0698
3-clarendon road_2021,3-clarendon road,2021,336.0,168.0,65774.2,0.0026
3-clarendon road_2022,3-clarendon road,2022,97808.0,48904.0,65774.2,0.7435
3-clarendon road_2024,3-clarendon road,2024,8930.0,4465.0,65774.2,0.0679
3-clark street_2021,3-clark street,2021,20068.6,10034.3,4844.9,2.0711
3-clark street_2022,3-clark street,2022,136.0,68.0,4844.9,0.014
3-clarkson avenue_2018,3-clarkson avenue,2018,45536.4,22768.2,51901.0,0.4387
3-clarkson avenue_2020,3-clarkson avenue,2020,78188.7,16478.0,51901.0,0.3175
3-clarkson avenue_2021,3-clarkson avenue,2021,30102.9,10034.3,51901.0,0.1933
3-clarkson avenue_2023,3-clarkson avenue,2023,294.0,147.0,51901.0,0.0028
3-clarkson avenue_2025,3-clarkson avenue,2025,72464.0,36232.0,51901.0,0.6981
3-classon avenue_2021,3-classon avenue,2021,120747.5,31704.3,41968.4,0.7554
3-classon avenue_2024,3-classon avenue,2024,27662.0,13831.0,41968.4,0.3296
3-claver place_2022,3-claver place,2022,272.0,136.0,2184.6,0.0623
3-clay street_2021,3-clay street,2021,32040.3,15936.2,7100.8,2.2443
3-clermont avenue_2017,3-clermont avenue,2017,77733.3,27542.2,25358.1,1.0861
3-clermont avenue_2022,3-clermont avenue,2022,272.0,136.0,25358.1,0.0054
3-clermont avenue_2023,3-clermont avenue,2023,248.0,124.0,25358.1,0.0049
3-clermont avenue_2024,3-clermont avenue,2024,58242.0,29121.0,25358.1,1.1484
3-clermont avenue_2025,3-clermont avenue,2025,3708.0,1854.0,25358.1,0.0731
3-cleveland street_2022,3-cleveland street,2022,306.0,153.0,27898.0,0.0055
3-cleveland street_2023,3-cleveland street,2023,96790.0,48395.0,27898.0,1.7347
3-cleveland street_2024,3-cleveland street,2024,17074.0,8537.0,27898.0,0.306
3-cleveland street_2025,3-cleveland street,2025,4564.0,2282.0,27898.0,0.0818
3-clifford place_2025,3-clifford place,2025,2080.0,1040.0,1094.9,0.9499
3-clifton place_2016,3-clifton place,2016,20966.7,7676.4,13916.0,0.5516
3-clifton place_2021,3-clifton place,2021,336.0,168.0,13916.0,0.0121
3-clinton avenue_2016,3-clinton avenue,2016,36515.6,18257.8,28679.1,0.6366
3-clinton avenue_2019,3-clinton avenue,2019,23100.5,9727.6,28679.1,0.3392
3-clinton avenue_2022,3-clinton avenue,2022,32474.0,16237.0,28679.1,0.5662
3-clinton avenue_2023,3-clinton avenue,2023,392.0,196.0,28679.1,0.0068
3-clinton avenue_2025,3-clinton avenue,2025,2112.0,1056.0,28679.1,0.0368
3-clinton street_2022,3-clinton street,2022,28382.0,14191.0,39042.0,0.3635
3-clinton street_2023,3-clinton street,2023,59036.0,23393.0,39042.0,0.5992
3-clinton street_2024,3-clinton street,2024,18022.0,9011.0,39042.0,0.2308
3-clove road_2022,3-clove road,2022,466.0,233.0,1883.0,0.1237
3-clymer street_2021,3-clymer street,2021,117544.5,58772.3,6257.7,9.392
3-clymer street_2023,3-clymer street,2023,168.0,84.0,6257.7,0.0134
3-cobeck court_2022,3-cobeck court,2022,264.0,132.0,1787.3,0.0739
3-coffey street_2020,3-coffey street,2020,10793.3,2726.7,9934.2,0.2745
3-coffey street_2022,3-coffey street,2022,526.0,263.0,9934.2,0.0265
3-coleman street_2020,3-coleman street,2020,66050.0,19643.3,20828.4,0.9431
3-coleridge street_2025,3-coleridge street,2025,29914.0,14957.0,9274.6,1.6127
3-colin place_2023,3-colin place,2023,400.0,200.0,1563.9,0.1279
3-college place_2018,3-college place,2018,1840.0,920.0,1160.0,0.7931
3-colonial road_2017,3-colonial road,2017,36832.9,18416.4,32307.4,0.57
3-colonial road_2022,3-colonial road,2022,19594.0,9797.0,32307.4,0.3032
3-columbia heights_2017,3-columbia heights,2017,7253.4,3626.7,,
3-columbia heights_2022,3-columbia heights,2022,6676.0,3338.0,,
3-columbia place_2019,3-columbia place,2019,7904.0,3952.0,1438.7,2.7469
3-columbia street_2018,3-columbia street,2018,118619.5,59309.8,32336.5,1.8341
3-columbia street_2019,3-columbia street,2019,46840.2,23420.1,32336.5,0.7243
3-columbia street_2022,3-columbia street,2022,426.0,213.0,32336.5,0.0066
3-columbia street_2023,3-columbia street,2023,65250.0,24039.0,32336.5,0.7434
3-columbia street_2024,3-columbia street,2024,7468.0,3734.0,32336.5,0.1155
3-columbia street_2025,3-columbia street,2025,56574.0,28287.0,32336.5,0.8748
3-columbus place_2022,3-columbus place,2022,212.0,106.0,1344.0,0.0789
3-concord street_2022,3-concord street,2022,1950.0,975.0,5618.7,0.1735
3-concord street_2024,3-concord street,2024,822.0,411.0,5618.7,0.0731
3-conduit boulevard_2016,3-conduit boulevard,2016,508350.4,254175.2,30847.9,8.2396
3-coney island avenue_2016,3-coney island avenue,2016,210637.7,105318.8,206685.6,0.5096
3-coney island avenue_2017,3-coney island avenue,2017,486585.0,238761.9,206685.6,1.1552
3-coney island avenue_2019,3-coney island avenue,2019,62164.5,31082.2,206685.6,0.1504
3-coney island avenue_2023,3-coney island avenue,2023,95898.0,35661.0,206685.6,0.1725
3-coney island avenue_2024,3-coney island avenue,2024,80046.0,40023.0,206685.6,0.1936
3-congress street_2017,3-congress street,2017,10073.3,5036.7,11536.3,0.4366
3-congress street_2024,3-congress street,2024,4202.0,2101.0,11536.3,0.1821
3-conklin avenue_2016,3-conklin avenue,2016,12960.0,6480.0,9534.6,0.6796
3-conklin avenue_2021,3-conklin avenue,2021,8600.8,4300.4,9534.6,0.451
3-conklin avenue_2024,3-conklin avenue,2024,248.0,124.0,9534.6,0.013
3-conover street_2018,3-conover street,2018,6513.3,3256.7,8560.9,0.3804
3-conover street_2023,3-conover street,2023,226.0,113.0,8560.9,0.0132
3-conselyea street_2019,3-conselyea street,2019,7486.7,3743.3,8600.1,0.4353
3-cook street_2020,3-cook street,2020,30106.6,15053.3,6669.8,2.2569
3-cook street_2024,3-cook street,2024,312.0,156.0,6669.8,0.0234
3-cooper street_2017,3-cooper street,2017,47673.3,23836.7,13201.8,1.8056
3-cooper street_2024,3-cooper street,2024,38468.0,19234.0,13201.8,1.4569
3-cornelia street_2023,3-cornelia street,2023,14998.0,7499.0,13306.9,0.5635
3-cornelia street_2024,3-cornelia street,2024,25560.0,12780.0,13306.9,0.9604
3-cornelia street_2025,3-cornelia street,2025,280.0,140.0,13306.9,0.0105
3-cortelyou road_2018,3-cortelyou road,2018,295011.4,147505.7,55154.5,2.6744
3-cortelyou road_2019,3-cortelyou road,2019,36370.0,18185.0,55154.5,0.3297
3-cortelyou road_2020,3-cortelyou road,2020,14735.1,7367.6,55154.5,0.1336
3-court street_2017,3-court street,2017,36108.4,18054.2,42395.5,0.4259
3-court street_2018,3-court street,2018,99541.4,49770.7,42395.5,1.174
3-court street_2023,3-court street,2023,20526.0,10263.0,42395.5,0.2421
3-court street_2024,3-court street,2024,18342.0,6923.0,42395.5,0.1633
3-court street_2025,3-court street,2025,37216.0,18608.0,42395.5,0.4389
3-coventry road_2023,3-coventry road,2023,6586.0,3293.0,983.4,3.3486
3-covert street_2022,3-covert street,2022,29664.0,14832.0,12417.5,1.1944
3-covert street_2025,3-covert street,2025,18422.0,9211.0,12417.5,0.7418
3-coyle street_2017,3-coyle street,2017,17433.8,8716.9,19871.0,0.4387
3-coyle street_2022,3-coyle street,2022,2080.0,1040.0,19871.0,0.0523
3-coyle street_2024,3-coyle street,2024,63498.0,31749.0,19871.0,1.5978
3-cozine avenue_2019,3-cozine avenue,2019,28855.6,14427.8,36123.6,0.3994
3-cozine avenue_2021,3-cozine avenue,2021,78583.4,34907.3,36123.6,0.9663
3-cozine avenue_2023,3-cozine avenue,2023,122904.0,61452.0,36123.6,1.7012
3-cranberry street_2022,3-cranberry street,2022,4934.0,2467.0,2600.4,0.9487
3-crawford avenue_2024,3-crawford avenue,2024,12332.0,6166.0,5164.7,1.1939
3-creamer street_2022,3-creamer street,2022,254.0,127.0,5584.4,0.0227
3-crescent street_2018,3-crescent street,2018,22240.0,11120.0,38436.6,0.2893
3-crescent street_2020,3-crescent street,2020,7600.0,3800.0,38436.6,0.0989
3-crescent street_2021,3-crescent street,2021,31536.3,8600.8,38436.6,0.2238
3-crescent street_2022,3-crescent street,2022,512.0,256.0,38436.6,0.0067
3-crescent street_2023,3-crescent street,2023,256.0,128.0,38436.6,0.0033
3-crescent street_2024,3-crescent street,2024,39506.0,19753.0,38436.6,0.5139
3-crescent street_2025,3-crescent street,2025,730.0,365.0,38436.6,0.0095
3-cropsey avenue_2016,3-cropsey avenue,2016,27040.0,13520.0,79453.3,0.1702
3-cropsey avenue_2019,3-cropsey avenue,2019,641696.4,164740.4,79453.3,2.0734
3-crosby avenue_2024,3-crosby avenue,2024,5266.0,2633.0,2742.6,0.96
3-crosby avenue_2025,3-crosby avenue,2025,306.0,153.0,2742.6,0.0558
3-crown street_2019,3-crown street,2019,76868.0,36972.0,33282.4,1.1109
3-crown street_2021,3-crown street,2021,20068.6,7167.4,33282.4,0.2154
3-crown street_2022,3-crown street,2022,522.0,261.0,33282.4,0.0078
3-crown street_2023,3-crown street,2023,226.0,113.0,33282.4,0.0034
3-crystal street_2024,3-crystal street,2024,13180.0,6590.0,7394.3,0.8912
3-crystal street_2025,3-crystal street,2025,370.0,185.0,7394.3,0.025
3-cumberland street_2016,3-cumberland street,2016,15685.3,4930.0,22570.4,0.2184
3-cumberland street_2017,3-cumberland street,2017,9323.6,4661.8,22570.4,0.2065
3-cumberland street_2022,3-cumberland street,2022,302.0,151.0,22570.4,0.0067
3-cumberland street_2023,3-cumberland street,2023,584.0,292.0,22570.4,0.0129
3-cumberland street_2025,3-cumberland street,2025,3388.0,1694.0,22570.4,0.0751
3-cypress avenue_2022,3-cypress avenue,2022,342.0,171.0,15410.4,0.0111
3-cypress avenue_2025,3-cypress avenue,2025,9038.0,4519.0,15410.4,0.2932
3-cypress hills street_2017,3-cypress hills street,2017,13664.0,6832.0,5425.6,1.2592
3-dahill road_2017,3-dahill road,2017,333.3,166.7,57374.3,0.0029
3-dahill road_2018,3-dahill road,2018,119406.2,59703.1,57374.3,1.0406
3-dahill road_2019,3-dahill road,2019,33443.1,16721.5,57374.3,0.2914
3-dahill road_2022,3-dahill road,2022,39130.0,18746.0,57374.3,0.3267
3-dahlgren place_2020,3-dahlgren place,2020,12544.0,6272.0,6136.9,1.022
3-dahlgren place_2021,3-dahlgren place,2021,106076.8,38703.7,6136.9,6.3067
3-dakota place_2017,3-dakota place,2017,2507.9,1254.0,623.9,2.0099
3-danforth street_2024,3-danforth street,2024,2080.0,1040.0,1643.8,0.6327
3-dank court_2022,3-dank court,2022,264.0,132.0,1819.0,0.0726
3-de sales place_2021,3-de sales place,2021,31536.3,12901.2,2774.0,4.6508
3-de witt avenue_2025,3-de witt avenue,2025,17356.0,8678.0,8500.8,1.0208
3-dead end_2021,3-dead end,2021,672.0,336.0,,
3-dead end_2022,3-dead end,2022,1494.0,747.0,,
3-dean street_2018,3-dean street,2018,22053.3,8720.0,74726.5,0.1167
3-dean street_2020,3-dean street,2020,14420.0,7210.0,74726.5,0.0965
3-dean street_2021,3-dean street,2021,65850.2,21838.0,74726.5,0.2922
3-dean street_2022,3-dean street,2022,124730.0,62365.0,74726.5,0.8346
3-dean street_2023,3-dean street,2023,46351.0,15350.0,74726.5,0.2054
3-dean street_2024,3-dean street,2024,988.0,494.0,74726.5,0.0066
3-dean street_2025,3-dean street,2025,18748.0,9374.0,74726.5,0.1254
3-debevoise avenue_2019,3-debevoise avenue,2019,91717.5,45858.8,3721.7,12.322
3-debevoise avenue_2023,3-debevoise avenue,2023,366.0,183.0,3721.7,0.0492
3-debevoise avenue_2024,3-debevoise avenue,2024,684.0,342.0,3721.7,0.0919
3-debevoise street_2021,3-debevoise street,2021,5733.9,2866.9,2502.2,1.1458
3-debevoise street_2024,3-debevoise street,2024,466.0,233.0,2502.2,0.0931
3-decatur street_2017,3-decatur street,2017,27523.3,12616.7,42173.6,0.2992
3-decatur street_2020,3-decatur street,2020,83042.0,37518.4,42173.6,0.8896
3-decatur street_2023,3-decatur street,2023,318.0,159.0,42173.6,0.0038
3-decatur street_2025,3-decatur street,2025,830.0,415.0,42173.6,0.0098
3-degraw street_2017,3-degraw street,2017,24093.3,12046.6,22712.5,0.5304
3-degraw street_2019,3-degraw street,2019,36586.6,13826.7,22712.5,0.6088
3-degraw street_2021,3-degraw street,2021,22935.5,8600.8,22712.5,0.3787
3-degraw street_2022,3-degraw street,2022,182.0,91.0,22712.5,0.004
3-degraw street_2023,3-degraw street,2023,200.0,100.0,22712.5,0.0044
3-dekalb avenue_2016,3-dekalb avenue,2016,40108.7,17578.0,79615.6,0.2208
3-dekalb avenue_2019,3-dekalb avenue,2019,120745.7,60372.9,79615.6,0.7583
3-dekalb avenue_2021,3-dekalb avenue,2021,336.0,168.0,79615.6,0.0021
3-dekalb avenue_2023,3-dekalb avenue,2023,12814.0,6407.0,79615.6,0.0805
3-dekalb avenue_2024,3-dekalb avenue,2024,200.0,100.0,79615.6,0.0013
3-dekalb avenue_2025,3-dekalb avenue,2025,81884.0,40942.0,79615.6,0.5142
3-delmonico place_2024,3-delmonico place,2024,302.0,151.0,896.2,0.1685
3-dennett place_2024,3-dennett place,2024,886.0,443.0,388.8,1.1394
3-desmond court_2019,3-desmond court,2019,336.0,168.0,1950.7,0.0861
3-desmond court_2021,3-desmond court,2021,2866.9,1433.5,1950.7,0.7349
3-devoe street_2018,3-devoe street,2018,16813.3,8406.7,15329.9,0.5484
3-devoe street_2023,3-devoe street,2023,324.0,162.0,15329.9,0.0106
3-devon avenue_2022,3-devon avenue,2022,8956.0,4478.0,4591.2,0.9753
3-dewey place_2022,3-dewey place,2022,212.0,106.0,1329.9,0.0797
3-diamond street_2020,3-diamond street,2020,13769.3,6884.7,7209.6,0.9549
3-dictum court_2020,3-dictum court,2020,16951.1,7535.6,4121.7,1.8283
3-dictum court_2022,3-dictum court,2022,314.0,157.0,4121.7,0.0381
3-dikeman street_2016,3-dikeman street,2016,14913.3,7456.7,8953.0,0.8329
3-dikeman street_2022,3-dikeman street,2022,448.0,224.0,8953.0,0.025
3-ditmars street_2023,3-ditmars street,2023,2294.0,1147.0,1267.2,0.9051
3-ditmas avenue_2016,3-ditmas avenue,2016,28200.0,14100.0,57039.5,0.2472
3-ditmas avenue_2019,3-ditmas avenue,2019,16333.4,8166.7,57039.5,0.1432
3-ditmas avenue_2020,3-ditmas avenue,2020,336.0,168.0,57039.5,0.0029
3-ditmas avenue_2024,3-ditmas avenue,2024,11302.0,5651.0,57039.5,0.0991
3-ditmas avenue_2025,3-ditmas avenue,2025,49350.0,24675.0,57039.5,0.4326
3-division avenue_2016,3-division avenue,2016,79979.0,35557.0,15966.0,2.227
3-division avenue_2018,3-division avenue,2018,23438.2,11719.1,15966.0,0.734
3-division avenue_2022,3-division avenue,2022,226.0,113.0,15966.0,0.0071
3-division avenue_2023,3-division avenue,2023,25486.0,12743.0,15966.0,0.7981
3-division place_2025,3-division place,2025,434.0,217.0,5583.3,0.0389
3-dobbin street_2022,3-dobbin street,2022,264.0,132.0,3525.3,0.0374
3-dobbin street_2025,3-dobbin street,2025,6800.0,3400.0,3525.3,0.9645
3-dodworth street_2016,3-dodworth street,2016,2659.6,1329.8,1331.2,0.9989
3-dooley street_2016,3-dooley street,2016,4880.0,2440.0,1274.7,1.9142
3-dooley street_2022,3-dooley street,2022,1208.0,604.0,1274.7,0.4738
3-doone court_2019,3-doone court,2019,1793.3,896.7,1000.4,0.8963
3-doscher street_2024,3-doscher street,2024,10208.0,5104.0,5200.5,0.9814
3-doscher street_2025,3-doscher street,2025,370.0,185.0,5200.5,0.0356
3-douglass street_2020,3-douglass street,2020,11694.0,3696.8,15524.1,0.2381
3-douglass street_2022,3-douglass street,2022,4620.0,2310.0,15524.1,0.1488
3-dover street_2025,3-dover street,2025,28896.0,14448.0,9243.9,1.563
3-downing street_2022,3-downing street,2022,3078.0,1539.0,4446.3,0.3461
3-downing street_2023,3-downing street,2023,226.0,113.0,4446.3,0.0254
3-downing street_2024,3-downing street,2024,5660.0,2830.0,4446.3,0.6365
3-drew street_2022,3-drew street,2022,44400.0,22200.0,23725.9,0.9357
3-drew street_2024,3-drew street,2024,334.0,167.0,23725.9,0.007
3-drew street_2025,3-drew street,2025,11840.0,5920.0,23725.9,0.2495
3-driggs avenue_2017,3-driggs avenue,2017,15691.1,7845.5,32768.1,0.2394
3-driggs avenue_2020,3-driggs avenue,2020,36669.9,13190.0,32768.1,0.4025
3-driggs avenue_2022,3-driggs avenue,2022,8500.0,4250.0,32768.1,0.1297
3-driggs avenue_2025,3-driggs avenue,2025,332.0,166.0,32768.1,0.0051
3-duffield street_2018,3-duffield street,2018,28413.3,14206.7,8252.7,1.7215
3-duffield street_2024,3-duffield street,2024,378.0,189.0,8252.7,0.0229
3-dumont avenue_2017,3-dumont avenue,2017,47287.2,23643.6,58491.8,0.4042
3-dumont avenue_2019,3-dumont avenue,2019,21231.1,10615.6,58491.8,0.1815
3-dumont avenue_2020,3-dumont avenue,2020,21673.1,10836.6,58491.8,0.1853
3-dumont avenue_2021,3-dumont avenue,2021,286694.0,117544.5,58491.8,2.0096
3-dumont avenue_2022,3-dumont avenue,2022,386.0,193.0,58491.8,0.0033
3-dumont avenue_2024,3-dumont avenue,2024,898.0,449.0,58491.8,0.0077
3-dumont avenue_2025,3-dumont avenue,2025,33118.0,16559.0,58491.8,0.2831
3-dunne court_2016,3-dunne court,2016,3198.2,1599.1,1879.0,0.851
3-dupont street_2017,3-dupont street,2017,4193.3,2096.7,8750.7,0.2396
3-dupont street_2024,3-dupont street,2024,220.0,110.0,8750.7,0.0126
3-durland place_2021,3-durland place,2021,1008.0,168.0,1356.9,0.1238
3-duryea place_2018,3-duryea place,2018,2346.7,1173.3,1231.7,0.9526
3-dwight street_2022,3-dwight street,2022,49672.0,24836.0,7362.5,3.3733
3-dwight street_2023,3-dwight street,2023,240.0,120.0,7362.5,0.0163
3-eagle street_2017,3-eagle street,2017,29773.4,14886.7,10700.7,1.3912
3-eagle street_2019,3-eagle street,2019,42980.0,21490.0,10700.7,2.0083
3-eagle street_2024,3-eagle street,2024,220.0,110.0,10700.7,0.0103
3-eagle street_2025,3-eagle street,2025,272.0,136.0,10700.7,0.0127
3-east 1 street_2020,3-east 1 street,2020,35440.0,17720.0,17455.4,1.0152
3-east 1 street_2021,3-east 1 street,2021,7167.4,1433.5,17455.4,0.0821
3-east 10 street_2016,3-east 10 street,2016,7680.0,3840.0,30811.7,0.1246
3-east 10 street_2019,3-east 10 street,2019,23401.6,10267.9,30811.7,0.3332
3-east 10 street_2022,3-east 10 street,2022,300.0,150.0,30811.7,0.0049
3-east 10 street_2024,3-east 10 street,2024,32102.0,16051.0,30811.7,0.5209
3-east 100 street_2022,3-east 100 street,2022,53365.0,25257.0,21295.6,1.186
3-east 100 street_2024,3-east 100 street,2024,332.0,166.0,21295.6,0.0078
3-east 100 street_2025,3-east 100 street,2025,1716.0,858.0,21295.6,0.0403
3-east 101 street_2021,3-east 101 street,2021,41570.6,18635.1,19079.0,0.9767
3-east 101 street_2024,3-east 101 street,2024,7564.0,3782.0,19079.0,0.1982
3-east 101 street_2025,3-east 101 street,2025,1716.0,858.0,19079.0,0.045
3-east 102 street_2020,3-east 102 street,2020,92208.1,39115.2,19327.0,2.0239
3-east 102 street_2022,3-east 102 street,2022,342342.0,171171.0,19327.0,8.8566
3-east 102 street_2024,3-east 102 street,2024,444.0,222.0,19327.0,0.0115
3-east 102 street_2025,3-east 102 street,2025,3138.0,1569.0,19327.0,0.0812
3-east 103 street_2017,3-east 103 street,2017,21794.6,10897.3,21236.1,0.5131
3-east 103 street_2024,3-east 103 street,2024,129970.0,64985.0,21236.1,3.0601
3-east 104 street_2020,3-east 104 street,2020,98233.6,24823.8,19131.0,1.2976
3-east 104 street_2024,3-east 104 street,2024,1716.0,858.0,19131.0,0.0448
3-east 105 street_2021,3-east 105 street,2021,151947.8,75973.9,28501.6,2.6656
3-east 105 street_2024,3-east 105 street,2024,1344.0,672.0,28501.6,0.0236
3-east 108 street_2020,3-east 108 street,2020,36809.3,14959.3,19815.8,0.7549
3-east 108 street_2024,3-east 108 street,2024,1492.0,746.0,19815.8,0.0376
3-east 12 street_2016,3-east 12 street,2016,78036.6,34490.0,62709.0,0.55
3-east 12 street_2017,3-east 12 street,2017,241255.6,109361.1,62709.0,1.7439
3-east 12 street_2018,3-east 12 street,2018,43132.9,21566.5,62709.0,0.3439
3-east 12 street_2019,3-east 12 street,2019,8400.0,4200.0,62709.0,0.067
3-east 12 street_2022,3-east 12 street,2022,822.0,411.0,62709.0,0.0066
3-east 12 street_2023,3-east 12 street,2023,38899.0,10150.0,62709.0,0.1619
3-east 13 street_2017,3-east 13 street,2017,3850.0,1925.0,55175.4,0.0349
3-east 13 street_2018,3-east 13 street,2018,33933.3,12776.7,55175.4,0.2316
3-east 13 street_2020,3-east 13 street,2020,11126.7,5563.3,55175.4,0.1008
3-east 13 street_2022,3-east 13 street,2022,300.0,150.0,55175.4,0.0027
3-east 13 street_2024,3-east 13 street,2024,39106.0,19553.0,55175.4,0.3544
3-east 14 street_2016,3-east 14 street,2016,6986.7,3493.3,57179.8,0.0611
3-east 14 street_2017,3-east 14 street,2017,7890.7,3945.3,57179.8,0.069
3-east 14 street_2018,3-east 14 street,2018,22118.7,11059.3,57179.8,0.1934
3-east 14 street_2021,3-east 14 street,2021,24369.0,10034.3,57179.8,0.1755
3-east 14 street_2022,3-east 14 street,2022,300.0,150.0,57179.8,0.0026
3-east 14 street_2023,3-east 14 street,2023,79762.0,28362.0,57179.8,0.496
3-east 14 street_2024,3-east 14 street,2024,26900.0,13450.0,57179.8,0.2352
3-east 15 street_2017,3-east 15 street,2017,3732.7,1866.3,51490.0,0.0362
3-east 15 street_2018,3-east 15 street,2018,38133.4,17243.3,51490.0,0.3349
3-east 15 street_2020,3-east 15 street,2020,42237.3,21118.7,51490.0,0.4102
3-east 15 street_2022,3-east 15 street,2022,1018.0,509.0,51490.0,0.0099
3-east 16 street_2017,3-east 16 street,2017,14997.4,7498.7,58853.6,0.1274
3-east 16 street_2020,3-east 16 street,2020,255247.9,93558.2,58853.6,1.5897
3-east 16 street_2021,3-east 16 street,2021,16104.2,3034.9,58853.6,0.0516
3-east 16 street_2022,3-east 16 street,2022,980.0,490.0,58853.6,0.0083
3-east 17 street_2016,3-east 17 street,2016,71115.6,35557.8,78767.6,0.4514
3-east 17 street_2017,3-east 17 street,2017,111263.6,52984.9,78767.6,0.6727
3-east 17 street_2019,3-east 17 street,2019,3746.7,1873.3,78767.6,0.0238
3-east 17 street_2022,3-east 17 street,2022,300.0,150.0,78767.6,0.0019
3-east 17 street_2023,3-east 17 street,2023,272.0,136.0,78767.6,0.0017
3-east 17 street_2024,3-east 17 street,2024,88410.0,44205.0,78767.6,0.5612
3-east 18 street_2018,3-east 18 street,2018,27626.7,12400.0,76844.3,0.1614
3-east 18 street_2019,3-east 18 street,2019,50280.0,25140.0,76844.3,0.3272
3-east 18 street_2022,3-east 18 street,2022,612.0,306.0,76844.3,0.004
3-east 18 street_2023,3-east 18 street,2023,272.0,136.0,76844.3,0.0018
3-east 18 street_2024,3-east 18 street,2024,85884.0,42942.0,76844.3,0.5588
3-east 19 street_2016,3-east 19 street,2016,38028.0,17196.0,81944.0,0.2099
3-east 19 street_2017,3-east 19 street,2017,36546.2,17336.2,81944.0,0.2116
3-east 19 street_2019,3-east 19 street,2019,51921.4,24337.1,81944.0,0.297
3-east 19 street_2022,3-east 19 street,2022,64988.0,32494.0,81944.0,0.3965
3-east 19 street_2024,3-east 19 street,2024,51854.0,25927.0,81944.0,0.3164
3-east 2 street_2016,3-east 2 street,2016,23913.3,11956.7,65761.7,0.1818
3-east 2 street_2017,3-east 2 street,2017,125423.3,62520.0,65761.7,0.9507
3-east 2 street_2019,3-east 2 street,2019,10306.7,5153.3,65761.7,0.0784
3-east 2 street_2021,3-east 2 street,2021,7512.0,3756.0,65761.7,0.0571
3-east 2 street_2022,3-east 2 street,2022,300.0,150.0,65761.7,0.0023
3-east 2 street_2023,3-east 2 street,2023,5734.0,2867.0,65761.7,0.0436
3-east 2 street_2024,3-east 2 street,2024,312.0,156.0,65761.7,0.0024
3-east 21 street_2016,3-east 21 street,2016,5000.0,2500.0,83752.9,0.0298
3-east 21 street_2021,3-east 21 street,2021,71673.5,28669.4,83752.9,0.3423
3-east 21 street_2022,3-east 21 street,2022,1916.0,958.0,83752.9,0.0114
3-east 21 street_2023,3-east 21 street,2023,29313.0,13248.0,83752.9,0.1582
3-east 21 street_2025,3-east 21 street,2025,22584.0,11292.0,83752.9,0.1348
3-east 22 street_2016,3-east 22 street,2016,11408.0,5704.0,69888.8,0.0816
3-east 22 street_2018,3-east 22 street,2018,10093.3,2826.7,69888.8,0.0404
3-east 22 street_2022,3-east 22 street,2022,650.0,325.0,69888.8,0.0047
3-east 22 street_2024,3-east 22 street,2024,33536.0,16768.0,69888.8,0.2399
3-east 23 street_2018,3-east 23 street,2018,2370.7,1185.3,68463.3,0.0173
3-east 23 street_2020,3-east 23 street,2020,19666.6,8426.7,68463.3,0.1231
3-east 23 street_2021,3-east 23 street,2021,94609.0,35836.8,68463.3,0.5234
3-east 23 street_2022,3-east 23 street,2022,14222.0,7111.0,68463.3,0.1039
3-east 24 street_2016,3-east 24 street,2016,14954.7,5969.8,59299.3,0.1007
3-east 24 street_2017,3-east 24 street,2017,15780.0,2630.0,59299.3,0.0444
3-east 24 street_2020,3-east 24 street,2020,57713.4,21020.0,59299.3,0.3545
3-east 24 street_2022,3-east 24 street,2022,680.0,340.0,59299.3,0.0057
3-east 24 street_2023,3-east 24 street,2023,21491.0,7997.0,59299.3,0.1349
3-east 25 street_2022,3-east 25 street,2022,280.0,140.0,7044.3,0.0199
3-east 26 street_2022,3-east 26 street,2022,10260.0,5130.0,66721.0,0.0769
3-east 27 street_2016,3-east 27 street,2016,37839.7,17512.6,54705.5,0.3201
3-east 27 street_2022,3-east 27 street,2022,88618.0,44309.0,54705.5,0.81
3-east 28 street_2018,3-east 28 street,2018,27220.0,10886.7,71527.1,0.1522
3-east 28 street_2020,3-east 28 street,2020,18690.0,5320.0,71527.1,0.0744
3-east 28 street_2022,3-east 28 street,2022,118786.0,59393.0,71527.1,0.8304
3-east 28 street_2025,3-east 28 street,2025,15936.0,7968.0,71527.1,0.1114
3-east 29 street_2017,3-east 29 street,2017,34188.9,17094.4,71400.7,0.2394
3-east 29 street_2018,3-east 29 street,2018,13886.7,6943.3,71400.7,0.0972
3-east 29 street_2019,3-east 29 street,2019,26533.3,7940.0,71400.7,0.1112
3-east 29 street_2021,3-east 29 street,2021,5733.9,1433.5,71400.7,0.0201
3-east 29 street_2022,3-east 29 street,2022,1756.0,878.0,71400.7,0.0123
3-east 29 street_2023,3-east 29 street,2023,40335.0,14434.0,71400.7,0.2022
3-east 3 street_2016,3-east 3 street,2016,36593.3,18296.7,64842.3,0.2822
3-east 3 street_2018,3-east 3 street,2018,42532.9,21266.4,64842.3,0.328
3-east 3 street_2020,3-east 3 street,2020,98313.3,28170.0,64842.3,0.4344
3-east 3 street_2021,3-east 3 street,2021,7167.4,2866.9,64842.3,0.0442
3-east 3 street_2022,3-east 3 street,2022,808.0,404.0,64842.3,0.0062
3-east 3 street_2024,3-east 3 street,2024,312.0,156.0,64842.3,0.0024
3-east 31 street_2019,3-east 31 street,2019,17742.2,8871.1,45820.9,0.1936
3-east 31 street_2021,3-east 31 street,2021,32969.8,15768.2,45820.9,0.3441
3-east 31 street_2022,3-east 31 street,2022,256.0,128.0,45820.9,0.0028
3-east 31 street_2023,3-east 31 street,2023,13012.0,6506.0,45820.9,0.142
3-east 32 street_2018,3-east 32 street,2018,19660.0,5610.0,43564.1,0.1288
3-east 32 street_2019,3-east 32 street,2019,104806.6,25329.3,43564.1,0.5814
3-east 32 street_2020,3-east 32 street,2020,13473.3,3986.7,43564.1,0.0915
3-east 32 street_2021,3-east 32 street,2021,14334.7,7167.4,43564.1,0.1645
3-east 32 street_2022,3-east 32 street,2022,7524.0,3762.0,43564.1,0.0864
3-east 34 street_2022,3-east 34 street,2022,916.0,458.0,45471.0,0.0101
3-east 34 street_2023,3-east 34 street,2023,21268.0,10634.0,45471.0,0.2339
3-east 34 street_2025,3-east 34 street,2025,448.0,224.0,45471.0,0.0049
3-east 35 street_2018,3-east 35 street,2018,82672.4,41336.2,59734.7,0.692
3-east 35 street_2019,3-east 35 street,2019,47936.0,22547.5,59734.7,0.3775
3-east 35 street_2022,3-east 35 street,2022,908.0,454.0,59734.7,0.0076
3-east 35 street_2025,3-east 35 street,2025,374.0,187.0,59734.7,0.0031
3-east 36 street_2016,3-east 36 street,2016,105518.7,47186.0,29176.1,1.6173
3-east 36 street_2025,3-east 36 street,2025,426.0,213.0,29176.1,0.0073
3-east 37 street_2016,3-east 37 street,2016,22873.4,11436.7,54280.0,0.2107
3-east 37 street_2021,3-east 37 street,2021,1008.0,336.0,54280.0,0.0062
3-east 37 street_2022,3-east 37 street,2022,18528.0,9264.0,54280.0,0.1707
3-east 37 street_2023,3-east 37 street,2023,87571.0,31004.0,54280.0,0.5712
3-east 37 street_2025,3-east 37 street,2025,2554.0,1277.0,54280.0,0.0235
3-east 38 street_2018,3-east 38 street,2018,23200.0,11600.0,53672.5,0.2161
3-east 38 street_2019,3-east 38 street,2019,118978.0,35836.8,53672.5,0.6677
3-east 38 street_2022,3-east 38 street,2022,528.0,264.0,53672.5,0.0049
3-east 38 street_2025,3-east 38 street,2025,924.0,462.0,53672.5,0.0086
3-east 39 street_2018,3-east 39 street,2018,11953.3,5976.7,31815.3,0.1879
3-east 39 street_2019,3-east 39 street,2019,77446.3,27120.0,31815.3,0.8524
3-east 39 street_2022,3-east 39 street,2022,528.0,264.0,31815.3,0.0083
3-east 4 street_2019,3-east 4 street,2019,45661.0,17349.1,61373.3,0.2827
3-east 4 street_2021,3-east 4 street,2021,20068.6,5733.9,61373.3,0.0934
3-east 4 street_2022,3-east 4 street,2022,300.0,150.0,61373.3,0.0024
3-east 4 street_2024,3-east 4 street,2024,312.0,156.0,61373.3,0.0025
3-east 40 street_2018,3-east 40 street,2018,94293.4,29296.7,37910.7,0.7728
3-east 40 street_2022,3-east 40 street,2022,536.0,268.0,37910.7,0.0071
3-east 40 street_2023,3-east 40 street,2023,18302.0,9151.0,37910.7,0.2414
3-east 41 street_2018,3-east 41 street,2018,16006.6,8003.3,1750.9,4.571
3-east 42 street_2016,3-east 42 street,2016,24053.3,7686.7,29200.0,0.2632
3-east 42 street_2022,3-east 42 street,2022,234.0,117.0,29200.0,0.004
3-east 42 street_2023,3-east 42 street,2023,17200.0,8600.0,29200.0,0.2945
3-east 43 street_2017,3-east 43 street,2017,23223.3,9776.7,33931.8,0.2881
3-east 43 street_2021,3-east 43 street,2021,14334.7,5733.9,33931.8,0.169
3-east 43 street_2022,3-east 43 street,2022,234.0,117.0,33931.8,0.0034
3-east 45 street_2016,3-east 45 street,2016,8180.0,2726.7,32501.6,0.0839
3-east 45 street_2023,3-east 45 street,2023,3520.0,1760.0,32501.6,0.0542
3-east 46 street_2016,3-east 46 street,2016,22007.1,10246.2,35790.0,0.2863
3-east 46 street_2021,3-east 46 street,2021,4300.4,1433.5,35790.0,0.0401
3-east 46 street_2022,3-east 46 street,2022,39920.0,19960.0,35790.0,0.5577
3-east 46 street_2023,3-east 46 street,2023,23468.0,11734.0,35790.0,0.3279
3-east 46 street_2024,3-east 46 street,2024,2760.0,1380.0,35790.0,0.0386
3-east 48 street_2016,3-east 48 street,2016,100480.0,39890.0,42789.3,0.9322
3-east 48 street_2021,3-east 48 street,2021,2866.9,1433.5,42789.3,0.0335
3-east 48 street_2024,3-east 48 street,2024,2400.0,1200.0,42789.3,0.028
3-east 49 street_2016,3-east 49 street,2016,28972.0,10004.0,46832.4,0.2136
3-east 49 street_2017,3-east 49 street,2017,34390.2,17195.1,46832.4,0.3672
3-east 49 street_2018,3-east 49 street,2018,34447.1,13053.6,46832.4,0.2787
3-east 49 street_2019,3-east 49 street,2019,24940.0,12470.0,46832.4,0.2663
3-east 49 street_2020,3-east 49 street,2020,5545.6,2772.8,46832.4,0.0592
3-east 49 street_2021,3-east 49 street,2021,35836.8,11467.8,46832.4,0.2449
3-east 49 street_2024,3-east 49 street,2024,3600.0,1800.0,46832.4,0.0384
3-east 5 street_2019,3-east 5 street,2019,80806.7,40403.4,65027.5,0.6213
3-east 5 street_2022,3-east 5 street,2022,49293.0,23238.0,65027.5,0.3574
3-east 5 street_2023,3-east 5 street,2023,12068.0,6034.0,65027.5,0.0928
3-east 5 street_2024,3-east 5 street,2024,13278.0,6639.0,65027.5,0.1021
3-east 5 street_2025,3-east 5 street,2025,39998.0,19999.0,65027.5,0.3075
3-east 51 street_2016,3-east 51 street,2016,54932.9,27466.4,53712.3,0.5114
3-east 51 street_2020,3-east 51 street,2020,6036.9,3018.4,53712.3,0.0562
3-east 51 street_2023,3-east 51 street,2023,63632.0,31816.0,53712.3,0.5923
3-east 51 street_2024,3-east 51 street,2024,28000.0,14000.0,53712.3,0.2606
3-east 51 street_2025,3-east 51 street,2025,734.0,367.0,53712.3,0.0068
3-east 52 street_2019,3-east 52 street,2019,30102.9,10034.3,56321.6,0.1782
3-east 52 street_2021,3-east 52 street,2021,33473.8,13069.2,56321.6,0.232
3-east 52 street_2023,3-east 52 street,2023,4730.0,2365.0,56321.6,0.042
3-east 52 street_2025,3-east 52 street,2025,586.0,293.0,56321.6,0.0052
3-east 53 place_2017,3-east 53 place,2017,11106.7,5553.3,2914.4,1.9055
3-east 53 street_2016,3-east 53 street,2016,22821.4,11410.7,75124.1,0.1519
3-east 53 street_2017,3-east 53 street,2017,76863.1,38431.5,75124.1,0.5116
3-east 53 street_2019,3-east 53 street,2019,54471.9,10034.3,75124.1,0.1336
3-east 53 street_2024,3-east 53 street,2024,1278.0,639.0,75124.1,0.0085
3-east 53 street_2025,3-east 53 street,2025,62964.0,31482.0,75124.1,0.4191
3-east 54 street_2017,3-east 54 street,2017,61600.6,27195.3,47091.4,0.5775
3-east 54 street_2018,3-east 54 street,2018,5373.3,2686.7,47091.4,0.0571
3-east 54 street_2025,3-east 54 street,2025,674.0,337.0,47091.4,0.0072
3-east 55 street_2017,3-east 55 street,2017,40358.7,20179.4,47047.4,0.4289
3-east 55 street_2025,3-east 55 street,2025,616.0,308.0,47047.4,0.0065
3-east 56 street_2016,3-east 56 street,2016,5413.4,2706.7,64867.1,0.0417
3-east 56 street_2018,3-east 56 street,2018,336787.3,162699.8,64867.1,2.5082
3-east 56 street_2021,3-east 56 street,2021,336.0,168.0,64867.1,0.0026
3-east 56 street_2025,3-east 56 street,2025,822.0,411.0,64867.1,0.0063
3-east 57 place_2022,3-east 57 place,2022,242.0,121.0,1814.2,0.0667
3-east 57 street_2019,3-east 57 street,2019,67373.1,28669.4,44801.7,0.6399
3-east 57 street_2021,3-east 57 street,2021,336.0,168.0,44801.7,0.0037
3-east 57 street_2022,3-east 57 street,2022,102932.0,51466.0,44801.7,1.1488
3-east 57 street_2023,3-east 57 street,2023,3216.0,1608.0,44801.7,0.0359
3-east 57 street_2025,3-east 57 street,2025,674.0,337.0,44801.7,0.0075
3-east 58 street_2024,3-east 58 street,2024,20296.0,10148.0,35976.8,0.2821
3-east 59 place_2019,3-east 59 place,2019,336.0,168.0,4864.7,0.0345
3-east 59 place_2022,3-east 59 place,2022,242.0,121.0,4864.7,0.0249
3-east 59 street_2021,3-east 59 street,2021,41570.6,18635.1,39545.4,0.4712
3-east 59 street_2023,3-east 59 street,2023,3572.0,1786.0,39545.4,0.0452
3-east 60 place_2019,3-east 60 place,2019,336.0,168.0,2451.1,0.0685
3-east 60 place_2021,3-east 60 place,2021,4300.4,1433.5,2451.1,0.5848
3-east 60 place_2022,3-east 60 place,2022,242.0,121.0,2451.1,0.0494
3-east 63 street_2022,3-east 63 street,2022,582.0,291.0,19742.6,0.0147
3-east 63 street_2025,3-east 63 street,2025,59402.0,29701.0,19742.6,1.5044
3-east 64 street_2016,3-east 64 street,2016,74845.4,28050.0,24856.0,1.1285
3-east 64 street_2019,3-east 64 street,2019,27664.6,9221.6,24856.0,0.371
3-east 64 street_2022,3-east 64 street,2022,582.0,291.0,24856.0,0.0117
3-east 64 street_2023,3-east 64 street,2023,36336.0,18168.0,24856.0,0.7309
3-east 65 street_2016,3-east 65 street,2016,27608.0,13804.0,27182.0,0.5078
3-east 65 street_2017,3-east 65 street,2017,44351.1,22175.5,27182.0,0.8158
3-east 65 street_2022,3-east 65 street,2022,14042.0,7021.0,27182.0,0.2583
3-east 66 street_2018,3-east 66 street,2018,219455.1,109727.6,43784.0,2.5061
3-east 66 street_2022,3-east 66 street,2022,356.0,178.0,43784.0,0.0041
3-east 66 street_2025,3-east 66 street,2025,35494.0,17747.0,43784.0,0.4053
3-east 68 street_2017,3-east 68 street,2017,11568.0,5784.0,10613.4,0.545
3-east 69 street_2017,3-east 69 street,2017,59934.9,23904.7,32277.2,0.7406
3-east 69 street_2024,3-east 69 street,2024,48648.0,24324.0,32277.2,0.7536
3-east 7 street_2018,3-east 7 street,2018,4350.0,1450.0,74401.4,0.0195
3-east 7 street_2019,3-east 7 street,2019,81106.7,40553.3,74401.4,0.5451
3-east 7 street_2022,3-east 7 street,2022,11978.0,5989.0,74401.4,0.0805
3-east 7 street_2023,3-east 7 street,2023,178.0,89.0,74401.4,0.0012
3-east 7 street_2024,3-east 7 street,2024,33136.0,16568.0,74401.4,0.2227
3-east 70 street_2016,3-east 70 street,2016,4576.9,2288.4,20542.9,0.1114
3-east 70 street_2023,3-east 70 street,2023,59540.0,29770.0,20542.9,1.4492
3-east 71 street_2016,3-east 71 street,2016,12496.9,4824.2,16594.5,0.2907
3-east 71 street_2023,3-east 71 street,2023,21362.0,10681.0,16594.5,0.6436
3-east 73 street_2017,3-east 73 street,2017,13883.3,5549.5,25212.6,0.2201
3-east 73 street_2024,3-east 73 street,2024,33682.0,16841.0,25212.6,0.668
3-east 76 street_2016,3-east 76 street,2016,22044.5,11022.2,2032.6,5.4227
3-east 78 street_2022,3-east 78 street,2022,44336.0,22168.0,7756.5,2.858
3-east 79 street_2023,3-east 79 street,2023,43390.0,21695.0,3631.3,5.9744
3-east 8 street_2016,3-east 8 street,2016,24086.7,12043.3,62451.3,0.1928
3-east 8 street_2018,3-east 8 street,2018,33466.7,16733.4,62451.3,0.2679
3-east 8 street_2022,3-east 8 street,2022,300.0,150.0,62451.3,0.0024
3-east 8 street_2024,3-east 8 street,2024,38162.0,19081.0,62451.3,0.3055
3-east 80 street_2024,3-east 80 street,2024,666.0,333.0,42106.8,0.0079
3-east 81 street_2021,3-east 81 street,2021,504.0,168.0,12075.9,0.0139
3-east 81 street_2023,3-east 81 street,2023,22664.0,11332.0,12075.9,0.9384
3-east 81 street_2024,3-east 81 street,2024,42628.0,21314.0,12075.9,1.765
3-east 82 street_2021,3-east 82 street,2021,336.0,168.0,14460.0,0.0116
3-east 82 street_2023,3-east 82 street,2023,74228.0,37114.0,14460.0,2.5667
3-east 83 street_2017,3-east 83 street,2017,47384.7,25084.4,27776.3,0.9031
3-east 83 street_2024,3-east 83 street,2024,81638.0,40819.0,27776.3,1.4696
3-east 84 street_2017,3-east 84 street,2017,56043.3,25178.9,26140.3,0.9632
3-east 84 street_2021,3-east 84 street,2021,336.0,168.0,26140.3,0.0064
3-east 84 street_2024,3-east 84 street,2024,6144.0,3072.0,26140.3,0.1175
3-east 85 street_2021,3-east 85 street,2021,504.0,168.0,30494.0,0.0055
3-east 85 street_2024,3-east 85 street,2024,4548.0,2274.0,30494.0,0.0746
3-east 85 street_2025,3-east 85 street,2025,57888.0,28944.0,30494.0,0.9492
3-east 86 street_2021,3-east 86 street,2021,83477.3,37438.2,26302.3,1.4234
3-east 86 street_2023,3-east 86 street,2023,10946.0,5473.0,26302.3,0.2081
3-east 86 street_2024,3-east 86 street,2024,6336.0,3168.0,26302.3,0.1204
3-east 87 street_2016,3-east 87 street,2016,62227.6,31113.8,25839.7,1.2041
3-east 87 street_2017,3-east 87 street,2017,57073.3,28536.7,25839.7,1.1044
3-east 87 street_2021,3-east 87 street,2021,336.0,168.0,25839.7,0.0065
3-east 87 street_2024,3-east 87 street,2024,8482.0,4241.0,25839.7,0.1641
3-east 88 street_2018,3-east 88 street,2018,35412.8,17706.4,32445.6,0.5457
3-east 88 street_2021,3-east 88 street,2021,11467.8,5733.9,32445.6,0.1767
3-east 88 street_2023,3-east 88 street,2023,32882.0,16441.0,32445.6,0.5067
3-east 88 street_2024,3-east 88 street,2024,3722.0,1861.0,32445.6,0.0574
3-east 89 street_2017,3-east 89 street,2017,63372.0,29559.3,32359.9,0.9135
3-east 89 street_2024,3-east 89 street,2024,21278.0,10639.0,32359.9,0.3288
3-east 9 street_2022,3-east 9 street,2022,77484.0,38742.0,50465.9,0.7677
3-east 91 street_2021,3-east 91 street,2021,88875.1,35836.8,39240.5,0.9133
3-east 91 street_2022,3-east 91 street,2022,800.0,400.0,39240.5,0.0102
3-east 91 street_2023,3-east 91 street,2023,6120.0,1020.0,39240.5,0.026
3-east 91 street_2024,3-east 91 street,2024,32778.0,16389.0,39240.5,0.4177
3-east 92 street_2016,3-east 92 street,2016,133812.1,62209.4,48716.1,1.277
3-east 92 street_2022,3-east 92 street,2022,694.0,347.0,48716.1,0.0071
3-east 92 street_2023,3-east 92 street,2023,7252.0,3626.0,48716.1,0.0744
3-east 92 street_2024,3-east 92 street,2024,76006.0,38003.0,48716.1,0.7801
3-east 93 street_2019,3-east 93 street,2019,88380.1,44190.0,47423.0,0.9318
3-east 93 street_2020,3-east 93 street,2020,2450.9,1225.4,47423.0,0.0258
3-east 93 street_2022,3-east 93 street,2022,284.0,142.0,47423.0,0.003
3-east 93 street_2023,3-east 93 street,2023,50030.0,22532.0,47423.0,0.4751
3-east 93 street_2024,3-east 93 street,2024,294.0,147.0,47423.0,0.0031
3-east 94 street_2016,3-east 94 street,2016,23726.6,11863.3,46863.5,0.2531
3-east 94 street_2020,3-east 94 street,2020,92088.9,21521.8,46863.5,0.4592
3-east 94 street_2021,3-east 94 street,2021,205490.2,73275.0,46863.5,1.5636
3-east 94 street_2023,3-east 94 street,2023,4680.0,1560.0,46863.5,0.0333
3-east 94 street_2024,3-east 94 street,2024,294.0,147.0,46863.5,0.0031
3-east 95 street_2017,3-east 95 street,2017,9962.7,4981.3,50742.4,0.0982
3-east 95 street_2021,3-east 95 street,2021,30438.9,14502.7,50742.4,0.2858
3-east 95 street_2023,3-east 95 street,2023,2856.0,1428.0,50742.4,0.0281
3-east 95 street_2024,3-east 95 street,2024,294.0,147.0,50742.4,0.0029
3-east 96 street_2018,3-east 96 street,2018,86459.1,43229.5,48314.8,0.8947
3-east 96 street_2021,3-east 96 street,2021,336.0,168.0,48314.8,0.0035
3-east 96 street_2022,3-east 96 street,2022,668.0,334.0,48314.8,0.0069
3-east 96 street_2023,3-east 96 street,2023,1560.0,780.0,48314.8,0.0161
3-east 96 street_2024,3-east 96 street,2024,294.0,147.0,48314.8,0.003
3-east 98 street_2020,3-east 98 street,2020,61500.0,30750.0,64855.4,0.4741
3-east 98 street_2023,3-east 98 street,2023,107778.0,53889.0,64855.4,0.8309
3-east 98 street_2024,3-east 98 street,2024,470.0,235.0,64855.4,0.0036
3-east 98 street_2025,3-east 98 street,2025,1840.0,920.0,64855.4,0.0142
3-east 99 street_2024,3-east 99 street,2024,332.0,166.0,25269.4,0.0066
3-east 99 street_2025,3-east 99 street,2025,1716.0,858.0,25269.4,0.034
3-east drive_2016,3-east drive,2016,47000.1,23500.0,26102.4,0.9003
3-east drive_2023,3-east drive,2023,372541.0,174776.0,26102.4,6.6958
3-east new york avenue_2018,3-east new york avenue,2018,85816.0,42908.0,65112.7,0.659
3-east new york avenue_2019,3-east new york avenue,2019,117814.1,58907.1,65112.7,0.9047
3-east new york avenue_2022,3-east new york avenue,2022,322.0,161.0,65112.7,0.0025
3-east new york avenue_2024,3-east new york avenue,2024,392.0,196.0,65112.7,0.003
3-eastern parkway_2018,3-eastern parkway,2018,454016.2,178192.1,175006.8,1.0182
3-eastern parkway_2019,3-eastern parkway,2019,297727.8,148863.9,175006.8,0.8506
3-eastern parkway_2020,3-eastern parkway,2020,219000.0,109500.0,175006.8,0.6257
3-eastern parkway_2021,3-eastern parkway,2021,141488.1,62143.2,175006.8,0.3551
3-eastern parkway_2022,3-eastern parkway,2022,2016.0,1008.0,175006.8,0.0058
3-eastern parkway_2023,3-eastern parkway,2023,147804.0,73902.0,175006.8,0.4223
3-eastern parkway_2025,3-eastern parkway,2025,2490.0,1245.0,175006.8,0.0071
3-ebony court_2022,3-ebony court,2022,300.0,150.0,4634.5,0.0324
3-eckford street_2017,3-eckford street,2017,53952.1,7717.3,11647.6,0.6626
3-eckford street_2022,3-eckford street,2022,272.0,136.0,11647.6,0.0117
3-egan street_2022,3-egan street,2022,368.0,184.0,6787.3,0.0271
3-eldert lane_2017,3-eldert lane,2017,45825.0,15225.0,40664.0,0.3744
3-eldert lane_2018,3-eldert lane,2018,132459.9,66230.0,40664.0,1.6287
3-eldert lane_2019,3-eldert lane,2019,25307.3,12653.7,40664.0,0.3112
3-eldert lane_2022,3-eldert lane,2022,636.0,318.0,40664.0,0.0078
3-eldert lane_2023,3-eldert lane,2023,266.0,133.0,40664.0,0.0033
3-eldert lane_2024,3-eldert lane,2024,306.0,153.0,40664.0,0.0038
3-eldert lane_2025,3-eldert lane,2025,35730.0,17865.0,40664.0,0.4393
3-eldert street_2017,3-eldert street,2017,61650.0,29766.7,13571.8,2.1933
3-eldert street_2024,3-eldert street,2024,200.0,100.0,13571.8,0.0074
3-eldert street_2025,3-eldert street,2025,264.0,132.0,13571.8,0.0097
3-elderts la_2018,3-elderts la,2018,13760.0,6880.0,,
3-ellery street_2022,3-ellery street,2022,302.0,151.0,9172.7,0.0165
3-ellery street_2023,3-ellery street,2023,6496.0,3248.0,9172.7,0.3541
3-ellery street_2024,3-ellery street,2024,11182.0,5591.0,9172.7,0.6095
3-elm avenue_2017,3-elm avenue,2017,600.0,300.0,4756.8,0.0631
3-elm place_2018,3-elm place,2018,3440.0,1146.7,1002.7,1.1436
3-elmira loop_2025,3-elmira loop,2025,28344.0,14172.0,1770.8,8.0032
3-elmwood avenue_2017,3-elmwood avenue,2017,53386.7,24671.1,4411.2,5.5928
3-elton street_2020,3-elton street,2020,108588.0,54294.0,39832.1,1.3631
3-elton street_2022,3-elton street,2022,586.0,293.0,39832.1,0.0074
3-elton street_2023,3-elton street,2023,1002.0,501.0,39832.1,0.0126
3-elton street_2024,3-elton street,2024,2690.0,1345.0,39832.1,0.0338
3-elton street_2025,3-elton street,2025,3480.0,1740.0,39832.1,0.0437
3-emerald street_2024,3-emerald street,2024,18138.0,9069.0,6127.5,1.48
3-emerald street_2025,3-emerald street,2025,362.0,181.0,6127.5,0.0295
3-emerson place_2017,3-emerson place,2017,14830.7,7415.4,6624.5,1.1194
3-emerson place_2024,3-emerson place,2024,234.0,117.0,6624.5,0.0177
3-emmons avenue_2017,3-emmons avenue,2017,42000.7,21000.4,48348.0,0.4344
3-emmons avenue_2020,3-emmons avenue,2020,49226.8,12306.7,48348.0,0.2545
3-emmons avenue_2022,3-emmons avenue,2022,237794.0,118897.0,48348.0,2.4592
3-empire boulevard_2022,3-empire boulevard,2022,50082.0,25041.0,62318.1,0.4018
3-empire boulevard_2025,3-empire boulevard,2025,50468.0,25234.0,62318.1,0.4049
3-engert avenue_2018,3-engert avenue,2018,14960.0,7480.0,6812.0,1.0981
3-erik place_2018,3-erik place,2018,23072.0,11536.0,3492.3,3.3033
3-essex street_2017,3-essex street,2017,27311.1,13655.5,35695.5,0.3826
3-essex street_2020,3-essex street,2020,15360.0,7680.0,35695.5,0.2152
3-essex street_2022,3-essex street,2022,634.0,317.0,35695.5,0.0089
3-essex street_2023,3-essex street,2023,732.0,366.0,35695.5,0.0103
3-essex street_2024,3-essex street,2024,17616.0,8808.0,35695.5,0.2468
3-essex street_2025,3-essex street,2025,5414.0,2707.0,35695.5,0.0758
3-etna street_2019,3-etna street,2019,11378.6,5689.3,16042.6,0.3546
3-etna street_2023,3-etna street,2023,226.0,113.0,16042.6,0.007
3-etna street_2025,3-etna street,2025,288.0,144.0,16042.6,0.009
3-euclid avenue_2018,3-euclid avenue,2018,8460.0,4230.0,32095.3,0.1318
3-euclid avenue_2020,3-euclid avenue,2020,75946.7,37973.4,32095.3,1.1831
3-euclid avenue_2022,3-euclid avenue,2022,374.0,187.0,32095.3,0.0058
3-euclid avenue_2023,3-euclid avenue,2023,914.0,457.0,32095.3,0.0142
3-euclid avenue_2024,3-euclid avenue,2024,155276.0,77638.0,32095.3,2.419
3-euclid avenue_2025,3-euclid avenue,2025,652.0,326.0,32095.3,0.0102
3-evans street_2017,3-evans street,2017,3264.0,1632.0,601.7,2.7123
3-everett avenue_2022,3-everett avenue,2022,11260.0,5630.0,5768.5,0.976
3-evergreen avenue_2017,3-evergreen avenue,2017,36002.0,18001.0,32874.1,0.5476
3-evergreen avenue_2019,3-evergreen avenue,2019,37233.3,18616.7,32874.1,0.5663
3-evergreen avenue_2023,3-evergreen avenue,2023,226.0,113.0,32874.1,0.0034
3-evergreen avenue_2024,3-evergreen avenue,2024,26050.0,13025.0,32874.1,0.3962
3-everit street_2017,3-everit street,2017,1706.7,853.3,607.2,1.4053
3-exeter street_2025,3-exeter street,2025,28498.0,14249.0,8632.2,1.6507
3-fair street_2022,3-fair street,2022,302.0,151.0,434.5,0.3475
3-falmouth street_2025,3-falmouth street,2025,16188.0,8094.0,5224.5,1.5492
3-fane court_2022,3-fane court,2022,146.0,73.0,3637.0,0.0201
3-fane court south_2022,3-fane court south,2022,106.0,53.0,515.8,0.1028
3-farragut road_2016,3-farragut road,2016,22883.5,11441.8,72725.5,0.1573
3-farragut road_2018,3-farragut road,2018,33459.5,16729.8,72725.5,0.23
3-farragut road_2021,3-farragut road,2021,69444.5,31262.0,72725.5,0.4299
3-farragut road_2022,3-farragut road,2022,19906.0,9953.0,72725.5,0.1369
3-farragut road_2024,3-farragut road,2024,42112.0,21056.0,72725.5,0.2895
3-fayette street_2023,3-fayette street,2023,3534.0,1767.0,1723.0,1.0255
3-fenimore street_2021,3-fenimore street,2021,12901.2,5733.9,15266.3,0.3756
3-fenimore street_2022,3-fenimore street,2022,360.0,180.0,15266.3,0.0118
3-fillmore avenue_2020,3-fillmore avenue,2020,161570.0,80785.0,31032.1,2.6033
3-fillmore avenue_2022,3-fillmore avenue,2022,598.0,299.0,31032.1,0.0096
3-fiske place_2023,3-fiske place,2023,2734.0,1367.0,1429.4,0.9563
3-flatbush avenue_2016,3-flatbush avenue,2016,208194.7,94347.4,326931.8,0.2886
3-flatbush avenue_2018,3-flatbush avenue,2018,114236.4,57118.2,326931.8,0.1747
3-flatbush avenue_2019,3-flatbush avenue,2019,137130.7,68565.3,326931.8,0.2097
3-flatbush avenue_2020,3-flatbush avenue,2020,2605450.0,820322.3,326931.8,2.5092
3-flatbush avenue_2021,3-flatbush avenue,2021,1185815.7,61807.2,326931.8,0.1891
3-flatbush avenue_2022,3-flatbush avenue,2022,111414.0,55707.0,326931.8,0.1704
3-flatbush avenue_2023,3-flatbush avenue,2023,28978.0,11458.0,326931.8,0.035
3-flatbush avenue_2024,3-flatbush avenue,2024,37134.0,18567.0,326931.8,0.0568
3-flatbush avenue_2025,3-flatbush avenue,2025,59872.0,29936.0,326931.8,0.0916
3-flatbush avenue extension_2020,3-flatbush avenue extension,2020,1994967.7,283232.0,21840.5,12.9682
3-flatlands 10 street_2024,3-flatlands 10 street,2024,4966.0,2483.0,2581.1,0.962
3-flatlands 2 street_2024,3-flatlands 2 street,2024,5000.0,2500.0,2577.3,0.97
3-flatlands 3 street_2018,3-flatlands 3 street,2018,23640.0,7880.0,495.4,15.9063
3-flatlands 4 street_2024,3-flatlands 4 street,2024,15000.0,7500.0,1641.0,4.5704
3-flatlands 5 street_2024,3-flatlands 5 street,2024,4966.0,2483.0,2581.3,0.9619
3-flatlands 6 street_2024,3-flatlands 6 street,2024,4966.0,2483.0,2582.3,0.9615
3-flatlands 7 street_2024,3-flatlands 7 street,2024,6866.0,3433.0,3480.2,0.9864
3-flatlands 8 street_2024,3-flatlands 8 street,2024,6866.0,3433.0,3480.1,0.9865
3-flatlands 9 street_2022,3-flatlands 9 street,2022,6832.0,3416.0,3485.5,0.9801
3-flatlands avenue_2016,3-flatlands avenue,2016,17795.5,8897.8,161793.4,0.055
3-flatlands avenue_2021,3-flatlands avenue,2021,256591.1,111810.7,161793.4,0.6911
3-flatlands avenue_2022,3-flatlands avenue,2022,1440.0,720.0,161793.4,0.0045
3-flatlands avenue_2024,3-flatlands avenue,2024,293950.0,146975.0,161793.4,0.9084
3-flatlands avenue_2025,3-flatlands avenue,2025,38758.0,19379.0,161793.4,0.1198
3-fleet place_2022,3-fleet place,2022,5464.0,2732.0,1831.2,1.4919
3-fleet place_2023,3-fleet place,2023,100.0,50.0,1831.2,0.0273
3-fleet street_2022,3-fleet street,2022,3332.0,1666.0,1027.0,1.6222
3-florence avenue_2022,3-florence avenue,2022,9674.0,4837.0,5480.6,0.8826
3-flushing avenue_2017,3-flushing avenue,2017,176019.6,88009.8,84142.1,1.046
3-flushing avenue_2020,3-flushing avenue,2020,478237.6,239118.8,84142.1,2.8418
3-flushing avenue_2021,3-flushing avenue,2021,201357.8,100678.9,84142.1,1.1965
3-flushing avenue_2022,3-flushing avenue,2022,51012.0,25506.0,84142.1,0.3031
3-folsom place_2022,3-folsom place,2022,200.0,100.0,702.8,0.1423
3-forbell street_2024,3-forbell street,2024,16034.0,8017.0,23006.5,0.3485
3-forbell street_2025,3-forbell street,2025,14746.0,7373.0,23006.5,0.3205
3-force tube avenue_2022,3-force tube avenue,2022,554.0,277.0,5802.4,0.0477
3-force tube avenue_2023,3-force tube avenue,2023,972.0,486.0,5802.4,0.0838
3-force tube avenue_2025,3-force tube avenue,2025,7920.0,3960.0,5802.4,0.6825
3-ford street_2019,3-ford street,2019,84886.8,34884.0,12870.4,2.7104
3-ford street_2024,3-ford street,2024,2960.0,1480.0,12870.4,0.115
3-fort greene place_2022,3-fort greene place,2022,16016.0,8008.0,8029.6,0.9973
3-fort greene place_2023,3-fort greene place,2023,336.0,168.0,8029.6,0.0209
3-fort hamilton parkway_2016,3-fort hamilton parkway,2016,141208.8,70604.4,105994.1,0.6661
3-fort hamilton parkway_2019,3-fort hamilton parkway,2019,255200.1,127600.0,105994.1,1.2038
3-fort hamilton parkway_2022,3-fort hamilton parkway,2022,31606.0,15803.0,105994.1,0.1491
3-fort hamilton parkway_2023,3-fort hamilton parkway,2023,107465.0,30004.0,105994.1,0.2831
3-foster avenue_2016,3-foster avenue,2016,40783.1,20391.6,136476.7,0.1494
3-foster avenue_2018,3-foster avenue,2018,62127.5,31063.7,136476.7,0.2276
3-foster avenue_2020,3-foster avenue,2020,160456.0,51428.0,136476.7,0.3768
3-foster avenue_2022,3-foster avenue,2022,48982.0,24491.0,136476.7,0.1795
3-foster avenue_2024,3-foster avenue,2024,89010.0,44505.0,136476.7,0.3261
3-foster avenue_2025,3-foster avenue,2025,626.0,313.0,136476.7,0.0023
3-fountain avenue_2018,3-fountain avenue,2018,5860.0,2930.0,44537.2,0.0658
3-fountain avenue_2022,3-fountain avenue,2022,372728.0,166563.0,44537.2,3.7399
3-fountain avenue_2024,3-fountain avenue,2024,160.0,80.0,44537.2,0.0018
3-fountain avenue_2025,3-fountain avenue,2025,22740.0,11370.0,44537.2,0.2553
3-franklin avenue_2016,3-franklin avenue,2016,40014.2,20007.1,52380.5,0.382
3-franklin avenue_2017,3-franklin avenue,2017,55896.9,27285.4,52380.5,0.5209
3-franklin avenue_2018,3-franklin avenue,2018,68192.8,34096.4,52380.5,0.6509
3-franklin avenue_2024,3-franklin avenue,2024,336.0,168.0,52380.5,0.0032
3-franklin street_2018,3-franklin street,2018,21967.1,10983.6,19875.7,0.5526
3-franklin street_2019,3-franklin street,2019,15617.7,7808.8,19875.7,0.3929
3-freeman street_2019,3-freeman street,2019,16840.0,8420.0,9128.2,0.9224
3-freeman street_2024,3-freeman street,2024,278.0,139.0,9128.2,0.0152
3-freeman street_2025,3-freeman street,2025,272.0,136.0,9128.2,0.0149
3-friel place_2023,3-friel place,2023,3200.0,1600.0,1774.2,0.9018
3-frost street_2023,3-frost street,2023,86695.0,40669.0,14809.7,2.7461
3-fuller place_2019,3-fuller place,2019,336.0,168.0,1602.4,0.1048
3-fulton street_2016,3-fulton street,2016,1902672.0,317112.0,148713.6,2.1324
3-fulton street_2017,3-fulton street,2017,182493.4,91246.7,148713.6,0.6136
3-fulton street_2018,3-fulton street,2018,61515.2,30757.6,148713.6,0.2068
3-fulton street_2019,3-fulton street,2019,38922.7,19461.4,148713.6,0.1309
3-fulton street_2023,3-fulton street,2023,102582.0,51291.0,148713.6,0.3449
3-fulton street_2024,3-fulton street,2024,16110.0,8055.0,148713.6,0.0542
3-fulton street_2025,3-fulton street,2025,88968.0,44484.0,148713.6,0.2991
3-furman avenue_2022,3-furman avenue,2022,5514.0,2757.0,2918.9,0.9445
3-furman street_2016,3-furman street,2016,27186.2,13593.1,6737.3,2.0176
3-furman street_2017,3-furman street,2017,361931.6,180965.8,6737.3,26.8603
3-gallatin place_2019,3-gallatin place,2019,1882.7,941.3,1027.8,0.9158
3-garden place_2022,3-garden place,2022,168.0,84.0,1576.9,0.0533
3-gardner avenue_2017,3-gardner avenue,2017,32980.5,16490.2,21787.3,0.7569
3-gardner avenue_2019,3-gardner avenue,2019,15753.3,7876.6,21787.3,0.3615
3-gardner avenue_2022,3-gardner avenue,2022,684.0,342.0,21787.3,0.0157
3-gardner avenue_2024,3-gardner avenue,2024,8996.0,4498.0,21787.3,0.2065
3-garfield place_2021,3-garfield place,2021,31536.3,7167.4,13042.6,0.5495
3-garfield place_2024,3-garfield place,2024,4866.0,2433.0,13042.6,0.1865
3-garnet street_2023,3-garnet street,2023,6388.0,3194.0,1530.9,2.0864
3-gates avenue_2016,3-gates avenue,2016,62939.6,30948.4,53402.7,0.5795
3-gates avenue_2019,3-gates avenue,2019,78653.4,39326.7,53402.7,0.7364
3-gates avenue_2020,3-gates avenue,2020,5546.7,1848.9,53402.7,0.0346
3-gates avenue_2021,3-gates avenue,2021,628195.9,61807.2,53402.7,1.1574
3-gates avenue_2022,3-gates avenue,2022,3840.0,1920.0,53402.7,0.036
3-gates avenue_2023,3-gates avenue,2023,336.0,168.0,53402.7,0.0031
3-gates avenue_2024,3-gates avenue,2024,302.0,151.0,53402.7,0.0028
3-gates avenue_2025,3-gates avenue,2025,107446.0,53723.0,53402.7,1.006
3-gelston avenue_2021,3-gelston avenue,2021,22935.5,11467.8,5673.1,2.0214
3-georgia avenue_2016,3-georgia avenue,2016,60202.3,27641.2,32085.1,0.8615
3-georgia avenue_2022,3-georgia avenue,2022,29548.0,14774.0,32085.1,0.4605
3-georgia avenue_2023,3-georgia avenue,2023,240.0,120.0,32085.1,0.0037
3-georgia avenue_2024,3-georgia avenue,2024,512.0,256.0,32085.1,0.008
3-georgia avenue_2025,3-georgia avenue,2025,37512.0,18756.0,32085.1,0.5846
3-gerald court_2022,3-gerald court,2022,4809.0,1603.0,1732.0,0.9255
3-gerritsen avenue_2017,3-gerritsen avenue,2017,109516.9,54758.4,72487.9,0.7554
3-gerritsen avenue_2019,3-gerritsen avenue,2019,281964.9,137282.0,72487.9,1.8939
3-gerritsen avenue_2021,3-gerritsen avenue,2021,141913.5,34403.3,72487.9,0.4746
3-gerry street_2022,3-gerry street,2022,16486.0,8243.0,6163.5,1.3374
3-girard street_2025,3-girard street,2025,15302.0,7651.0,4855.1,1.5759
3-glen street_2018,3-glen street,2018,5562.7,2781.3,3253.5,0.8549
3-glen street_2025,3-glen street,2025,5546.0,2773.0,3253.5,0.8523
3-glendale court_2023,3-glendale court,2023,3556.0,1778.0,2002.8,0.8878
3-glenmore avenue_2017,3-glenmore avenue,2017,12086.6,6043.3,44546.9,0.1357
3-glenmore avenue_2023,3-glenmore avenue,2023,41302.0,20651.0,44546.9,0.4636
3-glenmore avenue_2024,3-glenmore avenue,2024,23434.0,11717.0,44546.9,0.263
3-glenwood road_2016,3-glenwood road,2016,42506.3,20480.7,99535.5,0.2058
3-glenwood road_2021,3-glenwood road,2021,130781.8,36004.8,99535.5,0.3617
3-glenwood road_2022,3-glenwood road,2022,18714.0,9357.0,99535.5,0.094
3-glenwood road_2024,3-glenwood road,2024,6650.0,3325.0,99535.5,0.0334
3-gold street_2018,3-gold street,2018,93355.0,46677.5,17682.6,2.6397
3-gold street_2019,3-gold street,2019,3233.3,1616.7,17682.6,0.0914
3-gold street_2024,3-gold street,2024,67458.0,33729.0,17682.6,1.9075
3-gotham avenue_2022,3-gotham avenue,2022,8452.0,4226.0,3891.0,1.0861
3-gowanus expressway_2022,3-gowanus expressway,2022,6292.0,3146.0,,
3-grafton street_2022,3-grafton street,2022,280.0,140.0,9344.2,0.015
3-grafton street_2024,3-grafton street,2024,17936.0,8968.0,9344.2,0.9597
3-graham avenue_2020,3-graham avenue,2020,23477.3,11156.4,36000.7,0.3099
3-graham avenue_2025,3-graham avenue,2025,364.0,182.0,36000.7,0.0051
3-grand avenue_2016,3-grand avenue,2016,12066.2,6033.1,23666.4,0.2549
3-grand avenue_2021,3-grand avenue,2021,467311.2,22935.5,23666.4,0.9691
3-grand avenue_2022,3-grand avenue,2022,250.0,125.0,23666.4,0.0053
3-grand avenue_2023,3-grand avenue,2023,248.0,124.0,23666.4,0.0052
3-grand avenue_2024,3-grand avenue,2024,468.0,234.0,23666.4,0.0099
3-grand street_2018,3-grand street,2018,16586.7,8293.3,62107.9,0.1335
3-grand street_2020,3-grand street,2020,19582.2,9791.1,62107.9,0.1576
3-grand street_2021,3-grand street,2021,14334.7,7167.4,62107.9,0.1154
3-grand street_2022,3-grand street,2022,62020.0,31010.0,62107.9,0.4993
3-grand street_2023,3-grand street,2023,186.0,93.0,62107.9,0.0015
3-grand street_2024,3-grand street,2024,214.0,107.0,62107.9,0.0017
3-grand street_2025,3-grand street,2025,15176.0,7588.0,62107.9,0.1222
3-grand street extension_2017,3-grand street extension,2017,211688.9,105844.5,,
3-granite street_2024,3-granite street,2024,7500.0,3750.0,3649.0,1.0277
3-grant avenue_2023,3-grant avenue,2023,44716.0,22358.0,20185.6,1.1076
3-grant avenue_2024,3-grant avenue,2024,334.0,167.0,20185.6,0.0083
3-grant avenue_2025,3-grant avenue,2025,5198.0,2599.0,20185.6,0.1288
3-gravesend neck road_2016,3-gravesend neck road,2016,26682.9,13341.4,32639.8,0.4087
3-gravesend neck road_2017,3-gravesend neck road,2017,20946.7,10473.4,32639.8,0.3209
3-gravesend neck road_2019,3-gravesend neck road,2019,19495.6,9747.8,32639.8,0.2986
3-gravesend neck road_2023,3-gravesend neck road,2023,14586.0,6367.0,32639.8,0.1951
3-gravesend neck road_2024,3-gravesend neck road,2024,592.0,296.0,32639.8,0.0091
3-green street_2021,3-green street,2021,22006.0,8768.8,9787.0,0.896
3-green street_2024,3-green street,2024,220.0,110.0,9787.0,0.0112
3-green street_2025,3-green street,2025,272.0,136.0,9787.0,0.0139
3-greene avenue_2016,3-greene avenue,2016,77570.0,35192.7,64237.3,0.5479
3-greene avenue_2017,3-greene avenue,2017,52579.1,26289.6,64237.3,0.4093
3-greene avenue_2021,3-greene avenue,2021,840.0,336.0,64237.3,0.0052
3-greene avenue_2022,3-greene avenue,2022,27952.0,13976.0,64237.3,0.2176
3-greene avenue_2024,3-greene avenue,2024,154426.0,77213.0,64237.3,1.202
3-greene avenue_2025,3-greene avenue,2025,564.0,282.0,64237.3,0.0044
3-greenpoint avenue_2019,3-greenpoint avenue,2019,49776.1,24888.0,28586.1,0.8706
3-greenpoint avenue_2020,3-greenpoint avenue,2020,87052.4,28979.7,28586.1,1.0138
3-greenwood avenue_2016,3-greenwood avenue,2016,11234.7,5617.3,10702.1,0.5249
3-grove street_2025,3-grove street,2025,248.0,124.0,13889.0,0.0089
3-guernsey street_2020,3-guernsey street,2020,11224.9,4765.8,5184.6,0.9192
3-guernsey street_2022,3-guernsey street,2022,234.0,117.0,5184.6,0.0226
3-guider avenue_2019,3-guider avenue,2019,34133.4,17066.7,6644.6,2.5685
3-guider avenue_2022,3-guider avenue,2022,478.0,239.0,6644.6,0.036
3-gunther place_2025,3-gunther place,2025,5332.0,2666.0,1342.1,1.9864
3-hale avenue_2023,3-hale avenue,2023,22267.0,9967.0,7848.8,1.2699
3-hall street_2018,3-hall street,2018,30879.1,10182.0,9738.6,1.0455
3-hall street_2024,3-hall street,2024,234.0,117.0,9738.6,0.012
3-hall street_2025,3-hall street,2025,2860.0,1430.0,9738.6,0.1468
3-halsey street_2016,3-halsey street,2016,14280.0,4760.0,53740.1,0.0886
3-halsey street_2017,3-halsey street,2017,17420.0,8710.0,53740.1,0.1621
3-halsey street_2021,3-halsey street,2021,26474.5,11803.8,53740.1,0.2196
3-halsey street_2023,3-halsey street,2023,318.0,159.0,53740.1,0.003
3-halsey street_2024,3-halsey street,2024,49094.0,24547.0,53740.1,0.4568
3-halsey street_2025,3-halsey street,2025,838.0,419.0,53740.1,0.0078
3-hamilton avenue_2018,3-hamilton avenue,2018,38314.2,19157.1,57609.3,0.3325
3-hampton avenue_2016,3-hampton avenue,2016,12156.9,6078.5,9334.0,0.6512
3-hampton avenue_2025,3-hampton avenue,2025,18452.0,9226.0,9334.0,0.9884
3-hampton place_2019,3-hampton place,2019,3274.7,1637.3,1665.0,0.9834
3-hampton place_2024,3-hampton place,2024,152.0,76.0,1665.0,0.0456
3-hancock street_2017,3-hancock street,2017,30131.6,15065.8,51955.1,0.29
3-hancock street_2018,3-hancock street,2018,16085.8,8042.9,51955.1,0.1548
3-hancock street_2021,3-hancock street,2021,672.0,336.0,51955.1,0.0065
3-hancock street_2023,3-hancock street,2023,318.0,159.0,51955.1,0.0031
3-hancock street_2024,3-hancock street,2024,40026.0,20013.0,51955.1,0.3852
3-hancock street_2025,3-hancock street,2025,31624.0,15812.0,51955.1,0.3043
3-hanover place_2018,3-hanover place,2018,4972.0,2486.0,903.6,2.7512
3-hanson place_2021,3-hanson place,2021,22935.5,11467.8,5953.4,1.9263
3-harbor view terrace_2020,3-harbor view terrace,2020,20226.7,8600.0,2241.4,3.8369
3-haring street_2020,3-haring street,2020,55986.2,27993.1,19856.2,1.4098
3-haring street_2022,3-haring street,2022,43154.0,21577.0,19856.2,1.0867
3-haring street_2025,3-haring street,2025,11108.0,5554.0,19856.2,0.2797
3-harkness avenue_2019,3-harkness avenue,2019,11243.3,5621.7,3234.6,1.738
3-harkness avenue_2025,3-harkness avenue,2025,1120.0,560.0,3234.6,0.1731
3-harman street_2021,3-harman street,2021,1008.0,168.0,15973.8,0.0105
3-harman street_2025,3-harman street,2025,256.0,128.0,15973.8,0.008
3-harrison avenue_2016,3-harrison avenue,2016,17697.8,8848.9,14386.2,0.6151
3-harrison place_2018,3-harrison place,2018,21026.7,5450.0,8223.8,0.6627
3-hart street_2021,3-hart street,2021,45871.0,17201.6,43244.3,0.3978
3-hart street_2022,3-hart street,2022,242.0,121.0,43244.3,0.0028
3-hart street_2023,3-hart street,2023,226.0,113.0,43244.3,0.0026
3-hart street_2025,3-hart street,2025,220.0,110.0,43244.3,0.0025
3-harway avenue_2021,3-harway avenue,2021,31536.3,14334.7,19053.0,0.7524
3-hastings street_2025,3-hastings street,2025,14366.0,7183.0,4493.5,1.5985
3-hausman street_2019,3-hausman street,2019,9726.7,4863.3,5150.0,0.9443
3-hausman street_2023,3-hausman street,2023,266.0,133.0,5150.0,0.0258
3-havemeyer street_2023,3-havemeyer street,2023,28378.0,14189.0,12757.7,1.1122
3-havens place_2018,3-havens place,2018,7260.0,3630.0,1288.6,2.817
3-hawthorne street_2016,3-hawthorne street,2016,21823.1,9190.7,14554.4,0.6315
3-hawthorne street_2020,3-hawthorne street,2020,34195.1,17097.5,14554.4,1.1747
3-hegeman avenue_2016,3-hegeman avenue,2016,18500.0,8715.6,41148.3,0.2118
3-hegeman avenue_2017,3-hegeman avenue,2017,99588.8,47682.4,41148.3,1.1588
3-hegeman avenue_2021,3-hegeman avenue,2021,9608.8,4804.4,41148.3,0.1168
3-hegeman avenue_2022,3-hegeman avenue,2022,460.0,230.0,41148.3,0.0056
3-hegeman avenue_2023,3-hegeman avenue,2023,23420.0,11710.0,41148.3,0.2846
3-hegeman avenue_2024,3-hegeman avenue,2024,880.0,440.0,41148.3,0.0107
3-hegeman avenue_2025,3-hegeman avenue,2025,56268.0,28134.0,41148.3,0.6837
3-hemlock street_2022,3-hemlock street,2022,404.0,202.0,24237.6,0.0083
3-hemlock street_2024,3-hemlock street,2024,25938.0,12969.0,24237.6,0.5351
3-hemlock street_2025,3-hemlock street,2025,282.0,141.0,24237.6,0.0058
3-hendrickson place_2019,3-hendrickson place,2019,4457.8,2228.9,1002.1,2.2242
3-hendrickson street_2019,3-hendrickson street,2019,32100.9,8752.4,24190.9,0.3618
3-hendrix street_2019,3-hendrix street,2019,23435.2,11130.1,26458.8,0.4207
3-hendrix street_2022,3-hendrix street,2022,306.0,153.0,26458.8,0.0058
3-hendrix street_2023,3-hendrix street,2023,15864.0,7932.0,26458.8,0.2998
3-hendrix street_2024,3-hendrix street,2024,186.0,93.0,26458.8,0.0035
3-hendrix street_2025,3-hendrix street,2025,5110.0,2555.0,26458.8,0.0966
3-henry street_2023,3-henry street,2023,8947.0,4090.0,33371.2,0.1226
3-henry street_2024,3-henry street,2024,5846.0,2923.0,33371.2,0.0876
3-herbert street_2024,3-herbert street,2024,8568.0,4284.0,4572.0,0.937
3-herkimer place_2016,3-herkimer place,2016,3493.3,1746.7,1746.8,0.9999
3-herkimer place_2024,3-herkimer place,2024,214.0,107.0,1746.8,0.0613
3-herkimer street_2016,3-herkimer street,2016,61086.6,29183.3,48994.4,0.5956
3-herkimer street_2018,3-herkimer street,2018,25571.3,12785.6,48994.4,0.261
3-herkimer street_2022,3-herkimer street,2022,16246.0,8123.0,48994.4,0.1658
3-herkimer street_2024,3-herkimer street,2024,824.0,412.0,48994.4,0.0084
3-herkimer street_2025,3-herkimer street,2025,11966.0,5983.0,48994.4,0.1221
3-herzl street_2020,3-herzl street,2020,29805.1,14010.9,15076.1,0.9293
3-herzl street_2022,3-herzl street,2022,272.0,136.0,15076.1,0.009
3-herzl street_2024,3-herzl street,2024,294.0,147.0,15076.1,0.0098
3-herzl street_2025,3-herzl street,2025,318.0,159.0,15076.1,0.0105
3-hewes street_2019,3-hewes street,2019,14929.8,7464.9,14249.2,0.5239
3-hewes street_2021,3-hewes street,2021,17201.6,8600.8,14249.2,0.6036
3-hewes street_2022,3-hewes street,2022,472.0,236.0,14249.2,0.0166
3-hewes street_2023,3-hewes street,2023,3414.0,1707.0,14249.2,0.1198
3-heyward street_2016,3-heyward street,2016,4276.4,2138.2,13168.9,0.1624
3-heyward street_2022,3-heyward street,2022,272.0,136.0,13168.9,0.0103
3-heyward street_2025,3-heyward street,2025,24556.0,12278.0,13168.9,0.9323
3-hicks street_2016,3-hicks street,2016,14823.3,6056.7,44405.5,0.1364
3-hicks street_2018,3-hicks street,2018,124568.0,62284.0,44405.5,1.4026
3-hicks street_2020,3-hicks street,2020,42840.0,21420.0,44405.5,0.4824
3-hicks street_2023,3-hicks street,2023,146.0,73.0,44405.5,0.0016
3-highland boulevard_2019,3-highland boulevard,2019,615653.1,307826.6,32911.7,9.3531
3-highland boulevard_2025,3-highland boulevard,2025,762.0,381.0,32911.7,0.0116
3-highland place_2021,3-highland place,2021,22935.5,11467.8,7761.1,1.4776
3-highlawn avenue_2017,3-highlawn avenue,2017,20010.7,10005.3,12990.3,0.7702
3-highlawn avenue_2022,3-highlawn avenue,2022,10188.0,5094.0,12990.3,0.3921
3-hill street_2018,3-hill street,2018,3008.0,1504.0,2880.7,0.5221
3-hillel place_2018,3-hillel place,2018,6144.0,3072.0,1149.6,2.6722
3-himrod street_2019,3-himrod street,2019,55450.0,26946.7,15876.1,1.6973
3-himrod street_2025,3-himrod street,2025,248.0,124.0,15876.1,0.0078
3-hinsdale street_2020,3-hinsdale street,2020,14180.0,7090.0,24610.9,0.2881
3-hinsdale street_2023,3-hinsdale street,2023,256.0,128.0,24610.9,0.0052
3-hinsdale street_2024,3-hinsdale street,2024,272.0,136.0,24610.9,0.0055
3-hinsdale street_2025,3-hinsdale street,2025,41780.0,20890.0,24610.9,0.8488
3-holly street_2025,3-holly street,2025,384.0,192.0,916.7,0.2094
3-homecrest avenue_2018,3-homecrest avenue,2018,1008.0,504.0,17414.0,0.0289
3-homecrest avenue_2019,3-homecrest avenue,2019,41988.6,20508.9,17414.0,1.1777
3-homecrest avenue_2021,3-homecrest avenue,2021,54975.9,23103.5,17414.0,1.3267
3-hooper street_2016,3-hooper street,2016,8313.3,4156.7,16995.4,0.2446
3-hooper street_2018,3-hooper street,2018,15900.5,7950.2,16995.4,0.4678
3-hooper street_2022,3-hooper street,2022,486.0,243.0,16995.4,0.0143
3-hooper street_2023,3-hooper street,2023,9192.0,4596.0,16995.4,0.2704
3-hopkins street_2019,3-hopkins street,2019,17068.0,8534.0,5321.8,1.6036
3-hopkins street_2022,3-hopkins street,2022,242.0,121.0,5321.8,0.0227
3-horace court_2020,3-horace court,2020,1366.7,683.3,750.6,0.9103
3-howard avenue_2019,3-howard avenue,2019,12328.9,6164.4,38660.3,0.1595
3-howard avenue_2023,3-howard avenue,2023,1300.0,650.0,38660.3,0.0168
3-howard avenue_2025,3-howard avenue,2025,30458.0,15229.0,38660.3,0.3939
3-hoyt street_2017,3-hoyt street,2017,19210.7,9605.4,14431.9,0.6656
3-hoyt street_2018,3-hoyt street,2018,19133.4,9566.7,14431.9,0.6629
3-hoyt street_2022,3-hoyt street,2022,34984.0,17492.0,14431.9,1.212
3-hoyt street_2024,3-hoyt street,2024,2400.0,1200.0,14431.9,0.0831
3-hubbard street_2022,3-hubbard street,2022,10454.0,5227.0,7943.0,0.6581
3-hubbard street_2023,3-hubbard street,2023,5014.0,2507.0,7943.0,0.3156
3-hull street_2022,3-hull street,2022,27102.0,13551.0,12036.0,1.1259
3-hull street_2025,3-hull street,2025,764.0,382.0,12036.0,0.0317
3-humboldt street_2016,3-humboldt street,2016,38600.0,14373.3,37932.3,0.3789
3-humboldt street_2021,3-humboldt street,2021,133312.7,60205.7,37932.3,1.5872
3-humboldt street_2022,3-humboldt street,2022,13172.0,6586.0,37932.3,0.1736
3-humboldt street_2024,3-humboldt street,2024,34280.0,17140.0,37932.3,0.4519
3-humboldt street_2025,3-humboldt street,2025,308.0,154.0,37932.3,0.0041
3-huron street_2017,3-huron street,2017,8373.3,4186.7,11363.7,0.3684
3-huron street_2021,3-huron street,2021,336.0,168.0,11363.7,0.0148
3-huron street_2024,3-huron street,2024,220.0,110.0,11363.7,0.0097
3-huron street_2025,3-huron street,2025,272.0,136.0,11363.7,0.012
3-imlay street_2018,3-imlay street,2018,16873.3,8436.7,6806.4,1.2395
3-independence avenue_2016,3-independence avenue,2016,14771.1,7385.6,3513.9,2.1018
3-india street_2017,3-india street,2017,8453.3,4226.7,11062.1,0.3821
3-india street_2019,3-india street,2019,17140.0,8570.0,11062.1,0.7747
3-india street_2024,3-india street,2024,220.0,110.0,11062.1,0.0099
3-india street_2025,3-india street,2025,272.0,136.0,11062.1,0.0123
3-indiana place_2017,3-indiana place,2017,15148.9,7574.4,3039.5,2.492
3-indiana place_2022,3-indiana place,2022,356.0,178.0,3039.5,0.0586
3-ingraham street_2018,3-ingraham street,2018,17015.6,8507.8,9541.6,0.8917
3-irving avenue_2017,3-irving avenue,2017,16093.4,8046.7,31072.7,0.259
3-irving avenue_2019,3-irving avenue,2019,23254.2,11627.1,31072.7,0.3742
3-irving avenue_2020,3-irving avenue,2020,6535.6,2837.1,31072.7,0.0913
3-irving place_2022,3-irving place,2022,7268.0,3634.0,3875.4,0.9377
3-irving place_2023,3-irving place,2023,226.0,113.0,3875.4,0.0292
3-irvington place_2017,3-irvington place,2017,4586.7,2293.3,1224.7,1.8725
3-irwin street_2025,3-irwin street,2025,13724.0,6862.0,4114.1,1.6679
3-jackie robinson parkway_2025,3-jackie robinson parkway,2025,16522.0,8261.0,10795.2,0.7652
3-jackson street_2022,3-jackson street,2022,586.0,293.0,12815.6,0.0229
3-jackson street_2024,3-jackson street,2024,46926.0,23463.0,12815.6,1.8308
3-jackson street_2025,3-jackson street,2025,2236.0,1118.0,12815.6,0.0872
3-jaffray street_2025,3-jaffray street,2025,15112.0,7556.0,4244.7,1.7801
3-jamaica avenue_2023,3-jamaica avenue,2023,41574.0,20787.0,45874.3,0.4531
3-jardine place_2018,3-jardine place,2018,7300.0,3650.0,1299.8,2.8081
3-java street_2017,3-java street,2017,8373.3,4186.7,11095.6,0.3773
3-java street_2018,3-java street,2018,17666.7,8833.3,11095.6,0.7961
3-java street_2024,3-java street,2024,220.0,110.0,11095.6,0.0099
3-java street_2025,3-java street,2025,212.0,106.0,11095.6,0.0096
3-jefferson avenue_2016,3-jefferson avenue,2016,44777.4,19114.3,55586.2,0.3439
3-jefferson avenue_2017,3-jefferson avenue,2017,47887.1,23943.6,55586.2,0.4307
3-jefferson avenue_2022,3-jefferson avenue,2022,25832.0,12916.0,55586.2,0.2324
3-jefferson avenue_2023,3-jefferson avenue,2023,318.0,159.0,55586.2,0.0029
3-jefferson avenue_2024,3-jefferson avenue,2024,302.0,151.0,55586.2,0.0027
3-jefferson avenue_2025,3-jefferson avenue,2025,9872.0,4936.0,55586.2,0.0888
3-jefferson street_2020,3-jefferson street,2020,43746.7,18376.0,19054.4,0.9644
3-jefferson street_2025,3-jefferson street,2025,538.0,269.0,19054.4,0.0141
3-jerome avenue_2021,3-jerome avenue,2021,14334.7,7167.4,7504.9,0.955
3-jerome street_2017,3-jerome street,2017,36820.0,18410.0,28326.4,0.6499
3-jerome street_2022,3-jerome street,2022,306.0,153.0,28326.4,0.0054
3-jerome street_2023,3-jerome street,2023,47570.0,23785.0,28326.4,0.8397
3-jerome street_2025,3-jerome street,2025,22802.0,11401.0,28326.4,0.4025
3-jewel street_2025,3-jewel street,2025,10560.0,5280.0,5597.0,0.9434
3-jodie court_2021,3-jodie court,2021,5733.9,2866.9,1005.0,2.8526
3-johnson avenue_2023,3-johnson avenue,2023,40788.0,18460.0,25206.8,0.7323
3-johnson avenue_2024,3-johnson avenue,2024,334.0,167.0,25206.8,0.0066
3-joralemon street_2022,3-joralemon street,2022,5720.0,2860.0,11187.1,0.2557
3-judge street_2023,3-judge street,2023,220.0,110.0,1408.2,0.0781
3-jughandle_2025,3-jughandle,2025,1720.0,860.0,997.5,0.8622
3-junius street_2022,3-junius street,2022,20777.0,9485.0,22373.0,0.4239
3-junius street_2024,3-junius street,2024,13254.0,6627.0,22373.0,0.2962
3-junius street_2025,3-junius street,2025,256.0,128.0,22373.0,0.0057
3-kane street_2022,3-kane street,2022,12402.0,6201.0,7064.2,0.8778
3-kathleen place_2022,3-kathleen place,2022,2986.0,1493.0,1664.4,0.897
3-keap street_2022,3-keap street,2022,11540.0,5770.0,20051.1,0.2878
3-keap street_2023,3-keap street,2023,11450.0,5725.0,20051.1,0.2855
3-kenilworth place_2017,3-kenilworth place,2017,10766.7,5383.3,5692.0,0.9458
3-kenmore terrace_2016,3-kenmore terrace,2016,992.0,496.0,576.5,0.8604
3-kensington street_2025,3-kensington street,2025,20052.0,6684.0,3508.8,1.9049
3-kent avenue_2022,3-kent avenue,2022,44078.0,22039.0,68660.9,0.321
3-kent avenue_2024,3-kent avenue,2024,374.0,187.0,68660.9,0.0027
3-kent street_2020,3-kent street,2020,32080.0,16040.0,11088.5,1.4465
3-kent street_2021,3-kent street,2021,336.0,168.0,11088.5,0.0152
3-kent street_2024,3-kent street,2024,220.0,110.0,11088.5,0.0099
3-kent street_2025,3-kent street,2025,272.0,136.0,11088.5,0.0123
3-kermit place_2018,3-kermit place,2018,1685.3,842.7,2088.1,0.4036
3-kiely place_2024,3-kiely place,2024,1422.0,711.0,762.3,0.9327
3-kimball street_2020,3-kimball street,2020,105054.8,31892.4,17880.5,1.7836
3-king street_2021,3-king street,2021,8600.8,4300.4,5236.4,0.8213
3-kings highway_2016,3-kings highway,2016,1324311.7,662155.8,203821.3,3.2487
3-kings highway_2018,3-kings highway,2018,33120.0,4140.0,203821.3,0.0203
3-kings highway_2021,3-kings highway,2021,1008.0,504.0,203821.3,0.0025
3-kings highway_2022,3-kings highway,2022,66250.0,33125.0,203821.3,0.1625
3-kings highway_2023,3-kings highway,2023,430680.0,150431.0,203821.3,0.7381
3-kings highway_2024,3-kings highway,2024,805568.0,402784.0,203821.3,1.9762
3-kingsland avenue_2016,3-kingsland avenue,2016,55714.6,27857.3,26523.5,1.0503
3-kingsland avenue_2021,3-kingsland avenue,2021,2866.9,1433.5,26523.5,0.054
3-kingsland avenue_2023,3-kingsland avenue,2023,284.0,142.0,26523.5,0.0054
3-kingston avenue_2022,3-kingston avenue,2022,59978.0,29989.0,30608.3,0.9798
3-knapp street_2016,3-knapp street,2016,77893.3,38946.7,37318.0,1.0436
3-knapp street_2021,3-knapp street,2021,87441.7,24369.0,37318.0,0.653
3-knickerbocker avenue_2017,3-knickerbocker avenue,2017,75058.7,37529.3,38920.3,0.9643
3-knickerbocker avenue_2019,3-knickerbocker avenue,2019,40235.1,20117.5,38920.3,0.5169
3-kosciuszko street_2022,3-kosciuszko street,2022,34948.0,17474.0,26210.3,0.6667
3-kosciuszko street_2025,3-kosciuszko street,2025,326.0,163.0,26210.3,0.0062
3-kossuth place_2016,3-kossuth place,2016,7853.3,3926.7,2367.4,1.6587
3-lafayette avenue_2016,3-lafayette avenue,2016,5700.0,1900.0,60737.4,0.0313
3-lafayette avenue_2020,3-lafayette avenue,2020,5446.2,2723.1,60737.4,0.0448
3-lafayette avenue_2021,3-lafayette avenue,2021,41570.6,12901.2,60737.4,0.2124
3-lafayette avenue_2022,3-lafayette avenue,2022,242.0,121.0,60737.4,0.002
3-lafayette avenue_2023,3-lafayette avenue,2023,56245.0,18477.0,60737.4,0.3042
3-lafayette avenue_2024,3-lafayette avenue,2024,302.0,151.0,60737.4,0.0025
3-lafayette avenue_2025,3-lafayette avenue,2025,326.0,163.0,60737.4,0.0027
3-lake street_2021,3-lake street,2021,22935.5,10034.3,12906.9,0.7774
3-lake street_2023,3-lake street,2023,17768.0,5967.0,12906.9,0.4623
3-lancaster avenue_2018,3-lancaster avenue,2018,4946.7,2473.3,6312.5,0.3918
3-langham street_2025,3-langham street,2025,12944.0,6472.0,3381.0,1.9142
3-lawrence street_2018,3-lawrence street,2018,9443.5,4721.8,3390.0,1.3929
3-lawton street_2016,3-lawton street,2016,13400.0,4466.7,1589.6,2.81
3-lee avenue_2022,3-lee avenue,2022,9598.0,4799.0,14131.9,0.3396
3-lee avenue_2023,3-lee avenue,2023,242.0,121.0,14131.9,0.0086
3-lefferts avenue_2019,3-lefferts avenue,2019,19018.4,7544.0,38887.0,0.194
3-lefferts avenue_2023,3-lefferts avenue,2023,61546.0,25127.0,38887.0,0.6462
3-lefferts place_2018,3-lefferts place,2018,10164.0,5082.0,8550.0,0.5944
3-legion street_2022,3-legion street,2022,272.0,136.0,12928.8,0.0105
3-legion street_2025,3-legion street,2025,296.0,148.0,12928.8,0.0114
3-leif ericson drive_2017,3-leif ericson drive,2017,3960.0,1980.0,,
3-lenox road_2021,3-lenox road,2021,61639.2,28669.4,46784.0,0.6128
3-lenox road_2022,3-lenox road,2022,55996.0,27998.0,46784.0,0.5985
3-leonard street_2018,3-leonard street,2018,15686.7,7843.3,46682.4,0.168
3-leonard street_2022,3-leonard street,2022,264.0,132.0,46682.4,0.0028
3-leonard street_2024,3-leonard street,2024,46130.0,23065.0,46682.4,0.4941
3-leonard street_2025,3-leonard street,2025,14646.0,7323.0,46682.4,0.1569
3-lewis avenue_2017,3-lewis avenue,2017,26149.8,13074.9,24064.6,0.5433
3-lewis avenue_2021,3-lewis avenue,2021,30102.9,14334.7,24064.6,0.5957
3-lexington avenue_2021,3-lexington avenue,2021,173785.9,51772.9,29202.4,1.7729
3-lexington avenue_2023,3-lexington avenue,2023,336.0,168.0,29202.4,0.0058
3-lexington avenue_2024,3-lexington avenue,2024,302.0,151.0,29202.4,0.0052
3-liberty avenue_2016,3-liberty avenue,2016,3200.0,1600.0,50802.2,0.0315
3-liberty avenue_2018,3-liberty avenue,2018,22007.2,10021.7,50802.2,0.1973
3-liberty avenue_2019,3-liberty avenue,2019,56968.0,28484.0,50802.2,0.5607
3-liberty avenue_2025,3-liberty avenue,2025,40506.0,20253.0,50802.2,0.3987
3-lincoln avenue_2017,3-lincoln avenue,2017,35327.1,14832.9,25016.4,0.5929
3-lincoln avenue_2022,3-lincoln avenue,2022,404.0,202.0,25016.4,0.0081
3-lincoln avenue_2024,3-lincoln avenue,2024,22142.0,11071.0,25016.4,0.4425
3-lincoln avenue_2025,3-lincoln avenue,2025,34238.0,17119.0,25016.4,0.6843
3-lincoln place_2016,3-lincoln place,2016,19766.7,9883.3,46291.1,0.2135
3-lincoln place_2019,3-lincoln place,2019,14149.3,7074.7,46291.1,0.1528
3-lincoln place_2022,3-lincoln place,2022,16618.0,8309.0,46291.1,0.1795
3-lincoln place_2023,3-lincoln place,2023,122755.0,24518.0,46291.1,0.5296
3-lincoln place_2024,3-lincoln place,2024,24286.0,12143.0,46291.1,0.2623
3-lincoln road_2024,3-lincoln road,2024,33912.0,16956.0,16578.5,1.0228
3-linden boulevard_2019,3-linden boulevard,2019,54222.2,27111.1,193224.1,0.1403
3-linden boulevard_2023,3-linden boulevard,2023,4692.0,2346.0,193224.1,0.0121
3-linden boulevard_2025,3-linden boulevard,2025,438420.0,219210.0,193224.1,1.1345
3-linden street_2025,3-linden street,2025,318.0,159.0,15197.7,0.0105
3-linwood street_2022,3-linwood street,2022,24944.0,12472.0,33826.8,0.3687
3-linwood street_2023,3-linwood street,2023,32386.0,16193.0,33826.8,0.4787
3-little nassau street_2017,3-little nassau street,2017,2325.3,1162.7,1223.9,0.95
3-little nassau street_2024,3-little nassau street,2024,166.0,83.0,1223.9,0.0678
3-little street_2017,3-little street,2017,1533.3,766.7,1520.5,0.5042
3-livingston street_2018,3-livingston street,2018,47700.0,23850.0,21227.4,1.1235
3-livingston street_2019,3-livingston street,2019,43939.5,21969.8,21227.4,1.035
3-livingston street_2022,3-livingston street,2022,106.0,53.0,21227.4,0.0025
3-livonia avenue_2019,3-livonia avenue,2019,240195.2,120097.6,34428.2,3.4883
3-livonia avenue_2022,3-livonia avenue,2022,18192.0,8632.0,34428.2,0.2507
3-livonia avenue_2024,3-livonia avenue,2024,640.0,320.0,34428.2,0.0093
3-livonia avenue_2025,3-livonia avenue,2025,11544.0,5772.0,34428.2,0.1677
3-lloyd court_2022,3-lloyd court,2022,206.0,103.0,1351.0,0.0762
3-logan street_2022,3-logan street,2022,86378.0,43189.0,28486.2,1.5161
3-logan street_2023,3-logan street,2023,472.0,236.0,28486.2,0.0083
3-logan street_2025,3-logan street,2025,272.0,136.0,28486.2,0.0048
3-lombardy street_2019,3-lombardy street,2019,7460.0,3730.0,10677.8,0.3493
3-lombardy street_2022,3-lombardy street,2022,226.0,113.0,10677.8,0.0106
3-lombardy street_2025,3-lombardy street,2025,474.0,237.0,10677.8,0.0222
3-long island railroad_2021,3-long island railroad,2021,1680.0,336.0,,
3-lorimer street_2016,3-lorimer street,2016,14433.3,7216.7,56874.5,0.1269
3-lorimer street_2017,3-lorimer street,2017,26737.7,8462.2,56874.5,0.1488
3-lorimer street_2022,3-lorimer street,2022,310.0,155.0,56874.5,0.0027
3-lorimer street_2024,3-lorimer street,2024,48874.0,24437.0,56874.5,0.4297
3-lorimer street_2025,3-lorimer street,2025,41148.0,20574.0,56874.5,0.3617
3-loring avenue_2025,3-loring avenue,2025,113326.0,56663.0,14974.8,3.7839
3-lorraine street_2018,3-lorraine street,2018,27555.5,13777.8,8626.1,1.5972
3-lorraine street_2022,3-lorraine street,2022,43008.0,21504.0,8626.1,2.4929
3-lott avenue_2019,3-lott avenue,2019,33634.2,16817.1,14597.5,1.1521
3-lott avenue_2022,3-lott avenue,2022,420.0,210.0,14597.5,0.0144
3-lott avenue_2024,3-lott avenue,2024,392.0,196.0,14597.5,0.0134
3-lott street_2017,3-lott street,2017,6938.9,3469.4,4943.7,0.7018
3-louisiana avenue_2017,3-louisiana avenue,2017,22212.0,11106.0,30682.4,0.362
3-louisiana avenue_2022,3-louisiana avenue,2022,100342.0,50171.0,30682.4,1.6352
3-louisiana avenue_2025,3-louisiana avenue,2025,528.0,264.0,30682.4,0.0086
3-love lane_2018,3-love lane,2018,5268.0,2634.0,1034.7,2.5457
3-luquer street_2017,3-luquer street,2017,11504.0,5752.0,5719.3,1.0057
3-luquer street_2024,3-luquer street,2024,13118.0,6559.0,5719.3,1.1468
3-lynch street_2022,3-lynch street,2022,302.0,151.0,12262.4,0.0123
3-lynch street_2025,3-lynch street,2025,19756.0,9878.0,12262.4,0.8056
3-mac donough street_2017,3-mac donough street,2017,51676.2,24325.1,34519.2,0.7047
3-mac donough street_2020,3-mac donough street,2020,21941.3,8201.6,34519.2,0.2376
3-mac donough street_2023,3-mac donough street,2023,318.0,159.0,34519.2,0.0046
3-mac donough street_2025,3-mac donough street,2025,272.0,136.0,34519.2,0.0039
3-mac dougal street_2024,3-mac dougal street,2024,68722.0,34361.0,12568.2,2.734
3-mac dougal street_2025,3-mac dougal street,2025,764.0,382.0,12568.2,0.0304
3-mackay place_2023,3-mackay place,2023,312.0,156.0,2314.2,0.0674
3-mackenzie street_2025,3-mackenzie street,2025,12444.0,6222.0,3274.7,1.9
3-macon street_2021,3-macon street,2021,840.0,336.0,35574.2,0.0094
3-macon street_2022,3-macon street,2022,82152.0,41076.0,35574.2,1.1547
3-macon street_2023,3-macon street,2023,318.0,159.0,35574.2,0.0045
3-macon street_2024,3-macon street,2024,302.0,151.0,35574.2,0.0042
3-macon street_2025,3-macon street,2025,272.0,136.0,35574.2,0.0038
3-madison place_2022,3-madison place,2022,1136.0,568.0,8655.4,0.0656
3-madison place_2024,3-madison place,2024,16020.0,8010.0,8655.4,0.9254
3-madison street_2018,3-madison street,2018,17249.3,8624.7,50849.6,0.1696
3-madison street_2021,3-madison street,2021,336.0,168.0,50849.6,0.0033
3-madison street_2023,3-madison street,2023,64467.0,15090.0,50849.6,0.2968
3-madison street_2024,3-madison street,2024,23616.0,11808.0,50849.6,0.2322
3-madison street_2025,3-madison street,2025,256.0,128.0,50849.6,0.0025
3-malbone street_2018,3-malbone street,2018,1922.2,961.1,746.4,1.2876
3-malbone street_2020,3-malbone street,2020,336.0,168.0,746.4,0.2251
3-malcolm x boulevard_2023,3-malcolm x boulevard,2023,43734.0,20770.0,23968.6,0.8666
3-malcolm x boulevard_2025,3-malcolm x boulevard,2025,12378.0,6189.0,23968.6,0.2582
3-malta street_2020,3-malta street,2020,14169.4,7084.7,13603.4,0.5208
3-malta street_2024,3-malta street,2024,256.0,128.0,13603.4,0.0094
3-manhattan avenue_2016,3-manhattan avenue,2016,134872.1,67436.1,63746.6,1.0579
3-manhattan avenue_2017,3-manhattan avenue,2017,61448.4,30724.2,63746.6,0.482
3-manhattan avenue_2021,3-manhattan avenue,2021,47304.5,21502.0,63746.6,0.3373
3-manhattan avenue_2024,3-manhattan avenue,2024,46500.0,23250.0,63746.6,0.3647
3-manhattan avenue_2025,3-manhattan avenue,2025,280.0,140.0,63746.6,0.0022
3-manhattan court_2025,3-manhattan court,2025,1068.0,534.0,4644.0,0.115
3-manor court_2022,3-manor court,2022,2360.0,1180.0,1475.7,0.7996
3-maple street_2016,3-maple street,2016,33960.0,11926.7,26302.2,0.4534
3-maple street_2021,3-maple street,2021,7167.4,2866.9,26302.2,0.109
3-maple street_2022,3-maple street,2022,18928.0,9464.0,26302.2,0.3598
3-marconi place_2025,3-marconi place,2025,5000.0,2500.0,1338.7,1.8675
3-marcus garvey boulevard_2016,3-marcus garvey boulevard,2016,105555.5,52777.7,33370.9,1.5815
3-marcus garvey boulevard_2020,3-marcus garvey boulevard,2020,51110.2,25555.1,33370.9,0.7658
3-marcus garvey boulevard_2021,3-marcus garvey boulevard,2021,41570.6,15768.2,33370.9,0.4725
3-marcy avenue_2017,3-marcy avenue,2017,28141.3,14070.6,47721.5,0.2948
3-marcy avenue_2020,3-marcy avenue,2020,200737.8,100368.9,47721.5,2.1032
3-marcy avenue_2021,3-marcy avenue,2021,38703.7,18635.1,47721.5,0.3905
3-marcy avenue_2022,3-marcy avenue,2022,24752.0,12376.0,47721.5,0.2593
3-marcy avenue_2024,3-marcy avenue,2024,8860.0,4430.0,47721.5,0.0928
3-marine avenue_2018,3-marine avenue,2018,38514.7,19257.3,13072.4,1.4731
3-marine parkway_2022,3-marine parkway,2022,1556.0,778.0,18393.8,0.0423
3-marine parkway_2023,3-marine parkway,2023,71831.0,17965.0,18393.8,0.9767
3-marion street_2017,3-marion street,2017,30932.5,15466.2,13781.4,1.1223
3-marion street_2020,3-marion street,2020,25892.9,11359.8,13781.4,0.8243
3-marion street_2025,3-marion street,2025,21004.0,10502.0,13781.4,0.762
3-martense street_2020,3-martense street,2020,116189.2,27194.2,11979.4,2.2701
3-martin luther king jr place_2022,3-martin luther king jr place,2022,432.0,216.0,2854.2,0.0757
3-maspeth avenue_2019,3-maspeth avenue,2019,37656.9,16142.4,16512.9,0.9776
3-maspeth avenue_2022,3-maspeth avenue,2022,854.0,427.0,16512.9,0.0259
3-maspeth avenue_2023,3-maspeth avenue,2023,214.0,107.0,16512.9,0.0065
3-maujer street_2016,3-maujer street,2016,87016.0,43508.0,9497.0,4.5812
3-maujer street_2022,3-maujer street,2022,220.0,110.0,9497.0,0.0116
3-maujer street_2024,3-maujer street,2024,6834.0,3417.0,9497.0,0.3598
3-mayfair drive_2016,3-mayfair drive,2016,177427.0,79378.6,,
3-mayfair drive_2022,3-mayfair drive,2022,242.0,121.0,,
3-mayfair drive south_2016,3-mayfair drive south,2016,14008.0,5670.4,13393.8,0.4234
3-mc guinness boulevard_2020,3-mc guinness boulevard,2020,7813.3,3906.7,,
3-mc kibbin street_2016,3-mc kibbin street,2016,43206.7,21603.3,8033.8,2.6891
3-mc kibbin street_2024,3-mc kibbin street,2024,186.0,93.0,8033.8,0.0116
3-mc kinley avenue_2018,3-mc kinley avenue,2018,5562.7,2781.3,6815.6,0.4081
3-mcclancy place_2024,3-mcclancy place,2024,200.0,100.0,1737.6,0.0576
3-mcdonald avenue_2016,3-mcdonald avenue,2016,112104.0,56052.0,149597.7,0.3747
3-mcdonald avenue_2023,3-mcdonald avenue,2023,76932.0,34366.0,149597.7,0.2297
3-mcguinness boulevard_2020,3-mcguinness boulevard,2020,107057.8,48737.8,38952.2,1.2512
3-mcguinness boulevard_2021,3-mcguinness boulevard,2021,133312.7,22935.5,38952.2,0.5888
3-meadow street_2022,3-meadow street,2022,242.0,121.0,9188.8,0.0132
3-meadow street_2024,3-meadow street,2024,6748.0,3374.0,9188.8,0.3672
3-meeker avenue_2021,3-meeker avenue,2021,86008.2,43004.1,49226.3,0.8736
3-meeker avenue_2022,3-meeker avenue,2022,13788.0,6894.0,49226.3,0.14
3-meeker avenue_2025,3-meeker avenue,2025,32988.0,16494.0,49226.3,0.3351
3-melrose street_2020,3-melrose street,2020,13180.0,6590.0,12963.3,0.5084
3-melrose street_2023,3-melrose street,2023,17376.0,8688.0,12963.3,0.6702
3-menahan street_2016,3-menahan street,2016,59520.0,29760.0,12845.0,2.3169
3-menahan street_2023,3-menahan street,2023,10900.0,5450.0,12845.0,0.4243
3-menahan street_2025,3-menahan street,2025,296.0,148.0,12845.0,0.0115
3-mermaid avenue_2020,3-mermaid avenue,2020,35497.3,17748.7,31385.5,0.5655
3-meserole avenue_2019,3-meserole avenue,2019,30166.7,15083.4,13195.3,1.1431
3-meserole street_2018,3-meserole street,2018,35388.9,17694.4,23137.7,0.7647
3-metropolitan avenue_2018,3-metropolitan avenue,2018,28016.9,14008.4,58973.0,0.2375
3-metropolitan avenue_2021,3-metropolitan avenue,2021,70240.0,27235.9,58973.0,0.4618
3-metropolitan avenue_2022,3-metropolitan avenue,2022,640.0,320.0,58973.0,0.0054
3-metropolitan avenue_2024,3-metropolitan avenue,2024,18684.0,9342.0,58973.0,0.1584
3-metropolitan avenue_2025,3-metropolitan avenue,2025,43954.0,21977.0,58973.0,0.3727
3-micieli place_2023,3-micieli place,2023,206.0,103.0,927.2,0.1111
3-middagh street_2018,3-middagh street,2018,12375.1,6187.6,2865.3,2.1595
3-middleton street_2016,3-middleton street,2016,30830.2,15415.1,9952.0,1.5489
3-middleton street_2025,3-middleton street,2025,17264.0,8632.0,9952.0,0.8674
3-midwood street_2021,3-midwood street,2021,116447.1,51772.9,20835.0,2.4849
3-milford street_2016,3-milford street,2016,38156.7,18953.3,25789.9,0.7349
3-milford street_2022,3-milford street,2022,25082.0,12541.0,25789.9,0.4863
3-milford street_2023,3-milford street,2023,498.0,249.0,25789.9,0.0097
3-milford street_2025,3-milford street,2025,54330.0,27165.0,25789.9,1.0533
3-mill avenue_2019,3-mill avenue,2019,162978.2,79035.7,33210.9,2.3798
3-mill avenue_2022,3-mill avenue,2022,444.0,222.0,33210.9,0.0067
3-mill street_2023,3-mill street,2023,5544.0,2772.0,5467.4,0.507
3-miller avenue_2022,3-miller avenue,2022,42198.0,21099.0,25585.6,0.8246
3-miller avenue_2024,3-miller avenue,2024,15096.0,7548.0,25585.6,0.295
3-miller avenue_2025,3-miller avenue,2025,334.0,167.0,25585.6,0.0065
3-miller place_2024,3-miller place,2024,1600.0,800.0,954.5,0.8381
3-milton street_2025,3-milton street,2025,9412.0,4706.0,4819.1,0.9765
3-minna street_2023,3-minna street,2023,12386.0,6193.0,6544.6,0.9463
3-moffat street_2017,3-moffat street,2017,25153.4,12576.7,12738.0,0.9873
3-moffat street_2025,3-moffat street,2025,256.0,128.0,12738.0,0.01
3-monitor street_2018,3-monitor street,2018,5300.0,2650.0,11684.9,0.2268
3-monitor street_2021,3-monitor street,2021,336.0,168.0,11684.9,0.0144
3-monitor street_2023,3-monitor street,2023,226.0,113.0,11684.9,0.0097
3-monitor street_2024,3-monitor street,2024,14000.0,7000.0,11684.9,0.5991
3-monroe place_2018,3-monroe place,2018,4344.9,2172.4,2076.6,1.0461
3-monroe street_2017,3-monroe street,2017,15142.7,7571.3,37318.7,0.2029
3-monroe street_2023,3-monroe street,2023,101682.0,38961.0,37318.7,1.044
3-monroe street_2024,3-monroe street,2024,302.0,151.0,37318.7,0.004
3-montague street_2023,3-montague street,2023,13032.0,6516.0,8276.4,0.7873
3-montauk avenue_2017,3-montauk avenue,2017,31725.8,15862.9,27538.8,0.576
3-montauk avenue_2022,3-montauk avenue,2022,386.0,193.0,27538.8,0.007
3-montauk avenue_2023,3-montauk avenue,2023,648.0,324.0,27538.8,0.0118
3-montauk avenue_2024,3-montauk avenue,2024,56496.0,28248.0,27538.8,1.0258
3-montauk avenue_2025,3-montauk avenue,2025,240.0,120.0,27538.8,0.0044
3-montauk court_2022,3-montauk court,2022,2246.0,1123.0,1178.7,0.9527
3-montgomery place_2023,3-montgomery place,2023,4934.0,2467.0,2602.8,0.9478
3-montgomery street_2018,3-montgomery street,2018,60084.0,28588.0,34524.1,0.8281
3-montgomery street_2019,3-montgomery street,2019,71168.0,35584.0,34524.1,1.0307
3-montgomery street_2023,3-montgomery street,2023,226.0,113.0,34524.1,0.0033
3-montrose avenue_2018,3-montrose avenue,2018,10711.1,5355.6,18041.9,0.2968
3-montrose avenue_2021,3-montrose avenue,2021,22935.5,7167.4,18041.9,0.3973
3-moore street_2024,3-moore street,2024,186.0,93.0,13440.9,0.0069
3-morgan avenue_2019,3-morgan avenue,2019,6920.0,3460.0,32619.9,0.1061
3-morgan avenue_2022,3-morgan avenue,2022,1966.0,983.0,32619.9,0.0301
3-morgan avenue_2023,3-morgan avenue,2023,13770.0,6885.0,32619.9,0.2111
3-mother gaston boulevard_2017,3-mother gaston boulevard,2017,18728.9,9364.4,38290.8,0.2446
3-mother gaston boulevard_2018,3-mother gaston boulevard,2018,73837.8,36918.9,38290.8,0.9642
3-mother gaston boulevard_2022,3-mother gaston boulevard,2022,76564.0,38282.0,38290.8,0.9998
3-mother gaston boulevard_2025,3-mother gaston boulevard,2025,17020.0,8510.0,38290.8,0.2222
3-moultrie street_2022,3-moultrie street,2022,7568.0,3784.0,3738.7,1.0121
3-myrtle avenue_2017,3-myrtle avenue,2017,43745.3,17490.7,83437.6,0.2096
3-myrtle avenue_2018,3-myrtle avenue,2018,458642.0,226654.3,83437.6,2.7165
3-myrtle avenue_2020,3-myrtle avenue,2020,331394.6,111064.0,83437.6,1.3311
3-myrtle avenue_2023,3-myrtle avenue,2023,22874.0,10568.0,83437.6,0.1267
3-myrtle avenue_2024,3-myrtle avenue,2024,42956.0,21478.0,83437.6,0.2574
3-narrows avenue_2018,3-narrows avenue,2018,41125.3,20562.7,22132.4,0.9291
3-narrows avenue_2022,3-narrows avenue,2022,15758.0,7879.0,22132.4,0.356
3-narrows avenue_2023,3-narrows avenue,2023,20756.0,10378.0,22132.4,0.4689
3-nassau avenue_2021,3-nassau avenue,2021,48738.0,22935.5,22539.3,1.0176
3-nassau avenue_2022,3-nassau avenue,2022,17822.0,8911.0,22539.3,0.3954
3-nassau street_2024,3-nassau street,2024,49360.0,24680.0,5843.8,4.2233
3-national drive_2022,3-national drive,2022,26002.0,13001.0,14862.5,0.8748
3-navy street_2017,3-navy street,2017,19728.0,9864.0,13604.2,0.7251
3-navy street_2023,3-navy street,2023,31048.0,15524.0,13604.2,1.1411
3-navy street_2024,3-navy street,2024,7912.0,3956.0,13604.2,0.2908
3-nelson street_2024,3-nelson street,2024,7040.0,3520.0,5745.9,0.6126
3-neptune avenue_2016,3-neptune avenue,2016,730013.0,216476.6,101079.7,2.1416
3-neptune avenue_2018,3-neptune avenue,2018,536763.6,268381.8,101079.7,2.6552
3-neptune avenue_2021,3-neptune avenue,2021,4804.4,1601.5,101079.7,0.0158
3-neptune avenue_2022,3-neptune avenue,2022,52520.0,26260.0,101079.7,0.2598
3-nevins street_2016,3-nevins street,2016,9362.2,4151.1,13799.3,0.3008
3-nevins street_2017,3-nevins street,2017,22728.4,11364.2,13799.3,0.8235
3-nevins street_2022,3-nevins street,2022,340.0,170.0,13799.3,0.0123
3-new jersey avenue_2023,3-new jersey avenue,2023,33552.0,16776.0,31487.1,0.5328
3-new jersey avenue_2025,3-new jersey avenue,2025,334.0,167.0,31487.1,0.0053
3-new lots avenue_2020,3-new lots avenue,2020,60776.0,28072.0,38301.4,0.7329
3-new lots avenue_2022,3-new lots avenue,2022,19540.0,9770.0,38301.4,0.2551
3-new lots avenue_2024,3-new lots avenue,2024,49640.0,24820.0,38301.4,0.648
3-new utrecht avenue_2018,3-new utrecht avenue,2018,12408.2,5829.0,70402.6,0.0828
3-new utrecht avenue_2019,3-new utrecht avenue,2019,24112.0,12056.0,70402.6,0.1712
3-new utrecht avenue_2025,3-new utrecht avenue,2025,28092.0,14046.0,70402.6,0.1995
3-new york avenue_2017,3-new york avenue,2017,44622.6,22311.3,91047.4,0.2451
3-new york avenue_2018,3-new york avenue,2018,66328.9,30751.8,91047.4,0.3378
3-new york avenue_2019,3-new york avenue,2019,28346.7,14173.3,91047.4,0.1557
3-new york avenue_2020,3-new york avenue,2020,83141.3,41570.6,91047.4,0.4566
3-new york avenue_2021,3-new york avenue,2021,35836.8,14334.7,91047.4,0.1574
3-new york avenue_2022,3-new york avenue,2022,32180.0,16090.0,91047.4,0.1767
3-new york avenue_2024,3-new york avenue,2024,14698.0,7349.0,91047.4,0.0807
3-newel street_2024,3-newel street,2024,16654.0,8327.0,8568.4,0.9718
3-newkirk avenue_2016,3-newkirk avenue,2016,15661.3,7140.0,31925.9,0.2236
3-newkirk avenue_2021,3-newkirk avenue,2021,27235.9,12901.2,31925.9,0.4041
3-newkirk avenue_2022,3-newkirk avenue,2022,15000.0,7500.0,31925.9,0.2349
3-newport street_2017,3-newport street,2017,16128.0,8064.0,21699.2,0.3716
3-newport street_2020,3-newport street,2020,16740.5,8370.2,21699.2,0.3857
3-newport street_2022,3-newport street,2022,390.0,195.0,21699.2,0.009
3-newport street_2023,3-newport street,2023,9776.0,4888.0,21699.2,0.2253
3-newport street_2024,3-newport street,2024,408.0,204.0,21699.2,0.0094
3-newton street_2016,3-newton street,2016,7304.0,3652.0,2915.8,1.2525
3-newton street_2018,3-newton street,2018,5733.9,2866.9,2915.8,0.9832
3-nichols avenue_2017,3-nichols avenue,2017,50017.7,25008.9,11300.2,2.2131
3-noble street_2025,3-noble street,2025,9546.0,4773.0,8955.5,0.533
3-noll street_2023,3-noll street,2023,14700.0,7350.0,7807.0,0.9415
3-norfolk street_2025,3-norfolk street,2025,12160.0,6080.0,3203.6,1.8979
3-norman avenue_2018,3-norman avenue,2018,28114.2,14057.1,20492.2,0.686
3-norman avenue_2023,3-norman avenue,2023,19664.0,8299.0,20492.2,0.405
3-north 1 street_2018,3-north 1 street,2018,3666.7,1833.3,6614.4,0.2772
3-north 1 street_2024,3-north 1 street,2024,10400.0,5200.0,6614.4,0.7862
3-north 10 street_2017,3-north 10 street,2017,11886.7,5943.3,12092.5,0.4915
3-north 10 street_2025,3-north 10 street,2025,226.0,113.0,12092.5,0.0093
3-north 11 street_2025,3-north 11 street,2025,226.0,113.0,10867.6,0.0104
3-north 12 street_2023,3-north 12 street,2023,18903.0,6601.0,11101.9,0.5946
3-north 12 street_2025,3-north 12 street,2025,226.0,113.0,11101.9,0.0102
3-north 13 street_2025,3-north 13 street,2025,226.0,113.0,3239.8,0.0349
3-north 14 street_2017,3-north 14 street,2017,11084.0,5542.0,3500.0,1.5834
3-north 14 street_2023,3-north 14 street,2023,11482.0,5741.0,3500.0,1.6403
3-north 14 street_2025,3-north 14 street,2025,226.0,113.0,3500.0,0.0323
3-north 15 street_2017,3-north 15 street,2017,13826.7,6913.3,4478.5,1.5437
3-north 15 street_2025,3-north 15 street,2025,226.0,113.0,4478.5,0.0252
3-north 3 street_2018,3-north 3 street,2018,25688.1,12844.0,7132.7,1.8007
3-north 3 street_2025,3-north 3 street,2025,226.0,113.0,7132.7,0.0158
3-north 4 street_2025,3-north 4 street,2025,226.0,113.0,8237.9,0.0137
3-north 5 street_2021,3-north 5 street,2021,40137.2,15768.2,10607.8,1.4865
3-north 5 street_2025,3-north 5 street,2025,226.0,113.0,10607.8,0.0107
3-north 6 street_2023,3-north 6 street,2023,17786.0,8893.0,9998.2,0.8895
3-north 6 street_2025,3-north 6 street,2025,226.0,113.0,9998.2,0.0113
3-north 7 street_2016,3-north 7 street,2016,19010.0,8766.7,10953.6,0.8003
3-north 7 street_2025,3-north 7 street,2025,226.0,113.0,10953.6,0.0103
3-north 8 street_2017,3-north 8 street,2017,28203.3,10076.7,11338.9,0.8887
3-north 8 street_2025,3-north 8 street,2025,226.0,113.0,11338.9,0.01
3-north 9 street_2017,3-north 9 street,2017,14606.7,7303.3,9615.6,0.7595
3-north 9 street_2024,3-north 9 street,2024,17566.0,8783.0,9615.6,0.9134
3-north 9 street_2025,3-north 9 street,2025,226.0,113.0,9615.6,0.0118
3-north conduit avenue_2016,3-north conduit avenue,2016,34768.4,17384.2,,
3-north henry street_2017,3-north henry street,2017,54800.1,27400.0,14970.3,1.8303
3-north henry street_2018,3-north henry street,2018,4300.0,2150.0,14970.3,0.1436
3-north henry street_2023,3-north henry street,2023,226.0,113.0,14970.3,0.0075
3-north oxford street_2025,3-north oxford street,2025,484.0,242.0,2428.3,0.0997
3-north portland avenue_2025,3-north portland avenue,2025,1720.0,860.0,4149.7,0.2072
3-norwood avenue_2018,3-norwood avenue,2018,29300.0,14650.0,8086.8,1.8116
3-nostrand avenue_2018,3-nostrand avenue,2018,268664.9,129419.4,208820.9,0.6198
3-nostrand avenue_2019,3-nostrand avenue,2019,188397.8,94198.9,208820.9,0.4511
3-nostrand avenue_2020,3-nostrand avenue,2020,332446.1,146876.0,208820.9,0.7034
3-nostrand avenue_2021,3-nostrand avenue,2021,86008.2,28669.4,208820.9,0.1373
3-nostrand avenue_2022,3-nostrand avenue,2022,25684.0,12842.0,208820.9,0.0615
3-nostrand avenue_2023,3-nostrand avenue,2023,26178.0,12410.0,208820.9,0.0594
3-nostrand avenue_2024,3-nostrand avenue,2024,42796.0,21398.0,208820.9,0.1025
3-nycta subway_2023,3-nycta subway,2023,7998.0,3999.0,,
3-oak street_2025,3-oak street,2025,212.0,106.0,4186.9,0.0253
3-ocean avenue_2016,3-ocean avenue,2016,197423.4,98711.7,206195.8,0.4787
3-ocean avenue_2024,3-ocean avenue,2024,56777.0,25433.0,206195.8,0.1233
3-ocean court_2016,3-ocean court,2016,13315.6,6657.8,3130.4,2.1268
3-ocean parkway_2017,3-ocean parkway,2017,1445427.4,390513.7,286199.1,1.3645
3-ocean parkway_2018,3-ocean parkway,2018,163064.9,47068.4,286199.1,0.1645
3-ocean parkway_2020,3-ocean parkway,2020,105984.0,37461.0,286199.1,0.1309
3-ocean parkway_2022,3-ocean parkway,2022,42210.0,21105.0,286199.1,0.0737
3-ocean parkway_2023,3-ocean parkway,2023,293720.0,146860.0,286199.1,0.5131
3-ocean parkway_2025,3-ocean parkway,2025,151483.0,63978.0,286199.1,0.2235
3-ocean view avenue_2017,3-ocean view avenue,2017,50643.7,23401.8,18811.4,1.244
3-old new utrecht road_2019,3-old new utrecht road,2019,6685.3,3342.7,5729.0,0.5835
3-olean street_2018,3-olean street,2018,4402.7,2201.3,2391.2,0.9206
3-olive street_2023,3-olive street,2023,8856.0,4428.0,3066.8,1.4439
3-oliver street_2022,3-oliver street,2022,8800.0,4400.0,2313.2,1.9021
3-oliver street_2023,3-oliver street,2023,378.0,189.0,2313.2,0.0817
3-orange street_2022,3-orange street,2022,4908.0,2454.0,2594.1,0.946
3-orient avenue_2023,3-orient avenue,2023,13302.0,4434.0,2462.9,1.8003
3-oriental boulevard_2016,3-oriental boulevard,2016,273549.4,136774.7,35812.9,3.8191
3-osborn street_2016,3-osborn street,2016,25069.3,12534.7,12037.4,1.0413
3-osborn street_2022,3-osborn street,2022,388.0,194.0,12037.4,0.0161
3-osborn street_2025,3-osborn street,2025,290.0,145.0,12037.4,0.012
3-otsego street_2022,3-otsego street,2022,7880.0,3940.0,6459.7,0.6099
3-owls head court_2017,3-owls head court,2017,2166.7,1083.3,1079.2,1.0038
3-oxford street_2025,3-oxford street,2025,18240.0,9120.0,263.7,34.5848
3-pacific street_2016,3-pacific street,2016,338167.4,141776.3,79133.1,1.7916
3-pacific street_2017,3-pacific street,2017,5591.1,2795.6,79133.1,0.0353
3-pacific street_2018,3-pacific street,2018,7253.3,3626.7,79133.1,0.0458
3-pacific street_2019,3-pacific street,2019,102672.4,49961.1,79133.1,0.6314
3-pacific street_2020,3-pacific street,2020,51769.7,21838.9,79133.1,0.276
3-pacific street_2022,3-pacific street,2022,20848.0,10424.0,79133.1,0.1317
3-pacific street_2023,3-pacific street,2023,18806.0,8803.0,79133.1,0.1112
3-pacific street_2024,3-pacific street,2024,522.0,261.0,79133.1,0.0033
3-pacific street_2025,3-pacific street,2025,334.0,167.0,79133.1,0.0021
3-paerdegat 13 street_2019,3-paerdegat 13 street,2019,3889.1,1944.6,1899.5,1.0237
3-paerdegat 3 street_2018,3-paerdegat 3 street,2018,4791.1,2395.6,2735.6,0.8757
3-paerdegat 4 street_2017,3-paerdegat 4 street,2017,6043.6,3021.8,3528.2,0.8565
3-paerdegat avenue north_2021,3-paerdegat avenue north,2021,37270.2,18635.1,26345.9,0.7073
3-palmetto street_2016,3-palmetto street,2016,8000.0,4000.0,10412.6,0.3841
3-palmetto street_2023,3-palmetto street,2023,104570.0,52285.0,10412.6,5.0213
3-palmetto street_2025,3-palmetto street,2025,256.0,128.0,10412.6,0.0123
3-park avenue_2018,3-park avenue,2018,140751.7,70375.9,67078.3,1.0492
3-park avenue_2020,3-park avenue,2020,1028142.1,222003.4,67078.3,3.3096
3-park avenue_2022,3-park avenue,2022,426.0,213.0,67078.3,0.0032
3-park avenue_2025,3-park avenue,2025,73598.0,36799.0,67078.3,0.5486
3-park circle_2018,3-park circle,2018,549624.8,269095.0,4242.8,63.4239
3-park place_2021,3-park place,2021,169149.5,51604.9,62664.7,0.8235
3-park place_2022,3-park place,2022,1040.0,520.0,62664.7,0.0083
3-park place_2023,3-park place,2023,19376.0,9688.0,62664.7,0.1546
3-park place_2024,3-park place,2024,5812.0,2906.0,62664.7,0.0464
3-parkside avenue_2016,3-parkside avenue,2016,632609.0,135968.5,32382.5,4.1988
3-parkside avenue_2022,3-parkside avenue,2022,17122.0,8561.0,32382.5,0.2644
3-parkville avenue_2021,3-parkville avenue,2021,87441.7,24369.0,8672.2,2.81
3-parrott place_2016,3-parrott place,2016,455.1,227.6,4019.8,0.0566
3-parrott place_2024,3-parrott place,2024,8008.0,4004.0,4019.8,0.9961
3-pearl street_2023,3-pearl street,2023,5256.0,2628.0,7539.7,0.3486
3-pearl street_2024,3-pearl street,2024,202.0,101.0,7539.7,0.0134
3-pedestrian overpass_2019,3-pedestrian overpass,2019,11454.2,5727.1,,
3-pembroke street_2025,3-pembroke street,2025,6384.0,3192.0,3045.1,1.0482
3-penn street_2017,3-penn street,2017,29025.4,14512.7,12744.8,1.1387
3-pennsylvania avenue_2020,3-pennsylvania avenue,2020,98039.9,43586.6,91875.7,0.4744
3-pennsylvania avenue_2024,3-pennsylvania avenue,2024,181212.0,90606.0,91875.7,0.9862
3-perry place_2016,3-perry place,2016,1280.0,640.0,388.6,1.6469
3-pierrepont place_2022,3-pierrepont place,2022,1278.0,639.0,743.5,0.8594
3-pine street_2022,3-pine street,2022,27368.0,13684.0,25788.9,0.5306
3-pine street_2023,3-pine street,2023,420.0,210.0,25788.9,0.0081
3-pine street_2024,3-pine street,2024,47292.0,23646.0,25788.9,0.9169
3-pine street_2025,3-pine street,2025,226.0,113.0,25788.9,0.0044
3-pioneer street_2021,3-pioneer street,2021,2866.9,1433.5,4600.5,0.3116
3-pitkin avenue_2016,3-pitkin avenue,2016,80563.3,36713.3,87205.0,0.421
3-pitkin avenue_2022,3-pitkin avenue,2022,41130.0,20565.0,87205.0,0.2358
3-pitkin avenue_2024,3-pitkin avenue,2024,31736.0,15868.0,87205.0,0.182
3-pitkin avenue_2025,3-pitkin avenue,2025,110104.0,55052.0,87205.0,0.6313
3-plaza street_2016,3-plaza street,2016,174809.1,87404.5,,
3-plaza street_2021,3-plaza street,2021,157681.7,53038.4,,
3-plumb 1 street_2017,3-plumb 1 street,2017,22077.3,11038.7,7237.3,1.5253
3-plumb 1 street_2018,3-plumb 1 street,2018,3980.0,1990.0,7237.3,0.275
3-plumb 2 street_2023,3-plumb 2 street,2023,5892.0,2946.0,3602.7,0.8177
3-plymouth street_2017,3-plymouth street,2017,1337.8,668.9,7007.2,0.0955
3-polhemus place_2023,3-polhemus place,2023,2546.0,1273.0,1348.7,0.9439
3-poly place_2016,3-poly place,2016,446160.0,223080.0,6373.3,35.0023
3-poplar street_2018,3-poplar street,2018,6012.0,3006.0,1691.1,1.7775
3-portal street_2017,3-portal street,2017,14989.3,7494.6,2452.5,3.0559
3-porter avenue_2020,3-porter avenue,2020,13995.6,6997.8,7805.4,0.8965
3-powell street_2020,3-powell street,2020,108329.0,43220.0,21267.2,2.0322
3-powell street_2023,3-powell street,2023,2400.0,1200.0,21267.2,0.0564
3-powell street_2024,3-powell street,2024,240.0,120.0,21267.2,0.0056
3-powers street_2016,3-powers street,2016,21920.0,10960.0,12612.5,0.869
3-powers street_2023,3-powers street,2023,14884.0,5026.0,12612.5,0.3985
3-president street_2016,3-president street,2016,10100.0,5050.0,72496.4,0.0697
3-president street_2017,3-president street,2017,93674.2,43357.1,72496.4,0.5981
3-president street_2018,3-president street,2018,73520.0,34996.0,72496.4,0.4827
3-president street_2023,3-president street,2023,372.0,186.0,72496.4,0.0026
3-president street_2024,3-president street,2024,36984.0,18492.0,72496.4,0.2551
3-preston court_2019,3-preston court,2019,55004.5,27502.2,9547.0,2.8807
3-prince street_2018,3-prince street,2018,33584.0,16792.0,4051.8,4.1443
3-prospect avenue_2017,3-prospect avenue,2017,49182.3,24591.2,37065.0,0.6635
3-prospect avenue_2019,3-prospect avenue,2019,164373.8,77169.7,37065.0,2.082
3-prospect avenue_2020,3-prospect avenue,2020,8370.0,2790.0,37065.0,0.0753
3-prospect park southwest_2023,3-prospect park southwest,2023,42556.0,21278.0,,
3-prospect park west_2023,3-prospect park west,2023,9450.0,4725.0,41897.6,0.1128
3-prospect place_2017,3-prospect place,2017,128265.7,60228.8,54707.3,1.1009
3-prospect place_2018,3-prospect place,2018,78659.8,14049.9,54707.3,0.2568
3-prospect place_2020,3-prospect place,2020,12383.6,6191.8,54707.3,0.1132
3-prospect place_2022,3-prospect place,2022,1236.0,618.0,54707.3,0.0113
3-prospect place_2023,3-prospect place,2023,65203.0,19361.0,54707.3,0.3539
3-prospect place_2024,3-prospect place,2024,5856.0,2928.0,54707.3,0.0535
3-prospect street_2016,3-prospect street,2016,15992.9,7996.4,6836.7,1.1696
3-prospect street_2017,3-prospect street,2017,43643.6,21821.8,6836.7,3.1919
3-prospect street_2024,3-prospect street,2024,3618.0,1809.0,6836.7,0.2646
3-provost street_2024,3-provost street,2024,14548.0,7274.0,9102.0,0.7992
3-pulaski street_2020,3-pulaski street,2020,225034.2,65195.2,18867.9,3.4554
3-pulaski street_2022,3-pulaski street,2022,234.0,117.0,18867.9,0.0062
3-putnam avenue_2016,3-putnam avenue,2016,4880.5,1971.7,59916.1,0.0329
3-putnam avenue_2020,3-putnam avenue,2020,33440.9,13777.6,59916.1,0.2299
3-putnam avenue_2022,3-putnam avenue,2022,47106.0,23553.0,59916.1,0.3931
3-putnam avenue_2023,3-putnam avenue,2023,6534.0,2823.0,59916.1,0.0471
3-putnam avenue_2024,3-putnam avenue,2024,30012.0,15006.0,59916.1,0.2505
3-putnam avenue_2025,3-putnam avenue,2025,7180.0,3590.0,59916.1,0.0599
3-quentin road_2016,3-quentin road,2016,62726.9,28283.5,69532.6,0.4068
3-quentin road_2018,3-quentin road,2018,5010.0,2505.0,69532.6,0.036
3-quentin road_2019,3-quentin road,2019,40572.9,18993.3,69532.6,0.2732
3-quentin road_2021,3-quentin road,2021,29005.4,13069.2,69532.6,0.188
3-quentin road_2024,3-quentin road,2024,21414.0,10707.0,69532.6,0.154
3-quincy street_2019,3-quincy street,2019,30926.0,14453.2,40293.1,0.3587
3-quincy street_2023,3-quincy street,2023,96204.0,40642.0,40293.1,1.0087
3-quincy street_2024,3-quincy street,2024,9408.0,4704.0,40293.1,0.1167
3-radde place_2025,3-radde place,2025,5000.0,2500.0,1257.0,1.9889
3-ralph avenue_2016,3-ralph avenue,2016,815065.7,343016.2,125401.9,2.7353
3-ralph avenue_2017,3-ralph avenue,2017,531917.0,209930.5,125401.9,1.6741
3-ralph avenue_2019,3-ralph avenue,2019,155695.3,77847.7,125401.9,0.6208
3-ralph avenue_2020,3-ralph avenue,2020,237655.8,118827.9,125401.9,0.9476
3-ralph avenue_2024,3-ralph avenue,2024,137362.0,68681.0,125401.9,0.5477
3-ramp_2024,3-ramp,2024,378.0,189.0,,
3-randolph street_2020,3-randolph street,2020,20562.7,9103.1,9190.3,0.9905
3-rapelye street_2024,3-rapelye street,2024,4948.0,2474.0,2698.4,0.9168
3-reeve place_2023,3-reeve place,2023,9230.0,4615.0,2693.4,1.7134
3-regent place_2016,3-regent place,2016,4124.4,2062.2,2116.8,0.9742
3-remsen avenue_2016,3-remsen avenue,2016,101342.2,38140.6,99261.6,0.3842
3-remsen avenue_2017,3-remsen avenue,2017,249797.3,101608.0,99261.6,1.0236
3-remsen avenue_2021,3-remsen avenue,2021,141152.1,57674.8,99261.6,0.581
3-remsen street_2018,3-remsen street,2018,13044.9,6522.4,6773.3,0.963
3-remsen street_2023,3-remsen street,2023,3734.0,1867.0,6773.3,0.2756
3-rewe street_2022,3-rewe street,2022,586.0,293.0,3832.3,0.0765
3-richards street_2017,3-richards street,2017,32827.1,16413.6,11654.9,1.4083
3-richards street_2023,3-richards street,2023,424.0,212.0,11654.9,0.0182
3-richardson street_2017,3-richardson street,2017,14673.4,5370.0,15761.9,0.3407
3-richardson street_2021,3-richardson street,2021,32969.8,14334.7,15761.9,0.9095
3-richardson street_2025,3-richardson street,2025,8966.0,4483.0,15761.9,0.2844
3-richmond street_2019,3-richmond street,2019,7273.3,3636.7,7653.2,0.4752
3-richmond street_2024,3-richmond street,2024,6900.0,3450.0,7653.2,0.4508
3-ridge boulevard_2017,3-ridge boulevard,2017,41306.6,19309.3,42919.0,0.4499
3-ridge boulevard_2023,3-ridge boulevard,2023,40725.0,17493.0,42919.0,0.4076
3-ridgewood avenue_2016,3-ridgewood avenue,2016,27701.1,12963.1,22836.4,0.5677
3-ridgewood avenue_2018,3-ridgewood avenue,2018,19969.3,9984.7,22836.4,0.4372
3-river street_2018,3-river street,2018,4432.0,2216.0,8163.5,0.2715
3-riverdale avenue_2020,3-riverdale avenue,2020,11810.0,5905.0,30518.2,0.1935
3-riverdale avenue_2021,3-riverdale avenue,2021,28669.4,14334.7,30518.2,0.4697
3-riverdale avenue_2022,3-riverdale avenue,2022,648.0,216.0,30518.2,0.0071
3-riverdale avenue_2024,3-riverdale avenue,2024,8190.0,4095.0,30518.2,0.1342
3-rochester avenue_2018,3-rochester avenue,2018,102907.8,46378.9,19282.8,2.4052
3-rochester avenue_2022,3-rochester avenue,2022,42926.0,21463.0,19282.8,1.1131
3-rockaway avenue_2016,3-rockaway avenue,2016,47461.7,23730.9,58186.6,0.4078
3-rockaway avenue_2024,3-rockaway avenue,2024,127944.0,63972.0,58186.6,1.0994
3-rockaway avenue_2025,3-rockaway avenue,2025,77520.0,38760.0,58186.6,0.6661
3-rockaway parkway_2017,3-rockaway parkway,2017,812344.4,393145.6,116218.3,3.3828
3-rockaway parkway_2018,3-rockaway parkway,2018,126281.8,63140.9,116218.3,0.5433
3-rockaway parkway_2019,3-rockaway parkway,2019,285013.7,73248.0,116218.3,0.6303
3-rockaway parkway_2024,3-rockaway parkway,2024,340540.0,170270.0,116218.3,1.4651
3-roder avenue_2019,3-roder avenue,2019,7194.0,3597.0,3377.2,1.0651
3-rodney street_2016,3-rodney street,2016,42495.6,20120.2,17290.2,1.1637
3-rodney street_2017,3-rodney street,2017,59803.3,29473.3,17290.2,1.7046
3-rodney street_2023,3-rodney street,2023,200.0,100.0,17290.2,0.0058
3-roebling street_2018,3-roebling street,2018,36418.7,18209.3,22904.1,0.795
3-roebling street_2021,3-roebling street,2021,187784.6,77407.4,22904.1,3.3796
3-rogers avenue_2021,3-rogers avenue,2021,34403.3,10034.3,69746.6,0.1439
3-roosevelt place_2025,3-roosevelt place,2025,5068.0,2534.0,1251.1,2.0254
3-rose street_2023,3-rose street,2023,1266.0,633.0,701.0,0.903
3-ross street_2023,3-ross street,2023,66602.0,33301.0,7021.9,4.7424
3-royce street_2024,3-royce street,2024,69798.0,34899.0,22960.7,1.5199
3-ruby street_2020,3-ruby street,2020,22312.5,11156.3,13757.7,0.8109
3-russell street_2017,3-russell street,2017,28071.1,12807.9,13966.7,0.917
3-rutherford place_2019,3-rutherford place,2019,4913.3,2456.7,2598.7,0.9454
3-rutland road_2016,3-rutland road,2016,48072.0,22667.1,40593.3,0.5584
3-rutland road_2017,3-rutland road,2017,14979.6,7489.8,40593.3,0.1845
3-rutland road_2021,3-rutland road,2021,21502.0,7167.4,40593.3,0.1766
3-rutland road_2024,3-rutland road,2024,34616.0,17308.0,40593.3,0.4264
3-rutledge street_2017,3-rutledge street,2017,30764.4,13992.0,12747.3,1.0976
3-ryder street_2022,3-ryder street,2022,62236.0,31118.0,22743.1,1.3682
3-ryerson street_2018,3-ryerson street,2018,9773.3,4886.7,5610.1,0.8711
3-sackett street_2017,3-sackett street,2017,17143.6,8571.8,26102.5,0.3284
3-sackett street_2020,3-sackett street,2020,54113.3,21542.0,26102.5,0.8253
3-sackett street_2024,3-sackett street,2024,6862.0,3431.0,26102.5,0.1314
3-sackman street_2020,3-sackman street,2020,12493.3,6246.7,18410.6,0.3393
3-sackman street_2022,3-sackman street,2022,178.0,89.0,18410.6,0.0048
3-sackman street_2023,3-sackman street,2023,13956.0,6978.0,18410.6,0.379
3-sands street_2016,3-sands street,2016,34960.0,17480.0,13827.7,1.2641
3-sands street_2017,3-sands street,2017,55273.3,27636.6,13827.7,1.9986
3-saratoga avenue_2022,3-saratoga avenue,2022,17252.0,8626.0,43209.8,0.1996
3-saratoga avenue_2024,3-saratoga avenue,2024,52034.0,26017.0,43209.8,0.6021
3-saratoga avenue_2025,3-saratoga avenue,2025,39400.0,19700.0,43209.8,0.4559
3-schaefer street_2017,3-schaefer street,2017,25573.3,12786.7,13509.6,0.9465
3-schaefer street_2025,3-schaefer street,2025,256.0,128.0,13509.6,0.0095
3-schenck avenue_2018,3-schenck avenue,2018,28920.0,10406.7,34611.0,0.3007
3-schenck avenue_2019,3-schenck avenue,2019,21272.4,10636.2,34611.0,0.3073
3-schenck avenue_2022,3-schenck avenue,2022,17954.0,8977.0,34611.0,0.2594
3-schenck avenue_2024,3-schenck avenue,2024,14666.0,7333.0,34611.0,0.2119
3-schenectady avenue_2016,3-schenectady avenue,2016,61052.4,30526.2,87435.8,0.3491
3-schenectady avenue_2017,3-schenectady avenue,2017,111975.1,54589.3,87435.8,0.6243
3-schenectady avenue_2018,3-schenectady avenue,2018,32064.9,16032.4,87435.8,0.1834
3-schenectady avenue_2020,3-schenectady avenue,2020,53318.7,24689.1,87435.8,0.2824
3-schenectady avenue_2024,3-schenectady avenue,2024,7330.0,3665.0,87435.8,0.0419
3-schenectady avenue_2025,3-schenectady avenue,2025,36130.0,18065.0,87435.8,0.2066
3-schermerhorn street_2018,3-schermerhorn street,2018,3700.0,1850.0,20075.0,0.0922
3-schermerhorn street_2022,3-schermerhorn street,2022,65058.0,32529.0,20075.0,1.6204
3-scholes street_2018,3-scholes street,2018,8073.3,4036.7,18361.7,0.2198
3-schroeders avenue_2016,3-schroeders avenue,2016,108876.0,48558.0,13636.0,3.561
3-scott avenue_2025,3-scott avenue,2025,10544.0,5272.0,14282.0,0.3691
3-sea breeze avenue_2016,3-sea breeze avenue,2016,16436.4,8218.2,6928.9,1.1861
3-seaview avenue_2024,3-seaview avenue,2024,94878.0,47439.0,77635.9,0.611
3-seaview avenue_2025,3-seaview avenue,2025,140814.0,70407.0,77635.9,0.9069
3-seaview court_2022,3-seaview court,2022,1926.0,963.0,1013.3,0.9504
3-sedgwick place_2023,3-sedgwick place,2023,4480.0,2240.0,888.0,2.5225
3-seeley street_2019,3-seeley street,2019,27828.9,13914.4,8624.0,1.6135
3-seigel street_2022,3-seigel street,2022,54350.0,27175.0,8851.9,3.07
3-seigel street_2024,3-seigel street,2024,186.0,93.0,8851.9,0.0105
3-senator street_2021,3-senator street,2021,41570.6,20068.6,11836.7,1.6955
3-seton place_2018,3-seton place,2018,1746.4,873.2,3299.7,0.2646
3-seton place_2021,3-seton place,2021,7167.4,2866.9,3299.7,0.8688
3-sharon street_2024,3-sharon street,2024,5534.0,2767.0,2852.5,0.97
3-sheepshead bay road_2016,3-sheepshead bay road,2016,24000.0,12000.0,18393.6,0.6524
3-sheepshead bay road_2018,3-sheepshead bay road,2018,336.0,168.0,18393.6,0.0091
3-sheepshead bay road_2024,3-sheepshead bay road,2024,2800.0,1400.0,18393.6,0.0761
3-sheffield avenue_2016,3-sheffield avenue,2016,40960.0,16903.4,29369.9,0.5755
3-sheffield avenue_2023,3-sheffield avenue,2023,35800.0,17900.0,29369.9,0.6095
3-shepherd avenue_2018,3-shepherd avenue,2018,30324.4,15162.2,34275.2,0.4424
3-shepherd avenue_2019,3-shepherd avenue,2019,22993.3,11496.6,34275.2,0.3354
3-shepherd avenue_2023,3-shepherd avenue,2023,472.0,236.0,34275.2,0.0069
3-shepherd avenue_2024,3-shepherd avenue,2024,29634.0,14817.0,34275.2,0.4323
3-sheridan avenue_2022,3-sheridan avenue,2022,346.0,173.0,14490.6,0.0119
3-sheridan avenue_2024,3-sheridan avenue,2024,31708.0,15854.0,14490.6,1.0941
3-sherlock place_2018,3-sherlock place,2018,7420.0,3710.0,1305.8,2.8412
3-sherman street_2020,3-sherman street,2020,12273.3,5256.7,8042.5,0.6536
3-shore parkway_2017,3-shore parkway,2017,225780.1,112890.1,155042.4,0.7281
3-shore parkway_2018,3-shore parkway,2018,460533.0,230266.5,155042.4,1.4852
3-shore parkway_2019,3-shore parkway,2019,81673.3,40836.7,155042.4,0.2634
3-shore road_2017,3-shore road,2017,307478.2,142939.1,65771.6,2.1733
3-shore road_2021,3-shore road,2021,159115.2,55905.3,65771.6,0.85
3-shore road_2023,3-shore road,2023,245884.0,85899.0,65771.6,1.306
3-sidney place_2022,3-sidney place,2022,3572.0,1786.0,1867.5,0.9564
3-skidmore avenue_2022,3-skidmore avenue,2022,17920.0,8960.0,6359.7,1.4089
3-skillman avenue_2018,3-skillman avenue,2018,7726.7,3863.3,13285.4,0.2908
3-skillman street_2017,3-skillman street,2017,17898.7,8949.4,9321.1,0.9601
3-smith street_2016,3-smith street,2016,11558.2,5779.1,34367.7,0.1682
3-smith street_2018,3-smith street,2018,176716.5,88358.2,34367.7,2.571
3-snediker avenue_2025,3-snediker avenue,2025,40602.0,20301.0,24516.4,0.8281
3-snyder avenue_2016,3-snyder avenue,2016,46170.6,18499.6,46370.8,0.3989
3-somers street_2022,3-somers street,2022,28166.0,14083.0,8346.1,1.6874
3-somers street_2025,3-somers street,2025,312.0,156.0,8346.1,0.0187
3-south 1 street_2022,3-south 1 street,2022,16394.0,8197.0,13037.4,0.6287
3-south 1 street_2024,3-south 1 street,2024,5826.0,2913.0,13037.4,0.2234
3-south 10 street_2017,3-south 10 street,2017,44446.7,22223.4,2603.3,8.5366
3-south 2 street_2017,3-south 2 street,2017,5896.0,2948.0,15896.9,0.1854
3-south 2 street_2020,3-south 2 street,2020,23993.3,11996.7,15896.9,0.7547
3-south 2 street_2024,3-south 2 street,2024,6168.0,3084.0,15896.9,0.194
3-south 4 street_2017,3-south 4 street,2017,55500.9,27750.4,18010.1,1.5408
3-south 4 street_2019,3-south 4 street,2019,18680.0,9340.0,18010.1,0.5186
3-south 4 street_2022,3-south 4 street,2022,10302.0,5151.0,18010.1,0.286
3-south 5 place_2019,3-south 5 place,2019,2300.0,1150.0,1117.9,1.0287
3-south 5 street_2019,3-south 5 street,2019,16851.4,7882.3,16675.0,0.4727
3-south conduit avenue_2016,3-south conduit avenue,2016,33615.1,16807.6,736.0,22.8364
3-south elliott place_2022,3-south elliott place,2022,10480.0,5240.0,7394.5,0.7086
3-south fork_2021,3-south fork,2021,10034.3,4300.4,,
3-south lake drive_2016,3-south lake drive,2016,11662.2,5831.1,8349.0,0.6984
3-south lake drive_2023,3-south lake drive,2023,171100.0,85550.0,8349.0,10.2467
3-south portland avenue_2022,3-south portland avenue,2022,19932.0,9966.0,10663.6,0.9346
3-spencer place_2024,3-spencer place,2024,2566.0,1283.0,1500.8,0.8549
3-spencer street_2020,3-spencer street,2020,28117.4,9440.0,7933.1,1.19
3-stagg street_2024,3-stagg street,2024,12580.0,6290.0,14674.7,0.4286
3-stanhope street_2022,3-stanhope street,2022,16744.0,8372.0,17247.2,0.4854
3-stanhope street_2023,3-stanhope street,2023,10868.0,5434.0,17247.2,0.3151
3-stanley avenue_2022,3-stanley avenue,2022,171716.0,52213.0,51661.2,1.0107
3-stanley avenue_2024,3-stanley avenue,2024,4180.0,2090.0,51661.2,0.0405
3-starr street_2017,3-starr street,2017,13313.3,6656.7,12772.5,0.5212
3-state street_2017,3-state street,2017,10459.6,5229.8,19074.1,0.2742
3-state street_2019,3-state street,2019,17592.0,8066.6,19074.1,0.4229
3-state street_2022,3-state street,2022,17332.0,8666.0,19074.1,0.4543
3-sterling place_2018,3-sterling place,2018,44974.7,21320.7,54904.2,0.3883
3-sterling place_2019,3-sterling place,2019,232967.8,116483.9,54904.2,2.1216
3-sterling place_2022,3-sterling place,2022,212.0,106.0,54904.2,0.0019
3-sterling place_2024,3-sterling place,2024,158942.0,79471.0,54904.2,1.4474
3-sterling street_2019,3-sterling street,2019,48185.6,17151.1,14884.2,1.1523
3-steuben street_2018,3-steuben street,2018,10680.9,5340.4,5233.0,1.0205
3-stewart avenue_2018,3-stewart avenue,2018,27481.4,13740.7,22452.9,0.612
3-stillwell avenue_2016,3-stillwell avenue,2016,797346.3,350591.0,86616.5,4.0476
3-stillwell avenue_2017,3-stillwell avenue,2017,172653.4,86326.7,86616.5,0.9967
3-stockholm street_2022,3-stockholm street,2022,37700.0,18850.0,16499.3,1.1425
3-stockton street_2022,3-stockton street,2022,408.0,204.0,4422.2,0.0461
3-strauss street_2019,3-strauss street,2019,34337.6,15934.0,16780.5,0.9496
3-strauss street_2024,3-strauss street,2024,294.0,147.0,16780.5,0.0088
3-street edward south street_2017,3-street edward south street,2017,913.3,456.7,,
3-street edwards street_2016,3-street edwards street,2016,10993.4,2198.7,4519.1,0.4865
3-street edwards street_2017,3-street edwards street,2017,31321.4,15660.7,4519.1,3.4654
3-street felix street_2022,3-street felix street,2022,5866.0,2933.0,4152.7,0.7063
3-street james place_2018,3-street james place,2018,21252.0,10626.0,11834.9,0.8979
3-street james place_2024,3-street james place,2024,17302.0,8651.0,11834.9,0.731
3-street johns place_2017,3-street johns place,2017,88027.6,44013.8,73464.3,0.5991
3-street johns place_2019,3-street johns place,2019,166761.6,83380.8,73464.3,1.135
3-street johns place_2020,3-street johns place,2020,71092.0,32106.3,73464.3,0.437
3-street johns place_2022,3-street johns place,2022,392.0,196.0,73464.3,0.0027
3-street marks avenue_2016,3-street marks avenue,2016,3894.7,1947.3,63402.1,0.0307
3-street marks avenue_2017,3-street marks avenue,2017,58314.6,29157.3,63402.1,0.4599
3-street marks avenue_2021,3-street marks avenue,2021,54471.9,18635.1,63402.1,0.2939
3-street marks avenue_2022,3-street marks avenue,2022,22114.0,11057.0,63402.1,0.1744
3-street marks avenue_2023,3-street marks avenue,2023,5556.0,2778.0,63402.1,0.0438
3-street marks place_2023,3-street marks place,2023,29336.0,9634.0,5126.8,1.8791
3-street nicholas avenue_2021,3-street nicholas avenue,2021,55905.3,17201.6,15463.3,1.1124
3-street nicholas avenue_2025,3-street nicholas avenue,2025,10764.0,5382.0,15463.3,0.348
3-strickland avenue_2022,3-strickland avenue,2022,131202.0,40697.0,20894.1,1.9478
3-strong place_2018,3-strong place,2018,4666.7,2333.3,2375.1,0.9824
3-stuart street_2023,3-stuart street,2023,110946.0,34035.0,18397.8,1.8499
3-stuyvesant avenue_2021,3-stuyvesant avenue,2021,97476.0,48738.0,22887.9,2.1294
3-sullivan place_2020,3-sullivan place,2020,46004.4,23002.2,9475.3,2.4276
3-sullivan street_2017,3-sullivan street,2017,10053.3,5026.7,6956.4,0.7226
3-summit street_2023,3-summit street,2023,8400.0,4200.0,5496.1,0.7642
3-sumpter street_2018,3-sumpter street,2018,15381.3,7690.7,14094.7,0.5456
3-sumpter street_2022,3-sumpter street,2022,14232.0,7116.0,14094.7,0.5049
3-sunnyside avenue_2024,3-sunnyside avenue,2024,18788.0,9394.0,5966.7,1.5744
3-sunnyside court_2024,3-sunnyside court,2024,1000.0,500.0,511.6,0.9773
3-surf avenue_2019,3-surf avenue,2019,289425.3,102201.1,71965.7,1.4201
3-sutter avenue_2016,3-sutter avenue,2016,12932.2,5936.1,66270.9,0.0896
3-sutter avenue_2017,3-sutter avenue,2017,25760.0,12880.0,66270.9,0.1944
3-sutter avenue_2018,3-sutter avenue,2018,38757.1,19378.5,66270.9,0.2924
3-sutter avenue_2019,3-sutter avenue,2019,38357.3,19178.7,66270.9,0.2894
3-sutter avenue_2020,3-sutter avenue,2020,15333.4,7666.7,66270.9,0.1157
3-sutter avenue_2022,3-sutter avenue,2022,52510.0,26255.0,66270.9,0.3962
3-sutter avenue_2024,3-sutter avenue,2024,88748.0,44374.0,66270.9,0.6696
3-sutter avenue_2025,3-sutter avenue,2025,51904.0,25952.0,66270.9,0.3916
3-suydam street_2017,3-suydam street,2017,8150.0,2716.7,18843.6,0.1442
3-suydam street_2022,3-suydam street,2022,24368.0,12184.0,18843.6,0.6466
3-taaffe place_2024,3-taaffe place,2024,14774.0,7387.0,7748.2,0.9534
3-tapscott street_2018,3-tapscott street,2018,328761.4,99960.7,6984.6,14.3116
3-taylor street_2019,3-taylor street,2019,70574.3,35287.1,6324.5,5.5794
3-ten eyck street_2022,3-ten eyck street,2022,242.0,121.0,10137.9,0.0119
3-terrace place_2019,3-terrace place,2019,13992.0,6996.0,9236.7,0.7574
3-thames street_2016,3-thames street,2016,26021.3,13010.6,7116.8,1.8282
3-thatford avenue_2018,3-thatford avenue,2018,13266.7,6633.3,8490.3,0.7813
3-thomas south boyland street_2018,3-thomas south boyland street,2018,102181.6,51090.8,53396.7,0.9568
3-thomas south boyland street_2022,3-thomas south boyland street,2022,384.0,192.0,53396.7,0.0036
3-thomas south boyland street_2024,3-thomas south boyland street,2024,374.0,187.0,53396.7,0.0035
3-thomas south boyland street_2025,3-thomas south boyland street,2025,23152.0,11576.0,53396.7,0.2168
3-throop avenue_2017,3-throop avenue,2017,33676.4,16838.2,37350.0,0.4508
3-throop avenue_2018,3-throop avenue,2018,4389.8,2194.9,37350.0,0.0588
3-throop avenue_2020,3-throop avenue,2020,21114.0,10056.4,37350.0,0.2692
3-tilden avenue_2016,3-tilden avenue,2016,19644.5,9822.2,35459.5,0.277
3-tilden avenue_2018,3-tilden avenue,2018,32376.0,16188.0,35459.5,0.4565
3-tillary street_2017,3-tillary street,2017,48735.8,24367.9,29594.6,0.8234
3-times plaza_2021,3-times plaza,2021,5733.9,5733.9,,
3-tompkins avenue_2017,3-tompkins avenue,2017,17264.4,8632.2,24593.9,0.351
3-tompkins avenue_2021,3-tompkins avenue,2021,10034.3,4300.4,24593.9,0.1749
3-tompkins avenue_2022,3-tompkins avenue,2022,66008.0,33004.0,24593.9,1.342
3-tompkins place_2016,3-tompkins place,2016,4433.3,2216.7,2270.8,0.9762
3-tompkins place_2024,3-tompkins place,2024,4334.0,2167.0,2270.8,0.9543
3-troy avenue_2016,3-troy avenue,2016,31367.2,14642.2,83711.9,0.1749
3-troy avenue_2018,3-troy avenue,2018,7841.8,3920.9,83711.9,0.0468
3-troy avenue_2019,3-troy avenue,2019,56426.2,27856.2,83711.9,0.3328
3-troy avenue_2021,3-troy avenue,2021,43742.7,13770.9,83711.9,0.1645
3-troy avenue_2022,3-troy avenue,2022,78536.0,31614.0,83711.9,0.3777
3-troy avenue_2023,3-troy avenue,2023,26317.0,10836.0,83711.9,0.1294
3-truxton street_2017,3-truxton street,2017,39361.0,19680.5,4439.0,4.4335
3-tudor terrace_2018,3-tudor terrace,2018,1740.0,870.0,333.7,2.6071
3-twin pines drive_2016,3-twin pines drive,2016,62784.0,20928.0,1870.6,11.1879
3-underhill avenue_2022,3-underhill avenue,2022,18622.0,9311.0,11098.4,0.8389
3-union street_2017,3-union street,2017,66013.3,14096.7,76396.7,0.1845
3-union street_2018,3-union street,2018,36340.0,18170.0,76396.7,0.2378
3-union street_2019,3-union street,2019,70996.5,35498.2,76396.7,0.4647
3-union street_2022,3-union street,2022,72110.0,36055.0,76396.7,0.4719
3-union street_2023,3-union street,2023,22960.0,11480.0,76396.7,0.1503
3-utah walk_2021,3-utah walk,2021,504.0,168.0,347.3,0.4837
3-utica avenue_2016,3-utica avenue,2016,166485.3,80092.4,147204.9,0.5441
3-utica avenue_2020,3-utica avenue,2020,27404.4,13702.2,147204.9,0.0931
3-utica avenue_2022,3-utica avenue,2022,84054.0,42027.0,147204.9,0.2855
3-utica avenue_2024,3-utica avenue,2024,23394.0,11697.0,147204.9,0.0795
3-van brunt street_2021,3-van brunt street,2021,56409.3,21670.0,21296.0,1.0176
3-van buren street_2021,3-van buren street,2021,30102.9,11467.8,17883.5,0.6413
3-van dam street_2019,3-van dam street,2019,12973.3,6486.7,2278.8,2.8465
3-van dyke street_2022,3-van dyke street,2022,20232.0,10116.0,10944.7,0.9243
3-van sicklen street_2019,3-van sicklen street,2019,13500.0,6750.0,15286.2,0.4416
3-van sicklen street_2021,3-van sicklen street,2021,40137.2,14334.7,15286.2,0.9378
3-van siclen avenue_2016,3-van siclen avenue,2016,34076.7,8403.3,47694.3,0.1762
3-van siclen avenue_2018,3-van siclen avenue,2018,329030.7,125149.3,47694.3,2.624
3-van siclen avenue_2019,3-van siclen avenue,2019,24560.0,12280.0,47694.3,0.2575
3-van siclen avenue_2023,3-van siclen avenue,2023,578.0,289.0,47694.3,0.0061
3-van siclen avenue_2024,3-van siclen avenue,2024,46936.0,23468.0,47694.3,0.4921
3-van sinderen avenue_2023,3-van sinderen avenue,2023,43188.0,21594.0,20375.5,1.0598
3-vandalia avenue_2022,3-vandalia avenue,2022,141354.0,70677.0,44314.3,1.5949
3-vanderbilt avenue_2018,3-vanderbilt avenue,2018,27445.4,8207.3,44153.7,0.1859
3-vanderbilt avenue_2019,3-vanderbilt avenue,2019,21625.3,10812.7,44153.7,0.2449
3-vanderbilt avenue_2020,3-vanderbilt avenue,2020,13969.8,6984.9,44153.7,0.1582
3-vanderbilt avenue_2022,3-vanderbilt avenue,2022,20394.0,10197.0,44153.7,0.2309
3-vanderbilt avenue_2024,3-vanderbilt avenue,2024,15074.0,7537.0,44153.7,0.1707
3-vanderbilt street_2016,3-vanderbilt street,2016,49220.1,12743.4,6908.5,1.8446
3-vanderveer street_2024,3-vanderveer street,2024,2900.0,1450.0,991.3,1.4627
3-vandervoort avenue_2022,3-vandervoort avenue,2022,39294.0,19647.0,27330.6,0.7189
3-vandervoort avenue_2025,3-vandervoort avenue,2025,23424.0,11712.0,27330.6,0.4285
3-vandervoort place_2016,3-vandervoort place,2016,3048.9,1524.4,525.6,2.9003
3-varet street_2023,3-varet street,2023,23999.0,9083.0,9213.9,0.9858
3-varet street_2024,3-varet street,2024,186.0,93.0,9213.9,0.0101
3-varick avenue_2017,3-varick avenue,2017,51211.5,18822.4,21245.8,0.8859
3-varick avenue_2018,3-varick avenue,2018,9878.2,4939.1,21245.8,0.2325
3-varick street_2025,3-varick street,2025,598.0,299.0,3338.9,0.0896
3-verandah place_2017,3-verandah place,2017,1756.7,878.3,1277.3,0.6876
3-vermont street_2021,3-vermont street,2021,37270.2,15768.2,39462.7,0.3996
3-vermont street_2023,3-vermont street,2023,368.0,184.0,39462.7,0.0047
3-vermont street_2025,3-vermont street,2025,26440.0,13220.0,39462.7,0.335
3-vernon avenue_2025,3-vernon avenue,2025,60696.0,30348.0,16281.7,1.8639
3-verona street_2022,3-verona street,2022,7034.0,3517.0,5888.6,0.5973
3-village road east_2023,3-village road east,2023,426.0,213.0,2288.4,0.0931
3-vista place_2020,3-vista place,2020,1200.0,600.0,686.8,0.8736
3-voorhies avenue_2018,3-voorhies avenue,2018,117212.3,48766.2,24454.4,1.9942
3-wallabout street_2025,3-wallabout street,2025,12466.0,6233.0,16918.2,0.3684
3-walton street_2023,3-walton street,2023,12884.0,6442.0,6679.8,0.9644
3-walworth street_2021,3-walworth street,2021,15768.2,5733.9,7932.6,0.7228
3-warren street_2017,3-warren street,2017,15020.0,5006.7,16788.8,0.2982
3-warren street_2023,3-warren street,2023,51272.0,23136.0,16788.8,1.3781
3-warwick street_2017,3-warwick street,2017,70677.3,35338.6,20271.9,1.7432
3-warwick street_2023,3-warwick street,2023,400.0,200.0,20271.9,0.0099
3-warwick street_2024,3-warwick street,2024,9360.0,4680.0,20271.9,0.2309
3-washington avenue_2018,3-washington avenue,2018,136410.7,68205.3,81592.0,0.8359
3-washington avenue_2020,3-washington avenue,2020,55334.9,22550.4,81592.0,0.2764
3-waterbury street_2022,3-waterbury street,2022,8736.0,4368.0,4858.4,0.8991
3-watkins street_2016,3-watkins street,2016,30853.4,8106.7,10291.2,0.7877
3-watkins street_2023,3-watkins street,2023,15436.0,7718.0,10291.2,0.75
3-waverly avenue_2022,3-waverly avenue,2022,40162.0,20081.0,18944.7,1.06
3-weirfield street_2016,3-weirfield street,2016,3960.0,1980.0,13493.6,0.1467
3-weirfield street_2021,3-weirfield street,2021,14334.7,5733.9,13493.6,0.4249
3-weirfield street_2025,3-weirfield street,2025,14556.0,7278.0,13493.6,0.5394
3-weldon street_2018,3-weldon street,2018,5562.7,2781.3,3272.5,0.8499
3-wellington court_2021,3-wellington court,2021,5733.9,2866.9,2332.4,1.2292
3-west 1 street_2016,3-west 1 street,2016,5400.0,2700.0,17195.0,0.157
3-west 1 street_2021,3-west 1 street,2021,17201.6,5733.9,17195.0,0.3335
3-west 10 street_2018,3-west 10 street,2018,28732.0,14366.0,21425.9,0.6705
3-west 10 street_2019,3-west 10 street,2019,18363.6,9181.8,21425.9,0.4285
3-west 10 street_2021,3-west 10 street,2021,12901.2,4300.4,21425.9,0.2007
3-west 11 street_2017,3-west 11 street,2017,23112.0,11556.0,22978.7,0.5029
3-west 11 street_2022,3-west 11 street,2022,145812.0,72906.0,22978.7,3.1728
3-west 11 street_2023,3-west 11 street,2023,10934.0,5467.0,22978.7,0.2379
3-west 12 street_2021,3-west 12 street,2021,25802.5,10034.3,29767.8,0.3371
3-west 12 street_2022,3-west 12 street,2022,8924.0,4462.0,29767.8,0.1499
3-west 12 street_2024,3-west 12 street,2024,5628.0,2814.0,29767.8,0.0945
3-west 12 street_2025,3-west 12 street,2025,40532.0,20266.0,29767.8,0.6808
3-west 13 street_2018,3-west 13 street,2018,48891.2,24445.6,20900.0,1.1696
3-west 13 street_2024,3-west 13 street,2024,5628.0,2814.0,20900.0,0.1346
3-west 17 street_2018,3-west 17 street,2018,1216.0,608.0,7269.5,0.0836
3-west 2 street_2016,3-west 2 street,2016,5333.4,2666.7,17787.1,0.1499
3-west 2 street_2022,3-west 2 street,2022,16732.0,8366.0,17787.1,0.4703
3-west 22 street_2021,3-west 22 street,2021,5733.9,2866.9,8884.0,0.3227
3-west 23 street_2020,3-west 23 street,2020,115040.1,57520.1,5250.3,10.9556
3-west 24 street_2018,3-west 24 street,2018,69183.4,33363.4,4609.3,7.2383
3-west 25 street_2018,3-west 25 street,2018,86906.7,43453.4,4914.2,8.8424
3-west 29 street_2022,3-west 29 street,2022,35500.0,17750.0,6418.3,2.7655
3-west 3 street_2022,3-west 3 street,2022,46074.0,23037.0,23081.3,0.9981
3-west 30 street_2018,3-west 30 street,2018,22773.3,11386.7,4178.0,2.7254
3-west 31 street_2018,3-west 31 street,2018,73419.9,36710.0,3824.5,9.5986
3-west 32 street_2018,3-west 32 street,2018,55748.6,27874.3,4581.3,6.0844
3-west 33 street_2021,3-west 33 street,2021,172016.4,40137.2,3379.1,11.8781
3-west 35 street_2021,3-west 35 street,2021,20068.6,8600.8,5181.2,1.66
3-west 36 street_2020,3-west 36 street,2020,13440.0,4480.0,8436.1,0.5311
3-west 37 street_2018,3-west 37 street,2018,28266.7,14133.4,6373.8,2.2174
3-west 4 street_2017,3-west 4 street,2017,33154.6,13672.7,15883.2,0.8608
3-west 4 street_2019,3-west 4 street,2019,11713.4,4383.3,15883.2,0.276
3-west 5 street_2017,3-west 5 street,2017,244140.6,122070.3,31286.9,3.9016
3-west 5 street_2018,3-west 5 street,2018,14818.7,7409.3,31286.9,0.2368
3-west 5 street_2022,3-west 5 street,2022,43326.0,21663.0,31286.9,0.6924
3-west 6 street_2021,3-west 6 street,2021,80274.3,25802.5,60177.3,0.4288
3-west 7 street_2020,3-west 7 street,2020,74113.4,27070.0,24284.9,1.1147
3-west 7 street_2021,3-west 7 street,2021,17201.6,8600.8,24284.9,0.3542
3-west 8 street_2016,3-west 8 street,2016,341013.2,120293.3,27079.6,4.4422
3-west 9 street_2018,3-west 9 street,2018,40082.6,19049.3,28119.3,0.6774
3-west 9 street_2021,3-west 9 street,2021,10034.3,4300.4,28119.3,0.1529
3-west avenue_2016,3-west avenue,2016,154800.1,51733.3,4046.2,12.7857
3-west brighton avenue_2016,3-west brighton avenue,2016,135240.1,67620.1,8567.6,7.8925
3-west drive_2016,3-west drive,2016,826116.1,413058.0,28457.2,14.5151
3-west end avenue_2025,3-west end avenue,2025,63084.0,31542.0,12997.7,2.4267
3-west lake drive_2016,3-west lake drive,2016,29586.7,14793.3,,
3-west street_2023,3-west street,2023,20212.0,10106.0,32101.5,0.3148
3-west street_2025,3-west street,2025,21160.0,10580.0,32101.5,0.3296
3-white street_2024,3-white street,2024,11632.0,5816.0,5058.1,1.1498
3-whitman drive_2017,3-whitman drive,2017,108528.1,18088.0,16338.4,1.1071
3-whitman drive_2021,3-whitman drive,2021,41570.6,12901.2,16338.4,0.7896
3-whitney avenue_2020,3-whitney avenue,2020,6264.4,3132.2,6332.3,0.4946
3-williams avenue_2019,3-williams avenue,2019,351592.3,134574.0,26749.2,5.031
3-williamsburg street west_2022,3-williamsburg street west,2022,13894.0,6947.0,15021.7,0.4625
3-williamsburg street west_2023,3-williamsburg street west,2023,21868.0,10934.0,15021.7,0.7279
3-willmohr street_2017,3-willmohr street,2017,16521.6,6445.2,10523.9,0.6124
3-willoughby avenue_2017,3-willoughby avenue,2017,16054.2,7519.2,55691.3,0.135
3-willoughby avenue_2020,3-willoughby avenue,2020,18271.1,8072.2,55691.3,0.1449
3-willoughby avenue_2021,3-willoughby avenue,2021,71673.5,31536.3,55691.3,0.5663
3-willoughby street_2016,3-willoughby street,2016,21406.7,10703.3,10129.3,1.0567
3-willoughby street_2023,3-willoughby street,2023,20682.0,4716.0,10129.3,0.4656
3-willow street_2018,3-willow street,2018,24937.4,11475.4,5226.4,2.1957
3-wilson avenue_2016,3-wilson avenue,2016,34906.8,14053.3,30953.8,0.454
3-wilson avenue_2017,3-wilson avenue,2017,12104.0,6052.0,30953.8,0.1955
3-wilson avenue_2025,3-wilson avenue,2025,83974.0,41987.0,30953.8,1.3564
3-wilson street_2020,3-wilson street,2020,42416.9,21208.5,12034.9,1.7622
3-winthrop street_2016,3-winthrop street,2016,97116.4,39043.6,46651.6,0.8369
3-winthrop street_2023,3-winthrop street,2023,25534.0,9517.0,46651.6,0.204
3-withers street_2025,3-withers street,2025,14636.0,7318.0,11382.1,0.6429
3-wolcott street_2023,3-wolcott street,2023,24383.0,11475.0,11306.4,1.0149
3-woodbine street_2020,3-woodbine street,2020,35993.3,17996.7,13082.9,1.3756
3-woodhull street_2022,3-woodhull street,2022,10646.0,5323.0,5701.9,0.9335
3-woodpoint road_2018,3-woodpoint road,2018,15639.6,6081.8,6659.5,0.9133
3-woodruff avenue_2021,3-woodruff avenue,2021,38703.7,18635.1,6280.6,2.9671
3-woodside avenue_2017,3-woodside avenue,2017,1673.3,836.7,1015.6,0.8238
3-wortman avenue_2016,3-wortman avenue,2016,380436.4,131759.9,41030.8,3.2112
3-wortman avenue_2023,3-wortman avenue,2023,255896.0,127948.0,41030.8,3.1183
3-wortman avenue_2024,3-wortman avenue,2024,1400.0,700.0,41030.8,0.0171
3-wyckoff avenue_2024,3-wyckoff avenue,2024,9528.0,4764.0,26794.3,0.1778
3-wyckoff street_2019,3-wyckoff street,2019,48738.0,24369.0,11878.2,2.0516
3-wyckoff street_2022,3-wyckoff street,2022,15370.0,7685.0,11878.2,0.647
3-wyona street_2020,3-wyona street,2020,35744.4,15325.0,22640.2,0.6769
3-wyona street_2023,3-wyona street,2023,24034.0,12017.0,22640.2,0.5308
3-wythe avenue_2016,3-wythe avenue,2016,75800.9,37900.5,43220.1,0.8769
3-wythe avenue_2020,3-wythe avenue,2020,24440.0,12220.0,43220.1,0.2827
3-wythe avenue_2021,3-wythe avenue,2021,22935.5,11467.8,43220.1,0.2653
3-wythe avenue_2024,3-wythe avenue,2024,1800.0,900.0,43220.1,0.0208
3-wythe avenue_2025,3-wythe avenue,2025,21174.0,10587.0,43220.1,0.245
3-york street_2019,3-york street,2019,62416.1,31208.0,8405.7,3.7127
4-1 street_2019,4-1 street,2019,253760.2,42293.4,10188.6,4.1511
4-10 avenue_2016,4-10 avenue,2016,130517.9,22603.0,26038.3,0.8681
4-10 avenue_2018,4-10 avenue,2018,2714.0,904.7,26038.3,0.0347
4-10 avenue_2019,4-10 avenue,2019,15580.0,6763.3,26038.3,0.2597
4-10 avenue_2021,4-10 avenue,2021,43104.0,21552.0,26038.3,0.8277
4-10 street_2018,4-10 street,2018,1810.2,905.1,22928.7,0.0395
4-10 street_2021,4-10 street,2021,15284.9,6468.5,22928.7,0.2821
4-10 street_2022,4-10 street,2022,480.0,240.0,22928.7,0.0105
4-10 street_2024,4-10 street,2024,220.0,110.0,22928.7,0.0048
4-100 avenue_2020,4-100 avenue,2020,151768.4,3399.1,26287.2,0.1293
4-100 avenue_2023,4-100 avenue,2023,576.0,288.0,26287.2,0.011
4-100 street_2016,4-100 street,2016,5785.0,1446.2,48139.3,0.03
4-100 street_2018,4-100 street,2018,11098.8,5549.4,48139.3,0.1153
4-100 street_2019,4-100 street,2019,20733.3,10366.6,48139.3,0.2153
4-100 street_2020,4-100 street,2020,20403.5,6041.8,48139.3,0.1255
4-100 street_2022,4-100 street,2022,25904.0,12952.0,48139.3,0.2691
4-101 avenue_2019,4-101 avenue,2019,29037.9,13852.8,87546.1,0.1582
4-101 avenue_2020,4-101 avenue,2020,20300.0,5268.7,87546.1,0.0602
4-101 avenue_2022,4-101 avenue,2022,20012.0,10006.0,87546.1,0.1143
4-101 avenue_2023,4-101 avenue,2023,22823.0,9835.0,87546.1,0.1123
4-101 street_2016,4-101 street,2016,13915.7,5995.2,48783.4,0.1229
4-101 street_2018,4-101 street,2018,55939.8,23092.0,48783.4,0.4734
4-101 street_2019,4-101 street,2019,40737.6,14659.5,48783.4,0.3005
4-101 street_2021,4-101 street,2021,61666.8,12333.4,48783.4,0.2528
4-101 street_2024,4-101 street,2024,9026.0,4513.0,48783.4,0.0925
4-101 street_2025,4-101 street,2025,13080.0,6540.0,48783.4,0.1341
4-102 avenue_2018,4-102 avenue,2018,9240.0,3884.2,24236.3,0.1603
4-102 avenue_2023,4-102 avenue,2023,6274.0,3137.0,24236.3,0.1294
4-102 road_2023,4-102 road,2023,2712.0,1356.0,10332.5,0.1312
4-102 street_2016,4-102 street,2016,56939.4,12225.4,80508.3,0.1519
4-102 street_2018,4-102 street,2018,17074.4,7276.5,80508.3,0.0904
4-102 street_2019,4-102 street,2019,65755.8,26876.8,80508.3,0.3338
4-102 street_2021,4-102 street,2021,65826.1,21942.0,80508.3,0.2725
4-102 street_2022,4-102 street,2022,13606.0,6803.0,80508.3,0.0845
4-102 street_2023,4-102 street,2023,7980.0,3990.0,80508.3,0.0496
4-102 street_2025,4-102 street,2025,12290.0,6145.0,80508.3,0.0763
4-103 avenue_2018,4-103 avenue,2018,66548.9,23347.9,62960.1,0.3708
4-103 avenue_2022,4-103 avenue,2022,32620.0,16310.0,62960.1,0.2591
4-103 avenue_2023,4-103 avenue,2023,854.0,427.0,62960.1,0.0068
4-103 drive_2024,4-103 drive,2024,1466.0,733.0,756.9,0.9684
4-103 road_2018,4-103 road,2018,2815.7,1407.8,5687.6,0.2475
4-103 road_2020,4-103 road,2020,4852.9,2426.4,5687.6,0.4266
4-103 road_2023,4-103 road,2023,412.0,206.0,5687.6,0.0362
4-103 road_2024,4-103 road,2024,1534.0,767.0,5687.6,0.1349
4-103 street_2017,4-103 street,2017,22722.0,5711.4,38104.9,0.1499
4-103 street_2020,4-103 street,2020,7186.7,3593.4,38104.9,0.0943
4-103 street_2025,4-103 street,2025,10566.0,5283.0,38104.9,0.1386
4-104 avenue_2018,4-104 avenue,2018,4408.0,1469.3,55530.2,0.0265
4-104 avenue_2020,4-104 avenue,2020,5087.5,2543.8,55530.2,0.0458
4-104 avenue_2021,4-104 avenue,2021,32057.8,13219.4,55530.2,0.2381
4-104 avenue_2022,4-104 avenue,2022,510.0,255.0,55530.2,0.0046
4-104 avenue_2025,4-104 avenue,2025,1518.0,759.0,55530.2,0.0137
4-104 road_2016,4-104 road,2016,1023.7,511.8,1400.2,0.3655
4-104 street_2017,4-104 street,2017,8306.7,4153.3,51030.4,0.0814
4-104 street_2018,4-104 street,2018,89793.3,28032.2,51030.4,0.5493
4-104 street_2020,4-104 street,2020,43622.2,21811.1,51030.4,0.4274
4-104 street_2022,4-104 street,2022,11946.0,5973.0,51030.4,0.117
4-104 street_2025,4-104 street,2025,200.0,100.0,51030.4,0.002
4-105 avenue_2018,4-105 avenue,2018,17621.4,6739.1,29963.8,0.2249
4-105 avenue_2020,4-105 avenue,2020,15003.6,6526.8,29963.8,0.2178
4-105 avenue_2022,4-105 avenue,2022,476.0,238.0,29963.8,0.0079
4-105 avenue_2025,4-105 avenue,2025,5054.0,2527.0,29963.8,0.0843
4-105 place_2024,4-105 place,2024,1466.0,733.0,691.3,1.0603
4-105 street_2016,4-105 street,2016,61730.5,15404.9,29997.7,0.5135
4-105 street_2018,4-105 street,2018,40882.5,9461.2,29997.7,0.3154
4-105 street_2025,4-105 street,2025,200.0,100.0,29997.7,0.0033
4-106 avenue_2018,4-106 avenue,2018,16261.0,6978.4,23885.6,0.2922
4-106 avenue_2021,4-106 avenue,2021,1765.2,882.6,23885.6,0.037
4-106 avenue_2022,4-106 avenue,2022,500.0,250.0,23885.6,0.0105
4-106 road_2020,4-106 road,2020,19978.5,4994.6,2660.4,1.8774
4-106 road_2022,4-106 road,2022,664.0,332.0,2660.4,0.1248
4-106 street_2016,4-106 street,2016,9906.7,4953.3,33772.3,0.1467
4-106 street_2017,4-106 street,2017,51411.5,11602.3,33772.3,0.3435
4-106 street_2018,4-106 street,2018,21638.1,7292.7,33772.3,0.2159
4-106 street_2022,4-106 street,2022,8870.0,4435.0,33772.3,0.1313
4-106 street_2025,4-106 street,2025,200.0,100.0,33772.3,0.003
4-107 avenue_2016,4-107 avenue,2016,28582.5,14291.3,78942.7,0.181
4-107 avenue_2018,4-107 avenue,2018,11902.0,5359.4,78942.7,0.0679
4-107 avenue_2021,4-107 avenue,2021,5053.3,2526.7,78942.7,0.032
4-107 avenue_2024,4-107 avenue,2024,43328.0,21664.0,78942.7,0.2744
4-107 road_2021,4-107 road,2021,2228.9,1114.4,1190.7,0.9359
4-107 street_2017,4-107 street,2017,13844.9,5370.0,40028.5,0.1342
4-107 street_2018,4-107 street,2018,34308.0,12132.3,40028.5,0.3031
4-107 street_2019,4-107 street,2019,58789.4,10770.5,40028.5,0.2691
4-107 street_2022,4-107 street,2022,37660.0,18830.0,40028.5,0.4704
4-108 avenue_2016,4-108 avenue,2016,60346.1,12532.7,31101.8,0.403
4-108 avenue_2018,4-108 avenue,2018,34346.4,15257.9,31101.8,0.4906
4-108 avenue_2024,4-108 avenue,2024,214.0,107.0,31101.8,0.0034
4-108 street_2016,4-108 street,2016,154836.9,56177.6,107035.4,0.5249
4-108 street_2018,4-108 street,2018,29719.0,6988.6,107035.4,0.0653
4-108 street_2019,4-108 street,2019,20259.3,8132.1,107035.4,0.076
4-108 street_2020,4-108 street,2020,21724.4,8633.0,107035.4,0.0807
4-108 street_2024,4-108 street,2024,65732.0,32866.0,107035.4,0.3071
4-109 avenue_2016,4-109 avenue,2016,40858.8,15110.4,100129.9,0.1509
4-109 avenue_2017,4-109 avenue,2017,34564.6,12987.8,100129.9,0.1297
4-109 avenue_2018,4-109 avenue,2018,64122.6,23063.2,100129.9,0.2303
4-109 avenue_2020,4-109 avenue,2020,35295.0,11765.0,100129.9,0.1175
4-109 avenue_2021,4-109 avenue,2021,69585.7,22462.8,100129.9,0.2243
4-109 avenue_2023,4-109 avenue,2023,206.0,103.0,100129.9,0.001
4-109 avenue_2024,4-109 avenue,2024,5266.0,2633.0,100129.9,0.0263
4-109 avenue_2025,4-109 avenue,2025,19390.0,9695.0,100129.9,0.0968
4-109 road_2017,4-109 road,2017,13807.0,6470.8,10771.3,0.6007
4-109 road_2021,4-109 road,2021,1973.2,986.6,10771.3,0.0916
4-109 street_2018,4-109 street,2018,89062.7,16459.4,34318.9,0.4796
4-109 street_2019,4-109 street,2019,1760.0,880.0,34318.9,0.0256
4-109 street_2022,4-109 street,2022,14580.0,7290.0,34318.9,0.2124
4-109 street_2023,4-109 street,2023,280.0,140.0,34318.9,0.0041
4-109 street_2024,4-109 street,2024,21486.0,10743.0,34318.9,0.313
4-11 avenue_2016,4-11 avenue,2016,71215.9,17740.0,51131.7,0.3469
4-11 avenue_2018,4-11 avenue,2018,29387.8,11901.9,51131.7,0.2328
4-11 avenue_2019,4-11 avenue,2019,22713.3,10390.0,51131.7,0.2032
4-11 avenue_2021,4-11 avenue,2021,17756.5,8878.3,51131.7,0.1736
4-11 place_2024,4-11 place,2024,2354.0,1177.0,870.1,1.3527
4-11 street_2018,4-11 street,2018,82256.1,27483.8,45631.7,0.6023
4-11 street_2022,4-11 street,2022,932.0,466.0,45631.7,0.0102
4-11 street_2024,4-11 street,2024,25346.0,12673.0,45631.7,0.2777
4-110 avenue_2017,4-110 avenue,2017,1937.3,968.7,58514.6,0.0166
4-110 avenue_2018,4-110 avenue,2018,21643.2,10821.6,58514.6,0.1849
4-110 avenue_2022,4-110 avenue,2022,336.0,168.0,58514.6,0.0029
4-110 avenue_2023,4-110 avenue,2023,35920.0,17960.0,58514.6,0.3069
4-110 road_2018,4-110 road,2018,2978.0,1489.0,15874.4,0.0938
4-110 road_2022,4-110 road,2022,8108.0,4054.0,15874.4,0.2554
4-110 road_2023,4-110 road,2023,144.0,72.0,15874.4,0.0045
4-110 street_2018,4-110 street,2018,89153.6,32454.0,58222.5,0.5574
4-110 street_2019,4-110 street,2019,27667.3,8304.3,58222.5,0.1426
4-110 street_2022,4-110 street,2022,16920.0,8460.0,58222.5,0.1453
4-110 street_2023,4-110 street,2023,10660.0,5330.0,58222.5,0.0915
4-111 avenue_2016,4-111 avenue,2016,16241.4,6591.6,106275.5,0.062
4-111 avenue_2018,4-111 avenue,2018,161336.8,48696.0,106275.5,0.4582
4-111 avenue_2024,4-111 avenue,2024,40638.0,20319.0,106275.5,0.1912
4-111 avenue_2025,4-111 avenue,2025,55176.0,27588.0,106275.5,0.2596
4-111 road_2016,4-111 road,2016,8745.1,2186.3,13739.9,0.1591
4-111 street_2017,4-111 street,2017,28138.6,9379.5,90697.1,0.1034
4-111 street_2018,4-111 street,2018,65133.3,24561.0,90697.1,0.2708
4-111 street_2021,4-111 street,2021,37859.8,10147.8,90697.1,0.1119
4-111 street_2022,4-111 street,2022,65742.0,32871.0,90697.1,0.3624
4-112 avenue_2016,4-112 avenue,2016,6499.7,2166.6,36776.3,0.0589
4-112 avenue_2020,4-112 avenue,2020,8155.0,3332.2,36776.3,0.0906
4-112 avenue_2023,4-112 avenue,2023,234.0,117.0,36776.3,0.0032
4-112 avenue_2025,4-112 avenue,2025,14066.0,7033.0,36776.3,0.1912
4-112 road_2017,4-112 road,2017,10581.4,4190.7,27409.6,0.1529
4-112 road_2022,4-112 road,2022,37132.0,18566.0,27409.6,0.6774
4-112 road_2023,4-112 road,2023,306.0,153.0,27409.6,0.0056
4-112 street_2018,4-112 street,2018,28430.7,11519.9,58149.8,0.1981
4-112 street_2019,4-112 street,2019,30568.6,14387.8,58149.8,0.2474
4-112 street_2023,4-112 street,2023,32222.0,16111.0,58149.8,0.2771
4-112 street_2025,4-112 street,2025,11718.0,5859.0,58149.8,0.1008
4-113 avenue_2019,4-113 avenue,2019,47183.2,17965.0,40246.8,0.4464
4-113 avenue_2023,4-113 avenue,2023,234.0,117.0,40246.8,0.0029
4-113 avenue_2024,4-113 avenue,2024,912.0,456.0,40246.8,0.0113
4-113 drive_2023,4-113 drive,2023,28520.0,14260.0,12007.1,1.1876
4-113 place_2024,4-113 place,2024,11188.0,5594.0,,
4-113 road_2022,4-113 road,2022,800.0,400.0,6491.8,0.0616
4-113 road_2024,4-113 road,2024,5512.0,2756.0,6491.8,0.4245
4-113 street_2018,4-113 street,2018,41026.5,12346.3,44780.7,0.2757
4-113 street_2019,4-113 street,2019,6096.1,3048.0,44780.7,0.0681
4-113 street_2023,4-113 street,2023,856.0,428.0,44780.7,0.0096
4-113 street_2025,4-113 street,2025,17160.0,8580.0,44780.7,0.1916
4-114 avenue_2016,4-114 avenue,2016,42715.3,14530.3,12334.4,1.178
4-114 avenue_2022,4-114 avenue,2022,586.7,293.3,12334.4,0.0238
4-114 avenue_2023,4-114 avenue,2023,1222.0,611.0,12334.4,0.0495
4-114 avenue_2024,4-114 avenue,2024,8690.0,4345.0,12334.4,0.3523
4-114 avenue_2025,4-114 avenue,2025,300.0,150.0,12334.4,0.0122
4-114 drive_2021,4-114 drive,2021,19367.5,8085.7,12063.6,0.6703
4-114 drive_2022,4-114 drive,2022,1452.0,726.0,12063.6,0.0602
4-114 drive_2023,4-114 drive,2023,8634.0,4317.0,12063.6,0.3579
4-114 drive_2024,4-114 drive,2024,10472.0,5236.0,12063.6,0.434
4-114 place_2017,4-114 place,2017,18126.6,6166.7,13436.2,0.459
4-114 place_2022,4-114 place,2022,312.0,156.0,13436.2,0.0116
4-114 place_2025,4-114 place,2025,310.0,155.0,13436.2,0.0115
4-114 road_2022,4-114 road,2022,38992.0,19496.0,33559.0,0.5809
4-114 road_2023,4-114 road,2023,6244.0,3122.0,33559.0,0.093
4-114 road_2024,4-114 road,2024,494.0,247.0,33559.0,0.0074
4-114 road_2025,4-114 road,2025,7200.0,3600.0,33559.0,0.1073
4-114 street_2019,4-114 street,2019,56471.7,28235.9,61717.4,0.4575
4-114 street_2020,4-114 street,2020,12250.3,4873.9,61717.4,0.079
4-114 street_2022,4-114 street,2022,27758.0,13879.0,61717.4,0.2249
4-114 street_2023,4-114 street,2023,7668.0,2308.0,61717.4,0.0374
4-114 street_2025,4-114 street,2025,14720.0,7360.0,61717.4,0.1193
4-114 terrace_2021,4-114 terrace,2021,3717.7,1858.8,2014.9,0.9225
4-114 terrace_2023,4-114 terrace,2023,214.0,107.0,2014.9,0.0531
4-115 avenue_2016,4-115 avenue,2016,82027.8,37864.0,101464.1,0.3732
4-115 avenue_2017,4-115 avenue,2017,23133.3,7381.6,101464.1,0.0728
4-115 avenue_2019,4-115 avenue,2019,18332.7,7556.7,101464.1,0.0745
4-115 avenue_2022,4-115 avenue,2022,96984.0,48492.0,101464.1,0.4779
4-115 avenue_2023,4-115 avenue,2023,59673.0,20362.0,101464.1,0.2007
4-115 avenue_2024,4-115 avenue,2024,280.0,140.0,101464.1,0.0014
4-115 court_2024,4-115 court,2024,3600.0,1800.0,615.0,2.9268
4-115 drive_2022,4-115 drive,2022,1572.0,786.0,12189.0,0.0645
4-115 drive_2023,4-115 drive,2023,214.0,107.0,12189.0,0.0088
4-115 drive_2024,4-115 drive,2024,296.0,148.0,12189.0,0.0121
4-115 drive_2025,4-115 drive,2025,15202.0,7601.0,12189.0,0.6236
4-115 road_2022,4-115 road,2022,75298.0,37649.0,30785.0,1.223
4-115 road_2023,4-115 road,2023,206.0,103.0,30785.0,0.0033
4-115 road_2024,4-115 road,2024,1400.0,700.0,30785.0,0.0227
4-115 road_2025,4-115 road,2025,16936.0,8468.0,30785.0,0.2751
4-115 street_2019,4-115 street,2019,6220.0,2073.3,54291.1,0.0382
4-115 street_2020,4-115 street,2020,4653.3,2326.7,54291.1,0.0429
4-115 street_2022,4-115 street,2022,312.0,156.0,54291.1,0.0029
4-115 street_2023,4-115 street,2023,272.0,136.0,54291.1,0.0025
4-115 street_2025,4-115 street,2025,14584.0,7292.0,54291.1,0.1343
4-115 terrace_2024,4-115 terrace,2024,3532.0,1766.0,597.8,2.9542
4-116 avenue_2016,4-116 avenue,2016,44601.8,19479.6,93763.1,0.2078
4-116 avenue_2019,4-116 avenue,2019,29267.5,7040.9,93763.1,0.0751
4-116 avenue_2022,4-116 avenue,2022,23677.3,11838.7,93763.1,0.1263
4-116 avenue_2024,4-116 avenue,2024,79008.0,39504.0,93763.1,0.4213
4-116 avenue_2025,4-116 avenue,2025,19622.0,9811.0,93763.1,0.1046
4-116 road_2019,4-116 road,2019,42008.0,16360.1,14864.2,1.1006
4-116 road_2022,4-116 road,2022,1200.0,600.0,14864.2,0.0404
4-116 road_2025,4-116 road,2025,5694.0,2847.0,14864.2,0.1915
4-116 street_2016,4-116 street,2016,46878.0,20089.7,52614.9,0.3818
4-116 street_2018,4-116 street,2018,26138.3,3963.0,52614.9,0.0753
4-116 street_2019,4-116 street,2019,2748.8,1374.4,52614.9,0.0261
4-116 street_2020,4-116 street,2020,9331.1,2538.6,52614.9,0.0482
4-116 street_2022,4-116 street,2022,312.0,156.0,52614.9,0.003
4-116 street_2023,4-116 street,2023,262.0,131.0,52614.9,0.0025
4-116 street_2025,4-116 street,2025,17156.0,8578.0,52614.9,0.163
4-117 road_2018,4-117 road,2018,14809.0,4936.3,8057.0,0.6127
4-117 road_2019,4-117 road,2019,23739.8,8750.5,8057.0,1.0861
4-117 road_2023,4-117 road,2023,200.0,100.0,8057.0,0.0124
4-117 street_2017,4-117 street,2017,18173.3,6836.7,53335.1,0.1282
4-117 street_2020,4-117 street,2020,7817.8,3228.9,53335.1,0.0605
4-117 street_2022,4-117 street,2022,312.0,156.0,53335.1,0.0029
4-117 street_2025,4-117 street,2025,320.0,160.0,53335.1,0.003
4-118 avenue_2018,4-118 avenue,2018,34256.8,15351.1,55262.6,0.2778
4-118 avenue_2019,4-118 avenue,2019,24430.6,11321.9,55262.6,0.2049
4-118 avenue_2022,4-118 avenue,2022,11256.0,5628.0,55262.6,0.1018
4-118 avenue_2023,4-118 avenue,2023,16578.0,8289.0,55262.6,0.15
4-118 road_2018,4-118 road,2018,3428.4,1714.2,10948.1,0.1566
4-118 road_2019,4-118 road,2019,4896.6,2448.3,10948.1,0.2236
4-118 road_2022,4-118 road,2022,336.0,168.0,10948.1,0.0153
4-118 road_2023,4-118 road,2023,16564.0,8282.0,10948.1,0.7565
4-118 street_2019,4-118 street,2019,73359.9,25266.6,56847.1,0.4445
4-118 street_2022,4-118 street,2022,312.0,156.0,56847.1,0.0027
4-118 street_2025,4-118 street,2025,600.0,300.0,56847.1,0.0053
4-119 avenue_2018,4-119 avenue,2018,76975.9,29784.5,65518.1,0.4546
4-119 avenue_2019,4-119 avenue,2019,48589.8,19486.8,65518.1,0.2974
4-119 avenue_2020,4-119 avenue,2020,3789.7,1894.8,65518.1,0.0289
4-119 avenue_2023,4-119 avenue,2023,15026.0,7513.0,65518.1,0.1147
4-119 avenue_2024,4-119 avenue,2024,356.0,178.0,65518.1,0.0027
4-119 avenue_2025,4-119 avenue,2025,24658.0,12329.0,65518.1,0.1882
4-119 drive_2022,4-119 drive,2022,3000.0,1500.0,4828.9,0.3106
4-119 drive_2023,4-119 drive,2023,352.0,176.0,4828.9,0.0364
4-119 road_2019,4-119 road,2019,12633.8,5249.2,15975.6,0.3286
4-119 road_2022,4-119 road,2022,336.0,168.0,15975.6,0.0105
4-119 road_2023,4-119 road,2023,11992.0,5996.0,15975.6,0.3753
4-119 street_2022,4-119 street,2022,318.0,159.0,14895.3,0.0107
4-12 avenue_2017,4-12 avenue,2017,135322.3,25835.4,35567.1,0.7264
4-12 avenue_2021,4-12 avenue,2021,8267.1,3629.5,35567.1,0.102
4-12 road_2019,4-12 road,2019,8537.2,4268.6,20511.0,0.2081
4-12 road_2021,4-12 road,2021,336.0,168.0,20511.0,0.0082
4-12 street_2017,4-12 street,2017,74399.4,22514.1,31182.5,0.722
4-12 street_2018,4-12 street,2018,37320.0,17209.5,31182.5,0.5519
4-12 street_2020,4-12 street,2020,143456.6,57988.5,31182.5,1.8596
4-12 street_2023,4-12 street,2023,13624.0,6812.0,31182.5,0.2185
4-12 street_2024,4-12 street,2024,2281.0,224.0,31182.5,0.0072
4-120 avenue_2018,4-120 avenue,2018,84603.2,36274.0,88585.0,0.4095
4-120 avenue_2019,4-120 avenue,2019,18077.0,3615.4,88585.0,0.0408
4-120 avenue_2023,4-120 avenue,2023,32984.0,16492.0,88585.0,0.1862
4-120 street_2017,4-120 street,2017,15862.0,6488.1,67602.7,0.096
4-120 street_2018,4-120 street,2018,1459.3,729.6,67602.7,0.0108
4-120 street_2019,4-120 street,2019,20407.4,7417.6,67602.7,0.1097
4-120 street_2022,4-120 street,2022,548.0,274.0,67602.7,0.0041
4-120 street_2023,4-120 street,2023,5874.0,2937.0,67602.7,0.0434
4-120 street_2024,4-120 street,2024,26410.0,13205.0,67602.7,0.1953
4-120 street_2025,4-120 street,2025,2564.0,1282.0,67602.7,0.019
4-121 avenue_2019,4-121 avenue,2019,53440.6,19437.8,36353.6,0.5347
4-121 avenue_2020,4-121 avenue,2020,126847.7,47988.0,36353.6,1.32
4-121 avenue_2022,4-121 avenue,2022,336.0,168.0,36353.6,0.0046
4-121 avenue_2023,4-121 avenue,2023,352.0,176.0,36353.6,0.0048
4-121 street_2017,4-121 street,2017,83525.7,19364.5,61254.1,0.3161
4-121 street_2020,4-121 street,2020,30737.4,15368.7,61254.1,0.2509
4-121 street_2022,4-121 street,2022,584.0,292.0,61254.1,0.0048
4-121 street_2023,4-121 street,2023,53196.0,21800.0,61254.1,0.3559
4-121 street_2024,4-121 street,2024,42784.0,21392.0,61254.1,0.3492
4-121 street_2025,4-121 street,2025,3998.0,1999.0,61254.1,0.0326
4-122 avenue_2019,4-122 avenue,2019,8453.4,3438.4,23636.4,0.1455
4-122 avenue_2023,4-122 avenue,2023,30872.0,15436.0,23636.4,0.6531
4-122 avenue_2025,4-122 avenue,2025,214.0,107.0,23636.4,0.0045
4-122 place_2017,4-122 place,2017,36637.3,13013.3,13384.2,0.9723
4-122 place_2025,4-122 place,2025,312.0,156.0,13384.2,0.0117
4-122 street_2017,4-122 street,2017,30812.8,10985.7,34025.4,0.3229
4-122 street_2020,4-122 street,2020,30864.1,10620.4,34025.4,0.3121
4-122 street_2021,4-122 street,2021,202484.4,31950.1,34025.4,0.939
4-122 street_2022,4-122 street,2022,264.0,132.0,34025.4,0.0039
4-122 street_2025,4-122 street,2025,300.0,150.0,34025.4,0.0044
4-123 avenue_2019,4-123 avenue,2019,7321.7,3021.1,14514.0,0.2082
4-123 avenue_2023,4-123 avenue,2023,206.0,103.0,14514.0,0.0071
4-123 street_2017,4-123 street,2017,28076.7,6730.4,70976.7,0.0948
4-123 street_2020,4-123 street,2020,51799.1,17372.9,70976.7,0.2448
4-123 street_2022,4-123 street,2022,33999.0,14799.0,70976.7,0.2085
4-123 street_2023,4-123 street,2023,5492.0,2746.0,70976.7,0.0387
4-123 street_2024,4-123 street,2024,34928.0,17464.0,70976.7,0.2461
4-123 street_2025,4-123 street,2025,6608.0,3304.0,70976.7,0.0466
4-124 avenue_2019,4-124 avenue,2019,2385.5,1192.7,1191.2,1.0013
4-124 place_2016,4-124 place,2016,2752.4,1376.2,1304.8,1.0547
4-124 place_2025,4-124 place,2025,338.0,169.0,1304.8,0.1295
4-124 street_2017,4-124 street,2017,28939.7,8782.8,68515.4,0.1282
4-124 street_2018,4-124 street,2018,10598.5,4469.0,68515.4,0.0652
4-124 street_2020,4-124 street,2020,16476.6,7466.7,68515.4,0.109
4-124 street_2022,4-124 street,2022,1212.0,606.0,68515.4,0.0088
4-124 street_2023,4-124 street,2023,46270.0,12919.0,68515.4,0.1886
4-124 street_2024,4-124 street,2024,42186.0,21093.0,68515.4,0.3079
4-124 street_2025,4-124 street,2025,9618.0,4809.0,68515.4,0.0702
4-125 avenue_2023,4-125 avenue,2023,1428.0,714.0,10043.6,0.0711
4-125 street_2017,4-125 street,2017,8680.0,2170.0,73061.2,0.0297
4-125 street_2020,4-125 street,2020,32769.4,15180.6,73061.2,0.2078
4-125 street_2022,4-125 street,2022,20384.0,10192.0,73061.2,0.1395
4-125 street_2023,4-125 street,2023,15378.0,7689.0,73061.2,0.1052
4-125 street_2025,4-125 street,2025,5860.0,2930.0,73061.2,0.0401
4-126 avenue_2016,4-126 avenue,2016,97236.4,30860.7,7119.6,4.3346
4-126 place_2019,4-126 place,2019,7653.4,3826.7,1457.1,2.6262
4-126 street_2016,4-126 street,2016,120465.7,28898.9,71785.5,0.4026
4-126 street_2017,4-126 street,2017,4397.6,2198.8,71785.5,0.0306
4-126 street_2018,4-126 street,2018,19692.8,7456.9,71785.5,0.1039
4-126 street_2019,4-126 street,2019,259966.0,84727.2,71785.5,1.1803
4-126 street_2020,4-126 street,2020,7573.3,3786.7,71785.5,0.0528
4-126 street_2021,4-126 street,2021,187480.0,27148.4,71785.5,0.3782
4-126 street_2022,4-126 street,2022,1418.0,709.0,71785.5,0.0099
4-126 street_2023,4-126 street,2023,13800.0,6900.0,71785.5,0.0961
4-126 street_2025,4-126 street,2025,10280.0,5140.0,71785.5,0.0716
4-127 street_2017,4-127 street,2017,80289.9,11470.0,78738.4,0.1457
4-127 street_2018,4-127 street,2018,53861.9,14075.1,78738.4,0.1788
4-127 street_2019,4-127 street,2019,11699.3,5849.7,78738.4,0.0743
4-127 street_2020,4-127 street,2020,17792.8,6716.4,78738.4,0.0853
4-127 street_2021,4-127 street,2021,51096.3,17615.1,78738.4,0.2237
4-127 street_2022,4-127 street,2022,2334.0,1167.0,78738.4,0.0148
4-127 street_2023,4-127 street,2023,21928.0,10964.0,78738.4,0.1392
4-127 street_2024,4-127 street,2024,11666.0,5833.0,78738.4,0.0741
4-127 street_2025,4-127 street,2025,8192.0,4096.0,78738.4,0.052
4-128 avenue_2016,4-128 avenue,2016,10296.8,4251.0,16416.1,0.259
4-128 avenue_2021,4-128 avenue,2021,20442.4,6841.1,16416.1,0.4167
4-128 avenue_2023,4-128 avenue,2023,528.0,264.0,16416.1,0.0161
4-128 avenue_2025,4-128 avenue,2025,206.0,103.0,16416.1,0.0063
4-128 street_2017,4-128 street,2017,11036.8,4364.5,47363.5,0.0921
4-128 street_2020,4-128 street,2020,713197.2,22946.6,47363.5,0.4845
4-128 street_2022,4-128 street,2022,304.0,152.0,47363.5,0.0032
4-128 street_2024,4-128 street,2024,28404.0,14202.0,47363.5,0.2999
4-128 street_2025,4-128 street,2025,932.0,466.0,47363.5,0.0098
4-129 avenue_2021,4-129 avenue,2021,15155.4,7577.7,28296.7,0.2678
4-129 avenue_2023,4-129 avenue,2023,14492.0,7246.0,28296.7,0.2561
4-129 avenue_2024,4-129 avenue,2024,670.0,335.0,28296.7,0.0118
4-129 avenue_2025,4-129 avenue,2025,206.0,103.0,28296.7,0.0036
4-129 street_2017,4-129 street,2017,39370.8,11601.9,49278.3,0.2354
4-129 street_2022,4-129 street,2022,2072.0,1036.0,49278.3,0.021
4-129 street_2023,4-129 street,2023,19688.0,9844.0,49278.3,0.1998
4-129 street_2024,4-129 street,2024,12332.0,6166.0,49278.3,0.1251
4-129 street_2025,4-129 street,2025,284.0,142.0,49278.3,0.0029
4-13 avenue_2017,4-13 avenue,2017,63616.7,11446.7,31440.7,0.3641
4-13 street_2017,4-13 street,2017,16834.7,6660.4,11251.8,0.5919
4-13 street_2018,4-13 street,2018,40419.6,20209.8,11251.8,1.7961
4-13 street_2024,4-13 street,2024,234.0,117.0,11251.8,0.0104
4-130 avenue_2019,4-130 avenue,2019,6090.0,3045.0,46570.1,0.0654
4-130 avenue_2020,4-130 avenue,2020,38893.7,14382.8,46570.1,0.3088
4-130 avenue_2023,4-130 avenue,2023,42474.0,21237.0,46570.1,0.456
4-130 avenue_2024,4-130 avenue,2024,9060.0,4530.0,46570.1,0.0973
4-130 drive_2023,4-130 drive,2023,3204.0,1602.0,1336.5,1.1987
4-130 place_2024,4-130 place,2024,354.0,177.0,20629.9,0.0086
4-130 road_2023,4-130 road,2023,3330.0,1665.0,6101.9,0.2729
4-130 road_2024,4-130 road,2024,5576.0,2788.0,6101.9,0.4569
4-130 street_2017,4-130 street,2017,39985.3,9996.3,83156.9,0.1202
4-130 street_2020,4-130 street,2020,178015.0,49317.5,83156.9,0.5931
4-130 street_2022,4-130 street,2022,47236.0,23618.0,83156.9,0.284
4-130 street_2024,4-130 street,2024,61192.0,30596.0,83156.9,0.3679
4-130 street_2025,4-130 street,2025,30526.0,15263.0,83156.9,0.1835
4-131 avenue_2019,4-131 avenue,2019,4970.8,2485.4,36098.9,0.0688
4-131 avenue_2020,4-131 avenue,2020,5392.7,2696.4,36098.9,0.0747
4-131 avenue_2023,4-131 avenue,2023,43442.0,21721.0,36098.9,0.6017
4-131 avenue_2024,4-131 avenue,2024,1006.0,503.0,36098.9,0.0139
4-131 street_2017,4-131 street,2017,18120.1,9060.0,47104.0,0.1923
4-131 street_2020,4-131 street,2020,3413.3,1706.7,47104.0,0.0362
4-131 street_2021,4-131 street,2021,13516.3,4557.8,47104.0,0.0968
4-131 street_2022,4-131 street,2022,19204.0,9602.0,47104.0,0.2038
4-131 street_2024,4-131 street,2024,37412.0,18706.0,47104.0,0.3971
4-131 street_2025,4-131 street,2025,2954.0,1477.0,47104.0,0.0314
4-132 avenue_2020,4-132 avenue,2020,2079.4,1039.7,19524.4,0.0533
4-132 avenue_2022,4-132 avenue,2022,684.0,342.0,19524.4,0.0175
4-132 avenue_2023,4-132 avenue,2023,11618.0,5809.0,19524.4,0.2975
4-132 avenue_2024,4-132 avenue,2024,7806.0,3903.0,19524.4,0.1999
4-132 road_2023,4-132 road,2023,9870.0,4935.0,8196.6,0.6021
4-132 street_2020,4-132 street,2020,2700.0,1350.0,51583.9,0.0262
4-132 street_2021,4-132 street,2021,33183.3,10340.0,51583.9,0.2005
4-132 street_2022,4-132 street,2022,36400.0,18200.0,51583.9,0.3528
4-132 street_2023,4-132 street,2023,3930.0,1310.0,51583.9,0.0254
4-132 street_2024,4-132 street,2024,15228.0,7614.0,51583.9,0.1476
4-132 street_2025,4-132 street,2025,2726.0,1363.0,51583.9,0.0264
4-133 avenue_2017,4-133 avenue,2017,144720.0,5360.0,96842.2,0.0553
4-133 avenue_2020,4-133 avenue,2020,17698.8,5162.8,96842.2,0.0533
4-133 avenue_2021,4-133 avenue,2021,16561.4,8280.7,96842.2,0.0855
4-133 avenue_2022,4-133 avenue,2022,15250.0,7625.0,96842.2,0.0787
4-133 avenue_2023,4-133 avenue,2023,49720.0,24860.0,96842.2,0.2567
4-133 avenue_2024,4-133 avenue,2024,11808.0,5904.0,96842.2,0.061
4-133 place_2018,4-133 place,2018,3409.1,1704.5,2625.9,0.6491
4-133 place_2021,4-133 place,2021,1992.0,996.0,2625.9,0.3793
4-133 road_2022,4-133 road,2022,9426.0,4713.0,7418.1,0.6353
4-133 road_2023,4-133 road,2023,188.0,94.0,7418.1,0.0127
4-133 road_2024,4-133 road,2024,7700.0,3850.0,7418.1,0.519
4-133 street_2020,4-133 street,2020,25139.9,9521.4,38378.6,0.2481
4-133 street_2021,4-133 street,2021,29933.7,9418.6,38378.6,0.2454
4-133 street_2022,4-133 street,2022,21714.0,10857.0,38378.6,0.2829
4-133 street_2023,4-133 street,2023,552.0,276.0,38378.6,0.0072
4-133 street_2025,4-133 street,2025,24024.0,12012.0,38378.6,0.313
4-134 avenue_2020,4-134 avenue,2020,3802.2,1901.1,27870.9,0.0682
4-134 avenue_2022,4-134 avenue,2022,552.0,276.0,27870.9,0.0099
4-134 avenue_2023,4-134 avenue,2023,2432.0,1216.0,27870.9,0.0436
4-134 avenue_2025,4-134 avenue,2025,256.0,128.0,27870.9,0.0046
4-134 place_2024,4-134 place,2024,402.0,201.0,936.4,0.2147
4-134 road_2017,4-134 road,2017,8637.4,2159.3,15084.7,0.1431
4-134 road_2020,4-134 road,2020,14576.8,5783.3,15084.7,0.3834
4-134 road_2023,4-134 road,2023,6696.0,3348.0,15084.7,0.2219
4-134 road_2024,4-134 road,2024,13962.0,6981.0,15084.7,0.4628
4-134 street_2017,4-134 street,2017,11826.6,3932.2,57780.8,0.0681
4-134 street_2020,4-134 street,2020,10386.2,5193.1,57780.8,0.0899
4-134 street_2021,4-134 street,2021,20351.7,5604.2,57780.8,0.097
4-134 street_2023,4-134 street,2023,50811.0,14969.0,57780.8,0.2591
4-134 street_2024,4-134 street,2024,290.0,145.0,57780.8,0.0025
4-134 street_2025,4-134 street,2025,356.0,178.0,57780.8,0.0031
4-135 avenue_2018,4-135 avenue,2018,126174.0,49629.1,74019.4,0.6705
4-135 avenue_2022,4-135 avenue,2022,552.0,276.0,74019.4,0.0037
4-135 avenue_2023,4-135 avenue,2023,306856.3,70017.9,74019.4,0.9459
4-135 avenue_2024,4-135 avenue,2024,2212.0,1106.0,74019.4,0.0149
4-135 avenue_2025,4-135 avenue,2025,1494.0,747.0,74019.4,0.0101
4-135 road_2018,4-135 road,2018,2026.7,1013.3,2198.0,0.461
4-135 street_2018,4-135 street,2018,31628.6,15231.1,46113.7,0.3303
4-135 street_2019,4-135 street,2019,1042.3,521.2,46113.7,0.0113
4-135 street_2020,4-135 street,2020,3194.9,1597.4,46113.7,0.0346
4-135 street_2021,4-135 street,2021,27640.0,10026.7,46113.7,0.2174
4-135 street_2022,4-135 street,2022,400.0,200.0,46113.7,0.0043
4-135 street_2023,4-135 street,2023,37149.0,14608.0,46113.7,0.3168
4-135 street_2025,4-135 street,2025,3588.0,1794.0,46113.7,0.0389
4-136 avenue_2022,4-136 avenue,2022,534.0,267.0,19332.2,0.0138
4-136 avenue_2023,4-136 avenue,2023,15658.0,7829.0,19332.2,0.405
4-136 road_2023,4-136 road,2023,1332.0,666.0,6286.5,0.1059
4-136 street_2016,4-136 street,2016,110768.8,10548.6,31982.1,0.3298
4-136 street_2020,4-136 street,2020,17471.7,2912.0,31982.1,0.0911
4-136 street_2022,4-136 street,2022,15654.0,7827.0,31982.1,0.2447
4-136 street_2023,4-136 street,2023,844.0,422.0,31982.1,0.0132
4-137 avenue_2016,4-137 avenue,2016,214184.0,88819.4,63815.4,1.3918
4-137 avenue_2022,4-137 avenue,2022,712.0,356.0,63815.4,0.0056
4-137 avenue_2023,4-137 avenue,2023,1376.0,688.0,63815.4,0.0108
4-137 avenue_2024,4-137 avenue,2024,39480.0,19740.0,63815.4,0.3093
4-137 avenue_2025,4-137 avenue,2025,8778.0,4389.0,63815.4,0.0688
4-137 street_2020,4-137 street,2020,32800.0,10933.4,27366.2,0.3995
4-137 street_2021,4-137 street,2021,11043.3,3596.7,27366.2,0.1314
4-137 street_2022,4-137 street,2022,6266.0,3133.0,27366.2,0.1145
4-137 street_2023,4-137 street,2023,37647.0,16968.0,27366.2,0.62
4-138 avenue_2021,4-138 avenue,2021,3167.6,1583.8,20584.1,0.0769
4-138 avenue_2023,4-138 avenue,2023,49140.0,24570.0,20584.1,1.1936
4-138 avenue_2024,4-138 avenue,2024,1000.0,500.0,20584.1,0.0243
4-138 place_2016,4-138 place,2016,2834.7,1417.4,6555.9,0.2162
4-138 road_2016,4-138 road,2016,50482.6,7211.8,4126.0,1.7479
4-138 road_2023,4-138 road,2023,1080.0,540.0,4126.0,0.1309
4-138 street_2016,4-138 street,2016,19899.7,9480.1,53720.7,0.1765
4-138 street_2017,4-138 street,2017,175039.7,63658.8,53720.7,1.185
4-138 street_2019,4-138 street,2019,14357.5,7178.8,53720.7,0.1336
4-138 street_2020,4-138 street,2020,17894.4,5084.6,53720.7,0.0946
4-138 street_2022,4-138 street,2022,11346.0,5673.0,53720.7,0.1056
4-138 street_2023,4-138 street,2023,11910.0,5955.0,53720.7,0.1109
4-139 avenue_2018,4-139 avenue,2018,7961.1,3037.8,24947.1,0.1218
4-139 avenue_2021,4-139 avenue,2021,9806.8,4386.0,24947.1,0.1758
4-139 avenue_2023,4-139 avenue,2023,114618.0,57309.0,24947.1,2.2972
4-139 avenue_2024,4-139 avenue,2024,5084.0,2542.0,24947.1,0.1019
4-139 road_2021,4-139 road,2021,2360.0,1180.0,1224.1,0.964
4-139 street_2017,4-139 street,2017,59372.9,21897.6,37704.4,0.5808
4-139 street_2018,4-139 street,2018,1928.0,964.0,37704.4,0.0256
4-139 street_2019,4-139 street,2019,20953.2,8777.6,37704.4,0.2328
4-139 street_2020,4-139 street,2020,8994.4,2998.2,37704.4,0.0795
4-139 street_2021,4-139 street,2021,33191.9,10803.2,37704.4,0.2865
4-139 street_2024,4-139 street,2024,356.0,178.0,37704.4,0.0047
4-139 street_2025,4-139 street,2025,498.0,249.0,37704.4,0.0066
4-14 avenue_2017,4-14 avenue,2017,29152.1,9703.9,72860.8,0.1332
4-14 avenue_2023,4-14 avenue,2023,64154.9,32077.4,72860.8,0.4403
4-14 road_2018,4-14 road,2018,21700.0,6050.0,20464.4,0.2956
4-14 road_2020,4-14 road,2020,20379.2,4550.4,20464.4,0.2224
4-14 road_2021,4-14 road,2021,2787.3,1393.7,20464.4,0.0681
4-14 road_2022,4-14 road,2022,246.0,123.0,20464.4,0.006
4-14 street_2017,4-14 street,2017,53707.5,15378.8,23182.1,0.6634
4-14 street_2024,4-14 street,2024,174.0,87.0,23182.1,0.0038
4-140 avenue_2021,4-140 avenue,2021,10303.5,5151.8,29612.0,0.174
4-140 avenue_2022,4-140 avenue,2022,50374.2,19515.6,29612.0,0.659
4-140 avenue_2023,4-140 avenue,2023,2176.0,1088.0,29612.0,0.0367
4-140 street_2017,4-140 street,2017,17161.6,6467.0,32639.8,0.1981
4-140 street_2018,4-140 street,2018,10187.0,3812.5,32639.8,0.1168
4-140 street_2020,4-140 street,2020,42932.7,12568.8,32639.8,0.3851
4-140 street_2023,4-140 street,2023,10456.0,5228.0,32639.8,0.1602
4-140 street_2024,4-140 street,2024,988.0,494.0,32639.8,0.0151
4-141 avenue_2017,4-141 avenue,2017,5998.3,2999.2,23792.4,0.1261
4-141 avenue_2018,4-141 avenue,2018,4839.3,1613.1,23792.4,0.0678
4-141 avenue_2023,4-141 avenue,2023,1280.0,640.0,23792.4,0.0269
4-141 avenue_2024,4-141 avenue,2024,6400.0,3200.0,23792.4,0.1345
4-141 road_2023,4-141 road,2023,960.0,480.0,4680.0,0.1026
4-141 road_2024,4-141 road,2024,344.0,172.0,4680.0,0.0368
4-141 street_2016,4-141 street,2016,34050.5,7135.9,48794.3,0.1462
4-141 street_2018,4-141 street,2018,44643.8,18710.3,48794.3,0.3835
4-141 street_2019,4-141 street,2019,32117.2,11225.9,48794.3,0.2301
4-141 street_2020,4-141 street,2020,11520.0,3840.0,48794.3,0.0787
4-141 street_2021,4-141 street,2021,8594.2,3099.2,48794.3,0.0635
4-141 street_2023,4-141 street,2023,17022.0,8511.0,48794.3,0.1744
4-141 street_2024,4-141 street,2024,948.0,474.0,48794.3,0.0097
4-142 avenue_2017,4-142 avenue,2017,12016.1,3063.2,7591.8,0.4035
4-142 avenue_2018,4-142 avenue,2018,2856.1,1428.0,7591.8,0.1881
4-142 avenue_2021,4-142 avenue,2021,3806.0,1268.6,7591.8,0.1671
4-142 avenue_2023,4-142 avenue,2023,600.0,300.0,7591.8,0.0395
4-142 place_2023,4-142 place,2023,15060.0,7530.0,5975.2,1.2602
4-142 place_2024,4-142 place,2024,1384.0,692.0,5975.2,0.1158
4-142 road_2023,4-142 road,2023,1688.0,844.0,3860.5,0.2186
4-142 road_2024,4-142 road,2024,312.0,156.0,3860.5,0.0404
4-142 street_2017,4-142 street,2017,33876.0,16938.0,40192.4,0.4214
4-142 street_2018,4-142 street,2018,2664.2,1332.1,40192.4,0.0331
4-142 street_2019,4-142 street,2019,92655.3,17466.5,40192.4,0.4346
4-142 street_2020,4-142 street,2020,20449.0,7523.8,40192.4,0.1872
4-142 street_2021,4-142 street,2021,23555.7,9012.8,40192.4,0.2242
4-142 street_2023,4-142 street,2023,340.0,170.0,40192.4,0.0042
4-142 street_2024,4-142 street,2024,1440.0,720.0,40192.4,0.0179
4-143 avenue_2021,4-143 avenue,2021,9643.8,4821.9,20326.6,0.2372
4-143 avenue_2023,4-143 avenue,2023,1132.0,566.0,20326.6,0.0278
4-143 avenue_2024,4-143 avenue,2024,3304.0,1652.0,20326.6,0.0813
4-143 place_2016,4-143 place,2016,47436.6,23718.3,1062.3,22.3273
4-143 road_2018,4-143 road,2018,4359.3,1453.1,9891.5,0.1469
4-143 road_2023,4-143 road,2023,1060.0,530.0,9891.5,0.0536
4-143 road_2024,4-143 road,2024,1934.0,967.0,9891.5,0.0978
4-143 street_2017,4-143 street,2017,49752.4,18564.2,53811.1,0.345
4-143 street_2018,4-143 street,2018,19838.4,8047.7,53811.1,0.1496
4-143 street_2019,4-143 street,2019,70089.0,16674.9,53811.1,0.3099
4-143 street_2020,4-143 street,2020,58074.1,24508.5,53811.1,0.4555
4-143 street_2021,4-143 street,2021,32574.0,14431.5,53811.1,0.2682
4-143 street_2024,4-143 street,2024,1278.0,639.0,53811.1,0.0119
4-143 street_2025,4-143 street,2025,536.0,268.0,53811.1,0.005
4-144 avenue_2018,4-144 avenue,2018,39353.3,15470.0,37466.5,0.4129
4-144 avenue_2021,4-144 avenue,2021,35076.7,12296.7,37466.5,0.3282
4-144 avenue_2022,4-144 avenue,2022,344.0,172.0,37466.5,0.0046
4-144 avenue_2023,4-144 avenue,2023,5820.0,2910.0,37466.5,0.0777
4-144 avenue_2024,4-144 avenue,2024,9152.0,4576.0,37466.5,0.1221
4-144 road_2018,4-144 road,2018,3248.6,1624.3,9306.8,0.1745
4-144 road_2021,4-144 road,2021,44515.5,14838.5,9306.8,1.5944
4-144 road_2023,4-144 road,2023,208.0,104.0,9306.8,0.0112
4-144 street_2016,4-144 street,2016,74351.2,14836.2,33687.3,0.4404
4-144 street_2017,4-144 street,2017,17094.2,8547.1,33687.3,0.2537
4-144 street_2021,4-144 street,2021,171220.1,75480.9,33687.3,2.2406
4-144 street_2022,4-144 street,2022,10624.0,5312.0,33687.3,0.1577
4-144 street_2024,4-144 street,2024,1022.0,511.0,33687.3,0.0152
4-144 street_2025,4-144 street,2025,432.0,216.0,33687.3,0.0064
4-145 avenue_2021,4-145 avenue,2021,20990.0,7050.0,44815.5,0.1573
4-145 avenue_2022,4-145 avenue,2022,366.0,183.0,44815.5,0.0041
4-145 avenue_2023,4-145 avenue,2023,14000.0,7000.0,44815.5,0.1562
4-145 avenue_2024,4-145 avenue,2024,414.0,207.0,44815.5,0.0046
4-145 place_2020,4-145 place,2020,2678.3,1339.2,6188.0,0.2164
4-145 road_2022,4-145 road,2022,586.2,293.1,27937.6,0.0105
4-145 road_2023,4-145 road,2023,5600.0,2800.0,27937.6,0.1002
4-145 street_2017,4-145 street,2017,8712.3,2904.1,24789.1,0.1172
4-145 street_2020,4-145 street,2020,2656.7,1328.4,24789.1,0.0536
4-145 street_2023,4-145 street,2023,21536.0,10768.0,24789.1,0.4344
4-145 street_2024,4-145 street,2024,978.0,489.0,24789.1,0.0197
4-146 avenue_2022,4-146 avenue,2022,412.0,206.0,28527.0,0.0072
4-146 avenue_2024,4-146 avenue,2024,4866.0,2433.0,28527.0,0.0853
4-146 street_2017,4-146 street,2017,52244.6,18921.0,66586.5,0.2842
4-146 street_2019,4-146 street,2019,5469.0,2734.5,66586.5,0.0411
4-146 street_2022,4-146 street,2022,624.0,312.0,66586.5,0.0047
4-146 street_2023,4-146 street,2023,370.0,185.0,66586.5,0.0028
4-146 street_2024,4-146 street,2024,1538.0,769.0,66586.5,0.0115
4-146 street_2025,4-146 street,2025,474.0,237.0,66586.5,0.0036
4-147 avenue_2024,4-147 avenue,2024,41954.0,20977.0,65879.6,0.3184
4-147 avenue_2025,4-147 avenue,2025,47268.0,23634.0,65879.6,0.3587
4-147 drive_2023,4-147 drive,2023,220.0,110.0,15146.1,0.0073
4-147 place_2017,4-147 place,2017,9075.4,3609.3,10402.2,0.347
4-147 road_2017,4-147 road,2017,11000.0,4340.0,15912.7,0.2727
4-147 road_2023,4-147 road,2023,220.0,110.0,15912.7,0.0069
4-147 street_2016,4-147 street,2016,40911.9,16587.0,94972.1,0.1747
4-147 street_2018,4-147 street,2018,70532.4,23540.5,94972.1,0.2479
4-147 street_2021,4-147 street,2021,19155.9,9057.0,94972.1,0.0954
4-147 street_2023,4-147 street,2023,13880.0,6940.0,94972.1,0.0731
4-147 street_2024,4-147 street,2024,4490.0,2245.0,94972.1,0.0236
4-148 avenue_2017,4-148 avenue,2017,11036.0,3534.0,31577.7,0.1119
4-148 avenue_2020,4-148 avenue,2020,30250.7,15125.3,31577.7,0.479
4-148 avenue_2022,4-148 avenue,2022,444.0,222.0,31577.7,0.007
4-148 avenue_2023,4-148 avenue,2023,220.0,110.0,31577.7,0.0035
4-148 avenue_2024,4-148 avenue,2024,1788.0,894.0,31577.7,0.0283
4-148 drive_2023,4-148 drive,2023,220.0,110.0,18013.2,0.0061
4-148 road_2017,4-148 road,2017,13254.2,5149.5,19226.7,0.2678
4-148 road_2020,4-148 road,2020,5387.1,2693.6,19226.7,0.1401
4-148 road_2023,4-148 road,2023,220.0,110.0,19226.7,0.0057
4-148 street_2018,4-148 street,2018,24919.6,8084.6,76092.5,0.1062
4-148 street_2019,4-148 street,2019,23370.6,6935.8,76092.5,0.0911
4-148 street_2020,4-148 street,2020,10224.3,4388.1,76092.5,0.0577
4-148 street_2021,4-148 street,2021,16021.6,4733.6,76092.5,0.0622
4-148 street_2022,4-148 street,2022,440.0,220.0,76092.5,0.0029
4-148 street_2023,4-148 street,2023,7884.0,3942.0,76092.5,0.0518
4-148 street_2024,4-148 street,2024,772.0,386.0,76092.5,0.0051
4-148 street_2025,4-148 street,2025,5648.0,2824.0,76092.5,0.0371
4-149 avenue_2017,4-149 avenue,2017,5644.0,2822.0,89902.6,0.0314
4-149 avenue_2018,4-149 avenue,2018,38583.5,14344.9,89902.6,0.1596
4-149 avenue_2020,4-149 avenue,2020,21648.0,10357.3,89902.6,0.1152
4-149 avenue_2022,4-149 avenue,2022,3960.0,1980.0,89902.6,0.022
4-149 avenue_2023,4-149 avenue,2023,202212.0,42726.0,89902.6,0.4752
4-149 drive_2023,4-149 drive,2023,266.0,133.0,4631.6,0.0287
4-149 place_2016,4-149 place,2016,23303.0,8407.0,16779.7,0.501
4-149 place_2021,4-149 place,2021,9993.2,1998.6,16779.7,0.1191
4-149 place_2023,4-149 place,2023,222.0,111.0,16779.7,0.0066
4-149 road_2020,4-149 road,2020,11683.5,5841.8,17711.0,0.3298
4-149 road_2023,4-149 road,2023,280.0,140.0,17711.0,0.0079
4-149 street_2017,4-149 street,2017,33040.7,12320.7,87080.5,0.1415
4-149 street_2018,4-149 street,2018,28358.3,12340.6,87080.5,0.1417
4-149 street_2019,4-149 street,2019,5461.7,2730.8,87080.5,0.0314
4-149 street_2020,4-149 street,2020,52967.3,21608.7,87080.5,0.2481
4-149 street_2022,4-149 street,2022,42676.3,17496.1,87080.5,0.2009
4-149 street_2023,4-149 street,2023,43652.0,17161.0,87080.5,0.1971
4-149 street_2024,4-149 street,2024,452.0,226.0,87080.5,0.0026
4-15 avenue_2017,4-15 avenue,2017,4200.0,1400.0,41174.4,0.034
4-15 avenue_2018,4-15 avenue,2018,13662.2,6216.2,41174.4,0.151
4-15 avenue_2021,4-15 avenue,2021,6699.3,2844.6,41174.4,0.0691
4-15 avenue_2022,4-15 avenue,2022,484.0,242.0,41174.4,0.0059
4-15 drive_2017,4-15 drive,2017,4581.6,1845.3,13704.8,0.1346
4-15 drive_2018,4-15 drive,2018,59654.9,15129.7,13704.8,1.104
4-15 drive_2023,4-15 drive,2023,1456.0,728.0,13704.8,0.0531
4-15 road_2017,4-15 road,2017,11623.9,4550.3,11802.5,0.3855
4-15 road_2018,4-15 road,2018,21509.2,10754.6,11802.5,0.9112
4-150 avenue_2018,4-150 avenue,2018,18251.2,6471.9,36368.4,0.178
4-150 avenue_2020,4-150 avenue,2020,3546.7,1773.3,36368.4,0.0488
4-150 avenue_2025,4-150 avenue,2025,472.0,236.0,36368.4,0.0065
4-150 place_2018,4-150 place,2018,10361.1,3583.7,18188.2,0.197
4-150 place_2019,4-150 place,2019,10403.6,5201.8,18188.2,0.286
4-150 place_2020,4-150 place,2020,3056.8,1528.4,18188.2,0.084
4-150 place_2023,4-150 place,2023,254.0,127.0,18188.2,0.007
4-150 road_2020,4-150 road,2020,19961.1,9980.6,5743.0,1.7379
4-150 street_2016,4-150 street,2016,45843.0,16505.2,150726.1,0.1095
4-150 street_2017,4-150 street,2017,38562.0,19281.0,150726.1,0.1279
4-150 street_2018,4-150 street,2018,99885.2,35988.5,150726.1,0.2388
4-150 street_2020,4-150 street,2020,26742.6,7006.7,150726.1,0.0465
4-150 street_2021,4-150 street,2021,68696.8,32619.8,150726.1,0.2164
4-150 street_2022,4-150 street,2022,15240.0,7620.0,150726.1,0.0506
4-150 street_2023,4-150 street,2023,17034.0,7621.0,150726.1,0.0506
4-150 street_2024,4-150 street,2024,45528.0,22764.0,150726.1,0.151
4-150 street_2025,4-150 street,2025,508.0,254.0,150726.1,0.0017
4-151 avenue_2025,4-151 avenue,2025,44608.0,22304.0,18901.9,1.18
4-151 place_2017,4-151 place,2017,1315.4,657.7,4617.1,0.1424
4-151 place_2021,4-151 place,2021,7240.0,3620.0,4617.1,0.784
4-151 street_2018,4-151 street,2018,24269.4,8089.8,7614.7,1.0624
4-151 street_2024,4-151 street,2024,2666.0,1333.0,7614.7,0.1751
4-152 street_2016,4-152 street,2016,10700.3,5350.1,21570.2,0.248
4-152 street_2018,4-152 street,2018,30309.4,9810.3,21570.2,0.4548
4-152 street_2021,4-152 street,2021,8531.8,2843.9,21570.2,0.1318
4-152 street_2022,4-152 street,2022,340.0,170.0,21570.2,0.0079
4-152 street_2023,4-152 street,2023,16.0,8.0,21570.2,0.0004
4-152 street_2024,4-152 street,2024,2866.0,1433.0,21570.2,0.0664
4-153 avenue_2018,4-153 avenue,2018,18166.0,4541.5,18647.5,0.2435
4-153 avenue_2025,4-153 avenue,2025,58330.0,29165.0,18647.5,1.564
4-153 street_2016,4-153 street,2016,1873.3,936.7,50517.8,0.0185
4-153 street_2018,4-153 street,2018,49279.8,19559.4,50517.8,0.3872
4-153 street_2022,4-153 street,2022,428.0,214.0,50517.8,0.0042
4-153 street_2023,4-153 street,2023,604.0,302.0,50517.8,0.006
4-153 street_2024,4-153 street,2024,3388.0,1694.0,50517.8,0.0335
4-153 street_2025,4-153 street,2025,504.0,252.0,50517.8,0.005
4-154 place_2022,4-154 place,2022,556.0,278.0,2713.7,0.1024
4-154 place_2023,4-154 place,2023,5799.0,1933.0,2713.7,0.7123
4-154 street_2019,4-154 street,2019,41019.9,18684.7,66307.5,0.2818
4-154 street_2020,4-154 street,2020,5948.5,2292.4,66307.5,0.0346
4-154 street_2021,4-154 street,2021,143355.9,35126.0,66307.5,0.5297
4-154 street_2022,4-154 street,2022,23544.0,11772.0,66307.5,0.1775
4-154 street_2023,4-154 street,2023,948.0,474.0,66307.5,0.0071
4-154 street_2024,4-154 street,2024,420.0,210.0,66307.5,0.0032
4-155 avenue_2016,4-155 avenue,2016,119508.5,30091.2,29958.8,1.0044
4-155 avenue_2018,4-155 avenue,2018,22526.4,7352.7,29958.8,0.2454
4-155 avenue_2019,4-155 avenue,2019,10115.0,4530.5,29958.8,0.1512
4-155 avenue_2025,4-155 avenue,2025,33508.0,16754.0,29958.8,0.5592
4-155 street_2016,4-155 street,2016,5978.0,1992.7,67019.1,0.0297
4-155 street_2018,4-155 street,2018,2173.3,1086.7,67019.1,0.0162
4-155 street_2020,4-155 street,2020,5024.8,1674.9,67019.1,0.025
4-155 street_2022,4-155 street,2022,17658.0,8829.0,67019.1,0.1317
4-155 street_2023,4-155 street,2023,13014.0,6507.0,67019.1,0.0971
4-155 street_2024,4-155 street,2024,884.0,442.0,67019.1,0.0066
4-156 avenue_2016,4-156 avenue,2016,3930.0,1310.0,35101.3,0.0373
4-156 avenue_2022,4-156 avenue,2022,28352.0,14176.0,35101.3,0.4039
4-156 avenue_2024,4-156 avenue,2024,40496.0,20248.0,35101.3,0.5768
4-156 street_2016,4-156 street,2016,215149.5,63109.2,55524.7,1.1366
4-156 street_2022,4-156 street,2022,15344.0,7672.0,55524.7,0.1382
4-156 street_2023,4-156 street,2023,334.0,167.0,55524.7,0.003
4-156 street_2024,4-156 street,2024,17334.0,8667.0,55524.7,0.1561
4-157 avenue_2019,4-157 avenue,2019,72539.7,17453.4,36564.3,0.4773
4-157 street_2016,4-157 street,2016,34907.8,11262.4,99438.4,0.1133
4-157 street_2022,4-157 street,2022,1064.0,532.0,99438.4,0.0054
4-157 street_2023,4-157 street,2023,846.0,423.0,99438.4,0.0043
4-157 street_2024,4-157 street,2024,87880.0,43940.0,99438.4,0.4419
4-157 street_2025,4-157 street,2025,21570.0,10785.0,99438.4,0.1085
4-158 avenue_2019,4-158 avenue,2019,37727.2,14509.1,27625.0,0.5252
4-158 street_2016,4-158 street,2016,26912.1,12048.1,51771.2,0.2327
4-158 street_2017,4-158 street,2017,660.0,330.0,51771.2,0.0064
4-158 street_2024,4-158 street,2024,29666.0,14833.0,51771.2,0.2865
4-159 avenue_2017,4-159 avenue,2017,17323.3,5780.0,28942.4,0.1997
4-159 avenue_2019,4-159 avenue,2019,21173.3,8360.0,28942.4,0.2888
4-159 road_2017,4-159 road,2017,3706.7,1853.3,286.3,6.4733
4-159 street_2016,4-159 street,2016,45436.0,13294.9,67611.0,0.1966
4-159 street_2017,4-159 street,2017,13068.7,6534.4,67611.0,0.0966
4-159 street_2018,4-159 street,2018,31324.5,12285.0,67611.0,0.1817
4-159 street_2022,4-159 street,2022,1088.0,544.0,67611.0,0.008
4-159 street_2023,4-159 street,2023,266.0,133.0,67611.0,0.002
4-159 street_2025,4-159 street,2025,7694.0,3847.0,67611.0,0.0569
4-16 avenue_2017,4-16 avenue,2017,36364.3,10848.9,47955.5,0.2262
4-16 road_2018,4-16 road,2018,14560.3,2426.7,9823.4,0.247
4-16 road_2019,4-16 road,2019,33468.8,9169.9,9823.4,0.9335
4-160 avenue_2019,4-160 avenue,2019,28946.3,8662.9,29505.5,0.2936
4-160 avenue_2023,4-160 avenue,2023,16432.0,8216.0,29505.5,0.2785
4-160 avenue_2024,4-160 avenue,2024,9066.0,4533.0,29505.5,0.1536
4-160 street_2016,4-160 street,2016,126908.8,29858.3,105801.6,0.2822
4-160 street_2018,4-160 street,2018,34239.1,16012.4,105801.6,0.1513
4-160 street_2019,4-160 street,2019,69222.5,33697.0,105801.6,0.3185
4-160 street_2020,4-160 street,2020,8037.4,4018.7,105801.6,0.038
4-160 street_2022,4-160 street,2022,23906.0,11953.0,105801.6,0.113
4-160 street_2023,4-160 street,2023,29892.0,13096.0,105801.6,0.1238
4-160 street_2024,4-160 street,2024,388.0,194.0,105801.6,0.0018
4-160 street_2025,4-160 street,2025,8524.0,4262.0,105801.6,0.0403
4-161 avenue_2019,4-161 avenue,2019,25301.4,8807.7,19878.6,0.4431
4-161 avenue_2023,4-161 avenue,2023,12547.0,5493.0,19878.6,0.2763
4-161 avenue_2024,4-161 avenue,2024,5398.0,2699.0,19878.6,0.1358
4-161 place_2024,4-161 place,2024,300.0,150.0,1519.7,0.0987
4-161 street_2016,4-161 street,2016,57697.9,17853.1,66390.4,0.2689
4-161 street_2018,4-161 street,2018,7056.4,2849.4,66390.4,0.0429
4-161 street_2020,4-161 street,2020,7774.2,3085.5,66390.4,0.0465
4-161 street_2021,4-161 street,2021,4420.0,2210.0,66390.4,0.0333
4-161 street_2022,4-161 street,2022,1784.0,892.0,66390.4,0.0134
4-161 street_2023,4-161 street,2023,7666.0,3833.0,66390.4,0.0577
4-161 street_2024,4-161 street,2024,388.0,194.0,66390.4,0.0029
4-161 street_2025,4-161 street,2025,9384.0,4692.0,66390.4,0.0707
4-162 avenue_2020,4-162 avenue,2020,23326.7,9450.0,18728.1,0.5046
4-162 avenue_2024,4-162 avenue,2024,4178.0,2089.0,18728.1,0.1115
4-162 street_2016,4-162 street,2016,56331.9,20477.4,71596.3,0.286
4-162 street_2018,4-162 street,2018,4293.6,2146.8,71596.3,0.03
4-162 street_2019,4-162 street,2019,9302.4,3697.3,71596.3,0.0516
4-162 street_2022,4-162 street,2022,1056.0,528.0,71596.3,0.0074
4-162 street_2023,4-162 street,2023,27572.0,13786.0,71596.3,0.1926
4-162 street_2025,4-162 street,2025,9966.0,4983.0,71596.3,0.0696
4-163 avenue_2023,4-163 avenue,2023,32670.0,13853.0,19077.9,0.7261
4-163 avenue_2025,4-163 avenue,2025,6334.0,3167.0,19077.9,0.166
4-163 place_2016,4-163 place,2016,2947.8,1473.9,1429.3,1.0312
4-163 street_2016,4-163 street,2016,4156.8,2078.4,58247.4,0.0357
4-163 street_2018,4-163 street,2018,48734.2,9746.8,58247.4,0.1673
4-163 street_2019,4-163 street,2019,15259.2,3824.6,58247.4,0.0657
4-163 street_2020,4-163 street,2020,4795.6,2397.8,58247.4,0.0412
4-163 street_2021,4-163 street,2021,146846.7,5063.7,58247.4,0.0869
4-163 street_2022,4-163 street,2022,1140.0,570.0,58247.4,0.0098
4-163 street_2023,4-163 street,2023,266.0,133.0,58247.4,0.0023
4-163 street_2024,4-163 street,2024,30998.0,15499.0,58247.4,0.2661
4-163 street_2025,4-163 street,2025,490.0,245.0,58247.4,0.0042
4-164 avenue_2019,4-164 avenue,2019,57329.8,20008.0,20394.6,0.981
4-164 drive_2019,4-164 drive,2019,14020.0,7010.0,1589.1,4.4113
4-164 place_2016,4-164 place,2016,10348.7,4014.0,16618.2,0.2415
4-164 place_2025,4-164 place,2025,11748.0,5874.0,16618.2,0.3535
4-164 road_2019,4-164 road,2019,162400.0,23200.0,4522.2,5.1302
4-164 street_2016,4-164 street,2016,1813.0,906.5,133244.9,0.0068
4-164 street_2017,4-164 street,2017,1677945.2,208295.4,133244.9,1.5633
4-164 street_2018,4-164 street,2018,483053.3,150957.5,133244.9,1.1329
4-164 street_2019,4-164 street,2019,158590.0,79295.0,133244.9,0.5951
4-164 street_2020,4-164 street,2020,22400.7,8799.1,133244.9,0.066
4-164 street_2022,4-164 street,2022,545997.0,137630.0,133244.9,1.0329
4-164 street_2023,4-164 street,2023,4374.0,2187.0,133244.9,0.0164
4-164 street_2024,4-164 street,2024,20574.0,10287.0,133244.9,0.0772
4-164 street_2025,4-164 street,2025,1924.0,962.0,133244.9,0.0072
4-165 avenue_2021,4-165 avenue,2021,155620.0,63220.0,20652.8,3.0611
4-165 street_2016,4-165 street,2016,40715.6,14508.5,73679.4,0.1969
4-165 street_2018,4-165 street,2018,99644.3,32553.4,73679.4,0.4418
4-165 street_2019,4-165 street,2019,87261.1,13511.0,73679.4,0.1834
4-165 street_2020,4-165 street,2020,7616.4,2995.4,73679.4,0.0407
4-165 street_2021,4-165 street,2021,11808.5,5904.2,73679.4,0.0801
4-165 street_2023,4-165 street,2023,4100.0,2050.0,73679.4,0.0278
4-165 street_2024,4-165 street,2024,20480.0,10240.0,73679.4,0.139
4-165 street_2025,4-165 street,2025,9614.0,4807.0,73679.4,0.0652
4-166 street_2016,4-166 street,2016,111572.7,31885.1,104222.5,0.3059
4-166 street_2018,4-166 street,2018,56300.3,23673.2,104222.5,0.2271
4-166 street_2019,4-166 street,2019,5478.2,2739.1,104222.5,0.0263
4-166 street_2020,4-166 street,2020,2310.2,1155.1,104222.5,0.0111
4-166 street_2021,4-166 street,2021,131013.4,45873.8,104222.5,0.4402
4-166 street_2023,4-166 street,2023,15812.0,7906.0,104222.5,0.0759
4-166 street_2024,4-166 street,2024,14336.0,7168.0,104222.5,0.0688
4-166 street_2025,4-166 street,2025,16306.0,8153.0,104222.5,0.0782
4-167 street_2016,4-167 street,2016,30382.9,12093.2,88520.8,0.1366
4-167 street_2018,4-167 street,2018,6778.0,2259.3,88520.8,0.0255
4-167 street_2021,4-167 street,2021,17866.7,3573.3,88520.8,0.0404
4-167 street_2023,4-167 street,2023,624.0,312.0,88520.8,0.0035
4-167 street_2024,4-167 street,2024,368.0,184.0,88520.8,0.0021
4-167 street_2025,4-167 street,2025,17348.0,8674.0,88520.8,0.098
4-168 place_2016,4-168 place,2016,25790.0,9083.3,15214.1,0.597
4-168 place_2021,4-168 place,2021,7173.3,3586.7,15214.1,0.2357
4-168 place_2025,4-168 place,2025,568.0,284.0,15214.1,0.0187
4-168 street_2016,4-168 street,2016,48394.0,11754.9,92895.8,0.1265
4-168 street_2017,4-168 street,2017,1539.8,769.9,92895.8,0.0083
4-168 street_2019,4-168 street,2019,43574.0,15728.1,92895.8,0.1693
4-168 street_2020,4-168 street,2020,53919.0,14809.1,92895.8,0.1594
4-168 street_2021,4-168 street,2021,3586.7,1793.3,92895.8,0.0193
4-168 street_2023,4-168 street,2023,12426.0,6213.0,92895.8,0.0669
4-168 street_2024,4-168 street,2024,280.0,140.0,92895.8,0.0015
4-168 street_2025,4-168 street,2025,15202.0,7601.0,92895.8,0.0818
4-169 street_2016,4-169 street,2016,10528.0,4040.7,91547.7,0.0441
4-169 street_2017,4-169 street,2017,7651.7,3825.8,91547.7,0.0418
4-169 street_2021,4-169 street,2021,181119.0,32756.4,91547.7,0.3578
4-169 street_2023,4-169 street,2023,9402.0,4701.0,91547.7,0.0514
4-169 street_2024,4-169 street,2024,25108.0,12554.0,91547.7,0.1371
4-169 street_2025,4-169 street,2025,11096.0,5548.0,91547.7,0.0606
4-17 avenue_2017,4-17 avenue,2017,103360.4,23604.8,38474.5,0.6135
4-17 avenue_2018,4-17 avenue,2018,6348.6,2507.7,38474.5,0.0652
4-17 avenue_2024,4-17 avenue,2024,14444.0,7222.0,38474.5,0.1877
4-17 road_2018,4-17 road,2018,82023.4,22262.8,20691.3,1.0759
4-17 road_2024,4-17 road,2024,7578.0,3789.0,20691.3,0.1831
4-170 place_2017,4-170 place,2017,2260.0,1130.0,1128.9,1.001
4-170 street_2016,4-170 street,2016,167199.0,40821.6,77619.9,0.5259
4-170 street_2017,4-170 street,2017,2138.7,1069.3,77619.9,0.0138
4-170 street_2020,4-170 street,2020,29488.1,11629.1,77619.9,0.1498
4-170 street_2021,4-170 street,2021,14984.6,7492.3,77619.9,0.0965
4-170 street_2022,4-170 street,2022,17032.0,8516.0,77619.9,0.1097
4-170 street_2023,4-170 street,2023,39574.0,19787.0,77619.9,0.2549
4-170 street_2024,4-170 street,2024,398.0,199.0,77619.9,0.0026
4-170 street_2025,4-170 street,2025,14274.0,7137.0,77619.9,0.0919
4-171 place_2018,4-171 place,2018,7152.0,2796.6,9179.0,0.3047
4-171 street_2016,4-171 street,2016,4833.4,1611.1,56821.7,0.0284
4-171 street_2017,4-171 street,2017,1053.3,526.7,56821.7,0.0093
4-171 street_2021,4-171 street,2021,12005.9,6003.0,56821.7,0.1056
4-171 street_2022,4-171 street,2022,9233.3,4616.7,56821.7,0.0812
4-171 street_2023,4-171 street,2023,24128.0,12064.0,56821.7,0.2123
4-171 street_2025,4-171 street,2025,678.0,339.0,56821.7,0.006
4-172 street_2016,4-172 street,2016,33603.4,11856.5,71643.9,0.1655
4-172 street_2017,4-172 street,2017,1480.0,493.3,71643.9,0.0069
4-172 street_2018,4-172 street,2018,32056.6,9571.1,71643.9,0.1336
4-172 street_2020,4-172 street,2020,17195.2,6303.2,71643.9,0.088
4-172 street_2021,4-172 street,2021,31526.7,13046.5,71643.9,0.1821
4-172 street_2022,4-172 street,2022,19000.0,9500.0,71643.9,0.1326
4-172 street_2023,4-172 street,2023,32870.0,12001.0,71643.9,0.1675
4-172 street_2024,4-172 street,2024,234.0,117.0,71643.9,0.0016
4-172 street_2025,4-172 street,2025,46858.0,23429.0,71643.9,0.327
4-173 street_2018,4-173 street,2018,7506.7,3753.3,42719.5,0.0879
4-173 street_2020,4-173 street,2020,8581.7,4290.8,42719.5,0.1004
4-173 street_2021,4-173 street,2021,13321.0,6660.5,42719.5,0.1559
4-173 street_2022,4-173 street,2022,9088.0,4544.0,42719.5,0.1064
4-173 street_2024,4-173 street,2024,228.0,114.0,42719.5,0.0027
4-173 street_2025,4-173 street,2025,536.0,268.0,42719.5,0.0063
4-174 street_2016,4-174 street,2016,66585.5,15719.4,33382.6,0.4709
4-174 street_2017,4-174 street,2017,3640.0,1820.0,33382.6,0.0545
4-174 street_2018,4-174 street,2018,8405.4,4202.7,33382.6,0.1259
4-174 street_2021,4-174 street,2021,17224.5,6401.7,33382.6,0.1918
4-174 street_2024,4-174 street,2024,272.0,136.0,33382.6,0.0041
4-175 place_2020,4-175 place,2020,58572.0,21644.5,12194.5,1.7749
4-175 place_2024,4-175 place,2024,248.0,124.0,12194.5,0.0102
4-175 street_2016,4-175 street,2016,35519.9,11840.0,56009.4,0.2114
4-175 street_2017,4-175 street,2017,10720.8,4213.1,56009.4,0.0752
4-175 street_2019,4-175 street,2019,3632.6,1816.3,56009.4,0.0324
4-175 street_2020,4-175 street,2020,1606.7,803.3,56009.4,0.0143
4-175 street_2021,4-175 street,2021,6400.5,3200.2,56009.4,0.0571
4-175 street_2022,4-175 street,2022,42292.0,21146.0,56009.4,0.3775
4-175 street_2024,4-175 street,2024,1958.0,979.0,56009.4,0.0175
4-176 place_2024,4-176 place,2024,3600.0,1800.0,1619.8,1.1112
4-176 street_2019,4-176 street,2019,9428.4,4714.2,34506.7,0.1366
4-176 street_2020,4-176 street,2020,101969.4,39199.9,34506.7,1.136
4-176 street_2022,4-176 street,2022,22922.0,11461.0,34506.7,0.3321
4-176 street_2024,4-176 street,2024,8930.0,4465.0,34506.7,0.1294
4-177 street_2020,4-177 street,2020,126542.7,50957.5,39271.2,1.2976
4-177 street_2024,4-177 street,2024,2666.0,1333.0,39271.2,0.0339
4-178 place_2024,4-178 place,2024,27600.0,13800.0,17078.3,0.808
4-178 street_2020,4-178 street,2020,50769.5,19368.7,33468.4,0.5787
4-178 street_2022,4-178 street,2022,14914.0,7457.0,33468.4,0.2228
4-178 street_2024,4-178 street,2024,5498.0,2749.0,33468.4,0.0821
4-179 place_2020,4-179 place,2020,9971.0,2492.7,10582.7,0.2355
4-179 place_2022,4-179 place,2022,16374.0,8187.0,10582.7,0.7736
4-179 place_2024,4-179 place,2024,494.0,247.0,10582.7,0.0233
4-179 street_2022,4-179 street,2022,74709.0,26115.0,33444.6,0.7808
4-179 street_2024,4-179 street,2024,400.0,200.0,33444.6,0.006
4-18 avenue_2017,4-18 avenue,2017,2717.5,1358.8,35858.0,0.0379
4-18 avenue_2018,4-18 avenue,2018,23520.0,3920.0,35858.0,0.1093
4-18 avenue_2019,4-18 avenue,2019,27753.2,8071.4,35858.0,0.2251
4-18 avenue_2024,4-18 avenue,2024,2132.0,1066.0,35858.0,0.0297
4-18 street_2022,4-18 street,2022,3866.0,1933.0,5435.8,0.3556
4-18 street_2024,4-18 street,2024,9630.0,4815.0,5435.8,0.8858
4-180 street_2018,4-180 street,2018,2969.7,1484.8,57266.7,0.0259
4-180 street_2020,4-180 street,2020,22345.9,8467.7,57266.7,0.1479
4-180 street_2022,4-180 street,2022,36074.0,18037.0,57266.7,0.315
4-180 street_2024,4-180 street,2024,13046.0,6523.0,57266.7,0.1139
4-181 street_2020,4-181 street,2020,2915.6,1457.8,34676.6,0.042
4-181 street_2022,4-181 street,2022,50034.0,25017.0,34676.6,0.7214
4-182 place_2018,4-182 place,2018,23910.5,5988.3,8674.6,0.6903
4-182 place_2022,4-182 place,2022,8042.0,4021.0,8674.6,0.4635
4-182 street_2017,4-182 street,2017,89908.9,25491.5,42273.5,0.603
4-182 street_2018,4-182 street,2018,27356.4,9600.6,42273.5,0.2271
4-182 street_2020,4-182 street,2020,18552.4,9276.2,42273.5,0.2194
4-182 street_2022,4-182 street,2022,9588.0,4794.0,42273.5,0.1134
4-183 street_2016,4-183 street,2016,98736.3,26762.1,43767.8,0.6115
4-183 street_2018,4-183 street,2018,40386.2,20193.1,43767.8,0.4614
4-183 street_2020,4-183 street,2020,3716.4,1858.2,43767.8,0.0425
4-183 street_2022,4-183 street,2022,6054.0,3027.0,43767.8,0.0692
4-183 street_2024,4-183 street,2024,3316.0,1658.0,43767.8,0.0379
4-184 place_2022,4-184 place,2022,20838.0,10419.0,6272.2,1.6611
4-184 street_2017,4-184 street,2017,62522.4,21502.9,42135.8,0.5103
4-184 street_2018,4-184 street,2018,45088.6,21819.3,42135.8,0.5178
4-184 street_2020,4-184 street,2020,3416.7,1708.3,42135.8,0.0405
4-184 street_2022,4-184 street,2022,16570.0,8285.0,42135.8,0.1966
4-184 street_2024,4-184 street,2024,382.0,191.0,42135.8,0.0045
4-185 street_2016,4-185 street,2016,38267.9,10336.9,35226.8,0.2934
4-185 street_2018,4-185 street,2018,126167.1,26724.5,35226.8,0.7586
4-185 street_2019,4-185 street,2019,3917.7,1958.9,35226.8,0.0556
4-185 street_2022,4-185 street,2022,20466.0,10233.0,35226.8,0.2905
4-185 street_2024,4-185 street,2024,7706.0,3853.0,35226.8,0.1094
4-185 street_2025,4-185 street,2025,14932.0,7466.0,35226.8,0.2119
4-186 street_2016,4-186 street,2016,40687.0,20343.5,25749.0,0.7901
4-186 street_2019,4-186 street,2019,17826.8,5942.3,25749.0,0.2308
4-186 street_2022,4-186 street,2022,484.0,242.0,25749.0,0.0094
4-186 street_2024,4-186 street,2024,21048.0,10524.0,25749.0,0.4087
4-187 place_2023,4-187 place,2023,14172.0,7086.0,5608.3,1.2635
4-187 street_2016,4-187 street,2016,57363.2,15141.1,24764.3,0.6114
4-187 street_2022,4-187 street,2022,528.0,264.0,24764.3,0.0107
4-187 street_2023,4-187 street,2023,28354.0,11977.0,24764.3,0.4836
4-187 street_2024,4-187 street,2024,9172.0,4586.0,24764.3,0.1852
4-188 street_2018,4-188 street,2018,33032.8,6909.4,87298.9,0.0791
4-188 street_2019,4-188 street,2019,579518.8,289759.4,87298.9,3.3192
4-188 street_2020,4-188 street,2020,14267.6,4790.6,87298.9,0.0549
4-188 street_2022,4-188 street,2022,22244.0,11122.0,87298.9,0.1274
4-188 street_2023,4-188 street,2023,34867.0,11801.0,87298.9,0.1352
4-188 street_2024,4-188 street,2024,678.0,339.0,87298.9,0.0039
4-188 street_2025,4-188 street,2025,37010.0,18505.0,87298.9,0.212
4-189 street_2019,4-189 street,2019,44061.4,16075.6,49881.8,0.3223
4-189 street_2022,4-189 street,2022,15098.0,7549.0,49881.8,0.1513
4-189 street_2024,4-189 street,2024,17416.0,8708.0,49881.8,0.1746
4-19 avenue_2017,4-19 avenue,2017,19471.9,6798.2,56999.4,0.1193
4-19 avenue_2018,4-19 avenue,2018,124461.6,27904.0,56999.4,0.4895
4-19 avenue_2021,4-19 avenue,2021,87618.4,29697.2,56999.4,0.521
4-19 avenue_2024,4-19 avenue,2024,5492.0,2746.0,56999.4,0.0482
4-19 drive_2021,4-19 drive,2021,2988.0,1494.0,1501.5,0.995
4-19 road_2023,4-19 road,2023,19376.0,9688.0,2657.9,3.645
4-19 street_2023,4-19 street,2023,290.0,145.0,22050.2,0.0066
4-19 street_2024,4-19 street,2024,17576.0,8788.0,22050.2,0.3985
4-190 street_2016,4-190 street,2016,70702.0,15249.0,48574.9,0.3139
4-190 street_2019,4-190 street,2019,90612.4,21038.6,48574.9,0.4331
4-190 street_2022,4-190 street,2022,15472.0,7736.0,48574.9,0.1593
4-190 street_2024,4-190 street,2024,5474.0,2737.0,48574.9,0.0563
4-191 street_2019,4-191 street,2019,26568.3,12146.4,32715.5,0.3713
4-191 street_2023,4-191 street,2023,194.0,97.0,32715.5,0.003
4-191 street_2024,4-191 street,2024,426.0,213.0,32715.5,0.0065
4-191 street_2025,4-191 street,2025,5108.0,2554.0,32715.5,0.0781
4-192 street_2017,4-192 street,2017,109932.5,18322.1,63721.8,0.2875
4-192 street_2019,4-192 street,2019,69320.1,16383.0,63721.8,0.2571
4-192 street_2022,4-192 street,2022,14800.0,7400.0,63721.8,0.1161
4-192 street_2023,4-192 street,2023,48912.0,23412.0,63721.8,0.3674
4-192 street_2024,4-192 street,2024,4240.0,2120.0,63721.8,0.0333
4-193 lane_2023,4-193 lane,2023,234.0,117.0,1182.5,0.0989
4-193 street_2019,4-193 street,2019,225466.3,37799.7,74225.4,0.5093
4-193 street_2020,4-193 street,2020,43997.5,14033.2,74225.4,0.1891
4-193 street_2021,4-193 street,2021,11624.9,5055.3,74225.4,0.0681
4-193 street_2022,4-193 street,2022,382.0,191.0,74225.4,0.0026
4-193 street_2023,4-193 street,2023,206.0,103.0,74225.4,0.0014
4-193 street_2024,4-193 street,2024,34340.0,17170.0,74225.4,0.2313
4-193 street_2025,4-193 street,2025,11814.0,5907.0,74225.4,0.0796
4-194 lane_2017,4-194 lane,2017,9413.4,4706.7,1641.1,2.868
4-194 street_2019,4-194 street,2019,3579.3,1789.7,60722.9,0.0295
4-194 street_2020,4-194 street,2020,3718.6,1859.3,60722.9,0.0306
4-194 street_2022,4-194 street,2022,16518.0,8259.0,60722.9,0.136
4-194 street_2023,4-194 street,2023,13198.0,6599.0,60722.9,0.1087
4-195 lane_2023,4-195 lane,2023,16400.0,8200.0,4436.5,1.8483
4-195 place_2019,4-195 place,2019,11184.4,3728.1,2663.3,1.3998
4-195 place_2024,4-195 place,2024,490.0,245.0,2663.3,0.092
4-195 street_2016,4-195 street,2016,18443.9,7877.7,54005.3,0.1459
4-195 street_2017,4-195 street,2017,26514.4,8373.0,54005.3,0.155
4-195 street_2019,4-195 street,2019,25669.8,9245.3,54005.3,0.1712
4-195 street_2020,4-195 street,2020,3660.6,1830.3,54005.3,0.0339
4-195 street_2021,4-195 street,2021,10762.2,3409.1,54005.3,0.0631
4-195 street_2023,4-195 street,2023,20118.0,10059.0,54005.3,0.1863
4-195 street_2024,4-195 street,2024,490.0,245.0,54005.3,0.0045
4-196 place_2016,4-196 place,2016,29800.0,8120.0,16279.4,0.4988
4-196 street_2016,4-196 street,2016,52470.1,4387.8,67035.3,0.0655
4-196 street_2017,4-196 street,2017,202656.2,21442.2,67035.3,0.3199
4-196 street_2020,4-196 street,2020,27724.1,12317.1,67035.3,0.1837
4-196 street_2022,4-196 street,2022,15054.0,7527.0,67035.3,0.1123
4-196 street_2023,4-196 street,2023,13352.0,5876.0,67035.3,0.0877
4-196 street_2024,4-196 street,2024,458.0,229.0,67035.3,0.0034
4-197 street_2016,4-197 street,2016,35506.7,10730.0,69596.5,0.1542
4-197 street_2019,4-197 street,2019,11076.9,3692.3,69596.5,0.0531
4-197 street_2020,4-197 street,2020,37957.1,13424.4,69596.5,0.1929
4-197 street_2023,4-197 street,2023,45231.0,21299.0,69596.5,0.306
4-197 street_2024,4-197 street,2024,426.0,213.0,69596.5,0.0031
4-197 street_2025,4-197 street,2025,9734.0,4867.0,69596.5,0.0699
4-198 street_2016,4-198 street,2016,131871.7,34786.9,62377.5,0.5577
4-198 street_2017,4-198 street,2017,19323.8,8031.9,62377.5,0.1288
4-198 street_2019,4-198 street,2019,24544.0,9803.8,62377.5,0.1572
4-198 street_2023,4-198 street,2023,15620.0,7810.0,62377.5,0.1252
4-198 street_2024,4-198 street,2024,394.0,197.0,62377.5,0.0032
4-198 street_2025,4-198 street,2025,33840.0,16920.0,62377.5,0.2713
4-199 street_2016,4-199 street,2016,72532.1,11850.1,67327.8,0.176
4-199 street_2017,4-199 street,2017,15498.5,5166.2,67327.8,0.0767
4-199 street_2019,4-199 street,2019,52894.0,12360.8,67327.8,0.1836
4-199 street_2021,4-199 street,2021,22036.5,6372.0,67327.8,0.0946
4-199 street_2023,4-199 street,2023,17700.0,8850.0,67327.8,0.1314
4-199 street_2024,4-199 street,2024,490.0,245.0,67327.8,0.0036
4-199 street_2025,4-199 street,2025,56220.0,28110.0,67327.8,0.4175
4-20 avenue_2017,4-20 avenue,2017,22540.5,11270.2,105255.8,0.1071
4-20 avenue_2018,4-20 avenue,2018,7343.3,2566.7,105255.8,0.0244
4-20 avenue_2021,4-20 avenue,2021,294923.2,95387.4,105255.8,0.9062
4-20 avenue_2023,4-20 avenue,2023,1750.0,875.0,105255.8,0.0083
4-20 avenue_2024,4-20 avenue,2024,16000.0,8000.0,105255.8,0.076
4-20 road_2022,4-20 road,2022,34100.0,17050.0,32248.2,0.5287
4-20 road_2023,4-20 road,2023,240.0,120.0,32248.2,0.0037
4-20 road_2024,4-20 road,2024,15068.0,7534.0,32248.2,0.2336
4-20 road_2025,4-20 road,2025,196.0,98.0,32248.2,0.003
4-20 street_2022,4-20 street,2022,5974.0,2987.0,2937.7,1.0168
4-200 street_2017,4-200 street,2017,33624.8,11169.5,48151.8,0.232
4-200 street_2019,4-200 street,2019,21839.7,7184.7,48151.8,0.1492
4-200 street_2020,4-200 street,2020,12521.1,4382.4,48151.8,0.091
4-200 street_2021,4-200 street,2021,25885.9,6927.2,48151.8,0.1439
4-200 street_2022,4-200 street,2022,336.0,168.0,48151.8,0.0035
4-200 street_2023,4-200 street,2023,556.0,278.0,48151.8,0.0058
4-200 street_2024,4-200 street,2024,15066.0,7533.0,48151.8,0.1564
4-201 place_2017,4-201 place,2017,12740.7,4965.8,6184.1,0.803
4-201 street_2017,4-201 street,2017,67114.6,23235.9,79798.3,0.2912
4-201 street_2019,4-201 street,2019,88422.3,21590.1,79798.3,0.2706
4-201 street_2020,4-201 street,2020,46343.0,17776.9,79798.3,0.2228
4-201 street_2022,4-201 street,2022,336.0,168.0,79798.3,0.0021
4-201 street_2023,4-201 street,2023,584.0,292.0,79798.3,0.0037
4-201 street_2024,4-201 street,2024,490.0,245.0,79798.3,0.0031
4-202 street_2017,4-202 street,2017,155319.6,52055.7,92057.7,0.5655
4-202 street_2019,4-202 street,2019,37645.0,12996.8,92057.7,0.1412
4-202 street_2020,4-202 street,2020,30602.4,11598.7,92057.7,0.126
4-202 street_2023,4-202 street,2023,13500.0,6750.0,92057.7,0.0733
4-202 street_2024,4-202 street,2024,948.0,474.0,92057.7,0.0051
4-203 street_2017,4-203 street,2017,40419.6,12222.6,56851.3,0.215
4-203 street_2019,4-203 street,2019,43898.3,16020.0,56851.3,0.2818
4-203 street_2020,4-203 street,2020,42317.2,11660.0,56851.3,0.2051
4-203 street_2022,4-203 street,2022,18966.7,9483.3,56851.3,0.1668
4-204 street_2016,4-204 street,2016,42704.9,20249.1,65395.7,0.3096
4-204 street_2017,4-204 street,2017,20628.2,6358.8,65395.7,0.0972
4-204 street_2019,4-204 street,2019,66006.9,14197.4,65395.7,0.2171
4-204 street_2020,4-204 street,2020,21660.0,9800.0,65395.7,0.1499
4-204 street_2022,4-204 street,2022,39288.0,19644.0,65395.7,0.3004
4-204 street_2023,4-204 street,2023,13334.0,6667.0,65395.7,0.1019
4-204 street_2024,4-204 street,2024,474.0,237.0,65395.7,0.0036
4-205 street_2016,4-205 street,2016,51663.2,14481.7,52244.9,0.2772
4-205 street_2017,4-205 street,2017,7675.8,2558.6,52244.9,0.049
4-205 street_2020,4-205 street,2020,10885.0,3336.6,52244.9,0.0639
4-205 street_2022,4-205 street,2022,2.0,1.0,52244.9,0.0
4-205 street_2023,4-205 street,2023,4782.0,2391.0,52244.9,0.0458
4-205 street_2024,4-205 street,2024,474.0,237.0,52244.9,0.0045
4-206 street_2017,4-206 street,2017,5365.0,2682.5,22854.2,0.1174
4-206 street_2019,4-206 street,2019,41747.8,20873.9,22854.2,0.9134
4-206 street_2021,4-206 street,2021,17683.0,7878.5,22854.2,0.3447
4-206 street_2022,4-206 street,2022,220.0,110.0,22854.2,0.0048
4-206 street_2024,4-206 street,2024,1284.0,642.0,22854.2,0.0281
4-207 street_2016,4-207 street,2016,52621.1,20747.3,45521.4,0.4558
4-207 street_2017,4-207 street,2017,4118.1,2059.1,45521.4,0.0452
4-207 street_2022,4-207 street,2022,54248.0,27124.0,45521.4,0.5959
4-207 street_2023,4-207 street,2023,19674.0,9837.0,45521.4,0.2161
4-207 street_2024,4-207 street,2024,1216.0,608.0,45521.4,0.0134
4-208 place_2020,4-208 place,2020,187898.0,63067.1,4938.4,12.7708
4-208 place_2023,4-208 place,2023,452.0,226.0,4938.4,0.0458
4-208 street_2016,4-208 street,2016,79220.4,24653.6,77813.7,0.3168
4-208 street_2017,4-208 street,2017,130473.4,19819.3,77813.7,0.2547
4-208 street_2022,4-208 street,2022,37122.0,18561.0,77813.7,0.2385
4-208 street_2023,4-208 street,2023,129578.0,33013.0,77813.7,0.4243
4-208 street_2024,4-208 street,2024,1136.0,568.0,77813.7,0.0073
4-209 place_2016,4-209 place,2016,30627.2,11324.6,4432.1,2.5551
4-209 street_2016,4-209 street,2016,28929.6,7974.7,66840.5,0.1193
4-209 street_2017,4-209 street,2017,88312.5,29756.7,66840.5,0.4452
4-209 street_2018,4-209 street,2018,11573.4,5786.7,66840.5,0.0866
4-209 street_2022,4-209 street,2022,15216.0,7608.0,66840.5,0.1138
4-209 street_2023,4-209 street,2023,6948.0,3474.0,66840.5,0.052
4-209 street_2024,4-209 street,2024,1184.0,592.0,66840.5,0.0089
4-209 street_2025,4-209 street,2025,25172.0,12586.0,66840.5,0.1883
4-21 avenue_2017,4-21 avenue,2017,70490.6,17622.6,74022.8,0.2381
4-21 avenue_2018,4-21 avenue,2018,30394.7,10170.4,74022.8,0.1374
4-21 avenue_2022,4-21 avenue,2022,2078.0,1039.0,74022.8,0.014
4-21 avenue_2023,4-21 avenue,2023,49352.0,20860.0,74022.8,0.2818
4-21 avenue_2024,4-21 avenue,2024,11166.0,5583.0,74022.8,0.0754
4-21 avenue_2025,4-21 avenue,2025,30920.0,15460.0,74022.8,0.2089
4-21 drive_2023,4-21 drive,2023,6920.0,3460.0,3429.5,1.0089
4-21 road_2018,4-21 road,2018,12245.8,6122.9,13735.0,0.4458
4-21 road_2022,4-21 road,2022,110.0,55.0,13735.0,0.004
4-21 road_2023,4-21 road,2023,9240.0,4620.0,13735.0,0.3364
4-21 street_2018,4-21 street,2018,2573.0,1286.5,127666.0,0.0101
4-21 street_2022,4-21 street,2022,172116.0,82269.0,127666.0,0.6444
4-21 street_2024,4-21 street,2024,12560.0,6280.0,127666.0,0.0492
4-210 street_2016,4-210 street,2016,7132.3,3566.2,88147.3,0.0405
4-210 street_2021,4-210 street,2021,37899.3,11566.3,88147.3,0.1312
4-210 street_2022,4-210 street,2022,4114.0,2057.0,88147.3,0.0233
4-210 street_2023,4-210 street,2023,22094.0,9497.0,88147.3,0.1077
4-210 street_2024,4-210 street,2024,63380.0,31690.0,88147.3,0.3595
4-210 street_2025,4-210 street,2025,27486.0,13743.0,88147.3,0.1559
4-211 place_2018,4-211 place,2018,11717.8,4472.2,6360.2,0.7032
4-211 place_2025,4-211 place,2025,4300.0,2150.0,6360.2,0.338
4-211 street_2016,4-211 street,2016,1193.3,596.7,81591.9,0.0073
4-211 street_2021,4-211 street,2021,45622.7,13876.4,81591.9,0.1701
4-211 street_2022,4-211 street,2022,19032.0,9516.0,81591.9,0.1166
4-211 street_2024,4-211 street,2024,3012.0,1506.0,81591.9,0.0185
4-211 street_2025,4-211 street,2025,137872.0,68936.0,81591.9,0.8449
4-212 place_2017,4-212 place,2017,3783.0,1891.5,14837.2,0.1275
4-212 place_2018,4-212 place,2018,22899.5,8417.5,14837.2,0.5673
4-212 place_2024,4-212 place,2024,1028.0,514.0,14837.2,0.0346
4-212 place_2025,4-212 place,2025,13000.0,6500.0,14837.2,0.4381
4-212 street_2018,4-212 street,2018,232450.4,81011.6,97144.1,0.8339
4-212 street_2022,4-212 street,2022,55658.0,27829.0,97144.1,0.2865
4-212 street_2023,4-212 street,2023,21117.0,8700.0,97144.1,0.0896
4-212 street_2024,4-212 street,2024,12464.0,6232.0,97144.1,0.0642
4-212 street_2025,4-212 street,2025,40676.0,20338.0,97144.1,0.2094
4-213 street_2017,4-213 street,2017,13655.5,6827.8,74742.8,0.0914
4-213 street_2022,4-213 street,2022,466.0,233.0,74742.8,0.0031
4-213 street_2023,4-213 street,2023,36752.0,13533.0,74742.8,0.1811
4-213 street_2024,4-213 street,2024,10574.0,5287.0,74742.8,0.0707
4-213 street_2025,4-213 street,2025,29066.0,14533.0,74742.8,0.1944
4-214 place_2019,4-214 place,2019,57118.7,16233.6,25435.9,0.6382
4-214 place_2022,4-214 place,2022,528.0,264.0,25435.9,0.0104
4-214 place_2023,4-214 place,2023,15171.0,6222.0,25435.9,0.2446
4-214 place_2024,4-214 place,2024,1324.0,662.0,25435.9,0.026
4-214 street_2017,4-214 street,2017,41848.3,11562.2,55131.7,0.2097
4-214 street_2018,4-214 street,2018,12441.6,6220.8,55131.7,0.1128
4-214 street_2021,4-214 street,2021,46527.6,23263.8,55131.7,0.422
4-214 street_2023,4-214 street,2023,29946.0,11053.0,55131.7,0.2005
4-214 street_2024,4-214 street,2024,1292.0,646.0,55131.7,0.0117
4-214 street_2025,4-214 street,2025,200.0,100.0,55131.7,0.0018
4-215 place_2017,4-215 place,2017,10292.8,5146.4,36381.4,0.1415
4-215 place_2019,4-215 place,2019,29159.3,9991.5,36381.4,0.2746
4-215 place_2021,4-215 place,2021,43206.2,14504.5,36381.4,0.3987
4-215 place_2022,4-215 place,2022,436.0,218.0,36381.4,0.006
4-215 place_2023,4-215 place,2023,544.0,272.0,36381.4,0.0075
4-215 place_2024,4-215 place,2024,1728.0,864.0,36381.4,0.0237
4-215 place_2025,4-215 place,2025,17932.0,8966.0,36381.4,0.2464
4-215 street_2016,4-215 street,2016,32019.3,9745.3,82123.5,0.1187
4-215 street_2017,4-215 street,2017,6059.0,3029.5,82123.5,0.0369
4-215 street_2018,4-215 street,2018,101849.9,35264.4,82123.5,0.4294
4-215 street_2019,4-215 street,2019,24820.2,9421.9,82123.5,0.1147
4-215 street_2021,4-215 street,2021,110759.7,39053.5,82123.5,0.4755
4-215 street_2022,4-215 street,2022,480.0,240.0,82123.5,0.0029
4-215 street_2023,4-215 street,2023,466.0,233.0,82123.5,0.0028
4-215 street_2024,4-215 street,2024,1136.0,568.0,82123.5,0.0069
4-216 street_2017,4-216 street,2017,2301.0,1150.5,52221.8,0.022
4-216 street_2018,4-216 street,2018,6382.4,3191.2,52221.8,0.0611
4-216 street_2019,4-216 street,2019,12963.6,4087.4,52221.8,0.0783
4-216 street_2022,4-216 street,2022,466.0,233.0,52221.8,0.0045
4-216 street_2023,4-216 street,2023,466.0,233.0,52221.8,0.0045
4-216 street_2024,4-216 street,2024,1356.0,678.0,52221.8,0.013
4-216 street_2025,4-216 street,2025,14734.0,7367.0,52221.8,0.1411
4-217 street_2018,4-217 street,2018,186097.6,67768.8,93715.3,0.7231
4-217 street_2019,4-217 street,2019,135249.1,57934.5,93715.3,0.6182
4-217 street_2022,4-217 street,2022,8842.0,4421.0,93715.3,0.0472
4-217 street_2023,4-217 street,2023,42966.0,20436.0,93715.3,0.2181
4-217 street_2024,4-217 street,2024,18560.0,9280.0,93715.3,0.099
4-218 place_2023,4-218 place,2023,3276.0,1092.0,14087.1,0.0775
4-218 street_2016,4-218 street,2016,26987.5,8904.2,77198.9,0.1153
4-218 street_2018,4-218 street,2018,4608.1,2304.0,77198.9,0.0298
4-218 street_2019,4-218 street,2019,52553.7,12413.7,77198.9,0.1608
4-218 street_2021,4-218 street,2021,10823.4,4274.8,77198.9,0.0554
4-218 street_2022,4-218 street,2022,9230.0,4615.0,77198.9,0.0598
4-218 street_2023,4-218 street,2023,17302.0,8003.0,77198.9,0.1037
4-218 street_2024,4-218 street,2024,22350.0,11175.0,77198.9,0.1448
4-219 street_2016,4-219 street,2016,48366.7,12908.9,74807.0,0.1726
4-219 street_2018,4-219 street,2018,53462.1,9418.2,74807.0,0.1259
4-219 street_2019,4-219 street,2019,25007.2,9292.5,74807.0,0.1242
4-219 street_2022,4-219 street,2022,29670.0,10709.0,74807.0,0.1432
4-219 street_2023,4-219 street,2023,8792.0,4130.0,74807.0,0.0552
4-219 street_2024,4-219 street,2024,6034.0,3017.0,74807.0,0.0403
4-22 avenue_2022,4-22 avenue,2022,210.0,105.0,34684.6,0.003
4-22 avenue_2023,4-22 avenue,2023,686.0,343.0,34684.6,0.0099
4-22 avenue_2024,4-22 avenue,2024,39800.0,19900.0,34684.6,0.5737
4-22 drive_2022,4-22 drive,2022,7800.0,3900.0,1488.6,2.6199
4-22 street_2020,4-22 street,2020,32525.9,16263.0,16469.2,0.9875
4-22 street_2024,4-22 street,2024,206.0,103.0,16469.2,0.0063
4-220 place_2018,4-220 place,2018,12858.0,2582.6,11263.9,0.2293
4-220 place_2021,4-220 place,2021,6850.1,2283.4,11263.9,0.2027
4-220 place_2022,4-220 place,2022,3264.0,1632.0,11263.9,0.1449
4-220 street_2016,4-220 street,2016,23526.7,6523.3,86757.2,0.0752
4-220 street_2018,4-220 street,2018,3122.9,1561.5,86757.2,0.018
4-220 street_2019,4-220 street,2019,17782.4,6699.3,86757.2,0.0772
4-220 street_2021,4-220 street,2021,11626.7,5093.3,86757.2,0.0587
4-220 street_2022,4-220 street,2022,3768.0,1884.0,86757.2,0.0217
4-220 street_2023,4-220 street,2023,14962.0,7481.0,86757.2,0.0862
4-220 street_2024,4-220 street,2024,14312.0,7156.0,86757.2,0.0825
4-221 street_2016,4-221 street,2016,167751.7,56533.9,80087.4,0.7059
4-221 street_2019,4-221 street,2019,70636.8,26660.2,80087.4,0.3329
4-221 street_2022,4-221 street,2022,622.0,311.0,80087.4,0.0039
4-221 street_2023,4-221 street,2023,22662.0,11331.0,80087.4,0.1415
4-221 street_2024,4-221 street,2024,7044.0,3522.0,80087.4,0.044
4-222 street_2016,4-222 street,2016,50852.5,16210.4,88169.7,0.1839
4-222 street_2018,4-222 street,2018,9089.2,3500.1,88169.7,0.0397
4-222 street_2019,4-222 street,2019,1026.7,513.3,88169.7,0.0058
4-222 street_2022,4-222 street,2022,436.0,218.0,88169.7,0.0025
4-222 street_2023,4-222 street,2023,17894.0,8947.0,88169.7,0.1015
4-222 street_2024,4-222 street,2024,40462.0,20231.0,88169.7,0.2295
4-223 place_2017,4-223 place,2017,576944.6,41265.4,10338.5,3.9914
4-223 place_2022,4-223 place,2022,985.0,492.5,10338.5,0.0476
4-223 place_2024,4-223 place,2024,1712.0,856.0,10338.5,0.0828
4-223 street_2016,4-223 street,2016,21855.0,4587.5,89874.1,0.051
4-223 street_2018,4-223 street,2018,144224.4,27724.4,89874.1,0.3085
4-223 street_2020,4-223 street,2020,54136.0,22366.1,89874.1,0.2489
4-223 street_2021,4-223 street,2021,11769.1,5884.6,89874.1,0.0655
4-223 street_2022,4-223 street,2022,778.0,389.0,89874.1,0.0043
4-223 street_2023,4-223 street,2023,16502.0,8251.0,89874.1,0.0918
4-223 street_2024,4-223 street,2024,24262.0,12131.0,89874.1,0.135
4-224 street_2017,4-224 street,2017,54510.6,17726.8,69969.3,0.2534
4-224 street_2022,4-224 street,2022,19786.0,9893.0,69969.3,0.1414
4-224 street_2023,4-224 street,2023,22248.0,11124.0,69969.3,0.159
4-224 street_2024,4-224 street,2024,42706.0,21353.0,69969.3,0.3052
4-225 street_2016,4-225 street,2016,24840.0,10493.3,77791.1,0.1349
4-225 street_2017,4-225 street,2017,3329.4,1664.7,77791.1,0.0214
4-225 street_2018,4-225 street,2018,8691.8,4345.9,77791.1,0.0559
4-225 street_2019,4-225 street,2019,59014.4,12318.5,77791.1,0.1584
4-225 street_2022,4-225 street,2022,31641.8,15820.9,77791.1,0.2034
4-225 street_2023,4-225 street,2023,22358.0,11179.0,77791.1,0.1437
4-225 street_2024,4-225 street,2024,136308.0,68154.0,77791.1,0.8761
4-226 street_2017,4-226 street,2017,10066.8,1677.8,56577.9,0.0297
4-226 street_2019,4-226 street,2019,24976.1,8300.4,56577.9,0.1467
4-226 street_2020,4-226 street,2020,18768.0,8293.9,56577.9,0.1466
4-226 street_2023,4-226 street,2023,39827.0,16747.0,56577.9,0.296
4-226 street_2024,4-226 street,2024,68858.0,34429.0,56577.9,0.6085
4-227 street_2019,4-227 street,2019,25566.0,8411.2,52949.3,0.1589
4-227 street_2021,4-227 street,2021,68822.2,18524.0,52949.3,0.3498
4-227 street_2023,4-227 street,2023,17392.0,8696.0,52949.3,0.1642
4-227 street_2024,4-227 street,2024,59998.0,29999.0,52949.3,0.5666
4-228 street_2017,4-228 street,2017,5102.2,2551.1,62335.8,0.0409
4-228 street_2019,4-228 street,2019,10929.1,4445.0,62335.8,0.0713
4-228 street_2020,4-228 street,2020,126450.9,40736.1,62335.8,0.6535
4-228 street_2021,4-228 street,2021,54059.6,15427.0,62335.8,0.2475
4-228 street_2022,4-228 street,2022,1970.0,985.0,62335.8,0.0158
4-228 street_2023,4-228 street,2023,10932.0,5466.0,62335.8,0.0877
4-228 street_2024,4-228 street,2024,5768.0,2884.0,62335.8,0.0463
4-229 street_2017,4-229 street,2017,14829.6,2965.9,68384.5,0.0434
4-229 street_2019,4-229 street,2019,31284.3,11338.3,68384.5,0.1658
4-229 street_2022,4-229 street,2022,19658.0,9829.0,68384.5,0.1437
4-229 street_2023,4-229 street,2023,24856.0,11372.0,68384.5,0.1663
4-229 street_2024,4-229 street,2024,83998.0,41999.0,68384.5,0.6142
4-23 avenue_2016,4-23 avenue,2016,13321.0,5225.4,120688.7,0.0433
4-23 avenue_2017,4-23 avenue,2017,436822.7,82444.0,120688.7,0.6831
4-23 avenue_2018,4-23 avenue,2018,230606.2,80975.4,120688.7,0.6709
4-23 avenue_2019,4-23 avenue,2019,16343.6,8171.8,120688.7,0.0677
4-23 avenue_2020,4-23 avenue,2020,21335.9,6086.1,120688.7,0.0504
4-23 avenue_2021,4-23 avenue,2021,27118.5,11544.2,120688.7,0.0957
4-23 avenue_2022,4-23 avenue,2022,26142.0,13071.0,120688.7,0.1083
4-23 avenue_2023,4-23 avenue,2023,6756.0,3378.0,120688.7,0.028
4-23 avenue_2024,4-23 avenue,2024,13064.0,6532.0,120688.7,0.0541
4-23 road_2021,4-23 road,2021,6958.3,3479.2,8811.3,0.3949
4-23 street_2018,4-23 street,2018,11211.1,5605.5,58538.3,0.0958
4-23 street_2024,4-23 street,2024,1430.0,715.0,58538.3,0.0122
4-230 place_2022,4-230 place,2022,5100.0,2550.0,32785.9,0.0778
4-230 place_2024,4-230 place,2024,35560.0,17780.0,32785.9,0.5423
4-230 street_2019,4-230 street,2019,25865.7,6582.8,73667.4,0.0894
4-230 street_2022,4-230 street,2022,22550.2,11275.1,73667.4,0.1531
4-230 street_2024,4-230 street,2024,57428.0,28714.0,73667.4,0.3898
4-231 street_2018,4-231 street,2018,43449.0,13742.9,60216.2,0.2282
4-231 street_2022,4-231 street,2022,1775.6,887.8,60216.2,0.0147
4-231 street_2023,4-231 street,2023,882.0,441.0,60216.2,0.0073
4-231 street_2024,4-231 street,2024,276.0,138.0,60216.2,0.0023
4-231 street_2025,4-231 street,2025,50598.0,25299.0,60216.2,0.4201
4-232 street_2021,4-232 street,2021,55160.0,17592.7,54173.6,0.3247
4-232 street_2023,4-232 street,2023,544.0,272.0,54173.6,0.005
4-232 street_2024,4-232 street,2024,41170.0,20585.0,54173.6,0.38
4-232 street_2025,4-232 street,2025,58030.0,29015.0,54173.6,0.5356
4-233 street_2017,4-233 street,2017,272927.9,68355.6,55110.8,1.2403
4-233 street_2020,4-233 street,2020,6708.0,3354.0,55110.8,0.0609
4-233 street_2021,4-233 street,2021,14080.8,4111.9,55110.8,0.0746
4-233 street_2022,4-233 street,2022,10580.0,5290.0,55110.8,0.096
4-233 street_2023,4-233 street,2023,466.0,233.0,55110.8,0.0042
4-233 street_2024,4-233 street,2024,206.0,103.0,55110.8,0.0019
4-233 street_2025,4-233 street,2025,50400.0,25200.0,55110.8,0.4573
4-234 place_2024,4-234 place,2024,4140.0,2070.0,2108.7,0.9816
4-234 street_2019,4-234 street,2019,25765.4,10068.2,43775.4,0.23
4-234 street_2020,4-234 street,2020,38395.5,14956.5,43775.4,0.3417
4-234 street_2021,4-234 street,2021,44671.5,16056.8,43775.4,0.3668
4-234 street_2023,4-234 street,2023,498.0,249.0,43775.4,0.0057
4-234 street_2024,4-234 street,2024,32764.0,16382.0,43775.4,0.3742
4-235 court_2023,4-235 court,2023,520.0,260.0,3132.6,0.083
4-235 street_2019,4-235 street,2019,41935.1,15650.7,28234.0,0.5543
4-235 street_2021,4-235 street,2021,19335.4,9667.7,28234.0,0.3424
4-235 street_2022,4-235 street,2022,12112.0,6056.0,28234.0,0.2145
4-235 street_2024,4-235 street,2024,214.0,107.0,28234.0,0.0038
4-236 street_2019,4-236 street,2019,9346.5,3858.5,17428.4,0.2214
4-236 street_2020,4-236 street,2020,5933.3,2966.7,17428.4,0.1702
4-236 street_2021,4-236 street,2021,28123.6,10507.6,17428.4,0.6029
4-236 street_2024,4-236 street,2024,220.0,110.0,17428.4,0.0063
4-237 street_2016,4-237 street,2016,2273.3,1136.7,16796.5,0.0677
4-237 street_2019,4-237 street,2019,17285.2,6459.1,16796.5,0.3846
4-237 street_2020,4-237 street,2020,11536.4,5768.2,16796.5,0.3434
4-237 street_2021,4-237 street,2021,25438.0,8869.0,16796.5,0.528
4-238 street_2020,4-238 street,2020,30315.6,13099.5,11471.5,1.1419
4-238 street_2021,4-238 street,2021,32817.0,13280.0,11471.5,1.1577
4-238 street_2022,4-238 street,2022,2426.0,1213.0,11471.5,0.1057
4-239 street_2020,4-239 street,2020,17588.6,6562.1,10334.3,0.635
4-239 street_2022,4-239 street,2022,2382.0,1191.0,10334.3,0.1152
4-239 street_2023,4-239 street,2023,1956.0,978.0,10334.3,0.0946
4-239 street_2025,4-239 street,2025,27600.0,13800.0,10334.3,1.3354
4-24 avenue_2016,4-24 avenue,2016,32069.5,13913.8,76334.3,0.1823
4-24 avenue_2017,4-24 avenue,2017,21653.0,8738.6,76334.3,0.1145
4-24 avenue_2018,4-24 avenue,2018,30478.8,11008.5,76334.3,0.1442
4-24 avenue_2022,4-24 avenue,2022,6790.0,3395.0,76334.3,0.0445
4-24 avenue_2023,4-24 avenue,2023,892.0,446.0,76334.3,0.0058
4-24 road_2017,4-24 road,2017,7115.9,3558.0,27879.3,0.1276
4-24 road_2019,4-24 road,2019,35893.2,12192.9,27879.3,0.4373
4-24 road_2022,4-24 road,2022,270.0,135.0,27879.3,0.0048
4-24 road_2023,4-24 road,2023,1144.0,572.0,27879.3,0.0205
4-24 road_2024,4-24 road,2024,8668.0,4334.0,27879.3,0.1555
4-24 street_2017,4-24 street,2017,15269.0,6832.0,23406.6,0.2919
4-24 street_2019,4-24 street,2019,123976.4,30994.1,23406.6,1.3242
4-24 street_2020,4-24 street,2020,223153.4,47753.4,23406.6,2.0402
4-240 street_2016,4-240 street,2016,19735.5,6578.5,12647.9,0.5201
4-240 street_2019,4-240 street,2019,5059.5,2529.8,12647.9,0.2
4-240 street_2020,4-240 street,2020,17922.9,6709.6,12647.9,0.5305
4-240 street_2022,4-240 street,2022,4640.0,2320.0,12647.9,0.1834
4-240 street_2023,4-240 street,2023,778.0,389.0,12647.9,0.0308
4-241 street_2016,4-241 street,2016,8160.8,2960.8,43256.7,0.0684
4-241 street_2020,4-241 street,2020,16815.5,6334.2,43256.7,0.1464
4-241 street_2021,4-241 street,2021,22669.4,9054.3,43256.7,0.2093
4-241 street_2022,4-241 street,2022,1468.0,734.0,43256.7,0.017
4-241 street_2023,4-241 street,2023,25196.0,12598.0,43256.7,0.2912
4-242 street_2016,4-242 street,2016,65693.6,23104.2,29790.7,0.7756
4-242 street_2019,4-242 street,2019,6701.9,3351.0,29790.7,0.1125
4-242 street_2023,4-242 street,2023,474.0,237.0,29790.7,0.008
4-242 street_2025,4-242 street,2025,24664.0,12332.0,29790.7,0.414
4-243 street_2016,4-243 street,2016,77284.2,30655.5,44581.7,0.6876
4-243 street_2018,4-243 street,2018,22551.8,11275.9,44581.7,0.2529
4-243 street_2019,4-243 street,2019,6226.1,3113.0,44581.7,0.0698
4-243 street_2020,4-243 street,2020,32298.3,13083.3,44581.7,0.2935
4-243 street_2022,4-243 street,2022,1176.0,588.0,44581.7,0.0132
4-243 street_2023,4-243 street,2023,1292.0,646.0,44581.7,0.0145
4-244 street_2022,4-244 street,2022,8102.0,4051.0,33161.8,0.1222
4-244 street_2024,4-244 street,2024,708.0,354.0,33161.8,0.0107
4-244 street_2025,4-244 street,2025,5732.0,2866.0,33161.8,0.0864
4-245 street_2021,4-245 street,2021,3750.6,1581.9,14687.4,0.1077
4-245 street_2022,4-245 street,2022,1202.0,601.0,14687.4,0.0409
4-245 street_2025,4-245 street,2025,6332.0,3166.0,14687.4,0.2156
4-246 street_2016,4-246 street,2016,5675.0,2393.0,26475.7,0.0904
4-246 street_2018,4-246 street,2018,26534.1,11001.8,26475.7,0.4155
4-246 street_2021,4-246 street,2021,17764.0,3939.3,26475.7,0.1488
4-246 street_2023,4-246 street,2023,482.0,241.0,26475.7,0.0091
4-246 street_2025,4-246 street,2025,4668.0,2334.0,26475.7,0.0882
4-247 street_2016,4-247 street,2016,54190.9,14226.3,39388.2,0.3612
4-247 street_2017,4-247 street,2017,18913.0,7054.9,39388.2,0.1791
4-247 street_2021,4-247 street,2021,26546.4,9426.2,39388.2,0.2393
4-247 street_2023,4-247 street,2023,723.0,241.0,39388.2,0.0061
4-247 street_2025,4-247 street,2025,9920.0,4960.0,39388.2,0.1259
4-248 street_2016,4-248 street,2016,70024.3,13774.1,37286.1,0.3694
4-248 street_2017,4-248 street,2017,44745.8,14036.0,37286.1,0.3764
4-248 street_2021,4-248 street,2021,20617.3,8568.4,37286.1,0.2298
4-248 street_2023,4-248 street,2023,723.0,241.0,37286.1,0.0065
4-249 street_2016,4-249 street,2016,25107.5,8561.9,46544.3,0.184
4-249 street_2020,4-249 street,2020,64229.2,15197.8,46544.3,0.3265
4-249 street_2021,4-249 street,2021,18181.8,5462.4,46544.3,0.1174
4-249 street_2023,4-249 street,2023,474.0,237.0,46544.3,0.0051
4-249 street_2025,4-249 street,2025,26548.0,13274.0,46544.3,0.2852
4-25 avenue_2016,4-25 avenue,2016,25941.9,7452.6,85995.4,0.0867
4-25 avenue_2017,4-25 avenue,2017,38283.1,14744.0,85995.4,0.1715
4-25 avenue_2021,4-25 avenue,2021,170772.1,77297.3,85995.4,0.8989
4-25 avenue_2022,4-25 avenue,2022,658.0,329.0,85995.4,0.0038
4-25 avenue_2023,4-25 avenue,2023,15073.0,7097.0,85995.4,0.0825
4-25 avenue_2024,4-25 avenue,2024,48944.0,24472.0,85995.4,0.2846
4-25 drive_2019,4-25 drive,2019,35862.3,12784.0,24009.4,0.5325
4-25 drive_2022,4-25 drive,2022,650.0,325.0,24009.4,0.0135
4-25 drive_2023,4-25 drive,2023,14679.0,5861.0,24009.4,0.2441
4-25 road_2023,4-25 road,2023,5556.0,2778.0,15801.5,0.1758
4-25 road_2024,4-25 road,2024,2594.0,1297.0,15801.5,0.0821
4-25 street_2018,4-25 street,2018,2161.4,1080.7,5926.8,0.1823
4-250 street_2018,4-250 street,2018,13622.4,5044.5,31727.6,0.159
4-250 street_2020,4-250 street,2020,24736.6,10696.7,31727.6,0.3371
4-250 street_2021,4-250 street,2021,21670.9,8958.8,31727.6,0.2824
4-250 street_2022,4-250 street,2022,2674.0,1337.0,31727.6,0.0421
4-250 street_2023,4-250 street,2023,474.0,237.0,31727.6,0.0075
4-250 street_2024,4-250 street,2024,3534.0,1767.0,31727.6,0.0557
4-250 street_2025,4-250 street,2025,5468.0,2734.0,31727.6,0.0862
4-251 place_2022,4-251 place,2022,3186.0,1593.0,1468.6,1.0847
4-251 street_2016,4-251 street,2016,28596.7,8456.7,35383.6,0.239
4-251 street_2017,4-251 street,2017,188481.7,25576.3,35383.6,0.7228
4-251 street_2022,4-251 street,2022,144.0,72.0,35383.6,0.002
4-251 street_2023,4-251 street,2023,474.0,237.0,35383.6,0.0067
4-251 street_2024,4-251 street,2024,264.0,132.0,35383.6,0.0037
4-252 street_2016,4-252 street,2016,26918.0,10298.5,31275.8,0.3293
4-252 street_2017,4-252 street,2017,42689.4,18914.9,31275.8,0.6048
4-252 street_2022,4-252 street,2022,12438.0,6219.0,31275.8,0.1988
4-252 street_2023,4-252 street,2023,490.0,245.0,31275.8,0.0078
4-252 street_2025,4-252 street,2025,12634.0,6317.0,31275.8,0.202
4-253 street_2016,4-253 street,2016,22484.8,8975.6,35284.5,0.2544
4-253 street_2017,4-253 street,2017,20520.0,6840.0,35284.5,0.1939
4-253 street_2021,4-253 street,2021,30563.9,12421.3,35284.5,0.352
4-253 street_2022,4-253 street,2022,3102.0,1551.0,35284.5,0.044
4-253 street_2023,4-253 street,2023,728.0,364.0,35284.5,0.0103
4-253 street_2025,4-253 street,2025,35282.0,17641.0,35284.5,0.5
4-254 street_2017,4-254 street,2017,3160.0,1580.0,30400.5,0.052
4-254 street_2021,4-254 street,2021,47272.6,15757.5,30400.5,0.5183
4-254 street_2022,4-254 street,2022,27878.0,13939.0,30400.5,0.4585
4-254 street_2023,4-254 street,2023,408.0,204.0,30400.5,0.0067
4-254 street_2024,4-254 street,2024,934.0,467.0,30400.5,0.0154
4-254 street_2025,4-254 street,2025,23732.0,11866.0,30400.5,0.3903
4-255 street_2017,4-255 street,2017,2392.8,1196.4,35290.4,0.0339
4-255 street_2020,4-255 street,2020,23429.0,7201.2,35290.4,0.2041
4-255 street_2021,4-255 street,2021,134169.9,35773.3,35290.4,1.0137
4-255 street_2023,4-255 street,2023,388.0,194.0,35290.4,0.0055
4-255 street_2024,4-255 street,2024,680.0,340.0,35290.4,0.0096
4-256 street_2017,4-256 street,2017,5001.4,1667.1,34546.3,0.0483
4-256 street_2020,4-256 street,2020,63159.2,12708.5,34546.3,0.3679
4-256 street_2021,4-256 street,2021,80244.7,24587.7,34546.3,0.7117
4-256 street_2023,4-256 street,2023,348.0,174.0,34546.3,0.005
4-256 street_2024,4-256 street,2024,466.0,233.0,34546.3,0.0067
4-257 street_2016,4-257 street,2016,52254.8,16893.2,33680.6,0.5016
4-257 street_2017,4-257 street,2017,6295.9,2608.6,33680.6,0.0775
4-257 street_2021,4-257 street,2021,24941.0,4840.2,33680.6,0.1437
4-257 street_2023,4-257 street,2023,328.0,164.0,33680.6,0.0049
4-257 street_2024,4-257 street,2024,466.0,233.0,33680.6,0.0069
4-258 street_2017,4-258 street,2017,4048.4,1349.5,25582.6,0.0528
4-258 street_2020,4-258 street,2020,49583.7,19015.6,25582.6,0.7433
4-258 street_2023,4-258 street,2023,408.0,204.0,25582.6,0.008
4-258 street_2024,4-258 street,2024,466.0,233.0,25582.6,0.0091
4-259 street_2020,4-259 street,2020,103948.4,33791.2,29547.4,1.1436
4-259 street_2024,4-259 street,2024,466.0,233.0,29547.4,0.0079
4-26 avenue_2016,4-26 avenue,2016,338286.0,102081.8,96746.7,1.0551
4-26 avenue_2017,4-26 avenue,2017,5915.3,1971.8,96746.7,0.0204
4-26 avenue_2018,4-26 avenue,2018,51442.8,17949.3,96746.7,0.1855
4-26 avenue_2022,4-26 avenue,2022,1572.0,786.0,96746.7,0.0081
4-26 avenue_2023,4-26 avenue,2023,47693.0,13634.0,96746.7,0.1409
4-26 avenue_2024,4-26 avenue,2024,21334.0,10667.0,96746.7,0.1103
4-26 street_2020,4-26 street,2020,12560.0,3140.0,5271.2,0.5957
4-26 street_2021,4-26 street,2021,87119.9,39960.0,5271.2,7.5808
4-26 street_2022,4-26 street,2022,276.0,138.0,5271.2,0.0262
4-260 street_2017,4-260 street,2017,25993.1,9124.8,48120.4,0.1896
4-260 street_2020,4-260 street,2020,72298.5,27185.2,48120.4,0.5649
4-260 street_2021,4-260 street,2021,965435.3,180942.1,48120.4,3.7602
4-260 street_2022,4-260 street,2022,558.0,279.0,48120.4,0.0058
4-260 street_2024,4-260 street,2024,466.0,233.0,48120.4,0.0048
4-261 street_2017,4-261 street,2017,50105.0,13312.5,24776.5,0.5373
4-261 street_2021,4-261 street,2021,24711.9,7604.2,24776.5,0.3069
4-261 street_2024,4-261 street,2024,466.0,233.0,24776.5,0.0094
4-262 street_2017,4-262 street,2017,108375.8,21530.9,27231.2,0.7907
4-262 street_2021,4-262 street,2021,26996.7,9963.3,27231.2,0.3659
4-262 street_2024,4-262 street,2024,466.0,233.0,27231.2,0.0086
4-263 street_2017,4-263 street,2017,4285.4,1428.5,41899.0,0.0341
4-263 street_2020,4-263 street,2020,67522.4,24360.7,41899.0,0.5814
4-263 street_2021,4-263 street,2021,191341.1,51892.2,41899.0,1.2385
4-263 street_2024,4-263 street,2024,778.0,389.0,41899.0,0.0093
4-264 street_2016,4-264 street,2016,22574.4,4514.9,22860.5,0.1975
4-264 street_2017,4-264 street,2017,14081.4,7040.7,22860.5,0.308
4-264 street_2020,4-264 street,2020,45373.0,19316.4,22860.5,0.845
4-264 street_2021,4-264 street,2021,18769.2,7691.2,22860.5,0.3364
4-264 street_2024,4-264 street,2024,732.0,366.0,22860.5,0.016
4-265 street_2016,4-265 street,2016,8971.3,3740.0,19861.2,0.1883
4-265 street_2021,4-265 street,2021,11520.7,5277.0,19861.2,0.2657
4-265 street_2024,4-265 street,2024,466.0,233.0,19861.2,0.0117
4-266 street_2016,4-266 street,2016,12475.3,6237.6,24081.8,0.259
4-266 street_2017,4-266 street,2017,56828.2,16875.2,24081.8,0.7007
4-266 street_2020,4-266 street,2020,7729.2,3864.6,24081.8,0.1605
4-266 street_2021,4-266 street,2021,11820.0,5910.0,24081.8,0.2454
4-266 street_2024,4-266 street,2024,466.0,233.0,24081.8,0.0097
4-267 street_2016,4-267 street,2016,14750.3,4916.8,29984.7,0.164
4-267 street_2020,4-267 street,2020,36606.6,16186.7,29984.7,0.5398
4-267 street_2021,4-267 street,2021,8100.0,3863.3,29984.7,0.1288
4-267 street_2024,4-267 street,2024,622.0,311.0,29984.7,0.0104
4-268 street_2016,4-268 street,2016,29536.0,8861.7,18541.5,0.4779
4-268 street_2020,4-268 street,2020,34165.0,12639.8,18541.5,0.6817
4-268 street_2024,4-268 street,2024,932.0,466.0,18541.5,0.0251
4-269 street_2016,4-269 street,2016,10354.5,4166.0,11157.9,0.3734
4-269 street_2020,4-269 street,2020,22400.3,9079.4,11157.9,0.8137
4-27 avenue_2016,4-27 avenue,2016,2136.9,1068.5,57459.3,0.0186
4-27 avenue_2017,4-27 avenue,2017,25999.3,11241.3,57459.3,0.1956
4-27 avenue_2018,4-27 avenue,2018,12115.6,6057.8,57459.3,0.1054
4-27 avenue_2019,4-27 avenue,2019,34842.2,11164.1,57459.3,0.1943
4-27 avenue_2022,4-27 avenue,2022,37266.0,18633.0,57459.3,0.3243
4-27 avenue_2023,4-27 avenue,2023,264.0,132.0,57459.3,0.0023
4-27 avenue_2024,4-27 avenue,2024,17598.0,8799.0,57459.3,0.1531
4-27 avenue_2025,4-27 avenue,2025,444.0,222.0,57459.3,0.0039
4-27 road_2024,4-27 road,2024,2640.0,1320.0,1458.8,0.9049
4-27 street_2018,4-27 street,2018,15370.7,7685.4,41162.5,0.1867
4-27 street_2020,4-27 street,2020,159713.5,44620.1,41162.5,1.084
4-27 street_2022,4-27 street,2022,276.0,138.0,41162.5,0.0034
4-27 street_2024,4-27 street,2024,7722.0,3861.0,41162.5,0.0938
4-270 street_2016,4-270 street,2016,9813.7,4906.8,9484.5,0.5173
4-270 street_2020,4-270 street,2020,20971.2,7093.1,9484.5,0.7479
4-271 street_2016,4-271 street,2016,25178.8,6615.9,8030.9,0.8238
4-271 street_2020,4-271 street,2020,15847.6,7923.8,8030.9,0.9867
4-28 avenue_2016,4-28 avenue,2016,1613.2,806.6,84669.0,0.0095
4-28 avenue_2018,4-28 avenue,2018,79883.8,24107.7,84669.0,0.2847
4-28 avenue_2019,4-28 avenue,2019,16493.1,6793.3,84669.0,0.0802
4-28 avenue_2020,4-28 avenue,2020,54324.0,20889.3,84669.0,0.2467
4-28 avenue_2022,4-28 avenue,2022,754.0,377.0,84669.0,0.0045
4-28 avenue_2023,4-28 avenue,2023,1034.0,517.0,84669.0,0.0061
4-28 avenue_2024,4-28 avenue,2024,3534.0,1767.0,84669.0,0.0209
4-28 avenue_2025,4-28 avenue,2025,556.0,278.0,84669.0,0.0033
4-28 road_2016,4-28 road,2016,2144.4,1072.2,10319.0,0.1039
4-28 road_2018,4-28 road,2018,11040.0,1840.0,10319.0,0.1783
4-28 road_2020,4-28 road,2020,24497.3,12248.7,10319.0,1.187
4-28 road_2025,4-28 road,2025,748.0,374.0,10319.0,0.0362
4-28 street_2018,4-28 street,2018,2940.0,1470.0,37419.7,0.0393
4-28 street_2021,4-28 street,2021,97782.3,40816.7,37419.7,1.0908
4-28 street_2022,4-28 street,2022,266.0,133.0,37419.7,0.0036
4-28 street_2024,4-28 street,2024,3756.0,1878.0,37419.7,0.0502
4-29 avenue_2017,4-29 avenue,2017,13796.7,6123.3,62454.3,0.098
4-29 avenue_2018,4-29 avenue,2018,25528.8,5425.4,62454.3,0.0869
4-29 avenue_2019,4-29 avenue,2019,6859.3,2747.0,62454.3,0.044
4-29 avenue_2022,4-29 avenue,2022,402.0,201.0,62454.3,0.0032
4-29 avenue_2023,4-29 avenue,2023,58145.0,20087.0,62454.3,0.3216
4-29 road_2023,4-29 road,2023,3134.0,1567.0,5430.5,0.2886
4-29 street_2021,4-29 street,2021,155956.0,59212.3,47430.2,1.2484
4-29 street_2022,4-29 street,2022,350.0,175.0,47430.2,0.0037
4-29 street_2024,4-29 street,2024,34364.0,17182.0,47430.2,0.3623
4-29 street_2025,4-29 street,2025,3800.0,1900.0,47430.2,0.0401
4-3 avenue_2021,4-3 avenue,2021,69519.3,22677.7,11129.9,2.0375
4-3 avenue_2022,4-3 avenue,2022,312.0,156.0,11129.9,0.014
4-3 avenue_2023,4-3 avenue,2023,4800.0,2400.0,11129.9,0.2156
4-30 avenue_2016,4-30 avenue,2016,42102.0,17809.9,81972.1,0.2173
4-30 avenue_2018,4-30 avenue,2018,52844.1,10227.0,81972.1,0.1248
4-30 avenue_2020,4-30 avenue,2020,20106.9,10053.5,81972.1,0.1226
4-30 avenue_2022,4-30 avenue,2022,206.7,103.3,81972.1,0.0013
4-30 avenue_2023,4-30 avenue,2023,67763.0,23941.0,81972.1,0.2921
4-30 avenue_2024,4-30 avenue,2024,48173.0,23495.0,81972.1,0.2866
4-30 avenue_2025,4-30 avenue,2025,1078.0,539.0,81972.1,0.0066
4-30 drive_2025,4-30 drive,2025,434.0,217.0,12536.6,0.0173
4-30 road_2016,4-30 road,2016,10374.2,3458.0,13287.0,0.2603
4-30 road_2023,4-30 road,2023,10108.0,5054.0,13287.0,0.3804
4-30 street_2022,4-30 street,2022,15874.0,7937.0,36845.6,0.2154
4-30 street_2024,4-30 street,2024,42826.0,21413.0,36845.6,0.5812
4-31 avenue_2016,4-31 avenue,2016,22208.0,9621.4,109021.4,0.0883
4-31 avenue_2018,4-31 avenue,2018,410679.2,116721.4,109021.4,1.0706
4-31 avenue_2020,4-31 avenue,2020,59940.2,23393.2,109021.4,0.2146
4-31 avenue_2021,4-31 avenue,2021,69725.8,34146.7,109021.4,0.3132
4-31 avenue_2024,4-31 avenue,2024,55164.0,27582.0,109021.4,0.253
4-31 avenue_2025,4-31 avenue,2025,734.0,367.0,109021.4,0.0034
4-31 drive_2020,4-31 drive,2020,13579.8,3235.2,16889.1,0.1916
4-31 drive_2021,4-31 drive,2021,80086.7,27187.8,16889.1,1.6098
4-31 drive_2023,4-31 drive,2023,556.0,278.0,16889.1,0.0165
4-31 drive_2024,4-31 drive,2024,294.0,147.0,16889.1,0.0087
4-31 road_2017,4-31 road,2017,47071.8,23535.9,19941.0,1.1803
4-31 road_2024,4-31 road,2024,272.0,136.0,19941.0,0.0068
4-31 street_2022,4-31 street,2022,22850.0,11425.0,98257.9,0.1163
4-31 street_2025,4-31 street,2025,67429.5,24802.2,98257.9,0.2524
4-32 avenue_2016,4-32 avenue,2016,28810.6,6347.5,120360.7,0.0527
4-32 avenue_2017,4-32 avenue,2017,179699.9,15043.9,120360.7,0.125
4-32 avenue_2018,4-32 avenue,2018,154031.4,63852.2,120360.7,0.5305
4-32 avenue_2022,4-32 avenue,2022,122924.0,61462.0,120360.7,0.5106
4-32 avenue_2023,4-32 avenue,2023,33670.0,16835.0,120360.7,0.1399
4-32 avenue_2024,4-32 avenue,2024,812.0,406.0,120360.7,0.0034
4-32 avenue_2025,4-32 avenue,2025,29402.0,14701.0,120360.7,0.1221
4-32 drive_2023,4-32 drive,2023,1288.0,644.0,566.1,1.1376
4-32 place_2022,4-32 place,2022,6872.0,3436.0,10033.2,0.3425
4-32 place_2024,4-32 place,2024,2780.6,1390.3,10033.2,0.1386
4-32 road_2016,4-32 road,2016,5709.6,2854.8,3456.6,0.8259
4-32 road_2022,4-32 road,2022,206.7,103.3,3456.6,0.0299
4-32 street_2018,4-32 street,2018,5361.0,2680.5,30657.8,0.0874
4-32 street_2022,4-32 street,2022,11086.0,5543.0,30657.8,0.1808
4-32 street_2023,4-32 street,2023,324.0,108.0,30657.8,0.0035
4-32 street_2025,4-32 street,2025,25712.0,12856.0,30657.8,0.4193
4-33 avenue_2020,4-33 avenue,2020,157581.7,53005.8,76157.6,0.696
4-33 avenue_2022,4-33 avenue,2022,11596.0,5798.0,76157.6,0.0761
4-33 avenue_2023,4-33 avenue,2023,200.0,100.0,76157.6,0.0013
4-33 avenue_2024,4-33 avenue,2024,6250.0,3125.0,76157.6,0.041
4-33 avenue_2025,4-33 avenue,2025,9216.0,4608.0,76157.6,0.0605
4-33 road_2022,4-33 road,2022,234.0,117.0,32847.1,0.0036
4-33 road_2023,4-33 road,2023,46024.0,11080.0,32847.1,0.3373
4-33 road_2025,4-33 road,2025,290.0,145.0,32847.1,0.0044
4-33 street_2018,4-33 street,2018,88136.5,29731.1,55071.2,0.5399
4-33 street_2022,4-33 street,2022,38664.0,19332.0,55071.2,0.351
4-33 street_2023,4-33 street,2023,614.0,307.0,55071.2,0.0056
4-33 street_2025,4-33 street,2025,62688.0,31344.0,55071.2,0.5692
4-34 avenue_2016,4-34 avenue,2016,89728.9,19600.6,158111.1,0.124
4-34 avenue_2017,4-34 avenue,2017,77950.8,27356.8,158111.1,0.173
4-34 avenue_2018,4-34 avenue,2018,229861.2,114025.3,158111.1,0.7212
4-34 avenue_2019,4-34 avenue,2019,841623.6,250344.9,158111.1,1.5833
4-34 avenue_2020,4-34 avenue,2020,124865.7,37219.1,158111.1,0.2354
4-34 avenue_2022,4-34 avenue,2022,21432.0,10716.0,158111.1,0.0678
4-34 avenue_2023,4-34 avenue,2023,8226.0,4113.0,158111.1,0.026
4-34 avenue_2024,4-34 avenue,2024,19188.0,9594.0,158111.1,0.0607
4-34 avenue_2025,4-34 avenue,2025,284.0,142.0,158111.1,0.0009
4-34 road_2022,4-34 road,2022,964.0,482.0,9392.6,0.0513
4-34 road_2023,4-34 road,2023,180.0,90.0,9392.6,0.0096
4-34 road_2024,4-34 road,2024,304.0,152.0,9392.6,0.0162
4-34 road_2025,4-34 road,2025,326.0,163.0,9392.6,0.0174
4-34 street_2016,4-34 street,2016,3216.0,1608.0,42035.6,0.0383
4-34 street_2018,4-34 street,2018,66021.0,24684.2,42035.6,0.5872
4-34 street_2022,4-34 street,2022,8260.0,4130.0,42035.6,0.0983
4-34 street_2023,4-34 street,2023,294.0,147.0,42035.6,0.0035
4-34 street_2024,4-34 street,2024,11934.0,5967.0,42035.6,0.142
4-34 street_2025,4-34 street,2025,24100.0,12050.0,42035.6,0.2867
4-35 avenue_2019,4-35 avenue,2019,245060.8,102862.0,153559.8,0.6698
4-35 avenue_2020,4-35 avenue,2020,98474.6,47677.3,153559.8,0.3105
4-35 avenue_2022,4-35 avenue,2022,35348.9,17674.4,153559.8,0.1151
4-35 avenue_2024,4-35 avenue,2024,34364.0,17182.0,153559.8,0.1119
4-35 avenue_2025,4-35 avenue,2025,30434.0,13663.0,153559.8,0.089
4-35 road_2019,4-35 road,2019,4160.0,2080.0,1096.2,1.8975
4-35 street_2016,4-35 street,2016,19101.5,9550.7,47990.3,0.199
4-35 street_2022,4-35 street,2022,89426.0,44713.0,47990.3,0.9317
4-35 street_2023,4-35 street,2023,632.0,316.0,47990.3,0.0066
4-35 street_2024,4-35 street,2024,644.0,322.0,47990.3,0.0067
4-36 avenue_2016,4-36 avenue,2016,14576.3,5388.7,59850.0,0.09
4-36 avenue_2017,4-36 avenue,2017,99227.4,49032.7,59850.0,0.8193
4-36 avenue_2019,4-36 avenue,2019,74557.9,25518.3,59850.0,0.4264
4-36 avenue_2022,4-36 avenue,2022,220.0,110.0,59850.0,0.0018
4-36 road_2019,4-36 road,2019,21048.3,10524.2,1935.9,5.4363
4-36 street_2016,4-36 street,2016,135575.4,61054.1,39304.6,1.5534
4-36 street_2022,4-36 street,2022,23384.0,11692.0,39304.6,0.2975
4-36 street_2023,4-36 street,2023,616.0,308.0,39304.6,0.0078
4-36 street_2025,4-36 street,2025,22087.6,11043.8,39304.6,0.281
4-37 avenue_2016,4-37 avenue,2016,11496.2,1277.4,118571.0,0.0108
4-37 avenue_2017,4-37 avenue,2017,134522.8,62304.1,118571.0,0.5255
4-37 avenue_2018,4-37 avenue,2018,36612.8,15139.8,118571.0,0.1277
4-37 avenue_2019,4-37 avenue,2019,41601.7,17710.3,118571.0,0.1494
4-37 avenue_2020,4-37 avenue,2020,407258.7,28348.8,118571.0,0.2391
4-37 avenue_2022,4-37 avenue,2022,422.0,211.0,118571.0,0.0018
4-37 avenue_2023,4-37 avenue,2023,3314.0,1657.0,118571.0,0.014
4-37 avenue_2025,4-37 avenue,2025,976.0,488.0,118571.0,0.0041
4-37 drive_2017,4-37 drive,2017,38553.4,9896.7,7316.2,1.3527
4-37 road_2019,4-37 road,2019,8203.3,3706.7,9112.7,0.4068
4-37 road_2020,4-37 road,2020,2392.0,1196.0,9112.7,0.1312
4-37 road_2022,4-37 road,2022,326.0,163.0,9112.7,0.0179
4-37 road_2025,4-37 road,2025,770.0,385.0,9112.7,0.0422
4-37 street_2016,4-37 street,2016,7092.6,3546.3,50143.9,0.0707
4-37 street_2022,4-37 street,2022,38762.0,19381.0,50143.9,0.3865
4-37 street_2023,4-37 street,2023,578.0,289.0,50143.9,0.0058
4-37 street_2025,4-37 street,2025,10145.2,5072.6,50143.9,0.1012
4-38 avenue_2017,4-38 avenue,2017,6790.6,3395.3,77918.4,0.0436
4-38 avenue_2019,4-38 avenue,2019,112397.9,38734.0,77918.4,0.4971
4-38 avenue_2020,4-38 avenue,2020,7292.1,2692.3,77918.4,0.0346
4-38 avenue_2023,4-38 avenue,2023,1152.0,576.0,77918.4,0.0074
4-38 avenue_2024,4-38 avenue,2024,354.0,177.0,77918.4,0.0023
4-38 avenue_2025,4-38 avenue,2025,8260.0,4130.0,77918.4,0.053
4-38 drive_2019,4-38 drive,2019,25293.4,12646.7,3986.2,3.1726
4-38 drive_2022,4-38 drive,2022,196.0,98.0,3986.2,0.0246
4-38 street_2016,4-38 street,2016,41223.3,13476.7,49605.5,0.2717
4-38 street_2022,4-38 street,2022,56616.0,28308.0,49605.5,0.5707
4-38 street_2023,4-38 street,2023,620.0,310.0,49605.5,0.0062
4-38 street_2025,4-38 street,2025,4414.0,2207.0,49605.5,0.0445
4-39 avenue_2019,4-39 avenue,2019,90373.0,43177.3,95030.4,0.4544
4-39 avenue_2021,4-39 avenue,2021,138333.9,57568.6,95030.4,0.6058
4-39 avenue_2022,4-39 avenue,2022,5166.0,2583.0,95030.4,0.0272
4-39 avenue_2025,4-39 avenue,2025,1098.0,549.0,95030.4,0.0058
4-39 place_2016,4-39 place,2016,44013.4,18831.4,12488.7,1.5079
4-39 place_2022,4-39 place,2022,12740.0,6370.0,12488.7,0.5101
4-39 place_2023,4-39 place,2023,312.0,156.0,12488.7,0.0125
4-39 place_2025,4-39 place,2025,334.0,167.0,12488.7,0.0134
4-39 road_2025,4-39 road,2025,3932.0,1966.0,5910.5,0.3326
4-39 street_2016,4-39 street,2016,19932.5,9966.3,24776.7,0.4022
4-39 street_2023,4-39 street,2023,440.0,220.0,24776.7,0.0089
4-39 street_2025,4-39 street,2025,45202.0,22601.0,24776.7,0.9122
4-4 avenue_2017,4-4 avenue,2017,20692.5,4138.5,5856.0,0.7067
4-4 avenue_2021,4-4 avenue,2021,336.0,168.0,5856.0,0.0287
4-40 avenue_2016,4-40 avenue,2016,14936.3,2814.1,29849.8,0.0943
4-40 avenue_2018,4-40 avenue,2018,12746.6,6373.3,29849.8,0.2135
4-40 avenue_2020,4-40 avenue,2020,27583.3,10350.0,29849.8,0.3467
4-40 avenue_2023,4-40 avenue,2023,450.0,225.0,29849.8,0.0075
4-40 drive_2017,4-40 drive,2017,2324.9,1162.5,1103.9,1.0531
4-40 road_2017,4-40 road,2017,13670.1,2524.8,12505.2,0.2019
4-40 street_2016,4-40 street,2016,27290.1,12583.7,10981.8,1.1459
4-40 street_2022,4-40 street,2022,42346.0,21173.0,10981.8,1.928
4-40 street_2023,4-40 street,2023,304.0,152.0,10981.8,0.0138
4-40 street_2025,4-40 street,2025,334.0,167.0,10981.8,0.0152
4-41 avenue_2016,4-41 avenue,2016,30589.4,10489.2,103895.9,0.101
4-41 avenue_2017,4-41 avenue,2017,29557.1,6271.6,103895.9,0.0604
4-41 avenue_2018,4-41 avenue,2018,42371.4,17789.5,103895.9,0.1712
4-41 avenue_2021,4-41 avenue,2021,2131.1,1065.6,103895.9,0.0103
4-41 avenue_2022,4-41 avenue,2022,1368.0,684.0,103895.9,0.0066
4-41 avenue_2023,4-41 avenue,2023,2938.0,1469.0,103895.9,0.0141
4-41 avenue_2024,4-41 avenue,2024,13982.0,6991.0,103895.9,0.0673
4-41 avenue_2025,4-41 avenue,2025,726.0,363.0,103895.9,0.0035
4-41 drive_2017,4-41 drive,2017,5133.3,2566.7,5210.1,0.4926
4-41 drive_2022,4-41 drive,2022,214.0,107.0,5210.1,0.0205
4-41 road_2016,4-41 road,2016,4593.7,2296.8,9638.6,0.2383
4-41 road_2017,4-41 road,2017,4631.2,1543.8,9638.6,0.1602
4-41 street_2016,4-41 street,2016,4213.5,2106.8,53864.8,0.0391
4-41 street_2019,4-41 street,2019,59015.4,22026.0,53864.8,0.4089
4-41 street_2022,4-41 street,2022,35464.0,17732.0,53864.8,0.3292
4-41 street_2023,4-41 street,2023,320.0,160.0,53864.8,0.003
4-41 street_2025,4-41 street,2025,8934.0,4467.0,53864.8,0.0829
4-42 avenue_2017,4-42 avenue,2017,17942.6,3588.5,49001.1,0.0732
4-42 avenue_2018,4-42 avenue,2018,18029.5,9014.8,49001.1,0.184
4-42 avenue_2019,4-42 avenue,2019,7045.7,3522.9,49001.1,0.0719
4-42 avenue_2023,4-42 avenue,2023,77469.0,35334.0,49001.1,0.7211
4-42 avenue_2024,4-42 avenue,2024,470.0,235.0,49001.1,0.0048
4-42 avenue_2025,4-42 avenue,2025,1842.0,921.0,49001.1,0.0188
4-42 place_2022,4-42 place,2022,11136.0,5568.0,380.7,14.6257
4-42 road_2019,4-42 road,2019,9054.8,3018.3,6799.5,0.4439
4-42 street_2016,4-42 street,2016,28176.6,9392.2,53058.3,0.177
4-42 street_2018,4-42 street,2018,20872.5,7134.0,53058.3,0.1345
4-42 street_2019,4-42 street,2019,16561.5,5520.5,53058.3,0.104
4-42 street_2021,4-42 street,2021,15872.1,7936.0,53058.3,0.1496
4-42 street_2022,4-42 street,2022,27320.0,13660.0,53058.3,0.2575
4-42 street_2023,4-42 street,2023,788.0,394.0,53058.3,0.0074
4-42 street_2025,4-42 street,2025,334.0,167.0,53058.3,0.0031
4-43 avenue_2016,4-43 avenue,2016,8405.7,1200.8,132923.6,0.009
4-43 avenue_2017,4-43 avenue,2017,10924.3,5462.1,132923.6,0.0411
4-43 avenue_2018,4-43 avenue,2018,64802.2,20496.5,132923.6,0.1542
4-43 avenue_2019,4-43 avenue,2019,11950.7,4437.1,132923.6,0.0334
4-43 avenue_2020,4-43 avenue,2020,9443.7,4721.8,132923.6,0.0355
4-43 avenue_2022,4-43 avenue,2022,42050.0,21025.0,132923.6,0.1582
4-43 avenue_2023,4-43 avenue,2023,28285.0,13004.0,132923.6,0.0978
4-43 avenue_2024,4-43 avenue,2024,25134.0,12567.0,132923.6,0.0945
4-43 avenue_2025,4-43 avenue,2025,358.0,179.0,132923.6,0.0013
4-43 road_2023,4-43 road,2023,242.0,121.0,5876.7,0.0206
4-43 road_2024,4-43 road,2024,186.0,93.0,5876.7,0.0158
4-43 street_2016,4-43 street,2016,29086.5,13469.9,62352.3,0.216
4-43 street_2017,4-43 street,2017,77569.2,24825.5,62352.3,0.3981
4-43 street_2018,4-43 street,2018,269000.1,60097.8,62352.3,0.9638
4-43 street_2019,4-43 street,2019,85151.0,31181.2,62352.3,0.5001
4-43 street_2021,4-43 street,2021,33485.7,15887.4,62352.3,0.2548
4-43 street_2022,4-43 street,2022,42302.0,21151.0,62352.3,0.3392
4-43 street_2023,4-43 street,2023,684.0,342.0,62352.3,0.0055
4-43 street_2025,4-43 street,2025,556.0,278.0,62352.3,0.0045
4-44 avenue_2022,4-44 avenue,2022,24334.0,12167.0,33761.6,0.3604
4-44 avenue_2023,4-44 avenue,2023,1014.0,507.0,33761.6,0.015
4-44 avenue_2024,4-44 avenue,2024,39140.0,19570.0,33761.6,0.5797
4-44 drive_2022,4-44 drive,2022,24656.0,12328.0,29004.8,0.425
4-44 street_2016,4-44 street,2016,126974.9,47012.5,34781.5,1.3517
4-44 street_2018,4-44 street,2018,14292.2,7146.1,34781.5,0.2055
4-44 street_2020,4-44 street,2020,74248.6,21115.7,34781.5,0.6071
4-44 street_2021,4-44 street,2021,9492.9,4746.4,34781.5,0.1365
4-44 street_2022,4-44 street,2022,24500.0,12250.0,34781.5,0.3522
4-44 street_2023,4-44 street,2023,1050.0,525.0,34781.5,0.0151
4-44 street_2025,4-44 street,2025,5000.0,2500.0,34781.5,0.0719
4-45 avenue_2016,4-45 avenue,2016,4120.3,2060.2,79786.2,0.0258
4-45 avenue_2018,4-45 avenue,2018,70126.6,29195.3,79786.2,0.3659
4-45 avenue_2020,4-45 avenue,2020,791.6,395.8,79786.2,0.005
4-45 avenue_2021,4-45 avenue,2021,99345.2,43961.8,79786.2,0.551
4-45 avenue_2022,4-45 avenue,2022,15086.0,7543.0,79786.2,0.0945
4-45 avenue_2023,4-45 avenue,2023,2488.0,1244.0,79786.2,0.0156
4-45 avenue_2024,4-45 avenue,2024,46918.0,23459.0,79786.2,0.294
4-45 avenue_2025,4-45 avenue,2025,364.0,182.0,79786.2,0.0023
4-45 drive_2016,4-45 drive,2016,2600.0,1300.0,18065.8,0.072
4-45 drive_2020,4-45 drive,2020,18442.7,6147.6,18065.8,0.3403
4-45 drive_2023,4-45 drive,2023,242.0,121.0,18065.8,0.0067
4-45 drive_2024,4-45 drive,2024,214.0,107.0,18065.8,0.0059
4-45 road_2018,4-45 road,2018,13040.0,4346.7,26190.2,0.166
4-45 road_2020,4-45 road,2020,12750.6,6375.3,26190.2,0.2434
4-45 road_2021,4-45 road,2021,336.0,168.0,26190.2,0.0064
4-45 road_2022,4-45 road,2022,12146.0,6073.0,26190.2,0.2319
4-45 road_2023,4-45 road,2023,456.0,228.0,26190.2,0.0087
4-45 road_2024,4-45 road,2024,186.0,93.0,26190.2,0.0036
4-45 street_2016,4-45 street,2016,67928.8,32992.6,51699.5,0.6382
4-45 street_2019,4-45 street,2019,61279.3,22491.3,51699.5,0.435
4-45 street_2022,4-45 street,2022,684.0,342.0,51699.5,0.0066
4-45 street_2023,4-45 street,2023,27332.0,12591.0,51699.5,0.2435
4-45 street_2025,4-45 street,2025,33482.0,16741.0,51699.5,0.3238
4-46 avenue_2016,4-46 avenue,2016,17734.2,8867.1,98685.8,0.0899
4-46 avenue_2017,4-46 avenue,2017,15922.6,7298.6,98685.8,0.074
4-46 avenue_2018,4-46 avenue,2018,55723.4,19380.0,98685.8,0.1964
4-46 avenue_2019,4-46 avenue,2019,189517.4,55520.4,98685.8,0.5626
4-46 avenue_2021,4-46 avenue,2021,37388.9,14910.8,98685.8,0.1511
4-46 avenue_2022,4-46 avenue,2022,8936.0,4468.0,98685.8,0.0453
4-46 avenue_2023,4-46 avenue,2023,350.0,175.0,98685.8,0.0018
4-46 avenue_2024,4-46 avenue,2024,52226.0,26113.0,98685.8,0.2646
4-46 road_2018,4-46 road,2018,23675.7,9622.5,25803.4,0.3729
4-46 road_2021,4-46 road,2021,14288.6,3059.3,25803.4,0.1186
4-46 road_2023,4-46 road,2023,248.0,124.0,25803.4,0.0048
4-46 road_2024,4-46 road,2024,334.0,167.0,25803.4,0.0065
4-46 street_2016,4-46 street,2016,7425.4,3712.7,55534.4,0.0669
4-46 street_2019,4-46 street,2019,47685.5,13614.0,55534.4,0.2451
4-46 street_2021,4-46 street,2021,13087.3,6543.7,55534.4,0.1178
4-46 street_2022,4-46 street,2022,27270.0,13635.0,55534.4,0.2455
4-46 street_2023,4-46 street,2023,53372.0,23433.0,55534.4,0.422
4-46 street_2025,4-46 street,2025,1866.0,933.0,55534.4,0.0168
4-47 avenue_2017,4-47 avenue,2017,180855.0,60655.0,92272.0,0.6574
4-47 avenue_2018,4-47 avenue,2018,97396.2,36982.6,92272.0,0.4008
4-47 avenue_2019,4-47 avenue,2019,76893.8,31668.6,92272.0,0.3432
4-47 avenue_2020,4-47 avenue,2020,5903.3,2951.6,92272.0,0.032
4-47 avenue_2021,4-47 avenue,2021,109579.3,42384.6,92272.0,0.4593
4-47 avenue_2022,4-47 avenue,2022,34408.0,17204.0,92272.0,0.1864
4-47 avenue_2023,4-47 avenue,2023,1370.0,685.0,92272.0,0.0074
4-47 avenue_2024,4-47 avenue,2024,272.0,136.0,92272.0,0.0015
4-47 avenue_2025,4-47 avenue,2025,30550.0,15275.0,92272.0,0.1655
4-47 road_2018,4-47 road,2018,53958.4,22451.4,11415.6,1.9667
4-47 road_2023,4-47 road,2023,4401.0,1467.0,11415.6,0.1285
4-47 road_2024,4-47 road,2024,666.0,333.0,11415.6,0.0292
4-47 street_2017,4-47 street,2017,142697.1,23782.9,47695.3,0.4986
4-47 street_2019,4-47 street,2019,27316.8,9105.6,47695.3,0.1909
4-47 street_2020,4-47 street,2020,148841.4,11215.0,47695.3,0.2351
4-47 street_2022,4-47 street,2022,700.0,350.0,47695.3,0.0073
4-47 street_2023,4-47 street,2023,47612.0,20366.0,47695.3,0.427
4-47 street_2025,4-47 street,2025,35786.0,17893.0,47695.3,0.3752
4-48 avenue_2016,4-48 avenue,2016,112022.4,50829.8,99322.5,0.5118
4-48 avenue_2017,4-48 avenue,2017,11351.8,4510.4,99322.5,0.0454
4-48 avenue_2018,4-48 avenue,2018,3342.2,1671.1,99322.5,0.0168
4-48 avenue_2019,4-48 avenue,2019,133538.0,31818.0,99322.5,0.3204
4-48 avenue_2020,4-48 avenue,2020,10931.4,5465.7,99322.5,0.055
4-48 avenue_2021,4-48 avenue,2021,44704.9,18689.5,99322.5,0.1882
4-48 avenue_2022,4-48 avenue,2022,320.0,160.0,99322.5,0.0016
4-48 avenue_2023,4-48 avenue,2023,63194.0,22725.0,99322.5,0.2288
4-48 avenue_2024,4-48 avenue,2024,820.0,410.0,99322.5,0.0041
4-48 street_2017,4-48 street,2017,181830.6,62099.1,70274.8,0.8837
4-48 street_2019,4-48 street,2019,80194.7,31022.6,70274.8,0.4414
4-48 street_2022,4-48 street,2022,69700.0,34850.0,70274.8,0.4959
4-48 street_2023,4-48 street,2023,44544.0,19278.0,70274.8,0.2743
4-49 avenue_2016,4-49 avenue,2016,2326.7,1163.3,39397.1,0.0295
4-49 avenue_2017,4-49 avenue,2017,268606.5,123606.2,39397.1,3.1374
4-49 avenue_2020,4-49 avenue,2020,20100.9,8790.0,39397.1,0.2231
4-49 avenue_2022,4-49 avenue,2022,10500.0,5250.0,39397.1,0.1333
4-49 avenue_2024,4-49 avenue,2024,7278.0,3639.0,39397.1,0.0924
4-49 avenue_2025,4-49 avenue,2025,4188.0,2094.0,39397.1,0.0532
4-49 lane_2022,4-49 lane,2022,14444.0,7222.0,,
4-49 street_2016,4-49 street,2016,5746.6,2873.3,40172.1,0.0715
4-49 street_2017,4-49 street,2017,89244.1,42514.6,40172.1,1.0583
4-49 street_2020,4-49 street,2020,31712.8,15856.4,40172.1,0.3947
4-49 street_2021,4-49 street,2021,162226.6,68153.3,40172.1,1.6965
4-49 street_2022,4-49 street,2022,81224.0,40612.0,40172.1,1.011
4-49 street_2023,4-49 street,2023,24977.0,10202.0,40172.1,0.254
4-49 street_2024,4-49 street,2024,13468.0,6734.0,40172.1,0.1676
4-5 avenue_2021,4-5 avenue,2021,50772.3,25386.2,18546.4,1.3688
4-5 avenue_2022,4-5 avenue,2022,3575.0,1716.0,18546.4,0.0925
4-5 street_2023,4-5 street,2023,492.0,246.0,11468.2,0.0215
4-5 street_2024,4-5 street,2024,14408.0,7204.0,11468.2,0.6282
4-50 avenue_2016,4-50 avenue,2016,30383.3,11366.7,88446.8,0.1285
4-50 avenue_2018,4-50 avenue,2018,36493.2,15589.9,88446.8,0.1763
4-50 avenue_2019,4-50 avenue,2019,25597.5,11880.3,88446.8,0.1343
4-50 avenue_2020,4-50 avenue,2020,32012.7,13638.0,88446.8,0.1542
4-50 avenue_2021,4-50 avenue,2021,90283.8,17685.3,88446.8,0.2
4-50 avenue_2022,4-50 avenue,2022,572.0,286.0,88446.8,0.0032
4-50 avenue_2023,4-50 avenue,2023,7066.0,3533.0,88446.8,0.0399
4-50 avenue_2024,4-50 avenue,2024,55184.0,27592.0,88446.8,0.312
4-50 avenue_2025,4-50 avenue,2025,226.0,113.0,88446.8,0.0013
4-50 street_2016,4-50 street,2016,18529.8,7438.2,24731.2,0.3008
4-50 street_2017,4-50 street,2017,271706.6,12350.3,24731.2,0.4994
4-50 street_2019,4-50 street,2019,13769.7,6884.8,24731.2,0.2784
4-50 street_2022,4-50 street,2022,514.0,257.0,24731.2,0.0104
4-51 avenue_2016,4-51 avenue,2016,67539.9,16783.3,85153.7,0.1971
4-51 avenue_2018,4-51 avenue,2018,549933.9,75991.2,85153.7,0.8924
4-51 avenue_2019,4-51 avenue,2019,24141.8,11243.2,85153.7,0.132
4-51 avenue_2020,4-51 avenue,2020,47281.4,17761.4,85153.7,0.2086
4-51 avenue_2021,4-51 avenue,2021,23464.7,9287.7,85153.7,0.1091
4-51 avenue_2022,4-51 avenue,2022,1438.0,719.0,85153.7,0.0084
4-51 avenue_2023,4-51 avenue,2023,9528.0,4764.0,85153.7,0.0559
4-51 avenue_2024,4-51 avenue,2024,13074.0,6537.0,85153.7,0.0768
4-51 avenue_2025,4-51 avenue,2025,552.0,276.0,85153.7,0.0032
4-51 drive_2018,4-51 drive,2018,4366.7,2183.3,2182.1,1.0005
4-51 road_2018,4-51 road,2018,92340.0,15390.0,6412.1,2.4001
4-51 road_2020,4-51 road,2020,12718.2,4035.1,6412.1,0.6293
4-51 road_2025,4-51 road,2025,3200.0,1600.0,6412.1,0.2495
4-51 street_2019,4-51 street,2019,16373.4,8186.7,13082.7,0.6258
4-51 street_2021,4-51 street,2021,305136.6,137471.6,13082.7,10.5079
4-51 street_2022,4-51 street,2022,28174.0,14087.0,13082.7,1.0768
4-52 avenue_2017,4-52 avenue,2017,54880.0,17716.7,38875.1,0.4557
4-52 avenue_2019,4-52 avenue,2019,15869.5,5598.1,38875.1,0.144
4-52 avenue_2022,4-52 avenue,2022,9422.0,4711.0,38875.1,0.1212
4-52 avenue_2023,4-52 avenue,2023,160.0,80.0,38875.1,0.0021
4-52 avenue_2024,4-52 avenue,2024,24212.0,12106.0,38875.1,0.3114
4-52 avenue_2025,4-52 avenue,2025,200.0,100.0,38875.1,0.0026
4-52 drive_2023,4-52 drive,2023,206.0,103.0,6644.0,0.0155
4-52 road_2022,4-52 road,2022,358.0,179.0,10162.4,0.0176
4-52 road_2023,4-52 road,2023,206.0,103.0,10162.4,0.0101
4-52 road_2024,4-52 road,2024,9724.0,4862.0,10162.4,0.4784
4-52 street_2017,4-52 street,2017,26111.3,13055.7,8131.5,1.6056
4-53 avenue_2016,4-53 avenue,2016,38247.4,10356.3,79234.5,0.1307
4-53 avenue_2017,4-53 avenue,2017,13141.4,3863.3,79234.5,0.0488
4-53 avenue_2019,4-53 avenue,2019,34210.7,13707.5,79234.5,0.173
4-53 avenue_2020,4-53 avenue,2020,38192.0,15272.4,79234.5,0.1927
4-53 avenue_2021,4-53 avenue,2021,38070.0,12896.7,79234.5,0.1628
4-53 avenue_2022,4-53 avenue,2022,1160.0,580.0,79234.5,0.0073
4-53 avenue_2023,4-53 avenue,2023,44139.0,17197.0,79234.5,0.217
4-53 avenue_2024,4-53 avenue,2024,25506.0,12753.0,79234.5,0.161
4-53 avenue_2025,4-53 avenue,2025,200.0,100.0,79234.5,0.0013
4-53 drive_2022,4-53 drive,2022,10180.0,5090.0,10695.5,0.4759
4-53 drive_2023,4-53 drive,2023,400.0,200.0,10695.5,0.0187
4-53 place_2022,4-53 place,2022,406.0,203.0,843.3,0.2407
4-53 place_2023,4-53 place,2023,36734.0,6367.0,843.3,7.5501
4-53 road_2019,4-53 road,2019,3136.5,1568.2,9187.5,0.1707
4-53 road_2022,4-53 road,2022,200.0,100.0,9187.5,0.0109
4-53 road_2023,4-53 road,2023,200.0,100.0,9187.5,0.0109
4-53 street_2016,4-53 street,2016,3100.5,1550.2,5577.9,0.2779
4-53 street_2025,4-53 street,2025,2444.0,1222.0,5577.9,0.2191
4-54 avenue_2017,4-54 avenue,2017,74392.7,34918.0,55288.3,0.6316
4-54 avenue_2020,4-54 avenue,2020,87743.9,36883.6,55288.3,0.6671
4-54 avenue_2021,4-54 avenue,2021,10251.5,5125.7,55288.3,0.0927
4-54 avenue_2022,4-54 avenue,2022,15340.0,7670.0,55288.3,0.1387
4-54 avenue_2023,4-54 avenue,2023,452.0,226.0,55288.3,0.0041
4-54 avenue_2024,4-54 avenue,2024,382.0,191.0,55288.3,0.0035
4-54 drive_2021,4-54 drive,2021,5590.5,2795.2,2703.5,1.0339
4-54 road_2021,4-54 road,2021,14622.2,5950.0,11909.6,0.4996
4-54 street_2018,4-54 street,2018,9604.0,3033.5,24694.2,0.1228
4-54 street_2020,4-54 street,2020,60800.0,30400.0,24694.2,1.2311
4-54 street_2021,4-54 street,2021,6915.4,3457.7,24694.2,0.14
4-54 street_2022,4-54 street,2022,2054.0,1027.0,24694.2,0.0416
4-54 street_2023,4-54 street,2023,25200.0,10837.0,24694.2,0.4388
4-54 street_2025,4-54 street,2025,254.0,127.0,24694.2,0.0051
4-55 avenue_2017,4-55 avenue,2017,44160.2,15340.1,39810.0,0.3853
4-55 avenue_2018,4-55 avenue,2018,5781.7,2890.8,39810.0,0.0726
4-55 avenue_2020,4-55 avenue,2020,12560.0,6280.0,39810.0,0.1577
4-55 avenue_2021,4-55 avenue,2021,94432.3,47216.2,39810.0,1.186
4-55 avenue_2022,4-55 avenue,2022,2478.0,1239.0,39810.0,0.0311
4-55 avenue_2023,4-55 avenue,2023,206.0,103.0,39810.0,0.0026
4-55 avenue_2024,4-55 avenue,2024,400.0,200.0,39810.0,0.005
4-55 avenue_2025,4-55 avenue,2025,588.0,294.0,39810.0,0.0074
4-55 drive_2022,4-55 drive,2022,930.0,465.0,19588.2,0.0237
4-55 drive_2025,4-55 drive,2025,504.0,252.0,19588.2,0.0129
4-55 road_2018,4-55 road,2018,6855.3,1371.1,6247.9,0.2194
4-55 road_2022,4-55 road,2022,14714.0,7357.0,6247.9,1.1775
4-55 road_2023,4-55 road,2023,180.0,90.0,6247.9,0.0144
4-55 street_2016,4-55 street,2016,33468.6,13146.4,25771.5,0.5101
4-55 street_2020,4-55 street,2020,95868.6,37462.0,25771.5,1.4536
4-55 street_2021,4-55 street,2021,83237.6,28005.5,25771.5,1.0867
4-55 street_2022,4-55 street,2022,6000.0,3000.0,25771.5,0.1164
4-55 street_2023,4-55 street,2023,38399.0,10039.0,25771.5,0.3895
4-55 street_2025,4-55 street,2025,240.0,120.0,25771.5,0.0047
4-56 avenue_2018,4-56 avenue,2018,74145.0,24352.2,99855.6,0.2439
4-56 avenue_2019,4-56 avenue,2019,12233.4,6116.7,99855.6,0.0613
4-56 avenue_2020,4-56 avenue,2020,26154.7,11281.8,99855.6,0.113
4-56 avenue_2022,4-56 avenue,2022,21542.0,10771.0,99855.6,0.1079
4-56 avenue_2023,4-56 avenue,2023,246.0,123.0,99855.6,0.0012
4-56 avenue_2024,4-56 avenue,2024,52988.0,26494.0,99855.6,0.2653
4-56 drive_2022,4-56 drive,2022,26690.0,13345.0,12319.7,1.0832
4-56 place_2016,4-56 place,2016,3828.4,1914.2,2156.4,0.8877
4-56 road_2016,4-56 road,2016,65796.4,21932.1,34262.5,0.6401
4-56 road_2017,4-56 road,2017,75862.2,31951.1,34262.5,0.9325
4-56 road_2018,4-56 road,2018,15226.2,4756.0,34262.5,0.1388
4-56 road_2019,4-56 road,2019,19459.1,8064.5,34262.5,0.2354
4-56 road_2022,4-56 road,2022,6346.0,3173.0,34262.5,0.0926
4-56 road_2024,4-56 road,2024,302.0,151.0,34262.5,0.0044
4-56 street_2016,4-56 street,2016,35273.3,10951.1,34377.8,0.3186
4-56 street_2018,4-56 street,2018,22672.5,9284.2,34377.8,0.2701
4-56 street_2021,4-56 street,2021,20526.7,6641.7,34377.8,0.1932
4-56 street_2022,4-56 street,2022,5834.0,2917.0,34377.8,0.0849
4-56 street_2023,4-56 street,2023,24808.0,9114.0,34377.8,0.2651
4-56 street_2025,4-56 street,2025,200.0,100.0,34377.8,0.0029
4-57 avenue_2016,4-57 avenue,2016,96529.6,13515.7,78498.0,0.1722
4-57 avenue_2019,4-57 avenue,2019,29991.1,12589.8,78498.0,0.1604
4-57 avenue_2022,4-57 avenue,2022,36476.0,18238.0,78498.0,0.2323
4-57 avenue_2024,4-57 avenue,2024,1348.0,674.0,78498.0,0.0086
4-57 avenue_2025,4-57 avenue,2025,942.0,471.0,78498.0,0.006
4-57 drive_2018,4-57 drive,2018,32800.4,11060.0,12597.5,0.878
4-57 drive_2022,4-57 drive,2022,200.0,100.0,12597.5,0.0079
4-57 place_2022,4-57 place,2022,5602.0,2801.0,1629.7,1.7187
4-57 road_2016,4-57 road,2016,72447.3,18365.4,28662.1,0.6408
4-57 road_2018,4-57 road,2018,10530.0,3510.0,28662.1,0.1225
4-57 road_2022,4-57 road,2022,5882.0,2941.0,28662.1,0.1026
4-57 road_2024,4-57 road,2024,400.0,200.0,28662.1,0.007
4-57 street_2016,4-57 street,2016,10396.9,5198.4,25415.1,0.2045
4-57 street_2018,4-57 street,2018,13125.0,4375.0,25415.1,0.1721
4-57 street_2020,4-57 street,2020,179527.1,19384.6,25415.1,0.7627
4-57 street_2024,4-57 street,2024,20934.0,10467.0,25415.1,0.4118
4-58 avenue_2016,4-58 avenue,2016,24688.6,10551.5,112662.3,0.0937
4-58 avenue_2017,4-58 avenue,2017,25536.6,9375.0,112662.3,0.0832
4-58 avenue_2018,4-58 avenue,2018,44651.6,17974.6,112662.3,0.1595
4-58 avenue_2022,4-58 avenue,2022,101010.0,40002.0,112662.3,0.3551
4-58 avenue_2023,4-58 avenue,2023,8666.0,4333.0,112662.3,0.0385
4-58 avenue_2024,4-58 avenue,2024,53502.0,26751.0,112662.3,0.2374
4-58 drive_2018,4-58 drive,2018,12846.2,6423.1,2587.5,2.4824
4-58 lane_2023,4-58 lane,2023,17250.0,7000.0,5926.2,1.1812
4-58 lane_2024,4-58 lane,2024,5420.0,2710.0,5926.2,0.4573
4-58 place_2016,4-58 place,2016,12871.9,6435.9,7725.2,0.8331
4-58 place_2022,4-58 place,2022,2816.0,1408.0,7725.2,0.1823
4-58 place_2023,4-58 place,2023,3566.0,1783.0,7725.2,0.2308
4-58 place_2024,4-58 place,2024,4026.0,2013.0,7725.2,0.2606
4-58 road_2016,4-58 road,2016,57579.8,27853.0,32938.7,0.8456
4-58 road_2017,4-58 road,2017,53553.3,18851.1,32938.7,0.5723
4-58 road_2018,4-58 road,2018,143999.6,30424.1,32938.7,0.9237
4-58 road_2022,4-58 road,2022,3066.0,1533.0,32938.7,0.0465
4-58 road_2023,4-58 road,2023,4450.0,2225.0,32938.7,0.0675
4-58 road_2024,4-58 road,2024,234.0,117.0,32938.7,0.0036
4-58 street_2016,4-58 street,2016,211028.3,70342.8,57126.1,1.2314
4-58 street_2022,4-58 street,2022,1392.0,696.0,57126.1,0.0122
4-58 street_2023,4-58 street,2023,4934.0,2467.0,57126.1,0.0432
4-58 street_2024,4-58 street,2024,14512.0,7256.0,57126.1,0.127
4-58 street_2025,4-58 street,2025,74062.0,37031.0,57126.1,0.6482
4-59 avenue_2016,4-59 avenue,2016,27816.8,9120.8,63072.6,0.1446
4-59 avenue_2017,4-59 avenue,2017,15501.1,6871.2,63072.6,0.1089
4-59 avenue_2018,4-59 avenue,2018,10640.0,5320.0,63072.6,0.0843
4-59 avenue_2022,4-59 avenue,2022,712.0,356.0,63072.6,0.0056
4-59 avenue_2023,4-59 avenue,2023,9597.0,4415.0,63072.6,0.07
4-59 avenue_2024,4-59 avenue,2024,13750.0,6875.0,63072.6,0.109
4-59 drive_2017,4-59 drive,2017,2180.2,1090.1,9311.7,0.1171
4-59 drive_2020,4-59 drive,2020,49263.4,17183.4,9311.7,1.8454
4-59 drive_2022,4-59 drive,2022,3302.0,1651.0,9311.7,0.1773
4-59 drive_2023,4-59 drive,2023,294.0,147.0,9311.7,0.0158
4-59 place_2019,4-59 place,2019,9648.0,3216.0,12644.2,0.2543
4-59 place_2020,4-59 place,2020,6432.0,2425.6,12644.2,0.1918
4-59 place_2023,4-59 place,2023,5534.0,2767.0,12644.2,0.2188
4-59 place_2024,4-59 place,2024,4902.0,2451.0,12644.2,0.1938
4-59 road_2016,4-59 road,2016,44306.9,13148.3,6414.9,2.0497
4-59 road_2017,4-59 road,2017,3314.1,1657.0,6414.9,0.2583
4-59 road_2019,4-59 road,2019,1969.6,984.8,6414.9,0.1535
4-59 road_2022,4-59 road,2022,302.0,151.0,6414.9,0.0235
4-59 road_2023,4-59 road,2023,360.0,180.0,6414.9,0.0281
4-59 street_2016,4-59 street,2016,7703.6,3851.8,29586.0,0.1302
4-59 street_2018,4-59 street,2018,28486.4,13400.9,29586.0,0.4529
4-59 street_2019,4-59 street,2019,4571.1,2285.6,29586.0,0.0773
4-59 street_2023,4-59 street,2023,32365.0,12345.0,29586.0,0.4173
4-59 street_2024,4-59 street,2024,4858.0,2429.0,29586.0,0.0821
4-6 avenue_2017,4-6 avenue,2017,39321.3,10288.7,18874.3,0.5451
4-6 avenue_2018,4-6 avenue,2018,66605.6,31220.4,18874.3,1.6541
4-6 avenue_2021,4-6 avenue,2021,336.0,168.0,18874.3,0.0089
4-6 avenue_2024,4-6 avenue,2024,4044.0,2022.0,18874.3,0.1071
4-6 road_2023,4-6 road,2023,2666.0,1333.0,2719.2,0.4902
4-60 avenue_2016,4-60 avenue,2016,36609.5,14232.2,57840.5,0.2461
4-60 avenue_2017,4-60 avenue,2017,143244.8,44714.4,57840.5,0.7731
4-60 avenue_2020,4-60 avenue,2020,13008.6,6086.9,57840.5,0.1052
4-60 avenue_2022,4-60 avenue,2022,706.0,353.0,57840.5,0.0061
4-60 avenue_2023,4-60 avenue,2023,4548.0,2274.0,57840.5,0.0393
4-60 avenue_2024,4-60 avenue,2024,288.0,144.0,57840.5,0.0025
4-60 drive_2016,4-60 drive,2016,8242.1,4121.0,14305.7,0.2881
4-60 drive_2022,4-60 drive,2022,5024.0,2512.0,14305.7,0.1756
4-60 drive_2023,4-60 drive,2023,588.0,294.0,14305.7,0.0206
4-60 lane_2017,4-60 lane,2017,14377.3,7188.7,21174.5,0.3395
4-60 lane_2024,4-60 lane,2024,400.0,200.0,21174.5,0.0094
4-60 place_2016,4-60 place,2016,1183.0,591.5,15491.0,0.0382
4-60 place_2017,4-60 place,2017,27731.5,12533.2,15491.0,0.8091
4-60 place_2018,4-60 place,2018,3320.0,1660.0,15491.0,0.1072
4-60 place_2020,4-60 place,2020,2384.6,1192.3,15491.0,0.077
4-60 place_2024,4-60 place,2024,426.0,213.0,15491.0,0.0137
4-60 road_2017,4-60 road,2017,39063.9,12836.4,22398.3,0.5731
4-60 road_2022,4-60 road,2022,266.0,133.0,22398.3,0.0059
4-60 road_2023,4-60 road,2023,588.0,294.0,22398.3,0.0131
4-60 street_2016,4-60 street,2016,30818.3,10489.2,50551.2,0.2075
4-60 street_2019,4-60 street,2019,24013.8,12006.9,50551.2,0.2375
4-60 street_2021,4-60 street,2021,21130.8,7075.4,50551.2,0.14
4-60 street_2022,4-60 street,2022,6564.0,3282.0,50551.2,0.0649
4-60 street_2023,4-60 street,2023,12550.0,4100.0,50551.2,0.0811
4-60 street_2024,4-60 street,2024,4892.0,2446.0,50551.2,0.0484
4-61 avenue_2017,4-61 avenue,2017,34921.5,17460.7,21653.1,0.8064
4-61 avenue_2022,4-61 avenue,2022,40263.0,11238.0,21653.1,0.519
4-61 avenue_2024,4-61 avenue,2024,4200.0,2100.0,21653.1,0.097
4-61 drive_2017,4-61 drive,2017,2886.2,1443.1,4208.0,0.3429
4-61 drive_2022,4-61 drive,2022,310.0,155.0,4208.0,0.0368
4-61 drive_2023,4-61 drive,2023,344.0,172.0,4208.0,0.0409
4-61 road_2017,4-61 road,2017,105778.4,26657.2,23167.1,1.1506
4-61 road_2019,4-61 road,2019,24368.4,6823.8,23167.1,0.2945
4-61 road_2020,4-61 road,2020,38863.3,10749.3,23167.1,0.464
4-61 road_2022,4-61 road,2022,706.0,353.0,23167.1,0.0152
4-61 road_2023,4-61 road,2023,344.0,172.0,23167.1,0.0074
4-61 street_2016,4-61 street,2016,6336.7,1584.2,54811.1,0.0289
4-61 street_2017,4-61 street,2017,32756.0,16378.0,54811.1,0.2988
4-61 street_2018,4-61 street,2018,408831.2,145683.5,54811.1,2.6579
4-61 street_2020,4-61 street,2020,2607.1,1303.6,54811.1,0.0238
4-61 street_2022,4-61 street,2022,22178.0,9412.0,54811.1,0.1717
4-61 street_2023,4-61 street,2023,350.0,175.0,54811.1,0.0032
4-61 street_2024,4-61 street,2024,5014.0,2507.0,54811.1,0.0457
4-62 avenue_2016,4-62 avenue,2016,94009.6,23194.1,41852.2,0.5542
4-62 avenue_2017,4-62 avenue,2017,18406.9,7238.8,41852.2,0.173
4-62 avenue_2019,4-62 avenue,2019,6530.1,6530.1,41852.2,0.156
4-62 avenue_2022,4-62 avenue,2022,610.0,305.0,41852.2,0.0073
4-62 avenue_2023,4-62 avenue,2023,10902.0,5451.0,41852.2,0.1302
4-62 avenue_2024,4-62 avenue,2024,10644.0,5322.0,41852.2,0.1272
4-62 avenue_2025,4-62 avenue,2025,4734.0,2367.0,41852.2,0.0566
4-62 drive_2017,4-62 drive,2017,3649.3,1824.7,30607.8,0.0596
4-62 drive_2022,4-62 drive,2022,175792.0,87896.0,30607.8,2.8717
4-62 drive_2023,4-62 drive,2023,356.0,178.0,30607.8,0.0058
4-62 drive_2024,4-62 drive,2024,25594.0,12797.0,30607.8,0.4181
4-62 road_2017,4-62 road,2017,3555.1,1777.5,17407.4,0.1021
4-62 road_2018,4-62 road,2018,4267.7,2133.8,17407.4,0.1226
4-62 road_2019,4-62 road,2019,30329.1,11299.7,17407.4,0.6491
4-62 road_2022,4-62 road,2022,502.0,251.0,17407.4,0.0144
4-62 road_2023,4-62 road,2023,748.0,374.0,17407.4,0.0215
4-62 road_2024,4-62 road,2024,16396.0,8198.0,17407.4,0.4709
4-62 street_2017,4-62 street,2017,52123.0,13289.1,30694.5,0.4329
4-62 street_2018,4-62 street,2018,16809.6,6759.6,30694.5,0.2202
4-62 street_2020,4-62 street,2020,134246.6,38440.0,30694.5,1.2523
4-62 street_2022,4-62 street,2022,3166.0,1583.0,30694.5,0.0516
4-62 street_2023,4-62 street,2023,76.0,38.0,30694.5,0.0012
4-62 street_2024,4-62 street,2024,5512.0,2756.0,30694.5,0.0898
4-62 street_2025,4-62 street,2025,274.0,137.0,30694.5,0.0045
4-63 avenue_2017,4-63 avenue,2017,84736.5,29363.1,38981.7,0.7533
4-63 avenue_2018,4-63 avenue,2018,66152.9,24402.9,38981.7,0.626
4-63 avenue_2020,4-63 avenue,2020,29594.4,13477.2,38981.7,0.3457
4-63 avenue_2022,4-63 avenue,2022,440.0,220.0,38981.7,0.0056
4-63 avenue_2024,4-63 avenue,2024,13374.0,6687.0,38981.7,0.1715
4-63 drive_2024,4-63 drive,2024,24390.0,12195.0,26673.2,0.4572
4-63 drive_2025,4-63 drive,2025,47082.0,23541.0,26673.2,0.8826
4-63 place_2017,4-63 place,2017,8970.7,4485.3,2456.1,1.8262
4-63 road_2020,4-63 road,2020,53190.7,26595.4,20600.7,1.291
4-63 road_2022,4-63 road,2022,69964.0,34982.0,20600.7,1.6981
4-63 road_2024,4-63 road,2024,672.0,336.0,20600.7,0.0163
4-63 street_2017,4-63 street,2017,121248.8,59532.5,23944.0,2.4863
4-63 street_2019,4-63 street,2019,23299.0,8638.9,23944.0,0.3608
4-63 street_2022,4-63 street,2022,320.0,160.0,23944.0,0.0067
4-64 avenue_2017,4-64 avenue,2017,167852.6,62711.3,67831.0,0.9245
4-64 avenue_2021,4-64 avenue,2021,59795.0,24673.0,67831.0,0.3637
4-64 avenue_2022,4-64 avenue,2022,446.0,223.0,67831.0,0.0033
4-64 avenue_2024,4-64 avenue,2024,782.0,391.0,67831.0,0.0058
4-64 avenue_2025,4-64 avenue,2025,19234.0,9617.0,67831.0,0.1418
4-64 circle_2017,4-64 circle,2017,244860.2,73503.4,5238.1,14.0325
4-64 place_2017,4-64 place,2017,10980.8,4782.9,11070.5,0.432
4-64 place_2021,4-64 place,2021,5965.3,1988.4,11070.5,0.1796
4-64 place_2023,4-64 place,2023,312.0,156.0,11070.5,0.0141
4-64 place_2024,4-64 place,2024,476.0,238.0,11070.5,0.0215
4-64 road_2021,4-64 road,2021,21775.8,7816.2,28272.1,0.2765
4-64 road_2022,4-64 road,2022,8132.0,4066.0,28272.1,0.1438
4-64 road_2023,4-64 road,2023,41056.0,20528.0,28272.1,0.7261
4-64 road_2024,4-64 road,2024,564.0,282.0,28272.1,0.01
4-64 street_2017,4-64 street,2017,24927.6,9902.2,44384.8,0.2231
4-64 street_2018,4-64 street,2018,37603.2,14076.9,44384.8,0.3172
4-64 street_2019,4-64 street,2019,38088.9,13944.5,44384.8,0.3142
4-64 street_2020,4-64 street,2020,104600.0,34180.0,44384.8,0.7701
4-64 street_2021,4-64 street,2021,4947.2,2473.6,44384.8,0.0557
4-64 street_2022,4-64 street,2022,310.0,155.0,44384.8,0.0035
4-64 street_2023,4-64 street,2023,18915.0,6357.0,44384.8,0.1432
4-64 street_2024,4-64 street,2024,7810.0,3905.0,44384.8,0.088
4-64 street_2025,4-64 street,2025,308.0,154.0,44384.8,0.0035
4-65 avenue_2017,4-65 avenue,2017,21184.8,7623.1,40745.2,0.1871
4-65 avenue_2021,4-65 avenue,2021,6730.3,2243.4,40745.2,0.0551
4-65 avenue_2022,4-65 avenue,2022,25519.0,12077.0,40745.2,0.2964
4-65 avenue_2024,4-65 avenue,2024,378.0,189.0,40745.2,0.0046
4-65 crescent_2023,4-65 crescent,2023,1200.0,600.0,3396.4,0.1767
4-65 drive_2021,4-65 drive,2021,24488.1,6859.1,8250.0,0.8314
4-65 drive_2022,4-65 drive,2022,414.0,207.0,8250.0,0.0251
4-65 drive_2023,4-65 drive,2023,340.0,170.0,8250.0,0.0206
4-65 drive_2024,4-65 drive,2024,2614.0,1307.0,8250.0,0.1584
4-65 lane_2018,4-65 lane,2018,6413.5,2137.8,1925.3,1.1104
4-65 lane_2022,4-65 lane,2022,206.0,103.0,1925.3,0.0535
4-65 lane_2025,4-65 lane,2025,428.0,214.0,1925.3,0.1112
4-65 place_2017,4-65 place,2017,241373.3,57487.4,36905.6,1.5577
4-65 place_2021,4-65 place,2021,6968.6,3484.3,36905.6,0.0944
4-65 place_2022,4-65 place,2022,8786.0,4393.0,36905.6,0.119
4-65 place_2023,4-65 place,2023,624.0,312.0,36905.6,0.0085
4-65 place_2025,4-65 place,2025,720.0,360.0,36905.6,0.0098
4-65 road_2017,4-65 road,2017,45860.2,22930.1,12203.9,1.8789
4-65 road_2020,4-65 road,2020,20039.4,9573.8,12203.9,0.7845
4-65 road_2021,4-65 road,2021,7562.3,3781.1,12203.9,0.3098
4-65 road_2024,4-65 road,2024,630.0,315.0,12203.9,0.0258
4-65 street_2017,4-65 street,2017,190879.7,10573.0,34421.6,0.3072
4-65 street_2018,4-65 street,2018,20133.8,10066.9,34421.6,0.2925
4-65 street_2020,4-65 street,2020,29863.9,14931.9,34421.6,0.4338
4-65 street_2021,4-65 street,2021,4660.7,1553.6,34421.6,0.0451
4-65 street_2022,4-65 street,2022,4934.0,2467.0,34421.6,0.0717
4-65 street_2023,4-65 street,2023,312.0,156.0,34421.6,0.0045
4-65 street_2024,4-65 street,2024,262.0,131.0,34421.6,0.0038
4-65 street_2025,4-65 street,2025,600.0,300.0,34421.6,0.0087
4-66 avenue_2017,4-66 avenue,2017,17608.0,7798.4,19251.1,0.4051
4-66 avenue_2019,4-66 avenue,2019,28931.8,10489.3,19251.1,0.5449
4-66 avenue_2024,4-66 avenue,2024,582.0,291.0,19251.1,0.0151
4-66 drive_2016,4-66 drive,2016,32591.2,10863.7,6993.4,1.5534
4-66 drive_2024,4-66 drive,2024,5162.0,2581.0,6993.4,0.3691
4-66 place_2021,4-66 place,2021,14641.7,5136.2,7302.1,0.7034
4-66 place_2023,4-66 place,2023,624.0,312.0,7302.1,0.0427
4-66 road_2017,4-66 road,2017,37151.2,12383.7,23442.0,0.5283
4-66 road_2021,4-66 road,2021,20996.6,10498.3,23442.0,0.4478
4-66 road_2022,4-66 road,2022,214.0,107.0,23442.0,0.0046
4-66 road_2023,4-66 road,2023,478.0,239.0,23442.0,0.0102
4-66 road_2024,4-66 road,2024,11494.0,5747.0,23442.0,0.2452
4-66 road_2025,4-66 road,2025,206.0,103.0,23442.0,0.0044
4-66 street_2017,4-66 street,2017,3233.0,1616.5,28155.9,0.0574
4-66 street_2019,4-66 street,2019,53391.7,6421.5,28155.9,0.2281
4-66 street_2020,4-66 street,2020,2952.1,1476.1,28155.9,0.0524
4-66 street_2021,4-66 street,2021,17815.0,8051.8,28155.9,0.286
4-66 street_2022,4-66 street,2022,1272.0,636.0,28155.9,0.0226
4-66 street_2023,4-66 street,2023,24180.0,10604.0,28155.9,0.3766
4-67 avenue_2016,4-67 avenue,2016,111719.0,29041.6,86085.3,0.3374
4-67 avenue_2017,4-67 avenue,2017,151727.2,49424.7,86085.3,0.5741
4-67 avenue_2018,4-67 avenue,2018,8342.0,1668.4,86085.3,0.0194
4-67 avenue_2019,4-67 avenue,2019,57432.2,14919.2,86085.3,0.1733
4-67 avenue_2020,4-67 avenue,2020,60763.6,23448.5,86085.3,0.2724
4-67 avenue_2022,4-67 avenue,2022,3658.0,1255.0,86085.3,0.0146
4-67 avenue_2023,4-67 avenue,2023,110675.0,45128.0,86085.3,0.5242
4-67 avenue_2024,4-67 avenue,2024,1294.0,647.0,86085.3,0.0075
4-67 avenue_2025,4-67 avenue,2025,756.0,378.0,86085.3,0.0044
4-67 drive_2019,4-67 drive,2019,17866.7,6722.8,22222.6,0.3025
4-67 drive_2021,4-67 drive,2021,14439.4,4813.1,22222.6,0.2166
4-67 drive_2022,4-67 drive,2022,214.0,107.0,22222.6,0.0048
4-67 drive_2024,4-67 drive,2024,664.0,332.0,22222.6,0.0149
4-67 place_2021,4-67 place,2021,17878.2,7218.4,7491.2,0.9636
4-67 place_2023,4-67 place,2023,624.0,312.0,7491.2,0.0416
4-67 road_2017,4-67 road,2017,11779.4,5889.7,24560.6,0.2398
4-67 road_2019,4-67 road,2019,22456.7,9007.7,24560.6,0.3668
4-67 road_2021,4-67 road,2021,43906.2,21953.1,24560.6,0.8938
4-67 road_2022,4-67 road,2022,214.0,107.0,24560.6,0.0044
4-67 road_2024,4-67 road,2024,678.0,339.0,24560.6,0.0138
4-67 street_2017,4-67 street,2017,30772.2,11492.6,24121.6,0.4764
4-67 street_2019,4-67 street,2019,6074.2,3037.1,24121.6,0.1259
4-67 street_2020,4-67 street,2020,24837.1,11987.5,24121.6,0.497
4-67 street_2021,4-67 street,2021,50513.5,18312.0,24121.6,0.7592
4-67 street_2022,4-67 street,2022,344.0,172.0,24121.6,0.0071
4-67 street_2023,4-67 street,2023,672.0,336.0,24121.6,0.0139
4-68 avenue_2016,4-68 avenue,2016,41492.2,13268.8,49076.3,0.2704
4-68 avenue_2017,4-68 avenue,2017,21889.2,10944.6,49076.3,0.223
4-68 avenue_2021,4-68 avenue,2021,119695.5,26013.1,49076.3,0.5301
4-68 avenue_2022,4-68 avenue,2022,2368.0,1184.0,49076.3,0.0241
4-68 avenue_2023,4-68 avenue,2023,34304.0,17152.0,49076.3,0.3495
4-68 avenue_2024,4-68 avenue,2024,8834.0,4417.0,49076.3,0.09
4-68 avenue_2025,4-68 avenue,2025,200.0,100.0,49076.3,0.002
4-68 drive_2022,4-68 drive,2022,16602.0,8301.0,19944.8,0.4162
4-68 drive_2023,4-68 drive,2023,27342.0,13671.0,19944.8,0.6854
4-68 drive_2024,4-68 drive,2024,668.0,334.0,19944.8,0.0167
4-68 place_2023,4-68 place,2023,272.0,136.0,5575.1,0.0244
4-68 road_2017,4-68 road,2017,19794.5,6598.2,25556.0,0.2582
4-68 road_2022,4-68 road,2022,1360.0,680.0,25556.0,0.0266
4-68 road_2023,4-68 road,2023,26334.0,13167.0,25556.0,0.5152
4-68 road_2024,4-68 road,2024,312.0,156.0,25556.0,0.0061
4-68 street_2017,4-68 street,2017,31947.3,12086.2,34306.9,0.3523
4-68 street_2019,4-68 street,2019,89805.0,41462.4,34306.9,1.2086
4-68 street_2020,4-68 street,2020,3475.5,1158.5,34306.9,0.0338
4-68 street_2021,4-68 street,2021,29364.3,14682.1,34306.9,0.428
4-68 street_2022,4-68 street,2022,9334.0,4667.0,34306.9,0.136
4-68 street_2023,4-68 street,2023,38074.0,6607.0,34306.9,0.1926
4-69 avenue_2016,4-69 avenue,2016,105318.9,35852.2,96194.7,0.3727
4-69 avenue_2017,4-69 avenue,2017,136723.7,41579.3,96194.7,0.4322
4-69 avenue_2018,4-69 avenue,2018,60649.8,20993.6,96194.7,0.2182
4-69 avenue_2019,4-69 avenue,2019,12719.4,6359.7,96194.7,0.0661
4-69 avenue_2021,4-69 avenue,2021,14214.0,6148.7,96194.7,0.0639
4-69 avenue_2022,4-69 avenue,2022,5238.0,2073.0,96194.7,0.0216
4-69 avenue_2023,4-69 avenue,2023,220.0,110.0,96194.7,0.0011
4-69 avenue_2024,4-69 avenue,2024,19450.0,9725.0,96194.7,0.1011
4-69 avenue_2025,4-69 avenue,2025,103622.0,51811.0,96194.7,0.5386
4-69 drive_2023,4-69 drive,2023,1392.0,696.0,229.7,3.03
4-69 lane_2018,4-69 lane,2018,18223.0,7860.4,15545.4,0.5056
4-69 lane_2022,4-69 lane,2022,15724.0,7862.0,15545.4,0.5057
4-69 place_2017,4-69 place,2017,48153.7,12474.6,38674.5,0.3226
4-69 place_2019,4-69 place,2019,3094.0,1547.0,38674.5,0.04
4-69 place_2022,4-69 place,2022,42092.0,21046.0,38674.5,0.5442
4-69 place_2023,4-69 place,2023,11004.0,5502.0,38674.5,0.1423
4-69 road_2018,4-69 road,2018,18909.5,6303.2,32929.6,0.1914
4-69 road_2019,4-69 road,2019,7070.0,3535.0,32929.6,0.1074
4-69 road_2022,4-69 road,2022,1830.0,915.0,32929.6,0.0278
4-69 road_2023,4-69 road,2023,11706.0,5853.0,32929.6,0.1777
4-69 road_2024,4-69 road,2024,716.0,358.0,32929.6,0.0109
4-69 street_2017,4-69 street,2017,3462.6,1731.3,94634.7,0.0183
4-69 street_2018,4-69 street,2018,144138.9,59148.5,94634.7,0.625
4-69 street_2019,4-69 street,2019,140221.7,70110.8,94634.7,0.7409
4-69 street_2022,4-69 street,2022,24236.0,12118.0,94634.7,0.1281
4-69 street_2023,4-69 street,2023,79570.0,32180.0,94634.7,0.34
4-69 street_2025,4-69 street,2025,21504.0,10752.0,94634.7,0.1136
4-7 avenue_2016,4-7 avenue,2016,166851.3,40571.7,28404.3,1.4284
4-7 avenue_2021,4-7 avenue,2021,9972.4,4986.2,28404.3,0.1755
4-7 avenue_2022,4-7 avenue,2022,6254.0,3127.0,28404.3,0.1101
4-7 avenue_2024,4-7 avenue,2024,29306.0,14653.0,28404.3,0.5159
4-70 avenue_2016,4-70 avenue,2016,15972.5,5200.5,44116.8,0.1179
4-70 avenue_2018,4-70 avenue,2018,4529.9,2264.9,44116.8,0.0513
4-70 avenue_2019,4-70 avenue,2019,17310.8,8265.1,44116.8,0.1873
4-70 avenue_2020,4-70 avenue,2020,22216.8,9954.6,44116.8,0.2256
4-70 avenue_2021,4-70 avenue,2021,20426.6,9735.1,44116.8,0.2207
4-70 avenue_2022,4-70 avenue,2022,9034.0,4517.0,44116.8,0.1024
4-70 avenue_2023,4-70 avenue,2023,392.0,196.0,44116.8,0.0044
4-70 avenue_2024,4-70 avenue,2024,1446.0,723.0,44116.8,0.0164
4-70 drive_2022,4-70 drive,2022,7432.0,3716.0,3713.9,1.0006
4-70 road_2016,4-70 road,2016,135884.2,28411.1,23758.5,1.1958
4-70 road_2022,4-70 road,2022,12022.0,6011.0,23758.5,0.253
4-70 road_2023,4-70 road,2023,412.0,206.0,23758.5,0.0087
4-70 road_2024,4-70 road,2024,1544.0,772.0,23758.5,0.0325
4-70 road_2025,4-70 road,2025,13734.0,6867.0,23758.5,0.289
4-70 street_2016,4-70 street,2016,18640.0,9320.0,47894.6,0.1946
4-70 street_2017,4-70 street,2017,106078.1,25567.5,47894.6,0.5338
4-70 street_2019,4-70 street,2019,7072.5,3536.2,47894.6,0.0738
4-70 street_2021,4-70 street,2021,12052.4,5129.5,47894.6,0.1071
4-70 street_2022,4-70 street,2022,26488.0,13244.0,47894.6,0.2765
4-70 street_2023,4-70 street,2023,1050.0,525.0,47894.6,0.011
4-70 street_2024,4-70 street,2024,40014.0,20007.0,47894.6,0.4177
4-70 street_2025,4-70 street,2025,290.0,145.0,47894.6,0.003
4-71 avenue_2016,4-71 avenue,2016,22602.2,8407.9,65854.5,0.1277
4-71 avenue_2018,4-71 avenue,2018,940143.1,366527.6,65854.5,5.5657
4-71 avenue_2019,4-71 avenue,2019,40080.1,20040.0,65854.5,0.3043
4-71 avenue_2022,4-71 avenue,2022,18525.0,8562.0,65854.5,0.13
4-71 avenue_2023,4-71 avenue,2023,200.0,100.0,65854.5,0.0015
4-71 avenue_2024,4-71 avenue,2024,1644.0,822.0,65854.5,0.0125
4-71 avenue_2025,4-71 avenue,2025,4946.0,2473.0,65854.5,0.0376
4-71 drive_2022,4-71 drive,2022,16264.0,8132.0,1762.2,4.6147
4-71 place_2019,4-71 place,2019,9929.6,3309.9,4788.5,0.6912
4-71 place_2021,4-71 place,2021,9138.1,3102.0,4788.5,0.6478
4-71 road_2019,4-71 road,2019,11151.0,5575.5,16594.4,0.336
4-71 road_2022,4-71 road,2022,16002.0,8001.0,16594.4,0.4822
4-71 road_2023,4-71 road,2023,200.0,100.0,16594.4,0.006
4-71 road_2024,4-71 road,2024,800.0,400.0,16594.4,0.0241
4-71 road_2025,4-71 road,2025,23254.0,11627.0,16594.4,0.7007
4-71 street_2016,4-71 street,2016,9832.8,3813.5,50710.4,0.0752
4-71 street_2017,4-71 street,2017,8983.3,3140.0,50710.4,0.0619
4-71 street_2018,4-71 street,2018,2702.3,1351.2,50710.4,0.0266
4-71 street_2019,4-71 street,2019,90301.4,31066.5,50710.4,0.6126
4-71 street_2021,4-71 street,2021,336.0,168.0,50710.4,0.0033
4-71 street_2023,4-71 street,2023,814.0,407.0,50710.4,0.008
4-71 street_2024,4-71 street,2024,17834.0,8917.0,50710.4,0.1758
4-71 street_2025,4-71 street,2025,336.0,168.0,50710.4,0.0033
4-72 avenue_2016,4-72 avenue,2016,21886.7,9406.5,34803.7,0.2703
4-72 avenue_2017,4-72 avenue,2017,8970.1,4485.1,34803.7,0.1289
4-72 avenue_2019,4-72 avenue,2019,43649.3,18853.6,34803.7,0.5417
4-72 avenue_2022,4-72 avenue,2022,13681.0,6374.0,34803.7,0.1831
4-72 avenue_2023,4-72 avenue,2023,5236.0,2618.0,34803.7,0.0752
4-72 avenue_2024,4-72 avenue,2024,2580.0,1290.0,34803.7,0.0371
4-72 avenue_2025,4-72 avenue,2025,24308.0,12154.0,34803.7,0.3492
4-72 drive_2016,4-72 drive,2016,74327.7,35984.1,10683.3,3.3683
4-72 drive_2022,4-72 drive,2022,8400.0,4200.0,10683.3,0.3931
4-72 drive_2024,4-72 drive,2024,1758.0,879.0,10683.3,0.0823
4-72 place_2018,4-72 place,2018,11105.1,5552.6,13291.1,0.4178
4-72 place_2019,4-72 place,2019,93580.0,15540.0,13291.1,1.1692
4-72 place_2021,4-72 place,2021,9959.3,4979.7,13291.1,0.3747
4-72 road_2016,4-72 road,2016,11404.7,2280.9,22460.1,0.1016
4-72 road_2019,4-72 road,2019,92921.5,43647.5,22460.1,1.9433
4-72 road_2022,4-72 road,2022,10002.0,5001.0,22460.1,0.2227
4-72 road_2024,4-72 road,2024,1224.0,612.0,22460.1,0.0272
4-72 street_2016,4-72 street,2016,31500.0,10500.0,47075.0,0.223
4-72 street_2017,4-72 street,2017,5981.7,2990.9,47075.0,0.0635
4-72 street_2018,4-72 street,2018,3194.8,1597.4,47075.0,0.0339
4-72 street_2019,4-72 street,2019,29240.0,9746.7,47075.0,0.207
4-72 street_2021,4-72 street,2021,35670.1,6958.4,47075.0,0.1478
4-72 street_2022,4-72 street,2022,16580.0,8290.0,47075.0,0.1761
4-72 street_2023,4-72 street,2023,21850.0,8199.0,47075.0,0.1742
4-72 street_2024,4-72 street,2024,5192.0,2596.0,47075.0,0.0551
4-73 avenue_2016,4-73 avenue,2016,263246.5,77871.1,138120.9,0.5638
4-73 avenue_2021,4-73 avenue,2021,1172436.6,392034.7,138120.9,2.8383
4-73 avenue_2022,4-73 avenue,2022,6036.0,1509.0,138120.9,0.0109
4-73 avenue_2024,4-73 avenue,2024,19554.0,9777.0,138120.9,0.0708
4-73 avenue_2025,4-73 avenue,2025,200.0,100.0,138120.9,0.0007
4-73 place_2016,4-73 place,2016,131454.9,31577.6,23492.4,1.3442
4-73 place_2018,4-73 place,2018,51828.1,25624.8,23492.4,1.0908
4-73 place_2019,4-73 place,2019,4213.4,526.7,23492.4,0.0224
4-73 place_2020,4-73 place,2020,11628.5,5171.6,23492.4,0.2201
4-73 place_2023,4-73 place,2023,400.0,200.0,23492.4,0.0085
4-73 place_2025,4-73 place,2025,636.0,318.0,23492.4,0.0135
4-73 road_2018,4-73 road,2018,10720.0,5360.0,4508.8,1.1888
4-73 road_2021,4-73 road,2021,23780.8,11890.4,4508.8,2.6372
4-73 road_2025,4-73 road,2025,1400.0,700.0,4508.8,0.1553
4-73 street_2019,4-73 street,2019,36869.3,13552.0,38700.5,0.3502
4-73 street_2021,4-73 street,2021,9058.2,3075.4,38700.5,0.0795
4-73 street_2023,4-73 street,2023,80291.0,29325.0,38700.5,0.7577
4-73 terrace_2024,4-73 terrace,2024,356.0,178.0,4044.5,0.044
4-73 terrace_2025,4-73 terrace,2025,880.0,440.0,4044.5,0.1088
4-74 avenue_2017,4-74 avenue,2017,18780.0,8296.7,26637.3,0.3115
4-74 avenue_2019,4-74 avenue,2019,138675.1,32143.2,26637.3,1.2067
4-74 avenue_2020,4-74 avenue,2020,9386.7,4693.3,26637.3,0.1762
4-74 avenue_2021,4-74 avenue,2021,61832.5,19135.9,26637.3,0.7184
4-74 avenue_2022,4-74 avenue,2022,7200.0,3600.0,26637.3,0.1351
4-74 avenue_2025,4-74 avenue,2025,2024.0,1012.0,26637.3,0.038
4-74 place_2021,4-74 place,2021,4336.9,2168.4,2609.0,0.8311
4-74 street_2016,4-74 street,2016,30594.8,13235.7,61615.1,0.2148
4-74 street_2018,4-74 street,2018,43647.3,17903.7,61615.1,0.2906
4-74 street_2019,4-74 street,2019,21033.3,9653.3,61615.1,0.1567
4-74 street_2022,4-74 street,2022,13256.0,6628.0,61615.1,0.1076
4-74 street_2023,4-74 street,2023,49269.0,22860.0,61615.1,0.371
4-74 street_2024,4-74 street,2024,26924.0,13462.0,61615.1,0.2185
4-74 street_2025,4-74 street,2025,924.0,462.0,61615.1,0.0075
4-75 avenue_2016,4-75 avenue,2016,59948.2,13270.0,103373.3,0.1284
4-75 avenue_2017,4-75 avenue,2017,74264.7,17798.7,103373.3,0.1722
4-75 avenue_2018,4-75 avenue,2018,91196.7,27089.9,103373.3,0.2621
4-75 avenue_2020,4-75 avenue,2020,9186.7,4593.3,103373.3,0.0444
4-75 avenue_2021,4-75 avenue,2021,169835.7,62246.4,103373.3,0.6022
4-75 avenue_2022,4-75 avenue,2022,76914.0,35862.0,103373.3,0.3469
4-75 avenue_2023,4-75 avenue,2023,22590.0,11295.0,103373.3,0.1093
4-75 avenue_2024,4-75 avenue,2024,2270.0,1135.0,103373.3,0.011
4-75 avenue_2025,4-75 avenue,2025,10704.0,5352.0,103373.3,0.0518
4-75 place_2020,4-75 place,2020,14320.5,5426.4,6683.6,0.8119
4-75 place_2022,4-75 place,2022,334.0,167.0,6683.6,0.025
4-75 place_2023,4-75 place,2023,388.0,194.0,6683.6,0.029
4-75 road_2017,4-75 road,2017,16080.0,8040.0,16847.4,0.4772
4-75 road_2018,4-75 road,2018,26880.0,13440.0,16847.4,0.7977
4-75 road_2022,4-75 road,2022,6951.0,993.0,16847.4,0.0589
4-75 road_2023,4-75 road,2023,20810.0,10405.0,16847.4,0.6176
4-75 road_2024,4-75 road,2024,734.0,367.0,16847.4,0.0218
4-75 street_2016,4-75 street,2016,57535.4,10648.3,69506.3,0.1532
4-75 street_2018,4-75 street,2018,27506.7,9173.3,69506.3,0.132
4-75 street_2019,4-75 street,2019,39999.2,14152.5,69506.3,0.2036
4-75 street_2020,4-75 street,2020,30723.8,14041.9,69506.3,0.202
4-75 street_2021,4-75 street,2021,21732.8,10103.9,69506.3,0.1454
4-75 street_2022,4-75 street,2022,17534.0,8767.0,69506.3,0.1261
4-75 street_2023,4-75 street,2023,48118.0,17981.0,69506.3,0.2587
4-75 street_2024,4-75 street,2024,15132.0,7566.0,69506.3,0.1089
4-75 street_2025,4-75 street,2025,998.0,499.0,69506.3,0.0072
4-76 avenue_2016,4-76 avenue,2016,16428.2,6919.4,47060.3,0.147
4-76 avenue_2017,4-76 avenue,2017,1744.8,872.4,47060.3,0.0185
4-76 avenue_2022,4-76 avenue,2022,18548.0,6904.0,47060.3,0.1467
4-76 avenue_2023,4-76 avenue,2023,69540.0,34770.0,47060.3,0.7388
4-76 avenue_2024,4-76 avenue,2024,1950.0,975.0,47060.3,0.0207
4-76 avenue_2025,4-76 avenue,2025,276.0,138.0,47060.3,0.0029
4-76 drive_2018,4-76 drive,2018,19440.0,9720.0,2253.7,4.3129
4-76 road_2022,4-76 road,2022,6720.0,960.0,25231.5,0.038
4-76 road_2023,4-76 road,2023,37970.0,18985.0,25231.5,0.7524
4-76 road_2024,4-76 road,2024,26438.0,13219.0,25231.5,0.5239
4-76 road_2025,4-76 road,2025,276.0,138.0,25231.5,0.0055
4-76 street_2016,4-76 street,2016,29959.1,11176.4,75898.7,0.1473
4-76 street_2017,4-76 street,2017,16971.0,5743.4,75898.7,0.0757
4-76 street_2019,4-76 street,2019,75678.8,35541.3,75898.7,0.4683
4-76 street_2020,4-76 street,2020,5310.0,2655.0,75898.7,0.035
4-76 street_2021,4-76 street,2021,87882.3,37573.5,75898.7,0.495
4-76 street_2022,4-76 street,2022,52980.0,26490.0,75898.7,0.349
4-76 street_2023,4-76 street,2023,1418.0,709.0,75898.7,0.0093
4-76 street_2024,4-76 street,2024,7318.0,3659.0,75898.7,0.0482
4-76 street_2025,4-76 street,2025,412.0,206.0,75898.7,0.0027
4-77 avenue_2016,4-77 avenue,2016,24909.2,8637.6,53665.3,0.161
4-77 avenue_2018,4-77 avenue,2018,49074.7,24537.3,53665.3,0.4572
4-77 avenue_2021,4-77 avenue,2021,9860.0,4930.0,53665.3,0.0919
4-77 avenue_2022,4-77 avenue,2022,6363.0,909.0,53665.3,0.0169
4-77 avenue_2023,4-77 avenue,2023,22284.0,11142.0,53665.3,0.2076
4-77 avenue_2024,4-77 avenue,2024,2098.0,1049.0,53665.3,0.0195
4-77 avenue_2025,4-77 avenue,2025,1148.0,574.0,53665.3,0.0107
4-77 place_2016,4-77 place,2016,10059.8,3574.4,13824.8,0.2585
4-77 place_2022,4-77 place,2022,12742.0,6371.0,13824.8,0.4608
4-77 place_2023,4-77 place,2023,444.0,222.0,13824.8,0.0161
4-77 road_2016,4-77 road,2016,9300.0,4650.0,24702.3,0.1882
4-77 road_2019,4-77 road,2019,31393.4,12496.6,24702.3,0.5059
4-77 road_2022,4-77 road,2022,7287.0,1041.0,24702.3,0.0421
4-77 road_2023,4-77 road,2023,27216.0,12060.0,24702.3,0.4882
4-77 road_2024,4-77 road,2024,888.0,444.0,24702.3,0.018
4-77 road_2025,4-77 road,2025,782.0,391.0,24702.3,0.0158
4-77 street_2016,4-77 street,2016,26738.9,10510.0,73660.9,0.1427
4-77 street_2020,4-77 street,2020,23157.3,11578.7,73660.9,0.1572
4-77 street_2021,4-77 street,2021,73792.5,34908.3,73660.9,0.4739
4-77 street_2022,4-77 street,2022,32744.0,16372.0,73660.9,0.2223
4-77 street_2023,4-77 street,2023,14685.0,6319.0,73660.9,0.0858
4-77 street_2024,4-77 street,2024,8166.0,4083.0,73660.9,0.0554
4-77 street_2025,4-77 street,2025,430.0,215.0,73660.9,0.0029
4-78 avenue_2016,4-78 avenue,2016,50543.4,20951.6,55523.0,0.3773
4-78 avenue_2017,4-78 avenue,2017,74471.7,26267.8,55523.0,0.4731
4-78 avenue_2018,4-78 avenue,2018,7661.3,3830.7,55523.0,0.069
4-78 avenue_2019,4-78 avenue,2019,10982.2,3660.7,55523.0,0.0659
4-78 avenue_2021,4-78 avenue,2021,54994.3,16330.4,55523.0,0.2941
4-78 avenue_2022,4-78 avenue,2022,7056.0,1008.0,55523.0,0.0182
4-78 avenue_2023,4-78 avenue,2023,5938.0,2969.0,55523.0,0.0535
4-78 avenue_2024,4-78 avenue,2024,23650.0,11825.0,55523.0,0.213
4-78 avenue_2025,4-78 avenue,2025,1560.0,780.0,55523.0,0.014
4-78 crescent_2017,4-78 crescent,2017,23058.6,11529.3,1095.0,10.529
4-78 drive_2024,4-78 drive,2024,356.0,178.0,3888.1,0.0458
4-78 drive_2025,4-78 drive,2025,292.0,146.0,3888.1,0.0376
4-78 road_2016,4-78 road,2016,1546.2,773.1,21743.1,0.0356
4-78 road_2021,4-78 road,2021,13844.4,6053.7,21743.1,0.2784
4-78 road_2022,4-78 road,2022,320.0,160.0,21743.1,0.0074
4-78 road_2024,4-78 road,2024,23614.0,11807.0,21743.1,0.543
4-78 road_2025,4-78 road,2025,294.0,147.0,21743.1,0.0068
4-78 street_2018,4-78 street,2018,12642.0,4214.0,95141.7,0.0443
4-78 street_2019,4-78 street,2019,120669.0,45258.6,95141.7,0.4757
4-78 street_2020,4-78 street,2020,89097.1,25493.3,95141.7,0.268
4-78 street_2021,4-78 street,2021,76401.2,31769.5,95141.7,0.3339
4-78 street_2022,4-78 street,2022,38362.0,19181.0,95141.7,0.2016
4-78 street_2023,4-78 street,2023,37380.0,9400.0,95141.7,0.0988
4-78 street_2024,4-78 street,2024,4800.0,2400.0,95141.7,0.0252
4-78 street_2025,4-78 street,2025,1002.0,501.0,95141.7,0.0053
4-79 avenue_2017,4-79 avenue,2017,47731.8,22557.6,36125.9,0.6244
4-79 avenue_2021,4-79 avenue,2021,25687.6,10768.8,36125.9,0.2981
4-79 avenue_2023,4-79 avenue,2023,11262.0,5631.0,36125.9,0.1559
4-79 avenue_2024,4-79 avenue,2024,14136.0,7068.0,36125.9,0.1956
4-79 lane_2016,4-79 lane,2016,17973.3,4660.0,2329.9,2.0001
4-79 place_2016,4-79 place,2016,16441.3,2740.2,11558.9,0.2371
4-79 place_2025,4-79 place,2025,280.0,140.0,11558.9,0.0121
4-79 street_2016,4-79 street,2016,8666.7,4333.3,100742.4,0.043
4-79 street_2018,4-79 street,2018,8416.2,4208.1,100742.4,0.0418
4-79 street_2020,4-79 street,2020,36352.4,17004.9,100742.4,0.1688
4-79 street_2021,4-79 street,2021,85471.6,34002.6,100742.4,0.3375
4-79 street_2022,4-79 street,2022,18932.0,9466.0,100742.4,0.094
4-79 street_2023,4-79 street,2023,13527.0,6072.0,100742.4,0.0603
4-79 street_2024,4-79 street,2024,8482.0,4241.0,100742.4,0.0421
4-79 street_2025,4-79 street,2025,576.0,288.0,100742.4,0.0029
4-8 avenue_2016,4-8 avenue,2016,51377.2,25688.6,16635.8,1.5442
4-8 avenue_2021,4-8 avenue,2021,25198.6,11499.3,16635.8,0.6912
4-8 road_2021,4-8 road,2021,336.0,168.0,762.3,0.2204
4-8 street_2018,4-8 street,2018,10677.3,5338.6,4779.6,1.117
4-8 street_2024,4-8 street,2024,466.0,233.0,4779.6,0.0487
4-80 avenue_2017,4-80 avenue,2017,97771.3,33968.5,35467.1,0.9577
4-80 avenue_2021,4-80 avenue,2021,36540.0,5220.0,35467.1,0.1472
4-80 drive_2024,4-80 drive,2024,23206.0,11603.0,10676.8,1.0867
4-80 drive_2025,4-80 drive,2025,338.0,169.0,10676.8,0.0158
4-80 road_2016,4-80 road,2016,22280.6,9046.6,20411.8,0.4432
4-80 road_2024,4-80 road,2024,26548.0,13274.0,20411.8,0.6503
4-80 road_2025,4-80 road,2025,4348.0,2174.0,20411.8,0.1065
4-80 street_2016,4-80 street,2016,96316.7,29653.6,134242.5,0.2209
4-80 street_2019,4-80 street,2019,36058.6,12166.8,134242.5,0.0906
4-80 street_2020,4-80 street,2020,103127.9,44169.2,134242.5,0.329
4-80 street_2021,4-80 street,2021,26046.3,11572.8,134242.5,0.0862
4-80 street_2022,4-80 street,2022,14356.0,7178.0,134242.5,0.0535
4-80 street_2023,4-80 street,2023,22250.0,11125.0,134242.5,0.0829
4-80 street_2024,4-80 street,2024,8828.0,4414.0,134242.5,0.0329
4-80 street_2025,4-80 street,2025,970.0,485.0,134242.5,0.0036
4-81 avenue_2016,4-81 avenue,2016,6922.7,2307.6,48756.0,0.0473
4-81 avenue_2019,4-81 avenue,2019,15793.3,7410.0,48756.0,0.152
4-81 avenue_2023,4-81 avenue,2023,18599.0,8416.0,48756.0,0.1726
4-81 avenue_2024,4-81 avenue,2024,1908.0,954.0,48756.0,0.0196
4-81 avenue_2025,4-81 avenue,2025,26308.0,13154.0,48756.0,0.2698
4-81 road_2023,4-81 road,2023,18998.0,4867.0,5591.2,0.8705
4-81 street_2016,4-81 street,2016,118238.5,32823.9,79285.6,0.414
4-81 street_2019,4-81 street,2019,347586.6,80586.7,79285.6,1.0164
4-81 street_2020,4-81 street,2020,55433.8,11688.6,79285.6,0.1474
4-81 street_2021,4-81 street,2021,9622.8,4811.4,79285.6,0.0607
4-81 street_2022,4-81 street,2022,356.0,178.0,79285.6,0.0022
4-81 street_2023,4-81 street,2023,2010.0,1005.0,79285.6,0.0127
4-81 street_2024,4-81 street,2024,23068.0,11534.0,79285.6,0.1455
4-81 street_2025,4-81 street,2025,834.0,417.0,79285.6,0.0053
4-82 avenue_2016,4-82 avenue,2016,157866.0,42531.4,73153.6,0.5814
4-82 avenue_2017,4-82 avenue,2017,38430.1,15874.2,73153.6,0.217
4-82 avenue_2018,4-82 avenue,2018,35140.9,14119.4,73153.6,0.193
4-82 avenue_2023,4-82 avenue,2023,14802.0,7401.0,73153.6,0.1012
4-82 avenue_2025,4-82 avenue,2025,720.0,360.0,73153.6,0.0049
4-82 drive_2016,4-82 drive,2016,468688.1,19452.8,8791.3,2.2127
4-82 drive_2017,4-82 drive,2017,5381.0,2690.5,8791.3,0.306
4-82 drive_2018,4-82 drive,2018,77118.5,28720.6,8791.3,3.2669
4-82 drive_2022,4-82 drive,2022,704.0,352.0,8791.3,0.04
4-82 drive_2025,4-82 drive,2025,640.0,320.0,8791.3,0.0364
4-82 place_2016,4-82 place,2016,20818.4,8306.8,6946.7,1.1958
4-82 place_2017,4-82 place,2017,3340.0,1670.0,6946.7,0.2404
4-82 road_2016,4-82 road,2016,24419.9,6682.8,11121.6,0.6009
4-82 road_2017,4-82 road,2017,18475.1,5435.0,11121.6,0.4887
4-82 road_2024,4-82 road,2024,10664.0,5332.0,11121.6,0.4794
4-82 road_2025,4-82 road,2025,18868.0,9434.0,11121.6,0.8483
4-82 street_2016,4-82 street,2016,40030.8,14213.4,74882.3,0.1898
4-82 street_2017,4-82 street,2017,55582.2,13895.6,74882.3,0.1856
4-82 street_2020,4-82 street,2020,89055.0,20101.6,74882.3,0.2684
4-82 street_2021,4-82 street,2021,26955.4,13477.7,74882.3,0.18
4-82 street_2022,4-82 street,2022,39800.0,19900.0,74882.3,0.2658
4-82 street_2023,4-82 street,2023,16513.0,7090.0,74882.3,0.0947
4-82 street_2025,4-82 street,2025,834.0,417.0,74882.3,0.0056
4-83 avenue_2016,4-83 avenue,2016,121230.0,21361.0,49582.5,0.4308
4-83 avenue_2017,4-83 avenue,2017,112068.9,34203.5,49582.5,0.6898
4-83 avenue_2018,4-83 avenue,2018,81738.2,29508.4,49582.5,0.5951
4-83 avenue_2023,4-83 avenue,2023,10000.0,5000.0,49582.5,0.1008
4-83 avenue_2024,4-83 avenue,2024,7068.0,3534.0,49582.5,0.0713
4-83 avenue_2025,4-83 avenue,2025,200.0,100.0,49582.5,0.002
4-83 drive_2017,4-83 drive,2017,2766.7,1383.3,1382.3,1.0007
4-83 place_2022,4-83 place,2022,356.0,178.0,7315.3,0.0243
4-83 street_2016,4-83 street,2016,95720.6,25997.5,66654.6,0.39
4-83 street_2020,4-83 street,2020,23548.6,9557.3,66654.6,0.1434
4-83 street_2022,4-83 street,2022,26632.0,13316.0,66654.6,0.1998
4-83 street_2023,4-83 street,2023,1658.0,829.0,66654.6,0.0124
4-83 street_2024,4-83 street,2024,27868.0,13934.0,66654.6,0.209
4-83 street_2025,4-83 street,2025,5544.0,2772.0,66654.6,0.0416
4-84 avenue_2016,4-84 avenue,2016,29500.1,5041.7,26764.2,0.1884
4-84 avenue_2017,4-84 avenue,2017,2420.0,1210.0,26764.2,0.0452
4-84 avenue_2019,4-84 avenue,2019,34833.6,13699.0,26764.2,0.5118
4-84 avenue_2023,4-84 avenue,2023,33270.0,16635.0,26764.2,0.6215
4-84 avenue_2025,4-84 avenue,2025,700.0,350.0,26764.2,0.0131
4-84 drive_2016,4-84 drive,2016,2175.9,1088.0,19335.9,0.0563
4-84 drive_2017,4-84 drive,2017,968.0,484.0,19335.9,0.025
4-84 drive_2018,4-84 drive,2018,128417.2,54470.6,19335.9,2.8171
4-84 drive_2021,4-84 drive,2021,8541.0,4270.5,19335.9,0.2209
4-84 drive_2024,4-84 drive,2024,4800.0,2400.0,19335.9,0.1241
4-84 drive_2025,4-84 drive,2025,790.0,395.0,19335.9,0.0204
4-84 place_2017,4-84 place,2017,2098.5,1049.2,8312.9,0.1262
4-84 road_2016,4-84 road,2016,28955.4,12169.5,16775.4,0.7254
4-84 road_2017,4-84 road,2017,3108.0,1554.0,16775.4,0.0926
4-84 road_2018,4-84 road,2018,2220.0,740.0,16775.4,0.0441
4-84 road_2019,4-84 road,2019,53404.7,19820.0,16775.4,1.1815
4-84 road_2021,4-84 road,2021,9691.5,4845.8,16775.4,0.2889
4-84 road_2022,4-84 road,2022,4784.0,2392.0,16775.4,0.1426
4-84 road_2023,4-84 road,2023,9494.0,4747.0,16775.4,0.283
4-84 road_2024,4-84 road,2024,4514.0,2257.0,16775.4,0.1345
4-84 road_2025,4-84 road,2025,272.0,136.0,16775.4,0.0081
4-84 street_2016,4-84 street,2016,173987.5,44027.8,104444.1,0.4215
4-84 street_2017,4-84 street,2017,99687.6,29140.4,104444.1,0.279
4-84 street_2020,4-84 street,2020,28289.6,8114.4,104444.1,0.0777
4-84 street_2021,4-84 street,2021,22226.9,10249.3,104444.1,0.0981
4-84 street_2022,4-84 street,2022,76984.0,34630.0,104444.1,0.3316
4-84 street_2023,4-84 street,2023,2240.0,1120.0,104444.1,0.0107
4-84 street_2024,4-84 street,2024,54066.0,27033.0,104444.1,0.2588
4-84 street_2025,4-84 street,2025,2542.0,1271.0,104444.1,0.0122
4-85 avenue_2016,4-85 avenue,2016,20599.9,4120.0,67252.0,0.0613
4-85 avenue_2017,4-85 avenue,2017,14465.1,4565.5,67252.0,0.0679
4-85 avenue_2018,4-85 avenue,2018,24670.7,6955.1,67252.0,0.1034
4-85 avenue_2019,4-85 avenue,2019,53796.0,19208.4,67252.0,0.2856
4-85 avenue_2020,4-85 avenue,2020,40543.9,16256.5,67252.0,0.2417
4-85 avenue_2021,4-85 avenue,2021,21179.1,9978.0,67252.0,0.1484
4-85 avenue_2023,4-85 avenue,2023,5296.0,2648.0,67252.0,0.0394
4-85 avenue_2024,4-85 avenue,2024,10030.0,5015.0,67252.0,0.0746
4-85 avenue_2025,4-85 avenue,2025,30720.0,15360.0,67252.0,0.2284
4-85 drive_2018,4-85 drive,2018,52016.5,15941.7,15277.8,1.0435
4-85 drive_2020,4-85 drive,2020,70480.7,14545.3,15277.8,0.9521
4-85 drive_2024,4-85 drive,2024,10316.0,5158.0,15277.8,0.3376
4-85 drive_2025,4-85 drive,2025,500.0,250.0,15277.8,0.0164
4-85 road_2017,4-85 road,2017,10225.8,5112.9,27325.6,0.1871
4-85 road_2018,4-85 road,2018,17174.8,8587.4,27325.6,0.3143
4-85 road_2019,4-85 road,2019,35868.0,11956.0,27325.6,0.4375
4-85 road_2023,4-85 road,2023,822.0,411.0,27325.6,0.015
4-85 road_2024,4-85 road,2024,31710.0,15855.0,27325.6,0.5802
4-85 road_2025,4-85 road,2025,6368.0,3184.0,27325.6,0.1165
4-85 street_2016,4-85 street,2016,15985.9,3996.5,70163.9,0.057
4-85 street_2017,4-85 street,2017,6885.4,1757.3,70163.9,0.025
4-85 street_2018,4-85 street,2018,8536.5,4268.2,70163.9,0.0608
4-85 street_2019,4-85 street,2019,59932.3,27826.4,70163.9,0.3966
4-85 street_2020,4-85 street,2020,16820.0,4456.7,70163.9,0.0635
4-85 street_2021,4-85 street,2021,43326.3,12524.3,70163.9,0.1785
4-85 street_2022,4-85 street,2022,800.0,400.0,70163.9,0.0057
4-85 street_2023,4-85 street,2023,1258.0,629.0,70163.9,0.009
4-85 street_2024,4-85 street,2024,31826.0,15913.0,70163.9,0.2268
4-85 street_2025,4-85 street,2025,644.0,322.0,70163.9,0.0046
4-86 avenue_2017,4-86 avenue,2017,56553.4,12040.0,64340.8,0.1871
4-86 avenue_2018,4-86 avenue,2018,93489.6,33038.1,64340.8,0.5135
4-86 avenue_2020,4-86 avenue,2020,43292.6,14953.0,64340.8,0.2324
4-86 avenue_2023,4-86 avenue,2023,1044.0,522.0,64340.8,0.0081
4-86 avenue_2024,4-86 avenue,2024,10490.0,5245.0,64340.8,0.0815
4-86 avenue_2025,4-86 avenue,2025,30076.0,15038.0,64340.8,0.2337
4-86 drive_2024,4-86 drive,2024,226.0,113.0,3504.8,0.0322
4-86 road_2016,4-86 road,2016,10133.3,5066.7,27138.0,0.1867
4-86 road_2017,4-86 road,2017,17979.1,7799.5,27138.0,0.2874
4-86 road_2018,4-86 road,2018,8343.9,3310.6,27138.0,0.122
4-86 road_2020,4-86 road,2020,15040.0,7520.0,27138.0,0.2771
4-86 road_2023,4-86 road,2023,822.0,411.0,27138.0,0.0151
4-86 road_2024,4-86 road,2024,3838.0,1919.0,27138.0,0.0707
4-86 road_2025,4-86 road,2025,7210.0,3605.0,27138.0,0.1328
4-86 street_2017,4-86 street,2017,67170.5,27228.8,74176.6,0.3671
4-86 street_2018,4-86 street,2018,3510.0,1755.0,74176.6,0.0237
4-86 street_2020,4-86 street,2020,10964.1,4278.8,74176.6,0.0577
4-86 street_2022,4-86 street,2022,35462.0,17731.0,74176.6,0.239
4-86 street_2023,4-86 street,2023,1210.0,605.0,74176.6,0.0082
4-86 street_2024,4-86 street,2024,45208.0,22604.0,74176.6,0.3047
4-86 street_2025,4-86 street,2025,3006.0,1503.0,74176.6,0.0203
4-87 avenue_2016,4-87 avenue,2016,148694.1,33112.2,50686.7,0.6533
4-87 avenue_2020,4-87 avenue,2020,72291.3,23418.4,50686.7,0.462
4-87 avenue_2021,4-87 avenue,2021,22421.2,8590.4,50686.7,0.1695
4-87 avenue_2022,4-87 avenue,2022,418.0,209.0,50686.7,0.0041
4-87 avenue_2023,4-87 avenue,2023,752.0,376.0,50686.7,0.0074
4-87 avenue_2024,4-87 avenue,2024,20160.0,10080.0,50686.7,0.1989
4-87 avenue_2025,4-87 avenue,2025,1616.0,808.0,50686.7,0.0159
4-87 drive_2019,4-87 drive,2019,16621.9,8310.9,10620.8,0.7825
4-87 drive_2021,4-87 drive,2021,3440.0,1720.0,10620.8,0.1619
4-87 drive_2023,4-87 drive,2023,22846.0,11423.0,10620.8,1.0755
4-87 road_2018,4-87 road,2018,38947.7,16433.8,27182.4,0.6046
4-87 road_2019,4-87 road,2019,31395.8,10465.3,27182.4,0.385
4-87 road_2021,4-87 road,2021,21269.4,7635.4,27182.4,0.2809
4-87 road_2024,4-87 road,2024,9466.0,4733.0,27182.4,0.1741
4-87 road_2025,4-87 road,2025,12048.0,6024.0,27182.4,0.2216
4-87 street_2016,4-87 street,2016,31348.2,15674.1,64673.6,0.2424
4-87 street_2017,4-87 street,2017,46130.5,17987.9,64673.6,0.2781
4-87 street_2018,4-87 street,2018,162226.3,11759.4,64673.6,0.1818
4-87 street_2019,4-87 street,2019,68413.4,15938.8,64673.6,0.2464
4-87 street_2022,4-87 street,2022,756.0,378.0,64673.6,0.0058
4-87 street_2023,4-87 street,2023,3986.0,1485.0,64673.6,0.023
4-87 street_2024,4-87 street,2024,16904.0,8452.0,64673.6,0.1307
4-87 terrace_2021,4-87 terrace,2021,9653.4,4826.7,1192.9,4.0462
4-88 avenue_2017,4-88 avenue,2017,64932.9,23403.2,57902.9,0.4042
4-88 avenue_2020,4-88 avenue,2020,17166.7,7750.0,57902.9,0.1338
4-88 avenue_2022,4-88 avenue,2022,16511.3,8255.7,57902.9,0.1426
4-88 avenue_2023,4-88 avenue,2023,18795.0,3759.0,57902.9,0.0649
4-88 avenue_2025,4-88 avenue,2025,17860.0,8930.0,57902.9,0.1542
4-88 drive_2023,4-88 drive,2023,844.0,422.0,7972.4,0.0529
4-88 drive_2025,4-88 drive,2025,15414.0,7707.0,7972.4,0.9667
4-88 lane_2023,4-88 lane,2023,5486.0,2743.0,2484.6,1.104
4-88 place_2023,4-88 place,2023,3800.0,1900.0,2033.7,0.9343
4-88 road_2017,4-88 road,2017,45859.9,18851.6,20085.9,0.9385
4-88 road_2023,4-88 road,2023,732.0,366.0,20085.9,0.0182
4-88 road_2025,4-88 road,2025,20938.0,10469.0,20085.9,0.5212
4-88 street_2016,4-88 street,2016,46457.4,18694.8,90613.9,0.2063
4-88 street_2017,4-88 street,2017,89002.8,29461.6,90613.9,0.3251
4-88 street_2018,4-88 street,2018,69873.1,20744.9,90613.9,0.2289
4-88 street_2019,4-88 street,2019,18319.9,9160.0,90613.9,0.1011
4-88 street_2020,4-88 street,2020,19467.0,8805.8,90613.9,0.0972
4-88 street_2022,4-88 street,2022,720.0,360.0,90613.9,0.004
4-88 street_2023,4-88 street,2023,13675.0,5632.0,90613.9,0.0622
4-88 street_2024,4-88 street,2024,9356.0,4678.0,90613.9,0.0516
4-88 street_2025,4-88 street,2025,36406.0,18203.0,90613.9,0.2009
4-89 avenue_2016,4-89 avenue,2016,38272.0,9811.1,118123.0,0.0831
4-89 avenue_2017,4-89 avenue,2017,212298.4,81614.4,118123.0,0.6909
4-89 avenue_2022,4-89 avenue,2022,49509.3,20259.7,118123.0,0.1715
4-89 avenue_2023,4-89 avenue,2023,1118.0,559.0,118123.0,0.0047
4-89 avenue_2025,4-89 avenue,2025,71582.0,35791.0,118123.0,0.303
4-89 road_2016,4-89 road,2016,5093.7,2546.8,5567.1,0.4575
4-89 road_2025,4-89 road,2025,2978.0,1489.0,5567.1,0.2675
4-89 street_2016,4-89 street,2016,58528.4,21720.9,63265.2,0.3433
4-89 street_2017,4-89 street,2017,65527.6,22031.1,63265.2,0.3482
4-89 street_2018,4-89 street,2018,48446.7,12642.0,63265.2,0.1998
4-89 street_2019,4-89 street,2019,19849.2,9167.4,63265.2,0.1449
4-89 street_2021,4-89 street,2021,59826.1,29913.0,63265.2,0.4728
4-89 street_2022,4-89 street,2022,706.0,353.0,63265.2,0.0056
4-89 street_2023,4-89 street,2023,3214.0,1607.0,63265.2,0.0254
4-89 street_2024,4-89 street,2024,9694.0,4847.0,63265.2,0.0766
4-89 street_2025,4-89 street,2025,36602.0,18301.0,63265.2,0.2893
4-9 avenue_2016,4-9 avenue,2016,71140.0,18160.0,37511.8,0.4841
4-9 avenue_2020,4-9 avenue,2020,50726.6,16676.7,37511.8,0.4446
4-9 avenue_2021,4-9 avenue,2021,672.0,336.0,37511.8,0.009
4-9 avenue_2024,4-9 avenue,2024,52508.0,26254.0,37511.8,0.6999
4-9 street_2017,4-9 street,2017,25366.2,10900.9,19581.1,0.5567
4-9 street_2024,4-9 street,2024,428.0,214.0,19581.1,0.0109
4-90 avenue_2016,4-90 avenue,2016,30226.7,8096.0,92321.7,0.0877
4-90 avenue_2017,4-90 avenue,2017,6906.7,3453.3,92321.7,0.0374
4-90 avenue_2019,4-90 avenue,2019,15741.9,3170.8,92321.7,0.0343
4-90 avenue_2021,4-90 avenue,2021,9516.4,3642.3,92321.7,0.0395
4-90 avenue_2022,4-90 avenue,2022,41639.0,20819.5,92321.7,0.2255
4-90 avenue_2023,4-90 avenue,2023,344.0,172.0,92321.7,0.0019
4-90 avenue_2024,4-90 avenue,2024,51462.0,25731.0,92321.7,0.2787
4-90 avenue_2025,4-90 avenue,2025,3764.0,1882.0,92321.7,0.0204
4-90 court_2025,4-90 court,2025,2444.0,1222.0,1240.8,0.9848
4-90 road_2021,4-90 road,2021,51500.0,9386.7,5139.4,1.8264
4-90 street_2016,4-90 street,2016,54005.6,24283.9,69330.6,0.3503
4-90 street_2017,4-90 street,2017,33957.9,12772.4,69330.6,0.1842
4-90 street_2019,4-90 street,2019,9440.0,4720.0,69330.6,0.0681
4-90 street_2020,4-90 street,2020,2213.3,1106.7,69330.6,0.016
4-90 street_2021,4-90 street,2021,16060.9,5353.6,69330.6,0.0772
4-90 street_2022,4-90 street,2022,2666.0,1333.0,69330.6,0.0192
4-90 street_2023,4-90 street,2023,1454.0,542.0,69330.6,0.0078
4-90 street_2024,4-90 street,2024,9278.0,4639.0,69330.6,0.0669
4-90 street_2025,4-90 street,2025,784.0,392.0,69330.6,0.0057
4-91 avenue_2017,4-91 avenue,2017,84996.5,32629.9,84531.0,0.386
4-91 avenue_2018,4-91 avenue,2018,33006.6,14363.8,84531.0,0.1699
4-91 avenue_2021,4-91 avenue,2021,27126.6,11453.3,84531.0,0.1355
4-91 avenue_2022,4-91 avenue,2022,15048.0,7524.0,84531.0,0.089
4-91 avenue_2023,4-91 avenue,2023,31478.0,15739.0,84531.0,0.1862
4-91 avenue_2024,4-91 avenue,2024,396.0,198.0,84531.0,0.0023
4-91 avenue_2025,4-91 avenue,2025,51824.0,25912.0,84531.0,0.3065
4-91 place_2016,4-91 place,2016,6075.3,2500.9,4752.5,0.5262
4-91 road_2022,4-91 road,2022,1934.0,967.0,9802.8,0.0986
4-91 road_2024,4-91 road,2024,14548.0,7274.0,9802.8,0.742
4-91 street_2016,4-91 street,2016,15893.1,4069.5,62225.0,0.0654
4-91 street_2017,4-91 street,2017,27638.3,6425.4,62225.0,0.1033
4-91 street_2019,4-91 street,2019,10150.4,4104.4,62225.0,0.066
4-91 street_2020,4-91 street,2020,11506.7,4520.0,62225.0,0.0726
4-91 street_2022,4-91 street,2022,758.0,379.0,62225.0,0.0061
4-91 street_2023,4-91 street,2023,35180.0,13923.0,62225.0,0.2238
4-91 street_2024,4-91 street,2024,10454.0,5227.0,62225.0,0.084
4-91 street_2025,4-91 street,2025,20270.0,10135.0,62225.0,0.1629
4-92 avenue_2017,4-92 avenue,2017,5962.6,2981.3,30474.3,0.0978
4-92 avenue_2018,4-92 avenue,2018,23474.0,10886.6,30474.3,0.3572
4-92 avenue_2022,4-92 avenue,2022,420.0,210.0,30474.3,0.0069
4-92 avenue_2023,4-92 avenue,2023,900.0,450.0,30474.3,0.0148
4-92 avenue_2024,4-92 avenue,2024,720.0,360.0,30474.3,0.0118
4-92 avenue_2025,4-92 avenue,2025,10388.0,5194.0,30474.3,0.1704
4-92 road_2019,4-92 road,2019,5343.3,2415.0,10128.5,0.2384
4-92 road_2024,4-92 road,2024,360.0,180.0,10128.5,0.0178
4-92 street_2016,4-92 street,2016,41438.9,15079.3,75652.1,0.1993
4-92 street_2017,4-92 street,2017,28704.7,12348.6,75652.1,0.1632
4-92 street_2018,4-92 street,2018,40031.8,11243.7,75652.1,0.1486
4-92 street_2019,4-92 street,2019,7931.8,2643.9,75652.1,0.0349
4-92 street_2020,4-92 street,2020,14068.4,4971.6,75652.1,0.0657
4-92 street_2021,4-92 street,2021,44742.7,21155.1,75652.1,0.2796
4-92 street_2022,4-92 street,2022,720.0,360.0,75652.1,0.0048
4-92 street_2023,4-92 street,2023,938.0,469.0,75652.1,0.0062
4-92 street_2025,4-92 street,2025,1200.0,600.0,75652.1,0.0079
4-93 avenue_2016,4-93 avenue,2016,28232.1,8157.1,68253.2,0.1195
4-93 avenue_2017,4-93 avenue,2017,51427.9,15366.9,68253.2,0.2251
4-93 avenue_2021,4-93 avenue,2021,10767.4,5383.7,68253.2,0.0789
4-93 avenue_2022,4-93 avenue,2022,420.0,210.0,68253.2,0.0031
4-93 avenue_2023,4-93 avenue,2023,688.0,344.0,68253.2,0.005
4-93 avenue_2024,4-93 avenue,2024,53112.0,26556.0,68253.2,0.3891
4-93 avenue_2025,4-93 avenue,2025,19456.0,9728.0,68253.2,0.1425
4-93 road_2019,4-93 road,2019,3414.3,1707.2,10789.8,0.1582
4-93 road_2024,4-93 road,2024,194.0,97.0,10789.8,0.009
4-93 road_2025,4-93 road,2025,200.0,100.0,10789.8,0.0093
4-93 street_2018,4-93 street,2018,99936.1,33411.3,42400.7,0.788
4-93 street_2020,4-93 street,2020,40875.0,16379.2,42400.7,0.3863
4-93 street_2022,4-93 street,2022,286.0,143.0,42400.7,0.0034
4-93 street_2023,4-93 street,2023,638.0,319.0,42400.7,0.0075
4-93 street_2025,4-93 street,2025,1216.0,608.0,42400.7,0.0143
4-94 avenue_2016,4-94 avenue,2016,5462.1,2731.0,38962.2,0.0701
4-94 avenue_2018,4-94 avenue,2018,32633.8,12837.0,38962.2,0.3295
4-94 avenue_2023,4-94 avenue,2023,5293.0,2420.0,38962.2,0.0621
4-94 avenue_2024,4-94 avenue,2024,2750.0,1375.0,38962.2,0.0353
4-94 avenue_2025,4-94 avenue,2025,14006.0,7003.0,38962.2,0.1797
4-94 drive_2019,4-94 drive,2019,4813.3,1900.0,2672.5,0.7109
4-94 drive_2024,4-94 drive,2024,2222.0,1111.0,2672.5,0.4157
4-94 place_2023,4-94 place,2023,1266.0,633.0,629.2,1.006
4-94 road_2019,4-94 road,2019,23648.0,6440.0,9842.4,0.6543
4-94 road_2024,4-94 road,2024,2130.0,1065.0,9842.4,0.1082
4-94 road_2025,4-94 road,2025,2896.0,1448.0,9842.4,0.1471
4-94 street_2016,4-94 street,2016,90736.5,37609.9,74511.4,0.5048
4-94 street_2017,4-94 street,2017,22413.5,8472.5,74511.4,0.1137
4-94 street_2019,4-94 street,2019,10903.9,5452.0,74511.4,0.0732
4-94 street_2020,4-94 street,2020,71676.2,30960.0,74511.4,0.4155
4-94 street_2021,4-94 street,2021,213071.0,59658.8,74511.4,0.8007
4-94 street_2024,4-94 street,2024,22138.0,11069.0,74511.4,0.1486
4-94 street_2025,4-94 street,2025,10962.0,5481.0,74511.4,0.0736
4-95 avenue_2019,4-95 avenue,2019,57703.1,26677.4,61217.5,0.4358
4-95 avenue_2020,4-95 avenue,2020,52771.6,21628.4,61217.5,0.3533
4-95 avenue_2022,4-95 avenue,2022,414.0,207.0,61217.5,0.0034
4-95 avenue_2023,4-95 avenue,2023,27580.0,13790.0,61217.5,0.2253
4-95 place_2023,4-95 place,2023,1340.0,670.0,645.9,1.0373
4-95 street_2016,4-95 street,2016,15228.9,7614.4,62791.0,0.1213
4-95 street_2017,4-95 street,2017,29099.2,14549.6,62791.0,0.2317
4-95 street_2018,4-95 street,2018,11582.5,5791.2,62791.0,0.0922
4-95 street_2020,4-95 street,2020,55257.3,23211.2,62791.0,0.3697
4-95 street_2021,4-95 street,2021,48357.5,14088.3,62791.0,0.2244
4-95 street_2022,4-95 street,2022,2264.0,1132.0,62791.0,0.018
4-95 street_2023,4-95 street,2023,59960.0,26431.0,62791.0,0.4209
4-95 street_2024,4-95 street,2024,560.0,280.0,62791.0,0.0045
4-96 street_2017,4-96 street,2017,98228.5,39318.3,67675.5,0.581
4-96 street_2018,4-96 street,2018,20809.6,10203.8,67675.5,0.1508
4-96 street_2019,4-96 street,2019,8866.0,2955.3,67675.5,0.0437
4-96 street_2020,4-96 street,2020,17932.0,8966.0,67675.5,0.1325
4-96 street_2023,4-96 street,2023,74915.0,28890.0,67675.5,0.4269
4-96 street_2024,4-96 street,2024,35598.0,17799.0,67675.5,0.263
4-96 street_2025,4-96 street,2025,200.0,100.0,67675.5,0.0015
4-97 avenue_2018,4-97 avenue,2018,18082.2,7205.9,57876.8,0.1245
4-97 avenue_2020,4-97 avenue,2020,30868.0,14891.0,57876.8,0.2573
4-97 avenue_2023,4-97 avenue,2023,3160.0,1580.0,57876.8,0.0273
4-97 avenue_2024,4-97 avenue,2024,254.0,127.0,57876.8,0.0022
4-97 place_2017,4-97 place,2017,3626.7,1813.3,14593.7,0.1243
4-97 place_2024,4-97 place,2024,2300.0,1150.0,14593.7,0.0788
4-97 street_2016,4-97 street,2016,19479.9,9740.0,89846.2,0.1084
4-97 street_2017,4-97 street,2017,49158.2,17161.6,89846.2,0.191
4-97 street_2018,4-97 street,2018,95068.2,46275.0,89846.2,0.515
4-97 street_2019,4-97 street,2019,22577.4,10037.3,89846.2,0.1117
4-97 street_2021,4-97 street,2021,87739.9,26546.6,89846.2,0.2955
4-97 street_2023,4-97 street,2023,18951.0,8667.0,89846.2,0.0965
4-97 street_2024,4-97 street,2024,59646.0,29823.0,89846.2,0.3319
4-98 avenue_2023,4-98 avenue,2023,496.0,248.0,9863.2,0.0251
4-98 place_2020,4-98 place,2020,1933.3,966.7,2751.3,0.3514
4-98 place_2023,4-98 place,2023,2380.0,1190.0,2751.3,0.4325
4-98 street_2016,4-98 street,2016,9922.7,4053.1,80632.7,0.0503
4-98 street_2019,4-98 street,2019,50961.4,20560.5,80632.7,0.255
4-98 street_2020,4-98 street,2020,27580.7,10596.7,80632.7,0.1314
4-98 street_2021,4-98 street,2021,38506.7,16313.3,80632.7,0.2023
4-98 street_2023,4-98 street,2023,48248.0,24124.0,80632.7,0.2992
4-98 street_2024,4-98 street,2024,1866.0,933.0,80632.7,0.0116
4-98 street_2025,4-98 street,2025,40534.0,20267.0,80632.7,0.2513
4-99 avenue_2019,4-99 avenue,2019,9322.0,4661.0,40972.7,0.1138
4-99 avenue_2023,4-99 avenue,2023,496.0,248.0,40972.7,0.0061
4-99 avenue_2024,4-99 avenue,2024,2456.0,1228.0,40972.7,0.03
4-99 avenue_2025,4-99 avenue,2025,392.0,196.0,40972.7,0.0048
4-99 street_2016,4-99 street,2016,58590.4,19530.1,92738.7,0.2106
4-99 street_2018,4-99 street,2018,50228.5,16034.8,92738.7,0.1729
4-99 street_2019,4-99 street,2019,78618.4,25200.1,92738.7,0.2717
4-99 street_2021,4-99 street,2021,27660.0,9220.0,92738.7,0.0994
4-99 street_2024,4-99 street,2024,200.0,100.0,92738.7,0.0011
4-aberdeen road_2024,4-aberdeen road,2024,27732.0,13866.0,12734.1,1.0889
4-abingdon road_2016,4-abingdon road,2016,47154.0,19770.2,8242.1,2.3987
4-adair street_2025,4-adair street,2025,1900.0,950.0,577.7,1.6445
4-admiral avenue_2022,4-admiral avenue,2022,22574.0,11287.0,2165.5,5.2122
4-admiral avenue_2025,4-admiral avenue,2025,274.0,137.0,2165.5,0.0633
4-aguilar avenue_2022,4-aguilar avenue,2022,18956.0,9478.0,1674.9,5.6588
4-alameda avenue_2022,4-alameda avenue,2022,69382.0,34691.0,7527.0,4.6089
4-albert road_2017,4-albert road,2017,11587.3,4341.9,12113.6,0.3584
4-albion avenue_2024,4-albion avenue,2024,29366.0,14683.0,1000.5,14.6757
4-alderton street_2019,4-alderton street,2019,83930.5,27479.1,22817.8,1.2043
4-alderton street_2022,4-alderton street,2022,33694.0,16847.0,22817.8,0.7383
4-allendale street_2018,4-allendale street,2018,11613.9,3894.4,4478.2,0.8696
4-almeda avenue_2019,4-almeda avenue,2019,4890.3,2445.1,27103.9,0.0902
4-almeda avenue_2021,4-almeda avenue,2021,184699.1,25764.3,27103.9,0.9506
4-almont road_2017,4-almont road,2017,2346.2,1173.1,1148.4,1.0215
4-alstyne avenue_2017,4-alstyne avenue,2017,115631.3,38543.8,7414.9,5.1982
4-alstyne avenue_2018,4-alstyne avenue,2018,30171.6,11910.9,7414.9,1.6063
4-alwick road_2020,4-alwick road,2020,1482.4,741.2,762.3,0.9723
4-amboy lane_2023,4-amboy lane,2023,910.0,455.0,970.4,0.4689
4-amelia road_2023,4-amelia road,2023,3472.0,1736.0,1716.8,1.0112
4-andrews avenue_2020,4-andrews avenue,2020,6452.6,2717.9,3053.2,0.8902
4-ankener avenue_2022,4-ankener avenue,2022,14444.0,7222.0,575.6,12.5469
4-annadale lane_2022,4-annadale lane,2022,16162.0,8081.0,749.9,10.7761
4-arcade avenue_2019,4-arcade avenue,2019,3106.7,1553.3,1618.1,0.96
4-arcade avenue_2025,4-arcade avenue,2025,270.0,135.0,1618.1,0.0834
4-arch street_2024,4-arch street,2024,506.0,253.0,269.6,0.9384
4-archer avenue_2019,4-archer avenue,2019,68919.0,30184.3,34262.5,0.881
4-arleigh road_2019,4-arleigh road,2019,49116.3,12924.4,5434.3,2.3783
4-arlington terrace_2023,4-arlington terrace,2023,206.0,103.0,3436.3,0.03
4-ascan avenue_2017,4-ascan avenue,2017,29830.7,14915.3,16077.0,0.9277
4-ascan avenue_2018,4-ascan avenue,2018,19424.4,8553.7,16077.0,0.532
4-ash avenue_2016,4-ash avenue,2016,3599.0,1799.5,9363.8,0.1922
4-ash avenue_2022,4-ash avenue,2022,340.0,170.0,9363.8,0.0182
4-ash avenue_2023,4-ash avenue,2023,242.0,121.0,9363.8,0.0129
4-ashford street_2020,4-ashford street,2020,7371.1,3685.6,1734.8,2.1245
4-aspen place_2017,4-aspen place,2017,3565.5,1782.7,1631.7,1.0925
4-asquith crescent_2021,4-asquith crescent,2021,9440.0,3726.7,2434.8,1.5306
4-astoria boulevard_2017,4-astoria boulevard,2017,664580.0,225167.4,83141.3,2.7082
4-astoria boulevard north_2017,4-astoria boulevard north,2017,89216.6,26511.7,35587.3,0.745
4-atlantic avenue_2019,4-atlantic avenue,2019,4706.7,2353.3,88849.8,0.0265
4-atlantic avenue_2023,4-atlantic avenue,2023,206082.0,72583.0,88849.8,0.8169
4-atlantic avenue_2025,4-atlantic avenue,2025,89420.0,44710.0,88849.8,0.5032
4-aubrey avenue_2025,4-aubrey avenue,2025,504.0,252.0,466.7,0.54
4-audley street_2016,4-audley street,2016,378870.0,16406.4,3819.6,4.2953
4-augusta court_2025,4-augusta court,2025,1040.0,520.0,684.8,0.7593
4-augustina avenue_2024,4-augustina avenue,2024,7400.0,3700.0,5136.5,0.7203
4-austin street_2016,4-austin street,2016,30776.8,12349.5,56695.3,0.2178
4-austin street_2017,4-austin street,2017,248802.0,89411.9,56695.3,1.5771
4-austin street_2020,4-austin street,2020,19651.3,9325.4,56695.3,0.1645
4-austin street_2024,4-austin street,2024,37978.0,18989.0,56695.3,0.3349
4-austin street_2025,4-austin street,2025,312.0,156.0,56695.3,0.0028
4-ava place_2017,4-ava place,2017,2664.9,1332.4,1389.9,0.9586
4-avon street_2019,4-avon street,2019,16196.2,7336.5,7759.9,0.9454
4-avon street_2024,4-avon street,2024,41972.0,20986.0,7759.9,2.7044
4-babbage street_2019,4-babbage street,2019,14019.0,6355.6,7822.0,0.8125
4-babbage street_2021,4-babbage street,2021,6332.7,3166.3,7822.0,0.4048
4-babylon avenue_2019,4-babylon avenue,2019,14180.0,4726.7,2479.8,1.9061
4-babylon avenue_2025,4-babylon avenue,2025,270.0,135.0,2479.8,0.0544
4-baisley boulevard_2018,4-baisley boulevard,2018,34526.6,12986.7,51987.4,0.2498
4-baisley boulevard_2022,4-baisley boulevard,2022,1006.0,503.0,51987.4,0.0097
4-baisley boulevard_2023,4-baisley boulevard,2023,115426.0,57713.0,51987.4,1.1101
4-baisley boulevard_2024,4-baisley boulevard,2024,28434.0,14217.0,51987.4,0.2735
4-baisley boulevard south_2018,4-baisley boulevard south,2018,15940.0,6126.7,,
4-barclay avenue_2020,4-barclay avenue,2020,25209.6,7957.0,15253.4,0.5217
4-barclay avenue_2022,4-barclay avenue,2022,470.0,235.0,15253.4,0.0154
4-barclay avenue_2023,4-barclay avenue,2023,692.0,346.0,15253.4,0.0227
4-barnett avenue_2017,4-barnett avenue,2017,15744.2,7872.1,11119.1,0.708
4-barnett avenue_2019,4-barnett avenue,2019,23238.4,11067.1,11119.1,0.9953
4-barnett avenue_2025,4-barnett avenue,2025,200.0,100.0,11119.1,0.009
4-barnwell avenue_2024,4-barnwell avenue,2024,16694.0,8347.0,3692.2,2.2607
4-barron street_2024,4-barron street,2024,214.0,107.0,2460.0,0.0435
4-barrows court_2022,4-barrows court,2022,220.0,110.0,1439.7,0.0764
4-bascom avenue_2020,4-bascom avenue,2020,8050.2,4025.1,3966.5,1.0148
4-bates road_2022,4-bates road,2022,1316.0,658.0,3433.8,0.1916
4-baxter avenue_2022,4-baxter avenue,2022,14068.0,7034.0,7646.0,0.92
4-bay 24 street_2021,4-bay 24 street,2021,30253.0,11102.2,7808.6,1.4218
4-bay 25 street_2020,4-bay 25 street,2020,34062.1,14631.0,9810.6,1.4913
4-bay 25 street_2021,4-bay 25 street,2021,5334.5,2667.2,9810.6,0.2719
4-bay 28 street_2021,4-bay 28 street,2021,36414.0,15750.3,8104.4,1.9434
4-bay 32 street_2016,4-bay 32 street,2016,23893.3,11946.7,8030.6,1.4876
4-bay club drive_2018,4-bay club drive,2018,9185.0,1837.0,,
4-bay court_2022,4-bay court,2022,2400.0,1200.0,636.1,1.8865
4-bay street_2019,4-bay street,2019,61847.1,24629.0,2445.5,10.0712
4-bayfield avenue_2019,4-bayfield avenue,2019,49007.2,12823.7,5520.6,2.3229
4-bayside avenue_2020,4-bayside avenue,2020,11445.7,5722.9,22843.8,0.2505
4-bayside avenue_2023,4-bayside avenue,2023,14894.0,6148.0,22843.8,0.2691
4-bayside avenue_2024,4-bayside avenue,2024,342.0,171.0,22843.8,0.0075
4-bayside lane_2019,4-bayside lane,2019,14963.6,6457.0,7389.6,0.8738
4-bayview avenue_2018,4-bayview avenue,2018,19553.3,9776.6,2096.4,4.6635
4-baywater court_2022,4-baywater court,2022,3286.0,1643.0,1582.7,1.0381
4-beach 100 street_2021,4-beach 100 street,2021,46778.1,21839.0,,
4-beach 100 street_2024,4-beach 100 street,2024,612.0,306.0,,
4-beach 101 street_2018,4-beach 101 street,2018,81970.8,32090.4,,
4-beach 101 street_2024,4-beach 101 street,2024,388.0,194.0,,
4-beach 102 street_2021,4-beach 102 street,2021,237740.4,74308.3,,
4-beach 102 street_2024,4-beach 102 street,2024,456.0,228.0,,
4-beach 104 street_2018,4-beach 104 street,2018,11322.2,5661.1,,
4-beach 11 street_2025,4-beach 11 street,2025,220.0,110.0,,
4-beach 110 street_2021,4-beach 110 street,2021,19919.7,9959.8,,
4-beach 111 street_2018,4-beach 111 street,2018,24856.9,4971.4,,
4-beach 112 street_2018,4-beach 112 street,2018,10453.3,5226.7,,
4-beach 113 street_2018,4-beach 113 street,2018,14954.3,4984.8,,
4-beach 114 street_2017,4-beach 114 street,2017,10433.9,5216.9,,
4-beach 115 street_2018,4-beach 115 street,2018,9906.7,4953.3,,
4-beach 117 street_2023,4-beach 117 street,2023,15914.0,7957.0,,
4-beach 118 street_2023,4-beach 118 street,2023,16996.0,8498.0,,
4-beach 119 street_2017,4-beach 119 street,2017,15013.9,5004.6,,
4-beach 12 street_2019,4-beach 12 street,2019,36772.5,16454.8,,
4-beach 12 street_2022,4-beach 12 street,2022,336.0,168.0,,
4-beach 12 street_2024,4-beach 12 street,2024,226.0,113.0,,
4-beach 12 street_2025,4-beach 12 street,2025,11162.0,5581.0,,
4-beach 120 street_2018,4-beach 120 street,2018,23657.5,6616.1,,
4-beach 121 street_2019,4-beach 121 street,2019,5378.8,1792.9,,
4-beach 122 street_2016,4-beach 122 street,2016,35064.6,10188.6,,
4-beach 123 street_2019,4-beach 123 street,2019,51185.9,22269.3,,
4-beach 124 street_2018,4-beach 124 street,2018,26612.6,10436.6,,
4-beach 125 street_2019,4-beach 125 street,2019,25994.1,12400.5,,
4-beach 126 street_2018,4-beach 126 street,2018,24840.5,9585.0,,
4-beach 128 street_2023,4-beach 128 street,2023,18132.0,9066.0,,
4-beach 129 street_2023,4-beach 129 street,2023,5028.0,2514.0,,
4-beach 13 street_2022,4-beach 13 street,2022,28851.8,14425.9,,
4-beach 130 street_2018,4-beach 130 street,2018,29498.4,9832.8,,
4-beach 130 street_2023,4-beach 130 street,2023,266.0,133.0,,
4-beach 131 street_2023,4-beach 131 street,2023,22353.0,9988.0,,
4-beach 132 street_2018,4-beach 132 street,2018,10987.1,5493.6,,
4-beach 132 street_2023,4-beach 132 street,2023,284.0,142.0,,
4-beach 133 street_2018,4-beach 133 street,2018,21234.9,7906.1,,
4-beach 133 street_2023,4-beach 133 street,2023,284.0,142.0,,
4-beach 134 street_2023,4-beach 134 street,2023,19672.0,9836.0,,
4-beach 135 street_2023,4-beach 135 street,2023,19776.0,9888.0,,
4-beach 136 street_2023,4-beach 136 street,2023,302.0,151.0,,
4-beach 137 street_2023,4-beach 137 street,2023,276.0,138.0,,
4-beach 138 street_2018,4-beach 138 street,2018,12029.5,6014.8,,
4-beach 138 street_2023,4-beach 138 street,2023,276.0,138.0,,
4-beach 139 street_2023,4-beach 139 street,2023,294.0,147.0,,
4-beach 14 street_2025,4-beach 14 street,2025,300.0,150.0,,
4-beach 140 street_2018,4-beach 140 street,2018,41922.8,8466.5,,
4-beach 140 street_2023,4-beach 140 street,2023,284.0,142.0,,
4-beach 141 street_2018,4-beach 141 street,2018,16028.3,5342.8,,
4-beach 141 street_2023,4-beach 141 street,2023,276.0,138.0,,
4-beach 142 street_2023,4-beach 142 street,2023,56476.0,28238.0,,
4-beach 143 street_2018,4-beach 143 street,2018,4995.7,2497.9,,
4-beach 143 street_2023,4-beach 143 street,2023,284.0,142.0,,
4-beach 144 street_2018,4-beach 144 street,2018,21329.4,8043.9,,
4-beach 144 street_2023,4-beach 144 street,2023,284.0,142.0,,
4-beach 145 street_2018,4-beach 145 street,2018,59021.1,26405.6,,
4-beach 146 street_2018,4-beach 146 street,2018,16432.7,5200.8,,
4-beach 147 street_2018,4-beach 147 street,2018,58211.5,22920.0,,
4-beach 148 street_2018,4-beach 148 street,2018,11347.7,5673.8,,
4-beach 149 street_2018,4-beach 149 street,2018,9840.0,3280.0,,
4-beach 15 street_2025,4-beach 15 street,2025,300.0,150.0,,
4-beach 16 street_2025,4-beach 16 street,2025,5576.0,2788.0,,
4-beach 17 street_2017,4-beach 17 street,2017,61119.8,7640.0,,
4-beach 17 street_2025,4-beach 17 street,2025,18468.0,9234.0,,
4-beach 18 street_2017,4-beach 18 street,2017,2900.0,1450.0,,
4-beach 19 street_2016,4-beach 19 street,2016,148293.2,29658.6,,
4-beach 19 street_2025,4-beach 19 street,2025,59598.0,29799.0,,
4-beach 20 street_2025,4-beach 20 street,2025,39288.0,19644.0,,
4-beach 24 street_2016,4-beach 24 street,2016,23280.0,11640.0,,
4-beach 25 street_2020,4-beach 25 street,2020,5059.5,2529.7,,
4-beach 25 street_2021,4-beach 25 street,2021,1692.1,846.0,,
4-beach 27 street_2016,4-beach 27 street,2016,10855.5,5427.8,,
4-beach 3 street_2020,4-beach 3 street,2020,63842.9,21281.0,,
4-beach 34 street_2018,4-beach 34 street,2018,3413.3,1706.7,,
4-beach 35 street_2017,4-beach 35 street,2017,24414.4,12207.2,,
4-beach 36 street_2017,4-beach 36 street,2017,48786.5,9017.7,,
4-beach 37 street_2017,4-beach 37 street,2017,123086.6,18314.9,,
4-beach 38 street_2017,4-beach 38 street,2017,57024.2,8974.7,,
4-beach 39 street_2017,4-beach 39 street,2017,3219.0,1609.5,,
4-beach 4 street_2020,4-beach 4 street,2020,7226.7,3613.3,,
4-beach 40 street_2017,4-beach 40 street,2017,31613.9,4521.5,,
4-beach 47 street_2024,4-beach 47 street,2024,1230.0,615.0,,
4-beach 54 street_2017,4-beach 54 street,2017,9971.9,4985.9,,
4-beach 59 street_2018,4-beach 59 street,2018,77787.9,25929.3,,
4-beach 6 street_2016,4-beach 6 street,2016,20374.3,10187.1,,
4-beach 6 street_2022,4-beach 6 street,2022,4200.0,2100.0,,
4-beach 63 street_2019,4-beach 63 street,2019,27247.4,13623.7,,
4-beach 64 street_2019,4-beach 64 street,2019,9164.4,4582.2,,
4-beach 65 street_2019,4-beach 65 street,2019,1802.9,901.4,,
4-beach 66 street_2019,4-beach 66 street,2019,14799.5,5680.8,,
4-beach 67 street_2019,4-beach 67 street,2019,20042.4,10021.2,,
4-beach 68 street_2019,4-beach 68 street,2019,29443.5,14721.8,,
4-beach 7 street_2017,4-beach 7 street,2017,7586.6,1510.0,,
4-beach 71 street_2019,4-beach 71 street,2019,7951.3,2650.4,,
4-beach 72 street_2019,4-beach 72 street,2019,13848.6,6509.7,,
4-beach 73 street_2021,4-beach 73 street,2021,6255.6,2085.2,,
4-beach 74 street_2018,4-beach 74 street,2018,116305.9,38768.6,,
4-beach 74 street_2021,4-beach 74 street,2021,4477.3,2238.7,,
4-beach 74 street_2023,4-beach 74 street,2023,880.0,440.0,,
4-beach 75 street_2021,4-beach 75 street,2021,14189.8,2365.0,,
4-beach 77 street_2021,4-beach 77 street,2021,12158.2,6079.1,,
4-beach 77 street_2023,4-beach 77 street,2023,5280.0,2640.0,,
4-beach 79 street_2021,4-beach 79 street,2021,90140.3,45070.1,,
4-beach 79 street_2023,4-beach 79 street,2023,712.0,356.0,,
4-beach 80 street_2021,4-beach 80 street,2021,8791.8,3369.5,,
4-beach 80 street_2023,4-beach 80 street,2023,356.0,178.0,,
4-beach 80 street_2024,4-beach 80 street,2024,352.0,176.0,,
4-beach 81 street_2021,4-beach 81 street,2021,12241.5,4080.5,,
4-beach 81 street_2023,4-beach 81 street,2023,556.0,278.0,,
4-beach 84 street_2023,4-beach 84 street,2023,2628.0,1314.0,,
4-beach 86 street_2021,4-beach 86 street,2021,33186.2,15998.1,,
4-beach 86 street_2024,4-beach 86 street,2024,486.0,243.0,,
4-beach 87 street_2019,4-beach 87 street,2019,21815.2,10907.6,,
4-beach 87 street_2024,4-beach 87 street,2024,354.0,177.0,,
4-beach 88 street_2024,4-beach 88 street,2024,456.0,228.0,,
4-beach 9 street_2016,4-beach 9 street,2016,97233.4,42744.5,,
4-beach 9 street_2017,4-beach 9 street,2017,33822.7,15193.7,,
4-beach 9 street_2022,4-beach 9 street,2022,1032.0,516.0,,
4-beach 9 street_2024,4-beach 9 street,2024,186.0,93.0,,
4-beach 9 street_2025,4-beach 9 street,2025,32844.0,16422.0,,
4-beach 90 street_2024,4-beach 90 street,2024,358.0,179.0,,
4-beach 91 street_2024,4-beach 91 street,2024,9598.0,4799.0,,
4-beach 92 street_2017,4-beach 92 street,2017,20632.3,8289.3,,
4-beach 92 street_2024,4-beach 92 street,2024,450.0,225.0,,
4-beach 93 street_2021,4-beach 93 street,2021,4963.3,2481.7,,
4-beach 94 street_2018,4-beach 94 street,2018,130375.0,26075.0,,
4-beach 96 street_2024,4-beach 96 street,2024,356.0,178.0,,
4-beach 97 street_2024,4-beach 97 street,2024,388.0,194.0,,
4-beach 98 street_2019,4-beach 98 street,2019,113864.3,43256.7,,
4-beach channel drive_2016,4-beach channel drive,2016,127139.3,63569.6,,
4-beach channel drive_2018,4-beach channel drive,2018,348281.0,110215.9,,
4-beach channel drive_2019,4-beach channel drive,2019,1071716.6,357238.9,,
4-beach channel drive_2020,4-beach channel drive,2020,49251.5,23508.6,,
4-beach channel drive_2023,4-beach channel drive,2023,63658.0,22614.3,,
4-beaver road_2018,4-beaver road,2018,26481.5,13240.8,4600.3,2.8782
4-beck road_2017,4-beck road,2017,5932.4,1186.5,1247.5,0.9511
4-bedell street_2020,4-bedell street,2020,1260368.8,380969.6,25489.2,14.9463
4-beech avenue_2016,4-beech avenue,2016,113558.8,22633.4,13485.0,1.6784
4-beech avenue_2017,4-beech avenue,2017,6259.8,3129.9,13485.0,0.2321
4-beech avenue_2022,4-beech avenue,2022,352.0,176.0,13485.0,0.0131
4-beech avenue_2023,4-beech avenue,2023,1074.0,537.0,13485.0,0.0398
4-beechknoll avenue_2019,4-beechknoll avenue,2019,12239.0,3059.8,2937.2,1.0417
4-belknap street_2018,4-belknap street,2018,53149.0,17716.4,11220.4,1.5789
4-bell boulevard_2018,4-bell boulevard,2018,23749.1,11874.5,127813.9,0.0929
4-bell boulevard_2019,4-bell boulevard,2019,34097.4,17048.7,127813.9,0.1334
4-bell boulevard_2020,4-bell boulevard,2020,564859.8,175766.6,127813.9,1.3752
4-bell boulevard_2022,4-bell boulevard,2022,34910.0,17455.0,127813.9,0.1366
4-bellaire place_2018,4-bellaire place,2018,79817.1,28170.2,2535.0,11.1125
4-belt parkway_2020,4-belt parkway,2020,137929.8,52509.9,156013.9,0.3366
4-belt parkway_2023,4-belt parkway,2023,38262.0,19131.0,156013.9,0.1226
4-belt parkway_2024,4-belt parkway,2024,9734.0,4867.0,156013.9,0.0312
4-belt parkway eb entrance 150 street_2018,4-belt parkway eb entrance 150 street,2018,15200.0,5066.7,2939.8,1.7235
4-belt parkway exit 18 westbound_2025,4-belt parkway exit 18 westbound,2025,342.0,171.0,,
4-belt parkway wb en 133 avenue_2023,4-belt parkway wb en 133 avenue,2023,248.0,124.0,1111.8,0.1115
4-bend_2022,4-bend,2022,4650.0,2325.0,,
4-bend_2023,4-bend,2023,1398.0,699.0,,
4-bend_2024,4-bend,2024,85986.0,42993.0,,
4-bend_2025,4-bend,2025,666.0,333.0,,
4-benham street_2017,4-benham street,2017,35292.0,8727.4,3598.0,2.4256
4-bennett court_2016,4-bennett court,2016,16231.5,8115.8,1975.5,4.1082
4-bennett street_2018,4-bennett street,2018,19225.5,2403.2,2900.0,0.8287
4-benton street_2023,4-benton street,2023,214.0,107.0,3985.6,0.0268
4-benton street_2025,4-benton street,2025,2266.0,1133.0,3985.6,0.2843
4-berrian boulevard_2019,4-berrian boulevard,2019,46456.8,23228.4,8254.5,2.814
4-bessemer street_2019,4-bessemer street,2019,7823.3,2996.7,5725.3,0.5234
4-beverly road_2016,4-beverly road,2016,96228.9,23774.2,10966.9,2.1678
4-beverly road_2018,4-beverly road,2018,32237.4,12229.7,10966.9,1.1151
4-beverly road_2025,4-beverly road,2025,312.0,156.0,10966.9,0.0142
4-bike path_2023,4-bike path,2023,6080.0,3040.0,4043.7,0.7518
4-billings street_2020,4-billings street,2020,6120.0,3060.0,1481.9,2.0649
4-birmington parkway_2024,4-birmington parkway,2024,10366.0,5183.0,1167.6,4.439
4-bklyn qns expressway exit sb_2016,4-bklyn qns expressway exit sb,2016,1406.7,703.3,,
4-bklyn qns expressway west_2016,4-bklyn qns expressway west,2016,14248.7,2374.8,,
4-bleecker street_2016,4-bleecker street,2016,51670.1,22818.4,15241.4,1.4971
4-bleecker street_2024,4-bleecker street,2024,16428.0,8214.0,15241.4,0.5389
4-bleecker street_2025,4-bleecker street,2025,266.0,133.0,15241.4,0.0087
4-boelsen crescent_2022,4-boelsen crescent,2022,11688.0,5844.0,4521.9,1.2924
4-bolton road_2017,4-bolton road,2017,3262.9,1631.4,1552.1,1.0511
4-booth memorial avenue_2017,4-booth memorial avenue,2017,308691.8,89858.3,55182.4,1.6284
4-booth memorial avenue_2023,4-booth memorial avenue,2023,76406.0,33598.0,55182.4,0.6089
4-booth memorial avenue_2024,4-booth memorial avenue,2024,11642.0,5821.0,55182.4,0.1055
4-borden avenue_2017,4-borden avenue,2017,34933.4,17466.7,72190.6,0.242
4-borden avenue_2018,4-borden avenue,2018,107000.0,51573.3,72190.6,0.7144
4-borden avenue_2019,4-borden avenue,2019,606255.0,232926.4,72190.6,3.2265
4-borden avenue_2020,4-borden avenue,2020,2780.0,1390.0,72190.6,0.0193
4-borden avenue_2022,4-borden avenue,2022,4140.0,2070.0,72190.6,0.0287
4-borden avenue_2024,4-borden avenue,2024,12580.0,6290.0,72190.6,0.0871
4-borkel place_2024,4-borkel place,2024,6668.0,3334.0,1516.9,2.1979
4-borough boundary_2022,4-borough boundary,2022,3424.0,1712.0,,
4-borough boundary_2024,4-borough boundary,2024,266.0,133.0,,
4-borough place_2016,4-borough place,2016,13115.0,4371.7,3833.1,1.1405
4-boulevard_2016,4-boulevard,2016,35401.6,9573.8,12973.2,0.738
4-bourton street_2024,4-bourton street,2024,8668.0,4334.0,1801.6,2.4056
4-bowne street_2017,4-bowne street,2017,10819.4,4972.0,29366.9,0.1693
4-bowne street_2023,4-bowne street,2023,24610.0,12305.0,29366.9,0.419
4-bowne street_2024,4-bowne street,2024,200.0,100.0,29366.9,0.0034
4-boyce avenue_2022,4-boyce avenue,2022,1800.0,900.0,936.1,0.9614
4-bqe eastbound entrance broadway_2024,4-bqe eastbound entrance broadway,2024,482.0,241.0,,
4-bqe eb entrance queens boulevard wb_2022,4-bqe eb entrance queens boulevard wb,2022,1964.0,982.0,1119.7,0.877
4-braddock avenue_2021,4-braddock avenue,2021,3403565.0,395313.0,29145.2,13.5636
4-bradley avenue_2016,4-bradley avenue,2016,6374.7,3187.3,4703.1,0.6777
4-brattle avenue_2019,4-brattle avenue,2019,18184.9,5872.9,2092.0,2.8073
4-brattle avenue_2022,4-brattle avenue,2022,2084.0,1042.0,2092.0,0.4981
4-brevoort street_2016,4-brevoort street,2016,12087.0,2417.4,3388.9,0.7133
4-bridgeton street_2024,4-bridgeton street,2024,1420.0,710.0,3553.8,0.1998
4-bridgeton street_2025,4-bridgeton street,2025,5320.0,2660.0,3553.8,0.7485
4-brinkerhoff avenue_2017,4-brinkerhoff avenue,2017,5769.1,2884.6,3726.0,0.7742
4-brinkerhoff avenue_2018,4-brinkerhoff avenue,2018,26424.3,13212.2,3726.0,3.5459
4-brinkerhoff avenue_2019,4-brinkerhoff avenue,2019,35333.2,17666.6,3726.0,4.7414
4-brinkerhoff avenue_2022,4-brinkerhoff avenue,2022,9332.0,4666.0,3726.0,1.2523
4-brinkerhoff avenue_2025,4-brinkerhoff avenue,2025,4342.0,2171.0,3726.0,0.5827
4-brisbin street_2018,4-brisbin street,2018,8445.6,3598.2,4884.7,0.7366
4-britton avenue_2025,4-britton avenue,2025,346.0,173.0,7637.2,0.0227
4-broadway_2016,4-broadway,2016,664469.7,332234.8,102370.5,3.2454
4-broadway_2019,4-broadway,2019,84597.3,39338.6,102370.5,0.3843
4-broadway_2021,4-broadway,2021,86634.2,43317.1,102370.5,0.4231
4-broadway_2025,4-broadway,2025,87244.0,43622.0,102370.5,0.4261
4-brocher road_2023,4-brocher road,2023,4480.0,2240.0,2201.8,1.0173
4-brookhaven avenue_2025,4-brookhaven avenue,2025,7280.0,3640.0,9873.1,0.3687
4-brooklyn qns expressway_2016,4-brooklyn qns expressway,2016,268127.8,71985.8,,
4-brooklyn queens ep et 39 east wb_2016,4-brooklyn queens ep et 39 east wb,2016,7033.3,3516.6,,
4-brooklyn queens expressway_2016,4-brooklyn queens expressway,2016,149587.1,45083.2,,
4-brooklyn queens expressway_2023,4-brooklyn queens expressway,2023,58700.0,21742.0,,
4-brookville boulevard_2017,4-brookville boulevard,2017,30309.5,9720.6,70038.2,0.1388
4-brown place_2018,4-brown place,2018,22821.0,10297.2,2755.7,3.7367
4-browvale lane_2022,4-browvale lane,2022,16232.0,8116.0,12994.4,0.6246
4-bud place_2019,4-bud place,2019,1950.0,975.0,1076.7,0.9055
4-buell street_2021,4-buell street,2021,3590.2,1795.1,2060.5,0.8712
4-bunnecke court_2016,4-bunnecke court,2016,1553.3,776.7,706.8,1.0989
4-burchell avenue_2019,4-burchell avenue,2019,16125.0,5375.0,4700.3,1.1435
4-burden crescent_2019,4-burden crescent,2019,65780.0,21926.7,375.5,58.3933
4-burling street_2017,4-burling street,2017,20789.7,6966.8,8708.4,0.8
4-burns street_2019,4-burns street,2019,25016.3,7245.3,11238.6,0.6447
4-burns street_2024,4-burns street,2024,444.0,222.0,11238.6,0.0198
4-burton street_2020,4-burton street,2020,10968.2,4290.0,4029.3,1.0647
4-butler avenue_2016,4-butler avenue,2016,3066.7,1533.3,1532.1,1.0008
4-butler street_2021,4-butler street,2021,15556.6,6766.7,5635.1,1.2008
4-cabot road_2018,4-cabot road,2018,1915.4,957.7,659.7,1.4517
4-caffrey avenue_2025,4-caffrey avenue,2025,27496.0,13748.0,8923.2,1.5407
4-calamus avenue_2022,4-calamus avenue,2022,16628.0,8314.0,9329.7,0.8911
4-caldwell avenue_2017,4-caldwell avenue,2017,9607.0,4803.5,18586.0,0.2584
4-cambria avenue_2022,4-cambria avenue,2022,340.0,170.0,5363.5,0.0317
4-camden avenue_2024,4-camden avenue,2024,6266.0,3133.0,3269.3,0.9583
4-camden avenue_2025,4-camden avenue,2025,270.0,135.0,3269.3,0.0413
4-caney lane_2021,4-caney lane,2021,36003.5,9763.7,8742.9,1.1168
4-caney road_2017,4-caney road,2017,12893.6,5271.8,6233.9,0.8457
4-carlton street_2018,4-carlton street,2018,17090.9,8116.2,5545.3,1.4636
4-carolina road_2022,4-carolina road,2022,180.0,90.0,1220.9,0.0737
4-carson street_2023,4-carson street,2023,860.0,430.0,8828.0,0.0487
4-case street_2016,4-case street,2016,15015.3,6520.2,4922.8,1.3245
4-catalpa avenue_2017,4-catalpa avenue,2017,10353.1,5176.6,13585.5,0.381
4-catalpa avenue_2024,4-catalpa avenue,2024,7772.0,3886.0,13585.5,0.286
4-cedarcroft road_2017,4-cedarcroft road,2017,5122.2,2561.1,2569.0,0.9969
4-cedric road_2021,4-cedric road,2021,4970.2,2485.1,1743.1,1.4257
4-celtic avenue_2025,4-celtic avenue,2025,2614.0,1307.0,1536.8,0.8505
4-center drive_2016,4-center drive,2016,51880.0,18380.0,11108.1,1.6546
4-center drive douglaston_2016,4-center drive douglaston,2016,2273.3,1136.7,,
4-central avenue_2018,4-central avenue,2018,54541.7,22799.1,40728.3,0.5598
4-central avenue_2021,4-central avenue,2021,22150.0,11075.0,40728.3,0.2719
4-central avenue_2023,4-central avenue,2023,632.0,316.0,40728.3,0.0078
4-centre street_2018,4-centre street,2018,5868.5,2934.2,5798.8,0.506
4-centre street_2023,4-centre street,2023,284.0,142.0,5798.8,0.0245
4-channel road_2023,4-channel road,2023,1532.0,766.0,6458.0,0.1186
4-channing road_2019,4-channing road,2019,3832.9,1916.4,1765.4,1.0855
4-chapin court_2018,4-chapin court,2018,5619.5,1123.9,1155.2,0.9729
4-chapin parkway_2018,4-chapin parkway,2018,20653.8,7862.4,3154.7,2.4923
4-charlecote ridge_2016,4-charlecote ridge,2016,72052.7,26470.9,,
4-charles court_2023,4-charles court,2023,936.0,468.0,1343.5,0.3483
4-charter road_2024,4-charter road,2024,1600.0,800.0,5097.5,0.1569
4-cherry avenue_2017,4-cherry avenue,2017,50534.2,13984.2,15148.0,0.9232
4-cherry avenue_2022,4-cherry avenue,2022,356.0,178.0,15148.0,0.0118
4-cherry avenue_2024,4-cherry avenue,2024,2534.0,1267.0,15148.0,0.0836
4-chevy chase street_2017,4-chevy chase street,2017,15301.7,7032.5,14478.3,0.4857
4-chevy chase street_2020,4-chevy chase street,2020,3656.4,1828.2,14478.3,0.1263
4-chevy chase street_2021,4-chevy chase street,2021,15798.7,7189.1,14478.3,0.4965
4-chevy chase street_2024,4-chevy chase street,2024,880.0,440.0,14478.3,0.0304
4-chevy chase street_2025,4-chevy chase street,2025,17876.0,8938.0,14478.3,0.6173
4-chicot road_2017,4-chicot road,2017,56882.0,18571.8,1024.5,18.1277
4-christie avenue_2019,4-christie avenue,2019,28415.2,11982.6,8504.3,1.409
4-circle drive_2016,4-circle drive,2016,986.7,493.3,475.4,1.0377
4-claran court_2017,4-claran court,2017,4554.7,2277.3,371.5,6.13
4-claude avenue_2020,4-claude avenue,2020,47702.2,16018.9,3608.8,4.4388
4-clearview ep nb en northern bl_2022,4-clearview ep nb en northern bl,2022,696.0,348.0,1163.4,0.2991
4-clearview ep nb en northern bl_2023,4-clearview ep nb en northern bl,2023,2222.0,1111.0,1163.4,0.955
4-clearview ep sb en cross isl py_2023,4-clearview ep sb en cross isl py,2023,1866.0,933.0,1496.5,0.6235
4-clearview expressway_2016,4-clearview expressway,2016,260809.7,60183.3,,
4-clearview expressway_2019,4-clearview expressway,2019,529446.5,168326.7,,
4-clearview expressway_2020,4-clearview expressway,2020,281100.1,129220.0,,
4-clearview expressway_2021,4-clearview expressway,2021,21366.2,8764.0,,
4-clearview expressway_2022,4-clearview expressway,2022,23962.0,11981.0,,
4-clearview expressway_2023,4-clearview expressway,2023,27720.0,5544.0,,
4-clearview expressway entrance nb_2021,4-clearview expressway entrance nb,2021,613.4,306.7,,
4-clearview expressway et 7 nb_2023,4-clearview expressway et 7 nb,2023,704.0,352.0,,
4-clearview expwy nb en 35 avenue_2016,4-clearview expwy nb en 35 avenue,2016,4946.7,2473.3,1075.9,2.2988
4-clearview expwy nb en union tpke_2021,4-clearview expwy nb en union tpke,2021,766.7,383.4,1027.2,0.3732
4-clinton terrace_2018,4-clinton terrace,2018,1104.7,552.4,565.1,0.9775
4-clintonville street_2017,4-clintonville street,2017,13560.0,6780.0,38428.7,0.1764
4-clintonville street_2021,4-clintonville street,2021,16899.8,7505.3,38428.7,0.1953
4-clover place_2018,4-clover place,2018,6083.8,3041.9,2872.0,1.0592
4-clover place_2021,4-clover place,2021,1675.6,837.8,2872.0,0.2917
4-cloverdale boulevard_2017,4-cloverdale boulevard,2017,94171.2,25284.7,40174.8,0.6294
4-cloverdale boulevard_2021,4-cloverdale boulevard,2021,157802.9,71368.1,40174.8,1.7764
4-cloverdale boulevard_2022,4-cloverdale boulevard,2022,1970.0,985.0,40174.8,0.0245
4-cloverdale boulevard_2023,4-cloverdale boulevard,2023,19564.0,6590.0,40174.8,0.164
4-cloverdale boulevard_2024,4-cloverdale boulevard,2024,29644.0,14822.0,40174.8,0.3689
4-clyde street_2019,4-clyde street,2019,47840.0,5720.0,3823.3,1.4961
4-codwise place_2016,4-codwise place,2016,139300.0,49000.0,3224.1,15.198
4-codwise place_2024,4-codwise place,2024,220.0,110.0,3224.1,0.0341
4-cody avenue_2024,4-cody avenue,2024,250.0,125.0,977.6,0.1279
4-cohancy street_2025,4-cohancy street,2025,5742.0,2871.0,6142.9,0.4674
4-colden street_2017,4-colden street,2017,77295.5,27746.9,16394.7,1.6924
4-colden street_2019,4-colden street,2019,126256.0,55988.0,16394.7,3.415
4-college point boulevard_2017,4-college point boulevard,2017,969420.3,217900.6,114810.6,1.8979
4-college point boulevard_2022,4-college point boulevard,2022,8.0,4.0,114810.6,0.0
4-collins place_2019,4-collins place,2019,13566.7,6783.4,2946.6,2.3021
4-colonial avenue_2016,4-colonial avenue,2016,9073.3,4536.7,3361.9,1.3494
4-commonwealth boulevard_2017,4-commonwealth boulevard,2017,111253.4,55626.7,46187.2,1.2044
4-commonwealth boulevard_2022,4-commonwealth boulevard,2022,117404.0,58702.0,46187.2,1.271
4-commonwealth boulevard_2023,4-commonwealth boulevard,2023,44866.0,22433.0,46187.2,0.4857
4-concord street_2024,4-concord street,2024,8710.0,4355.0,4874.8,0.8934
4-coolidge avenue_2016,4-coolidge avenue,2016,30814.7,11555.5,11939.8,0.9678
4-coolidge avenue_2018,4-coolidge avenue,2018,43237.3,16671.1,11939.8,1.3963
4-coolidge avenue_2022,4-coolidge avenue,2022,1888.0,944.0,11939.8,0.0791
4-coolidge avenue_2025,4-coolidge avenue,2025,200.0,100.0,11939.8,0.0084
4-cooper avenue_2016,4-cooper avenue,2016,118303.6,55451.5,68557.3,0.8088
4-cooper avenue_2018,4-cooper avenue,2018,61685.0,29162.5,68557.3,0.4254
4-cooper avenue_2023,4-cooper avenue,2023,95424.0,38021.0,68557.3,0.5546
4-cooper avenue_2025,4-cooper avenue,2025,700.0,350.0,68557.3,0.0051
4-cornaga avenue_2021,4-cornaga avenue,2021,51904.2,19967.7,21282.8,0.9382
4-cornaga avenue_2024,4-cornaga avenue,2024,11844.0,5922.0,21282.8,0.2783
4-cornelia street_2017,4-cornelia street,2017,13082.3,5857.1,9359.0,0.6258
4-cornelia street_2019,4-cornelia street,2019,9820.6,3273.5,9359.0,0.3498
4-cornelia street_2023,4-cornelia street,2023,364.0,182.0,9359.0,0.0194
4-corona avenue_2020,4-corona avenue,2020,126753.5,63376.8,43690.5,1.4506
4-corona avenue_2024,4-corona avenue,2024,12098.0,6049.0,43690.5,0.1385
4-corporal kennedy street_2022,4-corporal kennedy street,2022,800.0,400.0,39964.8,0.01
4-corporal kennedy street_2025,4-corporal kennedy street,2025,69772.0,34886.0,39964.8,0.8729
4-couch place_2021,4-couch place,2021,15266.7,7633.4,147.0,51.9279
4-court square_2020,4-court square,2020,51253.3,25626.7,3155.1,8.1223
4-craft avenue_2023,4-craft avenue,2023,25504.0,12752.0,13999.3,0.9109
4-crane street_2024,4-crane street,2024,400.0,200.0,1879.5,0.1064
4-crescent street_2018,4-crescent street,2018,10977.8,5488.9,51565.5,0.1064
4-crescent street_2020,4-crescent street,2020,223603.6,101034.6,51565.5,1.9593
4-crescent street_2024,4-crescent street,2024,734.0,367.0,51565.5,0.0071
4-cresskill place_2018,4-cresskill place,2018,12258.8,3040.5,3155.2,0.9636
4-crocheron avenue_2019,4-crocheron avenue,2019,60794.6,23119.3,21268.5,1.087
4-cromwell crescent_2022,4-cromwell crescent,2022,20754.0,10377.0,5151.4,2.0144
4-cronston avenue_2023,4-cronston avenue,2023,44445.0,21727.0,22762.4,0.9545
4-cross bay boulevard_2019,4-cross bay boulevard,2019,21876341.0,835818.1,212943.6,3.9251
4-cross bay boulevard_2024,4-cross bay boulevard,2024,193946.0,60245.0,212943.6,0.2829
4-cross bay parkway_2024,4-cross bay parkway,2024,2190.0,1095.0,5509.4,0.1988
4-cross island parkway_2016,4-cross island parkway,2016,149280.4,70430.2,330203.1,0.2133
4-cross island parkway_2018,4-cross island parkway,2018,323078.7,130325.5,330203.1,0.3947
4-cross island parkway_2020,4-cross island parkway,2020,419419.9,116588.2,330203.1,0.3531
4-cross island parkway_2021,4-cross island parkway,2021,108668.6,32132.2,330203.1,0.0973
4-cross island parkway_2023,4-cross island parkway,2023,310832.0,155416.0,330203.1,0.4707
4-cross island parkway_2025,4-cross island parkway,2025,12400.0,6200.0,330203.1,0.0188
4-cross island parkway et 28 b nb_2025,4-cross island parkway et 28 b nb,2025,534.0,267.0,560.5,0.4764
4-cross isld parkway sb en west alley road_2024,4-cross isld parkway sb en west alley road,2024,326.0,163.0,558.0,0.2921
4-cryders lane_2020,4-cryders lane,2020,54169.5,23244.2,10914.6,2.1296
4-culloden place_2023,4-culloden place,2023,406.0,203.0,1362.6,0.149
4-curtis street_2021,4-curtis street,2021,25133.4,9706.7,6253.0,1.5523
4-curzon road_2016,4-curzon road,2016,2246.7,1123.3,2212.1,0.5078
4-curzon road_2020,4-curzon road,2020,9733.3,4866.7,2212.1,2.2
4-cuthbert road_2016,4-cuthbert road,2016,148121.6,49373.9,3667.8,13.4614
4-cypress avenue_2023,4-cypress avenue,2023,38782.0,18485.0,28834.5,0.6411
4-cypress hills street_2017,4-cypress hills street,2017,180096.0,90048.0,26669.8,3.3764
4-cypress hills street_2018,4-cypress hills street,2018,39270.7,19635.4,26669.8,0.7362
4-cypress hills street_2023,4-cypress hills street,2023,552.0,276.0,26669.8,0.0103
4-dalny road_2017,4-dalny road,2017,53452.4,12764.3,11749.6,1.0864
4-dane place_2024,4-dane place,2024,602.0,301.0,1354.2,0.2223
4-daniels street_2022,4-daniels street,2022,206.0,103.0,4704.1,0.0219
4-daniels street_2023,4-daniels street,2023,11880.0,4740.0,4704.1,1.0076
4-dartmouth street_2022,4-dartmouth street,2022,25414.0,12707.0,10060.9,1.263
4-dartmouth street_2024,4-dartmouth street,2024,344.0,172.0,10060.9,0.0171
4-davenport court_2019,4-davenport court,2019,81280.0,20320.0,3891.1,5.2222
4-davies road_2025,4-davies road,2025,5904.0,2952.0,2268.1,1.3015
4-de costa avenue_2019,4-de costa avenue,2019,13006.7,6966.1,7497.0,0.9292
4-dead end_2022,4-dead end,2022,1484.0,742.0,,
4-dead end_2024,4-dead end,2024,200.0,100.0,,
4-decatur street_2018,4-decatur street,2018,27680.3,9909.7,9888.0,1.0022
4-deepdale avenue_2022,4-deepdale avenue,2022,340.0,170.0,3041.6,0.0559
4-deepdale place_2019,4-deepdale place,2019,10783.9,2518.2,2470.7,1.0192
4-defoe street_2025,4-defoe street,2025,400.0,200.0,1192.8,0.1677
4-delaware avenue_2016,4-delaware avenue,2016,15839.7,6015.3,8342.5,0.721
4-delaware avenue_2023,4-delaware avenue,2023,1552.0,776.0,8342.5,0.093
4-denman street_2017,4-denman street,2017,15480.8,5160.3,5915.9,0.8723
4-depew avenue_2016,4-depew avenue,2016,5517.4,1883.8,5164.2,0.3648
4-desarc road_2016,4-desarc road,2016,41782.3,17793.6,4447.6,4.0007
4-devonshire road_2017,4-devonshire road,2017,11768.0,5884.0,2248.9,2.6164
4-dexter court_2023,4-dexter court,2023,320.0,160.0,3549.4,0.0451
4-dickens street_2016,4-dickens street,2016,149773.0,49895.9,12063.4,4.1361
4-dickens street_2021,4-dickens street,2021,36087.3,9021.8,12063.4,0.7479
4-dieterle crescent_2018,4-dieterle crescent,2018,79964.0,28757.0,7538.8,3.8145
4-digby place_2023,4-digby place,2023,406.0,203.0,712.5,0.2849
4-dinsmore avenue_2017,4-dinsmore avenue,2017,5822.7,2911.4,2439.2,1.1936
4-ditmars boulevard_2016,4-ditmars boulevard,2016,113460.4,42906.5,99815.1,0.4299
4-ditmars boulevard_2022,4-ditmars boulevard,2022,320534.0,160267.0,99815.1,1.6056
4-ditmars boulevard_2023,4-ditmars boulevard,2023,123547.0,40791.0,99815.1,0.4087
4-ditmars boulevard square_2022,4-ditmars boulevard square,2022,33720.0,16860.0,1319.7,12.7756
4-doncaster place_2024,4-doncaster place,2024,4668.0,2334.0,211.8,11.0198
4-dongan avenue_2020,4-dongan avenue,2020,19370.8,9685.4,5973.7,1.6213
4-dorian court_2017,4-dorian court,2017,5315.6,2657.8,1563.8,1.6996
4-dormans road_2019,4-dormans road,2019,24888.2,10787.2,6699.7,1.6101
4-dormans road_2024,4-dormans road,2024,414.0,207.0,6699.7,0.0309
4-douglas avenue_2024,4-douglas avenue,2024,19214.0,9607.0,4613.9,2.0822
4-douglas road_2018,4-douglas road,2018,5103.1,2551.6,2944.1,0.8667
4-douglas road_2019,4-douglas road,2019,41070.4,19178.5,2944.1,6.5142
4-douglaston parkway_2016,4-douglaston parkway,2016,128038.3,63595.8,59147.7,1.0752
4-douglaston parkway_2018,4-douglaston parkway,2018,353469.9,70694.0,59147.7,1.1952
4-douglaston parkway_2019,4-douglaston parkway,2019,230836.9,70736.7,59147.7,1.1959
4-douglaston parkway_2022,4-douglaston parkway,2022,57282.0,28641.0,59147.7,0.4842
4-douglaston parkway_2024,4-douglaston parkway,2024,4216.0,2108.0,59147.7,0.0356
4-doxsey place_2016,4-doxsey place,2016,6040.0,2013.3,910.7,2.2107
4-dumfries place_2024,4-dumfries place,2024,3530.0,1765.0,1718.9,1.0268
4-dunbar street_2022,4-dunbar street,2022,6614.0,3307.0,4814.8,0.6868
4-dunkirk drive_2019,4-dunkirk drive,2019,5192.0,2596.0,2620.2,0.9908
4-dunkirk street_2019,4-dunkirk street,2019,5192.0,2596.0,18266.5,0.1421
4-dunkirk street_2024,4-dunkirk street,2024,194.0,97.0,18266.5,0.0053
4-dunkirk street_2025,4-dunkirk street,2025,36784.0,18392.0,18266.5,1.0069
4-dunlop avenue_2019,4-dunlop avenue,2019,10003.3,3896.7,4037.8,0.9651
4-east 10 road_2023,4-east 10 road,2023,3048.0,1524.0,900.7,1.692
4-east 6 road_2024,4-east 6 road,2024,22772.0,11386.0,1858.0,6.1281
4-east drive_2016,4-east drive,2016,58121.4,16104.9,7800.4,2.0646
4-east hampton boulevard_2021,4-east hampton boulevard,2021,61346.6,22880.0,15203.2,1.5049
4-east hampton boulevard_2022,4-east hampton boulevard,2022,3940.0,1970.0,15203.2,0.1296
4-east williston avenue_2019,4-east williston avenue,2019,40764.9,15226.3,12134.5,1.2548
4-east williston avenue_2024,4-east williston avenue,2024,1136.0,568.0,12134.5,0.0468
4-easthampton boulevard_2021,4-easthampton boulevard,2021,2553.3,1276.7,,
4-edgemere avenue_2017,4-edgemere avenue,2017,53442.3,23560.0,19610.6,1.2014
4-edgemere avenue_2020,4-edgemere avenue,2020,260001.2,126103.1,19610.6,6.4304
4-edgerton boulevard_2021,4-edgerton boulevard,2021,76258.3,19455.0,11721.8,1.6597
4-edgerton road_2019,4-edgerton road,2019,15814.1,6349.4,2633.8,2.4107
4-edgewood avenue_2018,4-edgewood avenue,2018,15194.8,7597.4,13593.7,0.5589
4-edgewood avenue_2023,4-edgewood avenue,2023,1160.0,580.0,13593.7,0.0427
4-edgewood avenue_2024,4-edgewood avenue,2024,4568.0,2284.0,13593.7,0.168
4-edmore avenue_2024,4-edmore avenue,2024,360.0,180.0,5987.7,0.0301
4-edsall avenue_2019,4-edsall avenue,2019,2342.0,780.6,3972.8,0.1965
4-edsall avenue_2023,4-edsall avenue,2023,2312.0,1156.0,3972.8,0.291
4-eggert place_2021,4-eggert place,2021,15165.1,5623.3,3982.0,1.4122
4-egmont place_2021,4-egmont place,2021,17640.0,2940.0,2533.1,1.1606
4-elbertson street_2021,4-elbertson street,2021,16218.0,6101.0,8874.8,0.6875
4-elder avenue_2019,4-elder avenue,2019,16969.5,4242.4,7790.5,0.5446
4-elder avenue_2022,4-elder avenue,2022,510.0,255.0,7790.5,0.0327
4-eldert lane_2018,4-eldert lane,2018,6900.0,3450.0,,
4-eliot avenue_2019,4-eliot avenue,2019,56010.9,28005.4,49547.4,0.5652
4-eliot avenue_2022,4-eliot avenue,2022,187128.0,93564.0,49547.4,1.8884
4-eliot avenue_2023,4-eliot avenue,2023,488.0,244.0,49547.4,0.0049
4-elizabeth avenue_2019,4-elizabeth avenue,2019,49713.0,12164.6,7844.9,1.5506
4-elkmont avenue_2025,4-elkmont avenue,2025,984.0,492.0,3544.8,0.1388
4-elks road_2022,4-elks road,2022,6348.0,3174.0,1375.1,2.3082
4-ellwell crescent_2025,4-ellwell crescent,2025,30598.0,15299.0,8523.9,1.7948
4-elm avenue_2016,4-elm avenue,2016,17324.2,7028.5,6022.2,1.1671
4-elm avenue_2023,4-elm avenue,2023,428.0,214.0,6022.2,0.0355
4-elmhurst avenue_2018,4-elmhurst avenue,2018,67616.7,30546.1,13839.4,2.2072
4-elmira avenue_2019,4-elmira avenue,2019,11924.2,4865.5,4802.5,1.0131
4-elvira avenue_2017,4-elvira avenue,2017,91902.1,45951.1,4136.5,11.1087
4-empire avenue_2016,4-empire avenue,2016,7841.5,3920.7,4891.1,0.8016
4-empire avenue_2017,4-empire avenue,2017,5800.0,2900.0,4891.1,0.5929
4-enfield place_2024,4-enfield place,2024,1986.0,993.0,900.5,1.1027
4-ericsson street_2021,4-ericsson street,2021,23563.3,9750.0,7129.2,1.3676
4-everdell avenue_2020,4-everdell avenue,2020,5752.4,2876.2,1407.7,2.0432
4-everton street_2024,4-everton street,2024,5332.0,2666.0,1479.4,1.8021
4-exeter street_2021,4-exeter street,2021,39582.1,16279.0,7773.3,2.0942
4-exeter street_2024,4-exeter street,2024,334.0,167.0,7773.3,0.0215
4-faber terrace_2021,4-faber terrace,2021,19429.9,9715.0,2347.9,4.1377
4-faber terrace_2023,4-faber terrace,2023,27785.0,10367.0,2347.9,4.4154
4-fairbury avenue_2024,4-fairbury avenue,2024,204.0,102.0,7465.3,0.0137
4-farmers boulevard_2017,4-farmers boulevard,2017,241293.5,66401.9,103784.4,0.6398
4-farmers boulevard_2018,4-farmers boulevard,2018,267570.1,124875.1,103784.4,1.2032
4-farmers boulevard_2020,4-farmers boulevard,2020,163990.8,59774.8,103784.4,0.576
4-farrington street_2018,4-farrington street,2018,75803.3,33608.7,12119.2,2.7732
4-fern place_2020,4-fern place,2020,54240.1,18440.0,2350.2,7.8461
4-ferndale avenue_2021,4-ferndale avenue,2021,13537.2,6365.4,6486.3,0.9814
4-ferndale avenue_2023,4-ferndale avenue,2023,206.0,103.0,6486.3,0.0159
4-firwood place_2019,4-firwood place,2019,5586.7,2793.3,1128.6,2.475
4-firwood place_2025,4-firwood place,2025,200.0,100.0,1128.6,0.0886
4-fitchett street_2018,4-fitchett street,2018,56991.4,24067.9,9327.0,2.5805
4-fitchett street_2025,4-fitchett street,2025,12160.0,6080.0,9327.0,0.6519
4-fleet street_2024,4-fleet street,2024,344.0,172.0,6178.8,0.0278
4-flushing avenue_2022,4-flushing avenue,2022,8536.0,4268.0,35423.0,0.1205
4-foam place_2017,4-foam place,2017,2686.9,1134.4,1590.5,0.7132
4-foch boulevard_2024,4-foch boulevard,2024,87826.0,43913.0,60045.9,0.7313
4-fonda avenue_2025,4-fonda avenue,2025,10094.0,5047.0,2698.1,1.8706
4-foothill avenue_2021,4-foothill avenue,2021,1314.3,657.2,11212.7,0.0586
4-forbell street_2019,4-forbell street,2019,13920.0,3480.0,1582.0,2.1997
4-forest avenue_2018,4-forest avenue,2018,9677.9,4838.9,22884.9,0.2114
4-forest avenue_2019,4-forest avenue,2019,110458.7,55229.3,22884.9,2.4134
4-forest avenue_2021,4-forest avenue,2021,1386.4,693.2,22884.9,0.0303
4-forest park drive_2016,4-forest park drive,2016,841186.7,156893.4,25631.9,6.121
4-forest park drive_2024,4-forest park drive,2024,298.0,149.0,25631.9,0.0058
4-forest parkway_2024,4-forest parkway,2024,12758.0,6379.0,6155.1,1.0364
4-forest road_2019,4-forest road,2019,12572.3,3791.2,3441.6,1.1016
4-forley street_2019,4-forley street,2019,14097.7,5214.9,8595.4,0.6067
4-francis lewis boulevard_2016,4-francis lewis boulevard,2016,1104558.1,324329.3,306675.5,1.0576
4-francis lewis boulevard_2018,4-francis lewis boulevard,2018,484114.3,95377.1,306675.5,0.311
4-francis lewis boulevard_2019,4-francis lewis boulevard,2019,593229.0,145673.8,306675.5,0.475
4-francis lewis boulevard_2020,4-francis lewis boulevard,2020,425616.2,129422.6,306675.5,0.422
4-francis lewis boulevard_2021,4-francis lewis boulevard,2021,207399.2,45114.1,306675.5,0.1471
4-francis lewis boulevard_2022,4-francis lewis boulevard,2022,111218.0,55609.0,306675.5,0.1813
4-francis lewis boulevard_2023,4-francis lewis boulevard,2023,19348.0,9674.0,306675.5,0.0315
4-francis lewis boulevard_2024,4-francis lewis boulevard,2024,51250.0,25625.0,306675.5,0.0836
4-franklin avenue_2017,4-franklin avenue,2017,74393.3,29357.6,12195.3,2.4073
4-franklin avenue_2022,4-franklin avenue,2022,494.0,247.0,12195.3,0.0203
4-franklin avenue_2023,4-franklin avenue,2023,272.0,136.0,12195.3,0.0112
4-freedom drive_2016,4-freedom drive,2016,180400.0,45100.0,1742.8,25.8779
4-fresh meadow lane_2018,4-fresh meadow lane,2018,118596.2,28698.2,23536.2,1.2193
4-fresh meadow lane_2019,4-fresh meadow lane,2019,43625.1,15981.3,23536.2,0.679
4-fresh meadow lane_2020,4-fresh meadow lane,2020,91374.0,45687.0,23536.2,1.9411
4-fresh pond road_2019,4-fresh pond road,2019,158897.5,79448.8,38369.1,2.0706
4-fresh pond road_2023,4-fresh pond road,2023,46423.0,22576.0,38369.1,0.5884
4-frisco avenue_2017,4-frisco avenue,2017,2896.1,1448.0,3030.4,0.4778
4-gale avenue_2016,4-gale avenue,2016,2205.4,1102.7,3726.1,0.2959
4-gale avenue_2024,4-gale avenue,2024,4114.0,2057.0,3726.1,0.5521
4-galway avenue_2024,4-galway avenue,2024,200.0,100.0,4766.8,0.021
4-galway avenue_2025,4-galway avenue,2025,6600.0,3300.0,4766.8,0.6923
4-garfield avenue_2019,4-garfield avenue,2019,2160.1,1080.0,7377.3,0.1464
4-garland drive_2024,4-garland drive,2024,4366.0,2183.0,2179.0,1.0018
4-garrett street_2024,4-garrett street,2024,25972.0,12986.0,2738.0,4.7429
4-gaskell road_2022,4-gaskell road,2022,24140.0,12070.0,1460.2,8.266
4-gates avenue_2021,4-gates avenue,2021,17616.9,7863.8,18566.5,0.4235
4-gates avenue_2024,4-gates avenue,2024,15884.0,7942.0,18566.5,0.4278
4-george street_2018,4-george street,2018,57381.9,11789.3,6430.8,1.8333
4-georgia road_2017,4-georgia road,2017,3569.5,1784.8,1831.7,0.9744
4-georgia road_2023,4-georgia road,2023,254.0,127.0,1831.7,0.0693
4-geranium avenue_2022,4-geranium avenue,2022,300.0,150.0,2924.5,0.0513
4-gerard place_2024,4-gerard place,2024,422.0,211.0,187.2,1.1271
4-gettysburg street_2020,4-gettysburg street,2020,61200.8,20400.3,9346.0,2.1828
4-gillmore street_2021,4-gillmore street,2021,28861.8,13527.1,8076.5,1.6749
4-gipson street_2016,4-gipson street,2016,34412.5,11470.8,7708.6,1.4881
4-glassboro avenue_2018,4-glassboro avenue,2018,4228.3,2114.2,7282.2,0.2903
4-glassboro avenue_2021,4-glassboro avenue,2021,8105.5,4052.8,7282.2,0.5565
4-glassboro avenue_2023,4-glassboro avenue,2023,206.0,103.0,7282.2,0.0141
4-gleane street_2016,4-gleane street,2016,11423.3,4685.5,8714.5,0.5377
4-gleane street_2023,4-gleane street,2023,8810.0,4405.0,8714.5,0.5055
4-glenwood street_2024,4-glenwood street,2024,14568.0,7284.0,10529.4,0.6918
4-goethals avenue_2017,4-goethals avenue,2017,44152.8,22076.4,11617.1,1.9003
4-goethals avenue_2025,4-goethals avenue,2025,50424.0,25212.0,11617.1,2.1702
4-gold road_2016,4-gold road,2016,19999.1,9999.5,4565.6,2.1902
4-gold road_2017,4-gold road,2017,4707.2,1176.8,4565.6,0.2578
4-goldsmith street_2016,4-goldsmith street,2016,11739.0,5869.5,1681.3,3.491
4-goldsmith street_2023,4-goldsmith street,2023,734.0,367.0,1681.3,0.2183
4-gotham road_2020,4-gotham road,2020,4803.9,1601.3,1517.3,1.0554
4-gothic drive_2016,4-gothic drive,2016,6390.3,3195.2,4508.7,0.7087
4-gothic drive_2018,4-gothic drive,2018,21344.0,10672.0,4508.7,2.367
4-gouverneur avenue_2019,4-gouverneur avenue,2019,10485.1,5242.6,2878.3,1.8214
4-granada place_2023,4-granada place,2023,11868.0,5934.0,3056.4,1.9415
4-grand avenue_2023,4-grand avenue,2023,84732.0,38294.0,70186.6,0.5456
4-grand central parkway_2016,4-grand central parkway,2016,295388.9,147694.5,605653.5,0.2439
4-grand central parkway_2017,4-grand central parkway,2017,685750.1,258948.4,605653.5,0.4276
4-grand central parkway_2018,4-grand central parkway,2018,82100.7,41050.3,605653.5,0.0678
4-grand central parkway_2019,4-grand central parkway,2019,586534.1,202725.4,605653.5,0.3347
4-grand central parkway_2020,4-grand central parkway,2020,73103.5,26821.8,605653.5,0.0443
4-grand central parkway_2022,4-grand central parkway,2022,126368.0,61760.0,605653.5,0.102
4-grand central parkway_2023,4-grand central parkway,2023,248.0,124.0,605653.5,0.0002
4-grand central parkway_2024,4-grand central parkway,2024,91544.0,45772.0,605653.5,0.0756
4-grand central parkway east svc road_2017,4-grand central parkway east svc road,2017,28404.6,14202.3,,
4-grand central parkway eb en 72 road_2024,4-grand central parkway eb en 72 road,2024,224.0,112.0,123.3,0.9084
4-grand central parkway et 6 eb_2022,4-grand central parkway et 6 eb,2022,2552.0,1276.0,0.0,inf
4-grand centrl parkway_2016,4-grand centrl parkway,2016,9100.0,4550.0,,
4-grand centrl parkway_2017,4-grand centrl parkway,2017,42206.7,15873.3,,
4-grand centrl parkway_2018,4-grand centrl parkway,2018,26440.3,13220.2,,
4-grand centrl parkway_2019,4-grand centrl parkway,2019,2136.6,1068.3,,
4-grand centrl parkway_2020,4-grand centrl parkway,2020,90272.3,45136.2,,
4-grand centrl parkway_2022,4-grand centrl parkway,2022,25224.0,9648.0,,
4-granger street_2023,4-granger street,2023,200.0,100.0,4415.6,0.0226
4-granger street_2025,4-granger street,2025,226.0,113.0,4415.6,0.0256
4-gravett road_2020,4-gravett road,2020,42129.1,21064.6,640.9,32.8672
4-gravett road_2022,4-gravett road,2022,2156.0,1078.0,640.9,1.682
4-grayson street_2020,4-grayson street,2020,18280.5,8078.6,5497.0,1.4696
4-grayson street_2023,4-grayson street,2023,214.0,107.0,5497.0,0.0195
4-grayson street_2025,4-grayson street,2025,2500.0,1250.0,5497.0,0.2274
4-greene avenue_2025,4-greene avenue,2025,276.0,138.0,11588.8,0.0119
4-greenpoint avenue_2023,4-greenpoint avenue,2023,19138.0,9569.0,33085.0,0.2892
4-grenfell street_2016,4-grenfell street,2016,49767.2,13448.3,5309.1,2.5331
4-grenfell street_2025,4-grenfell street,2025,990.0,495.0,5309.1,0.0932
4-grosvenor road_2020,4-grosvenor road,2020,9786.6,4893.3,1326.6,3.6886
4-grosvenor street_2018,4-grosvenor street,2018,46952.6,13111.3,4699.1,2.7902
4-groton street_2016,4-groton street,2016,4218.5,2109.2,8175.0,0.258
4-groton street_2022,4-groton street,2022,67588.0,33794.0,8175.0,4.1338
4-groton street_2024,4-groton street,2024,344.0,172.0,8175.0,0.021
4-grove street_2016,4-grove street,2016,44830.9,21022.1,17270.7,1.2172
4-guy r brewer boulevard_2017,4-guy r brewer boulevard,2017,356028.5,121085.4,98407.2,1.2305
4-guy r brewer boulevard_2019,4-guy r brewer boulevard,2019,99010.4,49505.2,98407.2,0.5031
4-guy r brewer boulevard_2023,4-guy r brewer boulevard,2023,151000.0,74253.0,98407.2,0.7545
4-haddon street_2024,4-haddon street,2024,5134.0,2567.0,2691.3,0.9538
4-hamilton place_2020,4-hamilton place,2020,2200.8,1100.4,7030.2,0.1565
4-hampton street_2021,4-hampton street,2021,61495.6,16291.1,8985.0,1.8131
4-hancock street_2019,4-hancock street,2019,4965.8,1655.3,4797.5,0.345
4-hand road_2019,4-hand road,2019,14372.2,7186.1,1371.8,5.2384
4-hannibal street_2019,4-hannibal street,2019,9036.2,3001.1,8461.8,0.3547
4-hannibal street_2024,4-hannibal street,2024,13220.0,6610.0,8461.8,0.7812
4-hannibal street_2025,4-hannibal street,2025,200.0,100.0,8461.8,0.0118
4-haring street_2024,4-haring street,2024,8668.0,4334.0,1795.9,2.4133
4-harman street_2020,4-harman street,2020,29482.5,10206.9,12148.3,0.8402
4-harman street_2025,4-harman street,2025,266.0,133.0,12148.3,0.0109
4-harrow street_2016,4-harrow street,2016,38772.9,10780.6,8415.0,1.2811
4-harrow street_2020,4-harrow street,2020,32056.6,10685.6,8415.0,1.2698
4-harrow street_2024,4-harrow street,2024,334.0,167.0,8415.0,0.0198
4-hartman lane_2016,4-hartman lane,2016,3255.3,1627.7,6595.7,0.2468
4-haspel street_2023,4-haspel street,2023,8988.0,4494.0,3971.5,1.1316
4-hawthorn avenue_2016,4-hawthorn avenue,2016,7159.0,2386.4,5880.8,0.4058
4-hawtree creek road_2017,4-hawtree creek road,2017,2471.4,1235.7,13847.4,0.0892
4-hawtree creek road_2021,4-hawtree creek road,2021,80811.2,29760.0,13847.4,2.1491
4-hawtree creek road_2025,4-hawtree creek road,2025,400.0,200.0,13847.4,0.0144
4-hawtree street_2023,4-hawtree street,2023,7588.0,2429.0,8913.6,0.2725
4-hazen street_2018,4-hazen street,2018,167574.5,54425.6,13909.4,3.9129
4-healy avenue_2016,4-healy avenue,2016,3754.5,1877.2,12012.3,0.1563
4-henley road_2016,4-henley road,2016,55040.4,20403.3,18112.2,1.1265
4-hewlett street_2016,4-hewlett street,2016,37523.0,12507.7,12724.4,0.983
4-heyson road_2025,4-heyson road,2025,12402.0,6201.0,4050.4,1.531
4-highland avenue_2017,4-highland avenue,2017,49542.3,14026.3,11762.6,1.1924
4-highland avenue_2018,4-highland avenue,2018,98796.0,33531.3,11762.6,2.8507
4-highland avenue_2025,4-highland avenue,2025,200.0,100.0,11762.6,0.0085
4-hilburn avenue_2025,4-hilburn avenue,2025,12368.0,6184.0,6888.1,0.8978
4-hill court_2016,4-hill court,2016,986.7,493.3,743.7,0.6633
4-hillmeyer avenue_2019,4-hillmeyer avenue,2019,7424.6,2474.9,5549.5,0.446
4-hillside avenue_2016,4-hillside avenue,2016,610666.9,263905.5,294330.6,0.8966
4-hillside avenue_2019,4-hillside avenue,2019,399426.1,168441.4,294330.6,0.5723
4-hillside avenue_2023,4-hillside avenue,2023,1134410.0,243884.0,294330.6,0.8286
4-hillside avenue_2024,4-hillside avenue,2024,152822.0,76411.0,294330.6,0.2596
4-hillside avenue_2025,4-hillside avenue,2025,138260.0,69130.0,294330.6,0.2349
4-himrod street_2025,4-himrod street,2025,266.0,133.0,10341.1,0.0129
4-hobart street_2021,4-hobart street,2021,30335.7,6080.3,10705.9,0.5679
4-holland avenue_2021,4-holland avenue,2021,66968.0,11875.6,4319.8,2.7491
4-hollis avenue_2018,4-hollis avenue,2018,58051.5,26529.7,40515.9,0.6548
4-hollis court boulevard_2016,4-hollis court boulevard,2016,713984.2,209953.3,56081.0,3.7438
4-hollis court boulevard_2020,4-hollis court boulevard,2020,112170.7,32001.7,56081.0,0.5706
4-hollis court boulevard_2023,4-hollis court boulevard,2023,74520.0,37260.0,56081.0,0.6644
4-hollis court boulevard_2024,4-hollis court boulevard,2024,1712.0,856.0,56081.0,0.0153
4-holly avenue_2020,4-holly avenue,2020,5084.4,2542.2,8490.5,0.2994
4-holly avenue_2022,4-holly avenue,2022,680.0,340.0,8490.5,0.04
4-holly avenue_2023,4-holly avenue,2023,392.0,196.0,8490.5,0.0231
4-hollywood avenue_2020,4-hollywood avenue,2020,77733.6,21159.6,7642.4,2.7687
4-hook creek boulevard_2021,4-hook creek boulevard,2021,149295.1,71784.4,48365.9,1.4842
4-hoover avenue_2016,4-hoover avenue,2016,36546.7,10418.1,17274.0,0.6031
4-hoover avenue_2018,4-hoover avenue,2018,89476.8,28297.5,17274.0,1.6382
4-hoover avenue_2022,4-hoover avenue,2022,1956.0,978.0,17274.0,0.0566
4-hoover avenue_2025,4-hoover avenue,2025,200.0,100.0,17274.0,0.0058
4-horace harding expressway_2016,4-horace harding expressway,2016,332082.0,164626.0,,
4-horace harding expressway_2017,4-horace harding expressway,2017,149879.9,65549.9,,
4-horace harding expressway_2018,4-horace harding expressway,2018,360714.8,143342.7,,
4-horace harding expressway_2019,4-horace harding expressway,2019,276375.3,102687.7,,
4-horace harding expressway_2021,4-horace harding expressway,2021,35890.0,11963.4,,
4-horace harding expressway_2022,4-horace harding expressway,2022,198406.5,77527.5,,
4-horace harding expwy_2016,4-horace harding expwy,2016,3573.3,1786.7,,
4-horace harding expwy_2022,4-horace harding expwy,2022,5132.0,2566.0,,
4-horatio parkway_2021,4-horatio parkway,2021,38098.6,19049.3,11747.7,1.6215
4-horatio parkway_2024,4-horatio parkway,2024,5628.0,2814.0,11747.7,0.2395
4-hull avenue_2022,4-hull avenue,2022,9272.0,4636.0,4705.8,0.9852
4-huron street_2019,4-huron street,2019,7140.2,2380.1,4437.5,0.5364
4-huxley street_2023,4-huxley street,2023,26080.0,13040.0,14776.2,0.8825
4-i 678_2016,4-i 678,2016,360943.6,125440.1,,
4-i 678_2017,4-i 678,2017,195462.3,78044.1,,
4-i 678_2018,4-i 678,2018,64310.1,30913.4,,
4-indiana avenue_2021,4-indiana avenue,2021,3286.7,1643.3,1616.9,1.0163
4-ingram street_2020,4-ingram street,2020,13422.5,4474.2,11233.3,0.3983
4-ingram street_2024,4-ingram street,2024,344.0,172.0,11233.3,0.0153
4-inwood street_2018,4-inwood street,2018,16871.7,6530.1,35717.8,0.1828
4-inwood street_2019,4-inwood street,2019,22457.0,6729.6,35717.8,0.1884
4-inwood street_2020,4-inwood street,2020,28619.6,12243.6,35717.8,0.3428
4-inwood street_2024,4-inwood street,2024,512.0,256.0,35717.8,0.0072
4-iowa road_2022,4-iowa road,2022,450.0,225.0,1376.9,0.1634
4-ithaca street_2021,4-ithaca street,2021,36676.6,14146.7,7204.2,1.9637
4-ives court_2016,4-ives court,2016,1446.7,723.3,481.9,1.5009
4-jackson avenue_2024,4-jackson avenue,2024,40760.0,20380.0,30694.3,0.664
4-jackson mill road_2018,4-jackson mill road,2018,3413.3,1706.7,5255.8,0.3247
4-jackson mill road_2021,4-jackson mill road,2021,2460.0,1230.0,5255.8,0.234
4-jacob riis park driveway_2018,4-jacob riis park driveway,2018,66853.3,26933.3,22749.3,1.1839
4-jacob riis park driveway_2024,4-jacob riis park driveway,2024,83682.0,41841.0,22749.3,1.8392
4-jamaica avenue_2016,4-jamaica avenue,2016,2300978.6,304599.0,235306.0,1.2945
4-jamaica avenue_2018,4-jamaica avenue,2018,23150.4,11575.2,235306.0,0.0492
4-jamaica avenue_2022,4-jamaica avenue,2022,53452.0,26726.0,235306.0,0.1136
4-jamaica avenue_2023,4-jamaica avenue,2023,117390.0,53994.0,235306.0,0.2295
4-jamaica avenue_2024,4-jamaica avenue,2024,196946.0,98473.0,235306.0,0.4185
4-james court_2025,4-james court,2025,972.0,486.0,701.5,0.6928
4-jarvis avenue_2019,4-jarvis avenue,2019,8895.5,3555.2,4688.5,0.7583
4-jasmine avenue_2017,4-jasmine avenue,2017,15081.2,4277.5,3781.1,1.1313
4-java place_2023,4-java place,2023,4400.0,2200.0,520.6,4.2259
4-jay avenue_2022,4-jay avenue,2022,12434.0,6217.0,5028.3,1.2364
4-jefferson avenue_2018,4-jefferson avenue,2018,33275.0,6655.0,3004.2,2.2152
4-jewel avenue_2022,4-jewel avenue,2022,2334.0,1167.0,77192.4,0.0151
4-jewel avenue_2023,4-jewel avenue,2023,66226.0,33113.0,77192.4,0.429
4-jordan avenue_2024,4-jordan avenue,2024,13534.0,6767.0,7022.4,0.9636
4-jordan avenue_2025,4-jordan avenue,2025,200.0,100.0,7022.4,0.0142
4-jordan street_2019,4-jordan street,2019,17560.8,3512.2,8282.3,0.4241
4-jordan street_2022,4-jordan street,2022,17429.8,8714.9,8282.3,1.0522
4-judge street_2016,4-judge street,2016,5848.0,2924.0,7579.2,0.3858
4-judge street_2021,4-judge street,2021,26965.8,12651.8,7579.2,1.6693
4-junction boulevard_2019,4-junction boulevard,2019,48413.9,22355.0,52454.9,0.4262
4-junction boulevard_2022,4-junction boulevard,2022,67378.0,26621.0,52454.9,0.5075
4-juniper avenue_2022,4-juniper avenue,2022,270.0,135.0,2635.6,0.0512
4-juniper boulevard north_2023,4-juniper boulevard north,2023,36472.0,15380.0,15811.2,0.9727
4-juniper valley road_2023,4-juniper valley road,2023,22281.0,10236.0,13634.7,0.7507
4-juno street_2020,4-juno street,2020,27739.4,11720.2,9999.5,1.1721
4-justice avenue_2018,4-justice avenue,2018,1246.7,623.3,8007.0,0.0778
4-justice avenue_2022,4-justice avenue,2022,47610.0,23805.0,8007.0,2.973
4-kalmia avenue_2017,4-kalmia avenue,2017,8178.0,3310.3,5520.7,0.5996
4-kalmia avenue_2022,4-kalmia avenue,2022,300.0,150.0,5520.7,0.0272
4-kearney street_2022,4-kearney street,2022,5652.0,2826.0,2030.5,1.3918
4-keeseville avenue_2024,4-keeseville avenue,2024,10200.0,5100.0,5141.8,0.9919
4-keeseville avenue_2025,4-keeseville avenue,2025,200.0,100.0,5141.8,0.0194
4-kenilworth drive_2024,4-kenilworth drive,2024,4034.0,2017.0,2719.7,0.7416
4-kenmore road_2018,4-kenmore road,2018,16085.3,8042.7,1900.5,4.2319
4-kent street_2024,4-kent street,2024,22786.0,11393.0,9404.4,1.2115
4-kessel street_2020,4-kessel street,2020,80029.0,27028.8,13496.0,2.0027
4-kessel street_2022,4-kessel street,2022,230.0,115.0,13496.0,0.0085
4-ketcham street_2021,4-ketcham street,2021,15032.0,6743.9,4090.4,1.6487
4-kew gardens road_2016,4-kew gardens road,2016,162502.2,81251.1,24304.6,3.343
4-kew gardens road_2017,4-kew gardens road,2017,27936.1,12065.7,24304.6,0.4964
4-kew gardens road_2025,4-kew gardens road,2025,19464.0,9732.0,24304.6,0.4004
4-kildare road_2024,4-kildare road,2024,19198.0,9599.0,6342.0,1.5136
4-killarney street_2019,4-killarney street,2019,4290.8,2145.4,2246.8,0.9549
4-kingsbury avenue_2019,4-kingsbury avenue,2019,20123.3,8020.0,12565.7,0.6382
4-kingsbury avenue_2023,4-kingsbury avenue,2023,55588.0,17437.0,12565.7,1.3877
4-kingston place_2017,4-kingston place,2017,76775.9,27348.7,5192.8,5.2667
4-kissena boulevard_2016,4-kissena boulevard,2016,201903.6,56913.8,72178.6,0.7885
4-kissena boulevard_2017,4-kissena boulevard,2017,133371.1,66685.6,72178.6,0.9239
4-kissena boulevard_2022,4-kissena boulevard,2022,157424.0,68900.0,72178.6,0.9546
4-kneeland avenue_2024,4-kneeland avenue,2024,12980.0,6490.0,4296.5,1.5105
4-knollwood avenue_2018,4-knollwood avenue,2018,16397.0,5979.2,1613.7,3.7053
4-lahn street_2025,4-lahn street,2025,4200.0,2100.0,2240.7,0.9372
4-lakewood avenue_2018,4-lakewood avenue,2018,17736.9,8868.4,11425.2,0.7762
4-lakewood avenue_2021,4-lakewood avenue,2021,37559.5,16547.6,11425.2,1.4483
4-lander street_2023,4-lander street,2023,8800.0,4400.0,1248.7,3.5237
4-larue avenue_2019,4-larue avenue,2019,2124.0,1062.0,993.0,1.0695
4-laurel hill boulevard_2016,4-laurel hill boulevard,2016,188247.5,94123.7,50162.5,1.8764
4-laurel hill boulevard_2018,4-laurel hill boulevard,2018,258959.9,64740.0,50162.5,1.2906
4-laurel hill boulevard_2020,4-laurel hill boulevard,2020,194596.4,97298.2,50162.5,1.9397
4-laurelton parkway_2020,4-laurelton parkway,2020,19720.0,7390.0,20132.5,0.3671
4-lawrence street_2020,4-lawrence street,2020,12452.5,5828.8,5578.4,1.0449
4-lax avenue_2018,4-lax avenue,2018,2213.3,1106.7,5663.9,0.1954
4-leeds road_2022,4-leeds road,2022,17778.0,8889.0,5035.2,1.7654
4-lefferts boulevard_2016,4-lefferts boulevard,2016,82505.3,35071.6,104623.6,0.3352
4-lefferts boulevard_2017,4-lefferts boulevard,2017,88297.0,22176.0,104623.6,0.212
4-lefferts boulevard_2018,4-lefferts boulevard,2018,114449.4,27459.0,104623.6,0.2625
4-lefferts boulevard_2021,4-lefferts boulevard,2021,406595.2,91670.3,104623.6,0.8762
4-lefferts boulevard_2025,4-lefferts boulevard,2025,16120.0,8060.0,104623.6,0.077
4-leith place_2019,4-leith place,2019,9839.9,4920.0,3173.1,1.5505
4-leith road_2019,4-leith road,2019,72280.8,23507.0,510.3,46.0651
4-lewis avenue_2019,4-lewis avenue,2019,2182.4,1091.2,3397.9,0.3211
4-lewiston avenue_2019,4-lewiston avenue,2019,10480.0,4306.7,4052.9,1.0626
4-lewiston avenue_2024,4-lewiston avenue,2024,200.0,100.0,4052.9,0.0247
4-liberty avenue_2018,4-liberty avenue,2018,1045455.0,222716.3,161407.5,1.3798
4-liberty avenue_2022,4-liberty avenue,2022,38568.0,19284.0,161407.5,0.1195
4-lie eastbound entrance 69 street_2024,4-lie eastbound entrance 69 street,2024,556.0,278.0,,
4-lie wb entrance van dam street_2024,4-lie wb entrance van dam street,2024,1812.0,906.0,676.5,1.3392
4-lie westbound entrance 254 street_2022,4-lie westbound entrance 254 street,2022,228.0,114.0,,
4-lincoln street_2025,4-lincoln street,2025,4444.0,2222.0,11805.7,0.1882
4-linden boulevard_2016,4-linden boulevard,2016,960.0,480.0,165401.1,0.0029
4-linden boulevard_2017,4-linden boulevard,2017,486319.5,155944.0,165401.1,0.9428
4-linden boulevard_2018,4-linden boulevard,2018,72805.7,29796.2,165401.1,0.1801
4-linden boulevard_2022,4-linden boulevard,2022,14206.0,7103.0,165401.1,0.0429
4-linden boulevard_2025,4-linden boulevard,2025,40202.0,20101.0,165401.1,0.1215
4-linden place_2018,4-linden place,2018,219906.1,73302.0,18287.2,4.0084
4-linden street_2016,4-linden street,2016,5897.0,2948.5,18264.2,0.1614
4-linden street_2017,4-linden street,2017,21976.3,9875.9,18264.2,0.5407
4-linden street_2021,4-linden street,2021,15101.1,6680.3,18264.2,0.3658
4-little neck parkway_2018,4-little neck parkway,2018,78968.3,39484.1,111008.6,0.3557
4-little neck parkway_2022,4-little neck parkway,2022,108864.0,54432.0,111008.6,0.4903
4-little neck parkway_2025,4-little neck parkway,2025,160778.0,80389.0,111008.6,0.7242
4-liverpool street_2018,4-liverpool street,2018,12609.6,5457.5,14852.6,0.3674
4-liverpool street_2021,4-liverpool street,2021,9856.5,4085.8,14852.6,0.2751
4-liverpool street_2023,4-liverpool street,2023,9068.0,4534.0,14852.6,0.3053
4-locke avenue_2017,4-locke avenue,2017,6843.7,2281.2,4592.1,0.4968
4-long island expressway_2016,4-long island expressway,2016,66430.6,33215.3,,
4-long island expressway_2017,4-long island expressway,2017,117986.8,46176.7,,
4-long island expressway_2018,4-long island expressway,2018,212671.4,82836.6,,
4-long island expressway_2019,4-long island expressway,2019,75065.6,37532.8,,
4-long island expressway_2021,4-long island expressway,2021,8280.0,2760.0,,
4-long island expressway_2022,4-long island expressway,2022,120813.0,60406.5,,
4-long island expressway_2024,4-long island expressway,2024,65492.0,32746.0,,
4-long island railroad_2023,4-long island railroad,2023,202.0,101.0,,
4-long street_2019,4-long street,2019,19341.4,7980.8,8463.9,0.9429
4-loubet street_2022,4-loubet street,2022,234.0,117.0,10666.6,0.011
4-lucas street_2023,4-lucas street,2023,200.0,100.0,7934.2,0.0126
4-luther road_2017,4-luther road,2017,1744.8,872.4,826.7,1.0553
4-lux road_2018,4-lux road,2018,1526.3,763.1,1026.8,0.7432
4-lyman street_2020,4-lyman street,2020,19344.1,9019.5,1506.7,5.9863
4-macnish street_2021,4-macnish street,2021,3180.0,1590.0,1539.9,1.0325
4-madison street_2024,4-madison street,2024,47060.0,23530.0,22109.1,1.0643
4-main avenue_2018,4-main avenue,2018,12671.0,6335.5,2613.8,2.4239
4-main street_2016,4-main street,2016,640747.1,170789.9,113409.6,1.506
4-main street_2017,4-main street,2017,38335.5,19167.8,113409.6,0.169
4-main street_2021,4-main street,2021,151479.0,75739.5,113409.6,0.6678
4-main street_2022,4-main street,2022,129562.4,64781.2,113409.6,0.5712
4-main street_2024,4-main street,2024,173144.0,75674.0,113409.6,0.6673
4-mangin avenue_2019,4-mangin avenue,2019,35126.7,9909.8,9360.9,1.0586
4-mangin avenue_2025,4-mangin avenue,2025,300.0,150.0,9360.9,0.016
4-manilla street_2024,4-manilla street,2024,7066.0,3533.0,742.9,4.7557
4-manor road_2020,4-manor road,2020,35868.7,12225.8,11483.0,1.0647
4-manse street_2021,4-manse street,2021,12152.6,6076.3,9299.6,0.6534
4-manse street_2022,4-manse street,2022,266.0,133.0,9299.6,0.0143
4-manton street_2017,4-manton street,2017,172017.6,40698.6,5279.9,7.7082
4-manton street_2019,4-manton street,2019,2633.7,1316.9,5279.9,0.2494
4-marathon parkway_2016,4-marathon parkway,2016,261875.4,117850.8,37123.4,3.1746
4-marinette street_2018,4-marinette street,2018,16162.0,7082.2,3755.9,1.8856
4-marsden street_2023,4-marsden street,2023,7170.0,3585.0,9601.1,0.3734
4-martense avenue_2025,4-martense avenue,2025,14006.0,7003.0,5567.6,1.2578
4-maspeth avenue_2018,4-maspeth avenue,2018,18782.5,9391.2,17270.0,0.5438
4-maspeth avenue_2022,4-maspeth avenue,2022,46028.0,23014.0,17270.0,1.3326
4-maurice avenue_2017,4-maurice avenue,2017,158682.5,79341.3,39777.8,1.9946
4-maurice avenue_2018,4-maurice avenue,2018,305712.0,98713.4,39777.8,2.4816
4-maurice avenue_2022,4-maurice avenue,2022,20158.0,10079.0,39777.8,0.2534
4-mayda road_2021,4-mayda road,2021,36053.3,12846.6,5388.8,2.3839
4-mayfair road_2020,4-mayfair road,2020,2766.7,1383.3,1374.0,1.0068
4-mayfield road_2017,4-mayfield road,2017,14712.7,4679.3,4657.5,1.0047
4-mayville street_2024,4-mayville street,2024,13022.0,6511.0,7740.8,0.8411
4-mcintosh street_2022,4-mcintosh street,2022,8282.0,4141.0,4543.4,0.9114
4-meehan avenue_2017,4-meehan avenue,2017,4100.4,2050.2,7287.6,0.2813
4-melbourne avenue_2020,4-melbourne avenue,2020,130590.1,65295.1,13850.9,4.7141
4-melvina place_2022,4-melvina place,2022,2336.0,1168.0,1206.0,0.9685
4-memphis avenue_2021,4-memphis avenue,2021,32017.3,11357.5,12109.6,0.9379
4-memphis avenue_2024,4-memphis avenue,2024,6100.0,3050.0,12109.6,0.2519
4-menahan street_2016,4-menahan street,2016,97613.6,27024.7,13023.4,2.0751
4-merrick boulevard_2018,4-merrick boulevard,2018,111263.2,18708.8,145386.8,0.1287
4-merrick boulevard_2019,4-merrick boulevard,2019,569892.7,116763.4,145386.8,0.8031
4-merrick boulevard_2020,4-merrick boulevard,2020,373407.7,132335.8,145386.8,0.9102
4-merrill street_2023,4-merrill street,2023,11220.0,5610.0,6246.3,0.8981
4-metropolitan avenue_2016,4-metropolitan avenue,2016,690754.6,197530.7,126573.6,1.5606
4-metropolitan avenue_2018,4-metropolitan avenue,2018,68724.7,34362.4,126573.6,0.2715
4-metropolitan avenue_2019,4-metropolitan avenue,2019,565075.6,277337.8,126573.6,2.1911
4-metropolitan avenue_2022,4-metropolitan avenue,2022,28022.0,14011.0,126573.6,0.1107
4-metropolitan avenue_2025,4-metropolitan avenue,2025,180760.0,88556.0,126573.6,0.6996
4-mexico street_2024,4-mexico street,2024,14502.0,7251.0,7506.0,0.966
4-midland parkway_2024,4-midland parkway,2024,69764.0,34882.0,27123.1,1.2861
4-milburn street_2023,4-milburn street,2023,234.0,117.0,4929.4,0.0237
4-milburn street_2025,4-milburn street,2025,3300.0,1650.0,4929.4,0.3347
4-minton street_2024,4-minton street,2024,2476.0,1238.0,1303.9,0.9495
4-mobile road_2017,4-mobile road,2017,7064.4,3532.2,1086.2,3.2519
4-moline street_2020,4-moline street,2020,49353.3,24676.7,1842.0,13.3967
4-montauk street_2022,4-montauk street,2022,7166.0,3583.0,7294.6,0.4912
4-montauk street_2025,4-montauk street,2025,25062.0,12531.0,7294.6,1.7178
4-monterey street_2022,4-monterey street,2022,9556.0,4778.0,3387.4,1.4105
4-morenci lane_2022,4-morenci lane,2022,420.0,210.0,5896.7,0.0356
4-mott avenue_2021,4-mott avenue,2021,108437.3,44197.0,31617.1,1.3979
4-muhlebach court_2020,4-muhlebach court,2020,1553.3,776.7,517.5,1.5009
4-murdock avenue_2019,4-murdock avenue,2019,20222.8,8623.1,62500.0,0.138
4-murdock avenue_2023,4-murdock avenue,2023,20710.0,10355.0,62500.0,0.1657
4-murdock avenue_2024,4-murdock avenue,2024,17366.0,8683.0,62500.0,0.1389
4-murray street_2016,4-murray street,2016,14793.3,6756.9,41549.1,0.1626
4-murray street_2023,4-murray street,2023,560.0,280.0,41549.1,0.0067
4-myrtle avenue_2019,4-myrtle avenue,2019,260526.2,121728.6,76944.9,1.582
4-myrtle avenue_2020,4-myrtle avenue,2020,211328.6,89414.3,76944.9,1.1621
4-myrtle avenue_2022,4-myrtle avenue,2022,9540.0,4770.0,76944.9,0.062
4-myrtle avenue_2023,4-myrtle avenue,2023,72509.0,35357.0,76944.9,0.4595
4-nansen street_2020,4-nansen street,2020,50109.6,15892.0,8882.6,1.7891
4-nashville boulevard_2022,4-nashville boulevard,2022,52493.4,20526.7,29269.4,0.7013
4-nashville boulevard_2023,4-nashville boulevard,2023,25732.0,12866.0,29269.4,0.4396
4-nassau boulevard_2020,4-nassau boulevard,2020,38341.7,13165.0,5973.3,2.204
4-national street_2019,4-national street,2019,59829.5,29914.8,7242.4,4.1305
4-neilson street_2019,4-neilson street,2019,13115.0,5364.3,5450.4,0.9842
4-nellis street_2025,4-nellis street,2025,13726.0,6863.0,4876.2,1.4074
4-neponsit avenue_2018,4-neponsit avenue,2018,25377.7,12137.0,8528.7,1.4231
4-nepton street_2025,4-nepton street,2025,1834.0,917.0,819.8,1.1186
4-new haven avenue_2020,4-new haven avenue,2020,10230.7,5021.9,9453.9,0.5312
4-newburg street_2024,4-newburg street,2024,14084.0,7042.0,6609.4,1.0655
4-newhall avenue_2021,4-newhall avenue,2021,26076.7,6680.0,5269.0,1.2678
4-newtown avenue_2018,4-newtown avenue,2018,14086.7,7043.3,10992.6,0.6407
4-newtown avenue_2024,4-newtown avenue,2024,19474.0,9737.0,10992.6,0.8858
4-newtown road_2016,4-newtown road,2016,241303.9,81416.9,11640.8,6.9941
4-newtown road_2019,4-newtown road,2019,16293.4,7000.0,11640.8,0.6013
4-newtown road_2022,4-newtown road,2022,1184.0,592.0,11640.8,0.0509
4-nicolls avenue_2019,4-nicolls avenue,2019,30125.9,11074.0,4404.9,2.514
4-normal road_2018,4-normal road,2018,8785.4,3711.2,3473.2,1.0685
4-normal road_2025,4-normal road,2025,200.0,100.0,3473.2,0.0288
4-norman street_2018,4-norman street,2018,30421.1,11272.3,4874.6,2.3125
4-norman street_2024,4-norman street,2024,200.0,100.0,4874.6,0.0205
4-north conduit avenue_2016,4-north conduit avenue,2016,286975.3,143487.6,165009.5,0.8696
4-north conduit avenue_2018,4-north conduit avenue,2018,176373.3,83173.3,165009.5,0.5041
4-north conduit avenue_2019,4-north conduit avenue,2019,9064.6,4532.3,165009.5,0.0275
4-north conduit avenue_2024,4-north conduit avenue,2024,34300.0,17150.0,165009.5,0.1039
4-north conduit avenue_2025,4-north conduit avenue,2025,42572.0,21286.0,165009.5,0.129
4-north drive_2016,4-north drive,2016,19720.0,9860.0,4527.0,2.178
4-northern boulevard_2017,4-northern boulevard,2017,244674.5,75331.6,446227.8,0.1688
4-northern boulevard_2018,4-northern boulevard,2018,1334878.5,496782.4,446227.8,1.1133
4-northern boulevard_2020,4-northern boulevard,2020,306464.6,153232.3,446227.8,0.3434
4-northern boulevard_2021,4-northern boulevard,2021,173774.6,84844.6,446227.8,0.1901
4-northern boulevard_2022,4-northern boulevard,2022,192045.0,90402.0,446227.8,0.2026
4-nurge avenue_2016,4-nurge avenue,2016,8630.4,3949.1,4457.8,0.8859
4-nycta subway_2023,4-nycta subway,2023,3342.0,1671.0,,
4-nycta subway_2024,4-nycta subway,2024,27428.0,13714.0,,
4-o connell court_2016,4-o connell court,2016,7186.7,3593.4,257.9,13.9333
4-oak avenue_2017,4-oak avenue,2017,51815.2,19826.1,14459.7,1.3711
4-oak lane_2018,4-oak lane,2018,16405.9,8203.0,544.8,15.0569
4-ocean crest boulevard_2021,4-ocean crest boulevard,2021,9314.9,4657.5,11425.2,0.4077
4-oceania street_2017,4-oceania street,2017,68310.1,16254.1,31629.4,0.5139
4-oceania street_2024,4-oceania street,2024,29004.0,14502.0,31629.4,0.4585
4-olcott street_2022,4-olcott street,2022,346.0,173.0,6023.6,0.0287
4-onderdonk avenue_2020,4-onderdonk avenue,2020,36326.2,16427.2,25263.2,0.6502
4-otis avenue_2017,4-otis avenue,2017,1140.0,570.0,7475.3,0.0763
4-otis avenue_2023,4-otis avenue,2023,12262.0,6131.0,7475.3,0.8202
4-otto road_2021,4-otto road,2021,258277.8,22204.4,12311.6,1.8035
4-overbrook street_2022,4-overbrook street,2022,22280.0,11140.0,11432.3,0.9744
4-ovid place_2024,4-ovid place,2024,3340.0,1670.0,1694.2,0.9857
4-page place_2022,4-page place,2022,50130.0,25065.0,2222.7,11.2768
4-palmetto street_2017,4-palmetto street,2017,10334.8,3868.8,19844.4,0.195
4-palmetto street_2024,4-palmetto street,2024,35132.0,17566.0,19844.4,0.8852
4-park circle_2024,4-park circle,2024,186.0,93.0,1629.3,0.0571
4-park crescent_2018,4-park crescent,2018,1419.3,709.7,853.5,0.8315
4-park drive east_2024,4-park drive east,2024,100702.0,50351.0,21693.4,2.321
4-park lane_2016,4-park lane,2016,37800.0,12600.0,9902.2,1.2724
4-park lane_2019,4-park lane,2019,102334.6,35127.6,9902.2,3.5475
4-park lane south_2016,4-park lane south,2016,37630.4,8996.7,48528.2,0.1854
4-park lane south_2018,4-park lane south,2018,127971.1,55446.3,48528.2,1.1426
4-park lane south_2024,4-park lane south,2024,30866.0,15433.0,48528.2,0.318
4-parsons boulevard_2016,4-parsons boulevard,2016,58745.4,26217.8,135078.4,0.1941
4-parsons boulevard_2017,4-parsons boulevard,2017,1693540.9,337077.2,135078.4,2.4954
4-parsons boulevard_2018,4-parsons boulevard,2018,3260.0,1630.0,135078.4,0.0121
4-parsons boulevard_2022,4-parsons boulevard,2022,18844.0,7936.0,135078.4,0.0588
4-parsons boulevard_2023,4-parsons boulevard,2023,49672.0,24836.0,135078.4,0.1839
4-parsons boulevard_2024,4-parsons boulevard,2024,35194.0,17597.0,135078.4,0.1303
4-parsons boulevard_2025,4-parsons boulevard,2025,53497.0,15622.0,135078.4,0.1157
4-pearl street_2021,4-pearl street,2021,2427.7,1213.9,503.8,2.4095
4-pearson street_2018,4-pearson street,2018,21893.4,10946.7,2363.9,4.6308
4-peck avenue_2019,4-peck avenue,2019,11440.0,5720.0,33067.1,0.173
4-peck avenue_2022,4-peck avenue,2022,26024.7,13012.3,33067.1,0.3935
4-peck avenue_2023,4-peck avenue,2023,17541.0,7487.0,33067.1,0.2264
4-peck avenue_2024,4-peck avenue,2024,4266.0,2133.0,33067.1,0.0645
4-peck avenue_2025,4-peck avenue,2025,67890.0,33945.0,33067.1,1.0265
4-pembroke avenue_2024,4-pembroke avenue,2024,5506.0,2753.0,2222.2,1.2389
4-penelope avenue_2021,4-penelope avenue,2021,69682.3,32702.8,14798.7,2.2098
4-penelope avenue_2025,4-penelope avenue,2025,5056.0,2528.0,14798.7,0.1708
4-penrod street_2023,4-penrod street,2023,3600.0,1200.0,5061.2,0.2371
4-pershing crescent_2020,4-pershing crescent,2020,106489.4,37558.0,2158.2,17.4025
4-perth road_2021,4-perth road,2021,3145.8,1572.9,1564.7,1.0052
4-pidgeon meadow road_2017,4-pidgeon meadow road,2017,87224.6,17044.3,19630.2,0.8683
4-pinegrove street_2021,4-pinegrove street,2021,8102.7,4051.3,8101.0,0.5001
4-pineville lane_2025,4-pineville lane,2025,13500.0,6750.0,5851.7,1.1535
4-pitkin avenue_2020,4-pitkin avenue,2020,77588.3,27298.0,29163.7,0.936
4-plainview avenue_2025,4-plainview avenue,2025,17190.0,8595.0,12366.0,0.6951
4-plattwood avenue_2016,4-plattwood avenue,2016,17198.8,8214.3,4102.4,2.0023
4-pleasantview street_2020,4-pleasantview street,2020,18509.7,7700.8,6253.1,1.2315
4-plunkett avenue_2022,4-plunkett avenue,2022,3092.0,1546.0,1528.8,1.0113
4-point breeze place_2022,4-point breeze place,2022,11214.0,5607.0,,
4-point crescent_2016,4-point crescent,2016,36607.4,12743.7,2785.7,4.5747
4-pontiac street_2020,4-pontiac street,2020,29160.0,9720.0,3663.0,2.6536
4-poplar avenue_2017,4-poplar avenue,2017,14822.1,5205.1,5846.7,0.8903
4-powells cove boulevard_2021,4-powells cove boulevard,2021,75098.2,28430.1,39538.0,0.7191
4-powells cove boulevard_2023,4-powells cove boulevard,2023,35838.0,15041.0,39538.0,0.3804
4-poyer street_2018,4-poyer street,2018,4127.4,2063.7,3717.2,0.5552
4-president street_2021,4-president street,2021,2150.9,1075.4,864.0,1.2447
4-prince street_2016,4-prince street,2016,139161.6,69580.8,10948.8,6.3551
4-prince street_2018,4-prince street,2018,83659.9,27886.6,10948.8,2.547
4-princeton street_2018,4-princeton street,2018,11245.7,5177.3,5725.8,0.9042
4-putnam avenue_2018,4-putnam avenue,2018,19624.7,2803.5,15145.2,0.1851
4-putnam avenue_2024,4-putnam avenue,2024,23226.0,11613.0,15145.2,0.7668
4-queens boulevard_2016,4-queens boulevard,2016,493499.4,138142.0,287413.3,0.4806
4-queens boulevard_2017,4-queens boulevard,2017,33082479.3,979980.3,287413.3,3.4097
4-queens boulevard_2018,4-queens boulevard,2018,384824.6,135342.9,287413.3,0.4709
4-queens boulevard_2019,4-queens boulevard,2019,4719.0,2359.5,287413.3,0.0082
4-queens boulevard_2023,4-queens boulevard,2023,5600.0,2800.0,287413.3,0.0097
4-queens midtown expressway_2017,4-queens midtown expressway,2017,22906.7,6180.0,,
4-queens midtown expressway_2018,4-queens midtown expressway,2018,1473.3,736.7,,
4-queens midtown tunnel_2019,4-queens midtown tunnel,2019,30560.0,15280.0,,
4-quencer road_2024,4-quencer road,2024,12594.0,6297.0,6619.1,0.9513
4-radcliff avenue_2019,4-radcliff avenue,2019,8706.7,3173.3,2036.6,1.5581
4-radnor road_2020,4-radnor road,2020,13403.5,5435.1,8158.3,0.6662
4-radnor road_2024,4-radnor road,2024,34984.0,17492.0,8158.3,2.1441
4-ransom street_2020,4-ransom street,2020,31234.0,15617.0,3635.4,4.2958
4-reads lane_2017,4-reads lane,2017,96863.3,45503.6,11820.5,3.8495
4-redding street_2020,4-redding street,2020,16146.3,6775.2,3873.3,1.7492
4-remington street_2018,4-remington street,2018,40163.7,17374.8,11890.5,1.4612
4-rene court_2016,4-rene court,2016,7770.0,1554.0,1433.7,1.0839
4-review avenue_2016,4-review avenue,2016,601866.9,188454.8,12142.3,15.5205
4-review avenue_2025,4-review avenue,2025,144722.0,72361.0,12142.3,5.9594
4-ricard street_2016,4-ricard street,2016,1845.5,922.7,1023.6,0.9014
4-richland avenue_2019,4-richland avenue,2019,23935.3,10971.4,6675.0,1.6437
4-richmond road_2018,4-richmond road,2018,23793.3,4557.7,3631.5,1.255
4-rico place_2017,4-rico place,2017,1326.0,663.0,824.8,0.8038
4-ridge road_2018,4-ridge road,2018,57039.8,27286.4,3883.7,7.0259
4-ridge road_2019,4-ridge road,2019,3646.7,1823.3,3883.7,0.4695
4-ridgedale street_2025,4-ridgedale street,2025,6526.0,3263.0,3310.3,0.9857
4-ring place_2023,4-ring place,2023,5568.0,2784.0,2716.6,1.0248
4-riverton street_2018,4-riverton street,2018,9058.4,3606.5,3466.1,1.0405
4-robinson street_2024,4-robinson street,2024,206.0,103.0,11968.7,0.0086
4-rockaway beach boulevard_2016,4-rockaway beach boulevard,2016,72454.0,33400.0,165160.7,0.2022
4-rockaway beach boulevard_2017,4-rockaway beach boulevard,2017,78416.3,33497.3,165160.7,0.2028
4-rockaway beach boulevard_2018,4-rockaway beach boulevard,2018,174954.3,83925.6,165160.7,0.5081
4-rockaway beach boulevard_2020,4-rockaway beach boulevard,2020,121968.0,40656.0,165160.7,0.2462
4-rockaway beach boulevard_2024,4-rockaway beach boulevard,2024,20976.0,10488.0,165160.7,0.0635
4-rockaway boulevard_2017,4-rockaway boulevard,2017,241957.7,57402.1,230035.0,0.2495
4-rockaway boulevard_2022,4-rockaway boulevard,2022,54106.0,27053.0,230035.0,0.1176
4-rockaway boulevard_2023,4-rockaway boulevard,2023,54486.0,26284.0,230035.0,0.1143
4-rockaway boulevard_2024,4-rockaway boulevard,2024,65532.0,32766.0,230035.0,0.1424
4-rockaway freeway_2016,4-rockaway freeway,2016,1064610.6,121896.8,,
4-rockaway freeway_2018,4-rockaway freeway,2018,285660.0,95220.0,,
4-rockaway freeway_2024,4-rockaway freeway,2024,215364.0,107682.0,,
4-rockaway point boulevard_2022,4-rockaway point boulevard,2022,195420.0,79654.0,19866.1,4.0095
4-rocky hill road_2020,4-rocky hill road,2020,28303.5,12484.9,4569.3,2.7323
4-roosevelt avenue_2016,4-roosevelt avenue,2016,312650.8,104216.9,154390.1,0.675
4-roosevelt avenue_2017,4-roosevelt avenue,2017,191438.4,85241.4,154390.1,0.5521
4-roosevelt avenue_2018,4-roosevelt avenue,2018,43568.4,21784.2,154390.1,0.1411
4-roosevelt avenue_2019,4-roosevelt avenue,2019,89558.8,30643.9,154390.1,0.1985
4-roosevelt court_2017,4-roosevelt court,2017,4268.6,1422.9,1925.9,0.7388
4-rose avenue_2024,4-rose avenue,2024,22780.0,11390.0,6580.9,1.7308
4-rushmore terrace_2022,4-rushmore terrace,2022,9498.0,4749.0,2215.3,2.1437
4-rust street_2019,4-rust street,2019,15013.7,7506.8,14678.2,0.5114
4-rust street_2022,4-rust street,2022,28680.0,14340.0,14678.2,0.977
4-rye place_2025,4-rye place,2025,3166.0,1583.0,1407.7,1.1245
4-sabre street_2020,4-sabre street,2020,17165.6,5721.9,2594.6,2.2053
4-sanders place_2018,4-sanders place,2018,2263.6,1131.8,1588.7,0.7124
4-sanford avenue_2017,4-sanford avenue,2017,105095.1,37603.0,41634.2,0.9032
4-sanford avenue_2018,4-sanford avenue,2018,95473.8,41352.8,41634.2,0.9932
4-sanford avenue_2019,4-sanford avenue,2019,49184.4,20278.7,41634.2,0.4871
4-saultell avenue_2023,4-saultell avenue,2023,40938.0,18907.0,6307.3,2.9976
4-saunders street_2025,4-saunders street,2025,37034.0,18517.0,13344.9,1.3876
4-sayres avenue_2024,4-sayres avenue,2024,30932.0,15466.0,20674.0,0.7481
4-schaefer street_2024,4-schaefer street,2024,220.0,110.0,1097.6,0.1002
4-seagirt avenue_2020,4-seagirt avenue,2020,84641.7,32427.5,13689.3,2.3688
4-seagirt boulevard_2018,4-seagirt boulevard,2018,91703.3,45851.7,72940.4,0.6286
4-seagirt boulevard_2022,4-seagirt boulevard,2022,153434.7,76717.4,72940.4,1.0518
4-selfridge street_2022,4-selfridge street,2022,14316.0,7158.0,8007.9,0.8939
4-seneca avenue_2016,4-seneca avenue,2016,15066.7,7533.4,29312.1,0.257
4-seneca avenue_2018,4-seneca avenue,2018,7050.0,3525.0,29312.1,0.1203
4-seneca avenue_2023,4-seneca avenue,2023,28131.0,12261.0,29312.1,0.4183
4-seneca avenue_2024,4-seneca avenue,2024,214.0,107.0,29312.1,0.0037
4-seneca avenue_2025,4-seneca avenue,2025,14956.0,7478.0,29312.1,0.2551
4-seward avenue_2024,4-seward avenue,2024,13610.0,6805.0,7714.9,0.8821
4-shaler avenue_2017,4-shaler avenue,2017,5592.9,2796.4,3834.8,0.7292
4-shea road_2016,4-shea road,2016,739943.6,103306.7,16157.6,6.3937
4-shiloh avenue_2018,4-shiloh avenue,2018,13691.2,5397.8,5173.7,1.0433
4-shore avenue_2021,4-shore avenue,2021,24249.9,9442.6,9210.4,1.0252
4-shore boulevard_2023,4-shore boulevard,2023,10596.0,5298.0,20416.2,0.2595
4-shore front parkway_2017,4-shore front parkway,2017,1196494.6,202719.5,46198.2,4.388
4-shorefront parkway_2017,4-shorefront parkway,2017,27775.3,3086.1,,
4-silver road_2016,4-silver road,2016,27978.6,13989.3,3678.7,3.8028
4-silver road_2017,4-silver road,2017,3901.9,1951.0,3678.7,0.5304
4-simonson street_2016,4-simonson street,2016,45791.3,15263.8,2234.8,6.8301
4-sitka street_2016,4-sitka street,2016,4647.6,2323.8,2343.7,0.9915
4-skillman avenue_2018,4-skillman avenue,2018,47774.7,18058.1,48678.8,0.371
4-skillman avenue_2021,4-skillman avenue,2021,36403.8,18201.9,48678.8,0.3739
4-smedley street_2018,4-smedley street,2018,24146.5,11464.0,5702.5,2.0103
4-smith place_2017,4-smith place,2017,3552.0,1184.0,1230.9,0.9619
4-smith street_2023,4-smith street,2023,5550.0,2775.0,5067.8,0.5476
4-somerset street_2019,4-somerset street,2019,5578.3,2789.2,4740.1,0.5884
4-somerset street_2021,4-somerset street,2021,4556.4,2278.2,4740.1,0.4806
4-south conduit avenue_2016,4-south conduit avenue,2016,397408.3,198704.2,143359.4,1.3861
4-south conduit avenue_2017,4-south conduit avenue,2017,252732.9,98172.1,143359.4,0.6848
4-south conduit avenue_2018,4-south conduit avenue,2018,547678.8,122540.5,143359.4,0.8548
4-south conduit avenue_2021,4-south conduit avenue,2021,232582.4,116291.2,143359.4,0.8112
4-south railroad avenue_2024,4-south railroad avenue,2024,4246.0,2123.0,2622.7,0.8095
4-south road_2019,4-south road,2019,14580.7,7290.4,447.1,16.306
4-southgate plaza_2018,4-southgate plaza,2018,15969.6,6893.2,2994.0,2.3023
4-southgate street_2018,4-southgate street,2018,25082.9,8361.0,3325.7,2.5141
4-springfield boulevard_2016,4-springfield boulevard,2016,638056.4,78685.0,242743.4,0.3241
4-springfield boulevard_2017,4-springfield boulevard,2017,135831.6,45277.2,242743.4,0.1865
4-springfield boulevard_2020,4-springfield boulevard,2020,87015.7,42461.3,242743.4,0.1749
4-springfield boulevard_2023,4-springfield boulevard,2023,251325.0,120603.0,242743.4,0.4968
4-spritz road_2021,4-spritz road,2021,18066.6,8404.4,2950.7,2.8483
4-starr avenue_2016,4-starr avenue,2016,36350.6,12116.8,5502.0,2.2023
4-station road_2016,4-station road,2016,25729.8,11939.3,15328.9,0.7789
4-station road_2020,4-station road,2020,26407.7,10753.7,15328.9,0.7015
4-steinway street_2018,4-steinway street,2018,74350.5,26308.4,61287.2,0.4293
4-steinway street_2019,4-steinway street,2019,68833.7,34416.8,61287.2,0.5616
4-stephen street_2018,4-stephen street,2018,2569.8,1284.9,6896.1,0.1863
4-stephen street_2024,4-stephen street,2024,234.0,117.0,6896.1,0.017
4-stewart road_2023,4-stewart road,2023,28423.0,7503.0,8118.0,0.9242
4-street felix avenue_2024,4-street felix avenue,2024,17078.0,8539.0,6936.6,1.231
4-street james avenue_2020,4-street james avenue,2020,2616.8,1308.4,6739.8,0.1941
4-strong avenue_2019,4-strong avenue,2019,5580.6,2790.3,1619.8,1.7226
4-stronghurst avenue_2022,4-stronghurst avenue,2022,49628.4,24814.2,9875.1,2.5128
4-summerfield street_2018,4-summerfield street,2018,30934.3,9087.9,8851.1,1.0268
4-summerfield street_2024,4-summerfield street,2024,220.0,110.0,8851.1,0.0124
4-sunnyside street_2021,4-sunnyside street,2021,47573.3,11893.3,831.9,14.2966
4-surrey place_2016,4-surrey place,2016,117417.6,39475.8,11787.6,3.3489
4-sutphin boulevard_2016,4-sutphin boulevard,2016,944530.5,248914.9,71227.8,3.4946
4-sutphin boulevard_2017,4-sutphin boulevard,2017,221272.6,75018.3,71227.8,1.0532
4-sutter avenue_2018,4-sutter avenue,2018,15466.4,6779.3,71670.0,0.0946
4-sutter avenue_2020,4-sutter avenue,2020,53637.6,22989.2,71670.0,0.3208
4-sutter avenue_2023,4-sutter avenue,2023,11502.0,3834.0,71670.0,0.0535
4-sybilla street_2022,4-sybilla street,2022,21634.0,10817.0,4116.2,2.6279
4-talbot street_2017,4-talbot street,2017,46293.2,10912.0,2705.0,4.034
4-thebes avenue_2019,4-thebes avenue,2019,100517.9,40065.4,5480.7,7.3103
4-thomson avenue_2016,4-thomson avenue,2016,76270.8,20276.2,14282.1,1.4197
4-thornhill avenue_2022,4-thornhill avenue,2022,11428.0,5714.0,15814.2,0.3613
4-thornton place_2019,4-thornton place,2019,51207.1,22186.1,4828.3,4.595
4-thursby avenue_2019,4-thursby avenue,2019,10123.7,5061.8,10760.4,0.4704
4-tioga drive_2024,4-tioga drive,2024,8606.0,4303.0,4538.7,0.9481
4-tonsor street_2016,4-tonsor street,2016,21560.0,10780.0,2189.7,4.923
4-totten avenue_2017,4-totten avenue,2017,900.0,450.0,6749.5,0.0667
4-totten street_2020,4-totten street,2020,22042.6,8204.3,5438.7,1.5085
4-trimble road_2017,4-trimble road,2017,2247.1,1123.6,987.8,1.1375
4-troon road_2021,4-troon road,2021,3254.3,1627.1,1705.3,0.9541
4-tryon place_2024,4-tryon place,2024,9914.0,4957.0,5253.8,0.9435
4-tudor road_2024,4-tudor road,2024,27992.0,13996.0,6971.3,2.0077
4-turin drive_2019,4-turin drive,2019,6299.9,2500.9,2461.4,1.016
4-tuskegee airmen way_2017,4-tuskegee airmen way,2017,61895.3,26040.4,22163.9,1.1749
4-tuskegee airmen way_2018,4-tuskegee airmen way,2018,16229.0,6842.5,22163.9,0.3087
4-tuskegee airmen way_2019,4-tuskegee airmen way,2019,31290.2,15645.1,22163.9,0.7059
4-tyler avenue_2019,4-tyler avenue,2019,165246.3,64283.0,6074.2,10.583
4-union hall street_2024,4-union hall street,2024,9034.0,4517.0,12319.2,0.3667
4-union street_2017,4-union street,2017,94915.1,47457.6,45529.4,1.0424
4-union street_2020,4-union street,2020,146075.3,48885.7,45529.4,1.0737
4-union street_2023,4-union street,2023,31754.0,12444.0,45529.4,0.2733
4-union street_2024,4-union street,2024,26816.0,13408.0,45529.4,0.2945
4-union turnpike_2016,4-union turnpike,2016,570657.3,100631.8,,
4-union turnpike_2017,4-union turnpike,2017,2294579.4,498379.8,,
4-union turnpike_2018,4-union turnpike,2018,4503750.3,648033.8,,
4-union turnpike_2021,4-union turnpike,2021,2685395.3,487908.6,,
4-union turnpike_2023,4-union turnpike,2023,140141.0,42584.0,,
4-ursula place_2022,4-ursula place,2022,2000.0,1000.0,941.0,1.0627
4-utopia parkway_2016,4-utopia parkway,2016,338012.4,121908.1,137590.6,0.886
4-utopia parkway_2017,4-utopia parkway,2017,2393825.0,416174.8,137590.6,3.0247
4-utopia parkway_2018,4-utopia parkway,2018,1426.7,713.3,137590.6,0.0052
4-utopia parkway_2024,4-utopia parkway,2024,90974.0,47125.0,137590.6,0.3425
4-van dam street_2025,4-van dam street,2025,2434.0,1217.0,30758.3,0.0396
4-van kleeck street_2016,4-van kleeck street,2016,8442.0,2814.0,2671.2,1.0535
4-van loon street_2016,4-van loon street,2016,12604.7,4201.6,2836.0,1.4815
4-van siclen street_2024,4-van siclen street,2024,1052.0,526.0,2118.6,0.2483
4-van wyck expressway_2017,4-van wyck expressway,2017,96411.9,45070.6,,
4-van wyck expressway_2018,4-van wyck expressway,2018,84146.7,37590.0,,
4-van wyck expressway exit 11 nb_2024,4-van wyck expressway exit 11 nb,2024,512.0,256.0,,
4-van zandt avenue_2017,4-van zandt avenue,2017,11762.5,4873.3,12067.8,0.4038
4-van zandt avenue_2022,4-van zandt avenue,2022,15414.0,7707.0,12067.8,0.6386
4-vermont place_2018,4-vermont place,2018,230299.5,107799.8,13808.1,7.807
4-vernon boulevard_2018,4-vernon boulevard,2018,168277.4,63214.5,64807.2,0.9754
4-vernon boulevard_2019,4-vernon boulevard,2019,16534.4,8267.2,64807.2,0.1276
4-vernon boulevard_2020,4-vernon boulevard,2020,448245.5,112061.4,64807.2,1.7292
4-vernon boulevard_2023,4-vernon boulevard,2023,92570.0,46285.0,64807.2,0.7142
4-victoria drive_2023,4-victoria drive,2023,2866.0,1433.0,1477.8,0.9697
4-victoria road_2023,4-victoria road,2023,2668.0,1334.0,926.4,1.44
4-vietor avenue_2021,4-vietor avenue,2021,5112.0,2556.0,2226.7,1.1479
4-vleigh place_2025,4-vleigh place,2025,36096.0,18048.0,14280.8,1.2638
4-waldron street_2020,4-waldron street,2020,13083.6,6541.8,5213.3,1.2548
4-walnut street_2022,4-walnut street,2022,2266.0,1133.0,1139.6,0.9942
4-waltham street_2018,4-waltham street,2018,27887.1,9590.1,9538.3,1.0054
4-waltham street_2021,4-waltham street,2021,5707.8,2853.9,9538.3,0.2992
4-wareham place_2017,4-wareham place,2017,7064.2,3532.1,3367.0,1.049
4-warren street_2017,4-warren street,2017,10746.2,4636.0,6742.4,0.6876
4-warren street_2019,4-warren street,2019,10553.9,5276.9,6742.4,0.7826
4-warwick avenue_2018,4-warwick avenue,2018,30204.5,7133.9,3818.4,1.8683
4-warwick crescent_2022,4-warwick crescent,2022,6712.0,3356.0,1091.6,3.0744
4-waterview street_2025,4-waterview street,2025,8148.0,4074.0,4224.8,0.9643
4-weeks lane_2020,4-weeks lane,2020,9022.0,2255.5,6131.7,0.3678
4-weirfield street_2018,4-weirfield street,2018,6597.2,2403.6,5474.8,0.439
4-weller avenue_2017,4-weller avenue,2017,5953.3,2976.7,7432.8,0.4005
4-welling court_2018,4-welling court,2018,24580.0,12290.0,719.1,17.0908
4-west 10 road_2024,4-west 10 road,2024,4772.0,2386.0,2165.4,1.1019
4-west 11 road_2024,4-west 11 road,2024,9520.0,1190.0,2021.8,0.5886
4-west 12 road_2024,4-west 12 road,2024,3940.0,1970.0,2075.2,0.9493
4-west 13 road_2024,4-west 13 road,2024,3024.0,1512.0,1955.8,0.7731
4-west 14 road_2024,4-west 14 road,2024,6832.0,1708.0,2035.7,0.839
4-west 15 road_2024,4-west 15 road,2024,1380.0,690.0,1962.5,0.3516
4-west 16 road_2024,4-west 16 road,2024,6832.0,1708.0,2296.0,0.7439
4-west 18 road_2024,4-west 18 road,2024,6840.0,1710.0,2814.1,0.6077
4-west 19 road_2024,4-west 19 road,2024,4508.0,2254.0,2164.8,1.0412
4-west 20 road_2024,4-west 20 road,2024,5864.0,2932.0,1516.5,1.9334
4-west 5 road_2024,4-west 5 road,2024,906.0,453.0,232.8,1.9459
4-west 8 road_2024,4-west 8 road,2024,4452.0,2226.0,730.4,3.0476
4-west 9 road_2024,4-west 9 road,2024,4388.0,2194.0,1027.3,2.1357
4-west alley road_2019,4-west alley road,2019,3440.0,1146.7,4762.6,0.2408
4-west alley road_2024,4-west alley road,2024,24980.0,12490.0,4762.6,2.6225
4-west drive_2016,4-west drive,2016,62722.4,29942.7,11025.7,2.7157
4-westbourne avenue_2021,4-westbourne avenue,2021,11507.6,1917.9,4926.2,0.3893
4-westmoreland place_2019,4-westmoreland place,2019,6239.7,3119.9,1165.9,2.676
4-wetherole street_2020,4-wetherole street,2020,24829.9,11327.2,13539.4,0.8366
4-wetherole street_2024,4-wetherole street,2024,26354.0,13177.0,13539.4,0.9732
4-whitehall terrace_2017,4-whitehall terrace,2017,15163.1,5054.4,11094.3,0.4556
4-whitehall terrace_2025,4-whitehall terrace,2025,10734.0,5367.0,11094.3,0.4838
4-whitelaw street_2021,4-whitelaw street,2021,7070.2,3146.7,3348.6,0.9397
4-whitestone expressway_2016,4-whitestone expressway,2016,42546.7,16943.4,,
4-whitestone expressway et 17 sb_2016,4-whitestone expressway et 17 sb,2016,1973.3,986.7,,
4-whitestone expressway exit_2016,4-whitestone expressway exit,2016,986.7,493.3,,
4-wicklow place_2019,4-wicklow place,2019,20666.7,4133.3,2159.2,1.9143
4-willets point boulevard_2023,4-willets point boulevard,2023,103237.0,43374.0,56857.2,0.7629
4-willets point boulevard_2024,4-willets point boulevard,2024,2432.0,1216.0,56857.2,0.0214
4-william court_2025,4-william court,2025,198.0,99.0,1034.0,0.0957
4-williamson avenue_2025,4-williamson avenue,2025,26610.0,13305.0,9909.6,1.3426
4-winchester boulevard_2017,4-winchester boulevard,2017,152099.9,50700.0,39011.9,1.2996
4-winchester boulevard_2024,4-winchester boulevard,2024,45876.0,22938.0,39011.9,0.588
4-wood street_2025,4-wood street,2025,5266.0,2633.0,5223.2,0.5041
4-woodbine street_2016,4-woodbine street,2016,22174.0,10365.0,19421.9,0.5337
4-woodhaven boulevard_2016,4-woodhaven boulevard,2016,22572402.1,2866954.9,181486.0,15.7971
4-woodhaven boulevard_2020,4-woodhaven boulevard,2020,3213224.3,434100.1,181486.0,2.3919
4-woodhaven court_2017,4-woodhaven court,2017,3760.0,940.0,723.2,1.2998
4-woodside avenue_2017,4-woodside avenue,2017,5358.0,2679.0,41250.1,0.0649
4-woodside avenue_2018,4-woodside avenue,2018,18735.7,8886.0,41250.1,0.2154
4-woodside avenue_2021,4-woodside avenue,2021,119698.5,58842.6,41250.1,1.4265
4-woodside avenue_2023,4-woodside avenue,2023,18142.0,9071.0,41250.1,0.2199
4-woodside avenue_2025,4-woodside avenue,2025,25714.0,12857.0,41250.1,0.3117
4-woodward avenue_2019,4-woodward avenue,2019,15648.1,7420.9,20569.4,0.3608
4-woodward avenue_2020,4-woodward avenue,2020,21889.0,9738.3,20569.4,0.4734
4-wyckoff avenue_2024,4-wyckoff avenue,2024,12976.0,6488.0,4567.2,1.4206
4-yellowstone boulevard_2024,4-yellowstone boulevard,2024,95140.0,47570.0,59182.7,0.8038
4-zion street_2019,4-zion street,2019,38773.3,9693.3,1522.6,6.3663
5-1 street_2022,5-1 street,2022,5102.0,2551.0,2991.7,0.8527
5-2 street_2022,5-2 street,2022,6572.0,3286.0,3680.1,0.8929
5-7 street_2022,5-7 street,2022,5596.5,2798.2,11351.3,0.2465
5-8 street_2022,5-8 street,2022,24982.0,12491.0,14291.4,0.874
5-9 street_2022,5-9 street,2022,8808.0,4404.0,4909.1,0.8971
5-abby place_2022,5-abby place,2022,2256.0,1128.0,1252.2,0.9008
5-abingdon avenue_2018,5-abingdon avenue,2018,57436.2,28718.1,21674.1,1.325
5-abingdon avenue_2022,5-abingdon avenue,2022,396.0,198.0,21674.1,0.0091
5-abingdon avenue_2023,5-abingdon avenue,2023,22818.0,11409.0,21674.1,0.5264
5-acacia avenue_2021,5-acacia avenue,2021,6709.3,2236.4,6099.8,0.3666
5-ackerman street_2025,5-ackerman street,2025,220.0,110.0,423.5,0.2597
5-acorn court_2024,5-acorn court,2024,330.0,165.0,701.8,0.2351
5-ada drive_2023,5-ada drive,2023,41840.0,20920.0,16027.2,1.3053
5-ada place_2019,5-ada place,2019,30400.1,15200.0,1039.3,14.6252
5-ada place_2025,5-ada place,2025,106.0,53.0,1039.3,0.051
5-adams avenue_2023,5-adams avenue,2023,7040.0,3520.0,17696.7,0.1989
5-adele court_2025,5-adele court,2025,430.0,215.0,658.7,0.3264
5-adele street_2023,5-adele street,2023,1584.0,792.0,884.5,0.8954
5-adlai circle_2024,5-adlai circle,2024,1082.0,541.0,2729.8,0.1982
5-adlers lane_2023,5-adlers lane,2023,200.0,100.0,2159.0,0.0463
5-adrianne lane_2023,5-adrianne lane,2023,246.0,123.0,2070.4,0.0594
5-akron street_2024,5-akron street,2024,11124.0,5562.0,4145.3,1.3418
5-alabama place_2022,5-alabama place,2022,162.0,81.0,679.4,0.1192
5-alaska street_2023,5-alaska street,2023,50068.0,16964.0,4423.1,3.8353
5-albee avenue_2020,5-albee avenue,2020,27835.7,13917.8,12961.7,1.0738
5-albert court_2023,5-albert court,2023,4062.5,1809.1,1619.1,1.1173
5-albert street_2016,5-albert street,2016,8514.5,2128.6,2395.4,0.8886
5-alberta avenue_2020,5-alberta avenue,2020,24313.3,10160.0,4512.2,2.2517
5-alberta avenue_2023,5-alberta avenue,2023,264.0,132.0,4512.2,0.0293
5-albion place_2021,5-albion place,2021,12796.5,5696.8,4031.0,1.4132
5-albion place_2022,5-albion place,2022,174.0,87.0,4031.0,0.0216
5-albourne avenue_2021,5-albourne avenue,2021,113071.5,26696.7,14356.6,1.8595
5-albourne avenue east_2021,5-albourne avenue east,2021,56644.0,2023.0,2024.6,0.9992
5-albright street_2024,5-albright street,2024,5720.0,2860.0,1224.1,2.3364
5-alcott street_2025,5-alcott street,2025,2134.0,1067.0,1252.2,0.8521
5-alden place_2022,5-alden place,2022,2214.0,1107.0,1126.4,0.9828
5-alderwood place_2016,5-alderwood place,2016,3101.7,1033.9,1216.4,0.85
5-alexander avenue_2019,5-alexander avenue,2019,43751.7,21875.9,4128.8,5.2984
5-alexandra place_2016,5-alexandra place,2016,4786.7,2393.3,699.4,3.4219
5-alexandra place_2023,5-alexandra place,2023,140.0,70.0,699.4,0.1001
5-algonkin street_2023,5-algonkin street,2023,3306.0,1653.0,1818.9,0.9088
5-allen court_2022,5-allen court,2022,214.0,107.0,2752.1,0.0389
5-allen court_2024,5-allen court,2024,534.0,267.0,2752.1,0.097
5-allen place_2024,5-allen place,2024,544.0,272.0,2704.2,0.1006
5-allendale road_2022,5-allendale road,2022,8810.2,4405.1,3398.4,1.2962
5-allison avenue_2020,5-allison avenue,2020,25982.7,12991.3,7393.2,1.7572
5-allison avenue_2024,5-allison avenue,2024,606.0,303.0,7393.2,0.041
5-allison place_2020,5-allison place,2020,2386.7,1193.3,1273.2,0.9372
5-almond street_2024,5-almond street,2024,8650.0,4325.0,3846.2,1.1245
5-alpine avenue_2025,5-alpine avenue,2025,5054.0,2527.0,2699.5,0.9361
5-alter avenue_2022,5-alter avenue,2022,702.7,351.3,13577.5,0.0259
5-alter avenue_2024,5-alter avenue,2024,2598.0,1299.0,13577.5,0.0957
5-altoona avenue_2019,5-altoona avenue,2019,2580.5,1290.2,1279.5,1.0084
5-alverson avenue_2020,5-alverson avenue,2020,21433.3,10716.6,18259.2,0.5869
5-alverson loop_2025,5-alverson loop,2025,5860.0,2930.0,3012.0,0.9728
5-alvine avenue_2023,5-alvine avenue,2023,4000.0,2000.0,1816.0,1.1013
5-alvine avenue_2025,5-alvine avenue,2025,746.0,373.0,1816.0,0.2054
5-alysia court_2025,5-alysia court,2025,4700.0,2350.0,2072.3,1.134
5-amador street_2024,5-amador street,2024,522.0,261.0,7316.5,0.0357
5-amaron lane_2023,5-amaron lane,2023,206.0,103.0,1096.2,0.094
5-amazon court_2022,5-amazon court,2022,212.0,106.0,545.9,0.1942
5-ambassador lane_2025,5-ambassador lane,2025,1032.0,516.0,3187.4,0.1619
5-amber street_2019,5-amber street,2019,34556.7,11518.9,11013.3,1.0459
5-amber street_2022,5-amber street,2022,257.8,128.9,11013.3,0.0117
5-amber street_2023,5-amber street,2023,684.0,342.0,11013.3,0.0311
5-amber street_2025,5-amber street,2025,340.0,170.0,11013.3,0.0154
5-amboy road_2016,5-amboy road,2016,2346951.5,751851.8,173767.1,4.3268
5-amboy road_2019,5-amboy road,2019,1209703.4,157159.6,173767.1,0.9044
5-amboy road_2020,5-amboy road,2020,13348.0,6674.0,173767.1,0.0384
5-amboy road_2021,5-amboy road,2021,235018.9,117509.4,173767.1,0.6762
5-amboy road_2022,5-amboy road,2022,77011.9,38506.0,173767.1,0.2216
5-amboy road_2023,5-amboy road,2023,76930.0,30432.0,173767.1,0.1751
5-amboy road_2025,5-amboy road,2025,13168.0,6584.0,173767.1,0.0379
5-amelia court_2023,5-amelia court,2023,4148.0,2074.0,1943.7,1.067
5-amelia court_2025,5-amelia court,2025,250.0,125.0,1943.7,0.0643
5-amity place_2024,5-amity place,2024,31112.0,15556.0,4905.1,3.1714
5-amity street_2019,5-amity street,2019,6173.5,3086.7,836.3,3.6909
5-amsterdam avenue_2017,5-amsterdam avenue,2017,92409.2,46204.6,5114.5,9.034
5-amsterdam place_2023,5-amsterdam place,2023,8676.0,4338.0,2865.5,1.5139
5-amy court_2016,5-amy court,2016,14927.7,4975.9,1107.0,4.4949
5-amy lane_2022,5-amy lane,2022,548.0,274.0,473.2,0.579
5-anderson street_2019,5-anderson street,2019,22255.7,11127.8,9713.5,1.1456
5-anderson street_2025,5-anderson street,2025,234.0,117.0,9713.5,0.012
5-andrea place_2023,5-andrea place,2023,7888.0,3944.0,2233.5,1.7658
5-andrews avenue_2019,5-andrews avenue,2019,16232.6,5410.9,3907.9,1.3846
5-andrews avenue_2022,5-andrews avenue,2022,430.0,215.0,3907.9,0.055
5-andrews street_2023,5-andrews street,2023,7700.0,3850.0,4176.4,0.9218
5-andros avenue_2019,5-andros avenue,2019,8174.0,4087.0,7091.3,0.5763
5-andros avenue_2022,5-andros avenue,2022,4989.6,2494.8,7091.3,0.3518
5-andros avenue_2024,5-andros avenue,2024,462.0,231.0,7091.3,0.0326
5-androvette avenue_2023,5-androvette avenue,2023,32564.0,16282.0,5593.5,2.9109
5-androvette street_2024,5-androvette street,2024,304.0,152.0,5340.3,0.0285
5-ann street_2022,5-ann street,2022,5996.0,2998.0,3446.2,0.8699
5-annadale road_2018,5-annadale road,2018,274491.2,45898.8,45429.4,1.0103
5-annadale road_2023,5-annadale road,2023,53046.0,25725.0,45429.4,0.5663
5-arbutus avenue_2016,5-arbutus avenue,2016,178280.8,22285.1,11499.3,1.938
5-arbutus avenue_2024,5-arbutus avenue,2024,39868.0,19934.0,11499.3,1.7335
5-arc place_2022,5-arc place,2022,4968.0,2484.0,1859.2,1.3361
5-arcadia place_2024,5-arcadia place,2024,4170.0,2085.0,1349.0,1.5456
5-archwood avenue_2023,5-archwood avenue,2023,10280.0,5140.0,3001.2,1.7126
5-arden avenue_2016,5-arden avenue,2016,1505067.6,150506.8,83824.1,1.7955
5-arden avenue_2018,5-arden avenue,2018,1574112.8,78705.6,83824.1,0.9389
5-arden avenue_2019,5-arden avenue,2019,5071.7,2535.9,83824.1,0.0303
5-arden avenue_2024,5-arden avenue,2024,20274.0,10137.0,83824.1,0.1209
5-ardmore avenue_2018,5-ardmore avenue,2018,48455.3,6021.3,10106.6,0.5958
5-ardsley street_2019,5-ardsley street,2019,59446.3,22544.4,9769.3,2.3077
5-ardsley street_2022,5-ardsley street,2022,620.0,310.0,9769.3,0.0317
5-area place_2021,5-area place,2021,9884.7,4116.0,3526.0,1.1673
5-area place_2022,5-area place,2022,400.0,200.0,3526.0,0.0567
5-argonne street_2019,5-argonne street,2019,1646.7,823.3,326.2,2.5239
5-arkansas avenue_2018,5-arkansas avenue,2018,15545.0,7772.5,1853.9,4.1925
5-arlene court_2025,5-arlene court,2025,304.0,152.0,2542.3,0.0598
5-arlington place_2024,5-arlington place,2024,296.0,148.0,6866.1,0.0216
5-arlo road_2025,5-arlo road,2025,83912.0,41956.0,2006.6,20.909
5-armour place_2023,5-armour place,2023,3812.0,1906.0,1564.8,1.218
5-arnold street_2018,5-arnold street,2018,125700.8,8978.6,4785.8,1.8761
5-arnprior street_2021,5-arnprior street,2021,2742.7,1371.3,1349.5,1.0162
5-arthur avenue_2019,5-arthur avenue,2019,14069.3,7034.6,6625.9,1.0617
5-arthur avenue_2022,5-arthur avenue,2022,264.4,132.2,6625.9,0.02
5-arthur kill road_2016,5-arthur kill road,2016,4142870.3,405188.3,141291.7,2.8677
5-arthur kill road_2021,5-arthur kill road,2021,403290.9,173328.8,141291.7,1.2267
5-arthur kill road_2022,5-arthur kill road,2022,55364.4,27682.2,141291.7,0.1959
5-arthur kill road_2023,5-arthur kill road,2023,150970.0,75485.0,141291.7,0.5342
5-arthur kill road_2024,5-arthur kill road,2024,145416.0,72708.0,141291.7,0.5146
5-arthur kill road_2025,5-arthur kill road,2025,65236.0,32618.0,141291.7,0.2309
5-ashland avenue_2021,5-ashland avenue,2021,36905.6,15521.5,9686.1,1.6025
5-ashland avenue east_2021,5-ashland avenue east,2021,4579.1,2289.6,2613.2,0.8762
5-ashton drive_2022,5-ashton drive,2022,4798.0,2399.0,2331.1,1.0291
5-ashwood court_2025,5-ashwood court,2025,3038.0,1519.0,991.7,1.5317
5-ashworth avenue_2020,5-ashworth avenue,2020,236094.7,80140.7,9264.1,8.6507
5-aspinwall street_2022,5-aspinwall street,2022,13486.7,6743.3,9675.5,0.6969
5-aspinwall street_2023,5-aspinwall street,2023,304.0,152.0,9675.5,0.0157
5-athena place_2021,5-athena place,2021,2756.1,1378.1,1426.9,0.9658
5-atlantic avenue_2022,5-atlantic avenue,2022,13751.6,6875.8,14490.9,0.4745
5-atlantic avenue_2024,5-atlantic avenue,2024,1698.0,849.0,14490.9,0.0586
5-auburn avenue_2023,5-auburn avenue,2023,30220.0,15110.0,9076.2,1.6648
5-augusta avenue_2024,5-augusta avenue,2024,448.0,224.0,7307.6,0.0307
5-aultman avenue_2019,5-aultman avenue,2019,21540.0,3590.0,3442.1,1.043
5-austin avenue_2022,5-austin avenue,2022,6727.3,3363.7,3312.4,1.0155
5-austin place_2024,5-austin place,2024,274.0,137.0,3733.9,0.0367
5-avalon court_2024,5-avalon court,2024,220.0,110.0,287.3,0.3829
5-avenue b_2022,5-avenue b,2022,3576.0,1788.0,1898.1,0.942
5-avon green_2022,5-avon green,2022,2613.8,1306.9,811.5,1.6105
5-avon place_2024,5-avon place,2024,4088.0,2044.0,2384.2,0.8573
5-aymar avenue_2016,5-aymar avenue,2016,33640.0,16820.0,2838.3,5.9261
5-bache avenue_2023,5-bache avenue,2023,1808.0,452.0,6935.5,0.0652
5-bache street_2025,5-bache street,2025,4462.0,2231.0,2194.0,1.0169
5-baden place_2024,5-baden place,2024,19088.0,9544.0,9353.6,1.0204
5-baden place_2025,5-baden place,2025,386.0,193.0,9353.6,0.0206
5-balfour street_2023,5-balfour street,2023,1536.0,768.0,930.2,0.8256
5-balsam place_2024,5-balsam place,2024,14360.0,7180.0,5466.9,1.3134
5-baltic avenue_2024,5-baltic avenue,2024,12588.0,6294.0,4289.6,1.4673
5-baltic street_2024,5-baltic street,2024,1584.0,792.0,1829.4,0.4329
5-bancroft avenue_2022,5-bancroft avenue,2022,20024.0,10012.0,10421.4,0.9607
5-bancroft avenue_2023,5-bancroft avenue,2023,250.0,125.0,10421.4,0.012
5-bank street_2019,5-bank street,2019,31574.7,15787.3,1081.3,14.6003
5-barb street_2022,5-barb street,2022,11608.0,5804.0,1724.3,3.366
5-barbara street_2019,5-barbara street,2019,70525.7,23508.6,10406.9,2.2589
5-barbara street_2022,5-barbara street,2022,251.3,125.7,10406.9,0.0121
5-barclay avenue_2019,5-barclay avenue,2019,85395.8,34744.1,23845.9,1.457
5-barclay avenue_2024,5-barclay avenue,2024,654.0,327.0,23845.9,0.0137
5-bard avenue_2020,5-bard avenue,2020,137325.8,61266.6,33557.3,1.8257
5-bard avenue_2025,5-bard avenue,2025,53916.0,26958.0,33557.3,0.8033
5-baring place_2019,5-baring place,2019,706.0,353.0,325.5,1.0845
5-barker street_2022,5-barker street,2022,23006.0,11503.0,3997.8,2.8773
5-barlow avenue_2018,5-barlow avenue,2018,89661.5,29887.2,41329.9,0.7231
5-barlow avenue_2021,5-barlow avenue,2021,80155.4,19251.4,41329.9,0.4658
5-barlow avenue_2022,5-barlow avenue,2022,24552.0,12276.0,41329.9,0.297
5-barlow avenue_2023,5-barlow avenue,2023,460.0,230.0,41329.9,0.0056
5-barlow avenue_2025,5-barlow avenue,2025,432.0,216.0,41329.9,0.0052
5-barrett avenue_2023,5-barrett avenue,2023,44550.0,14850.0,1103.5,13.4572
5-barry street_2024,5-barry street,2024,27252.0,13626.0,3508.3,3.8839
5-bartlett avenue_2018,5-bartlett avenue,2018,33494.1,11164.7,8332.2,1.3399
5-bartlett avenue_2024,5-bartlett avenue,2024,372.0,186.0,8332.2,0.0223
5-barton avenue_2023,5-barton avenue,2023,18948.0,3158.0,3315.6,0.9525
5-bartow avenue_2024,5-bartow avenue,2024,10584.0,5292.0,3394.9,1.5588
5-bascom place_2017,5-bascom place,2017,5172.4,2586.2,3171.5,0.8155
5-bass street_2018,5-bass street,2018,1770.0,885.0,835.2,1.0596
5-bay street_2025,5-bay street,2025,57268.0,28634.0,75960.0,0.377
5-bayview avenue_2016,5-bayview avenue,2016,149684.9,37421.2,10834.6,3.4539
5-bayview avenue_2023,5-bayview avenue,2023,30777.8,15388.9,10834.6,1.4203
5-bayview place_2024,5-bayview place,2024,4366.0,2183.0,2147.7,1.0164
5-beach avenue_2024,5-beach avenue,2024,1664.0,832.0,13068.4,0.0637
5-beach road_2020,5-beach road,2020,436558.8,55812.2,13868.1,4.0245
5-beach street_2024,5-beach street,2024,14502.0,7251.0,7269.6,0.9974
5-beachview avenue_2024,5-beachview avenue,2024,4950.0,2475.0,2601.0,0.9516
5-bear street_2024,5-bear street,2024,6160.0,3080.0,3340.6,0.922
5-bedell avenue_2024,5-bedell avenue,2024,31438.0,15719.0,19600.5,0.802
5-bedell street_2023,5-bedell street,2023,42516.0,21258.0,3076.3,6.9102
5-bedford avenue_2023,5-bedford avenue,2023,30659.0,13696.0,21419.1,0.6394
5-beebe street_2016,5-beebe street,2016,18868.1,6289.4,2375.5,2.6476
5-beechwood avenue_2023,5-beechwood avenue,2023,5812.0,2906.0,2752.2,1.0559
5-beechwood place_2022,5-beechwood place,2022,9490.0,4745.0,3519.0,1.3484
5-beechwood place_2023,5-beechwood place,2023,264.0,132.0,3519.0,0.0375
5-beekman street_2021,5-beekman street,2021,30781.8,10811.8,3498.1,3.0908
5-beirbower lane_2023,5-beirbower lane,2023,280.0,140.0,359.1,0.3899
5-belair lane_2025,5-belair lane,2025,214.0,107.0,369.4,0.2897
5-belair road_2019,5-belair road,2019,55690.8,27845.4,6923.2,4.022
5-belair road_2023,5-belair road,2023,249.3,124.7,6923.2,0.018
5-belfast avenue_2023,5-belfast avenue,2023,294.0,147.0,5732.5,0.0256
5-belfield avenue_2021,5-belfield avenue,2021,8600.8,4300.4,7965.2,0.5399
5-belfield avenue_2024,5-belfield avenue,2024,4228.0,2114.0,7965.2,0.2654
5-bell street_2019,5-bell street,2019,23726.3,11863.1,1647.9,7.1989
5-belmont place_2018,5-belmont place,2018,48355.6,16118.5,3730.9,4.3203
5-bement avenue_2019,5-bement avenue,2019,654143.7,92905.4,28265.2,3.2869
5-bement avenue_2025,5-bement avenue,2025,354.0,177.0,28265.2,0.0063
5-bement court_2025,5-bement court,2025,5792.0,2896.0,1670.7,1.7334
5-bend_2022,5-bend,2022,942.0,471.0,,
5-bend_2023,5-bend,2023,8126.0,4063.0,,
5-bend_2024,5-bend,2024,4860.0,2430.0,,
5-bend_2025,5-bend,2025,61008.0,30504.0,,
5-benedict avenue_2019,5-benedict avenue,2019,26889.3,13444.7,9133.0,1.4721
5-bennett avenue_2025,5-bennett avenue,2025,22582.0,11291.0,9133.3,1.2362
5-bennett place_2020,5-bennett place,2020,12230.7,6115.3,4255.3,1.4371
5-bennett street_2021,5-bennett street,2021,11629.4,5814.7,4648.6,1.2508
5-benson street_2020,5-benson street,2020,3340.0,1670.0,3640.1,0.4588
5-benton avenue_2024,5-benton avenue,2024,1972.0,986.0,5787.3,0.1704
5-benziger avenue_2018,5-benziger avenue,2018,28326.8,9442.3,8085.3,1.1678
5-benziger avenue_2023,5-benziger avenue,2023,480.0,240.0,8085.3,0.0297
5-beresford avenue_2023,5-beresford avenue,2023,256.0,128.0,5885.2,0.0217
5-berglund avenue_2023,5-berglund avenue,2023,13390.0,6695.0,2294.6,2.9177
5-berry avenue_2023,5-berry avenue,2023,23004.0,11502.0,7570.5,1.5193
5-berry avenue west_2020,5-berry avenue west,2020,4993.3,2496.7,2341.8,1.0661
5-bertha place_2019,5-bertha place,2019,102707.0,12838.4,3054.4,4.2032
5-bertram avenue_2024,5-bertram avenue,2024,562.0,281.0,3731.5,0.0753
5-bethel avenue_2023,5-bethel avenue,2023,4720.0,2360.0,4246.7,0.5557
5-beverly avenue_2024,5-beverly avenue,2024,18618.0,9309.0,3117.8,2.9858
5-beverly road_2019,5-beverly road,2019,22487.8,11243.9,6213.7,1.8095
5-bidwell avenue_2021,5-bidwell avenue,2021,34669.9,17334.9,7337.3,2.3626
5-bidwell avenue_2022,5-bidwell avenue,2022,134.0,67.0,7337.3,0.0091
5-bidwell avenue_2023,5-bidwell avenue,2023,160.0,80.0,7337.3,0.0109
5-billings street_2020,5-billings street,2020,3280.0,1640.0,1453.5,1.1283
5-bionia avenue_2023,5-bionia avenue,2023,7622.0,3811.0,7946.2,0.4796
5-birch avenue_2021,5-birch avenue,2021,3746.7,1873.3,1793.4,1.0446
5-birch lane_2022,5-birch lane,2022,1680.0,840.0,371.7,2.2599
5-birch road_2023,5-birch road,2023,10250.0,5125.0,5056.6,1.0135
5-birchard avenue_2020,5-birchard avenue,2020,5720.0,2860.0,4141.8,0.6905
5-bishop street_2023,5-bishop street,2023,296.0,148.0,8693.8,0.017
5-blackford avenue_2022,5-blackford avenue,2022,21030.0,10515.0,3713.4,2.8316
5-blaine court_2024,5-blaine court,2024,3114.0,1557.0,1467.3,1.0611
5-blaise court_2025,5-blaise court,2025,200.0,100.0,395.4,0.2529
5-bland place_2025,5-bland place,2025,1964.0,982.0,835.5,1.1753
5-bleeker place_2023,5-bleeker place,2023,15006.0,7503.0,1880.8,3.9893
5-bloomfield avenue_2021,5-bloomfield avenue,2021,12640.0,6320.0,5297.0,1.1931
5-bloomingdale road_2022,5-bloomingdale road,2022,137276.0,68638.0,49957.2,1.3739
5-bloomingdale road_2025,5-bloomingdale road,2025,436.0,218.0,49957.2,0.0044
5-blossom lane_2023,5-blossom lane,2023,206.0,103.0,1264.5,0.0815
5-bogota street_2022,5-bogota street,2022,18648.0,9324.0,4676.9,1.9936
5-bombay street_2022,5-bombay street,2022,7296.0,3648.0,2225.9,1.6389
5-bond street_2021,5-bond street,2021,16995.8,8497.9,2682.3,3.1681
5-boone street_2022,5-boone street,2022,5768.0,2884.0,3046.7,0.9466
5-borman avenue_2021,5-borman avenue,2021,11460.0,3820.0,2513.6,1.5197
5-boscombe avenue_2018,5-boscombe avenue,2018,1063682.7,212736.5,8081.7,26.3232
5-bosworth street_2022,5-bosworth street,2022,3326.0,1663.0,1283.5,1.2957
5-bosworth street_2024,5-bosworth street,2024,182.0,91.0,1283.5,0.0709
5-boundary avenue_2025,5-boundary avenue,2025,498.0,249.0,11047.2,0.0225
5-bowdoin street_2022,5-bowdoin street,2022,17344.0,8672.0,4347.9,1.9945
5-bowles avenue_2022,5-bowles avenue,2022,4892.0,2446.0,2305.2,1.0611
5-bowling green place_2023,5-bowling green place,2023,320.0,160.0,3591.2,0.0446
5-boyd street_2024,5-boyd street,2024,11526.0,5763.0,1830.7,3.148
5-boylan street_2020,5-boylan street,2020,29120.0,14560.0,298.8,48.7282
5-boyle place_2022,5-boyle place,2022,1493.3,746.7,554.9,1.3456
5-boynton avenue_2021,5-boynton avenue,2021,2481.1,1240.6,,
5-boynton street_2021,5-boynton street,2021,2481.1,1240.6,1174.5,1.0563
5-brabant street_2021,5-brabant street,2021,440669.8,77272.5,5454.5,14.1667
5-brabant street_2024,5-brabant street,2024,636.0,318.0,5454.5,0.0583
5-bradford avenue_2021,5-bradford avenue,2021,50004.4,21309.7,10960.7,1.9442
5-bradley avenue_2016,5-bradley avenue,2016,993170.0,115601.4,18633.6,6.2039
5-braisted avenue_2022,5-braisted avenue,2022,16595.6,8297.8,8190.5,1.0131
5-brehaut avenue_2023,5-brehaut avenue,2023,12592.0,6296.0,5593.8,1.1255
5-brehaut avenue_2024,5-brehaut avenue,2024,658.0,329.0,5593.8,0.0588
5-brenton place_2022,5-brenton place,2022,256.0,128.0,1953.2,0.0655
5-brentwood avenue_2023,5-brentwood avenue,2023,328.0,164.0,2472.2,0.0663
5-brewster street_2024,5-brewster street,2024,4338.0,2169.0,1996.9,1.0862
5-briarcliff road_2019,5-briarcliff road,2019,7179.9,3590.0,2170.5,1.654
5-briarwood road_2023,5-briarwood road,2023,1816.0,908.0,1096.3,0.8282
5-bridgetown street_2019,5-bridgetown street,2019,36944.4,18472.2,7471.6,2.4723
5-bridgetown street_2024,5-bridgetown street,2024,540.0,270.0,7471.6,0.0361
5-brielle avenue_2016,5-brielle avenue,2016,85738.0,28579.4,24479.1,1.1675
5-brielle avenue_2021,5-brielle avenue,2021,771961.6,283891.8,24479.1,11.5973
5-bristol avenue_2016,5-bristol avenue,2016,3992.9,1996.5,2437.0,0.8192
5-britton avenue_2023,5-britton avenue,2023,7392.0,3696.0,10193.0,0.3626
5-britton avenue_2024,5-britton avenue,2024,16826.0,8413.0,10193.0,0.8254
5-britton street_2024,5-britton street,2024,160.0,80.0,1402.3,0.057
5-broad street_2017,5-broad street,2017,930679.4,105716.2,15032.8,7.0324
5-broadway_2018,5-broadway,2018,670934.8,223644.9,20845.1,10.7289
5-broadway_2024,5-broadway,2024,45724.0,22862.0,20845.1,1.0968
5-broadway_2025,5-broadway,2025,282.0,141.0,20845.1,0.0068
5-brook street_2022,5-brook street,2022,8998.0,4499.0,4618.0,0.9742
5-brook street_2023,5-brook street,2023,1507.3,753.7,4618.0,0.1632
5-brookfield avenue_2022,5-brookfield avenue,2022,396.0,198.0,16819.7,0.0118
5-brookfield avenue_2025,5-brookfield avenue,2025,32722.0,16361.0,16819.7,0.9727
5-brooks place_2022,5-brooks place,2022,3200.0,1600.0,712.7,2.245
5-brooks place_2024,5-brooks place,2024,476.0,238.0,712.7,0.3339
5-brower court_2023,5-brower court,2023,2534.0,1267.0,1496.4,0.8467
5-brower court_2024,5-brower court,2024,1516.0,758.0,1496.4,0.5065
5-brown place_2023,5-brown place,2023,1800.0,900.0,1172.9,0.7673
5-brunswick street_2019,5-brunswick street,2019,4146.2,2073.1,2253.9,0.9198
5-brunswick street_2024,5-brunswick street,2024,540.0,270.0,2253.9,0.1198
5-bryant avenue_2020,5-bryant avenue,2020,32505.8,14897.9,10990.4,1.3555
5-bryant avenue_2022,5-bryant avenue,2022,200.0,100.0,10990.4,0.0091
5-bryant avenue_2023,5-bryant avenue,2023,2712.0,678.0,10990.4,0.0617
5-bryson avenue_2023,5-bryson avenue,2023,31118.0,15559.0,16065.5,0.9685
5-buchanan avenue_2020,5-buchanan avenue,2020,14186.7,7093.3,5097.5,1.3915
5-buchanan street_2018,5-buchanan street,2018,21759.8,10879.9,,
5-buel avenue_2021,5-buel avenue,2021,53870.2,22653.8,28254.3,0.8018
5-buel avenue_2022,5-buel avenue,2022,623.3,311.7,28254.3,0.011
5-buel avenue_2024,5-buel avenue,2024,1454.0,727.0,28254.3,0.0257
5-buffalo street_2023,5-buffalo street,2023,21467.0,10253.0,11183.3,0.9168
5-buffington avenue_2025,5-buffington avenue,2025,12608.0,6304.0,3264.0,1.9314
5-bunnell court_2025,5-bunnell court,2025,3514.0,1757.0,3369.6,0.5214
5-burbank avenue_2020,5-burbank avenue,2020,21118.4,10559.2,9873.5,1.0694
5-burbank avenue_2022,5-burbank avenue,2022,194.0,97.0,9873.5,0.0098
5-burbank avenue_2023,5-burbank avenue,2023,1760.0,440.0,9873.5,0.0446
5-burgher avenue_2021,5-burgher avenue,2021,82257.1,41128.5,16635.3,2.4724
5-burgher avenue_2024,5-burgher avenue,2024,2346.0,1173.0,16635.3,0.0705
5-burgundy loop_2025,5-burgundy loop,2025,840.0,420.0,1412.3,0.2974
5-burnside avenue_2023,5-burnside avenue,2023,9706.0,4853.0,4169.6,1.1639
5-burton avenue_2023,5-burton avenue,2023,11516.4,5758.2,5897.0,0.9765
5-burton court_2022,5-burton court,2022,3044.0,1522.0,1060.0,1.4358
5-butler boulevard_2021,5-butler boulevard,2021,3002.7,1501.3,3597.4,0.4173
5-butler place_2019,5-butler place,2019,3134.6,1567.3,1731.3,0.9053
5-butler place_2022,5-butler place,2022,118.0,59.0,1731.3,0.0341
5-butterworth avenue_2016,5-butterworth avenue,2016,14168.0,7084.0,1502.1,4.7161
5-byrne avenue_2016,5-byrne avenue,2016,49972.2,12493.1,6847.4,1.8245
5-cabot place_2025,5-cabot place,2025,4732.0,2366.0,1123.9,2.1052
5-caldera place_2023,5-caldera place,2023,304.0,152.0,1530.7,0.0993
5-calvin place_2024,5-calvin place,2024,788.0,394.0,462.6,0.8517
5-cambridge avenue_2018,5-cambridge avenue,2018,15674.5,2706.4,5092.7,0.5314
5-camden avenue_2024,5-camden avenue,2024,8148.0,4074.0,2298.5,1.7725
5-campbell avenue_2022,5-campbell avenue,2022,6101.3,3050.7,3240.1,0.9415
5-campus road_2021,5-campus road,2021,186079.2,83322.9,2277.2,36.5901
5-canal street_2017,5-canal street,2017,567455.7,56745.6,9913.0,5.7244
5-cannon boulevard_2020,5-cannon boulevard,2020,33766.8,16037.6,9009.1,1.7802
5-cannon boulevard_2024,5-cannon boulevard,2024,1120.0,560.0,9009.1,0.0622
5-canterbury avenue_2023,5-canterbury avenue,2023,8420.0,4210.0,6297.2,0.6686
5-canton avenue_2024,5-canton avenue,2024,354.0,177.0,3939.7,0.0449
5-capellan street_2023,5-capellan street,2023,1320.0,660.0,709.9,0.9297
5-carlin street_2021,5-carlin street,2021,3124.4,1562.2,1504.4,1.0384
5-carlton avenue_2018,5-carlton avenue,2018,46916.5,15638.8,8749.8,1.7873
5-carlton boulevard_2017,5-carlton boulevard,2017,8506.6,293.3,19509.7,0.015
5-carlton boulevard_2020,5-carlton boulevard,2020,4105.5,2052.8,19509.7,0.1052
5-carlton boulevard_2024,5-carlton boulevard,2024,13494.0,6747.0,19509.7,0.3458
5-carlton place_2016,5-carlton place,2016,8280.0,4140.0,673.1,6.1506
5-carlyle green_2022,5-carlyle green,2022,102970.9,51485.4,4492.2,11.4611
5-carlyle street_2018,5-carlyle street,2018,4057.0,2028.5,699.6,2.8995
5-carmel avenue_2018,5-carmel avenue,2018,20838.9,10419.4,2601.9,4.0045
5-carol place_2023,5-carol place,2023,246.0,123.0,1891.1,0.065
5-carolina place_2019,5-carolina place,2019,1290.7,645.3,577.3,1.1178
5-caroline street_2022,5-caroline street,2022,9195.4,4597.7,3293.4,1.396
5-carpenter avenue_2021,5-carpenter avenue,2021,29484.8,14742.4,3346.1,4.4058
5-carpenter avenue_2022,5-carpenter avenue,2022,312.0,156.0,3346.1,0.0466
5-carreau avenue_2025,5-carreau avenue,2025,6846.0,3423.0,3107.7,1.1015
5-carroll place_2023,5-carroll place,2023,28077.2,12089.1,4800.0,2.5186
5-carteret street_2023,5-carteret street,2023,454.0,227.0,10220.7,0.0222
5-cary avenue_2018,5-cary avenue,2018,76961.6,25653.9,15198.2,1.688
5-case avenue_2023,5-case avenue,2023,6708.0,3354.0,2717.4,1.2343
5-cassidy place_2024,5-cassidy place,2024,85152.0,42576.0,5505.3,7.7336
5-castleton avenue_2017,5-castleton avenue,2017,192452.5,32075.4,55203.0,0.581
5-castleton avenue_2018,5-castleton avenue,2018,13743021.7,808413.0,55203.0,14.6444
5-castleton avenue_2020,5-castleton avenue,2020,86574.2,43287.1,55203.0,0.7841
5-castleton avenue_2021,5-castleton avenue,2021,26853.3,13426.7,55203.0,0.2432
5-caswell avenue_2023,5-caswell avenue,2023,10666.0,5333.0,21462.6,0.2485
5-catherine street_2021,5-catherine street,2021,25330.8,11786.4,6047.8,1.9489
5-catlin avenue_2022,5-catlin avenue,2022,266.0,133.0,1653.9,0.0804
5-cattaraugus street_2016,5-cattaraugus street,2016,2989.3,1494.7,1571.7,0.951
5-cayuga avenue_2016,5-cayuga avenue,2016,12493.2,6246.6,4930.4,1.267
5-cebra avenue_2022,5-cebra avenue,2022,19622.0,9811.0,9069.1,1.0818
5-cecil court_2024,5-cecil court,2024,226.0,113.0,668.6,0.169
5-cedar avenue_2019,5-cedar avenue,2019,24257.7,12128.9,5186.1,2.3387
5-cedar street_2025,5-cedar street,2025,3042.0,1521.0,1724.5,0.882
5-cedar terrace_2025,5-cedar terrace,2025,13294.0,6647.0,302.6,21.9663
5-cedarcliff road_2025,5-cedarcliff road,2025,8536.0,4268.0,831.2,5.1347
5-cedarview avenue_2022,5-cedarview avenue,2022,219.1,109.6,4551.0,0.0241
5-cedarwood court_2023,5-cedarwood court,2023,3504.0,1752.0,1632.9,1.0729
5-center street_2019,5-center street,2019,75745.6,12624.3,10370.6,1.2173
5-centre avenue_2019,5-centre avenue,2019,1534.0,767.0,667.7,1.1487
5-chandler avenue_2023,5-chandler avenue,2023,11464.0,5732.0,5963.3,0.9612
5-chapin avenue_2016,5-chapin avenue,2016,26994.5,8998.2,7270.8,1.2376
5-charles avenue_2021,5-charles avenue,2021,32980.0,16490.0,6113.8,2.6972
5-charles court_2022,5-charles court,2022,1506.0,753.0,590.6,1.275
5-charles place_2024,5-charles place,2024,182.0,91.0,262.7,0.3464
5-charleston avenue_2024,5-charleston avenue,2024,14514.0,7257.0,4756.3,1.5258
5-charter oak road_2024,5-charter oak road,2024,468.0,234.0,579.2,0.404
5-chatham street_2020,5-chatham street,2020,4826.7,2413.3,1441.7,1.6739
5-chelsea road_2017,5-chelsea road,2017,294453.2,57436.6,17286.3,3.3227
5-chelsea street_2016,5-chelsea street,2016,13835.6,3458.9,14218.4,0.2433
5-cherrywood court_2025,5-cherrywood court,2025,3958.0,1979.0,1600.3,1.2366
5-cheryl avenue_2020,5-cheryl avenue,2020,2893.3,1446.7,1408.7,1.027
5-chesebrough street_2018,5-chesebrough street,2018,6035.8,2011.9,2744.6,0.733
5-cheshire place_2024,5-cheshire place,2024,18380.0,9190.0,2462.5,3.732
5-chester avenue_2024,5-chester avenue,2024,35110.0,8639.0,6763.3,1.2773
5-chester place_2024,5-chester place,2024,5506.0,2753.0,1632.8,1.6861
5-chesterton avenue_2023,5-chesterton avenue,2023,25152.0,12576.0,9720.6,1.2937
5-chestnut avenue_2022,5-chestnut avenue,2022,19806.0,9903.0,5893.9,1.6802
5-chestnut street_2024,5-chestnut street,2024,1364.0,682.0,670.9,1.0165
5-cheves avenue_2021,5-cheves avenue,2021,9744.0,4872.0,1529.3,3.1858
5-chisholm street_2018,5-chisholm street,2018,42773.4,21386.7,2235.5,9.5669
5-christopher street_2019,5-christopher street,2019,4892.1,2446.1,2859.0,0.8556
5-church lane_2019,5-church lane,2019,1148.3,574.1,473.3,1.213
5-churchill avenue_2025,5-churchill avenue,2025,19086.0,9543.0,5302.1,1.7999
5-city boulevard_2020,5-city boulevard,2020,22548.5,11274.2,9162.1,1.2305
5-claire court_2025,5-claire court,2025,7236.0,3618.0,1210.0,2.9901
5-clarence place_2022,5-clarence place,2022,4678.0,2339.0,2305.3,1.0146
5-clark place_2024,5-clark place,2024,1896.0,948.0,768.0,1.2344
5-clarke avenue_2025,5-clarke avenue,2025,49212.0,24606.0,17945.2,1.3712
5-claudia court_2023,5-claudia court,2023,246.0,123.0,493.2,0.2494
5-clawson street_2020,5-clawson street,2020,57984.3,28992.2,29316.7,0.9889
5-clawson street_2023,5-clawson street,2023,4186.0,2093.0,29316.7,0.0714
5-clawson street_2024,5-clawson street,2024,3112.0,1556.0,29316.7,0.0531
5-clay pit road_2025,5-clay pit road,2025,20508.0,10254.0,5100.0,2.0106
5-clayton street_2025,5-clayton street,2025,1024.0,512.0,546.5,0.9369
5-clearmont avenue_2021,5-clearmont avenue,2021,10091.3,4511.2,4748.9,0.9499
5-clermont avenue_2023,5-clermont avenue,2023,9540.0,4770.0,13381.8,0.3565
5-clermont place_2016,5-clermont place,2016,11190.2,3730.1,4463.8,0.8356
5-cletus street_2024,5-cletus street,2024,312.0,156.0,1032.9,0.151
5-cleveland avenue_2025,5-cleveland avenue,2025,6060.0,3030.0,9649.5,0.314
5-cleveland street_2023,5-cleveland street,2023,3148.0,1574.0,1756.6,0.896
5-cliff street_2022,5-cliff street,2022,8332.1,4166.0,3168.6,1.3148
5-cliffside avenue_2024,5-cliffside avenue,2024,2532.0,1266.0,1244.1,1.0176
5-clifton avenue_2019,5-clifton avenue,2019,123340.1,41113.4,16365.7,2.5122
5-clifton avenue_2025,5-clifton avenue,2025,9728.0,4864.0,16365.7,0.2972
5-clifton street_2023,5-clifton street,2023,7280.0,3640.0,1675.9,2.172
5-clinton avenue_2018,5-clinton avenue,2018,34759.5,8689.9,7605.6,1.1426
5-clinton avenue_2023,5-clinton avenue,2023,666.0,333.0,7605.6,0.0438
5-clinton b fisk avenue_2022,5-clinton b fisk avenue,2022,1354.0,677.0,6871.0,0.0985
5-clinton b fisk avenue_2024,5-clinton b fisk avenue,2024,3294.0,1647.0,6871.0,0.2397
5-clinton court_2023,5-clinton court,2023,334.0,167.0,1961.8,0.0851
5-clinton place_2025,5-clinton place,2025,11384.0,5692.0,6011.0,0.9469
5-clinton street_2024,5-clinton street,2024,4172.0,2086.0,2274.5,0.9171
5-clove lake place_2019,5-clove lake place,2019,55084.6,27542.3,3555.7,7.746
5-clove road_2017,5-clove road,2017,474615.1,79102.5,90052.4,0.8784
5-clove road_2018,5-clove road,2018,306476.7,153238.4,90052.4,1.7017
5-clove road_2019,5-clove road,2019,155155.9,31031.2,90052.4,0.3446
5-clove road_2024,5-clove road,2024,81378.0,40689.0,90052.4,0.4518
5-clove road_2025,5-clove road,2025,658.0,329.0,90052.4,0.0037
5-clyde place_2018,5-clyde place,2018,13500.2,4500.1,383.1,11.7465
5-coale avenue_2023,5-coale avenue,2023,12074.0,6037.0,5611.4,1.0758
5-coddington avenue_2020,5-coddington avenue,2020,24136.0,12068.0,4739.1,2.5465
5-coddington avenue_2023,5-coddington avenue,2023,512.0,256.0,4739.1,0.054
5-cody place_2025,5-cody place,2025,8614.0,4307.0,6390.8,0.6739
5-colfax avenue_2022,5-colfax avenue,2022,260.0,130.0,6924.2,0.0188
5-colfax avenue_2023,5-colfax avenue,2023,302.0,151.0,6924.2,0.0218
5-colgate place_2022,5-colgate place,2022,3880.0,1940.0,1996.6,0.9717
5-college avenue_2021,5-college avenue,2021,42066.9,21033.5,25225.9,0.8338
5-collfield avenue_2017,5-collfield avenue,2017,19221.0,4805.2,22270.2,0.2158
5-collfield avenue_2018,5-collfield avenue,2018,35743.9,10002.5,22270.2,0.4491
5-collyer avenue_2023,5-collyer avenue,2023,22458.0,11229.0,2593.3,4.33
5-colon avenue_2018,5-colon avenue,2018,71314.8,23771.6,27109.3,0.8769
5-colon street_2024,5-colon street,2024,3710.0,1855.0,5092.6,0.3643
5-colon street_2025,5-colon street,2025,7080.0,3540.0,5092.6,0.6951
5-colonial avenue_2020,5-colonial avenue,2020,5921.8,2960.9,2317.5,1.2776
5-colonial court_2025,5-colonial court,2025,28050.0,14025.0,1639.2,8.556
5-colony avenue_2025,5-colony avenue,2025,400.0,200.0,9229.6,0.0217
5-colorado street_2019,5-colorado street,2019,1566.7,783.3,787.5,0.9947
5-columbus avenue_2024,5-columbus avenue,2024,7152.0,3576.0,3618.0,0.9884
5-columbus place_2021,5-columbus place,2021,3691.1,1845.5,1792.9,1.0293
5-combs avenue_2019,5-combs avenue,2019,11444.6,3814.9,4548.7,0.8387
5-comstock avenue_2025,5-comstock avenue,2025,25834.0,12917.0,3804.8,3.3949
5-concord place_2025,5-concord place,2025,2754.0,1377.0,1050.5,1.3108
5-confederation place_2024,5-confederation place,2024,220.0,110.0,3490.5,0.0315
5-conger street_2022,5-conger street,2022,264.0,132.0,1597.4,0.0826
5-congress street_2024,5-congress street,2024,1750.0,875.0,947.9,0.9231
5-connecticut street_2016,5-connecticut street,2016,7691.4,3845.7,10008.0,0.3843
5-conrad avenue_2023,5-conrad avenue,2023,9366.0,4683.0,2960.4,1.5819
5-continental place_2024,5-continental place,2024,53988.0,26994.0,6777.1,3.9831
5-conyingham avenue_2016,5-conyingham avenue,2016,7823.4,3911.7,3759.5,1.0405
5-cooke street_2025,5-cooke street,2025,3614.0,1807.0,2008.3,0.8998
5-cooper avenue_2024,5-cooper avenue,2024,8026.0,4013.0,2191.1,1.8315
5-cooper place_2023,5-cooper place,2023,3572.0,1786.0,1639.2,1.0896
5-cooper terrace_2022,5-cooper terrace,2022,3054.0,1527.0,1378.0,1.1081
5-copley street_2021,5-copley street,2021,22938.7,3823.1,4378.0,0.8733
5-corbin avenue_2023,5-corbin avenue,2023,47314.0,23657.0,18350.4,1.2892
5-cornelia avenue_2025,5-cornelia avenue,2025,17258.0,8629.0,6768.1,1.275
5-cornell avenue_2025,5-cornell avenue,2025,2432.0,1216.0,1316.4,0.9237
5-cornell place_2023,5-cornell place,2023,4532.0,2266.0,113.3,20.0
5-cornell street_2016,5-cornell street,2016,87124.9,12446.4,1830.2,6.8006
5-cornish street_2025,5-cornish street,2025,2268.0,1134.0,1291.4,0.8781
5-correll avenue_2020,5-correll avenue,2020,101076.0,35298.0,19221.0,1.8364
5-correll avenue_2021,5-correll avenue,2021,4196.9,2098.4,19221.0,0.1092
5-correll avenue_2022,5-correll avenue,2022,2494.0,1247.0,19221.0,0.0649
5-correll avenue_2024,5-correll avenue,2024,894.0,447.0,19221.0,0.0233
5-corson avenue_2018,5-corson avenue,2018,66439.0,22146.4,39063.2,0.5669
5-corson avenue_2021,5-corson avenue,2021,2300.4,1150.2,39063.2,0.0294
5-corson avenue_2023,5-corson avenue,2023,153.3,76.7,39063.2,0.002
5-cortelyou avenue_2021,5-cortelyou avenue,2021,18159.5,8623.1,20366.8,0.4234
5-cortelyou place_2023,5-cortelyou place,2023,2168.0,1084.0,1021.3,1.0614
5-cottage avenue_2025,5-cottage avenue,2025,3228.0,1614.0,1683.2,0.9589
5-cottage place_2021,5-cottage place,2021,22674.1,9137.3,2270.1,4.0251
5-cottage row_2023,5-cottage row,2023,1248.0,624.0,6505.9,0.0959
5-cottonwood court_2025,5-cottonwood court,2025,7610.0,3805.0,1431.9,2.6573
5-coughlan avenue_2025,5-coughlan avenue,2025,3726.0,1863.0,2036.9,0.9146
5-country drive east_2024,5-country drive east,2024,472.0,236.0,681.3,0.3464
5-country lane_2025,5-country lane,2025,854.0,427.0,1971.4,0.2166
5-country woods lane_2025,5-country woods lane,2025,4190.0,2095.0,2277.9,0.9197
5-court street_2024,5-court street,2024,2600.0,1300.0,1375.8,0.9449
5-coventry road_2016,5-coventry road,2016,20516.5,8965.0,2356.3,3.8047
5-coventry road_2024,5-coventry road,2024,248.0,124.0,2356.3,0.0526
5-coverly avenue_2016,5-coverly avenue,2016,562184.2,140546.0,1462.4,96.1064
5-cowen place_2019,5-cowen place,2019,2457.0,819.0,821.8,0.9966
5-crabtree avenue_2025,5-crabtree avenue,2025,7166.0,3583.0,3324.0,1.0779
5-crafton avenue_2018,5-crafton avenue,2018,30758.7,5126.4,7244.3,0.7076
5-craig avenue_2017,5-craig avenue,2017,776339.0,96169.6,25553.6,3.7634
5-crescent avenue_2023,5-crescent avenue,2023,220.0,110.0,5001.0,0.022
5-crest loop_2025,5-crest loop,2025,828.0,414.0,281.8,1.4691
5-creston place_2024,5-creston place,2024,7614.0,3807.0,369.9,10.292
5-creston street_2023,5-creston street,2023,194.0,97.0,959.0,0.1011
5-crittenden place_2021,5-crittenden place,2021,9626.2,4813.1,574.6,8.3764
5-crittenden place_2022,5-crittenden place,2022,206.0,103.0,574.6,0.1793
5-croak avenue_2017,5-croak avenue,2017,83286.9,13881.2,5096.0,2.7239
5-cromwell avenue_2023,5-cromwell avenue,2023,39002.0,19501.0,14913.4,1.3076
5-cromwell avenue_2024,5-cromwell avenue,2024,2706.0,1353.0,14913.4,0.0907
5-cromwell circle_2016,5-cromwell circle,2016,25999.9,6500.0,1506.9,4.3135
5-cross street_2024,5-cross street,2024,1630.0,815.0,945.8,0.8617
5-crossfield avenue_2023,5-crossfield avenue,2023,28280.0,14140.0,10985.0,1.2872
5-crosshill street_2021,5-crosshill street,2021,3985.8,1992.9,1925.7,1.0349
5-croton avenue_2020,5-croton avenue,2020,7429.3,3714.7,693.2,5.3588
5-crowell avenue_2023,5-crowell avenue,2023,15286.0,7643.0,7701.6,0.9924
5-crown avenue_2019,5-crown avenue,2019,9052.4,4526.2,19540.6,0.2316
5-crystal avenue_2016,5-crystal avenue,2016,881164.1,62940.3,19212.9,3.2759
5-cuba avenue_2023,5-cuba avenue,2023,196.0,98.0,9927.4,0.0099
5-cunard place_2025,5-cunard place,2025,2344.0,1172.0,1398.9,0.8378
5-curtis avenue_2019,5-curtis avenue,2019,4928.0,2464.0,2368.6,1.0403
5-curtis court_2023,5-curtis court,2023,1412.0,706.0,718.9,0.9821
5-curtis place_2023,5-curtis place,2023,220.0,110.0,1957.4,0.0562
5-cypress avenue_2016,5-cypress avenue,2016,10680.6,2670.2,2613.7,1.0216
5-cypress loop_2024,5-cypress loop,2024,844.0,422.0,777.6,0.5427
5-daffodil court_2022,5-daffodil court,2022,4054.0,2027.0,1007.8,2.0113
5-dalemere road_2016,5-dalemere road,2016,74318.2,18579.6,4644.7,4.0002
5-dallas street_2024,5-dallas street,2024,2164.0,1082.0,971.4,1.1139
5-dalton avenue_2023,5-dalton avenue,2023,22074.0,11037.0,6284.0,1.7564
5-daniel low terrace_2018,5-daniel low terrace,2018,67116.7,22372.2,8047.9,2.7799
5-danny court_2024,5-danny court,2024,374.0,187.0,1283.3,0.1457
5-darcey avenue_2017,5-darcey avenue,2017,39240.5,19620.3,2933.2,6.689
5-darlington avenue_2018,5-darlington avenue,2018,65759.7,23073.1,21875.7,1.0547
5-david street_2022,5-david street,2022,4988.0,2494.0,5702.3,0.4374
5-david street_2023,5-david street,2023,174.0,87.0,5702.3,0.0153
5-davidson street_2019,5-davidson street,2019,16446.4,3933.0,3461.4,1.1362
5-davis avenue_2021,5-davis avenue,2021,164794.3,79159.1,27387.5,2.8903
5-davis avenue_2025,5-davis avenue,2025,1352.0,676.0,27387.5,0.0247
5-davis court_2023,5-davis court,2023,1144.0,572.0,536.1,1.067
5-dawson place_2016,5-dawson place,2016,14186.7,7093.4,482.7,14.6953
5-dawson place_2024,5-dawson place,2024,2384.0,1192.0,482.7,2.4694
5-dayna drive_2025,5-dayna drive,2025,250.0,125.0,1405.7,0.0889
5-de hart avenue_2021,5-de hart avenue,2021,42931.8,16412.6,3223.6,5.0914
5-de ruyter place_2024,5-de ruyter place,2024,200.0,100.0,1103.0,0.0907
5-dead end_2025,5-dead end,2025,220.0,110.0,,
5-deal court_2025,5-deal court,2025,1760.0,880.0,1148.8,0.766
5-decker avenue_2016,5-decker avenue,2016,1009106.0,100910.6,17563.4,5.7455
5-deere park place_2016,5-deere park place,2016,9300.0,4650.0,419.5,11.0846
5-deirdre court_2023,5-deirdre court,2023,150.0,75.0,898.7,0.0835
5-deisius street_2018,5-deisius street,2018,1887.0,943.5,5834.2,0.1617
5-dekalb street_2018,5-dekalb street,2018,5648.6,2824.3,2693.5,1.0486
5-dekay street_2023,5-dekay street,2023,5540.0,2770.0,2965.4,0.9341
5-delafield avenue_2018,5-delafield avenue,2018,9122.9,3436.4,22321.4,0.154
5-delafield avenue_2022,5-delafield avenue,2022,5886.0,2943.0,22321.4,0.1318
5-delafield avenue_2024,5-delafield avenue,2024,426.0,213.0,22321.4,0.0095
5-delafield avenue_2025,5-delafield avenue,2025,32776.0,16388.0,22321.4,0.7342
5-delaware avenue_2016,5-delaware avenue,2016,98890.0,32963.3,14674.5,2.2463
5-delaware avenue_2022,5-delaware avenue,2022,0.2,0.1,14674.5,0.0
5-delaware avenue_2024,5-delaware avenue,2024,2112.0,1056.0,14674.5,0.072
5-delaware avenue_2025,5-delaware avenue,2025,1056.0,1056.0,14674.5,0.072
5-delaware place_2019,5-delaware place,2019,5646.1,2823.0,537.1,5.256
5-delaware street_2016,5-delaware street,2016,39211.0,13070.3,3881.0,3.3678
5-delmore street_2021,5-delmore street,2021,25344.5,5684.7,3986.9,1.4258
5-demopolis avenue_2018,5-demopolis avenue,2018,32296.0,5382.7,6017.6,0.8945
5-demopolis avenue_2022,5-demopolis avenue,2022,396.0,198.0,6017.6,0.0329
5-demorest avenue_2020,5-demorest avenue,2020,24308.5,12154.2,3906.3,3.1114
5-demorest avenue_2023,5-demorest avenue,2023,154.0,77.0,3906.3,0.0197
5-denker place_2021,5-denker place,2021,18499.3,9249.6,5462.7,1.6932
5-denker place_2022,5-denker place,2022,464.0,232.0,5462.7,0.0425
5-denton place_2023,5-denton place,2023,3794.0,1897.0,1781.5,1.0648
5-deppe place_2025,5-deppe place,2025,22276.0,11138.0,2025.1,5.5
5-derby court_2025,5-derby court,2025,4420.0,2210.0,2575.9,0.858
5-detroit avenue_2023,5-detroit avenue,2023,13872.2,6936.1,10570.4,0.6562
5-detroit avenue_2024,5-detroit avenue,2024,520.0,260.0,10570.4,0.0246
5-devens street_2021,5-devens street,2021,11226.7,5613.3,7542.8,0.7442
5-devon loop_2016,5-devon loop,2016,55592.0,27796.0,2682.9,10.3604
5-devon place_2023,5-devon place,2023,328.0,164.0,1399.8,0.1172
5-dewey avenue_2025,5-dewey avenue,2025,35048.0,16693.0,11218.0,1.4881
5-dewhurst street_2022,5-dewhurst street,2022,4966.0,2483.0,2818.3,0.881
5-diaz street_2023,5-diaz street,2023,2562.0,1281.0,1688.8,0.7585
5-dickie avenue_2021,5-dickie avenue,2021,10187.8,5093.9,7745.2,0.6577
5-dickie avenue_2023,5-dickie avenue,2023,160.0,80.0,7745.2,0.0103
5-dierauf street_2020,5-dierauf street,2020,5040.0,2520.0,2734.7,0.9215
5-disosway place_2022,5-disosway place,2022,3268.0,1634.0,1616.7,1.0107
5-disosway place_2024,5-disosway place,2024,302.0,151.0,1616.7,0.0934
5-ditson street_2019,5-ditson street,2019,2327.0,1163.5,826.0,1.4086
5-ditson street_2025,5-ditson street,2025,166.0,83.0,826.0,0.1005
5-dixon avenue_2019,5-dixon avenue,2019,10486.7,5243.3,8750.0,0.5992
5-dixon avenue_2022,5-dixon avenue,2022,206.0,103.0,8750.0,0.0118
5-doane avenue_2022,5-doane avenue,2022,23445.3,11722.7,11780.1,0.9951
5-dobbs place_2016,5-dobbs place,2016,1822.1,911.0,1043.0,0.8734
5-dogwood drive_2022,5-dogwood drive,2022,14480.0,7240.0,4330.7,1.6718
5-dole street_2024,5-dole street,2024,592.0,296.0,604.3,0.4898
5-dolson place_2020,5-dolson place,2020,7590.0,3795.0,1363.3,2.7837
5-domain street_2025,5-domain street,2025,4498.0,2249.0,2436.8,0.9229
5-donald place_2021,5-donald place,2021,5943.5,1981.2,2000.5,0.9904
5-dongan avenue_2022,5-dongan avenue,2022,18086.8,9043.4,2549.0,3.5478
5-dongan hills avenue_2021,5-dongan hills avenue,2021,39459.2,18575.4,21408.7,0.8677
5-dongan hills avenue_2024,5-dongan hills avenue,2024,124080.0,62040.0,21408.7,2.8979
5-donley avenue_2019,5-donley avenue,2019,23282.2,7760.7,3581.1,2.1671
5-donna court_2016,5-donna court,2016,1575.5,787.8,859.4,0.9167
5-dora street_2021,5-dora street,2021,4766.2,2383.1,2017.0,1.1815
5-doreen drive_2023,5-doreen drive,2023,246.0,123.0,1856.3,0.0663
5-dorothea place_2022,5-dorothea place,2022,380.0,190.0,2645.1,0.0718
5-dorothy street_2022,5-dorothy street,2022,4808.0,2404.0,2601.3,0.9242
5-dorval avenue_2023,5-dorval avenue,2023,4678.0,2339.0,1342.7,1.742
5-dorval place_2023,5-dorval place,2023,3268.3,1634.2,1428.9,1.1437
5-douglas avenue_2024,5-douglas avenue,2024,3754.0,1877.0,1846.2,1.0167
5-downes avenue_2025,5-downes avenue,2025,12270.0,6135.0,8082.9,0.759
5-downey place_2022,5-downey place,2022,3296.0,1648.0,1628.1,1.0122
5-drake avenue_2022,5-drake avenue,2022,8974.0,4487.0,4548.6,0.9865
5-dresden place_2016,5-dresden place,2016,14373.3,2053.3,974.1,2.1079
5-driggs street_2022,5-driggs street,2022,2424.0,1212.0,5648.0,0.2146
5-driggs street_2023,5-driggs street,2023,17092.0,8546.0,5648.0,1.5131
5-driprock street_2022,5-driprock street,2022,2998.0,1499.0,1545.1,0.9702
5-drive m l king jr ep et 13 sb_2022,5-drive m l king jr ep et 13 sb,2022,312.0,156.0,924.1,0.1688
5-drumgoole road east_2016,5-drumgoole road east,2016,707664.6,54435.7,72901.8,0.7467
5-drumgoole road east_2017,5-drumgoole road east,2017,4774565.1,248802.6,72901.8,3.4128
5-drumgoole road west_2017,5-drumgoole road west,2017,2907719.3,194492.0,73505.8,2.6459
5-drury avenue_2020,5-drury avenue,2020,18591.2,8535.6,2164.6,3.9433
5-drysdale street_2022,5-drysdale street,2022,4594.0,2297.0,2687.8,0.8546
5-dubois avenue_2024,5-dubois avenue,2024,24310.0,12155.0,9246.7,1.3145
5-dudley avenue_2025,5-dudley avenue,2025,16220.0,8110.0,4051.3,2.0018
5-duer avenue_2022,5-duer avenue,2022,354.0,177.0,2052.1,0.0863
5-duer avenue_2023,5-duer avenue,2023,200.0,100.0,2052.1,0.0487
5-duer lane_2019,5-duer lane,2019,15659.1,7829.6,1825.5,4.289
5-dugdale street_2023,5-dugdale street,2023,3438.0,1719.0,1562.7,1.1
5-dumont avenue_2024,5-dumont avenue,2024,500.0,250.0,1642.3,0.1522
5-dunbar street_2025,5-dunbar street,2025,5784.0,2892.0,2849.5,1.0149
5-duncan road_2019,5-duncan road,2019,42232.7,21116.3,4778.2,4.4193
5-duncan street_2016,5-duncan street,2016,48522.0,9704.4,4230.8,2.2938
5-durant avenue_2025,5-durant avenue,2025,418.0,209.0,19244.7,0.0109
5-durgess street_2018,5-durgess street,2018,5133.2,2566.6,2771.7,0.926
5-durgess street_2023,5-durgess street,2023,324.0,162.0,2771.7,0.0584
5-dutchess avenue_2016,5-dutchess avenue,2016,22640.1,7546.7,6866.5,1.0991
5-dyson street_2024,5-dyson street,2024,782.0,391.0,412.9,0.947
5-eadie place_2018,5-eadie place,2018,60900.0,12180.0,807.1,15.0911
5-eagle road_2021,5-eagle road,2021,8338.3,4169.1,444.5,9.3793
5-eagle road_2023,5-eagle road,2023,296.0,148.0,444.5,0.333
5-earley avenue_2021,5-earley avenue,2021,1942.2,971.1,1025.0,0.9474
5-east brandis avenue_2023,5-east brandis avenue,2023,9864.0,4932.0,5395.6,0.9141
5-east broadway_2022,5-east broadway,2022,367.3,183.7,5060.0,0.0363
5-east cheshire place_2024,5-east cheshire place,2024,5070.0,2535.0,3816.6,0.6642
5-east figurea avenue_2018,5-east figurea avenue,2018,18492.5,6164.2,6757.4,0.9122
5-east macon avenue_2023,5-east macon avenue,2023,10194.0,5097.0,5569.6,0.9151
5-east raleigh avenue_2024,5-east raleigh avenue,2024,8886.0,4443.0,4283.5,1.0372
5-east reading avenue_2023,5-east reading avenue,2023,4982.0,2491.0,2497.2,0.9975
5-east scranton avenue_2018,5-east scranton avenue,2018,10512.5,5256.2,3059.6,1.7179
5-eaton place_2022,5-eaton place,2022,1606.0,803.0,2276.9,0.3527
5-eaton place_2025,5-eaton place,2025,486.0,243.0,2276.9,0.1067
5-ebey lane_2022,5-ebey lane,2022,2902.0,1451.0,1249.6,1.1612
5-eddy street_2019,5-eddy street,2019,23661.7,11830.8,2721.1,4.3478
5-eddy street_2024,5-eddy street,2024,304.0,152.0,2721.1,0.0559
5-eddy street_2025,5-eddy street,2025,198.0,99.0,2721.1,0.0364
5-edgar terrace_2024,5-edgar terrace,2024,4326.0,2163.0,1797.7,1.2032
5-edgegrove avenue_2018,5-edgegrove avenue,2018,16118.5,8059.2,33485.7,0.2407
5-edgegrove avenue_2025,5-edgegrove avenue,2025,14838.0,7419.0,33485.7,0.2216
5-edgewater street_2025,5-edgewater street,2025,23850.0,11925.0,7452.8,1.6001
5-edgewood road_2023,5-edgewood road,2023,2234.0,1117.0,1219.0,0.9163
5-edinboro road_2019,5-edinboro road,2019,120515.6,40171.9,7460.3,5.3848
5-edison street_2022,5-edison street,2022,25130.0,12565.0,12461.3,1.0083
5-edith avenue_2024,5-edith avenue,2024,6452.0,3226.0,3243.4,0.9946
5-edith avenue_2025,5-edith avenue,2025,158.0,79.0,3243.4,0.0244
5-edward curry avenue_2017,5-edward curry avenue,2017,204066.7,51016.7,16291.9,3.1314
5-edwin street_2024,5-edwin street,2024,3126.0,1563.0,2731.2,0.5723
5-egbert avenue_2019,5-egbert avenue,2019,30395.5,15197.8,9041.3,1.6809
5-egbert place_2019,5-egbert place,2019,32493.4,16246.7,943.3,17.2233
5-elbe avenue_2023,5-elbe avenue,2023,7186.0,3593.0,6095.2,0.5895
5-elbe avenue_2024,5-elbe avenue,2024,3056.0,1528.0,6095.2,0.2507
5-eldridge avenue_2024,5-eldridge avenue,2024,4864.0,2432.0,2441.7,0.996
5-eleanor lane_2021,5-eleanor lane,2021,2804.2,1402.1,718.3,1.952
5-eleanor place_2023,5-eleanor place,2023,246.0,123.0,1822.0,0.0675
5-eleanor street_2019,5-eleanor street,2019,47440.0,15813.3,918.6,17.2146
5-elias place_2019,5-elias place,2019,11363.3,5681.7,1812.3,3.1351
5-elie court_2019,5-elie court,2019,10250.6,5125.3,176.6,29.0221
5-elizabeth avenue_2022,5-elizabeth avenue,2022,3408.0,1704.0,2061.8,0.8265
5-elizabeth street_2022,5-elizabeth street,2022,20369.3,10184.7,6613.4,1.54
5-elizabeth street_2025,5-elizabeth street,2025,284.0,142.0,6613.4,0.0215
5-ella place_2022,5-ella place,2022,234.0,117.0,1261.7,0.0927
5-ellicott place_2018,5-ellicott place,2018,9465.8,4732.9,342.2,13.8308
5-ellington street_2023,5-ellington street,2023,3024.0,1512.0,1480.8,1.0211
5-ellis street_2018,5-ellis street,2018,670372.8,167593.2,4040.5,41.4783
5-ellsworth avenue_2018,5-ellsworth avenue,2018,32609.9,10870.0,14593.5,0.7449
5-ellsworth place_2019,5-ellsworth place,2019,2773.3,1386.7,1371.2,1.0113
5-elm place_2025,5-elm place,2025,1480.0,740.0,782.4,0.9458
5-elm street_2025,5-elm street,2025,32566.0,16283.0,9153.8,1.7788
5-elmira street_2023,5-elmira street,2023,5272.0,2636.0,4564.6,0.5775
5-elmtree avenue_2024,5-elmtree avenue,2024,5468.0,2734.0,1396.6,1.9576
5-elmwood avenue_2021,5-elmwood avenue,2021,12510.5,6255.2,6692.3,0.9347
5-elmwood park drive_2016,5-elmwood park drive,2016,23958.1,7986.0,3036.8,2.6297
5-elson court_2025,5-elson court,2025,340.0,170.0,2536.4,0.067
5-eltinge street_2016,5-eltinge street,2016,12672.0,6336.0,3307.4,1.9157
5-eltingville boulevard_2018,5-eltingville boulevard,2018,350237.4,43779.7,18333.5,2.388
5-eltingville boulevard_2024,5-eltingville boulevard,2024,354.0,177.0,18333.5,0.0097
5-elverton avenue_2021,5-elverton avenue,2021,34392.5,13258.3,12004.5,1.1044
5-elvin street_2016,5-elvin street,2016,14360.0,7180.0,11096.3,0.6471
5-elvin street_2018,5-elvin street,2018,2172.2,1086.1,11096.3,0.0979
5-elwood avenue_2019,5-elwood avenue,2019,6612.0,3306.0,3296.4,1.0029
5-elwood place_2016,5-elwood place,2016,7822.2,3911.1,3682.8,1.062
5-ely street_2018,5-ely street,2018,6018.0,3009.0,1302.4,2.3104
5-emerson avenue_2016,5-emerson avenue,2016,34360.6,11453.6,2524.8,4.5364
5-emerson court_2016,5-emerson court,2016,144878.9,72439.5,662.7,109.3096
5-end place_2020,5-end place,2020,20985.3,10492.6,761.1,13.7861
5-endview street_2022,5-endview street,2022,3466.0,1733.0,2036.7,0.8509
5-englewood avenue_2017,5-englewood avenue,2017,22253.3,11126.6,8905.5,1.2494
5-erastina place_2019,5-erastina place,2019,14679.1,7339.5,2310.0,3.1773
5-errington place_2023,5-errington place,2023,226.0,113.0,631.2,0.179
5-essex drive_2021,5-essex drive,2021,159436.1,46584.6,4537.0,10.2677
5-esther depew street_2024,5-esther depew street,2024,3952.0,1976.0,1185.2,1.6672
5-eugene street_2024,5-eugene street,2024,1376.0,688.0,2836.3,0.2426
5-eunice place_2023,5-eunice place,2023,5384.0,2692.0,2532.2,1.0631
5-evan place_2019,5-evan place,2019,29563.9,14782.0,1473.8,10.0299
5-evans street_2022,5-evans street,2022,5634.0,2817.0,3045.3,0.925
5-evelyn place_2022,5-evelyn place,2022,5504.0,2752.0,2917.0,0.9434
5-evelyn place_2025,5-evelyn place,2025,180.0,90.0,2917.0,0.0309
5-everett avenue_2023,5-everett avenue,2023,11379.6,5689.8,5471.7,1.0399
5-evergreen avenue_2023,5-evergreen avenue,2023,16594.0,8297.0,8350.2,0.9936
5-evergreen avenue_2024,5-evergreen avenue,2024,1002.0,501.0,8350.2,0.06
5-evergreen street_2023,5-evergreen street,2023,38718.0,19359.0,2381.7,8.1282
5-evergreen street_2025,5-evergreen street,2025,1148.0,574.0,2381.7,0.241
5-everton avenue_2025,5-everton avenue,2025,2256.0,1128.0,1237.6,0.9114
5-excelsior avenue_2024,5-excelsior avenue,2024,23634.0,11817.0,4343.6,2.7206
5-exeter street_2022,5-exeter street,2022,280.0,140.0,7698.5,0.0182
5-exeter street_2025,5-exeter street,2025,1050.0,525.0,7698.5,0.0682
5-eylandt street_2018,5-eylandt street,2018,14383.1,3595.8,13853.3,0.2596
5-eylandt street_2022,5-eylandt street,2022,6084.0,3042.0,13853.3,0.2196
5-faber street_2021,5-faber street,2021,27216.0,13608.0,5048.8,2.6953
5-fairfield street_2021,5-fairfield street,2021,3274.7,1637.3,4855.3,0.3372
5-fairview avenue_2019,5-fairview avenue,2019,14612.5,7306.2,7620.3,0.9588
5-fairview avenue_2022,5-fairview avenue,2022,442.0,221.0,7620.3,0.029
5-fairview place_2016,5-fairview place,2016,5600.0,2800.0,,
5-fairview place_2024,5-fairview place,2024,156.0,78.0,,
5-farraday street_2021,5-farraday street,2021,5075.2,2537.6,2762.2,0.9187
5-father capodanno boulevard_2020,5-father capodanno boulevard,2020,373735.4,186867.7,67537.3,2.7669
5-father capodanno boulevard_2025,5-father capodanno boulevard,2025,1016282.0,508141.0,67537.3,7.5239
5-fayette avenue_2022,5-fayette avenue,2022,256.0,128.0,4801.3,0.0267
5-felt avenue_2017,5-felt avenue,2017,15780.1,1753.3,,
5-felton street_2023,5-felton street,2023,7952.0,3976.0,4399.6,0.9037
5-fenway circle_2018,5-fenway circle,2018,53742.7,26871.3,675.3,39.7916
5-fern avenue_2018,5-fern avenue,2018,15933.3,3983.3,5045.2,0.7895
5-fern avenue_2022,5-fern avenue,2022,396.0,198.0,5045.2,0.0392
5-ferndale avenue_2020,5-ferndale avenue,2020,23932.8,10690.4,4337.1,2.4649
5-ferndale avenue_2022,5-ferndale avenue,2022,444.0,222.0,4337.1,0.0512
5-ferry street_2021,5-ferry street,2021,8997.4,4498.7,1239.2,3.6303
5-fiedler avenue_2024,5-fiedler avenue,2024,4956.0,2478.0,1836.5,1.3493
5-field street_2022,5-field street,2022,3800.0,1900.0,2028.5,0.9367
5-fieldway avenue_2017,5-fieldway avenue,2017,49352.8,9870.6,7994.6,1.2347
5-figurea avenue_2022,5-figurea avenue,2022,21414.0,10707.0,7418.3,1.4433
5-figurea avenue_2024,5-figurea avenue,2024,458.0,229.0,7418.3,0.0309
5-fillat street_2024,5-fillat street,2024,296.0,148.0,1818.8,0.0814
5-fillmore place_2023,5-fillmore place,2023,2026.0,1013.0,1024.5,0.9888
5-fillmore street_2018,5-fillmore street,2018,109111.8,21822.4,11922.5,1.8304
5-fingerboard road_2017,5-fingerboard road,2017,309961.8,77490.4,11402.1,6.7962
5-finlay avenue_2023,5-finlay avenue,2023,7148.0,3574.0,3568.6,1.0015
5-firth road_2023,5-firth road,2023,7084.0,3542.0,3569.7,0.9922
5-firth road_2024,5-firth road,2024,420.0,210.0,3569.7,0.0588
5-fisher avenue_2016,5-fisher avenue,2016,190994.0,31832.3,6092.5,5.2248
5-flagg place_2016,5-flagg place,2016,2125038.2,265629.8,5502.6,48.2735
5-flagg place_2024,5-flagg place,2024,2298.0,1149.0,5502.6,0.2088
5-fletcher street_2019,5-fletcher street,2019,10691.7,5345.8,1617.9,3.3042
5-flint street_2023,5-flint street,2023,9056.0,4528.0,4826.5,0.9382
5-florida avenue_2019,5-florida avenue,2019,3304.0,1652.0,1709.6,0.9663
5-florida terrace_2022,5-florida terrace,2022,2248.0,1124.0,1168.9,0.9616
5-floyd street_2024,5-floyd street,2024,6550.0,3275.0,3071.5,1.0663
5-foch avenue_2022,5-foch avenue,2022,6012.0,3006.0,9317.2,0.3226
5-foote avenue_2025,5-foote avenue,2025,6482.0,3241.0,3078.1,1.0529
5-ford place_2020,5-ford place,2020,1624.4,812.2,784.1,1.0358
5-forest avenue_2016,5-forest avenue,2016,14011711.0,820468.6,129626.7,6.3295
5-forest avenue_2018,5-forest avenue,2018,2148240.5,126367.1,129626.7,0.9749
5-forest avenue_2019,5-forest avenue,2019,68449.2,34224.6,129626.7,0.264
5-forest avenue_2025,5-forest avenue,2025,68630.0,34315.0,129626.7,0.2647
5-forest court_2019,5-forest court,2019,2165.8,1082.9,910.7,1.1891
5-forest court_2024,5-forest court,2024,250.0,125.0,910.7,0.1373
5-forest green_2022,5-forest green,2022,118944.0,59472.0,2359.6,25.2043
5-forest hill road_2016,5-forest hill road,2016,3780485.4,495689.2,58395.7,8.4885
5-forest hill road_2020,5-forest hill road,2020,527921.4,234299.4,58395.7,4.0123
5-forest road_2016,5-forest road,2016,202518.4,28635.4,6643.8,4.3101
5-forest street_2023,5-forest street,2023,24424.0,12212.0,6459.5,1.8905
5-fornes place_2024,5-fornes place,2024,3866.0,1933.0,1800.8,1.0734
5-fort hill circle_2018,5-fort hill circle,2018,40220.1,20110.0,2538.4,7.9223
5-fort hill park_2018,5-fort hill park,2018,18613.3,9306.7,452.0,20.59
5-fort place_2018,5-fort place,2018,16558.2,5519.4,3561.3,1.5498
5-foster road_2018,5-foster road,2018,46787.6,15595.9,23017.0,0.6776
5-foster road_2020,5-foster road,2020,38274.5,19137.3,23017.0,0.8314
5-foster road_2022,5-foster road,2022,742.0,371.0,23017.0,0.0161
5-four corners road_2024,5-four corners road,2024,156.0,78.0,6725.3,0.0116
5-fox hill terrace_2019,5-fox hill terrace,2019,15850.0,7925.0,4465.7,1.7746
5-fr capodanno boulevard_2020,5-fr capodanno boulevard,2020,39654.5,19827.3,,
5-francesca lane_2023,5-francesca lane,2023,246.0,123.0,2180.8,0.0564
5-frank court_2025,5-frank court,2025,234.0,117.0,956.8,0.1223
5-franklin avenue_2018,5-franklin avenue,2018,239509.8,31551.2,7500.4,4.2066
5-franklin place_2022,5-franklin place,2022,388.0,194.0,1644.3,0.118
5-fraser street_2022,5-fraser street,2022,7748.0,3874.0,3981.4,0.973
5-freeborn street_2025,5-freeborn street,2025,386.0,193.0,9117.1,0.0212
5-freedom avenue_2020,5-freedom avenue,2020,45617.0,20454.6,9933.3,2.0592
5-freeman place_2020,5-freeman place,2020,1487.3,743.7,777.0,0.9571
5-front street_2021,5-front street,2021,508593.6,172713.4,12746.1,13.5503
5-furman street_2024,5-furman street,2024,4358.0,2179.0,2216.1,0.9833
5-furness place_2019,5-furness place,2019,7194.4,3597.2,3930.2,0.9153
5-futurity place_2020,5-futurity place,2020,4062.0,2031.0,2087.7,0.9728
5-gadsen place_2022,5-gadsen place,2022,6088.0,3044.0,2913.7,1.0447
5-galloway avenue_2021,5-galloway avenue,2021,76024.2,26416.3,4916.8,5.3727
5-gansevoort boulevard_2016,5-gansevoort boulevard,2016,12470.2,4156.8,17891.7,0.2323
5-garfield avenue_2023,5-garfield avenue,2023,55836.0,18612.0,1063.4,17.5024
5-garretson avenue_2018,5-garretson avenue,2018,70784.1,14156.8,14335.2,0.9876
5-garretson avenue_2022,5-garretson avenue,2022,723.3,361.7,14335.2,0.0252
5-garretson avenue_2024,5-garretson avenue,2024,2652.0,1326.0,14335.2,0.0925
5-garrison avenue_2021,5-garrison avenue,2021,15060.2,7530.1,5705.7,1.3198
5-gary place_2023,5-gary place,2023,27344.0,10861.0,2878.1,3.7737
5-gary street_2020,5-gary street,2020,4205.8,2102.9,2190.5,0.96
5-gauldy avenue_2023,5-gauldy avenue,2023,6552.0,2797.0,5157.0,0.5424
5-gaynor street_2025,5-gaynor street,2025,2010.0,1005.0,7619.8,0.1319
5-genesee avenue_2018,5-genesee avenue,2018,87768.9,12538.4,26727.5,0.4691
5-genesee avenue_2021,5-genesee avenue,2021,2968.0,1484.0,26727.5,0.0555
5-gervil street_2022,5-gervil street,2022,14419.0,7209.5,4259.4,1.6926
5-geyser drive_2022,5-geyser drive,2022,3384.9,1692.4,1620.0,1.0447
5-giegerich place_2023,5-giegerich place,2023,134.0,67.0,1507.8,0.0444
5-giffords glen_2024,5-giffords glen,2024,5914.0,2957.0,,
5-giffords lane_2019,5-giffords lane,2019,886583.9,73882.0,16744.6,4.4123
5-gigi street_2019,5-gigi street,2019,1766.7,883.3,,
5-gil court_2025,5-gil court,2025,242.0,121.0,588.3,0.2057
5-gilbert street_2019,5-gilbert street,2019,20691.1,10345.6,2138.4,4.838
5-giles place_2024,5-giles place,2024,1462.0,731.0,750.7,0.9738
5-girard street_2021,5-girard street,2021,4605.4,2302.7,965.7,2.3845
5-gladwin street_2025,5-gladwin street,2025,8322.0,4161.0,2384.5,1.745
5-glascoe avenue_2021,5-glascoe avenue,2021,14519.2,7259.6,5882.4,1.2341
5-glen avenue_2018,5-glen avenue,2018,29139.3,9713.1,2438.6,3.9831
5-glen street_2018,5-glen street,2018,1705100.3,284183.4,40080.5,7.0903
5-glen street_2023,5-glen street,2023,3248.0,1624.0,40080.5,0.0405
5-glendale avenue_2024,5-glendale avenue,2024,6686.0,3343.0,1981.9,1.6868
5-glenn road_2022,5-glenn road,2022,9068.0,4534.0,2957.3,1.5332
5-glenwood avenue_2024,5-glenwood avenue,2024,14608.0,7304.0,4221.8,1.7301
5-glenwood avenue_2025,5-glenwood avenue,2025,366.0,183.0,4221.8,0.0433
5-glenwood place_2024,5-glenwood place,2024,6972.0,3486.0,948.7,3.6745
5-globe avenue_2018,5-globe avenue,2018,4880.0,2440.0,1094.2,2.2299
5-goethals road north_2017,5-goethals road north,2017,2921089.8,243424.2,67086.2,3.6285
5-goff avenue_2021,5-goff avenue,2021,35456.2,11818.7,5268.6,2.2432
5-gold avenue_2020,5-gold avenue,2020,28635.6,14317.8,1820.7,7.8639
5-goodwin avenue_2023,5-goodwin avenue,2023,12526.0,6263.0,6371.1,0.983
5-governor road_2022,5-governor road,2022,9372.0,4686.0,4315.3,1.0859
5-gower street_2016,5-gower street,2016,41342.6,8268.5,13248.3,0.6241
5-gower street_2023,5-gower street,2023,4422.0,2211.0,13248.3,0.1669
5-grace court_2023,5-grace court,2023,1634.0,817.0,695.9,1.174
5-grafe street_2021,5-grafe street,2021,64332.3,32166.2,4619.1,6.9637
5-graham avenue_2021,5-graham avenue,2021,153587.3,34153.2,8135.4,4.1981
5-grand avenue_2024,5-grand avenue,2024,220.0,110.0,5879.7,0.0187
5-grand avenue_2025,5-grand avenue,2025,11080.0,5540.0,5879.7,0.9422
5-grandview avenue_2019,5-grandview avenue,2019,337128.2,48161.2,15727.9,3.0622
5-grandview terrace_2025,5-grandview terrace,2025,206.0,103.0,2591.4,0.0397
5-granite avenue_2018,5-granite avenue,2018,117120.3,29280.1,13876.3,2.1101
5-grant place_2024,5-grant place,2024,6114.0,3057.0,3145.4,0.9719
5-grant street_2022,5-grant street,2022,9578.0,4789.0,2206.5,2.1704
5-grantwood avenue_2019,5-grantwood avenue,2019,30262.4,15131.2,11120.3,1.3607
5-grantwood avenue_2024,5-grantwood avenue,2024,2756.0,1378.0,11120.3,0.1239
5-gray street_2025,5-gray street,2025,6698.0,3349.0,1680.6,1.9927
5-greaves avenue_2021,5-greaves avenue,2021,13689.9,6845.0,21385.8,0.3201
5-greeley avenue_2023,5-greeley avenue,2023,60748.0,28661.0,33863.2,0.8464
5-greeley avenue_2025,5-greeley avenue,2025,1312.0,656.0,33863.2,0.0194
5-green street_2025,5-green street,2025,1392.0,696.0,739.8,0.9408
5-greenfield avenue_2022,5-greenfield avenue,2022,11462.0,5731.0,9909.9,0.5783
5-greenfield avenue_2025,5-greenfield avenue,2025,6730.0,3365.0,9909.9,0.3396
5-greenfield court_2022,5-greenfield court,2022,242.0,121.0,865.9,0.1397
5-greenleaf avenue_2024,5-greenleaf avenue,2024,25476.0,12738.0,7623.7,1.6708
5-greenwood avenue_2016,5-greenwood avenue,2016,11220.0,3740.0,2081.6,1.7967
5-greta place_2019,5-greta place,2019,20627.8,10313.9,2808.8,3.672
5-greta place_2025,5-greta place,2025,258.0,129.0,2808.8,0.0459
5-gridley avenue_2019,5-gridley avenue,2019,4958.3,2479.2,2768.9,0.8954
5-grimsby street_2024,5-grimsby street,2024,11606.0,5803.0,9535.6,0.6086
5-grimsby street_2025,5-grimsby street,2025,360.0,180.0,9535.6,0.0189
5-grissom avenue_2021,5-grissom avenue,2021,4594.2,2297.1,2905.5,0.7906
5-grove avenue_2021,5-grove avenue,2021,11686.9,5843.5,3714.5,1.5732
5-grove street_2025,5-grove street,2025,2354.0,1177.0,1210.8,0.9721
5-grymes hill road_2019,5-grymes hill road,2019,9119.4,4559.7,5195.6,0.8776
5-grymes hill road_2025,5-grymes hill road,2025,294.0,147.0,5195.6,0.0283
5-gulf avenue_2016,5-gulf avenue,2016,634269.9,30203.3,30553.0,0.9886
5-gulf avenue_2017,5-gulf avenue,2017,171913.4,85956.7,30553.0,2.8134
5-gulf avenue_2019,5-gulf avenue,2019,55285.9,27642.9,30553.0,0.9048
5-gurdon street_2024,5-gurdon street,2024,306.0,153.0,1740.6,0.0879
5-gurley avenue_2023,5-gurley avenue,2023,24836.0,12418.0,18200.2,0.6823
5-gurley avenue_2024,5-gurley avenue,2024,5590.0,2795.0,18200.2,0.1536
5-guyon avenue_2017,5-guyon avenue,2017,326233.0,40779.1,19537.1,2.0873
5-guyon avenue_2024,5-guyon avenue,2024,2808.0,1404.0,19537.1,0.0719
5-hagaman place_2025,5-hagaman place,2025,10926.0,5463.0,2558.5,2.1352
5-halpin avenue_2024,5-halpin avenue,2024,10100.0,5050.0,5024.8,1.005
5-hamden avenue_2023,5-hamden avenue,2023,302.0,151.0,12777.6,0.0118
5-hamilton avenue_2023,5-hamilton avenue,2023,894.4,447.2,8041.2,0.0556
5-hamilton street_2023,5-hamilton street,2023,4414.0,2207.0,2367.6,0.9322
5-hamlin place_2021,5-hamlin place,2021,36190.1,18095.1,2453.6,7.3749
5-hamlin place_2024,5-hamlin place,2024,214.0,107.0,2453.6,0.0436
5-hammock lane_2022,5-hammock lane,2022,4624.0,2312.0,2253.7,1.0259
5-hampton place_2021,5-hampton place,2021,2880.0,1440.0,3728.4,0.3862
5-hampton place_2024,5-hampton place,2024,12396.0,6198.0,3728.4,1.6624
5-hancock street_2023,5-hancock street,2023,6883.3,3441.6,3797.4,0.9063
5-hannah street_2022,5-hannah street,2022,3732.0,1866.0,4497.0,0.4149
5-hanover avenue_2021,5-hanover avenue,2021,45081.5,22540.8,9542.1,2.3622
5-hanover avenue_2024,5-hanover avenue,2024,6624.0,3312.0,9542.1,0.3471
5-harbor lane_2024,5-harbor lane,2024,220.0,110.0,607.2,0.1812
5-harbor road_2019,5-harbor road,2019,170639.2,62986.4,9309.5,6.7658
5-harbor view court_2024,5-harbor view court,2024,3500.0,1750.0,787.3,2.2228
5-hardy place_2018,5-hardy place,2018,936.0,468.0,852.1,0.5492
5-hardy place_2025,5-hardy place,2025,136.0,68.0,852.1,0.0798
5-hargold avenue_2021,5-hargold avenue,2021,5844.5,2922.2,1250.9,2.3361
5-harris avenue_2020,5-harris avenue,2020,7626.7,3813.3,4021.1,0.9483
5-harrison avenue_2021,5-harrison avenue,2021,23436.8,11718.4,6759.2,1.7337
5-harrison place_2023,5-harrison place,2023,2344.0,1172.0,1257.6,0.9319
5-hartford avenue_2022,5-hartford avenue,2022,7926.0,3963.0,4310.4,0.9194
5-hartford street_2022,5-hartford street,2022,4546.7,2273.3,2259.8,1.006
5-harvard avenue_2018,5-harvard avenue,2018,35134.4,11711.4,4459.9,2.6259
5-harvest avenue_2020,5-harvest avenue,2020,9281.5,4640.8,10257.8,0.4524
5-harvest avenue_2024,5-harvest avenue,2024,17192.0,8596.0,10257.8,0.838
5-harvey avenue_2021,5-harvey avenue,2021,22925.6,9226.3,3947.6,2.3372
5-harvey street_2022,5-harvey street,2022,2708.0,1354.0,1253.8,1.0799
5-hastings street_2019,5-hastings street,2019,13108.7,6554.3,4347.9,1.5075
5-hastings street_2022,5-hastings street,2022,272.0,136.0,4347.9,0.0313
5-hatfield place_2022,5-hatfield place,2022,13934.0,6967.0,7258.5,0.9598
5-hatfield place_2025,5-hatfield place,2025,274.0,137.0,7258.5,0.0189
5-havenwood road_2022,5-havenwood road,2022,3452.0,1726.0,1820.0,0.9484
5-hawley avenue_2021,5-hawley avenue,2021,42511.6,21255.8,4980.1,4.2681
5-hawthorne avenue_2017,5-hawthorne avenue,2017,4958.0,2479.0,8790.1,0.282
5-hawthorne avenue_2021,5-hawthorne avenue,2021,37120.0,18560.0,8790.1,2.1115
5-hawthorne avenue_2023,5-hawthorne avenue,2023,10892.0,5446.0,8790.1,0.6196
5-hay street_2024,5-hay street,2024,2094.0,1047.0,1141.1,0.9175
5-haynes street_2024,5-haynes street,2024,2736.0,1368.0,1280.3,1.0685
5-heberton avenue_2025,5-heberton avenue,2025,11074.0,5537.0,15544.3,0.3562
5-hecker street_2022,5-hecker street,2022,6799.9,3400.0,5836.1,0.5826
5-heffernan street_2020,5-heffernan street,2020,33799.1,16899.5,2338.2,7.2276
5-helene court_2025,5-helene court,2025,6391.6,3195.8,2297.1,1.3912
5-hemlock street_2024,5-hemlock street,2024,5522.0,2761.0,3235.0,0.8535
5-hempstead avenue_2023,5-hempstead avenue,2023,346.0,173.0,4169.0,0.0415
5-hempstead avenue_2024,5-hempstead avenue,2024,7474.0,3737.0,4169.0,0.8964
5-hempstead avenue_2025,5-hempstead avenue,2025,1180.0,590.0,4169.0,0.1415
5-henderson avenue_2020,5-henderson avenue,2020,378202.5,179703.3,26152.2,6.8714
5-henderson avenue_2023,5-henderson avenue,2023,55459.0,20849.0,26152.2,0.7972
5-hendricks avenue_2018,5-hendricks avenue,2018,36224.8,7245.0,5553.0,1.3047
5-hendricks avenue_2023,5-hendricks avenue,2023,240.0,120.0,5553.0,0.0216
5-henning street_2023,5-henning street,2023,1688.0,844.0,849.7,0.9933
5-henning street_2024,5-henning street,2024,226.0,113.0,849.7,0.133
5-herrick avenue_2021,5-herrick avenue,2021,23840.6,11642.8,3121.7,3.7296
5-hervey street_2018,5-hervey street,2018,3037.8,1518.9,556.9,2.7274
5-heusden street_2024,5-heusden street,2024,500.0,250.0,2892.5,0.0864
5-hewitt avenue_2016,5-hewitt avenue,2016,35960.0,8990.0,3353.0,2.6812
5-hickory avenue_2022,5-hickory avenue,2022,13958.0,6979.0,7104.6,0.9823
5-hickory circle_2022,5-hickory circle,2022,2464.0,1232.0,622.6,1.9788
5-high street_2022,5-high street,2022,3924.0,1962.0,2245.7,0.8737
5-highland avenue_2025,5-highland avenue,2025,28652.0,14326.0,5707.7,2.5099
5-highview avenue_2018,5-highview avenue,2018,65422.4,32711.2,3882.1,8.4262
5-hillcrest avenue_2023,5-hillcrest avenue,2023,7162.0,3581.0,3606.5,0.9929
5-hillcrest street_2021,5-hillcrest street,2021,51609.0,25804.5,11260.1,2.2917
5-hillis street_2024,5-hillis street,2024,6666.0,3333.0,3565.8,0.9347
5-hillman avenue_2024,5-hillman avenue,2024,346.0,173.0,7813.4,0.0221
5-hillside avenue_2017,5-hillside avenue,2017,420507.6,84101.5,2918.9,28.8127
5-hillside terrace_2025,5-hillside terrace,2025,24584.0,12292.0,10198.5,1.2053
5-hilltop place_2021,5-hilltop place,2021,1548.4,774.2,699.7,1.1065
5-hilltop road_2025,5-hilltop road,2025,174.0,87.0,835.4,0.1041
5-hilltop terrace_2016,5-hilltop terrace,2016,59554.5,14888.6,1545.3,9.6348
5-hillview place_2016,5-hillview place,2016,4453.3,2226.7,254.3,8.7562
5-hinton street_2020,5-hinton street,2020,4220.0,2110.0,4612.5,0.4575
5-hirsch lane_2023,5-hirsch lane,2023,242.0,121.0,1470.6,0.0823
5-hitchcock avenue_2019,5-hitchcock avenue,2019,10044.0,3348.0,4712.7,0.7104
5-hitchcock avenue_2022,5-hitchcock avenue,2022,4852.7,2426.3,4712.7,0.5148
5-hoda place_2025,5-hoda place,2025,1872.0,936.0,942.9,0.9927
5-hodges place_2022,5-hodges place,2022,10080.0,5040.0,2780.5,1.8126
5-holdridge avenue_2020,5-holdridge avenue,2020,18391.9,9196.0,9599.8,0.9579
5-holgate street_2023,5-holgate street,2023,3716.0,1858.0,1933.6,0.9609
5-holland avenue_2021,5-holland avenue,2021,30819.8,7181.0,11619.3,0.618
5-holly avenue_2021,5-holly avenue,2021,7876.9,3103.5,6326.0,0.4906
5-holly street_2016,5-holly street,2016,14340.0,4780.0,4642.4,1.0296
5-holsman road_2025,5-holsman road,2025,3500.0,1750.0,910.6,1.9218
5-holten avenue_2023,5-holten avenue,2023,26228.0,13114.0,12717.8,1.0312
5-home avenue_2025,5-home avenue,2025,3506.0,1753.0,2094.1,0.8371
5-home place_2021,5-home place,2021,6119.4,3059.7,4600.0,0.6652
5-home place_2023,5-home place,2023,264.0,132.0,4600.0,0.0287
5-homestead avenue_2025,5-homestead avenue,2025,5130.0,2565.0,2686.6,0.9547
5-honey lane_2023,5-honey lane,2023,200.0,100.0,1936.9,0.0516
5-hooker place_2019,5-hooker place,2019,4078.8,2039.4,6423.2,0.3175
5-hooper avenue_2023,5-hooper avenue,2023,13120.0,6560.0,6662.6,0.9846
5-hope avenue_2019,5-hope avenue,2019,46259.6,12139.9,5673.1,2.1399
5-hope avenue_2023,5-hope avenue,2023,406.7,203.3,5673.1,0.0358
5-hope lane_2023,5-hope lane,2023,280.0,140.0,2230.0,0.0628
5-houseman avenue_2019,5-houseman avenue,2019,12313.1,4104.4,,
5-housman avenue_2019,5-housman avenue,2019,21548.2,7182.7,2866.6,2.5057
5-houston street_2020,5-houston street,2020,21860.0,10930.0,1735.5,6.2979
5-howard avenue_2021,5-howard avenue,2021,280755.2,140377.6,26782.7,5.2414
5-howard avenue_2022,5-howard avenue,2022,156.0,78.0,26782.7,0.0029
5-howard avenue_2025,5-howard avenue,2025,143544.0,71772.0,26782.7,2.6798
5-howard court_2023,5-howard court,2023,2366.0,1183.0,1256.5,0.9415
5-howe street_2024,5-howe street,2024,2356.0,1178.0,1125.5,1.0466
5-howton avenue_2023,5-howton avenue,2023,17532.2,8766.1,2457.8,3.5666
5-hudson place_2022,5-hudson place,2022,3470.0,1735.0,1771.3,0.9795
5-hudson street_2025,5-hudson street,2025,2878.0,1439.0,1553.0,0.9266
5-huguenot avenue_2019,5-huguenot avenue,2019,28440.0,14220.0,65986.6,0.2155
5-huguenot avenue_2024,5-huguenot avenue,2024,11682.0,5841.0,65986.6,0.0885
5-huguenot avenue_2025,5-huguenot avenue,2025,228.0,114.0,65986.6,0.0017
5-hull avenue_2023,5-hull avenue,2023,7116.0,3558.0,10112.1,0.3519
5-humbert street_2019,5-humbert street,2019,1191.3,595.6,562.6,1.0587
5-hunter avenue_2017,5-hunter avenue,2017,4631.5,2315.8,19689.7,0.1176
5-hunter avenue_2023,5-hunter avenue,2023,302.0,151.0,19689.7,0.0077
5-hunter place_2022,5-hunter place,2022,3092.0,1546.0,1660.5,0.931
5-hunter street_2016,5-hunter street,2016,17688.0,5896.0,2011.8,2.9307
5-hunton street_2016,5-hunton street,2016,6869.3,3434.7,3132.4,1.0965
5-huron place_2020,5-huron place,2020,2000.0,1000.0,1098.0,0.9107
5-hurst street_2024,5-hurst street,2024,4846.0,2423.0,1833.1,1.3218
5-husson street_2024,5-husson street,2024,3922.0,1961.0,11279.0,0.1739
5-hyatt street_2023,5-hyatt street,2023,200.0,100.0,2931.8,0.0341
5-hygeia place_2025,5-hygeia place,2025,2100.0,1050.0,1065.3,0.9856
5-hylan boulevard_2016,5-hylan boulevard,2016,1896522.1,158043.5,451471.3,0.3501
5-hylan boulevard_2018,5-hylan boulevard,2018,253351.0,68217.2,451471.3,0.1511
5-hylan boulevard_2023,5-hylan boulevard,2023,334290.0,94494.0,451471.3,0.2093
5-hylan boulevard_2024,5-hylan boulevard,2024,443166.0,221583.0,451471.3,0.4908
5-hylan place_2024,5-hylan place,2024,2596.0,1298.0,933.5,1.3905
5-ibsen avenue_2019,5-ibsen avenue,2019,8682.6,4341.3,2415.4,1.7973
5-ibsen avenue_2024,5-ibsen avenue,2024,1756.0,878.0,2415.4,0.3635
5-indale avenue_2016,5-indale avenue,2016,60000.0,6000.0,3699.6,1.6218
5-independence avenue_2018,5-independence avenue,2018,92316.3,23079.1,2489.6,9.2702
5-ingram avenue_2016,5-ingram avenue,2016,25849.0,6462.3,7655.8,0.8441
5-ingram avenue_2020,5-ingram avenue,2020,2340.0,1170.0,7655.8,0.1528
5-innis street_2022,5-innis street,2022,17018.0,8509.0,4763.1,1.7864
5-innis street_2025,5-innis street,2025,556.0,278.0,4763.1,0.0584
5-inwood road_2025,5-inwood road,2025,2320.0,1160.0,889.3,1.3044
5-ionia avenue_2018,5-ionia avenue,2018,67443.3,9634.8,31892.2,0.3021
5-ionia avenue_2025,5-ionia avenue,2025,21506.0,10753.0,31892.2,0.3372
5-iron mine drive_2016,5-iron mine drive,2016,30520.3,15260.2,935.4,16.3141
5-ironwood street_2025,5-ironwood street,2025,5500.0,2750.0,2424.6,1.1342
5-irving place_2024,5-irving place,2024,6794.0,3397.0,3569.3,0.9517
5-irvington street_2024,5-irvington street,2024,7980.0,3990.0,5250.1,0.76
5-isernia avenue_2023,5-isernia avenue,2023,3774.0,1887.0,4704.2,0.4011
5-islington street_2021,5-islington street,2021,5442.7,2721.3,4741.3,0.574
5-ismay street_2022,5-ismay street,2022,5540.0,2770.0,3152.0,0.8788
5-isora place_2022,5-isora place,2022,242.0,121.0,1307.8,0.0925
5-jackson avenue_2019,5-jackson avenue,2019,43779.8,21889.9,4170.2,5.2491
5-jackson avenue_2022,5-jackson avenue,2022,240.0,120.0,4170.2,0.0288
5-jacob street_2023,5-jacob street,2023,242.0,121.0,3405.4,0.0355
5-jade court_2022,5-jade court,2022,234.0,117.0,990.3,0.1181
5-jaffe street_2023,5-jaffe street,2023,17352.0,8676.0,1045.1,8.3016
5-james place_2019,5-james place,2019,1783.7,891.9,936.6,0.9523
5-jansen street_2023,5-jansen street,2023,12044.0,6022.0,11177.1,0.5388
5-jarvis avenue_2024,5-jarvis avenue,2024,10432.0,5216.0,2405.0,2.1688
5-jasper street_2020,5-jasper street,2020,9429.3,4714.7,2571.5,1.8334
5-jefferson avenue_2016,5-jefferson avenue,2016,79361.2,15872.2,21087.7,0.7527
5-jefferson boulevard_2020,5-jefferson boulevard,2020,13385.2,4461.7,20899.1,0.2135
5-jefferson boulevard_2024,5-jefferson boulevard,2024,11856.0,5928.0,20899.1,0.2836
5-jefferson street_2018,5-jefferson street,2018,111262.2,37087.4,8099.9,4.5787
5-jerome avenue_2023,5-jerome avenue,2023,9358.0,4679.0,9373.2,0.4992
5-jerome road_2022,5-jerome road,2022,14596.2,7298.1,6321.7,1.1545
5-jersey street_2021,5-jersey street,2021,1406066.2,478579.5,13107.8,36.511
5-jewett avenue_2016,5-jewett avenue,2016,355547.7,88886.9,30469.3,2.9173
5-jewett avenue_2020,5-jewett avenue,2020,198629.5,95901.4,30469.3,3.1475
5-joan place_2022,5-joan place,2022,2916.0,1458.0,1446.6,1.0079
5-joan place_2023,5-joan place,2023,242.0,121.0,1446.6,0.0836
5-john street_2025,5-john street,2025,16970.0,8485.0,9278.0,0.9145
5-johnson avenue_2016,5-johnson avenue,2016,38349.1,6391.5,6189.8,1.0326
5-johnson place_2024,5-johnson place,2024,3304.0,1652.0,1674.3,0.9867
5-joline avenue_2023,5-joline avenue,2023,20534.7,10267.3,14515.0,0.7074
5-joline avenue_2024,5-joline avenue,2024,21813.3,10906.7,14515.0,0.7514
5-jones place_2025,5-jones place,2025,1626.0,813.0,849.3,0.9573
5-jones street_2023,5-jones street,2023,3002.0,1501.0,1812.7,0.828
5-joseph avenue_2020,5-joseph avenue,2020,24374.8,10293.8,4609.0,2.2334
5-josephine street_2016,5-josephine street,2016,11297.5,5648.8,1242.7,4.5456
5-josephine street_2023,5-josephine street,2023,7068.0,3534.0,1242.7,2.8438
5-journeay street_2019,5-journeay street,2019,2809.2,1404.6,1565.9,0.897
5-journeay street_2024,5-journeay street,2024,246.0,123.0,1565.9,0.0785
5-joyce street_2024,5-joyce street,2024,1254.0,627.0,3387.4,0.1851
5-jules drive_2025,5-jules drive,2025,33252.0,16626.0,12367.6,1.3443
5-jumel street_2018,5-jumel street,2018,12813.2,6406.6,8185.4,0.7827
5-kaltenmeier lane_2019,5-kaltenmeier lane,2019,2120.0,1060.0,383.5,2.764
5-kalver place_2022,5-kalver place,2022,1208.0,604.0,649.2,0.9304
5-katan avenue_2022,5-katan avenue,2022,83996.0,41998.0,36208.8,1.1599
5-katan avenue_2024,5-katan avenue,2024,490.0,245.0,36208.8,0.0068
5-kathy place_2016,5-kathy place,2016,3312.8,1656.4,1538.7,1.0765
5-keating place_2021,5-keating place,2021,23815.8,11907.9,3645.0,3.2669
5-keating street_2023,5-keating street,2023,5626.7,2813.3,5736.4,0.4904
5-keiber court_2019,5-keiber court,2019,25358.2,12679.1,8277.3,1.5318
5-kell avenue_2016,5-kell avenue,2016,31193.3,6238.7,12567.1,0.4964
5-kell avenue_2022,5-kell avenue,2022,5928.0,2964.0,12567.1,0.2359
5-kelly boulevard_2019,5-kelly boulevard,2019,37655.1,18827.6,17902.5,1.0517
5-kelly boulevard_2022,5-kelly boulevard,2022,672.0,336.0,17902.5,0.0188
5-kelly boulevard_2024,5-kelly boulevard,2024,720.0,360.0,17902.5,0.0201
5-kemball avenue_2023,5-kemball avenue,2023,11626.0,5813.0,5873.4,0.9897
5-kenmore street_2020,5-kenmore street,2020,55440.0,27720.0,3818.6,7.2592
5-kenneth place_2021,5-kenneth place,2021,23292.6,9752.6,4893.2,1.9931
5-kennington street_2018,5-kennington street,2018,30403.6,7600.9,7499.2,1.0136
5-kennington street_2025,5-kennington street,2025,256.0,128.0,7499.2,0.0171
5-kensico street_2019,5-kensico street,2019,17679.7,5893.2,7228.8,0.8152
5-kensington avenue_2022,5-kensington avenue,2022,13952.4,6976.2,9359.5,0.7454
5-kent street_2024,5-kent street,2024,5670.0,2835.0,2681.6,1.0572
5-kermit avenue_2022,5-kermit avenue,2022,10279.3,5139.7,3330.0,1.5435
5-king street_2016,5-king street,2016,106186.9,15169.6,16590.2,0.9144
5-king street_2022,5-king street,2022,2602.0,1301.0,16590.2,0.0784
5-kingdom avenue_2021,5-kingdom avenue,2021,29141.1,13701.0,10804.7,1.2681
5-kinghorn street_2020,5-kinghorn street,2020,42884.3,14294.8,12535.4,1.1404
5-kingsley avenue_2019,5-kingsley avenue,2019,47380.8,23690.4,7331.9,3.2311
5-kingsley place_2018,5-kingsley place,2018,2901.1,1450.5,1519.7,0.9545
5-kinsey place_2020,5-kinsey place,2020,15677.0,7838.5,2406.8,3.2568
5-kirby court_2023,5-kirby court,2023,2684.0,1342.0,1344.2,0.9984
5-kissel avenue_2023,5-kissel avenue,2023,16850.0,8425.0,13723.8,0.6139
5-kissel avenue_2025,5-kissel avenue,2025,9146.0,4573.0,13723.8,0.3332
5-kiswick street_2024,5-kiswick street,2024,11580.0,5790.0,8811.5,0.6571
5-kiswick street_2025,5-kiswick street,2025,360.0,180.0,8811.5,0.0204
5-klondike avenue_2019,5-klondike avenue,2019,54247.1,27123.5,18836.7,1.4399
5-knollwood court_2023,5-knollwood court,2023,1840.0,920.0,1093.6,0.8413
5-knox place_2022,5-knox place,2022,8444.0,4222.0,4047.3,1.0432
5-koch boulevard_2016,5-koch boulevard,2016,37383.5,7476.7,14885.3,0.5023
5-kramer avenue_2024,5-kramer avenue,2024,514.0,257.0,4092.3,0.0628
5-kramer place_2025,5-kramer place,2025,3820.0,1910.0,2319.0,0.8236
5-kramer street_2022,5-kramer street,2022,422.0,211.0,7855.2,0.0269
5-kramer street_2023,5-kramer street,2023,48686.0,24343.0,7855.2,3.099
5-kunath avenue_2024,5-kunath avenue,2024,3268.0,1634.0,1686.3,0.969
5-la grange place_2021,5-la grange place,2021,3282.1,1641.0,1689.3,0.9714
5-la guardia avenue_2018,5-la guardia avenue,2018,108007.2,27001.8,10502.2,2.5711
5-la salle street_2022,5-la salle street,2022,5558.0,2779.0,2769.7,1.0034
5-labau avenue_2016,5-labau avenue,2016,26299.0,7331.7,6367.9,1.1514
5-laconia avenue_2021,5-laconia avenue,2021,426.7,213.3,27458.3,0.0078
5-laconia avenue_2022,5-laconia avenue,2022,25370.1,12685.0,27458.3,0.462
5-ladd avenue_2024,5-ladd avenue,2024,22370.0,11185.0,5854.4,1.9105
5-lafayette avenue_2018,5-lafayette avenue,2018,137793.8,27558.8,13312.6,2.0701
5-laguna lane_2024,5-laguna lane,2024,186.0,93.0,1707.5,0.0545
5-lake avenue_2019,5-lake avenue,2019,111594.5,55797.2,13069.4,4.2693
5-lakeland road_2022,5-lakeland road,2022,6594.0,3297.0,2989.7,1.1028
5-lambert street_2025,5-lambert street,2025,2492.0,1246.0,1373.2,0.9074
5-lamberts lane_2017,5-lamberts lane,2017,359812.0,89953.0,17256.5,5.2127
5-lamberts lane_2018,5-lamberts lane,2018,278649.2,46441.5,17256.5,2.6912
5-lamoka avenue_2017,5-lamoka avenue,2017,11118.2,1389.8,30370.5,0.0458
5-lamoka avenue_2018,5-lamoka avenue,2018,19051.9,6350.6,30370.5,0.2091
5-lamoka avenue_2025,5-lamoka avenue,2025,12534.0,6267.0,30370.5,0.2064
5-lamont avenue_2018,5-lamont avenue,2018,70460.9,23487.0,25278.9,0.9291
5-lamont avenue_2025,5-lamont avenue,2025,21344.0,10672.0,25278.9,0.4222
5-lamped loop_2024,5-lamped loop,2024,840.0,420.0,3273.1,0.1283
5-lamport boulevard_2023,5-lamport boulevard,2023,13198.7,6599.3,7416.3,0.8898
5-lander avenue_2023,5-lander avenue,2023,22873.0,10190.0,10491.9,0.9712
5-langere place_2022,5-langere place,2022,2250.0,1125.0,1179.1,0.9541
5-langere place_2025,5-langere place,2025,214.0,107.0,1179.1,0.0907
5-lansing street_2023,5-lansing street,2023,6254.0,3127.0,2888.3,1.0826
5-laredo avenue_2018,5-laredo avenue,2018,31197.5,10399.2,7813.8,1.3309
5-laredo avenue_2024,5-laredo avenue,2024,480.0,240.0,7813.8,0.0307
5-lathrop avenue_2021,5-lathrop avenue,2021,18786.8,9393.4,11033.9,0.8513
5-lathrop avenue_2023,5-lathrop avenue,2023,11414.0,5707.0,11033.9,0.5172
5-laurel avenue_2024,5-laurel avenue,2024,11340.0,5670.0,3822.0,1.4835
5-law place_2025,5-law place,2025,1064.0,532.0,510.9,1.0413
5-lawrence avenue_2020,5-lawrence avenue,2020,30252.7,15126.3,7417.0,2.0394
5-layton avenue_2018,5-layton avenue,2018,21204.6,5301.2,3375.4,1.5705
5-layton avenue_2023,5-layton avenue,2023,233.3,116.7,3375.4,0.0346
5-ledyard place_2022,5-ledyard place,2022,3448.0,1724.0,1493.3,1.1545
5-lee avenue_2016,5-lee avenue,2016,34593.7,5765.6,5418.7,1.064
5-legate avenue_2024,5-legate avenue,2024,5008.0,2504.0,1860.8,1.3457
5-leigh avenue_2023,5-leigh avenue,2023,5092.0,2546.0,2654.1,0.9593
5-lenevar avenue_2018,5-lenevar avenue,2018,52914.6,17638.2,22860.8,0.7715
5-lenevar avenue_2021,5-lenevar avenue,2021,6776.8,2861.8,22860.8,0.1252
5-lenevar avenue_2022,5-lenevar avenue,2022,944.0,472.0,22860.8,0.0206
5-lenhart street_2022,5-lenhart street,2022,11883.5,5941.8,4502.2,1.3198
5-lenzie street_2024,5-lenzie street,2024,16964.0,8482.0,5055.5,1.6778
5-leonard avenue_2021,5-leonard avenue,2021,30018.9,14489.4,10606.0,1.3662
5-leslie avenue_2022,5-leslie avenue,2022,300.0,150.0,4309.6,0.0348
5-leslie avenue_2024,5-leslie avenue,2024,9974.0,4987.0,4309.6,1.1572
5-lester street_2023,5-lester street,2023,5058.0,2529.0,1116.9,2.2643
5-letty court_2024,5-letty court,2024,234.0,117.0,969.7,0.1207
5-leverett avenue_2018,5-leverett avenue,2018,148436.2,29687.2,38424.4,0.7726
5-leverett avenue_2024,5-leverett avenue,2024,512.0,256.0,38424.4,0.0067
5-leverett avenue_2025,5-leverett avenue,2025,458.0,229.0,38424.4,0.006
5-levit avenue_2023,5-levit avenue,2023,15048.0,7524.0,4886.9,1.5396
5-lewiston street_2019,5-lewiston street,2019,47272.1,23636.0,8127.6,2.9081
5-lewiston street_2022,5-lewiston street,2022,480.0,240.0,8127.6,0.0295
5-lexa place_2025,5-lexa place,2025,3726.0,1863.0,1844.5,1.01
5-lexington avenue_2021,5-lexington avenue,2021,30681.6,15340.8,6012.5,2.5515
5-leyden avenue_2019,5-leyden avenue,2019,3359.3,1679.6,1502.9,1.1176
5-leyden avenue_2024,5-leyden avenue,2024,272.0,136.0,1502.9,0.0905
5-liberty avenue_2020,5-liberty avenue,2020,53784.0,25958.7,21922.9,1.1841
5-liberty avenue_2022,5-liberty avenue,2022,464.4,232.2,21922.9,0.0106
5-liberty avenue_2023,5-liberty avenue,2023,3365.6,1682.8,21922.9,0.0768
5-liberty avenue_2024,5-liberty avenue,2024,348.0,174.0,21922.9,0.0079
5-lighthouse avenue_2019,5-lighthouse avenue,2019,5337027.0,177900.9,4589.8,38.7601
5-lightner avenue_2021,5-lightner avenue,2021,23207.4,9502.3,3466.8,2.7409
5-lily pond avenue_2018,5-lily pond avenue,2018,1236279.6,137364.4,24364.4,5.6379
5-lincoln avenue_2025,5-lincoln avenue,2025,1460.0,730.0,24581.1,0.0297
5-lincoln place_2025,5-lincoln place,2025,6684.0,3342.0,2592.8,1.289
5-lincoln street_2017,5-lincoln street,2017,20567.2,10283.6,5885.7,1.7472
5-linda avenue_2019,5-linda avenue,2019,23800.0,11900.0,1359.6,8.7526
5-linden street_2021,5-linden street,2021,5353.3,2676.7,1822.8,1.4685
5-lindenwood place_2024,5-lindenwood place,2024,3348.0,1674.0,1462.2,1.1449
5-lindenwood road_2018,5-lindenwood road,2018,3591.5,1795.7,10478.9,0.1714
5-lindenwood road_2024,5-lindenwood road,2024,27956.0,13978.0,10478.9,1.3339
5-linwood avenue_2019,5-linwood avenue,2019,42192.8,21096.4,5962.2,3.5384
5-linwood avenue_2022,5-linwood avenue,2022,338.0,169.0,5962.2,0.0283
5-lisa lane_2022,5-lisa lane,2022,4070.0,2479.0,2666.6,0.9296
5-lisbon place_2024,5-lisbon place,2024,3734.0,1867.0,2979.0,0.6267
5-little clove road_2016,5-little clove road,2016,1474904.1,106662.6,17977.7,5.9331
5-livermore avenue_2016,5-livermore avenue,2016,246727.1,36639.8,16998.3,2.1555
5-livermore avenue_2024,5-livermore avenue,2024,13172.0,6586.0,16998.3,0.3875
5-livingston court_2023,5-livingston court,2023,3486.0,1743.0,1764.3,0.9879
5-lockman avenue_2021,5-lockman avenue,2021,779314.6,142142.8,9722.4,14.6201
5-locust avenue_2020,5-locust avenue,2020,28781.3,14390.7,11141.6,1.2916
5-lombard court_2025,5-lombard court,2025,5018.0,2509.0,3276.2,0.7658
5-london road_2018,5-london road,2018,4386.7,1096.7,3356.5,0.3267
5-london road_2019,5-london road,2019,496134.2,72726.7,3356.5,21.6674
5-london road_2024,5-london road,2024,6118.0,3059.0,3356.5,0.9114
5-longfellow avenue_2016,5-longfellow avenue,2016,11610.3,3870.1,3270.8,1.1832
5-longview road_2025,5-longview road,2025,31018.0,15509.0,3142.5,4.9352
5-lorraine avenue_2018,5-lorraine avenue,2018,45343.7,22671.8,3479.3,6.5162
5-lortel avenue_2021,5-lortel avenue,2021,23715.5,11857.8,4029.5,2.9427
5-louis street_2022,5-louis street,2022,6138.0,3069.0,2959.2,1.0371
5-lovell avenue_2022,5-lovell avenue,2022,18340.0,9170.0,4617.2,1.9861
5-lowell street_2024,5-lowell street,2024,3364.0,1682.0,1468.1,1.1457
5-lucille avenue_2024,5-lucille avenue,2024,10380.0,5190.0,4530.6,1.1455
5-ludwig street_2022,5-ludwig street,2022,4022.0,2011.0,2130.6,0.9439
5-lundsten avenue_2021,5-lundsten avenue,2021,24640.0,12320.0,6818.3,1.8069
5-luten avenue_2017,5-luten avenue,2017,197940.1,21993.3,18183.2,1.2095
5-lyndale avenue_2017,5-lyndale avenue,2017,618512.6,29453.0,14679.8,2.0064
5-lynhurst avenue_2025,5-lynhurst avenue,2025,7944.0,3972.0,5075.2,0.7826
5-lyon place_2021,5-lyon place,2021,11989.0,5994.5,3341.5,1.794
5-mace street_2019,5-mace street,2019,5715.6,2857.8,4959.3,0.5763
5-mace street_2022,5-mace street,2022,10090.0,5045.0,4959.3,1.0173
5-macfarland avenue_2019,5-macfarland avenue,2019,12713.8,6356.9,6401.8,0.993
5-madera street_2024,5-madera street,2024,3484.0,1742.0,1634.8,1.0656
5-madison avenue_2021,5-madison avenue,2021,4933.3,2466.7,2467.7,0.9996
5-magnolia avenue_2024,5-magnolia avenue,2024,2802.0,1401.0,1240.5,1.1294
5-maguire avenue_2022,5-maguire avenue,2022,8191.2,4095.6,30383.5,0.1348
5-maguire avenue_2023,5-maguire avenue,2023,28654.0,11063.0,30383.5,0.3641
5-maiden lane_2022,5-maiden lane,2022,3537.8,1768.9,2395.5,0.7384
5-main street_2016,5-main street,2016,11208.0,3736.0,19827.9,0.1884
5-maine avenue_2022,5-maine avenue,2022,36219.8,18109.9,12770.0,1.4182
5-major avenue_2019,5-major avenue,2019,101409.1,50704.6,13427.7,3.7761
5-major avenue_2023,5-major avenue,2023,3342.0,1671.0,13427.7,0.1244
5-mallory avenue_2023,5-mallory avenue,2023,7893.3,3946.7,9235.7,0.4273
5-mallow street_2021,5-mallow street,2021,11717.3,5858.7,5577.6,1.0504
5-manhattan street_2016,5-manhattan street,2016,44563.4,7427.2,11723.3,0.6335
5-mann avenue_2016,5-mann avenue,2016,37915.4,7583.1,6674.0,1.1362
5-manor court_2019,5-manor court,2019,20800.0,10400.0,104.1,99.9039
5-manor road_2016,5-manor road,2016,17973917.8,1531239.8,36211.5,42.286
5-manor road_2018,5-manor road,2018,276237.2,119183.1,36211.5,3.2913
5-manor road_2022,5-manor road,2022,14934.0,7467.0,36211.5,0.2062
5-mansion avenue_2018,5-mansion avenue,2018,51306.7,12826.7,8772.6,1.4621
5-maple avenue_2021,5-maple avenue,2021,48007.1,14763.5,3349.4,4.4078
5-maple court_2022,5-maple court,2022,2302.0,1151.0,691.6,1.6643
5-mapleton avenue_2023,5-mapleton avenue,2023,276.0,138.0,4680.4,0.0295
5-mapleton avenue_2024,5-mapleton avenue,2024,12526.0,6263.0,4680.4,1.3381
5-mapleton avenue_2025,5-mapleton avenue,2025,912.0,456.0,4680.4,0.0974
5-maplewood avenue_2019,5-maplewood avenue,2019,8716.0,4358.0,3171.1,1.3743
5-marble street_2016,5-marble street,2016,16455.7,8227.9,3766.3,2.1846
5-marble street_2021,5-marble street,2021,6339.2,3169.6,3766.3,0.8416
5-marcy avenue_2018,5-marcy avenue,2018,32855.3,12151.8,16517.8,0.7357
5-margaret street_2025,5-margaret street,2025,7758.0,3879.0,3849.4,1.0077
5-margaretta court_2019,5-margaretta court,2019,11014.1,5507.0,5577.6,0.9873
5-margaretta court_2023,5-margaretta court,2023,256.0,128.0,5577.6,0.0229
5-marianne street_2021,5-marianne street,2021,26319.9,11154.0,3823.0,2.9176
5-marie street_2022,5-marie street,2022,964.0,482.0,1364.0,0.3534
5-marion avenue_2022,5-marion avenue,2022,9246.0,4623.0,3455.4,1.3379
5-marion street_2024,5-marion street,2024,2976.0,1488.0,1507.7,0.9869
5-mark street_2024,5-mark street,2024,4778.0,2389.0,2002.0,1.1933
5-market street_2022,5-market street,2022,10836.0,5418.0,2500.7,2.1666
5-marsh avenue_2017,5-marsh avenue,2017,2009512.0,251189.0,29115.9,8.6272
5-martha street_2025,5-martha street,2025,3778.0,1889.0,2061.3,0.9164
5-martin avenue_2018,5-martin avenue,2018,28605.2,9535.1,10614.9,0.8983
5-martling avenue_2018,5-martling avenue,2018,163509.2,40877.3,12457.3,3.2814
5-marvin road_2025,5-marvin road,2025,13790.0,6895.0,2549.2,2.7048
5-marx street_2016,5-marx street,2016,45441.0,22720.5,2137.0,10.632
5-mary street_2023,5-mary street,2023,3877.0,1664.0,1690.5,0.9843
5-maryland avenue_2019,5-maryland avenue,2019,23865.9,11932.9,12709.5,0.9389
5-maryland avenue_2023,5-maryland avenue,2023,226.7,113.3,12709.5,0.0089
5-mason avenue_2022,5-mason avenue,2022,40035.6,20017.8,41022.9,0.488
5-mason avenue_2024,5-mason avenue,2024,18784.0,9392.0,41022.9,0.2289
5-mason avenue_2025,5-mason avenue,2025,374.0,187.0,41022.9,0.0046
5-mason boulevard_2022,5-mason boulevard,2022,37104.2,18552.1,13710.8,1.3531
5-mason street_2016,5-mason street,2016,29875.0,14937.5,4760.2,3.138
5-mathews avenue_2020,5-mathews avenue,2020,16546.5,7516.4,5916.5,1.2704
5-may avenue_2018,5-may avenue,2018,3834.8,1917.4,1789.2,1.0717
5-may place_2022,5-may place,2022,4594.0,2297.0,2375.4,0.967
5-mc clean avenue_2022,5-mc clean avenue,2022,34779.3,15565.6,25253.0,0.6164
5-mc cormick place_2022,5-mc cormick place,2022,3942.0,1971.0,1469.1,1.3416
5-mc cully avenue_2019,5-mc cully avenue,2019,3710.7,1855.3,2473.9,0.7499
5-mc divitt avenue_2021,5-mc divitt avenue,2021,33306.6,16653.3,4549.7,3.6603
5-mc donald street_2020,5-mc donald street,2020,23446.0,10159.6,2924.1,3.4744
5-mc kinley avenue_2019,5-mc kinley avenue,2019,15290.0,5096.7,5720.1,0.891
5-mc laughlin street_2023,5-mc laughlin street,2023,19473.0,6491.0,4394.6,1.477
5-mc veigh avenue_2022,5-mc veigh avenue,2022,16712.4,8356.2,8206.9,1.0182
5-meadow avenue_2016,5-meadow avenue,2016,96065.6,13723.7,4952.5,2.7711
5-medford road_2016,5-medford road,2016,73746.6,24582.2,4769.7,5.1538
5-meeker street_2024,5-meeker street,2024,3912.0,1956.0,1336.2,1.4639
5-meisner avenue_2018,5-meisner avenue,2018,1152147.2,288036.8,2586.2,111.3745
5-meisner avenue_2024,5-meisner avenue,2024,50144.0,25072.0,2586.2,9.6945
5-melhorn road_2018,5-melhorn road,2018,13972.2,4657.4,4688.3,0.9934
5-melrose avenue_2024,5-melrose avenue,2024,4808.0,2404.0,2416.7,0.9947
5-melrose place_2025,5-melrose place,2025,2366.0,1183.0,1296.5,0.9125
5-melville street_2023,5-melville street,2023,7044.2,3522.1,3616.5,0.9739
5-melvin avenue_2023,5-melvin avenue,2023,11292.0,5646.0,6211.7,0.9089
5-melyn place_2022,5-melyn place,2022,3594.0,1797.0,1773.2,1.0134
5-memphis avenue_2024,5-memphis avenue,2024,390.0,195.0,5525.9,0.0353
5-mendelsohn street_2025,5-mendelsohn street,2025,1398.0,699.0,777.6,0.8989
5-mercer place_2025,5-mercer place,2025,2288.0,1144.0,1300.1,0.8799
5-meredith avenue_2024,5-meredith avenue,2024,39582.0,19791.0,14222.6,1.3915
5-merrill avenue_2024,5-merrill avenue,2024,52900.0,26450.0,13695.8,1.9312
5-merriman avenue_2019,5-merriman avenue,2019,3871.1,1935.6,1909.7,1.0136
5-merriman avenue_2023,5-merriman avenue,2023,220.0,110.0,1909.7,0.0576
5-merrymount street_2022,5-merrymount street,2022,47696.0,23848.0,18222.8,1.3087
5-mersereau avenue_2022,5-mersereau avenue,2022,26816.0,13408.0,5496.6,2.4393
5-mersereau avenue_2023,5-mersereau avenue,2023,1518.0,759.0,5496.6,0.1381
5-metcalfe street_2024,5-metcalfe street,2024,5292.0,2646.0,2930.9,0.9028
5-metropolitan avenue_2020,5-metropolitan avenue,2020,35233.9,12930.3,8221.1,1.5728
5-meyer lane_2023,5-meyer lane,2023,106.7,53.3,361.8,0.1473
5-meyer lane_2025,5-meyer lane,2025,1116.0,558.0,361.8,1.5423
5-michelle court_2024,5-michelle court,2024,242.0,121.0,472.6,0.256
5-midland avenue_2016,5-midland avenue,2016,89160.0,29720.0,29048.5,1.0231
5-midland avenue_2025,5-midland avenue,2025,71484.0,35742.0,29048.5,1.2304
5-midland road_2025,5-midland road,2025,330.0,165.0,3557.6,0.0464
5-mildred avenue_2022,5-mildred avenue,2022,5326.0,2663.0,2800.5,0.9509
5-miles avenue_2021,5-miles avenue,2021,13717.6,6858.8,16459.1,0.4167
5-miles avenue_2025,5-miles avenue,2025,9736.0,4868.0,16459.1,0.2958
5-milford avenue_2016,5-milford avenue,2016,7060.0,3530.0,1297.8,2.72
5-milford drive_2017,5-milford drive,2017,148458.5,37114.6,10753.8,3.4513
5-mill road_2021,5-mill road,2021,211191.3,76855.2,30887.4,2.4882
5-millennium loop_2024,5-millennium loop,2024,1464.0,732.0,3448.0,0.2123
5-miller street_2019,5-miller street,2019,4798.9,2399.4,2241.0,1.0707
5-mills avenue_2019,5-mills avenue,2019,25985.4,12992.7,4718.3,2.7537
5-mimosa lane_2022,5-mimosa lane,2022,5115.1,2557.6,2322.2,1.1014
5-minerva place_2018,5-minerva place,2018,539.6,269.8,257.0,1.0498
5-minna street_2024,5-minna street,2024,7800.0,3900.0,1072.9,3.635
5-moffett street_2018,5-moffett street,2018,21410.8,7136.9,4654.9,1.5332
5-mohn place_2016,5-mohn place,2016,22965.4,7655.1,1242.7,6.1601
5-monahan avenue_2022,5-monahan avenue,2022,13950.0,6975.0,9549.3,0.7304
5-monroe avenue_2018,5-monroe avenue,2018,23484.5,4696.9,5019.2,0.9358
5-monsey place_2023,5-monsey place,2023,6382.0,3191.0,2882.2,1.1071
5-montana court_2024,5-montana court,2024,166.0,83.0,1130.5,0.0734
5-montell street_2022,5-montell street,2022,4334.0,2167.0,2283.0,0.9492
5-moody place_2023,5-moody place,2023,4656.0,2328.0,2369.1,0.9827
5-moore street_2022,5-moore street,2022,3808.0,1904.0,1820.8,1.0457
5-moreland street_2023,5-moreland street,2023,15350.0,7675.0,8311.7,0.9234
5-morningstar road_2022,5-morningstar road,2022,36534.0,18267.0,15475.5,1.1804
5-morris street_2024,5-morris street,2024,3994.0,1997.0,1467.4,1.3609
5-morrison avenue_2022,5-morrison avenue,2022,21750.0,10875.0,9682.8,1.1231
5-morton street_2019,5-morton street,2019,12748.7,6374.3,2820.4,2.2601
5-mosel avenue_2020,5-mosel avenue,2020,146556.6,61113.3,17876.6,3.4186
5-mosely avenue_2024,5-mosely avenue,2024,7336.0,3668.0,19899.6,0.1843
5-motley avenue_2021,5-motley avenue,2021,8365.6,3459.4,3793.2,0.912
5-mott street_2018,5-mott street,2018,16420.4,8210.2,828.3,9.9121
5-mountainview avenue_2016,5-mountainview avenue,2016,8336.2,4168.1,,
5-mulberry avenue_2023,5-mulberry avenue,2023,10842.0,4903.0,5641.9,0.869
5-mulberry circle_2023,5-mulberry circle,2023,40626.0,13542.0,1008.4,13.4292
5-muller avenue_2021,5-muller avenue,2021,26396.6,12502.7,6662.6,1.8765
5-mundy avenue_2019,5-mundy avenue,2019,28661.0,14330.5,4779.8,2.9981
5-murdock place_2022,5-murdock place,2022,2312.0,1156.0,1248.9,0.9256
5-murray hulbert avenue_2021,5-murray hulbert avenue,2021,182918.8,61792.7,20509.4,3.0129
5-murray place_2024,5-murray place,2024,1674.0,837.0,622.5,1.3446
5-myrna lane_2022,5-myrna lane,2022,4533.3,2266.7,2199.5,1.0306
5-myrtle avenue_2025,5-myrtle avenue,2025,25690.0,12845.0,7508.8,1.7107
5-nahant street_2025,5-nahant street,2025,7590.0,3795.0,4465.1,0.8499
5-narrows road north_2016,5-narrows road north,2016,2874.7,1437.4,37783.4,0.038
5-narrows road north_2018,5-narrows road north,2018,355916.9,71076.7,37783.4,1.8812
5-narrows road north_2019,5-narrows road north,2019,197659.9,65886.6,37783.4,1.7438
5-narrows road south_2017,5-narrows road south,2017,22770.1,2530.0,24669.6,0.1026
5-narrows road south_2018,5-narrows road south,2018,420677.4,105169.4,24669.6,4.2631
5-narrows road south_2020,5-narrows road south,2020,45139.5,22569.8,24669.6,0.9149
5-nassau street_2018,5-nassau street,2018,9971.0,4985.5,995.6,5.0075
5-natick street_2019,5-natick street,2019,161594.4,16159.4,10344.1,1.5622
5-naughton avenue_2022,5-naughton avenue,2022,48654.0,24327.0,20050.5,1.2133
5-naughton avenue_2024,5-naughton avenue,2024,502.0,251.0,20050.5,0.0125
5-nautilus street_2022,5-nautilus street,2022,12519.4,6259.7,2453.5,2.5513
5-neckar avenue_2024,5-neckar avenue,2024,2116.0,1058.0,4833.8,0.2189
5-nedra lane_2019,5-nedra lane,2019,6088.3,3044.1,3092.3,0.9844
5-nehring avenue_2021,5-nehring avenue,2021,17278.8,5981.0,6654.1,0.8988
5-nehring avenue_2022,5-nehring avenue,2022,480.0,240.0,6654.1,0.0361
5-nelson avenue_2018,5-nelson avenue,2018,76530.9,38265.5,14483.3,2.642
5-nelson avenue_2024,5-nelson avenue,2024,3420.0,1710.0,14483.3,0.1181
5-neptune place_2021,5-neptune place,2021,14136.1,7068.0,1627.8,4.3421
5-nesmythe terrace_2025,5-nesmythe terrace,2025,976.0,488.0,438.6,1.1126
5-netherland avenue_2019,5-netherland avenue,2019,26084.1,8694.7,13407.6,0.6485
5-netherland avenue_2021,5-netherland avenue,2021,17546.2,8032.4,13407.6,0.5991
5-netherland avenue_2024,5-netherland avenue,2024,1182.0,591.0,13407.6,0.0441
5-nevada avenue_2022,5-nevada avenue,2022,35718.8,17859.4,2085.5,8.5636
5-new dorp plaza_2017,5-new dorp plaza,2017,1994.1,997.0,12043.3,0.0828
5-new lane_2019,5-new lane,2019,4120.0,2060.0,4334.7,0.4752
5-new york place_2019,5-new york place,2019,2572.5,1286.2,1253.2,1.0263
5-newark avenue_2022,5-newark avenue,2022,2946.0,1473.0,4624.7,0.3185
5-newvale avenue_2018,5-newvale avenue,2018,6054.2,3027.1,1507.0,2.0087
5-nicholas avenue_2021,5-nicholas avenue,2021,23992.4,11996.2,14397.9,0.8332
5-nicholas street_2023,5-nicholas street,2023,3664.0,1832.0,1451.7,1.262
5-niles place_2020,5-niles place,2020,4298.7,2149.3,2205.9,0.9743
5-nino court_2024,5-nino court,2024,136.0,68.0,580.2,0.1172
5-nixon avenue_2024,5-nixon avenue,2024,72372.0,36186.0,2192.4,16.5052
5-noah court_2024,5-noah court,2024,226.0,113.0,582.5,0.194
5-noble place_2022,5-noble place,2022,686.0,343.0,382.1,0.8977
5-nolan avenue_2024,5-nolan avenue,2024,2140.0,1070.0,1426.6,0.75
5-nome avenue_2019,5-nome avenue,2019,67088.6,33544.3,19639.4,1.708
5-norden street_2016,5-norden street,2016,13093.6,4364.5,4515.8,0.9665
5-norma place_2016,5-norma place,2016,28004.6,10817.8,593.6,18.2241
5-normalee road_2019,5-normalee road,2019,7131.7,3565.8,1951.5,1.8272
5-norman place_2023,5-norman place,2023,3702.0,1851.0,1917.3,0.9654
5-north burgher avenue_2022,5-north burgher avenue,2022,53948.7,26974.4,17407.2,1.5496
5-north burgher avenue_2024,5-north burgher avenue,2024,11644.0,5822.0,17407.2,0.3345
5-north burgher avenue_2025,5-north burgher avenue,2025,17410.0,8705.0,17407.2,0.5001
5-north gannon avenue_2016,5-north gannon avenue,2016,56600.9,28300.5,27204.8,1.0403
5-north gannon avenue_2018,5-north gannon avenue,2018,1363881.0,170485.1,27204.8,6.2667
5-north mada avenue_2023,5-north mada avenue,2023,9654.0,4827.0,5207.7,0.9269
5-north railroad avenue_2017,5-north railroad avenue,2017,21988.7,10994.4,52523.6,0.2093
5-north railroad avenue_2020,5-north railroad avenue,2020,28824.4,11938.9,52523.6,0.2273
5-north railroad avenue_2023,5-north railroad avenue,2023,13614.0,6399.0,52523.6,0.1218
5-north railroad avenue_2024,5-north railroad avenue,2024,14804.0,7402.0,52523.6,0.1409
5-north railroad street_2017,5-north railroad street,2017,177190.3,6110.0,12466.5,0.4901
5-north railroad street_2021,5-north railroad street,2021,176571.2,72714.0,12466.5,5.8328
5-north railroad street_2024,5-north railroad street,2024,22186.0,11093.0,12466.5,0.8898
5-north randall avenue_2023,5-north randall avenue,2023,3664.0,1832.0,2362.7,0.7754
5-north street austins place_2023,5-north street austins place,2023,6572.0,3286.0,1853.7,1.7727
5-northern boulevard_2016,5-northern boulevard,2016,41518.2,13839.4,6328.8,2.1867
5-northfield avenue_2020,5-northfield avenue,2020,7042.2,3521.1,7622.5,0.4619
5-norway avenue_2023,5-norway avenue,2023,11860.0,5930.0,8042.1,0.7374
5-norwich street_2020,5-norwich street,2020,4433.3,2216.7,2341.0,0.9469
5-norwood avenue_2023,5-norwood avenue,2023,9412.0,4706.0,5220.9,0.9014
5-notre dame avenue_2018,5-notre dame avenue,2018,11313.1,3771.0,4449.5,0.8475
5-notus avenue_2018,5-notus avenue,2018,2281.3,1140.7,4038.3,0.2825
5-nugent avenue_2024,5-nugent avenue,2024,31214.0,15607.0,22629.8,0.6897
5-nugent street_2019,5-nugent street,2019,143651.5,46222.2,6463.3,7.1515
5-nunzie court_2024,5-nunzie court,2024,226.0,113.0,552.7,0.2045
5-nutly place_2025,5-nutly place,2025,2506.0,1253.0,1356.1,0.924
5-nutwood court_2025,5-nutwood court,2025,2346.0,1173.0,876.1,1.3389
5-o connor avenue_2021,5-o connor avenue,2021,10832.2,4598.1,3024.9,1.5201
5-o gorman avenue_2023,5-o gorman avenue,2023,14752.0,7376.0,17719.5,0.4163
5-oak street_2019,5-oak street,2019,1186.1,593.1,527.6,1.1241
5-oakdale avenue_2016,5-oakdale avenue,2016,5948.3,2974.2,1679.6,1.7708
5-oakdale street_2016,5-oakdale street,2016,93135.8,15522.6,24694.0,0.6286
5-oakland avenue_2020,5-oakland avenue,2020,155668.4,54754.2,20086.8,2.7259
5-oakland avenue_2025,5-oakland avenue,2025,3440.0,1720.0,20086.8,0.0856
5-oakville street_2020,5-oakville street,2020,27684.0,12178.0,8080.2,1.5071
5-ocean avenue_2019,5-ocean avenue,2019,51399.3,25699.6,5767.2,4.4562
5-ocean road_2025,5-ocean road,2025,3914.0,1957.0,1996.9,0.98
5-ocean terrace_2018,5-ocean terrace,2018,789934.9,263311.6,24387.4,10.797
5-oceanside avenue_2023,5-oceanside avenue,2023,12768.4,6384.2,6240.7,1.023
5-oceanside avenue_2024,5-oceanside avenue,2024,1804.0,902.0,6240.7,0.1445
5-oceanview place_2021,5-oceanview place,2021,16482.1,8241.1,4599.9,1.7916
5-oder avenue_2024,5-oder avenue,2024,22590.0,11295.0,10851.6,1.0409
5-ohio place_2019,5-ohio place,2019,2658.2,1329.1,2477.9,0.5364
5-oldfield street_2024,5-oldfield street,2024,6214.0,3107.0,3370.6,0.9218
5-olga place_2023,5-olga place,2023,5776.0,2888.0,2611.3,1.106
5-olympia boulevard_2023,5-olympia boulevard,2023,4970.0,2485.0,26163.1,0.095
5-olympia boulevard_2024,5-olympia boulevard,2024,45786.0,22893.0,26163.1,0.875
5-oneida avenue_2016,5-oneida avenue,2016,7097.9,3549.0,3555.2,0.9983
5-ontario avenue_2016,5-ontario avenue,2016,24328.3,12164.2,10500.3,1.1585
5-orbit lane_2022,5-orbit lane,2022,226.0,113.0,1429.0,0.0791
5-orchard avenue_2016,5-orchard avenue,2016,1500.0,750.0,346.5,2.1645
5-orchard lane_2024,5-orchard lane,2024,3444.0,1722.0,1645.3,1.0466
5-ordell avenue_2024,5-ordell avenue,2024,9596.0,4798.0,1543.0,3.1095
5-oregon road_2016,5-oregon road,2016,2668.3,1334.2,1334.3,0.9999
5-orinoco place_2019,5-orinoco place,2019,3725.4,1862.7,1224.8,1.5208
5-orlando street_2023,5-orlando street,2023,2418.0,1209.0,1207.4,1.0013
5-ormond place_2022,5-ormond place,2022,2380.0,1190.0,1287.5,0.9243
5-ormsby avenue_2023,5-ormsby avenue,2023,2772.0,1386.0,2042.0,0.6787
5-osage lane_2024,5-osage lane,2024,4154.0,2077.0,2198.4,0.9448
5-osborn avenue_2022,5-osborn avenue,2022,1400.0,700.0,,
5-osgood avenue_2019,5-osgood avenue,2019,69128.6,34564.3,11933.2,2.8965
5-oswego street_2016,5-oswego street,2016,15553.7,7776.8,6128.7,1.2689
5-otis avenue_2020,5-otis avenue,2020,24516.4,10316.9,11884.9,0.8681
5-otsego avenue_2016,5-otsego avenue,2016,1106.7,553.3,164.0,3.3738
5-overlook avenue_2016,5-overlook avenue,2016,197510.3,48223.1,4891.0,9.8596
5-overlook avenue_2022,5-overlook avenue,2022,6489.3,3244.7,4891.0,0.6634
5-overlook terrace_2019,5-overlook terrace,2019,13611.1,6805.6,1898.2,3.5853
5-oxford place_2019,5-oxford place,2019,21850.3,10925.2,5611.7,1.9469
5-pacific avenue_2020,5-pacific avenue,2020,83919.0,41959.5,11063.9,3.7925
5-page avenue_2020,5-page avenue,2020,246293.6,94005.1,26017.9,3.6131
5-palma drive_2021,5-palma drive,2021,6478.0,3239.0,3263.8,0.9924
5-palmer avenue_2021,5-palmer avenue,2021,21447.9,10724.0,5823.5,1.8415
5-park drive north_2023,5-park drive north,2023,16536.0,8268.0,7849.0,1.0534
5-park hill avenue_2017,5-park hill avenue,2017,297134.1,49522.4,11060.6,4.4774
5-park lane_2025,5-park lane,2025,17020.0,8510.0,559.9,15.1991
5-park place_2018,5-park place,2018,39389.0,9847.3,4804.4,2.0496
5-park road_2016,5-park road,2016,869.6,434.8,495.7,0.8771
5-park road_2025,5-park road,2025,182.0,91.0,495.7,0.1836
5-park street_2022,5-park street,2022,14256.7,7128.3,12989.1,0.5488
5-parkinson avenue_2022,5-parkinson avenue,2022,26914.0,13457.0,10236.0,1.3147
5-parkwood avenue_2021,5-parkwood avenue,2021,20130.7,10065.3,7989.2,1.2599
5-parsons place_2021,5-parsons place,2021,913.3,456.7,833.4,0.548
5-patten street_2017,5-patten street,2017,4989.3,1663.1,1357.8,1.2248
5-patterson avenue_2023,5-patterson avenue,2023,20430.0,10215.0,12731.2,0.8024
5-patterson avenue_2024,5-patterson avenue,2024,8400.0,4200.0,12731.2,0.3299
5-patty court_2025,5-patty court,2025,234.0,117.0,81.2,1.4409
5-paulding avenue_2023,5-paulding avenue,2023,10530.0,5265.0,5816.6,0.9052
5-pauw street_2018,5-pauw street,2018,3355.6,1677.8,811.7,2.067
5-peare place_2020,5-peare place,2020,8046.7,4023.3,4224.7,0.9523
5-pearl street_2024,5-pearl street,2024,3572.0,1786.0,1361.8,1.3115
5-pearsall street_2023,5-pearsall street,2023,13962.0,6981.0,3711.0,1.8812
5-pearson street_2023,5-pearson street,2023,150.0,75.0,1651.0,0.0454
5-peggy lane_2025,5-peggy lane,2025,1104.0,552.0,524.4,1.0526
5-pelton avenue_2022,5-pelton avenue,2022,112963.0,56481.5,24692.4,2.2874
5-penbroke avenue_2016,5-penbroke avenue,2016,7040.0,3520.0,3872.1,0.9091
5-pendale street_2023,5-pendale street,2023,6920.0,3460.0,9398.9,0.3681
5-pendleton place_2018,5-pendleton place,2018,124115.2,15514.4,2013.0,7.7071
5-pershing street_2023,5-pershing street,2023,3416.0,1708.0,1748.3,0.9769
5-petersons lane_2021,5-petersons lane,2021,12800.0,2560.0,2616.9,0.9783
5-petrus avenue_2022,5-petrus avenue,2022,12948.0,6474.0,8580.2,0.7545
5-petrus avenue_2024,5-petrus avenue,2024,588.0,294.0,8580.2,0.0343
5-piave avenue_2019,5-piave avenue,2019,10218.2,5109.1,4271.1,1.1962
5-pickersgill avenue_2019,5-pickersgill avenue,2019,1516.5,758.2,842.0,0.9005
5-piedmont avenue_2019,5-piedmont avenue,2019,7899.7,3949.9,3461.3,1.1412
5-pierce street_2023,5-pierce street,2023,10348.0,3990.0,6567.6,0.6075
5-pike street_2022,5-pike street,2022,2066.0,1033.0,1148.9,0.8991
5-pilcher street_2020,5-pilcher street,2020,4213.8,2106.9,2225.7,0.9466
5-pine street_2018,5-pine street,2018,6330.1,3165.1,1991.1,1.5896
5-pitney avenue_2021,5-pitney avenue,2021,10698.7,3566.2,6065.3,0.588
5-pittsville avenue_2021,5-pittsville avenue,2021,15189.8,6220.9,6755.7,0.9208
5-plank road_2023,5-plank road,2023,12548.0,3137.0,3479.6,0.9015
5-platinum avenue_2016,5-platinum avenue,2016,646952.7,107825.4,17075.6,6.3146
5-pleasant valley avenue_2019,5-pleasant valley avenue,2019,6741.3,3370.7,3292.9,1.0236
5-plymouth road_2023,5-plymouth road,2023,338.0,169.0,3302.1,0.0512
5-plymouth road_2025,5-plymouth road,2025,6500.0,3250.0,3302.1,0.9842
5-poets circle_2022,5-poets circle,2022,3526.0,1763.0,753.9,2.3385
5-poi court_2019,5-poi court,2019,1722.2,861.1,613.5,1.4036
5-poillon avenue_2018,5-poillon avenue,2018,581959.7,58196.0,10104.0,5.7597
5-poland place_2021,5-poland place,2021,8471.8,4235.9,1432.2,2.9576
5-pompey avenue_2024,5-pompey avenue,2024,51334.0,25667.0,26367.0,0.9735
5-pond street_2024,5-pond street,2024,7760.0,3880.0,761.4,5.0959
5-pontiac street_2021,5-pontiac street,2021,2601.6,1300.8,1271.0,1.0234
5-poplar avenue_2024,5-poplar avenue,2024,12840.0,6420.0,3337.8,1.9234
5-port richmond avenue_2022,5-port richmond avenue,2022,71502.1,35751.0,25972.4,1.3765
5-portland place_2018,5-portland place,2018,35308.4,17654.2,2826.3,6.2464
5-portsmouth avenue_2016,5-portsmouth avenue,2016,16385.7,8192.8,2934.5,2.7919
5-post avenue_2019,5-post avenue,2019,246438.7,41073.1,14028.7,2.9278
5-post lane_2019,5-post lane,2019,10437.0,3479.0,862.2,4.035
5-potter avenue_2022,5-potter avenue,2022,17702.0,8851.0,8623.5,1.0264
5-pouch terrace_2019,5-pouch terrace,2019,5382.3,2691.2,4960.2,0.5426
5-pouch terrace_2023,5-pouch terrace,2023,5808.0,2904.0,4960.2,0.5855
5-poultney street_2024,5-poultney street,2024,6132.0,3066.0,3397.3,0.9025
5-prall avenue_2023,5-prall avenue,2023,13254.0,6627.0,5948.4,1.1141
5-pratt court_2025,5-pratt court,2025,1858.0,929.0,1408.3,0.6597
5-prescott avenue_2020,5-prescott avenue,2020,7480.0,3740.0,9589.7,0.39
5-presley street_2023,5-presley street,2023,3424.0,1712.0,1667.1,1.0269
5-princeton avenue_2020,5-princeton avenue,2020,69319.6,17329.9,7250.6,2.3901
5-princewood avenue_2024,5-princewood avenue,2024,6420.0,3210.0,3273.1,0.9807
5-prospect avenue_2018,5-prospect avenue,2018,169095.8,17087.0,12607.6,1.3553
5-prospect street_2023,5-prospect street,2023,10908.0,5454.0,3972.4,1.373
5-providence street_2016,5-providence street,2016,169563.2,28260.5,6493.9,4.3519
5-pulaski avenue_2021,5-pulaski avenue,2021,25792.0,12896.0,8135.9,1.5851
5-purcell street_2019,5-purcell street,2019,81805.7,40902.8,1890.6,21.6348
5-purdue court_2022,5-purdue court,2022,1952.0,976.0,674.8,1.4464
5-purdue street_2022,5-purdue street,2022,6384.0,3192.0,3372.7,0.9464
5-purdy avenue_2016,5-purdy avenue,2016,248095.0,23305.0,14707.4,1.5846
5-purdy avenue_2024,5-purdy avenue,2024,302.0,151.0,14707.4,0.0103
5-putnam place_2018,5-putnam place,2018,7520.0,3760.0,791.0,4.7535
5-queen street_2018,5-queen street,2018,51979.0,12994.8,11482.2,1.1317
5-queensdale street_2024,5-queensdale street,2024,8396.0,4198.0,4111.8,1.021
5-quincy avenue_2023,5-quincy avenue,2023,13882.2,6941.1,7471.0,0.9291
5-quincy avenue_2024,5-quincy avenue,2024,2988.0,1494.0,7471.0,0.2
5-quintard street_2021,5-quintard street,2021,204017.1,92421.9,14124.8,6.5432
5-radcliff road_2019,5-radcliff road,2019,47344.7,23672.4,6188.9,3.825
5-radford street_2022,5-radford street,2022,28680.0,14340.0,1101.2,13.0222
5-rae avenue_2024,5-rae avenue,2024,5734.0,2867.0,2978.7,0.9625
5-railroad avenue_2019,5-railroad avenue,2019,6817.6,3408.8,3493.7,0.9757
5-raily court_2025,5-raily court,2025,4634.0,2317.0,2631.7,0.8804
5-rainbow avenue_2025,5-rainbow avenue,2025,4494.0,2247.0,2347.9,0.957
5-ralph avenue_2018,5-ralph avenue,2018,4873.9,1624.6,2080.2,0.781
5-ralph place_2024,5-ralph place,2024,2722.0,1361.0,1422.2,0.957
5-ramblewood avenue_2021,5-ramblewood avenue,2021,4750.2,2375.1,6310.0,0.3764
5-ramona avenue_2025,5-ramona avenue,2025,20676.0,10338.0,35880.4,0.2881
5-ramsey place_2019,5-ramsey place,2019,1076.4,538.2,573.6,0.9383
5-randall avenue_2016,5-randall avenue,2016,79380.5,15876.1,3251.9,4.8821
5-raritan avenue_2023,5-raritan avenue,2023,49056.0,19360.0,13422.2,1.4424
5-rathbun avenue_2020,5-rathbun avenue,2020,6666.0,3333.0,38331.6,0.087
5-ravenhurst avenue_2024,5-ravenhurst avenue,2024,19576.0,9788.0,7634.9,1.282
5-ravenna street_2024,5-ravenna street,2024,8602.0,4301.0,673.1,6.3898
5-ray street_2022,5-ray street,2022,8464.0,4232.0,544.5,7.7723
5-raymond place_2024,5-raymond place,2024,15912.0,7956.0,6425.4,1.2382
5-rector street_2022,5-rector street,2022,35048.0,17524.0,2911.3,6.0193
5-redwood avenue_2025,5-redwood avenue,2025,14348.0,7174.0,3167.8,2.2647
5-regan avenue_2020,5-regan avenue,2020,19542.0,9771.0,3021.4,3.2339
5-regis drive_2023,5-regis drive,2023,14666.0,7333.0,13375.1,0.5483
5-reid avenue_2023,5-reid avenue,2023,14216.0,7108.0,11133.9,0.6384
5-rene drive_2019,5-rene drive,2019,18853.3,9426.6,2296.8,4.1042
5-renfrew place_2022,5-renfrew place,2022,3966.0,1983.0,1981.9,1.0006
5-renfrew place_2023,5-renfrew place,2023,270.0,135.0,1981.9,0.0681
5-reno avenue_2022,5-reno avenue,2022,24944.2,12472.1,8963.0,1.3915
5-rensselaer avenue_2018,5-rensselaer avenue,2018,405269.6,19298.6,36240.3,0.5325
5-rensselaer avenue_2024,5-rensselaer avenue,2024,7414.0,3707.0,36240.3,0.1023
5-reon avenue_2018,5-reon avenue,2018,27273.8,9091.2,4020.0,2.2615
5-retner street_2019,5-retner street,2019,9538.2,4769.1,1342.7,3.5519
5-revere street_2016,5-revere street,2016,4420.0,1473.3,2737.8,0.5381
5-reynolds street_2019,5-reynolds street,2019,84461.0,16892.2,5866.1,2.8796
5-rhett avenue_2018,5-rhett avenue,2018,1592.9,796.4,1666.3,0.4779
5-rhett avenue_2023,5-rhett avenue,2023,1488.0,744.0,1666.3,0.4465
5-rhine avenue_2025,5-rhine avenue,2025,8448.0,4224.0,7533.0,0.5607
5-rice avenue_2022,5-rice avenue,2022,19500.0,9750.0,9487.4,1.0277
5-richmond avenue_2017,5-richmond avenue,2017,2555525.0,319440.6,286325.6,1.1157
5-richmond avenue_2019,5-richmond avenue,2019,8736995.0,236135.0,286325.6,0.8247
5-richmond avenue_2021,5-richmond avenue,2021,2152121.8,349170.8,286325.6,1.2195
5-richmond avenue_2023,5-richmond avenue,2023,10848.0,5424.0,286325.6,0.0189
5-richmond hill road_2016,5-richmond hill road,2016,6254217.9,739907.0,33043.3,22.392
5-richmond hill road_2024,5-richmond hill road,2024,134388.0,67194.0,33043.3,2.0335
5-richmond road_2016,5-richmond road,2016,985423.5,232622.8,111471.8,2.0868
5-richmond road_2019,5-richmond road,2019,49568996.9,3408351.0,111471.8,30.5759
5-richmond road_2022,5-richmond road,2022,22583.1,11291.6,111471.8,0.1013
5-richmond terrace_2016,5-richmond terrace,2016,353371.8,58895.3,103955.1,0.5665
5-richmond terrace_2017,5-richmond terrace,2017,1635460.6,255066.9,103955.1,2.4536
5-richmond terrace_2020,5-richmond terrace,2020,181196.6,90598.3,103955.1,0.8715
5-richmond terrace_2021,5-richmond terrace,2021,1938697.0,866204.0,103955.1,8.3325
5-richmond terrace_2023,5-richmond terrace,2023,90898.0,45449.0,103955.1,0.4372
5-ridge avenue_2016,5-ridge avenue,2016,280336.3,70084.1,9343.8,7.5006
5-ridge court_2025,5-ridge court,2025,2988.0,1494.0,1395.6,1.0705
5-ridgecrest avenue_2025,5-ridgecrest avenue,2025,52134.0,26067.0,13394.2,1.9461
5-ridgefield avenue_2025,5-ridgefield avenue,2025,1232.0,616.0,517.4,1.1906
5-ridgewood avenue_2025,5-ridgewood avenue,2025,46622.0,23311.0,19187.9,1.2149
5-ridgewood place_2022,5-ridgewood place,2022,5240.0,2620.0,2746.5,0.9539
5-riedel avenue_2022,5-riedel avenue,2022,14472.5,7236.2,12512.4,0.5783
5-riegelmann street_2021,5-riegelmann street,2021,5080.0,2540.0,3021.3,0.8407
5-riley place_2021,5-riley place,2021,9224.5,4612.3,1501.7,3.0714
5-rivington avenue_2023,5-rivington avenue,2023,21828.0,10183.0,7938.3,1.2828
5-robin road_2019,5-robin road,2019,39209.3,13069.8,6655.3,1.9638
5-robinson avenue_2020,5-robinson avenue,2020,60773.7,29512.0,13089.2,2.2547
5-rochelle place_2018,5-rochelle place,2018,25440.0,8480.0,4304.8,1.9699
5-rochelle street_2016,5-rochelle street,2016,4576.5,2288.2,2346.3,0.9752
5-rockaway street_2016,5-rockaway street,2016,4276.1,2138.0,7220.4,0.2961
5-rockland avenue_2018,5-rockland avenue,2018,3042425.6,279758.7,51591.6,5.4226
5-rockland avenue_2019,5-rockland avenue,2019,8324228.9,693685.7,51591.6,13.4457
5-rockland avenue_2021,5-rockland avenue,2021,2666.6,1333.3,51591.6,0.0258
5-rockne street_2022,5-rockne street,2022,9154.0,4577.0,5214.7,0.8777
5-rockville avenue_2023,5-rockville avenue,2023,708.0,354.0,3846.3,0.092
5-rockwell avenue_2019,5-rockwell avenue,2019,10629.0,5314.5,2176.5,2.4418
5-roderick avenue_2019,5-roderick avenue,2019,15066.6,7533.3,2446.3,3.0795
5-roe street_2023,5-roe street,2023,3984.0,1992.0,3019.0,0.6598
5-rogers place_2024,5-rogers place,2024,2660.0,1330.0,1470.0,0.9048
5-rokeby place_2023,5-rokeby place,2023,4534.0,2267.0,2377.3,0.9536
5-rolling hill green_2022,5-rolling hill green,2022,227136.0,113568.0,4738.2,23.9686
5-roman avenue_2018,5-roman avenue,2018,24245.1,8081.7,6832.7,1.1828
5-rome avenue_2016,5-rome avenue,2016,14563.3,4854.4,8134.8,0.5967
5-ronald avenue_2019,5-ronald avenue,2019,72600.0,36300.0,2760.0,13.1522
5-roosevelt avenue_2020,5-roosevelt avenue,2020,42443.4,21221.7,5948.5,3.5676
5-roosevelt street_2024,5-roosevelt street,2024,6132.0,3066.0,543.3,5.6433
5-rose avenue_2020,5-rose avenue,2020,46632.8,23316.4,12559.5,1.8565
5-rosecliff road_2023,5-rosecliff road,2023,4500.0,2250.0,2213.7,1.0164
5-rosewood place_2024,5-rosewood place,2024,5932.0,2966.0,719.0,4.1252
5-ross avenue_2022,5-ross avenue,2022,16860.0,8430.0,11901.4,0.7083
5-rossville avenue_2018,5-rossville avenue,2018,591422.7,84489.0,26073.7,3.2404
5-rossville avenue_2022,5-rossville avenue,2022,778.0,389.0,26073.7,0.0149
5-roswell avenue_2020,5-roswell avenue,2020,40798.7,13599.6,4828.8,2.8164
5-roswell avenue_2023,5-roswell avenue,2023,272.0,136.0,4828.8,0.0282
5-royal oak road_2022,5-royal oak road,2022,15842.0,7921.0,7916.8,1.0005
5-rubenstein street_2025,5-rubenstein street,2025,1528.0,764.0,958.2,0.7973
5-rudyard street_2024,5-rudyard street,2024,6590.0,3295.0,3414.3,0.9651
5-rugby avenue_2025,5-rugby avenue,2025,11902.0,5951.0,4565.1,1.3036
5-ruggles street_2025,5-ruggles street,2025,3826.0,1913.0,1617.7,1.1825
5-rupert avenue_2020,5-rupert avenue,2020,36716.5,16369.6,6156.6,2.6589
5-russek drive_2022,5-russek drive,2022,11330.0,5665.0,5363.1,1.0563
5-russell street_2022,5-russell street,2022,8364.0,4182.0,3878.3,1.0783
5-russell street_2023,5-russell street,2023,160.0,80.0,3878.3,0.0206
5-ruth street_2021,5-ruth street,2021,2419.8,1209.9,1497.0,0.8082
5-ruxton avenue_2024,5-ruxton avenue,2024,640.0,320.0,2156.5,0.1484
5-rye avenue_2018,5-rye avenue,2018,59162.1,23494.0,6597.0,3.5613
5-sampson avenue_2025,5-sampson avenue,2025,5006.0,2503.0,4158.6,0.6019
5-sand lane_2018,5-sand lane,2018,557599.6,139399.9,18493.2,7.5379
5-sandalwood drive_2025,5-sandalwood drive,2025,18044.0,9022.0,9928.5,0.9087
5-sanders street_2023,5-sanders street,2023,5128.0,2564.0,2530.9,1.0131
5-sanford place_2022,5-sanford place,2022,7550.4,3775.2,4343.2,0.8692
5-saunder street_2021,5-saunder street,2021,1564.4,782.2,836.1,0.9355
5-sawyer avenue_2023,5-sawyer avenue,2023,12232.0,6116.0,5586.5,1.0948
5-saxon avenue_2020,5-saxon avenue,2020,48609.6,20853.1,6532.0,3.1925
5-scarsdale street_2024,5-scarsdale street,2024,1998.0,999.0,1405.2,0.7109
5-scheffelin avenue_2024,5-scheffelin avenue,2024,5300.0,2650.0,2506.7,1.0572
5-schley avenue_2023,5-schley avenue,2023,2916.0,1458.0,2642.0,0.5519
5-schley avenue_2025,5-schley avenue,2025,2480.0,1240.0,2642.0,0.4693
5-schmidts lane_2018,5-schmidts lane,2018,331655.7,104194.1,8471.1,12.2999
5-schuyler street_2023,5-schuyler street,2023,232.0,116.0,952.3,0.1218
5-scranton street_2016,5-scranton street,2016,21133.3,10566.6,513.1,20.5936
5-scribner avenue_2018,5-scribner avenue,2018,34160.6,17080.3,4855.4,3.5178
5-scribner avenue_2023,5-scribner avenue,2023,173.3,86.7,4855.4,0.0179
5-seaver avenue_2023,5-seaver avenue,2023,155826.0,51942.0,13039.3,3.9835
5-seaview avenue_2016,5-seaview avenue,2016,154428.8,22061.3,46027.2,0.4793
5-seaview avenue_2024,5-seaview avenue,2024,239568.0,107140.0,46027.2,2.3278
5-seeley lane_2021,5-seeley lane,2021,77247.1,13623.6,1397.3,9.7499
5-seguine avenue_2019,5-seguine avenue,2019,43343.3,21671.6,19584.2,1.1066
5-seguine place_2022,5-seguine place,2022,9026.0,4513.0,5348.8,0.8437
5-seidman avenue_2020,5-seidman avenue,2020,34431.8,16024.0,10021.9,1.5989
5-selkirk street_2024,5-selkirk street,2024,5024.0,2512.0,2542.4,0.988
5-seneca avenue_2016,5-seneca avenue,2016,25776.4,6870.2,7300.8,0.941
5-serrell avenue_2018,5-serrell avenue,2018,100179.3,16696.6,5917.3,2.8217
5-seymour avenue_2021,5-seymour avenue,2021,31649.8,10820.0,1801.3,6.0068
5-shale street_2022,5-shale street,2022,10196.2,5098.1,4101.1,1.2431
5-sharon lane_2025,5-sharon lane,2025,3548.0,1774.0,1494.5,1.187
5-sharpe avenue_2021,5-sharpe avenue,2021,29574.0,14353.7,8694.4,1.6509
5-sharrotts road_2018,5-sharrotts road,2018,283507.6,70876.9,22995.6,3.0822
5-sharrotts road_2021,5-sharrotts road,2021,124176.6,49021.7,22995.6,2.1318
5-shaughnessy lane_2025,5-shaughnessy lane,2025,3928.0,1964.0,1937.2,1.0138
5-shaw place_2023,5-shaw place,2023,1766.0,883.0,906.3,0.9743
5-shawnee street_2021,5-shawnee street,2021,1853.7,926.9,1228.3,0.7546
5-sheffield street_2020,5-sheffield street,2020,10028.4,5014.2,1424.2,3.5207
5-sheldon avenue_2018,5-sheldon avenue,2018,72863.6,18215.9,35020.5,0.5201
5-sheldon avenue_2020,5-sheldon avenue,2020,11400.2,5700.1,35020.5,0.1628
5-sheldon avenue_2024,5-sheldon avenue,2024,7094.0,3547.0,35020.5,0.1013
5-shepard avenue_2021,5-shepard avenue,2021,5501.9,2751.0,2836.1,0.97
5-sheridan place_2024,5-sheridan place,2024,3222.0,1611.0,1810.7,0.8897
5-sherman avenue_2018,5-sherman avenue,2018,19109.6,4777.4,4668.8,1.0233
5-sherrill avenue_2024,5-sherrill avenue,2024,1160.0,580.0,,
5-shiel avenue_2022,5-shiel avenue,2022,6084.7,3042.3,6549.4,0.4645
5-shields place_2016,5-shields place,2016,10080.0,5040.0,382.5,13.1765
5-shiloh street_2019,5-shiloh street,2019,19608.0,9804.0,5067.0,1.9349
5-shirley avenue_2020,5-shirley avenue,2020,41731.3,18956.3,18524.5,1.0233
5-shirra avenue_2021,5-shirra avenue,2021,29693.3,13086.6,3471.4,3.7698
5-shore road_2021,5-shore road,2021,3342.7,1671.3,10902.6,0.1533
5-shotwell avenue_2019,5-shotwell avenue,2019,57582.6,28791.3,7893.2,3.6476
5-shotwell avenue_2024,5-shotwell avenue,2024,3628.0,1814.0,7893.2,0.2298
5-signal hill road_2025,5-signal hill road,2025,33360.0,16680.0,2305.0,7.2364
5-signs road_2017,5-signs road,2017,545502.9,68187.9,10794.6,6.3169
5-silver lake park road_2024,5-silver lake park road,2024,336.0,168.0,557.8,0.3012
5-simonson avenue_2019,5-simonson avenue,2019,651616.1,93088.0,9829.5,9.4703
5-simonson place_2021,5-simonson place,2021,15914.1,7187.8,3079.7,2.3339
5-simpson street_2023,5-simpson street,2023,2464.0,1232.0,1402.4,0.8785
5-sinclair avenue_2018,5-sinclair avenue,2018,108634.8,27158.7,40746.3,0.6665
5-sinclair avenue_2020,5-sinclair avenue,2020,6820.0,3410.0,40746.3,0.0837
5-slaight street_2022,5-slaight street,2022,2996.0,1498.0,1654.2,0.9056
5-slayton avenue_2022,5-slayton avenue,2022,5174.0,2587.0,2951.9,0.8764
5-sleepy hollow road_2023,5-sleepy hollow road,2023,14872.0,7436.0,2955.4,2.5161
5-sleight avenue_2017,5-sleight avenue,2017,879474.1,13561.8,6948.4,1.9518
5-sleight avenue_2018,5-sleight avenue,2018,832176.3,1737.3,6948.4,0.25
5-sloane avenue_2022,5-sloane avenue,2022,9360.0,4680.0,839.5,5.5747
5-slosson avenue_2016,5-slosson avenue,2016,644266.2,131465.7,26999.2,4.8692
5-smith avenue_2022,5-smith avenue,2022,4746.0,2373.0,2498.9,0.9496
5-smith street_2019,5-smith street,2019,1490.6,745.3,840.8,0.8864
5-snug harbor road_2023,5-snug harbor road,2023,22556.0,11278.0,3970.3,2.8406
5-sommers lane_2024,5-sommers lane,2024,5576.0,2788.0,2937.5,0.9491
5-soren street_2020,5-soren street,2020,16735.3,8367.6,4364.0,1.9174
5-south avenue_2018,5-south avenue,2018,53559235.6,1184019.6,72267.0,16.384
5-south avenue_2024,5-south avenue,2024,41212.0,20606.0,72267.0,0.2851
5-south beach avenue_2023,5-south beach avenue,2023,3844.0,1922.0,633.2,3.0354
5-south bridge street_2016,5-south bridge street,2016,25480.0,8493.3,1254.9,6.7681
5-south gannon avenue_2016,5-south gannon avenue,2016,824571.5,105543.7,28908.6,3.6509
5-south gannon avenue_2018,5-south gannon avenue,2018,292062.4,41499.1,28908.6,1.4355
5-south goff avenue_2023,5-south goff avenue,2023,7912.0,3956.0,5494.4,0.72
5-south greenleaf avenue_2019,5-south greenleaf avenue,2019,3524.3,1762.2,9988.4,0.1764
5-south greenleaf avenue_2023,5-south greenleaf avenue,2023,11706.0,5853.0,9988.4,0.586
5-south railroad avenue_2017,5-south railroad avenue,2017,6776.7,3388.4,54318.7,0.0624
5-south railroad avenue_2018,5-south railroad avenue,2018,66201.1,33100.6,54318.7,0.6094
5-south railroad avenue_2023,5-south railroad avenue,2023,15794.0,7897.0,54318.7,0.1454
5-south railroad street_2025,5-south railroad street,2025,13216.0,6608.0,9122.2,0.7244
5-south street austins place_2023,5-south street austins place,2023,2492.0,1246.0,1157.3,1.0766
5-spark place_2019,5-spark place,2019,4464.0,2232.0,1845.7,1.2093
5-sparkill avenue_2016,5-sparkill avenue,2016,108137.3,27034.3,6755.2,4.002
5-spartan avenue_2023,5-spartan avenue,2023,16404.0,8202.0,5022.3,1.6331
5-speedwell avenue_2023,5-speedwell avenue,2023,16102.0,5594.0,5293.8,1.0567
5-spencer street_2019,5-spencer street,2019,18880.1,9440.0,217.6,43.3824
5-spirit lane_2024,5-spirit lane,2024,200.0,100.0,1235.3,0.081
5-spring street_2016,5-spring street,2016,193463.5,48365.9,7476.2,6.4693
5-springfield avenue_2021,5-springfield avenue,2021,5467.0,2733.5,2040.4,1.3397
5-spruce street_2022,5-spruce street,2022,2446.0,1223.0,1049.0,1.1659
5-stack drive_2022,5-stack drive,2022,6634.0,3317.0,3037.8,1.0919
5-stafford avenue_2018,5-stafford avenue,2018,21340.4,10670.2,29435.0,0.3625
5-stanley avenue_2018,5-stanley avenue,2018,1312197.8,100938.3,5731.5,17.6111
5-stanley avenue_2024,5-stanley avenue,2024,176.0,88.0,5731.5,0.0154
5-starbuck street_2025,5-starbuck street,2025,4690.0,2345.0,2240.7,1.0465
5-starlight road_2025,5-starlight road,2025,4132.0,2066.0,325.6,6.3452
5-starr avenue_2024,5-starr avenue,2024,7168.0,3584.0,1699.5,2.1089
5-state street_2022,5-state street,2022,1772.0,886.0,878.6,1.0084
5-staten island boulevard_2016,5-staten island boulevard,2016,34033.3,8508.3,3292.2,2.5844
5-stebbins avenue_2022,5-stebbins avenue,2022,4000.0,2000.0,2086.7,0.9585
5-stecher street_2022,5-stecher street,2022,13966.0,6983.0,6525.5,1.0701
5-steers street_2020,5-steers street,2020,3433.3,1716.7,1985.2,0.8647
5-steinway avenue_2022,5-steinway avenue,2022,16330.0,8165.0,8291.4,0.9848
5-sterling avenue_2020,5-sterling avenue,2020,34780.9,17390.4,5343.2,3.2547
5-steuben street_2016,5-steuben street,2016,4960.0,413.3,15008.8,0.0275
5-stewart avenue_2017,5-stewart avenue,2017,29595.1,14797.6,11897.5,1.2438
5-stieg avenue_2021,5-stieg avenue,2021,4598.0,2299.0,5775.6,0.3981
5-stratford avenue_2025,5-stratford avenue,2025,9660.0,4830.0,2390.1,2.0208
5-strauss street_2025,5-strauss street,2025,1466.0,733.0,682.7,1.0737
5-street andrew south road_2019,5-street andrew south road,2019,29973.3,1873.3,,
5-street andrews place_2023,5-street andrews place,2023,7982.0,3991.0,2333.0,1.7107
5-street andrews road_2019,5-street andrews road,2019,463082.6,28942.7,8846.9,3.2715
5-street anthony place_2024,5-street anthony place,2024,1524.0,762.0,614.6,1.2398
5-street austins place_2023,5-street austins place,2023,36540.0,12180.0,1932.7,6.3021
5-street george road_2019,5-street george road,2019,199674.2,33060.5,9680.4,3.4152
5-street john avenue_2020,5-street john avenue,2020,7080.0,3540.0,3781.0,0.9363
5-street johns avenue_2023,5-street johns avenue,2023,226.7,113.3,12614.3,0.009
5-street luke south avenue_2018,5-street luke south avenue,2018,904.0,452.0,,
5-street lukes avenue_2018,5-street lukes avenue,2018,2473.3,1236.7,954.0,1.2963
5-street marks place_2023,5-street marks place,2023,350.0,175.0,11822.4,0.0148
5-street marys avenue_2019,5-street marys avenue,2019,22209.7,11104.8,7788.2,1.4258
5-street patricks place_2019,5-street patricks place,2019,14160.0,7080.0,2591.7,2.7318
5-sturges street_2023,5-sturges street,2023,8336.0,4168.0,3844.7,1.0841
5-stuyvesant place_2023,5-stuyvesant place,2023,9358.0,4679.0,4559.9,1.0261
5-summer street_2022,5-summer street,2022,4872.0,2436.0,1235.4,1.9718
5-summit place_2024,5-summit place,2024,5458.0,2729.0,2713.6,1.0057
5-sumner avenue_2021,5-sumner avenue,2021,31006.7,15503.4,3458.1,4.4832
5-sumner place_2018,5-sumner place,2018,23613.3,5626.7,2604.9,2.16
5-sunfield avenue_2020,5-sunfield avenue,2020,14060.0,7030.0,2646.7,2.6561
5-sunnyside terrace_2025,5-sunnyside terrace,2025,7148.0,3574.0,3505.0,1.0197
5-susanna lane_2024,5-susanna lane,2024,480.0,240.0,1004.7,0.2389
5-sussex green_2022,5-sussex green,2022,4032.0,2016.0,372.1,5.4179
5-sutton place_2022,5-sutton place,2022,2246.0,1123.0,555.5,2.0216
5-swaim avenue_2024,5-swaim avenue,2024,7884.0,3942.0,2268.0,1.7381
5-swan street_2022,5-swan street,2022,14012.0,7006.0,2179.6,3.2144
5-sweetbrook road_2018,5-sweetbrook road,2018,132687.5,26537.5,3858.0,6.8786
5-swinnerton street_2024,5-swinnerton street,2024,6572.0,3286.0,14619.7,0.2248
5-sycamore street_2016,5-sycamore street,2016,604177.6,35539.9,26555.2,1.3383
5-sylva lane_2025,5-sylva lane,2025,3396.0,1698.0,752.8,2.2556
5-sylvan place_2024,5-sylvan place,2024,132.0,66.0,557.6,0.1184
5-sylvaton terrace_2025,5-sylvaton terrace,2025,5522.0,2761.0,2722.2,1.0143
5-tabb place_2021,5-tabb place,2021,4391.7,1463.9,1907.1,0.7676
5-tacoma street_2016,5-tacoma street,2016,17284.7,8642.3,5534.6,1.5615
5-taft avenue_2018,5-taft avenue,2018,12173.4,4057.8,3879.2,1.046
5-taft avenue_2023,5-taft avenue,2023,200.0,100.0,3879.2,0.0258
5-taft court_2020,5-taft court,2020,12362.6,6181.3,1468.1,4.2104
5-talbot place_2023,5-talbot place,2023,2826.0,1413.0,1543.0,0.9157
5-tanglewood drive_2018,5-tanglewood drive,2018,53465.0,26732.5,6602.4,4.0489
5-targee street_2016,5-targee street,2016,837694.4,93077.2,46567.3,1.9988
5-tarlee place_2021,5-tarlee place,2021,12000.0,6000.0,1633.8,3.6724
5-tate street_2018,5-tate street,2018,4666.6,2333.3,398.0,5.8626
5-taxter place_2024,5-taxter place,2024,2668.0,1334.0,362.2,3.683
5-teakwood court_2025,5-teakwood court,2025,1954.0,977.0,839.4,1.1639
5-tenafly place_2025,5-tenafly place,2025,19504.0,9752.0,1495.8,6.5196
5-terrace avenue_2024,5-terrace avenue,2024,3000.0,1500.0,1611.8,0.9306
5-thames avenue_2021,5-thames avenue,2021,2317.0,1158.5,1516.2,0.7641
5-the oval_2016,5-the oval,2016,25628.4,12814.2,1462.6,8.7612
5-theresa place_2019,5-theresa place,2019,18441.7,9220.8,1606.7,5.739
5-theresa place_2024,5-theresa place,2024,232.0,116.0,1606.7,0.0722
5-thomas street_2019,5-thomas street,2019,74845.0,28554.8,12879.6,2.2171
5-thomas street_2022,5-thomas street,2022,5572.0,2786.0,12879.6,0.2163
5-thompson place_2023,5-thompson place,2023,202.2,101.1,760.8,0.1329
5-thompson place_2025,5-thompson place,2025,1644.0,822.0,760.8,1.0804
5-thompson street_2024,5-thompson street,2024,7694.0,3847.0,2860.6,1.3448
5-thurston street_2021,5-thurston street,2021,5527.5,2763.8,1470.5,1.8795
5-tiber place_2016,5-tiber place,2016,13586.7,6793.3,2245.1,3.0258
5-tilden street_2018,5-tilden street,2018,9719.1,4859.6,138.4,35.1127
5-tillman street_2018,5-tillman street,2018,50038.3,25019.2,9505.3,2.6321
5-tioga street_2016,5-tioga street,2016,12428.2,4142.7,4319.9,0.959
5-toddy avenue_2023,5-toddy avenue,2023,5506.0,2753.0,3119.4,0.8825
5-todt hill court_2024,5-todt hill court,2024,770.0,385.0,269.0,1.4312
5-todt hill road_2018,5-todt hill road,2018,43933.2,21966.6,30018.2,0.7318
5-todt hill road_2020,5-todt hill road,2020,221278.9,110639.4,30018.2,3.6857
5-todt hill road_2024,5-todt hill road,2024,116136.0,58068.0,30018.2,1.9344
5-token street_2020,5-token street,2020,8775.5,4387.8,4547.9,0.9648
5-tompkins avenue_2017,5-tompkins avenue,2017,23895.8,11947.9,36240.4,0.3297
5-tompkins avenue_2023,5-tompkins avenue,2023,27273.6,13636.8,36240.4,0.3763
5-tompkins circle_2024,5-tompkins circle,2024,97740.0,48870.0,2035.4,24.01
5-tonking road_2022,5-tonking road,2022,4088.0,2044.0,296.1,6.9031
5-totten street_2024,5-totten street,2024,1764.0,882.0,899.0,0.9811
5-townsend avenue_2019,5-townsend avenue,2019,42942.6,21471.3,5717.6,3.7553
5-trantor place_2018,5-trantor place,2018,278133.1,39733.3,18382.8,2.1614
5-travis avenue_2020,5-travis avenue,2020,550115.8,68764.5,39014.7,1.7625
5-travis avenue_2022,5-travis avenue,2022,65286.0,32643.0,39014.7,0.8367
5-treadwell avenue_2021,5-treadwell avenue,2021,45166.7,22583.4,8491.0,2.6597
5-tremont avenue_2023,5-tremont avenue,2023,5818.0,2909.0,3052.0,0.9531
5-trinity place_2025,5-trinity place,2025,3166.0,1583.0,1459.1,1.0849
5-trossach road_2024,5-trossach road,2024,3692.0,1846.0,2151.1,0.8582
5-truman street_2023,5-truman street,2023,3616.7,1808.3,1626.3,1.1119
5-trumbull place_2018,5-trumbull place,2018,2613.6,1306.8,882.1,1.4815
5-tryon avenue_2019,5-tryon avenue,2019,2524.9,1262.4,1401.3,0.9009
5-tuckahoe avenue_2023,5-tuckahoe avenue,2023,7630.0,3815.0,3930.5,0.9706
5-tudor street_2025,5-tudor street,2025,5742.0,2871.0,3002.9,0.9561
5-tulip circle_2022,5-tulip circle,2022,2100.0,1050.0,574.4,1.828
5-turf road_2019,5-turf road,2019,33930.1,16965.0,1874.0,9.0528
5-tynan street_2020,5-tynan street,2020,22840.0,11420.0,3916.9,2.9156
5-tyrellan avenue_2020,5-tyrellan avenue,2020,39199.5,19599.8,11594.3,1.6905
5-tyrrell street_2022,5-tyrrell street,2022,4814.7,2407.3,1879.1,1.2811
5-tysen street_2018,5-tysen street,2018,61204.2,20401.4,4518.6,4.515
5-tysens lane_2020,5-tysens lane,2020,61368.8,30684.4,44321.8,0.6923
5-uncas avenue_2024,5-uncas avenue,2024,18036.0,9018.0,6198.0,1.455
5-union avenue_2024,5-union avenue,2024,23972.0,11986.0,12511.2,0.958
5-union place_2024,5-union place,2024,2256.0,1128.0,1368.3,0.8244
5-upton street_2016,5-upton street,2016,27027.4,6756.9,4005.9,1.6867
5-urbana street_2023,5-urbana street,2023,3750.0,1875.0,2986.8,0.6278
5-utah street_2016,5-utah street,2016,7464.4,3732.2,1332.4,2.8011
5-utter avenue_2022,5-utter avenue,2022,10398.0,5199.0,5065.6,1.0263
5-uxbridge street_2022,5-uxbridge street,2022,5608.0,2804.0,3137.2,0.8938
5-valdemar avenue_2024,5-valdemar avenue,2024,11890.0,5945.0,2507.9,2.3705
5-valencia avenue_2023,5-valencia avenue,2023,9829.0,3328.0,3339.9,0.9964
5-van buren street_2018,5-van buren street,2018,27890.5,9296.8,5948.7,1.5628
5-van cortlandt avenue_2025,5-van cortlandt avenue,2025,9268.0,4634.0,4640.8,0.9985
5-van duzer street_2019,5-van duzer street,2019,1057846.0,117538.4,32960.1,3.5661
5-van name avenue_2023,5-van name avenue,2023,3914.0,1957.0,18957.0,0.1032
5-van name avenue_2024,5-van name avenue,2024,30996.0,15498.0,18957.0,0.8175
5-van pelt avenue_2024,5-van pelt avenue,2024,39312.0,19656.0,12429.5,1.5814
5-van tuyl street_2018,5-van tuyl street,2018,2914.2,971.4,1038.3,0.9356
5-vanderbilt avenue_2022,5-vanderbilt avenue,2022,68810.0,34405.0,23241.7,1.4803
5-vassar street_2022,5-vassar street,2022,14220.0,7110.0,7414.1,0.959
5-vaughan street_2025,5-vaughan street,2025,2424.0,1212.0,1245.1,0.9734
5-vedder avenue_2021,5-vedder avenue,2021,21057.0,10528.5,4476.6,2.3519
5-veith place_2025,5-veith place,2025,240.0,120.0,730.7,0.1642
5-veltman avenue_2024,5-veltman avenue,2024,8896.0,4448.0,3564.5,1.2479
5-vera street_2024,5-vera street,2024,2184.0,1092.0,3606.9,0.3028
5-vermont avenue_2019,5-vermont avenue,2019,17432.6,8716.3,4375.7,1.992
5-vernon avenue_2018,5-vernon avenue,2018,23452.9,7817.6,20632.2,0.3789
5-vernon avenue_2021,5-vernon avenue,2021,21723.6,10861.8,20632.2,0.5264
5-vernon avenue_2022,5-vernon avenue,2022,1768.0,884.0,20632.2,0.0428
5-vespa avenue_2024,5-vespa avenue,2024,19120.0,9560.0,5481.7,1.744
5-veterans road east_2018,5-veterans road east,2018,3514606.0,439325.8,41376.0,10.6179
5-veterans road east_2019,5-veterans road east,2019,183124.5,16618.4,41376.0,0.4016
5-veterans road west_2016,5-veterans road west,2016,596936.4,85276.6,55528.6,1.5357
5-veterans road west_2017,5-veterans road west,2017,1789649.6,198850.0,55528.6,3.581
5-veterans road west_2019,5-veterans road west,2019,169293.3,42323.3,55528.6,0.7622
5-victory boulevard_2016,5-victory boulevard,2016,2386454.2,397742.4,164475.7,2.4182
5-victory boulevard_2018,5-victory boulevard,2018,1669475.8,310937.3,164475.7,1.8905
5-victory boulevard_2019,5-victory boulevard,2019,65465.1,32732.6,164475.7,0.199
5-victory boulevard_2020,5-victory boulevard,2020,846579.2,334500.4,164475.7,2.0337
5-victory boulevard_2024,5-victory boulevard,2024,307254.0,153627.0,164475.7,0.934
5-villa nova street_2019,5-villa nova street,2019,6443.1,3221.6,3306.4,0.9744
5-vine street_2018,5-vine street,2018,2256.8,1128.4,971.8,1.1611
5-vineland avenue_2020,5-vineland avenue,2020,86778.7,21694.7,19539.9,1.1103
5-vineland avenue_2024,5-vineland avenue,2024,6232.0,3116.0,19539.9,0.1595
5-virginia avenue_2018,5-virginia avenue,2018,152648.9,21807.0,13792.2,1.5811
5-vista avenue_2016,5-vista avenue,2016,33723.8,8431.0,5879.6,1.4339
5-vogel avenue_2024,5-vogel avenue,2024,5944.0,2972.0,5145.4,0.5776
5-vogel place_2021,5-vogel place,2021,1683.3,841.7,811.1,1.0377
5-von braun avenue_2019,5-von braun avenue,2019,4028.0,2014.0,2165.4,0.9301
5-vreeland street_2022,5-vreeland street,2022,3990.0,1995.0,2867.5,0.6957
5-wade street_2021,5-wade street,2021,10804.3,5402.2,1313.7,4.1122
5-wadsworth avenue_2025,5-wadsworth avenue,2025,10306.0,5153.0,5094.5,1.0115
5-wainwright avenue_2017,5-wainwright avenue,2017,98830.4,49415.2,28553.7,1.7306
5-wainwright avenue_2018,5-wainwright avenue,2018,883232.1,82506.1,28553.7,2.8895
5-walbrooke avenue_2020,5-walbrooke avenue,2020,16186.2,8093.1,4651.7,1.7398
5-walcott avenue_2020,5-walcott avenue,2020,114558.4,28639.6,7629.5,3.7538
5-waldo place_2021,5-waldo place,2021,2921.0,1460.5,1303.9,1.1201
5-waldron avenue_2024,5-waldron avenue,2024,17916.0,8958.0,3496.7,2.5618
5-wales place_2023,5-wales place,2023,3236.0,1618.0,1843.6,0.8776
5-walker court_2018,5-walker court,2018,1409.9,705.0,1109.9,0.6352
5-walker street_2021,5-walker street,2021,106901.1,52260.6,14434.9,3.6204
5-wallace avenue_2023,5-wallace avenue,2023,6252.0,3126.0,2969.6,1.0527
5-walloon street_2019,5-walloon street,2019,13108.3,6554.2,1630.7,4.0193
5-walnut street_2022,5-walnut street,2022,13386.0,6693.0,3651.9,1.8327
5-walters avenue_2016,5-walters avenue,2016,6563.4,3281.7,3335.6,0.9838
5-ward avenue_2024,5-ward avenue,2024,19324.0,9662.0,7284.1,1.3265
5-wardwell avenue_2024,5-wardwell avenue,2024,10204.0,5102.0,5343.9,0.9547
5-warwick avenue_2016,5-warwick avenue,2016,5612.8,1870.9,5700.0,0.3282
5-washington avenue_2020,5-washington avenue,2020,100793.4,20158.7,7662.3,2.6309
5-washington place_2022,5-washington place,2022,3390.0,1695.0,1647.4,1.0289
5-watchogue road_2020,5-watchogue road,2020,139223.6,62322.8,24328.7,2.5617
5-waterbury avenue_2024,5-waterbury avenue,2024,33632.0,16816.0,2664.9,6.3102
5-waters avenue_2021,5-waters avenue,2021,33850.1,16925.0,10543.6,1.6052
5-watkins avenue_2023,5-watkins avenue,2023,10698.0,5349.0,4272.7,1.2519
5-wayne street_2023,5-wayne street,2023,12302.0,4874.0,3471.5,1.404
5-weaver street_2020,5-weaver street,2020,23292.0,6046.0,6212.8,0.9732
5-webster avenue_2024,5-webster avenue,2024,3856.0,1928.0,1757.5,1.097
5-wellbrook avenue_2017,5-wellbrook avenue,2017,42609.3,21304.6,8622.3,2.4709
5-wellbrook avenue_2020,5-wellbrook avenue,2020,2801.3,1400.7,8622.3,0.1625
5-welles court_2020,5-welles court,2020,2000.0,1000.0,1096.9,0.9117
5-wellington court_2016,5-wellington court,2016,198320.5,33053.4,5270.2,6.2718
5-wemple street_2023,5-wemple street,2023,25912.0,12956.0,3400.8,3.8097
5-wenlock street_2019,5-wenlock street,2019,35092.0,17546.0,4243.5,4.1348
5-wentworth avenue_2023,5-wentworth avenue,2023,11612.0,5806.0,3123.0,1.8591
5-weser avenue_2024,5-weser avenue,2024,6574.0,3287.0,5429.7,0.6054
5-west cedarview avenue_2022,5-west cedarview avenue,2022,8130.0,4065.0,11943.1,0.3404
5-west service road_2017,5-west service road,2017,15383.4,3076.7,18674.8,0.1648
5-west shore expressway_2017,5-west shore expressway,2017,3628284.0,273496.7,,
5-west shore expressway_2023,5-west shore expressway,2023,9942.0,4971.0,,
5-west shore parkway_2016,5-west shore parkway,2016,10193.3,5096.6,810.4,6.289
5-west shr expwy nb en arthur kill road_2025,5-west shr expwy nb en arthur kill road,2025,1136.0,568.0,2680.4,0.2119
5-west street_2023,5-west street,2023,4928.0,2464.0,1577.0,1.5625
5-west terrace_2023,5-west terrace,2023,17494.0,8747.0,5107.8,1.7125
5-westbrook avenue_2022,5-westbrook avenue,2022,6030.0,3015.0,3227.5,0.9342
5-westcott boulevard_2022,5-westcott boulevard,2022,25692.0,12846.0,12852.1,0.9995
5-westentry road_2016,5-westentry road,2016,13361.3,6680.6,529.9,12.6073
5-western avenue_2016,5-western avenue,2016,12739.9,606.7,12400.7,0.0489
5-western avenue_2019,5-western avenue,2019,450492.2,113939.4,12400.7,9.1881
5-westervelt avenue_2023,5-westervelt avenue,2023,38651.1,19325.6,14196.9,1.3613
5-westfield avenue_2024,5-westfield avenue,2024,2956.0,1478.0,2092.0,0.7065
5-westport street_2021,5-westport street,2021,31244.4,15622.2,3229.2,4.8378
5-westwood avenue_2022,5-westwood avenue,2022,56108.0,28054.0,38766.1,0.7237
5-wetmore road_2025,5-wetmore road,2025,9288.0,4644.0,394.2,11.7808
5-wheeler avenue_2016,5-wheeler avenue,2016,29688.8,5937.8,7291.1,0.8144
5-wheeling avenue_2024,5-wheeling avenue,2024,8526.0,4263.0,3970.0,1.0738
5-white place_2025,5-white place,2025,2242.0,1121.0,1110.6,1.0094
5-white plains avenue_2019,5-white plains avenue,2019,5453.4,2726.7,1090.6,2.5002
5-white street_2019,5-white street,2019,3355.6,1677.8,1147.0,1.4628
5-whitewood avenue_2021,5-whitewood avenue,2021,17717.6,8858.8,4817.3,1.839
5-wilbur place_2024,5-wilbur place,2024,328.0,164.0,884.6,0.1854
5-wilcox street_2023,5-wilcox street,2023,29026.0,14513.0,10125.6,1.4333
5-wild avenue_2017,5-wild avenue,2017,388970.8,129656.9,9925.2,13.0634
5-wild avenue_2023,5-wild avenue,2023,27676.0,13838.0,9925.2,1.3942
5-wilder avenue_2019,5-wilder avenue,2019,129484.9,14387.2,13281.8,1.0832
5-willard avenue_2020,5-willard avenue,2020,12963.6,5551.6,6191.0,0.8967
5-william avenue_2022,5-william avenue,2022,52464.0,26232.0,4433.9,5.9162
5-william street_2024,5-william street,2024,6756.0,3378.0,927.0,3.644
5-willis avenue_2024,5-willis avenue,2024,4286.0,2143.0,1908.8,1.1227
5-willow road east_2016,5-willow road east,2016,2953.3,1476.7,18232.4,0.081
5-willow road east_2017,5-willow road east,2017,611471.1,61147.1,18232.4,3.3538
5-willow road west_2017,5-willow road west,2017,903732.1,100414.7,19486.3,5.1531
5-willowbrook court_2024,5-willowbrook court,2024,21024.0,10512.0,264.5,39.7429
5-willowbrook road_2016,5-willowbrook road,2016,1425840.9,158426.8,47418.1,3.3411
5-willowwood lane_2025,5-willowwood lane,2025,6200.0,3100.0,2754.9,1.1253
5-wilson avenue_2020,5-wilson avenue,2020,47290.7,16316.4,21584.2,0.7559
5-wilson avenue_2022,5-wilson avenue,2022,14926.0,7463.0,21584.2,0.3458
5-wilson terrace_2016,5-wilson terrace,2016,103114.9,34371.6,2372.9,14.4851
5-wiman avenue_2023,5-wiman avenue,2023,8786.0,4393.0,9677.3,0.4539
5-wiman place_2019,5-wiman place,2019,5886.4,2943.2,1259.5,2.3368
5-winant avenue_2022,5-winant avenue,2022,702.0,351.0,19364.6,0.0181
5-winant avenue_2024,5-winant avenue,2024,47098.0,23549.0,19364.6,1.2161
5-winchester avenue_2022,5-winchester avenue,2022,31866.8,15933.4,16497.0,0.9658
5-windemere avenue_2020,5-windemere avenue,2020,8096.6,4048.3,2570.8,1.5747
5-windermere road_2019,5-windermere road,2019,19815.1,9907.6,6485.7,1.5276
5-windham loop_2016,5-windham loop,2016,857760.5,107220.1,5196.3,20.6339
5-windom avenue_2019,5-windom avenue,2019,4930.0,2465.0,2554.3,0.965
5-windsor court_2024,5-windsor court,2024,212.0,106.0,670.3,0.1581
5-windsor road_2024,5-windsor road,2024,33956.0,16978.0,8732.5,1.9442
5-winfield avenue_2019,5-winfield avenue,2019,4181.8,2090.9,2462.5,0.8491
5-wingham street_2022,5-wingham street,2022,2416.0,1208.0,1335.9,0.9043
5-winston street_2020,5-winston street,2020,4306.7,2153.3,2279.3,0.9447
5-winter avenue_2018,5-winter avenue,2018,14838.2,6002.2,5410.0,1.1095
5-winthrop place_2022,5-winthrop place,2022,7056.0,3528.0,4026.0,0.8763
5-woehrle avenue_2019,5-woehrle avenue,2019,20857.8,10428.9,10642.2,0.98
5-woehrle avenue_2024,5-woehrle avenue,2024,1476.0,738.0,10642.2,0.0693
5-wolcott avenue_2024,5-wolcott avenue,2024,16248.0,8124.0,1079.0,7.5292
5-wolverine street_2019,5-wolverine street,2019,39287.0,19643.5,7682.9,2.5568
5-wood avenue_2016,5-wood avenue,2016,23795.2,5948.8,5673.3,1.0486
5-woodbine avenue_2021,5-woodbine avenue,2021,43073.4,6153.3,7255.6,0.8481
5-woodbine avenue_2023,5-woodbine avenue,2023,242.0,121.0,7255.6,0.0167
5-woodcrest road_2023,5-woodcrest road,2023,5996.1,1731.9,1935.0,0.895
5-wooddale avenue_2016,5-wooddale avenue,2016,9020.9,4510.4,4326.0,1.0426
5-woodland avenue_2025,5-woodland avenue,2025,13748.0,6874.0,3665.5,1.8753
5-woodlawn avenue_2019,5-woodlawn avenue,2019,17295.3,8647.7,2871.4,3.0117
5-woodlawn avenue_2023,5-woodlawn avenue,2023,1948.2,974.1,2871.4,0.3392
5-woodrow road_2022,5-woodrow road,2022,155050.0,77525.0,99102.7,0.7823
5-woodrow road_2024,5-woodrow road,2024,104376.0,52188.0,99102.7,0.5266
5-woodside avenue_2019,5-woodside avenue,2019,2764.0,1382.0,1104.8,1.2509
5-woodstock avenue_2019,5-woodstock avenue,2019,11989.4,5994.7,2621.7,2.2866
5-woodvale avenue_2016,5-woodvale avenue,2016,546759.0,78108.4,13401.3,5.8284
5-woodward avenue_2017,5-woodward avenue,2017,15016.5,5005.5,8372.8,0.5978
5-woolley avenue_2024,5-woolley avenue,2024,14882.0,7441.0,28941.1,0.2571
5-wrenn street_2024,5-wrenn street,2024,2026.0,1013.0,1154.4,0.8775
5-wright avenue_2019,5-wright avenue,2019,21824.5,10912.2,611.1,17.8567
5-wright street_2024,5-wright street,2024,11494.0,5747.0,5512.9,1.0425
5-wyona avenue_2023,5-wyona avenue,2023,5974.0,2987.0,3526.6,0.847
5-yale street_2023,5-yale street,2023,3918.0,1959.0,2214.4,0.8847
5-yeomalt avenue_2024,5-yeomalt avenue,2024,5268.0,2634.0,1029.7,2.558
5-yetman avenue_2016,5-yetman avenue,2016,102203.5,26738.9,17619.9,1.5175
5-york avenue_2018,5-york avenue,2018,214180.0,53545.0,12264.9,4.3657
5-young street_2024,5-young street,2024,2648.0,1324.0,1470.9,0.9001
5-yucca drive_2022,5-yucca drive,2022,4193.3,2096.7,2078.1,1.009
5-yukon avenue_2018,5-yukon avenue,2018,945106.6,135015.2,5964.6,22.6361
5-zoe street_2024,5-zoe street,2024,4028.0,2014.0,6634.6,0.3036
