"permitnumber","applicationtrackingid","sequencenumber","applicationtypeshortdesc","permitstatusid","permitstatusshortdesc","permitseriesid","permitseriesshortdesc","permittypeid","permittypedesc","permitnumberofzones","permitlinearfeet","permittotalsqfeet","permitestimatednumberofcuts","equipmenttypedesc","numberofcontainers","numberofminicontainers","specificstipulations","previouspermitnumber","nextpermitnumber","emergencyissuedate","permitissuedate","issuedworkstartdate","issuedworkenddate","boroughname","permithousenumber","onstreetname","fromstreetname","tostreetname","permitteename","permitpurposecomments","permitlocationcomments","pavementshortdesc","sidewalkshortdesc","createdon","modifiedon","oftcode","wkt","locationgeometry"
"B022025196B99","2025070801285760","0002","New","006","ISSUED & PRINTED","02","BUILDING OPERATION PERMIT","0215","OCCUPANCY OF SIDEWALK AS STIPULATED",,,,,,,,"IL.",,,,"2025-07-15T15:47:13.000","2025-07-15T15:47:13.000","2025-10-11T23:59:59.000","BROOKLYN","115","ROGERS AVENUE","PARK PLACE","PROSPECT PLACE","BROOKLYN AZ INC",,,,"CONCRETE","2025-07-15T15:47:13.000","2025-07-15T15:47:13.000",,,
"B022025196C16","2025070900528373","0003","New","006","ISSUED & PRINTED","02","BUILDING OPERATION PERMIT","0202","CROSSING SIDEWALK",,,,,,,,"IL. BNEC-25-035",,,,"2025-07-15T16:30:13.000","2025-07-15T16:30:13.000","2025-10-07T23:59:59.000","BROOKLYN","222","16 STREET","5 AVENUE","6 AVENUE","S&U  MANAGEMENT INC",,,,"CONCRETE","2025-07-15T16:30:12.000","2025-07-15T16:30:12.000",,,
"B022025198C87","2025071500809496","0003","New","006","ISSUED & PRINTED","02","BUILDING OPERATION PERMIT","0215","OCCUPANCY OF SIDEWALK AS STIPULATED",,,,,,,,"IL.",,,,"2025-07-17T14:55:15.000","2025-07-17T14:55:15.000","2025-10-14T23:59:59.000","BROOKLYN","185","TOMPKINS AVENUE","HART STREET","PULASKI STREET","PARK USA DESIGN & REMODEL INC",,,,"CONCRETE","2025-07-17T14:55:14.000","2025-07-17T14:55:14.000",,,
"M012025198A73","2025071500971540","0001","New","020","EXPIRED UNDER GUARANTEE","01","STREET OPENING PERMIT","0173","REGRADE HARDWARE","1","300",,,,,,"RECORD PURPOSES ONLY",,,,"2025-07-17T15:54:39.000","2025-07-17T15:54:39.000","2025-07-18T23:59:59.000","MANHATTAN",,"OLD SLIP","FRONT STREET","WATER STREET","CONSOLIDATED EDISON","RPO 4TH OF JULY","RPO 4TH OF JULY","ASPHALT","CONCRETE","2025-07-17T15:54:36.000","2025-07-19T00:05:45.000",,,
"M022025196A11","2025062000747603","0002","New","006","ISSUED & PRINTED","02","BUILDING OPERATION PERMIT","0202","CROSSING SIDEWALK",,,,,,,,"AM",,,,"2025-07-15T07:56:13.000","2025-07-15T07:56:13.000","2025-10-11T23:59:59.000","MANHATTAN","95","OLD BROADWAY","WEST  131 STREET","WEST  133 STREET","APEX BUILDING COMPANY INC.",,,,"CONCRETE","2025-07-15T07:56:11.000","2025-07-15T07:56:11.000",,,
"M032025196A67","2025071501033526","0001","New","030","EXPIRED","03","MANHOLE EMBARGO PERMIT","0303","UTILITY MANHOLE EMBARGO PERMIT",,,,,,,,,,,,"2025-07-15T15:23:58.000","2025-07-15T15:24:05.000","2025-07-16T15:24:05.000","MANHATTAN",,"JOHN STREET","PEARL STREET",,"CONSOLIDATED EDISON","759","STEAM",,,"2025-07-15T15:23:57.000","2025-07-17T00:05:09.000",,,
"M162025190A26","2025070900675260","0001","New","030","EXPIRED","16","COMMERCIAL REFUSE CONTAINER PERMIT","1600","COMMERCIAL REFUSE CONTAINER",,,,,,,,,,,,"2025-07-09T13:25:26.000","2025-07-09T13:25:26.000","2025-07-13T23:59:59.000","MANHATTAN","525","WEST   19 STREET","HIGH LINE","11 AVENUE","M & M SANITATION CORP.",,,,,"2025-07-09T13:25:25.000","2025-07-14T00:05:10.000",,,
"M162025192A17","2025071100176916","0013","New","030","EXPIRED","16","COMMERCIAL REFUSE CONTAINER PERMIT","1600","COMMERCIAL REFUSE CONTAINER",,,,,,,,,,,,"2025-07-11T09:00:32.000","2025-07-13T00:00:00.000","2025-07-17T23:59:59.000","MANHATTAN","154-158","WAVERLY PLACE","BEND","GAY STREET","COGENT WASTE SOLUTIONS LLC",,,,,"2025-07-11T09:00:30.000","2025-07-18T00:05:11.000",,,
"M162025192A77","2025071100614620","0001","New","030","EXPIRED","16","COMMERCIAL REFUSE CONTAINER PERMIT","1600","COMMERCIAL REFUSE CONTAINER",,,,,,,,,,,,"2025-07-11T13:07:59.000","2025-07-12T00:00:00.000","2025-07-16T23:59:59.000","MANHATTAN","220","WEST   93 STREET","AMSTERDAM AVENUE","BROADWAY","M&B PROTECT SERVICES, INC.",,,,,"2025-07-11T13:07:57.000","2025-07-17T00:05:09.000",,,
"M032025195A05","2025071400045543","0002","New","030","EXPIRED","03","MANHOLE EMBARGO PERMIT","0303","UTILITY MANHOLE EMBARGO PERMIT",,,,,,,,,,,,"2025-07-14T07:05:45.000","2025-07-14T07:05:45.000","2025-07-15T07:05:45.000","MANHATTAN",,"FRANKFORT STREET","PARK ROW",,"CONSOLIDATED EDISON","759","STEAM",,,"2025-07-14T07:05:48.000","2025-07-16T00:05:11.000",,,
"Q162025192A47","2025071100787930","0002","New","030","EXPIRED","16","COMMERCIAL REFUSE CONTAINER PERMIT","1600","COMMERCIAL REFUSE CONTAINER",,,,,,,,,,,,"2025-07-11T15:07:16.000","2025-07-12T00:00:00.000","2025-07-16T23:59:59.000","QUEENS","1523","146 STREET","15 AVENUE","146 PLACE","P.C.I. CONTRACTING, INC.",,,,,"2025-07-11T15:07:13.000","2025-07-17T00:05:09.000",,,
"B002025190A00","2025070800863583","0001","New","006","ISSUED & PRINTED","00","MISCELLANEOUS CASH RECEIPTS","0051","MISCELLANEOUS - BUILDER'S PAVEMENT",,,,,,,,,,,,"2025-07-09T10:07:15.000",,,"BROOKLYN","29","WYTHE AVENUE","NORTH   13 STREET","NORTH   14 STREET","MISCELLANEOUS ENTITIES FOR PAYMENTS TO NYCDOT PERMIT MGMT. UNIT","This is not a vault license or construction permit.it is a filing fee for SCARA application @ DOT Reference #10259",,,,"2025-07-09T10:07:14.000","2025-07-09T10:07:14.000",,,
"B002025192A00","2025070300608666","0001","New","006","ISSUED & PRINTED","00","MISCELLANEOUS CASH RECEIPTS","0041","MISCELLANEOUS - MINOR SALES",,,,,,,,,,,,"2025-07-11T11:17:47.000",,,"BROOKLYN",,,,,"CHESAKL ENTERPRISES, INC.","Replace returned e-checks in the amount of $120.00 and additional $80 returned checks fee (Total $200) for tracking #'s ending in 8776,2390, 5356 and 1803",,,,"2025-07-11T11:17:45.000","2025-07-11T11:17:45.000",,,
"B152025196A10","2025071500976823","0003","New","030","EXPIRED","15","DOT IN-HOUSE PAVING AND MILLING","1501","DOT IN-HOUSE PAVING",,,,,,,,,,,,"2025-07-15T14:48:09.000","2025-07-16T00:00:00.000","2025-07-16T23:59:59.000","BROOKLYN",,"BAYARD STREET","LORIMER STREET",,"NYC DEPT OF TRANSPORTATION","PAVING","SEGMENT AND INTERSECTION",,,"2025-07-15T14:48:06.000","2025-07-17T00:05:09.000",,,
"B012020294A03","2020101901068993","0001","New","030","EXPIRED","01","STREET OPENING PERMIT","0156P","REPAIR TRAFFIC STREET LIGHT - PROTECTED","1","8","5",,,,,"SIDEWALK ONLY, NO ROADWAY EXCAVATION; REPAIR ALL SCARRING CO 10/19/2020. JN",,,,"2020-10-20T06:34:00.000","2020-10-20T06:34:00.000","2020-11-28T23:59:59.000","BROOKLYN",,"CHESTER AVENUE","CLARA STREET","TEHAMA STREET","WELSBACH ELECTRIC CORP.","STREETLIGHT FOUNDATION REPAIR ONLY","CHESTER AVE SWC TEHAMA ST R30445 3105126",,"CONCRETE","2020-10-20T06:34:00.000","2025-07-20T00:05:33.000","325730326330384430","LINESTRING (988696.95620000362 173835.03740000725, 988815.952000007 173603.05619999766)","D70800000114000C93E9312C2E410060984C58380541808B6CE71F2D2E4100FC187318310541"
"B152025197A31","2025071600925616","0007","New","030","EXPIRED","15","DOT IN-HOUSE PAVING AND MILLING","1500","DOT IN-HOUSE MILLING",,,,,,,,,,,,"2025-07-16T14:59:55.000","2025-07-17T00:00:00.000","2025-07-18T23:59:59.000","BROOKLYN",,"NOBLE STREET","WEST STREET",,"NYC DEPT OF TRANSPORTATION","MILLING","SEGMENT AND INTERSECTION",,,"2025-07-16T14:59:53.000","2025-07-19T00:05:09.000",,,
"B012020296B28","2020102200891490","0001","Emergency","030","EXPIRED","01","STREET OPENING PERMIT","0122P","REPAIR GAS - PROTECTED","1","4",,"1",,,,"DP",,,"2020-10-22T15:46:19.000","2020-10-23T07:56:09.000","2020-10-22T15:46:19.000","2020-11-20T23:59:59.000","BROOKLYN","549","CHAUNCEY STREET","HOPKINSON AVENUE","ROCKAWAY AVENUE","THE BROOKLYN UNION GAS COMPANY D/B/A NATIONAL GRID NY","Gas Leak Repair","RESIDENTIAL","ASPHALT","CONCRETE","2020-10-22T15:46:20.000","2025-07-20T00:05:33.000","325530350830373470","LINESTRING (1008013.934799999 187810.20260000229, 1008750.3506000042 187922.12819999456)","D70800000114001B9EDE1BC32E4100C0EC9E11ED064100D881B3DCC82E4100B88D0691F00641"
"B012025191B66","2025070700672800","0001","New","006","ISSUED & PRINTED","01","STREET OPENING PERMIT","0133","INSTALL TRAFFIC SIGNALS","1","54",,,,,,"DP",,,,"2025-07-10T10:06:46.000","2025-07-10T10:06:46.000","2025-09-30T23:59:59.000","BROOKLYN",,"AVENUE K","EAST   18 STREET",,"WELSBACH ELECTRIC CORP.","INSTALL ELECTRICAL CONDUIT AND POLE FOUNDATIONS E-755K",,"ASPHALT","CONCRETE","2025-07-10T10:06:45.000","2025-07-10T10:06:45.000",,,
"B162025195A05","2025071400009010","0002","New","030","EXPIRED","16","COMMERCIAL REFUSE CONTAINER PERMIT","1600","COMMERCIAL REFUSE CONTAINER",,,,,,,,,,,,"2025-07-14T02:18:15.000","2025-07-14T02:18:15.000","2025-07-18T23:59:59.000","BROOKLYN","455","ST JOHNS PLACE","CLASSON AVENUE","WASHINGTON AVENUE","D-BEST EQUIPMENT CORP",,,,,"2025-07-14T02:18:14.000","2025-07-19T00:05:09.000",,,
"B162025195A55","2025071400614110","0004","New","030","EXPIRED","16","COMMERCIAL REFUSE CONTAINER PERMIT","1600","COMMERCIAL REFUSE CONTAINER",,,,,,,,,,"B162025199A92",,"2025-07-14T12:58:35.000","2025-07-15T00:00:00.000","2025-07-19T23:59:59.000","BROOKLYN","552","9 STREET","8 AVENUE","PROSPECT PARK WEST","SAL DONA, INC.",,,,,"2025-07-14T12:58:34.000","2025-07-20T00:05:09.000",,,
"B012025191D25","2025071000123326","0009","Renew","006","ISSUED & PRINTED","01","STREET OPENING PERMIT","0160","SIDEWALK RECONSTRUCTION CONTRACTS","2","500","5000","10",,,,"JN REFER TO CEC-12-124","B012025119D35",,,"2025-07-10T11:16:39.000","2025-07-31T00:00:00.000","2025-10-15T23:59:59.000","BROOKLYN",,"WEST    5 STREET","WOLF PLACE",,"WILLIAM A. GROSS CONSTRUCTION ASSOCIATES, INC.","Sidewalk reconstruction",,"ASPHALT","CONCRETE","2025-07-10T11:16:37.000","2025-07-10T11:16:37.000",,,
"B012025191D93","2025070900959133","0005","Renew","006","ISSUED & PRINTED","01","STREET OPENING PERMIT","0160","SIDEWALK RECONSTRUCTION CONTRACTS","2","500","5000","10",,,,"JN REFER TO CEC-12-124","B012025119E00",,,"2025-07-10T11:28:30.000","2025-07-31T00:00:00.000","2025-10-15T23:59:59.000","BROOKLYN",,"AVENUE X","BRIGHAM STREET",,"WILLIAM A. GROSS CONSTRUCTION ASSOCIATES, INC.","Sidewalk reconstruction",,"ASPHALT","CONCRETE","2025-07-10T11:28:29.000","2025-07-10T11:28:29.000",,,
"B012020327A11","2020111900186910","0017","New","030","EXPIRED","01","STREET OPENING PERMIT","0126P","TEST PITS, CORES OR BORING - PROTECTED","1","5","1","1",,,,"JN",,"B012020363B98",,"2020-11-22T13:53:52.000","2020-11-22T13:53:52.000","2020-12-31T23:59:59.000","BROOKLYN",,"CHESTER AVENUE","12 AVENUE","MINNA STREET","AQUIFER DRILLING AND TESTING, INC.","geotechnical for engineering design",,,"CONCRETE","2020-11-22T13:53:52.000","2025-07-17T00:05:31.000","325730306280361230","LINESTRING (988460.21780000627 174297.96299999952, 988578.71819999814 174066.15240000188)","D70800000114807B836F582A2E41005839B4CF46054100E9B76F452B2E41007E1D38913F0541"
"B162025193A36","2025071200143990","0002","New","030","EXPIRED","16","COMMERCIAL REFUSE CONTAINER PERMIT","1600","COMMERCIAL REFUSE CONTAINER",,,,,,,,,,,,"2025-07-12T21:02:16.000","2025-07-13T00:00:00.000","2025-07-17T23:59:59.000","BROOKLYN","378","MAYFAIR DRIVE","BASSETT AVENUE","INDIANA PLACE","S & S CONTAINERS INC.",,,,,"2025-07-12T21:02:13.000","2025-07-18T00:05:11.000",,,
"B012020327A12","2020111900186910","0018","New","030","EXPIRED","01","STREET OPENING PERMIT","0126P","TEST PITS, CORES OR BORING - PROTECTED","1","5","1","1",,,,"JN",,"B012020363B99",,"2020-11-22T13:53:52.000","2020-11-22T13:53:52.000","2020-12-31T23:59:59.000","BROOKLYN",,"CHESTER AVENUE","12 AVENUE","TEHAMA STREET","AQUIFER DRILLING AND TESTING, INC.","geotechnical for engineering design",,,"CONCRETE","2020-11-22T13:53:53.000","2025-07-20T00:05:33.000","325730306280384430","LINESTRING (988578.71819999814 174066.15240000188, 988696.95620000362 173835.03740000725)","D7080000011400E9B76F452B2E41007E1D38913F0541000C93E9312C2E410060984C58380541"
"B012020327A13","2020111900186910","0007","New","030","EXPIRED","01","STREET OPENING PERMIT","0126P","TEST PITS, CORES OR BORING - PROTECTED","1","5","1","1",,,,"JN: MUST COORDINATE WITH SCHOOL PRIOR TO MOBILIZING. USE 083 WHEN SCHOOL IS IN SESSION AND 072 WHEN SCHOOL IS NOT IN SESSION.",,"B012020363C00",,"2020-11-22T13:53:53.000","2020-11-22T13:53:53.000","2020-12-31T23:59:59.000","BROOKLYN",,"CHESTER AVENUE","CHURCH AVENUE","LOUISA STREET","AQUIFER DRILLING AND TESTING, INC.","geotechnical for engineering design",,,"CONCRETE","2020-11-22T13:53:53.000","2025-07-20T00:05:33.000","325730326230357430","LINESTRING (988934.73139999807 173371.40970000625, 989122.06039999425 173006.68600000441)","D70800000114800F7A760D2E2E4100CC1047DB29054180BFEC1E842F2E410092ED7C751E0541"
"B012020327A14","2020111900186910","0020","New","030","EXPIRED","01","STREET OPENING PERMIT","0126P","TEST PITS, CORES OR BORING - PROTECTED","1","5","1","1",,,,"JN",,"B012020363C01",,"2020-11-22T13:53:53.000","2020-11-22T13:53:53.000","2020-12-31T23:59:59.000","BROOKLYN",,"CHESTER AVENUE","CLARA STREET","LOUISA STREET","AQUIFER DRILLING AND TESTING, INC.","geotechnical for engineering design",,,"CONCRETE","2020-11-22T13:53:53.000","2025-07-20T00:05:33.000","325730326330357430","LINESTRING (988815.952000007 173603.05619999766, 988934.73139999807 173371.40970000625)","D70800000114808B6CE71F2D2E4100FC187318310541800F7A760D2E2E4100CC1047DB290541"
"B012020327A15","2020111900186910","0019","New","030","EXPIRED","01","STREET OPENING PERMIT","0126P","TEST PITS, CORES OR BORING - PROTECTED","1","5","1","1",,,,"JN",,"B012020363C02",,"2020-11-22T14:01:24.000","2020-11-22T14:01:24.000","2020-12-31T23:59:59.000","BROOKLYN",,"CHESTER AVENUE","CLARA STREET","TEHAMA STREET","AQUIFER DRILLING AND TESTING, INC.","geotechnical for engineering design",,,"CONCRETE","2020-11-22T14:01:24.000","2025-07-20T00:05:33.000","325730326330384430","LINESTRING (988696.95620000362 173835.03740000725, 988815.952000007 173603.05619999766)","D70800000114000C93E9312C2E410060984C58380541808B6CE71F2D2E4100FC187318310541"
"B012020327A16","2020111900186910","0016","New","030","EXPIRED","01","STREET OPENING PERMIT","0126P","TEST PITS, CORES OR BORING - PROTECTED","1","5","1","1",,,,"JN",,"B012020363C03",,"2020-11-22T14:01:25.000","2020-11-22T14:01:25.000","2020-12-31T23:59:59.000","BROOKLYN",,"CHESTER AVENUE","FT HAMILTON PARKWAY","MINNA STREET","AQUIFER DRILLING AND TESTING, INC.","geotechnical for engineering design",,,"CONCRETE","2020-11-22T14:01:25.000","2025-07-17T00:05:31.000","325730342630361230","LINESTRING (988333.74840000272 174547.39480000734, 988460.21780000627 174297.96299999952)","D7080000011400492E7F5B292E4100E88C289B4E0541807B836F582A2E41005839B4CF460541"
"B012020344C66","2020120300774527","0001","New","030","EXPIRED","01","STREET OPENING PERMIT","0124P","REPAIR ELECTRIC/COMMUNICATIONS - PROT","1","100",,,,,,"JN: MUST COORDINATE WITH THE ONGOING CONSTRUCTION PRIOR TO MOBILIZING.",,,,"2020-12-09T13:38:53.000","2020-12-11T00:00:00.000","2021-01-09T23:59:59.000","BROOKLYN",,"CHESTER AVENUE","12 AVENUE","TEHAMA STREET","CONSOLIDATED EDISON",,"WEST SIDE OF CHESTER AVE -- APPROX 130 FT NORTH OF TEHAMA ST -- WORK WILL BE FOR 62 CHESTER AVE","ASPHALT","CONCRETE","2020-12-09T13:38:53.000","2025-07-20T00:05:33.000","325730306280384430","LINESTRING (988578.71819999814 174066.15240000188, 988696.95620000362 173835.03740000725)","D7080000011400E9B76F452B2E41007E1D38913F0541000C93E9312C2E410060984C58380541"
"B012020363B98","2020122800073103","0017","Renew","030","EXPIRED","01","STREET OPENING PERMIT","0126P","TEST PITS, CORES OR BORING - PROTECTED","1","5","1","1",,,,"SIDEWALK ONLY, NO ROADWAY EXCAVATION; REPAIR ALL SCARRING CO 12/28/2020. JN","B012020327A11",,,"2020-12-28T13:45:01.000","2021-01-01T00:00:00.000","2021-03-05T23:59:59.000","BROOKLYN",,"CHESTER AVENUE","12 AVENUE","MINNA STREET","AQUIFER DRILLING AND TESTING, INC.","geotechnical for engineering design",,,"CONCRETE","2020-12-28T13:45:01.000","2025-07-17T00:05:31.000","325730306280361230","LINESTRING (988460.21780000627 174297.96299999952, 988578.71819999814 174066.15240000188)","D70800000114807B836F582A2E41005839B4CF46054100E9B76F452B2E41007E1D38913F0541"
"B012020363B99","2020122800073103","0018","Renew","030","EXPIRED","01","STREET OPENING PERMIT","0126P","TEST PITS, CORES OR BORING - PROTECTED","1","5","1","1",,,,"SIDEWALK ONLY, NO ROADWAY EXCAVATION; REPAIR ALL SCARRING CO 12/28/2020. JN","B012020327A12",,,"2020-12-28T13:45:02.000","2021-01-01T00:00:00.000","2021-03-05T23:59:59.000","BROOKLYN",,"CHESTER AVENUE","12 AVENUE","TEHAMA STREET","AQUIFER DRILLING AND TESTING, INC.","geotechnical for engineering design",,,"CONCRETE","2020-12-28T13:45:02.000","2025-07-20T00:05:33.000","325730306280384430","LINESTRING (988578.71819999814 174066.15240000188, 988696.95620000362 173835.03740000725)","D7080000011400E9B76F452B2E41007E1D38913F0541000C93E9312C2E410060984C58380541"
"B012020363C00","2020122800073103","0007","Renew","030","EXPIRED","01","STREET OPENING PERMIT","0126P","TEST PITS, CORES OR BORING - PROTECTED","1","5","1","1",,,,"SIDEWALK ONLY, NO ROADWAY EXCAVATION; REPAIR ALL SCARRING CO 12/28/2020. JN: MUST COORDINATE WITH SCHOOL PRIOR TO MOBILIZING. USE 083 WHEN SCHOOL IS IN SESSION AND 072 WHEN SCHOOL IS NOT IN SESSION.","B012020327A13",,,"2020-12-28T13:45:02.000","2021-01-01T00:00:00.000","2021-03-05T23:59:59.000","BROOKLYN",,"CHESTER AVENUE","CHURCH AVENUE","LOUISA STREET","AQUIFER DRILLING AND TESTING, INC.","geotechnical for engineering design",,,"CONCRETE","2020-12-28T13:45:02.000","2025-07-20T00:05:33.000","325730326230357430","LINESTRING (988934.73139999807 173371.40970000625, 989122.06039999425 173006.68600000441)","D70800000114800F7A760D2E2E4100CC1047DB29054180BFEC1E842F2E410092ED7C751E0541"
"B012020363C01","2020122800073103","0020","Renew","030","EXPIRED","01","STREET OPENING PERMIT","0126P","TEST PITS, CORES OR BORING - PROTECTED","1","5","1","1",,,,"SIDEWALK ONLY, NO ROADWAY EXCAVATION; REPAIR ALL SCARRING CO 12/28/2020. JN","B012020327A14",,,"2020-12-28T13:45:03.000","2021-01-01T00:00:00.000","2021-03-05T23:59:59.000","BROOKLYN",,"CHESTER AVENUE","CLARA STREET","LOUISA STREET","AQUIFER DRILLING AND TESTING, INC.","geotechnical for engineering design",,,"CONCRETE","2020-12-28T13:45:03.000","2025-07-20T00:05:33.000","325730326330357430","LINESTRING (988815.952000007 173603.05619999766, 988934.73139999807 173371.40970000625)","D70800000114808B6CE71F2D2E4100FC187318310541800F7A760D2E2E4100CC1047DB290541"
"B012020363C02","2020122800073103","0019","Renew","030","EXPIRED","01","STREET OPENING PERMIT","0126P","TEST PITS, CORES OR BORING - PROTECTED","1","5","1","1",,,,"SIDEWALK ONLY, NO ROADWAY EXCAVATION; REPAIR ALL SCARRING CO 12/28/2020. JN","B012020327A15",,,"2020-12-28T13:45:03.000","2021-01-01T00:00:00.000","2021-03-05T23:59:59.000","BROOKLYN",,"CHESTER AVENUE","CLARA STREET","TEHAMA STREET","AQUIFER DRILLING AND TESTING, INC.","geotechnical for engineering design",,,"CONCRETE","2020-12-28T13:45:04.000","2025-07-20T00:05:33.000","325730326330384430","LINESTRING (988696.95620000362 173835.03740000725, 988815.952000007 173603.05619999766)","D70800000114000C93E9312C2E410060984C58380541808B6CE71F2D2E4100FC187318310541"
"B012020363C03","2020122800073103","0016","Renew","030","EXPIRED","01","STREET OPENING PERMIT","0126P","TEST PITS, CORES OR BORING - PROTECTED","1","5","1","1",,,,"SIDEWALK ONLY, NO ROADWAY EXCAVATION; REPAIR ALL SCARRING CO 12/28/2020. JN","B012020327A16",,,"2020-12-28T13:45:04.000","2021-01-01T00:00:00.000","2021-03-05T23:59:59.000","BROOKLYN",,"CHESTER AVENUE","FT HAMILTON PARKWAY","MINNA STREET","AQUIFER DRILLING AND TESTING, INC.","geotechnical for engineering design",,,"CONCRETE","2020-12-28T13:45:04.000","2025-07-17T00:05:31.000","325730342630361230","LINESTRING (988333.74840000272 174547.39480000734, 988460.21780000627 174297.96299999952)","D7080000011400492E7F5B292E4100E88C289B4E0541807B836F582A2E41005839B4CF460541"
"B012021007A09","2021010700126593","0001","Emergency","030","EXPIRED","01","STREET OPENING PERMIT","0113P","REPAIR WATER - PROTECTED","1","25","25","1",,,,"JN: MUST COORDINATE WITH THE ONGOING CONSTRUCTION PRIOR TO MOBILIZING.",,,"2021-01-07T08:42:59.000","2021-01-11T07:58:10.000","2021-01-07T08:42:59.000","2021-01-22T23:59:59.000","BROOKLYN","11","CHESTER AVENUE","FT HAMILTON PARKWAY","MINNA STREET","LIBERTY WATER AND SEWER LLC","locate and repair water leak. Sidewalk only 1 flag concrete","11 Chester Ave. Brooklyn",,"CONCRETE","2021-01-07T08:43:00.000","2025-07-17T00:05:31.000","325730342630361230","LINESTRING (988333.74840000272 174547.39480000734, 988460.21780000627 174297.96299999952)","D7080000011400492E7F5B292E4100E88C289B4E0541807B836F582A2E41005839B4CF460541"
"B012021008A73","2021010600105870","0024","New","030","EXPIRED","01","STREET OPENING PERMIT","0126P","TEST PITS, CORES OR BORING - PROTECTED","1","300",,,,,,"JN",,,,"2021-01-08T01:15:36.000","2021-01-08T01:15:36.000","2021-03-05T23:59:59.000","BROOKLYN",,"51 STREET","11 AVENUE","FT HAMILTON PARKWAY","CRAIG GEOTECHNICAL DRILLING CO., INC.",,,,"CONCRETE","2021-01-08T01:15:36.000","2025-07-20T00:05:33.000","309130306180342630","LINESTRING (984502.423999995 171503.96930000186, 984892.29199999571 171194.64229999483)","D70800000114008716D96C0B2E41005C20C17FEF044100068195780E2E41002E6E23D5E50441"
"M032025195A06","2025071400045543","0003","New","030","EXPIRED","03","MANHOLE EMBARGO PERMIT","0303","UTILITY MANHOLE EMBARGO PERMIT",,,,,,,,,,,,"2025-07-14T07:05:45.000","2025-07-14T07:05:45.000","2025-07-15T07:05:45.000","MANHATTAN",,"AVENUE C","EAST   14 STREET",,"CONSOLIDATED EDISON","759","STEAM",,,"2025-07-14T07:05:49.000","2025-07-16T00:05:11.000",,,
"B012021008A74","2021010600105870","0025","New","030","EXPIRED","01","STREET OPENING PERMIT","0126P","TEST PITS, CORES OR BORING - PROTECTED","1","300",,,,,,"JN",,,,"2021-01-08T01:15:37.000","2021-01-08T01:15:37.000","2021-03-05T23:59:59.000","BROOKLYN",,"51 STREET","11 AVENUE","12 AVENUE","CRAIG GEOTECHNICAL DRILLING CO., INC.",,,,"CONCRETE","2021-01-08T01:15:37.000","2025-07-20T00:05:33.000","309130306180306280","LINESTRING (984892.29199999571 171194.64229999483, 985503.21289999783 170709.03319999576)","D7080000011400068195780E2E41002E6E23D5E50441803A016D3E132E41005CFE43A8D60441"
"B012021032A24","2021012800398930","0001","New","030","EXPIRED","01","STREET OPENING PERMIT","0122P","REPAIR GAS - PROTECTED","1","300",,"2",,,,"DP",,"B012021054B56",,"2021-02-01T07:28:52.000","2021-02-01T07:28:52.000","2021-03-02T23:59:59.000","BROOKLYN","527","CHAUNCEY STREET","HOPKINSON AVENUE","ROCKAWAY AVENUE","THE BROOKLYN UNION GAS COMPANY D/B/A NATIONAL GRID NY","LL30 LL30 T102322603 SWEEM SAT STIP **SIDEWALK ONLY**",,,"CONCRETE","2021-02-01T07:28:52.000","2025-07-20T00:05:33.000","325530350830373470","LINESTRING (1008013.934799999 187810.20260000229, 1008750.3506000042 187922.12819999456)","D70800000114001B9EDE1BC32E4100C0EC9E11ED064100D881B3DCC82E4100B88D0691F00641"
"B012021038A04","2021020500073620","0003","New","030","EXPIRED","01","STREET OPENING PERMIT","0122P","REPAIR GAS - PROTECTED","1","16",,,,,,"DP. JA/RRM-SIDEWALK ONLY",,"B012021056B62",,"2021-02-07T16:39:08.000","2021-02-07T16:39:08.000","2021-03-05T23:59:59.000","BROOKLYN","600","ASHFORD STREET","DUMONT AVENUE","LIVONIA AVENUE","THE BROOKLYN UNION GAS COMPANY D/B/A NATIONAL GRID NY","REPAIR GAS.....f.pisani","6' EEC of Ashford St &amp; 197' SSC of Dumont Ave. On Sidewalk.","ASPHALT","CONCRETE","2021-02-07T16:39:08.000","2025-07-15T00:05:38.000","313130334330356630","LINESTRING (1016541.8995999992 182633.59880000353, 1016652.9557999969 182076.76289999485)","D70800000114005F98CCBB052F4100A857CA4C4B0641009E5EE999062F4100506B1AE6390641"
"B012021043A70","2021021100495017","0001","New","030","EXPIRED","01","STREET OPENING PERMIT","0113P","REPAIR WATER - PROTECTED","1","150",,,,,,"JN: MUST COORDINATE WITH THE ONGOING CONSTRUCTION PRIOR TO MOBILIZING. THE CONTRACTOR MAY WORK SUNDAYS 9AM-5PM.",,,,"2021-02-12T12:17:00.000","2021-02-15T00:00:00.000","2021-03-16T23:59:59.000","BROOKLYN","1159","51 STREET","11 AVENUE","12 AVENUE","PLUMBING NYC , INC.","installation of water service",,"ASPHALT","CONCRETE","2021-02-12T12:17:00.000","2025-07-20T00:05:33.000","309130306180306280","LINESTRING (984892.29199999571 171194.64229999483, 985503.21289999783 170709.03319999576)","D7080000011400068195780E2E41002E6E23D5E50441803A016D3E132E41005CFE43A8D60441"
"B012021054B56","2021022200094833","0001","Renew","030","EXPIRED","01","STREET OPENING PERMIT","0122P","REPAIR GAS - PROTECTED","1","300",,"2",,,,"DP","B012021032A24",,,"2021-02-23T16:14:46.000","2021-03-03T00:00:00.000","2021-04-01T23:59:59.000","BROOKLYN","527","CHAUNCEY STREET","HOPKINSON AVENUE","ROCKAWAY AVENUE","THE BROOKLYN UNION GAS COMPANY D/B/A NATIONAL GRID NY","LL30 LL30 T102322603 SWEEM SAT STIP **SIDEWALK ONLY**",,,"CONCRETE","2021-02-23T16:14:46.000","2025-07-20T00:05:33.000","325530350830373470","LINESTRING (1008013.934799999 187810.20260000229, 1008750.3506000042 187922.12819999456)","D70800000114001B9EDE1BC32E4100C0EC9E11ED064100D881B3DCC82E4100B88D0691F00641"
"B012021056B62","2021022500211163","0001","Renew","030","EXPIRED","01","STREET OPENING PERMIT","0122P","REPAIR GAS - PROTECTED","1","16",,,,,,"DP. JA/RRM-SIDEWALK ONLY","B012021038A04",,,"2021-02-25T13:16:19.000","2021-03-06T00:00:00.000","2021-04-04T23:59:59.000","BROOKLYN","600","ASHFORD STREET","DUMONT AVENUE","LIVONIA AVENUE","THE BROOKLYN UNION GAS COMPANY D/B/A NATIONAL GRID NY","REPAIR GAS.....f.pisani","6' EEC of Ashford St &amp; 197' SSC of Dumont Ave. On Sidewalk.","ASPHALT","CONCRETE","2021-02-25T13:16:19.000","2025-07-15T00:05:38.000","313130334330356630","LINESTRING (1016541.8995999992 182633.59880000353, 1016652.9557999969 182076.76289999485)","D70800000114005F98CCBB052F4100A857CA4C4B0641009E5EE999062F4100506B1AE6390641"
"B012021061A18","2021030100672200","0033","New","030","EXPIRED","01","STREET OPENING PERMIT","0126P","TEST PITS, CORES OR BORING - PROTECTED","1","300",,,,,,"SIDEWALK ONLY, NO ROADWAY EXCAVATION; REPAIR ALL SCARRING CO 3/1/2021. JN",,,,"2021-03-02T06:59:35.000","2021-03-02T06:59:35.000","2021-04-30T23:59:59.000","BROOKLYN",,"51 STREET","11 AVENUE","FT HAMILTON PARKWAY","CRAIG GEOTECHNICAL DRILLING CO., INC.",,,,"CONCRETE","2021-03-02T06:59:35.000","2025-07-20T00:05:33.000","309130306180342630","LINESTRING (984502.423999995 171503.96930000186, 984892.29199999571 171194.64229999483)","D70800000114008716D96C0B2E41005C20C17FEF044100068195780E2E41002E6E23D5E50441"
"B012021119C73","2021042800554270","0001","New","030","EXPIRED","01","STREET OPENING PERMIT","0113P","REPAIR WATER - PROTECTED","1","5","40","2",,,,"SKT009 1FTRES MUST RESTORE ROADWAY FROM OUTER-EDGE TO CURB, INCLUDING ALL SCARRING CO 4/28/2021. DP",,,,"2021-04-29T17:19:11.000","2021-04-29T17:19:11.000","2021-05-28T23:59:59.000","BROOKLYN","542","CHAUNCEY STREET","BROADWAY","ROCKAWAY AVENUE","24 SEVEN PLUMBING INC.","Install water service",,"ASPHALT","CONCRETE","2021-04-29T17:19:09.000","2025-07-20T00:05:33.000","325530323230373470","LINESTRING (1008750.3506000042 187922.12819999456, 1009204.9361999929 187999.72640000284)","D7080000011400D881B3DCC82E4100B88D0691F00641009B55DF69CC2E4100CEAACFFDF20641"
"B012021126A70","2021050600192243","0001","New","030","EXPIRED","01","STREET OPENING PERMIT","0124P","REPAIR ELECTRIC/COMMUNICATIONS - PROT","1","60",,"1",,,,"SKT009 1FTRES MUST RESTORE ROADWAY FROM OUTER-EDGE TO CURB, INCLUDING ALL SCARRING CO 5/6/2021. JN THE CONTRACTOR MAY WORK SUNDAYS 9AM-5PM.",,,,"2021-05-06T11:43:25.000","2021-05-10T00:00:00.000","2021-06-08T23:59:59.000","BROOKLYN",,"51 STREET","11 AVENUE","12 AVENUE","CONSOLIDATED EDISON","repair electric service","see sketch","ASPHALT","CONCRETE","2021-05-06T11:43:26.000","2025-07-20T00:05:33.000","309130306180306280","LINESTRING (984892.29199999571 171194.64229999483, 985503.21289999783 170709.03319999576)","D7080000011400068195780E2E41002E6E23D5E50441803A016D3E132E41005CFE43A8D60441"
"B012021140A01","2021051900172436","0001","New","030","EXPIRED","01","STREET OPENING PERMIT","0126P","TEST PITS, CORES OR BORING - PROTECTED","1","300",,,,,,"JN",,"B012021146A53",,"2021-05-20T06:47:34.000","2021-05-20T06:47:34.000","2021-05-30T23:59:59.000","BROOKLYN",,"CHESTER AVENUE","CLARA STREET","LOUISA STREET","CRAIG GEOTECHNICAL DRILLING CO., INC.",,,,"CONCRETE","2021-05-20T06:47:47.000","2025-07-20T00:05:33.000","325730326330357430","LINESTRING (988815.952000007 173603.05619999766, 988934.73139999807 173371.40970000625)","D70800000114808B6CE71F2D2E4100FC187318310541800F7A760D2E2E4100CC1047DB290541"
"B012021146A53","2021052500923256","0001","Renew","030","EXPIRED","01","STREET OPENING PERMIT","0126P","TEST PITS, CORES OR BORING - PROTECTED","1","300",,,,,,"JN","B012021140A01",,,"2021-05-26T10:09:11.000","2021-05-31T00:00:00.000","2021-06-30T23:59:59.000","BROOKLYN",,"CHESTER AVENUE","CLARA STREET","LOUISA STREET","CRAIG GEOTECHNICAL DRILLING CO., INC.",,,,"CONCRETE","2021-05-26T10:09:11.000","2025-07-20T00:05:33.000","325730326330357430","LINESTRING (988815.952000007 173603.05619999766, 988934.73139999807 173371.40970000625)","D70800000114808B6CE71F2D2E4100FC187318310541800F7A760D2E2E4100CC1047DB290541"
"B012021313B44","2021110800781736","0005","New","030","EXPIRED","01","STREET OPENING PERMIT","0126P","TEST PITS, CORES OR BORING - PROTECTED","1","300",,,,,,"DP",,,,"2021-11-09T16:46:15.000","2021-11-15T00:00:00.000","2021-12-14T23:59:59.000","BROOKLYN",,"ELTON STREET","STANLEY AVENUE","WORTMAN AVENUE","ISLAND PUMP & TANK CORP.","SOIL BORINGS IN SIDEWALK. ALLOW FOR 5 FT EDESTRIAN PATHWAY","IN SIDEWALK",,"CONCRETE","2021-11-09T16:46:13.000","2025-07-13T00:05:48.000","339230381050394630","LINESTRING (1018092.6379999965 180443.3572999984, 1018398.2636000067 179907.1724999994)","D7080000011480EFA746D9112F41001AC0DBDA0606418094F6863C142F4100AE476119F60541"
"B012021188B54","2021070700746980","0001","New","030","EXPIRED","01","STREET OPENING PERMIT","0124P","REPAIR ELECTRIC/COMMUNICATIONS - PROT","1","41",,,,,,"JN. JA/RRM-SIDEWALK ONLY",,,,"2021-07-07T15:47:41.000","2021-07-15T00:00:00.000","2021-08-13T23:59:59.000","BROOKLYN","9","CHESTER AVENUE","FT HAMILTON PARKWAY","MINNA STREET","CONSOLIDATED EDISON",,"Repair underground secondary electric service conduit for customer who lost power at address","ASPHALT","CONCRETE","2021-07-07T15:47:38.000","2025-07-17T00:05:31.000","325730342630361230","LINESTRING (988333.74840000272 174547.39480000734, 988460.21780000627 174297.96299999952)","D7080000011400492E7F5B292E4100E88C289B4E0541807B836F582A2E41005839B4CF460541"
"B012021216B39","2021080400367356","0024","New","030","EXPIRED","01","STREET OPENING PERMIT","0176P","TRIBUTARY INSTALL - GAS - PROTECTED","1","300",,"2",,,,"IL.",,,,"2021-08-04T15:54:21.000","2021-08-06T00:00:00.000","2021-09-04T23:59:59.000","BROOKLYN","557","CHAUNCEY STREET","HOPKINSON AVENUE","ROCKAWAY AVENUE","THE BROOKLYN UNION GAS COMPANY D/B/A NATIONAL GRID NY","176 TRIBUTARY INSTALL-GAS FREDERICK PISANI SAT STIPS",,"ASPHALT","CONCRETE","2021-08-04T15:54:09.000","2025-07-20T00:05:33.000","325530350830373470","LINESTRING (1008013.934799999 187810.20260000229, 1008750.3506000042 187922.12819999456)","D70800000114001B9EDE1BC32E4100C0EC9E11ED064100D881B3DCC82E4100B88D0691F00641"
"B012021298A51","2021102500224830","0001","Emergency","030","EXPIRED","01","STREET OPENING PERMIT","0156P","REPAIR TRAFFIC STREET LIGHT - PROTECTED","1","300",,,,,,"JN: MUST COORDINATE WITH SCHOOL PRIOR TO MOBILIZING. USE 083 WHEN SCHOOL IS IN SESSION AND 019 WHEN SCHOOL IS NOT IN SESSION. THE CONTRACTOR MAY WORK SUNDAYS 9AM-5PM.",,,"2021-10-25T08:49:54.000","2021-11-04T11:01:43.000","2021-10-25T08:49:54.000","2021-11-23T23:59:59.000","BROOKLYN",,"51 STREET","11 AVENUE","FT HAMILTON PARKWAY","CONSOLIDATED EDISON","EMERGENCY STREET LIGHT REPAIR - LAYOUT # SL20-107632A-B - VALI - INSPECTOR SILVERI - INCLUDES PAVING","51 ST BTW FT HAMILTON PKWY &amp; 11 AVE","ASPHALT","CONCRETE","2021-10-25T08:49:55.000","2025-07-20T00:05:33.000","309130306180342630","LINESTRING (984502.423999995 171503.96930000186, 984892.29199999571 171194.64229999483)","D70800000114008716D96C0B2E41005C20C17FEF044100068195780E2E41002E6E23D5E50441"
"B012021313B40","2021110800781736","0001","New","030","EXPIRED","01","STREET OPENING PERMIT","0126P","TEST PITS, CORES OR BORING - PROTECTED","1","300",,,,,,"DP",,,,"2021-11-09T16:46:14.000","2021-11-15T00:00:00.000","2021-12-14T23:59:59.000","BROOKLYN",,"ASHFORD STREET","STANLEY AVENUE","WORTMAN AVENUE","ISLAND PUMP & TANK CORP.","SOIL BORINGS IN SIDEWALK. ALLOW FOR 5 FT EDESTRIAN PATHWAY","IN SIDEWALK",,"CONCRETE","2021-11-09T16:46:12.000","2025-07-16T00:05:26.000","313130381050394630","LINESTRING (1017631.0380000025 180181.28100000322, 1017665.9425999969 180119.77019999921, 1017677.3537999988 180099.66099999845, 1017723.540199995 180018.26880000532, 1017740.0039999932 179989.2555000037, 1017819.7388000041 179848.74250000715, 1017835.123999998 179821.62989999354, 1017886.2566000074 179731.52099999785, 1017901.6418000013 179704.40839999914, 1017934.4394000024 179646.61030000448)","D708000001040A00000080BC74133E0E2F4100EE7C3FAAFE054180779CE2830E2F41009E5E29BEFC0541004625B59A0E2F41005EBA491DFC054100189514F70E2F41009E802692F9054180490C02180F2F410096430BAAF8054180FE437AB70F2F4100D8A3F045F4054180ED7C3FD60F2F410002090A6DF30541801361833C102F41000C022B9CF0054180029A485B102F4100386744C3EF05418009F9E09C102F4100F8E4E1F4ED054101000000010000000001000000FFFFFFFF0000000002"
"B012021313B41","2021110800781736","0002","New","030","EXPIRED","01","STREET OPENING PERMIT","0126P","TEST PITS, CORES OR BORING - PROTECTED","1","300",,,,,,"DP",,,,"2021-11-09T16:46:14.000","2021-11-15T00:00:00.000","2021-12-14T23:59:59.000","BROOKLYN",,"ASHFORD STREET","COZINE AVENUE","WORTMAN AVENUE","ISLAND PUMP & TANK CORP.","SOIL BORINGS IN SIDEWALK. ALLOW FOR 5 FT EDESTRIAN PATHWAY","IN SIDEWALK",,"CONCRETE","2021-11-09T16:46:13.000","2025-07-17T00:05:31.000","313130330150394630","LINESTRING (1017934.4394000024 179646.61030000448, 1018000.4826000035 179530.24240000546, 1018099.4686000049 179355.83640000224, 1018216.8110000044 179150.05140000582)","D70800000104040000008009F9E09C102F4100F8E4E1F4ED0541005917F720112F41006A6FF051EA05410057ECEFE6112F41007CF2B0DEE4054180643B9FD1122F410068446970DE054101000000010000000001000000FFFFFFFF0000000002"
"B012021313B45","2021110800781736","0006","New","030","EXPIRED","01","STREET OPENING PERMIT","0126P","TEST PITS, CORES OR BORING - PROTECTED","1","300",,,,,,"DP",,,,"2021-11-09T16:46:15.000","2021-11-15T00:00:00.000","2021-12-14T23:59:59.000","BROOKLYN",,"ELTON STREET","COZINE AVENUE","WORTMAN AVENUE","ISLAND PUMP & TANK CORP.","SOIL BORINGS IN SIDEWALK. ALLOW FOR 5 FT EDESTRIAN PATHWAY","IN SIDEWALK",,"CONCRETE","2021-11-09T16:46:13.000","2025-07-10T00:05:45.000","339230330150394630","LINESTRING (1018398.2636000067 179907.1724999994, 1018679.680399999 179409.58280000091)","D708000001148094F6863C142F4100AE476119F6054180635D5C6F162F41000C93A98CE60541"
"B152025192A21","2025071100234853","0003","New","030","EXPIRED","15","DOT IN-HOUSE PAVING AND MILLING","1501","DOT IN-HOUSE PAVING",,,,,,,,,,,,"2025-07-11T09:27:58.000","2025-07-14T00:00:00.000","2025-07-18T23:59:59.000","BROOKLYN",,"HUMBOLDT STREET","METROPOLITAN AVENUE",,"NYC DEPT OF TRANSPORTATION","PAVING","SEGMENT AND INTERSECTION",,,"2025-07-11T09:27:56.000","2025-07-19T00:05:09.000",,,
"B152025197A37","2025071600925616","0013","New","030","EXPIRED","15","DOT IN-HOUSE PAVING AND MILLING","1500","DOT IN-HOUSE MILLING",,,,,,,,,,,,"2025-07-16T14:59:56.000","2025-07-17T00:00:00.000","2025-07-18T23:59:59.000","BROOKLYN",,"KENT STREET","WEST STREET",,"NYC DEPT OF TRANSPORTATION","MILLING","SEGMENT AND INTERSECTION",,,"2025-07-16T14:59:55.000","2025-07-19T00:05:09.000",,,
"B162025190A15","2025070900347830","0001","New","030","EXPIRED","16","COMMERCIAL REFUSE CONTAINER PERMIT","1600","COMMERCIAL REFUSE CONTAINER",,,,,,,,,,,,"2025-07-09T10:18:14.000","2025-07-09T10:18:14.000","2025-07-13T23:59:59.000","BROOKLYN","81","ST NICHOLAS AVENUE","HART STREET","SUYDAM STREET","PLANET WASTE SERVICES, INC.",,,,,"2025-07-09T10:18:14.000","2025-07-14T00:05:10.000",,,
"B012025191A66","2025071000143203","0021","Renew","006","ISSUED & PRINTED","01","STREET OPENING PERMIT","0160","SIDEWALK RECONSTRUCTION CONTRACTS","2","500","5000","10",,,,"JN REFER TO CEC-12-124","B012025119B17",,,"2025-07-10T09:44:29.000","2025-07-31T00:00:00.000","2025-10-15T23:59:59.000","BROOKLYN",,"EAST   51 STREET","AVENUE H","BEND","WILLIAM A. GROSS CONSTRUCTION ASSOCIATES, INC.","Sidewalk reconstruction",,"ASPHALT","CONCRETE","2025-07-10T09:44:28.000","2025-07-10T09:44:28.000",,,
"B162025190A59","2025070901028333","0002","New","030","EXPIRED","16","COMMERCIAL REFUSE CONTAINER PERMIT","1600","COMMERCIAL REFUSE CONTAINER",,,,,,,,,,,,"2025-07-09T20:17:55.000","2025-07-10T00:00:00.000","2025-07-14T23:59:59.000","BROOKLYN",,"CLARK STREET","HENRY STREET","MONROE PLACE","D & N SERVICES, INC.",,"100 Clark Street",,,"2025-07-09T20:17:54.000","2025-07-15T00:05:10.000",,,
"B012025191D94","2025070900959133","0006","Renew","006","ISSUED & PRINTED","01","STREET OPENING PERMIT","0160","SIDEWALK RECONSTRUCTION CONTRACTS","2","500","5000","10",,,,"JN REFER TO CEC-12-124","B012025119E01",,,"2025-07-10T11:28:31.000","2025-07-31T00:00:00.000","2025-10-15T23:59:59.000","BROOKLYN",,"BRAGG STREET","SHORE PARKWAY",,"WILLIAM A. GROSS CONSTRUCTION ASSOCIATES, INC.","Sidewalk reconstruction",,"ASPHALT","CONCRETE","2025-07-10T11:28:29.000","2025-07-10T11:28:29.000",,,
"B012025191D95","2025070900959133","0007","Renew","006","ISSUED & PRINTED","01","STREET OPENING PERMIT","0160","SIDEWALK RECONSTRUCTION CONTRACTS","2","500","5000","10",,,,"JN REFER TO CEC-12-124","B012025119E35",,,"2025-07-10T11:28:31.000","2025-07-31T00:00:00.000","2025-10-15T23:59:59.000","BROOKLYN",,"HALSEY STREET","CENTRAL AVENUE","EVERGREEN AVENUE","WILLIAM A. GROSS CONSTRUCTION ASSOCIATES, INC.",,,"ASPHALT","CONCRETE","2025-07-10T11:28:30.000","2025-07-10T11:28:30.000",,,
"B012025191D96","2025070900959133","0008","Renew","006","ISSUED & PRINTED","01","STREET OPENING PERMIT","0162","NYC PARKS - RECONSTRUCTION CONTRACT","2","500","5000","10",,,,"JN REFER TO CEC-12-124","B012025119E36",,,"2025-07-10T11:28:31.000","2025-07-31T00:00:00.000","2025-10-15T23:59:59.000","BROOKLYN",,"HALSEY STREET","CENTRAL AVENUE","EVERGREEN AVENUE","WILLIAM A. GROSS CONSTRUCTION ASSOCIATES, INC.",,,"ASPHALT","CONCRETE","2025-07-10T11:28:30.000","2025-07-10T11:28:30.000",,,
"B012025191E30","2025070900959133","0042","Renew","006","ISSUED & PRINTED","01","STREET OPENING PERMIT","0162","NYC PARKS - RECONSTRUCTION CONTRACT","2","500","5000","10",,,,"JN REFER TO CEC-12-124","B012025119E59",,,"2025-07-10T11:28:54.000","2025-07-31T00:00:00.000","2025-10-15T23:59:59.000","BROOKLYN",,"DE KALB AVENUE","EVERGREEN AVENUE","MYRTLE AVENUE","WILLIAM A. GROSS CONSTRUCTION ASSOCIATES, INC.",,,"ASPHALT","CONCRETE","2025-07-10T11:28:53.000","2025-07-10T11:28:53.000",,,
"B152025192A65","2025071100285123","0013","New","030","EXPIRED","15","DOT IN-HOUSE PAVING AND MILLING","1501","DOT IN-HOUSE PAVING",,,,,,,,,,,,"2025-07-11T09:58:44.000","2025-07-16T00:00:00.000","2025-07-16T23:59:59.000","BROOKLYN",,"EAST   53 STREET","AVENUE K","AVENUE L","NYC DEPT OF TRANSPORTATION","PAVING","SEGMENT AND INTERSECTION",,,"2025-07-11T09:58:42.000","2025-07-17T00:05:09.000",,,
"B012025191E67","2025070900959133","0079","Renew","006","ISSUED & PRINTED","01","STREET OPENING PERMIT","0162","NYC PARKS - RECONSTRUCTION CONTRACT","2","500","5000","10",,,,"JN REFER TO CEC-12-124","B012025119E24",,,"2025-07-10T11:29:33.000","2025-07-31T00:00:00.000","2025-10-15T23:59:59.000","BROOKLYN",,"GERRITSEN AVENUE","DEAD END","LOIS AVENUE","WILLIAM A. GROSS CONSTRUCTION ASSOCIATES, INC.",,,"ASPHALT","CONCRETE","2025-07-10T11:29:32.000","2025-07-10T11:29:32.000",,,
"B012025191E68","2025070900959133","0080","Renew","006","ISSUED & PRINTED","01","STREET OPENING PERMIT","0162","NYC PARKS - RECONSTRUCTION CONTRACT","2","500","5000","10",,,,"JN REFER TO CEC-12-124","B012025119E25",,,"2025-07-10T11:29:36.000","2025-07-31T00:00:00.000","2025-10-15T23:59:59.000","BROOKLYN",,"DEAD END","GERRITSEN AVENUE",,"WILLIAM A. GROSS CONSTRUCTION ASSOCIATES, INC.",,,"ASPHALT","CONCRETE","2025-07-10T11:29:35.000","2025-07-10T11:29:35.000",,,
"B162025193A34","2025071200140696","0010","New","030","EXPIRED","16","COMMERCIAL REFUSE CONTAINER PERMIT","1600","COMMERCIAL REFUSE CONTAINER",,,,,,,,,,,,"2025-07-12T17:38:14.000","2025-07-12T17:38:14.000","2025-07-16T23:59:59.000","BROOKLYN","49","CROSBY AVENUE","BULWER PLACE","MILLER PLACE","JD NY CONSTRUCTIONS CORP",,,,,"2025-07-12T17:38:11.000","2025-07-17T00:05:09.000",,,
"B012025196A35","2025071100306400","0030","New","006","ISSUED & PRINTED","01","STREET OPENING PERMIT","0162","NYC PARKS - RECONSTRUCTION CONTRACT","2","500","5000","10",,,,"IL. REFER TO CEC-12-124.",,,,"2025-07-15T08:09:05.000","2025-07-15T08:09:05.000","2025-10-08T23:59:59.000","BROOKLYN","20","ELDERT STREET","BROADWAY","BUSHWICK AVENUE","WILLIAM A. GROSS CONSTRUCTION ASSOCIATES, INC.","Sidewalk reconstruction",,"ASPHALT","CONCRETE","2025-07-15T08:09:03.000","2025-07-15T08:09:03.000",,,
"B012025190B28","2025070700710193","0001","New","006","ISSUED & PRINTED","01","STREET OPENING PERMIT","0100","OPEN SIDEWALK TO INSTALL FOUNDATION","1","150",,,,,,"IL. MUST COORDINATE WITH NYPD PRECINCT PRIOR TO MOBILIZING.",,,,"2025-07-09T09:19:52.000","2025-07-09T09:19:52.000","2025-09-30T23:59:59.000","BROOKLYN",,"KNICKERBOCKER AVENUE","BLEECKER STREET","MENAHAN STREET","VERRA MOBILITY ELECTRICAL ENTERPRISES, INC.","KRL035 - install conduit and foundation NYC DOT Red Light Camera Expansion",,"ASPHALT","CONCRETE","2025-07-09T09:19:51.000","2025-07-09T09:19:51.000",,,
"B152025192A67","2025071100289283","0001","New","030","EXPIRED","15","DOT IN-HOUSE PAVING AND MILLING","1501","DOT IN-HOUSE PAVING",,,,,,,,,,,,"2025-07-11T10:01:16.000","2025-07-16T00:00:00.000","2025-07-17T23:59:59.000","BROOKLYN",,"PEMBROKE STREET","SHORE BOULEVARD",,"NYC DEPT OF TRANSPORTATION","PAVING","DEGMENT AND INTERSECTION",,,"2025-07-11T10:01:14.000","2025-07-18T00:05:11.000",,,
"B162025192A21","2025071100176916","0035","New","030","EXPIRED","16","COMMERCIAL REFUSE CONTAINER PERMIT","1600","COMMERCIAL REFUSE CONTAINER",,,,,,,,,,,,"2025-07-11T09:00:58.000","2025-07-14T00:00:00.000","2025-07-18T23:59:59.000","BROOKLYN","22-26","GREENPOINT AVENUE","DEAD END","WEST STREET","COGENT WASTE SOLUTIONS LLC",,,,,"2025-07-11T09:00:56.000","2025-07-19T00:05:09.000",,,
"B012025190A71","2025070801045400","0025","Amend and Reissue","020","EXPIRED UNDER GUARANTEE","01","STREET OPENING PERMIT","0185","CONTRACT ROADWAY MILLING","18","5280","5000","1",,,,"JN: MAY WORK 9:00AM - 4:00PM MONDAY - FRIDAY. MUST MAINTAIN STIPULATION 023 ON BOTH ROADWAYS. MUST COORDINATE WITH MTA BUSES PRIOR TO MOBILIZING. DO NOT BLOCK BUSES FROM LOADING OR UNLOADING.","B012025177B81",,,"2025-07-09T08:26:57.000","2025-07-09T08:26:57.000","2025-07-12T23:59:59.000","BROOKLYN",,"14 AVENUE","56 STREET",,"JRCRUZ CORP.","Milling 2&quot; of Roadway Surface for NYC-DOT Contract HW2CR23C","Please Include 0204, Street Storage Permit. Thank You.","ASPHALT",,"2025-07-09T08:26:56.000","2025-07-13T00:05:41.000",,,
"B162025192A26","2025071100210510","0001","New","030","EXPIRED","16","COMMERCIAL REFUSE CONTAINER PERMIT","1600","COMMERCIAL REFUSE CONTAINER",,,,,,,,,,,,"2025-07-11T09:18:33.000","2025-07-11T09:18:33.000","2025-07-15T23:59:59.000","BROOKLYN","218","EAST    5 STREET","ALBEMARLE ROAD","CATON AVENUE","QUICK CONTAINERS, INC.",,,,,"2025-07-11T09:18:31.000","2025-07-16T00:05:11.000",,,
"B012025190A48","2025070801045400","0003","Amend and Reissue","020","EXPIRED UNDER GUARANTEE","01","STREET OPENING PERMIT","0185","CONTRACT ROADWAY MILLING","18","5280","5000","1",,,,"JN: MAY WORK 9:00AM - 2:00PM MONDAY - FRIDAY WHEN SCHOOL IS IN SESSION AND WORK 9:00AM - 4:00PM MONDAY - FRIDAY WHEN SCHOOL IS NOT IN SESSION. MUST COORDINATE WITH SCHOOL, MTA BUSES AND ONGOING CONSTRUCTION PRIOR TO MOBILIZING. DO NOT BLOCK BUSES FROM LOADING OR UNLOADING.","B012025177B59",,,"2025-07-09T08:26:08.000","2025-07-09T08:26:08.000","2025-07-12T23:59:59.000","BROOKLYN",,"14 AVENUE","44 STREET","45 STREET","JRCRUZ CORP.","Milling 2&quot; of Roadway Surface for NYC-DOT Contract HW2CR23C","Please Include 0204, Street Storage Permit. Thank You.","ASPHALT",,"2025-07-09T08:26:08.000","2025-07-13T00:05:41.000",,,
"B012025190B25","2025070800855280","0002","New","006","ISSUED & PRINTED","01","STREET OPENING PERMIT","0103","MAJOR INSTALLATION - GAS","3","800",,,,,,"DP",,,,"2025-07-09T09:18:11.000","2025-07-09T09:18:11.000","2025-10-06T23:59:59.000","BROOKLYN",,"EAST   27 STREET","AVENUE R","AVENUE S","THE BROOKLYN UNION GAS COMPANY D/B/A NATIONAL GRID NY","MAJOR INSTALLATION - GAS","SIDEWALK ONLY",,"CONCRETE","2025-07-09T09:18:11.000","2025-07-09T09:18:11.000",,,
"B012025191B61","2025070700678313","0001","New","006","ISSUED & PRINTED","01","STREET OPENING PERMIT","0133","INSTALL TRAFFIC SIGNALS","1","58",,,,,,"DP",,,,"2025-07-10T10:06:17.000","2025-07-10T10:06:17.000","2025-09-30T23:59:59.000","BROOKLYN",,"AVENUE L","OCEAN AVENUE",,"WELSBACH ELECTRIC CORP.","INSTALL ELECTRICAL CONDUIT AND POLE FOUNDATIONS E-756K",,"ASPHALT","CONCRETE","2025-07-10T10:06:16.000","2025-07-10T10:06:16.000",,,
"B012025190A73","2025070801045400","0027","Amend and Reissue","020","EXPIRED UNDER GUARANTEE","01","STREET OPENING PERMIT","0185","CONTRACT ROADWAY MILLING","18","5280","5000","1",,,,"JN: MAY WORK 9:00AM - 4:00PM MONDAY - FRIDAY. MUST MAINTAIN STIPULATION 023 ON BOTH ROADWAYS.","B012025177B83",,,"2025-07-09T08:26:57.000","2025-07-09T08:26:57.000","2025-07-12T23:59:59.000","BROOKLYN",,"14 AVENUE","57 STREET",,"JRCRUZ CORP.","Milling 2&quot; of Roadway Surface for NYC-DOT Contract HW2CR23C","Please Include 0204, Street Storage Permit. Thank You.","ASPHALT",,"2025-07-09T08:26:57.000","2025-07-13T00:05:41.000",,,
"B012025190A58","2025070801045400","0013","Amend and Reissue","020","EXPIRED UNDER GUARANTEE","01","STREET OPENING PERMIT","0185","CONTRACT ROADWAY MILLING","18","5280","5000","1",,,,"JN: MAY WORK 9:00AM - 2:00PM MONDAY - FRIDAY WHEN SCHOOL IS IN SESSION AND WORK 9:00AM - 4:00PM MONDAY - FRIDAY WHEN SCHOOL IS NOT IN SESSION. MUST COORDINATE WITH SCHOOL AND MTA BUSES PRIOR TO MOBILIZING. DO NOT BLOCK BUSES FROM LOADING OR UNLOADING.","B012025177B69",,,"2025-07-09T08:26:29.000","2025-07-09T08:26:29.000","2025-07-12T23:59:59.000","BROOKLYN",,"14 AVENUE","49 STREET","50 STREET","JRCRUZ CORP.","Milling 2&quot; of Roadway Surface for NYC-DOT Contract HW2CR23C","Please Include 0204, Street Storage Permit. Thank You.","ASPHALT",,"2025-07-09T08:26:28.000","2025-07-13T00:05:41.000",,,
"B012025190A49","2025070801045400","0004","Amend and Reissue","020","EXPIRED UNDER GUARANTEE","01","STREET OPENING PERMIT","0185","CONTRACT ROADWAY MILLING","18","5280","5000","1",,,,"JN: MAY WORK 9:00AM - 2:00PM MONDAY - FRIDAY WHEN SCHOOL IS IN SESSION AND WORK 9:00AM - 4:00PM MONDAY - FRIDAY WHEN SCHOOL IS NOT IN SESSION. MUST COORDINATE WITH SCHOOL, MTA BUSES AND ONGOING CONSTRUCTION PRIOR TO MOBILIZING. DO NOT BLOCK BUSES FROM LOADING OR UNLOADING. MUST MAINTAIN STIPULATION 023 ON BOTH ROADWAYS.","B012025177B60",,,"2025-07-09T08:26:09.000","2025-07-09T08:26:09.000","2025-07-12T23:59:59.000","BROOKLYN",,"14 AVENUE","45 STREET",,"JRCRUZ CORP.","Milling 2&quot; of Roadway Surface for NYC-DOT Contract HW2CR23C","Please Include 0204, Street Storage Permit. Thank You.","ASPHALT",,"2025-07-09T08:26:08.000","2025-07-13T00:05:41.000",,,
"B012025190A82","2025070801042520","0040","Amend and Reissue","020","EXPIRED UNDER GUARANTEE","01","STREET OPENING PERMIT","0185","CONTRACT ROADWAY MILLING","18","5280","5000","1",,,,"JN: MAY WORK 9:00AM - 4:00PM MONDAY - FRIDAY. MUST COORDINATE WITH THE ONGOING CONSTRUCTION PRIOR TO MOBILIZING.","B012025177C30",,,"2025-07-09T08:27:44.000","2025-07-09T08:27:44.000","2025-07-12T23:59:59.000","BROOKLYN",,"56 STREET","9 AVENUE","FT HAMILTON PARKWAY","JRCRUZ CORP.","Milling 2&quot; of Roadway Surface for NYC-DOT Contract HW2CR23C","Please Include 0204, Street Storage Permit. Thank You.","ASPHALT",,"2025-07-09T08:27:44.000","2025-07-13T00:05:41.000",,,
"B012025190A50","2025070801045400","0005","Amend and Reissue","020","EXPIRED UNDER GUARANTEE","01","STREET OPENING PERMIT","0185","CONTRACT ROADWAY MILLING","18","5280","5000","1",,,,"JN: MAY WORK 9:00AM - 2:00PM MONDAY - FRIDAY WHEN SCHOOL IS IN SESSION AND WORK 9:00AM - 4:00PM MONDAY - FRIDAY WHEN SCHOOL IS NOT IN SESSION. MUST COORDINATE WITH SCHOOL AND MTA BUSES PRIOR TO MOBILIZING. DO NOT BLOCK BUSES FROM LOADING OR UNLOADING.","B012025177B61",,,"2025-07-09T08:26:09.000","2025-07-09T08:26:09.000","2025-07-12T23:59:59.000","BROOKLYN",,"14 AVENUE","45 STREET","46 STREET","JRCRUZ CORP.","Milling 2&quot; of Roadway Surface for NYC-DOT Contract HW2CR23C","Please Include 0204, Street Storage Permit. Thank You.","ASPHALT",,"2025-07-09T08:26:08.000","2025-07-13T00:05:41.000",,,
"B012025190A94","2025070801042520","0002","Amend and Reissue","020","EXPIRED UNDER GUARANTEE","01","STREET OPENING PERMIT","0185","CONTRACT ROADWAY MILLING","18","5280","5000","1",,,,"JN: MAY WORK 9:00AM - 2:00PM MONDAY - FRIDAY WHEN SCHOOL IS IN SESSION AND WORK 9:00AM - 4:00PM MONDAY - FRIDAY WHEN SCHOOL IS NOT IN SESSION. MUST COORDINATE WITH SCHOOL PRIOR TO MOBILIZING.","B012025177B95",,,"2025-07-09T08:28:47.000","2025-07-09T08:28:47.000","2025-07-12T23:59:59.000","BROOKLYN",,"43 STREET","12 AVENUE","FT HAMILTON PARKWAY","JRCRUZ CORP.","Milling 2&quot; of Roadway Surface for NYC-DOT Contract HW2CR23C","Please Include 0204, Street Storage Permit. Thank You.","ASPHALT",,"2025-07-09T08:28:46.000","2025-07-13T00:05:41.000",,,
"B012025190A51","2025070801045400","0006","Amend and Reissue","020","EXPIRED UNDER GUARANTEE","01","STREET OPENING PERMIT","0185","CONTRACT ROADWAY MILLING","18","5280","5000","1",,,,"JN: MAY WORK 9:00AM - 2:00PM MONDAY - FRIDAY WHEN SCHOOL IS IN SESSION AND WORK 9:00AM - 4:00PM MONDAY - FRIDAY WHEN SCHOOL IS NOT IN SESSION. MUST COORDINATE WITH SCHOOL AND MTA BUSES PRIOR TO MOBILIZING. DO NOT BLOCK BUSES FROM LOADING OR UNLOADING. MUST MAINTAIN STIPULATION 023 ON BOTH ROADWAYS.","B012025177B62",,,"2025-07-09T08:26:09.000","2025-07-09T08:26:09.000","2025-07-12T23:59:59.000","BROOKLYN",,"14 AVENUE","46 STREET",,"JRCRUZ CORP.","Milling 2&quot; of Roadway Surface for NYC-DOT Contract HW2CR23C","Please Include 0204, Street Storage Permit. Thank You.","ASPHALT",,"2025-07-09T08:26:09.000","2025-07-13T00:05:41.000",,,
"B012025190B76","2025070900282190","0001","Emergency","000","SUBMITTED","01","STREET OPENING PERMIT","0122","REPAIR GAS",,,,,,,,,,,"2025-07-09T09:43:50.000","2025-07-09T09:43:50.000","2025-07-09T09:43:50.000","2025-07-11T09:43:50.000","BROOKLYN",,"DORCHESTER ROAD","EAST   16 STREET","NYCTA SUBWAY","THE BROOKLYN UNION GAS COMPANY D/B/A NATIONAL GRID NY","Gas Leak Repair","6' SS of Dorchester Rd, 75' WW of East 16 St",,,"2025-07-09T09:43:49.000","2025-07-09T09:58:00.000",,,
"B012025190A52","2025070801045400","0007","Amend and Reissue","020","EXPIRED UNDER GUARANTEE","01","STREET OPENING PERMIT","0185","CONTRACT ROADWAY MILLING","18","5280","5000","1",,,,"JN: MAY WORK 9:00AM - 2:00PM MONDAY - FRIDAY WHEN SCHOOL IS IN SESSION AND WORK 9:00AM - 4:00PM MONDAY - FRIDAY WHEN SCHOOL IS NOT IN SESSION. MUST COORDINATE WITH SCHOOL, ONGOING CONSTRUCTION AND MTA BUSES PRIOR TO MOBILIZING. DO NOT BLOCK BUSES FROM LOADING OR UNLOADING.","B012025177B63",,,"2025-07-09T08:26:09.000","2025-07-09T08:26:09.000","2025-07-12T23:59:59.000","BROOKLYN",,"14 AVENUE","46 STREET","47 STREET","JRCRUZ CORP.","Milling 2&quot; of Roadway Surface for NYC-DOT Contract HW2CR23C","Please Include 0204, Street Storage Permit. Thank You.","ASPHALT",,"2025-07-09T08:26:09.000","2025-07-13T00:05:41.000",,,
"B152025192A00","2025071100019990","0001","New","030","EXPIRED","15","DOT IN-HOUSE PAVING AND MILLING","1501","DOT IN-HOUSE PAVING",,,,,,,,,,,,"2025-07-11T06:15:51.000","2025-07-11T06:15:51.000","2025-07-11T23:59:59.000","BROOKLYN",,"CLIFFORD PLACE","DOBBIN STREET",,"NYC DEPT OF TRANSPORTATION","PAVING","SEGMENT AND INTERSECTION",,,"2025-07-11T06:15:51.000","2025-07-12T00:05:10.000",,,
"B152025192A79","2025071100309886","0007","New","030","EXPIRED","15","DOT IN-HOUSE PAVING AND MILLING","1501","DOT IN-HOUSE PAVING",,,,,,,,,,,,"2025-07-11T10:06:30.000","2025-07-16T00:00:00.000","2025-07-17T23:59:59.000","BROOKLYN",,"CALYER STREET","JEWELL STREET",,"NYC DEPT OF TRANSPORTATION","PAVING","SEGMENT AND INTERSECTION",,,"2025-07-11T10:06:28.000","2025-07-18T00:05:11.000",,,
"B012025190C47","2025070900638750","0002","Renew","006","ISSUED & PRINTED","01","STREET OPENING PERMIT","0103","MAJOR INSTALLATION - GAS","1","8",,"1",,,,"IL. REFER TO BNEC-24-390.","B012025111C75",,,"2025-07-09T13:49:58.000","2025-07-27T00:00:00.000","2025-10-24T23:59:59.000","BROOKLYN",,"QUINCY STREET","BEDFORD AVENUE","FRANKLIN AVENUE","THE BROOKLYN UNION GAS COMPANY D/B/A NATIONAL GRID NY","MAJOR INSTALLATION - GAS","SEE SKETCH FOR DETAILS","ASPHALT","CONCRETE","2025-07-09T13:49:57.000","2025-07-09T13:49:57.000",,,
"B012025190A53","2025070801045400","0008","Amend and Reissue","020","EXPIRED UNDER GUARANTEE","01","STREET OPENING PERMIT","0185","CONTRACT ROADWAY MILLING","18","5280","5000","1",,,,"JN: MAY WORK 9:00AM - 2:00PM MONDAY - FRIDAY WHEN SCHOOL IS IN SESSION AND WORK 9:00AM - 4:00PM MONDAY - FRIDAY WHEN SCHOOL IS NOT IN SESSION. MUST COORDINATE WITH SCHOOL, ONGOING CONSTRUCTION AND MTA BUSES PRIOR TO MOBILIZING. DO NOT BLOCK BUSES FROM LOADING OR UNLOADING. MUST MAINTAIN STIPULATION 023 ON BOTH ROADWAYS.","B012025177B64",,,"2025-07-09T08:26:09.000","2025-07-09T08:26:09.000","2025-07-12T23:59:59.000","BROOKLYN",,"14 AVENUE","47 STREET",,"JRCRUZ CORP.","Milling 2&quot; of Roadway Surface for NYC-DOT Contract HW2CR23C","Please Include 0204, Street Storage Permit. Thank You.","ASPHALT",,"2025-07-09T08:26:09.000","2025-07-13T00:05:41.000",,,
"B162025195A84","2025071400899706","0001","New","030","EXPIRED","16","COMMERCIAL REFUSE CONTAINER PERMIT","1601","COMMERCIAL REFUSE CONTAINER CRITICAL STS",,,,,,,,,,,,"2025-07-14T16:31:05.000","2025-07-14T16:31:05.000","2025-07-18T23:59:59.000","BROOKLYN","901-903","UNION STREET","7 AVENUE","8 AVENUE","PLANET WASTE SERVICES, INC.",,,,,"2025-07-14T16:31:03.000","2025-07-19T00:05:09.000",,,
"B012025190A54","2025070801045400","0009","Amend and Reissue","020","EXPIRED UNDER GUARANTEE","01","STREET OPENING PERMIT","0185","CONTRACT ROADWAY MILLING","18","5280","5000","1",,,,"JN: MAY WORK 9:00AM - 2:00PM MONDAY - FRIDAY WHEN SCHOOL IS IN SESSION AND WORK 9:00AM - 4:00PM MONDAY - FRIDAY WHEN SCHOOL IS NOT IN SESSION. MUST COORDINATE WITH SCHOOL AND MTA BUSES PRIOR TO MOBILIZING. DO NOT BLOCK BUSES FROM LOADING OR UNLOADING.","B012025177B65",,,"2025-07-09T08:26:10.000","2025-07-09T08:26:10.000","2025-07-12T23:59:59.000","BROOKLYN",,"14 AVENUE","47 STREET","48 STREET","JRCRUZ CORP.","Milling 2&quot; of Roadway Surface for NYC-DOT Contract HW2CR23C","Please Include 0204, Street Storage Permit. Thank You.","ASPHALT",,"2025-07-09T08:26:09.000","2025-07-13T00:05:41.000",,,
"B012025190A77","2025070801045400","0031","Amend and Reissue","020","EXPIRED UNDER GUARANTEE","01","STREET OPENING PERMIT","0185","CONTRACT ROADWAY MILLING","18","5280","5000","1",,,,"JN: MAY WORK 9:00AM - 4:00PM MONDAY - FRIDAY. MUST MAINTAIN STIPULATION 023 ON BOTH ROADWAYS.","B012025177B88",,,"2025-07-09T08:26:58.000","2025-07-09T08:26:58.000","2025-07-12T23:59:59.000","BROOKLYN",,"14 AVENUE","59 STREET",,"JRCRUZ CORP.","Milling 2&quot; of Roadway Surface for NYC-DOT Contract HW2CR23C","Please Include 0204, Street Storage Permit. Thank You.","ASPHALT",,"2025-07-09T08:26:58.000","2025-07-13T00:05:41.000",,,
"B012025190B24","2025070800855280","0001","New","006","ISSUED & PRINTED","01","STREET OPENING PERMIT","0103","MAJOR INSTALLATION - GAS","3","850",,,,,,"DP",,,,"2025-07-09T09:18:11.000","2025-07-09T09:18:11.000","2025-10-06T23:59:59.000","BROOKLYN",,"EAST   27 STREET","AVENUE R","QUENTIN ROAD","THE BROOKLYN UNION GAS COMPANY D/B/A NATIONAL GRID NY","MAJOR INSTALLATION - GAS","SIDEWALK ONLY",,"CONCRETE","2025-07-09T09:18:11.000","2025-07-09T09:18:11.000",,,
"B012025190A55","2025070801045400","0010","Amend and Reissue","020","EXPIRED UNDER GUARANTEE","01","STREET OPENING PERMIT","0185","CONTRACT ROADWAY MILLING","18","5280","5000","1",,,,"JN: MAY WORK 9:00AM - 2:00PM MONDAY - FRIDAY WHEN SCHOOL IS IN SESSION AND WORK 9:00AM - 4:00PM MONDAY - FRIDAY WHEN SCHOOL IS NOT IN SESSION. MUST COORDINATE WITH SCHOOL AND MTA BUSES PRIOR TO MOBILIZING. DO NOT BLOCK BUSES FROM LOADING OR UNLOADING. MUST MAINTAIN STIPULATION 023 ON BOTH ROADWAYS.","B012025177B66",,,"2025-07-09T08:26:10.000","2025-07-09T08:26:10.000","2025-07-12T23:59:59.000","BROOKLYN",,"14 AVENUE","48 STREET",,"JRCRUZ CORP.","Milling 2&quot; of Roadway Surface for NYC-DOT Contract HW2CR23C","Please Include 0204, Street Storage Permit. Thank You.","ASPHALT",,"2025-07-09T08:26:09.000","2025-07-13T00:05:41.000",,,
"B012025190A56","2025070801045400","0011","Amend and Reissue","020","EXPIRED UNDER GUARANTEE","01","STREET OPENING PERMIT","0185","CONTRACT ROADWAY MILLING","18","5280","5000","1",,,,"JN: MAY WORK 9:00AM - 4:00PM MONDAY - FRIDAY. MUST COORDINATE WITH MTA BUSES PRIOR TO MOBILIZING. DO NOT BLOCK BUSES FROM LOADING OR UNLOADING.","B012025177B67",,,"2025-07-09T08:26:10.000","2025-07-09T08:26:10.000","2025-07-12T23:59:59.000","BROOKLYN",,"14 AVENUE","48 STREET","49 STREET","JRCRUZ CORP.","Milling 2&quot; of Roadway Surface for NYC-DOT Contract HW2CR23C","Please Include 0204, Street Storage Permit. Thank You.","ASPHALT",,"2025-07-09T08:26:10.000","2025-07-13T00:05:41.000",,,
"B012025190A57","2025070801045400","0012","Amend and Reissue","020","EXPIRED UNDER GUARANTEE","01","STREET OPENING PERMIT","0185","CONTRACT ROADWAY MILLING","18","5280","5000","1",,,,"JN: MAY WORK 9:00AM - 4:00PM MONDAY - FRIDAY. MUST COORDINATE WITH MTA BUSES PRIOR TO MOBILIZING. DO NOT BLOCK BUSES FROM LOADING OR UNLOADING. MUST MAINTAIN STIPULATION 023 ON BOTH ROADWAYS.","B012025177B68",,,"2025-07-09T08:26:10.000","2025-07-09T08:26:10.000","2025-07-12T23:59:59.000","BROOKLYN",,"14 AVENUE","49 STREET",,"JRCRUZ CORP.","Milling 2&quot; of Roadway Surface for NYC-DOT Contract HW2CR23C","Please Include 0204, Street Storage Permit. Thank You.","ASPHALT",,"2025-07-09T08:26:10.000","2025-07-13T00:05:41.000",,,
"B012025190A59","2025070801045400","0014","Amend and Reissue","020","EXPIRED UNDER GUARANTEE","01","STREET OPENING PERMIT","0185","CONTRACT ROADWAY MILLING","18","5280","5000","1",,,,"JN: MAY WORK 9:00AM - 2:00PM MONDAY - FRIDAY WHEN SCHOOL IS IN SESSION AND WORK 9:00AM - 4:00PM MONDAY - FRIDAY WHEN SCHOOL IS NOT IN SESSION. MUST COORDINATE WITH SCHOOL AND MTA BUSES PRIOR TO MOBILIZING. DO NOT BLOCK BUSES FROM LOADING OR UNLOADING. MUST MAINTAIN STIPULATION 023 ON BOTH ROADWAYS.","B012025177B70",,,"2025-07-09T08:26:29.000","2025-07-09T08:26:29.000","2025-07-12T23:59:59.000","BROOKLYN",,"14 AVENUE","50 STREET",,"JRCRUZ CORP.","Milling 2&quot; of Roadway Surface for NYC-DOT Contract HW2CR23C","Please Include 0204, Street Storage Permit. Thank You.","ASPHALT",,"2025-07-09T08:26:28.000","2025-07-13T00:05:41.000",,,
"B012025190A60","2025070801045400","0015","Amend and Reissue","020","EXPIRED UNDER GUARANTEE","01","STREET OPENING PERMIT","0185","CONTRACT ROADWAY MILLING","18","5280","5000","1",,,,"JN: MAY WORK 9:00AM - 2:00PM MONDAY - FRIDAY WHEN SCHOOL IS IN SESSION AND WORK 9:00AM - 4:00PM MONDAY - FRIDAY WHEN SCHOOL IS NOT IN SESSION. MUST COORDINATE WITH SCHOOL AND MTA BUSES PRIOR TO MOBILIZING. DO NOT BLOCK BUSES FROM LOADING OR UNLOADING.","B012025177B71",,,"2025-07-09T08:26:29.000","2025-07-09T08:26:29.000","2025-07-12T23:59:59.000","BROOKLYN",,"14 AVENUE","50 STREET","51 STREET","JRCRUZ CORP.","Milling 2&quot; of Roadway Surface for NYC-DOT Contract HW2CR23C","Please Include 0204, Street Storage Permit. Thank You.","ASPHALT",,"2025-07-09T08:26:29.000","2025-07-13T00:05:41.000",,,
"B152025192A66","2025071100285123","0014","New","030","EXPIRED","15","DOT IN-HOUSE PAVING AND MILLING","1501","DOT IN-HOUSE PAVING",,,,,,,,,,,,"2025-07-11T09:58:44.000","2025-07-16T00:00:00.000","2025-07-16T23:59:59.000","BROOKLYN",,"AVENUE L","EAST   53 STREET",,"NYC DEPT OF TRANSPORTATION","PAVING","SEGMENT AND INTERSECTION",,,"2025-07-11T09:58:42.000","2025-07-17T00:05:09.000",,,
"B012025190A61","2025070801045400","0020","Amend and Reissue","020","EXPIRED UNDER GUARANTEE","01","STREET OPENING PERMIT","0185","CONTRACT ROADWAY MILLING","18","5280","5000","1",,,,"JN: MAY WORK 9:00AM - 2:00PM MONDAY - FRIDAY WHEN SCHOOL IS IN SESSION AND WORK 9:00AM - 4:00PM MONDAY - FRIDAY WHEN SCHOOL IS NOT IN SESSION. MUST COORDINATE WITH SCHOOL, ONGOING CONSTRUCTION AND MTA BUSES PRIOR TO MOBILIZING. DO NOT BLOCK BUSES FROM LOADING OR UNLOADING.","B012025177B76",,,"2025-07-09T08:26:29.000","2025-07-09T08:26:29.000","2025-07-12T23:59:59.000","BROOKLYN",,"14 AVENUE","53 STREET","54 STREET","JRCRUZ CORP.","Milling 2&quot; of Roadway Surface for NYC-DOT Contract HW2CR23C","Please Include 0204, Street Storage Permit. Thank You.","ASPHALT",,"2025-07-09T08:26:29.000","2025-07-13T00:05:41.000",,,
"B012025190A62","2025070801045400","0021","Amend and Reissue","020","EXPIRED UNDER GUARANTEE","01","STREET OPENING PERMIT","0185","CONTRACT ROADWAY MILLING","18","5280","5000","1",,,,"JN: MAY WORK 9:00AM - 2:00PM MONDAY - FRIDAY WHEN SCHOOL IS IN SESSION AND WORK 9:00AM - 4:00PM MONDAY - FRIDAY WHEN SCHOOL IS NOT IN SESSION. MUST COORDINATE WITH SCHOOL AND MTA BUSES PRIOR TO MOBILIZING. DO NOT BLOCK BUSES FROM LOADING OR UNLOADING. MUST MAINTAIN STIPULATION 023 ON BOTH ROADWAYS.","B012025177B77",,,"2025-07-09T08:26:30.000","2025-07-09T08:26:30.000","2025-07-12T23:59:59.000","BROOKLYN",,"14 AVENUE","54 STREET",,"JRCRUZ CORP.","Milling 2&quot; of Roadway Surface for NYC-DOT Contract HW2CR23C","Please Include 0204, Street Storage Permit. Thank You.","ASPHALT",,"2025-07-09T08:26:29.000","2025-07-13T00:05:41.000",,,
"B012025190A63","2025070801045400","0022","Amend and Reissue","020","EXPIRED UNDER GUARANTEE","01","STREET OPENING PERMIT","0185","CONTRACT ROADWAY MILLING","18","5280","5000","1",,,,"JN: MAY WORK 9:00AM - 2:00PM MONDAY - FRIDAY WHEN SCHOOL IS IN SESSION AND WORK 9:00AM - 4:00PM MONDAY - FRIDAY WHEN SCHOOL IS NOT IN SESSION. MUST COORDINATE WITH SCHOOL AND MTA BUSES PRIOR TO MOBILIZING. DO NOT BLOCK BUSES FROM LOADING OR UNLOADING.","B012025177B78",,,"2025-07-09T08:26:30.000","2025-07-09T08:26:30.000","2025-07-12T23:59:59.000","BROOKLYN",,"14 AVENUE","54 STREET","55 STREET","JRCRUZ CORP.","Milling 2&quot; of Roadway Surface for NYC-DOT Contract HW2CR23C","Please Include 0204, Street Storage Permit. Thank You.","ASPHALT",,"2025-07-09T08:26:29.000","2025-07-13T00:05:41.000",,,
"B012025191A52","2025071000143203","0007","Renew","006","ISSUED & PRINTED","01","STREET OPENING PERMIT","0160","SIDEWALK RECONSTRUCTION CONTRACTS","2","500","5000","10",,,,"JN REFER TO CEC-12-124","B012025119B10",,,"2025-07-10T09:44:16.000","2025-07-31T00:00:00.000","2025-10-15T23:59:59.000","BROOKLYN",,"EAST   58 STREET","AVENUE H","AVENUE I","WILLIAM A. GROSS CONSTRUCTION ASSOCIATES, INC.","Sidewalk reconstruction",,"ASPHALT","CONCRETE","2025-07-10T09:44:15.000","2025-07-10T09:44:15.000",,,
"B012025190A64","2025070801045400","0023","Amend and Reissue","020","EXPIRED UNDER GUARANTEE","01","STREET OPENING PERMIT","0185","CONTRACT ROADWAY MILLING","18","5280","5000","1",,,,"JN: MAY WORK 9:00AM - 2:00PM MONDAY - FRIDAY WHEN SCHOOL IS IN SESSION AND WORK 9:00AM - 4:00PM MONDAY - FRIDAY WHEN SCHOOL IS NOT IN SESSION. MUST COORDINATE WITH SCHOOL AND MTA BUSES PRIOR TO MOBILIZING. DO NOT BLOCK BUSES FROM LOADING OR UNLOADING. MUST MAINTAIN STIPULATION 023 ON BOTH ROADWAYS.","B012025177B79",,,"2025-07-09T08:26:30.000","2025-07-09T08:26:30.000","2025-07-12T23:59:59.000","BROOKLYN",,"14 AVENUE","55 STREET",,"JRCRUZ CORP.","Milling 2&quot; of Roadway Surface for NYC-DOT Contract HW2CR23C","Please Include 0204, Street Storage Permit. Thank You.","ASPHALT",,"2025-07-09T08:26:30.000","2025-07-13T00:05:41.000",,,
"B012025190A65","2025070801045400","0016","Amend and Reissue","020","EXPIRED UNDER GUARANTEE","01","STREET OPENING PERMIT","0185","CONTRACT ROADWAY MILLING","18","5280","5000","1",,,,"JN: MAY WORK 9:00AM - 2:00PM MONDAY - FRIDAY WHEN SCHOOL IS IN SESSION AND WORK 9:00AM - 4:00PM MONDAY - FRIDAY WHEN SCHOOL IS NOT IN SESSION. MUST COORDINATE WITH SCHOOL AND MTA BUSES PRIOR TO MOBILIZING. DO NOT BLOCK BUSES FROM LOADING OR UNLOADING. MUST MAINTAIN STIPULATION 023 ON BOTH ROADWAYS.","B012025177B72",,,"2025-07-09T08:26:30.000","2025-07-09T08:26:30.000","2025-07-12T23:59:59.000","BROOKLYN",,"14 AVENUE","51 STREET",,"JRCRUZ CORP.","Milling 2&quot; of Roadway Surface for NYC-DOT Contract HW2CR23C","Please Include 0204, Street Storage Permit. Thank You.","ASPHALT",,"2025-07-09T08:26:30.000","2025-07-13T00:05:41.000",,,
"B012025190A89","2025070801042520","0005","Amend and Reissue","010","DELINQUENT CONFIRMATION","01","STREET OPENING PERMIT","0185P","CONTRACT ROADWAY MILLING-PROTECTED","18","5280","5000","1",,,,"JN: MAY WORK 9:00AM - 4:00PM MONDAY - FRIDAY. MUST MAINTAIN STIPULATION 023 ON BOTH ROADWAYS.","B012025177B98",,,"2025-07-09T08:28:46.000","2025-07-09T08:28:46.000","2025-07-12T23:59:59.000","BROOKLYN",,"13 AVENUE","43 STREET",,"JRCRUZ CORP.","Milling 2&quot; of Roadway Surface for NYC-DOT Contract HW2CR23C","Please Include 0204, Street Storage Permit. Thank You.","ASPHALT",,"2025-07-09T08:28:45.000","2025-07-13T00:05:23.000",,,
"B012025190A66","2025070801045400","0017","Amend and Reissue","020","EXPIRED UNDER GUARANTEE","01","STREET OPENING PERMIT","0185","CONTRACT ROADWAY MILLING","18","5280","5000","1",,,,"JN: MAY WORK 9:00AM - 2:00PM MONDAY - FRIDAY WHEN SCHOOL IS IN SESSION AND WORK 9:00AM - 4:00PM MONDAY - FRIDAY WHEN SCHOOL IS NOT IN SESSION. MUST COORDINATE WITH SCHOOL AND MTA BUSES PRIOR TO MOBILIZING. DO NOT BLOCK BUSES FROM LOADING OR UNLOADING.","B012025177B73",,,"2025-07-09T08:26:31.000","2025-07-09T08:26:31.000","2025-07-12T23:59:59.000","BROOKLYN",,"14 AVENUE","51 STREET","52 STREET","JRCRUZ CORP.","Milling 2&quot; of Roadway Surface for NYC-DOT Contract HW2CR23C","Please Include 0204, Street Storage Permit. Thank You.","ASPHALT",,"2025-07-09T08:26:30.000","2025-07-13T00:05:41.000",,,
"B012025190A80","2025070801045400","0034","Amend and Reissue","020","EXPIRED UNDER GUARANTEE","01","STREET OPENING PERMIT","0185","CONTRACT ROADWAY MILLING","18","5280","5000","1",,,,"JN: MAY WORK 9:00AM - 4:00PM MONDAY - FRIDAY.","B012025177B91",,,"2025-07-09T08:27:44.000","2025-07-09T08:27:44.000","2025-07-12T23:59:59.000","BROOKLYN",,"14 AVENUE","60 STREET","NEW UTRECHT AVENUE","JRCRUZ CORP.","Milling 2&quot; of Roadway Surface for NYC-DOT Contract HW2CR23C","Please Include 0204, Street Storage Permit. Thank You.","ASPHALT",,"2025-07-09T08:27:43.000","2025-07-13T00:05:41.000",,,
"B162025196A14","2025071500239653","0001","New","030","EXPIRED","16","COMMERCIAL REFUSE CONTAINER PERMIT","1600","COMMERCIAL REFUSE CONTAINER",,,,,,,,,,,,"2025-07-15T09:04:23.000","2025-07-15T09:04:23.000","2025-07-19T23:59:59.000","BROOKLYN","2","MELBA COURT","MADOC AVENUE","BODY OF WATER","ECONOMY CONTAINER CORP.",,,,,"2025-07-15T09:04:22.000","2025-07-20T00:05:09.000",,,
"B012025190A67","2025070801045400","0018","Amend and Reissue","020","EXPIRED UNDER GUARANTEE","01","STREET OPENING PERMIT","0185","CONTRACT ROADWAY MILLING","18","5280","5000","1",,,,"JN: MAY WORK 9:00AM - 2:00PM MONDAY - FRIDAY WHEN SCHOOL IS IN SESSION AND WORK 9:00AM - 4:00PM MONDAY - FRIDAY WHEN SCHOOL IS NOT IN SESSION. MUST COORDINATE WITH SCHOOL AND MTA BUSES PRIOR TO MOBILIZING. DO NOT BLOCK BUSES FROM LOADING OR UNLOADING. MUST MAINTAIN STIPULATION 023 ON BOTH ROADWAYS.","B012025177B74",,,"2025-07-09T08:26:31.000","2025-07-09T08:26:31.000","2025-07-12T23:59:59.000","BROOKLYN",,"14 AVENUE","52 STREET",,"JRCRUZ CORP.","Milling 2&quot; of Roadway Surface for NYC-DOT Contract HW2CR23C","Please Include 0204, Street Storage Permit. Thank You.","ASPHALT",,"2025-07-09T08:26:30.000","2025-07-13T00:05:41.000",,,
"B012025190A68","2025070801045400","0002","Amend and Reissue","020","EXPIRED UNDER GUARANTEE","01","STREET OPENING PERMIT","0185","CONTRACT ROADWAY MILLING","18","5280","5000","1",,,,"JN: MAY WORK 9:00AM - 2:00PM MONDAY - FRIDAY WHEN SCHOOL IS IN SESSION AND WORK 9:00AM - 4:00PM MONDAY - FRIDAY WHEN SCHOOL IS NOT IN SESSION. MUST COORDINATE WITH SCHOOL PRIOR TO MOBILIZING. MUST MAINTAIN STIPULATION 112 ON BOTH ROADWAYS.","B012025177B58",,,"2025-07-09T08:26:55.000","2025-07-09T08:26:55.000","2025-07-12T23:59:59.000","BROOKLYN",,"11 AVENUE","59 STREET",,"JRCRUZ CORP.","Milling 2&quot; of Roadway Surface for NYC-DOT Contract HW2CR23C","Please Include 0204, Street Storage Permit. Thank You.","ASPHALT",,"2025-07-09T08:26:55.000","2025-07-13T00:05:41.000",,,
"B012025190A69","2025070801045400","0019","Amend and Reissue","020","EXPIRED UNDER GUARANTEE","01","STREET OPENING PERMIT","0185","CONTRACT ROADWAY MILLING","18","5280","5000","1",,,,"JN: MAY WORK 9:00AM - 2:00PM MONDAY - FRIDAY WHEN SCHOOL IS IN SESSION AND WORK 9:00AM - 4:00PM MONDAY - FRIDAY WHEN SCHOOL IS NOT IN SESSION. MUST COORDINATE WITH SCHOOL AND MTA BUSES PRIOR TO MOBILIZING. DO NOT BLOCK BUSES FROM LOADING OR UNLOADING.","B012025177B75",,,"2025-07-09T08:26:56.000","2025-07-09T08:26:56.000","2025-07-12T23:59:59.000","BROOKLYN",,"14 AVENUE","52 STREET","53 STREET","JRCRUZ CORP.","Milling 2&quot; of Roadway Surface for NYC-DOT Contract HW2CR23C","Please Include 0204, Street Storage Permit. Thank You.","ASPHALT",,"2025-07-09T08:26:55.000","2025-07-13T00:05:41.000",,,
"B012025190A70","2025070801045400","0024","Amend and Reissue","020","EXPIRED UNDER GUARANTEE","01","STREET OPENING PERMIT","0185","CONTRACT ROADWAY MILLING","18","5280","5000","1",,,,"JN: MAY WORK 9:00AM - 4:00PM MONDAY - FRIDAY. MUST COORDINATE WITH MTA BUSES PRIOR TO MOBILIZING. DO NOT BLOCK BUSES FROM LOADING OR UNLOADING.","B012025177B80",,,"2025-07-09T08:26:56.000","2025-07-09T08:26:56.000","2025-07-12T23:59:59.000","BROOKLYN",,"14 AVENUE","55 STREET","56 STREET","JRCRUZ CORP.","Milling 2&quot; of Roadway Surface for NYC-DOT Contract HW2CR23C","Please Include 0204, Street Storage Permit. Thank You.","ASPHALT",,"2025-07-09T08:26:56.000","2025-07-13T00:05:41.000",,,
"B012025190A72","2025070801045400","0026","Amend and Reissue","020","EXPIRED UNDER GUARANTEE","01","STREET OPENING PERMIT","0185","CONTRACT ROADWAY MILLING","18","5280","5000","1",,,,"JN: MAY WORK 9:00AM - 4:00PM MONDAY - FRIDAY.","B012025177B82",,,"2025-07-09T08:26:57.000","2025-07-09T08:26:57.000","2025-07-12T23:59:59.000","BROOKLYN",,"14 AVENUE","56 STREET","57 STREET","JRCRUZ CORP.","Milling 2&quot; of Roadway Surface for NYC-DOT Contract HW2CR23C","Please Include 0204, Street Storage Permit. Thank You.","ASPHALT",,"2025-07-09T08:26:57.000","2025-07-13T00:05:41.000",,,
"B162025191A03","2025071000089910","0001","New","030","EXPIRED","16","COMMERCIAL REFUSE CONTAINER PERMIT","1600","COMMERCIAL REFUSE CONTAINER",,,,,,,,,,,,"2025-07-10T07:31:04.000","2025-07-10T07:31:04.000","2025-07-14T23:59:59.000","BROOKLYN","245","MARION STREET","HOWARD AVENUE","RALPH AVENUE","SAFEWAY SERVICES CORP",,,,,"2025-07-10T07:31:03.000","2025-07-15T00:05:10.000",,,
"B012025190C94","2025070200832156","0001","New","006","ISSUED & PRINTED","01","STREET OPENING PERMIT","0100","OPEN SIDEWALK TO INSTALL FOUNDATION","1","150",,,,,,"JG--sidewalk only.",,,,"2025-07-09T15:44:22.000","2025-07-09T15:44:22.000","2025-09-29T23:59:59.000","BROOKLYN",,"EASTERN PARKWAY","SCHENECTADY AVENUE","TROY AVENUE","VERRA MOBILITY ELECTRICAL ENTERPRISES, INC.","KRL004 - install conduit and foundation NYC DOT Red Light Camera Expansion",,,"CONCRETE","2025-07-09T15:44:21.000","2025-07-09T15:44:21.000",,,
"B012025190C26","2025070900322470","0001","Renew","006","ISSUED & PRINTED","01","STREET OPENING PERMIT","0103","MAJOR INSTALLATION - GAS","1","20","200","1",,,,"JN","B012025099B68",,,"2025-07-09T11:56:37.000","2025-07-20T00:00:00.000","2025-10-17T23:59:59.000","BROOKLYN",,"AVENUE S","VAN SICKLEN STREET","WEST    3 STREET","THE BROOKLYN UNION GAS COMPANY D/B/A NATIONAL GRID NY","MAJOR INSTALLATION - GAS","&quot;55’ E/o EC of W 3rd St 13’3’’ N/o of SC Ave S &quot;","ASPHALT",,"2025-07-09T11:56:34.000","2025-07-09T11:56:34.000",,,
"B012025190A74","2025070801045400","0028","Amend and Reissue","020","EXPIRED UNDER GUARANTEE","01","STREET OPENING PERMIT","0185","CONTRACT ROADWAY MILLING","18","5280","5000","1",,,,"JN: MAY WORK 9:00AM - 4:00PM MONDAY - FRIDAY.","B012025177B84",,,"2025-07-09T08:26:57.000","2025-07-09T08:26:57.000","2025-07-12T23:59:59.000","BROOKLYN",,"14 AVENUE","57 STREET","58 STREET","JRCRUZ CORP.","Milling 2&quot; of Roadway Surface for NYC-DOT Contract HW2CR23C","Please Include 0204, Street Storage Permit. Thank You.","ASPHALT",,"2025-07-09T08:26:57.000","2025-07-13T00:05:41.000",,,
"B012025190A75","2025070801045400","0029","Amend and Reissue","020","EXPIRED UNDER GUARANTEE","01","STREET OPENING PERMIT","0185","CONTRACT ROADWAY MILLING","18","5280","5000","1",,,,"JN: MAY WORK 9:00AM - 4:00PM MONDAY - FRIDAY. MUST MAINTAIN STIPULATION 023 ON BOTH ROADWAYS.","B012025177B86",,,"2025-07-09T08:26:58.000","2025-07-09T08:26:58.000","2025-07-12T23:59:59.000","BROOKLYN",,"14 AVENUE","58 STREET",,"JRCRUZ CORP.","Milling 2&quot; of Roadway Surface for NYC-DOT Contract HW2CR23C","Please Include 0204, Street Storage Permit. Thank You.","ASPHALT",,"2025-07-09T08:26:57.000","2025-07-13T00:05:41.000",,,
"B012025190A76","2025070801045400","0030","Amend and Reissue","020","EXPIRED UNDER GUARANTEE","01","STREET OPENING PERMIT","0185","CONTRACT ROADWAY MILLING","18","5280","5000","1",,,,"JN: MAY WORK 9:00AM - 4:00PM MONDAY - FRIDAY.","B012025177B87",,,"2025-07-09T08:26:58.000","2025-07-09T08:26:58.000","2025-07-12T23:59:59.000","BROOKLYN",,"14 AVENUE","58 STREET","59 STREET","JRCRUZ CORP.","Milling 2&quot; of Roadway Surface for NYC-DOT Contract HW2CR23C","Please Include 0204, Street Storage Permit. Thank You.","ASPHALT",,"2025-07-09T08:26:58.000","2025-07-13T00:05:41.000",,,
"B012025190A78","2025070801045400","0032","Amend and Reissue","020","EXPIRED UNDER GUARANTEE","01","STREET OPENING PERMIT","0185","CONTRACT ROADWAY MILLING","18","5280","5000","1",,,,"JN: MAY WORK 9:00AM - 4:00PM MONDAY - FRIDAY.","B012025177B89",,,"2025-07-09T08:27:43.000","2025-07-09T08:27:43.000","2025-07-12T23:59:59.000","BROOKLYN",,"14 AVENUE","59 STREET","60 STREET","JRCRUZ CORP.","Milling 2&quot; of Roadway Surface for NYC-DOT Contract HW2CR23C","Please Include 0204, Street Storage Permit. Thank You.","ASPHALT",,"2025-07-09T08:27:43.000","2025-07-13T00:05:41.000",,,
"B012025190A79","2025070801045400","0033","Amend and Reissue","020","EXPIRED UNDER GUARANTEE","01","STREET OPENING PERMIT","0185","CONTRACT ROADWAY MILLING","18","5280","5000","1",,,,"JN: MAY WORK 9:00AM - 4:00PM MONDAY - FRIDAY. MUST MAINTAIN STIPULATION 112 ON BOTH ROADWAYS. MUST COORDINATE WITH MTA BUSES PRIOR TO MOBILIZING. DO NOT BLOCK BUSES FROM LOADING OR UNLOADING.","B012025177B90",,,"2025-07-09T08:27:44.000","2025-07-09T08:27:44.000","2025-07-12T23:59:59.000","BROOKLYN",,"14 AVENUE","60 STREET",,"JRCRUZ CORP.","Milling 2&quot; of Roadway Surface for NYC-DOT Contract HW2CR23C","Please Include 0204, Street Storage Permit. Thank You.","ASPHALT",,"2025-07-09T08:27:43.000","2025-07-13T00:05:41.000",,,
"B012025190A81","2025070801045400","0001","Amend and Reissue","020","EXPIRED UNDER GUARANTEE","01","STREET OPENING PERMIT","0185","CONTRACT ROADWAY MILLING","18","5280","5000","1",,,,"JN: MAY WORK 9:00AM - 2:00PM MONDAY - FRIDAY WHEN SCHOOL IS IN SESSION AND WORK 9:00AM - 4:00PM MONDAY - FRIDAY WHEN SCHOOL IS NOT IN SESSION. MUST COORDINATE WITH THE SCHOOL AND THE ONGOING CONSTRUCTION PRIOR TO MOBILIZING.","B012025177B57",,,"2025-07-09T08:27:44.000","2025-07-09T08:27:44.000","2025-07-12T23:59:59.000","BROOKLYN",,"59 STREET","10 AVENUE","11 AVENUE","JRCRUZ CORP.","Milling 2&quot; of Roadway Surface for NYC-DOT Contract HW2CR23C","Please Include 0204, Street Storage Permit. Thank You.","ASPHALT",,"2025-07-09T08:27:44.000","2025-07-13T00:05:41.000",,,
"B012025190A83","2025070801042520","0043","Amend and Reissue","020","EXPIRED UNDER GUARANTEE","01","STREET OPENING PERMIT","0185","CONTRACT ROADWAY MILLING","18","5280","5000","1",,,,"JN: MAY WORK 9:00AM - 4:00PM MONDAY - FRIDAY.","B012025177C33",,,"2025-07-09T08:27:45.000","2025-07-09T08:27:45.000","2025-07-12T23:59:59.000","BROOKLYN",,"59 STREET","8 AVENUE","9 AVENUE","JRCRUZ CORP.","Milling 2&quot; of Roadway Surface for NYC-DOT Contract HW2CR23C","Please Include 0204, Street Storage Permit. Thank You.","ASPHALT",,"2025-07-09T08:27:44.000","2025-07-13T00:05:41.000",,,
"B012025190A84","2025070801042520","0045","Amend and Reissue","020","EXPIRED UNDER GUARANTEE","01","STREET OPENING PERMIT","0185","CONTRACT ROADWAY MILLING","18","5280","5000","1",,,,"JN: MAY WORK 9:00AM - 4:00PM MONDAY - FRIDAY.","B012025177C35",,,"2025-07-09T08:27:45.000","2025-07-09T08:27:45.000","2025-07-12T23:59:59.000","BROOKLYN",,"59 STREET","9 AVENUE","FT HAMILTON PARKWAY","JRCRUZ CORP.","Milling 2&quot; of Roadway Surface for NYC-DOT Contract HW2CR23C","Please Include 0204, Street Storage Permit. Thank You.","ASPHALT",,"2025-07-09T08:27:44.000","2025-07-13T00:05:41.000",,,
"B012025190A85","2025070801042520","0046","Amend and Reissue","020","EXPIRED UNDER GUARANTEE","01","STREET OPENING PERMIT","0185","CONTRACT ROADWAY MILLING","18","5280","5000","1",,,,"JN: MAY WORK 9:00AM - 2:00PM MONDAY - FRIDAY WHEN SCHOOL IS IN SESSION AND WORK 9:00AM - 4:00PM MONDAY - FRIDAY WHEN SCHOOL IS NOT IN SESSION. MUST COORDINATE WITH SCHOOL AND MTA BUSES PRIOR TO MOBILIZING. DO NOT BLOCK BUSES FROM LOADING OR UNLOADING. MUST MAINTAIN STIPULATION 112 ON BOTH ROADWAYS.","B012025177C36",,,"2025-07-09T08:27:45.000","2025-07-09T08:27:45.000","2025-07-12T23:59:59.000","BROOKLYN",,"59 STREET","FT HAMILTON PARKWAY",,"JRCRUZ CORP.","Milling 2&quot; of Roadway Surface for NYC-DOT Contract HW2CR23C","Please Include 0204, Street Storage Permit. Thank You.","ASPHALT",,"2025-07-09T08:27:44.000","2025-07-13T00:05:41.000",,,
"B012025190A86","2025070801042520","0047","Amend and Reissue","020","EXPIRED UNDER GUARANTEE","01","STREET OPENING PERMIT","0185","CONTRACT ROADWAY MILLING","18","5280","5000","1",,,,"JN: MAY WORK 9:00AM - 2:00PM MONDAY - FRIDAY WHEN SCHOOL IS IN SESSION AND WORK 9:00AM - 4:00PM MONDAY - FRIDAY WHEN SCHOOL IS NOT IN SESSION. MUST COORDINATE WITH SCHOOL PRIOR TO MOBILIZING.","B012025177C37",,,"2025-07-09T08:27:45.000","2025-07-09T08:27:45.000","2025-07-12T23:59:59.000","BROOKLYN",,"59 STREET","10 AVENUE","FT HAMILTON PARKWAY","JRCRUZ CORP.","Milling 2&quot; of Roadway Surface for NYC-DOT Contract HW2CR23C","Please Include 0204, Street Storage Permit. Thank You.","ASPHALT",,"2025-07-09T08:27:45.000","2025-07-13T00:05:41.000",,,
"B012025190C48","2025070900638750","0003","Renew","006","ISSUED & PRINTED","01","STREET OPENING PERMIT","0103","MAJOR INSTALLATION - GAS","1","110",,"1",,,,"IL. REFER TO BNEC-24-390.","B012025111C76",,,"2025-07-09T13:49:58.000","2025-07-27T00:00:00.000","2025-10-24T23:59:59.000","BROOKLYN",,"BEDFORD AVENUE","DE KALB AVENUE","WILLOUGHBY AVENUE","THE BROOKLYN UNION GAS COMPANY D/B/A NATIONAL GRID NY","MAJOR INSTALLATION - GAS","SEE SKETCH FOR DETAILS","ASPHALT","CONCRETE","2025-07-09T13:49:57.000","2025-07-09T13:49:57.000",,,
"B012025190A87","2025070801042520","0048","Amend and Reissue","020","EXPIRED UNDER GUARANTEE","01","STREET OPENING PERMIT","0185","CONTRACT ROADWAY MILLING","18","5280","5000","1",,,,"JN: MAY WORK 9:00AM - 2:00PM MONDAY - FRIDAY WHEN SCHOOL IS IN SESSION AND WORK 9:00AM - 4:00PM MONDAY - FRIDAY WHEN SCHOOL IS NOT IN SESSION. MUST COORDINATE WITH SCHOOL PRIOR TO MOBILIZING. MUST MAINTAIN STIPULATION 112 ON BOTH ROADWAYS.","B012025177C38",,,"2025-07-09T08:27:45.000","2025-07-09T08:27:45.000","2025-07-12T23:59:59.000","BROOKLYN",,"10 AVENUE","59 STREET",,"JRCRUZ CORP.","Milling 2&quot; of Roadway Surface for NYC-DOT Contract HW2CR23C","Please Include 0204, Street Storage Permit. Thank You.","ASPHALT",,"2025-07-09T08:27:45.000","2025-07-13T00:05:41.000",,,
"B012025190B00","2025070801042520","0014","Amend and Reissue","020","EXPIRED UNDER GUARANTEE","01","STREET OPENING PERMIT","0185","CONTRACT ROADWAY MILLING","18","5280","5000","1",,,,"JN: MAY WORK 9:00AM - 4:00PM MONDAY - FRIDAY. MUST COORDINATE WITH THE ONGOING CONSTRUCTION PRIOR TO MOBILIZING.","B012025177C05",,,"2025-07-09T08:32:27.000","2025-07-09T08:32:27.000","2025-07-12T23:59:59.000","BROOKLYN",,"43 STREET","17 AVENUE","DAHILL ROAD","JRCRUZ CORP.","Milling 2&quot; of Roadway Surface for NYC-DOT Contract HW2CR23C","Please Include 0204, Street Storage Permit. Thank You.","ASPHALT",,"2025-07-09T08:32:26.000","2025-07-13T00:05:41.000",,,
"B012025190C46","2025070900638750","0001","Renew","006","ISSUED & PRINTED","01","STREET OPENING PERMIT","0103","MAJOR INSTALLATION - GAS","1","15",,"1",,,,"IL. REFER TO BNEC-24-390.","B012025111C74",,,"2025-07-09T13:49:57.000","2025-07-27T00:00:00.000","2025-10-24T23:59:59.000","BROOKLYN",,"CLASSON AVENUE","GATES AVENUE","QUINCY STREET","THE BROOKLYN UNION GAS COMPANY D/B/A NATIONAL GRID NY","MAJOR INSTALLATION - GAS","SEE SKETCH FOR DETAILS","ASPHALT","CONCRETE","2025-07-09T13:49:57.000","2025-07-09T13:49:57.000",,,
"B012025190A88","2025070801042520","0003","Amend and Reissue","020","EXPIRED UNDER GUARANTEE","01","STREET OPENING PERMIT","0185","CONTRACT ROADWAY MILLING","18","5280","5000","1",,,,"JN: MAY WORK 9:00AM - 2:00PM MONDAY - FRIDAY WHEN SCHOOL IS IN SESSION AND WORK 9:00AM - 4:00PM MONDAY - FRIDAY WHEN SCHOOL IS NOT IN SESSION. MUST COORDINATE WITH SCHOOL PRIOR TO MOBILIZING. MUST MAINTAIN STIPULATION 112 ON BOTH ROADWAYS.","B012025177B96",,,"2025-07-09T08:28:45.000","2025-07-09T08:28:45.000","2025-07-12T23:59:59.000","BROOKLYN",,"12 AVENUE","43 STREET",,"JRCRUZ CORP.","Milling 2&quot; of Roadway Surface for NYC-DOT Contract HW2CR23C","Please Include 0204, Street Storage Permit. Thank You.","ASPHALT",,"2025-07-09T08:28:45.000","2025-07-13T00:05:41.000",,,
"B012025191J81","2025070900522356","0003","New","010","DELINQUENT CONFIRMATION","01","STREET OPENING PERMIT","0158P","DDC CONTRACTOR MAJOR RECONSTRUCTION-PROT","2","500",,,,,,"IL. BNEC-18-341.",,,,"2025-07-10T12:43:11.000","2025-07-12T00:00:00.000","2025-07-13T23:59:59.000","BROOKLYN",,"4 AVENUE","29 STREET","30 STREET","JRCRUZ CORP.","These permits are for NYCT Flagging Work",,"ASPHALT","CONCRETE","2025-07-10T12:43:09.000","2025-07-14T00:05:16.000",,,
"B012025190B26","2025070800855280","0004","New","006","ISSUED & PRINTED","01","STREET OPENING PERMIT","0103","MAJOR INSTALLATION - GAS","1","230",,,,,,"DP",,,,"2025-07-09T09:18:12.000","2025-07-09T09:18:12.000","2025-10-06T23:59:59.000","BROOKLYN",,"AVENUE R","EAST   26 STREET","EAST   27 STREET","THE BROOKLYN UNION GAS COMPANY D/B/A NATIONAL GRID NY","MAJOR INSTALLATION - GAS","SIDEWALK ONLY",,"CONCRETE","2025-07-09T09:18:11.000","2025-07-09T09:18:11.000",,,
"B152025192A46","2025071100240690","0011","New","030","EXPIRED","15","DOT IN-HOUSE PAVING AND MILLING","1501","DOT IN-HOUSE PAVING",,,,,,,,,,,,"2025-07-11T09:33:57.000","2025-07-15T00:00:00.000","2025-07-17T23:59:59.000","BROOKLYN",,"BEDFORD AVENUE","NORTH    9 STREET",,"NYC DEPT OF TRANSPORTATION","PAVING","SEGMENT AND INTERSECTION",,,"2025-07-11T09:33:55.000","2025-07-18T00:05:11.000",,,
"B012025190A90","2025070801042520","0007","Amend and Reissue","020","EXPIRED UNDER GUARANTEE","01","STREET OPENING PERMIT","0185","CONTRACT ROADWAY MILLING","18","5280","5000","1",,,,"JN: MAY WORK 9:00AM - 2:00PM MONDAY - FRIDAY WHEN SCHOOL IS IN SESSION AND WORK 9:00AM - 4:00PM MONDAY - FRIDAY WHEN SCHOOL IS NOT IN SESSION. MUST COORDINATE WITH SCHOOL PRIOR TO MOBILIZING. MUST MAINTAIN STIPULATION 023 ON BOTH ROADWAYS. MUST COORDINATE WITH SCHOOL AND MTA BUSES PRIOR TO MOBILIZING. DO NOT BLOCK BUSES FROM LOADING OR UNLOADING.","B012025177B99",,,"2025-07-09T08:28:46.000","2025-07-09T08:28:46.000","2025-07-12T23:59:59.000","BROOKLYN",,"14 AVENUE","43 STREET",,"JRCRUZ CORP.","Milling 2&quot; of Roadway Surface for NYC-DOT Contract HW2CR23C","Please Include 0204, Street Storage Permit. Thank You.","ASPHALT",,"2025-07-09T08:28:45.000","2025-07-13T00:05:41.000",,,
"B012025190A91","2025070801042520","0009","Amend and Reissue","020","EXPIRED UNDER GUARANTEE","01","STREET OPENING PERMIT","0185","CONTRACT ROADWAY MILLING","18","5280","5000","1",,,,"JN: MAY WORK 9:00AM - 2:00PM MONDAY - FRIDAY WHEN SCHOOL IS IN SESSION AND WORK 9:00AM - 4:00PM MONDAY - FRIDAY WHEN SCHOOL IS NOT IN SESSION. MUST COORDINATE WITH SCHOOL PRIOR TO MOBILIZING. MUST MAINTAIN STIPULATION 112 ON BOTH ROADWAYS.","B012025177C00",,,"2025-07-09T08:28:46.000","2025-07-09T08:28:46.000","2025-07-12T23:59:59.000","BROOKLYN",,"15 AVENUE","43 STREET",,"JRCRUZ CORP.","Milling 2&quot; of Roadway Surface for NYC-DOT Contract HW2CR23C","Please Include 0204, Street Storage Permit. Thank You.","ASPHALT",,"2025-07-09T08:28:46.000","2025-07-13T00:05:41.000",,,
"B152025190A00","2025070900822496","0001","New","030","EXPIRED","15","DOT IN-HOUSE PAVING AND MILLING","1501","DOT IN-HOUSE PAVING",,,,,,,,,,,,"2025-07-09T14:43:45.000","2025-07-10T00:00:00.000","2025-07-10T23:59:59.000","BROOKLYN",,"EAST   85 STREET","FLATLANDS AVENUE",,"NYC DEPT OF TRANSPORTATION","PAVING","SEGMENT AND INTERSECTION",,,"2025-07-09T14:43:44.000","2025-07-11T00:05:11.000",,,
"B012025190A92","2025070801042520","0018","Amend and Reissue","020","EXPIRED UNDER GUARANTEE","01","STREET OPENING PERMIT","0185","CONTRACT ROADWAY MILLING","18","5280","5000","1",,,,"JN: MAY WORK 9:00AM - 4:00PM MONDAY - FRIDAY. MUST MAINTAIN STIPULATION 023 ON BOTH ROADWAYS. MUST COORDINATE WITH MTA BUSES PRIOR TO MOBILIZING. DO NOT BLOCK BUSES FROM LOADING OR UNLOADING.","B012025177C09",,,"2025-07-09T08:28:46.000","2025-07-09T08:28:46.000","2025-07-12T23:59:59.000","BROOKLYN",,"14 AVENUE","44 STREET",,"JRCRUZ CORP.","Milling 2&quot; of Roadway Surface for NYC-DOT Contract HW2CR23C","Please Include 0204, Street Storage Permit. Thank You.","ASPHALT",,"2025-07-09T08:28:46.000","2025-07-13T00:05:41.000",,,
"B012025190A93","2025070801042520","0030","Amend and Reissue","020","EXPIRED UNDER GUARANTEE","01","STREET OPENING PERMIT","0185","CONTRACT ROADWAY MILLING","18","5280","5000","1",,,,"JN: MAY WORK 9:00AM - 2:00PM MONDAY - FRIDAY WHEN SCHOOL IS IN SESSION AND WORK 9:00AM - 4:00PM MONDAY - FRIDAY WHEN SCHOOL IS NOT IN SESSION. MUST MAINTAIN STIPULATION 023 ON BOTH ROADWAYS. MUST COORDINATE WITH THE SCHOOL AND THE ONGOING CONSTRUCTION PRIOR TO MOBILIZING.","B012025177C21",,,"2025-07-09T08:28:46.000","2025-07-09T08:28:46.000","2025-07-12T23:59:59.000","BROOKLYN",,"14 AVENUE","53 STREET",,"JRCRUZ CORP.","Milling 2&quot; of Roadway Surface for NYC-DOT Contract HW2CR23C","Please Include 0204, Street Storage Permit. Thank You.","ASPHALT",,"2025-07-09T08:28:46.000","2025-07-13T00:05:41.000",,,
"B012025190A95","2025070801042520","0004","Amend and Reissue","020","EXPIRED UNDER GUARANTEE","01","STREET OPENING PERMIT","0185","CONTRACT ROADWAY MILLING","18","5280","5000","1",,,,"JN: MAY WORK 9:00AM - 4:00PM MONDAY - FRIDAY.","B012025177B97",,,"2025-07-09T08:28:47.000","2025-07-09T08:28:47.000","2025-07-12T23:59:59.000","BROOKLYN",,"43 STREET","12 AVENUE","13 AVENUE","JRCRUZ CORP.","Milling 2&quot; of Roadway Surface for NYC-DOT Contract HW2CR23C","Please Include 0204, Street Storage Permit. Thank You.","ASPHALT",,"2025-07-09T08:28:47.000","2025-07-13T00:05:41.000",,,
"B012025190A96","2025070801042520","0011","Amend and Reissue","010","DELINQUENT CONFIRMATION","01","STREET OPENING PERMIT","0185P","CONTRACT ROADWAY MILLING-PROTECTED","18","5280","5000","1",,,,"JN: MAY WORK 9:00AM - 2:00PM MONDAY - FRIDAY WHEN SCHOOL IS IN SESSION AND WORK 9:00AM - 4:00PM MONDAY - FRIDAY WHEN SCHOOL IS NOT IN SESSION. MUST COORDINATE WITH SCHOOL PRIOR TO MOBILIZING. MUST MAINTAIN STIPULATION 112 ON BOTH ROADWAYS.","B012025177C02",,,"2025-07-09T08:28:47.000","2025-07-09T08:28:47.000","2025-07-12T23:59:59.000","BROOKLYN",,"16 AVENUE","43 STREET",,"JRCRUZ CORP.","Milling 2&quot; of Roadway Surface for NYC-DOT Contract HW2CR23C","Please Include 0204, Street Storage Permit. Thank You.","ASPHALT",,"2025-07-09T08:28:47.000","2025-07-13T00:05:23.000",,,
"B012025190A97","2025070801042520","0013","Amend and Reissue","020","EXPIRED UNDER GUARANTEE","01","STREET OPENING PERMIT","0185","CONTRACT ROADWAY MILLING","18","5280","5000","1",,,,"JN: MAY WORK 9:00AM - 4:00PM MONDAY - FRIDAY. MUST MAINTAIN STIPULATION 112 ON BOTH ROADWAYS. MUST COORDINATE WITH THE ONGOING CONSTRUCTION PRIOR TO MOBILIZING.","B012025177C04",,,"2025-07-09T08:28:47.000","2025-07-09T08:28:47.000","2025-07-12T23:59:59.000","BROOKLYN",,"17 AVENUE","43 STREET",,"JRCRUZ CORP.","Milling 2&quot; of Roadway Surface for NYC-DOT Contract HW2CR23C","Please Include 0204, Street Storage Permit. Thank You.","ASPHALT",,"2025-07-09T08:28:47.000","2025-07-13T00:05:41.000",,,
"B012025190A98","2025070801042520","0010","Amend and Reissue","020","EXPIRED UNDER GUARANTEE","01","STREET OPENING PERMIT","0185","CONTRACT ROADWAY MILLING","18","5280","5000","1",,,,"JN: MAY WORK 9:00AM - 2:00PM MONDAY - FRIDAY WHEN SCHOOL IS IN SESSION AND WORK 9:00AM - 4:00PM MONDAY - FRIDAY WHEN SCHOOL IS NOT IN SESSION. MUST COORDINATE WITH SCHOOL PRIOR TO MOBILIZING.","B012025177C01",,,"2025-07-09T08:32:26.000","2025-07-09T08:32:26.000","2025-07-12T23:59:59.000","BROOKLYN",,"43 STREET","15 AVENUE","16 AVENUE","JRCRUZ CORP.","Milling 2&quot; of Roadway Surface for NYC-DOT Contract HW2CR23C","Please Include 0204, Street Storage Permit. Thank You.","ASPHALT",,"2025-07-09T08:32:26.000","2025-07-13T00:05:41.000",,,
"B012025190C08","2025070700954190","0001","New","006","ISSUED & PRINTED","01","STREET OPENING PERMIT","0103","MAJOR INSTALLATION - GAS","1","75",,,,,,"IL. USE STIP 027 ON BOTH ROADWAYS.",,,,"2025-07-09T10:58:12.000","2025-07-09T10:58:12.000","2025-10-06T23:59:59.000","BROOKLYN",,"DE KALB AVENUE","WYCKOFF AVENUE",,"THE BROOKLYN UNION GAS COMPANY D/B/A NATIONAL GRID NY","MAJOR INSTALLATION - GAS","SEE SKETCH FOR DETAILS","ASPHALT","CONCRETE","2025-07-09T10:58:11.000","2025-07-09T10:58:11.000",,,
"B012025190A99","2025070801042520","0012","Amend and Reissue","020","EXPIRED UNDER GUARANTEE","01","STREET OPENING PERMIT","0185","CONTRACT ROADWAY MILLING","18","5280","5000","1",,,,"JN: MAY WORK 9:00AM - 2:00PM MONDAY - FRIDAY WHEN SCHOOL IS IN SESSION AND WORK 9:00AM - 4:00PM MONDAY - FRIDAY WHEN SCHOOL IS NOT IN SESSION. MUST COORDINATE WITH THE SCHOOL AND THE ONGOING CONSTRUCTION PRIOR TO MOBILIZING.","B012025177C03",,,"2025-07-09T08:32:26.000","2025-07-09T08:32:26.000","2025-07-12T23:59:59.000","BROOKLYN",,"43 STREET","16 AVENUE","17 AVENUE","JRCRUZ CORP.","Milling 2&quot; of Roadway Surface for NYC-DOT Contract HW2CR23C","Please Include 0204, Street Storage Permit. Thank You.","ASPHALT",,"2025-07-09T08:32:26.000","2025-07-13T00:05:41.000",,,
"B012025190B01","2025070801042520","0028","Amend and Reissue","020","EXPIRED UNDER GUARANTEE","01","STREET OPENING PERMIT","0185","CONTRACT ROADWAY MILLING","18","5280","5000","1",,,,"JN: MAY WORK 9:00AM - 4:00PM MONDAY - FRIDAY.","B012025177C19",,,"2025-07-09T08:32:27.000","2025-07-09T08:32:27.000","2025-07-12T23:59:59.000","BROOKLYN",,"55 STREET","12 AVENUE","13 AVENUE","JRCRUZ CORP.","Milling 2&quot; of Roadway Surface for NYC-DOT Contract HW2CR23C","Please Include 0204, Street Storage Permit. Thank You.","ASPHALT",,"2025-07-09T08:32:26.000","2025-07-13T00:05:41.000",,,
"B012025190B02","2025070801042520","0038","Amend and Reissue","020","EXPIRED UNDER GUARANTEE","01","STREET OPENING PERMIT","0185","CONTRACT ROADWAY MILLING","18","5280","5000","1",,,,"JN: MAY WORK 9:00AM - 4:00PM MONDAY - FRIDAY. MUST COORDINATE WITH THE ONGOING CONSTRUCTION PRIOR TO MOBILIZING.","B012025177C28",,,"2025-07-09T08:32:27.000","2025-07-09T08:32:27.000","2025-07-12T23:59:59.000","BROOKLYN",,"56 STREET","8 AVENUE","9 AVENUE","JRCRUZ CORP.","Milling 2&quot; of Roadway Surface for NYC-DOT Contract HW2CR23C","Please Include 0204, Street Storage Permit. Thank You.","ASPHALT",,"2025-07-09T08:32:27.000","2025-07-13T00:05:41.000",,,
"B012025190B03","2025070801042520","0006","Amend and Reissue","020","EXPIRED UNDER GUARANTEE","01","STREET OPENING PERMIT","0185","CONTRACT ROADWAY MILLING","18","5280","5000","1",,,,"JN: MAY WORK 9:00AM - 2:00PM MONDAY - FRIDAY WHEN SCHOOL IS IN SESSION AND WORK 9:00AM - 4:00PM MONDAY - FRIDAY WHEN SCHOOL IS NOT IN SESSION. MUST COORDINATE WITH SCHOOL PRIOR TO MOBILIZING.","B012025177C54",,,"2025-07-09T08:32:27.000","2025-07-09T08:32:27.000","2025-07-12T23:59:59.000","BROOKLYN",,"43 STREET","13 AVENUE","14 AVENUE","JRCRUZ CORP.","Milling 2&quot; of Roadway Surface for NYC-DOT Contract HW2CR23C","Please Include 0204, Street Storage Permit. Thank You.","ASPHALT",,"2025-07-09T08:32:27.000","2025-07-13T00:05:41.000",,,
"B012025190B04","2025070801042520","0008","Amend and Reissue","020","EXPIRED UNDER GUARANTEE","01","STREET OPENING PERMIT","0185","CONTRACT ROADWAY MILLING","18","5280","5000","1",,,,"JN: MAY WORK 9:00AM - 2:00PM MONDAY - FRIDAY WHEN SCHOOL IS IN SESSION AND WORK 9:00AM - 4:00PM MONDAY - FRIDAY WHEN SCHOOL IS NOT IN SESSION. MUST COORDINATE WITH THE SCHOOL AND THE ONGOING CONSTRUCTION PRIOR TO MOBILIZING.","B012025177C53",,,"2025-07-09T08:32:28.000","2025-07-09T08:32:28.000","2025-07-12T23:59:59.000","BROOKLYN",,"43 STREET","14 AVENUE","15 AVENUE","JRCRUZ CORP.","Milling 2&quot; of Roadway Surface for NYC-DOT Contract HW2CR23C","Please Include 0204, Street Storage Permit. Thank You.","ASPHALT",,"2025-07-09T08:32:27.000","2025-07-13T00:05:41.000",,,
"B012025190B29","2025070700710193","0002","New","006","ISSUED & PRINTED","01","STREET OPENING PERMIT","0110","MAJOR INSTALLATIONS - CABLE","1","150",,,,,,"IL. MUST COORDINATE WITH NYPD PRECINCT PRIOR TO MOBILIZING.",,,,"2025-07-09T09:19:52.000","2025-07-09T09:19:52.000","2025-09-30T23:59:59.000","BROOKLYN",,"KNICKERBOCKER AVENUE","BLEECKER STREET","MENAHAN STREET","VERRA MOBILITY ELECTRICAL ENTERPRISES, INC.","KRL035 - install conduit and foundation NYC DOT Red Light Camera Expansion",,"ASPHALT","CONCRETE","2025-07-09T09:19:52.000","2025-07-09T09:19:52.000",,,
"B152025192A09","2025071100214323","0007","New","030","EXPIRED","15","DOT IN-HOUSE PAVING AND MILLING","1500","DOT IN-HOUSE MILLING",,,,,,,,,,,,"2025-07-11T09:18:29.000","2025-07-14T00:00:00.000","2025-07-16T23:59:59.000","BROOKLYN",,"DOVER STREET","ESPLANADE",,"NYC DEPT OF TRANSPORTATION","MILLING","SEGMENT AND INTERSECTION",,,"2025-07-11T09:18:27.000","2025-07-17T00:05:09.000",,,
"B012025190C06","2025070700949340","0001","New","006","ISSUED & PRINTED","01","STREET OPENING PERMIT","0103","MAJOR INSTALLATION - GAS","3","700",,,,,,"IL.",,,,"2025-07-09T10:57:13.000","2025-07-09T10:57:13.000","2025-10-06T23:59:59.000","BROOKLYN",,"WEST    8 STREET","AVENUE O","BEND","THE BROOKLYN UNION GAS COMPANY D/B/A NATIONAL GRID NY","MAJOR INSTALLATION - GAS","SEE SKETCH FOR DETAILS","ASPHALT","CONCRETE","2025-07-09T10:57:13.000","2025-07-09T10:57:13.000",,,
"B162025192A46","2025071100332806","0001","New","030","EXPIRED","16","COMMERCIAL REFUSE CONTAINER PERMIT","1600","COMMERCIAL REFUSE CONTAINER",,,,,,,,,,,,"2025-07-11T10:18:52.000","2025-07-11T10:18:52.000","2025-07-15T23:59:59.000","BROOKLYN",,"68 STREET","19 AVENUE","20 AVENUE","GUMA CONSTRUCTION CORP.",,"6801 19th Ave",,,"2025-07-11T10:18:50.000","2025-07-16T00:05:11.000",,,
"B152025192A07","2025071100214323","0005","New","030","EXPIRED","15","DOT IN-HOUSE PAVING AND MILLING","1500","DOT IN-HOUSE MILLING",,,,,,,,,,,,"2025-07-11T09:18:28.000","2025-07-14T00:00:00.000","2025-07-16T23:59:59.000","BROOKLYN",,"DOVER STREET","ORIENTAL BOULEVARD",,"NYC DEPT OF TRANSPORTATION","MILLING","SEGMENT AND INTERSECTION",,,"2025-07-11T09:18:26.000","2025-07-17T00:05:09.000",,,
"B012025190B77","2025070900291600","0001","Emergency","000","SUBMITTED","01","STREET OPENING PERMIT","0122","REPAIR GAS",,,,,,,,,,,"2025-07-09T09:47:52.000","2025-07-09T09:47:52.000","2025-07-09T09:47:52.000","2025-07-11T09:47:52.000","BROOKLYN",,"DORCHESTER ROAD","EAST   15 STREET","NYCTA SUBWAY","THE BROOKLYN UNION GAS COMPANY D/B/A NATIONAL GRID NY","Gas Leak Repair","6' SS of Dorchester Rd, 60' EE of Marl",,,"2025-07-09T09:47:51.000","2025-07-09T10:06:17.000",,,
"B012025190C03","2025070900050930","0001","Reissue","006","ISSUED & PRINTED","01","STREET OPENING PERMIT","0103","MAJOR INSTALLATION - GAS","3","720",,,,,,"IM/ 16IN GAS MAIN WORK PERMITTED WITH ALL ASSOCIATED EQUIPMENT BEHIND CONCRETE BARRIER INSTALLED BY JUDLAU FOR ADA NYCT STATION WORK. STIP 066 PERMITED WITH ALTERNATE NOISE MITIGATION PLAN FILED BY JUDLAU WILL BE ADHERED TO.","B012025097B72",,,"2025-07-09T10:55:40.000","2025-07-09T10:55:40.000","2025-10-06T23:59:59.000","BROOKLYN",,"36 STREET","3 AVENUE","4 AVENUE","THE BROOKLYN UNION GAS COMPANY D/B/A NATIONAL GRID NY","MAJOR INSTALLATION - GAS","SEE SKETCH","ASPHALT","CONCRETE","2025-07-09T10:55:38.000","2025-07-09T10:55:38.000",,,
"B152025192A62","2025071100285123","0010","New","030","EXPIRED","15","DOT IN-HOUSE PAVING AND MILLING","1501","DOT IN-HOUSE PAVING",,,,,,,,,,,,"2025-07-11T09:58:43.000","2025-07-16T00:00:00.000","2025-07-16T23:59:59.000","BROOKLYN",,"EAST   53 STREET","FLATLANDS AVENUE",,"NYC DEPT OF TRANSPORTATION","PAVING","SEGMENT AND INTERSECTION",,,"2025-07-11T09:58:41.000","2025-07-17T00:05:09.000",,,
"B152025197A27","2025071600925616","0003","New","030","EXPIRED","15","DOT IN-HOUSE PAVING AND MILLING","1500","DOT IN-HOUSE MILLING",,,,,,,,,,,,"2025-07-16T14:59:53.000","2025-07-17T00:00:00.000","2025-07-18T23:59:59.000","BROOKLYN",,"CALYER STREET","WEST STREET",,"NYC DEPT OF TRANSPORTATION","MILLING","SEGMENT AND INTERSECTION",,,"2025-07-16T14:59:52.000","2025-07-19T00:05:09.000",,,
"B022025191B34","2025071000665063","0005","Renew","006","ISSUED & PRINTED","02","BUILDING OPERATION PERMIT","0215","OCCUPANCY OF SIDEWALK AS STIPULATED",,,,,,,,"JN BNEC-24-340","B022025168A83",,,"2025-07-10T15:38:22.000","2025-07-22T00:00:00.000","2025-10-10T23:59:59.000","BROOKLYN","3710","15 AVENUE","37 STREET","38 STREET","CITY BUILDERS NYC LLC",,,"ASPHALT","CONCRETE","2025-07-10T15:38:21.000","2025-07-10T15:38:21.000",,,
"B012025190C40","2025070700602553","0001","New","020","EXPIRED UNDER GUARANTEE","01","STREET OPENING PERMIT","0133","INSTALL TRAFFIC SIGNALS","1","56",,,,,,"DP RCRRM: 7/9/25 MUST COORDINATE WITH DOT MILLING AND PAVING;THE FULL WIDTH OF THE ROADWAY MUST BE FULLY UNOBSTRUCTED WHEN DOT IS ACTIVELY MILLING OR PAVING.",,"B012025196A59",,"2025-07-09T13:41:18.000","2025-07-09T13:41:18.000","2025-09-30T23:59:59.000","BROOKLYN",,"DUMONT AVENUE","HOPKINSON AVENUE",,"WELSBACH ELECTRIC CORP.","INSTALL ELECTRICAL CONDUIT AND POLE FOUNDATIONS E-711K",,"ASPHALT","BLUE STONE (SOME LANDMARK SWK)","2025-07-09T13:41:17.000","2025-07-16T00:05:22.000",,,
"B012025190C95","2025070200832156","0002","New","006","ISSUED & PRINTED","01","STREET OPENING PERMIT","0110","MAJOR INSTALLATIONS - CABLE","1","150",,,,,,"JG--sidewalk only.",,,,"2025-07-09T15:44:22.000","2025-07-09T15:44:22.000","2025-09-29T23:59:59.000","BROOKLYN",,"EASTERN PARKWAY","SCHENECTADY AVENUE","TROY AVENUE","VERRA MOBILITY ELECTRICAL ENTERPRISES, INC.","KRL004 - install conduit and foundation NYC DOT Red Light Camera Expansion",,,"CONCRETE","2025-07-09T15:44:22.000","2025-07-09T15:44:22.000",,,
"B012025190C61","2025070700635500","0004","New","020","EXPIRED UNDER GUARANTEE","01","STREET OPENING PERMIT","0133","INSTALL TRAFFIC SIGNALS","1","90",,,,,,"DP. MUST COORD. WITH NYCT BUS PRIOR TO MOBILIZING AND ALSO, DO NOT BLOCK BUS LANE AT ANYTIME.",,"B012025196A67",,"2025-07-09T14:07:37.000","2025-07-09T14:07:37.000","2025-09-30T23:59:59.000","BROOKLYN",,"ROCKAWAY PARKWAY","FLATLANDS AVENUE","TRUCKELMANS LANE","WELSBACH ELECTRIC CORP.","INSTALL ELECTRICAL CONDUIT AND POLE FOUNDATIONS E-747K",,"ASPHALT","BLUE STONE (SOME LANDMARK SWK)","2025-07-09T14:07:37.000","2025-07-16T00:05:22.000",,,
"B012025190C62","2025070700635500","0005","New","020","EXPIRED UNDER GUARANTEE","01","STREET OPENING PERMIT","0133P","INSTALL TRAFFIC SIGNALS - PROTECTED","1","90",,,,,,"DP. MUST COORD. WITH NYCT BUS PRIOR TO MOBILIZING AND ALSO, DO NOT BLOCK BUS LANE AT ANYTIME.",,"B012025196A68",,"2025-07-09T14:07:37.000","2025-07-09T14:07:37.000","2025-09-30T23:59:59.000","BROOKLYN",,"ROCKAWAY PARKWAY","CONKLIN AVENUE","FLATLANDS AVENUE","WELSBACH ELECTRIC CORP.","INSTALL ELECTRICAL CONDUIT AND POLE FOUNDATIONS E-747K",,"ASPHALT","BLUE STONE (SOME LANDMARK SWK)","2025-07-09T14:07:37.000","2025-07-16T00:05:24.000",,,
"M032025196A28","2025071500136666","0001","New","030","EXPIRED","03","MANHOLE EMBARGO PERMIT","0303","UTILITY MANHOLE EMBARGO PERMIT",,,,,,,,,,,,"2025-07-15T08:18:46.000","2025-07-15T08:18:53.000","2025-07-16T08:18:53.000","MANHATTAN",,"BROADWAY","WEST   61 STREET","WEST   62 STREET","CONSOLIDATED EDISON","759","STEAM",,,"2025-07-15T08:18:44.000","2025-07-17T00:05:09.000",,,
"B012025190C45","2025070900590680","0001","Renew","006","ISSUED & PRINTED","01","STREET OPENING PERMIT","0103","MAJOR INSTALLATION - GAS","3","700",,,,,,"JN: MUST COORDINATE WITH THE ONGOING CONSTRUCTION PRIOR TO MOBILIZING.","B012025111B21",,,"2025-07-09T13:49:13.000","2025-07-20T00:00:00.000","2025-10-17T23:59:59.000","BROOKLYN",,"55 STREET","7 AVENUE","8 AVENUE","THE BROOKLYN UNION GAS COMPANY D/B/A NATIONAL GRID NY","MAJOR INSTALLATION - GAS","SEE SKETCH FOR DETAILS","ASPHALT","CONCRETE","2025-07-09T13:49:13.000","2025-07-09T13:49:13.000",,,
"B152025197A47","2025071600925616","0023","New","030","EXPIRED","15","DOT IN-HOUSE PAVING AND MILLING","1500","DOT IN-HOUSE MILLING",,,,,,,,,,,,"2025-07-16T14:59:59.000","2025-07-17T00:00:00.000","2025-07-18T23:59:59.000","BROOKLYN",,"FREEMAN STREET","WEST STREET",,"NYC DEPT OF TRANSPORTATION","MILLING","SEGMENT AND INTERSECTION",,,"2025-07-16T14:59:58.000","2025-07-19T00:05:09.000",,,
"B012025190C49","2025070900638750","0004","Renew","006","ISSUED & PRINTED","01","STREET OPENING PERMIT","0103","MAJOR INSTALLATION - GAS","1","8",,"2",,,,"IL. REFER TO BNEC-24-390.","B012025111C77",,,"2025-07-09T13:49:58.000","2025-07-27T00:00:00.000","2025-10-24T23:59:59.000","BROOKLYN",,"BEDFORD AVENUE","LYNCH STREET","WALLABOUT STREET","THE BROOKLYN UNION GAS COMPANY D/B/A NATIONAL GRID NY","MAJOR INSTALLATION - GAS","SEE SKETCH FOR DETAILS","ASPHALT","CONCRETE","2025-07-09T13:49:57.000","2025-07-09T13:49:57.000",,,
"B162025190A53","2025070900947920","0003","Renew","030","EXPIRED","16","COMMERCIAL REFUSE CONTAINER PERMIT","1600","COMMERCIAL REFUSE CONTAINER",,,,,,,,,"B162025185A31",,,"2025-07-09T16:14:25.000","2025-07-10T00:00:00.000","2025-07-14T23:59:59.000","BROOKLYN","1206","EAST   21 STREET","AVENUE J","AVENUE K","SAL DONA, INC.",,,,,"2025-07-09T16:14:24.000","2025-07-15T00:05:10.000",,,
"B012025190C96","2025070700602553","0004","New","020","EXPIRED UNDER GUARANTEE","01","STREET OPENING PERMIT","0133P","INSTALL TRAFFIC SIGNALS - PROTECTED","1","56",,,,,,"DP",,"B012025196A62",,"2025-07-09T16:00:23.000","2025-07-09T16:00:23.000","2025-09-30T23:59:59.000","BROOKLYN",,"DUMONT AVENUE","AMBOY STREET","HOPKINSON AVENUE","WELSBACH ELECTRIC CORP.","INSTALL ELECTRICAL CONDUIT AND POLE FOUNDATIONS E-711K",,"ASPHALT","BLUE STONE (SOME LANDMARK SWK)","2025-07-09T16:00:23.000","2025-07-16T00:05:24.000",,,
"B012025190C54","2025070900635960","0002","Renew","006","ISSUED & PRINTED","01","STREET OPENING PERMIT","0103","MAJOR INSTALLATION - GAS","1","8",,"1",,,,"IL. REFER TO BNEC-24-390. RCRRM: 4/14/25 MUST COORDINATE WITH DOT MILLING AND PAVING;THE FULL WIDTH OF THE ROADWAY MUST BE FULLY UNOBSTRUCTED WHEN DOT IS ACTIVELY MILLING OR PAVING.","B012025112B34",,,"2025-07-09T13:57:34.000","2025-07-27T00:00:00.000","2025-10-24T23:59:59.000","BROOKLYN",,"BEDFORD AVENUE","WILLOUGHBY AVENUE",,"THE BROOKLYN UNION GAS COMPANY D/B/A NATIONAL GRID NY","MAJOR INSTALLATION - GAS","SEE SKETCH FOR DETAILS","ASPHALT","CONCRETE","2025-07-09T13:57:33.000","2025-07-09T13:57:33.000",,,
"B012025190C90","2025070900685123","0001","Renew","006","ISSUED & PRINTED","01","STREET OPENING PERMIT","0103P","MAJOR INSTALLATIONS - GAS-PROTECTED","1","230",,,,,,"JG","B012025142C96",,,"2025-07-09T15:21:10.000","2025-07-20T00:00:00.000","2025-10-17T23:59:59.000","BROOKLYN",,"WILLOUGHBY STREET","BRIDGE STREET","DUFFIELD STREET","THE BROOKLYN UNION GAS COMPANY D/B/A NATIONAL GRID NY","MAJOR INSTALLATION - GAS","SEE SKETCH FOR DETAILS","ASPHALT","CONCRETE","2025-07-09T15:21:09.000","2025-07-09T15:21:09.000",,,
"B012025190C58","2025070700635500","0001","New","020","EXPIRED UNDER GUARANTEE","01","STREET OPENING PERMIT","0133","INSTALL TRAFFIC SIGNALS","1","90",,,,,,"DP. MUST COORD. WITH SCHOOL NYCT BUS PRIOR TO MOBILIZING.ALSO DO NOT BLOCK LANE AT ANYTIME. 083 DURING SCHOOL HOURS 088 ONLY WHEN SCHOOL IS NOT IN SESSION.",,"B012025196A64",,"2025-07-09T14:07:37.000","2025-07-09T14:07:37.000","2025-09-30T23:59:59.000","BROOKLYN",,"FLATLANDS AVENUE","ROCKAWAY PARKWAY",,"WELSBACH ELECTRIC CORP.","INSTALL ELECTRICAL CONDUIT AND POLE FOUNDATIONS E-747K",,"ASPHALT","BLUE STONE (SOME LANDMARK SWK)","2025-07-09T14:07:36.000","2025-07-16T00:05:22.000",,,
"B012025191A50","2025071000143203","0005","Renew","006","ISSUED & PRINTED","01","STREET OPENING PERMIT","0162","NYC PARKS - RECONSTRUCTION CONTRACT","2","500","5000","10",,,,"JN REFER TO CEC-12-124","B012025119B08",,,"2025-07-10T09:44:15.000","2025-07-31T00:00:00.000","2025-10-15T23:59:59.000","BROOKLYN",,"EAST   55 STREET","AVENUE J","FLATLANDS AVENUE","WILLIAM A. GROSS CONSTRUCTION ASSOCIATES, INC.","Sidewalk reconstruction",,"ASPHALT","CONCRETE","2025-07-10T09:44:13.000","2025-07-10T09:44:13.000",,,
"B012025190C59","2025070700635500","0002","New","020","EXPIRED UNDER GUARANTEE","01","STREET OPENING PERMIT","0133","INSTALL TRAFFIC SIGNALS","1","90",,,,,,"DP. MUST COORD. WITH SCHOOL NYCT BUS PRIOR TO MOBILIZING.ALSO DO NOT BLOCK LANE AT ANYTIME. 083 DURING SCHOOL HOURS 088 ONLY WHEN SCHOOL IS NOT IN SESSION.",,"B012025196A65",,"2025-07-09T14:07:37.000","2025-07-09T14:07:37.000","2025-09-30T23:59:59.000","BROOKLYN",,"FLATLANDS AVENUE","EAST   96 STREET","ROCKAWAY PARKWAY","WELSBACH ELECTRIC CORP.","INSTALL ELECTRICAL CONDUIT AND POLE FOUNDATIONS E-747K",,"ASPHALT","BLUE STONE (SOME LANDMARK SWK)","2025-07-09T14:07:36.000","2025-07-16T00:05:22.000",,,
"B012025190C60","2025070700635500","0003","New","020","EXPIRED UNDER GUARANTEE","01","STREET OPENING PERMIT","0133","INSTALL TRAFFIC SIGNALS","1","90",,,,,,"DP. MUST COORD. WITH SCHOOL AND NYCT BUS PRIOR TO MOBILIZING.ALSO DO NOT BLOCK LANE AT ANYTIME. 083 DURING SCHOOL HOURS 088 ONLY WHEN SCHOOL IS NOT IN SESSION.013 025 078 091 103 VAR001",,"B012025196A66",,"2025-07-09T14:07:37.000","2025-07-09T14:07:37.000","2025-09-30T23:59:59.000","BROOKLYN",,"FLATLANDS AVENUE","EAST   98 STREET","ROCKAWAY PARKWAY","WELSBACH ELECTRIC CORP.","INSTALL ELECTRICAL CONDUIT AND POLE FOUNDATIONS E-747K",,"ASPHALT","BLUE STONE (SOME LANDMARK SWK)","2025-07-09T14:07:36.000","2025-07-16T00:05:22.000",,,
"M032025191A21","2025071000062590","0004","New","030","EXPIRED","03","MANHOLE EMBARGO PERMIT","0303","UTILITY MANHOLE EMBARGO PERMIT",,,,,,,,,,,,"2025-07-10T07:17:34.000","2025-07-10T07:17:34.000","2025-07-11T07:17:34.000","MANHATTAN",,"2 AVENUE","EAST   64 STREET",,"CONSOLIDATED EDISON","MANHOLE","MH",,,"2025-07-10T07:17:36.000","2025-07-12T00:05:10.000",,,
"M032025195A15","2025071400057950","0003","New","030","EXPIRED","03","MANHOLE EMBARGO PERMIT","0303","UTILITY MANHOLE EMBARGO PERMIT",,,,,,,,,,,,"2025-07-14T07:19:24.000","2025-07-14T07:19:24.000","2025-07-15T07:19:24.000","MANHATTAN",,"BROADWAY","WEST   61 STREET","WEST   62 STREET","CONSOLIDATED EDISON","759","STEAM",,,"2025-07-14T07:19:26.000","2025-07-16T00:05:11.000",,,
"B012025190C76","2025070900635960","0001","Renew","006","ISSUED & PRINTED","01","STREET OPENING PERMIT","0103","MAJOR INSTALLATION - GAS","1","16",,"2",,,,"IL. REFER TO BNEC-24-390.RCRRM: 7/9/25 MUST COORDINATE WITH DOT MILLING AND PAVING;THE FULL WIDTH OF THE ROADWAY MUST BE FULLY UNOBSTRUCTED WHEN DOT IS ACTIVELY MILLING OR PAVING.","B012025112B33",,,"2025-07-09T14:40:02.000","2025-07-27T00:00:00.000","2025-10-24T23:59:59.000","BROOKLYN",,"FRANKLIN AVENUE","QUINCY STREET",,"THE BROOKLYN UNION GAS COMPANY D/B/A NATIONAL GRID NY","MAJOR INSTALLATION - GAS","SEE SKETCH FOR DETAILS","ASPHALT","CONCRETE","2025-07-09T14:40:01.000","2025-07-09T14:40:01.000",,,
"B012025190C84","2025070900589083","0001","Renew","006","ISSUED & PRINTED","01","STREET OPENING PERMIT","0103P","MAJOR INSTALLATIONS - GAS-PROTECTED","1","280",,,,,,"JG-MUST COORDINATE WITH MTA BUSES","B012025100A25",,,"2025-07-09T15:00:38.000","2025-07-15T00:00:00.000","2025-10-12T23:59:59.000","BROOKLYN",,"NOSTRAND AVENUE","LINCOLN PLACE","ST JOHNS PLACE","THE BROOKLYN UNION GAS COMPANY D/B/A NATIONAL GRID NY","MAJOR INSTALLATION - GAS","SEE SKETCH","ASPHALT","CONCRETE","2025-07-09T15:00:37.000","2025-07-09T15:00:37.000",,,
"B012025190C85","2025070900592630","0001","Renew","006","ISSUED & PRINTED","01","STREET OPENING PERMIT","0103P","MAJOR INSTALLATIONS - GAS-PROTECTED","1","75","36","4",,,,"JG","B012025108A45",,,"2025-07-09T15:01:17.000","2025-07-17T00:00:00.000","2025-10-14T23:59:59.000","BROOKLYN","387","VAN BRUNT STREET","COFFEY STREET","VAN DYKE STREET","THE BROOKLYN UNION GAS COMPANY D/B/A NATIONAL GRID NY","MAJOR INSTALLATION - GAS","SEE SKETCH FOR DETAILS","ASPHALT","CONCRETE","2025-07-09T15:01:17.000","2025-07-09T15:01:17.000",,,
"B162025193A05","2025071200020873","0001","New","030","EXPIRED","16","COMMERCIAL REFUSE CONTAINER PERMIT","1600","COMMERCIAL REFUSE CONTAINER",,,,,,,,,,,,"2025-07-12T08:06:13.000","2025-07-12T08:06:13.000","2025-07-16T23:59:59.000","BROOKLYN","244","CENTRAL AVENUE","HIMROD STREET","STANHOPE STREET","PLANET WASTE SERVICES, INC.",,,,,"2025-07-12T08:06:12.000","2025-07-17T00:05:09.000",,,
"B012025190C92","2025070700698360","0001","New","006","ISSUED & PRINTED","01","STREET OPENING PERMIT","0100","OPEN SIDEWALK TO INSTALL FOUNDATION","1","150",,,,,,"JG",,,,"2025-07-09T15:39:49.000","2025-07-09T15:39:49.000","2025-09-30T23:59:59.000","BROOKLYN",,"EASTERN PARKWAY","BUFFALO AVENUE","ROCHESTER AVENUE","VERRA MOBILITY ELECTRICAL ENTERPRISES, INC.","KRL034 - install conduit and foundation NYC DOT Red Light Camera Expansion",,,"CONCRETE","2025-07-09T15:39:49.000","2025-07-09T15:39:49.000",,,
"B012025190C93","2025070700698360","0002","New","006","ISSUED & PRINTED","01","STREET OPENING PERMIT","0110","MAJOR INSTALLATIONS - CABLE","1","150",,,,,,"JG",,,,"2025-07-09T15:39:50.000","2025-07-09T15:39:50.000","2025-09-30T23:59:59.000","BROOKLYN",,"EASTERN PARKWAY","BUFFALO AVENUE","ROCHESTER AVENUE","VERRA MOBILITY ELECTRICAL ENTERPRISES, INC.","KRL034 - install conduit and foundation NYC DOT Red Light Camera Expansion",,,"CONCRETE","2025-07-09T15:39:49.000","2025-07-09T15:39:49.000",,,
"M032025192A27","2025071100081540","0005","New","030","EXPIRED","03","MANHOLE EMBARGO PERMIT","0303","UTILITY MANHOLE EMBARGO PERMIT",,,,,,,,,,,,"2025-07-11T07:51:41.000","2025-07-11T07:51:41.000","2025-07-12T07:51:41.000","MANHATTAN",,"2 AVENUE","EAST   64 STREET",,"CONSOLIDATED EDISON","MANHOLE","MH",,,"2025-07-11T07:51:44.000","2025-07-13T00:05:11.000",,,
"B012025191A48","2025071000143203","0003","Renew","006","ISSUED & PRINTED","01","STREET OPENING PERMIT","0160","SIDEWALK RECONSTRUCTION CONTRACTS","2","500","5000","10",,,,"JN REFER TO CEC-12-124","B012025119B07",,,"2025-07-10T09:44:13.000","2025-07-31T00:00:00.000","2025-10-15T23:59:59.000","BROOKLYN",,"AVENUE B","EAST   87 STREET","EAST   88 STREET","WILLIAM A. GROSS CONSTRUCTION ASSOCIATES, INC.","Sidewalk reconstruction",,"ASPHALT","CONCRETE","2025-07-10T09:44:12.000","2025-07-10T09:44:12.000",,,
"B012025191A51","2025071000143203","0006","Renew","006","ISSUED & PRINTED","01","STREET OPENING PERMIT","0162","NYC PARKS - RECONSTRUCTION CONTRACT","2","500","5000","10",,,,"JN REFER TO CEC-12-124","B012025119B09",,,"2025-07-10T09:44:15.000","2025-07-31T00:00:00.000","2025-10-15T23:59:59.000","BROOKLYN",,"AVENUE B","EAST   87 STREET","EAST   88 STREET","WILLIAM A. GROSS CONSTRUCTION ASSOCIATES, INC.","Sidewalk reconstruction",,"ASPHALT","CONCRETE","2025-07-10T09:44:14.000","2025-07-10T09:44:14.000",,,
"B012025191A46","2025071000143203","0001","Renew","006","ISSUED & PRINTED","01","STREET OPENING PERMIT","0160","SIDEWALK RECONSTRUCTION CONTRACTS","2","500","5000","10",,,,"JN REFER TO CEC-12-124","B012025119B70",,,"2025-07-10T09:44:13.000","2025-07-31T00:00:00.000","2025-10-15T23:59:59.000","BROOKLYN",,"AVENUE L","EAST   70 STREET","EAST   72 STREET","WILLIAM A. GROSS CONSTRUCTION ASSOCIATES, INC.","Sidewalk reconstruction",,"ASPHALT","CONCRETE","2025-07-10T09:44:11.000","2025-07-10T09:44:11.000",,,
"B012025191A47","2025071000143203","0002","Renew","006","ISSUED & PRINTED","01","STREET OPENING PERMIT","0160","SIDEWALK RECONSTRUCTION CONTRACTS","2","500","5000","10",,,,"JN REFER TO CEC-12-124","B012025119B06",,,"2025-07-10T09:44:13.000","2025-07-31T00:00:00.000","2025-10-15T23:59:59.000","BROOKLYN",,"EAST   55 STREET","AVENUE J","FLATLANDS AVENUE","WILLIAM A. GROSS CONSTRUCTION ASSOCIATES, INC.","Sidewalk reconstruction",,"ASPHALT","CONCRETE","2025-07-10T09:44:12.000","2025-07-10T09:44:12.000",,,
"M032025191A52","2025071000099723","0001","New","030","EXPIRED","03","MANHOLE EMBARGO PERMIT","0303","UTILITY MANHOLE EMBARGO PERMIT",,,,,,,,,,,,"2025-07-10T07:39:44.000","2025-07-10T07:39:46.000","2025-07-11T07:39:46.000","MANHATTAN",,"FULTON STREET","PEARL STREET",,"CONSOLIDATED EDISON","MANHOLE","MH",,,"2025-07-10T07:39:43.000","2025-07-12T00:05:10.000",,,
"B162025192A03","2025071100056780","0001","New","030","EXPIRED","16","COMMERCIAL REFUSE CONTAINER PERMIT","1600","COMMERCIAL REFUSE CONTAINER",,,,,,,,,,,,"2025-07-11T07:22:43.000","2025-07-11T07:22:43.000","2025-07-15T23:59:59.000","BROOKLYN","108","WOODBINE STREET","CENTRAL AVENUE","EVERGREEN AVENUE","ECONOMY CONTAINER CORP.",,,,,"2025-07-11T07:22:42.000","2025-07-16T00:05:11.000",,,
"B012025191A49","2025071000143203","0004","Renew","006","ISSUED & PRINTED","01","STREET OPENING PERMIT","0162","NYC PARKS - RECONSTRUCTION CONTRACT","2","500","5000","10",,,,"JN REFER TO CEC-12-124","B012025119B71",,,"2025-07-10T09:44:14.000","2025-07-31T00:00:00.000","2025-10-15T23:59:59.000","BROOKLYN",,"AVENUE L","EAST   70 STREET","EAST   72 STREET","WILLIAM A. GROSS CONSTRUCTION ASSOCIATES, INC.","Sidewalk reconstruction",,"ASPHALT","CONCRETE","2025-07-10T09:44:13.000","2025-07-10T09:44:13.000",,,
"B012025191A53","2025071000143203","0008","Renew","006","ISSUED & PRINTED","01","STREET OPENING PERMIT","0160P","SIDEWALK RECONSTRUCTION CONTRACTS-PROT","2","500","5000","10",,,,"JN REFER TO CEC-12-124","B012025119B11",,,"2025-07-10T09:44:17.000","2025-07-31T00:00:00.000","2025-10-15T23:59:59.000","BROOKLYN",,"BRANTON STREET","COVENTRY ROAD","DITMAS AVENUE","WILLIAM A. GROSS CONSTRUCTION ASSOCIATES, INC.","Sidewalk reconstruction",,"ASPHALT","CONCRETE","2025-07-10T09:44:16.000","2025-07-10T09:44:16.000",,,
"B012025191A54","2025071000143203","0009","Renew","006","ISSUED & PRINTED","01","STREET OPENING PERMIT","0162","NYC PARKS - RECONSTRUCTION CONTRACT","2","500","5000","10",,,,"JN REFER TO CEC-12-124","B012025119B12",,,"2025-07-10T09:44:18.000","2025-07-31T00:00:00.000","2025-10-15T23:59:59.000","BROOKLYN",,"EAST   58 STREET","AVENUE H","AVENUE I","WILLIAM A. GROSS CONSTRUCTION ASSOCIATES, INC.","Sidewalk reconstruction",,"ASPHALT","CONCRETE","2025-07-10T09:44:17.000","2025-07-10T09:44:17.000",,,
"B012025191A55","2025071000143203","0010","Renew","006","ISSUED & PRINTED","01","STREET OPENING PERMIT","0162P","NYC PARKS - RECONSTRUCTION CONTRACT-PROT","2","500","5000","10",,,,"JN REFER TO CEC-12-124","B012025119B72",,,"2025-07-10T09:44:18.000","2025-07-31T00:00:00.000","2025-10-15T23:59:59.000","BROOKLYN",,"BRANTON STREET","COVENTRY ROAD","DITMAS AVENUE","WILLIAM A. GROSS CONSTRUCTION ASSOCIATES, INC.","Sidewalk reconstruction",,"ASPHALT","CONCRETE","2025-07-10T09:44:17.000","2025-07-10T09:44:17.000",,,
"B012025191A56","2025071000143203","0011","Renew","006","ISSUED & PRINTED","01","STREET OPENING PERMIT","0160","SIDEWALK RECONSTRUCTION CONTRACTS","2","500","5000","10",,,,"JN REFER TO CEC-12-124","B012025119B73",,,"2025-07-10T09:44:18.000","2025-07-31T00:00:00.000","2025-10-15T23:59:59.000","BROOKLYN",,"EAST   72 STREET","AVENUE N","ROYCE PLACE","WILLIAM A. GROSS CONSTRUCTION ASSOCIATES, INC.","Sidewalk reconstruction",,"ASPHALT","CONCRETE","2025-07-10T09:44:17.000","2025-07-10T09:44:17.000",,,
"B012025191A76","2025071000143203","0031","Renew","006","ISSUED & PRINTED","01","STREET OPENING PERMIT","0160P","SIDEWALK RECONSTRUCTION CONTRACTS-PROT","2","500","5000","10",,,,"JN REFER TO CEC-12-124","B012025119B21",,,"2025-07-10T09:44:54.000","2025-07-31T00:00:00.000","2025-10-15T23:59:59.000","BROOKLYN",,"EAST   57 STREET","FARRAGUT ROAD","FOSTER AVENUE","WILLIAM A. GROSS CONSTRUCTION ASSOCIATES, INC.","Sidewalk reconstruction",,"ASPHALT","CONCRETE","2025-07-10T09:44:53.000","2025-07-10T09:44:53.000",,,
"B012025191A57","2025071000143203","0012","Renew","006","ISSUED & PRINTED","01","STREET OPENING PERMIT","0160","SIDEWALK RECONSTRUCTION CONTRACTS","2","500","5000","10",,,,"JN REFER TO CEC-12-124 RCRRM: 7/9/25 MUST COORDINATE WITH DOT MILLING AND PAVING;THE FULL WIDTH OF THE ROADWAY MUST BE FULLY UNOBSTRUCTED WHEN DOT IS ACTIVELY MILLING OR PAVING.","B012025119B13",,,"2025-07-10T09:44:18.000","2025-07-31T00:00:00.000","2025-10-15T23:59:59.000","BROOKLYN",,"EAST   53 STREET","AVENUE H","AVENUE I","WILLIAM A. GROSS CONSTRUCTION ASSOCIATES, INC.","Sidewalk reconstruction",,"ASPHALT","CONCRETE","2025-07-10T09:44:17.000","2025-07-10T09:44:17.000",,,
"B012025191A58","2025071000143203","0013","Renew","006","ISSUED & PRINTED","01","STREET OPENING PERMIT","0162","NYC PARKS - RECONSTRUCTION CONTRACT","2","500","5000","10",,,,"JN REFER TO CEC-12-124","B012025119B74",,,"2025-07-10T09:44:19.000","2025-07-31T00:00:00.000","2025-10-15T23:59:59.000","BROOKLYN",,"EAST   72 STREET","AVENUE N","ROYCE PLACE","WILLIAM A. GROSS CONSTRUCTION ASSOCIATES, INC.","Sidewalk reconstruction",,"ASPHALT","CONCRETE","2025-07-10T09:44:17.000","2025-07-10T09:44:17.000",,,
"B012025191A79","2025071000143203","0034","Renew","006","ISSUED & PRINTED","01","STREET OPENING PERMIT","0160P","SIDEWALK RECONSTRUCTION CONTRACTS-PROT","2","500","5000","10",,,,"JN REFER TO CEC-12-124","B012025119B23",,,"2025-07-10T09:44:56.000","2025-07-31T00:00:00.000","2025-10-15T23:59:59.000","BROOKLYN",,"EAST   78 STREET","FARRAGUT ROAD","GLENWOOD ROAD","WILLIAM A. GROSS CONSTRUCTION ASSOCIATES, INC.","Sidewalk reconstruction",,"ASPHALT","CONCRETE","2025-07-10T09:44:55.000","2025-07-10T09:44:55.000",,,
"B162025191A11","2025070900972283","0001","New","030","EXPIRED","16","COMMERCIAL REFUSE CONTAINER PERMIT","1600","COMMERCIAL REFUSE CONTAINER",,,,,,,,,,,,"2025-07-10T08:52:48.000","2025-07-10T08:52:48.000","2025-07-14T23:59:59.000","BROOKLYN","2121","EAST    1 STREET","AVENUE U","DEAD END","DUTCHESS EQUIPMENT LEASING INC.",,,,,"2025-07-10T08:52:47.000","2025-07-15T00:05:10.000",,,
"B012025191A80","2025071000143203","0035","Renew","006","ISSUED & PRINTED","01","STREET OPENING PERMIT","0162P","NYC PARKS - RECONSTRUCTION CONTRACT-PROT","2","500","5000","10",,,,"JN REFER TO CEC-12-124","B012025119B24",,,"2025-07-10T09:44:56.000","2025-07-31T00:00:00.000","2025-10-15T23:59:59.000","BROOKLYN",,"EAST   78 STREET","FARRAGUT ROAD","GLENWOOD ROAD","WILLIAM A. GROSS CONSTRUCTION ASSOCIATES, INC.","Sidewalk reconstruction",,"ASPHALT","CONCRETE","2025-07-10T09:44:55.000","2025-07-10T09:44:55.000",,,
"B012025191A59","2025071000143203","0014","Renew","006","ISSUED & PRINTED","01","STREET OPENING PERMIT","0162","NYC PARKS - RECONSTRUCTION CONTRACT","2","500","5000","10",,,,"JN REFER TO CEC-12-124 RCRRM: 7/9/25 MUST COORDINATE WITH DOT MILLING AND PAVING;THE FULL WIDTH OF THE ROADWAY MUST BE FULLY UNOBSTRUCTED WHEN DOT IS ACTIVELY MILLING OR PAVING.","B012025119B14",,,"2025-07-10T09:44:19.000","2025-07-31T00:00:00.000","2025-10-15T23:59:59.000","BROOKLYN",,"EAST   53 STREET","AVENUE H","AVENUE I","WILLIAM A. GROSS CONSTRUCTION ASSOCIATES, INC.","Sidewalk reconstruction",,"ASPHALT","CONCRETE","2025-07-10T09:44:18.000","2025-07-10T09:44:18.000",,,
"B012025191A60","2025071000143203","0015","Renew","006","ISSUED & PRINTED","01","STREET OPENING PERMIT","0160","SIDEWALK RECONSTRUCTION CONTRACTS","2","500","5000","10",,,,"JN REFER TO CEC-12-124","B012025119B75",,,"2025-07-10T09:44:20.000","2025-07-31T00:00:00.000","2025-10-15T23:59:59.000","BROOKLYN",,"EAST   73 STREET","AVENUE X","AVENUE Y","WILLIAM A. GROSS CONSTRUCTION ASSOCIATES, INC.","Sidewalk reconstruction",,"ASPHALT","CONCRETE","2025-07-10T09:44:19.000","2025-07-10T09:44:19.000",,,
"B012025191A61","2025071000143203","0016","Renew","006","ISSUED & PRINTED","01","STREET OPENING PERMIT","0160","SIDEWALK RECONSTRUCTION CONTRACTS","2","500","5000","10",,,,"JN REFER TO CEC-12-124","B012025119B15",,,"2025-07-10T09:44:21.000","2025-07-31T00:00:00.000","2025-10-15T23:59:59.000","BROOKLYN",,"EAST   51 STREET","BEND","KINGS HIGHWAY","WILLIAM A. GROSS CONSTRUCTION ASSOCIATES, INC.","Sidewalk reconstruction",,"ASPHALT","CONCRETE","2025-07-10T09:44:20.000","2025-07-10T09:44:20.000",,,
"B012025191A62","2025071000143203","0017","Renew","006","ISSUED & PRINTED","01","STREET OPENING PERMIT","0160P","SIDEWALK RECONSTRUCTION CONTRACTS-PROT","2","500","5000","10",,,,"JN REFER TO CEC-12-124","B012025119B76",,,"2025-07-10T09:44:23.000","2025-07-31T00:00:00.000","2025-10-15T23:59:59.000","BROOKLYN",,"TROY AVENUE","AVENUE D","FOSTER AVENUE","WILLIAM A. GROSS CONSTRUCTION ASSOCIATES, INC.","Sidewalk reconstruction",,"ASPHALT","CONCRETE","2025-07-10T09:44:21.000","2025-07-10T09:44:21.000",,,
"B012025191A63","2025071000143203","0018","Renew","006","ISSUED & PRINTED","01","STREET OPENING PERMIT","0162","NYC PARKS - RECONSTRUCTION CONTRACT","2","500","5000","10",,,,"JN REFER TO CEC-12-124","B012025119B77",,,"2025-07-10T09:44:24.000","2025-07-31T00:00:00.000","2025-10-15T23:59:59.000","BROOKLYN",,"EAST   73 STREET","AVENUE X","AVENUE Y","WILLIAM A. GROSS CONSTRUCTION ASSOCIATES, INC.","Sidewalk reconstruction",,"ASPHALT","CONCRETE","2025-07-10T09:44:23.000","2025-07-10T09:44:23.000",,,
"B012025191A64","2025071000143203","0019","Renew","006","ISSUED & PRINTED","01","STREET OPENING PERMIT","0162","NYC PARKS - RECONSTRUCTION CONTRACT","2","500","5000","10",,,,"JN REFER TO CEC-12-124","B012025119B16",,,"2025-07-10T09:44:26.000","2025-07-31T00:00:00.000","2025-10-15T23:59:59.000","BROOKLYN",,"EAST   51 STREET","BEND","KINGS HIGHWAY","WILLIAM A. GROSS CONSTRUCTION ASSOCIATES, INC.","Sidewalk reconstruction",,"ASPHALT","CONCRETE","2025-07-10T09:44:26.000","2025-07-10T09:44:26.000",,,
"B012025191A65","2025071000143203","0020","Renew","006","ISSUED & PRINTED","01","STREET OPENING PERMIT","0162P","NYC PARKS - RECONSTRUCTION CONTRACT-PROT","2","500","5000","10",,,,"JN REFER TO CEC-12-124","B012025119B78",,,"2025-07-10T09:44:28.000","2025-07-31T00:00:00.000","2025-10-15T23:59:59.000","BROOKLYN",,"TROY AVENUE","AVENUE D","FOSTER AVENUE","WILLIAM A. GROSS CONSTRUCTION ASSOCIATES, INC.","Sidewalk reconstruction",,"ASPHALT","CONCRETE","2025-07-10T09:44:27.000","2025-07-10T09:44:27.000",,,
"B012025191A67","2025071000143203","0022","Renew","006","ISSUED & PRINTED","01","STREET OPENING PERMIT","0162","NYC PARKS - RECONSTRUCTION CONTRACT","2","500","5000","10",,,,"JN REFER TO CEC-12-124","B012025119B18",,,"2025-07-10T09:44:29.000","2025-07-31T00:00:00.000","2025-10-15T23:59:59.000","BROOKLYN",,"EAST   51 STREET","AVENUE H","BEND","WILLIAM A. GROSS CONSTRUCTION ASSOCIATES, INC.","Sidewalk reconstruction",,"ASPHALT","CONCRETE","2025-07-10T09:44:28.000","2025-07-10T09:44:28.000",,,
"B012025191A68","2025071000143203","0023","Renew","006","ISSUED & PRINTED","01","STREET OPENING PERMIT","0160","SIDEWALK RECONSTRUCTION CONTRACTS","2","500","5000","10",,,,"JN REFER TO CEC-12-124","B012025119B79",,,"2025-07-10T09:44:29.000","2025-07-31T00:00:00.000","2025-10-15T23:59:59.000","BROOKLYN",,"EAST   37 STREET","FARRAGUT ROAD","FOSTER AVENUE","WILLIAM A. GROSS CONSTRUCTION ASSOCIATES, INC.","Sidewalk reconstruction",,"ASPHALT","CONCRETE","2025-07-10T09:44:31.000","2025-07-10T09:44:31.000",,,
"B012025191A69","2025071000143203","0024","Renew","006","ISSUED & PRINTED","01","STREET OPENING PERMIT","0160P","SIDEWALK RECONSTRUCTION CONTRACTS-PROT","2","500","5000","10",,,,"JN REFER TO CEC-12-124","B012025119B80",,,"2025-07-10T09:44:40.000","2025-07-31T00:00:00.000","2025-10-15T23:59:59.000","BROOKLYN",,"EAST   71 STREET","AVENUE V","AVENUE W","WILLIAM A. GROSS CONSTRUCTION ASSOCIATES, INC.","Sidewalk reconstruction",,"ASPHALT","CONCRETE","2025-07-10T09:44:38.000","2025-07-10T09:44:38.000",,,
"B012025191A70","2025071000143203","0025","Renew","006","ISSUED & PRINTED","01","STREET OPENING PERMIT","0162","NYC PARKS - RECONSTRUCTION CONTRACT","2","500","5000","10",,,,"JN REFER TO CEC-12-124","B012025119B81",,,"2025-07-10T09:44:42.000","2025-07-31T00:00:00.000","2025-10-15T23:59:59.000","BROOKLYN",,"EAST   37 STREET","FARRAGUT ROAD","FOSTER AVENUE","WILLIAM A. GROSS CONSTRUCTION ASSOCIATES, INC.","Sidewalk reconstruction",,"ASPHALT","CONCRETE","2025-07-10T09:44:41.000","2025-07-10T09:44:41.000",,,
"B012025191A71","2025071000143203","0026","Renew","006","ISSUED & PRINTED","01","STREET OPENING PERMIT","0162P","NYC PARKS - RECONSTRUCTION CONTRACT-PROT","2","500","5000","10",,,,"JN REFER TO CEC-12-124","B012025119B82",,,"2025-07-10T09:44:43.000","2025-07-31T00:00:00.000","2025-10-15T23:59:59.000","BROOKLYN",,"EAST   71 STREET","AVENUE V","AVENUE W","WILLIAM A. GROSS CONSTRUCTION ASSOCIATES, INC.","Sidewalk reconstruction",,"ASPHALT","CONCRETE","2025-07-10T09:44:48.000","2025-07-10T09:44:48.000",,,
"B012025191A72","2025071000143203","0027","Renew","006","ISSUED & PRINTED","01","STREET OPENING PERMIT","0160","SIDEWALK RECONSTRUCTION CONTRACTS","2","500","5000","10",,,,"JN REFER TO CEC-12-124","B012025119B19",,,"2025-07-10T09:44:50.000","2025-07-31T00:00:00.000","2025-10-15T23:59:59.000","BROOKLYN",,"EAST   55 STREET","FOSTER AVENUE","GLENWOOD ROAD","WILLIAM A. GROSS CONSTRUCTION ASSOCIATES, INC.","Sidewalk reconstruction",,"ASPHALT","CONCRETE","2025-07-10T09:44:49.000","2025-07-10T09:44:49.000",,,
"B012025191A73","2025071000143203","0028","Renew","006","ISSUED & PRINTED","01","STREET OPENING PERMIT","0162","NYC PARKS - RECONSTRUCTION CONTRACT","2","500","5000","10",,,,"JN REFER TO CEC-12-124","B012025119B20",,,"2025-07-10T09:44:52.000","2025-07-31T00:00:00.000","2025-10-15T23:59:59.000","BROOKLYN",,"EAST   55 STREET","FOSTER AVENUE","GLENWOOD ROAD","WILLIAM A. GROSS CONSTRUCTION ASSOCIATES, INC.","Sidewalk reconstruction",,"ASPHALT","CONCRETE","2025-07-10T09:44:50.000","2025-07-10T09:44:50.000",,,
"B012025191A74","2025071000143203","0029","Renew","006","ISSUED & PRINTED","01","STREET OPENING PERMIT","0160","SIDEWALK RECONSTRUCTION CONTRACTS","2","500","5000","10",,,,"JN REFER TO CEC-12-124","B012025119B83",,,"2025-07-10T09:44:52.000","2025-07-31T00:00:00.000","2025-10-15T23:59:59.000","BROOKLYN",,"EAST   25 STREET","FOSTER AVENUE","NEWKIRK AVENUE","WILLIAM A. GROSS CONSTRUCTION ASSOCIATES, INC.","Sidewalk reconstruction",,"ASPHALT","CONCRETE","2025-07-10T09:44:51.000","2025-07-10T09:44:51.000",,,
"B012025191A75","2025071000143203","0030","Renew","006","ISSUED & PRINTED","01","STREET OPENING PERMIT","0162","NYC PARKS - RECONSTRUCTION CONTRACT","2","500","5000","10",,,,"JN REFER TO CEC-12-124","B012025119B84",,,"2025-07-10T09:44:54.000","2025-07-31T00:00:00.000","2025-10-15T23:59:59.000","BROOKLYN",,"EAST   25 STREET","FOSTER AVENUE","NEWKIRK AVENUE","WILLIAM A. GROSS CONSTRUCTION ASSOCIATES, INC.","Sidewalk reconstruction",,"ASPHALT","CONCRETE","2025-07-10T09:44:52.000","2025-07-10T09:44:52.000",,,
"B012025191A77","2025071000143203","0032","Renew","006","ISSUED & PRINTED","01","STREET OPENING PERMIT","0162P","NYC PARKS - RECONSTRUCTION CONTRACT-PROT","2","500","5000","10",,,,"JN REFER TO CEC-12-124","B012025119B22",,,"2025-07-10T09:44:54.000","2025-07-31T00:00:00.000","2025-10-15T23:59:59.000","BROOKLYN",,"EAST   57 STREET","FARRAGUT ROAD","FOSTER AVENUE","WILLIAM A. GROSS CONSTRUCTION ASSOCIATES, INC.","Sidewalk reconstruction",,"ASPHALT","CONCRETE","2025-07-10T09:44:53.000","2025-07-10T09:44:53.000",,,
"B012025191A78","2025071000143203","0033","Renew","006","ISSUED & PRINTED","01","STREET OPENING PERMIT","0160P","SIDEWALK RECONSTRUCTION CONTRACTS-PROT","2","500","5000","10",,,,"JN REFER TO CEC-12-124","B012025119B85",,,"2025-07-10T09:44:54.000","2025-07-31T00:00:00.000","2025-10-15T23:59:59.000","BROOKLYN",,"EAST   59 STREET","AVENUE O","MILL LANE","WILLIAM A. GROSS CONSTRUCTION ASSOCIATES, INC.","Sidewalk reconstruction",,"ASPHALT","CONCRETE","2025-07-10T09:44:53.000","2025-07-10T09:44:53.000",,,
"B012025191A81","2025071000143203","0036","Renew","006","ISSUED & PRINTED","01","STREET OPENING PERMIT","0160P","SIDEWALK RECONSTRUCTION CONTRACTS-PROT","2","500","5000","10",,,,"JN REFER TO CEC-12-124","B012025119B86",,,"2025-07-10T09:45:00.000","2025-07-31T00:00:00.000","2025-10-15T23:59:59.000","BROOKLYN",,"CLARENDON ROAD","BROOKLYN AVENUE","EAST   37 STREET","WILLIAM A. GROSS CONSTRUCTION ASSOCIATES, INC.","Sidewalk reconstruction",,"ASPHALT","CONCRETE","2025-07-10T09:44:58.000","2025-07-10T09:44:58.000",,,
"M032025196A30","2025071500136666","0003","New","030","EXPIRED","03","MANHOLE EMBARGO PERMIT","0303","UTILITY MANHOLE EMBARGO PERMIT",,,,,,,,,,,,"2025-07-15T08:18:47.000","2025-07-15T08:18:53.000","2025-07-16T08:18:53.000","MANHATTAN",,"YORK AVENUE","EAST   71 STREET","EAST   72 STREET","CONSOLIDATED EDISON","759","STEAM",,,"2025-07-15T08:18:45.000","2025-07-17T00:05:09.000",,,
"B012025191A82","2025071000143203","0037","Renew","006","ISSUED & PRINTED","01","STREET OPENING PERMIT","0162P","NYC PARKS - RECONSTRUCTION CONTRACT-PROT","2","500","5000","10",,,,"JN REFER TO CEC-12-124","B012025119B87",,,"2025-07-10T09:45:02.000","2025-07-31T00:00:00.000","2025-10-15T23:59:59.000","BROOKLYN",,"CLARENDON ROAD","BROOKLYN AVENUE","EAST   37 STREET","WILLIAM A. GROSS CONSTRUCTION ASSOCIATES, INC.","Sidewalk reconstruction",,"ASPHALT","CONCRETE","2025-07-10T09:45:01.000","2025-07-10T09:45:01.000",,,
"B162025190A40","2025070900720100","0004","New","030","EXPIRED","16","COMMERCIAL REFUSE CONTAINER PERMIT","1601","COMMERCIAL REFUSE CONTAINER CRITICAL STS",,,,,,,,,,,,"2025-07-09T13:48:01.000","2025-07-10T00:00:00.000","2025-07-14T23:59:59.000","BROOKLYN","1755","CROPSEY AVENUE","18 AVENUE","BAY   17 STREET","S & S CONTAINERS INC.",,,,,"2025-07-09T13:48:01.000","2025-07-15T00:05:10.000",,,
"B012025191A83","2025071000143203","0038","Renew","006","ISSUED & PRINTED","01","STREET OPENING PERMIT","0160","SIDEWALK RECONSTRUCTION CONTRACTS","2","500","5000","10",,,,"JN REFER TO CEC-12-124","B012025119B25",,,"2025-07-10T09:45:03.000","2025-07-31T00:00:00.000","2025-10-15T23:59:59.000","BROOKLYN",,"EAST   80 STREET","FARRAGUT ROAD","FOSTER AVENUE","WILLIAM A. GROSS CONSTRUCTION ASSOCIATES, INC.","Sidewalk reconstruction",,"ASPHALT","CONCRETE","2025-07-10T09:45:01.000","2025-07-10T09:45:01.000",,,
"B012025191B69","2025070700672800","0004","New","006","ISSUED & PRINTED","01","STREET OPENING PERMIT","0133","INSTALL TRAFFIC SIGNALS","1","54",,,,,,"DP",,,,"2025-07-10T10:06:48.000","2025-07-10T10:06:48.000","2025-09-30T23:59:59.000","BROOKLYN",,"EAST   18 STREET","AVENUE J","AVENUE K","WELSBACH ELECTRIC CORP.","INSTALL ELECTRICAL CONDUIT AND POLE FOUNDATIONS E-755K",,"ASPHALT","CONCRETE","2025-07-10T10:06:47.000","2025-07-10T10:06:47.000",,,
"B012025191A84","2025071000143203","0039","Renew","006","ISSUED & PRINTED","01","STREET OPENING PERMIT","0162","NYC PARKS - RECONSTRUCTION CONTRACT","2","500","5000","10",,,,"JN REFER TO CEC-12-124","B012025119B26",,,"2025-07-10T09:45:05.000","2025-07-31T00:00:00.000","2025-10-15T23:59:59.000","BROOKLYN",,"EAST   80 STREET","FARRAGUT ROAD","FOSTER AVENUE","WILLIAM A. GROSS CONSTRUCTION ASSOCIATES, INC.","Sidewalk reconstruction",,"ASPHALT","CONCRETE","2025-07-10T09:45:04.000","2025-07-10T09:45:04.000",,,
"B012025191A85","2025071000143203","0040","Renew","006","ISSUED & PRINTED","01","STREET OPENING PERMIT","0160","SIDEWALK RECONSTRUCTION CONTRACTS","2","500","5000","10",,,,"JN REFER TO CEC-12-124","B012025119B88",,,"2025-07-10T09:45:06.000","2025-07-31T00:00:00.000","2025-10-15T23:59:59.000","BROOKLYN",,"CORTELYOU ROAD","EAST   28 STREET","EAST   29 STREET","WILLIAM A. GROSS CONSTRUCTION ASSOCIATES, INC.","Sidewalk reconstruction",,"ASPHALT","CONCRETE","2025-07-10T09:45:05.000","2025-07-10T09:45:05.000",,,
"B012025191A86","2025071000143203","0041","Renew","006","ISSUED & PRINTED","01","STREET OPENING PERMIT","0162","NYC PARKS - RECONSTRUCTION CONTRACT","2","500","5000","10",,,,"JN REFER TO CEC-12-124","B012025119B89",,,"2025-07-10T09:45:06.000","2025-07-31T00:00:00.000","2025-10-15T23:59:59.000","BROOKLYN",,"CORTELYOU ROAD","EAST   28 STREET","EAST   29 STREET","WILLIAM A. GROSS CONSTRUCTION ASSOCIATES, INC.","Sidewalk reconstruction",,"ASPHALT","CONCRETE","2025-07-10T09:45:05.000","2025-07-10T09:45:05.000",,,
"B012025191A87","2025071000143203","0042","Renew","006","ISSUED & PRINTED","01","STREET OPENING PERMIT","0160P","SIDEWALK RECONSTRUCTION CONTRACTS-PROT","2","500","5000","10",,,,"JN REFER TO CEC-12-124 RCRRM: 7/9/25 MUST COORDINATE WITH DOT MILLING AND PAVING;THE FULL WIDTH OF THE ROADWAY MUST BE FULLY UNOBSTRUCTED WHEN DOT IS ACTIVELY MILLING OR PAVING.","B012025119B27",,,"2025-07-10T09:45:07.000","2025-07-31T00:00:00.000","2025-10-15T23:59:59.000","BROOKLYN",,"EAST   86 STREET","FARRAGUT ROAD","FOSTER AVENUE","WILLIAM A. GROSS CONSTRUCTION ASSOCIATES, INC.","Sidewalk reconstruction",,"ASPHALT","CONCRETE","2025-07-10T09:45:07.000","2025-07-10T09:45:07.000",,,
"B022025191A38","2025070800708306","0004","New","030","EXPIRED","02","BUILDING OPERATION PERMIT","0211","OCCUPANCY OF ROADWAY AS STIPULATED",,,,,,,,"JG--BNEC-24-284",,"B022025195B21",,"2025-07-10T10:09:00.000","2025-07-10T10:09:00.000","2025-09-16T23:59:59.000","BROOKLYN","498","COLUMBIA STREET","CREAMER STREET","LORRAINE STREET","NYC ONE DEVELOPERS INC.",,,,"CONCRETE","2025-07-10T10:08:59.000","2025-07-14T10:37:27.000",,,
"B012025191B04","2025071000143203","0059","Renew","006","ISSUED & PRINTED","01","STREET OPENING PERMIT","0160","SIDEWALK RECONSTRUCTION CONTRACTS","2","500","5000","10",,,,"JN REFER TO CEC-12-124","B012025119B40",,,"2025-07-10T09:45:42.000","2025-07-31T00:00:00.000","2025-10-15T23:59:59.000","BROOKLYN",,"EAST   89 STREET","AVENUE N","SEAVIEW AVENUE","WILLIAM A. GROSS CONSTRUCTION ASSOCIATES, INC.","Sidewalk reconstruction",,"ASPHALT","CONCRETE","2025-07-10T09:45:41.000","2025-07-10T09:45:41.000",,,
"B012025191A88","2025071000143203","0043","Renew","006","ISSUED & PRINTED","01","STREET OPENING PERMIT","0162P","NYC PARKS - RECONSTRUCTION CONTRACT-PROT","2","500","5000","10",,,,"JN REFER TO CEC-12-124 RCRRM: 7/9/25 MUST COORDINATE WITH DOT MILLING AND PAVING;THE FULL WIDTH OF THE ROADWAY MUST BE FULLY UNOBSTRUCTED WHEN DOT IS ACTIVELY MILLING OR PAVING.","B012025119B28",,,"2025-07-10T09:45:14.000","2025-07-31T00:00:00.000","2025-10-15T23:59:59.000","BROOKLYN",,"EAST   86 STREET","FARRAGUT ROAD","FOSTER AVENUE","WILLIAM A. GROSS CONSTRUCTION ASSOCIATES, INC.","Sidewalk reconstruction",,"ASPHALT","CONCRETE","2025-07-10T09:45:13.000","2025-07-10T09:45:13.000",,,
"B162025192A20","2025071100176916","0034","New","030","EXPIRED","16","COMMERCIAL REFUSE CONTAINER PERMIT","1600","COMMERCIAL REFUSE CONTAINER",,,,,,,,,,,,"2025-07-11T09:00:58.000","2025-07-14T00:00:00.000","2025-07-18T23:59:59.000","BROOKLYN","57-61","VAN DAM STREET","BRIDGEWATER STREET","NASSAU AVENUE","COGENT WASTE SOLUTIONS LLC",,,,,"2025-07-11T09:00:56.000","2025-07-19T00:05:09.000",,,
"B012025191A89","2025071000143203","0044","Renew","006","ISSUED & PRINTED","01","STREET OPENING PERMIT","0160","SIDEWALK RECONSTRUCTION CONTRACTS","2","500","5000","10",,,,"JN REFER TO CEC-12-124","B012025119B29",,,"2025-07-10T09:45:19.000","2025-07-31T00:00:00.000","2025-10-15T23:59:59.000","BROOKLYN",,"EAST   89 STREET","AVENUE K","STILLWELLS PLACE","WILLIAM A. GROSS CONSTRUCTION ASSOCIATES, INC.","Sidewalk reconstruction",,"ASPHALT","CONCRETE","2025-07-10T09:45:18.000","2025-07-10T09:45:18.000",,,
"B162025192B23","2025071100835100","0004","Renew","030","EXPIRED","16","COMMERCIAL REFUSE CONTAINER PERMIT","1600","COMMERCIAL REFUSE CONTAINER",,,,,,,,,"B162025188A21",,,"2025-07-11T16:05:15.000","2025-07-13T00:00:00.000","2025-07-17T23:59:59.000","BROOKLYN","118","STERLING PLACE","6 AVENUE","7 AVENUE","SAL DONA, INC.",,,,,"2025-07-11T16:05:15.000","2025-07-18T00:05:11.000",,,
"B012025191A90","2025071000143203","0045","Renew","006","ISSUED & PRINTED","01","STREET OPENING PERMIT","0162","NYC PARKS - RECONSTRUCTION CONTRACT","2","500","5000","10",,,,"JN REFER TO CEC-12-124","B012025119B30",,,"2025-07-10T09:45:22.000","2025-07-31T00:00:00.000","2025-10-15T23:59:59.000","BROOKLYN",,"EAST   89 STREET","AVENUE K","STILLWELLS PLACE","WILLIAM A. GROSS CONSTRUCTION ASSOCIATES, INC.","Sidewalk reconstruction",,"ASPHALT","CONCRETE","2025-07-10T09:45:22.000","2025-07-10T09:45:22.000",,,
"B012025191A91","2025071000143203","0046","Renew","006","ISSUED & PRINTED","01","STREET OPENING PERMIT","0162","NYC PARKS - RECONSTRUCTION CONTRACT","2","500","5000","10",,,,"JN REFER TO CEC-12-124","B012025119B31",,,"2025-07-10T09:45:26.000","2025-07-31T00:00:00.000","2025-10-15T23:59:59.000","BROOKLYN",,"FALMOUTH STREET","SHORE BOULEVARD",,"WILLIAM A. GROSS CONSTRUCTION ASSOCIATES, INC.","Sidewalk reconstruction",,"ASPHALT","CONCRETE","2025-07-10T09:45:25.000","2025-07-10T09:45:25.000",,,
"B012025191A92","2025071000143203","0047","Renew","006","ISSUED & PRINTED","01","STREET OPENING PERMIT","0160P","SIDEWALK RECONSTRUCTION CONTRACTS-PROT","2","500","5000","10",,,,"JN REFER TO CEC-12-124","B012025119B90",,,"2025-07-10T09:45:27.000","2025-07-31T00:00:00.000","2025-10-15T23:59:59.000","BROOKLYN",,"EAST   32 STREET","CHURCH AVENUE","SNYDER AVENUE","WILLIAM A. GROSS CONSTRUCTION ASSOCIATES, INC.","Sidewalk reconstruction",,"ASPHALT","CONCRETE","2025-07-10T09:45:29.000","2025-07-10T09:45:29.000",,,
"B152025192A60","2025071100285123","0008","New","030","EXPIRED","15","DOT IN-HOUSE PAVING AND MILLING","1501","DOT IN-HOUSE PAVING",,,,,,,,,,,,"2025-07-11T09:58:42.000","2025-07-16T00:00:00.000","2025-07-16T23:59:59.000","BROOKLYN",,"AVENUE J","EAST   53 STREET",,"NYC DEPT OF TRANSPORTATION","PAVING","SEGMENT AND INTERSECTION",,,"2025-07-11T09:58:40.000","2025-07-17T00:05:09.000",,,
"B012025191A93","2025071000143203","0048","Renew","006","ISSUED & PRINTED","01","STREET OPENING PERMIT","0162P","NYC PARKS - RECONSTRUCTION CONTRACT-PROT","2","500","5000","10",,,,"JN REFER TO CEC-12-124","B012025119B91",,,"2025-07-10T09:45:31.000","2025-07-31T00:00:00.000","2025-10-15T23:59:59.000","BROOKLYN",,"EAST   32 STREET","CHURCH AVENUE","SNYDER AVENUE","WILLIAM A. GROSS CONSTRUCTION ASSOCIATES, INC.","Sidewalk reconstruction",,"ASPHALT","CONCRETE","2025-07-10T09:45:30.000","2025-07-10T09:45:30.000",,,
"B012025191A94","2025071000143203","0049","Renew","006","ISSUED & PRINTED","01","STREET OPENING PERMIT","0160","SIDEWALK RECONSTRUCTION CONTRACTS","2","500","5000","10",,,,"JN REFER TO CEC-12-124","B012025119B32",,,"2025-07-10T09:45:31.000","2025-07-31T00:00:00.000","2025-10-15T23:59:59.000","BROOKLYN",,"EAST   84 STREET","AVENUE M","AVENUE N","WILLIAM A. GROSS CONSTRUCTION ASSOCIATES, INC.","Sidewalk reconstruction",,"ASPHALT","CONCRETE","2025-07-10T09:45:30.000","2025-07-10T09:45:30.000",,,
"B012025191A95","2025071000143203","0050","Renew","006","ISSUED & PRINTED","01","STREET OPENING PERMIT","0162","NYC PARKS - RECONSTRUCTION CONTRACT","2","500","5000","10",,,,"JN REFER TO CEC-12-124","B012025119B33",,,"2025-07-10T09:45:32.000","2025-07-31T00:00:00.000","2025-10-15T23:59:59.000","BROOKLYN",,"EAST   84 STREET","AVENUE M","AVENUE N","WILLIAM A. GROSS CONSTRUCTION ASSOCIATES, INC.","Sidewalk reconstruction",,"ASPHALT","CONCRETE","2025-07-10T09:45:31.000","2025-07-10T09:45:31.000",,,
"B012025191B25","2025071000143203","0080","Renew","006","ISSUED & PRINTED","01","STREET OPENING PERMIT","0160P","SIDEWALK RECONSTRUCTION CONTRACTS-PROT","2","500","5000","10",,,,"JN REFER TO CEC-12-124","B012025119B47",,,"2025-07-10T09:46:23.000","2025-07-31T00:00:00.000","2025-10-15T23:59:59.000","BROOKLYN",,"EAST   94 STREET","AVENUE N","BEND","WILLIAM A. GROSS CONSTRUCTION ASSOCIATES, INC.","Sidewalk reconstruction",,"ASPHALT","CONCRETE","2025-07-10T09:46:22.000","2025-07-10T09:46:22.000",,,
"B012025191A96","2025071000143203","0051","Renew","006","ISSUED & PRINTED","01","STREET OPENING PERMIT","0162","NYC PARKS - RECONSTRUCTION CONTRACT","2","500","5000","10",,,,"JN REFER TO CEC-12-124 RCRRM: 7/9/25 MUST COORDINATE WITH DOT MILLING AND PAVING;THE FULL WIDTH OF THE ROADWAY MUST BE FULLY UNOBSTRUCTED WHEN DOT IS ACTIVELY MILLING OR PAVING.","B012025119B34",,,"2025-07-10T09:45:33.000","2025-07-31T00:00:00.000","2025-10-15T23:59:59.000","BROOKLYN",,"FALMOUTH STREET","HAMPTON AVENUE",,"WILLIAM A. GROSS CONSTRUCTION ASSOCIATES, INC.","Sidewalk reconstruction",,"ASPHALT","CONCRETE","2025-07-10T09:45:32.000","2025-07-10T09:45:32.000",,,
"B162025191A20","2025071000294746","0001","New","030","EXPIRED","16","COMMERCIAL REFUSE CONTAINER PERMIT","1600","COMMERCIAL REFUSE CONTAINER",,,,,,,,,,,,"2025-07-10T09:44:03.000","2025-07-10T09:44:03.000","2025-07-14T23:59:59.000","BROOKLYN","1819","EAST    5 STREET","KINGS HIGHWAY","QUENTIN ROAD","S & S CONTAINERS INC.",,,,,"2025-07-10T09:44:02.000","2025-07-15T00:05:10.000",,,
"Q162025193A07","2025071200031913","0001","New","030","EXPIRED","16","COMMERCIAL REFUSE CONTAINER PERMIT","1600","COMMERCIAL REFUSE CONTAINER",,,,,,,,,,,,"2025-07-12T08:16:13.000","2025-07-13T00:00:00.000","2025-07-17T23:59:59.000","QUEENS","107-19","70 AVENUE","108 STREET","BEND","WP BLUESTONE, INC.",,,,,"2025-07-12T08:16:12.000","2025-07-18T00:05:11.000",,,
"B012025191A97","2025071000143203","0052","Renew","006","ISSUED & PRINTED","01","STREET OPENING PERMIT","0162","NYC PARKS - RECONSTRUCTION CONTRACT","2","500","5000","10",,,,"JN REFER TO CEC-12-124","B012025119B35",,,"2025-07-10T09:45:34.000","2025-07-31T00:00:00.000","2025-10-15T23:59:59.000","BROOKLYN",,"GIRARD STREET","SHORE BOULEVARD",,"WILLIAM A. GROSS CONSTRUCTION ASSOCIATES, INC.","Sidewalk reconstruction",,"ASPHALT","CONCRETE","2025-07-10T09:45:33.000","2025-07-10T09:45:33.000",,,
"B012025191A98","2025071000143203","0053","Renew","006","ISSUED & PRINTED","01","STREET OPENING PERMIT","0160","SIDEWALK RECONSTRUCTION CONTRACTS","2","500","5000","10",,,,"JN REFER TO CEC-12-124","B012025119B92",,,"2025-07-10T09:45:35.000","2025-07-31T00:00:00.000","2025-10-15T23:59:59.000","BROOKLYN",,"SNYDER AVENUE","ALBANY AVENUE","EAST   40 STREET","WILLIAM A. GROSS CONSTRUCTION ASSOCIATES, INC.","Sidewalk reconstruction",,"ASPHALT","CONCRETE","2025-07-10T09:45:33.000","2025-07-10T09:45:33.000",,,
"B012025191A99","2025071000143203","0054","Renew","006","ISSUED & PRINTED","01","STREET OPENING PERMIT","0162","NYC PARKS - RECONSTRUCTION CONTRACT","2","500","5000","10",,,,"JN REFER TO CEC-12-124","B012025119B93",,,"2025-07-10T09:45:39.000","2025-07-31T00:00:00.000","2025-10-15T23:59:59.000","BROOKLYN",,"SNYDER AVENUE","ALBANY AVENUE","EAST   40 STREET","WILLIAM A. GROSS CONSTRUCTION ASSOCIATES, INC.","Sidewalk reconstruction",,"ASPHALT","CONCRETE","2025-07-10T09:45:38.000","2025-07-10T09:45:38.000",,,
"B012025191B00","2025071000143203","0055","Renew","006","ISSUED & PRINTED","01","STREET OPENING PERMIT","0160P","SIDEWALK RECONSTRUCTION CONTRACTS-PROT","2","500","5000","10",,,,"JN REFER TO CEC-12-124","B012025119B36",,,"2025-07-10T09:45:39.000","2025-07-31T00:00:00.000","2025-10-15T23:59:59.000","BROOKLYN",,"EAST   85 STREET","AVENUE N","SEAVIEW AVENUE","WILLIAM A. GROSS CONSTRUCTION ASSOCIATES, INC.","Sidewalk reconstruction",,"ASPHALT","CONCRETE","2025-07-10T09:45:38.000","2025-07-10T09:45:38.000",,,
"B012025191B01","2025071000143203","0056","Renew","006","ISSUED & PRINTED","01","STREET OPENING PERMIT","0162P","NYC PARKS - RECONSTRUCTION CONTRACT-PROT","2","500","5000","10",,,,"JN REFER TO CEC-12-124","B012025119B37",,,"2025-07-10T09:45:39.000","2025-07-31T00:00:00.000","2025-10-15T23:59:59.000","BROOKLYN",,"EAST   85 STREET","AVENUE N","SEAVIEW AVENUE","WILLIAM A. GROSS CONSTRUCTION ASSOCIATES, INC.","Sidewalk reconstruction",,"ASPHALT","CONCRETE","2025-07-10T09:45:38.000","2025-07-10T09:45:38.000",,,
"B012025191B02","2025071000143203","0057","Renew","006","ISSUED & PRINTED","01","STREET OPENING PERMIT","0162","NYC PARKS - RECONSTRUCTION CONTRACT","2","500","5000","10",,,,"JN REFER TO CEC-12-124 RCRRM: 7/9/25 MUST COORDINATE WITH DOT MILLING AND PAVING;THE FULL WIDTH OF THE ROADWAY MUST BE FULLY UNOBSTRUCTED WHEN DOT IS ACTIVELY MILLING OR PAVING.","B012025119B38",,,"2025-07-10T09:45:40.000","2025-07-31T00:00:00.000","2025-10-15T23:59:59.000","BROOKLYN",,"GIRARD STREET","HAMPTON AVENUE",,"WILLIAM A. GROSS CONSTRUCTION ASSOCIATES, INC.","Sidewalk reconstruction",,"ASPHALT","CONCRETE","2025-07-10T09:45:39.000","2025-07-10T09:45:39.000",,,
"B012025191B03","2025071000143203","0058","Renew","006","ISSUED & PRINTED","01","STREET OPENING PERMIT","0162","NYC PARKS - RECONSTRUCTION CONTRACT","2","500","5000","10",,,,"JN REFER TO CEC-12-124","B012025119B39",,,"2025-07-10T09:45:42.000","2025-07-31T00:00:00.000","2025-10-15T23:59:59.000","BROOKLYN",,"KENSINGTON STREET","SHORE BOULEVARD",,"WILLIAM A. GROSS CONSTRUCTION ASSOCIATES, INC.","Sidewalk reconstruction",,"ASPHALT","CONCRETE","2025-07-10T09:45:40.000","2025-07-10T09:45:40.000",,,
"B012025191B05","2025071000143203","0060","Renew","006","ISSUED & PRINTED","01","STREET OPENING PERMIT","0162","NYC PARKS - RECONSTRUCTION CONTRACT","2","500","5000","10",,,,"JN REFER TO CEC-12-124","B012025119B41",,,"2025-07-10T09:45:43.000","2025-07-31T00:00:00.000","2025-10-15T23:59:59.000","BROOKLYN",,"EAST   89 STREET","AVENUE N","SEAVIEW AVENUE","WILLIAM A. GROSS CONSTRUCTION ASSOCIATES, INC.","Sidewalk reconstruction",,"ASPHALT","CONCRETE","2025-07-10T09:45:42.000","2025-07-10T09:45:42.000",,,
"B152025197A25","2025071600925616","0001","New","030","EXPIRED","15","DOT IN-HOUSE PAVING AND MILLING","1500","DOT IN-HOUSE MILLING",,,,,,,,,,,,"2025-07-16T14:59:53.000","2025-07-17T00:00:00.000","2025-07-18T23:59:59.000","BROOKLYN",,"QUAY STREET","WEST STREET",,"NYC DEPT OF TRANSPORTATION","MILLING","SEGMENT AND INTERSECTION",,,"2025-07-16T14:59:52.000","2025-07-19T00:05:09.000",,,
"B012025191B06","2025071000143203","0061","Renew","006","ISSUED & PRINTED","01","STREET OPENING PERMIT","0162","NYC PARKS - RECONSTRUCTION CONTRACT","2","500","5000","10",,,,"JN REFER TO CEC-12-124","B012025119B42",,,"2025-07-10T09:45:52.000","2025-07-31T00:00:00.000","2025-10-15T23:59:59.000","BROOKLYN",,"KENSINGTON STREET","ORIENTAL BOULEVARD",,"WILLIAM A. GROSS CONSTRUCTION ASSOCIATES, INC.","Sidewalk reconstruction",,"ASPHALT","CONCRETE","2025-07-10T09:45:50.000","2025-07-10T09:45:50.000",,,
"B012025191B07","2025071000143203","0062","Renew","006","ISSUED & PRINTED","01","STREET OPENING PERMIT","0162","NYC PARKS - RECONSTRUCTION CONTRACT","2","500","5000","10",,,,"JN REFER TO CEC-12-124 RCRRM: 7/9/25 MUST COORDINATE WITH DOT MILLING AND PAVING;THE FULL WIDTH OF THE ROADWAY MUST BE FULLY UNOBSTRUCTED WHEN DOT IS ACTIVELY MILLING OR PAVING.","B012025119B43",,,"2025-07-10T09:45:53.000","2025-07-31T00:00:00.000","2025-10-15T23:59:59.000","BROOKLYN",,"HAMPTON AVENUE","IRWIN STREET",,"WILLIAM A. GROSS CONSTRUCTION ASSOCIATES, INC.","Sidewalk reconstruction",,"ASPHALT","CONCRETE","2025-07-10T09:45:52.000","2025-07-10T09:45:52.000",,,
"B012025191B08","2025071000143203","0063","Renew","006","ISSUED & PRINTED","01","STREET OPENING PERMIT","0160","SIDEWALK RECONSTRUCTION CONTRACTS","2","500","5000","10",,,,"JN REFER TO CEC-12-124","B012025119B94",,,"2025-07-10T09:45:53.000","2025-07-31T00:00:00.000","2025-10-15T23:59:59.000","BROOKLYN",,"EAST   59 STREET","CHURCH AVENUE","SNYDER AVENUE","WILLIAM A. GROSS CONSTRUCTION ASSOCIATES, INC.","Sidewalk reconstruction",,"ASPHALT","CONCRETE","2025-07-10T09:45:52.000","2025-07-10T09:45:52.000",,,
"B012025191B09","2025071000143203","0064","Renew","006","ISSUED & PRINTED","01","STREET OPENING PERMIT","0162","NYC PARKS - RECONSTRUCTION CONTRACT","2","500","5000","10",,,,"JN REFER TO CEC-12-124","B012025119B95",,,"2025-07-10T09:45:54.000","2025-07-31T00:00:00.000","2025-10-15T23:59:59.000","BROOKLYN",,"EAST   59 STREET","CHURCH AVENUE","SNYDER AVENUE","WILLIAM A. GROSS CONSTRUCTION ASSOCIATES, INC.","Sidewalk reconstruction",,"ASPHALT","CONCRETE","2025-07-10T09:45:53.000","2025-07-10T09:45:53.000",,,
"B012025191B10","2025071000143203","0065","Renew","006","ISSUED & PRINTED","01","STREET OPENING PERMIT","0160","SIDEWALK RECONSTRUCTION CONTRACTS","2","500","5000","10",,,,"JN REFER TO CEC-12-124","B012025119B96",,,"2025-07-10T09:45:56.000","2025-07-31T00:00:00.000","2025-10-15T23:59:59.000","BROOKLYN",,"EAST   59 STREET","SNYDER AVENUE",,"WILLIAM A. GROSS CONSTRUCTION ASSOCIATES, INC.","Sidewalk reconstruction",,"ASPHALT","CONCRETE","2025-07-10T09:45:55.000","2025-07-10T09:45:55.000",,,
"B012025191B23","2025071000143203","0078","Renew","006","ISSUED & PRINTED","01","STREET OPENING PERMIT","0160","SIDEWALK RECONSTRUCTION CONTRACTS","2","500","5000","10",,,,"JN REFER TO CEC-12-124","B012025119C04",,,"2025-07-10T09:46:21.000","2025-07-31T00:00:00.000","2025-10-15T23:59:59.000","BROOKLYN",,"EAST   59 STREET","BEVERLY ROAD","CLARENDON ROAD","WILLIAM A. GROSS CONSTRUCTION ASSOCIATES, INC.","Sidewalk reconstruction",,"ASPHALT","CONCRETE","2025-07-10T09:46:20.000","2025-07-10T09:46:20.000",,,
"B012025191B24","2025071000143203","0079","Renew","006","ISSUED & PRINTED","01","STREET OPENING PERMIT","0162","NYC PARKS - RECONSTRUCTION CONTRACT","2","500","5000","10",,,,"JN REFER TO CEC-12-124","B012025119C05",,,"2025-07-10T09:46:22.000","2025-07-31T00:00:00.000","2025-10-15T23:59:59.000","BROOKLYN",,"EAST   59 STREET","BEVERLY ROAD","CLARENDON ROAD","WILLIAM A. GROSS CONSTRUCTION ASSOCIATES, INC.","Sidewalk reconstruction",,"ASPHALT","CONCRETE","2025-07-10T09:46:22.000","2025-07-10T09:46:22.000",,,
"B012025191B11","2025071000143203","0066","Renew","006","ISSUED & PRINTED","01","STREET OPENING PERMIT","0160P","SIDEWALK RECONSTRUCTION CONTRACTS-PROT","2","500","5000","10",,,,"JN REFER TO CEC-12-124 RCRRM: 7/9/25 MUST COORDINATE WITH DOT MILLING AND PAVING;THE FULL WIDTH OF THE ROADWAY MUST BE FULLY UNOBSTRUCTED WHEN DOT IS ACTIVELY MILLING OR PAVING.","B012025119B48",,,"2025-07-10T09:45:58.000","2025-07-31T00:00:00.000","2025-10-15T23:59:59.000","BROOKLYN",,"EAST   92 STREET","SCHENCK AVENUE","SKIDMORE AVENUE","WILLIAM A. GROSS CONSTRUCTION ASSOCIATES, INC.","Sidewalk reconstruction",,"ASPHALT","CONCRETE","2025-07-10T09:45:57.000","2025-07-10T09:45:57.000",,,
"M032025196A69","2025071501054310","0001","New","030","EXPIRED","03","MANHOLE EMBARGO PERMIT","0303","UTILITY MANHOLE EMBARGO PERMIT",,,,,,,,,,,,"2025-07-15T15:39:00.000","2025-07-15T15:39:07.000","2025-07-16T15:39:07.000","MANHATTAN",,"OLD SLIP","WATER STREET",,"CONSOLIDATED EDISON","759","STEAM",,,"2025-07-15T15:38:59.000","2025-07-17T00:05:09.000",,,
"B012025191B12","2025071000143203","0067","Renew","006","ISSUED & PRINTED","01","STREET OPENING PERMIT","0162","NYC PARKS - RECONSTRUCTION CONTRACT","2","500","5000","10",,,,"JN REFER TO CEC-12-124","B012025119B97",,,"2025-07-10T09:45:59.000","2025-07-31T00:00:00.000","2025-10-15T23:59:59.000","BROOKLYN",,"EAST   59 STREET","SNYDER AVENUE",,"WILLIAM A. GROSS CONSTRUCTION ASSOCIATES, INC.","Sidewalk reconstruction",,"ASPHALT","CONCRETE","2025-07-10T09:45:57.000","2025-07-10T09:45:57.000",,,
"B012025191B64","2025070700678313","0004","New","006","ISSUED & PRINTED","01","STREET OPENING PERMIT","0133","INSTALL TRAFFIC SIGNALS","1","58",,,,,,"DP",,,,"2025-07-10T10:06:19.000","2025-07-10T10:06:19.000","2025-09-30T23:59:59.000","BROOKLYN",,"AVENUE L","EAST   21 STREET","OCEAN AVENUE","WELSBACH ELECTRIC CORP.","INSTALL ELECTRICAL CONDUIT AND POLE FOUNDATIONS E-756K",,"ASPHALT","CONCRETE","2025-07-10T10:06:17.000","2025-07-10T10:06:17.000",,,
"B012025191B13","2025071000143203","0068","Renew","006","ISSUED & PRINTED","01","STREET OPENING PERMIT","0162P","NYC PARKS - RECONSTRUCTION CONTRACT-PROT","2","500","5000","10",,,,"JN REFER TO CEC-12-124 RCRRM: 7/9/25 MUST COORDINATE WITH DOT MILLING AND PAVING;THE FULL WIDTH OF THE ROADWAY MUST BE FULLY UNOBSTRUCTED WHEN DOT IS ACTIVELY MILLING OR PAVING.","B012025119B50",,,"2025-07-10T09:46:02.000","2025-07-31T00:00:00.000","2025-10-15T23:59:59.000","BROOKLYN",,"EAST   92 STREET","SCHENCK AVENUE","SKIDMORE AVENUE","WILLIAM A. GROSS CONSTRUCTION ASSOCIATES, INC.","Sidewalk reconstruction",,"ASPHALT","CONCRETE","2025-07-10T09:46:01.000","2025-07-10T09:46:01.000",,,
"B012025191B14","2025071000143203","0069","Renew","006","ISSUED & PRINTED","01","STREET OPENING PERMIT","0160","SIDEWALK RECONSTRUCTION CONTRACTS","2","500","5000","10",,,,"JN REFER TO CEC-12-124","B012025119B98",,,"2025-07-10T09:46:03.000","2025-07-31T00:00:00.000","2025-10-15T23:59:59.000","BROOKLYN",,"EAST   59 STREET","SNYDER AVENUE","TILDEN AVENUE","WILLIAM A. GROSS CONSTRUCTION ASSOCIATES, INC.","Sidewalk reconstruction",,"ASPHALT","CONCRETE","2025-07-10T09:46:02.000","2025-07-10T09:46:02.000",,,
"B012025191B15","2025071000143203","0070","Renew","006","ISSUED & PRINTED","01","STREET OPENING PERMIT","0162","NYC PARKS - RECONSTRUCTION CONTRACT","2","500","5000","10",,,,"JN REFER TO CEC-12-124","B012025119B99",,,"2025-07-10T09:46:04.000","2025-07-31T00:00:00.000","2025-10-15T23:59:59.000","BROOKLYN",,"EAST   59 STREET","SNYDER AVENUE","TILDEN AVENUE","WILLIAM A. GROSS CONSTRUCTION ASSOCIATES, INC.","Sidewalk reconstruction",,"ASPHALT","CONCRETE","2025-07-10T09:46:02.000","2025-07-10T09:46:02.000",,,
"B162025193A30","2025071200134686","0001","New","030","EXPIRED","16","COMMERCIAL REFUSE CONTAINER PERMIT","1600","COMMERCIAL REFUSE CONTAINER",,,,,,,,,,,,"2025-07-12T16:08:56.000","2025-07-13T00:00:00.000","2025-07-17T23:59:59.000","BROOKLYN","2022","58 STREET","20 AVENUE","21 AVENUE","JV FAST CONSTRUCTION LLC",,,,,"2025-07-12T16:08:53.000","2025-07-18T00:05:11.000",,,
"B012025191B16","2025071000143203","0071","Renew","006","ISSUED & PRINTED","01","STREET OPENING PERMIT","0160","SIDEWALK RECONSTRUCTION CONTRACTS","2","500","5000","10",,,,"JN REFER TO CEC-12-124","B012025119C00",,,"2025-07-10T09:46:08.000","2025-07-31T00:00:00.000","2025-10-15T23:59:59.000","BROOKLYN",,"EAST   59 STREET","TILDEN AVENUE",,"WILLIAM A. GROSS CONSTRUCTION ASSOCIATES, INC.","Sidewalk reconstruction",,"ASPHALT","CONCRETE","2025-07-10T09:46:06.000","2025-07-10T09:46:06.000",,,
"B012025191B17","2025071000143203","0072","Renew","006","ISSUED & PRINTED","01","STREET OPENING PERMIT","0162","NYC PARKS - RECONSTRUCTION CONTRACT","2","500","5000","10",,,,"JN REFER TO CEC-12-124","B012025119C01",,,"2025-07-10T09:46:09.000","2025-07-31T00:00:00.000","2025-10-15T23:59:59.000","BROOKLYN",,"EAST   59 STREET","TILDEN AVENUE",,"WILLIAM A. GROSS CONSTRUCTION ASSOCIATES, INC.","Sidewalk reconstruction",,"ASPHALT","CONCRETE","2025-07-10T09:46:07.000","2025-07-10T09:46:07.000",,,
"B012025191B18","2025071000143203","0073","Renew","006","ISSUED & PRINTED","01","STREET OPENING PERMIT","0160","SIDEWALK RECONSTRUCTION CONTRACTS","2","500","5000","10",,,,"JN REFER TO CEC-12-124","B012025119C02",,,"2025-07-10T09:46:14.000","2025-07-31T00:00:00.000","2025-10-15T23:59:59.000","BROOKLYN",,"EAST   59 STREET","BEVERLY ROAD","TILDEN AVENUE","WILLIAM A. GROSS CONSTRUCTION ASSOCIATES, INC.","Sidewalk reconstruction",,"ASPHALT","CONCRETE","2025-07-10T09:46:13.000","2025-07-10T09:46:13.000",,,
"B012025191B19","2025071000143203","0074","Renew","006","ISSUED & PRINTED","01","STREET OPENING PERMIT","0160","SIDEWALK RECONSTRUCTION CONTRACTS","2","500","5000","10",,,,"JN REFER TO CEC-12-124","B012025119B44",,,"2025-07-10T09:46:16.000","2025-07-31T00:00:00.000","2025-10-15T23:59:59.000","BROOKLYN",,"EAST   99 STREET","AVENUE N","SEAVIEW AVENUE","WILLIAM A. GROSS CONSTRUCTION ASSOCIATES, INC.","Sidewalk reconstruction",,"ASPHALT","CONCRETE","2025-07-10T09:46:15.000","2025-07-10T09:46:15.000",,,
"B162025195A10","2025071400056420","0001","New","030","EXPIRED","16","COMMERCIAL REFUSE CONTAINER PERMIT","1600","COMMERCIAL REFUSE CONTAINER",,,,,,,,,,,,"2025-07-14T07:21:37.000","2025-07-14T07:21:37.000","2025-07-18T23:59:59.000","BROOKLYN","301","18 STREET","5 AVENUE","6 AVENUE","J&T BRO, INC.",,,,,"2025-07-14T07:21:36.000","2025-07-19T00:05:09.000",,,
"B012025191B20","2025071000143203","0075","Renew","006","ISSUED & PRINTED","01","STREET OPENING PERMIT","0162","NYC PARKS - RECONSTRUCTION CONTRACT","2","500","5000","10",,,,"JN REFER TO CEC-12-124","B012025119C03",,,"2025-07-10T09:46:18.000","2025-07-31T00:00:00.000","2025-10-15T23:59:59.000","BROOKLYN",,"EAST   59 STREET","BEVERLY ROAD","TILDEN AVENUE","WILLIAM A. GROSS CONSTRUCTION ASSOCIATES, INC.","Sidewalk reconstruction",,"ASPHALT","CONCRETE","2025-07-10T09:46:17.000","2025-07-10T09:46:17.000",,,
"B012025191B21","2025071000143203","0076","Renew","006","ISSUED & PRINTED","01","STREET OPENING PERMIT","0162","NYC PARKS - RECONSTRUCTION CONTRACT","2","500","5000","10",,,,"JN REFER TO CEC-12-124","B012025119B45",,,"2025-07-10T09:46:19.000","2025-07-31T00:00:00.000","2025-10-15T23:59:59.000","BROOKLYN",,"EAST   99 STREET","AVENUE N","SEAVIEW AVENUE","WILLIAM A. GROSS CONSTRUCTION ASSOCIATES, INC.","Sidewalk reconstruction",,"ASPHALT","CONCRETE","2025-07-10T09:46:18.000","2025-07-10T09:46:18.000",,,
"B012025191B37","2025071000143203","0092","Renew","006","ISSUED & PRINTED","01","STREET OPENING PERMIT","0160","SIDEWALK RECONSTRUCTION CONTRACTS","2","500","5000","10",,,,"JN REFER TO CEC-12-124","B012025119B55",,,"2025-07-10T09:46:42.000","2025-07-31T00:00:00.000","2025-10-15T23:59:59.000","BROOKLYN",,"CONEY ISLAND AVENUE","DESMOND COURT",,"WILLIAM A. GROSS CONSTRUCTION ASSOCIATES, INC.","Sidewalk reconstruction",,"ASPHALT","CONCRETE","2025-07-10T09:46:40.000","2025-07-10T09:46:40.000",,,
"B012025191B22","2025071000143203","0077","Renew","006","ISSUED & PRINTED","01","STREET OPENING PERMIT","0162","NYC PARKS - RECONSTRUCTION CONTRACT","2","500","5000","10",,,,"JN REFER TO CEC-12-124. RCRRM: 4/24/25 MUST COORDINATE WITH DOT MILLING AND PAVING;THE FULL WIDTH OF THE ROADWAY MUST BE FULLY UNOBSTRUCTED WHEN DOT IS ACTIVELY MILLING OR PAVING.","B012025119B46",,,"2025-07-10T09:46:21.000","2025-07-31T00:00:00.000","2025-10-15T23:59:59.000","BROOKLYN",,"BERGEN STREET","HOPKINSON AVENUE","SARATOGA AVENUE","WILLIAM A. GROSS CONSTRUCTION ASSOCIATES, INC.","Sidewalk reconstruction",,"ASPHALT","CONCRETE","2025-07-10T09:46:20.000","2025-07-10T09:46:20.000",,,
"B012025196A14","2025071100327176","0002","New","006","ISSUED & PRINTED","01","STREET OPENING PERMIT","0162","NYC PARKS - RECONSTRUCTION CONTRACT","2","500","5000","10",,,,"IL. CEC-12-124.",,,,"2025-07-15T08:07:27.000","2025-07-15T08:07:27.000","2025-10-08T23:59:59.000","BROOKLYN","1310","DE KALB AVENUE","EVERGREEN AVENUE","MYRTLE AVENUE","WILLIAM A. GROSS CONSTRUCTION ASSOCIATES, INC.","Sidewalk reconstruction",,"ASPHALT","CONCRETE","2025-07-15T08:07:25.000","2025-07-15T08:07:25.000",,,
"B012025191B26","2025071000143203","0081","Renew","006","ISSUED & PRINTED","01","STREET OPENING PERMIT","0162P","NYC PARKS - RECONSTRUCTION CONTRACT-PROT","2","500","5000","10",,,,"JN REFER TO CEC-12-124","B012025119B49",,,"2025-07-10T09:46:24.000","2025-07-31T00:00:00.000","2025-10-15T23:59:59.000","BROOKLYN",,"EAST   94 STREET","AVENUE N","BEND","WILLIAM A. GROSS CONSTRUCTION ASSOCIATES, INC.","Sidewalk reconstruction",,"ASPHALT","CONCRETE","2025-07-10T09:46:25.000","2025-07-10T09:46:25.000",,,
"B012025191B62","2025070700678313","0002","New","006","ISSUED & PRINTED","01","STREET OPENING PERMIT","0133","INSTALL TRAFFIC SIGNALS","1","58",,,,,,"DP",,,,"2025-07-10T10:06:18.000","2025-07-10T10:06:18.000","2025-09-30T23:59:59.000","BROOKLYN",,"AVENUE L","EAST   19 STREET","OCEAN AVENUE","WELSBACH ELECTRIC CORP.","INSTALL ELECTRICAL CONDUIT AND POLE FOUNDATIONS E-756K",,"ASPHALT","CONCRETE","2025-07-10T10:06:17.000","2025-07-10T10:06:17.000",,,
"B012025191B27","2025071000143203","0082","Renew","006","ISSUED & PRINTED","01","STREET OPENING PERMIT","0160","SIDEWALK RECONSTRUCTION CONTRACTS","2","500","5000","10",,,,"JN REFER TO CEC-12-124","B012025119C06",,,"2025-07-10T09:46:27.000","2025-07-31T00:00:00.000","2025-10-15T23:59:59.000","BROOKLYN",,"EAST   59 STREET","CLARENDON ROAD","DEAD END","WILLIAM A. GROSS CONSTRUCTION ASSOCIATES, INC.","Sidewalk reconstruction",,"ASPHALT","CONCRETE","2025-07-10T09:46:26.000","2025-07-10T09:46:26.000",,,
"B012025191B28","2025071000143203","0083","Renew","006","ISSUED & PRINTED","01","STREET OPENING PERMIT","0162","NYC PARKS - RECONSTRUCTION CONTRACT","2","500","5000","10",,,,"JN REFER TO CEC-12-124","B012025119C07",,,"2025-07-10T09:46:29.000","2025-07-31T00:00:00.000","2025-10-15T23:59:59.000","BROOKLYN",,"EAST   59 STREET","CLARENDON ROAD","DEAD END","WILLIAM A. GROSS CONSTRUCTION ASSOCIATES, INC.","Sidewalk reconstruction",,"ASPHALT","CONCRETE","2025-07-10T09:46:28.000","2025-07-10T09:46:28.000",,,
"B012025191B29","2025071000143203","0084","Renew","006","ISSUED & PRINTED","01","STREET OPENING PERMIT","0160","SIDEWALK RECONSTRUCTION CONTRACTS","2","500","5000","10",,,,"JN REFER TO CEC-12-124","B012025119B51",,,"2025-07-10T09:46:30.000","2025-07-31T00:00:00.000","2025-10-15T23:59:59.000","BROOKLYN",,"EAST   95 STREET","AVENUE L","AVENUE M","WILLIAM A. GROSS CONSTRUCTION ASSOCIATES, INC.","Sidewalk reconstruction",,"ASPHALT","CONCRETE","2025-07-10T09:46:29.000","2025-07-10T09:46:29.000",,,
"B012025191B30","2025071000143203","0085","Renew","006","ISSUED & PRINTED","01","STREET OPENING PERMIT","0162","NYC PARKS - RECONSTRUCTION CONTRACT","2","500","5000","10",,,,"JN REFER TO CEC-12-124","B012025119B52",,,"2025-07-10T09:46:31.000","2025-07-31T00:00:00.000","2025-10-15T23:59:59.000","BROOKLYN",,"EAST   95 STREET","AVENUE L","AVENUE M","WILLIAM A. GROSS CONSTRUCTION ASSOCIATES, INC.","Sidewalk reconstruction",,"ASPHALT","CONCRETE","2025-07-10T09:46:29.000","2025-07-10T09:46:29.000",,,
"B012025191B31","2025071000143203","0086","Renew","006","ISSUED & PRINTED","01","STREET OPENING PERMIT","0160","SIDEWALK RECONSTRUCTION CONTRACTS","2","500","5000","10",,,,"JN REFER TO CEC-12-124","B012025119C08",,,"2025-07-10T09:46:31.000","2025-07-31T00:00:00.000","2025-10-15T23:59:59.000","BROOKLYN",,"EAST   59 STREET","CHURCH AVENUE","KINGS HIGHWAY","WILLIAM A. GROSS CONSTRUCTION ASSOCIATES, INC.","Sidewalk reconstruction",,"ASPHALT","CONCRETE","2025-07-10T09:46:30.000","2025-07-10T09:46:30.000",,,
"B012025191B32","2025071000143203","0087","Renew","006","ISSUED & PRINTED","01","STREET OPENING PERMIT","0160","SIDEWALK RECONSTRUCTION CONTRACTS","2","500","5000","10",,,,"JN REFER TO CEC-12-124","B012025119B53",,,"2025-07-10T09:46:36.000","2025-07-31T00:00:00.000","2025-10-15T23:59:59.000","BROOKLYN",,"DESMOND COURT","EAST    7 STREET",,"WILLIAM A. GROSS CONSTRUCTION ASSOCIATES, INC.","Sidewalk reconstruction",,"ASPHALT","CONCRETE","2025-07-10T09:46:35.000","2025-07-10T09:46:35.000",,,
"B012025191B33","2025071000143203","0088","Renew","006","ISSUED & PRINTED","01","STREET OPENING PERMIT","0162","NYC PARKS - RECONSTRUCTION CONTRACT","2","500","5000","10",,,,"JN REFER TO CEC-12-124","B012025119C09",,,"2025-07-10T09:46:40.000","2025-07-31T00:00:00.000","2025-10-15T23:59:59.000","BROOKLYN",,"EAST   59 STREET","CHURCH AVENUE","KINGS HIGHWAY","WILLIAM A. GROSS CONSTRUCTION ASSOCIATES, INC.","Sidewalk reconstruction",,"ASPHALT","CONCRETE","2025-07-10T09:46:38.000","2025-07-10T09:46:38.000",,,
"B012025191B89","2025070700687353","0002","New","006","ISSUED & PRINTED","01","STREET OPENING PERMIT","0133","INSTALL TRAFFIC SIGNALS","1","58",,,,,,"DP",,,,"2025-07-10T10:26:23.000","2025-07-10T10:26:23.000","2025-09-30T23:59:59.000","BROOKLYN",,"AVENUE M","EAST   21 STREET","OCEAN AVENUE","WELSBACH ELECTRIC CORP.","INSTALL ELECTRICAL CONDUIT AND POLE FOUNDATIONS E-757K",,"ASPHALT","CONCRETE","2025-07-10T10:26:22.000","2025-07-10T10:26:22.000",,,
"B012025191B34","2025071000143203","0089","Renew","006","ISSUED & PRINTED","01","STREET OPENING PERMIT","0160","SIDEWALK RECONSTRUCTION CONTRACTS","2","500","5000","10",,,,"JN REFER TO CEC-12-124","B012025119C10",,,"2025-07-10T09:46:40.000","2025-07-31T00:00:00.000","2025-10-15T23:59:59.000","BROOKLYN","100","EAST   59 STREET","CHURCH AVENUE","SNYDER AVENUE","WILLIAM A. GROSS CONSTRUCTION ASSOCIATES, INC.","Sidewalk reconstruction",,"ASPHALT","CONCRETE","2025-07-10T09:46:39.000","2025-07-10T09:46:39.000",,,
"B012025191B35","2025071000143203","0090","Renew","006","ISSUED & PRINTED","01","STREET OPENING PERMIT","0160","SIDEWALK RECONSTRUCTION CONTRACTS","2","500","5000","10",,,,"JN REFER TO CEC-12-124","B012025119B54",,,"2025-07-10T09:46:40.000","2025-07-31T00:00:00.000","2025-10-15T23:59:59.000","BROOKLYN",,"DESMOND COURT","CONEY ISLAND AVENUE","EAST    7 STREET","WILLIAM A. GROSS CONSTRUCTION ASSOCIATES, INC.","Sidewalk reconstruction",,"ASPHALT","CONCRETE","2025-07-10T09:46:39.000","2025-07-10T09:46:39.000",,,
"B012025191C60","2025071000137026","0056","Renew","006","ISSUED & PRINTED","01","STREET OPENING PERMIT","0162","NYC PARKS - RECONSTRUCTION CONTRACT","2","500","5000","10",,,,"JN REFER TO CEC-12-124","B012025119C66",,,"2025-07-10T11:03:12.000","2025-07-31T00:00:00.000","2025-10-15T23:59:59.000","BROOKLYN",,"OCEAN AVENUE","SHORE BOULEVARD",,"WILLIAM A. GROSS CONSTRUCTION ASSOCIATES, INC.","Sidewalk reconstruction",,"ASPHALT","CONCRETE","2025-07-10T11:03:11.000","2025-07-10T11:03:11.000",,,
"B012025191B36","2025071000143203","0091","Renew","006","ISSUED & PRINTED","01","STREET OPENING PERMIT","0162","NYC PARKS - RECONSTRUCTION CONTRACT","2","500","5000","10",,,,"JN REFER TO CEC-12-124","B012025119C11",,,"2025-07-10T09:46:40.000","2025-07-31T00:00:00.000","2025-10-15T23:59:59.000","BROOKLYN","100","EAST   59 STREET","CHURCH AVENUE","SNYDER AVENUE","WILLIAM A. GROSS CONSTRUCTION ASSOCIATES, INC.","Sidewalk reconstruction",,"ASPHALT","CONCRETE","2025-07-10T09:46:39.000","2025-07-10T09:46:39.000",,,
"B012025191B38","2025071000143203","0093","Renew","006","ISSUED & PRINTED","01","STREET OPENING PERMIT","0160P","SIDEWALK RECONSTRUCTION CONTRACTS-PROT","2","500","5000","10",,,,"JN REFER TO CEC-12-124","B012025119B56",,,"2025-07-10T09:46:43.000","2025-07-31T00:00:00.000","2025-10-15T23:59:59.000","BROOKLYN",,"EAST   91 STREET","AVENUE L","AVENUE M","WILLIAM A. GROSS CONSTRUCTION ASSOCIATES, INC.","Sidewalk reconstruction",,"ASPHALT","CONCRETE","2025-07-10T09:46:42.000","2025-07-10T09:46:42.000",,,
"B012025191B39","2025071000143203","0094","Renew","006","ISSUED & PRINTED","01","STREET OPENING PERMIT","0162","NYC PARKS - RECONSTRUCTION CONTRACT","2","500","5000","10",,,,"JN REFER TO CEC-12-124","B012025119B57",,,"2025-07-10T09:46:45.000","2025-07-31T00:00:00.000","2025-10-15T23:59:59.000","BROOKLYN",,"DITMAS AVENUE","EAST   58 STREET","EAST   59 STREET","WILLIAM A. GROSS CONSTRUCTION ASSOCIATES, INC.","Sidewalk reconstruction",,"ASPHALT","CONCRETE","2025-07-10T09:46:44.000","2025-07-10T09:46:44.000",,,
"B012025191B40","2025071000143203","0095","Renew","006","ISSUED & PRINTED","01","STREET OPENING PERMIT","0162P","NYC PARKS - RECONSTRUCTION CONTRACT-PROT","2","500","5000","10",,,,"JN REFER TO CEC-12-124","B012025119B58",,,"2025-07-10T09:46:45.000","2025-07-31T00:00:00.000","2025-10-15T23:59:59.000","BROOKLYN",,"EAST   91 STREET","AVENUE L","AVENUE M","WILLIAM A. GROSS CONSTRUCTION ASSOCIATES, INC.","Sidewalk reconstruction",,"ASPHALT","CONCRETE","2025-07-10T09:46:44.000","2025-07-10T09:46:44.000",,,
"B012025191B41","2025071000143203","0096","Renew","006","ISSUED & PRINTED","01","STREET OPENING PERMIT","0162","NYC PARKS - RECONSTRUCTION CONTRACT","2","500","5000","10",,,,"JN REFER TO CEC-12-124","B012025119B59",,,"2025-07-10T09:46:46.000","2025-07-31T00:00:00.000","2025-10-15T23:59:59.000","BROOKLYN",,"EAST   58 STREET","LINDEN BOULEVARD","REMSEN AVENUE","WILLIAM A. GROSS CONSTRUCTION ASSOCIATES, INC.","Sidewalk reconstruction",,"ASPHALT","CONCRETE","2025-07-10T09:46:44.000","2025-07-10T09:46:44.000",,,
"B012025191B42","2025071000143203","0097","Renew","006","ISSUED & PRINTED","01","STREET OPENING PERMIT","0160P","SIDEWALK RECONSTRUCTION CONTRACTS-PROT","2","500","5000","10",,,,"JN REFER TO CEC-12-124","B012025119B60",,,"2025-07-10T09:46:46.000","2025-07-31T00:00:00.000","2025-10-15T23:59:59.000","BROOKLYN",,"EAST   94 STREET","AVENUE J","AVENUE K","WILLIAM A. GROSS CONSTRUCTION ASSOCIATES, INC.","Sidewalk reconstruction",,"ASPHALT","CONCRETE","2025-07-10T09:46:45.000","2025-07-10T09:46:45.000",,,
"B012025191B43","2025071000143203","0098","Renew","006","ISSUED & PRINTED","01","STREET OPENING PERMIT","0162P","NYC PARKS - RECONSTRUCTION CONTRACT-PROT","2","500","5000","10",,,,"JN REFER TO CEC-12-124","B012025119B61",,,"2025-07-10T09:46:46.000","2025-07-31T00:00:00.000","2025-10-15T23:59:59.000","BROOKLYN",,"EAST   94 STREET","AVENUE J","AVENUE K","WILLIAM A. GROSS CONSTRUCTION ASSOCIATES, INC.","Sidewalk reconstruction",,"ASPHALT","CONCRETE","2025-07-10T09:46:45.000","2025-07-10T09:46:45.000",,,
"B012025191B70","2025070700672800","0005","New","006","ISSUED & PRINTED","01","STREET OPENING PERMIT","0133","INSTALL TRAFFIC SIGNALS","1","54",,,,,,"DP",,,,"2025-07-10T10:06:48.000","2025-07-10T10:06:48.000","2025-09-30T23:59:59.000","BROOKLYN",,"EAST   18 STREET","AVENUE K","AVENUE L","WELSBACH ELECTRIC CORP.","INSTALL ELECTRICAL CONDUIT AND POLE FOUNDATIONS E-755K",,"ASPHALT","CONCRETE","2025-07-10T10:06:47.000","2025-07-10T10:06:47.000",,,
"B012025191C23","2025071000137026","0019","Renew","006","ISSUED & PRINTED","01","STREET OPENING PERMIT","0162","NYC PARKS - RECONSTRUCTION CONTRACT","2","500","5000","10",,,,"JN REFER TO CEC-12-124","B012025119C46",,,"2025-07-10T11:02:35.000","2025-07-31T00:00:00.000","2025-10-15T23:59:59.000","BROOKLYN",,"BRAGG STREET","SHORE PARKWAY",,"WILLIAM A. GROSS CONSTRUCTION ASSOCIATES, INC.","Sidewalk reconstruction",,"ASPHALT","CONCRETE","2025-07-10T11:02:34.000","2025-07-10T11:02:34.000",,,
"B012025191B63","2025070700678313","0003","New","006","ISSUED & PRINTED","01","STREET OPENING PERMIT","0133","INSTALL TRAFFIC SIGNALS","1","58",,,,,,"DP. MUST COORD. WITH NYCT BUS PRIOR TO MOBILIZING. .",,,,"2025-07-10T10:06:18.000","2025-07-10T10:06:18.000","2025-09-30T23:59:59.000","BROOKLYN",,"OCEAN AVENUE","AVENUE K","AVENUE L","WELSBACH ELECTRIC CORP.","INSTALL ELECTRICAL CONDUIT AND POLE FOUNDATIONS E-756K",,"ASPHALT","CONCRETE","2025-07-10T10:06:17.000","2025-07-10T10:06:17.000",,,
"B012025191B44","2025071000143203","0099","Renew","006","ISSUED & PRINTED","01","STREET OPENING PERMIT","0160","SIDEWALK RECONSTRUCTION CONTRACTS","2","500","5000","10",,,,"JN REFER TO CEC-12-124 RCRRM: 7/9/25 MUST COORDINATE WITH DOT MILLING AND PAVING;THE FULL WIDTH OF THE ROADWAY MUST BE FULLY UNOBSTRUCTED WHEN DOT IS ACTIVELY MILLING OR PAVING.","B012025119B62",,,"2025-07-10T09:46:46.000","2025-07-31T00:00:00.000","2025-10-15T23:59:59.000","BROOKLYN",,"EAST    7 STREET","GRAVESEND NECK ROAD",,"WILLIAM A. GROSS CONSTRUCTION ASSOCIATES, INC.","Sidewalk reconstruction",,"ASPHALT","CONCRETE","2025-07-10T09:46:45.000","2025-07-10T09:46:45.000",,,
"B012025191B45","2025071000143203","0100","Renew","006","ISSUED & PRINTED","01","STREET OPENING PERMIT","0160","SIDEWALK RECONSTRUCTION CONTRACTS","2","500","5000","10",,,,"JN REFER TO CEC-12-124","B012025119B63",,,"2025-07-10T09:46:47.000","2025-07-31T00:00:00.000","2025-10-15T23:59:59.000","BROOKLYN",,"GRAVESEND NECK ROAD","EAST    7 STREET","EAST    8 STREET","WILLIAM A. GROSS CONSTRUCTION ASSOCIATES, INC.","Sidewalk reconstruction",,"ASPHALT","CONCRETE","2025-07-10T09:46:45.000","2025-07-10T09:46:45.000",,,
"B012025191B67","2025070700672800","0002","New","006","ISSUED & PRINTED","01","STREET OPENING PERMIT","0133","INSTALL TRAFFIC SIGNALS","1","54",,,,,,"DP",,,,"2025-07-10T10:06:47.000","2025-07-10T10:06:47.000","2025-09-30T23:59:59.000","BROOKLYN",,"AVENUE K","EAST   17 STREET","EAST   18 STREET","WELSBACH ELECTRIC CORP.","INSTALL ELECTRICAL CONDUIT AND POLE FOUNDATIONS E-755K",,"ASPHALT","CONCRETE","2025-07-10T10:06:46.000","2025-07-10T10:06:46.000",,,
"B012025191C33","2025071000137026","0029","Renew","006","ISSUED & PRINTED","01","STREET OPENING PERMIT","0162","NYC PARKS - RECONSTRUCTION CONTRACT","2","500","5000","10",,,,"JN REFER TO CEC-12-124","B012025119C99",,,"2025-07-10T11:02:43.000","2025-07-31T00:00:00.000","2025-10-15T23:59:59.000","BROOKLYN",,"AVENUE Z","BATCHELDER STREET",,"WILLIAM A. GROSS CONSTRUCTION ASSOCIATES, INC.","Sidewalk reconstruction",,"ASPHALT","CONCRETE","2025-07-10T11:02:41.000","2025-07-10T11:02:41.000",,,
"B012025191B46","2025071000143203","0101","Renew","006","ISSUED & PRINTED","01","STREET OPENING PERMIT","0160","SIDEWALK RECONSTRUCTION CONTRACTS","2","500","5000","10",,,,"JN REFER TO CEC-12-124","B012025119B64",,,"2025-07-10T09:46:47.000","2025-07-31T00:00:00.000","2025-10-15T23:59:59.000","BROOKLYN",,"EAST    8 STREET","GRAVESEND NECK ROAD",,"WILLIAM A. GROSS CONSTRUCTION ASSOCIATES, INC.","Sidewalk reconstruction",,"ASPHALT","CONCRETE","2025-07-10T09:46:46.000","2025-07-10T09:46:46.000",,,
"B012025191B47","2025071000143203","0102","Renew","006","ISSUED & PRINTED","01","STREET OPENING PERMIT","0162","NYC PARKS - RECONSTRUCTION CONTRACT","2","500","5000","10",,,,"JN REFER TO CEC-12-124","B012025119B65",,,"2025-07-10T09:46:47.000","2025-07-31T00:00:00.000","2025-10-15T23:59:59.000","BROOKLYN",,"EAST   46 STREET","CHURCH AVENUE","LINDEN BOULEVARD","WILLIAM A. GROSS CONSTRUCTION ASSOCIATES, INC.","Sidewalk reconstruction",,"ASPHALT","CONCRETE","2025-07-10T09:46:46.000","2025-07-10T09:46:46.000",,,
"B012025191B48","2025071000143203","0103","Renew","006","ISSUED & PRINTED","01","STREET OPENING PERMIT","0162","NYC PARKS - RECONSTRUCTION CONTRACT","2","500","5000","10",,,,"JN REFER TO CEC-12-124","B012025119B66",,,"2025-07-10T09:46:47.000","2025-07-31T00:00:00.000","2025-10-15T23:59:59.000","BROOKLYN",,"ALBANY AVENUE","LENOX ROAD","LINDEN BOULEVARD","WILLIAM A. GROSS CONSTRUCTION ASSOCIATES, INC.","Sidewalk reconstruction",,"ASPHALT","CONCRETE","2025-07-10T09:46:46.000","2025-07-10T09:46:46.000",,,
"B012025191B49","2025071000143203","0104","Renew","006","ISSUED & PRINTED","01","STREET OPENING PERMIT","0162","NYC PARKS - RECONSTRUCTION CONTRACT","2","500","5000","10",,,,"JN REFER TO CEC-12-124","B012025119B67",,,"2025-07-10T09:46:53.000","2025-07-31T00:00:00.000","2025-10-15T23:59:59.000","BROOKLYN",,"EAST   55 STREET","CLARKSON AVENUE","REMSEN AVENUE","WILLIAM A. GROSS CONSTRUCTION ASSOCIATES, INC.","Sidewalk reconstruction",,"ASPHALT","CONCRETE","2025-07-10T09:46:52.000","2025-07-10T09:46:52.000",,,
"B162025191A01","2025071000048023","0003","New","030","EXPIRED","16","COMMERCIAL REFUSE CONTAINER PERMIT","1600","COMMERCIAL REFUSE CONTAINER",,,,,,,,,,,,"2025-07-10T07:10:18.000","2025-07-10T07:10:18.000","2025-07-14T23:59:59.000","BROOKLYN","1077-1081","EAST   43 STREET","AVENUE I","AVENUE J","COGENT WASTE SOLUTIONS LLC",,,,,"2025-07-10T07:10:17.000","2025-07-15T00:05:10.000",,,
"B022025195C32","2025071400325890","0002","Reissue","006","ISSUED & PRINTED","02","BUILDING OPERATION PERMIT","0211","OCCUPANCY OF ROADWAY AS STIPULATED",,,,,,,,"JN BNEC-24-204","B022025118C49",,,"2025-07-14T15:38:20.000","2025-07-14T15:38:20.000","2025-10-11T23:59:59.000","BROOKLYN","657-665a","5 AVENUE","19 STREET","20 STREET","SWIFT SERVICES CORP",,,,"CONCRETE","2025-07-14T15:38:18.000","2025-07-14T15:38:18.000",,,
"B012025191C63","2025071000137026","0059","Renew","006","ISSUED & PRINTED","01","STREET OPENING PERMIT","0162","NYC PARKS - RECONSTRUCTION CONTRACT","2","500","5000","10",,,,"JN REFER TO CEC-12-124","B012025119C29",,,"2025-07-10T11:03:13.000","2025-07-31T00:00:00.000","2025-10-15T23:59:59.000","BROOKLYN",,"AVENUE S","EAST   38 STREET","RYDER STREET","WILLIAM A. GROSS CONSTRUCTION ASSOCIATES, INC.","Sidewalk reconstruction",,"ASPHALT","CONCRETE","2025-07-10T11:03:11.000","2025-07-10T11:03:11.000",,,
"B012025191C64","2025071000137026","0060","Renew","006","ISSUED & PRINTED","01","STREET OPENING PERMIT","0162","NYC PARKS - RECONSTRUCTION CONTRACT","2","500","5000","10",,,,"JN REFER TO CEC-12-124","B012025119C68",,,"2025-07-10T11:03:13.000","2025-07-31T00:00:00.000","2025-10-15T23:59:59.000","BROOKLYN",,"HAMPTON AVENUE","OCEAN AVENUE",,"WILLIAM A. GROSS CONSTRUCTION ASSOCIATES, INC.","Sidewalk reconstruction",,"ASPHALT","CONCRETE","2025-07-10T11:03:12.000","2025-07-10T11:03:12.000",,,
"B012025191D00","2025071000137026","0096","Renew","006","ISSUED & PRINTED","01","STREET OPENING PERMIT","0162","NYC PARKS - RECONSTRUCTION CONTRACT","2","500","5000","10",,,,"JN REFER TO CEC-12-124","B012025119C88",,,"2025-07-10T11:04:23.000","2025-07-31T00:00:00.000","2025-10-15T23:59:59.000","BROOKLYN",,"CONEY ISLAND AVENUE","DESMOND COURT",,"WILLIAM A. GROSS CONSTRUCTION ASSOCIATES, INC.","Sidewalk reconstruction",,"ASPHALT","CONCRETE","2025-07-10T11:04:22.000","2025-07-10T11:04:22.000",,,
"B012025191D13","2025071000137026","0109","Renew","006","ISSUED & PRINTED","01","STREET OPENING PERMIT","0160","SIDEWALK RECONSTRUCTION CONTRACTS","2","500","5000","10",,,,"JN REFER TO CEC-12-124","B012025119C15",,,"2025-07-10T11:04:27.000","2025-07-31T00:00:00.000","2025-10-15T23:59:59.000","BROOKLYN",,"ALBANY AVENUE","LENOX ROAD","LINDEN BOULEVARD","WILLIAM A. GROSS CONSTRUCTION ASSOCIATES, INC.","Sidewalk reconstruction",,"ASPHALT","CONCRETE","2025-07-10T11:04:25.000","2025-07-10T11:04:25.000",,,
"B012025191D14","2025071000137026","0110","Renew","006","ISSUED & PRINTED","01","STREET OPENING PERMIT","0160","SIDEWALK RECONSTRUCTION CONTRACTS","2","500","5000","10",,,,"JN REFER TO CEC-12-124","B012025119C16",,,"2025-07-10T11:04:27.000","2025-07-31T00:00:00.000","2025-10-15T23:59:59.000","BROOKLYN",,"EAST   55 STREET","CLARKSON AVENUE","REMSEN AVENUE","WILLIAM A. GROSS CONSTRUCTION ASSOCIATES, INC.","Sidewalk reconstruction",,"ASPHALT","CONCRETE","2025-07-10T11:04:26.000","2025-07-10T11:04:26.000",,,
"B012025191D65","2025071000123326","0049","Renew","006","ISSUED & PRINTED","01","STREET OPENING PERMIT","0160","SIDEWALK RECONSTRUCTION CONTRACTS","2","500","5000","10",,,,"JN REFER TO CEC-12-124","B012025119D74",,,"2025-07-10T11:17:01.000","2025-07-31T00:00:00.000","2025-10-15T23:59:59.000","BROOKLYN",,"EAST   10 STREET","AVENUE R","KINGS HIGHWAY","WILLIAM A. GROSS CONSTRUCTION ASSOCIATES, INC.","Sidewalk reconstruction",,"ASPHALT","CONCRETE","2025-07-10T11:17:00.000","2025-07-10T11:17:00.000",,,
"B012025191B93","2025070700660043","0002","New","020","EXPIRED UNDER GUARANTEE","01","STREET OPENING PERMIT","0133P","INSTALL TRAFFIC SIGNALS - PROTECTED","1","52",,,,,,"DP. MUST COORD. WITH NYCT BUS PRIOR TO MOBILIZING. ALSO, DO NOT BLOCK BUS LANE AT ANYTIME.",,"B012025196A49",,"2025-07-10T10:26:41.000","2025-07-10T10:26:41.000","2025-09-30T23:59:59.000","BROOKLYN",,"GLENWOOD ROAD","EAST   96 STREET","ROCKAWAY PARKWAY","WELSBACH ELECTRIC CORP.","INSTALL ELECTRICAL CONDUIT AND POLE FOUNDATIONS E-748K",,"ASPHALT","BLUE STONE (SOME LANDMARK SWK)","2025-07-10T10:26:40.000","2025-07-16T00:05:24.000",,,
"B012025191B57","2025070300338100","0001","New","010","DELINQUENT CONFIRMATION","01","STREET OPENING PERMIT","0118P","RESET, REPAIR OR REPLACE CURB-PROTECTED","1","22",,,,,,"IL.",,,,"2025-07-10T10:03:14.000","2025-07-10T10:03:14.000","2025-07-12T23:59:59.000","BROOKLYN","124","PULASKI STREET","MARCY AVENUE","TOMPKINS AVENUE","CORNERSTONE BUILDERS NY LLC",,,"ASPHALT","CONCRETE","2025-07-10T10:03:13.000","2025-07-13T00:05:23.000",,,
"B012025191B58","2025070300338100","0002","New","010","DELINQUENT CONFIRMATION","01","STREET OPENING PERMIT","0119P","PAVE STREET-W/ ENGINEERING & INSP FEE-P","1","22",,,,,,"IL.",,,,"2025-07-10T10:03:14.000","2025-07-10T10:03:14.000","2025-07-12T23:59:59.000","BROOKLYN","124","PULASKI STREET","MARCY AVENUE","TOMPKINS AVENUE","CORNERSTONE BUILDERS NY LLC",,,"ASPHALT","CONCRETE","2025-07-10T10:03:13.000","2025-07-13T00:05:23.000",,,
"B012025191B65","2025070700678313","0005","New","006","ISSUED & PRINTED","01","STREET OPENING PERMIT","0133","INSTALL TRAFFIC SIGNALS","1","58",,,,,,"DP. MUST COORD. WITH NYCT BUS PRIOR TO MOBILIZING. .",,,,"2025-07-10T10:06:19.000","2025-07-10T10:06:19.000","2025-09-30T23:59:59.000","BROOKLYN",,"OCEAN AVENUE","AVENUE L","AVENUE M","WELSBACH ELECTRIC CORP.","INSTALL ELECTRICAL CONDUIT AND POLE FOUNDATIONS E-756K",,"ASPHALT","CONCRETE","2025-07-10T10:06:17.000","2025-07-10T10:06:17.000",,,
"B012025191B68","2025070700672800","0003","New","006","ISSUED & PRINTED","01","STREET OPENING PERMIT","0133","INSTALL TRAFFIC SIGNALS","1","54",,,,,,"DP",,,,"2025-07-10T10:06:47.000","2025-07-10T10:06:47.000","2025-09-30T23:59:59.000","BROOKLYN",,"AVENUE K","EAST   18 STREET","EAST   19 STREET","WELSBACH ELECTRIC CORP.","INSTALL ELECTRICAL CONDUIT AND POLE FOUNDATIONS E-755K",,"ASPHALT","CONCRETE","2025-07-10T10:06:46.000","2025-07-10T10:06:46.000",,,
"B012025191C56","2025071000137026","0052","Renew","006","ISSUED & PRINTED","01","STREET OPENING PERMIT","0160","SIDEWALK RECONSTRUCTION CONTRACTS","2","500","5000","10",,,,"JN REFER TO CEC-12-124","B012025119C26",,,"2025-07-10T11:03:07.000","2025-07-31T00:00:00.000","2025-10-15T23:59:59.000","BROOKLYN",,"HENDRICKSON STREET","AVENUE S","FILLMORE AVENUE","WILLIAM A. GROSS CONSTRUCTION ASSOCIATES, INC.","Sidewalk reconstruction",,"ASPHALT","CONCRETE","2025-07-10T11:03:06.000","2025-07-10T11:03:06.000",,,
"B152025192A31","2025071100234853","0013","New","030","EXPIRED","15","DOT IN-HOUSE PAVING AND MILLING","1501","DOT IN-HOUSE PAVING",,,,,,,,,,,,"2025-07-11T09:28:01.000","2025-07-14T00:00:00.000","2025-07-18T23:59:59.000","BROOKLYN",,"METROPOLITAN AVENUE","MORGAN AVENUE",,"NYC DEPT OF TRANSPORTATION","PAVING","SEGMENT AND INTERSECTION",,,"2025-07-11T09:27:59.000","2025-07-19T00:05:09.000",,,
"B012025191C32","2025071000137026","0028","Renew","006","ISSUED & PRINTED","01","STREET OPENING PERMIT","0162","NYC PARKS - RECONSTRUCTION CONTRACT","2","500","5000","10",,,,"JN REFER TO CEC-12-124","B012025119C51",,,"2025-07-10T11:02:41.000","2025-07-31T00:00:00.000","2025-10-15T23:59:59.000","BROOKLYN",,"WEST    5 STREET","AVENUE V","LAKE PLACE","WILLIAM A. GROSS CONSTRUCTION ASSOCIATES, INC.","Sidewalk reconstruction",,"ASPHALT","CONCRETE","2025-07-10T11:02:40.000","2025-07-10T11:02:40.000",,,
"B012025191C37","2025071000137026","0033","Renew","006","ISSUED & PRINTED","01","STREET OPENING PERMIT","0162P","NYC PARKS - RECONSTRUCTION CONTRACT-PROT","2","500","5000","10",,,,"JN REFER TO CEC-12-124","B012025119D03",,,"2025-07-10T11:02:49.000","2025-07-31T00:00:00.000","2025-10-15T23:59:59.000","BROOKLYN",,"EAST   14 STREET","AVENUE U","AVENUE V","WILLIAM A. GROSS CONSTRUCTION ASSOCIATES, INC.","Sidewalk reconstruction",,"ASPHALT","CONCRETE","2025-07-10T11:02:48.000","2025-07-10T11:02:48.000",,,
"B012025191B96","2025070700660043","0005","New","020","EXPIRED UNDER GUARANTEE","01","STREET OPENING PERMIT","0133P","INSTALL TRAFFIC SIGNALS - PROTECTED","1","52",,,,,,"DP. MUST COORD. WITH NYCT BUS PRIOR TO MOBILIZING. ALSO, DO NOT BLOCK BUS LANE AT ANYTIME.",,"B012025196A52",,"2025-07-10T10:26:42.000","2025-07-10T10:26:42.000","2025-09-30T23:59:59.000","BROOKLYN",,"ROCKAWAY PARKWAY","GLENWOOD ROAD","SMITHS LANE","WELSBACH ELECTRIC CORP.","INSTALL ELECTRICAL CONDUIT AND POLE FOUNDATIONS E-748K",,"ASPHALT","BLUE STONE (SOME LANDMARK SWK)","2025-07-10T10:26:41.000","2025-07-16T00:05:24.000",,,
"B012025191B90","2025070700687353","0003","New","006","ISSUED & PRINTED","01","STREET OPENING PERMIT","0133","INSTALL TRAFFIC SIGNALS","1","58",,,,,,"DP. MUST COORD. WITH NYCT BUS PRIOR TO MOBILIZING. .",,,,"2025-07-10T10:26:23.000","2025-07-10T10:26:23.000","2025-09-30T23:59:59.000","BROOKLYN",,"OCEAN AVENUE","AVENUE L","AVENUE M","WELSBACH ELECTRIC CORP.","INSTALL ELECTRICAL CONDUIT AND POLE FOUNDATIONS E-757K",,"ASPHALT","CONCRETE","2025-07-10T10:26:22.000","2025-07-10T10:26:22.000",,,
"B012025191B91","2025070700687353","0005","New","006","ISSUED & PRINTED","01","STREET OPENING PERMIT","0133","INSTALL TRAFFIC SIGNALS","1","58",,,,,,"DP. MUST COORD. WITH NYCT BUS PRIOR TO MOBILIZING. .",,,,"2025-07-10T10:26:23.000","2025-07-10T10:26:23.000","2025-09-30T23:59:59.000","BROOKLYN",,"OCEAN AVENUE","AVENUE M","BAY AVENUE","WELSBACH ELECTRIC CORP.","INSTALL ELECTRICAL CONDUIT AND POLE FOUNDATIONS E-757K",,"ASPHALT","CONCRETE","2025-07-10T10:26:22.000","2025-07-10T10:26:22.000",,,
"B012025191C07","2025071000137026","0003","Renew","006","ISSUED & PRINTED","01","STREET OPENING PERMIT","0160","SIDEWALK RECONSTRUCTION CONTRACTS","2","500","5000","10",,,,"JN REFER TO CEC-12-124","B012025119D24",,,"2025-07-10T11:02:26.000","2025-07-31T00:00:00.000","2025-10-15T23:59:59.000","BROOKLYN",,"EAST   55 STREET","CLARKSON AVENUE","REMSEN AVENUE","WILLIAM A. GROSS CONSTRUCTION ASSOCIATES, INC.","Sidewalk reconstruction",,"ASPHALT","CONCRETE","2025-07-10T11:02:25.000","2025-07-10T11:02:25.000",,,
"B162025190A36","2025070900630353","0001","New","030","EXPIRED","16","COMMERCIAL REFUSE CONTAINER PERMIT","1600","COMMERCIAL REFUSE CONTAINER",,,,,,,,,,,,"2025-07-09T12:55:16.000","2025-07-09T12:55:16.000","2025-07-13T23:59:59.000","BROOKLYN","54","EAST    4 STREET","GREENWOOD AVENUE","VANDERBILT STREET","PLANET WASTE SERVICES, INC.",,,,,"2025-07-09T12:55:15.000","2025-07-14T00:05:10.000",,,
"B012025196C25","2025071500422160","0016","New","006","ISSUED & PRINTED","01","STREET OPENING PERMIT","0162P","NYC PARKS - RECONSTRUCTION CONTRACT-PROT","2","500","5000","10",,,,"DP. AS PER CEC-124A",,,,"2025-07-15T14:21:36.000","2025-07-15T14:21:36.000","2025-10-12T23:59:59.000","BROOKLYN",,"AVENUE K","EAST   51 STREET","UTICA AVENUE","WILLIAM A. GROSS CONSTRUCTION ASSOCIATES, INC.","Sidewalk reconstruction",,"ASPHALT","CONCRETE","2025-07-15T14:21:36.000","2025-07-15T14:21:36.000",,,
"B012025191B92","2025070700660043","0001","New","020","EXPIRED UNDER GUARANTEE","01","STREET OPENING PERMIT","0133P","INSTALL TRAFFIC SIGNALS - PROTECTED","1","52",,,,,,"DP. MUST COORD. WITH NYCT BUS PRIOR TO MOBILIZING. ALSO, DO NOT BLOCK BUS LANE AT ANYTIME.RCRRM: 7/9/25 MUST COORDINATE WITH DOT MILLING AND PAVING;THE FULL WIDTH OF THE ROADWAY MUST BE FULLY UNOBSTRUCTED WHEN DOT IS ACTIVELY MILLING OR PAVING.",,"B012025196A48",,"2025-07-10T10:26:41.000","2025-07-10T10:26:41.000","2025-09-30T23:59:59.000","BROOKLYN",,"GLENWOOD ROAD","ROCKAWAY PARKWAY",,"WELSBACH ELECTRIC CORP.","INSTALL ELECTRICAL CONDUIT AND POLE FOUNDATIONS E-748K",,"ASPHALT","BLUE STONE (SOME LANDMARK SWK)","2025-07-10T10:26:40.000","2025-07-16T00:05:24.000",,,
"B012025191C74","2025071000137026","0070","Renew","006","ISSUED & PRINTED","01","STREET OPENING PERMIT","0162","NYC PARKS - RECONSTRUCTION CONTRACT","2","500","5000","10",,,,"JN REFER TO CEC-12-124","B012025119C74",,,"2025-07-10T11:03:25.000","2025-07-31T00:00:00.000","2025-10-15T23:59:59.000","BROOKLYN",,"AVENUE R","BEDFORD AVENUE",,"WILLIAM A. GROSS CONSTRUCTION ASSOCIATES, INC.","Sidewalk reconstruction",,"ASPHALT","CONCRETE","2025-07-10T11:03:26.000","2025-07-10T11:03:26.000",,,
"B012025191B94","2025070700660043","0003","New","020","EXPIRED UNDER GUARANTEE","01","STREET OPENING PERMIT","0133","INSTALL TRAFFIC SIGNALS","1","52",,,,,,"DP. MUST COORD. WITH NYCT BUS PRIOR TO MOBILIZING. ALSO, DO NOT BLOCK BUS LANE AT ANYTIME. RCRRM: 7/9/25 MUST COORDINATE WITH DOT MILLING AND PAVING;THE FULL WIDTH OF THE ROADWAY MUST BE FULLY UNOBSTRUCTED WHEN DOT IS ACTIVELY MILLING OR PAVING.",,"B012025196A50",,"2025-07-10T10:26:41.000","2025-07-10T10:26:41.000","2025-09-30T23:59:59.000","BROOKLYN",,"GLENWOOD ROAD","EAST   98 STREET","ROCKAWAY PARKWAY","WELSBACH ELECTRIC CORP.","INSTALL ELECTRICAL CONDUIT AND POLE FOUNDATIONS E-748K",,"ASPHALT","BLUE STONE (SOME LANDMARK SWK)","2025-07-10T10:26:40.000","2025-07-16T00:05:22.000",,,
"B012025191D18","2025071000123326","0002","Renew","006","ISSUED & PRINTED","01","STREET OPENING PERMIT","0160","SIDEWALK RECONSTRUCTION CONTRACTS","2","500","5000","10",,,,"JN REFER TO CEC-12-124","B012025119D98",,,"2025-07-10T11:16:37.000","2025-07-31T00:00:00.000","2025-10-15T23:59:59.000","BROOKLYN",,"AVENUE W","BRIGHAM STREET",,"WILLIAM A. GROSS CONSTRUCTION ASSOCIATES, INC.","Sidewalk reconstruction",,"ASPHALT","CONCRETE","2025-07-10T11:16:36.000","2025-07-10T11:16:36.000",,,
"B012025191B95","2025070700660043","0004","New","020","EXPIRED UNDER GUARANTEE","01","STREET OPENING PERMIT","0133P","INSTALL TRAFFIC SIGNALS - PROTECTED","1","52",,,,,,"DP. MUST COORD. WITH NYCT BUS PRIOR TO MOBILIZING. ALSO, DO NOT BLOCK BUS LANE AT ANYTIME.",,"B012025196A51",,"2025-07-10T10:26:42.000","2025-07-10T10:26:42.000","2025-09-30T23:59:59.000","BROOKLYN",,"ROCKAWAY PARKWAY","CONKLIN AVENUE","GLENWOOD ROAD","WELSBACH ELECTRIC CORP.","INSTALL ELECTRICAL CONDUIT AND POLE FOUNDATIONS E-748K",,"ASPHALT","BLUE STONE (SOME LANDMARK SWK)","2025-07-10T10:26:40.000","2025-07-16T00:05:24.000",,,
"B012025191C11","2025071000137026","0007","Renew","006","ISSUED & PRINTED","01","STREET OPENING PERMIT","0162P","NYC PARKS - RECONSTRUCTION CONTRACT-PROT","2","500","5000","10",,,,"JN REFER TO CEC-12-124","B012025119C43",,,"2025-07-10T11:02:27.000","2025-07-31T00:00:00.000","2025-10-15T23:59:59.000","BROOKLYN",,"EAST    3 STREET","AVENUE W","AVENUE X","WILLIAM A. GROSS CONSTRUCTION ASSOCIATES, INC.","Sidewalk reconstruction",,"ASPHALT","CONCRETE","2025-07-10T11:02:26.000","2025-07-10T11:02:26.000",,,
"B012025191C15","2025071000137026","0011","Renew","006","ISSUED & PRINTED","01","STREET OPENING PERMIT","0162","NYC PARKS - RECONSTRUCTION CONTRACT","2","500","5000","10",,,,"JN REFER TO CEC-12-124","B012025119C44",,,"2025-07-10T11:02:28.000","2025-07-31T00:00:00.000","2025-10-15T23:59:59.000","BROOKLYN",,"AVENUE W","BRIGHAM STREET",,"WILLIAM A. GROSS CONSTRUCTION ASSOCIATES, INC.","Sidewalk reconstruction",,"ASPHALT","CONCRETE","2025-07-10T11:02:27.000","2025-07-10T11:02:27.000",,,
"B012025191B99","2025070900707776","0001","Renew","006","ISSUED & PRINTED","01","STREET OPENING PERMIT","0103","MAJOR INSTALLATION - GAS","3","880",,,,,,"DP. MUST COORD. WITH DOT BIKE LANE PRIOR TO MOBILIZING. RCRRM: 7/9/25 MUST COORDINATE WITH DOT MILLING AND PAVING;THE FULL WIDTH OF THE ROADWAY MUST BE FULLY UNOBSTRUCTED WHEN DOT IS ACTIVELY MILLING OR PAVING.","B012025106A34",,,"2025-07-10T10:31:53.000","2025-07-15T00:00:00.000","2025-10-12T23:59:59.000","BROOKLYN",,"BLAKE AVENUE","POWELL STREET","MOTHER GASTON BOULEVARD","THE BROOKLYN UNION GAS COMPANY D/B/A NATIONAL GRID NY","MAJOR INSTALLATION - GAS","SEE SKETCH FOR DETAILS","ASPHALT","CONCRETE","2025-07-10T10:31:52.000","2025-07-10T10:31:52.000",,,
"B012025191C27","2025071000137026","0023","Renew","006","ISSUED & PRINTED","01","STREET OPENING PERMIT","0162","NYC PARKS - RECONSTRUCTION CONTRACT","2","500","5000","10",,,,"JN REFER TO CEC-12-124","B012025119C49",,,"2025-07-10T11:02:36.000","2025-07-31T00:00:00.000","2025-10-15T23:59:59.000","BROOKLYN",,"WEST    5 STREET","WOLF PLACE",,"WILLIAM A. GROSS CONSTRUCTION ASSOCIATES, INC.","Sidewalk reconstruction",,"ASPHALT","CONCRETE","2025-07-10T11:02:35.000","2025-07-10T11:02:35.000",,,
"B012025191C16","2025071000137026","0012","Renew","006","ISSUED & PRINTED","01","STREET OPENING PERMIT","0160","SIDEWALK RECONSTRUCTION CONTRACTS","2","500","5000","10",,,,"JN REFER TO CEC-12-124","B012025119D28",,,"2025-07-10T11:02:28.000","2025-07-31T00:00:00.000","2025-10-15T23:59:59.000","BROOKLYN",,"EAST   54 STREET","REMSEN AVENUE","WINTHROP STREET","WILLIAM A. GROSS CONSTRUCTION ASSOCIATES, INC.","Sidewalk reconstruction",,"ASPHALT","CONCRETE","2025-07-10T11:02:27.000","2025-07-10T11:02:27.000",,,
"B012025191C01","2025070700687353","0004","New","006","ISSUED & PRINTED","01","STREET OPENING PERMIT","0133","INSTALL TRAFFIC SIGNALS","1","58",,,,,,"DP RCRRM: 7/9/25 MUST COORDINATE WITH DOT MILLING AND PAVING;THE FULL WIDTH OF THE ROADWAY MUST BE FULLY UNOBSTRUCTED WHEN DOT IS ACTIVELY MILLING OR PAVING.",,,,"2025-07-10T10:37:40.000","2025-07-10T10:37:40.000","2025-09-30T23:59:59.000","BROOKLYN",,"AVENUE M","EAST   19 STREET","OCEAN AVENUE","WELSBACH ELECTRIC CORP.","INSTALL ELECTRICAL CONDUIT AND POLE FOUNDATIONS E-757K",,"ASPHALT","CONCRETE","2025-07-10T10:37:39.000","2025-07-10T10:37:39.000",,,
"B012025191C02","2025070700687353","0001","New","006","ISSUED & PRINTED","01","STREET OPENING PERMIT","0133","INSTALL TRAFFIC SIGNALS","1","58",,,,,,"DP RCRRM: 7/9/25 MUST COORDINATE WITH DOT MILLING AND PAVING;THE FULL WIDTH OF THE ROADWAY MUST BE FULLY UNOBSTRUCTED WHEN DOT IS ACTIVELY MILLING OR PAVING.",,,,"2025-07-10T10:37:40.000","2025-07-10T10:37:40.000","2025-09-30T23:59:59.000","BROOKLYN",,"AVENUE M","OCEAN AVENUE",,"WELSBACH ELECTRIC CORP.","INSTALL ELECTRICAL CONDUIT AND POLE FOUNDATIONS E-757K",,"ASPHALT","CONCRETE","2025-07-10T10:37:39.000","2025-07-10T10:37:39.000",,,
"B012025191C05","2025071000137026","0001","Renew","006","ISSUED & PRINTED","01","STREET OPENING PERMIT","0162","NYC PARKS - RECONSTRUCTION CONTRACT","1","50","500","10",,,,"JN: MUST COORDINATE WITH MTA BUSES PRIOR TO MOBILIZING. DO NOT BLOCK BUSES FROM LOADING OR UNLOADING. MUST MAINTAIN STIPULATION 025 ON 86 STREET AND STIPULATION 027 ON 14 AVENUE.","B012025119C18",,,"2025-07-10T11:02:26.000","2025-07-31T00:00:00.000","2025-10-15T23:59:59.000","BROOKLYN",,"14 AVENUE","86 STREET",,"WILLIAM A. GROSS CONSTRUCTION ASSOCIATES, INC.","Field Reconstruction",,"ASPHALT","CONCRETE","2025-07-10T11:02:25.000","2025-07-10T11:02:25.000",,,
"B012025191C06","2025071000137026","0002","Renew","006","ISSUED & PRINTED","01","STREET OPENING PERMIT","0162","NYC PARKS - RECONSTRUCTION CONTRACT","2","500","5000","10",,,,"JN REFER TO CEC-12-124 RCRRM: 7/9/25 MUST COORDINATE WITH DOT MILLING AND PAVING;THE FULL WIDTH OF THE ROADWAY MUST BE FULLY UNOBSTRUCTED WHEN DOT IS ACTIVELY MILLING OR PAVING.","B012025119D13",,,"2025-07-10T11:02:26.000","2025-07-31T00:00:00.000","2025-10-15T23:59:59.000","BROOKLYN",,"AVENUE W","EAST    3 STREET",,"WILLIAM A. GROSS CONSTRUCTION ASSOCIATES, INC.","Sidewalk reconstruction",,"ASPHALT","CONCRETE","2025-07-10T11:02:25.000","2025-07-10T11:02:25.000",,,
"B012025191C08","2025071000137026","0004","Renew","006","ISSUED & PRINTED","01","STREET OPENING PERMIT","0160P","SIDEWALK RECONSTRUCTION CONTRACTS-PROT","2","500","5000","10",,,,"JN REFER TO CEC-12-124","B012025119D25",,,"2025-07-10T11:02:26.000","2025-07-31T00:00:00.000","2025-10-15T23:59:59.000","BROOKLYN",,"EAST    3 STREET","AVENUE W","AVENUE X","WILLIAM A. GROSS CONSTRUCTION ASSOCIATES, INC.","Sidewalk reconstruction",,"ASPHALT","CONCRETE","2025-07-10T11:02:25.000","2025-07-10T11:02:25.000",,,
"B012025191C40","2025071000137026","0036","Renew","006","ISSUED & PRINTED","01","STREET OPENING PERMIT","0162","NYC PARKS - RECONSTRUCTION CONTRACT","2","500","5000","10",,,,"JN REFER TO CEC-12-124 RCRRM: 7/9/25 MUST COORDINATE WITH DOT MILLING AND PAVING;THE FULL WIDTH OF THE ROADWAY MUST BE FULLY UNOBSTRUCTED WHEN DOT IS ACTIVELY MILLING OR PAVING.","B012025119C55",,,"2025-07-10T11:02:50.000","2025-07-31T00:00:00.000","2025-10-15T23:59:59.000","BROOKLYN",,"AVENUE W","EAST   17 STREET",,"WILLIAM A. GROSS CONSTRUCTION ASSOCIATES, INC.","Sidewalk reconstruction",,"ASPHALT","CONCRETE","2025-07-10T11:02:49.000","2025-07-10T11:02:49.000",,,
"B012025191C24","2025071000137026","0020","Renew","006","ISSUED & PRINTED","01","STREET OPENING PERMIT","0162","NYC PARKS - RECONSTRUCTION CONTRACT","2","500","5000","10",,,,"JN REFER TO CEC-12-124","B012025119C47",,,"2025-07-10T11:02:36.000","2025-07-31T00:00:00.000","2025-10-15T23:59:59.000","BROOKLYN",,"AVENUE V","WEST    5 STREET",,"WILLIAM A. GROSS CONSTRUCTION ASSOCIATES, INC.","Sidewalk reconstruction",,"ASPHALT","CONCRETE","2025-07-10T11:02:34.000","2025-07-10T11:02:34.000",,,
"B012025191C09","2025071000137026","0005","Renew","006","ISSUED & PRINTED","01","STREET OPENING PERMIT","0162","NYC PARKS - RECONSTRUCTION CONTRACT","1","50","500","10",,,,"JN: MUST COORDINATE WITH SCHOOL, MTA BUSES AND ONGOING CONSTRUCTION PRIOR TO MOBILIZING. DO NOT BLOCK BUSES FROM LOADING OR UNLOADING. USE 083 WHEN SCHOOL IS IN SESSION AND 072 WHEN SCHOOL IS NOT IN SESSION.","B012025119C19",,,"2025-07-10T11:02:27.000","2025-07-31T00:00:00.000","2025-10-15T23:59:59.000","BROOKLYN",,"14 AVENUE","86 STREET","BENSON AVENUE","WILLIAM A. GROSS CONSTRUCTION ASSOCIATES, INC.","Field Reconstruction",,"ASPHALT","CONCRETE","2025-07-10T11:02:25.000","2025-07-10T11:02:25.000",,,
"B012025191C10","2025071000137026","0006","Renew","006","ISSUED & PRINTED","01","STREET OPENING PERMIT","0162","NYC PARKS - RECONSTRUCTION CONTRACT","2","500","5000","10",,,,"JN REFER TO CEC-12-124","B012025119D26",,,"2025-07-10T11:02:27.000","2025-07-31T00:00:00.000","2025-10-15T23:59:59.000","BROOKLYN",,"EAST   55 STREET","CLARKSON AVENUE","REMSEN AVENUE","WILLIAM A. GROSS CONSTRUCTION ASSOCIATES, INC.","Sidewalk reconstruction",,"ASPHALT","CONCRETE","2025-07-10T11:02:26.000","2025-07-10T11:02:26.000",,,
"B012025191C12","2025071000137026","0008","Renew","006","ISSUED & PRINTED","01","STREET OPENING PERMIT","0160P","SIDEWALK RECONSTRUCTION CONTRACTS-PROT","2","500","5000","10",,,,"JN REFER TO CEC-12-124 RCRRM: 7/9/25 MUST COORDINATE WITH DOT MILLING AND PAVING;THE FULL WIDTH OF THE ROADWAY MUST BE FULLY UNOBSTRUCTED WHEN DOT IS ACTIVELY MILLING OR PAVING.","B012025119D27",,,"2025-07-10T11:02:27.000","2025-07-31T00:00:00.000","2025-10-15T23:59:59.000","BROOKLYN",,"AVENUE X","EAST    3 STREET",,"WILLIAM A. GROSS CONSTRUCTION ASSOCIATES, INC.","Sidewalk reconstruction",,"ASPHALT","CONCRETE","2025-07-10T11:02:26.000","2025-07-10T11:02:26.000",,,
"B012025191C13","2025071000137026","0009","Renew","006","ISSUED & PRINTED","01","STREET OPENING PERMIT","0162P","NYC PARKS - RECONSTRUCTION CONTRACT-PROT","2","500","5000","10",,,,"JN REFER TO CEC-12-124","B012025119D15",,,"2025-07-10T11:02:27.000","2025-07-31T00:00:00.000","2025-10-15T23:59:59.000","BROOKLYN",,"AVENUE X","EAST    3 STREET",,"WILLIAM A. GROSS CONSTRUCTION ASSOCIATES, INC.","Sidewalk reconstruction",,"ASPHALT","CONCRETE","2025-07-10T11:02:26.000","2025-07-10T11:02:26.000",,,
"B012025191C14","2025071000137026","0010","Renew","006","ISSUED & PRINTED","01","STREET OPENING PERMIT","0162","NYC PARKS - RECONSTRUCTION CONTRACT","1","50","500","10",,,,,"B012025119C20",,,"2025-07-10T11:02:28.000","2025-07-31T00:00:00.000","2025-10-15T23:59:59.000","BROOKLYN",,"13 AVENUE","86 STREET",,"WILLIAM A. GROSS CONSTRUCTION ASSOCIATES, INC.","Field Reconstruction",,"ASPHALT","CONCRETE","2025-07-10T11:02:26.000","2025-07-10T11:02:26.000",,,
"B012025191C31","2025071000137026","0027","Renew","006","ISSUED & PRINTED","01","STREET OPENING PERMIT","0162","NYC PARKS - RECONSTRUCTION CONTRACT","2","500","5000","10",,,,"JN REFER TO CEC-12-124","B012025119C98",,,"2025-07-10T11:02:40.000","2025-07-31T00:00:00.000","2025-10-15T23:59:59.000","BROOKLYN",,"BROWN STREET","SHORE PARKWAY","VOORHIES AVENUE","WILLIAM A. GROSS CONSTRUCTION ASSOCIATES, INC.","Sidewalk reconstruction",,"ASPHALT","CONCRETE","2025-07-10T11:02:38.000","2025-07-10T11:02:38.000",,,
"B012025191C36","2025071000137026","0032","Renew","006","ISSUED & PRINTED","01","STREET OPENING PERMIT","0162","NYC PARKS - RECONSTRUCTION CONTRACT","2","500","5000","10",,,,"JN REFER TO CEC-12-124","B012025119C53",,,"2025-07-10T11:02:46.000","2025-07-31T00:00:00.000","2025-10-15T23:59:59.000","BROOKLYN",,"AVENUE X","EAST   29 STREET",,"WILLIAM A. GROSS CONSTRUCTION ASSOCIATES, INC.","Sidewalk reconstruction",,"ASPHALT","CONCRETE","2025-07-10T11:02:47.000","2025-07-10T11:02:47.000",,,
"B012025191C17","2025071000137026","0013","Renew","006","ISSUED & PRINTED","01","STREET OPENING PERMIT","0160","SIDEWALK RECONSTRUCTION CONTRACTS","2","500","5000","10",,,,"JN REFER TO CEC-12-124 RCRRM: 7/9/25 MUST COORDINATE WITH DOT MILLING AND PAVING;THE FULL WIDTH OF THE ROADWAY MUST BE FULLY UNOBSTRUCTED WHEN DOT IS ACTIVELY MILLING OR PAVING.","B012025119D29",,,"2025-07-10T11:02:28.000","2025-07-31T00:00:00.000","2025-10-15T23:59:59.000","BROOKLYN",,"STRYKER STREET","SOUTHGATE COURT","STRYKER COURT","WILLIAM A. GROSS CONSTRUCTION ASSOCIATES, INC.","Sidewalk reconstruction",,"ASPHALT","CONCRETE","2025-07-10T11:02:27.000","2025-07-10T11:02:27.000",,,
"B012025191C18","2025071000137026","0014","Renew","006","ISSUED & PRINTED","01","STREET OPENING PERMIT","0162","NYC PARKS - RECONSTRUCTION CONTRACT","1","50","500","10",,,,"JN: MUST COORDINATE WITH MTA BUSES PRIOR TO MOBILIZING. DO NOT BLOCK BUSES FROM LOADING OR UNLOADING.","B012025119C21",,,"2025-07-10T11:02:28.000","2025-07-31T00:00:00.000","2025-10-15T23:59:59.000","BROOKLYN",,"86 STREET","13 AVENUE","14 AVENUE","WILLIAM A. GROSS CONSTRUCTION ASSOCIATES, INC.","Field Reconstruction",,"ASPHALT","CONCRETE","2025-07-10T11:02:27.000","2025-07-10T11:02:27.000",,,
"B012025191C69","2025071000137026","0065","Renew","006","ISSUED & PRINTED","01","STREET OPENING PERMIT","0162","NYC PARKS - RECONSTRUCTION CONTRACT","2","500","5000","10",,,,"JN REFER TO CEC-12-124","B012025119C71",,,"2025-07-10T11:03:14.000","2025-07-31T00:00:00.000","2025-10-15T23:59:59.000","BROOKLYN",,"AVENUE S","BATCHELDER STREET",,"WILLIAM A. GROSS CONSTRUCTION ASSOCIATES, INC.","Sidewalk reconstruction",,"ASPHALT","CONCRETE","2025-07-10T11:03:13.000","2025-07-10T11:03:13.000",,,
"B012025191C41","2025071000137026","0037","Renew","006","ISSUED & PRINTED","01","STREET OPENING PERMIT","0162P","NYC PARKS - RECONSTRUCTION CONTRACT-PROT","2","500","5000","10",,,,"JN REFER TO CEC-12-124","B012025119C56",,,"2025-07-10T11:02:50.000","2025-07-31T00:00:00.000","2025-10-15T23:59:59.000","BROOKLYN",,"AVENUE Y","EAST   29 STREET",,"WILLIAM A. GROSS CONSTRUCTION ASSOCIATES, INC.","Sidewalk reconstruction",,"ASPHALT","CONCRETE","2025-07-10T11:02:49.000","2025-07-10T11:02:49.000",,,
"B012025191C19","2025071000137026","0015","Renew","006","ISSUED & PRINTED","01","STREET OPENING PERMIT","0162","NYC PARKS - RECONSTRUCTION CONTRACT","2","500","5000","10",,,,"JN REFER TO CEC-12-124 RCRRM: 7/9/25 MUST COORDINATE WITH DOT MILLING AND PAVING;THE FULL WIDTH OF THE ROADWAY MUST BE FULLY UNOBSTRUCTED WHEN DOT IS ACTIVELY MILLING OR PAVING.","B012025119C45",,,"2025-07-10T11:02:29.000","2025-07-31T00:00:00.000","2025-10-15T23:59:59.000","BROOKLYN",,"STRYKER STREET","SOUTHGATE COURT","STRYKER COURT","WILLIAM A. GROSS CONSTRUCTION ASSOCIATES, INC.","Sidewalk reconstruction",,"ASPHALT","CONCRETE","2025-07-10T11:02:27.000","2025-07-10T11:02:27.000",,,
"B012025191C20","2025071000137026","0016","Renew","006","ISSUED & PRINTED","01","STREET OPENING PERMIT","0162P","NYC PARKS - RECONSTRUCTION CONTRACT-PROT","2","500","5000","10",,,,"JN REFER TO CEC-12-124 RCRRM: 7/9/25 MUST COORDINATE WITH DOT MILLING AND PAVING;THE FULL WIDTH OF THE ROADWAY MUST BE FULLY UNOBSTRUCTED WHEN DOT IS ACTIVELY MILLING OR PAVING.","B012025119D22",,,"2025-07-10T11:02:30.000","2025-07-31T00:00:00.000","2025-10-15T23:59:59.000","BROOKLYN",,"BRIGHAM STREET","AVENUE W","AVENUE X","WILLIAM A. GROSS CONSTRUCTION ASSOCIATES, INC.","Sidewalk reconstruction",,"ASPHALT","CONCRETE","2025-07-10T11:02:28.000","2025-07-10T11:02:28.000",,,
"B012025191C38","2025071000137026","0034","Renew","006","ISSUED & PRINTED","01","STREET OPENING PERMIT","0162","NYC PARKS - RECONSTRUCTION CONTRACT","2","500","5000","10",,,,"JN REFER TO CEC-12-124","B012025119C54",,,"2025-07-10T11:02:50.000","2025-07-31T00:00:00.000","2025-10-15T23:59:59.000","BROOKLYN",,"EAST   29 STREET","AVENUE X","AVENUE Y","WILLIAM A. GROSS CONSTRUCTION ASSOCIATES, INC.","Sidewalk reconstruction",,"ASPHALT","CONCRETE","2025-07-10T11:02:48.000","2025-07-10T11:02:48.000",,,
"B012025191C62","2025071000137026","0058","Renew","006","ISSUED & PRINTED","01","STREET OPENING PERMIT","0160","SIDEWALK RECONSTRUCTION CONTRACTS","2","500","5000","10",,,,"JN REFER TO CEC-12-124","B012025119C28",,,"2025-07-10T11:03:12.000","2025-07-31T00:00:00.000","2025-10-15T23:59:59.000","BROOKLYN",,"AVENUE S","EAST   38 STREET","RYDER STREET","WILLIAM A. GROSS CONSTRUCTION ASSOCIATES, INC.","Sidewalk reconstruction",,"ASPHALT","CONCRETE","2025-07-10T11:03:11.000","2025-07-10T11:03:11.000",,,
"B012025191E03","2025070900959133","0015","Renew","006","ISSUED & PRINTED","01","STREET OPENING PERMIT","0162","NYC PARKS - RECONSTRUCTION CONTRACT","2","500","5000","10",,,,"JN REFER TO CEC-12-124","B012025119E41",,,"2025-07-10T11:28:32.000","2025-07-31T00:00:00.000","2025-10-15T23:59:59.000","BROOKLYN",,"BUSHWICK AVENUE","WEIRFIELD STREET",,"WILLIAM A. GROSS CONSTRUCTION ASSOCIATES, INC.",,,"ASPHALT","CONCRETE","2025-07-10T11:28:31.000","2025-07-10T11:28:31.000",,,
"B012025191C21","2025071000137026","0017","Renew","006","ISSUED & PRINTED","01","STREET OPENING PERMIT","0162","NYC PARKS - RECONSTRUCTION CONTRACT","1","50","500","10",,,,"JN: MUST COORDINATE WITH SCHOOL AND MTA BUSES PRIOR TO MOBILIZING. DO NOT BLOCK BUSES FROM LOADING OR UNLOADING. USE 083 WHEN SCHOOL IS IN SESSION AND 072 WHEN SCHOOL IS NOT IN SESSION.","B012025119C22",,,"2025-07-10T11:02:33.000","2025-07-31T00:00:00.000","2025-10-15T23:59:59.000","BROOKLYN",,"14 AVENUE","BATH AVENUE","BENSON AVENUE","WILLIAM A. GROSS CONSTRUCTION ASSOCIATES, INC.","Field Reconstruction",,"ASPHALT","CONCRETE","2025-07-10T11:02:32.000","2025-07-10T11:02:32.000",,,
"B012025191C45","2025071000137026","0041","Renew","006","ISSUED & PRINTED","01","STREET OPENING PERMIT","0162P","NYC PARKS - RECONSTRUCTION CONTRACT-PROT","2","500","5000","10",,,,"JN REFER TO CEC-12-124","B012025119C23",,,"2025-07-10T11:03:01.000","2025-07-31T00:00:00.000","2025-10-15T23:59:59.000","BROOKLYN",,"EAST   59 STREET","AVENUE O","MILL LANE","WILLIAM A. GROSS CONSTRUCTION ASSOCIATES, INC.","Sidewalk reconstruction",,"ASPHALT","CONCRETE","2025-07-10T11:03:00.000","2025-07-10T11:03:00.000",,,
"B012025191C22","2025071000137026","0018","Renew","006","ISSUED & PRINTED","01","STREET OPENING PERMIT","0162","NYC PARKS - RECONSTRUCTION CONTRACT","2","500","5000","10",,,,"JN REFER TO CEC-12-124 RCRRM: 7/9/25 MUST COORDINATE WITH DOT MILLING AND PAVING;THE FULL WIDTH OF THE ROADWAY MUST BE FULLY UNOBSTRUCTED WHEN DOT IS ACTIVELY MILLING OR PAVING.","B012025119D14",,,"2025-07-10T11:02:34.000","2025-07-31T00:00:00.000","2025-10-15T23:59:59.000","BROOKLYN",,"AVENUE X","BRIGHAM STREET",,"WILLIAM A. GROSS CONSTRUCTION ASSOCIATES, INC.","Sidewalk reconstruction",,"ASPHALT","CONCRETE","2025-07-10T11:02:34.000","2025-07-10T11:02:34.000",,,
"B012025191C47","2025071000137026","0043","Renew","006","ISSUED & PRINTED","01","STREET OPENING PERMIT","0162P","NYC PARKS - RECONSTRUCTION CONTRACT-PROT","2","500","5000","10",,,,"JN REFER TO CEC-12-124","B012025119C59",,,"2025-07-10T11:03:03.000","2025-07-31T00:00:00.000","2025-10-15T23:59:59.000","BROOKLYN",,"AVENUE Y","EAST   23 STREET",,"WILLIAM A. GROSS CONSTRUCTION ASSOCIATES, INC.","Sidewalk reconstruction",,"ASPHALT","CONCRETE","2025-07-10T11:03:02.000","2025-07-10T11:03:02.000",,,
"B012025191C48","2025071000137026","0044","Renew","006","ISSUED & PRINTED","01","STREET OPENING PERMIT","0160","SIDEWALK RECONSTRUCTION CONTRACTS","2","500","5000","10",,,,"JN REFER TO CEC-12-124","B012025119C24",,,"2025-07-10T11:03:03.000","2025-07-31T00:00:00.000","2025-10-15T23:59:59.000","BROOKLYN",,"EAST   53 STREET","AVENUE N","AVENUE O","WILLIAM A. GROSS CONSTRUCTION ASSOCIATES, INC.","Sidewalk reconstruction",,"ASPHALT","CONCRETE","2025-07-10T11:03:02.000","2025-07-10T11:03:02.000",,,
"B012025191C49","2025071000137026","0045","Renew","006","ISSUED & PRINTED","01","STREET OPENING PERMIT","0162","NYC PARKS - RECONSTRUCTION CONTRACT","2","500","5000","10",,,,"JN REFER TO CEC-12-124","B012025119C25",,,"2025-07-10T11:03:04.000","2025-07-31T00:00:00.000","2025-10-15T23:59:59.000","BROOKLYN",,"EAST   53 STREET","AVENUE N","AVENUE O","WILLIAM A. GROSS CONSTRUCTION ASSOCIATES, INC.","Sidewalk reconstruction",,"ASPHALT","CONCRETE","2025-07-10T11:03:02.000","2025-07-10T11:03:02.000",,,
"B012025191C25","2025071000137026","0021","Renew","006","ISSUED & PRINTED","01","STREET OPENING PERMIT","0162","NYC PARKS - RECONSTRUCTION CONTRACT","2","500","5000","10",,,,"JN REFER TO CEC-12-124 RCRRM: 7/9/25 MUST COORDINATE WITH DOT MILLING AND PAVING;THE FULL WIDTH OF THE ROADWAY MUST BE FULLY UNOBSTRUCTED WHEN DOT IS ACTIVELY MILLING OR PAVING.","B012025119D21",,,"2025-07-10T11:02:36.000","2025-07-31T00:00:00.000","2025-10-15T23:59:59.000","BROOKLYN",,"BRAGG STREET","EMMONS AVENUE","SHORE PARKWAY","WILLIAM A. GROSS CONSTRUCTION ASSOCIATES, INC.","Sidewalk reconstruction",,"ASPHALT","CONCRETE","2025-07-10T11:02:35.000","2025-07-10T11:02:35.000",,,
"B012025191C26","2025071000137026","0022","Renew","006","ISSUED & PRINTED","01","STREET OPENING PERMIT","0162","NYC PARKS - RECONSTRUCTION CONTRACT","2","500","5000","10",,,,"JN REFER TO CEC-12-124","B012025119C48",,,"2025-07-10T11:02:36.000","2025-07-31T00:00:00.000","2025-10-15T23:59:59.000","BROOKLYN",,"WEST    5 STREET","AVENUE V","WOLF PLACE","WILLIAM A. GROSS CONSTRUCTION ASSOCIATES, INC.","Sidewalk reconstruction",,"ASPHALT","CONCRETE","2025-07-10T11:02:35.000","2025-07-10T11:02:35.000",,,
"B012025191E47","2025070900959133","0059","Renew","006","ISSUED & PRINTED","01","STREET OPENING PERMIT","0160","SIDEWALK RECONSTRUCTION CONTRACTS","2","500","5000","10",,,,"JN REFER TO CEC-12-124","B012025119E67",,,"2025-07-10T11:29:07.000","2025-07-31T00:00:00.000","2025-10-15T23:59:59.000","BROOKLYN",,"GREENE AVENUE","IRVING AVENUE","KNICKERBOCKER AVENUE","WILLIAM A. GROSS CONSTRUCTION ASSOCIATES, INC.",,,"ASPHALT","CONCRETE","2025-07-10T11:29:06.000","2025-07-10T11:29:06.000",,,
"B012025191C28","2025071000137026","0024","Renew","006","ISSUED & PRINTED","01","STREET OPENING PERMIT","0162P","NYC PARKS - RECONSTRUCTION CONTRACT-PROT","2","500","5000","10",,,,"JN REFER TO CEC-12-124 RCRRM: 7/9/25 MUST COORDINATE WITH DOT MILLING AND PAVING;THE FULL WIDTH OF THE ROADWAY MUST BE FULLY UNOBSTRUCTED WHEN DOT IS ACTIVELY MILLING OR PAVING.","B012025119D20",,,"2025-07-10T11:02:38.000","2025-07-31T00:00:00.000","2025-10-15T23:59:59.000","BROOKLYN",,"BRAGG STREET","EMMONS AVENUE",,"WILLIAM A. GROSS CONSTRUCTION ASSOCIATES, INC.","Sidewalk reconstruction",,"ASPHALT","CONCRETE","2025-07-10T11:02:37.000","2025-07-10T11:02:37.000",,,
"B012025191C29","2025071000137026","0025","Renew","006","ISSUED & PRINTED","01","STREET OPENING PERMIT","0162","NYC PARKS - RECONSTRUCTION CONTRACT","2","500","5000","10",,,,"JN REFER TO CEC-12-124","B012025119C97",,,"2025-07-10T11:02:39.000","2025-07-31T00:00:00.000","2025-10-15T23:59:59.000","BROOKLYN",,"BROWN STREET","VOORHIES AVENUE",,"WILLIAM A. GROSS CONSTRUCTION ASSOCIATES, INC.","Sidewalk reconstruction",,"ASPHALT","CONCRETE","2025-07-10T11:02:38.000","2025-07-10T11:02:38.000",,,
"B012025191C30","2025071000137026","0026","Renew","006","ISSUED & PRINTED","01","STREET OPENING PERMIT","0162","NYC PARKS - RECONSTRUCTION CONTRACT","2","500","5000","10",,,,"JN REFER TO CEC-12-124","B012025119C50",,,"2025-07-10T11:02:39.000","2025-07-31T00:00:00.000","2025-10-15T23:59:59.000","BROOKLYN",,"LAKE PLACE","WEST    5 STREET",,"WILLIAM A. GROSS CONSTRUCTION ASSOCIATES, INC.","Sidewalk reconstruction",,"ASPHALT","CONCRETE","2025-07-10T11:02:38.000","2025-07-10T11:02:38.000",,,
"B012025191C34","2025071000137026","0030","Renew","006","ISSUED & PRINTED","01","STREET OPENING PERMIT","0162","NYC PARKS - RECONSTRUCTION CONTRACT","2","500","5000","10",,,,"JN REFER TO CEC-12-124","B012025119C52",,,"2025-07-10T11:02:43.000","2025-07-31T00:00:00.000","2025-10-15T23:59:59.000","BROOKLYN",,"GRAVESEND NECK ROAD","VILLAGE ROAD EAST","WEST STREET","WILLIAM A. GROSS CONSTRUCTION ASSOCIATES, INC.","Sidewalk reconstruction",,"ASPHALT","CONCRETE","2025-07-10T11:02:42.000","2025-07-10T11:02:42.000",,,
"B012025191C35","2025071000137026","0031","Renew","006","ISSUED & PRINTED","01","STREET OPENING PERMIT","0162","NYC PARKS - RECONSTRUCTION CONTRACT","2","500","5000","10",,,,"JN REFER TO CEC-12-124","B012025119D00",,,"2025-07-10T11:02:43.000","2025-07-31T00:00:00.000","2025-10-15T23:59:59.000","BROOKLYN",,"BATCHELDER STREET","VOORHIES AVENUE",,"WILLIAM A. GROSS CONSTRUCTION ASSOCIATES, INC.","Sidewalk reconstruction",,"ASPHALT","CONCRETE","2025-07-10T11:02:43.000","2025-07-10T11:02:43.000",,,
"B012025191C39","2025071000137026","0035","Renew","006","ISSUED & PRINTED","01","STREET OPENING PERMIT","0162","NYC PARKS - RECONSTRUCTION CONTRACT","2","500","5000","10",,,,"JN REFER TO CEC-12-124 RCRRM: 7/9/25 MUST COORDINATE WITH DOT MILLING AND PAVING;THE FULL WIDTH OF THE ROADWAY MUST BE FULLY UNOBSTRUCTED WHEN DOT IS ACTIVELY MILLING OR PAVING.","B012025119D12",,,"2025-07-10T11:02:50.000","2025-07-31T00:00:00.000","2025-10-15T23:59:59.000","BROOKLYN",,"AVENUE V","EAST   14 STREET",,"WILLIAM A. GROSS CONSTRUCTION ASSOCIATES, INC.","Sidewalk reconstruction",,"ASPHALT","CONCRETE","2025-07-10T11:02:49.000","2025-07-10T11:02:49.000",,,
"B012025191D27","2025071000123326","0011","Renew","006","ISSUED & PRINTED","01","STREET OPENING PERMIT","0160","SIDEWALK RECONSTRUCTION CONTRACTS","2","500","5000","10",,,,"JN REFER TO CEC-12-124","B012025119D37",,,"2025-07-10T11:16:39.000","2025-07-31T00:00:00.000","2025-10-15T23:59:59.000","BROOKLYN",,"LAKE PLACE","WEST    5 STREET",,"WILLIAM A. GROSS CONSTRUCTION ASSOCIATES, INC.","Sidewalk reconstruction",,"ASPHALT","CONCRETE","2025-07-10T11:16:38.000","2025-07-10T11:16:38.000",,,
"B012025191E16","2025070900959133","0028","Renew","006","ISSUED & PRINTED","01","STREET OPENING PERMIT","0160","SIDEWALK RECONSTRUCTION CONTRACTS","2","500","5000","10",,,,"JN REFER TO CEC-12-124","B012025119E48",,,"2025-07-10T11:28:45.000","2025-07-31T00:00:00.000","2025-10-15T23:59:59.000","BROOKLYN",,"AVENUE X","EAST   26 STREET",,"WILLIAM A. GROSS CONSTRUCTION ASSOCIATES, INC.","Sidewalk reconstruction",,"ASPHALT","CONCRETE","2025-07-10T11:28:44.000","2025-07-10T11:28:44.000",,,
"B012025191C57","2025071000137026","0053","Renew","006","ISSUED & PRINTED","01","STREET OPENING PERMIT","0162","NYC PARKS - RECONSTRUCTION CONTRACT","2","500","5000","10",,,,"JN REFER TO CEC-12-124","B012025119C27",,,"2025-07-10T11:03:09.000","2025-07-31T00:00:00.000","2025-10-15T23:59:59.000","BROOKLYN",,"HENDRICKSON STREET","AVENUE S","FILLMORE AVENUE","WILLIAM A. GROSS CONSTRUCTION ASSOCIATES, INC.","Sidewalk reconstruction",,"ASPHALT","CONCRETE","2025-07-10T11:03:08.000","2025-07-10T11:03:08.000",,,
"B012025191C42","2025071000137026","0038","Renew","006","ISSUED & PRINTED","01","STREET OPENING PERMIT","0162","NYC PARKS - RECONSTRUCTION CONTRACT","2","500","5000","10",,,,"JN REFER TO CEC-12-124 RCRRM: 7/9/25 MUST COORDINATE WITH DOT MILLING AND PAVING;THE FULL WIDTH OF THE ROADWAY MUST BE FULLY UNOBSTRUCTED WHEN DOT IS ACTIVELY MILLING OR PAVING.","B012025119D16",,,"2025-07-10T11:02:52.000","2025-07-31T00:00:00.000","2025-10-15T23:59:59.000","BROOKLYN",,"AVENUE X","EAST   26 STREET",,"WILLIAM A. GROSS CONSTRUCTION ASSOCIATES, INC.","Sidewalk reconstruction",,"ASPHALT","CONCRETE","2025-07-10T11:02:54.000","2025-07-10T11:02:54.000",,,
"B012025191C43","2025071000137026","0039","Renew","006","ISSUED & PRINTED","01","STREET OPENING PERMIT","0162","NYC PARKS - RECONSTRUCTION CONTRACT","2","500","5000","10",,,,"JN REFER TO CEC-12-124","B012025119C57",,,"2025-07-10T11:02:56.000","2025-07-31T00:00:00.000","2025-10-15T23:59:59.000","BROOKLYN",,"AVENUE W","EAST   17 STREET","EAST   18 STREET","WILLIAM A. GROSS CONSTRUCTION ASSOCIATES, INC.","Sidewalk reconstruction",,"ASPHALT","CONCRETE","2025-07-10T11:02:54.000","2025-07-10T11:02:54.000",,,
"B012025191C44","2025071000137026","0040","Renew","006","ISSUED & PRINTED","01","STREET OPENING PERMIT","0162","NYC PARKS - RECONSTRUCTION CONTRACT","2","500","5000","10",,,,"JN REFER TO CEC-12-124 RCRRM: 7/9/25 MUST COORDINATE WITH DOT MILLING AND PAVING;THE FULL WIDTH OF THE ROADWAY MUST BE FULLY UNOBSTRUCTED WHEN DOT IS ACTIVELY MILLING OR PAVING.","B012025119C58",,,"2025-07-10T11:02:57.000","2025-07-31T00:00:00.000","2025-10-15T23:59:59.000","BROOKLYN",,"AVENUE W","EAST   18 STREET",,"WILLIAM A. GROSS CONSTRUCTION ASSOCIATES, INC.","Sidewalk reconstruction",,"ASPHALT","CONCRETE","2025-07-10T11:02:56.000","2025-07-10T11:02:56.000",,,
"B022025191B30","2025071000665063","0001","Renew","006","ISSUED & PRINTED","02","BUILDING OPERATION PERMIT","0201","PLACE MATERIAL ON STREET",,,,,,,,"JN BNEC-24-340","B022025168A79",,,"2025-07-10T15:38:21.000","2025-07-22T00:00:00.000","2025-10-10T23:59:59.000","BROOKLYN","3710","15 AVENUE","37 STREET","38 STREET","CITY BUILDERS NYC LLC",,,"ASPHALT","CONCRETE","2025-07-10T15:38:20.000","2025-07-10T15:38:20.000",,,
"B012025191C46","2025071000137026","0042","Renew","006","ISSUED & PRINTED","01","STREET OPENING PERMIT","0162P","NYC PARKS - RECONSTRUCTION CONTRACT-PROT","2","500","5000","10",,,,"JN REFER TO CEC-12-124 RCRRM: 7/9/25 MUST COORDINATE WITH DOT MILLING AND PAVING;THE FULL WIDTH OF THE ROADWAY MUST BE FULLY UNOBSTRUCTED WHEN DOT IS ACTIVELY MILLING OR PAVING.","B012025119D17",,,"2025-07-10T11:03:02.000","2025-07-31T00:00:00.000","2025-10-15T23:59:59.000","BROOKLYN",,"AVENUE Y","EAST   26 STREET",,"WILLIAM A. GROSS CONSTRUCTION ASSOCIATES, INC.","Sidewalk reconstruction",,"ASPHALT","CONCRETE","2025-07-10T11:03:01.000","2025-07-10T11:03:01.000",,,
"B012025191C50","2025071000137026","0046","Renew","006","ISSUED & PRINTED","01","STREET OPENING PERMIT","0162","NYC PARKS - RECONSTRUCTION CONTRACT","2","500","5000","10",,,,"JN REFER TO CEC-12-124 RCRRM: 7/9/25 MUST COORDINATE WITH DOT MILLING AND PAVING;THE FULL WIDTH OF THE ROADWAY MUST BE FULLY UNOBSTRUCTED WHEN DOT IS ACTIVELY MILLING OR PAVING.","B012025119C95",,,"2025-07-10T11:03:04.000","2025-07-31T00:00:00.000","2025-10-15T23:59:59.000","BROOKLYN",,"AVENUE V","EAST   19 STREET",,"WILLIAM A. GROSS CONSTRUCTION ASSOCIATES, INC.","Sidewalk reconstruction",,"ASPHALT","CONCRETE","2025-07-10T11:03:03.000","2025-07-10T11:03:03.000",,,
"B012025191J83","2025070900522356","0005","New","010","DELINQUENT CONFIRMATION","01","STREET OPENING PERMIT","0158P","DDC CONTRACTOR MAJOR RECONSTRUCTION-PROT","2","500",,,,,,"IL. BNEC-18-341.",,,,"2025-07-10T12:43:11.000","2025-07-12T00:00:00.000","2025-07-13T23:59:59.000","BROOKLYN",,"4 AVENUE","30 STREET","31 STREET","JRCRUZ CORP.","These permits are for NYCT Flagging Work",,"ASPHALT","CONCRETE","2025-07-10T12:43:10.000","2025-07-14T00:05:16.000",,,
"B012025191C51","2025071000137026","0047","Renew","006","ISSUED & PRINTED","01","STREET OPENING PERMIT","0162P","NYC PARKS - RECONSTRUCTION CONTRACT-PROT","2","500","5000","10",,,,"JN REFER TO CEC-12-124","B012025119C60",,,"2025-07-10T11:03:04.000","2025-07-31T00:00:00.000","2025-10-15T23:59:59.000","BROOKLYN",,"EAST   23 STREET","AVENUE Y","AVENUE Z","WILLIAM A. GROSS CONSTRUCTION ASSOCIATES, INC.","Sidewalk reconstruction",,"ASPHALT","CONCRETE","2025-07-10T11:03:03.000","2025-07-10T11:03:03.000",,,
"B012025191C52","2025071000137026","0048","Renew","006","ISSUED & PRINTED","01","STREET OPENING PERMIT","0162","NYC PARKS - RECONSTRUCTION CONTRACT","2","500","5000","10",,,,"JN REFER TO CEC-12-124","B012025119C61",,,"2025-07-10T11:03:04.000","2025-07-31T00:00:00.000","2025-10-15T23:59:59.000","BROOKLYN",,"AVENUE Z","EAST   23 STREET",,"WILLIAM A. GROSS CONSTRUCTION ASSOCIATES, INC.","Sidewalk reconstruction",,"ASPHALT","CONCRETE","2025-07-10T11:03:03.000","2025-07-10T11:03:03.000",,,
"B012025191C53","2025071000137026","0049","Renew","006","ISSUED & PRINTED","01","STREET OPENING PERMIT","0162P","NYC PARKS - RECONSTRUCTION CONTRACT-PROT","2","500","5000","10",,,,"JN REFER TO CEC-12-124 RCRRM: 7/9/25 MUST COORDINATE WITH DOT MILLING AND PAVING;THE FULL WIDTH OF THE ROADWAY MUST BE FULLY UNOBSTRUCTED WHEN DOT IS ACTIVELY MILLING OR PAVING.","B012025119D19",,,"2025-07-10T11:03:05.000","2025-07-31T00:00:00.000","2025-10-15T23:59:59.000","BROOKLYN",,"AVENUE T","EAST   22 STREET",,"WILLIAM A. GROSS CONSTRUCTION ASSOCIATES, INC.","Sidewalk reconstruction",,"ASPHALT","CONCRETE","2025-07-10T11:03:03.000","2025-07-10T11:03:03.000",,,
"B012025191D90","2025070900959133","0002","Renew","006","ISSUED & PRINTED","01","STREET OPENING PERMIT","0162","NYC PARKS - RECONSTRUCTION CONTRACT","2","500","5000","10",,,,"JN REFER TO CEC-12-124","B012025119E32",,,"2025-07-10T11:28:30.000","2025-07-31T00:00:00.000","2025-10-15T23:59:59.000","BROOKLYN",,"DECATUR STREET","BEND","HOPKINSON AVENUE","WILLIAM A. GROSS CONSTRUCTION ASSOCIATES, INC.",,,"ASPHALT","CONCRETE","2025-07-10T11:28:29.000","2025-07-10T11:28:29.000",,,
"B012025191C54","2025071000137026","0050","Renew","006","ISSUED & PRINTED","01","STREET OPENING PERMIT","0162","NYC PARKS - RECONSTRUCTION CONTRACT","2","500","5000","10",,,,"JN REFER TO CEC-12-124","B012025119C62",,,"2025-07-10T11:03:05.000","2025-07-31T00:00:00.000","2025-10-15T23:59:59.000","BROOKLYN",,"EAST   23 STREET","VOORHIES AVENUE",,"WILLIAM A. GROSS CONSTRUCTION ASSOCIATES, INC.","Sidewalk reconstruction",,"ASPHALT","CONCRETE","2025-07-10T11:03:04.000","2025-07-10T11:03:04.000",,,
"B012025191C55","2025071000137026","0051","Renew","006","ISSUED & PRINTED","01","STREET OPENING PERMIT","0162P","NYC PARKS - RECONSTRUCTION CONTRACT-PROT","2","500","5000","10",,,,"JN REFER TO CEC-12-124","B012025119C63",,,"2025-07-10T11:03:05.000","2025-07-31T00:00:00.000","2025-10-15T23:59:59.000","BROOKLYN",,"AVENUE T","EAST   22 STREET","EAST   23 STREET","WILLIAM A. GROSS CONSTRUCTION ASSOCIATES, INC.","Sidewalk reconstruction",,"ASPHALT","CONCRETE","2025-07-10T11:03:04.000","2025-07-10T11:03:04.000",,,
"B012025191C58","2025071000137026","0054","Renew","006","ISSUED & PRINTED","01","STREET OPENING PERMIT","0162P","NYC PARKS - RECONSTRUCTION CONTRACT-PROT","2","500","5000","10",,,,"JN REFER TO CEC-12-124","B012025119C64",,,"2025-07-10T11:03:10.000","2025-07-31T00:00:00.000","2025-10-15T23:59:59.000","BROOKLYN",,"EAST   23 STREET","SHORE PARKWAY","VOORHIES AVENUE","WILLIAM A. GROSS CONSTRUCTION ASSOCIATES, INC.","Sidewalk reconstruction",,"ASPHALT","CONCRETE","2025-07-10T11:03:08.000","2025-07-10T11:03:08.000",,,
"B012025191C59","2025071000137026","0055","Renew","006","ISSUED & PRINTED","01","STREET OPENING PERMIT","0162","NYC PARKS - RECONSTRUCTION CONTRACT","2","500","5000","10",,,,"JN REFER TO CEC-12-124","B012025119C65",,,"2025-07-10T11:03:10.000","2025-07-31T00:00:00.000","2025-10-15T23:59:59.000","BROOKLYN",,"EAST   23 STREET","SHORE PARKWAY",,"WILLIAM A. GROSS CONSTRUCTION ASSOCIATES, INC.","Sidewalk reconstruction",,"ASPHALT","CONCRETE","2025-07-10T11:03:08.000","2025-07-10T11:03:08.000",,,
"B012025191C61","2025071000137026","0057","Renew","006","ISSUED & PRINTED","01","STREET OPENING PERMIT","0162","NYC PARKS - RECONSTRUCTION CONTRACT","2","500","5000","10",,,,"JN REFER TO CEC-12-124","B012025119C67",,,"2025-07-10T11:03:12.000","2025-07-31T00:00:00.000","2025-10-15T23:59:59.000","BROOKLYN",,"EAST   28 STREET","AVENUE T","AVENUE U","WILLIAM A. GROSS CONSTRUCTION ASSOCIATES, INC.","Sidewalk reconstruction",,"ASPHALT","CONCRETE","2025-07-10T11:03:11.000","2025-07-10T11:03:11.000",,,
"M032025195A50","2025071400569563","0001","New","030","EXPIRED","03","MANHOLE EMBARGO PERMIT","0303","UTILITY MANHOLE EMBARGO PERMIT",,,,,,,,,,,,"2025-07-14T12:31:03.000","2025-07-14T12:31:03.000","2025-07-15T12:31:03.000","MANHATTAN",,"BROAD STREET","NASSAU STREET",,"CONSOLIDATED EDISON","759","STEAM",,,"2025-07-14T12:31:05.000","2025-07-16T00:05:11.000",,,
"B012025191C65","2025071000137026","0061","Renew","006","ISSUED & PRINTED","01","STREET OPENING PERMIT","0162","NYC PARKS - RECONSTRUCTION CONTRACT","2","500","5000","10",,,,"JN REFER TO CEC-12-124 RCRRM: 7/9/25 MUST COORDINATE WITH DOT MILLING AND PAVING;THE FULL WIDTH OF THE ROADWAY MUST BE FULLY UNOBSTRUCTED WHEN DOT IS ACTIVELY MILLING OR PAVING.","B012025119C69",,,"2025-07-10T11:03:13.000","2025-07-31T00:00:00.000","2025-10-15T23:59:59.000","BROOKLYN",,"AVENUE T","HARING STREET","NOSTRAND AVENUE","WILLIAM A. GROSS CONSTRUCTION ASSOCIATES, INC.","Sidewalk reconstruction",,"ASPHALT","CONCRETE","2025-07-10T11:03:12.000","2025-07-10T11:03:12.000",,,
"B012025191E34","2025070900959133","0046","Renew","006","ISSUED & PRINTED","01","STREET OPENING PERMIT","0160","SIDEWALK RECONSTRUCTION CONTRACTS","2","500","5000","10",,,,"JN REFER TO CEC-12-124","B012025119E10",,,"2025-07-10T11:29:00.000","2025-07-31T00:00:00.000","2025-10-15T23:59:59.000","BROOKLYN",,"EAST   23 STREET","SHORE PARKWAY",,"WILLIAM A. GROSS CONSTRUCTION ASSOCIATES, INC.","Sidewalk reconstruction",,"ASPHALT","CONCRETE","2025-07-10T11:28:59.000","2025-07-10T11:28:59.000",,,
"B012025191C66","2025071000137026","0062","Renew","006","ISSUED & PRINTED","01","STREET OPENING PERMIT","0160","SIDEWALK RECONSTRUCTION CONTRACTS","2","500","5000","10",,,,"JN REFER TO CEC-12-124","B012025119C30",,,"2025-07-10T11:03:13.000","2025-07-31T00:00:00.000","2025-10-15T23:59:59.000","BROOKLYN",,"EAST   36 STREET","AVENUE T","AVENUE U","WILLIAM A. GROSS CONSTRUCTION ASSOCIATES, INC.","Sidewalk reconstruction",,"ASPHALT","CONCRETE","2025-07-10T11:03:12.000","2025-07-10T11:03:12.000",,,
"B012025191C67","2025071000137026","0063","Renew","006","ISSUED & PRINTED","01","STREET OPENING PERMIT","0162","NYC PARKS - RECONSTRUCTION CONTRACT","2","500","5000","10",,,,"JN REFER TO CEC-12-124","B012025119C31",,,"2025-07-10T11:03:13.000","2025-07-31T00:00:00.000","2025-10-15T23:59:59.000","BROOKLYN",,"EAST   36 STREET","AVENUE T","AVENUE U","WILLIAM A. GROSS CONSTRUCTION ASSOCIATES, INC.","Sidewalk reconstruction",,"ASPHALT","CONCRETE","2025-07-10T11:03:12.000","2025-07-10T11:03:12.000",,,
"B012025191C68","2025071000137026","0064","Renew","006","ISSUED & PRINTED","01","STREET OPENING PERMIT","0162","NYC PARKS - RECONSTRUCTION CONTRACT","2","500","5000","10",,,,"JN REFER TO CEC-12-124 RCRRM: 7/9/25 MUST COORDINATE WITH DOT MILLING AND PAVING;THE FULL WIDTH OF THE ROADWAY MUST BE FULLY UNOBSTRUCTED WHEN DOT IS ACTIVELY MILLING OR PAVING.","B012025119C70",,,"2025-07-10T11:03:14.000","2025-07-31T00:00:00.000","2025-10-15T23:59:59.000","BROOKLYN",,"AVENUE T","HARING STREET",,"WILLIAM A. GROSS CONSTRUCTION ASSOCIATES, INC.","Sidewalk reconstruction",,"ASPHALT","CONCRETE","2025-07-10T11:03:13.000","2025-07-10T11:03:13.000",,,
"B012025191C70","2025071000137026","0066","Renew","006","ISSUED & PRINTED","01","STREET OPENING PERMIT","0162P","NYC PARKS - RECONSTRUCTION CONTRACT-PROT","2","500","5000","10",,,,"JN REFER TO CEC-12-124","B012025119C72",,,"2025-07-10T11:03:20.000","2025-07-31T00:00:00.000","2025-10-15T23:59:59.000","BROOKLYN",,"BATCHELDER STREET","AVENUE S","AVENUE T","WILLIAM A. GROSS CONSTRUCTION ASSOCIATES, INC.","Sidewalk reconstruction",,"ASPHALT","CONCRETE","2025-07-10T11:03:18.000","2025-07-10T11:03:18.000",,,
"B012025191C71","2025071000137026","0067","Renew","006","ISSUED & PRINTED","01","STREET OPENING PERMIT","0160","SIDEWALK RECONSTRUCTION CONTRACTS","2","500","5000","10",,,,"JN REFER TO CEC-12-124","B012025119C32",,,"2025-07-10T11:03:22.000","2025-07-31T00:00:00.000","2025-10-15T23:59:59.000","BROOKLYN",,"EAST   35 STREET","AVENUE S","FILLMORE AVENUE","WILLIAM A. GROSS CONSTRUCTION ASSOCIATES, INC.","Sidewalk reconstruction",,"ASPHALT","CONCRETE","2025-07-10T11:03:20.000","2025-07-10T11:03:20.000",,,
"B012025191C72","2025071000137026","0068","Renew","006","ISSUED & PRINTED","01","STREET OPENING PERMIT","0162","NYC PARKS - RECONSTRUCTION CONTRACT","2","500","5000","10",,,,"JN REFER TO CEC-12-124","B012025119C33",,,"2025-07-10T11:03:22.000","2025-07-31T00:00:00.000","2025-10-15T23:59:59.000","BROOKLYN",,"EAST   35 STREET","AVENUE S","FILLMORE AVENUE","WILLIAM A. GROSS CONSTRUCTION ASSOCIATES, INC.","Sidewalk reconstruction",,"ASPHALT","CONCRETE","2025-07-10T11:03:21.000","2025-07-10T11:03:21.000",,,
"B012025191C91","2025071000137026","0087","Renew","006","ISSUED & PRINTED","01","STREET OPENING PERMIT","0162","NYC PARKS - RECONSTRUCTION CONTRACT","2","500","5000","10",,,,"JN REFER TO CEC-12-124","B012025119C39",,,"2025-07-10T11:03:40.000","2025-07-31T00:00:00.000","2025-10-15T23:59:59.000","BROOKLYN",,"AVENUE J","EAST   32 STREET","NEW YORK AVENUE","WILLIAM A. GROSS CONSTRUCTION ASSOCIATES, INC.","Sidewalk reconstruction",,"ASPHALT","CONCRETE","2025-07-10T11:03:39.000","2025-07-10T11:03:39.000",,,
"B012025191C92","2025071000137026","0088","Renew","006","ISSUED & PRINTED","01","STREET OPENING PERMIT","0160","SIDEWALK RECONSTRUCTION CONTRACTS","2","500","5000","10",,,,"JN REFER TO CEC-12-124","B012025119C83",,,"2025-07-10T11:03:46.000","2025-07-31T00:00:00.000","2025-10-15T23:59:59.000","BROOKLYN",,"AVENUE P","EAST   13 STREET","EAST   14 STREET","WILLIAM A. GROSS CONSTRUCTION ASSOCIATES, INC.","Sidewalk reconstruction",,"ASPHALT","CONCRETE","2025-07-10T11:03:47.000","2025-07-10T11:03:47.000",,,
"B022025191B18","2025071000660743","0002","Renew","006","ISSUED & PRINTED","02","BUILDING OPERATION PERMIT","0202","CROSSING SIDEWALK",,,,,,,,"JN BNEC-24-340","B022025168A92",,,"2025-07-10T15:36:14.000","2025-07-22T00:00:00.000","2025-10-10T23:59:59.000","BROOKLYN",,"37 STREET","14 AVENUE","15 AVENUE","CITY BUILDERS NYC LLC",,"AKA 3710 15 Ave","ASPHALT","CONCRETE","2025-07-10T15:36:13.000","2025-07-10T15:36:13.000",,,
"B012025191C90","2025071000137026","0086","Renew","006","ISSUED & PRINTED","01","STREET OPENING PERMIT","0160","SIDEWALK RECONSTRUCTION CONTRACTS","2","500","5000","10",,,,"JN REFER TO CEC-12-124","B012025119C38",,,"2025-07-10T11:03:40.000","2025-07-31T00:00:00.000","2025-10-15T23:59:59.000","BROOKLYN",,"AVENUE J","EAST   32 STREET","NEW YORK AVENUE","WILLIAM A. GROSS CONSTRUCTION ASSOCIATES, INC.","Sidewalk reconstruction",,"ASPHALT","CONCRETE","2025-07-10T11:03:39.000","2025-07-10T11:03:39.000",,,
"B012025191C73","2025071000137026","0069","Renew","006","ISSUED & PRINTED","01","STREET OPENING PERMIT","0162","NYC PARKS - RECONSTRUCTION CONTRACT","2","500","5000","10",,,,"JN REFER TO CEC-12-124 RCRRM: 7/9/25 MUST COORDINATE WITH DOT MILLING AND PAVING;THE FULL WIDTH OF THE ROADWAY MUST BE FULLY UNOBSTRUCTED WHEN DOT IS ACTIVELY MILLING OR PAVING.","B012025119C73",,,"2025-07-10T11:03:22.000","2025-07-31T00:00:00.000","2025-10-15T23:59:59.000","BROOKLYN",,"AVENUE T","BATCHELDER STREET",,"WILLIAM A. GROSS CONSTRUCTION ASSOCIATES, INC.","Sidewalk reconstruction",,"ASPHALT","CONCRETE","2025-07-10T11:03:21.000","2025-07-10T11:03:21.000",,,
"B012025191C75","2025071000137026","0071","Renew","006","ISSUED & PRINTED","01","STREET OPENING PERMIT","0162","NYC PARKS - RECONSTRUCTION CONTRACT","2","500","5000","10",,,,"JN REFER TO CEC-12-124","B012025119C75",,,"2025-07-10T11:03:27.000","2025-07-31T00:00:00.000","2025-10-15T23:59:59.000","BROOKLYN",,"BEDFORD AVENUE","AVENUE R","AVENUE S","WILLIAM A. GROSS CONSTRUCTION ASSOCIATES, INC.","Sidewalk reconstruction",,"ASPHALT","CONCRETE","2025-07-10T11:03:26.000","2025-07-10T11:03:26.000",,,
"B162025190A52","2025070900947920","0002","Renew","030","EXPIRED","16","COMMERCIAL REFUSE CONTAINER PERMIT","1600","COMMERCIAL REFUSE CONTAINER",,,,,,,,,"B162025185A30",,,"2025-07-09T16:14:25.000","2025-07-10T00:00:00.000","2025-07-14T23:59:59.000","BROOKLYN","552-554","9 STREET","8 AVENUE","PROSPECT PARK WEST","SAL DONA, INC.",,,,,"2025-07-09T16:14:24.000","2025-07-15T00:05:10.000",,,
"B012025191C76","2025071000137026","0072","Renew","006","ISSUED & PRINTED","01","STREET OPENING PERMIT","0162","NYC PARKS - RECONSTRUCTION CONTRACT","2","500","5000","10",,,,"JN REFER TO CEC-12-124","B012025119C76",,,"2025-07-10T11:03:29.000","2025-07-31T00:00:00.000","2025-10-15T23:59:59.000","BROOKLYN",,"AVENUE S","BEDFORD AVENUE",,"WILLIAM A. GROSS CONSTRUCTION ASSOCIATES, INC.","Sidewalk reconstruction",,"ASPHALT","CONCRETE","2025-07-10T11:03:28.000","2025-07-10T11:03:28.000",,,
"B012025191C77","2025071000137026","0073","Renew","006","ISSUED & PRINTED","01","STREET OPENING PERMIT","0162","NYC PARKS - RECONSTRUCTION CONTRACT","2","500","5000","10",,,,"JN REFER TO CEC-12-124","B012025119C77",,,"2025-07-10T11:03:30.000","2025-07-31T00:00:00.000","2025-10-15T23:59:59.000","BROOKLYN",,"EAST   10 STREET","AVENUE R","KINGS HIGHWAY","WILLIAM A. GROSS CONSTRUCTION ASSOCIATES, INC.","Sidewalk reconstruction",,"ASPHALT","CONCRETE","2025-07-10T11:03:28.000","2025-07-10T11:03:28.000",,,
"B012025191C78","2025071000137026","0074","Renew","006","ISSUED & PRINTED","01","STREET OPENING PERMIT","0160P","SIDEWALK RECONSTRUCTION CONTRACTS-PROT","2","500","5000","10",,,,"JN REFER TO CEC-12-124","B012025119C34",,,"2025-07-10T11:03:31.000","2025-07-31T00:00:00.000","2025-10-15T23:59:59.000","BROOKLYN",,"MARINE PARKWAY","AVENUE R","QUENTIN ROAD","WILLIAM A. GROSS CONSTRUCTION ASSOCIATES, INC.","Sidewalk reconstruction",,"ASPHALT","CONCRETE","2025-07-10T11:03:29.000","2025-07-10T11:03:29.000",,,
"B012025191C99","2025071000137026","0095","Renew","006","ISSUED & PRINTED","01","STREET OPENING PERMIT","0160","SIDEWALK RECONSTRUCTION CONTRACTS","2","500","5000","10",,,,"JN REFER TO CEC-12-124","B012025119C87",,,"2025-07-10T11:04:18.000","2025-07-31T00:00:00.000","2025-10-15T23:59:59.000","BROOKLYN","736","EAST   37 STREET","FARRAGUT ROAD","FOSTER AVENUE","WILLIAM A. GROSS CONSTRUCTION ASSOCIATES, INC.","Sidewalk reconstruction",,"ASPHALT","CONCRETE","2025-07-10T11:04:18.000","2025-07-10T11:04:18.000",,,
"B012025191C79","2025071000137026","0075","Renew","006","ISSUED & PRINTED","01","STREET OPENING PERMIT","0162","NYC PARKS - RECONSTRUCTION CONTRACT","2","500","5000","10",,,,"JN REFER TO CEC-12-124 RCRRM: 7/9/25 MUST COORDINATE WITH DOT MILLING AND PAVING;THE FULL WIDTH OF THE ROADWAY MUST BE FULLY UNOBSTRUCTED WHEN DOT IS ACTIVELY MILLING OR PAVING.","B012025119D11",,,"2025-07-10T11:03:31.000","2025-07-31T00:00:00.000","2025-10-15T23:59:59.000","BROOKLYN",,"AVENUE R","EAST   10 STREET",,"WILLIAM A. GROSS CONSTRUCTION ASSOCIATES, INC.","Sidewalk reconstruction",,"ASPHALT","CONCRETE","2025-07-10T11:03:30.000","2025-07-10T11:03:30.000",,,
"B012025191C80","2025071000137026","0076","Renew","006","ISSUED & PRINTED","01","STREET OPENING PERMIT","0162P","NYC PARKS - RECONSTRUCTION CONTRACT-PROT","2","500","5000","10",,,,"JN REFER TO CEC-12-124","B012025119C35",,,"2025-07-10T11:03:33.000","2025-07-31T00:00:00.000","2025-10-15T23:59:59.000","BROOKLYN",,"MARINE PARKWAY","AVENUE R","QUENTIN ROAD","WILLIAM A. GROSS CONSTRUCTION ASSOCIATES, INC.","Sidewalk reconstruction",,"ASPHALT","CONCRETE","2025-07-10T11:03:32.000","2025-07-10T11:03:32.000",,,
"B012025191C81","2025071000137026","0077","Renew","006","ISSUED & PRINTED","01","STREET OPENING PERMIT","0162P","NYC PARKS - RECONSTRUCTION CONTRACT-PROT","2","500","5000","10",,,,"JN REFER TO CEC-12-124","B012025119C78",,,"2025-07-10T11:03:36.000","2025-07-31T00:00:00.000","2025-10-15T23:59:59.000","BROOKLYN",,"BILLINGS PLACE","MC DONALD AVENUE",,"WILLIAM A. GROSS CONSTRUCTION ASSOCIATES, INC.","Sidewalk reconstruction",,"ASPHALT","CONCRETE","2025-07-10T11:03:35.000","2025-07-10T11:03:35.000",,,
"B012025191C82","2025071000137026","0078","Renew","006","ISSUED & PRINTED","01","STREET OPENING PERMIT","0162","NYC PARKS - RECONSTRUCTION CONTRACT","2","500","5000","10",,,,"JN REFER TO CEC-12-124","B012025119C79",,,"2025-07-10T11:03:36.000","2025-07-31T00:00:00.000","2025-10-15T23:59:59.000","BROOKLYN",,"BILLINGS PLACE","EAST    2 STREET","MC DONALD AVENUE","WILLIAM A. GROSS CONSTRUCTION ASSOCIATES, INC.","Sidewalk reconstruction",,"ASPHALT","CONCRETE","2025-07-10T11:03:35.000","2025-07-10T11:03:35.000",,,
"B012025191C83","2025071000137026","0079","Renew","006","ISSUED & PRINTED","01","STREET OPENING PERMIT","0162","NYC PARKS - RECONSTRUCTION CONTRACT","2","500","5000","10",,,,"JN REFER TO CEC-12-124","B012025119C80",,,"2025-07-10T11:03:36.000","2025-07-31T00:00:00.000","2025-10-15T23:59:59.000","BROOKLYN",,"BILLINGS PLACE","EAST    2 STREET",,"WILLIAM A. GROSS CONSTRUCTION ASSOCIATES, INC.","Sidewalk reconstruction",,"ASPHALT","CONCRETE","2025-07-10T11:03:35.000","2025-07-10T11:03:35.000",,,
"B012025191C84","2025071000137026","0080","Renew","006","ISSUED & PRINTED","01","STREET OPENING PERMIT","0160","SIDEWALK RECONSTRUCTION CONTRACTS","2","500","5000","10",,,,"JN REFER TO CEC-12-124","B012025119C36",,,"2025-07-10T11:03:39.000","2025-07-31T00:00:00.000","2025-10-15T23:59:59.000","BROOKLYN",,"AVENUE J","EAST   31 STREET","EAST   32 STREET","WILLIAM A. GROSS CONSTRUCTION ASSOCIATES, INC.","Sidewalk reconstruction",,"ASPHALT","CONCRETE","2025-07-10T11:03:38.000","2025-07-10T11:03:38.000",,,
"B012025191C85","2025071000137026","0081","Renew","006","ISSUED & PRINTED","01","STREET OPENING PERMIT","0162","NYC PARKS - RECONSTRUCTION CONTRACT","2","500","5000","10",,,,"JN REFER TO CEC-12-124","B012025119C37",,,"2025-07-10T11:03:39.000","2025-07-31T00:00:00.000","2025-10-15T23:59:59.000","BROOKLYN",,"AVENUE J","EAST   31 STREET","EAST   32 STREET","WILLIAM A. GROSS CONSTRUCTION ASSOCIATES, INC.","Sidewalk reconstruction",,"ASPHALT","CONCRETE","2025-07-10T11:03:38.000","2025-07-10T11:03:38.000",,,
"B012025191C86","2025071000137026","0082","Renew","006","ISSUED & PRINTED","01","STREET OPENING PERMIT","0162","NYC PARKS - RECONSTRUCTION CONTRACT","2","500","5000","10",,,,"JN REFER TO CEC-12-124","B012025119C81",,,"2025-07-10T11:03:39.000","2025-07-31T00:00:00.000","2025-10-15T23:59:59.000","BROOKLYN",,"DOVER STREET","ORIENTAL BOULEVARD",,"WILLIAM A. GROSS CONSTRUCTION ASSOCIATES, INC.","Sidewalk reconstruction",,"ASPHALT","CONCRETE","2025-07-10T11:03:38.000","2025-07-10T11:03:38.000",,,
"B012025191C87","2025071000137026","0083","Renew","006","ISSUED & PRINTED","01","STREET OPENING PERMIT","0160P","SIDEWALK RECONSTRUCTION CONTRACTS-PROT","2","500","5000","10",,,,"JN REFER TO CEC-12-124","B012025119D05",,,"2025-07-10T11:03:39.000","2025-07-31T00:00:00.000","2025-10-15T23:59:59.000","BROOKLYN",,"DEAN STREET","HOPKINSON AVENUE","SARATOGA AVENUE","WILLIAM A. GROSS CONSTRUCTION ASSOCIATES, INC.","Sidewalk reconstruction",,"ASPHALT","CONCRETE","2025-07-10T11:03:38.000","2025-07-10T11:03:38.000",,,
"B012025191C88","2025071000137026","0084","Renew","006","ISSUED & PRINTED","01","STREET OPENING PERMIT","0162","NYC PARKS - RECONSTRUCTION CONTRACT","2","500","5000","10",,,,"JN REFER TO CEC-12-124","B012025119C82",,,"2025-07-10T11:03:40.000","2025-07-31T00:00:00.000","2025-10-15T23:59:59.000","BROOKLYN",,"BEAUMONT STREET","SHORE BOULEVARD",,"WILLIAM A. GROSS CONSTRUCTION ASSOCIATES, INC.","Sidewalk reconstruction",,"ASPHALT","CONCRETE","2025-07-10T11:03:38.000","2025-07-10T11:03:38.000",,,
"B012025191C89","2025071000137026","0085","Renew","006","ISSUED & PRINTED","01","STREET OPENING PERMIT","0162P","NYC PARKS - RECONSTRUCTION CONTRACT-PROT","2","500","5000","10",,,,"JN REFER TO CEC-12-124","B012025119D06",,,"2025-07-10T11:03:40.000","2025-07-31T00:00:00.000","2025-10-15T23:59:59.000","BROOKLYN",,"DEAN STREET","HOPKINSON AVENUE","SARATOGA AVENUE","WILLIAM A. GROSS CONSTRUCTION ASSOCIATES, INC.","Sidewalk reconstruction",,"ASPHALT","CONCRETE","2025-07-10T11:03:39.000","2025-07-10T11:03:39.000",,,
"B012025191C93","2025071000137026","0089","Renew","006","ISSUED & PRINTED","01","STREET OPENING PERMIT","0162","NYC PARKS - RECONSTRUCTION CONTRACT","2","500","5000","10",,,,"JN REFER TO CEC-12-124","B012025119C84",,,"2025-07-10T11:03:55.000","2025-07-31T00:00:00.000","2025-10-15T23:59:59.000","BROOKLYN",,"DESMOND COURT","EAST    7 STREET",,"WILLIAM A. GROSS CONSTRUCTION ASSOCIATES, INC.","Sidewalk reconstruction",,"ASPHALT","CONCRETE","2025-07-10T11:03:56.000","2025-07-10T11:03:56.000",,,
"B012025191C94","2025071000137026","0090","Renew","006","ISSUED & PRINTED","01","STREET OPENING PERMIT","0160","SIDEWALK RECONSTRUCTION CONTRACTS","2","500","5000","10",,,,"JN REFER TO CEC-12-124","B012025119C40",,,"2025-07-10T11:04:00.000","2025-07-31T00:00:00.000","2025-10-15T23:59:59.000","BROOKLYN",,"EAST   39 STREET","AVENUE I","AVENUE J","WILLIAM A. GROSS CONSTRUCTION ASSOCIATES, INC.","Sidewalk reconstruction",,"ASPHALT","CONCRETE","2025-07-10T11:03:59.000","2025-07-10T11:03:59.000",,,
"B162025190A56","2025070900996000","0001","New","030","EXPIRED","16","COMMERCIAL REFUSE CONTAINER PERMIT","1600","COMMERCIAL REFUSE CONTAINER",,,,,,,,,,,,"2025-07-09T18:04:12.000","2025-07-11T00:00:00.000","2025-07-15T23:59:59.000","BROOKLYN","144","PARKVILLE AVENUE","EAST    3 STREET","OCEAN PARKWAY","ECONOMY CONTAINER CORP.",,,,,"2025-07-09T18:04:13.000","2025-07-16T00:05:11.000",,,
"B012025191C95","2025071000137026","0091","Renew","006","ISSUED & PRINTED","01","STREET OPENING PERMIT","0160","SIDEWALK RECONSTRUCTION CONTRACTS","2","500","5000","10",,,,"JN REFER TO CEC-12-124 RCRRM: 7/9/25 MUST COORDINATE WITH DOT MILLING AND PAVING;THE FULL WIDTH OF THE ROADWAY MUST BE FULLY UNOBSTRUCTED WHEN DOT IS ACTIVELY MILLING OR PAVING.","B012025119C85",,,"2025-07-10T11:04:01.000","2025-07-31T00:00:00.000","2025-10-15T23:59:59.000","BROOKLYN",,"AVENUE P","EAST   14 STREET",,"WILLIAM A. GROSS CONSTRUCTION ASSOCIATES, INC.","Sidewalk reconstruction",,"ASPHALT","CONCRETE","2025-07-10T11:03:59.000","2025-07-10T11:03:59.000",,,
"B012025191C96","2025071000137026","0092","Renew","006","ISSUED & PRINTED","01","STREET OPENING PERMIT","0162","NYC PARKS - RECONSTRUCTION CONTRACT","2","500","5000","10",,,,"JN REFER TO CEC-12-124","B012025119C41",,,"2025-07-10T11:04:01.000","2025-07-31T00:00:00.000","2025-10-15T23:59:59.000","BROOKLYN",,"EAST   39 STREET","AVENUE I","AVENUE J","WILLIAM A. GROSS CONSTRUCTION ASSOCIATES, INC.","Sidewalk reconstruction",,"ASPHALT","CONCRETE","2025-07-10T11:04:00.000","2025-07-10T11:04:00.000",,,
"B012025191C97","2025071000137026","0093","Renew","006","ISSUED & PRINTED","01","STREET OPENING PERMIT","0162","NYC PARKS - RECONSTRUCTION CONTRACT","2","500","5000","10",,,,"JN REFER TO CEC-12-124","B012025119C86",,,"2025-07-10T11:04:13.000","2025-07-31T00:00:00.000","2025-10-15T23:59:59.000","BROOKLYN",,"DESMOND COURT","CONEY ISLAND AVENUE","EAST    7 STREET","WILLIAM A. GROSS CONSTRUCTION ASSOCIATES, INC.","Sidewalk reconstruction",,"ASPHALT","CONCRETE","2025-07-10T11:04:11.000","2025-07-10T11:04:11.000",,,
"B012025191C98","2025071000137026","0094","Renew","006","ISSUED & PRINTED","01","STREET OPENING PERMIT","0160","SIDEWALK RECONSTRUCTION CONTRACTS","2","500","5000","10",,,,"JN REFER TO CEC-12-124","B012025119C12",,,"2025-07-10T11:04:15.000","2025-07-31T00:00:00.000","2025-10-15T23:59:59.000","BROOKLYN",,"DITMAS AVENUE","EAST   58 STREET","EAST   59 STREET","WILLIAM A. GROSS CONSTRUCTION ASSOCIATES, INC.","Sidewalk reconstruction",,"ASPHALT","CONCRETE","2025-07-10T11:04:14.000","2025-07-10T11:04:14.000",,,
"B012025191D01","2025071000137026","0097","Renew","006","ISSUED & PRINTED","01","STREET OPENING PERMIT","0160","SIDEWALK RECONSTRUCTION CONTRACTS","2","500","5000","10",,,,"JN REFER TO CEC-12-124 RCRRM: 7/9/25 MUST COORDINATE WITH DOT MILLING AND PAVING;THE FULL WIDTH OF THE ROADWAY MUST BE FULLY UNOBSTRUCTED WHEN DOT IS ACTIVELY MILLING OR PAVING.","B012025119D07",,,"2025-07-10T11:04:23.000","2025-07-31T00:00:00.000","2025-10-15T23:59:59.000","BROOKLYN",,"CRAWFORD AVENUE","EAST   12 STREET",,"WILLIAM A. GROSS CONSTRUCTION ASSOCIATES, INC.","Sidewalk reconstruction",,"ASPHALT","CONCRETE","2025-07-10T11:04:22.000","2025-07-10T11:04:22.000",,,
"B012025191D02","2025071000137026","0098","Renew","006","ISSUED & PRINTED","01","STREET OPENING PERMIT","0160","SIDEWALK RECONSTRUCTION CONTRACTS","2","500","5000","10",,,,"JN REFER TO CEC-12-124","B012025119C89",,,"2025-07-10T11:04:23.000","2025-07-31T00:00:00.000","2025-10-15T23:59:59.000","BROOKLYN","1341","EAST   64 STREET","AVENUE N","BEND","WILLIAM A. GROSS CONSTRUCTION ASSOCIATES, INC.","Sidewalk reconstruction",,"ASPHALT","CONCRETE","2025-07-10T11:04:22.000","2025-07-10T11:04:22.000",,,
"B012025191D48","2025071000123326","0032","Renew","006","ISSUED & PRINTED","01","STREET OPENING PERMIT","0160","SIDEWALK RECONSTRUCTION CONTRACTS","2","500","5000","10",,,,"JN REFER TO CEC-12-124","B012025119D57",,,"2025-07-10T11:16:50.000","2025-07-31T00:00:00.000","2025-10-15T23:59:59.000","BROOKLYN",,"EAST   28 STREET","AVENUE T","AVENUE U","WILLIAM A. GROSS CONSTRUCTION ASSOCIATES, INC.","Sidewalk reconstruction",,"ASPHALT","CONCRETE","2025-07-10T11:16:49.000","2025-07-10T11:16:49.000",,,
"B012025191D03","2025071000137026","0099","Renew","006","ISSUED & PRINTED","01","STREET OPENING PERMIT","0162","NYC PARKS - RECONSTRUCTION CONTRACT","2","500","5000","10",,,,"JN REFER TO CEC-12-124 RCRRM: 7/9/25 MUST COORDINATE WITH DOT MILLING AND PAVING;THE FULL WIDTH OF THE ROADWAY MUST BE FULLY UNOBSTRUCTED WHEN DOT IS ACTIVELY MILLING OR PAVING.","B012025119D01",,,"2025-07-10T11:04:23.000","2025-07-31T00:00:00.000","2025-10-15T23:59:59.000","BROOKLYN",,"CRAWFORD AVENUE","EAST   12 STREET",,"WILLIAM A. GROSS CONSTRUCTION ASSOCIATES, INC.","Sidewalk reconstruction",,"ASPHALT","CONCRETE","2025-07-10T11:04:22.000","2025-07-10T11:04:22.000",,,
"B012025191D04","2025071000137026","0100","Renew","006","ISSUED & PRINTED","01","STREET OPENING PERMIT","0160","SIDEWALK RECONSTRUCTION CONTRACTS","2","500","5000","10",,,,"JN REFER TO CEC-12-124","B012025119C13",,,"2025-07-10T11:04:24.000","2025-07-31T00:00:00.000","2025-10-15T23:59:59.000","BROOKLYN",,"EAST   58 STREET","LINDEN BOULEVARD","REMSEN AVENUE","WILLIAM A. GROSS CONSTRUCTION ASSOCIATES, INC.","Sidewalk reconstruction",,"ASPHALT","CONCRETE","2025-07-10T11:04:22.000","2025-07-10T11:04:22.000",,,
"B012025191D05","2025071000137026","0101","Renew","006","ISSUED & PRINTED","01","STREET OPENING PERMIT","0160","SIDEWALK RECONSTRUCTION CONTRACTS","2","500","5000","10",,,,"JN REFER TO CEC-12-124","B012025119D08",,,"2025-07-10T11:04:24.000","2025-07-31T00:00:00.000","2025-10-15T23:59:59.000","BROOKLYN",,"EAST   12 STREET","AVENUE X","CRAWFORD AVENUE","WILLIAM A. GROSS CONSTRUCTION ASSOCIATES, INC.","Sidewalk reconstruction",,"ASPHALT","CONCRETE","2025-07-10T11:04:23.000","2025-07-10T11:04:23.000",,,
"B012025191D06","2025071000137026","0102","Renew","006","ISSUED & PRINTED","01","STREET OPENING PERMIT","0160","SIDEWALK RECONSTRUCTION CONTRACTS","2","500","5000","10",,,,"JN REFER TO CEC-12-124","B012025119C90",,,"2025-07-10T11:04:24.000","2025-07-31T00:00:00.000","2025-10-15T23:59:59.000","BROOKLYN","1862","TROY AVENUE","AVENUE J","AVENUE K","WILLIAM A. GROSS CONSTRUCTION ASSOCIATES, INC.","Sidewalk reconstruction",,"ASPHALT","CONCRETE","2025-07-10T11:04:23.000","2025-07-10T11:04:23.000",,,
"B012025191D07","2025071000137026","0103","Renew","006","ISSUED & PRINTED","01","STREET OPENING PERMIT","0162","NYC PARKS - RECONSTRUCTION CONTRACT","2","500","5000","10",,,,"JN REFER TO CEC-12-124","B012025119D02",,,"2025-07-10T11:04:24.000","2025-07-31T00:00:00.000","2025-10-15T23:59:59.000","BROOKLYN",,"EAST   12 STREET","AVENUE X","CRAWFORD AVENUE","WILLIAM A. GROSS CONSTRUCTION ASSOCIATES, INC.","Sidewalk reconstruction",,"ASPHALT","CONCRETE","2025-07-10T11:04:23.000","2025-07-10T11:04:23.000",,,
"B012025191D24","2025071000123326","0008","Renew","006","ISSUED & PRINTED","01","STREET OPENING PERMIT","0160","SIDEWALK RECONSTRUCTION CONTRACTS","2","500","5000","10",,,,"JN REFER TO CEC-12-124","B012025119D34",,,"2025-07-10T11:16:38.000","2025-07-31T00:00:00.000","2025-10-15T23:59:59.000","BROOKLYN",,"WEST    5 STREET","AVENUE V","WOLF PLACE","WILLIAM A. GROSS CONSTRUCTION ASSOCIATES, INC.","Sidewalk reconstruction",,"ASPHALT","CONCRETE","2025-07-10T11:16:37.000","2025-07-10T11:16:37.000",,,
"B012025191D26","2025071000123326","0010","Renew","006","ISSUED & PRINTED","01","STREET OPENING PERMIT","0160","SIDEWALK RECONSTRUCTION CONTRACTS","2","500","5000","10",,,,"JN REFER TO CEC-12-124","B012025119D36",,,"2025-07-10T11:16:39.000","2025-07-31T00:00:00.000","2025-10-15T23:59:59.000","BROOKLYN",,"EAST   92 STREET","EAST NEW YORK AVENUE","RUTLAND ROAD","WILLIAM A. GROSS CONSTRUCTION ASSOCIATES, INC.","Sidewalk reconstruction",,"ASPHALT","CONCRETE","2025-07-10T11:16:38.000","2025-07-10T11:16:38.000",,,
"B012025191D56","2025071000123326","0040","Renew","006","ISSUED & PRINTED","01","STREET OPENING PERMIT","0160","SIDEWALK RECONSTRUCTION CONTRACTS","2","500","5000","10",,,,"JN REFER TO CEC-12-124","B012025119D65",,,"2025-07-10T11:16:55.000","2025-07-31T00:00:00.000","2025-10-15T23:59:59.000","BROOKLYN",,"AVENUE S","BATCHELDER STREET",,"WILLIAM A. GROSS CONSTRUCTION ASSOCIATES, INC.","Sidewalk reconstruction",,"ASPHALT","CONCRETE","2025-07-10T11:16:53.000","2025-07-10T11:16:53.000",,,
"B012025191D08","2025071000137026","0104","Renew","006","ISSUED & PRINTED","01","STREET OPENING PERMIT","0160","SIDEWALK RECONSTRUCTION CONTRACTS","2","500","5000","10",,,,"JN REFER TO CEC-12-124 RCRRM: 7/9/25 MUST COORDINATE WITH DOT MILLING AND PAVING;THE FULL WIDTH OF THE ROADWAY MUST BE FULLY UNOBSTRUCTED WHEN DOT IS ACTIVELY MILLING OR PAVING.","B012025119D04",,,"2025-07-10T11:04:24.000","2025-07-31T00:00:00.000","2025-10-15T23:59:59.000","BROOKLYN",,"AVENUE X","EAST   12 STREET",,"WILLIAM A. GROSS CONSTRUCTION ASSOCIATES, INC.","Sidewalk reconstruction",,"ASPHALT","CONCRETE","2025-07-10T11:04:23.000","2025-07-10T11:04:23.000",,,
"B012025191D09","2025071000137026","0105","Renew","006","ISSUED & PRINTED","01","STREET OPENING PERMIT","0162","NYC PARKS - RECONSTRUCTION CONTRACT","2","500","5000","10",,,,"JN REFER TO CEC-12-124 RCRRM: 7/9/25 MUST COORDINATE WITH DOT MILLING AND PAVING;THE FULL WIDTH OF THE ROADWAY MUST BE FULLY UNOBSTRUCTED WHEN DOT IS ACTIVELY MILLING OR PAVING.","B012025119C96",,,"2025-07-10T11:04:26.000","2025-07-31T00:00:00.000","2025-10-15T23:59:59.000","BROOKLYN",,"AVENUE X","EAST   12 STREET",,"WILLIAM A. GROSS CONSTRUCTION ASSOCIATES, INC.","Sidewalk reconstruction",,"ASPHALT","CONCRETE","2025-07-10T11:04:25.000","2025-07-10T11:04:25.000",,,
"B012025191D10","2025071000137026","0106","Renew","006","ISSUED & PRINTED","01","STREET OPENING PERMIT","0162","NYC PARKS - RECONSTRUCTION CONTRACT","2","500","5000","10",,,,"JN REFER TO CEC-12-124","B012025119C91",,,"2025-07-10T11:04:26.000","2025-07-31T00:00:00.000","2025-10-15T23:59:59.000","BROOKLYN",,"GRAVESEND NECK ROAD","EAST    7 STREET","EAST    8 STREET","WILLIAM A. GROSS CONSTRUCTION ASSOCIATES, INC.","Sidewalk reconstruction",,"ASPHALT","CONCRETE","2025-07-10T11:04:25.000","2025-07-10T11:04:25.000",,,
"B012025191D11","2025071000137026","0107","Renew","006","ISSUED & PRINTED","01","STREET OPENING PERMIT","0162","NYC PARKS - RECONSTRUCTION CONTRACT","2","500","5000","10",,,,"JN REFER TO CEC-12-124","B012025119C92",,,"2025-07-10T11:04:26.000","2025-07-31T00:00:00.000","2025-10-15T23:59:59.000","BROOKLYN",,"EAST    8 STREET","GRAVESEND NECK ROAD",,"WILLIAM A. GROSS CONSTRUCTION ASSOCIATES, INC.","Sidewalk reconstruction",,"ASPHALT","CONCRETE","2025-07-10T11:04:25.000","2025-07-10T11:04:25.000",,,
"B012025191D12","2025071000137026","0108","Renew","006","ISSUED & PRINTED","01","STREET OPENING PERMIT","0160","SIDEWALK RECONSTRUCTION CONTRACTS","2","500","5000","10",,,,"JN REFER TO CEC-12-124","B012025119C14",,,"2025-07-10T11:04:27.000","2025-07-31T00:00:00.000","2025-10-15T23:59:59.000","BROOKLYN",,"EAST   46 STREET","CHURCH AVENUE","LINDEN BOULEVARD","WILLIAM A. GROSS CONSTRUCTION ASSOCIATES, INC.","Sidewalk reconstruction",,"ASPHALT","CONCRETE","2025-07-10T11:04:25.000","2025-07-10T11:04:25.000",,,
"M032025191A35","2025071000092236","0002","New","030","EXPIRED","03","MANHOLE EMBARGO PERMIT","0303","UTILITY MANHOLE EMBARGO PERMIT",,,,,,,,,,,,"2025-07-10T07:29:14.000","2025-07-10T07:29:15.000","2025-07-11T07:29:15.000","MANHATTAN",,"JOHN STREET","PEARL STREET",,"CONSOLIDATED EDISON","MANHOLE","MH",,,"2025-07-10T07:29:13.000","2025-07-12T00:05:10.000",,,
"B152025197A02","2025071600164463","0003","New","030","EXPIRED","15","DOT IN-HOUSE PAVING AND MILLING","1501","DOT IN-HOUSE PAVING",,,,,,,,,,,,"2025-07-16T08:00:57.000","2025-07-16T08:00:57.000","2025-07-17T23:59:59.000","BROOKLYN",,"LEONARD STREET","METROPOLITAN AVENUE",,"NYC DEPT OF TRANSPORTATION","PAVING","SEGMENT AND INTERSECTION",,,"2025-07-16T08:00:56.000","2025-07-18T00:05:11.000",,,
"B012025196D17","2025070900528373","0001","New","006","ISSUED & PRINTED","01","STREET OPENING PERMIT","0100","OPEN SIDEWALK TO INSTALL FOUNDATION","1","44",,,,,,"IL. BNEC-25-035",,,,"2025-07-15T16:30:13.000","2025-07-15T16:30:13.000","2025-10-07T23:59:59.000","BROOKLYN","222","16 STREET","5 AVENUE","6 AVENUE","S&U  MANAGEMENT INC",,,,"CONCRETE","2025-07-15T16:30:12.000","2025-07-15T16:30:12.000",,,
"B012025191D17","2025071000123326","0001","Renew","006","ISSUED & PRINTED","01","STREET OPENING PERMIT","0160","SIDEWALK RECONSTRUCTION CONTRACTS","2","500","5000","10",,,,"JN REFER TO CEC-12-124 RCRRM: 7/9/25 MUST COORDINATE WITH DOT MILLING AND PAVING;THE FULL WIDTH OF THE ROADWAY MUST BE FULLY UNOBSTRUCTED WHEN DOT IS ACTIVELY MILLING OR PAVING.","B012025119D97",,,"2025-07-10T11:16:37.000","2025-07-31T00:00:00.000","2025-10-15T23:59:59.000","BROOKLYN",,"AVENUE W","EAST    3 STREET",,"WILLIAM A. GROSS CONSTRUCTION ASSOCIATES, INC.","Sidewalk reconstruction",,"ASPHALT","CONCRETE","2025-07-10T11:16:35.000","2025-07-10T11:16:35.000",,,
"B162025190A31","2025070900577550","0001","New","030","EXPIRED","16","COMMERCIAL REFUSE CONTAINER PERMIT","1600","COMMERCIAL REFUSE CONTAINER",,,,,,,,,,,,"2025-07-09T12:17:23.000","2025-07-09T12:17:23.000","2025-07-13T23:59:59.000","BROOKLYN","41","BRIDGE STREET","PLYMOUTH STREET","WATER STREET","PLANET WASTE SERVICES, INC.",,,,,"2025-07-09T12:17:23.000","2025-07-14T00:05:10.000",,,
"B152025192A44","2025071100240690","0009","New","030","EXPIRED","15","DOT IN-HOUSE PAVING AND MILLING","1501","DOT IN-HOUSE PAVING",,,,,,,,,,,,"2025-07-11T09:33:56.000","2025-07-15T00:00:00.000","2025-07-17T23:59:59.000","BROOKLYN",,"BEDFORD AVENUE","NORTH   10 STREET",,"NYC DEPT OF TRANSPORTATION","PAVING","SEGMENT AND INTERSECTION",,,"2025-07-11T09:33:55.000","2025-07-18T00:05:11.000",,,
"B012025191D85","2025071000123326","0069","Renew","006","ISSUED & PRINTED","01","STREET OPENING PERMIT","0162","NYC PARKS - RECONSTRUCTION CONTRACT","2","500","5000","10",,,,"JN REFER TO CEC-12-124","B012025119D94",,,"2025-07-10T11:17:34.000","2025-07-31T00:00:00.000","2025-10-15T23:59:59.000","BROOKLYN","1341","EAST   64 STREET","AVENUE N","BEND","WILLIAM A. GROSS CONSTRUCTION ASSOCIATES, INC.","Sidewalk reconstruction",,"ASPHALT","CONCRETE","2025-07-10T11:17:33.000","2025-07-10T11:17:33.000",,,
"B012025191D32","2025071000123326","0016","Renew","006","ISSUED & PRINTED","01","STREET OPENING PERMIT","0160P","SIDEWALK RECONSTRUCTION CONTRACTS-PROT","2","500","5000","10",,,,"JN REFER TO CEC-12-124","B012025119D41",,,"2025-07-10T11:16:41.000","2025-07-31T00:00:00.000","2025-10-15T23:59:59.000","BROOKLYN",,"EASTERN PARKWAY","ALBANY AVENUE","TROY AVENUE","WILLIAM A. GROSS CONSTRUCTION ASSOCIATES, INC.","Sidewalk reconstruction",,"ASPHALT","CONCRETE","2025-07-10T11:16:40.000","2025-07-10T11:16:40.000",,,
"B012025191D19","2025071000123326","0003","Renew","006","ISSUED & PRINTED","01","STREET OPENING PERMIT","0160P","SIDEWALK RECONSTRUCTION CONTRACTS-PROT","2","500","5000","10",,,,"JN REFER TO CEC-12-124 RCRRM: 7/9/25 MUST COORDINATE WITH DOT MILLING AND PAVING;THE FULL WIDTH OF THE ROADWAY MUST BE FULLY UNOBSTRUCTED WHEN DOT IS ACTIVELY MILLING OR PAVING.","B012025119D99",,,"2025-07-10T11:16:37.000","2025-07-31T00:00:00.000","2025-10-15T23:59:59.000","BROOKLYN",,"BRIGHAM STREET","AVENUE W","AVENUE X","WILLIAM A. GROSS CONSTRUCTION ASSOCIATES, INC.","Sidewalk reconstruction",,"ASPHALT","CONCRETE","2025-07-10T11:16:36.000","2025-07-10T11:16:36.000",,,
"B012025191D20","2025071000123326","0004","Renew","006","ISSUED & PRINTED","01","STREET OPENING PERMIT","0162","NYC PARKS - RECONSTRUCTION CONTRACT","2","500","5000","10",,,,"JN REFER TO CEC-12-124","B012025119D30",,,"2025-07-10T11:16:38.000","2025-07-31T00:00:00.000","2025-10-15T23:59:59.000","BROOKLYN",,"EAST   54 STREET","REMSEN AVENUE","WINTHROP STREET","WILLIAM A. GROSS CONSTRUCTION ASSOCIATES, INC.","Sidewalk reconstruction",,"ASPHALT","CONCRETE","2025-07-10T11:16:36.000","2025-07-10T11:16:36.000",,,
"B012025191D21","2025071000123326","0005","Renew","006","ISSUED & PRINTED","01","STREET OPENING PERMIT","0160","SIDEWALK RECONSTRUCTION CONTRACTS","2","500","5000","10",,,,"JN REFER TO CEC-12-124","B012025119D31",,,"2025-07-10T11:16:38.000","2025-07-31T00:00:00.000","2025-10-15T23:59:59.000","BROOKLYN",,"EAST   54 STREET","CLARKSON AVENUE","WINTHROP STREET","WILLIAM A. GROSS CONSTRUCTION ASSOCIATES, INC.","Sidewalk reconstruction",,"ASPHALT","CONCRETE","2025-07-10T11:16:37.000","2025-07-10T11:16:37.000",,,
"B012025191D22","2025071000123326","0006","Renew","006","ISSUED & PRINTED","01","STREET OPENING PERMIT","0160","SIDEWALK RECONSTRUCTION CONTRACTS","2","500","5000","10",,,,"JN REFER TO CEC-12-124","B012025119D32",,,"2025-07-10T11:16:38.000","2025-07-31T00:00:00.000","2025-10-15T23:59:59.000","BROOKLYN",,"AVENUE V","WEST    5 STREET",,"WILLIAM A. GROSS CONSTRUCTION ASSOCIATES, INC.","Sidewalk reconstruction",,"ASPHALT","CONCRETE","2025-07-10T11:16:37.000","2025-07-10T11:16:37.000",,,
"B012025191D23","2025071000123326","0007","Renew","006","ISSUED & PRINTED","01","STREET OPENING PERMIT","0162","NYC PARKS - RECONSTRUCTION CONTRACT","2","500","5000","10",,,,"JN REFER TO CEC-12-124","B012025119D33",,,"2025-07-10T11:16:38.000","2025-07-31T00:00:00.000","2025-10-15T23:59:59.000","BROOKLYN",,"EAST   54 STREET","CLARKSON AVENUE","WINTHROP STREET","WILLIAM A. GROSS CONSTRUCTION ASSOCIATES, INC.","Sidewalk reconstruction",,"ASPHALT","CONCRETE","2025-07-10T11:16:37.000","2025-07-10T11:16:37.000",,,
"B012025191D28","2025071000123326","0012","Renew","006","ISSUED & PRINTED","01","STREET OPENING PERMIT","0162","NYC PARKS - RECONSTRUCTION CONTRACT","2","500","5000","10",,,,"JN REFER TO CEC-12-124","B012025119D38",,,"2025-07-10T11:16:39.000","2025-07-31T00:00:00.000","2025-10-15T23:59:59.000","BROOKLYN",,"EAST   92 STREET","EAST NEW YORK AVENUE","RUTLAND ROAD","WILLIAM A. GROSS CONSTRUCTION ASSOCIATES, INC.","Sidewalk reconstruction",,"ASPHALT","CONCRETE","2025-07-10T11:16:38.000","2025-07-10T11:16:38.000",,,
"B012025191D29","2025071000123326","0013","Renew","006","ISSUED & PRINTED","01","STREET OPENING PERMIT","0160","SIDEWALK RECONSTRUCTION CONTRACTS","2","500","5000","10",,,,"JN REFER TO CEC-12-124","B012025119D39",,,"2025-07-10T11:16:39.000","2025-07-31T00:00:00.000","2025-10-15T23:59:59.000","BROOKLYN",,"WEST    5 STREET","AVENUE V","LAKE PLACE","WILLIAM A. GROSS CONSTRUCTION ASSOCIATES, INC.","Sidewalk reconstruction",,"ASPHALT","CONCRETE","2025-07-10T11:16:38.000","2025-07-10T11:16:38.000",,,
"B012025191E01","2025070900959133","0013","Renew","006","ISSUED & PRINTED","01","STREET OPENING PERMIT","0160","SIDEWALK RECONSTRUCTION CONTRACTS","2","500","5000","10",,,,"JN REFER TO CEC-12-124","B012025119E40",,,"2025-07-10T11:28:32.000","2025-07-31T00:00:00.000","2025-10-15T23:59:59.000","BROOKLYN",,"BUSHWICK AVENUE","WEIRFIELD STREET",,"WILLIAM A. GROSS CONSTRUCTION ASSOCIATES, INC.",,,"ASPHALT","CONCRETE","2025-07-10T11:28:31.000","2025-07-10T11:28:31.000",,,
"B012025191D78","2025071000123326","0062","Renew","006","ISSUED & PRINTED","01","STREET OPENING PERMIT","0160P","SIDEWALK RECONSTRUCTION CONTRACTS-PROT","2","500","5000","10",,,,"JN REFER TO CEC-12-124","B012025119D87",,,"2025-07-10T11:17:11.000","2025-07-31T00:00:00.000","2025-10-15T23:59:59.000","BROOKLYN","1815","EAST    3 STREET","KINGS HIGHWAY","QUENTIN ROAD","WILLIAM A. GROSS CONSTRUCTION ASSOCIATES, INC.","Sidewalk reconstruction",,"ASPHALT","CONCRETE","2025-07-10T11:17:12.000","2025-07-10T11:17:12.000",,,
"B012025191D75","2025071000123326","0059","Renew","006","ISSUED & PRINTED","01","STREET OPENING PERMIT","0162P","NYC PARKS - RECONSTRUCTION CONTRACT-PROT","2","500","5000","10",,,,"JN REFER TO CEC-12-124","B012025119D84",,,"2025-07-10T11:17:08.000","2025-07-31T00:00:00.000","2025-10-15T23:59:59.000","BROOKLYN",,"EAST    3 STREET","KINGS HIGHWAY","QUENTIN ROAD","WILLIAM A. GROSS CONSTRUCTION ASSOCIATES, INC.","Sidewalk reconstruction",,"ASPHALT","CONCRETE","2025-07-10T11:17:07.000","2025-07-10T11:17:07.000",,,
"B162025191A04","2025071000098336","0001","New","030","EXPIRED","16","COMMERCIAL REFUSE CONTAINER PERMIT","1600","COMMERCIAL REFUSE CONTAINER",,,,,,,,,,,,"2025-07-10T07:41:17.000","2025-07-10T07:41:17.000","2025-07-14T23:59:59.000","BROOKLYN","73","ABBEY COURT","CYRUS AVENUE","SEBA AVENUE","P.C.I. CONTRACTING, INC.",,,,,"2025-07-10T07:41:16.000","2025-07-15T00:05:10.000",,,
"B012025191E02","2025070900959133","0014","Renew","006","ISSUED & PRINTED","01","STREET OPENING PERMIT","0160P","SIDEWALK RECONSTRUCTION CONTRACTS-PROT","2","500","5000","10",,,,"JN REFER TO CEC-12-124","B012025119E27",,,"2025-07-10T11:28:32.000","2025-07-31T00:00:00.000","2025-10-15T23:59:59.000","BROOKLYN",,"BRAGG STREET","EMMONS AVENUE",,"WILLIAM A. GROSS CONSTRUCTION ASSOCIATES, INC.","Sidewalk reconstruction",,"ASPHALT","CONCRETE","2025-07-10T11:28:31.000","2025-07-10T11:28:31.000",,,
"B012025191E19","2025070900959133","0031","Renew","006","ISSUED & PRINTED","01","STREET OPENING PERMIT","0160","SIDEWALK RECONSTRUCTION CONTRACTS","2","500","5000","10",,,,"JN REFER TO CEC-12-124","B012025119E52",,,"2025-07-10T11:28:46.000","2025-07-31T00:00:00.000","2025-10-15T23:59:59.000","BROOKLYN",,"CENTRAL AVENUE","STOCKHOLM STREET",,"WILLIAM A. GROSS CONSTRUCTION ASSOCIATES, INC.",,,"ASPHALT","CONCRETE","2025-07-10T11:28:45.000","2025-07-10T11:28:45.000",,,
"B012025191E32","2025070900959133","0044","Renew","006","ISSUED & PRINTED","01","STREET OPENING PERMIT","0160P","SIDEWALK RECONSTRUCTION CONTRACTS-PROT","2","500","5000","10",,,,"JN REFER TO CEC-12-124","B012025119E60",,,"2025-07-10T11:28:55.000","2025-07-31T00:00:00.000","2025-10-15T23:59:59.000","BROOKLYN",,"DE KALB AVENUE","MYRTLE AVENUE",,"WILLIAM A. GROSS CONSTRUCTION ASSOCIATES, INC.",,,"ASPHALT","CONCRETE","2025-07-10T11:28:54.000","2025-07-10T11:28:54.000",,,
"B012025191E35","2025070900959133","0047","Renew","006","ISSUED & PRINTED","01","STREET OPENING PERMIT","0160","SIDEWALK RECONSTRUCTION CONTRACTS","2","500","5000","10",,,,"JN REFER TO CEC-12-124","B012025119E62",,,"2025-07-10T11:29:04.000","2025-07-31T00:00:00.000","2025-10-15T23:59:59.000","BROOKLYN","1236","DE KALB AVENUE","EVERGREEN AVENUE","MYRTLE AVENUE","WILLIAM A. GROSS CONSTRUCTION ASSOCIATES, INC.",,,"ASPHALT","CONCRETE","2025-07-10T11:29:03.000","2025-07-10T11:29:03.000",,,
"B012025191D30","2025071000123326","0014","Renew","006","ISSUED & PRINTED","01","STREET OPENING PERMIT","0160","SIDEWALK RECONSTRUCTION CONTRACTS","2","500","5000","10",,,,"JN REFER TO CEC-12-124. RCRRM: 3/17/25 MUST COORDINATE WITH DOT MILLING AND PAVING;THE FULL WIDTH OF THE ROADWAY MUST BE FULLY UNOBSTRUCTED WHEN DOT IS ACTIVELY MILLING OR PAVING.","B012025119D96",,,"2025-07-10T11:16:40.000","2025-07-31T00:00:00.000","2025-10-15T23:59:59.000","BROOKLYN",,"GRAVESEND NECK ROAD","VILLAGE ROAD EAST",,"WILLIAM A. GROSS CONSTRUCTION ASSOCIATES, INC.","Sidewalk reconstruction",,"ASPHALT","CONCRETE","2025-07-10T11:16:39.000","2025-07-10T11:16:39.000",,,
"B162025190A22","2025070900507320","0002","Renew","030","EXPIRED","16","COMMERCIAL REFUSE CONTAINER PERMIT","1600","COMMERCIAL REFUSE CONTAINER",,,,,,,,,"B162025184A56",,,"2025-07-09T11:36:19.000","2025-07-13T00:00:00.000","2025-07-17T23:59:59.000","BROOKLYN","1410","EAST   10 STREET","AVENUE N","AVENUE O","S & Z CONSTRUCTION CORP.",,,,,"2025-07-09T11:36:19.000","2025-07-18T00:05:11.000",,,
"B012025191D31","2025071000123326","0015","Renew","006","ISSUED & PRINTED","01","STREET OPENING PERMIT","0160","SIDEWALK RECONSTRUCTION CONTRACTS","2","500","5000","10",,,,"JN REFER TO CEC-12-124","B012025119D40",,,"2025-07-10T11:16:40.000","2025-07-31T00:00:00.000","2025-10-15T23:59:59.000","BROOKLYN",,"GRAVESEND NECK ROAD","VILLAGE ROAD EAST","WEST STREET","WILLIAM A. GROSS CONSTRUCTION ASSOCIATES, INC.","Sidewalk reconstruction",,"ASPHALT","CONCRETE","2025-07-10T11:16:39.000","2025-07-10T11:16:39.000",,,
"B152025196A00","2025071500112986","0001","New","030","EXPIRED","15","DOT IN-HOUSE PAVING AND MILLING","1500","DOT IN-HOUSE MILLING",,,,,,,,,,,,"2025-07-15T08:05:42.000","2025-07-15T08:05:42.000","2025-07-15T23:59:59.000","BROOKLYN",,"COLERIDGE STREET","SHORE BOULEVARD",,"NYC DEPT OF TRANSPORTATION","MILLING","SEGMENT AND INTERSECTION",,,"2025-07-15T08:05:40.000","2025-07-16T00:05:11.000",,,
"B012025191D33","2025071000123326","0017","Renew","006","ISSUED & PRINTED","01","STREET OPENING PERMIT","0162P","NYC PARKS - RECONSTRUCTION CONTRACT-PROT","2","500","5000","10",,,,"JN REFER TO CEC-12-124","B012025119D42",,,"2025-07-10T11:16:42.000","2025-07-31T00:00:00.000","2025-10-15T23:59:59.000","BROOKLYN",,"EASTERN PARKWAY","ALBANY AVENUE","TROY AVENUE","WILLIAM A. GROSS CONSTRUCTION ASSOCIATES, INC.","Sidewalk reconstruction",,"ASPHALT","CONCRETE","2025-07-10T11:16:41.000","2025-07-10T11:16:41.000",,,
"B012025191D34","2025071000123326","0018","Renew","006","ISSUED & PRINTED","01","STREET OPENING PERMIT","0160P","SIDEWALK RECONSTRUCTION CONTRACTS-PROT","2","500","5000","10",,,,"JN REFER TO CEC-12-124","B012025119D43",,,"2025-07-10T11:16:43.000","2025-07-31T00:00:00.000","2025-10-15T23:59:59.000","BROOKLYN",,"EAST   14 STREET","AVENUE U","AVENUE V","WILLIAM A. GROSS CONSTRUCTION ASSOCIATES, INC.","Sidewalk reconstruction",,"ASPHALT","CONCRETE","2025-07-10T11:16:41.000","2025-07-10T11:16:41.000",,,
"B012025191D35","2025071000123326","0019","Renew","006","ISSUED & PRINTED","01","STREET OPENING PERMIT","0160","SIDEWALK RECONSTRUCTION CONTRACTS","2","500","5000","10",,,,"JN REFER TO CEC-12-124 RCRRM: 7/9/25 MUST COORDINATE WITH DOT MILLING AND PAVING;THE FULL WIDTH OF THE ROADWAY MUST BE FULLY UNOBSTRUCTED WHEN DOT IS ACTIVELY MILLING OR PAVING.","B012025119D44",,,"2025-07-10T11:16:44.000","2025-07-31T00:00:00.000","2025-10-15T23:59:59.000","BROOKLYN",,"AVENUE V","EAST   14 STREET",,"WILLIAM A. GROSS CONSTRUCTION ASSOCIATES, INC.","Sidewalk reconstruction",,"ASPHALT","CONCRETE","2025-07-10T11:16:42.000","2025-07-10T11:16:42.000",,,
"B012025191D86","2025071000123326","0070","Renew","006","ISSUED & PRINTED","01","STREET OPENING PERMIT","0162","NYC PARKS - RECONSTRUCTION CONTRACT","2","500","5000","10",,,,"JN REFER TO CEC-12-124","B012025119D95",,,"2025-07-10T11:17:40.000","2025-07-31T00:00:00.000","2025-10-15T23:59:59.000","BROOKLYN","1862","TROY AVENUE","AVENUE J","AVENUE K","WILLIAM A. GROSS CONSTRUCTION ASSOCIATES, INC.","Sidewalk reconstruction",,"ASPHALT","CONCRETE","2025-07-10T11:17:39.000","2025-07-10T11:17:39.000",,,
"B012025191D36","2025071000123326","0020","Renew","006","ISSUED & PRINTED","01","STREET OPENING PERMIT","0160","SIDEWALK RECONSTRUCTION CONTRACTS","2","500","5000","10",,,,"JN REFER TO CEC-12-124 RCRRM: 7/9/25 MUST COORDINATE WITH DOT MILLING AND PAVING;THE FULL WIDTH OF THE ROADWAY MUST BE FULLY UNOBSTRUCTED WHEN DOT IS ACTIVELY MILLING OR PAVING.","B012025119D45",,,"2025-07-10T11:16:45.000","2025-07-31T00:00:00.000","2025-10-15T23:59:59.000","BROOKLYN",,"AVENUE W","EAST   17 STREET",,"WILLIAM A. GROSS CONSTRUCTION ASSOCIATES, INC.","Sidewalk reconstruction",,"ASPHALT","CONCRETE","2025-07-10T11:16:44.000","2025-07-10T11:16:44.000",,,
"B012025191D37","2025071000123326","0021","Renew","006","ISSUED & PRINTED","01","STREET OPENING PERMIT","0160","SIDEWALK RECONSTRUCTION CONTRACTS","2","500","5000","10",,,,"JN REFER TO CEC-12-124","B012025119D46",,,"2025-07-10T11:16:45.000","2025-07-31T00:00:00.000","2025-10-15T23:59:59.000","BROOKLYN",,"AVENUE W","EAST   17 STREET","EAST   18 STREET","WILLIAM A. GROSS CONSTRUCTION ASSOCIATES, INC.","Sidewalk reconstruction",,"ASPHALT","CONCRETE","2025-07-10T11:16:44.000","2025-07-10T11:16:44.000",,,
"B012025191D68","2025071000123326","0052","Renew","006","ISSUED & PRINTED","01","STREET OPENING PERMIT","0160P","SIDEWALK RECONSTRUCTION CONTRACTS-PROT","2","500","5000","10",,,,"JN REFER TO CEC-12-124","B012025119D77",,,"2025-07-10T11:17:02.000","2025-07-31T00:00:00.000","2025-10-15T23:59:59.000","BROOKLYN",,"BILLINGS PLACE","MC DONALD AVENUE",,"WILLIAM A. GROSS CONSTRUCTION ASSOCIATES, INC.","Sidewalk reconstruction",,"ASPHALT","CONCRETE","2025-07-10T11:17:01.000","2025-07-10T11:17:01.000",,,
"B012025191D38","2025071000123326","0022","Renew","006","ISSUED & PRINTED","01","STREET OPENING PERMIT","0160","SIDEWALK RECONSTRUCTION CONTRACTS","2","500","5000","10",,,,"JN REFER TO CEC-12-124 RCRRM: 7/9/25 MUST COORDINATE WITH DOT MILLING AND PAVING;THE FULL WIDTH OF THE ROADWAY MUST BE FULLY UNOBSTRUCTED WHEN DOT IS ACTIVELY MILLING OR PAVING.","B012025119D47",,,"2025-07-10T11:16:48.000","2025-07-31T00:00:00.000","2025-10-15T23:59:59.000","BROOKLYN",,"AVENUE W","EAST   18 STREET",,"WILLIAM A. GROSS CONSTRUCTION ASSOCIATES, INC.","Sidewalk reconstruction",,"ASPHALT","CONCRETE","2025-07-10T11:16:47.000","2025-07-10T11:16:47.000",,,
"B012025191D39","2025071000123326","0023","Renew","006","ISSUED & PRINTED","01","STREET OPENING PERMIT","0160","SIDEWALK RECONSTRUCTION CONTRACTS","2","500","5000","10",,,,"JN REFER TO CEC-12-124 RCRRM: 7/9/25 MUST COORDINATE WITH DOT MILLING AND PAVING;THE FULL WIDTH OF THE ROADWAY MUST BE FULLY UNOBSTRUCTED WHEN DOT IS ACTIVELY MILLING OR PAVING.","B012025119D48",,,"2025-07-10T11:16:48.000","2025-07-31T00:00:00.000","2025-10-15T23:59:59.000","BROOKLYN",,"AVENUE V","EAST   19 STREET",,"WILLIAM A. GROSS CONSTRUCTION ASSOCIATES, INC.","Sidewalk reconstruction",,"ASPHALT","CONCRETE","2025-07-10T11:16:47.000","2025-07-10T11:16:47.000",,,
"B012025191D40","2025071000123326","0024","Renew","006","ISSUED & PRINTED","01","STREET OPENING PERMIT","0160P","SIDEWALK RECONSTRUCTION CONTRACTS-PROT","2","500","5000","10",,,,"JN REFER TO CEC-12-124","B012025119D49",,,"2025-07-10T11:16:48.000","2025-07-31T00:00:00.000","2025-10-15T23:59:59.000","BROOKLYN",,"RIVERDALE AVENUE","SARATOGA AVENUE","STRAUSS STREET","WILLIAM A. GROSS CONSTRUCTION ASSOCIATES, INC.","Sidewalk reconstruction",,"ASPHALT","CONCRETE","2025-07-10T11:16:47.000","2025-07-10T11:16:47.000",,,
"B012025191D41","2025071000123326","0025","Renew","006","ISSUED & PRINTED","01","STREET OPENING PERMIT","0162P","NYC PARKS - RECONSTRUCTION CONTRACT-PROT","2","500","5000","10",,,,"JN REFER TO CEC-12-124","B012025119D50",,,"2025-07-10T11:16:49.000","2025-07-31T00:00:00.000","2025-10-15T23:59:59.000","BROOKLYN",,"RIVERDALE AVENUE","SARATOGA AVENUE","STRAUSS STREET","WILLIAM A. GROSS CONSTRUCTION ASSOCIATES, INC.","Sidewalk reconstruction",,"ASPHALT","CONCRETE","2025-07-10T11:16:47.000","2025-07-10T11:16:47.000",,,
"B012025191D58","2025071000123326","0042","Renew","006","ISSUED & PRINTED","01","STREET OPENING PERMIT","0160P","SIDEWALK RECONSTRUCTION CONTRACTS-PROT","2","500","5000","10",,,,"JN REFER TO CEC-12-124","B012025119D67",,,"2025-07-10T11:16:56.000","2025-07-31T00:00:00.000","2025-10-15T23:59:59.000","BROOKLYN",,"BATCHELDER STREET","AVENUE S","AVENUE T","WILLIAM A. GROSS CONSTRUCTION ASSOCIATES, INC.","Sidewalk reconstruction",,"ASPHALT","CONCRETE","2025-07-10T11:16:55.000","2025-07-10T11:16:55.000",,,
"B012025191D77","2025071000123326","0061","Renew","006","ISSUED & PRINTED","01","STREET OPENING PERMIT","0162P","NYC PARKS - RECONSTRUCTION CONTRACT-PROT","2","500","5000","10",,,,"JN REFER TO CEC-12-124","B012025119D86",,,"2025-07-10T11:17:11.000","2025-07-31T00:00:00.000","2025-10-15T23:59:59.000","BROOKLYN","1839","EAST    3 STREET","KINGS HIGHWAY","QUENTIN ROAD","WILLIAM A. GROSS CONSTRUCTION ASSOCIATES, INC.","Sidewalk reconstruction",,"ASPHALT","CONCRETE","2025-07-10T11:17:09.000","2025-07-10T11:17:09.000",,,
"B012025191D42","2025071000123326","0026","Renew","006","ISSUED & PRINTED","01","STREET OPENING PERMIT","0160P","SIDEWALK RECONSTRUCTION CONTRACTS-PROT","2","500","5000","10",,,,"JN REFER TO CEC-12-124 RCRRM: 7/9/25 MUST COORDINATE WITH DOT MILLING AND PAVING;THE FULL WIDTH OF THE ROADWAY MUST BE FULLY UNOBSTRUCTED WHEN DOT IS ACTIVELY MILLING OR PAVING.","B012025119D51",,,"2025-07-10T11:16:49.000","2025-07-31T00:00:00.000","2025-10-15T23:59:59.000","BROOKLYN",,"AVENUE T","EAST   22 STREET",,"WILLIAM A. GROSS CONSTRUCTION ASSOCIATES, INC.","Sidewalk reconstruction",,"ASPHALT","CONCRETE","2025-07-10T11:16:48.000","2025-07-10T11:16:48.000",,,
"B162025195A67","2025071400675920","0003","New","030","EXPIRED","16","COMMERCIAL REFUSE CONTAINER PERMIT","1600","COMMERCIAL REFUSE CONTAINER",,,,,,,,,,,,"2025-07-14T13:33:25.000","2025-07-15T00:00:00.000","2025-07-19T23:59:59.000","BROOKLYN","1163","50 STREET","11 AVENUE","12 AVENUE","S & S CONTAINERS INC.",,,,,"2025-07-14T13:33:24.000","2025-07-20T00:05:09.000",,,
"B012025191D43","2025071000123326","0027","Renew","006","ISSUED & PRINTED","01","STREET OPENING PERMIT","0160P","SIDEWALK RECONSTRUCTION CONTRACTS-PROT","2","500","5000","10",,,,"JN REFER TO CEC-12-124","B012025119D52",,,"2025-07-10T11:16:49.000","2025-07-31T00:00:00.000","2025-10-15T23:59:59.000","BROOKLYN",,"AVENUE T","EAST   22 STREET","EAST   23 STREET","WILLIAM A. GROSS CONSTRUCTION ASSOCIATES, INC.","Sidewalk reconstruction",,"ASPHALT","CONCRETE","2025-07-10T11:16:48.000","2025-07-10T11:16:48.000",,,
"B012025191D44","2025071000123326","0028","Renew","006","ISSUED & PRINTED","01","STREET OPENING PERMIT","0160","SIDEWALK RECONSTRUCTION CONTRACTS","2","500","5000","10",,,,"JN REFER TO CEC-12-124","B012025119D53",,,"2025-07-10T11:16:49.000","2025-07-31T00:00:00.000","2025-10-15T23:59:59.000","BROOKLYN",,"CHRISTOPHER AVENUE","NEWPORT STREET","RIVERDALE AVENUE","WILLIAM A. GROSS CONSTRUCTION ASSOCIATES, INC.","Sidewalk reconstruction",,"ASPHALT","CONCRETE","2025-07-10T11:16:48.000","2025-07-10T11:16:48.000",,,
"B012025191D45","2025071000123326","0029","Renew","006","ISSUED & PRINTED","01","STREET OPENING PERMIT","0160P","SIDEWALK RECONSTRUCTION CONTRACTS-PROT","2","500","5000","10",,,,"JN REFER TO CEC-12-124 RCRRM: 7/9/25 MUST COORDINATE WITH DOT MILLING AND PAVING;THE FULL WIDTH OF THE ROADWAY MUST BE FULLY UNOBSTRUCTED WHEN DOT IS ACTIVELY MILLING OR PAVING.","B012025119D54",,,"2025-07-10T11:16:49.000","2025-07-31T00:00:00.000","2025-10-15T23:59:59.000","BROOKLYN",,"AVENUE T","EAST   23 STREET",,"WILLIAM A. GROSS CONSTRUCTION ASSOCIATES, INC.","Sidewalk reconstruction",,"ASPHALT","CONCRETE","2025-07-10T11:16:48.000","2025-07-10T11:16:48.000",,,
"B012025191D46","2025071000123326","0030","Renew","006","ISSUED & PRINTED","01","STREET OPENING PERMIT","0162","NYC PARKS - RECONSTRUCTION CONTRACT","2","500","5000","10",,,,"JN REFER TO CEC-12-124","B012025119D55",,,"2025-07-10T11:16:50.000","2025-07-31T00:00:00.000","2025-10-15T23:59:59.000","BROOKLYN",,"CHRISTOPHER AVENUE","NEWPORT STREET","RIVERDALE AVENUE","WILLIAM A. GROSS CONSTRUCTION ASSOCIATES, INC.","Sidewalk reconstruction",,"ASPHALT","CONCRETE","2025-07-10T11:16:48.000","2025-07-10T11:16:48.000",,,
"B012025191D47","2025071000123326","0031","Renew","006","ISSUED & PRINTED","01","STREET OPENING PERMIT","0160","SIDEWALK RECONSTRUCTION CONTRACTS","2","500","5000","10",,,,"JN REFER TO CEC-12-124 RCRRM: 7/9/25 MUST COORDINATE WITH DOT MILLING AND PAVING;THE FULL WIDTH OF THE ROADWAY MUST BE FULLY UNOBSTRUCTED WHEN DOT IS ACTIVELY MILLING OR PAVING","B012025119D56",,,"2025-07-10T11:16:50.000","2025-07-31T00:00:00.000","2025-10-15T23:59:59.000","BROOKLYN",,"AVENUE T","EAST   28 STREET",,"WILLIAM A. GROSS CONSTRUCTION ASSOCIATES, INC.","Sidewalk reconstruction",,"ASPHALT","CONCRETE","2025-07-10T11:16:48.000","2025-07-10T11:16:48.000",,,
"B012025191D49","2025071000123326","0033","Renew","006","ISSUED & PRINTED","01","STREET OPENING PERMIT","0160P","SIDEWALK RECONSTRUCTION CONTRACTS-PROT","2","500","5000","10",,,,"JN REFER TO CEC-12-124 RCRRM: 7/9/25 MUST COORDINATE WITH DOT MILLING AND PAVING;THE FULL WIDTH OF THE ROADWAY MUST BE FULLY UNOBSTRUCTED WHEN DOT IS ACTIVELY MILLING OR PAVING.","B012025119D58",,,"2025-07-10T11:16:50.000","2025-07-31T00:00:00.000","2025-10-15T23:59:59.000","BROOKLYN",,"AVENUE U","EAST   28 STREET",,"WILLIAM A. GROSS CONSTRUCTION ASSOCIATES, INC.","Sidewalk reconstruction",,"ASPHALT","CONCRETE","2025-07-10T11:16:49.000","2025-07-10T11:16:49.000",,,
"B012025191D50","2025071000123326","0034","Renew","006","ISSUED & PRINTED","01","STREET OPENING PERMIT","0160","SIDEWALK RECONSTRUCTION CONTRACTS","2","500","5000","10",,,,"JN REFER TO CEC-12-124 RCRRM: 7/9/25 MUST COORDINATE WITH DOT MILLING AND PAVING;THE FULL WIDTH OF THE ROADWAY MUST BE FULLY UNOBSTRUCTED WHEN DOT IS ACTIVELY MILLING OR PAVING","B012025119D59",,,"2025-07-10T11:16:50.000","2025-07-31T00:00:00.000","2025-10-15T23:59:59.000","BROOKLYN",,"AVENUE T","NOSTRAND AVENUE",,"WILLIAM A. GROSS CONSTRUCTION ASSOCIATES, INC.","Sidewalk reconstruction",,"ASPHALT","CONCRETE","2025-07-10T11:16:49.000","2025-07-10T11:16:49.000",,,
"B012025191D69","2025071000123326","0053","Renew","006","ISSUED & PRINTED","01","STREET OPENING PERMIT","0162","NYC PARKS - RECONSTRUCTION CONTRACT","2","500","5000","10",,,,"JN REFER TO CEC-12-124","B012025119D78",,,"2025-07-10T11:17:05.000","2025-07-31T00:00:00.000","2025-10-15T23:59:59.000","BROOKLYN",,"ST MARKS AVENUE","HOPKINSON AVENUE","SARATOGA AVENUE","WILLIAM A. GROSS CONSTRUCTION ASSOCIATES, INC.","Sidewalk reconstruction",,"ASPHALT","CONCRETE","2025-07-10T11:17:03.000","2025-07-10T11:17:03.000",,,
"B012025191D51","2025071000123326","0035","Renew","006","ISSUED & PRINTED","01","STREET OPENING PERMIT","0160","SIDEWALK RECONSTRUCTION CONTRACTS","2","500","5000","10",,,,"JN REFER TO CEC-12-124 RCRRM: 7/9/25 MUST COORDINATE WITH DOT MILLING AND PAVING;THE FULL WIDTH OF THE ROADWAY MUST BE FULLY UNOBSTRUCTED WHEN DOT IS ACTIVELY MILLING OR PAVING.","B012025119D60",,,"2025-07-10T11:16:50.000","2025-07-31T00:00:00.000","2025-10-15T23:59:59.000","BROOKLYN",,"AVENUE T","HARING STREET","NOSTRAND AVENUE","WILLIAM A. GROSS CONSTRUCTION ASSOCIATES, INC.","Sidewalk reconstruction",,"ASPHALT","CONCRETE","2025-07-10T11:16:49.000","2025-07-10T11:16:49.000",,,
"B012025191D52","2025071000123326","0036","Renew","006","ISSUED & PRINTED","01","STREET OPENING PERMIT","0160P","SIDEWALK RECONSTRUCTION CONTRACTS-PROT","2","500","5000","10",,,,"JN REFER TO CEC-12-124","B012025119D61",,,"2025-07-10T11:16:52.000","2025-07-31T00:00:00.000","2025-10-15T23:59:59.000","BROOKLYN",,"MOTHER GASTON BOULEVARD","LIVONIA AVENUE","RIVERDALE AVENUE","WILLIAM A. GROSS CONSTRUCTION ASSOCIATES, INC.","Sidewalk reconstruction",,"ASPHALT","CONCRETE","2025-07-10T11:16:51.000","2025-07-10T11:16:51.000",,,
"B012025191D53","2025071000123326","0037","Renew","006","ISSUED & PRINTED","01","STREET OPENING PERMIT","0162P","NYC PARKS - RECONSTRUCTION CONTRACT-PROT","2","500","5000","10",,,,"JN REFER TO CEC-12-124","B012025119D62",,,"2025-07-10T11:16:53.000","2025-07-31T00:00:00.000","2025-10-15T23:59:59.000","BROOKLYN",,"MOTHER GASTON BOULEVARD","LIVONIA AVENUE","RIVERDALE AVENUE","WILLIAM A. GROSS CONSTRUCTION ASSOCIATES, INC.","Sidewalk reconstruction",,"ASPHALT","CONCRETE","2025-07-10T11:16:51.000","2025-07-10T11:16:51.000",,,
"B012025191D54","2025071000123326","0038","Renew","006","ISSUED & PRINTED","01","STREET OPENING PERMIT","0160","SIDEWALK RECONSTRUCTION CONTRACTS","2","500","5000","10",,,,"JN REFER TO CEC-12-124 RCRRM: 7/9/25 MUST COORDINATE WITH DOT MILLING AND PAVING;THE FULL WIDTH OF THE ROADWAY MUST BE FULLY UNOBSTRUCTED WHEN DOT IS ACTIVELY MILLING OR PAVING.","B012025119D63",,,"2025-07-10T11:16:54.000","2025-07-31T00:00:00.000","2025-10-15T23:59:59.000","BROOKLYN",,"AVENUE T","HARING STREET",,"WILLIAM A. GROSS CONSTRUCTION ASSOCIATES, INC.","Sidewalk reconstruction",,"ASPHALT","CONCRETE","2025-07-10T11:16:53.000","2025-07-10T11:16:53.000",,,
"B012025191D55","2025071000123326","0039","Renew","006","ISSUED & PRINTED","01","STREET OPENING PERMIT","0160","SIDEWALK RECONSTRUCTION CONTRACTS","2","500","5000","10",,,,"JN REFER TO CEC-12-124","B012025119D64",,,"2025-07-10T11:16:54.000","2025-07-31T00:00:00.000","2025-10-15T23:59:59.000","BROOKLYN",,"CHESTER STREET","BLAKE AVENUE","SUTTER AVENUE","WILLIAM A. GROSS CONSTRUCTION ASSOCIATES, INC.","Sidewalk reconstruction",,"ASPHALT","CONCRETE","2025-07-10T11:16:53.000","2025-07-10T11:16:53.000",,,
"B012025191D57","2025071000123326","0041","Renew","006","ISSUED & PRINTED","01","STREET OPENING PERMIT","0162","NYC PARKS - RECONSTRUCTION CONTRACT","2","500","5000","10",,,,"JN REFER TO CEC-12-124","B012025119D66",,,"2025-07-10T11:16:56.000","2025-07-31T00:00:00.000","2025-10-15T23:59:59.000","BROOKLYN",,"CHESTER STREET","BLAKE AVENUE","SUTTER AVENUE","WILLIAM A. GROSS CONSTRUCTION ASSOCIATES, INC.","Sidewalk reconstruction",,"ASPHALT","CONCRETE","2025-07-10T11:16:55.000","2025-07-10T11:16:55.000",,,
"B012025191D59","2025071000123326","0043","Renew","006","ISSUED & PRINTED","01","STREET OPENING PERMIT","0160","SIDEWALK RECONSTRUCTION CONTRACTS","2","500","5000","10",,,,"JN REFER TO CEC-12-124 RCRRM: 7/9/25 MUST COORDINATE WITH DOT MILLING AND PAVING;THE FULL WIDTH OF THE ROADWAY MUST BE FULLY UNOBSTRUCTED WHEN DOT IS ACTIVELY MILLING OR PAVING.","B012025119D68",,,"2025-07-10T11:16:57.000","2025-07-31T00:00:00.000","2025-10-15T23:59:59.000","BROOKLYN",,"AVENUE T","BATCHELDER STREET",,"WILLIAM A. GROSS CONSTRUCTION ASSOCIATES, INC.","Sidewalk reconstruction",,"ASPHALT","CONCRETE","2025-07-10T11:16:55.000","2025-07-10T11:16:55.000",,,
"B012025191D60","2025071000123326","0044","Renew","006","ISSUED & PRINTED","01","STREET OPENING PERMIT","0160","SIDEWALK RECONSTRUCTION CONTRACTS","2","500","5000","10",,,,"JN REFER TO CEC-12-124","B012025119D69",,,"2025-07-10T11:16:57.000","2025-07-31T00:00:00.000","2025-10-15T23:59:59.000","BROOKLYN",,"AVENUE R","BEDFORD AVENUE",,"WILLIAM A. GROSS CONSTRUCTION ASSOCIATES, INC.","Sidewalk reconstruction",,"ASPHALT","CONCRETE","2025-07-10T11:16:56.000","2025-07-10T11:16:56.000",,,
"B012025191D61","2025071000123326","0045","Renew","006","ISSUED & PRINTED","01","STREET OPENING PERMIT","0160","SIDEWALK RECONSTRUCTION CONTRACTS","2","500","5000","10",,,,"JN REFER TO CEC-12-124","B012025119D70",,,"2025-07-10T11:16:59.000","2025-07-31T00:00:00.000","2025-10-15T23:59:59.000","BROOKLYN",,"BEDFORD AVENUE","AVENUE R","AVENUE S","WILLIAM A. GROSS CONSTRUCTION ASSOCIATES, INC.","Sidewalk reconstruction",,"ASPHALT","CONCRETE","2025-07-10T11:16:59.000","2025-07-10T11:16:59.000",,,
"B012025191D62","2025071000123326","0046","Renew","006","ISSUED & PRINTED","01","STREET OPENING PERMIT","0160","SIDEWALK RECONSTRUCTION CONTRACTS","2","500","5000","10",,,,"JN REFER TO CEC-12-124","B012025119D71",,,"2025-07-10T11:17:00.000","2025-07-31T00:00:00.000","2025-10-15T23:59:59.000","BROOKLYN",,"AVENUE S","BEDFORD AVENUE",,"WILLIAM A. GROSS CONSTRUCTION ASSOCIATES, INC.","Sidewalk reconstruction",,"ASPHALT","CONCRETE","2025-07-10T11:17:00.000","2025-07-10T11:17:00.000",,,
"B012025191D63","2025071000123326","0047","Renew","006","ISSUED & PRINTED","01","STREET OPENING PERMIT","0160","SIDEWALK RECONSTRUCTION CONTRACTS","2","500","5000","10",,,,"JN REFER TO CEC-12-124","B012025119D72",,,"2025-07-10T11:17:01.000","2025-07-31T00:00:00.000","2025-10-15T23:59:59.000","BROOKLYN",,"HOWARD AVENUE","PARK PLACE","PROSPECT PLACE","WILLIAM A. GROSS CONSTRUCTION ASSOCIATES, INC.","Sidewalk reconstruction",,"ASPHALT","CONCRETE","2025-07-10T11:17:00.000","2025-07-10T11:17:00.000",,,
"B012025191D64","2025071000123326","0048","Renew","006","ISSUED & PRINTED","01","STREET OPENING PERMIT","0162","NYC PARKS - RECONSTRUCTION CONTRACT","2","500","5000","10",,,,"JN REFER TO CEC-12-124","B012025119D73",,,"2025-07-10T11:17:01.000","2025-07-31T00:00:00.000","2025-10-15T23:59:59.000","BROOKLYN",,"HOWARD AVENUE","PARK PLACE","PROSPECT PLACE","WILLIAM A. GROSS CONSTRUCTION ASSOCIATES, INC.","Sidewalk reconstruction",,"ASPHALT","CONCRETE","2025-07-10T11:17:00.000","2025-07-10T11:17:00.000",,,
"B012025191E60","2025070900959133","0072","Renew","006","ISSUED & PRINTED","01","STREET OPENING PERMIT","0160P","SIDEWALK RECONSTRUCTION CONTRACTS-PROT","2","500","5000","10",,,,"JN REFER TO CEC-12-124","B012025119E75",,,"2025-07-10T11:29:22.000","2025-07-31T00:00:00.000","2025-10-15T23:59:59.000","BROOKLYN",,"STUART STREET","AVENUE X","WHITNEY AVENUE","WILLIAM A. GROSS CONSTRUCTION ASSOCIATES, INC.",,,"ASPHALT","CONCRETE","2025-07-10T11:29:21.000","2025-07-10T11:29:21.000",,,
"B012025191D66","2025071000123326","0050","Renew","006","ISSUED & PRINTED","01","STREET OPENING PERMIT","0160","SIDEWALK RECONSTRUCTION CONTRACTS","2","500","5000","10",,,,"JN REFER TO CEC-12-124 RCRRM: 7/9/25 MUST COORDINATE WITH DOT MILLING AND PAVING;THE FULL WIDTH OF THE ROADWAY MUST BE FULLY UNOBSTRUCTED WHEN DOT IS ACTIVELY MILLING OR PAVING.","B012025119D75",,,"2025-07-10T11:17:02.000","2025-07-31T00:00:00.000","2025-10-15T23:59:59.000","BROOKLYN",,"AVENUE R","EAST   10 STREET",,"WILLIAM A. GROSS CONSTRUCTION ASSOCIATES, INC.","Sidewalk reconstruction",,"ASPHALT","CONCRETE","2025-07-10T11:17:00.000","2025-07-10T11:17:00.000",,,
"B012025191D67","2025071000123326","0051","Renew","006","ISSUED & PRINTED","01","STREET OPENING PERMIT","0160","SIDEWALK RECONSTRUCTION CONTRACTS","2","500","5000","10",,,,"JN REFER TO CEC-12-124","B012025119D76",,,"2025-07-10T11:17:02.000","2025-07-31T00:00:00.000","2025-10-15T23:59:59.000","BROOKLYN",,"ST MARKS AVENUE","HOPKINSON AVENUE","SARATOGA AVENUE","WILLIAM A. GROSS CONSTRUCTION ASSOCIATES, INC.","Sidewalk reconstruction",,"ASPHALT","CONCRETE","2025-07-10T11:17:01.000","2025-07-10T11:17:01.000",,,
"B012025191D70","2025071000123326","0054","Renew","006","ISSUED & PRINTED","01","STREET OPENING PERMIT","0162","NYC PARKS - RECONSTRUCTION CONTRACT","2","500","5000","10",,,,"JN REFER TO CEC-12-124","B012025119D79",,,"2025-07-10T11:17:05.000","2025-07-31T00:00:00.000","2025-10-15T23:59:59.000","BROOKLYN",,"IRWIN STREET","ORIENTAL BOULEVARD",,"WILLIAM A. GROSS CONSTRUCTION ASSOCIATES, INC.","Sidewalk reconstruction",,"ASPHALT","CONCRETE","2025-07-10T11:17:04.000","2025-07-10T11:17:04.000",,,
"B162025193A13","2025071200075650","0001","New","030","EXPIRED","16","COMMERCIAL REFUSE CONTAINER PERMIT","1600","COMMERCIAL REFUSE CONTAINER",,,,,,,,,,,,"2025-07-12T09:56:13.000","2025-07-12T09:56:13.000","2025-07-16T23:59:59.000","BROOKLYN","1541","WEST    3 STREET","24 AVENUE","AVENUE P","M&B PROTECT SERVICES, INC.",,,,,"2025-07-12T09:56:11.000","2025-07-17T00:05:09.000",,,
"B012025191E48","2025070900959133","0060","Renew","006","ISSUED & PRINTED","01","STREET OPENING PERMIT","0162","NYC PARKS - RECONSTRUCTION CONTRACT","2","500","5000","10",,,,"JN REFER TO CEC-12-124","B012025119E68",,,"2025-07-10T11:29:07.000","2025-07-31T00:00:00.000","2025-10-15T23:59:59.000","BROOKLYN",,"GREENE AVENUE","IRVING AVENUE","KNICKERBOCKER AVENUE","WILLIAM A. GROSS CONSTRUCTION ASSOCIATES, INC.",,,"ASPHALT","CONCRETE","2025-07-10T11:29:06.000","2025-07-10T11:29:06.000",,,
"B012025191D71","2025071000123326","0055","Renew","006","ISSUED & PRINTED","01","STREET OPENING PERMIT","0160","SIDEWALK RECONSTRUCTION CONTRACTS","2","500","5000","10",,,,"JN REFER TO CEC-12-124","B012025119D80",,,"2025-07-10T11:17:07.000","2025-07-31T00:00:00.000","2025-10-15T23:59:59.000","BROOKLYN",,"BILLINGS PLACE","EAST    2 STREET","MC DONALD AVENUE","WILLIAM A. GROSS CONSTRUCTION ASSOCIATES, INC.","Sidewalk reconstruction",,"ASPHALT","CONCRETE","2025-07-10T11:17:06.000","2025-07-10T11:17:06.000",,,
"B012025191D72","2025071000123326","0056","Renew","006","ISSUED & PRINTED","01","STREET OPENING PERMIT","0160","SIDEWALK RECONSTRUCTION CONTRACTS","2","500","5000","10",,,,"JN REFER TO CEC-12-124","B012025119D81",,,"2025-07-10T11:17:07.000","2025-07-31T00:00:00.000","2025-10-15T23:59:59.000","BROOKLYN",,"BILLINGS PLACE","EAST    2 STREET",,"WILLIAM A. GROSS CONSTRUCTION ASSOCIATES, INC.","Sidewalk reconstruction",,"ASPHALT","CONCRETE","2025-07-10T11:17:06.000","2025-07-10T11:17:06.000",,,
"B012025191D73","2025071000123326","0057","Renew","006","ISSUED & PRINTED","01","STREET OPENING PERMIT","0162","NYC PARKS - RECONSTRUCTION CONTRACT","2","500","5000","10",,,,"JN REFER TO CEC-12-124","B012025119D82",,,"2025-07-10T11:17:08.000","2025-07-31T00:00:00.000","2025-10-15T23:59:59.000","BROOKLYN",,"FALMOUTH STREET","ORIENTAL BOULEVARD",,"WILLIAM A. GROSS CONSTRUCTION ASSOCIATES, INC.","Sidewalk reconstruction",,"ASPHALT","CONCRETE","2025-07-10T11:17:06.000","2025-07-10T11:17:06.000",,,
"B012025191D74","2025071000123326","0058","Renew","006","ISSUED & PRINTED","01","STREET OPENING PERMIT","0160P","SIDEWALK RECONSTRUCTION CONTRACTS-PROT","2","500","5000","10",,,,"JN REFER TO CEC-12-124","B012025119D83",,,"2025-07-10T11:17:08.000","2025-07-31T00:00:00.000","2025-10-15T23:59:59.000","BROOKLYN",,"EAST    3 STREET","KINGS HIGHWAY","QUENTIN ROAD","WILLIAM A. GROSS CONSTRUCTION ASSOCIATES, INC.","Sidewalk reconstruction",,"ASPHALT","CONCRETE","2025-07-10T11:17:07.000","2025-07-10T11:17:07.000",,,
"B012025191D76","2025071000123326","0060","Renew","006","ISSUED & PRINTED","01","STREET OPENING PERMIT","0160P","SIDEWALK RECONSTRUCTION CONTRACTS-PROT","2","500","5000","10",,,,"JN REFER TO CEC-12-124","B012025119D85",,,"2025-07-10T11:17:08.000","2025-07-31T00:00:00.000","2025-10-15T23:59:59.000","BROOKLYN","1839","EAST    3 STREET","KINGS HIGHWAY","QUENTIN ROAD","WILLIAM A. GROSS CONSTRUCTION ASSOCIATES, INC.","Sidewalk reconstruction",,"ASPHALT","CONCRETE","2025-07-10T11:17:09.000","2025-07-10T11:17:09.000",,,
"B012025191D79","2025071000123326","0063","Renew","006","ISSUED & PRINTED","01","STREET OPENING PERMIT","0162P","NYC PARKS - RECONSTRUCTION CONTRACT-PROT","2","500","5000","10",,,,"JN REFER TO CEC-12-124","B012025119D88",,,"2025-07-10T11:17:18.000","2025-07-31T00:00:00.000","2025-10-15T23:59:59.000","BROOKLYN","1815","EAST    3 STREET","KINGS HIGHWAY","QUENTIN ROAD","WILLIAM A. GROSS CONSTRUCTION ASSOCIATES, INC.","Sidewalk reconstruction",,"ASPHALT","CONCRETE","2025-07-10T11:17:17.000","2025-07-10T11:17:17.000",,,
"B012025191D80","2025071000123326","0064","Renew","006","ISSUED & PRINTED","01","STREET OPENING PERMIT","0160","SIDEWALK RECONSTRUCTION CONTRACTS","2","500","5000","10",,,,"JN REFER TO CEC-12-124 RCRRM: 7/9/25 MUST COORDINATE WITH DOT MILLING AND PAVING;THE FULL WIDTH OF THE ROADWAY MUST BE FULLY UNOBSTRUCTED WHEN DOT IS ACTIVELY MILLING OR PAVING.","B012025119D89",,,"2025-07-10T11:17:19.000","2025-07-31T00:00:00.000","2025-10-15T23:59:59.000","BROOKLYN",,"AVENUE P","EAST   13 STREET",,"WILLIAM A. GROSS CONSTRUCTION ASSOCIATES, INC.","Sidewalk reconstruction",,"ASPHALT","CONCRETE","2025-07-10T11:17:17.000","2025-07-10T11:17:17.000",,,
"B012025191D81","2025071000123326","0065","Renew","006","ISSUED & PRINTED","01","STREET OPENING PERMIT","0162","NYC PARKS - RECONSTRUCTION CONTRACT","2","500","5000","10",,,,"JN REFER TO CEC-12-124 RCRRM: 7/9/25 MUST COORDINATE WITH DOT MILLING AND PAVING;THE FULL WIDTH OF THE ROADWAY MUST BE FULLY UNOBSTRUCTED WHEN DOT IS ACTIVELY MILLING OR PAVING.","B012025119D90",,,"2025-07-10T11:17:19.000","2025-07-31T00:00:00.000","2025-10-15T23:59:59.000","BROOKLYN",,"AVENUE P","EAST   13 STREET",,"WILLIAM A. GROSS CONSTRUCTION ASSOCIATES, INC.","Sidewalk reconstruction",,"ASPHALT","CONCRETE","2025-07-10T11:17:18.000","2025-07-10T11:17:18.000",,,
"B152025192A72","2025071100299793","0003","New","030","EXPIRED","15","DOT IN-HOUSE PAVING AND MILLING","1501","DOT IN-HOUSE PAVING",,,,,,,,,,,,"2025-07-11T10:03:49.000","2025-07-16T00:00:00.000","2025-07-17T23:59:59.000","BROOKLYN",,"ORIENTAL BOULEVARD","OXFORD STREET",,"NYC DEPT OF TRANSPORTATION","PAVING","SEGMENT AND INTERSECTION",,,"2025-07-11T10:03:47.000","2025-07-18T00:05:11.000",,,
"B012025191D82","2025071000123326","0066","Renew","006","ISSUED & PRINTED","01","STREET OPENING PERMIT","0162","NYC PARKS - RECONSTRUCTION CONTRACT","2","500","5000","10",,,,"JN REFER TO CEC-12-124","B012025119D91",,,"2025-07-10T11:17:19.000","2025-07-31T00:00:00.000","2025-10-15T23:59:59.000","BROOKLYN",,"AVENUE P","EAST   13 STREET","EAST   14 STREET","WILLIAM A. GROSS CONSTRUCTION ASSOCIATES, INC.","Sidewalk reconstruction",,"ASPHALT","CONCRETE","2025-07-10T11:17:18.000","2025-07-10T11:17:18.000",,,
"B012025191D83","2025071000123326","0067","Renew","006","ISSUED & PRINTED","01","STREET OPENING PERMIT","0162","NYC PARKS - RECONSTRUCTION CONTRACT","2","500","5000","10",,,,"JN REFER TO CEC-12-124 RCRRM: 7/9/25 MUST COORDINATE WITH DOT MILLING AND PAVING;THE FULL WIDTH OF THE ROADWAY MUST BE FULLY UNOBSTRUCTED WHEN DOT IS ACTIVELY MILLING OR PAVING.","B012025119D92",,,"2025-07-10T11:17:19.000","2025-07-31T00:00:00.000","2025-10-15T23:59:59.000","BROOKLYN",,"AVENUE P","EAST   14 STREET",,"WILLIAM A. GROSS CONSTRUCTION ASSOCIATES, INC.","Sidewalk reconstruction",,"ASPHALT","CONCRETE","2025-07-10T11:17:18.000","2025-07-10T11:17:18.000",,,
"B012025191D84","2025071000123326","0068","Renew","006","ISSUED & PRINTED","01","STREET OPENING PERMIT","0162","NYC PARKS - RECONSTRUCTION CONTRACT","2","500","5000","10",,,,"JN REFER TO CEC-12-124","B012025119D93",,,"2025-07-10T11:17:22.000","2025-07-31T00:00:00.000","2025-10-15T23:59:59.000","BROOKLYN","736","EAST   37 STREET","FARRAGUT ROAD","FOSTER AVENUE","WILLIAM A. GROSS CONSTRUCTION ASSOCIATES, INC.","Sidewalk reconstruction",,"ASPHALT","CONCRETE","2025-07-10T11:17:20.000","2025-07-10T11:17:20.000",,,
"B152025192A25","2025071100234853","0007","New","030","EXPIRED","15","DOT IN-HOUSE PAVING AND MILLING","1501","DOT IN-HOUSE PAVING",,,,,,,,,,,,"2025-07-11T09:27:59.000","2025-07-14T00:00:00.000","2025-07-18T23:59:59.000","BROOKLYN",,"METROPOLITAN AVENUE","ORIENT AVENUE",,"NYC DEPT OF TRANSPORTATION","PAVING","SEGMENT AND INTERSECTION",,,"2025-07-11T09:27:57.000","2025-07-19T00:05:09.000",,,
"B012025191D89","2025070900959133","0001","Renew","006","ISSUED & PRINTED","01","STREET OPENING PERMIT","0160","SIDEWALK RECONSTRUCTION CONTRACTS","2","500","5000","10",,,,"JN REFER TO CEC-12-124","B012025119E31",,,"2025-07-10T11:28:30.000","2025-07-31T00:00:00.000","2025-10-15T23:59:59.000","BROOKLYN",,"DECATUR STREET","BEND","HOPKINSON AVENUE","WILLIAM A. GROSS CONSTRUCTION ASSOCIATES, INC.",,,"ASPHALT","CONCRETE","2025-07-10T11:28:29.000","2025-07-10T11:28:29.000",,,
"B012025191D91","2025070900959133","0003","Renew","006","ISSUED & PRINTED","01","STREET OPENING PERMIT","0160","SIDEWALK RECONSTRUCTION CONTRACTS","2","500","5000","10",,,,"JN REFER TO CEC-12-124 RCRRM: 7/9/25 MUST COORDINATE WITH DOT MILLING AND PAVING;THE FULL WIDTH OF THE ROADWAY MUST BE FULLY UNOBSTRUCTED WHEN DOT IS ACTIVELY MILLING OR PAVING.","B012025119E33",,,"2025-07-10T11:28:30.000","2025-07-31T00:00:00.000","2025-10-15T23:59:59.000","BROOKLYN",,"COOPER STREET","KNICKERBOCKER AVENUE",,"WILLIAM A. GROSS CONSTRUCTION ASSOCIATES, INC.",,,"ASPHALT","CONCRETE","2025-07-10T11:28:29.000","2025-07-10T11:28:29.000",,,
"B152025192A59","2025071100285123","0007","New","030","EXPIRED","15","DOT IN-HOUSE PAVING AND MILLING","1501","DOT IN-HOUSE PAVING",,,,,,,,,,,,"2025-07-11T09:58:42.000","2025-07-16T00:00:00.000","2025-07-16T23:59:59.000","BROOKLYN",,"EAST   53 STREET","AVENUE I","AVENUE J","NYC DEPT OF TRANSPORTATION","PAVING","SEGMENT AND INTERSECTION",,,"2025-07-11T09:58:40.000","2025-07-17T00:05:09.000",,,
"B012025191E27","2025070900959133","0039","Renew","006","ISSUED & PRINTED","01","STREET OPENING PERMIT","0160","SIDEWALK RECONSTRUCTION CONTRACTS","2","500","5000","10",,,,"JN REFER TO CEC-12-124","B012025119E07",,,"2025-07-10T11:28:53.000","2025-07-31T00:00:00.000","2025-10-15T23:59:59.000","BROOKLYN",,"AVENUE Z","EAST   23 STREET",,"WILLIAM A. GROSS CONSTRUCTION ASSOCIATES, INC.","Sidewalk reconstruction",,"ASPHALT","CONCRETE","2025-07-10T11:28:52.000","2025-07-10T11:28:52.000",,,
"B012025191D92","2025070900959133","0004","Renew","006","ISSUED & PRINTED","01","STREET OPENING PERMIT","0162","NYC PARKS - RECONSTRUCTION CONTRACT","2","500","5000","10",,,,"JN REFER TO CEC-12-124 RCRRM: 7/9/25 MUST COORDINATE WITH DOT MILLING AND PAVING;THE FULL WIDTH OF THE ROADWAY MUST BE FULLY UNOBSTRUCTED WHEN DOT IS ACTIVELY MILLING OR PAVING.","B012025119E34",,,"2025-07-10T11:28:30.000","2025-07-31T00:00:00.000","2025-10-15T23:59:59.000","BROOKLYN",,"COOPER STREET","KNICKERBOCKER AVENUE",,"WILLIAM A. GROSS CONSTRUCTION ASSOCIATES, INC.",,,"ASPHALT","CONCRETE","2025-07-10T11:28:29.000","2025-07-10T11:28:29.000",,,
"M032025196A31","2025071500136666","0004","New","030","EXPIRED","03","MANHOLE EMBARGO PERMIT","0303","UTILITY MANHOLE EMBARGO PERMIT",,,,,,,,,,,,"2025-07-15T08:18:48.000","2025-07-15T08:18:53.000","2025-07-16T08:18:53.000","MANHATTAN",,"2 AVENUE","EAST   65 STREET",,"CONSOLIDATED EDISON","759","STEAM",,,"2025-07-15T08:18:46.000","2025-07-17T00:05:09.000",,,
"B012025191D97","2025070900959133","0009","Renew","006","ISSUED & PRINTED","01","STREET OPENING PERMIT","0160","SIDEWALK RECONSTRUCTION CONTRACTS","2","500","5000","10",,,,"JN REFER TO CEC-12-124","B012025119E26",,,"2025-07-10T11:28:31.000","2025-07-31T00:00:00.000","2025-10-15T23:59:59.000","BROOKLYN",,"BRAGG STREET","EMMONS AVENUE","SHORE PARKWAY","WILLIAM A. GROSS CONSTRUCTION ASSOCIATES, INC.","Sidewalk reconstruction",,"ASPHALT","CONCRETE","2025-07-10T11:28:30.000","2025-07-10T11:28:30.000",,,
"B012025191D98","2025070900959133","0010","Renew","006","ISSUED & PRINTED","01","STREET OPENING PERMIT","0160","SIDEWALK RECONSTRUCTION CONTRACTS","2","500","5000","10",,,,"JN REFER TO CEC-12-124","B012025119E37",,,"2025-07-10T11:28:31.000","2025-07-31T00:00:00.000","2025-10-15T23:59:59.000","BROOKLYN",,"CENTRAL AVENUE","HALSEY STREET",,"WILLIAM A. GROSS CONSTRUCTION ASSOCIATES, INC.",,,"ASPHALT","CONCRETE","2025-07-10T11:28:30.000","2025-07-10T11:28:30.000",,,
"B012025191D99","2025070900959133","0011","Renew","006","ISSUED & PRINTED","01","STREET OPENING PERMIT","0162","NYC PARKS - RECONSTRUCTION CONTRACT","2","500","5000","10",,,,"JN REFER TO CEC-12-124","B012025119E38",,,"2025-07-10T11:28:32.000","2025-07-31T00:00:00.000","2025-10-15T23:59:59.000","BROOKLYN",,"CENTRAL AVENUE","HALSEY STREET",,"WILLIAM A. GROSS CONSTRUCTION ASSOCIATES, INC.",,,"ASPHALT","CONCRETE","2025-07-10T11:28:30.000","2025-07-10T11:28:30.000",,,
"B012025191E33","2025070900959133","0045","Renew","006","ISSUED & PRINTED","01","STREET OPENING PERMIT","0162P","NYC PARKS - RECONSTRUCTION CONTRACT-PROT","2","500","5000","10",,,,"JN REFER TO CEC-12-124","B012025119E61",,,"2025-07-10T11:28:58.000","2025-07-31T00:00:00.000","2025-10-15T23:59:59.000","BROOKLYN",,"DE KALB AVENUE","MYRTLE AVENUE",,"WILLIAM A. GROSS CONSTRUCTION ASSOCIATES, INC.",,,"ASPHALT","CONCRETE","2025-07-10T11:28:56.000","2025-07-10T11:28:56.000",,,
"B012025191E00","2025070900959133","0012","Renew","006","ISSUED & PRINTED","01","STREET OPENING PERMIT","0162P","NYC PARKS - RECONSTRUCTION CONTRACT-PROT","1","100","1000","10",,,,"IL. REFER TO CEC-12-124.","B012025119E39",,,"2025-07-10T11:28:32.000","2025-07-31T00:00:00.000","2025-10-15T23:59:59.000","BROOKLYN","726","QUINCY STREET","MALCOLM X BOULEVARD","STUYVESANT AVENUE","WILLIAM A. GROSS CONSTRUCTION ASSOCIATES, INC.","NYC DPR - Tree Damaged Sidewalks - Borough-Wide Contract","Work involves the removal/ replacement / repair of tree damaged sidewalks in front of the aforementioned property. This is a borough-wide contract. There are no drawings nor OCMC Stipulations for same.","ASPHALT","CONCRETE","2025-07-10T11:28:31.000","2025-07-10T11:28:31.000",,,
"B012025191E17","2025070900959133","0029","Renew","006","ISSUED & PRINTED","01","STREET OPENING PERMIT","0160","SIDEWALK RECONSTRUCTION CONTRACTS","2","500","5000","10",,,,"JN REFER TO CEC-12-124 RCRRM: 7/9/25 MUST COORDINATE WITH DOT MILLING AND PAVING;THE FULL WIDTH OF THE ROADWAY MUST BE FULLY UNOBSTRUCTED WHEN DOT IS ACTIVELY MILLING OR PAVING.","B012025119E50",,,"2025-07-10T11:28:46.000","2025-07-31T00:00:00.000","2025-10-15T23:59:59.000","BROOKLYN",,"CORNELIA STREET","KNICKERBOCKER AVENUE",,"WILLIAM A. GROSS CONSTRUCTION ASSOCIATES, INC.",,,"ASPHALT","CONCRETE","2025-07-10T11:28:44.000","2025-07-10T11:28:44.000",,,
"B012025191E04","2025070900959133","0016","Renew","006","ISSUED & PRINTED","01","STREET OPENING PERMIT","0162P","NYC PARKS - RECONSTRUCTION CONTRACT-PROT","1","100","1000","10",,,,"IL. REFER TO CEC-12-124.","B012025119E42",,,"2025-07-10T11:28:33.000","2025-07-31T00:00:00.000","2025-10-15T23:59:59.000","BROOKLYN","751","QUINCY STREET","PATCHEN AVENUE","MALCOLM X BOULEVARD","WILLIAM A. GROSS CONSTRUCTION ASSOCIATES, INC.","NYC DPR - Tree Damaged Sidewalks - Borough-Wide Contract","Work involves the removal/ replacement / repair of tree damaged sidewalks in front of the aforementioned property. This is a borough-wide contract. There are no drawings nor OCMC Stipulations for same.","ASPHALT","CONCRETE","2025-07-10T11:28:31.000","2025-07-10T11:28:31.000",,,
"B012025191E05","2025070900959133","0017","Renew","006","ISSUED & PRINTED","01","STREET OPENING PERMIT","0160P","SIDEWALK RECONSTRUCTION CONTRACTS-PROT","2","500","5000","10",,,,"JN REFER TO CEC-12-124","B012025119E43",,,"2025-07-10T11:28:33.000","2025-07-31T00:00:00.000","2025-10-15T23:59:59.000","BROOKLYN",,"WEIRFIELD STREET","BUSHWICK AVENUE","EVERGREEN AVENUE","WILLIAM A. GROSS CONSTRUCTION ASSOCIATES, INC.",,,"ASPHALT","CONCRETE","2025-07-10T11:28:31.000","2025-07-10T11:28:31.000",,,
"B012025191E06","2025070900959133","0018","Renew","006","ISSUED & PRINTED","01","STREET OPENING PERMIT","0162P","NYC PARKS - RECONSTRUCTION CONTRACT-PROT","2","500","5000","10",,,,"JN REFER TO CEC-12-124","B012025119E44",,,"2025-07-10T11:28:33.000","2025-07-31T00:00:00.000","2025-10-15T23:59:59.000","BROOKLYN",,"WEIRFIELD STREET","BUSHWICK AVENUE","EVERGREEN AVENUE","WILLIAM A. GROSS CONSTRUCTION ASSOCIATES, INC.",,,"ASPHALT","CONCRETE","2025-07-10T11:28:32.000","2025-07-10T11:28:32.000",,,
"B012025191E07","2025070900959133","0019","Renew","006","ISSUED & PRINTED","01","STREET OPENING PERMIT","0160","SIDEWALK RECONSTRUCTION CONTRACTS","2","500","5000","10",,,,"JN REFER TO CEC-12-124 RCRRM: 7/9/25 MUST COORDINATE WITH DOT MILLING AND PAVING;THE FULL WIDTH OF THE ROADWAY MUST BE FULLY UNOBSTRUCTED WHEN DOT IS ACTIVELY MILLING OR PAVING.","B012025119E45",,,"2025-07-10T11:28:33.000","2025-07-31T00:00:00.000","2025-10-15T23:59:59.000","BROOKLYN",,"BUSHWICK AVENUE","HANCOCK STREET",,"WILLIAM A. GROSS CONSTRUCTION ASSOCIATES, INC.",,,"ASPHALT","CONCRETE","2025-07-10T11:28:32.000","2025-07-10T11:28:32.000",,,
"B162025193A16","2025071200082933","0001","New","030","EXPIRED","16","COMMERCIAL REFUSE CONTAINER PERMIT","1600","COMMERCIAL REFUSE CONTAINER",,,,,,,,,,,,"2025-07-12T10:31:13.000","2025-07-12T10:31:13.000","2025-07-16T23:59:59.000","BROOKLYN","2234","EAST   71 STREET","AVENUE V","AVENUE W","SAM'S CONSTRUCTION SERVICES, LTD.",,,,,"2025-07-12T10:31:11.000","2025-07-17T00:05:09.000",,,
"B012025191E08","2025070900959133","0020","Renew","006","ISSUED & PRINTED","01","STREET OPENING PERMIT","0162","NYC PARKS - RECONSTRUCTION CONTRACT","2","500","5000","10",,,,"JN REFER TO CEC-12-124 RCRRM: 7/9/25 MUST COORDINATE WITH DOT MILLING AND PAVING;THE FULL WIDTH OF THE ROADWAY MUST BE FULLY UNOBSTRUCTED WHEN DOT IS ACTIVELY MILLING OR PAVING.","B012025119E46",,,"2025-07-10T11:28:33.000","2025-07-31T00:00:00.000","2025-10-15T23:59:59.000","BROOKLYN",,"BUSHWICK AVENUE","HANCOCK STREET",,"WILLIAM A. GROSS CONSTRUCTION ASSOCIATES, INC.",,,"ASPHALT","CONCRETE","2025-07-10T11:28:33.000","2025-07-10T11:28:33.000",,,
"B012025191E64","2025070900959133","0076","Renew","006","ISSUED & PRINTED","01","STREET OPENING PERMIT","0162P","NYC PARKS - RECONSTRUCTION CONTRACT-PROT","2","500","5000","10",,,,"JN REFER TO CEC-12-124","B012025119E78",,,"2025-07-10T11:29:31.000","2025-07-31T00:00:00.000","2025-10-15T23:59:59.000","BROOKLYN",,"AVENUE X","STUART STREET",,"WILLIAM A. GROSS CONSTRUCTION ASSOCIATES, INC.",,,"ASPHALT","CONCRETE","2025-07-10T11:29:30.000","2025-07-10T11:29:30.000",,,
"B012025191E09","2025070900959133","0021","Renew","006","ISSUED & PRINTED","01","STREET OPENING PERMIT","0160","SIDEWALK RECONSTRUCTION CONTRACTS","2","500","5000","10",,,,"JN REFER TO CEC-12-124 RCRRM: 7/9/25 MUST COORDINATE WITH DOT MILLING AND PAVING;THE FULL WIDTH OF THE ROADWAY MUST BE FULLY UNOBSTRUCTED WHEN DOT IS ACTIVELY MILLING OR PAVING.","B012025119E30",,,"2025-07-10T11:28:37.000","2025-07-31T00:00:00.000","2025-10-15T23:59:59.000","BROOKLYN",,"CORNELIA STREET","EVERGREEN AVENUE",,"WILLIAM A. GROSS CONSTRUCTION ASSOCIATES, INC.",,,"ASPHALT","CONCRETE","2025-07-10T11:28:37.000","2025-07-10T11:28:37.000",,,
"B012025191E10","2025070900959133","0022","Renew","006","ISSUED & PRINTED","01","STREET OPENING PERMIT","0162","NYC PARKS - RECONSTRUCTION CONTRACT","2","500","5000","10",,,,"JN REFER TO CEC-12-124 RCRRM: 7/9/25 MUST COORDINATE WITH DOT MILLING AND PAVING;THE FULL WIDTH OF THE ROADWAY MUST BE FULLY UNOBSTRUCTED WHEN DOT IS ACTIVELY MILLING OR PAVING.","B012025119E29",,,"2025-07-10T11:28:39.000","2025-07-31T00:00:00.000","2025-10-15T23:59:59.000","BROOKLYN",,"CORNELIA STREET","EVERGREEN AVENUE",,"WILLIAM A. GROSS CONSTRUCTION ASSOCIATES, INC.",,,"ASPHALT","CONCRETE","2025-07-10T11:28:38.000","2025-07-10T11:28:38.000",,,
"B012025191E11","2025070900959133","0023","Renew","006","ISSUED & PRINTED","01","STREET OPENING PERMIT","0160","SIDEWALK RECONSTRUCTION CONTRACTS","2","500","5000","10",,,,"JN REFER TO CEC-12-124","B012025119E02",,,"2025-07-10T11:28:39.000","2025-07-31T00:00:00.000","2025-10-15T23:59:59.000","BROOKLYN",,"AVENUE X","EAST   29 STREET",,"WILLIAM A. GROSS CONSTRUCTION ASSOCIATES, INC.","Sidewalk reconstruction",,"ASPHALT","CONCRETE","2025-07-10T11:28:38.000","2025-07-10T11:28:38.000",,,
"B012025191E12","2025070900959133","0024","Renew","006","ISSUED & PRINTED","01","STREET OPENING PERMIT","0160","SIDEWALK RECONSTRUCTION CONTRACTS","2","500","5000","10",,,,"JN REFER TO CEC-12-124","B012025119E03",,,"2025-07-10T11:28:42.000","2025-07-31T00:00:00.000","2025-10-15T23:59:59.000","BROOKLYN",,"EAST   29 STREET","AVENUE X","AVENUE Y","WILLIAM A. GROSS CONSTRUCTION ASSOCIATES, INC.","Sidewalk reconstruction",,"ASPHALT","CONCRETE","2025-07-10T11:28:41.000","2025-07-10T11:28:41.000",,,
"B012025191E31","2025070900959133","0043","Renew","006","ISSUED & PRINTED","01","STREET OPENING PERMIT","0160P","SIDEWALK RECONSTRUCTION CONTRACTS-PROT","2","500","5000","10",,,,"JN REFER TO CEC-12-124","B012025119E09",,,"2025-07-10T11:28:54.000","2025-07-31T00:00:00.000","2025-10-15T23:59:59.000","BROOKLYN",,"EAST   23 STREET","SHORE PARKWAY","VOORHIES AVENUE","WILLIAM A. GROSS CONSTRUCTION ASSOCIATES, INC.","Sidewalk reconstruction",,"ASPHALT","CONCRETE","2025-07-10T11:28:53.000","2025-07-10T11:28:53.000",,,
"B012025191E49","2025070900959133","0061","Renew","006","ISSUED & PRINTED","01","STREET OPENING PERMIT","0160","SIDEWALK RECONSTRUCTION CONTRACTS","2","500","5000","10",,,,"JN REFER TO CEC-12-124","B012025119E18",,,"2025-07-10T11:29:10.000","2025-07-31T00:00:00.000","2025-10-15T23:59:59.000","BROOKLYN",,"KENSINGTON STREET","ORIENTAL BOULEVARD",,"WILLIAM A. GROSS CONSTRUCTION ASSOCIATES, INC.","Sidewalk reconstruction",,"ASPHALT","CONCRETE","2025-07-10T11:29:08.000","2025-07-10T11:29:08.000",,,
"B012025191E13","2025070900959133","0025","Renew","006","ISSUED & PRINTED","01","STREET OPENING PERMIT","0160","SIDEWALK RECONSTRUCTION CONTRACTS","2","500","5000","10",,,,"JN REFER TO CEC-12-124 RCRRM: 7/9/25 MUST COORDINATE WITH DOT MILLING AND PAVING;THE FULL WIDTH OF THE ROADWAY MUST BE FULLY UNOBSTRUCTED WHEN DOT IS ACTIVELY MILLING OR PAVING.","B012025119E47",,,"2025-07-10T11:28:44.000","2025-07-31T00:00:00.000","2025-10-15T23:59:59.000","BROOKLYN",,"CENTRAL AVENUE","CORNELIA STREET",,"WILLIAM A. GROSS CONSTRUCTION ASSOCIATES, INC.",,,"ASPHALT","CONCRETE","2025-07-10T11:28:42.000","2025-07-10T11:28:42.000",,,
"B012025191E14","2025070900959133","0026","Renew","006","ISSUED & PRINTED","01","STREET OPENING PERMIT","0162","NYC PARKS - RECONSTRUCTION CONTRACT","2","500","5000","10",,,,"JN REFER TO CEC-12-124 RCRRM: 7/9/25 MUST COORDINATE WITH DOT MILLING AND PAVING;THE FULL WIDTH OF THE ROADWAY MUST BE FULLY UNOBSTRUCTED WHEN DOT IS ACTIVELY MILLING OR PAVING.","B012025119E49",,,"2025-07-10T11:28:44.000","2025-07-31T00:00:00.000","2025-10-15T23:59:59.000","BROOKLYN",,"CENTRAL AVENUE","CORNELIA STREET",,"WILLIAM A. GROSS CONSTRUCTION ASSOCIATES, INC.",,,"ASPHALT","CONCRETE","2025-07-10T11:28:43.000","2025-07-10T11:28:43.000",,,
"B012025191E15","2025070900959133","0027","Renew","006","ISSUED & PRINTED","01","STREET OPENING PERMIT","0160P","SIDEWALK RECONSTRUCTION CONTRACTS-PROT","2","500","5000","10",,,,"JN REFER TO CEC-12-124","B012025119E04",,,"2025-07-10T11:28:45.000","2025-07-31T00:00:00.000","2025-10-15T23:59:59.000","BROOKLYN",,"AVENUE Y","EAST   29 STREET",,"WILLIAM A. GROSS CONSTRUCTION ASSOCIATES, INC.","Sidewalk reconstruction",,"ASPHALT","CONCRETE","2025-07-10T11:28:44.000","2025-07-10T11:28:44.000",,,
"B012025191E38","2025070900959133","0050","Renew","006","ISSUED & PRINTED","01","STREET OPENING PERMIT","0160","SIDEWALK RECONSTRUCTION CONTRACTS","2","500","5000","10",,,,"JN REFER TO CEC-12-124","B012025119E64",,,"2025-07-10T11:29:05.000","2025-07-31T00:00:00.000","2025-10-15T23:59:59.000","BROOKLYN","1232","DE KALB AVENUE","EVERGREEN AVENUE","MYRTLE AVENUE","WILLIAM A. GROSS CONSTRUCTION ASSOCIATES, INC.",,,"ASPHALT","CONCRETE","2025-07-10T11:29:04.000","2025-07-10T11:29:04.000",,,
"B012025191E39","2025070900959133","0051","Renew","006","ISSUED & PRINTED","01","STREET OPENING PERMIT","0162","NYC PARKS - RECONSTRUCTION CONTRACT","2","500","5000","10",,,,"JN REFER TO CEC-12-124","B012025119E65",,,"2025-07-10T11:29:05.000","2025-07-31T00:00:00.000","2025-10-15T23:59:59.000","BROOKLYN","1232","DE KALB AVENUE","EVERGREEN AVENUE","MYRTLE AVENUE","WILLIAM A. GROSS CONSTRUCTION ASSOCIATES, INC.",,,"ASPHALT","CONCRETE","2025-07-10T11:29:04.000","2025-07-10T11:29:04.000",,,
"B012025191H91","2025070900938616","0099","Renew","006","ISSUED & PRINTED","01","STREET OPENING PERMIT","0160P","SIDEWALK RECONSTRUCTION CONTRACTS-PROT","2","500","5000","10",,,,"JN REFER TO CEC-12-124","B012025119I35",,,"2025-07-10T12:17:21.000","2025-07-31T00:00:00.000","2025-10-15T23:59:59.000","BROOKLYN",,"EAST   10 STREET","KINGS HIGHWAY",,"WILLIAM A. GROSS CONSTRUCTION ASSOCIATES, INC.","Sidewalk reconstruction",,"ASPHALT","CONCRETE","2025-07-10T12:17:19.000","2025-07-10T12:17:19.000",,,
"B012025191E18","2025070900959133","0030","Renew","006","ISSUED & PRINTED","01","STREET OPENING PERMIT","0162","NYC PARKS - RECONSTRUCTION CONTRACT","2","500","5000","10",,,,"JN REFER TO CEC-12-124 RCRRM: 7/9/25 MUST COORDINATE WITH DOT MILLING AND PAVING;THE FULL WIDTH OF THE ROADWAY MUST BE FULLY UNOBSTRUCTED WHEN DOT IS ACTIVELY MILLING OR PAVING.","B012025119E51",,,"2025-07-10T11:28:46.000","2025-07-31T00:00:00.000","2025-10-15T23:59:59.000","BROOKLYN",,"CORNELIA STREET","KNICKERBOCKER AVENUE",,"WILLIAM A. GROSS CONSTRUCTION ASSOCIATES, INC.",,,"ASPHALT","CONCRETE","2025-07-10T11:28:44.000","2025-07-10T11:28:44.000",,,
"B012025191E20","2025070900959133","0032","Renew","006","ISSUED & PRINTED","01","STREET OPENING PERMIT","0162","NYC PARKS - RECONSTRUCTION CONTRACT","2","500","5000","10",,,,"JN REFER TO CEC-12-124","B012025119E53",,,"2025-07-10T11:28:46.000","2025-07-31T00:00:00.000","2025-10-15T23:59:59.000","BROOKLYN",,"CENTRAL AVENUE","STOCKHOLM STREET",,"WILLIAM A. GROSS CONSTRUCTION ASSOCIATES, INC.",,,"ASPHALT","CONCRETE","2025-07-10T11:28:45.000","2025-07-10T11:28:45.000",,,
"B012025191E21","2025070900959133","0033","Renew","006","ISSUED & PRINTED","01","STREET OPENING PERMIT","0160","SIDEWALK RECONSTRUCTION CONTRACTS","2","500","5000","10",,,,"JN REFER TO CEC-12-124","B012025119E54",,,"2025-07-10T11:28:46.000","2025-07-31T00:00:00.000","2025-10-15T23:59:59.000","BROOKLYN",,"CENTRAL AVENUE","STANHOPE STREET","STOCKHOLM STREET","WILLIAM A. GROSS CONSTRUCTION ASSOCIATES, INC.",,,"ASPHALT","CONCRETE","2025-07-10T11:28:45.000","2025-07-10T11:28:45.000",,,
"B012025191J79","2025070900522356","0001","New","010","DELINQUENT CONFIRMATION","01","STREET OPENING PERMIT","0158P","DDC CONTRACTOR MAJOR RECONSTRUCTION-PROT","2","500",,,,,,"IL. BNEC-18-341.",,,,"2025-07-10T12:43:10.000","2025-07-12T00:00:00.000","2025-07-13T23:59:59.000","BROOKLYN",,"4 AVENUE","28 STREET","29 STREET","JRCRUZ CORP.","These permits are for NYCT Flagging Work",,"ASPHALT","CONCRETE","2025-07-10T12:43:09.000","2025-07-14T00:05:16.000",,,
"B012025191E22","2025070900959133","0034","Renew","006","ISSUED & PRINTED","01","STREET OPENING PERMIT","0160P","SIDEWALK RECONSTRUCTION CONTRACTS-PROT","2","500","5000","10",,,,"JN REFER TO CEC-12-124","B012025119E05",,,"2025-07-10T11:28:46.000","2025-07-31T00:00:00.000","2025-10-15T23:59:59.000","BROOKLYN",,"AVENUE Y","EAST   23 STREET",,"WILLIAM A. GROSS CONSTRUCTION ASSOCIATES, INC.","Sidewalk reconstruction",,"ASPHALT","CONCRETE","2025-07-10T11:28:45.000","2025-07-10T11:28:45.000",,,
"B012025191E23","2025070900959133","0035","Renew","006","ISSUED & PRINTED","01","STREET OPENING PERMIT","0162","NYC PARKS - RECONSTRUCTION CONTRACT","2","500","5000","10",,,,"JN REFER TO CEC-12-124","B012025119E55",,,"2025-07-10T11:28:47.000","2025-07-31T00:00:00.000","2025-10-15T23:59:59.000","BROOKLYN",,"CENTRAL AVENUE","STANHOPE STREET","STOCKHOLM STREET","WILLIAM A. GROSS CONSTRUCTION ASSOCIATES, INC.",,,"ASPHALT","CONCRETE","2025-07-10T11:28:45.000","2025-07-10T11:28:45.000",,,
"B152025198B80","2025071700726420","0001","New","030","EXPIRED","15","DOT IN-HOUSE PAVING AND MILLING","1501","DOT IN-HOUSE PAVING",,,,,,,,,,,,"2025-07-17T14:36:54.000","2025-07-18T00:00:00.000","2025-07-18T23:59:59.000","BROOKLYN",,"NORFOLK STREET","SHORE BOULEVARD",,"NYC DEPT OF TRANSPORTATION","PAVING","SEGMENT AND INTERSECTION",,,"2025-07-17T14:36:51.000","2025-07-19T00:05:09.000",,,
"B012025191E24","2025070900959133","0036","Renew","006","ISSUED & PRINTED","01","STREET OPENING PERMIT","0160","SIDEWALK RECONSTRUCTION CONTRACTS","2","500","5000","10",,,,"JN REFER TO CEC-12-124 RCRRM: 7/9/25 MUST COORDINATE WITH DOT MILLING AND PAVING;THE FULL WIDTH OF THE ROADWAY MUST BE FULLY UNOBSTRUCTED WHEN DOT IS ACTIVELY MILLING OR PAVING.","B012025119E56",,,"2025-07-10T11:28:49.000","2025-07-31T00:00:00.000","2025-10-15T23:59:59.000","BROOKLYN",,"CENTRAL AVENUE","STANHOPE STREET",,"WILLIAM A. GROSS CONSTRUCTION ASSOCIATES, INC.",,,"ASPHALT","CONCRETE","2025-07-10T11:28:47.000","2025-07-10T11:28:47.000",,,
"B012025191E25","2025070900959133","0037","Renew","006","ISSUED & PRINTED","01","STREET OPENING PERMIT","0160P","SIDEWALK RECONSTRUCTION CONTRACTS-PROT","2","500","5000","10",,,,"JN REFER TO CEC-12-124","B012025119E06",,,"2025-07-10T11:28:51.000","2025-07-31T00:00:00.000","2025-10-15T23:59:59.000","BROOKLYN",,"EAST   23 STREET","AVENUE Y","AVENUE Z","WILLIAM A. GROSS CONSTRUCTION ASSOCIATES, INC.","Sidewalk reconstruction",,"ASPHALT","CONCRETE","2025-07-10T11:28:50.000","2025-07-10T11:28:50.000",,,
"M032025196A27","2025071500135663","0005","New","030","EXPIRED","03","MANHOLE EMBARGO PERMIT","0301","UTILITY MANHOLE EMBARGO PERMIT",,,,,,,,,,,,"2025-07-15T08:18:35.000","2025-07-15T08:18:35.000","2025-07-16T08:18:35.000","MANHATTAN",,"8 AVENUE","WEST   48 STREET",,"CONSOLIDATED EDISON","emergency work","e int 8 ave and w 48 st",,,"2025-07-15T08:18:38.000","2025-07-17T00:05:09.000",,,
"B012025191E46","2025070900959133","0058","Renew","006","ISSUED & PRINTED","01","STREET OPENING PERMIT","0160","SIDEWALK RECONSTRUCTION CONTRACTS","2","500","5000","10",,,,"JN REFER TO CEC-12-124","B012025119E17",,,"2025-07-10T11:29:07.000","2025-07-31T00:00:00.000","2025-10-15T23:59:59.000","BROOKLYN",,"KENSINGTON STREET","SHORE BOULEVARD",,"WILLIAM A. GROSS CONSTRUCTION ASSOCIATES, INC.","Sidewalk reconstruction",,"ASPHALT","CONCRETE","2025-07-10T11:29:05.000","2025-07-10T11:29:05.000",,,
"B012025191E26","2025070900959133","0038","Renew","006","ISSUED & PRINTED","01","STREET OPENING PERMIT","0162","NYC PARKS - RECONSTRUCTION CONTRACT","2","500","5000","10",,,,"JN REFER TO CEC-12-124 RCRRM: 7/9/25 MUST COORDINATE WITH DOT MILLING AND PAVING;THE FULL WIDTH OF THE ROADWAY MUST BE FULLY UNOBSTRUCTED WHEN DOT IS ACTIVELY MILLING OR PAVING.","B012025119E57",,,"2025-07-10T11:28:52.000","2025-07-31T00:00:00.000","2025-10-15T23:59:59.000","BROOKLYN",,"CENTRAL AVENUE","STANHOPE STREET",,"WILLIAM A. GROSS CONSTRUCTION ASSOCIATES, INC.",,,"ASPHALT","CONCRETE","2025-07-10T11:28:50.000","2025-07-10T11:28:50.000",,,
"B012025191E28","2025070900959133","0040","Renew","006","ISSUED & PRINTED","01","STREET OPENING PERMIT","0160","SIDEWALK RECONSTRUCTION CONTRACTS","2","500","5000","10",,,,"JN REFER TO CEC-12-124","B012025119E08",,,"2025-07-10T11:28:54.000","2025-07-31T00:00:00.000","2025-10-15T23:59:59.000","BROOKLYN",,"EAST   23 STREET","VOORHIES AVENUE",,"WILLIAM A. GROSS CONSTRUCTION ASSOCIATES, INC.","Sidewalk reconstruction",,"ASPHALT","CONCRETE","2025-07-10T11:28:52.000","2025-07-10T11:28:52.000",,,
"B012025191E29","2025070900959133","0041","Renew","006","ISSUED & PRINTED","01","STREET OPENING PERMIT","0160","SIDEWALK RECONSTRUCTION CONTRACTS","2","500","5000","10",,,,"JN REFER TO CEC-12-124","B012025119E58",,,"2025-07-10T11:28:54.000","2025-07-31T00:00:00.000","2025-10-15T23:59:59.000","BROOKLYN",,"DE KALB AVENUE","EVERGREEN AVENUE","MYRTLE AVENUE","WILLIAM A. GROSS CONSTRUCTION ASSOCIATES, INC.",,,"ASPHALT","CONCRETE","2025-07-10T11:28:53.000","2025-07-10T11:28:53.000",,,
"B012025191E36","2025070900959133","0048","Renew","006","ISSUED & PRINTED","01","STREET OPENING PERMIT","0162","NYC PARKS - RECONSTRUCTION CONTRACT","2","500","5000","10",,,,"JN REFER TO CEC-12-124","B012025119E63",,,"2025-07-10T11:29:05.000","2025-07-31T00:00:00.000","2025-10-15T23:59:59.000","BROOKLYN","1236","DE KALB AVENUE","EVERGREEN AVENUE","MYRTLE AVENUE","WILLIAM A. GROSS CONSTRUCTION ASSOCIATES, INC.",,,"ASPHALT","CONCRETE","2025-07-10T11:29:03.000","2025-07-10T11:29:03.000",,,
"M032025191A05","2025071000051730","0002","New","030","EXPIRED","03","MANHOLE EMBARGO PERMIT","0303","UTILITY MANHOLE EMBARGO PERMIT",,,,,,,,,,,,"2025-07-10T07:11:32.000","2025-07-10T07:11:32.000","2025-07-11T07:11:32.000","MANHATTAN",,"GREENWICH STREET","KING STREET",,"CONSOLIDATED EDISON","MANHOLE","MH",,,"2025-07-10T07:11:33.000","2025-07-12T00:05:10.000",,,
"B012025191E37","2025070900959133","0049","Renew","006","ISSUED & PRINTED","01","STREET OPENING PERMIT","0160","SIDEWALK RECONSTRUCTION CONTRACTS","2","500","5000","10",,,,"JN REFER TO CEC-12-124","B012025119E11",,,"2025-07-10T11:29:05.000","2025-07-31T00:00:00.000","2025-10-15T23:59:59.000","BROOKLYN",,"OCEAN AVENUE","SHORE BOULEVARD",,"WILLIAM A. GROSS CONSTRUCTION ASSOCIATES, INC.","Sidewalk reconstruction",,"ASPHALT","CONCRETE","2025-07-10T11:29:04.000","2025-07-10T11:29:04.000",,,
"B012025191E40","2025070900959133","0052","Renew","006","ISSUED & PRINTED","01","STREET OPENING PERMIT","0162P","NYC PARKS - RECONSTRUCTION CONTRACT-PROT","1","100","1000","10",,,,"IL. REFER TO CEC-12-124.","B012025119E66",,,"2025-07-10T11:29:05.000","2025-07-31T00:00:00.000","2025-10-15T23:59:59.000","BROOKLYN","164","MADISON STREET","BEDFORD AVENUE","NOSTRAND AVENUE","WILLIAM A. GROSS CONSTRUCTION ASSOCIATES, INC.","NYC DPR - Tree Damaged Sidewalks - Borough-Wide Contract","Work involves the removal/ replacement / repair of tree damaged sidewalks in front of the aforementioned property. This is a borough-wide contract. There are no drawings nor OCMC Stipulations for same.","ASPHALT","CONCRETE","2025-07-10T11:29:04.000","2025-07-10T11:29:04.000",,,
"B012025191E41","2025070900959133","0053","Renew","006","ISSUED & PRINTED","01","STREET OPENING PERMIT","0160","SIDEWALK RECONSTRUCTION CONTRACTS","2","500","5000","10",,,,"JN REFER TO CEC-12-124","B012025119E12",,,"2025-07-10T11:29:06.000","2025-07-31T00:00:00.000","2025-10-15T23:59:59.000","BROOKLYN",,"HAMPTON AVENUE","OCEAN AVENUE",,"WILLIAM A. GROSS CONSTRUCTION ASSOCIATES, INC.","Sidewalk reconstruction",,"ASPHALT","CONCRETE","2025-07-10T11:29:04.000","2025-07-10T11:29:04.000",,,
"B012025191E42","2025070900959133","0054","Renew","006","ISSUED & PRINTED","01","STREET OPENING PERMIT","0160","SIDEWALK RECONSTRUCTION CONTRACTS","2","500","5000","10",,,,"JN REFER TO CEC-12-124","B012025119E13",,,"2025-07-10T11:29:06.000","2025-07-31T00:00:00.000","2025-10-15T23:59:59.000","BROOKLYN",,"FALMOUTH STREET","SHORE BOULEVARD",,"WILLIAM A. GROSS CONSTRUCTION ASSOCIATES, INC.","Sidewalk reconstruction",,"ASPHALT","CONCRETE","2025-07-10T11:29:05.000","2025-07-10T11:29:05.000",,,
"B012025191E62","2025070900959133","0074","Renew","006","ISSUED & PRINTED","01","STREET OPENING PERMIT","0160","SIDEWALK RECONSTRUCTION CONTRACTS","2","500","5000","10",,,,"JN REFER TO CEC-12-124","B012025119E23",,,"2025-07-10T11:29:25.000","2025-07-31T00:00:00.000","2025-10-15T23:59:59.000","BROOKLYN",,"BEAUMONT STREET","SHORE BOULEVARD",,"WILLIAM A. GROSS CONSTRUCTION ASSOCIATES, INC.","Sidewalk reconstruction",,"ASPHALT","CONCRETE","2025-07-10T11:29:24.000","2025-07-10T11:29:24.000",,,
"B012025191E43","2025070900959133","0055","Renew","006","ISSUED & PRINTED","01","STREET OPENING PERMIT","0160","SIDEWALK RECONSTRUCTION CONTRACTS","2","500","5000","10",,,,"JN REFER TO CEC-12-124 RCRRM: 7/9/25 MUST COORDINATE WITH DOT MILLING AND PAVING;THE FULL WIDTH OF THE ROADWAY MUST BE FULLY UNOBSTRUCTED WHEN DOT IS ACTIVELY MILLING OR PAVING.","B012025119E14",,,"2025-07-10T11:29:06.000","2025-07-31T00:00:00.000","2025-10-15T23:59:59.000","BROOKLYN",,"FALMOUTH STREET","HAMPTON AVENUE",,"WILLIAM A. GROSS CONSTRUCTION ASSOCIATES, INC.","Sidewalk reconstruction",,"ASPHALT","CONCRETE","2025-07-10T11:29:05.000","2025-07-10T11:29:05.000",,,
"B012025191E44","2025070900959133","0056","Renew","006","ISSUED & PRINTED","01","STREET OPENING PERMIT","0160","SIDEWALK RECONSTRUCTION CONTRACTS","2","500","5000","10",,,,"JN REFER TO CEC-12-124","B012025119E15",,,"2025-07-10T11:29:06.000","2025-07-31T00:00:00.000","2025-10-15T23:59:59.000","BROOKLYN",,"GIRARD STREET","SHORE BOULEVARD",,"WILLIAM A. GROSS CONSTRUCTION ASSOCIATES, INC.","Sidewalk reconstruction",,"ASPHALT","CONCRETE","2025-07-10T11:29:05.000","2025-07-10T11:29:05.000",,,
"B012025191E45","2025070900959133","0057","Renew","006","ISSUED & PRINTED","01","STREET OPENING PERMIT","0160","SIDEWALK RECONSTRUCTION CONTRACTS","2","500","5000","10",,,,"JN REFER TO CEC-12-124 RCRRM: 7/9/25 MUST COORDINATE WITH DOT MILLING AND PAVING;THE FULL WIDTH OF THE ROADWAY MUST BE FULLY UNOBSTRUCTED WHEN DOT IS ACTIVELY MILLING OR PAVING.","B012025119E16",,,"2025-07-10T11:29:06.000","2025-07-31T00:00:00.000","2025-10-15T23:59:59.000","BROOKLYN",,"GIRARD STREET","HAMPTON AVENUE",,"WILLIAM A. GROSS CONSTRUCTION ASSOCIATES, INC.","Sidewalk reconstruction",,"ASPHALT","CONCRETE","2025-07-10T11:29:05.000","2025-07-10T11:29:05.000",,,
"B012025191E50","2025070900959133","0062","Renew","006","ISSUED & PRINTED","01","STREET OPENING PERMIT","0160","SIDEWALK RECONSTRUCTION CONTRACTS","2","500","5000","10",,,,"JN REFER TO CEC-12-124 RCRRM: 7/9/25 MUST COORDINATE WITH DOT MILLING AND PAVING;THE FULL WIDTH OF THE ROADWAY MUST BE FULLY UNOBSTRUCTED WHEN DOT IS ACTIVELY MILLING OR PAVING.","B012025119E19",,,"2025-07-10T11:29:10.000","2025-07-31T00:00:00.000","2025-10-15T23:59:59.000","BROOKLYN",,"HAMPTON AVENUE","IRWIN STREET",,"WILLIAM A. GROSS CONSTRUCTION ASSOCIATES, INC.","Sidewalk reconstruction",,"ASPHALT","CONCRETE","2025-07-10T11:29:09.000","2025-07-10T11:29:09.000",,,
"B012025191E51","2025070900959133","0063","Renew","006","ISSUED & PRINTED","01","STREET OPENING PERMIT","0160P","SIDEWALK RECONSTRUCTION CONTRACTS-PROT","2","500","5000","10",,,,"JN REFER TO CEC-12-124","B012025119E69",,,"2025-07-10T11:29:10.000","2025-07-31T00:00:00.000","2025-10-15T23:59:59.000","BROOKLYN",,"HART STREET","CYPRESS AVENUE","ST NICHOLAS AVENUE","WILLIAM A. GROSS CONSTRUCTION ASSOCIATES, INC.",,,"ASPHALT","CONCRETE","2025-07-10T11:29:09.000","2025-07-10T11:29:09.000",,,
"B012025191E52","2025070900959133","0064","Renew","006","ISSUED & PRINTED","01","STREET OPENING PERMIT","0162P","NYC PARKS - RECONSTRUCTION CONTRACT-PROT","2","500","5000","10",,,,"JN REFER TO CEC-12-124","B012025119E70",,,"2025-07-10T11:29:10.000","2025-07-31T00:00:00.000","2025-10-15T23:59:59.000","BROOKLYN",,"HART STREET","CYPRESS AVENUE","ST NICHOLAS AVENUE","WILLIAM A. GROSS CONSTRUCTION ASSOCIATES, INC.",,,"ASPHALT","CONCRETE","2025-07-10T11:29:09.000","2025-07-10T11:29:09.000",,,
"B012025191E53","2025070900959133","0065","Renew","006","ISSUED & PRINTED","01","STREET OPENING PERMIT","0160","SIDEWALK RECONSTRUCTION CONTRACTS","2","500","5000","10",,,,"JN REFER TO CEC-12-124","B012025119E20",,,"2025-07-10T11:29:10.000","2025-07-31T00:00:00.000","2025-10-15T23:59:59.000","BROOKLYN",,"IRWIN STREET","ORIENTAL BOULEVARD",,"WILLIAM A. GROSS CONSTRUCTION ASSOCIATES, INC.","Sidewalk reconstruction",,"ASPHALT","CONCRETE","2025-07-10T11:29:09.000","2025-07-10T11:29:09.000",,,
"B012025191E54","2025070900959133","0066","Renew","006","ISSUED & PRINTED","01","STREET OPENING PERMIT","0160P","SIDEWALK RECONSTRUCTION CONTRACTS-PROT","2","500","5000","10",,,,"JN REFER TO CEC-12-124","B012025119E71",,,"2025-07-10T11:29:11.000","2025-07-31T00:00:00.000","2025-10-15T23:59:59.000","BROOKLYN",,"CYPRESS AVENUE","HART STREET",,"WILLIAM A. GROSS CONSTRUCTION ASSOCIATES, INC.",,,"ASPHALT","CONCRETE","2025-07-10T11:29:09.000","2025-07-10T11:29:09.000",,,
"B012025191E55","2025070900959133","0067","Renew","006","ISSUED & PRINTED","01","STREET OPENING PERMIT","0162P","NYC PARKS - RECONSTRUCTION CONTRACT-PROT","2","500","5000","10",,,,"JN REFER TO CEC-12-124","B012025119E72",,,"2025-07-10T11:29:16.000","2025-07-31T00:00:00.000","2025-10-15T23:59:59.000","BROOKLYN",,"CYPRESS AVENUE","HART STREET",,"WILLIAM A. GROSS CONSTRUCTION ASSOCIATES, INC.",,,"ASPHALT","CONCRETE","2025-07-10T11:29:14.000","2025-07-10T11:29:14.000",,,
"B012025191E56","2025070900959133","0068","Renew","006","ISSUED & PRINTED","01","STREET OPENING PERMIT","0160","SIDEWALK RECONSTRUCTION CONTRACTS","2","500","5000","10",,,,"JN REFER TO CEC-12-124","B012025119E21",,,"2025-07-10T11:29:18.000","2025-07-31T00:00:00.000","2025-10-15T23:59:59.000","BROOKLYN",,"FALMOUTH STREET","ORIENTAL BOULEVARD",,"WILLIAM A. GROSS CONSTRUCTION ASSOCIATES, INC.","Sidewalk reconstruction",,"ASPHALT","CONCRETE","2025-07-10T11:29:17.000","2025-07-10T11:29:17.000",,,
"B012025195B04","2025071100688600","0001","New","014","CONFIRMATION REC'D","01","STREET OPENING PERMIT","0182P","REMOVAL OF POLES-PROTECTED","1","10",,,,,,"DP",,,,"2025-07-14T12:06:08.000","2025-07-14T12:06:08.000","2025-10-11T23:59:59.000","BROOKLYN","3613","GLENWOOD ROAD","BROOKLYN AVENUE","EAST   37 STREET","VERIZON NEW YORK INC.","Brooklyn Team Removal of 1A7J5CH 5966192 T16710","F/O 3613 GLENWOOD RD",,"CONCRETE","2025-07-14T12:06:06.000","2025-07-15T08:08:20.000",,,
"B012025191E57","2025070900959133","0069","Renew","006","ISSUED & PRINTED","01","STREET OPENING PERMIT","0160","SIDEWALK RECONSTRUCTION CONTRACTS","2","500","5000","10",,,,"JN REFER TO CEC-12-124 RCRRM: 7/9/25 MUST COORDINATE WITH DOT MILLING AND PAVING;THE FULL WIDTH OF THE ROADWAY MUST BE FULLY UNOBSTRUCTED WHEN DOT IS ACTIVELY MILLING OR PAVING.","B012025119E73",,,"2025-07-10T11:29:18.000","2025-07-31T00:00:00.000","2025-10-15T23:59:59.000","BROOKLYN",,"STUART STREET","WHITNEY AVENUE",,"WILLIAM A. GROSS CONSTRUCTION ASSOCIATES, INC.",,,"ASPHALT","CONCRETE","2025-07-10T11:29:17.000","2025-07-10T11:29:17.000",,,
"B162025193A33","2025071200140696","0008","New","030","EXPIRED","16","COMMERCIAL REFUSE CONTAINER PERMIT","1600","COMMERCIAL REFUSE CONTAINER",,,,,,,,,,,,"2025-07-12T17:38:14.000","2025-07-12T17:38:14.000","2025-07-16T23:59:59.000","BROOKLYN","701","VAN SICLEN AVENUE","BEND","HEGEMAN AVENUE","JD NY CONSTRUCTIONS CORP",,,,,"2025-07-12T17:38:11.000","2025-07-17T00:05:09.000",,,
"B012025191E58","2025070900959133","0070","Renew","006","ISSUED & PRINTED","01","STREET OPENING PERMIT","0162","NYC PARKS - RECONSTRUCTION CONTRACT","2","500","5000","10",,,,"JN REFER TO CEC-12-124 RCRRM: 7/9/25 MUST COORDINATE WITH DOT MILLING AND PAVING;THE FULL WIDTH OF THE ROADWAY MUST BE FULLY UNOBSTRUCTED WHEN DOT IS ACTIVELY MILLING OR PAVING.","B012025119E74",,,"2025-07-10T11:29:21.000","2025-07-31T00:00:00.000","2025-10-15T23:59:59.000","BROOKLYN",,"STUART STREET","WHITNEY AVENUE",,"WILLIAM A. GROSS CONSTRUCTION ASSOCIATES, INC.",,,"ASPHALT","CONCRETE","2025-07-10T11:29:20.000","2025-07-10T11:29:20.000",,,
"B162025191A14","2025071000218080","0002","New","030","EXPIRED","16","COMMERCIAL REFUSE CONTAINER PERMIT","1600","COMMERCIAL REFUSE CONTAINER",,,,,,,,,,,,"2025-07-10T09:05:58.000","2025-07-12T00:00:00.000","2025-07-16T23:59:59.000","BROOKLYN","60","BELMONT AVENUE","OSBORN STREET","WATKINS STREET","FAZTEC INDUSTRIES, INC.",,,,,"2025-07-10T09:05:56.000","2025-07-17T00:05:09.000",,,
"B012025191E59","2025070900959133","0071","Renew","006","ISSUED & PRINTED","01","STREET OPENING PERMIT","0160","SIDEWALK RECONSTRUCTION CONTRACTS","2","500","5000","10",,,,"JN REFER TO CEC-12-124","B012025119E22",,,"2025-07-10T11:29:21.000","2025-07-31T00:00:00.000","2025-10-15T23:59:59.000","BROOKLYN",,"DOVER STREET","ORIENTAL BOULEVARD",,"WILLIAM A. GROSS CONSTRUCTION ASSOCIATES, INC.","Sidewalk reconstruction",,"ASPHALT","CONCRETE","2025-07-10T11:29:20.000","2025-07-10T11:29:20.000",,,
"B012025191E61","2025070900959133","0073","Renew","006","ISSUED & PRINTED","01","STREET OPENING PERMIT","0162P","NYC PARKS - RECONSTRUCTION CONTRACT-PROT","2","500","5000","10",,,,"JN REFER TO CEC-12-124","B012025119E76",,,"2025-07-10T11:29:22.000","2025-07-31T00:00:00.000","2025-10-15T23:59:59.000","BROOKLYN",,"STUART STREET","AVENUE X","WHITNEY AVENUE","WILLIAM A. GROSS CONSTRUCTION ASSOCIATES, INC.",,,"ASPHALT","CONCRETE","2025-07-10T11:29:21.000","2025-07-10T11:29:21.000",,,
"B012025191E63","2025070900959133","0075","Renew","006","ISSUED & PRINTED","01","STREET OPENING PERMIT","0160P","SIDEWALK RECONSTRUCTION CONTRACTS-PROT","2","500","5000","10",,,,"JN REFER TO CEC-12-124","B012025119E77",,,"2025-07-10T11:29:25.000","2025-07-31T00:00:00.000","2025-10-15T23:59:59.000","BROOKLYN",,"AVENUE X","STUART STREET",,"WILLIAM A. GROSS CONSTRUCTION ASSOCIATES, INC.",,,"ASPHALT","CONCRETE","2025-07-10T11:29:29.000","2025-07-10T11:29:29.000",,,
"B012025191E65","2025070900959133","0077","Renew","006","ISSUED & PRINTED","01","STREET OPENING PERMIT","0160P","SIDEWALK RECONSTRUCTION CONTRACTS-PROT","2","500","5000","10",,,,"JN REFER TO CEC-12-124","B012025119E79",,,"2025-07-10T11:29:32.000","2025-07-31T00:00:00.000","2025-10-15T23:59:59.000","BROOKLYN",,"BURNETT STREET","WHITNEY AVENUE",,"WILLIAM A. GROSS CONSTRUCTION ASSOCIATES, INC.",,,"ASPHALT","CONCRETE","2025-07-10T11:29:30.000","2025-07-10T11:29:30.000",,,
"B012025191E66","2025070900959133","0078","Renew","006","ISSUED & PRINTED","01","STREET OPENING PERMIT","0162P","NYC PARKS - RECONSTRUCTION CONTRACT-PROT","2","500","5000","10",,,,"JN REFER TO CEC-12-124","B012025119E80",,,"2025-07-10T11:29:33.000","2025-07-31T00:00:00.000","2025-10-15T23:59:59.000","BROOKLYN",,"BURNETT STREET","WHITNEY AVENUE",,"WILLIAM A. GROSS CONSTRUCTION ASSOCIATES, INC.",,,"ASPHALT","CONCRETE","2025-07-10T11:29:32.000","2025-07-10T11:29:32.000",,,
"B012025191F51","2025070900955853","0083","Renew","006","ISSUED & PRINTED","01","STREET OPENING PERMIT","0160P","SIDEWALK RECONSTRUCTION CONTRACTS-PROT","2","500","5000","10",,,,"JN REFER TO CEC-12-124","B012025119E81",,,"2025-07-10T11:38:44.000","2025-07-31T00:00:00.000","2025-10-15T23:59:59.000","BROOKLYN",,"BURNETT STREET","AVENUE X","WHITNEY AVENUE","WILLIAM A. GROSS CONSTRUCTION ASSOCIATES, INC.",,,"ASPHALT","CONCRETE","2025-07-10T11:38:43.000","2025-07-10T11:38:43.000",,,
"B012025191F94","2025070900951543","0035","Renew","006","ISSUED & PRINTED","01","STREET OPENING PERMIT","0162P","NYC PARKS - RECONSTRUCTION CONTRACT-PROT","2","500","5000","10",,,,"JN REFER TO CEC-12-124","B012025119F89",,,"2025-07-10T11:51:44.000","2025-07-31T00:00:00.000","2025-10-15T23:59:59.000","BROOKLYN",,"HANCOCK STREET","BUSHWICK AVENUE","EVERGREEN AVENUE","WILLIAM A. GROSS CONSTRUCTION ASSOCIATES, INC.",,,"ASPHALT","CONCRETE","2025-07-10T11:51:42.000","2025-07-10T11:51:42.000",,,
"B012025192B54","2025071100251730","0037","New","006","ISSUED & PRINTED","01","STREET OPENING PERMIT","0160","SIDEWALK RECONSTRUCTION CONTRACTS","2","500","5000","10",,,,"DP/JL AS PER CEC-12-124",,,,"2025-07-11T10:15:00.000","2025-07-11T10:15:00.000","2025-10-08T23:59:59.000","BROOKLYN","68","SCHENCK AVENUE","ARLINGTON AVENUE","FULTON STREET","WILLIAM A. GROSS CONSTRUCTION ASSOCIATES, INC.","Sidewalk reconstruction",,"ASPHALT","CONCRETE","2025-07-11T10:14:58.000","2025-07-11T10:14:58.000",,,
"B012025191E89","2025070900955853","0021","Renew","006","ISSUED & PRINTED","01","STREET OPENING PERMIT","0162","NYC PARKS - RECONSTRUCTION CONTRACT","1","100","5000","10",,,,"GXS. REFER TO CEC-12-124.","B012025119F12",,,"2025-07-10T11:37:28.000","2025-07-31T00:00:00.000","2025-10-15T23:59:59.000","BROOKLYN",,"ELDERT STREET","KNICKERBOCKER AVENUE","WILSON AVENUE","WILLIAM A. GROSS CONSTRUCTION ASSOCIATES, INC.","NYC DPR - Tree Damaged Sidewalks - Borough-Wide Contract",,"ASPHALT","CONCRETE","2025-07-10T11:37:27.000","2025-07-10T11:37:27.000",,,
"B012025191E90","2025070900955853","0022","Renew","006","ISSUED & PRINTED","01","STREET OPENING PERMIT","0162","NYC PARKS - RECONSTRUCTION CONTRACT","1","100","5000","10",,,,"GXS. REFER TO CEC-12-124.","B012025119F13",,,"2025-07-10T11:37:28.000","2025-07-31T00:00:00.000","2025-10-15T23:59:59.000","BROOKLYN",,"BUSHWICK AVENUE","COVERT STREET","ELDERT STREET","WILLIAM A. GROSS CONSTRUCTION ASSOCIATES, INC.","NYC DPR - Tree Damaged Sidewalks - Borough-Wide Contract",,"ASPHALT","CONCRETE","2025-07-10T11:37:27.000","2025-07-10T11:37:27.000",,,
"B012025191H57","2025070900938616","0065","Renew","006","ISSUED & PRINTED","01","STREET OPENING PERMIT","0160P","SIDEWALK RECONSTRUCTION CONTRACTS-PROT","2","500","5000","10",,,,"JN REFER TO CEC-12-124. RCRRM: 4/24/25 MUST COORDINATE WITH DOT MILLING AND PAVING;THE FULL WIDTH OF THE ROADWAY MUST BE FULLY UNOBSTRUCTED WHEN DOT IS ACTIVELY MILLING OR PAVING.","B012025119H88",,,"2025-07-10T12:15:33.000","2025-07-31T00:00:00.000","2025-10-15T23:59:59.000","BROOKLYN",,"CEDAR STREET","EVERGREEN AVENUE",,"WILLIAM A. GROSS CONSTRUCTION ASSOCIATES, INC.",,,"ASPHALT","CONCRETE","2025-07-10T12:15:32.000","2025-07-10T12:15:32.000",,,
"B162025192A45","2025071100137570","0001","New","030","EXPIRED","16","COMMERCIAL REFUSE CONTAINER PERMIT","1600","COMMERCIAL REFUSE CONTAINER",,,,,,,,,,,,"2025-07-11T10:16:13.000","2025-07-11T10:16:13.000","2025-07-15T23:59:59.000","BROOKLYN","1813","60 STREET","18 AVENUE","19 AVENUE","LIAVIV CONSTRUCTION CORP.",,"On front of the house",,,"2025-07-11T10:16:13.000","2025-07-16T00:05:11.000",,,
"B012025191H94","2025070900938616","0102","Renew","006","ISSUED & PRINTED","01","STREET OPENING PERMIT","0160P","SIDEWALK RECONSTRUCTION CONTRACTS-PROT","2","500","5000","10",,,,"JN REFER TO CEC-12-124","B012025119I22",,,"2025-07-10T12:17:21.000","2025-07-31T00:00:00.000","2025-10-15T23:59:59.000","BROOKLYN",,"HART STREET","ST NICHOLAS AVENUE",,"WILLIAM A. GROSS CONSTRUCTION ASSOCIATES, INC.",,,"ASPHALT","CONCRETE","2025-07-10T12:17:20.000","2025-07-10T12:17:20.000",,,
"B012025191E69","2025070900955853","0001","Renew","006","ISSUED & PRINTED","01","STREET OPENING PERMIT","0162","NYC PARKS - RECONSTRUCTION CONTRACT","1","100","1000","10",,,,"IL. REFER TO CEC-12-124.","B012025119E91",,,"2025-07-10T11:37:21.000","2025-07-31T00:00:00.000","2025-10-15T23:59:59.000","BROOKLYN","2","VERONA PLACE","FULTON STREET","MACON STREET","WILLIAM A. GROSS CONSTRUCTION ASSOCIATES, INC.","NYC DPR - Tree Damaged Sidewalks - Borough-Wide Contract","Work involves the removal/ replacement / repair of tree damaged sidewalks in front of the aforementioned property. This is a borough-wide contract. There are no drawings nor OCMC Stipulations for same.","ASPHALT","CONCRETE","2025-07-10T11:37:20.000","2025-07-10T11:37:20.000",,,
"B012025191F67","2025070900951543","0008","Renew","006","ISSUED & PRINTED","01","STREET OPENING PERMIT","0162P","NYC PARKS - RECONSTRUCTION CONTRACT-PROT","1","50","5000","10",,,,"IL. REFER TO CEC-12-124-A1.","B012025119G09",,,"2025-07-10T11:51:29.000","2025-07-31T00:00:00.000","2025-10-15T23:59:59.000","BROOKLYN",,"BLAKE AVENUE","CLEVELAND STREET","ELTON STREET","WILLIAM A. GROSS CONSTRUCTION ASSOCIATES, INC.","NYC DPR - Tree Damaged Sidewalks - Borough-Wide Contract",,"ASPHALT","CONCRETE","2025-07-10T11:51:27.000","2025-07-10T11:51:27.000",,,
"B012025191E70","2025070900955853","0002","Renew","006","ISSUED & PRINTED","01","STREET OPENING PERMIT","0162P","NYC PARKS - RECONSTRUCTION CONTRACT-PROT","1","100","1000","10",,,,"IL. REFER TO CEC-12-124.","B012025119E92",,,"2025-07-10T11:37:21.000","2025-07-31T00:00:00.000","2025-10-15T23:59:59.000","BROOKLYN","1716","DE KALB AVENUE","CYPRESS AVENUE","ST NICHOLAS AVENUE","WILLIAM A. GROSS CONSTRUCTION ASSOCIATES, INC.","NYC DPR - Tree Damaged Sidewalks - Borough-Wide Contract","Work involves the removal/ replacement / repair of tree damaged sidewalks in front of the aforementioned property. This is a borough-wide contract. There are no drawings nor OCMC Stipulations for same.","ASPHALT","CONCRETE","2025-07-10T11:37:20.000","2025-07-10T11:37:20.000",,,
"B012025191F28","2025070900955853","0060","Renew","006","ISSUED & PRINTED","01","STREET OPENING PERMIT","0160","SIDEWALK RECONSTRUCTION CONTRACTS","1","100","1000","10",,,,"JG--CEC-12-124","B012025119F50",,,"2025-07-10T11:38:21.000","2025-07-31T00:00:00.000","2025-10-15T23:59:59.000","BROOKLYN","248","WINTHROP STREET","NOSTRAND AVENUE","ROGERS AVENUE","WILLIAM A. GROSS CONSTRUCTION ASSOCIATES, INC.","NYC DPR - Tree Damaged Sidewalks - Borough-Wide Contract","Work involves the removal/ replacement / repair of tree damaged sidewalks in front of the aforementioned property. This is a borough-wide contract. There are no drawings nor OCMC Stipulations for same.","ASPHALT","CONCRETE","2025-07-10T11:38:20.000","2025-07-10T11:38:20.000",,,
"B012025191F60","2025070900951543","0001","Renew","006","ISSUED & PRINTED","01","STREET OPENING PERMIT","0160","SIDEWALK RECONSTRUCTION CONTRACTS","1","100","1000","10",,,,"JG--CEC-12-124","B012025119G05",,,"2025-07-10T11:51:26.000","2025-07-31T00:00:00.000","2025-10-15T23:59:59.000","BROOKLYN","144","KINGSTON AVENUE","BERGEN STREET","ST MARKS AVENUE","WILLIAM A. GROSS CONSTRUCTION ASSOCIATES, INC.","NYC DPR - Tree Damaged Sidewalks - Borough-Wide Contract","Work involves the removal/ replacement / repair of tree damaged sidewalks in front of the aforementioned property. This is a borough-wide contract. There are no drawings nor OCMC Stipulations for same.","ASPHALT","CONCRETE","2025-07-10T11:51:25.000","2025-07-10T11:51:25.000",,,
"B012025191F54","2025070900955853","0086","Renew","006","ISSUED & PRINTED","01","STREET OPENING PERMIT","0162P","NYC PARKS - RECONSTRUCTION CONTRACT-PROT","2","500","5000","10",,,,"JN REFER TO CEC-12-124","B012025119E84",,,"2025-07-10T11:38:45.000","2025-07-31T00:00:00.000","2025-10-15T23:59:59.000","BROOKLYN",,"AVENUE X","BURNETT STREET",,"WILLIAM A. GROSS CONSTRUCTION ASSOCIATES, INC.",,,"ASPHALT","CONCRETE","2025-07-10T11:38:44.000","2025-07-10T11:38:44.000",,,
"B012025191F52","2025070900955853","0084","Renew","006","ISSUED & PRINTED","01","STREET OPENING PERMIT","0162P","NYC PARKS - RECONSTRUCTION CONTRACT-PROT","2","500","5000","10",,,,"JN REFER TO CEC-12-124","B012025119E82",,,"2025-07-10T11:38:44.000","2025-07-31T00:00:00.000","2025-10-15T23:59:59.000","BROOKLYN",,"BURNETT STREET","AVENUE X","WHITNEY AVENUE","WILLIAM A. GROSS CONSTRUCTION ASSOCIATES, INC.",,,"ASPHALT","CONCRETE","2025-07-10T11:38:43.000","2025-07-10T11:38:43.000",,,
"B012025191E71","2025070900955853","0003","Renew","006","ISSUED & PRINTED","01","STREET OPENING PERMIT","0162","NYC PARKS - RECONSTRUCTION CONTRACT","1","100","5000","10",,,,"GXS. REFER TO CEC-12-124.","B012025119E93",,,"2025-07-10T11:37:21.000","2025-07-31T00:00:00.000","2025-10-15T23:59:59.000","BROOKLYN","110","MOFFAT STREET","BUSHWICK AVENUE","EVERGREEN AVENUE","WILLIAM A. GROSS CONSTRUCTION ASSOCIATES, INC.","NYC DPR - Tree Damaged Sidewalks - Borough-Wide Contract","Work involves the removal / replacement / repair of tree damaged sidewalks in front or around of the aforementioned property and adjacent properties. This is a borough-wide contract. There are no drawings nor OCMC Stipulations for same.","ASPHALT","CONCRETE","2025-07-10T11:37:20.000","2025-07-10T11:37:20.000",,,
"B012025191E72","2025070900955853","0004","Renew","006","ISSUED & PRINTED","01","STREET OPENING PERMIT","0160P","SIDEWALK RECONSTRUCTION CONTRACTS-PROT","1","100","1000","10",,,,"JG-WORK AS PER CEC-12-124 RCRRM: 8/2/24 MUST COORDINATE WITH DOT MILLING AND PAVING;THE FULL WIDTH OF THE ROADWAY MUST BE FULLY UNOBSTRUCTED WHEN DOT IS ACTIVELY MILLING OR PAVING.","B012025119E94",,,"2025-07-10T11:37:22.000","2025-07-31T00:00:00.000","2025-10-15T23:59:59.000","BROOKLYN","928","PACIFIC STREET","GRAND AVENUE","WASHINGTON AVENUE","WILLIAM A. GROSS CONSTRUCTION ASSOCIATES, INC.","NYC DPR - Tree Damaged Sidewalks - Borough-Wide Contract","Work involves the removal/ replacement / repair of tree damaged sidewalks in front of the aforementioned property. This is a borough-wide contract. There are no drawings nor OCMC Stipulations for same.","ASPHALT","CONCRETE","2025-07-10T11:37:20.000","2025-07-10T11:37:20.000",,,
"B012025191E73","2025070900955853","0005","Renew","006","ISSUED & PRINTED","01","STREET OPENING PERMIT","0162","NYC PARKS - RECONSTRUCTION CONTRACT","1","100","1000","10",,,,"IL. REFER TO CEC-12-124.","B012025119E95",,,"2025-07-10T11:37:22.000","2025-07-31T00:00:00.000","2025-10-15T23:59:59.000","BROOKLYN","337","TOMPKINS AVENUE","GATES AVENUE","MONROE STREET","WILLIAM A. GROSS CONSTRUCTION ASSOCIATES, INC.","NYC DPR - Tree Damaged Sidewalks - Borough-Wide Contract","Work involves the removal/ replacement / repair of tree damaged sidewalks in front of the aforementioned property. This is a borough-wide contract. There are no drawings nor OCMC Stipulations for same.","ASPHALT","CONCRETE","2025-07-10T11:37:21.000","2025-07-10T11:37:21.000",,,
"B012025191E74","2025070900955853","0006","Renew","006","ISSUED & PRINTED","01","STREET OPENING PERMIT","0162","NYC PARKS - RECONSTRUCTION CONTRACT","1","100","5000","10",,,,"GXS. REFER TO CEC-12-124.","B012025119E96",,,"2025-07-10T11:37:22.000","2025-07-31T00:00:00.000","2025-10-15T23:59:59.000","BROOKLYN","107","MOFFAT STREET","BUSHWICK AVENUE","EVERGREEN AVENUE","WILLIAM A. GROSS CONSTRUCTION ASSOCIATES, INC.","NYC DPR - Tree Damaged Sidewalks - Borough-Wide Contract","Work involves the removal / replacement / repair of tree damaged sidewalks in front or around of the aforementioned property and adjacent properties. This is a borough-wide contract. There are no drawings nor OCMC Stipulations for same.","ASPHALT","CONCRETE","2025-07-10T11:37:21.000","2025-07-10T11:37:21.000",,,
"B012025191G88","2025070900948000","0047","Renew","006","ISSUED & PRINTED","01","STREET OPENING PERMIT","0162P","NYC PARKS - RECONSTRUCTION CONTRACT-PROT","2","500","5000","10",,,,"JN REFER TO CEC-12-124","B012025119G60",,,"2025-07-10T12:00:50.000","2025-07-31T00:00:00.000","2025-10-15T23:59:59.000","BROOKLYN",,"SUTTER AVENUE","BRISTOL STREET","HOPKINSON AVENUE","WILLIAM A. GROSS CONSTRUCTION ASSOCIATES, INC.","Sidewalk reconstruction",,"ASPHALT","CONCRETE","2025-07-10T12:00:48.000","2025-07-10T12:00:48.000",,,
"B152025190A01","2025070900822496","0002","New","030","EXPIRED","15","DOT IN-HOUSE PAVING AND MILLING","1501","DOT IN-HOUSE PAVING",,,,,,,,,,,,"2025-07-09T14:43:45.000","2025-07-10T00:00:00.000","2025-07-10T23:59:59.000","BROOKLYN",,"EAST   85 STREET","AVENUE J","FLATLANDS AVENUE","NYC DEPT OF TRANSPORTATION","PAVING","SEGMENT AND INTERSECTION",,,"2025-07-09T14:43:44.000","2025-07-11T00:05:11.000",,,
"B012025191E75","2025070900955853","0007","Renew","006","ISSUED & PRINTED","01","STREET OPENING PERMIT","0162","NYC PARKS - RECONSTRUCTION CONTRACT","1","100","1000","10",,,,"IL. REFER TO CEC-12-124.","B012025119E97",,,"2025-07-10T11:37:22.000","2025-07-31T00:00:00.000","2025-10-15T23:59:59.000","BROOKLYN","205","JEFFERSON AVENUE","MARCY AVENUE","NOSTRAND AVENUE","WILLIAM A. GROSS CONSTRUCTION ASSOCIATES, INC.","NYC DPR - Tree Damaged Sidewalks - Borough-Wide Contract","Work involves the removal/ replacement / repair of tree damaged sidewalks in front of the aforementioned property. This is a borough-wide contract. There are no drawings nor OCMC Stipulations for same.","ASPHALT","CONCRETE","2025-07-10T11:37:21.000","2025-07-10T11:37:21.000",,,
"B012025191G50","2025070900948000","0009","Renew","006","ISSUED & PRINTED","01","STREET OPENING PERMIT","0162P","NYC PARKS - RECONSTRUCTION CONTRACT-PROT","2","500","5000","10",,,,"JN REFER TO CEC-12-124","B012025119G69",,,"2025-07-10T12:00:24.000","2025-07-31T00:00:00.000","2025-10-15T23:59:59.000","BROOKLYN",,"EAST   73 STREET","AVENUE K","AVENUE L","WILLIAM A. GROSS CONSTRUCTION ASSOCIATES, INC.","Sidewalk reconstruction",,"ASPHALT","CONCRETE","2025-07-10T12:00:23.000","2025-07-10T12:00:23.000",,,
"B012025195B02","2025071100677613","0001","New","006","ISSUED & PRINTED","01","STREET OPENING PERMIT","0182","REMOVAL OF POLES","1","10",,,,,,"DP",,,,"2025-07-14T12:05:08.000","2025-07-14T12:05:08.000","2025-10-11T23:59:59.000","BROOKLYN",,"WEST   17 STREET","MERMAID AVENUE","SURF AVENUE","VERIZON NEW YORK INC.","Brooklyn Team Removal of 1A7W4AV 6263442 10892","1 POLE S of MERMAID AVE",,"CONCRETE","2025-07-14T12:05:06.000","2025-07-14T12:05:06.000",,,
"B012025191G60","2025070900948000","0019","Renew","006","ISSUED & PRINTED","01","STREET OPENING PERMIT","0160P","SIDEWALK RECONSTRUCTION CONTRACTS-PROT","2","500","5000","10",,,,"JN REFER TO CEC-12-124","B012025119G67",,,"2025-07-10T12:00:30.000","2025-07-31T00:00:00.000","2025-10-15T23:59:59.000","BROOKLYN",,"EAST   51 STREET","AVENUE D","CLARENDON ROAD","WILLIAM A. GROSS CONSTRUCTION ASSOCIATES, INC.","Sidewalk reconstruction",,"ASPHALT","CONCRETE","2025-07-10T12:00:28.000","2025-07-10T12:00:28.000",,,
"B012025191H23","2025070900938616","0031","Renew","006","ISSUED & PRINTED","01","STREET OPENING PERMIT","0160","SIDEWALK RECONSTRUCTION CONTRACTS","2","500","5000","10",,,,"JN REFER TO CEC-12-124 RCRRM: 7/9/25 MUST COORDINATE WITH DOT MILLING AND PAVING;THE FULL WIDTH OF THE ROADWAY MUST BE FULLY UNOBSTRUCTED WHEN DOT IS ACTIVELY MILLING OR PAVING.","B012025119I05",,,"2025-07-10T12:14:57.000","2025-07-31T00:00:00.000","2025-10-15T23:59:59.000","BROOKLYN",,"EVERGREEN AVENUE","HANCOCK STREET",,"WILLIAM A. GROSS CONSTRUCTION ASSOCIATES, INC.",,,"ASPHALT","CONCRETE","2025-07-10T12:14:55.000","2025-07-10T12:14:55.000",,,
"B162025196A16","2025071500287823","0001","New","030","EXPIRED","16","COMMERCIAL REFUSE CONTAINER PERMIT","1600","COMMERCIAL REFUSE CONTAINER",,,,,,,,,,,,"2025-07-15T09:17:14.000","2025-07-15T09:17:14.000","2025-07-19T23:59:59.000","BROOKLYN","279","WHITMAN DRIVE","BASSETT AVENUE","INDIANA PLACE","PLANET WASTE SERVICES, INC.",,,,,"2025-07-15T09:17:12.000","2025-07-20T00:05:09.000",,,
"B012025191E85","2025070900955853","0017","Renew","006","ISSUED & PRINTED","01","STREET OPENING PERMIT","0160P","SIDEWALK RECONSTRUCTION CONTRACTS-PROT","1","100","1000","10",,,,"JG--CEC-12-124","B012025119F08",,,"2025-07-10T11:37:25.000","2025-07-31T00:00:00.000","2025-10-15T23:59:59.000","BROOKLYN","1334","PARK PLACE","SCHENECTADY AVENUE","UTICA AVENUE","WILLIAM A. GROSS CONSTRUCTION ASSOCIATES, INC.","NYC DPR - Tree Damaged Sidewalks - Borough-Wide Contract","Work involves the removal/ replacement / repair of tree damaged sidewalks in front of the aforementioned property. This is a borough-wide contract. There are no drawings nor OCMC Stipulations for same.","ASPHALT","CONCRETE","2025-07-10T11:37:24.000","2025-07-10T11:37:24.000",,,
"B012025191E76","2025070900955853","0008","Renew","006","ISSUED & PRINTED","01","STREET OPENING PERMIT","0162P","NYC PARKS - RECONSTRUCTION CONTRACT-PROT","1","100","1000","10",,,,"JG-WORK AS PER CEC-12-124. RCRRM: 8/2/24 MUST COORDINATE WITH DOT MILLING AND PAVING;THE FULL WIDTH OF THE ROADWAY MUST BE FULLY UNOBSTRUCTED WHEN DOT IS ACTIVELY MILLING OR PAVING.","B012025119E98",,,"2025-07-10T11:37:23.000","2025-07-31T00:00:00.000","2025-10-15T23:59:59.000","BROOKLYN","928","PACIFIC STREET","GRAND AVENUE","WASHINGTON AVENUE","WILLIAM A. GROSS CONSTRUCTION ASSOCIATES, INC.","NYC DPR - Tree Damaged Sidewalks - Borough-Wide Contract","Work involves the removal/ replacement / repair of tree damaged sidewalks in front of the aforementioned property. This is a borough-wide contract. There are no drawings nor OCMC Stipulations for same.","ASPHALT","CONCRETE","2025-07-10T11:37:21.000","2025-07-10T11:37:21.000",,,
"B152025196A03","2025071500112986","0004","New","030","EXPIRED","15","DOT IN-HOUSE PAVING AND MILLING","1500","DOT IN-HOUSE MILLING",,,,,,,,,,,,"2025-07-15T08:05:43.000","2025-07-15T08:05:43.000","2025-07-15T23:59:59.000","BROOKLYN",,"COLERIDGE STREET","HAMPTON AVENUE","ORIENTAL BOULEVARD","NYC DEPT OF TRANSPORTATION","MILLING","SEGMENT AND INTERSECTION",,,"2025-07-15T08:05:41.000","2025-07-16T00:05:11.000",,,
"B012025191E88","2025070900955853","0020","Renew","006","ISSUED & PRINTED","01","STREET OPENING PERMIT","0160","SIDEWALK RECONSTRUCTION CONTRACTS","1","100","1000","10",,,,"JG--CEC-12-124","B012025119F11",,,"2025-07-10T11:37:28.000","2025-07-31T00:00:00.000","2025-10-15T23:59:59.000","BROOKLYN","1589","UNION STREET","ALBANY AVENUE","TROY AVENUE","WILLIAM A. GROSS CONSTRUCTION ASSOCIATES, INC.","NYC DPR - Tree Damaged Sidewalks - Borough-Wide Contract","Work involves the removal/ replacement / repair of tree damaged sidewalks in front of the aforementioned property. This is a borough-wide contract. There are no drawings nor OCMC Stipulations for same.","ASPHALT","CONCRETE","2025-07-10T11:37:26.000","2025-07-10T11:37:26.000",,,
"B012025191E77","2025070900955853","0009","Renew","006","ISSUED & PRINTED","01","STREET OPENING PERMIT","0162","NYC PARKS - RECONSTRUCTION CONTRACT","1","100","5000","10",,,,"GXS. REFER TO CEC-12-124.","B012025119E99",,,"2025-07-10T11:37:23.000","2025-07-31T00:00:00.000","2025-10-15T23:59:59.000","BROOKLYN","1307","BUSHWICK AVENUE","COVERT STREET","ELDERT STREET","WILLIAM A. GROSS CONSTRUCTION ASSOCIATES, INC.","NYC DPR - Tree Damaged Sidewalks - Borough-Wide Contract","Work involves the removal / replacement / repair of tree damaged sidewalks in front or around of the aforementioned property and adjacent properties. This is a borough-wide contract. There are no drawings nor OCMC Stipulations for same.","ASPHALT","CONCRETE","2025-07-10T11:37:21.000","2025-07-10T11:37:21.000",,,
"B012025191F62","2025070900951543","0003","Renew","006","ISSUED & PRINTED","01","STREET OPENING PERMIT","0160P","SIDEWALK RECONSTRUCTION CONTRACTS-PROT","1","50","5000","10",,,,"IL. REFER TO CEC-12-124-A1.","B012025119G06",,,"2025-07-10T11:51:27.000","2025-07-31T00:00:00.000","2025-10-15T23:59:59.000","BROOKLYN",,"BLAKE AVENUE","CLEVELAND STREET","ELTON STREET","WILLIAM A. GROSS CONSTRUCTION ASSOCIATES, INC.","NYC DPR - Tree Damaged Sidewalks - Borough-Wide Contract",,"ASPHALT","CONCRETE","2025-07-10T11:51:26.000","2025-07-10T11:51:26.000",,,
"B012025191E78","2025070900955853","0010","Renew","006","ISSUED & PRINTED","01","STREET OPENING PERMIT","0162","NYC PARKS - RECONSTRUCTION CONTRACT","1","100","5000","10",,,,"GXS. REFER TO CEC-12-124.","B012025119F00",,,"2025-07-10T11:37:23.000","2025-07-31T00:00:00.000","2025-10-15T23:59:59.000","BROOKLYN","1279","BUSHWICK AVENUE","ELDERT STREET","HALSEY STREET","WILLIAM A. GROSS CONSTRUCTION ASSOCIATES, INC.","NYC DPR - Tree Damaged Sidewalks - Borough-Wide Contract","Work involves the removal / replacement / repair of tree damaged sidewalks in front or around of the aforementioned property and adjacent properties. This is a borough-wide contract. There are no drawings nor OCMC Stipulations for same.","ASPHALT","CONCRETE","2025-07-10T11:37:22.000","2025-07-10T11:37:22.000",,,
"B012025192B45","2025071100251730","0026","New","006","ISSUED & PRINTED","01","STREET OPENING PERMIT","0162","NYC PARKS - RECONSTRUCTION CONTRACT","2","500","5000","10",,,,"DP/JL AS PER CEC-12-124",,,,"2025-07-11T10:14:55.000","2025-07-11T10:14:55.000","2025-10-08T23:59:59.000","BROOKLYN","298","NICHOLS AVENUE","BEND","FULTON STREET","WILLIAM A. GROSS CONSTRUCTION ASSOCIATES, INC.","Sidewalk reconstruction",,"ASPHALT","CONCRETE","2025-07-11T10:14:53.000","2025-07-11T10:14:53.000",,,
"B012025191E79","2025070900955853","0011","Renew","006","ISSUED & PRINTED","01","STREET OPENING PERMIT","0162","NYC PARKS - RECONSTRUCTION CONTRACT","1","100","5000","10",,,,"GXS. REFER TO CEC-12-124.","B012025119F01",,,"2025-07-10T11:37:23.000","2025-07-31T00:00:00.000","2025-10-15T23:59:59.000","BROOKLYN","270","ELDERT STREET","KNICKERBOCKER AVENUE","WILSON AVENUE","WILLIAM A. GROSS CONSTRUCTION ASSOCIATES, INC.","NYC DPR - Tree Damaged Sidewalks - Borough-Wide Contract","Work involves the removal / replacement / repair of tree damaged sidewalks in front or around of the aforementioned property and adjacent properties. This is a borough-wide contract. There are no drawings nor OCMC Stipulations for same.","ASPHALT","CONCRETE","2025-07-10T11:37:22.000","2025-07-10T11:37:22.000",,,
"B012025191F58","2025070900955853","0090","Renew","006","ISSUED & PRINTED","01","STREET OPENING PERMIT","0160","SIDEWALK RECONSTRUCTION CONTRACTS","2","500","5000","10",,,,"JN REFER TO CEC-12-124","B012025119E88",,,"2025-07-10T11:38:46.000","2025-07-31T00:00:00.000","2025-10-15T23:59:59.000","BROOKLYN",,"DEAD END","GERRITSEN AVENUE",,"WILLIAM A. GROSS CONSTRUCTION ASSOCIATES, INC.",,,"ASPHALT","CONCRETE","2025-07-10T11:38:44.000","2025-07-10T11:38:44.000",,,
"B012025191E80","2025070900955853","0012","Renew","006","ISSUED & PRINTED","01","STREET OPENING PERMIT","0160","SIDEWALK RECONSTRUCTION CONTRACTS","1","100","1000","10",,,,"JG-WORK AS PER CEC-12-124","B012025119F02",,,"2025-07-10T11:37:23.000","2025-07-31T00:00:00.000","2025-10-15T23:59:59.000","BROOKLYN","670","PARK PLACE","BEDFORD AVENUE","FRANKLIN AVENUE","WILLIAM A. GROSS CONSTRUCTION ASSOCIATES, INC.","NYC DPR - Tree Damaged Sidewalks - Borough-Wide Contract","Work involves the removal/ replacement / repair of tree damaged sidewalks in front of the aforementioned property. This is a borough-wide contract. There are no drawings nor OCMC Stipulations for same.","ASPHALT","CONCRETE","2025-07-10T11:37:22.000","2025-07-10T11:37:22.000",,,
"B012025191F03","2025070900955853","0035","Renew","006","ISSUED & PRINTED","01","STREET OPENING PERMIT","0160P","SIDEWALK RECONSTRUCTION CONTRACTS-PROT","2","500","5000","10",,,,"JN REFER TO CEC-12-124","B012025119E89",,,"2025-07-10T11:37:35.000","2025-07-31T00:00:00.000","2025-10-15T23:59:59.000","BROOKLYN",,"AVENUE Y","EAST   26 STREET",,"WILLIAM A. GROSS CONSTRUCTION ASSOCIATES, INC.","Sidewalk reconstruction",,"ASPHALT","CONCRETE","2025-07-10T11:37:33.000","2025-07-10T11:37:33.000",,,
"B012025191E81","2025070900955853","0013","Renew","006","ISSUED & PRINTED","01","STREET OPENING PERMIT","0160P","SIDEWALK RECONSTRUCTION CONTRACTS-PROT","1","100","1000","10",,,,"JG--CEC-12-124","B012025119F04",,,"2025-07-10T11:37:24.000","2025-07-31T00:00:00.000","2025-10-15T23:59:59.000","BROOKLYN","1718","DEAN STREET","SCHENECTADY AVENUE","UTICA AVENUE","WILLIAM A. GROSS CONSTRUCTION ASSOCIATES, INC.","NYC DPR - Tree Damaged Sidewalks - Borough-Wide Contract","Work involves the removal/ replacement / repair of tree damaged sidewalks in front of the aforementioned property. This is a borough-wide contract. There are no drawings nor OCMC Stipulations for same.","ASPHALT","CONCRETE","2025-07-10T11:37:22.000","2025-07-10T11:37:22.000",,,
"B152025197A33","2025071600925616","0009","New","030","EXPIRED","15","DOT IN-HOUSE PAVING AND MILLING","1500","DOT IN-HOUSE MILLING",,,,,,,,,,,,"2025-07-16T14:59:55.000","2025-07-17T00:00:00.000","2025-07-18T23:59:59.000","BROOKLYN",,"MILTON STREET","WEST STREET",,"NYC DEPT OF TRANSPORTATION","MILLING","SEGMENT AND INTERSECTION",,,"2025-07-16T14:59:54.000","2025-07-19T00:05:09.000",,,
"B012025191E82","2025070900955853","0014","Renew","006","ISSUED & PRINTED","01","STREET OPENING PERMIT","0162","NYC PARKS - RECONSTRUCTION CONTRACT","1","100","1000","10",,,,"JG-WORK AS PER CEC-12-124","B012025119F05",,,"2025-07-10T11:37:24.000","2025-07-31T00:00:00.000","2025-10-15T23:59:59.000","BROOKLYN","670","PARK PLACE","BEDFORD AVENUE","FRANKLIN AVENUE","WILLIAM A. GROSS CONSTRUCTION ASSOCIATES, INC.","NYC DPR - Tree Damaged Sidewalks - Borough-Wide Contract","Work involves the removal/ replacement / repair of tree damaged sidewalks in front of the aforementioned property. This is a borough-wide contract. There are no drawings nor OCMC Stipulations for same.","ASPHALT","CONCRETE","2025-07-10T11:37:22.000","2025-07-10T11:37:22.000",,,
"B012025191E83","2025070900955853","0015","Renew","006","ISSUED & PRINTED","01","STREET OPENING PERMIT","0160P","SIDEWALK RECONSTRUCTION CONTRACTS-PROT","1","100","1000","10",,,,"JG--CEC-12-124","B012025119F06",,,"2025-07-10T11:37:24.000","2025-07-31T00:00:00.000","2025-10-15T23:59:59.000","BROOKLYN","131","SCHENECTADY AVENUE","BERGEN STREET","ST MARKS AVENUE","WILLIAM A. GROSS CONSTRUCTION ASSOCIATES, INC.","NYC DPR - Tree Damaged Sidewalks - Borough-Wide Contract","Work involves the removal/ replacement / repair of tree damaged sidewalks in front of the aforementioned property. This is a borough-wide contract. There are no drawings nor OCMC Stipulations for same.","ASPHALT","CONCRETE","2025-07-10T11:37:23.000","2025-07-10T11:37:23.000",,,
"B012025191E84","2025070900955853","0016","Renew","006","ISSUED & PRINTED","01","STREET OPENING PERMIT","0160","SIDEWALK RECONSTRUCTION CONTRACTS","1","100","1000","10",,,,"JG-WORK AS PER CEC-12-124","B012025119F07",,,"2025-07-10T11:37:25.000","2025-07-31T00:00:00.000","2025-10-15T23:59:59.000","BROOKLYN","594","ST MARKS AVENUE","BEDFORD AVENUE","FRANKLIN AVENUE","WILLIAM A. GROSS CONSTRUCTION ASSOCIATES, INC.","NYC DPR - Tree Damaged Sidewalks - Borough-Wide Contract","Work involves the removal/ replacement / repair of tree damaged sidewalks in front of the aforementioned property. This is a borough-wide contract. There are no drawings nor OCMC Stipulations for same.","ASPHALT","CONCRETE","2025-07-10T11:37:23.000","2025-07-10T11:37:23.000",,,
"B012025191E86","2025070900955853","0018","Renew","006","ISSUED & PRINTED","01","STREET OPENING PERMIT","0162","NYC PARKS - RECONSTRUCTION CONTRACT","1","100","5000","10",,,,"GXS. REFER TO CEC-12-124.","B012025119F09",,,"2025-07-10T11:37:25.000","2025-07-31T00:00:00.000","2025-10-15T23:59:59.000","BROOKLYN",,"MADISON STREET","BUSHWICK AVENUE","BEND","WILLIAM A. GROSS CONSTRUCTION ASSOCIATES, INC.","NYC DPR - Tree Damaged Sidewalks - Borough-Wide Contract",,"ASPHALT","CONCRETE","2025-07-10T11:37:24.000","2025-07-10T11:37:24.000",,,
"B012025191E87","2025070900955853","0019","Renew","006","ISSUED & PRINTED","01","STREET OPENING PERMIT","0160P","SIDEWALK RECONSTRUCTION CONTRACTS-PROT","1","100","1000","10",,,,"JG--CEC-12-124","B012025119F10",,,"2025-07-10T11:37:26.000","2025-07-31T00:00:00.000","2025-10-15T23:59:59.000","BROOKLYN","1271","EASTERN PARKWAY","BUFFALO AVENUE","ROCHESTER AVENUE","WILLIAM A. GROSS CONSTRUCTION ASSOCIATES, INC.","NYC DPR - Tree Damaged Sidewalks - Borough-Wide Contract","Work involves the removal/ replacement / repair of tree damaged sidewalks in front of the aforementioned property. This is a borough-wide contract. There are no drawings nor OCMC Stipulations for same.","ASPHALT","CONCRETE","2025-07-10T11:37:25.000","2025-07-10T11:37:25.000",,,
"B012025191E91","2025070900955853","0023","Renew","006","ISSUED & PRINTED","01","STREET OPENING PERMIT","0160","SIDEWALK RECONSTRUCTION CONTRACTS","1","100","1000","10",,,,"JG--CEC-12-124","B012025119F14",,,"2025-07-10T11:37:29.000","2025-07-31T00:00:00.000","2025-10-15T23:59:59.000","BROOKLYN","1607","PRESIDENT STREET","SCHENECTADY AVENUE","TROY AVENUE","WILLIAM A. GROSS CONSTRUCTION ASSOCIATES, INC.","NYC DPR - Tree Damaged Sidewalks - Borough-Wide Contract","Work involves the removal/ replacement / repair of tree damaged sidewalks in front of the aforementioned property. This is a borough-wide contract. There are no drawings nor OCMC Stipulations for same.","ASPHALT","CONCRETE","2025-07-10T11:37:28.000","2025-07-10T11:37:28.000",,,
"B012025191F65","2025070900951543","0006","Renew","006","ISSUED & PRINTED","01","STREET OPENING PERMIT","0162P","NYC PARKS - RECONSTRUCTION CONTRACT-PROT","2","500","5000","10",,,,"JN REFER TO CEC-12-124","B012025119F87",,,"2025-07-10T11:51:28.000","2025-07-31T00:00:00.000","2025-10-15T23:59:59.000","BROOKLYN","291","MAC DOUGAL STREET","ROCKAWAY AVENUE","MOTHER GASTON BOULEVARD","WILLIAM A. GROSS CONSTRUCTION ASSOCIATES, INC.",,,"ASPHALT","CONCRETE","2025-07-10T11:51:27.000","2025-07-10T11:51:27.000",,,
"B152025192A77","2025071100309886","0005","New","030","EXPIRED","15","DOT IN-HOUSE PAVING AND MILLING","1501","DOT IN-HOUSE PAVING",,,,,,,,,,,,"2025-07-11T10:06:29.000","2025-07-16T00:00:00.000","2025-07-17T23:59:59.000","BROOKLYN",,"JEWELL STREET","MESEROLE AVENUE",,"NYC DEPT OF TRANSPORTATION","PAVING","SEGMENT AND INTERSECTION",,,"2025-07-11T10:06:28.000","2025-07-18T00:05:11.000",,,
"B012025191G00","2025070900951543","0041","Renew","006","ISSUED & PRINTED","01","STREET OPENING PERMIT","0160P","SIDEWALK RECONSTRUCTION CONTRACTS-PROT","2","500","5000","10",,,,"JN REFER TO CEC-12-124","B012025119G00",,,"2025-07-10T11:51:45.000","2025-07-31T00:00:00.000","2025-10-15T23:59:59.000","BROOKLYN",,"CORNELIA STREET","CENTRAL AVENUE","EVERGREEN AVENUE","WILLIAM A. GROSS CONSTRUCTION ASSOCIATES, INC.",,,"ASPHALT","CONCRETE","2025-07-10T11:51:44.000","2025-07-10T11:51:44.000",,,
"B012025191F57","2025070900955853","0089","Renew","006","ISSUED & PRINTED","01","STREET OPENING PERMIT","0160","SIDEWALK RECONSTRUCTION CONTRACTS","2","500","5000","10",,,,"JN REFER TO CEC-12-124","B012025119E87",,,"2025-07-10T11:38:45.000","2025-07-31T00:00:00.000","2025-10-15T23:59:59.000","BROOKLYN",,"GERRITSEN AVENUE","DEAD END","LOIS AVENUE","WILLIAM A. GROSS CONSTRUCTION ASSOCIATES, INC.",,,"ASPHALT","CONCRETE","2025-07-10T11:38:44.000","2025-07-10T11:38:44.000",,,
"B012025191F53","2025070900955853","0085","Renew","006","ISSUED & PRINTED","01","STREET OPENING PERMIT","0160P","SIDEWALK RECONSTRUCTION CONTRACTS-PROT","2","500","5000","10",,,,"JN REFER TO CEC-12-124","B012025119E83",,,"2025-07-10T11:38:45.000","2025-07-31T00:00:00.000","2025-10-15T23:59:59.000","BROOKLYN",,"AVENUE X","BURNETT STREET",,"WILLIAM A. GROSS CONSTRUCTION ASSOCIATES, INC.",,,"ASPHALT","CONCRETE","2025-07-10T11:38:43.000","2025-07-10T11:38:43.000",,,
"B012025191E92","2025070900955853","0024","Renew","006","ISSUED & PRINTED","01","STREET OPENING PERMIT","0162P","NYC PARKS - RECONSTRUCTION CONTRACT-PROT","1","100","1000","10",,,,"IL. REFER TO CEC-12-124.","B012025119F15",,,"2025-07-10T11:37:30.000","2025-07-31T00:00:00.000","2025-10-15T23:59:59.000","BROOKLYN","503","HALSEY STREET","LEWIS AVENUE","STUYVESANT AVENUE","WILLIAM A. GROSS CONSTRUCTION ASSOCIATES, INC.","NYC DPR - Tree Damaged Sidewalks - Borough-Wide Contract","Work involves the removal/ replacement / repair of tree damaged sidewalks in front of the aforementioned property. This is a borough-wide contract. There are no drawings nor OCMC Stipulations for same.","ASPHALT","CONCRETE","2025-07-10T11:37:29.000","2025-07-10T11:37:29.000",,,
"B012025191E93","2025070900955853","0025","Renew","006","ISSUED & PRINTED","01","STREET OPENING PERMIT","0162P","NYC PARKS - RECONSTRUCTION CONTRACT-PROT","1","100","1000","10",,,,"JG--WORK AS PER CEC-12 -124","B012025119F16",,,"2025-07-10T11:37:30.000","2025-07-31T00:00:00.000","2025-10-15T23:59:59.000","BROOKLYN","650","EASTERN PARKWAY","BROOKLYN AVENUE","NEW YORK AVENUE","WILLIAM A. GROSS CONSTRUCTION ASSOCIATES, INC.","NYC DPR - Tree Damaged Sidewalks - Borough-Wide Contract","Work involves the removal/ replacement / repair of tree damaged sidewalks in front of the aforementioned property. This is a borough-wide contract. There are no drawings nor OCMC Stipulations for same.","ASPHALT","CONCRETE","2025-07-10T11:37:29.000","2025-07-10T11:37:29.000",,,
"B012025191E94","2025070900955853","0026","Renew","006","ISSUED & PRINTED","01","STREET OPENING PERMIT","0162","NYC PARKS - RECONSTRUCTION CONTRACT","1","100","1000","10",,,,"IL. REFER TO CEC-12-124.","B012025119F17",,,"2025-07-10T11:37:31.000","2025-07-31T00:00:00.000","2025-10-15T23:59:59.000","BROOKLYN","471","DE KALB AVENUE","FRANKLIN AVENUE","KENT AVENUE","WILLIAM A. GROSS CONSTRUCTION ASSOCIATES, INC.","NYC DPR - Tree Damaged Sidewalks - Borough-Wide Contract","Work involves the removal/ replacement / repair of tree damaged sidewalks in front of the aforementioned property. This is a borough-wide contract. There are no drawings nor OCMC Stipulations for same.","ASPHALT","CONCRETE","2025-07-10T11:37:30.000","2025-07-10T11:37:30.000",,,
"B012025191E95","2025070900955853","0027","Renew","006","ISSUED & PRINTED","01","STREET OPENING PERMIT","0162","NYC PARKS - RECONSTRUCTION CONTRACT","1","100","1000","10",,,,"IL. REFER TO CEC-12-124.","B012025119F18",,,"2025-07-10T11:37:31.000","2025-07-31T00:00:00.000","2025-10-15T23:59:59.000","BROOKLYN","435","MAC DONOUGH STREET","PATCHEN AVENUE","MALCOLM X BOULEVARD","WILLIAM A. GROSS CONSTRUCTION ASSOCIATES, INC.","NYC DPR - Tree Damaged Sidewalks - Borough-Wide Contract","Work involves the removal/ replacement / repair of tree damaged sidewalks in front of the aforementioned property. This is a borough-wide contract. There are no drawings nor OCMC Stipulations for same.","ASPHALT","CONCRETE","2025-07-10T11:37:30.000","2025-07-10T11:37:30.000",,,
"B012025191H99","2025070900938616","0107","Renew","006","ISSUED & PRINTED","01","STREET OPENING PERMIT","0162P","NYC PARKS - RECONSTRUCTION CONTRACT-PROT","2","500","5000","10",,,,"JN REFER TO CEC-12-124 RCRRM: 3/17/25 MUST COORDINATE WITH DOT MILLING AND PAVING;THE FULL WIDTH OF THE ROADWAY MUST BE FULLY UNOBSTRUCTED WHEN DOT IS ACTIVELY MILLING OR PAVING.","B012025119I32",,,"2025-07-10T12:17:22.000","2025-07-31T00:00:00.000","2025-10-15T23:59:59.000","BROOKLYN",,"BRAGG STREET","GERRITSEN AVENUE",,"WILLIAM A. GROSS CONSTRUCTION ASSOCIATES, INC.",,,"ASPHALT","CONCRETE","2025-07-10T12:17:21.000","2025-07-10T12:17:21.000",,,
"B012025191G02","2025070900951543","0043","Renew","006","ISSUED & PRINTED","01","STREET OPENING PERMIT","0162P","NYC PARKS - RECONSTRUCTION CONTRACT-PROT","2","500","5000","10",,,,"JN REFER TO CEC-12-124","B012025119G01",,,"2025-07-10T11:51:45.000","2025-07-31T00:00:00.000","2025-10-15T23:59:59.000","BROOKLYN",,"CORNELIA STREET","CENTRAL AVENUE","EVERGREEN AVENUE","WILLIAM A. GROSS CONSTRUCTION ASSOCIATES, INC.",,,"ASPHALT","CONCRETE","2025-07-10T11:51:44.000","2025-07-10T11:51:44.000",,,
"B012025191G17","2025070900951543","0058","Renew","006","ISSUED & PRINTED","01","STREET OPENING PERMIT","0160P","SIDEWALK RECONSTRUCTION CONTRACTS-PROT","2","500","5000","10",,,,"JN REFER TO CEC-12-124","B012025119G47",,,"2025-07-10T11:51:53.000","2025-07-31T00:00:00.000","2025-10-15T23:59:59.000","BROOKLYN",,"EAST   19 STREET","AVENUE U","AVENUE V","WILLIAM A. GROSS CONSTRUCTION ASSOCIATES, INC.","Sidewalk reconstruction",,"ASPHALT","CONCRETE","2025-07-10T11:51:51.000","2025-07-10T11:51:51.000",,,
"B012025191E96","2025070900955853","0028","Renew","006","ISSUED & PRINTED","01","STREET OPENING PERMIT","0162","NYC PARKS - RECONSTRUCTION CONTRACT","1","100","1000","10",,,,"JG--WORK AS PER CEC-12 -124","B012025119F19",,,"2025-07-10T11:37:32.000","2025-07-31T00:00:00.000","2025-10-15T23:59:59.000","BROOKLYN","1250","UNION STREET","NEW YORK AVENUE","NOSTRAND AVENUE","WILLIAM A. GROSS CONSTRUCTION ASSOCIATES, INC.","NYC DPR - Tree Damaged Sidewalks - Borough-Wide Contract","Work involves the removal/ replacement / repair of tree damaged sidewalks in front of the aforementioned property. This is a borough-wide contract. There are no drawings nor OCMC Stipulations for same.","ASPHALT","CONCRETE","2025-07-10T11:37:31.000","2025-07-10T11:37:31.000",,,
"B012025191E97","2025070900955853","0029","Renew","006","ISSUED & PRINTED","01","STREET OPENING PERMIT","0162","NYC PARKS - RECONSTRUCTION CONTRACT","1","100","5000","10",,,,"GXS. REFER TO CEC-12-124.","B012025119F20",,,"2025-07-10T11:37:33.000","2025-07-31T00:00:00.000","2025-10-15T23:59:59.000","BROOKLYN",,"MOFFAT STREET","BUSHWICK AVENUE","EVERGREEN AVENUE","WILLIAM A. GROSS CONSTRUCTION ASSOCIATES, INC.","NYC DPR - Tree Damaged Sidewalks - Borough-Wide Contract",,"ASPHALT","CONCRETE","2025-07-10T11:37:31.000","2025-07-10T11:37:31.000",,,
"B012025191E98","2025070900955853","0030","Renew","006","ISSUED & PRINTED","01","STREET OPENING PERMIT","0162P","NYC PARKS - RECONSTRUCTION CONTRACT-PROT","1","100","1000","10",,,,"IL. REFER TO CEC-12-124.","B012025119F21",,,"2025-07-10T11:37:33.000","2025-07-31T00:00:00.000","2025-10-15T23:59:59.000","BROOKLYN","38","WOODBINE STREET","BROADWAY","BUSHWICK AVENUE","WILLIAM A. GROSS CONSTRUCTION ASSOCIATES, INC.","NYC DPR - Tree Damaged Sidewalks - Borough-Wide Contract","Work involves the removal/ replacement / repair of tree damaged sidewalks in front of the aforementioned property. This is a borough-wide contract. There are no drawings nor OCMC Stipulations for same.","ASPHALT","CONCRETE","2025-07-10T11:37:32.000","2025-07-10T11:37:32.000",,,
"B012025191E99","2025070900955853","0031","Renew","006","ISSUED & PRINTED","01","STREET OPENING PERMIT","0160","SIDEWALK RECONSTRUCTION CONTRACTS","1","100","1000","10",,,,"JG--CEC-12-124","B012025119F22",,,"2025-07-10T11:37:34.000","2025-07-31T00:00:00.000","2025-10-15T23:59:59.000","BROOKLYN","772","MONTGOMERY STREET","ALBANY AVENUE","TROY AVENUE","WILLIAM A. GROSS CONSTRUCTION ASSOCIATES, INC.","NYC DPR - Tree Damaged Sidewalks - Borough-Wide Contract","Work involves the removal/ replacement / repair of tree damaged sidewalks in front of the aforementioned property. This is a borough-wide contract. There are no drawings nor OCMC Stipulations for same.","ASPHALT","CONCRETE","2025-07-10T11:37:33.000","2025-07-10T11:37:33.000",,,
"B012025191F61","2025070900951543","0002","Renew","006","ISSUED & PRINTED","01","STREET OPENING PERMIT","0160P","SIDEWALK RECONSTRUCTION CONTRACTS-PROT","2","500","5000","10",,,,"JN REFER TO CEC-12-124","B012025119F86",,,"2025-07-10T11:51:26.000","2025-07-31T00:00:00.000","2025-10-15T23:59:59.000","BROOKLYN","291","MAC DOUGAL STREET","ROCKAWAY AVENUE","MOTHER GASTON BOULEVARD","WILLIAM A. GROSS CONSTRUCTION ASSOCIATES, INC.",,,"ASPHALT","CONCRETE","2025-07-10T11:51:25.000","2025-07-10T11:51:25.000",,,
"B012025191F97","2025070900951543","0038","Renew","006","ISSUED & PRINTED","01","STREET OPENING PERMIT","0160","SIDEWALK RECONSTRUCTION CONTRACTS","2","500","5000","10",,,,"JN REFER TO CEC-12-124","B012025119G54",,,"2025-07-10T11:51:44.000","2025-07-31T00:00:00.000","2025-10-15T23:59:59.000","BROOKLYN",,"BATCHELDER STREET","VOORHIES AVENUE",,"WILLIAM A. GROSS CONSTRUCTION ASSOCIATES, INC.","Sidewalk reconstruction",,"ASPHALT","CONCRETE","2025-07-10T11:51:43.000","2025-07-10T11:51:43.000",,,
"B012025191F00","2025070900955853","0032","Renew","006","ISSUED & PRINTED","01","STREET OPENING PERMIT","0162","NYC PARKS - RECONSTRUCTION CONTRACT","1","100","1000","10",,,,"JG--WORK AS PER CEC-12 -124","B012025119F23",,,"2025-07-10T11:37:34.000","2025-07-31T00:00:00.000","2025-10-15T23:59:59.000","BROOKLYN","1158","UNION STREET","NOSTRAND AVENUE","ROGERS AVENUE","WILLIAM A. GROSS CONSTRUCTION ASSOCIATES, INC.","NYC DPR - Tree Damaged Sidewalks - Borough-Wide Contract","Work involves the removal/ replacement / repair of tree damaged sidewalks in front of the aforementioned property. This is a borough-wide contract. There are no drawings nor OCMC Stipulations for same.","ASPHALT","CONCRETE","2025-07-10T11:37:33.000","2025-07-10T11:37:33.000",,,
"B012025191K19","2025070900106526","0001","Renew","006","ISSUED & PRINTED","01","STREET OPENING PERMIT","0102","MAJOR INSTALLATIONS - HIGH VOLTAGE","1","250",,,,,,"JG/IL. REFER TO BNEC-24-303.","B012025120A40",,,"2025-07-10T15:46:31.000","2025-07-23T00:00:00.000","2025-10-20T23:59:59.000","BROOKLYN",,"FRONT STREET","GOLD STREET","HUDSON AVENUE","CONSOLIDATED EDISON","INSTALL CONDUIT A. BAJRAMI","250' E/E/C OF GOLD ST &amp; 5' N/S/C OF FRONT ST","COBBLESTONE","CONCRETE","2025-07-10T15:46:30.000","2025-07-10T15:46:30.000",,,
"B152025197A44","2025071600925616","0020","New","030","EXPIRED","15","DOT IN-HOUSE PAVING AND MILLING","1500","DOT IN-HOUSE MILLING",,,,,,,,,,,,"2025-07-16T14:59:58.000","2025-07-17T00:00:00.000","2025-07-18T23:59:59.000","BROOKLYN",,"WEST STREET","GREEN STREET","HURON STREET","NYC DEPT OF TRANSPORTATION","MILLING","SEGMENT AND INTERSECTION",,,"2025-07-16T14:59:57.000","2025-07-19T00:05:09.000",,,
"B012025192B36","2025071100251730","0017","New","006","ISSUED & PRINTED","01","STREET OPENING PERMIT","0160","SIDEWALK RECONSTRUCTION CONTRACTS","2","500","5000","10",,,,"DP/JL AS PER CEC-12-124",,,,"2025-07-11T10:14:52.000","2025-07-11T10:14:52.000","2025-10-08T23:59:59.000","BROOKLYN","574","AUTUMN AVENUE","BELMONT AVENUE","PITKIN AVENUE","WILLIAM A. GROSS CONSTRUCTION ASSOCIATES, INC.","Sidewalk reconstruction",,"ASPHALT","CONCRETE","2025-07-11T10:14:50.000","2025-07-11T10:14:50.000",,,
"B012025191F01","2025070900955853","0033","Renew","006","ISSUED & PRINTED","01","STREET OPENING PERMIT","0162","NYC PARKS - RECONSTRUCTION CONTRACT","1","100","1000","10",,,,"JG--WORK AS PER CEC-2 -124","B012025119F24",,,"2025-07-10T11:37:34.000","2025-07-31T00:00:00.000","2025-10-15T23:59:59.000","BROOKLYN","772","MONTGOMERY STREET","ALBANY AVENUE","TROY AVENUE","WILLIAM A. GROSS CONSTRUCTION ASSOCIATES, INC.","NYC DPR - Tree Damaged Sidewalks - Borough-Wide Contract","Work involves the removal/ replacement / repair of tree damaged sidewalks in front of the aforementioned property. This is a borough-wide contract. There are no drawings nor OCMC Stipulations for same.","ASPHALT","CONCRETE","2025-07-10T11:37:33.000","2025-07-10T11:37:33.000",,,
"B012025191F02","2025070900955853","0034","Renew","006","ISSUED & PRINTED","01","STREET OPENING PERMIT","0160","SIDEWALK RECONSTRUCTION CONTRACTS","1","100","1000","10",,,,"JG--CEC-12-124","B012025119F25",,,"2025-07-10T11:37:34.000","2025-07-31T00:00:00.000","2025-10-15T23:59:59.000","BROOKLYN","820","MONTGOMERY STREET","ALBANY AVENUE","TROY AVENUE","WILLIAM A. GROSS CONSTRUCTION ASSOCIATES, INC.","NYC DPR - Tree Damaged Sidewalks - Borough-Wide Contract","Work involves the removal/ replacement / repair of tree damaged sidewalks in front of the aforementioned property. This is a borough-wide contract. There are no drawings nor OCMC Stipulations for same.","ASPHALT","CONCRETE","2025-07-10T11:37:33.000","2025-07-10T11:37:33.000",,,
"B012025191F04","2025070900955853","0036","Renew","006","ISSUED & PRINTED","01","STREET OPENING PERMIT","0162","NYC PARKS - RECONSTRUCTION CONTRACT","1","100","1000","10",,,,"IL. REFER TO CEC-12-124.","B012025119F26",,,"2025-07-10T11:37:37.000","2025-07-31T00:00:00.000","2025-10-15T23:59:59.000","BROOKLYN","27","GOODWIN PLACE","GREENE AVENUE","GROVE STREET","WILLIAM A. GROSS CONSTRUCTION ASSOCIATES, INC.","NYC DPR - Tree Damaged Sidewalks - Borough-Wide Contract","Work involves the removal/ replacement / repair of tree damaged sidewalks in front of the aforementioned property. This is a borough-wide contract. There are no drawings nor OCMC Stipulations for same.","ASPHALT","CONCRETE","2025-07-10T11:37:35.000","2025-07-10T11:37:35.000",,,
"B012025191H49","2025070900938616","0057","Renew","006","ISSUED & PRINTED","01","STREET OPENING PERMIT","0162P","NYC PARKS - RECONSTRUCTION CONTRACT-PROT","2","500","5000","10",,,,"JN REFER TO CEC-12-124","B012025119H90",,,"2025-07-10T12:15:23.000","2025-07-31T00:00:00.000","2025-10-15T23:59:59.000","BROOKLYN",,"DE KALB AVENUE","EVERGREEN AVENUE",,"WILLIAM A. GROSS CONSTRUCTION ASSOCIATES, INC.",,,"ASPHALT","CONCRETE","2025-07-10T12:15:22.000","2025-07-10T12:15:22.000",,,
"B012025191F05","2025070900955853","0037","Renew","006","ISSUED & PRINTED","01","STREET OPENING PERMIT","0162","NYC PARKS - RECONSTRUCTION CONTRACT","1","100","1000","10",,,,"JG--WORK AS PER CEC-12 -124","B012025119F27",,,"2025-07-10T11:37:38.000","2025-07-31T00:00:00.000","2025-10-15T23:59:59.000","BROOKLYN","1003","CARROLL STREET","BEDFORD AVENUE","FRANKLIN AVENUE","WILLIAM A. GROSS CONSTRUCTION ASSOCIATES, INC.","NYC DPR - Tree Damaged Sidewalks - Borough-Wide Contract","Work involves the removal/ replacement / repair of tree damaged sidewalks in front of the aforementioned property. This is a borough-wide contract. There are no drawings nor OCMC Stipulations for same.","ASPHALT","CONCRETE","2025-07-10T11:37:37.000","2025-07-10T11:37:37.000",,,
"B012025191I12","2025070900938616","0120","Renew","006","ISSUED & PRINTED","01","STREET OPENING PERMIT","0160","SIDEWALK RECONSTRUCTION CONTRACTS","1","50","5000","10",,,,"DP. AS PER CEC-12-124","B012025119H50",,,"2025-07-10T12:17:25.000","2025-07-31T00:00:00.000","2025-10-15T23:59:59.000","BROOKLYN",,"BRADFORD STREET","BLAKE AVENUE","DUMONT AVENUE","WILLIAM A. GROSS CONSTRUCTION ASSOCIATES, INC.","NYC DPR - Tree Damaged Sidewalks - Borough-Wide Contract",,"ASPHALT","CONCRETE","2025-07-10T12:17:24.000","2025-07-10T12:17:24.000",,,
"B012025191F06","2025070900955853","0038","Renew","006","ISSUED & PRINTED","01","STREET OPENING PERMIT","0162","NYC PARKS - RECONSTRUCTION CONTRACT","1","100","1000","10",,,,"JG--WORK AS PER CEC-2 -124","B012025119F28",,,"2025-07-10T11:37:41.000","2025-07-31T00:00:00.000","2025-10-15T23:59:59.000","BROOKLYN","820","MONTGOMERY STREET","ALBANY AVENUE","TROY AVENUE","WILLIAM A. GROSS CONSTRUCTION ASSOCIATES, INC.","NYC DPR - Tree Damaged Sidewalks - Borough-Wide Contract","Work involves the removal/ replacement / repair of tree damaged sidewalks in front of the aforementioned property. This is a borough-wide contract. There are no drawings nor OCMC Stipulations for same.","ASPHALT","CONCRETE","2025-07-10T11:37:40.000","2025-07-10T11:37:40.000",,,
"B012025191I17","2025070900937823","0002","Renew","006","ISSUED & PRINTED","01","STREET OPENING PERMIT","0162","NYC PARKS - RECONSTRUCTION CONTRACT","2","500","5000","10",,,,"JN REFER TO CEC-12-124","B012025119I53",,,"2025-07-10T12:28:23.000","2025-07-31T00:00:00.000","2025-10-15T23:59:59.000","BROOKLYN",,"SEBA AVENUE","JUST COURT","MADOC AVENUE","WILLIAM A. GROSS CONSTRUCTION ASSOCIATES, INC.","Sidewalk reconstruction",,"ASPHALT","CONCRETE","2025-07-10T12:28:22.000","2025-07-10T12:28:22.000",,,
"B012025191F07","2025070900955853","0039","Renew","006","ISSUED & PRINTED","01","STREET OPENING PERMIT","0162","NYC PARKS - RECONSTRUCTION CONTRACT","1","100","1000","10",,,,"IL. REFER TO CEC-12-124.","B012025119F29",,,"2025-07-10T11:37:43.000","2025-07-31T00:00:00.000","2025-10-15T23:59:59.000","BROOKLYN","909","BUSHWICK AVENUE","GREENE AVENUE","VAN BUREN STREET","WILLIAM A. GROSS CONSTRUCTION ASSOCIATES, INC.","NYC DPR - Tree Damaged Sidewalks - Borough-Wide Contract","Work involves the removal/ replacement / repair of tree damaged sidewalks in front of the aforementioned property. This is a borough-wide contract. There are no drawings nor OCMC Stipulations for same.","ASPHALT","CONCRETE","2025-07-10T11:37:41.000","2025-07-10T11:37:41.000",,,
"B012025191F08","2025070900955853","0040","Renew","006","ISSUED & PRINTED","01","STREET OPENING PERMIT","0162","NYC PARKS - RECONSTRUCTION CONTRACT","1","100","1000","10",,,,"JG--WORK AS PER CEC-12 -124","B012025119F30",,,"2025-07-10T11:37:43.000","2025-07-31T00:00:00.000","2025-10-15T23:59:59.000","BROOKLYN","1007","CARROLL STREET","BEDFORD AVENUE","FRANKLIN AVENUE","WILLIAM A. GROSS CONSTRUCTION ASSOCIATES, INC.","NYC DPR - Tree Damaged Sidewalks - Borough-Wide Contract","Work involves the removal/ replacement / repair of tree damaged sidewalks in front of the aforementioned property. This is a borough-wide contract. There are no drawings nor OCMC Stipulations for same.","ASPHALT","CONCRETE","2025-07-10T11:37:42.000","2025-07-10T11:37:42.000",,,
"B012025191F55","2025070900955853","0087","Renew","006","ISSUED & PRINTED","01","STREET OPENING PERMIT","0160","SIDEWALK RECONSTRUCTION CONTRACTS","2","500","5000","10",,,,"JN REFER TO CEC-12-124","B012025119E85",,,"2025-07-10T11:38:45.000","2025-07-31T00:00:00.000","2025-10-15T23:59:59.000","BROOKLYN",,"GERRITSEN AVENUE","LOIS AVENUE",,"WILLIAM A. GROSS CONSTRUCTION ASSOCIATES, INC.",,,"ASPHALT","CONCRETE","2025-07-10T11:38:44.000","2025-07-10T11:38:44.000",,,
"B012025191F09","2025070900955853","0041","Renew","006","ISSUED & PRINTED","01","STREET OPENING PERMIT","0162P","NYC PARKS - RECONSTRUCTION CONTRACT-PROT","1","100","1000","10",,,,"IL. REFER TO CEC-12-124.","B012025119F31",,,"2025-07-10T11:37:45.000","2025-07-31T00:00:00.000","2025-10-15T23:59:59.000","BROOKLYN","237","LEXINGTON AVENUE","BEDFORD AVENUE","NOSTRAND AVENUE","WILLIAM A. GROSS CONSTRUCTION ASSOCIATES, INC.","NYC DPR - Tree Damaged Sidewalks - Borough-Wide Contract","Work involves the removal/ replacement / repair of tree damaged sidewalks in front of the aforementioned property. This is a borough-wide contract. There are no drawings nor OCMC Stipulations for same.","ASPHALT","CONCRETE","2025-07-10T11:37:43.000","2025-07-10T11:37:43.000",,,
"B012025191F74","2025070900951543","0015","Renew","006","ISSUED & PRINTED","01","STREET OPENING PERMIT","0160P","SIDEWALK RECONSTRUCTION CONTRACTS-PROT","1","50","5000","10",,,,"IL. REFER TO CEC-12-124-A1.","B012025119G16",,,"2025-07-10T11:51:31.000","2025-07-31T00:00:00.000","2025-10-15T23:59:59.000","BROOKLYN",,"ELTON STREET","BLAKE AVENUE","SUTTER AVENUE","WILLIAM A. GROSS CONSTRUCTION ASSOCIATES, INC.","NYC DPR - Tree Damaged Sidewalks - Borough-Wide Contract",,"ASPHALT","CONCRETE","2025-07-10T11:51:29.000","2025-07-10T11:51:29.000",,,
"B012025191I44","2025070900937823","0029","Renew","006","ISSUED & PRINTED","01","STREET OPENING PERMIT","0162P","NYC PARKS - RECONSTRUCTION CONTRACT-PROT","2","500","5000","10",,,,"JN REFER TO CEC-12-124","B012025119I51",,,"2025-07-10T12:28:35.000","2025-07-31T00:00:00.000","2025-10-15T23:59:59.000","BROOKLYN","292","SARATOGA AVENUE","DEAN STREET","PACIFIC STREET","WILLIAM A. GROSS CONSTRUCTION ASSOCIATES, INC.","Sidewalk reconstruction",,"ASPHALT","CONCRETE","2025-07-10T12:28:34.000","2025-07-10T12:28:34.000",,,
"B012025191F10","2025070900955853","0042","Renew","006","ISSUED & PRINTED","01","STREET OPENING PERMIT","0160","SIDEWALK RECONSTRUCTION CONTRACTS","1","100","1000","10",,,,"JG--CEC-12-124","B012025119F32",,,"2025-07-10T11:37:47.000","2025-07-31T00:00:00.000","2025-10-15T23:59:59.000","BROOKLYN","430","BROOKLYN AVENUE","EMPIRE BOULEVARD","MONTGOMERY STREET","WILLIAM A. GROSS CONSTRUCTION ASSOCIATES, INC.","NYC DPR - Tree Damaged Sidewalks - Borough-Wide Contract","Work involves the removal/ replacement / repair of tree damaged sidewalks in front of the aforementioned property. This is a borough-wide contract. There are no drawings nor OCMC Stipulations for same.","ASPHALT","CONCRETE","2025-07-10T11:37:45.000","2025-07-10T11:37:45.000",,,
"B012025191F11","2025070900955853","0043","Renew","006","ISSUED & PRINTED","01","STREET OPENING PERMIT","0162","NYC PARKS - RECONSTRUCTION CONTRACT","1","100","1000","10",,,,"JG--WORK AS PER CEC-2 -124","B012025119F33",,,"2025-07-10T11:37:47.000","2025-07-31T00:00:00.000","2025-10-15T23:59:59.000","BROOKLYN","430","BROOKLYN AVENUE","EMPIRE BOULEVARD","MONTGOMERY STREET","WILLIAM A. GROSS CONSTRUCTION ASSOCIATES, INC.","NYC DPR - Tree Damaged Sidewalks - Borough-Wide Contract","Work involves the removal/ replacement / repair of tree damaged sidewalks in front of the aforementioned property. This is a borough-wide contract. There are no drawings nor OCMC Stipulations for same.","ASPHALT","CONCRETE","2025-07-10T11:37:46.000","2025-07-10T11:37:46.000",,,
"B012025191F12","2025070900955853","0044","Renew","006","ISSUED & PRINTED","01","STREET OPENING PERMIT","0162P","NYC PARKS - RECONSTRUCTION CONTRACT-PROT","1","100","1000","10",,,,"IL. REFER TO CEC-12-124.","B012025119F34",,,"2025-07-10T11:37:47.000","2025-07-31T00:00:00.000","2025-10-15T23:59:59.000","BROOKLYN","71","STOCKHOLM STREET","CENTRAL AVENUE","EVERGREEN AVENUE","WILLIAM A. GROSS CONSTRUCTION ASSOCIATES, INC.","NYC DPR - Tree Damaged Sidewalks - Borough-Wide Contract","Work involves the removal/ replacement / repair of tree damaged sidewalks in front of the aforementioned property. This is a borough-wide contract. There are no drawings nor OCMC Stipulations for same.","ASPHALT","CONCRETE","2025-07-10T11:37:46.000","2025-07-10T11:37:46.000",,,
"B012025191F13","2025070900955853","0045","Renew","006","ISSUED & PRINTED","01","STREET OPENING PERMIT","0162P","NYC PARKS - RECONSTRUCTION CONTRACT-PROT","1","100","1000","10",,,,"IL. REFER TO CEC-12-124.","B012025119F35",,,"2025-07-10T11:37:47.000","2025-07-31T00:00:00.000","2025-10-15T23:59:59.000","BROOKLYN","333","GATES AVENUE","BEDFORD AVENUE","NOSTRAND AVENUE","WILLIAM A. GROSS CONSTRUCTION ASSOCIATES, INC.","NYC DPR - Tree Damaged Sidewalks - Borough-Wide Contract","Work involves the removal/ replacement / repair of tree damaged sidewalks in front of the aforementioned property. This is a borough-wide contract. There are no drawings nor OCMC Stipulations for same.","ASPHALT","CONCRETE","2025-07-10T11:37:46.000","2025-07-10T11:37:46.000",,,
"B012025191F14","2025070900955853","0046","Renew","006","ISSUED & PRINTED","01","STREET OPENING PERMIT","0160","SIDEWALK RECONSTRUCTION CONTRACTS","1","100","1000","10",,,,"JG--CEC-12-124","B012025119F36",,,"2025-07-10T11:37:47.000","2025-07-31T00:00:00.000","2025-10-15T23:59:59.000","BROOKLYN","481","NEW YORK AVENUE","EMPIRE BOULEVARD","STERLING STREET","WILLIAM A. GROSS CONSTRUCTION ASSOCIATES, INC.","NYC DPR - Tree Damaged Sidewalks - Borough-Wide Contract","Work involves the removal/ replacement / repair of tree damaged sidewalks in front of the aforementioned property. This is a borough-wide contract. There are no drawings nor OCMC Stipulations for same.","ASPHALT","CONCRETE","2025-07-10T11:37:46.000","2025-07-10T11:37:46.000",,,
"B012025191G04","2025070900951543","0045","Renew","006","ISSUED & PRINTED","01","STREET OPENING PERMIT","0160P","SIDEWALK RECONSTRUCTION CONTRACTS-PROT","2","500","5000","10",,,,"JN REFER TO CEC-12-124 RCRRM: 7/9/25 MUST COORDINATE WITH DOT MILLING AND PAVING;THE FULL WIDTH OF THE ROADWAY MUST BE FULLY UNOBSTRUCTED WHEN DOT IS ACTIVELY MILLING OR PAVING.","B012025119F83",,,"2025-07-10T11:51:46.000","2025-07-31T00:00:00.000","2025-10-15T23:59:59.000","BROOKLYN",,"CORNELIA STREET","WILSON AVENUE",,"WILLIAM A. GROSS CONSTRUCTION ASSOCIATES, INC.",,,"ASPHALT","CONCRETE","2025-07-10T11:51:45.000","2025-07-10T11:51:45.000",,,
"B012025191F15","2025070900955853","0047","Renew","006","ISSUED & PRINTED","01","STREET OPENING PERMIT","0162","NYC PARKS - RECONSTRUCTION CONTRACT","1","100","1000","10",,,,"IL. REFER TO CEC-12-124.","B012025119F37",,,"2025-07-10T11:37:48.000","2025-07-31T00:00:00.000","2025-10-15T23:59:59.000","BROOKLYN","1310","DE KALB AVENUE","EVERGREEN AVENUE","MYRTLE AVENUE","WILLIAM A. GROSS CONSTRUCTION ASSOCIATES, INC.","NYC DPR - Tree Damaged Sidewalks - Borough-Wide Contract","Work involves the removal/ replacement / repair of tree damaged sidewalks in front of the aforementioned property. This is a borough-wide contract. There are no drawings nor OCMC Stipulations for same.","ASPHALT","CONCRETE","2025-07-10T11:37:46.000","2025-07-10T11:37:46.000",,,
"B012025191F26","2025070900955853","0058","Renew","006","ISSUED & PRINTED","01","STREET OPENING PERMIT","0160","SIDEWALK RECONSTRUCTION CONTRACTS","1","100","1000","10",,,,"JG--CEC-12-124","B012025119F48",,,"2025-07-10T11:38:21.000","2025-07-31T00:00:00.000","2025-10-15T23:59:59.000","BROOKLYN","276","WINTHROP STREET","NOSTRAND AVENUE","ROGERS AVENUE","WILLIAM A. GROSS CONSTRUCTION ASSOCIATES, INC.","NYC DPR - Tree Damaged Sidewalks - Borough-Wide Contract","Work involves the removal/ replacement / repair of tree damaged sidewalks in front of the aforementioned property. This is a borough-wide contract. There are no drawings nor OCMC Stipulations for same.","ASPHALT","CONCRETE","2025-07-10T11:38:19.000","2025-07-10T11:38:19.000",,,
"B012025191G62","2025070900948000","0021","Renew","006","ISSUED & PRINTED","01","STREET OPENING PERMIT","0162P","NYC PARKS - RECONSTRUCTION CONTRACT-PROT","2","500","5000","10",,,,"JN REFER TO CEC-12-124","B012025119G70",,,"2025-07-10T12:00:31.000","2025-07-31T00:00:00.000","2025-10-15T23:59:59.000","BROOKLYN",,"EAST   51 STREET","AVENUE D","CLARENDON ROAD","WILLIAM A. GROSS CONSTRUCTION ASSOCIATES, INC.","Sidewalk reconstruction",,"ASPHALT","CONCRETE","2025-07-10T12:00:30.000","2025-07-10T12:00:30.000",,,
"B012025191F86","2025070900951543","0027","Renew","006","ISSUED & PRINTED","01","STREET OPENING PERMIT","0160","SIDEWALK RECONSTRUCTION CONTRACTS","2","500","5000","10",,,,"JN REFER TO CEC-12-124","B012025119G52",,,"2025-07-10T11:51:39.000","2025-07-31T00:00:00.000","2025-10-15T23:59:59.000","BROOKLYN",,"BROWN STREET","VOORHIES AVENUE",,"WILLIAM A. GROSS CONSTRUCTION ASSOCIATES, INC.","Sidewalk reconstruction",,"ASPHALT","CONCRETE","2025-07-10T11:51:38.000","2025-07-10T11:51:38.000",,,
"B012025191G91","2025070900948000","0050","Renew","006","ISSUED & PRINTED","01","STREET OPENING PERMIT","0162P","NYC PARKS - RECONSTRUCTION CONTRACT-PROT","2","500","5000","10",,,,"JN REFER TO CEC-12-124","B012025119G66",,,"2025-07-10T12:00:55.000","2025-07-31T00:00:00.000","2025-10-15T23:59:59.000","BROOKLYN",,"SARATOGA AVENUE","DEAN STREET","PACIFIC STREET","WILLIAM A. GROSS CONSTRUCTION ASSOCIATES, INC.","Sidewalk reconstruction",,"ASPHALT","CONCRETE","2025-07-10T12:00:54.000","2025-07-10T12:00:54.000",,,
"B012025191F16","2025070900955853","0048","Renew","006","ISSUED & PRINTED","01","STREET OPENING PERMIT","0162","NYC PARKS - RECONSTRUCTION CONTRACT","1","100","1000","10",,,,"JG--WORK AS PER CEC-12 -124","B012025119F38",,,"2025-07-10T11:37:48.000","2025-07-31T00:00:00.000","2025-10-15T23:59:59.000","BROOKLYN","971","ST JOHNS PLACE","BROOKLYN AVENUE","NEW YORK AVENUE","WILLIAM A. GROSS CONSTRUCTION ASSOCIATES, INC.","NYC DPR - Tree Damaged Sidewalks - Borough-Wide Contract","Work involves the removal/ replacement / repair of tree damaged sidewalks in front of the aforementioned property. This is a borough-wide contract. There are no drawings nor OCMC Stipulations for same.","ASPHALT","CONCRETE","2025-07-10T11:37:47.000","2025-07-10T11:37:47.000",,,
"B012025191F93","2025070900951543","0034","Renew","006","ISSUED & PRINTED","01","STREET OPENING PERMIT","0160P","SIDEWALK RECONSTRUCTION CONTRACTS-PROT","2","500","5000","10",,,,"JN REFER TO CEC-12-124","B012025119F88",,,"2025-07-10T11:51:44.000","2025-07-31T00:00:00.000","2025-10-15T23:59:59.000","BROOKLYN",,"HANCOCK STREET","BUSHWICK AVENUE","EVERGREEN AVENUE","WILLIAM A. GROSS CONSTRUCTION ASSOCIATES, INC.",,,"ASPHALT","CONCRETE","2025-07-10T11:51:42.000","2025-07-10T11:51:42.000",,,
"B012025191F17","2025070900955853","0049","Renew","006","ISSUED & PRINTED","01","STREET OPENING PERMIT","0162","NYC PARKS - RECONSTRUCTION CONTRACT","1","100","1000","10",,,,"JG--WORK AS PER CEC-2 -124","B012025119F39",,,"2025-07-10T11:37:48.000","2025-07-31T00:00:00.000","2025-10-15T23:59:59.000","BROOKLYN","481","NEW YORK AVENUE","EMPIRE BOULEVARD","STERLING STREET","WILLIAM A. GROSS CONSTRUCTION ASSOCIATES, INC.","NYC DPR - Tree Damaged Sidewalks - Borough-Wide Contract","Work involves the removal/ replacement / repair of tree damaged sidewalks in front of the aforementioned property. This is a borough-wide contract. There are no drawings nor OCMC Stipulations for same.","ASPHALT","CONCRETE","2025-07-10T11:37:47.000","2025-07-10T11:37:47.000",,,
"B162025190A28","2025070900557243","0002","Renew","030","EXPIRED","16","COMMERCIAL REFUSE CONTAINER PERMIT","1600","COMMERCIAL REFUSE CONTAINER",,,,,,,,,"B162025185A12","B162025195A18",,"2025-07-09T12:07:47.000","2025-07-10T00:00:00.000","2025-07-14T23:59:59.000","BROOKLYN","158","PARK PLACE","7 AVENUE","FLATBUSH AVENUE","INDEPENDENCE CARTING, INC.",,,,,"2025-07-09T12:07:46.000","2025-07-15T00:05:10.000",,,
"B012025191F18","2025070900955853","0050","Renew","006","ISSUED & PRINTED","01","STREET OPENING PERMIT","0160","SIDEWALK RECONSTRUCTION CONTRACTS","1","100","1000","10",,,,"JG--CEC-12-124 RCRRM: 2/4/25 MUST COORDINATE WITH DOT MILLING AND PAVING;THE FULL WIDTH OF THE ROADWAY MUST BE FULLY UNOBSTRUCTED WHEN DOT IS ACTIVELY MILLING OR PAVING.","B012025119F40",,,"2025-07-10T11:37:48.000","2025-07-31T00:00:00.000","2025-10-15T23:59:59.000","BROOKLYN","359","MAPLE STREET","NEW YORK AVENUE","NOSTRAND AVENUE","WILLIAM A. GROSS CONSTRUCTION ASSOCIATES, INC.","NYC DPR - Tree Damaged Sidewalks - Borough-Wide Contract","Work involves the removal/ replacement / repair of tree damaged sidewalks in front of the aforementioned property. This is a borough-wide contract. There are no drawings nor OCMC Stipulations for same.","ASPHALT","CONCRETE","2025-07-10T11:37:47.000","2025-07-10T11:37:47.000",,,
"B012025191F56","2025070900955853","0088","Renew","006","ISSUED & PRINTED","01","STREET OPENING PERMIT","0162","NYC PARKS - RECONSTRUCTION CONTRACT","2","500","5000","10",,,,"JN REFER TO CEC-12-124","B012025119E86",,,"2025-07-10T11:38:45.000","2025-07-31T00:00:00.000","2025-10-15T23:59:59.000","BROOKLYN",,"GERRITSEN AVENUE","LOIS AVENUE",,"WILLIAM A. GROSS CONSTRUCTION ASSOCIATES, INC.",,,"ASPHALT","CONCRETE","2025-07-10T11:38:44.000","2025-07-10T11:38:44.000",,,
"B012025191F19","2025070900955853","0051","Renew","006","ISSUED & PRINTED","01","STREET OPENING PERMIT","0162","NYC PARKS - RECONSTRUCTION CONTRACT","1","100","1000","10",,,,"JG--WORK AS PER CEC-2 -124. RCRRM: 2/4/25 MUST COORDINATE WITH DOT MILLING AND PAVING;THE FULL WIDTH OF THE ROADWAY MUST BE FULLY UNOBSTRUCTED WHEN DOT IS ACTIVELY MILLING OR PAVING.","B012025119F41",,,"2025-07-10T11:37:48.000","2025-07-31T00:00:00.000","2025-10-15T23:59:59.000","BROOKLYN","359","MAPLE STREET","NEW YORK AVENUE","NOSTRAND AVENUE","WILLIAM A. GROSS CONSTRUCTION ASSOCIATES, INC.","NYC DPR - Tree Damaged Sidewalks - Borough-Wide Contract","Work involves the removal/ replacement / repair of tree damaged sidewalks in front of the aforementioned property. This is a borough-wide contract. There are no drawings nor OCMC Stipulations for same.","ASPHALT","CONCRETE","2025-07-10T11:37:47.000","2025-07-10T11:37:47.000",,,
"B012025191F20","2025070900955853","0052","Renew","006","ISSUED & PRINTED","01","STREET OPENING PERMIT","0160","SIDEWALK RECONSTRUCTION CONTRACTS","1","100","1000","10",,,,"JG--CEC-12-124","B012025119F42",,,"2025-07-10T11:37:51.000","2025-07-31T00:00:00.000","2025-10-15T23:59:59.000","BROOKLYN","406","MAPLE STREET","MIAMI COURT","PALM COURT","WILLIAM A. GROSS CONSTRUCTION ASSOCIATES, INC.","NYC DPR - Tree Damaged Sidewalks - Borough-Wide Contract","Work involves the removal/ replacement / repair of tree damaged sidewalks in front of the aforementioned property. This is a borough-wide contract. There are no drawings nor OCMC Stipulations for same.","ASPHALT","CONCRETE","2025-07-10T11:37:50.000","2025-07-10T11:37:50.000",,,
"B012025191F21","2025070900955853","0053","Renew","006","ISSUED & PRINTED","01","STREET OPENING PERMIT","0162","NYC PARKS - RECONSTRUCTION CONTRACT","1","100","1000","10",,,,"JG--WORK AS PER CEC-12 -124","B012025119F43",,,"2025-07-10T11:37:54.000","2025-07-31T00:00:00.000","2025-10-15T23:59:59.000","BROOKLYN","974","PARK PLACE","BROOKLYN AVENUE","NEW YORK AVENUE","WILLIAM A. GROSS CONSTRUCTION ASSOCIATES, INC.","NYC DPR - Tree Damaged Sidewalks - Borough-Wide Contract","Work involves the removal/ replacement / repair of tree damaged sidewalks in front of the aforementioned property. This is a borough-wide contract. There are no drawings nor OCMC Stipulations for same.","ASPHALT","CONCRETE","2025-07-10T11:37:53.000","2025-07-10T11:37:53.000",,,
"B012025191F92","2025070900951543","0033","Renew","006","ISSUED & PRINTED","01","STREET OPENING PERMIT","0160","SIDEWALK RECONSTRUCTION CONTRACTS","2","500","5000","10",,,,"JN REFER TO CEC-12-124","B012025119G50",,,"2025-07-10T11:51:43.000","2025-07-31T00:00:00.000","2025-10-15T23:59:59.000","BROOKLYN",,"AVENUE Z","BATCHELDER STREET",,"WILLIAM A. GROSS CONSTRUCTION ASSOCIATES, INC.","Sidewalk reconstruction",,"ASPHALT","CONCRETE","2025-07-10T11:51:42.000","2025-07-10T11:51:42.000",,,
"B012025191F22","2025070900955853","0054","Renew","006","ISSUED & PRINTED","01","STREET OPENING PERMIT","0162","NYC PARKS - RECONSTRUCTION CONTRACT","1","100","1000","10",,,,"JG--WORK AS PER CEC-2 -124","B012025119F44",,,"2025-07-10T11:37:56.000","2025-07-31T00:00:00.000","2025-10-15T23:59:59.000","BROOKLYN","406","MAPLE STREET","MIAMI COURT","PALM COURT","WILLIAM A. GROSS CONSTRUCTION ASSOCIATES, INC.","NYC DPR - Tree Damaged Sidewalks - Borough-Wide Contract","Work involves the removal/ replacement / repair of tree damaged sidewalks in front of the aforementioned property. This is a borough-wide contract. There are no drawings nor OCMC Stipulations for same.","ASPHALT","CONCRETE","2025-07-10T11:37:55.000","2025-07-10T11:37:55.000",,,
"B022025196B10","2025071500763400","0001","Renew","006","ISSUED & PRINTED","02","BUILDING OPERATION PERMIT","0208","TEMPORARY PEDESTRIAN WALK",,,,,,,,"DP","B022025105B30",,,"2025-07-15T14:21:00.000","2025-07-30T00:00:00.000","2025-10-27T23:59:59.000","BROOKLYN",,"CHAUNCEY STREET","HOPKINSON AVENUE","SARATOGA AVENUE","POSITIVE ELECTRICAL ASSOCIATES, INC.",,,"ASPHALT",,"2025-07-15T14:20:58.000","2025-07-15T14:20:58.000",,,
"B012025191F23","2025070900955853","0055","Renew","006","ISSUED & PRINTED","01","STREET OPENING PERMIT","0162","NYC PARKS - RECONSTRUCTION CONTRACT","1","100","1000","10",,,,"JG--WORK AS PER CEC-2 -124","B012025119F45",,,"2025-07-10T11:38:03.000","2025-07-31T00:00:00.000","2025-10-15T23:59:59.000","BROOKLYN","446","MAPLE STREET","BROOKLYN AVENUE","TAMPA COURT","WILLIAM A. GROSS CONSTRUCTION ASSOCIATES, INC.","NYC DPR - Tree Damaged Sidewalks - Borough-Wide Contract","Work involves the removal/ replacement / repair of tree damaged sidewalks in front of the aforementioned property. This is a borough-wide contract. There are no drawings nor OCMC Stipulations for same.","ASPHALT","CONCRETE","2025-07-10T11:38:04.000","2025-07-10T11:38:04.000",,,
"B012025191I00","2025070900938616","0108","Renew","006","ISSUED & PRINTED","01","STREET OPENING PERMIT","0160","SIDEWALK RECONSTRUCTION CONTRACTS","2","500","5000","10",,,,"JN REFER TO CEC-12-124. RCRRM: 4/24/25 MUST COORDINATE WITH DOT MILLING AND PAVING;THE FULL WIDTH OF THE ROADWAY MUST BE FULLY UNOBSTRUCTED WHEN DOT IS ACTIVELY MILLING OR PAVING.","B012025119I33",,,"2025-07-10T12:17:23.000","2025-07-31T00:00:00.000","2025-10-15T23:59:59.000","BROOKLYN",,"BRAGG STREET","AVENUE U","GERRITSEN AVENUE","WILLIAM A. GROSS CONSTRUCTION ASSOCIATES, INC.",,,"ASPHALT","CONCRETE","2025-07-10T12:17:21.000","2025-07-10T12:17:21.000",,,
"B012025191F24","2025070900955853","0056","Renew","006","ISSUED & PRINTED","01","STREET OPENING PERMIT","0162","NYC PARKS - RECONSTRUCTION CONTRACT","1","100","1000","10",,,,"JG--WORK AS PER CEC-12 -124","B012025119F46",,,"2025-07-10T11:38:16.000","2025-07-31T00:00:00.000","2025-10-15T23:59:59.000","BROOKLYN","38","HAMPTON PLACE","ST JOHNS PLACE","STERLING PLACE","WILLIAM A. GROSS CONSTRUCTION ASSOCIATES, INC.","NYC DPR - Tree Damaged Sidewalks - Borough-Wide Contract","Work involves the removal/ replacement / repair of tree damaged sidewalks in front of the aforementioned property. This is a borough-wide contract. There are no drawings nor OCMC Stipulations for same.","ASPHALT","CONCRETE","2025-07-10T11:38:14.000","2025-07-10T11:38:14.000",,,
"B012025191G80","2025070900948000","0039","Renew","006","ISSUED & PRINTED","01","STREET OPENING PERMIT","0160P","SIDEWALK RECONSTRUCTION CONTRACTS-PROT","2","500","5000","10",,,,"JN REFER TO CEC-12-124 RCRRM: 7/9/25 MUST COORDINATE WITH DOT MILLING AND PAVING;THE FULL WIDTH OF THE ROADWAY MUST BE FULLY UNOBSTRUCTED WHEN DOT IS ACTIVELY MILLING OR PAVING.","B012025119G55",,,"2025-07-10T12:00:40.000","2025-07-31T00:00:00.000","2025-10-15T23:59:59.000","BROOKLYN",,"AVENUE U","EAST   14 STREET",,"WILLIAM A. GROSS CONSTRUCTION ASSOCIATES, INC.","Sidewalk reconstruction",,"ASPHALT","CONCRETE","2025-07-10T12:00:39.000","2025-07-10T12:00:39.000",,,
"B012025191F25","2025070900955853","0057","Renew","006","ISSUED & PRINTED","01","STREET OPENING PERMIT","0162P","NYC PARKS - RECONSTRUCTION CONTRACT-PROT","1","100","1000","10",,,,"JG--WORK AS PER CEC-12 -124","B012025119F47",,,"2025-07-10T11:38:16.000","2025-07-31T00:00:00.000","2025-10-15T23:59:59.000","BROOKLYN","1098","PARK PLACE","HAMPTON PLACE","KINGSTON AVENUE","WILLIAM A. GROSS CONSTRUCTION ASSOCIATES, INC.","NYC DPR - Tree Damaged Sidewalks - Borough-Wide Contract","Work involves the removal/ replacement / repair of tree damaged sidewalks in front of the aforementioned property. This is a borough-wide contract. There are no drawings nor OCMC Stipulations for same.","ASPHALT","CONCRETE","2025-07-10T11:38:18.000","2025-07-10T11:38:18.000",,,
"B012025191F27","2025070900955853","0059","Renew","006","ISSUED & PRINTED","01","STREET OPENING PERMIT","0162","NYC PARKS - RECONSTRUCTION CONTRACT","1","100","1000","10",,,,"JG--WORK AS PER CEC-2 -124","B012025119F49",,,"2025-07-10T11:38:21.000","2025-07-31T00:00:00.000","2025-10-15T23:59:59.000","BROOKLYN","276","WINTHROP STREET","NOSTRAND AVENUE","ROGERS AVENUE","WILLIAM A. GROSS CONSTRUCTION ASSOCIATES, INC.","NYC DPR - Tree Damaged Sidewalks - Borough-Wide Contract","Work involves the removal/ replacement / repair of tree damaged sidewalks in front of the aforementioned property. This is a borough-wide contract. There are no drawings nor OCMC Stipulations for same.","ASPHALT","CONCRETE","2025-07-10T11:38:20.000","2025-07-10T11:38:20.000",,,
"B152025190A02","2025070900822496","0003","New","030","EXPIRED","15","DOT IN-HOUSE PAVING AND MILLING","1501","DOT IN-HOUSE PAVING",,,,,,,,,,,,"2025-07-09T14:43:45.000","2025-07-10T00:00:00.000","2025-07-10T23:59:59.000","BROOKLYN",,"AVENUE J","EAST   85 STREET",,"NYC DEPT OF TRANSPORTATION","PAVING","SEGMENT AND INTERSECTION",,,"2025-07-09T14:43:45.000","2025-07-11T00:05:11.000",,,
"B012025191F29","2025070900955853","0061","Renew","006","ISSUED & PRINTED","01","STREET OPENING PERMIT","0162","NYC PARKS - RECONSTRUCTION CONTRACT","1","100","1000","10",,,,"JG--WORK AS PER CEC-2 -124","B012025119F51",,,"2025-07-10T11:38:21.000","2025-07-31T00:00:00.000","2025-10-15T23:59:59.000","BROOKLYN","248","WINTHROP STREET","NOSTRAND AVENUE","ROGERS AVENUE","WILLIAM A. GROSS CONSTRUCTION ASSOCIATES, INC.","NYC DPR - Tree Damaged Sidewalks - Borough-Wide Contract","Work involves the removal/ replacement / repair of tree damaged sidewalks in front of the aforementioned property. This is a borough-wide contract. There are no drawings nor OCMC Stipulations for same.","ASPHALT","CONCRETE","2025-07-10T11:38:20.000","2025-07-10T11:38:20.000",,,
"B012025191F30","2025070900955853","0062","Renew","006","ISSUED & PRINTED","01","STREET OPENING PERMIT","0160P","SIDEWALK RECONSTRUCTION CONTRACTS-PROT","1","100","1000","10",,,,"JG--CEC-12-124","B012025119F52",,,"2025-07-10T11:38:23.000","2025-07-31T00:00:00.000","2025-10-15T23:59:59.000","BROOKLYN","163","FENIMORE STREET","BEDFORD AVENUE","FLATBUSH AVENUE","WILLIAM A. GROSS CONSTRUCTION ASSOCIATES, INC.","NYC DPR - Tree Damaged Sidewalks - Borough-Wide Contract","Work involves the removal/ replacement / repair of tree damaged sidewalks in front of the aforementioned property. This is a borough-wide contract. There are no drawings nor OCMC Stipulations for same.","ASPHALT","CONCRETE","2025-07-10T11:38:22.000","2025-07-10T11:38:22.000",,,
"B012025191F31","2025070900955853","0063","Renew","006","ISSUED & PRINTED","01","STREET OPENING PERMIT","0162P","NYC PARKS - RECONSTRUCTION CONTRACT-PROT","1","100","1000","10",,,,"JG--WORK AS PER CEC-2 -124","B012025119F53",,,"2025-07-10T11:38:23.000","2025-07-31T00:00:00.000","2025-10-15T23:59:59.000","BROOKLYN","163","FENIMORE STREET","BEDFORD AVENUE","FLATBUSH AVENUE","WILLIAM A. GROSS CONSTRUCTION ASSOCIATES, INC.","NYC DPR - Tree Damaged Sidewalks - Borough-Wide Contract","Work involves the removal/ replacement / repair of tree damaged sidewalks in front of the aforementioned property. This is a borough-wide contract. There are no drawings nor OCMC Stipulations for same.","ASPHALT","CONCRETE","2025-07-10T11:38:22.000","2025-07-10T11:38:22.000",,,
"B012025191F32","2025070900955853","0064","Renew","006","ISSUED & PRINTED","01","STREET OPENING PERMIT","0160P","SIDEWALK RECONSTRUCTION CONTRACTS-PROT","1","100","1000","10",,,,"JG--CEC-12-124","B012025119F54",,,"2025-07-10T11:38:23.000","2025-07-31T00:00:00.000","2025-10-15T23:59:59.000","BROOKLYN","253","FENIMORE STREET","BEDFORD AVENUE","ROGERS AVENUE","WILLIAM A. GROSS CONSTRUCTION ASSOCIATES, INC.","NYC DPR - Tree Damaged Sidewalks - Borough-Wide Contract","Work involves the removal/ replacement / repair of tree damaged sidewalks in front of the aforementioned property. This is a borough-wide contract. There are no drawings nor OCMC Stipulations for same.","ASPHALT","CONCRETE","2025-07-10T11:38:22.000","2025-07-10T11:38:22.000",,,
"B012025191F33","2025070900955853","0065","Renew","006","ISSUED & PRINTED","01","STREET OPENING PERMIT","0162P","NYC PARKS - RECONSTRUCTION CONTRACT-PROT","1","100","1000","10",,,,"JG--WORK AS PER CEC-2 -124","B012025119F55",,,"2025-07-10T11:38:28.000","2025-07-31T00:00:00.000","2025-10-15T23:59:59.000","BROOKLYN","253","FENIMORE STREET","BEDFORD AVENUE","ROGERS AVENUE","WILLIAM A. GROSS CONSTRUCTION ASSOCIATES, INC.","NYC DPR - Tree Damaged Sidewalks - Borough-Wide Contract","Work involves the removal/ replacement / repair of tree damaged sidewalks in front of the aforementioned property. This is a borough-wide contract. There are no drawings nor OCMC Stipulations for same.","ASPHALT","CONCRETE","2025-07-10T11:38:28.000","2025-07-10T11:38:28.000",,,
"B012025191F34","2025070900955853","0066","Renew","006","ISSUED & PRINTED","01","STREET OPENING PERMIT","0160","SIDEWALK RECONSTRUCTION CONTRACTS","1","100","1000","10",,,,"JG--CEC-12-124","B012025119F56",,,"2025-07-10T11:38:29.000","2025-07-31T00:00:00.000","2025-10-15T23:59:59.000","BROOKLYN","218","HAWTHORNE STREET","NOSTRAND AVENUE","ROGERS AVENUE","WILLIAM A. GROSS CONSTRUCTION ASSOCIATES, INC.","NYC DPR - Tree Damaged Sidewalks - Borough-Wide Contract","Work involves the removal/ replacement / repair of tree damaged sidewalks in front of the aforementioned property. This is a borough-wide contract. There are no drawings nor OCMC Stipulations for same.","ASPHALT","CONCRETE","2025-07-10T11:38:28.000","2025-07-10T11:38:28.000",,,
"B012025191F35","2025070900955853","0067","Renew","006","ISSUED & PRINTED","01","STREET OPENING PERMIT","0162","NYC PARKS - RECONSTRUCTION CONTRACT","1","100","1000","10",,,,"JG--WORK AS PER CEC-2 -124","B012025119F57",,,"2025-07-10T11:38:30.000","2025-07-31T00:00:00.000","2025-10-15T23:59:59.000","BROOKLYN","218","HAWTHORNE STREET","NOSTRAND AVENUE","ROGERS AVENUE","WILLIAM A. GROSS CONSTRUCTION ASSOCIATES, INC.","NYC DPR - Tree Damaged Sidewalks - Borough-Wide Contract","Work involves the removal/ replacement / repair of tree damaged sidewalks in front of the aforementioned property. This is a borough-wide contract. There are no drawings nor OCMC Stipulations for same.","ASPHALT","CONCRETE","2025-07-10T11:38:29.000","2025-07-10T11:38:29.000",,,
"B012025191F36","2025070900955853","0068","Renew","006","ISSUED & PRINTED","01","STREET OPENING PERMIT","0160P","SIDEWALK RECONSTRUCTION CONTRACTS-PROT","1","100","1000","10",,,,"JG--CEC-12-124","B012025119F58",,,"2025-07-10T11:38:31.000","2025-07-31T00:00:00.000","2025-10-15T23:59:59.000","BROOKLYN","257","MIDWOOD STREET","NOSTRAND AVENUE","ROGERS AVENUE","WILLIAM A. GROSS CONSTRUCTION ASSOCIATES, INC.","NYC DPR - Tree Damaged Sidewalks - Borough-Wide Contract","Work involves the removal/ replacement / repair of tree damaged sidewalks in front of the aforementioned property. This is a borough-wide contract. There are no drawings nor OCMC Stipulations for same.","ASPHALT","CONCRETE","2025-07-10T11:38:30.000","2025-07-10T11:38:30.000",,,
"B012025191I62","2025070900937823","0047","Renew","006","ISSUED & PRINTED","01","STREET OPENING PERMIT","0160","SIDEWALK RECONSTRUCTION CONTRACTS","2","500","5000","10",,,,"JN REFER TO CEC-12-124","B012025119I79",,,"2025-07-10T12:28:45.000","2025-07-31T00:00:00.000","2025-10-15T23:59:59.000","BROOKLYN",,"EAST   51 STREET","AVENUE K","AVENUE L","WILLIAM A. GROSS CONSTRUCTION ASSOCIATES, INC.","Sidewalk reconstruction",,"ASPHALT","CONCRETE","2025-07-10T12:28:43.000","2025-07-10T12:28:43.000",,,
"B012025191F37","2025070900955853","0069","Renew","006","ISSUED & PRINTED","01","STREET OPENING PERMIT","0162P","NYC PARKS - RECONSTRUCTION CONTRACT-PROT","1","100","1000","10",,,,"JG--WORK AS PER CEC-2 -124","B012025119F59",,,"2025-07-10T11:38:31.000","2025-07-31T00:00:00.000","2025-10-15T23:59:59.000","BROOKLYN","257","MIDWOOD STREET","NOSTRAND AVENUE","ROGERS AVENUE","WILLIAM A. GROSS CONSTRUCTION ASSOCIATES, INC.","NYC DPR - Tree Damaged Sidewalks - Borough-Wide Contract","Work involves the removal/ replacement / repair of tree damaged sidewalks in front of the aforementioned property. This is a borough-wide contract. There are no drawings nor OCMC Stipulations for same.","ASPHALT","CONCRETE","2025-07-10T11:38:30.000","2025-07-10T11:38:30.000",,,
"B012025191I61","2025070900937823","0046","Renew","006","ISSUED & PRINTED","01","STREET OPENING PERMIT","0162","NYC PARKS - RECONSTRUCTION CONTRACT","2","500","5000","10",,,,"JN REFER TO CEC-12-124","B012025119I65",,,"2025-07-10T12:28:45.000","2025-07-31T00:00:00.000","2025-10-15T23:59:59.000","BROOKLYN",,"EAST    7 STREET","GRAVESEND NECK ROAD",,"WILLIAM A. GROSS CONSTRUCTION ASSOCIATES, INC.","Sidewalk reconstruction",,"ASPHALT","CONCRETE","2025-07-10T12:28:43.000","2025-07-10T12:28:43.000",,,
"B012025191F38","2025070900955853","0070","Renew","006","ISSUED & PRINTED","01","STREET OPENING PERMIT","0160P","SIDEWALK RECONSTRUCTION CONTRACTS-PROT","1","100","1000","10",,,,"JG--CEC-12-124","B012025119F60",,,"2025-07-10T11:38:32.000","2025-07-31T00:00:00.000","2025-10-15T23:59:59.000","BROOKLYN","246","MIDWOOD STREET","NOSTRAND AVENUE","ROGERS AVENUE","WILLIAM A. GROSS CONSTRUCTION ASSOCIATES, INC.","NYC DPR - Tree Damaged Sidewalks - Borough-Wide Contract","Work involves the removal/ replacement / repair of tree damaged sidewalks in front of the aforementioned property. This is a borough-wide contract. There are no drawings nor OCMC Stipulations for same.","ASPHALT","CONCRETE","2025-07-10T11:38:30.000","2025-07-10T11:38:30.000",,,
"B012025191F39","2025070900955853","0071","Renew","006","ISSUED & PRINTED","01","STREET OPENING PERMIT","0162P","NYC PARKS - RECONSTRUCTION CONTRACT-PROT","1","100","1000","10",,,,"JG--WORK AS PER CEC-2 -124","B012025119F61",,,"2025-07-10T11:38:32.000","2025-07-31T00:00:00.000","2025-10-15T23:59:59.000","BROOKLYN","246","MIDWOOD STREET","NOSTRAND AVENUE","ROGERS AVENUE","WILLIAM A. GROSS CONSTRUCTION ASSOCIATES, INC.","NYC DPR - Tree Damaged Sidewalks - Borough-Wide Contract","Work involves the removal/ replacement / repair of tree damaged sidewalks in front of the aforementioned property. This is a borough-wide contract. There are no drawings nor OCMC Stipulations for same.","ASPHALT","CONCRETE","2025-07-10T11:38:38.000","2025-07-10T11:38:38.000",,,
"B012025191F40","2025070900955853","0072","Renew","006","ISSUED & PRINTED","01","STREET OPENING PERMIT","0160P","SIDEWALK RECONSTRUCTION CONTRACTS-PROT","1","100","1000","10",,,,"JG--CEC-12-124","B012025119F62",,,"2025-07-10T11:38:39.000","2025-07-31T00:00:00.000","2025-10-15T23:59:59.000","BROOKLYN","44","MIDWOOD STREET","BEDFORD AVENUE","FLATBUSH AVENUE","WILLIAM A. GROSS CONSTRUCTION ASSOCIATES, INC.","NYC DPR - Tree Damaged Sidewalks - Borough-Wide Contract","Work involves the removal/ replacement / repair of tree damaged sidewalks in front of the aforementioned property. This is a borough-wide contract. There are no drawings nor OCMC Stipulations for same.","ASPHALT","CONCRETE","2025-07-10T11:38:38.000","2025-07-10T11:38:38.000",,,
"B012025191F41","2025070900955853","0073","Renew","006","ISSUED & PRINTED","01","STREET OPENING PERMIT","0162P","NYC PARKS - RECONSTRUCTION CONTRACT-PROT","1","100","1000","10",,,,"JG--WORK AS PER CEC-2 -124","B012025119F63",,,"2025-07-10T11:38:39.000","2025-07-31T00:00:00.000","2025-10-15T23:59:59.000","BROOKLYN","44","MIDWOOD STREET","BEDFORD AVENUE","FLATBUSH AVENUE","WILLIAM A. GROSS CONSTRUCTION ASSOCIATES, INC.","NYC DPR - Tree Damaged Sidewalks - Borough-Wide Contract","Work involves the removal/ replacement / repair of tree damaged sidewalks in front of the aforementioned property. This is a borough-wide contract. There are no drawings nor OCMC Stipulations for same.","ASPHALT","CONCRETE","2025-07-10T11:38:38.000","2025-07-10T11:38:38.000",,,
"B012025191F42","2025070900955853","0074","Renew","006","ISSUED & PRINTED","01","STREET OPENING PERMIT","0160P","SIDEWALK RECONSTRUCTION CONTRACTS-PROT","1","100","1000","10",,,,"JG--CEC-12-124","B012025119F64",,,"2025-07-10T11:38:41.000","2025-07-31T00:00:00.000","2025-10-15T23:59:59.000","BROOKLYN","170","MAPLE STREET","BEDFORD AVENUE","ROGERS AVENUE","WILLIAM A. GROSS CONSTRUCTION ASSOCIATES, INC.","NYC DPR - Tree Damaged Sidewalks - Borough-Wide Contract","Work involves the removal/ replacement / repair of tree damaged sidewalks in front of the aforementioned property. This is a borough-wide contract. There are no drawings nor OCMC Stipulations for same.","ASPHALT","CONCRETE","2025-07-10T11:38:40.000","2025-07-10T11:38:40.000",,,
"B012025191H07","2025070900938616","0015","Renew","006","ISSUED & PRINTED","01","STREET OPENING PERMIT","0160","SIDEWALK RECONSTRUCTION CONTRACTS","2","500","5000","10",,,,"JN REFER TO CEC-12-124. RCRRM: 4/24/25 MUST COORDINATE WITH DOT MILLING AND PAVING;THE FULL WIDTH OF THE ROADWAY MUST BE FULLY UNOBSTRUCTED WHEN DOT IS ACTIVELY MILLING OR PAVING.","B012025119I00",,,"2025-07-10T12:14:48.000","2025-07-31T00:00:00.000","2025-10-15T23:59:59.000","BROOKLYN",,"EVERGREEN AVENUE","HALSEY STREET",,"WILLIAM A. GROSS CONSTRUCTION ASSOCIATES, INC.",,,"ASPHALT","CONCRETE","2025-07-10T12:14:47.000","2025-07-10T12:14:47.000",,,
"B012025191F43","2025070900955853","0075","Renew","006","ISSUED & PRINTED","01","STREET OPENING PERMIT","0162P","NYC PARKS - RECONSTRUCTION CONTRACT-PROT","1","100","1000","10",,,,"JG--WORK AS PER CEC-2 -124","B012025119F65",,,"2025-07-10T11:38:41.000","2025-07-31T00:00:00.000","2025-10-15T23:59:59.000","BROOKLYN","170","MAPLE STREET","BEDFORD AVENUE","ROGERS AVENUE","WILLIAM A. GROSS CONSTRUCTION ASSOCIATES, INC.","NYC DPR - Tree Damaged Sidewalks - Borough-Wide Contract","Work involves the removal/ replacement / repair of tree damaged sidewalks in front of the aforementioned property. This is a borough-wide contract. There are no drawings nor OCMC Stipulations for same.","ASPHALT","CONCRETE","2025-07-10T11:38:41.000","2025-07-10T11:38:41.000",,,
"B012025191F44","2025070900955853","0076","Renew","006","ISSUED & PRINTED","01","STREET OPENING PERMIT","0160P","SIDEWALK RECONSTRUCTION CONTRACTS-PROT","1","100","1000","10",,,,"JG--CEC-12-124","B012025119F66",,,"2025-07-10T11:38:43.000","2025-07-31T00:00:00.000","2025-10-15T23:59:59.000","BROOKLYN","179","MAPLE STREET","BEDFORD AVENUE","ROGERS AVENUE","WILLIAM A. GROSS CONSTRUCTION ASSOCIATES, INC.","NYC DPR - Tree Damaged Sidewalks - Borough-Wide Contract","Work involves the removal/ replacement / repair of tree damaged sidewalks in front of the aforementioned property. This is a borough-wide contract. There are no drawings nor OCMC Stipulations for same.","ASPHALT","CONCRETE","2025-07-10T11:38:42.000","2025-07-10T11:38:42.000",,,
"B012025191F45","2025070900955853","0077","Renew","006","ISSUED & PRINTED","01","STREET OPENING PERMIT","0162P","NYC PARKS - RECONSTRUCTION CONTRACT-PROT","1","100","1000","10",,,,"JG--WORK AS PER CEC-2 -124","B012025119F67",,,"2025-07-10T11:38:43.000","2025-07-31T00:00:00.000","2025-10-15T23:59:59.000","BROOKLYN","179","MAPLE STREET","BEDFORD AVENUE","ROGERS AVENUE","WILLIAM A. GROSS CONSTRUCTION ASSOCIATES, INC.","NYC DPR - Tree Damaged Sidewalks - Borough-Wide Contract","Work involves the removal/ replacement / repair of tree damaged sidewalks in front of the aforementioned property. This is a borough-wide contract. There are no drawings nor OCMC Stipulations for same.","ASPHALT","CONCRETE","2025-07-10T11:38:42.000","2025-07-10T11:38:42.000",,,
"M032025195A29","2025071400142670","0002","New","030","EXPIRED","03","MANHOLE EMBARGO PERMIT","0303","UTILITY MANHOLE EMBARGO PERMIT",,,,,,,,,,,,"2025-07-14T08:34:36.000","2025-07-14T08:34:36.000","2025-07-15T08:34:36.000","MANHATTAN",,"1 AVENUE","EAST   20 STREET",,"CONSOLIDATED EDISON","759","STEAM",,,"2025-07-14T08:34:37.000","2025-07-16T00:05:11.000",,,
"B012025191F46","2025070900955853","0078","Renew","006","ISSUED & PRINTED","01","STREET OPENING PERMIT","0160P","SIDEWALK RECONSTRUCTION CONTRACTS-PROT","2","500","5000","10",,,,"JN REFER TO CEC-12-124 RCRRM: 7/9/25 MUST COORDINATE WITH DOT MILLING AND PAVING;THE FULL WIDTH OF THE ROADWAY MUST BE FULLY UNOBSTRUCTED WHEN DOT IS ACTIVELY MILLING OR PAVING.","B012025119E90",,,"2025-07-10T11:38:43.000","2025-07-31T00:00:00.000","2025-10-15T23:59:59.000","BROOKLYN",,"AVENUE U","BRAGG STREET",,"WILLIAM A. GROSS CONSTRUCTION ASSOCIATES, INC.",,,"ASPHALT","CONCRETE","2025-07-10T11:38:42.000","2025-07-10T11:38:42.000",,,
"B012025191H02","2025070900938616","0009","Renew","006","ISSUED & PRINTED","01","STREET OPENING PERMIT","0160P","SIDEWALK RECONSTRUCTION CONTRACTS-PROT","2","500","5000","10",,,,"JN REFER TO CEC-12-124","B012025119H97",,,"2025-07-10T12:14:47.000","2025-07-31T00:00:00.000","2025-10-15T23:59:59.000","BROOKLYN",,"COOPER STREET","IRVING AVENUE","KNICKERBOCKER AVENUE","WILLIAM A. GROSS CONSTRUCTION ASSOCIATES, INC.",,,"ASPHALT","CONCRETE","2025-07-10T12:14:45.000","2025-07-10T12:14:45.000",,,
"B012025191F47","2025070900955853","0079","Renew","006","ISSUED & PRINTED","01","STREET OPENING PERMIT","0160P","SIDEWALK RECONSTRUCTION CONTRACTS-PROT","1","100","1000","10",,,,"JG--CEC-12-124","B012025119F68",,,"2025-07-10T11:38:43.000","2025-07-31T00:00:00.000","2025-10-15T23:59:59.000","BROOKLYN","255","MAPLE STREET","NOSTRAND AVENUE","ROGERS AVENUE","WILLIAM A. GROSS CONSTRUCTION ASSOCIATES, INC.","NYC DPR - Tree Damaged Sidewalks - Borough-Wide Contract","Work involves the removal/ replacement / repair of tree damaged sidewalks in front of the aforementioned property. This is a borough-wide contract. There are no drawings nor OCMC Stipulations for same.","ASPHALT","CONCRETE","2025-07-10T11:38:42.000","2025-07-10T11:38:42.000",,,
"B012025191F48","2025070900955853","0080","Renew","006","ISSUED & PRINTED","01","STREET OPENING PERMIT","0162P","NYC PARKS - RECONSTRUCTION CONTRACT-PROT","1","100","1000","10",,,,"JG--WORK AS PER CEC-2 -124","B012025119F69",,,"2025-07-10T11:38:44.000","2025-07-31T00:00:00.000","2025-10-15T23:59:59.000","BROOKLYN","255","MAPLE STREET","NOSTRAND AVENUE","ROGERS AVENUE","WILLIAM A. GROSS CONSTRUCTION ASSOCIATES, INC.","NYC DPR - Tree Damaged Sidewalks - Borough-Wide Contract","Work involves the removal/ replacement / repair of tree damaged sidewalks in front of the aforementioned property. This is a borough-wide contract. There are no drawings nor OCMC Stipulations for same.","ASPHALT","CONCRETE","2025-07-10T11:38:42.000","2025-07-10T11:38:42.000",,,
"B012025191F49","2025070900955853","0081","Renew","006","ISSUED & PRINTED","01","STREET OPENING PERMIT","0162","NYC PARKS - RECONSTRUCTION CONTRACT","1","100","1000","10",,,,"IL. REFER TO CEC-12-124.","B012025119F70",,,"2025-07-10T11:38:44.000","2025-07-31T00:00:00.000","2025-10-15T23:59:59.000","BROOKLYN","626","BERGEN STREET","CARLTON AVENUE","VANDERBILT AVENUE","WILLIAM A. GROSS CONSTRUCTION ASSOCIATES, INC.","NYC DPR - Tree Damaged Sidewalks - Borough-Wide Contract","Work involves the removal/ replacement / repair of tree damaged sidewalks in front of the aforementioned property. This is a borough-wide contract. There are no drawings nor OCMC Stipulations for same.","ASPHALT","CONCRETE","2025-07-10T11:38:43.000","2025-07-10T11:38:43.000",,,
"B012025191F50","2025070900955853","0082","Renew","006","ISSUED & PRINTED","01","STREET OPENING PERMIT","0160","SIDEWALK RECONSTRUCTION CONTRACTS","1","100","1000","10",,,,"JG--CEC-12-124","B012025119F71",,,"2025-07-10T11:38:44.000","2025-07-31T00:00:00.000","2025-10-15T23:59:59.000","BROOKLYN","64","STERLING STREET","BEDFORD AVENUE","WASHINGTON AVENUE","WILLIAM A. GROSS CONSTRUCTION ASSOCIATES, INC.","NYC DPR - Tree Damaged Sidewalks - Borough-Wide Contract","Work involves the removal/ replacement / repair of tree damaged sidewalks in front of the aforementioned property. This is a borough-wide contract. There are no drawings nor OCMC Stipulations for same.","ASPHALT","CONCRETE","2025-07-10T11:38:43.000","2025-07-10T11:38:43.000",,,
"B012025191F63","2025070900951543","0004","Renew","006","ISSUED & PRINTED","01","STREET OPENING PERMIT","0162","NYC PARKS - RECONSTRUCTION CONTRACT","1","100","1000","10",,,,"IL. REFER TO CEC-12-124.","B012025119G07",,,"2025-07-10T11:51:27.000","2025-07-31T00:00:00.000","2025-10-15T23:59:59.000","BROOKLYN","402","GROVE STREET","ST NICHOLAS AVENUE","WYCKOFF AVENUE","WILLIAM A. GROSS CONSTRUCTION ASSOCIATES, INC.","NYC DPR - Tree Damaged Sidewalks - Borough-Wide Contract","Work involves the removal/ replacement / repair of tree damaged sidewalks in front of the aforementioned property. This is a borough-wide contract. There are no drawings nor OCMC Stipulations for same.","ASPHALT","CONCRETE","2025-07-10T11:51:26.000","2025-07-10T11:51:26.000",,,
"B012025191F64","2025070900951543","0005","Renew","006","ISSUED & PRINTED","01","STREET OPENING PERMIT","0162","NYC PARKS - RECONSTRUCTION CONTRACT","1","100","1000","10",,,,"JG--WORK AS PER CEC-2 -124","B012025119G08",,,"2025-07-10T11:51:28.000","2025-07-31T00:00:00.000","2025-10-15T23:59:59.000","BROOKLYN","144","KINGSTON AVENUE","BERGEN STREET","ST MARKS AVENUE","WILLIAM A. GROSS CONSTRUCTION ASSOCIATES, INC.","NYC DPR - Tree Damaged Sidewalks - Borough-Wide Contract","Work involves the removal/ replacement / repair of tree damaged sidewalks in front of the aforementioned property. This is a borough-wide contract. There are no drawings nor OCMC Stipulations for same.","ASPHALT","CONCRETE","2025-07-10T11:51:26.000","2025-07-10T11:51:26.000",,,
"B012025191F66","2025070900951543","0007","Renew","006","ISSUED & PRINTED","01","STREET OPENING PERMIT","0162P","NYC PARKS - RECONSTRUCTION CONTRACT-PROT","1","100","5000","10",,,,"GXS. REFER TO CEC-12-124.","B012025119F77",,,"2025-07-10T11:51:28.000","2025-07-31T00:00:00.000","2025-10-15T23:59:59.000","BROOKLYN","1491","JEFFERSON AVENUE","IRVING AVENUE","WYCKOFF AVENUE","WILLIAM A. GROSS CONSTRUCTION ASSOCIATES, INC.","NYC DPR - Tree Damaged Sidewalks - Borough-Wide Contract","Work involves the removal / replacement / repair of tree damaged sidewalks in front or around of the aforementioned property and adjacent properties. This is a borough-wide contract. There are no drawings nor OCMC Stipulations for same.","ASPHALT","CONCRETE","2025-07-10T11:51:27.000","2025-07-10T11:51:27.000",,,
"B012025191F68","2025070900951543","0009","Renew","006","ISSUED & PRINTED","01","STREET OPENING PERMIT","0162P","NYC PARKS - RECONSTRUCTION CONTRACT-PROT","1","100","1000","10",,,,"IL. REFER TO CEC-12-124.","B012025119G10",,,"2025-07-10T11:51:29.000","2025-07-31T00:00:00.000","2025-10-15T23:59:59.000","BROOKLYN","989","HART STREET","ST NICHOLAS AVENUE","WYCKOFF AVENUE","WILLIAM A. GROSS CONSTRUCTION ASSOCIATES, INC.","NYC DPR - Tree Damaged Sidewalks - Borough-Wide Contract","Work involves the removal/ replacement / repair of tree damaged sidewalks in front of the aforementioned property. This is a borough-wide contract. There are no drawings nor OCMC Stipulations for same.","ASPHALT","CONCRETE","2025-07-10T11:51:28.000","2025-07-10T11:51:28.000",,,
"B012025191F69","2025070900951543","0010","Renew","006","ISSUED & PRINTED","01","STREET OPENING PERMIT","0162P","NYC PARKS - RECONSTRUCTION CONTRACT-PROT","1","100","1000","10",,,,"IL. REFER TO CEC-12-124.","B012025119G11",,,"2025-07-10T11:51:29.000","2025-07-31T00:00:00.000","2025-10-15T23:59:59.000","BROOKLYN","365","STOCKHOLM STREET","ST NICHOLAS AVENUE","WYCKOFF AVENUE","WILLIAM A. GROSS CONSTRUCTION ASSOCIATES, INC.","NYC DPR - Tree Damaged Sidewalks - Borough-Wide Contract","Work involves the removal/ replacement / repair of tree damaged sidewalks in front of the aforementioned property. This is a borough-wide contract. There are no drawings nor OCMC Stipulations for same.","ASPHALT","CONCRETE","2025-07-10T11:51:28.000","2025-07-10T11:51:28.000",,,
"B012025191F70","2025070900951543","0011","Renew","006","ISSUED & PRINTED","01","STREET OPENING PERMIT","0162P","NYC PARKS - RECONSTRUCTION CONTRACT-PROT","1","100","1000","10",,,,"IL. REFER TO CEC-12-124.","B012025119G12",,,"2025-07-10T11:51:30.000","2025-07-31T00:00:00.000","2025-10-15T23:59:59.000","BROOKLYN","570","KOSCIUSKO STREET","BROADWAY","MALCOLM X BOULEVARD","WILLIAM A. GROSS CONSTRUCTION ASSOCIATES, INC.","NYC DPR - Tree Damaged Sidewalks - Borough-Wide Contract","Work involves the removal/ replacement / repair of tree damaged sidewalks in front of the aforementioned property. This is a borough-wide contract. There are no drawings nor OCMC Stipulations for same.","ASPHALT","CONCRETE","2025-07-10T11:51:28.000","2025-07-10T11:51:28.000",,,
"B012025191F71","2025070900951543","0012","Renew","006","ISSUED & PRINTED","01","STREET OPENING PERMIT","0162P","NYC PARKS - RECONSTRUCTION CONTRACT-PROT","1","100","1000","10",,,,"IL. REFER TO CEC-12-124.","B012025119G13",,,"2025-07-10T11:51:30.000","2025-07-31T00:00:00.000","2025-10-15T23:59:59.000","BROOKLYN","1699","DE KALB AVENUE","CYPRESS AVENUE","ST NICHOLAS AVENUE","WILLIAM A. GROSS CONSTRUCTION ASSOCIATES, INC.","NYC DPR - Tree Damaged Sidewalks - Borough-Wide Contract","Work Involves the removal/replacement/repair of tree damaged sidewalks in front of the aforementioned property. This is a borough-wide contract. There are no drawings nor OCMC Stipulations for same","ASPHALT","CONCRETE","2025-07-10T11:51:29.000","2025-07-10T11:51:29.000",,,
"B012025191I71","2025070900934860","0006","Renew","006","ISSUED & PRINTED","01","STREET OPENING PERMIT","0160P","SIDEWALK RECONSTRUCTION CONTRACTS-PROT","2","500","5000","10",,,,"DP. AS PER CEC-12-124A","B012025127B67",,,"2025-07-10T12:37:55.000","2025-08-04T00:00:00.000","2025-10-15T23:59:59.000","BROOKLYN",,"NEW LOTS AVENUE","ALABAMA AVENUE","MALTA STREET","WILLIAM A. GROSS CONSTRUCTION ASSOCIATES, INC.","NYC Parks Reconstruction of Sidewalks Across Brooklyn",,"ASPHALT","CONCRETE","2025-07-10T12:37:54.000","2025-07-10T12:37:54.000",,,
"B012025191F72","2025070900951543","0013","Renew","006","ISSUED & PRINTED","01","STREET OPENING PERMIT","0162P","NYC PARKS - RECONSTRUCTION CONTRACT-PROT","1","100","5000","10",,,,"IL. REFER TO CEC-12-124-A1.","B012025119G14",,,"2025-07-10T11:51:30.000","2025-07-31T00:00:00.000","2025-10-15T23:59:59.000","BROOKLYN","1448","BUSHWICK AVENUE","CHAUNCEY STREET","PILLING STREET","WILLIAM A. GROSS CONSTRUCTION ASSOCIATES, INC.","NYC DPR - Tree Damaged Sidewalks - Borough-Wide Contract","Work involves the removal / replacement / repair of tree damaged sidewalk in front, adjacent and around the aforementioned property. This is a borough-wide contract. There are no drawings nor OCMC Stipulations for same.","ASPHALT","CONCRETE","2025-07-10T11:51:29.000","2025-07-10T11:51:29.000",,,
"B012025191F73","2025070900951543","0014","Renew","006","ISSUED & PRINTED","01","STREET OPENING PERMIT","0162P","NYC PARKS - RECONSTRUCTION CONTRACT-PROT","1","100","5000","10",,,,"IL. REFER TO CEC-12-124.","B012025119G15",,,"2025-07-10T11:51:30.000","2025-07-31T00:00:00.000","2025-10-15T23:59:59.000","BROOKLYN","580","KOSCIUSKO STREET","BROADWAY","MALCOLM X BOULEVARD","WILLIAM A. GROSS CONSTRUCTION ASSOCIATES, INC.","NYC DPR - Tree Damaged Sidewalks - Borough-Wide Contract","Work involves the removal / replacement / repair of tree damaged sidewalks in front of the aforementioned property. This is a borough-wide contract. There are no drawings nor OCMC stipulations issued with the contract for same.","ASPHALT","CONCRETE","2025-07-10T11:51:29.000","2025-07-10T11:51:29.000",,,
"B012025191F75","2025070900951543","0016","Renew","006","ISSUED & PRINTED","01","STREET OPENING PERMIT","0162","NYC PARKS - RECONSTRUCTION CONTRACT","1","100","1000","10",,,,"IL. REFER TO CEC-12-124.","B012025119G17",,,"2025-07-10T11:51:31.000","2025-07-31T00:00:00.000","2025-10-15T23:59:59.000","BROOKLYN","1374","GREENE AVENUE","IRVING AVENUE","KNICKERBOCKER AVENUE","WILLIAM A. GROSS CONSTRUCTION ASSOCIATES, INC.","NYC DPR - Tree Damaged Sidewalks - Borough-Wide Contract","Work involves the removal/ replacement / repair of tree damaged sidewalks in front of the aforementioned property. This is a borough-wide contract. There are no drawings nor OCMC Stipulations for same.","ASPHALT","CONCRETE","2025-07-10T11:51:30.000","2025-07-10T11:51:30.000",,,
"B012025191F76","2025070900951543","0017","Renew","006","ISSUED & PRINTED","01","STREET OPENING PERMIT","0162","NYC PARKS - RECONSTRUCTION CONTRACT","1","100","1000","10",,,,"IL. REFER TO CEC-12-124.","B012025119G18",,,"2025-07-10T11:51:31.000","2025-07-31T00:00:00.000","2025-10-15T23:59:59.000","BROOKLYN","27","GOODWIN PLACE","GREENE AVENUE","GROVE STREET","WILLIAM A. GROSS CONSTRUCTION ASSOCIATES, INC.","NYC DPR - Tree Damaged Sidewalks - Borough-Wide Contract","Work involves the removal/ replacement / repair of tree damaged sidewalks in front of the aforementioned property. This is a borough-wide contract. There are no drawings nor OCMC Stipulations for same.","ASPHALT","CONCRETE","2025-07-10T11:51:30.000","2025-07-10T11:51:30.000",,,
"M032025196A26","2025071500135663","0004","New","030","EXPIRED","03","MANHOLE EMBARGO PERMIT","0301","UTILITY MANHOLE EMBARGO PERMIT",,,,,,,,,,,,"2025-07-15T08:18:35.000","2025-07-15T08:18:35.000","2025-07-16T08:18:35.000","MANHATTAN","464","8 AVENUE","WEST   33 STREET","WEST   34 STREET","CONSOLIDATED EDISON","emergency work","464 8 ave",,,"2025-07-15T08:18:37.000","2025-07-17T00:05:09.000",,,
"B012025191F77","2025070900951543","0018","Renew","006","ISSUED & PRINTED","01","STREET OPENING PERMIT","0162P","NYC PARKS - RECONSTRUCTION CONTRACT-PROT","1","50","5000","10",,,,"IL. REFER TO CEC-12-124-A1.","B012025119G19",,,"2025-07-10T11:51:34.000","2025-07-31T00:00:00.000","2025-10-15T23:59:59.000","BROOKLYN",,"ELTON STREET","BLAKE AVENUE","SUTTER AVENUE","WILLIAM A. GROSS CONSTRUCTION ASSOCIATES, INC.","NYC DPR - Tree Damaged Sidewalks - Borough-Wide Contract",,"ASPHALT","CONCRETE","2025-07-10T11:51:33.000","2025-07-10T11:51:33.000",,,
"B012025191G03","2025070900951543","0044","Renew","006","ISSUED & PRINTED","01","STREET OPENING PERMIT","0162","NYC PARKS - RECONSTRUCTION CONTRACT","1","100","5000","10",,,,"GXS. REFER TO CEC-12-124.","B012025119G31",,,"2025-07-10T11:51:46.000","2025-07-31T00:00:00.000","2025-10-15T23:59:59.000","BROOKLYN",,"BUSHWICK AVENUE","ELDERT STREET","HALSEY STREET","WILLIAM A. GROSS CONSTRUCTION ASSOCIATES, INC.","NYC DPR - Tree Damaged Sidewalks - Borough-Wide Contract",,"ASPHALT","CONCRETE","2025-07-10T11:51:44.000","2025-07-10T11:51:44.000",,,
"B012025191F78","2025070900951543","0019","Renew","006","ISSUED & PRINTED","01","STREET OPENING PERMIT","0162P","NYC PARKS - RECONSTRUCTION CONTRACT-PROT","1","100","1000","10",,,,"IL. REFER TO CEC-12-124.","B012025119G20",,,"2025-07-10T11:51:34.000","2025-07-31T00:00:00.000","2025-10-15T23:59:59.000","BROOKLYN","576","KOSCIUSKO STREET","BROADWAY","MALCOLM X BOULEVARD","WILLIAM A. GROSS CONSTRUCTION ASSOCIATES, INC.","NYC DPR - Tree Damaged Sidewalks - Borough-Wide Contract","Work involves the removal/ replacement / repair of tree damaged sidewalks in front of the aforementioned property. This is a borough-wide contract. There are no drawings nor OCMC Stipulations for same.","ASPHALT","CONCRETE","2025-07-10T11:51:33.000","2025-07-10T11:51:33.000",,,
"B012025191F79","2025070900951543","0020","Renew","006","ISSUED & PRINTED","01","STREET OPENING PERMIT","0162","NYC PARKS - RECONSTRUCTION CONTRACT","1","100","1000","10",,,,"IL. REFER TO CEC-12-124.","B012025119G21",,,"2025-07-10T11:51:35.000","2025-07-31T00:00:00.000","2025-10-15T23:59:59.000","BROOKLYN","275","IRVING AVENUE","BLEECKER STREET","MENAHAN STREET","WILLIAM A. GROSS CONSTRUCTION ASSOCIATES, INC.","NYC DPR - Tree Damaged Sidewalks - Borough-Wide Contract","Work involves the removal/ replacement / repair of tree damaged sidewalks in front of the aforementioned property. This is a borough-wide contract. There are no drawings nor OCMC Stipulations for same.","ASPHALT","CONCRETE","2025-07-10T11:51:34.000","2025-07-10T11:51:34.000",,,
"B012025191H76","2025070900938616","0084","Renew","006","ISSUED & PRINTED","01","STREET OPENING PERMIT","0162P","NYC PARKS - RECONSTRUCTION CONTRACT-PROT","2","500","5000","10",,,,"JN REFER TO CEC-12-124. RCRRM: 3/17/25 MUST COORDINATE WITH DOT MILLING AND PAVING;THE FULL WIDTH OF THE ROADWAY MUST BE FULLY UNOBSTRUCTED WHEN DOT IS ACTIVELY MILLING OR PAVING.","B012025119I12",,,"2025-07-10T12:16:00.000","2025-07-31T00:00:00.000","2025-10-15T23:59:59.000","BROOKLYN",,"MYRTLE AVENUE","SUYDAM STREET",,"WILLIAM A. GROSS CONSTRUCTION ASSOCIATES, INC.",,,"ASPHALT","CONCRETE","2025-07-10T12:15:59.000","2025-07-10T12:15:59.000",,,
"B012025191F80","2025070900951543","0021","Renew","006","ISSUED & PRINTED","01","STREET OPENING PERMIT","0162","NYC PARKS - RECONSTRUCTION CONTRACT","1","100","1000","10",,,,"IL. REFER TO CEC-12-124.","B012025119G22",,,"2025-07-10T11:51:36.000","2025-07-31T00:00:00.000","2025-10-15T23:59:59.000","BROOKLYN","909","BUSHWICK AVENUE","GREENE AVENUE","VAN BUREN STREET","WILLIAM A. GROSS CONSTRUCTION ASSOCIATES, INC.","NYC DPR - Tree Damaged Sidewalks - Borough-Wide Contract","Work involves the removal/ replacement / repair of tree damaged sidewalks in front of the aforementioned property. This is a borough-wide contract. There are no drawings nor OCMC Stipulations for same.","ASPHALT","CONCRETE","2025-07-10T11:51:35.000","2025-07-10T11:51:35.000",,,
"B162025195A54","2025071400614110","0002","New","030","EXPIRED","16","COMMERCIAL REFUSE CONTAINER PERMIT","1600","COMMERCIAL REFUSE CONTAINER",,,,,,,,,,"B162025199A91",,"2025-07-14T12:58:35.000","2025-07-15T00:00:00.000","2025-07-19T23:59:59.000","BROOKLYN","287","CARROLL STREET","HOYT STREET","SMITH STREET","SAL DONA, INC.",,,,,"2025-07-14T12:58:34.000","2025-07-20T00:05:09.000",,,
"B012025191H87","2025070900938616","0095","Renew","006","ISSUED & PRINTED","01","STREET OPENING PERMIT","0162","NYC PARKS - RECONSTRUCTION CONTRACT","2","500","5000","10",,,,"JN REFER TO CEC-12-124","B012025119I14",,,"2025-07-10T12:16:21.000","2025-07-31T00:00:00.000","2025-10-15T23:59:59.000","BROOKLYN",,"GREENE AVENUE","KNICKERBOCKER AVENUE",,"WILLIAM A. GROSS CONSTRUCTION ASSOCIATES, INC.",,,"ASPHALT","CONCRETE","2025-07-10T12:16:19.000","2025-07-10T12:16:19.000",,,
"B012025191F90","2025070900951543","0031","Renew","006","ISSUED & PRINTED","01","STREET OPENING PERMIT","0162P","NYC PARKS - RECONSTRUCTION CONTRACT-PROT","1","100","1000","10",,,,"IL. REFER TO CEC-12-124.","B012025119F96",,,"2025-07-10T11:51:43.000","2025-07-31T00:00:00.000","2025-10-15T23:59:59.000","BROOKLYN","431","MONROE STREET","MARCUS GARVEY BOULEVARD","THROOP AVENUE","WILLIAM A. GROSS CONSTRUCTION ASSOCIATES, INC.","NYC DPR - Tree Damaged Sidewalks - Borough-Wide Contract","Work involves the removal/ replacement / repair of tree damaged sidewalks in front of the aforementioned property. This is a borough-wide contract. There are no drawings nor OCMC Stipulations for same.","ASPHALT","CONCRETE","2025-07-10T11:51:42.000","2025-07-10T11:51:42.000",,,
"B012025191F98","2025070900951543","0039","Renew","006","ISSUED & PRINTED","01","STREET OPENING PERMIT","0162","NYC PARKS - RECONSTRUCTION CONTRACT","1","100","1000","10",,,,"JG--WORK AS PER CEC-2 -124","B012025119G28",,,"2025-07-10T11:51:45.000","2025-07-31T00:00:00.000","2025-10-15T23:59:59.000","BROOKLYN","1589","UNION STREET","ALBANY AVENUE","TROY AVENUE","WILLIAM A. GROSS CONSTRUCTION ASSOCIATES, INC.","NYC DPR - Tree Damaged Sidewalks - Borough-Wide Contract","Work involves the removal/ replacement / repair of tree damaged sidewalks in front of the aforementioned property. This is a borough-wide contract. There are no drawings nor OCMC Stipulations for same.","ASPHALT","CONCRETE","2025-07-10T11:51:43.000","2025-07-10T11:51:43.000",,,
"B012025191F99","2025070900951543","0040","Renew","006","ISSUED & PRINTED","01","STREET OPENING PERMIT","0160","SIDEWALK RECONSTRUCTION CONTRACTS","1","100","1000","10",,,,"JG-WORK AS PER CEC-12-124","B012025119G29",,,"2025-07-10T11:51:45.000","2025-07-31T00:00:00.000","2025-10-15T23:59:59.000","BROOKLYN","877","PARK PLACE","NEW YORK AVENUE","NOSTRAND AVENUE","WILLIAM A. GROSS CONSTRUCTION ASSOCIATES, INC.","NYC DPR - Tree Damaged Sidewalks - Borough-Wide Contract","Work involves the removal/ replacement / repair of tree damaged sidewalks in front of the aforementioned property. This is a borough-wide contract. There are no drawings nor OCMC Stipulations for same.","ASPHALT","CONCRETE","2025-07-10T11:51:44.000","2025-07-10T11:51:44.000",,,
"B162025190A10","2025070900221266","0005","New","030","EXPIRED","16","COMMERCIAL REFUSE CONTAINER PERMIT","1600","COMMERCIAL REFUSE CONTAINER",,,,,,,,,,,,"2025-07-09T09:16:26.000","2025-07-10T00:00:00.000","2025-07-14T23:59:59.000","BROOKLYN","20-24","FILLMORE PLACE","DRIGGS AVENUE","ROEBLING STREET","COGENT WASTE SOLUTIONS LLC",,,,,"2025-07-09T09:16:25.000","2025-07-15T00:05:10.000",,,
"B012025191G32","2025070900951543","0073","Renew","006","ISSUED & PRINTED","01","STREET OPENING PERMIT","0160P","SIDEWALK RECONSTRUCTION CONTRACTS-PROT","2","500","5000","10",,,,"JN REFER TO CEC-12-124","B012025119G45",,,"2025-07-10T11:52:47.000","2025-07-31T00:00:00.000","2025-10-15T23:59:59.000","BROOKLYN",,"EAST    3 STREET","QUENTIN ROAD",,"WILLIAM A. GROSS CONSTRUCTION ASSOCIATES, INC.","Sidewalk reconstruction",,"ASPHALT","CONCRETE","2025-07-10T11:52:46.000","2025-07-10T11:52:46.000",,,
"B012025191H03","2025070900938616","0010","Renew","006","ISSUED & PRINTED","01","STREET OPENING PERMIT","0162P","NYC PARKS - RECONSTRUCTION CONTRACT-PROT","2","500","5000","10",,,,"JN REFER TO CEC-12-124","B012025119H98",,,"2025-07-10T12:14:47.000","2025-07-31T00:00:00.000","2025-10-15T23:59:59.000","BROOKLYN",,"COOPER STREET","IRVING AVENUE","KNICKERBOCKER AVENUE","WILLIAM A. GROSS CONSTRUCTION ASSOCIATES, INC.",,,"ASPHALT","CONCRETE","2025-07-10T12:14:46.000","2025-07-10T12:14:46.000",,,
"B012025191F85","2025070900951543","0026","Renew","006","ISSUED & PRINTED","01","STREET OPENING PERMIT","0162P","NYC PARKS - RECONSTRUCTION CONTRACT-PROT","1","100","1000","10",,,,"JG--WORK AS PER CEC-2 -124","B012025119G23",,,"2025-07-10T11:51:39.000","2025-07-31T00:00:00.000","2025-10-15T23:59:59.000","BROOKLYN","1718","DEAN STREET","SCHENECTADY AVENUE","UTICA AVENUE","WILLIAM A. GROSS CONSTRUCTION ASSOCIATES, INC.","NYC DPR - Tree Damaged Sidewalks - Borough-Wide Contract","Work involves the removal/ replacement / repair of tree damaged sidewalks in front of the aforementioned property. This is a borough-wide contract. There are no drawings nor OCMC Stipulations for same.","ASPHALT","CONCRETE","2025-07-10T11:51:37.000","2025-07-10T11:51:37.000",,,
"B162025192A29","2025071100235720","0001","Renew","030","EXPIRED","16","COMMERCIAL REFUSE CONTAINER PERMIT","1600","COMMERCIAL REFUSE CONTAINER",,,,,,,,,"B162025188A06",,,"2025-07-11T09:31:14.000","2025-07-12T00:00:00.000","2025-07-16T23:59:59.000","BROOKLYN","35","IRVING PLACE","GATES AVENUE","PUTNAM AVENUE","QUICK CONTAINERS, INC.",,,,,"2025-07-11T09:31:12.000","2025-07-17T00:05:09.000",,,
"B012025191F87","2025070900951543","0028","Renew","006","ISSUED & PRINTED","01","STREET OPENING PERMIT","0162P","NYC PARKS - RECONSTRUCTION CONTRACT-PROT","1","100","1000","10",,,,"JG--WORK AS PER CEC-2 -124","B012025119G24",,,"2025-07-10T11:51:39.000","2025-07-31T00:00:00.000","2025-10-15T23:59:59.000","BROOKLYN","131","SCHENECTADY AVENUE","BERGEN STREET","ST MARKS AVENUE","WILLIAM A. GROSS CONSTRUCTION ASSOCIATES, INC.","NYC DPR - Tree Damaged Sidewalks - Borough-Wide Contract","Work involves the removal/ replacement / repair of tree damaged sidewalks in front of the aforementioned property. This is a borough-wide contract. There are no drawings nor OCMC Stipulations for same.","ASPHALT","CONCRETE","2025-07-10T11:51:38.000","2025-07-10T11:51:38.000",,,
"B012025191F88","2025070900951543","0029","Renew","006","ISSUED & PRINTED","01","STREET OPENING PERMIT","0160","SIDEWALK RECONSTRUCTION CONTRACTS","2","500","5000","10",,,,"JN REFER TO CEC-12-124","B012025119G53",,,"2025-07-10T11:51:39.000","2025-07-31T00:00:00.000","2025-10-15T23:59:59.000","BROOKLYN",,"BROWN STREET","SHORE PARKWAY","VOORHIES AVENUE","WILLIAM A. GROSS CONSTRUCTION ASSOCIATES, INC.","Sidewalk reconstruction",,"ASPHALT","CONCRETE","2025-07-10T11:51:38.000","2025-07-10T11:51:38.000",,,
"B012025191F89","2025070900951543","0030","Renew","006","ISSUED & PRINTED","01","STREET OPENING PERMIT","0162","NYC PARKS - RECONSTRUCTION CONTRACT","1","100","1000","10",,,,"JG-WORK AS PER CEC-12-124","B012025119G25",,,"2025-07-10T11:51:40.000","2025-07-31T00:00:00.000","2025-10-15T23:59:59.000","BROOKLYN","594","ST MARKS AVENUE","BEDFORD AVENUE","FRANKLIN AVENUE","WILLIAM A. GROSS CONSTRUCTION ASSOCIATES, INC.","NYC DPR - Tree Damaged Sidewalks - Borough-Wide Contract","Work involves the removal/ replacement / repair of tree damaged sidewalks in front of the aforementioned property. This is a borough-wide contract. There are no drawings nor OCMC Stipulations for same.","ASPHALT","CONCRETE","2025-07-10T11:51:38.000","2025-07-10T11:51:38.000",,,
"B152025192A73","2025071100309886","0001","New","030","EXPIRED","15","DOT IN-HOUSE PAVING AND MILLING","1501","DOT IN-HOUSE PAVING",,,,,,,,,,,,"2025-07-11T10:06:28.000","2025-07-16T00:00:00.000","2025-07-17T23:59:59.000","BROOKLYN",,"JEWELL STREET","NASSAU AVENUE",,"NYC DEPT OF TRANSPORTATION","PAVING","SEGMENT AND INTERSECTION",,,"2025-07-11T10:06:26.000","2025-07-18T00:05:11.000",,,
"B012025191F91","2025070900951543","0032","Renew","006","ISSUED & PRINTED","01","STREET OPENING PERMIT","0162P","NYC PARKS - RECONSTRUCTION CONTRACT-PROT","1","100","1000","10",,,,"JG--WORK AS PER CEC-2 -124","B012025119G26",,,"2025-07-10T11:51:43.000","2025-07-31T00:00:00.000","2025-10-15T23:59:59.000","BROOKLYN","1334","PARK PLACE","SCHENECTADY AVENUE","UTICA AVENUE","WILLIAM A. GROSS CONSTRUCTION ASSOCIATES, INC.","NYC DPR - Tree Damaged Sidewalks - Borough-Wide Contract","Work involves the removal/ replacement / repair of tree damaged sidewalks in front of the aforementioned property. This is a borough-wide contract. There are no drawings nor OCMC Stipulations for same.","ASPHALT","CONCRETE","2025-07-10T11:51:42.000","2025-07-10T11:51:42.000",,,
"B152025192A16","2025071100224506","0007","New","030","EXPIRED","15","DOT IN-HOUSE PAVING AND MILLING","1501","DOT IN-HOUSE PAVING",,,,,,,,,,,,"2025-07-11T09:23:13.000","2025-07-14T00:00:00.000","2025-07-15T23:59:59.000","BROOKLYN",,"JACKSON STREET","MEEKER AVENUE",,"NYC DEPT OF TRANSPORTATION","PAVING","SEGMENT AND INTERSECTION",,,"2025-07-11T09:23:11.000","2025-07-16T00:05:11.000",,,
"B012025191F95","2025070900951543","0036","Renew","006","ISSUED & PRINTED","01","STREET OPENING PERMIT","0160P","SIDEWALK RECONSTRUCTION CONTRACTS-PROT","2","500","5000","10",,,,"JN REFER TO CEC-12-124 RCRRM: 7/9/25 MUST COORDINATE WITH DOT MILLING AND PAVING;THE FULL WIDTH OF THE ROADWAY MUST BE FULLY UNOBSTRUCTED WHEN DOT IS ACTIVELY MILLING OR PAVING.","B012025119G51",,,"2025-07-10T11:51:44.000","2025-07-31T00:00:00.000","2025-10-15T23:59:59.000","BROOKLYN",,"BATCHELDER STREET","AVENUE Z","VOORHIES AVENUE","WILLIAM A. GROSS CONSTRUCTION ASSOCIATES, INC.","Sidewalk reconstruction",,"ASPHALT","CONCRETE","2025-07-10T11:51:43.000","2025-07-10T11:51:43.000",,,
"B012025191G14","2025070900951543","0055","Renew","006","ISSUED & PRINTED","01","STREET OPENING PERMIT","0162P","NYC PARKS - RECONSTRUCTION CONTRACT-PROT","2","500","5000","10",,,,"JN REFER TO CEC-12-124","B012025119G46",,,"2025-07-10T11:51:48.000","2025-07-31T00:00:00.000","2025-10-15T23:59:59.000","BROOKLYN",,"SARATOGA AVENUE","DUMONT AVENUE","LIVONIA AVENUE","WILLIAM A. GROSS CONSTRUCTION ASSOCIATES, INC.","Sidewalk reconstruction",,"ASPHALT","CONCRETE","2025-07-10T11:51:47.000","2025-07-10T11:51:47.000",,,
"B012025191F96","2025070900951543","0037","Renew","006","ISSUED & PRINTED","01","STREET OPENING PERMIT","0162P","NYC PARKS - RECONSTRUCTION CONTRACT-PROT","1","100","1000","10",,,,"JG--WORK AS PER CEC-2 -124","B012025119G27",,,"2025-07-10T11:51:44.000","2025-07-31T00:00:00.000","2025-10-15T23:59:59.000","BROOKLYN","1271","EASTERN PARKWAY","BUFFALO AVENUE","ROCHESTER AVENUE","WILLIAM A. GROSS CONSTRUCTION ASSOCIATES, INC.","NYC DPR - Tree Damaged Sidewalks - Borough-Wide Contract","Work involves the removal/ replacement / repair of tree damaged sidewalks in front of the aforementioned property. This is a borough-wide contract. There are no drawings nor OCMC Stipulations for same.","ASPHALT","CONCRETE","2025-07-10T11:51:43.000","2025-07-10T11:51:43.000",,,
"M032025196A29","2025071500136666","0002","New","030","EXPIRED","03","MANHOLE EMBARGO PERMIT","0303","UTILITY MANHOLE EMBARGO PERMIT",,,,,,,,,,,,"2025-07-15T08:18:47.000","2025-07-15T08:18:53.000","2025-07-16T08:18:53.000","MANHATTAN",,"EAST   73 STREET","MADISON AVENUE",,"CONSOLIDATED EDISON","759","STEAM",,,"2025-07-15T08:18:45.000","2025-07-17T00:05:09.000",,,
"B012025191G01","2025070900951543","0042","Renew","006","ISSUED & PRINTED","01","STREET OPENING PERMIT","0162","NYC PARKS - RECONSTRUCTION CONTRACT","1","100","1000","10",,,,"JG-WORK AS PER CEC-12-124","B012025119G30",,,"2025-07-10T11:51:45.000","2025-07-31T00:00:00.000","2025-10-15T23:59:59.000","BROOKLYN","877","PARK PLACE","NEW YORK AVENUE","NOSTRAND AVENUE","WILLIAM A. GROSS CONSTRUCTION ASSOCIATES, INC.","NYC DPR - Tree Damaged Sidewalks - Borough-Wide Contract","Work involves the removal/ replacement / repair of tree damaged sidewalks in front of the aforementioned property. This is a borough-wide contract. There are no drawings nor OCMC Stipulations for same.","ASPHALT","CONCRETE","2025-07-10T11:51:44.000","2025-07-10T11:51:44.000",,,
"B012025191G05","2025070900951543","0046","Renew","006","ISSUED & PRINTED","01","STREET OPENING PERMIT","0160P","SIDEWALK RECONSTRUCTION CONTRACTS-PROT","1","100","1000","10",,,,"JG-WORK AS PER CEC-12-124","B012025119G32",,,"2025-07-10T11:51:46.000","2025-07-31T00:00:00.000","2025-10-15T23:59:59.000","BROOKLYN","650","EASTERN PARKWAY","BROOKLYN AVENUE","NEW YORK AVENUE","WILLIAM A. GROSS CONSTRUCTION ASSOCIATES, INC.","NYC DPR - Tree Damaged Sidewalks - Borough-Wide Contract","Work involves the removal/ replacement / repair of tree damaged sidewalks in front of the aforementioned property. This is a borough-wide contract. There are no drawings nor OCMC Stipulations for same.","ASPHALT","CONCRETE","2025-07-10T11:51:45.000","2025-07-10T11:51:45.000",,,
"B012025191G06","2025070900951543","0047","Renew","006","ISSUED & PRINTED","01","STREET OPENING PERMIT","0162","NYC PARKS - RECONSTRUCTION CONTRACT","1","100","1000","10",,,,"JG--WORK AS PER CEC-2 -124","B012025119G33",,,"2025-07-10T11:51:46.000","2025-07-31T00:00:00.000","2025-10-15T23:59:59.000","BROOKLYN","1607","PRESIDENT STREET","SCHENECTADY AVENUE","TROY AVENUE","WILLIAM A. GROSS CONSTRUCTION ASSOCIATES, INC.","NYC DPR - Tree Damaged Sidewalks - Borough-Wide Contract","Work involves the removal/ replacement / repair of tree damaged sidewalks in front of the aforementioned property. This is a borough-wide contract. There are no drawings nor OCMC Stipulations for same.","ASPHALT","CONCRETE","2025-07-10T11:51:45.000","2025-07-10T11:51:45.000",,,
"B012025192A18","2025070800293330","0001","New","006","ISSUED & PRINTED","01","STREET OPENING PERMIT","0184","REPLACEMENT OF POLES","1","9",,"3",,,,"DP",,,,"2025-07-11T07:16:01.000","2025-07-11T07:16:01.000","2025-10-08T23:59:59.000","BROOKLYN","1179","EAST   93 STREET","FLATLANDS AVENUE","SKIDMORE LANE","CONSOLIDATED EDISON","REPLACE POLE 70648 IFO 1179 EAST 93 STREET","IFO 1179 EAST 93 STREET",,"CONCRETE","2025-07-11T07:16:00.000","2025-07-11T07:16:00.000",,,
"B012025191G07","2025070900951543","0048","Renew","006","ISSUED & PRINTED","01","STREET OPENING PERMIT","0162P","NYC PARKS - RECONSTRUCTION CONTRACT-PROT","2","500","5000","10",,,,"JN REFER TO CEC-12-124 RCRRM: 7/9/25 MUST COORDINATE WITH DOT MILLING AND PAVING;THE FULL WIDTH OF THE ROADWAY MUST BE FULLY UNOBSTRUCTED WHEN DOT IS ACTIVELY MILLING OR PAVING.","B012025119F84",,,"2025-07-10T11:51:46.000","2025-07-31T00:00:00.000","2025-10-15T23:59:59.000","BROOKLYN",,"CORNELIA STREET","WILSON AVENUE",,"WILLIAM A. GROSS CONSTRUCTION ASSOCIATES, INC.",,,"ASPHALT","CONCRETE","2025-07-10T11:51:45.000","2025-07-10T11:51:45.000",,,
"B012025191G08","2025070900951543","0049","Renew","006","ISSUED & PRINTED","01","STREET OPENING PERMIT","0162P","NYC PARKS - RECONSTRUCTION CONTRACT-PROT","1","100","1000","10",,,,"IL. REFER TO CEC-12-124.","B012025119F78",,,"2025-07-10T11:51:47.000","2025-07-31T00:00:00.000","2025-10-15T23:59:59.000","BROOKLYN","1254","MADISON STREET","KNICKERBOCKER AVENUE","WILSON AVENUE","WILLIAM A. GROSS CONSTRUCTION ASSOCIATES, INC.","NYC DPR - Tree Damaged Sidewalks - Borough-Wide Contract","Work involves the removal/ replacement / repair of tree damaged sidewalks in front of the aforementioned property. This is a borough-wide contract. There are no drawings nor OCMC Stipulations for same.","ASPHALT","CONCRETE","2025-07-10T11:51:45.000","2025-07-10T11:51:45.000",,,
"B012025191G09","2025070900951543","0050","Renew","006","ISSUED & PRINTED","01","STREET OPENING PERMIT","0160","SIDEWALK RECONSTRUCTION CONTRACTS","1","100","1000","10",,,,"JG-WORK AS PER CEC-12-124","B012025119G34",,,"2025-07-10T11:51:47.000","2025-07-31T00:00:00.000","2025-10-15T23:59:59.000","BROOKLYN","1250","UNION STREET","NEW YORK AVENUE","NOSTRAND AVENUE","WILLIAM A. GROSS CONSTRUCTION ASSOCIATES, INC.","NYC DPR - Tree Damaged Sidewalks - Borough-Wide Contract","Work involves the removal/ replacement / repair of tree damaged sidewalks in front of the aforementioned property. This is a borough-wide contract. There are no drawings nor OCMC Stipulations for same.","ASPHALT","CONCRETE","2025-07-10T11:51:46.000","2025-07-10T11:51:46.000",,,
"B012025191H48","2025070900938616","0056","Renew","006","ISSUED & PRINTED","01","STREET OPENING PERMIT","0160P","SIDEWALK RECONSTRUCTION CONTRACTS-PROT","2","500","5000","10",,,,"JN REFER TO CEC-12-124","B012025119H89",,,"2025-07-10T12:15:23.000","2025-07-31T00:00:00.000","2025-10-15T23:59:59.000","BROOKLYN",,"DE KALB AVENUE","EVERGREEN AVENUE",,"WILLIAM A. GROSS CONSTRUCTION ASSOCIATES, INC.",,,"ASPHALT","CONCRETE","2025-07-10T12:15:22.000","2025-07-10T12:15:22.000",,,
"B012025191G10","2025070900951543","0051","Renew","006","ISSUED & PRINTED","01","STREET OPENING PERMIT","0160P","SIDEWALK RECONSTRUCTION CONTRACTS-PROT","2","500","5000","10",,,,"JN REFER TO CEC-12-124 RCRRM: 7/9/25 MUST COORDINATE WITH DOT MILLING AND PAVING;THE FULL WIDTH OF THE ROADWAY MUST BE FULLY UNOBSTRUCTED WHEN DOT IS ACTIVELY MILLING OR PAVING.","B012025119G02",,,"2025-07-10T11:51:47.000","2025-07-31T00:00:00.000","2025-10-15T23:59:59.000","BROOKLYN",,"CORNELIA STREET","KNICKERBOCKER AVENUE","WILSON AVENUE","WILLIAM A. GROSS CONSTRUCTION ASSOCIATES, INC.",,,"ASPHALT","CONCRETE","2025-07-10T11:51:46.000","2025-07-10T11:51:46.000",,,
"B012025191G11","2025070900951543","0052","Renew","006","ISSUED & PRINTED","01","STREET OPENING PERMIT","0162P","NYC PARKS - RECONSTRUCTION CONTRACT-PROT","2","500","5000","10",,,,"JN REFER TO CEC-12-124 RCRRM: 7/9/25 MUST COORDINATE WITH DOT MILLING AND PAVING;THE FULL WIDTH OF THE ROADWAY MUST BE FULLY UNOBSTRUCTED WHEN DOT IS ACTIVELY MILLING OR PAVING.","B012025119G03",,,"2025-07-10T11:51:47.000","2025-07-31T00:00:00.000","2025-10-15T23:59:59.000","BROOKLYN",,"CORNELIA STREET","KNICKERBOCKER AVENUE","WILSON AVENUE","WILLIAM A. GROSS CONSTRUCTION ASSOCIATES, INC.",,,"ASPHALT","CONCRETE","2025-07-10T11:51:46.000","2025-07-10T11:51:46.000",,,
"B012025191G12","2025070900951543","0053","Renew","006","ISSUED & PRINTED","01","STREET OPENING PERMIT","0160","SIDEWALK RECONSTRUCTION CONTRACTS","1","100","1000","10",,,,"JG-WORK AS PER CEC-12-124","B012025119G35",,,"2025-07-10T11:51:47.000","2025-07-31T00:00:00.000","2025-10-15T23:59:59.000","BROOKLYN","1158","UNION STREET","NOSTRAND AVENUE","ROGERS AVENUE","WILLIAM A. GROSS CONSTRUCTION ASSOCIATES, INC.","NYC DPR - Tree Damaged Sidewalks - Borough-Wide Contract","Work involves the removal/ replacement / repair of tree damaged sidewalks in front of the aforementioned property. This is a borough-wide contract. There are no drawings nor OCMC Stipulations for same.","ASPHALT","CONCRETE","2025-07-10T11:51:46.000","2025-07-10T11:51:46.000",,,
"B162025190A34","2025070900606060","0001","New","030","EXPIRED","16","COMMERCIAL REFUSE CONTAINER PERMIT","1600","COMMERCIAL REFUSE CONTAINER",,,,,,,,,,,,"2025-07-09T12:44:15.000","2025-07-09T12:44:15.000","2025-07-13T23:59:59.000","BROOKLYN","64","CHEEVER PLACE","DE GRAW STREET","KANE STREET","SAM'S CONSTRUCTION SERVICES, LTD.",,,,,"2025-07-09T12:44:14.000","2025-07-14T00:05:10.000",,,
"B012025191G13","2025070900951543","0054","Renew","006","ISSUED & PRINTED","01","STREET OPENING PERMIT","0160P","SIDEWALK RECONSTRUCTION CONTRACTS-PROT","2","500","5000","10",,,,"JN REFER TO CEC-12-124","B012025119G04",,,"2025-07-10T11:51:48.000","2025-07-31T00:00:00.000","2025-10-15T23:59:59.000","BROOKLYN",,"SARATOGA AVENUE","DUMONT AVENUE","LIVONIA AVENUE","WILLIAM A. GROSS CONSTRUCTION ASSOCIATES, INC.","Sidewalk reconstruction",,"ASPHALT","CONCRETE","2025-07-10T11:51:46.000","2025-07-10T11:51:46.000",,,
"B012025191G15","2025070900951543","0056","Renew","006","ISSUED & PRINTED","01","STREET OPENING PERMIT","0160","SIDEWALK RECONSTRUCTION CONTRACTS","1","100","1000","10",,,,"JG-WORK AS PER CEC-12-124","B012025119G36",,,"2025-07-10T11:51:48.000","2025-07-31T00:00:00.000","2025-10-15T23:59:59.000","BROOKLYN","1003","CARROLL STREET","BEDFORD AVENUE","FRANKLIN AVENUE","WILLIAM A. GROSS CONSTRUCTION ASSOCIATES, INC.","NYC DPR - Tree Damaged Sidewalks - Borough-Wide Contract","Work involves the removal/ replacement / repair of tree damaged sidewalks in front of the aforementioned property. This is a borough-wide contract. There are no drawings nor OCMC Stipulations for same.","ASPHALT","CONCRETE","2025-07-10T11:51:47.000","2025-07-10T11:51:47.000",,,
"B012025191G16","2025070900951543","0057","Renew","006","ISSUED & PRINTED","01","STREET OPENING PERMIT","0160","SIDEWALK RECONSTRUCTION CONTRACTS","1","100","1000","10",,,,"JG-WORK AS PER CEC-12-124","B012025119G37",,,"2025-07-10T11:51:48.000","2025-07-31T00:00:00.000","2025-10-15T23:59:59.000","BROOKLYN","1007","CARROLL STREET","BEDFORD AVENUE","FRANKLIN AVENUE","WILLIAM A. GROSS CONSTRUCTION ASSOCIATES, INC.","NYC DPR - Tree Damaged Sidewalks - Borough-Wide Contract","Work involves the removal/ replacement / repair of tree damaged sidewalks in front of the aforementioned property. This is a borough-wide contract. There are no drawings nor OCMC Stipulations for same.","ASPHALT","CONCRETE","2025-07-10T11:51:47.000","2025-07-10T11:51:47.000",,,
"B012025191H24","2025070900938616","0032","Renew","006","ISSUED & PRINTED","01","STREET OPENING PERMIT","0162","NYC PARKS - RECONSTRUCTION CONTRACT","2","500","5000","10",,,,"JN REFER TO CEC-12-124 RCRRM: 7/9/25 MUST COORDINATE WITH DOT MILLING AND PAVING;THE FULL WIDTH OF THE ROADWAY MUST BE FULLY UNOBSTRUCTED WHEN DOT IS ACTIVELY MILLING OR PAVING.","B012025119I06",,,"2025-07-10T12:14:57.000","2025-07-31T00:00:00.000","2025-10-15T23:59:59.000","BROOKLYN",,"EVERGREEN AVENUE","HANCOCK STREET",,"WILLIAM A. GROSS CONSTRUCTION ASSOCIATES, INC.",,,"ASPHALT","CONCRETE","2025-07-10T12:14:56.000","2025-07-10T12:14:56.000",,,
"B012025191G18","2025070900951543","0059","Renew","006","ISSUED & PRINTED","01","STREET OPENING PERMIT","0160","SIDEWALK RECONSTRUCTION CONTRACTS","1","100","1000","10",,,,"JG-WORK AS PER CEC-12-124","B012025119G38",,,"2025-07-10T11:51:59.000","2025-07-31T00:00:00.000","2025-10-15T23:59:59.000","BROOKLYN","971","ST JOHNS PLACE","BROOKLYN AVENUE","NEW YORK AVENUE","WILLIAM A. GROSS CONSTRUCTION ASSOCIATES, INC.","NYC DPR - Tree Damaged Sidewalks - Borough-Wide Contract","Work involves the removal/ replacement / repair of tree damaged sidewalks in front of the aforementioned property. This is a borough-wide contract. There are no drawings nor OCMC Stipulations for same.","ASPHALT","CONCRETE","2025-07-10T11:51:58.000","2025-07-10T11:51:58.000",,,
"B012025191G19","2025070900951543","0060","Renew","006","ISSUED & PRINTED","01","STREET OPENING PERMIT","0160","SIDEWALK RECONSTRUCTION CONTRACTS","1","100","1000","10",,,,"JG-WORK AS PER CEC-12-124. RCRRM: 8/2/24 MUST COORDINATE WITH DOT MILLING AND PAVING;THE FULL WIDTH OF THE ROADWAY MUST BE FULLY UNOBSTRUCTED WHEN DOT IS ACTIVELY MILLING OR PAVING.","B012025119F94",,,"2025-07-10T11:52:18.000","2025-07-31T00:00:00.000","2025-10-15T23:59:59.000","BROOKLYN","996","STERLING PLACE","BROOKLYN AVENUE","NEW YORK AVENUE","WILLIAM A. GROSS CONSTRUCTION ASSOCIATES, INC.","NYC DPR - Tree Damaged Sidewalks - Borough-Wide Contract","Work involves the removal/ replacement / repair of tree damaged sidewalks in front of the aforementioned property. This is a borough-wide contract. There are no drawings nor OCMC Stipulations for same.","ASPHALT","CONCRETE","2025-07-10T11:52:18.000","2025-07-10T11:52:18.000",,,
"B012025191G20","2025070900951543","0061","Renew","006","ISSUED & PRINTED","01","STREET OPENING PERMIT","0162","NYC PARKS - RECONSTRUCTION CONTRACT","1","100","1000","10",,,,"JG--WORK AS PER CEC-12 -124 RCRRM: 8/2/24 MUST COORDINATE WITH DOT MILLING AND PAVING;THE FULL WIDTH OF THE ROADWAY MUST BE FULLY UNOBSTRUCTED WHEN DOT IS ACTIVELY MILLING OR PAVING.","B012025119F95",,,"2025-07-10T11:52:21.000","2025-07-31T00:00:00.000","2025-10-15T23:59:59.000","BROOKLYN","996","STERLING PLACE","BROOKLYN AVENUE","NEW YORK AVENUE","WILLIAM A. GROSS CONSTRUCTION ASSOCIATES, INC.","NYC DPR - Tree Damaged Sidewalks - Borough-Wide Contract","Work involves the removal/ replacement / repair of tree damaged sidewalks in front of the aforementioned property. This is a borough-wide contract. There are no drawings nor OCMC Stipulations for same.","ASPHALT","CONCRETE","2025-07-10T11:52:20.000","2025-07-10T11:52:20.000",,,
"B012025191G95","2025070900938616","0001","Renew","006","ISSUED & PRINTED","01","STREET OPENING PERMIT","0160","SIDEWALK RECONSTRUCTION CONTRACTS","2","500","5000","10",,,,"JN REFER TO CEC-12-124","B012025119I08",,,"2025-07-10T12:14:45.000","2025-07-31T00:00:00.000","2025-10-15T23:59:59.000","BROOKLYN",,"MADOC AVENUE","SEBA AVENUE",,"WILLIAM A. GROSS CONSTRUCTION ASSOCIATES, INC.","Sidewalk reconstruction",,"ASPHALT","CONCRETE","2025-07-10T12:14:44.000","2025-07-10T12:14:44.000",,,
"B012025191G21","2025070900951543","0062","Renew","006","ISSUED & PRINTED","01","STREET OPENING PERMIT","0162P","NYC PARKS - RECONSTRUCTION CONTRACT-PROT","1","100","1000","10",,,,"IL. REFER TO CEC-12-124.","B012025119F97",,,"2025-07-10T11:52:22.000","2025-07-31T00:00:00.000","2025-10-15T23:59:59.000","BROOKLYN","22","SCHENECTADY AVENUE","ATLANTIC AVENUE","HERKIMER STREET","WILLIAM A. GROSS CONSTRUCTION ASSOCIATES, INC.","NYC DPR - Tree Damaged Sidewalks - Borough-Wide Contract","Work involves the removal/ replacement / repair of tree damaged sidewalks in front of the aforementioned property. This is a borough-wide contract. There are no drawings nor OCMC Stipulations for same.","ASPHALT","CONCRETE","2025-07-10T11:52:20.000","2025-07-10T11:52:20.000",,,
"B012025191G22","2025070900951543","0063","Renew","006","ISSUED & PRINTED","01","STREET OPENING PERMIT","0160","SIDEWALK RECONSTRUCTION CONTRACTS","1","100","1000","10",,,,"JG-WORK AS PER CEC-12-124","B012025119G39",,,"2025-07-10T11:52:22.000","2025-07-31T00:00:00.000","2025-10-15T23:59:59.000","BROOKLYN","974","PARK PLACE","BROOKLYN AVENUE","NEW YORK AVENUE","WILLIAM A. GROSS CONSTRUCTION ASSOCIATES, INC.","NYC DPR - Tree Damaged Sidewalks - Borough-Wide Contract","Work involves the removal/ replacement / repair of tree damaged sidewalks in front of the aforementioned property. This is a borough-wide contract. There are no drawings nor OCMC Stipulations for same.","ASPHALT","CONCRETE","2025-07-10T11:52:21.000","2025-07-10T11:52:21.000",,,
"B012025191H08","2025070900938616","0016","Renew","006","ISSUED & PRINTED","01","STREET OPENING PERMIT","0162","NYC PARKS - RECONSTRUCTION CONTRACT","2","500","5000","10",,,,"JN REFER TO CEC-12-124. RCRRM: 4/24/25 MUST COORDINATE WITH DOT MILLING AND PAVING;THE FULL WIDTH OF THE ROADWAY MUST BE FULLY UNOBSTRUCTED WHEN DOT IS ACTIVELY MILLING OR PAVING.","B012025119I01",,,"2025-07-10T12:14:48.000","2025-07-31T00:00:00.000","2025-10-15T23:59:59.000","BROOKLYN",,"EVERGREEN AVENUE","HALSEY STREET",,"WILLIAM A. GROSS CONSTRUCTION ASSOCIATES, INC.",,,"ASPHALT","CONCRETE","2025-07-10T12:14:48.000","2025-07-10T12:14:48.000",,,
"B012025191G23","2025070900951543","0064","Renew","006","ISSUED & PRINTED","01","STREET OPENING PERMIT","0160","SIDEWALK RECONSTRUCTION CONTRACTS","1","100","1000","10",,,,"JG--CEC-12-124","B012025119G40",,,"2025-07-10T11:52:22.000","2025-07-31T00:00:00.000","2025-10-15T23:59:59.000","BROOKLYN","446","MAPLE STREET","BROOKLYN AVENUE","TAMPA COURT","WILLIAM A. GROSS CONSTRUCTION ASSOCIATES, INC.","NYC DPR - Tree Damaged Sidewalks - Borough-Wide Contract","Work involves the removal/ replacement / repair of tree damaged sidewalks in front of the aforementioned property. This is a borough-wide contract. There are no drawings nor OCMC Stipulations for same.","ASPHALT","CONCRETE","2025-07-10T11:52:21.000","2025-07-10T11:52:21.000",,,
"B012025192B44","2025071100251730","0025","New","006","ISSUED & PRINTED","01","STREET OPENING PERMIT","0160","SIDEWALK RECONSTRUCTION CONTRACTS","2","500","5000","10",,,,"DP/JL AS PER CEC-12-124",,,,"2025-07-11T10:14:55.000","2025-07-11T10:14:55.000","2025-10-08T23:59:59.000","BROOKLYN","298","NICHOLS AVENUE","BEND","FULTON STREET","WILLIAM A. GROSS CONSTRUCTION ASSOCIATES, INC.","Sidewalk reconstruction",,"ASPHALT","CONCRETE","2025-07-11T10:14:53.000","2025-07-11T10:14:53.000",,,
"B022025190B54","2025070201219163","0008","New","006","ISSUED & PRINTED","02","BUILDING OPERATION PERMIT","0204","PLACE EQUIPMENT OTHER THAN CRANE OR SHOV",,,,,"Jersey Barrier",,,"DP",,,,"2025-07-09T16:01:46.000","2025-07-09T16:01:46.000","2025-09-29T23:59:59.000","BROOKLYN",,"WINTHROP STREET","EAST   52 STREET","EAST   53 STREET","MJH CONSTRUCTION CORP",,"Aka 76 East 53rd St.","ASPHALT","CONCRETE","2025-07-09T16:01:46.000","2025-07-09T16:01:46.000",,,
"B012025191I04","2025070900938616","0112","Renew","006","ISSUED & PRINTED","01","STREET OPENING PERMIT","0162","NYC PARKS - RECONSTRUCTION CONTRACT","2","500","5000","10",,,,"JN REFER TO CEC-12-124 RCRRM: 7/9/25 MUST COORDINATE WITH DOT MILLING AND PAVING;THE FULL WIDTH OF THE ROADWAY MUST BE FULLY UNOBSTRUCTED WHEN DOT IS ACTIVELY MILLING OR PAVING.","B012025119I36",,,"2025-07-10T12:17:23.000","2025-07-31T00:00:00.000","2025-10-15T23:59:59.000","BROOKLYN",,"DOVER STREET","HAMPTON AVENUE",,"WILLIAM A. GROSS CONSTRUCTION ASSOCIATES, INC.","Sidewalk reconstruction",,"ASPHALT","CONCRETE","2025-07-10T12:17:22.000","2025-07-10T12:17:22.000",,,
"B012025191G24","2025070900951543","0065","Renew","006","ISSUED & PRINTED","01","STREET OPENING PERMIT","0160P","SIDEWALK RECONSTRUCTION CONTRACTS-PROT","1","100","1000","10",,,,"JG--CEC-12-124 RCRRM: 10/18/24 MUST COORDINATE WITH DOT MILLING AND PAVING;THE FULL WIDTH OF THE ROADWAY MUST BE FULLY UNOBSTRUCTED WHEN DOT IS ACTIVELY MILLING OR PAVING.","B012025119F98",,,"2025-07-10T11:52:22.000","2025-07-31T00:00:00.000","2025-10-15T23:59:59.000","BROOKLYN","414","RUTLAND ROAD","BROOKLYN AVENUE","NEW YORK AVENUE","WILLIAM A. GROSS CONSTRUCTION ASSOCIATES, INC.","NYC DPR - Tree Damaged Sidewalks - Borough-Wide Contract","Work involves the removal/ replacement / repair of tree damaged sidewalks in front of the aforementioned property. This is a borough-wide contract. There are no drawings nor OCMC Stipulations for same.","ASPHALT","CONCRETE","2025-07-10T11:52:21.000","2025-07-10T11:52:21.000",,,
"B012025191G84","2025070900948000","0043","Renew","006","ISSUED & PRINTED","01","STREET OPENING PERMIT","0162P","NYC PARKS - RECONSTRUCTION CONTRACT-PROT","2","500","5000","10",,,,"JN REFER TO CEC-12-124","B012025119G61",,,"2025-07-10T12:00:44.000","2025-07-31T00:00:00.000","2025-10-15T23:59:59.000","BROOKLYN",,"EAST   19 STREET","AVENUE U","AVENUE V","WILLIAM A. GROSS CONSTRUCTION ASSOCIATES, INC.","Sidewalk reconstruction",,"ASPHALT","CONCRETE","2025-07-10T12:00:44.000","2025-07-10T12:00:44.000",,,
"B012025191I06","2025070900938616","0114","Renew","006","ISSUED & PRINTED","01","STREET OPENING PERMIT","0162P","NYC PARKS - RECONSTRUCTION CONTRACT-PROT","2","500","5000","10",,,,"JN REFER TO CEC-12-124 RCRRM: 3/17/25 MUST COORDINATE WITH DOT MILLING AND PAVING;THE FULL WIDTH OF THE ROADWAY MUST BE FULLY UNOBSTRUCTED WHEN DOT IS ACTIVELY MILLING OR PAVING.","B012025119I25",,,"2025-07-10T12:17:24.000","2025-07-31T00:00:00.000","2025-10-15T23:59:59.000","BROOKLYN",,"AVENUE U","BRAGG STREET",,"WILLIAM A. GROSS CONSTRUCTION ASSOCIATES, INC.",,,"ASPHALT","CONCRETE","2025-07-10T12:17:22.000","2025-07-10T12:17:22.000",,,
"B012025191G25","2025070900951543","0066","Renew","006","ISSUED & PRINTED","01","STREET OPENING PERMIT","0162P","NYC PARKS - RECONSTRUCTION CONTRACT-PROT","1","100","1000","10",,,,"JG--WORK AS PER CEC-2 -124. RCRRM: 10/16/24 MUST COORDINATE WITH DOT MILLING AND PAVING;THE FULL WIDTH OF THE ROADWAY MUST BE FULLY UNOBSTRUCTED WHEN DOT IS ACTIVELY MILLING OR PAVING.","B012025119F99",,,"2025-07-10T11:52:22.000","2025-07-31T00:00:00.000","2025-10-15T23:59:59.000","BROOKLYN","414","RUTLAND ROAD","BROOKLYN AVENUE","NEW YORK AVENUE","WILLIAM A. GROSS CONSTRUCTION ASSOCIATES, INC.","NYC DPR - Tree Damaged Sidewalks - Borough-Wide Contract","Work involves the removal/ replacement / repair of tree damaged sidewalks in front of the aforementioned property. This is a borough-wide contract. There are no drawings nor OCMC Stipulations for same.","ASPHALT","CONCRETE","2025-07-10T11:52:21.000","2025-07-10T11:52:21.000",,,
"B012025191G90","2025070900948000","0049","Renew","006","ISSUED & PRINTED","01","STREET OPENING PERMIT","0160P","SIDEWALK RECONSTRUCTION CONTRACTS-PROT","2","500","5000","10",,,,"JN REFER TO CEC-12-124","B012025119G65",,,"2025-07-10T12:00:52.000","2025-07-31T00:00:00.000","2025-10-15T23:59:59.000","BROOKLYN",,"SARATOGA AVENUE","DEAN STREET","PACIFIC STREET","WILLIAM A. GROSS CONSTRUCTION ASSOCIATES, INC.","Sidewalk reconstruction",,"ASPHALT","CONCRETE","2025-07-10T12:00:51.000","2025-07-10T12:00:51.000",,,
"B012025191G26","2025070900951543","0067","Renew","006","ISSUED & PRINTED","01","STREET OPENING PERMIT","0162P","NYC PARKS - RECONSTRUCTION CONTRACT-PROT","1","100","1000","10",,,,"IL. REFER TO CEC-12-124.","B012025119G48",,,"2025-07-10T11:52:23.000","2025-07-31T00:00:00.000","2025-10-15T23:59:59.000","BROOKLYN","38","SCHENECTADY AVENUE","ATLANTIC AVENUE","HERKIMER STREET","WILLIAM A. GROSS CONSTRUCTION ASSOCIATES, INC.","NYC DPR - Tree Damaged Sidewalks - Borough-Wide Contract","Work involves the removal/ replacement / repair of tree damaged sidewalks in front of the aforementioned property. This is a borough-wide contract. There are no drawings nor OCMC Stipulations for same.","ASPHALT","CONCRETE","2025-07-10T11:52:21.000","2025-07-10T11:52:21.000",,,
"B012025191G27","2025070900951543","0068","Renew","006","ISSUED & PRINTED","01","STREET OPENING PERMIT","0160","SIDEWALK RECONSTRUCTION CONTRACTS","1","100","1000","10",,,,"JG-WORK AS PER CEC-12-124","B012025119G41",,,"2025-07-10T11:52:23.000","2025-07-31T00:00:00.000","2025-10-15T23:59:59.000","BROOKLYN","38","HAMPTON PLACE","ST JOHNS PLACE","STERLING PLACE","WILLIAM A. GROSS CONSTRUCTION ASSOCIATES, INC.","NYC DPR - Tree Damaged Sidewalks - Borough-Wide Contract","Work involves the removal/ replacement / repair of tree damaged sidewalks in front of the aforementioned property. This is a borough-wide contract. There are no drawings nor OCMC Stipulations for same.","ASPHALT","CONCRETE","2025-07-10T11:52:22.000","2025-07-10T11:52:22.000",,,
"B012025191G89","2025070900948000","0048","Renew","006","ISSUED & PRINTED","01","STREET OPENING PERMIT","0162P","NYC PARKS - RECONSTRUCTION CONTRACT-PROT","2","500","5000","10",,,,"JN REFER TO CEC-12-124","B012025119G62",,,"2025-07-10T12:00:52.000","2025-07-31T00:00:00.000","2025-10-15T23:59:59.000","BROOKLYN",,"EAST    3 STREET","QUENTIN ROAD",,"WILLIAM A. GROSS CONSTRUCTION ASSOCIATES, INC.","Sidewalk reconstruction",,"ASPHALT","CONCRETE","2025-07-10T12:00:51.000","2025-07-10T12:00:51.000",,,
"B012025191G28","2025070900951543","0069","Renew","006","ISSUED & PRINTED","01","STREET OPENING PERMIT","0162P","NYC PARKS - RECONSTRUCTION CONTRACT-PROT","1","100","1000","10",,,,"IL. REFER TO CEC-12-124.","B012025119G49",,,"2025-07-10T11:52:25.000","2025-07-31T00:00:00.000","2025-10-15T23:59:59.000","BROOKLYN","40","SCHENECTADY AVENUE","ATLANTIC AVENUE","HERKIMER STREET","WILLIAM A. GROSS CONSTRUCTION ASSOCIATES, INC.","NYC DPR - Tree Damaged Sidewalks - Borough-Wide Contract","Work involves the removal/ replacement / repair of tree damaged sidewalks in front of the aforementioned property. This is a borough-wide contract. There are no drawings nor OCMC Stipulations for same.","ASPHALT","CONCRETE","2025-07-10T11:52:26.000","2025-07-10T11:52:26.000",,,
"B012025191H14","2025070900938616","0022","Renew","006","ISSUED & PRINTED","01","STREET OPENING PERMIT","0162","NYC PARKS - RECONSTRUCTION CONTRACT","2","500","5000","10",,,,"JN REFER TO CEC-12-124. RCRRM: 4/24/25 MUST COORDINATE WITH DOT MILLING AND PAVING;THE FULL WIDTH OF THE ROADWAY MUST BE FULLY UNOBSTRUCTED WHEN DOT IS ACTIVELY MILLING OR PAVING.","B012025119I03",,,"2025-07-10T12:14:52.000","2025-07-31T00:00:00.000","2025-10-15T23:59:59.000","BROOKLYN",,"EVERGREEN AVENUE","WEIRFIELD STREET",,"WILLIAM A. GROSS CONSTRUCTION ASSOCIATES, INC.",,,"ASPHALT","CONCRETE","2025-07-10T12:14:51.000","2025-07-10T12:14:51.000",,,
"B012025192C07","2025071100495396","0002","Renew","006","ISSUED & PRINTED","01","STREET OPENING PERMIT","0121","CONSTRUCT OR ALTER MANHOLE &/OR CASTING","1","20",,"0",,,,"DP","B012025167A66",,,"2025-07-11T12:27:23.000","2025-07-29T00:00:00.000","2025-10-26T23:59:59.000","BROOKLYN",,"EAST   91 STREET","AVENUE A","AVENUE B","CONSOLIDATED EDISON","INSTALL MH","108' NNC OF AVENUE B AND 9' EWC OF E 91ST","ASPHALT","CONCRETE","2025-07-11T12:27:21.000","2025-07-11T12:27:21.000",,,
"B012025191G29","2025070900951543","0070","Renew","006","ISSUED & PRINTED","01","STREET OPENING PERMIT","0160P","SIDEWALK RECONSTRUCTION CONTRACTS-PROT","1","100","1000","10",,,,"JG-WORK AS PER CEC-12-124","B012025119G42",,,"2025-07-10T11:52:28.000","2025-07-31T00:00:00.000","2025-10-15T23:59:59.000","BROOKLYN","1098","PARK PLACE","HAMPTON PLACE","KINGSTON AVENUE","WILLIAM A. GROSS CONSTRUCTION ASSOCIATES, INC.","NYC DPR - Tree Damaged Sidewalks - Borough-Wide Contract","Work involves the removal/ replacement / repair of tree damaged sidewalks in front of the aforementioned property. This is a borough-wide contract. There are no drawings nor OCMC Stipulations for same.","ASPHALT","CONCRETE","2025-07-10T11:52:27.000","2025-07-10T11:52:27.000",,,
"B012025192B39","2025071100251730","0020","New","006","ISSUED & PRINTED","01","STREET OPENING PERMIT","0162","NYC PARKS - RECONSTRUCTION CONTRACT","2","500","5000","10",,,,"DP/JL AS PER CEC-12-124",,,,"2025-07-11T10:14:52.000","2025-07-11T10:14:52.000","2025-10-08T23:59:59.000","BROOKLYN","564","AUTUMN AVENUE","BELMONT AVENUE","PITKIN AVENUE","WILLIAM A. GROSS CONSTRUCTION ASSOCIATES, INC.","Sidewalk reconstruction",,"ASPHALT","CONCRETE","2025-07-11T10:14:50.000","2025-07-11T10:14:50.000",,,
"B022025190B52","2025070201219163","0006","New","006","ISSUED & PRINTED","02","BUILDING OPERATION PERMIT","0211","OCCUPANCY OF ROADWAY AS STIPULATED",,,,,,,,"DP",,,,"2025-07-09T16:01:46.000","2025-07-09T16:01:46.000","2025-09-29T23:59:59.000","BROOKLYN",,"WINTHROP STREET","EAST   52 STREET","EAST   53 STREET","MJH CONSTRUCTION CORP",,"Aka 76 East 53rd St.","ASPHALT","CONCRETE","2025-07-09T16:01:45.000","2025-07-09T16:01:45.000",,,
"B012025191G30","2025070900951543","0071","Renew","006","ISSUED & PRINTED","01","STREET OPENING PERMIT","0160P","SIDEWALK RECONSTRUCTION CONTRACTS-PROT","1","100","1000","10",,,,"JG--CEC-12-124 RCRRM: 10/16/24 MUST COORDINATE WITH DOT MILLING AND PAVING;THE FULL WIDTH OF THE ROADWAY MUST BE FULLY UNOBSTRUCTED WHEN DOT IS ACTIVELY MILLING OR PAVING.","B012025119F79",,,"2025-07-10T11:52:32.000","2025-07-31T00:00:00.000","2025-10-15T23:59:59.000","BROOKLYN","190","RUTLAND ROAD","BEDFORD AVENUE","ROGERS AVENUE","WILLIAM A. GROSS CONSTRUCTION ASSOCIATES, INC.","NYC DPR - Tree Damaged Sidewalks - Borough-Wide Contract","Work involves the removal/ replacement / repair of tree damaged sidewalks in front of the aforementioned property. This is a borough-wide contract. There are no drawings nor OCMC Stipulations for same.","ASPHALT","CONCRETE","2025-07-10T11:52:31.000","2025-07-10T11:52:31.000",,,
"B012025191H42","2025070900938616","0050","Renew","006","ISSUED & PRINTED","01","STREET OPENING PERMIT","0160","SIDEWALK RECONSTRUCTION CONTRACTS","2","500","5000","10",,,,"JN REFER TO CEC-12-124","B012025119I07",,,"2025-07-10T12:15:15.000","2025-07-31T00:00:00.000","2025-10-15T23:59:59.000","BROOKLYN",,"EAST   26 STREET","AVENUE X","AVENUE Y","WILLIAM A. GROSS CONSTRUCTION ASSOCIATES, INC.","Sidewalk reconstruction",,"ASPHALT","CONCRETE","2025-07-10T12:15:14.000","2025-07-10T12:15:14.000",,,
"B012025191G31","2025070900951543","0072","Renew","006","ISSUED & PRINTED","01","STREET OPENING PERMIT","0162P","NYC PARKS - RECONSTRUCTION CONTRACT-PROT","1","100","1000","10",,,,"JG--WORK AS PER CEC-2 -124. RCRRM: 10/16/24 MUST COORDINATE WITH DOT MILLING AND PAVING;THE FULL WIDTH OF THE ROADWAY MUST BE FULLY UNOBSTRUCTED WHEN DOT IS ACTIVELY MILLING OR PAVING.","B012025119F80",,,"2025-07-10T11:52:32.000","2025-07-31T00:00:00.000","2025-10-15T23:59:59.000","BROOKLYN","190","RUTLAND ROAD","BEDFORD AVENUE","ROGERS AVENUE","WILLIAM A. GROSS CONSTRUCTION ASSOCIATES, INC.","NYC DPR - Tree Damaged Sidewalks - Borough-Wide Contract","Work involves the removal/ replacement / repair of tree damaged sidewalks in front of the aforementioned property. This is a borough-wide contract. There are no drawings nor OCMC Stipulations for same.","ASPHALT","CONCRETE","2025-07-10T11:52:31.000","2025-07-10T11:52:31.000",,,
"B012025191G44","2025070900948000","0003","Renew","006","ISSUED & PRINTED","01","STREET OPENING PERMIT","0162","NYC PARKS - RECONSTRUCTION CONTRACT","1","100","1000","10",,,,"IL. REFER TO CEC-12-124.","B012025119G76",,,"2025-07-10T12:00:22.000","2025-07-31T00:00:00.000","2025-10-15T23:59:59.000","BROOKLYN","1117","GREENE AVENUE","BUSHWICK AVENUE","EVERGREEN AVENUE","WILLIAM A. GROSS CONSTRUCTION ASSOCIATES, INC.","NYC DPR - Tree Damaged Sidewalks - Borough-Wide Contract","Work involves the removal/ replacement / repair of tree damaged sidewalks in front of the aforementioned property. This is a borough-wide contract. There are no drawings nor OCMC Stipulations for same.","ASPHALT","CONCRETE","2025-07-10T12:00:21.000","2025-07-10T12:00:21.000",,,
"B012025191G86","2025070900948000","0045","Renew","006","ISSUED & PRINTED","01","STREET OPENING PERMIT","0162P","NYC PARKS - RECONSTRUCTION CONTRACT-PROT","2","500","5000","10",,,,"JN REFER TO CEC-12-124","B012025119G58",,,"2025-07-10T12:00:47.000","2025-07-31T00:00:00.000","2025-10-15T23:59:59.000","BROOKLYN",,"RIVERDALE AVENUE","CHRISTOPHER AVENUE","MOTHER GASTON BOULEVARD","WILLIAM A. GROSS CONSTRUCTION ASSOCIATES, INC.","Sidewalk reconstruction",,"ASPHALT","CONCRETE","2025-07-10T12:00:46.000","2025-07-10T12:00:46.000",,,
"B012025191G45","2025070900948000","0004","Renew","006","ISSUED & PRINTED","01","STREET OPENING PERMIT","0162","NYC PARKS - RECONSTRUCTION CONTRACT","1","100","1000","10",,,,"IL. REFER TO CEC-12-124.","B012025119G77",,,"2025-07-10T12:00:22.000","2025-07-31T00:00:00.000","2025-10-15T23:59:59.000","BROOKLYN","242","JEFFERSON AVENUE","MARCY AVENUE","NOSTRAND AVENUE","WILLIAM A. GROSS CONSTRUCTION ASSOCIATES, INC.","NYC DPR - Tree Damaged Sidewalks - Borough-Wide Contract","Work involves the removal/ replacement / repair of tree damaged sidewalks in front of the aforementioned property. This is a borough-wide contract. There are no drawings nor OCMC Stipulations for same.","ASPHALT","CONCRETE","2025-07-10T12:00:21.000","2025-07-10T12:00:21.000",,,
"B012025191G33","2025070900951543","0074","Renew","006","ISSUED & PRINTED","01","STREET OPENING PERMIT","0162P","NYC PARKS - RECONSTRUCTION CONTRACT-PROT","1","100","1000","10",,,,"JG--WORK AS PER CEC-2 -124. RCRRM: 10/16/24 MUST COORDINATE WITH DOT MILLING AND PAVING;THE FULL WIDTH OF THE ROADWAY MUST BE FULLY UNOBSTRUCTED WHEN DOT IS ACTIVELY MILLING OR PAVING.","B012025119F81",,,"2025-07-10T11:52:47.000","2025-07-31T00:00:00.000","2025-10-15T23:59:59.000","BROOKLYN","287","LINCOLN ROAD","NOSTRAND AVENUE","ROGERS AVENUE","WILLIAM A. GROSS CONSTRUCTION ASSOCIATES, INC.","NYC DPR - Tree Damaged Sidewalks - Borough-Wide Contract","Work involves the removal/ replacement / repair of tree damaged sidewalks in front of the aforementioned property. This is a borough-wide contract. There are no drawings nor OCMC Stipulations for same.","ASPHALT","CONCRETE","2025-07-10T11:52:48.000","2025-07-10T11:52:48.000",,,
"B012025191G34","2025070900951543","0075","Renew","006","ISSUED & PRINTED","01","STREET OPENING PERMIT","0162P","NYC PARKS - RECONSTRUCTION CONTRACT-PROT","1","100","1000","10",,,,"JG--WORK AS PER CEC-12-124. RCRRM: 10/16/24 MUST COORDINATE WITH DOT MILLING AND PAVING;THE FULL WIDTH OF THE ROADWAY MUST BE FULLY UNOBSTRUCTED WHEN DOT IS ACTIVELY MILLING OR PAVING.","B012025119F85",,,"2025-07-10T11:52:49.000","2025-07-31T00:00:00.000","2025-10-15T23:59:59.000","BROOKLYN","204","LINCOLN ROAD","BEDFORD AVENUE","ROGERS AVENUE","WILLIAM A. GROSS CONSTRUCTION ASSOCIATES, INC.","NYC DPR - Tree Damaged Sidewalks - Borough-Wide Contract","Work involves the removal/ replacement / repair of tree damaged sidewalks in front of the aforementioned property. This is a borough-wide contract. There are no drawings nor OCMC Stipulations for same.","ASPHALT","CONCRETE","2025-07-10T11:52:48.000","2025-07-10T11:52:48.000",,,
"B012025191G35","2025070900951543","0076","Renew","006","ISSUED & PRINTED","01","STREET OPENING PERMIT","0162","NYC PARKS - RECONSTRUCTION CONTRACT","1","100","1000","10",,,,"JG--WORK AS PER CEC-12-124","B012025119F72",,,"2025-07-10T11:52:49.000","2025-07-31T00:00:00.000","2025-10-15T23:59:59.000","BROOKLYN","64","STERLING STREET","BEDFORD AVENUE","WASHINGTON AVENUE","WILLIAM A. GROSS CONSTRUCTION ASSOCIATES, INC.","NYC DPR - Tree Damaged Sidewalks - Borough-Wide Contract","Work involves the removal/ replacement / repair of tree damaged sidewalks in front of the aforementioned property. This is a borough-wide contract. There are no drawings nor OCMC Stipulations for same.","ASPHALT","CONCRETE","2025-07-10T11:52:48.000","2025-07-10T11:52:48.000",,,
"B012025191I16","2025070900937823","0001","Renew","006","ISSUED & PRINTED","01","STREET OPENING PERMIT","0162","NYC PARKS - RECONSTRUCTION CONTRACT","2","500","5000","10",,,,"JN REFER TO CEC-12-124","B012025119I52",,,"2025-07-10T12:28:23.000","2025-07-31T00:00:00.000","2025-10-15T23:59:59.000","BROOKLYN",,"MADOC AVENUE","SEBA AVENUE",,"WILLIAM A. GROSS CONSTRUCTION ASSOCIATES, INC.","Sidewalk reconstruction",,"ASPHALT","CONCRETE","2025-07-10T12:28:22.000","2025-07-10T12:28:22.000",,,
"B012025191G36","2025070900951543","0077","Renew","006","ISSUED & PRINTED","01","STREET OPENING PERMIT","0160P","SIDEWALK RECONSTRUCTION CONTRACTS-PROT","1","100","1000","10",,,,"JG--WORK AS PER CEC-2 -124","B012025119G43",,,"2025-07-10T11:52:49.000","2025-07-31T00:00:00.000","2025-10-15T23:59:59.000","BROOKLYN","183","LEFFERTS AVENUE","BEDFORD AVENUE","ROGERS AVENUE","WILLIAM A. GROSS CONSTRUCTION ASSOCIATES, INC.","NYC DPR - Tree Damaged Sidewalks - Borough-Wide Contract","Work involves the removal/ replacement / repair of tree damaged sidewalks in front of the aforementioned property. This is a borough-wide contract. There are no drawings nor OCMC Stipulations for same.","ASPHALT","CONCRETE","2025-07-10T11:52:48.000","2025-07-10T11:52:48.000",,,
"B012025191G37","2025070900951543","0078","Renew","006","ISSUED & PRINTED","01","STREET OPENING PERMIT","0162P","NYC PARKS - RECONSTRUCTION CONTRACT-PROT","1","100","1000","10",,,,"JG--WORK AS PER CEC-12-124","B012025119G44",,,"2025-07-10T11:52:50.000","2025-07-31T00:00:00.000","2025-10-15T23:59:59.000","BROOKLYN","183","LEFFERTS AVENUE","BEDFORD AVENUE","ROGERS AVENUE","WILLIAM A. GROSS CONSTRUCTION ASSOCIATES, INC.","NYC DPR - Tree Damaged Sidewalks - Borough-Wide Contract","Work involves the removal/ replacement / repair of tree damaged sidewalks in front of the aforementioned property. This is a borough-wide contract. There are no drawings nor OCMC Stipulations for same.","ASPHALT","CONCRETE","2025-07-10T11:52:48.000","2025-07-10T11:52:48.000",,,
"B012025191G38","2025070900951543","0079","Renew","006","ISSUED & PRINTED","01","STREET OPENING PERMIT","0160P","SIDEWALK RECONSTRUCTION CONTRACTS-PROT","1","100","1000","10",,,,"JG--WORK AS PER CEC-2 -124","B012025119F73",,,"2025-07-10T11:52:52.000","2025-07-31T00:00:00.000","2025-10-15T23:59:59.000","BROOKLYN","673","HAWTHORNE STREET","ALBANY AVENUE","TROY AVENUE","WILLIAM A. GROSS CONSTRUCTION ASSOCIATES, INC.","NYC DPR - Tree Damaged Sidewalks - Borough-Wide Contract","Work involves the removal/ replacement / repair of tree damaged sidewalks in front of the aforementioned property. This is a borough-wide contract. There are no drawings nor OCMC Stipulations for same.","ASPHALT","CONCRETE","2025-07-10T11:52:51.000","2025-07-10T11:52:51.000",,,
"B012025191G39","2025070900951543","0080","Renew","006","ISSUED & PRINTED","01","STREET OPENING PERMIT","0162P","NYC PARKS - RECONSTRUCTION CONTRACT-PROT","1","100","1000","10",,,,"JG--WORK AS PER CEC-12-124","B012025119F74",,,"2025-07-10T11:52:52.000","2025-07-31T00:00:00.000","2025-10-15T23:59:59.000","BROOKLYN","673","HAWTHORNE STREET","ALBANY AVENUE","TROY AVENUE","WILLIAM A. GROSS CONSTRUCTION ASSOCIATES, INC.","NYC DPR - Tree Damaged Sidewalks - Borough-Wide Contract","Work involves the removal/ replacement / repair of tree damaged sidewalks in front of the aforementioned property. This is a borough-wide contract. There are no drawings nor OCMC Stipulations for same.","ASPHALT","CONCRETE","2025-07-10T11:52:51.000","2025-07-10T11:52:51.000",,,
"B012025191G85","2025070900948000","0044","Renew","006","ISSUED & PRINTED","01","STREET OPENING PERMIT","0160P","SIDEWALK RECONSTRUCTION CONTRACTS-PROT","2","500","5000","10",,,,"JN REFER TO CEC-12-124","B012025119G57",,,"2025-07-10T12:00:46.000","2025-07-31T00:00:00.000","2025-10-15T23:59:59.000","BROOKLYN",,"RIVERDALE AVENUE","CHRISTOPHER AVENUE","MOTHER GASTON BOULEVARD","WILLIAM A. GROSS CONSTRUCTION ASSOCIATES, INC.","Sidewalk reconstruction",,"ASPHALT","CONCRETE","2025-07-10T12:00:44.000","2025-07-10T12:00:44.000",,,
"B012025191G54","2025070900948000","0013","Renew","006","ISSUED & PRINTED","01","STREET OPENING PERMIT","0162P","NYC PARKS - RECONSTRUCTION CONTRACT-PROT","1","100","1000","10",,,,"IL. REFER TO CEC-12-124.","B012025119G84",,,"2025-07-10T12:00:26.000","2025-07-31T00:00:00.000","2025-10-15T23:59:59.000","BROOKLYN","604","KOSCIUSKO STREET","BROADWAY","MALCOLM X BOULEVARD","WILLIAM A. GROSS CONSTRUCTION ASSOCIATES, INC.","NYC DPR - Tree Damaged Sidewalks - Borough-Wide Contract","Work involves the removal/ replacement / repair of tree damaged sidewalks in front of the aforementioned property. This is a borough-wide contract. There are no drawings nor OCMC Stipulations for same.","ASPHALT","CONCRETE","2025-07-10T12:00:25.000","2025-07-10T12:00:25.000",,,
"B012025191H81","2025070900938616","0089","Renew","006","ISSUED & PRINTED","01","STREET OPENING PERMIT","0162","NYC PARKS - RECONSTRUCTION CONTRACT","2","500","5000","10",,,,"JN REFER TO CEC-12-124 RCRRM: 3/17/25 MUST COORDINATE WITH DOT MILLING AND PAVING;THE FULL WIDTH OF THE ROADWAY MUST BE FULLY UNOBSTRUCTED WHEN DOT IS ACTIVELY MILLING OR PAVING.","B012025119I20",,,"2025-07-10T12:16:08.000","2025-07-31T00:00:00.000","2025-10-15T23:59:59.000","BROOKLYN",,"SUYDAM STREET","CENTRAL AVENUE","EVERGREEN AVENUE","WILLIAM A. GROSS CONSTRUCTION ASSOCIATES, INC.",,,"ASPHALT","CONCRETE","2025-07-10T12:16:07.000","2025-07-10T12:16:07.000",,,
"B012025191G42","2025070900948000","0001","Renew","006","ISSUED & PRINTED","01","STREET OPENING PERMIT","0160","SIDEWALK RECONSTRUCTION CONTRACTS","1","100","1000","10",,,,"JG--CEC-12-124 RCRRM: 8/2/24 MUST COORDINATE WITH DOT MILLING AND PAVING;THE FULL WIDTH OF THE ROADWAY MUST BE FULLY UNOBSTRUCTED WHEN DOT IS ACTIVELY MILLING OR PAVING.","B012025119G74",,,"2025-07-10T12:00:22.000","2025-07-31T00:00:00.000","2025-10-15T23:59:59.000","BROOKLYN","1281","BERGEN STREET","BROOKLYN AVENUE","KINGSTON AVENUE","WILLIAM A. GROSS CONSTRUCTION ASSOCIATES, INC.","NYC DPR - Tree Damaged Sidewalks - Borough-Wide Contract","Work involves the removal/ replacement / repair of tree damaged sidewalks in front of the aforementioned property. This is a borough-wide contract. There are no drawings nor OCMC Stipulations for same.","ASPHALT","CONCRETE","2025-07-10T12:00:21.000","2025-07-10T12:00:21.000",,,
"B012025191G43","2025070900948000","0002","Renew","006","ISSUED & PRINTED","01","STREET OPENING PERMIT","0162P","NYC PARKS - RECONSTRUCTION CONTRACT-PROT","1","100","1000","10",,,,"IL. REFER TO CEC-12-124.","B012025119G75",,,"2025-07-10T12:00:22.000","2025-07-31T00:00:00.000","2025-10-15T23:59:59.000","BROOKLYN","578","KOSCIUSKO STREET","BROADWAY","MALCOLM X BOULEVARD","WILLIAM A. GROSS CONSTRUCTION ASSOCIATES, INC.","NYC DPR - Tree Damaged Sidewalks - Borough-Wide Contract","Work involves the removal/ replacement / repair of tree damaged sidewalks in front of the aforementioned property. This is a borough-wide contract. There are no drawings nor OCMC Stipulations for same.","ASPHALT","CONCRETE","2025-07-10T12:00:21.000","2025-07-10T12:00:21.000",,,
"B162025190A41","2025070900730783","0004","New","030","EXPIRED","16","COMMERCIAL REFUSE CONTAINER PERMIT","1600","COMMERCIAL REFUSE CONTAINER",,,,,,,,,,"B162025192A60",,"2025-07-09T13:51:57.000","2025-07-09T13:51:57.000","2025-07-13T23:59:59.000","BROOKLYN","891","EAST   58 STREET","AVENUE H","AVENUE I","STATE CONTRACTING CORP. OF NY",,,,,"2025-07-09T13:51:57.000","2025-07-14T00:05:10.000",,,
"B012025191G46","2025070900948000","0005","Renew","006","ISSUED & PRINTED","01","STREET OPENING PERMIT","0162P","NYC PARKS - RECONSTRUCTION CONTRACT-PROT","1","100","1000","10",,,,"IL. REFER TO CEC-12-124.","B012025119G78",,,"2025-07-10T12:00:23.000","2025-07-31T00:00:00.000","2025-10-15T23:59:59.000","BROOKLYN","615","KOSCIUSKO STREET","BROADWAY","MALCOLM X BOULEVARD","WILLIAM A. GROSS CONSTRUCTION ASSOCIATES, INC.","NYC DPR - Tree Damaged Sidewalks - Borough-Wide Contract","Work involves the removal/ replacement / repair of tree damaged sidewalks in front of the aforementioned property. This is a borough-wide contract. There are no drawings nor OCMC Stipulations for same.","ASPHALT","CONCRETE","2025-07-10T12:00:21.000","2025-07-10T12:00:21.000",,,
"B012025191G47","2025070900948000","0006","Renew","006","ISSUED & PRINTED","01","STREET OPENING PERMIT","0160P","SIDEWALK RECONSTRUCTION CONTRACTS-PROT","2","500","5000","10",,,,"JN REFER TO CEC-12-124","B012025119G68",,,"2025-07-10T12:00:23.000","2025-07-31T00:00:00.000","2025-10-15T23:59:59.000","BROOKLYN",,"EAST   73 STREET","AVENUE K","AVENUE L","WILLIAM A. GROSS CONSTRUCTION ASSOCIATES, INC.","Sidewalk reconstruction",,"ASPHALT","CONCRETE","2025-07-10T12:00:22.000","2025-07-10T12:00:22.000",,,
"B012025191H22","2025070900938616","0030","Renew","006","ISSUED & PRINTED","01","STREET OPENING PERMIT","0160","SIDEWALK RECONSTRUCTION CONTRACTS","2","500","5000","10",,,,"JN REFER TO CEC-12-124. RCRRM: 3/17/25 MUST COORDINATE WITH DOT MILLING AND PAVING;THE FULL WIDTH OF THE ROADWAY MUST BE FULLY UNOBSTRUCTED WHEN DOT IS ACTIVELY MILLING OR PAVING.","B012025119I41",,,"2025-07-10T12:14:55.000","2025-07-31T00:00:00.000","2025-10-15T23:59:59.000","BROOKLYN",,"GRAVESEND NECK ROAD","WEST STREET",,"WILLIAM A. GROSS CONSTRUCTION ASSOCIATES, INC.","Sidewalk reconstruction",,"ASPHALT","CONCRETE","2025-07-10T12:14:54.000","2025-07-10T12:14:54.000",,,
"B022025190B50","2025070201219163","0004","New","006","ISSUED & PRINTED","02","BUILDING OPERATION PERMIT","0204","PLACE EQUIPMENT OTHER THAN CRANE OR SHOV",,,,,"Jersey Barrier",,,"DP",,,,"2025-07-09T16:01:46.000","2025-07-09T16:01:46.000","2025-09-29T23:59:59.000","BROOKLYN","76","EAST   53 STREET","CLARKSON AVENUE","WINTHROP STREET","MJH CONSTRUCTION CORP",,,"ASPHALT","CONCRETE","2025-07-09T16:01:45.000","2025-07-09T16:01:45.000",,,
"B012025191G48","2025070900948000","0007","Renew","006","ISSUED & PRINTED","01","STREET OPENING PERMIT","0162","NYC PARKS - RECONSTRUCTION CONTRACT","1","100","1000","10",,,,"IL. REFER TO CEC-12-124.","B012025119G80",,,"2025-07-10T12:00:24.000","2025-07-31T00:00:00.000","2025-10-15T23:59:59.000","BROOKLYN","785","BUSHWICK AVENUE","DE KALB AVENUE","DODWORTH STREET","WILLIAM A. GROSS CONSTRUCTION ASSOCIATES, INC.","NYC DPR - Tree Damaged Sidewalks - Borough-Wide Contract","Work involves the removal/ replacement / repair of tree damaged sidewalks in front of the aforementioned property. This is a borough-wide contract. There are no drawings nor OCMC Stipulations for same.","ASPHALT","CONCRETE","2025-07-10T12:00:22.000","2025-07-10T12:00:22.000",,,
"B012025191H00","2025070900938616","0006","Renew","006","ISSUED & PRINTED","01","STREET OPENING PERMIT","0160","SIDEWALK RECONSTRUCTION CONTRACTS","2","500","5000","10",,,,"JN REFER TO CEC-12-124","B012025119I04",,,"2025-07-10T12:14:46.000","2025-07-31T00:00:00.000","2025-10-15T23:59:59.000","BROOKLYN",,"JUST COURT","SEBA AVENUE",,"WILLIAM A. GROSS CONSTRUCTION ASSOCIATES, INC.","Sidewalk reconstruction",,"ASPHALT","CONCRETE","2025-07-10T12:14:45.000","2025-07-10T12:14:45.000",,,
"B012025191G49","2025070900948000","0008","Renew","006","ISSUED & PRINTED","01","STREET OPENING PERMIT","0162","NYC PARKS - RECONSTRUCTION CONTRACT","1","100","1000","10",,,,"IL. REFER TO CEC-12-124.","B012025119G81",,,"2025-07-10T12:00:24.000","2025-07-31T00:00:00.000","2025-10-15T23:59:59.000","BROOKLYN","297","JEFFERSON AVENUE","MARCY AVENUE","TOMPKINS AVENUE","WILLIAM A. GROSS CONSTRUCTION ASSOCIATES, INC.","NYC DPR - Tree Damaged Sidewalks - Borough-Wide Contract","Work involves the removal/ replacement / repair of tree damaged sidewalks in front of the aforementioned property. This is a borough-wide contract. There are no drawings nor OCMC Stipulations for same.","ASPHALT","CONCRETE","2025-07-10T12:00:23.000","2025-07-10T12:00:23.000",,,
"B012025191G51","2025070900948000","0010","Renew","006","ISSUED & PRINTED","01","STREET OPENING PERMIT","0162P","NYC PARKS - RECONSTRUCTION CONTRACT-PROT","1","100","1000","10",,,,"IL. REFER TO CEC-12-124.","B012025119G79",,,"2025-07-10T12:00:24.000","2025-07-31T00:00:00.000","2025-10-15T23:59:59.000","BROOKLYN","1470","JEFFERSON AVENUE","IRVING AVENUE","WYCKOFF AVENUE","WILLIAM A. GROSS CONSTRUCTION ASSOCIATES, INC.","NYC DPR - Tree Damaged Sidewalks - Borough-Wide Contract","Work involves the removal/ replacement / repair of tree damaged sidewalks in front of the aforementioned property. This is a borough-wide contract. There are no drawings nor OCMC Stipulations for same.","ASPHALT","CONCRETE","2025-07-10T12:00:23.000","2025-07-10T12:00:23.000",,,
"B012025191G52","2025070900948000","0011","Renew","006","ISSUED & PRINTED","01","STREET OPENING PERMIT","0162P","NYC PARKS - RECONSTRUCTION CONTRACT-PROT","1","100","1000","10",,,,"IL. REFER TO CEC-12-124.","B012025119G82",,,"2025-07-10T12:00:25.000","2025-07-31T00:00:00.000","2025-10-15T23:59:59.000","BROOKLYN","602","KOSCIUSKO STREET","BROADWAY","MALCOLM X BOULEVARD","WILLIAM A. GROSS CONSTRUCTION ASSOCIATES, INC.","NYC DPR - Tree Damaged Sidewalks - Borough-Wide Contract","Work involves the removal/ replacement / repair of tree damaged sidewalks in front of the aforementioned property. This is a borough-wide contract. There are no drawings nor OCMC Stipulations for same.","ASPHALT","CONCRETE","2025-07-10T12:00:23.000","2025-07-10T12:00:23.000",,,
"B012025191G53","2025070900948000","0012","Renew","006","ISSUED & PRINTED","01","STREET OPENING PERMIT","0162P","NYC PARKS - RECONSTRUCTION CONTRACT-PROT","1","100","1000","10",,,,"IL. REFER TO CEC-12-124.","B012025119G83",,,"2025-07-10T12:00:25.000","2025-07-31T00:00:00.000","2025-10-15T23:59:59.000","BROOKLYN","71","STOCKHOLM STREET","CENTRAL AVENUE","EVERGREEN AVENUE","WILLIAM A. GROSS CONSTRUCTION ASSOCIATES, INC.","NYC DPR - Tree Damaged Sidewalks - Borough-Wide Contract","Work involves the removal/ replacement / repair of tree damaged sidewalks in front of the aforementioned property. This is a borough-wide contract. There are no drawings nor OCMC Stipulations for same.","ASPHALT","CONCRETE","2025-07-10T12:00:23.000","2025-07-10T12:00:23.000",,,
"B012025191G55","2025070900948000","0014","Renew","006","ISSUED & PRINTED","01","STREET OPENING PERMIT","0162P","NYC PARKS - RECONSTRUCTION CONTRACT-PROT","1","100","1000","10",,,,"IL. REFER TO CEC-12-124.","B012025119G85",,,"2025-07-10T12:00:26.000","2025-07-31T00:00:00.000","2025-10-15T23:59:59.000","BROOKLYN","19","DECATUR STREET","THROOP AVENUE","TOMPKINS AVENUE","WILLIAM A. GROSS CONSTRUCTION ASSOCIATES, INC.","NYC DPR - Tree Damaged Sidewalks - Borough-Wide Contract","Work involves the removal/ replacement / repair of tree damaged sidewalks in front of the aforementioned property. This is a borough-wide contract. There are no drawings nor OCMC Stipulations for same.","ASPHALT","CONCRETE","2025-07-10T12:00:25.000","2025-07-10T12:00:25.000",,,
"B012025191G68","2025070900948000","0027","Renew","006","ISSUED & PRINTED","01","STREET OPENING PERMIT","0162P","NYC PARKS - RECONSTRUCTION CONTRACT-PROT","1","100","1000","10",,,,"IL. REFER TO CEC-12-124.","B012025119G96",,,"2025-07-10T12:00:34.000","2025-07-31T00:00:00.000","2025-10-15T23:59:59.000","BROOKLYN","295","MACON STREET","MARCUS GARVEY BOULEVARD","THROOP AVENUE","WILLIAM A. GROSS CONSTRUCTION ASSOCIATES, INC.","NYC DPR - Tree Damaged Sidewalks - Borough-Wide Contract","Work involves the removal/ replacement / repair of tree damaged sidewalks in front of the aforementioned property. This is a borough-wide contract. There are no drawings nor OCMC Stipulations for same.","ASPHALT","CONCRETE","2025-07-10T12:00:33.000","2025-07-10T12:00:33.000",,,
"B012025191G56","2025070900948000","0015","Renew","006","ISSUED & PRINTED","01","STREET OPENING PERMIT","0162","NYC PARKS - RECONSTRUCTION CONTRACT","1","100","1000","10",,,,"IL. REFER TO CEC-12-124. RCRRM: 10/16/24 MUST COORDINATE WITH DOT MILLING AND PAVING;THE FULL WIDTH OF THE ROADWAY MUST BE FULLY UNOBSTRUCTED WHEN DOT IS ACTIVELY MILLING OR PAVING.","B012025119G86",,,"2025-07-10T12:00:27.000","2025-07-31T00:00:00.000","2025-10-15T23:59:59.000","BROOKLYN","283","KOSCIUSKO STREET","THROOP AVENUE","TOMPKINS AVENUE","WILLIAM A. GROSS CONSTRUCTION ASSOCIATES, INC.","NYC DPR - Tree Damaged Sidewalks - Borough-Wide Contract","Work involves the removal/ replacement / repair of tree damaged sidewalks in front of the aforementioned property. This is a borough-wide contract. There are no drawings nor OCMC Stipulations for same.","ASPHALT","CONCRETE","2025-07-10T12:00:25.000","2025-07-10T12:00:25.000",,,
"B012025191G57","2025070900948000","0016","Renew","006","ISSUED & PRINTED","01","STREET OPENING PERMIT","0162","NYC PARKS - RECONSTRUCTION CONTRACT","1","100","1000","10",,,,"IL. REFER TO CEC-12-124.","B012025119G87",,,"2025-07-10T12:00:27.000","2025-07-31T00:00:00.000","2025-10-15T23:59:59.000","BROOKLYN","185","MOFFAT STREET","CENTRAL AVENUE","WILSON AVENUE","WILLIAM A. GROSS CONSTRUCTION ASSOCIATES, INC.","NYC DPR - Tree Damaged Sidewalks - Borough-Wide Contract","Work involves the removal/ replacement / repair of tree damaged sidewalks in front of the aforementioned property. This is a borough-wide contract. There are no drawings nor OCMC Stipulations for same.","ASPHALT","CONCRETE","2025-07-10T12:00:25.000","2025-07-10T12:00:25.000",,,
"B012025191G58","2025070900948000","0017","Renew","006","ISSUED & PRINTED","01","STREET OPENING PERMIT","0162","NYC PARKS - RECONSTRUCTION CONTRACT","1","100","1000","10",,,,"IL. REFER TO CEC-12-124.","B012025119G88",,,"2025-07-10T12:00:27.000","2025-07-31T00:00:00.000","2025-10-15T23:59:59.000","BROOKLYN","1310","DE KALB AVENUE","EVERGREEN AVENUE","MYRTLE AVENUE","WILLIAM A. GROSS CONSTRUCTION ASSOCIATES, INC.","NYC DPR - Tree Damaged Sidewalks - Borough-Wide Contract","Work involves the removal/ replacement / repair of tree damaged sidewalks in front of the aforementioned property. This is a borough-wide contract. There are no drawings nor OCMC Stipulations for same.","ASPHALT","CONCRETE","2025-07-10T12:00:26.000","2025-07-10T12:00:26.000",,,
"B012025191H72","2025070900938616","0080","Renew","006","ISSUED & PRINTED","01","STREET OPENING PERMIT","0162","NYC PARKS - RECONSTRUCTION CONTRACT","2","500","5000","10",,,,"JN REFER TO CEC-12-124. RCRRM: 3/17/25 MUST COORDINATE WITH DOT MILLING AND PAVING;THE FULL WIDTH OF THE ROADWAY MUST BE FULLY UNOBSTRUCTED WHEN DOT IS ACTIVELY MILLING OR PAVING.","B012025119I18",,,"2025-07-10T12:15:56.000","2025-07-31T00:00:00.000","2025-10-15T23:59:59.000","BROOKLYN",,"SUYDAM STREET","BUSHWICK AVENUE","MYRTLE AVENUE","WILLIAM A. GROSS CONSTRUCTION ASSOCIATES, INC.",,,"ASPHALT","CONCRETE","2025-07-10T12:15:55.000","2025-07-10T12:15:55.000",,,
"B012025192B61","2025071100251730","0046","New","006","ISSUED & PRINTED","01","STREET OPENING PERMIT","0162","NYC PARKS - RECONSTRUCTION CONTRACT","2","500","5000","10",,,,"DP/JL AS PER CEC-12-124",,,,"2025-07-11T10:15:10.000","2025-07-11T10:15:10.000","2025-10-08T23:59:59.000","BROOKLYN","277","HIGHLAND BOULEVARD","BARBERRY COURT","HEATH PLACE","WILLIAM A. GROSS CONSTRUCTION ASSOCIATES, INC.","Sidewalk reconstruction",,"ASPHALT","CONCRETE","2025-07-11T10:15:08.000","2025-07-11T10:15:08.000",,,
"B012025191G59","2025070900948000","0018","Renew","006","ISSUED & PRINTED","01","STREET OPENING PERMIT","0162","NYC PARKS - RECONSTRUCTION CONTRACT","1","100","1000","10",,,,"IL. REFER TO CEC-12-124.","B012025119G89",,,"2025-07-10T12:00:28.000","2025-07-31T00:00:00.000","2025-10-15T23:59:59.000","BROOKLYN","176","MAC DONOUGH STREET","MARCUS GARVEY BOULEVARD","THROOP AVENUE","WILLIAM A. GROSS CONSTRUCTION ASSOCIATES, INC.","NYC DPR - Tree Damaged Sidewalks - Borough-Wide Contract","Work involves the removal/ replacement / repair of tree damaged sidewalks in front of the aforementioned property. This is a borough-wide contract. There are no drawings nor OCMC Stipulations for same.","ASPHALT","CONCRETE","2025-07-10T12:00:27.000","2025-07-10T12:00:27.000",,,
"B012025191G61","2025070900948000","0020","Renew","006","ISSUED & PRINTED","01","STREET OPENING PERMIT","0162","NYC PARKS - RECONSTRUCTION CONTRACT","1","100","1000","10",,,,"IL. REFER TO CEC-12-124.","B012025119G90",,,"2025-07-10T12:00:31.000","2025-07-31T00:00:00.000","2025-10-15T23:59:59.000","BROOKLYN","54","HART STREET","MARCY AVENUE","NOSTRAND AVENUE","WILLIAM A. GROSS CONSTRUCTION ASSOCIATES, INC.","NYC DPR - Tree Damaged Sidewalks - Borough-Wide Contract","Work involves the removal/ replacement / repair of tree damaged sidewalks in front of the aforementioned property. This is a borough-wide contract. There are no drawings nor OCMC Stipulations for same.","ASPHALT","CONCRETE","2025-07-10T12:00:29.000","2025-07-10T12:00:29.000",,,
"B012025191G63","2025070900948000","0022","Renew","006","ISSUED & PRINTED","01","STREET OPENING PERMIT","0162P","NYC PARKS - RECONSTRUCTION CONTRACT-PROT","1","100","1000","10",,,,"IL. REFER TO CEC-12-124.","B012025119G91",,,"2025-07-10T12:00:32.000","2025-07-31T00:00:00.000","2025-10-15T23:59:59.000","BROOKLYN","1495","BUSHWICK AVENUE","FURMAN AVENUE","GRANITE STREET","WILLIAM A. GROSS CONSTRUCTION ASSOCIATES, INC.","NYC DPR - Tree Damaged Sidewalks - Borough-Wide Contract","Work involves the removal/ replacement / repair of tree damaged sidewalks in front of the aforementioned property. This is a borough-wide contract. There are no drawings nor OCMC Stipulations for same.","ASPHALT","CONCRETE","2025-07-10T12:00:31.000","2025-07-10T12:00:31.000",,,
"B012025191G81","2025070900948000","0040","Renew","006","ISSUED & PRINTED","01","STREET OPENING PERMIT","0162P","NYC PARKS - RECONSTRUCTION CONTRACT-PROT","2","500","5000","10",,,,"JN REFER TO CEC-12-124 RCRRM: 7/9/25 MUST COORDINATE WITH DOT MILLING AND PAVING;THE FULL WIDTH OF THE ROADWAY MUST BE FULLY UNOBSTRUCTED WHEN DOT IS ACTIVELY MILLING OR PAVING.","B012025119G63",,,"2025-07-10T12:00:42.000","2025-07-31T00:00:00.000","2025-10-15T23:59:59.000","BROOKLYN",,"AVENUE U","EAST   14 STREET",,"WILLIAM A. GROSS CONSTRUCTION ASSOCIATES, INC.","Sidewalk reconstruction",,"ASPHALT","CONCRETE","2025-07-10T12:00:41.000","2025-07-10T12:00:41.000",,,
"B012025191G64","2025070900948000","0023","Renew","006","ISSUED & PRINTED","01","STREET OPENING PERMIT","0162P","NYC PARKS - RECONSTRUCTION CONTRACT-PROT","1","100","1000","10",,,,"IL. REFER TO CEC-12-124.","B012025119G92",,,"2025-07-10T12:00:32.000","2025-07-31T00:00:00.000","2025-10-15T23:59:59.000","BROOKLYN","129","STANHOPE STREET","CENTRAL AVENUE","MYRTLE AVENUE","WILLIAM A. GROSS CONSTRUCTION ASSOCIATES, INC.","NYC DPR - Tree Damaged Sidewalks - Borough-Wide Contract","Work involves the removal/ replacement / repair of tree damaged sidewalks in front of the aforementioned property. This is a borough-wide contract. There are no drawings nor OCMC Stipulations for same.","ASPHALT","CONCRETE","2025-07-10T12:00:31.000","2025-07-10T12:00:31.000",,,
"B012025191G65","2025070900948000","0024","Renew","006","ISSUED & PRINTED","01","STREET OPENING PERMIT","0162P","NYC PARKS - RECONSTRUCTION CONTRACT-PROT","1","100","1000","10",,,,"IL. REFER TO CEC-12-124.","B012025119G93",,,"2025-07-10T12:00:32.000","2025-07-31T00:00:00.000","2025-10-15T23:59:59.000","BROOKLYN","293","MACON STREET","MARCUS GARVEY BOULEVARD","THROOP AVENUE","WILLIAM A. GROSS CONSTRUCTION ASSOCIATES, INC.","NYC DPR - Tree Damaged Sidewalks - Borough-Wide Contract","Work involves the removal/ replacement / repair of tree damaged sidewalks in front of the aforementioned property. This is a borough-wide contract. There are no drawings nor OCMC Stipulations for same.","ASPHALT","CONCRETE","2025-07-10T12:00:31.000","2025-07-10T12:00:31.000",,,
"B012025191G66","2025070900948000","0025","Renew","006","ISSUED & PRINTED","01","STREET OPENING PERMIT","0162P","NYC PARKS - RECONSTRUCTION CONTRACT-PROT","1","100","1000","10",,,,"IL. REFER TO CEC-12-124.","B012025119G94",,,"2025-07-10T12:00:33.000","2025-07-31T00:00:00.000","2025-10-15T23:59:59.000","BROOKLYN","234","SUYDAM STREET","KNICKERBOCKER AVENUE","WILSON AVENUE","WILLIAM A. GROSS CONSTRUCTION ASSOCIATES, INC.","NYC DPR - Tree Damaged Sidewalks - Borough-Wide Contract","Work involves the removal/ replacement / repair of tree damaged sidewalks in front of the aforementioned property. This is a borough-wide contract. There are no drawings nor OCMC Stipulations for same.","ASPHALT","CONCRETE","2025-07-10T12:00:32.000","2025-07-10T12:00:32.000",,,
"B012025191G67","2025070900948000","0026","Renew","006","ISSUED & PRINTED","01","STREET OPENING PERMIT","0162P","NYC PARKS - RECONSTRUCTION CONTRACT-PROT","1","100","1000","10",,,,"IL. REFER TO CEC-12-124.","B012025119G95",,,"2025-07-10T12:00:33.000","2025-07-31T00:00:00.000","2025-10-15T23:59:59.000","BROOKLYN","218","PULASKI STREET","MARCUS GARVEY BOULEVARD","THROOP AVENUE","WILLIAM A. GROSS CONSTRUCTION ASSOCIATES, INC.","NYC DPR - Tree Damaged Sidewalks - Borough-Wide Contract","Work involves the removal/ replacement / repair of tree damaged sidewalks in front of the aforementioned property. This is a borough-wide contract. There are no drawings nor OCMC Stipulations for same.","ASPHALT","CONCRETE","2025-07-10T12:00:33.000","2025-07-10T12:00:33.000",,,
"B012025191G69","2025070900948000","0028","Renew","006","ISSUED & PRINTED","01","STREET OPENING PERMIT","0162","NYC PARKS - RECONSTRUCTION CONTRACT","1","100","1000","10",,,,"IL. REFER TO CEC-12-124.","B012025119G97",,,"2025-07-10T12:00:35.000","2025-07-31T00:00:00.000","2025-10-15T23:59:59.000","BROOKLYN","67","HART STREET","MARCY AVENUE","NOSTRAND AVENUE","WILLIAM A. GROSS CONSTRUCTION ASSOCIATES, INC.","NYC DPR - Tree Damaged Sidewalks - Borough-Wide Contract","Work involves the removal/ replacement / repair of tree damaged sidewalks in front of the aforementioned property. This is a borough-wide contract. There are no drawings nor OCMC Stipulations for same.","ASPHALT","CONCRETE","2025-07-10T12:00:34.000","2025-07-10T12:00:34.000",,,
"B152025192A50","2025071100240690","0015","New","030","EXPIRED","15","DOT IN-HOUSE PAVING AND MILLING","1501","DOT IN-HOUSE PAVING",,,,,,,,,,,,"2025-07-11T09:33:58.000","2025-07-15T00:00:00.000","2025-07-17T23:59:59.000","BROOKLYN",,"BEDFORD AVENUE","NORTH    7 STREET",,"NYC DEPT OF TRANSPORTATION","PAVING","SEGMENT AND INTERSECTION",,,"2025-07-11T09:33:57.000","2025-07-18T00:05:11.000",,,
"B012025191G70","2025070900948000","0029","Renew","006","ISSUED & PRINTED","01","STREET OPENING PERMIT","0162P","NYC PARKS - RECONSTRUCTION CONTRACT-PROT","1","100","1000","10",,,,"IL. REFER TO CEC-12-124.","B012025119G98",,,"2025-07-10T12:00:35.000","2025-07-31T00:00:00.000","2025-10-15T23:59:59.000","BROOKLYN","232","JEFFERSON STREET","KNICKERBOCKER AVENUE","WILSON AVENUE","WILLIAM A. GROSS CONSTRUCTION ASSOCIATES, INC.","NYC DPR - Tree Damaged Sidewalks - Borough-Wide Contract","Work involves the removal/ replacement / repair of tree damaged sidewalks in front of the aforementioned property. This is a borough-wide contract. There are no drawings nor OCMC Stipulations for same.","ASPHALT","CONCRETE","2025-07-10T12:00:34.000","2025-07-10T12:00:34.000",,,
"B012025191H12","2025070900938616","0020","Renew","006","ISSUED & PRINTED","01","STREET OPENING PERMIT","0160","SIDEWALK RECONSTRUCTION CONTRACTS","2","500","5000","10",,,,"JN REFER TO CEC-12-124. RCRRM: 4/24/25 MUST COORDINATE WITH DOT MILLING AND PAVING;THE FULL WIDTH OF THE ROADWAY MUST BE FULLY UNOBSTRUCTED WHEN DOT IS ACTIVELY MILLING OR PAVING.","B012025119I02",,,"2025-07-10T12:14:50.000","2025-07-31T00:00:00.000","2025-10-15T23:59:59.000","BROOKLYN",,"EVERGREEN AVENUE","WEIRFIELD STREET",,"WILLIAM A. GROSS CONSTRUCTION ASSOCIATES, INC.",,,"ASPHALT","CONCRETE","2025-07-10T12:14:49.000","2025-07-10T12:14:49.000",,,
"B012025191G71","2025070900948000","0030","Renew","006","ISSUED & PRINTED","01","STREET OPENING PERMIT","0162P","NYC PARKS - RECONSTRUCTION CONTRACT-PROT","1","100","1000","10",,,,"IL. REFER TO CEC-12-124.","B012025119G99",,,"2025-07-10T12:00:36.000","2025-07-31T00:00:00.000","2025-10-15T23:59:59.000","BROOKLYN","305","MACON STREET","MARCUS GARVEY BOULEVARD","THROOP AVENUE","WILLIAM A. GROSS CONSTRUCTION ASSOCIATES, INC.","NYC DPR - Tree Damaged Sidewalks - Borough-Wide Contract","Work involves the removal/ replacement / repair of tree damaged sidewalks in front of the aforementioned property. This is a borough-wide contract. There are no drawings nor OCMC Stipulations for same.","ASPHALT","CONCRETE","2025-07-10T12:00:34.000","2025-07-10T12:00:34.000",,,
"B012025195B03","2025071100683180","0001","New","014","CONFIRMATION REC'D","01","STREET OPENING PERMIT","0182P","REMOVAL OF POLES-PROTECTED","1","10",,,,,,"DP",,,,"2025-07-14T12:05:34.000","2025-07-14T12:05:34.000","2025-10-11T23:59:59.000","BROOKLYN","345","DE WITT AVENUE","HINSDALE STREET","SNEDIKER AVENUE","VERIZON NEW YORK INC.","Brooklyn Team Removal of 1A5T4WF 5120904 33894","1 POLE E of SNEDIKER AVE",,"CONCRETE","2025-07-14T12:05:32.000","2025-07-15T08:07:45.000",,,
"B012025191G79","2025070900948000","0038","Renew","006","ISSUED & PRINTED","01","STREET OPENING PERMIT","0162P","NYC PARKS - RECONSTRUCTION CONTRACT-PROT","1","100","1000","10",,,,"IL. REFER TO CEC-12-124.","B012025119H07",,,"2025-07-10T12:00:40.000","2025-07-31T00:00:00.000","2025-10-15T23:59:59.000","BROOKLYN","315","MACON STREET","MARCUS GARVEY BOULEVARD","THROOP AVENUE","WILLIAM A. GROSS CONSTRUCTION ASSOCIATES, INC.","NYC DPR - Tree Damaged Sidewalks - Borough-Wide Contract","Work involves the removal/ replacement / repair of tree damaged sidewalks in front of the aforementioned property. This is a borough-wide contract. There are no drawings nor OCMC Stipulations for same.","ASPHALT","CONCRETE","2025-07-10T12:00:39.000","2025-07-10T12:00:39.000",,,
"B012025191G82","2025070900948000","0041","Renew","006","ISSUED & PRINTED","01","STREET OPENING PERMIT","0160P","SIDEWALK RECONSTRUCTION CONTRACTS-PROT","2","500","5000","10",,,,"JN REFER TO CEC-12-124 RCRRM: 7/9/25 MUST COORDINATE WITH DOT MILLING AND PAVING;THE FULL WIDTH OF THE ROADWAY MUST BE FULLY UNOBSTRUCTED WHEN DOT IS ACTIVELY MILLING OR PAVING.","B012025119G56",,,"2025-07-10T12:00:42.000","2025-07-31T00:00:00.000","2025-10-15T23:59:59.000","BROOKLYN",,"AVENUE U","EAST   19 STREET",,"WILLIAM A. GROSS CONSTRUCTION ASSOCIATES, INC.","Sidewalk reconstruction",,"ASPHALT","CONCRETE","2025-07-10T12:00:41.000","2025-07-10T12:00:41.000",,,
"B012025191G72","2025070900948000","0031","Renew","006","ISSUED & PRINTED","01","STREET OPENING PERMIT","0162","NYC PARKS - RECONSTRUCTION CONTRACT","1","100","1000","10",,,,"IL. REFER TO CEC-12-124. RCRRM: 8/1/24 MUST COORDINATE WITH DOT MILLING AND PAVING;THE FULL WIDTH OF THE ROADWAY MUST BE FULLY UNOBSTRUCTED WHEN DOT IS ACTIVELY MILLING OR PAVING.","B012025119H00",,,"2025-07-10T12:00:37.000","2025-07-31T00:00:00.000","2025-10-15T23:59:59.000","BROOKLYN","451","WILLOUGHBY AVENUE","MARCY AVENUE","NOSTRAND AVENUE","WILLIAM A. GROSS CONSTRUCTION ASSOCIATES, INC.","NYC DPR - Tree Damaged Sidewalks - Borough-Wide Contract","Work involves the removal/ replacement / repair of tree damaged sidewalks in front of the aforementioned property. This is a borough-wide contract. There are no drawings nor OCMC Stipulations for same.","ASPHALT","CONCRETE","2025-07-10T12:00:36.000","2025-07-10T12:00:36.000",,,
"B012025191G73","2025070900948000","0032","Renew","006","ISSUED & PRINTED","01","STREET OPENING PERMIT","0162","NYC PARKS - RECONSTRUCTION CONTRACT","1","100","1000","10",,,,"IL. REFER TO CEC-12-124.","B012025119H01",,,"2025-07-10T12:00:37.000","2025-07-31T00:00:00.000","2025-10-15T23:59:59.000","BROOKLYN","20","ELDERT STREET","BROADWAY","BUSHWICK AVENUE","WILLIAM A. GROSS CONSTRUCTION ASSOCIATES, INC.","NYC DPR - Tree Damaged Sidewalks - Borough-Wide Contract","Work involves the removal/ replacement / repair of tree damaged sidewalks in front of the aforementioned property. This is a borough-wide contract. There are no drawings nor OCMC Stipulations for same.","ASPHALT","CONCRETE","2025-07-10T12:00:36.000","2025-07-10T12:00:36.000",,,
"B012025191G74","2025070900948000","0033","Renew","006","ISSUED & PRINTED","01","STREET OPENING PERMIT","0162","NYC PARKS - RECONSTRUCTION CONTRACT","1","100","1000","10",,,,"IL. REFER TO CEC-12-124.","B012025119H02",,,"2025-07-10T12:00:38.000","2025-07-31T00:00:00.000","2025-10-15T23:59:59.000","BROOKLYN","454","PULASKI STREET","MALCOLM X BOULEVARD","STUYVESANT AVENUE","WILLIAM A. GROSS CONSTRUCTION ASSOCIATES, INC.","NYC DPR - Tree Damaged Sidewalks - Borough-Wide Contract","Work involves the removal/ replacement / repair of tree damaged sidewalks in front of the aforementioned property. This is a borough-wide contract. There are no drawings nor OCMC Stipulations for same.","ASPHALT","CONCRETE","2025-07-10T12:00:36.000","2025-07-10T12:00:36.000",,,
"B012025191G75","2025070900948000","0034","Renew","006","ISSUED & PRINTED","01","STREET OPENING PERMIT","0162P","NYC PARKS - RECONSTRUCTION CONTRACT-PROT","1","100","1000","10",,,,"IL. REFER TO CEC-12-124.","B012025119H03",,,"2025-07-10T12:00:38.000","2025-07-31T00:00:00.000","2025-10-15T23:59:59.000","BROOKLYN","306","MACON STREET","MARCUS GARVEY BOULEVARD","THROOP AVENUE","WILLIAM A. GROSS CONSTRUCTION ASSOCIATES, INC.","NYC DPR - Tree Damaged Sidewalks - Borough-Wide Contract","Work involves the removal/ replacement / repair of tree damaged sidewalks in front of the aforementioned property. This is a borough-wide contract. There are no drawings nor OCMC Stipulations for same.","ASPHALT","CONCRETE","2025-07-10T12:00:37.000","2025-07-10T12:00:37.000",,,
"B012025191H05","2025070900938616","0012","Renew","006","ISSUED & PRINTED","01","STREET OPENING PERMIT","0160P","SIDEWALK RECONSTRUCTION CONTRACTS-PROT","1","100","1000","10",,,,"JG--CEC-12-124","B012025119H69",,,"2025-07-10T12:14:47.000","2025-07-31T00:00:00.000","2025-10-15T23:59:59.000","BROOKLYN","1311","DEAN STREET","BROOKLYN AVENUE","NEW YORK AVENUE","WILLIAM A. GROSS CONSTRUCTION ASSOCIATES, INC.","NYC DPR - Tree Damaged Sidewalks - Borough-Wide Contract","Work involves the removal/ replacement / repair of tree damaged sidewalks in front of the aforementioned property. This is a borough-wide contract. There are no drawings nor OCMC Stipulations for same.","ASPHALT","CONCRETE","2025-07-10T12:14:46.000","2025-07-10T12:14:46.000",,,
"B012025191H06","2025070900938616","0013","Renew","006","ISSUED & PRINTED","01","STREET OPENING PERMIT","0162P","NYC PARKS - RECONSTRUCTION CONTRACT-PROT","1","100","1000","10",,,,"JG--WORK AS PER CEC-2 -124","B012025119H70",,,"2025-07-10T12:14:48.000","2025-07-31T00:00:00.000","2025-10-15T23:59:59.000","BROOKLYN","1311","DEAN STREET","BROOKLYN AVENUE","NEW YORK AVENUE","WILLIAM A. GROSS CONSTRUCTION ASSOCIATES, INC.","NYC DPR - Tree Damaged Sidewalks - Borough-Wide Contract","Work involves the removal/ replacement / repair of tree damaged sidewalks in front of the aforementioned property. This is a borough-wide contract. There are no drawings nor OCMC Stipulations for same.","ASPHALT","CONCRETE","2025-07-10T12:14:47.000","2025-07-10T12:14:47.000",,,
"B012025192B40","2025071100251730","0021","New","006","ISSUED & PRINTED","01","STREET OPENING PERMIT","0160","SIDEWALK RECONSTRUCTION CONTRACTS","2","500","5000","10",,,,"DP/JL AS PER CEC-12-124",,,,"2025-07-11T10:14:53.000","2025-07-11T10:14:53.000","2025-10-08T23:59:59.000","BROOKLYN","597","DREW STREET","BELMONT AVENUE","PITKIN AVENUE","WILLIAM A. GROSS CONSTRUCTION ASSOCIATES, INC.","Sidewalk reconstruction",,"ASPHALT","CONCRETE","2025-07-11T10:14:51.000","2025-07-11T10:14:51.000",,,
"B012025191H59","2025070900938616","0067","Renew","006","ISSUED & PRINTED","01","STREET OPENING PERMIT","0162P","NYC PARKS - RECONSTRUCTION CONTRACT-PROT","2","500","5000","10",,,,"JN REFER TO CEC-12-124 RCRRM: 3/17/25 MUST COORDINATE WITH DOT MILLING AND PAVING;THE FULL WIDTH OF THE ROADWAY MUST BE FULLY UNOBSTRUCTED WHEN DOT IS ACTIVELY MILLING OR PAVING.","B012025119I26",,,"2025-07-10T12:15:42.000","2025-07-31T00:00:00.000","2025-10-15T23:59:59.000","BROOKLYN",,"CEDAR STREET","EVERGREEN AVENUE",,"WILLIAM A. GROSS CONSTRUCTION ASSOCIATES, INC.",,,"ASPHALT","CONCRETE","2025-07-10T12:15:41.000","2025-07-10T12:15:41.000",,,
"B012025191I43","2025070900937823","0028","Renew","006","ISSUED & PRINTED","01","STREET OPENING PERMIT","0160P","SIDEWALK RECONSTRUCTION CONTRACTS-PROT","2","500","5000","10",,,,"JN REFER TO CEC-12-124","B012025119I50",,,"2025-07-10T12:28:35.000","2025-07-31T00:00:00.000","2025-10-15T23:59:59.000","BROOKLYN","292","SARATOGA AVENUE","DEAN STREET","PACIFIC STREET","WILLIAM A. GROSS CONSTRUCTION ASSOCIATES, INC.","Sidewalk reconstruction",,"ASPHALT","CONCRETE","2025-07-10T12:28:34.000","2025-07-10T12:28:34.000",,,
"B012025191H09","2025070900938616","0017","Renew","006","ISSUED & PRINTED","01","STREET OPENING PERMIT","0160","SIDEWALK RECONSTRUCTION CONTRACTS","1","100","1000","10",,,,"JG--CEC-12-124","B012025119H71",,,"2025-07-10T12:14:49.000","2025-07-31T00:00:00.000","2025-10-15T23:59:59.000","BROOKLYN","1517","PACIFIC STREET","ALBANY AVENUE","KINGSTON AVENUE","WILLIAM A. GROSS CONSTRUCTION ASSOCIATES, INC.","NYC DPR - Tree Damaged Sidewalks - Borough-Wide Contract","Work involves the removal/ replacement / repair of tree damaged sidewalks in front of the aforementioned property. This is a borough-wide contract. There are no drawings nor OCMC Stipulations for same.","ASPHALT","CONCRETE","2025-07-10T12:14:48.000","2025-07-10T12:14:48.000",,,
"B012025192B28","2025071100251730","0009","New","006","ISSUED & PRINTED","01","STREET OPENING PERMIT","0160","SIDEWALK RECONSTRUCTION CONTRACTS","2","500","5000","10",,,,"DP/JL AS PER CEC-12-124",,,,"2025-07-11T10:14:50.000","2025-07-11T10:14:50.000","2025-10-08T23:59:59.000","BROOKLYN","577","CRESCENT STREET","BELMONT AVENUE","SUTTER AVENUE","WILLIAM A. GROSS CONSTRUCTION ASSOCIATES, INC.","Sidewalk reconstruction",,"ASPHALT","CONCRETE","2025-07-11T10:14:48.000","2025-07-11T10:14:48.000",,,
"B012025191G76","2025070900948000","0035","Renew","006","ISSUED & PRINTED","01","STREET OPENING PERMIT","0162","NYC PARKS - RECONSTRUCTION CONTRACT","1","100","1000","10",,,,"IL. REFER TO CEC-12-124. RCRRM: 8/1/24 MUST COORDINATE WITH DOT MILLING AND PAVING;THE FULL WIDTH OF THE ROADWAY MUST BE FULLY UNOBSTRUCTED WHEN DOT IS ACTIVELY MILLING OR PAVING.","B012025119H04",,,"2025-07-10T12:00:38.000","2025-07-31T00:00:00.000","2025-10-15T23:59:59.000","BROOKLYN","460","WILLOUGHBY AVENUE","MARCY AVENUE","NOSTRAND AVENUE","WILLIAM A. GROSS CONSTRUCTION ASSOCIATES, INC.","NYC DPR - Tree Damaged Sidewalks - Borough-Wide Contract","Work involves the removal/ replacement / repair of tree damaged sidewalks in front of the aforementioned property. This is a borough-wide contract. There are no drawings nor OCMC Stipulations for same.","ASPHALT","CONCRETE","2025-07-10T12:00:37.000","2025-07-10T12:00:37.000",,,
"B012025191G77","2025070900948000","0036","Renew","006","ISSUED & PRINTED","01","STREET OPENING PERMIT","0162","NYC PARKS - RECONSTRUCTION CONTRACT","1","100","1000","10",,,,"IL. REFER TO CEC-12-124.","B012025119H05",,,"2025-07-10T12:00:39.000","2025-07-31T00:00:00.000","2025-10-15T23:59:59.000","BROOKLYN","1307","BUSHWICK AVENUE","COVERT STREET","ELDERT STREET","WILLIAM A. GROSS CONSTRUCTION ASSOCIATES, INC.","NYC DPR - Tree Damaged Sidewalks - Borough-Wide Contract","Work involves the removal/ replacement / repair of tree damaged sidewalks in front of the aforementioned property. This is a borough-wide contract. There are no drawings nor OCMC Stipulations for same.","ASPHALT","CONCRETE","2025-07-10T12:00:37.000","2025-07-10T12:00:37.000",,,
"B012025191G78","2025070900948000","0037","Renew","006","ISSUED & PRINTED","01","STREET OPENING PERMIT","0162","NYC PARKS - RECONSTRUCTION CONTRACT","1","100","1000","10",,,,"IL. REFER TO CEC-12-124.","B012025119H06",,,"2025-07-10T12:00:39.000","2025-07-31T00:00:00.000","2025-10-15T23:59:59.000","BROOKLYN","458","PULASKI STREET","MALCOLM X BOULEVARD","STUYVESANT AVENUE","WILLIAM A. GROSS CONSTRUCTION ASSOCIATES, INC.","NYC DPR - Tree Damaged Sidewalks - Borough-Wide Contract","Work involves the removal/ replacement / repair of tree damaged sidewalks in front of the aforementioned property. This is a borough-wide contract. There are no drawings nor OCMC Stipulations for same.","ASPHALT","CONCRETE","2025-07-10T12:00:38.000","2025-07-10T12:00:38.000",,,
"B012025191G83","2025070900948000","0042","Renew","006","ISSUED & PRINTED","01","STREET OPENING PERMIT","0162P","NYC PARKS - RECONSTRUCTION CONTRACT-PROT","2","500","5000","10",,,,"JN REFER TO CEC-12-124 RCRRM: 7/9/25 MUST COORDINATE WITH DOT MILLING AND PAVING;THE FULL WIDTH OF THE ROADWAY MUST BE FULLY UNOBSTRUCTED WHEN DOT IS ACTIVELY MILLING OR PAVING.","B012025119G64",,,"2025-07-10T12:00:44.000","2025-07-31T00:00:00.000","2025-10-15T23:59:59.000","BROOKLYN",,"AVENUE U","EAST   19 STREET",,"WILLIAM A. GROSS CONSTRUCTION ASSOCIATES, INC.","Sidewalk reconstruction",,"ASPHALT","CONCRETE","2025-07-10T12:00:43.000","2025-07-10T12:00:43.000",,,
"B012025191G87","2025070900948000","0046","Renew","006","ISSUED & PRINTED","01","STREET OPENING PERMIT","0160P","SIDEWALK RECONSTRUCTION CONTRACTS-PROT","2","500","5000","10",,,,"JN REFER TO CEC-12-124","B012025119G59",,,"2025-07-10T12:00:48.000","2025-07-31T00:00:00.000","2025-10-15T23:59:59.000","BROOKLYN",,"SUTTER AVENUE","BRISTOL STREET","HOPKINSON AVENUE","WILLIAM A. GROSS CONSTRUCTION ASSOCIATES, INC.","Sidewalk reconstruction",,"ASPHALT","CONCRETE","2025-07-10T12:00:48.000","2025-07-10T12:00:48.000",,,
"B012025191G96","2025070900938616","0002","Renew","006","ISSUED & PRINTED","01","STREET OPENING PERMIT","0162","NYC PARKS - RECONSTRUCTION CONTRACT","1","100","1000","10",,,,"IL. REFER TO CEC-12-124. RCRRM: 8/1/24 MUST COORDINATE WITH DOT MILLING AND PAVING;THE FULL WIDTH OF THE ROADWAY MUST BE FULLY UNOBSTRUCTED WHEN DOT IS ACTIVELY MILLING OR PAVING.","B012025119H62",,,"2025-07-10T12:14:45.000","2025-07-31T00:00:00.000","2025-10-15T23:59:59.000","BROOKLYN","82","LINDEN STREET","BUSHWICK AVENUE","EVERGREEN AVENUE","WILLIAM A. GROSS CONSTRUCTION ASSOCIATES, INC.","NYC DPR - Tree Damaged Sidewalks - Borough-Wide Contract","Work involves the removal/ replacement / repair of tree damaged sidewalks in front of the aforementioned property. This is a borough-wide contract. There are no drawings nor OCMC Stipulations for same.","ASPHALT","CONCRETE","2025-07-10T12:14:44.000","2025-07-10T12:14:44.000",,,
"B012025191G97","2025070900938616","0003","Renew","006","ISSUED & PRINTED","01","STREET OPENING PERMIT","0160","SIDEWALK RECONSTRUCTION CONTRACTS","1","100","1000","10",,,,"JG-WORK AS PER CEC-12-124. RCRRM: 8/2/24 MUST COORDINATE WITH DOT MILLING AND PAVING;THE FULL WIDTH OF THE ROADWAY MUST BE FULLY UNOBSTRUCTED WHEN DOT IS ACTIVELY MILLING OR PAVING.","B012025119H54",,,"2025-07-10T12:14:45.000","2025-07-31T00:00:00.000","2025-10-15T23:59:59.000","BROOKLYN","817","DEAN STREET","GRAND AVENUE","WASHINGTON AVENUE","WILLIAM A. GROSS CONSTRUCTION ASSOCIATES, INC.","NYC DPR - Tree Damaged Sidewalks - Borough-Wide Contract","Work involves the removal/ replacement / repair of tree damaged sidewalks in front of the aforementioned property. This is a borough-wide contract. There are no drawings nor OCMC Stipulations for same.","ASPHALT","CONCRETE","2025-07-10T12:14:44.000","2025-07-10T12:14:44.000",,,
"B012025191H35","2025070900938616","0043","Renew","006","ISSUED & PRINTED","01","STREET OPENING PERMIT","0162P","NYC PARKS - RECONSTRUCTION CONTRACT-PROT","1","100","1000","10",,,,"IL. REFER TO CEC-12-124.","B012025119H18",,,"2025-07-10T12:15:05.000","2025-07-31T00:00:00.000","2025-10-15T23:59:59.000","BROOKLYN","344","HALSEY STREET","MARCUS GARVEY BOULEVARD","THROOP AVENUE","WILLIAM A. GROSS CONSTRUCTION ASSOCIATES, INC.","NYC DPR - Tree Damaged Sidewalks - Borough-Wide Contract","Work involves the removal/ replacement / repair of tree damaged sidewalks in front of the aforementioned property. This is a borough-wide contract. There are no drawings nor OCMC Stipulations for same.","ASPHALT","CONCRETE","2025-07-10T12:15:04.000","2025-07-10T12:15:04.000",,,
"B012025191G98","2025070900938616","0004","Renew","006","ISSUED & PRINTED","01","STREET OPENING PERMIT","0162","NYC PARKS - RECONSTRUCTION CONTRACT","1","100","1000","10",,,,"JG-WORK AS PER CEC-12-124. RCRRM: 8/2/24 MUST COORDINATE WITH DOT MILLING AND PAVING;THE FULL WIDTH OF THE ROADWAY MUST BE FULLY UNOBSTRUCTED WHEN DOT IS ACTIVELY MILLING OR PAVING.","B012025119H55",,,"2025-07-10T12:14:46.000","2025-07-31T00:00:00.000","2025-10-15T23:59:59.000","BROOKLYN","817","DEAN STREET","GRAND AVENUE","WASHINGTON AVENUE","WILLIAM A. GROSS CONSTRUCTION ASSOCIATES, INC.","NYC DPR - Tree Damaged Sidewalks - Borough-Wide Contract","Work involves the removal/ replacement / repair of tree damaged sidewalks in front of the aforementioned property. This is a borough-wide contract. There are no drawings nor OCMC Stipulations for same.","ASPHALT","CONCRETE","2025-07-10T12:14:44.000","2025-07-10T12:14:44.000",,,
"B162025192A71","2025071000622963","0001","Renew","030","EXPIRED","16","COMMERCIAL REFUSE CONTAINER PERMIT","1600","COMMERCIAL REFUSE CONTAINER",,,,,,,,,"B162025184A73",,,"2025-07-11T12:44:49.000","2025-07-11T12:44:49.000","2025-07-15T23:59:59.000","BROOKLYN","2065","61 STREET","20 AVENUE","21 AVENUE","CITYWIDE CONTAINER SERVICE CORP.",,,,,"2025-07-11T12:44:46.000","2025-07-16T00:05:11.000",,,
"B012025191G99","2025070900938616","0005","Renew","006","ISSUED & PRINTED","01","STREET OPENING PERMIT","0162","NYC PARKS - RECONSTRUCTION CONTRACT","1","100","1000","10",,,,"JG--WORK AS PER CEC-2 -124. RCRRM: 8/2/24 MUST COORDINATE WITH DOT MILLING AND PAVING;THE FULL WIDTH OF THE ROADWAY MUST BE FULLY UNOBSTRUCTED WHEN DOT IS ACTIVELY MILLING OR PAVING.","B012025119H36",,,"2025-07-10T12:14:46.000","2025-07-31T00:00:00.000","2025-10-15T23:59:59.000","BROOKLYN","1281","BERGEN STREET","BROOKLYN AVENUE","KINGSTON AVENUE","WILLIAM A. GROSS CONSTRUCTION ASSOCIATES, INC.","NYC DPR - Tree Damaged Sidewalks - Borough-Wide Contract","Work involves the removal/ replacement / repair of tree damaged sidewalks in front of the aforementioned property. This is a borough-wide contract. There are no drawings nor OCMC Stipulations for same.","ASPHALT","CONCRETE","2025-07-10T12:14:44.000","2025-07-10T12:14:44.000",,,
"B012025191J46","2025070900934860","0088","Renew","006","ISSUED & PRINTED","01","STREET OPENING PERMIT","0162P","NYC PARKS - RECONSTRUCTION CONTRACT-PROT","2","500","5000","10",,,,"DP. AS PER CEC-12-124A","B012025127A75",,,"2025-07-10T12:39:41.000","2025-08-04T00:00:00.000","2025-10-15T23:59:59.000","BROOKLYN","34","ELTON STREET","JAMAICA AVENUE","RIDGEWOOD AVENUE","WILLIAM A. GROSS CONSTRUCTION ASSOCIATES, INC.","NYC Parks Reconstruction of Sidewalks Across Brooklyn",,"ASPHALT","CONCRETE","2025-07-10T12:39:40.000","2025-07-10T12:39:40.000",,,
"B012025191H01","2025070900938616","0007","Renew","006","ISSUED & PRINTED","01","STREET OPENING PERMIT","0160","SIDEWALK RECONSTRUCTION CONTRACTS","1","100","1000","10",,,,"JG--CEC-12-124 RCRRM: 8/2/24 MUST COORDINATE WITH DOT MILLING AND PAVING;THE FULL WIDTH OF THE ROADWAY MUST BE FULLY UNOBSTRUCTED WHEN DOT IS ACTIVELY MILLING OR PAVING.","B012025119H51",,,"2025-07-10T12:14:46.000","2025-07-31T00:00:00.000","2025-10-15T23:59:59.000","BROOKLYN","1276","BERGEN STREET","BROOKLYN AVENUE","KINGSTON AVENUE","WILLIAM A. GROSS CONSTRUCTION ASSOCIATES, INC.","NYC DPR - Tree Damaged Sidewalks - Borough-Wide Contract","Work involves the removal/ replacement / repair of tree damaged sidewalks in front of the aforementioned property. This is a borough-wide contract. There are no drawings nor OCMC Stipulations for same.","ASPHALT","CONCRETE","2025-07-10T12:14:45.000","2025-07-10T12:14:45.000",,,
"B012025191H16","2025070900938616","0024","Renew","006","ISSUED & PRINTED","01","STREET OPENING PERMIT","0160P","SIDEWALK RECONSTRUCTION CONTRACTS-PROT","1","100","1000","10",,,,"JG--CEC-12-124","B012025119H72",,,"2025-07-10T12:14:53.000","2025-07-31T00:00:00.000","2025-10-15T23:59:59.000","BROOKLYN","1051","EASTERN PARKWAY","SCHENECTADY AVENUE","UTICA AVENUE","WILLIAM A. GROSS CONSTRUCTION ASSOCIATES, INC.","NYC DPR - Tree Damaged Sidewalks - Borough-Wide Contract","Work involves the removal/ replacement / repair of tree damaged sidewalks in front of the aforementioned property. This is a borough-wide contract. There are no drawings nor OCMC Stipulations for same.","ASPHALT","CONCRETE","2025-07-10T12:14:51.000","2025-07-10T12:14:51.000",,,
"B012025191H28","2025070900938616","0036","Renew","006","ISSUED & PRINTED","01","STREET OPENING PERMIT","0160","SIDEWALK RECONSTRUCTION CONTRACTS","2","500","5000","10",,,,"JN REFER TO CEC-12-124. RCRRM: 4/24/25 MUST COORDINATE WITH DOT MILLING AND PAVING;THE FULL WIDTH OF THE ROADWAY MUST BE FULLY UNOBSTRUCTED WHEN DOT IS ACTIVELY MILLING OR PAVING.","B012025119I42",,,"2025-07-10T12:15:00.000","2025-07-31T00:00:00.000","2025-10-15T23:59:59.000","BROOKLYN","717","HOWARD AVENUE","BEND","BLAKE AVENUE","WILLIAM A. GROSS CONSTRUCTION ASSOCIATES, INC.","Sidewalk reconstruction",,"ASPHALT","CONCRETE","2025-07-10T12:14:59.000","2025-07-10T12:14:59.000",,,
"B012025191H29","2025070900938616","0037","Renew","006","ISSUED & PRINTED","01","STREET OPENING PERMIT","0162","NYC PARKS - RECONSTRUCTION CONTRACT","2","500","5000","10",,,,"JN REFER TO CEC-12-124","B012025119I43",,,"2025-07-10T12:15:01.000","2025-07-31T00:00:00.000","2025-10-15T23:59:59.000","BROOKLYN","717","HOWARD AVENUE","BEND","BLAKE AVENUE","WILLIAM A. GROSS CONSTRUCTION ASSOCIATES, INC.","Sidewalk reconstruction",,"ASPHALT","CONCRETE","2025-07-10T12:15:00.000","2025-07-10T12:15:00.000",,,
"B012025191I09","2025070900938616","0117","Renew","006","ISSUED & PRINTED","01","STREET OPENING PERMIT","0162P","NYC PARKS - RECONSTRUCTION CONTRACT-PROT","2","500","5000","10",,,,"JN REFER TO CEC-12-124","B012025119I38",,,"2025-07-10T12:17:24.000","2025-07-31T00:00:00.000","2025-10-15T23:59:59.000","BROOKLYN",,"EAST    3 STREET","KINGS HIGHWAY",,"WILLIAM A. GROSS CONSTRUCTION ASSOCIATES, INC.","Sidewalk reconstruction",,"ASPHALT","CONCRETE","2025-07-10T12:17:23.000","2025-07-10T12:17:23.000",,,
"B162025190A06","2025070900212103","0004","New","030","EXPIRED","16","COMMERCIAL REFUSE CONTAINER PERMIT","1600","COMMERCIAL REFUSE CONTAINER",,,,,,,,,,,,"2025-07-09T09:01:17.000","2025-07-09T09:01:17.000","2025-07-13T23:59:59.000","BROOKLYN","601-605","BERGEN STREET","CARLTON AVENUE","VANDERBILT AVENUE","COGENT WASTE SOLUTIONS LLC",,,,,"2025-07-09T09:01:16.000","2025-07-14T00:05:10.000",,,
"B162025192A28","2025071100230613","0001","New","030","EXPIRED","16","COMMERCIAL REFUSE CONTAINER PERMIT","1600","COMMERCIAL REFUSE CONTAINER",,,,,,,,,,,,"2025-07-11T09:26:48.000","2025-07-11T09:26:48.000","2025-07-15T23:59:59.000","BROOKLYN","2511","EAST   19 STREET","AVENUE Y","AVENUE Z","CHESAKL ENTERPRISES, INC.",,,,,"2025-07-11T09:26:47.000","2025-07-16T00:05:11.000",,,
"B012025191H04","2025070900938616","0011","Renew","006","ISSUED & PRINTED","01","STREET OPENING PERMIT","0162P","NYC PARKS - RECONSTRUCTION CONTRACT-PROT","1","100","1000","10",,,,"IL. REFER TO CEC-12-124. RCRRM: 8/1/24 MUST COORDINATE WITH DOT MILLING AND PAVING;THE FULL WIDTH OF THE ROADWAY MUST BE FULLY UNOBSTRUCTED WHEN DOT IS ACTIVELY MILLING OR PAVING.","B012025119H63",,,"2025-07-10T12:14:47.000","2025-07-31T00:00:00.000","2025-10-15T23:59:59.000","BROOKLYN","415","MENAHAN STREET","CYPRESS AVENUE","ST NICHOLAS AVENUE","WILLIAM A. GROSS CONSTRUCTION ASSOCIATES, INC.","NYC DPR - Tree Damaged Sidewalks - Borough-Wide Contract","Work involves the removal/ replacement / repair of tree damaged sidewalks in front of the aforementioned property. This is a borough-wide contract. There are no drawings nor OCMC Stipulations for same.","ASPHALT","CONCRETE","2025-07-10T12:14:46.000","2025-07-10T12:14:46.000",,,
"B012025191H10","2025070900938616","0018","Renew","006","ISSUED & PRINTED","01","STREET OPENING PERMIT","0162","NYC PARKS - RECONSTRUCTION CONTRACT","1","100","1000","10",,,,"JG--WORK AS PER CEC-2 -124","B012025119H77",,,"2025-07-10T12:14:49.000","2025-07-31T00:00:00.000","2025-10-15T23:59:59.000","BROOKLYN","1517","PACIFIC STREET","ALBANY AVENUE","KINGSTON AVENUE","WILLIAM A. GROSS CONSTRUCTION ASSOCIATES, INC.","NYC DPR - Tree Damaged Sidewalks - Borough-Wide Contract","Work involves the removal/ replacement / repair of tree damaged sidewalks in front of the aforementioned property. This is a borough-wide contract. There are no drawings nor OCMC Stipulations for same.","ASPHALT","CONCRETE","2025-07-10T12:14:48.000","2025-07-10T12:14:48.000",,,
"B012025191H36","2025070900938616","0044","Renew","006","ISSUED & PRINTED","01","STREET OPENING PERMIT","0160","SIDEWALK RECONSTRUCTION CONTRACTS","1","100","1000","10",,,,"JG--CEC-12-124","B012025119H80",,,"2025-07-10T12:15:09.000","2025-07-31T00:00:00.000","2025-10-15T23:59:59.000","BROOKLYN","1657","PRESIDENT STREET","SCHENECTADY AVENUE","UTICA AVENUE","WILLIAM A. GROSS CONSTRUCTION ASSOCIATES, INC.","NYC DPR - Tree Damaged Sidewalks - Borough-Wide Contract","Work involves the removal/ replacement / repair of tree damaged sidewalks in front of the aforementioned property. This is a borough-wide contract. There are no drawings nor OCMC Stipulations for same.","ASPHALT","CONCRETE","2025-07-10T12:15:07.000","2025-07-10T12:15:07.000",,,
"B012025191H11","2025070900938616","0019","Renew","006","ISSUED & PRINTED","01","STREET OPENING PERMIT","0162","NYC PARKS - RECONSTRUCTION CONTRACT","1","100","1000","10",,,,"IL. REFER TO CEC-12-124. RCRRM: 4/24/25 MUST COORDINATE WITH DOT MILLING AND PAVING;THE FULL WIDTH OF THE ROADWAY MUST BE FULLY UNOBSTRUCTED WHEN DOT IS ACTIVELY MILLING OR PAVING.","B012025119H65",,,"2025-07-10T12:14:50.000","2025-07-31T00:00:00.000","2025-10-15T23:59:59.000","BROOKLYN","91","SCHAEFER STREET","BUSHWICK AVENUE","EVERGREEN AVENUE","WILLIAM A. GROSS CONSTRUCTION ASSOCIATES, INC.","NYC DPR - Tree Damaged Sidewalks - Borough-Wide Contract","Work involves the removal/ replacement / repair of tree damaged sidewalks in front of the aforementioned property. This is a borough-wide contract. There are no drawings nor OCMC Stipulations for same.","ASPHALT","CONCRETE","2025-07-10T12:14:49.000","2025-07-10T12:14:49.000",,,
"B012025191H13","2025070900938616","0021","Renew","006","ISSUED & PRINTED","01","STREET OPENING PERMIT","0160P","SIDEWALK RECONSTRUCTION CONTRACTS-PROT","1","100","1000","10",,,,"JG--CEC-12-124","B012025119H78",,,"2025-07-10T12:14:51.000","2025-07-31T00:00:00.000","2025-10-15T23:59:59.000","BROOKLYN","1302","PARK PLACE","SCHENECTADY AVENUE","TROY AVENUE","WILLIAM A. GROSS CONSTRUCTION ASSOCIATES, INC.","NYC DPR - Tree Damaged Sidewalks - Borough-Wide Contract","Work involves the removal/ replacement / repair of tree damaged sidewalks in front of the aforementioned property. This is a borough-wide contract. There are no drawings nor OCMC Stipulations for same.","ASPHALT","CONCRETE","2025-07-10T12:14:50.000","2025-07-10T12:14:50.000",,,
"B022025196C19","2025070900528373","0006","New","006","ISSUED & PRINTED","02","BUILDING OPERATION PERMIT","0215","OCCUPANCY OF SIDEWALK AS STIPULATED",,,,,,,,"IL. BNEC-25-035",,,,"2025-07-15T16:30:13.000","2025-07-15T16:30:13.000","2025-10-07T23:59:59.000","BROOKLYN","222","16 STREET","5 AVENUE","6 AVENUE","S&U  MANAGEMENT INC",,,,"CONCRETE","2025-07-15T16:30:13.000","2025-07-15T16:30:13.000",,,
"B012025191H61","2025070900938616","0069","Renew","006","ISSUED & PRINTED","01","STREET OPENING PERMIT","0160P","SIDEWALK RECONSTRUCTION CONTRACTS-PROT","2","500","5000","10",,,,"JN REFER TO CEC-12-124","B012025119H91",,,"2025-07-10T12:15:42.000","2025-07-31T00:00:00.000","2025-10-15T23:59:59.000","BROOKLYN",,"EVERGREEN AVENUE","CEDAR STREET","DE KALB AVENUE","WILLIAM A. GROSS CONSTRUCTION ASSOCIATES, INC.",,,"ASPHALT","CONCRETE","2025-07-10T12:15:41.000","2025-07-10T12:15:41.000",,,
"B012025191H15","2025070900938616","0023","Renew","006","ISSUED & PRINTED","01","STREET OPENING PERMIT","0162P","NYC PARKS - RECONSTRUCTION CONTRACT-PROT","1","100","1000","10",,,,"JG--WORK AS PER CEC-2 -124","B012025119H79",,,"2025-07-10T12:14:52.000","2025-07-31T00:00:00.000","2025-10-15T23:59:59.000","BROOKLYN","1302","PARK PLACE","SCHENECTADY AVENUE","TROY AVENUE","WILLIAM A. GROSS CONSTRUCTION ASSOCIATES, INC.","NYC DPR - Tree Damaged Sidewalks - Borough-Wide Contract","Work involves the removal/ replacement / repair of tree damaged sidewalks in front of the aforementioned property. This is a borough-wide contract. There are no drawings nor OCMC Stipulations for same.","ASPHALT","CONCRETE","2025-07-10T12:14:51.000","2025-07-10T12:14:51.000",,,
"B012025191H27","2025070900938616","0035","Renew","006","ISSUED & PRINTED","01","STREET OPENING PERMIT","0162P","NYC PARKS - RECONSTRUCTION CONTRACT-PROT","1","100","1000","10",,,,"IL. REFER TO CEC-12-124.","B012025119H14",,,"2025-07-10T12:14:59.000","2025-07-31T00:00:00.000","2025-10-15T23:59:59.000","BROOKLYN","331","HALSEY STREET","MARCUS GARVEY BOULEVARD","THROOP AVENUE","WILLIAM A. GROSS CONSTRUCTION ASSOCIATES, INC.","NYC DPR - Tree Damaged Sidewalks - Borough-Wide Contract","Work involves the removal/ replacement / repair of tree damaged sidewalks in front of the aforementioned property. This is a borough-wide contract. There are no drawings nor OCMC Stipulations for same.","ASPHALT","CONCRETE","2025-07-10T12:14:58.000","2025-07-10T12:14:58.000",,,
"B012025191J03","2025070900934860","0045","Renew","006","ISSUED & PRINTED","01","STREET OPENING PERMIT","0160P","SIDEWALK RECONSTRUCTION CONTRACTS-PROT","2","500","5000","10",,,,"DP. AS PER CEC-12-124A","B012025127B66",,,"2025-07-10T12:38:16.000","2025-08-04T00:00:00.000","2025-10-15T23:59:59.000","BROOKLYN","490","LINCOLN AVENUE","GLENMORE AVENUE","LIBERTY AVENUE","WILLIAM A. GROSS CONSTRUCTION ASSOCIATES, INC.","NYC Parks Reconstruction of Sidewalks Across Brooklyn",,"ASPHALT","CONCRETE","2025-07-10T12:38:15.000","2025-07-10T12:38:15.000",,,
"B012025191H17","2025070900938616","0025","Renew","006","ISSUED & PRINTED","01","STREET OPENING PERMIT","0162","NYC PARKS - RECONSTRUCTION CONTRACT","1","100","1000","10",,,,"IL. REFER TO CEC-12-124. RCRRM: 8/1/24 MUST COORDINATE WITH DOT MILLING AND PAVING;THE FULL WIDTH OF THE ROADWAY MUST BE FULLY UNOBSTRUCTED WHEN DOT IS ACTIVELY MILLING OR PAVING.","B012025119H08",,,"2025-07-10T12:14:53.000","2025-07-31T00:00:00.000","2025-10-15T23:59:59.000","BROOKLYN","502","WILLOUGHBY AVENUE","MARCY AVENUE","NOSTRAND AVENUE","WILLIAM A. GROSS CONSTRUCTION ASSOCIATES, INC.","NYC DPR - Tree Damaged Sidewalks - Borough-Wide Contract","Work involves the removal/ replacement / repair of tree damaged sidewalks in front of the aforementioned property. This is a borough-wide contract. There are no drawings nor OCMC Stipulations for same.","ASPHALT","CONCRETE","2025-07-10T12:14:52.000","2025-07-10T12:14:52.000",,,
"B012025191H18","2025070900938616","0026","Renew","006","ISSUED & PRINTED","01","STREET OPENING PERMIT","0162","NYC PARKS - RECONSTRUCTION CONTRACT","1","100","1000","10",,,,"IL. REFER TO CEC-12-124.","B012025119H09",,,"2025-07-10T12:14:54.000","2025-07-31T00:00:00.000","2025-10-15T23:59:59.000","BROOKLYN","30","WEIRFIELD STREET","BROADWAY","BUSHWICK AVENUE","WILLIAM A. GROSS CONSTRUCTION ASSOCIATES, INC.","NYC DPR - Tree Damaged Sidewalks - Borough-Wide Contract","Work involves the removal/ replacement / repair of tree damaged sidewalks in front of the aforementioned property. This is a borough-wide contract. There are no drawings nor OCMC Stipulations for same.","ASPHALT","CONCRETE","2025-07-10T12:14:52.000","2025-07-10T12:14:52.000",,,
"B012025191H19","2025070900938616","0027","Renew","006","ISSUED & PRINTED","01","STREET OPENING PERMIT","0162","NYC PARKS - RECONSTRUCTION CONTRACT","1","100","1000","10",,,,"IL. REFER TO CEC-12-124.","B012025119H10",,,"2025-07-10T12:14:55.000","2025-07-31T00:00:00.000","2025-10-15T23:59:59.000","BROOKLYN","447","PULASKI STREET","MALCOLM X BOULEVARD","STUYVESANT AVENUE","WILLIAM A. GROSS CONSTRUCTION ASSOCIATES, INC.","NYC DPR - Tree Damaged Sidewalks - Borough-Wide Contract","Work involves the removal/ replacement / repair of tree damaged sidewalks in front of the aforementioned property. This is a borough-wide contract. There are no drawings nor OCMC Stipulations for same.","ASPHALT","CONCRETE","2025-07-10T12:14:53.000","2025-07-10T12:14:53.000",,,
"B152025192A75","2025071100309886","0003","New","030","EXPIRED","15","DOT IN-HOUSE PAVING AND MILLING","1501","DOT IN-HOUSE PAVING",,,,,,,,,,,,"2025-07-11T10:06:29.000","2025-07-16T00:00:00.000","2025-07-17T23:59:59.000","BROOKLYN",,"JEWELL STREET","NORMAN AVENUE",,"NYC DEPT OF TRANSPORTATION","PAVING","SEGMENT AND INTERSECTION",,,"2025-07-11T10:06:27.000","2025-07-18T00:05:11.000",,,
"B012025191I25","2025070900937823","0010","Renew","006","ISSUED & PRINTED","01","STREET OPENING PERMIT","0162","NYC PARKS - RECONSTRUCTION CONTRACT","2","500","5000","10",,,,"JN REFER TO CEC-12-124. RCRRM: 4/24/25 MUST COORDINATE WITH DOT MILLING AND PAVING;THE FULL WIDTH OF THE ROADWAY MUST BE FULLY UNOBSTRUCTED WHEN DOT IS ACTIVELY MILLING OR PAVING.","B012025119I58",,,"2025-07-10T12:28:24.000","2025-07-31T00:00:00.000","2025-10-15T23:59:59.000","BROOKLYN",,"GRAVESEND NECK ROAD","WEST STREET",,"WILLIAM A. GROSS CONSTRUCTION ASSOCIATES, INC.","Sidewalk reconstruction",,"ASPHALT","CONCRETE","2025-07-10T12:28:23.000","2025-07-10T12:28:23.000",,,
"B012025191H20","2025070900938616","0028","Renew","006","ISSUED & PRINTED","01","STREET OPENING PERMIT","0162P","NYC PARKS - RECONSTRUCTION CONTRACT-PROT","1","100","1000","10",,,,"JG--WORK AS PER CEC-2 -124","B012025119H11",,,"2025-07-10T12:14:55.000","2025-07-31T00:00:00.000","2025-10-15T23:59:59.000","BROOKLYN","1051","EASTERN PARKWAY","SCHENECTADY AVENUE","UTICA AVENUE","WILLIAM A. GROSS CONSTRUCTION ASSOCIATES, INC.","NYC DPR - Tree Damaged Sidewalks - Borough-Wide Contract","Work involves the removal/ replacement / repair of tree damaged sidewalks in front of the aforementioned property. This is a borough-wide contract. There are no drawings nor OCMC Stipulations for same.","ASPHALT","CONCRETE","2025-07-10T12:14:53.000","2025-07-10T12:14:53.000",,,
"B012025191I01","2025070900938616","0109","Renew","006","ISSUED & PRINTED","01","STREET OPENING PERMIT","0162","NYC PARKS - RECONSTRUCTION CONTRACT","2","500","5000","10",,,,"JN REFER TO CEC-12-124 RCRRM: 3/17/25 MUST COORDINATE WITH DOT MILLING AND PAVING;THE FULL WIDTH OF THE ROADWAY MUST BE FULLY UNOBSTRUCTED WHEN DOT IS ACTIVELY MILLING OR PAVING.","B012025119I34",,,"2025-07-10T12:17:23.000","2025-07-31T00:00:00.000","2025-10-15T23:59:59.000","BROOKLYN",,"BRAGG STREET","AVENUE U","GERRITSEN AVENUE","WILLIAM A. GROSS CONSTRUCTION ASSOCIATES, INC.",,,"ASPHALT","CONCRETE","2025-07-10T12:17:21.000","2025-07-10T12:17:21.000",,,
"B012025191H21","2025070900938616","0029","Renew","006","ISSUED & PRINTED","01","STREET OPENING PERMIT","0162P","NYC PARKS - RECONSTRUCTION CONTRACT-PROT","1","100","1000","10",,,,"IL. REFER TO CEC-12-124.","B012025119H12",,,"2025-07-10T12:14:55.000","2025-07-31T00:00:00.000","2025-10-15T23:59:59.000","BROOKLYN","327","MACON STREET","MARCUS GARVEY BOULEVARD","THROOP AVENUE","WILLIAM A. GROSS CONSTRUCTION ASSOCIATES, INC.","NYC DPR - Tree Damaged Sidewalks - Borough-Wide Contract","Work involves the removal/ replacement / repair of tree damaged sidewalks in front of the aforementioned property. This is a borough-wide contract. There are no drawings nor OCMC Stipulations for same.","ASPHALT","CONCRETE","2025-07-10T12:14:54.000","2025-07-10T12:14:54.000",,,
"B012025191J47","2025070900934860","0089","Renew","006","ISSUED & PRINTED","01","STREET OPENING PERMIT","0162P","NYC PARKS - RECONSTRUCTION CONTRACT-PROT","1","100","5000","10",,,,"GXS. REFER TO CEC-12-124.","B012025120B73",,,"2025-07-10T12:39:44.000","2025-07-31T00:00:00.000","2025-10-15T23:59:59.000","BROOKLYN",,"COOPER STREET","BUSHWICK AVENUE","EVERGREEN AVENUE","WILLIAM A. GROSS CONSTRUCTION ASSOCIATES, INC.","NYC DPR - Tree Damaged Sidewalks - Borough-Wide Contract",,"ASPHALT","CONCRETE","2025-07-10T12:39:43.000","2025-07-10T12:39:43.000",,,
"B012025191H37","2025070900938616","0045","Renew","006","ISSUED & PRINTED","01","STREET OPENING PERMIT","0162","NYC PARKS - RECONSTRUCTION CONTRACT","1","100","1000","10",,,,"JG--WORK AS PER CEC-2 -124","B012025119H81",,,"2025-07-10T12:15:09.000","2025-07-31T00:00:00.000","2025-10-15T23:59:59.000","BROOKLYN","1657","PRESIDENT STREET","SCHENECTADY AVENUE","UTICA AVENUE","WILLIAM A. GROSS CONSTRUCTION ASSOCIATES, INC.","NYC DPR - Tree Damaged Sidewalks - Borough-Wide Contract","Work involves the removal/ replacement / repair of tree damaged sidewalks in front of the aforementioned property. This is a borough-wide contract. There are no drawings nor OCMC Stipulations for same.","ASPHALT","CONCRETE","2025-07-10T12:15:08.000","2025-07-10T12:15:08.000",,,
"B012025191H25","2025070900938616","0033","Renew","006","ISSUED & PRINTED","01","STREET OPENING PERMIT","0162","NYC PARKS - RECONSTRUCTION CONTRACT","1","100","1000","10",,,,"IL. REFER TO CEC-12-124. RCRRM: 8/1/24 MUST COORDINATE WITH DOT MILLING AND PAVING;THE FULL WIDTH OF THE ROADWAY MUST BE FULLY UNOBSTRUCTED WHEN DOT IS ACTIVELY MILLING OR PAVING.","B012025119H58",,,"2025-07-10T12:14:57.000","2025-07-31T00:00:00.000","2025-10-15T23:59:59.000","BROOKLYN","1066","DE KALB AVENUE","MALCOLM X BOULEVARD","STUYVESANT AVENUE","WILLIAM A. GROSS CONSTRUCTION ASSOCIATES, INC.","NYC DPR - Tree Damaged Sidewalks - Borough-Wide Contract","Work involves the removal/ replacement / repair of tree damaged sidewalks in front of the aforementioned property. This is a borough-wide contract. There are no drawings nor OCMC Stipulations for same.","ASPHALT","CONCRETE","2025-07-10T12:14:56.000","2025-07-10T12:14:56.000",,,
"B012025191H26","2025070900938616","0034","Renew","006","ISSUED & PRINTED","01","STREET OPENING PERMIT","0162","NYC PARKS - RECONSTRUCTION CONTRACT","1","100","1000","10",,,,"IL. REFER TO CEC-12-124.","B012025119H13",,,"2025-07-10T12:14:57.000","2025-07-31T00:00:00.000","2025-10-15T23:59:59.000","BROOKLYN","1162","HALSEY STREET","CENTRAL AVENUE","WILSON AVENUE","WILLIAM A. GROSS CONSTRUCTION ASSOCIATES, INC.","NYC DPR - Tree Damaged Sidewalks - Borough-Wide Contract","Work involves the removal/ replacement / repair of tree damaged sidewalks in front of the aforementioned property. This is a borough-wide contract. There are no drawings nor OCMC Stipulations for same.","ASPHALT","CONCRETE","2025-07-10T12:14:56.000","2025-07-10T12:14:56.000",,,
"B012025191H71","2025070900938616","0079","Renew","006","ISSUED & PRINTED","01","STREET OPENING PERMIT","0160","SIDEWALK RECONSTRUCTION CONTRACTS","2","500","5000","10",,,,"JN REFER TO CEC-12-124 RCRRM: 7/9/25 MUST COORDINATE WITH DOT MILLING AND PAVING;THE FULL WIDTH OF THE ROADWAY MUST BE FULLY UNOBSTRUCTED WHEN DOT IS ACTIVELY MILLING OR PAVING.","B012025119I17",,,"2025-07-10T12:15:56.000","2025-07-31T00:00:00.000","2025-10-15T23:59:59.000","BROOKLYN",,"SUYDAM STREET","BUSHWICK AVENUE","MYRTLE AVENUE","WILLIAM A. GROSS CONSTRUCTION ASSOCIATES, INC.",,,"ASPHALT","CONCRETE","2025-07-10T12:15:54.000","2025-07-10T12:15:54.000",,,
"B152025192B34","2025071100351280","0003","New","030","EXPIRED","15","DOT IN-HOUSE PAVING AND MILLING","1501","DOT IN-HOUSE PAVING",,,,,,,,,,,,"2025-07-11T10:18:21.000","2025-07-17T00:00:00.000","2025-07-17T23:59:59.000","BROOKLYN",,"NORFOLK STREET","ORIENTAL BOULEVARD",,"NYC DEPT OF TRANSPORTATION","PAVING","SEGMENT AND INTERSECTION",,,"2025-07-11T10:18:19.000","2025-07-18T00:05:11.000",,,
"B012025191H30","2025070900938616","0038","Renew","006","ISSUED & PRINTED","01","STREET OPENING PERMIT","0162","NYC PARKS - RECONSTRUCTION CONTRACT","1","100","1000","10",,,,"IL. REFER TO CEC-12-124.","B012025119H15",,,"2025-07-10T12:15:01.000","2025-07-31T00:00:00.000","2025-10-15T23:59:59.000","BROOKLYN","270","ELDERT STREET","KNICKERBOCKER AVENUE","WILSON AVENUE","WILLIAM A. GROSS CONSTRUCTION ASSOCIATES, INC.","NYC DPR - Tree Damaged Sidewalks - Borough-Wide Contract","Work involves the removal/ replacement / repair of tree damaged sidewalks in front of the aforementioned property. This is a borough-wide contract. There are no drawings nor OCMC Stipulations for same.","ASPHALT","CONCRETE","2025-07-10T12:15:01.000","2025-07-10T12:15:01.000",,,
"B012025191H31","2025070900938616","0039","Renew","006","ISSUED & PRINTED","01","STREET OPENING PERMIT","0162","NYC PARKS - RECONSTRUCTION CONTRACT","1","100","1000","10",,,,"IL. REFER TO CEC-12-124.","B012025119H16",,,"2025-07-10T12:15:03.000","2025-07-31T00:00:00.000","2025-10-15T23:59:59.000","BROOKLYN","421","LEWIS AVENUE","BAINBRIDGE STREET","DECATUR STREET","WILLIAM A. GROSS CONSTRUCTION ASSOCIATES, INC.","NYC DPR - Tree Damaged Sidewalks - Borough-Wide Contract","Work involves the removal/ replacement / repair of tree damaged sidewalks in front of the aforementioned property. This is a borough-wide contract. There are no drawings nor OCMC Stipulations for same.","ASPHALT","CONCRETE","2025-07-10T12:15:02.000","2025-07-10T12:15:02.000",,,
"B012025191H32","2025070900938616","0040","Renew","006","ISSUED & PRINTED","01","STREET OPENING PERMIT","0160P","SIDEWALK RECONSTRUCTION CONTRACTS-PROT","1","100","1000","10",,,,"JG--CEC-12-124","B012025119H73",,,"2025-07-10T12:15:05.000","2025-07-31T00:00:00.000","2025-10-15T23:59:59.000","BROOKLYN","1152","EASTERN PARKWAY","ROCHESTER AVENUE","UTICA AVENUE","WILLIAM A. GROSS CONSTRUCTION ASSOCIATES, INC.","NYC DPR - Tree Damaged Sidewalks - Borough-Wide Contract","Work involves the removal/ replacement / repair of tree damaged sidewalks in front of the aforementioned property. This is a borough-wide contract. There are no drawings nor OCMC Stipulations for same.","ASPHALT","CONCRETE","2025-07-10T12:15:03.000","2025-07-10T12:15:03.000",,,
"B012025191I35","2025070900937823","0020","Renew","006","ISSUED & PRINTED","01","STREET OPENING PERMIT","0160","SIDEWALK RECONSTRUCTION CONTRACTS","2","500","5000","10",,,,"JN REFER TO CEC-12-124","B012025119I75",,,"2025-07-10T12:28:26.000","2025-07-31T00:00:00.000","2025-10-15T23:59:59.000","BROOKLYN",,"CLARENDON ROAD","EAST   31 STREET","NOSTRAND AVENUE","WILLIAM A. GROSS CONSTRUCTION ASSOCIATES, INC.","Sidewalk reconstruction",,"ASPHALT","CONCRETE","2025-07-10T12:28:25.000","2025-07-10T12:28:25.000",,,
"B152025196A12","2025071500976823","0005","New","030","EXPIRED","15","DOT IN-HOUSE PAVING AND MILLING","1501","DOT IN-HOUSE PAVING",,,,,,,,,,,,"2025-07-15T14:48:09.000","2025-07-16T00:00:00.000","2025-07-16T23:59:59.000","BROOKLYN",,"DRIGGS AVENUE","LORIMER STREET",,"NYC DEPT OF TRANSPORTATION","PAVING","SEGMENT AND INTERSECTION",,,"2025-07-15T14:48:07.000","2025-07-17T00:05:09.000",,,
"B012025191H33","2025070900938616","0041","Renew","006","ISSUED & PRINTED","01","STREET OPENING PERMIT","0162","NYC PARKS - RECONSTRUCTION CONTRACT","1","100","1000","10",,,,"IL. REFER TO CEC-12-124.","B012025119H17",,,"2025-07-10T12:15:05.000","2025-07-31T00:00:00.000","2025-10-15T23:59:59.000","BROOKLYN","530","CENTRAL AVENUE","HANCOCK STREET","JEFFERSON AVENUE","WILLIAM A. GROSS CONSTRUCTION ASSOCIATES, INC.","NYC DPR - Tree Damaged Sidewalks - Borough-Wide Contract","Work involves the removal/ replacement / repair of tree damaged sidewalks in front of the aforementioned property. This is a borough-wide contract. There are no drawings nor OCMC Stipulations for same.","ASPHALT","CONCRETE","2025-07-10T12:15:04.000","2025-07-10T12:15:04.000",,,
"B012025191I38","2025070900937823","0023","Renew","006","ISSUED & PRINTED","01","STREET OPENING PERMIT","0162","NYC PARKS - RECONSTRUCTION CONTRACT","2","500","5000","10",,,,"JN REFER TO CEC-12-124","B012025119I63",,,"2025-07-10T12:28:28.000","2025-07-31T00:00:00.000","2025-10-15T23:59:59.000","BROOKLYN",,"EAST   26 STREET","AVENUE X","AVENUE Y","WILLIAM A. GROSS CONSTRUCTION ASSOCIATES, INC.","Sidewalk reconstruction",,"ASPHALT","CONCRETE","2025-07-10T12:28:27.000","2025-07-10T12:28:27.000",,,
"B012025191I28","2025070900937823","0013","Renew","006","ISSUED & PRINTED","01","STREET OPENING PERMIT","0160","SIDEWALK RECONSTRUCTION CONTRACTS","2","500","5000","10",,,,"JN REFER TO CEC-12-124","B012025119I72",,,"2025-07-10T12:28:25.000","2025-07-31T00:00:00.000","2025-10-15T23:59:59.000","BROOKLYN",,"AVENUE T","EAST   66 STREET","EAST   67 STREET","WILLIAM A. GROSS CONSTRUCTION ASSOCIATES, INC.","Sidewalk reconstruction",,"ASPHALT","CONCRETE","2025-07-10T12:28:24.000","2025-07-10T12:28:24.000",,,
"B012025191H34","2025070900938616","0042","Renew","006","ISSUED & PRINTED","01","STREET OPENING PERMIT","0162P","NYC PARKS - RECONSTRUCTION CONTRACT-PROT","1","100","1000","10",,,,"JG--WORK AS PER CEC-2 -124","B012025119H74",,,"2025-07-10T12:15:05.000","2025-07-31T00:00:00.000","2025-10-15T23:59:59.000","BROOKLYN","1152","EASTERN PARKWAY","ROCHESTER AVENUE","UTICA AVENUE","WILLIAM A. GROSS CONSTRUCTION ASSOCIATES, INC.","NYC DPR - Tree Damaged Sidewalks - Borough-Wide Contract","Work involves the removal/ replacement / repair of tree damaged sidewalks in front of the aforementioned property. This is a borough-wide contract. There are no drawings nor OCMC Stipulations for same.","ASPHALT","CONCRETE","2025-07-10T12:15:04.000","2025-07-10T12:15:04.000",,,
"B012025191I20","2025070900937823","0005","Renew","006","ISSUED & PRINTED","01","STREET OPENING PERMIT","0162","NYC PARKS - RECONSTRUCTION CONTRACT","2","500","5000","10",,,,"JN REFER TO CEC-12-124 RCRRM: 7/9/25 MUST COORDINATE WITH DOT MILLING AND PAVING;THE FULL WIDTH OF THE ROADWAY MUST BE FULLY UNOBSTRUCTED WHEN DOT IS ACTIVELY MILLING OR PAVING.","B012025119I55",,,"2025-07-10T12:28:24.000","2025-07-31T00:00:00.000","2025-10-15T23:59:59.000","BROOKLYN",,"STRYKER COURT","STRYKER STREET",,"WILLIAM A. GROSS CONSTRUCTION ASSOCIATES, INC.","Sidewalk reconstruction",,"ASPHALT","CONCRETE","2025-07-10T12:28:22.000","2025-07-10T12:28:22.000",,,
"B012025191H38","2025070900938616","0046","Renew","006","ISSUED & PRINTED","01","STREET OPENING PERMIT","0162P","NYC PARKS - RECONSTRUCTION CONTRACT-PROT","1","100","1000","10",,,,"IL. REFER TO CEC-12-124.","B012025119H23",,,"2025-07-10T12:15:11.000","2025-07-31T00:00:00.000","2025-10-15T23:59:59.000","BROOKLYN","644","HALSEY STREET","PATCHEN AVENUE","MALCOLM X BOULEVARD","WILLIAM A. GROSS CONSTRUCTION ASSOCIATES, INC.","NYC DPR - Tree Damaged Sidewalks - Borough-Wide Contract","Work involves the removal/ replacement / repair of tree damaged sidewalks in front of the aforementioned property. This is a borough-wide contract. There are no drawings nor OCMC Stipulations for same.","ASPHALT","CONCRETE","2025-07-10T12:15:09.000","2025-07-10T12:15:09.000",,,
"B012025191H39","2025070900938616","0047","Renew","006","ISSUED & PRINTED","01","STREET OPENING PERMIT","0162P","NYC PARKS - RECONSTRUCTION CONTRACT-PROT","1","100","1000","10",,,,"IL. REFER TO CEC-12-124.","B012025119H24",,,"2025-07-10T12:15:11.000","2025-07-31T00:00:00.000","2025-10-15T23:59:59.000","BROOKLYN","50","TOMPKINS AVENUE","ELLERY STREET","PARK AVENUE","WILLIAM A. GROSS CONSTRUCTION ASSOCIATES, INC.","NYC DPR - Tree Damaged Sidewalks - Borough-Wide Contract","Work involves the removal/ replacement / repair of tree damaged sidewalks in front of the aforementioned property. This is a borough-wide contract. There are no drawings nor OCMC Stipulations for same.","ASPHALT","CONCRETE","2025-07-10T12:15:10.000","2025-07-10T12:15:10.000",,,
"B012025191H40","2025070900938616","0048","Renew","006","ISSUED & PRINTED","01","STREET OPENING PERMIT","0160","SIDEWALK RECONSTRUCTION CONTRACTS","1","100","1000","10",,,,"JG--CEC-12-124","B012025119H25",,,"2025-07-10T12:15:11.000","2025-07-31T00:00:00.000","2025-10-15T23:59:59.000","BROOKLYN","729","MONTGOMERY STREET","ALBANY AVENUE","KINGSTON AVENUE","WILLIAM A. GROSS CONSTRUCTION ASSOCIATES, INC.","NYC DPR - Tree Damaged Sidewalks - Borough-Wide Contract","Work involves the removal/ replacement / repair of tree damaged sidewalks in front of the aforementioned property. This is a borough-wide contract. There are no drawings nor OCMC Stipulations for same.","ASPHALT","CONCRETE","2025-07-10T12:15:10.000","2025-07-10T12:15:10.000",,,
"B012025191H41","2025070900938616","0049","Renew","006","ISSUED & PRINTED","01","STREET OPENING PERMIT","0162","NYC PARKS - RECONSTRUCTION CONTRACT","1","100","1000","10",,,,"JG--WORK AS PER CEC-2 -124","B012025119H26",,,"2025-07-10T12:15:13.000","2025-07-31T00:00:00.000","2025-10-15T23:59:59.000","BROOKLYN","729","MONTGOMERY STREET","ALBANY AVENUE","KINGSTON AVENUE","WILLIAM A. GROSS CONSTRUCTION ASSOCIATES, INC.","NYC DPR - Tree Damaged Sidewalks - Borough-Wide Contract","Work involves the removal/ replacement / repair of tree damaged sidewalks in front of the aforementioned property. This is a borough-wide contract. There are no drawings nor OCMC Stipulations for same.","ASPHALT","CONCRETE","2025-07-10T12:15:12.000","2025-07-10T12:15:12.000",,,
"B012025191H66","2025070900938616","0074","Renew","006","ISSUED & PRINTED","01","STREET OPENING PERMIT","0160","SIDEWALK RECONSTRUCTION CONTRACTS","2","500","5000","10",,,,"JN REFER TO CEC-12-124. RCRRM: 4/24/25 MUST COORDINATE WITH DOT MILLING AND PAVING;THE FULL WIDTH OF THE ROADWAY MUST BE FULLY UNOBSTRUCTED WHEN DOT IS ACTIVELY MILLING OR PAVING.","B012025119I27",,,"2025-07-10T12:15:45.000","2025-07-31T00:00:00.000","2025-10-15T23:59:59.000","BROOKLYN",,"BUSHWICK AVENUE","SUYDAM STREET",,"WILLIAM A. GROSS CONSTRUCTION ASSOCIATES, INC.",,,"ASPHALT","CONCRETE","2025-07-10T12:15:44.000","2025-07-10T12:15:44.000",,,
"B012025191H78","2025070900938616","0086","Renew","006","ISSUED & PRINTED","01","STREET OPENING PERMIT","0162","NYC PARKS - RECONSTRUCTION CONTRACT","2","500","5000","10",,,,"JN REFER TO CEC-12-124 RCRRM: 3/17/25 MUST COORDINATE WITH DOT MILLING AND PAVING;THE FULL WIDTH OF THE ROADWAY MUST BE FULLY UNOBSTRUCTED WHEN DOT IS ACTIVELY MILLING OR PAVING.","B012025119I10",,,"2025-07-10T12:16:03.000","2025-07-31T00:00:00.000","2025-10-15T23:59:59.000","BROOKLYN",,"EVERGREEN AVENUE","SUYDAM STREET",,"WILLIAM A. GROSS CONSTRUCTION ASSOCIATES, INC.",,,"ASPHALT","CONCRETE","2025-07-10T12:16:02.000","2025-07-10T12:16:02.000",,,
"B012025191H54","2025070900938616","0062","Renew","006","ISSUED & PRINTED","01","STREET OPENING PERMIT","0162","NYC PARKS - RECONSTRUCTION CONTRACT","1","100","1000","10",,,,"IL. REFER TO CEC-12-124.","B012025119H31",,,"2025-07-10T12:15:32.000","2025-07-31T00:00:00.000","2025-10-15T23:59:59.000","BROOKLYN","46","MONROE STREET","CLASSON AVENUE","FRANKLIN AVENUE","WILLIAM A. GROSS CONSTRUCTION ASSOCIATES, INC.","NYC DPR - Tree Damaged Sidewalks - Borough-Wide Contract","Work involves the removal/ replacement / repair of tree damaged sidewalks in front of the aforementioned property. This is a borough-wide contract. There are no drawings nor OCMC Stipulations for same.","ASPHALT","CONCRETE","2025-07-10T12:15:31.000","2025-07-10T12:15:31.000",,,
"B012025191H43","2025070900938616","0051","Renew","006","ISSUED & PRINTED","01","STREET OPENING PERMIT","0162","NYC PARKS - RECONSTRUCTION CONTRACT","1","100","1000","10",,,,"IL. REFER TO CEC-12-124. RCRRM: 8/1/24 MUST COORDINATE WITH DOT MILLING AND PAVING;THE FULL WIDTH OF THE ROADWAY MUST BE FULLY UNOBSTRUCTED WHEN DOT IS ACTIVELY MILLING OR PAVING.","B012025119H66",,,"2025-07-10T12:15:16.000","2025-07-31T00:00:00.000","2025-10-15T23:59:59.000","BROOKLYN","26","LINDEN STREET","BROADWAY","BUSHWICK AVENUE","WILLIAM A. GROSS CONSTRUCTION ASSOCIATES, INC.","NYC DPR - Tree Damaged Sidewalks - Borough-Wide Contract","Work involves the removal/ replacement / repair of tree damaged sidewalks in front of the aforementioned property. This is a borough-wide contract. There are no drawings nor OCMC Stipulations for same.","ASPHALT","CONCRETE","2025-07-10T12:15:14.000","2025-07-10T12:15:14.000",,,
"B012025191J42","2025070900934860","0084","Renew","006","ISSUED & PRINTED","01","STREET OPENING PERMIT","0160P","SIDEWALK RECONSTRUCTION CONTRACTS-PROT","2","500","5000","10",,,,"DP. AS PER CEC-12-124A","B012025127A74",,,"2025-07-10T12:39:40.000","2025-08-04T00:00:00.000","2025-10-15T23:59:59.000","BROOKLYN","34","ELTON STREET","JAMAICA AVENUE","RIDGEWOOD AVENUE","WILLIAM A. GROSS CONSTRUCTION ASSOCIATES, INC.","NYC Parks Reconstruction of Sidewalks Across Brooklyn",,"ASPHALT","CONCRETE","2025-07-10T12:39:39.000","2025-07-10T12:39:39.000",,,
"B012025191H44","2025070900938616","0052","Renew","006","ISSUED & PRINTED","01","STREET OPENING PERMIT","0162P","NYC PARKS - RECONSTRUCTION CONTRACT-PROT","1","100","1000","10",,,,"IL. REFER TO CEC-12-124.","B012025119H75",,,"2025-07-10T12:15:18.000","2025-07-31T00:00:00.000","2025-10-15T23:59:59.000","BROOKLYN","351","DECATUR STREET","MALCOLM X BOULEVARD","STUYVESANT AVENUE","WILLIAM A. GROSS CONSTRUCTION ASSOCIATES, INC.","NYC DPR - Tree Damaged Sidewalks - Borough-Wide Contract","Work involves the removal/ replacement / repair of tree damaged sidewalks in front of the aforementioned property. This is a borough-wide contract. There are no drawings nor OCMC Stipulations for same.","ASPHALT","CONCRETE","2025-07-10T12:15:17.000","2025-07-10T12:15:17.000",,,
"B012025191H45","2025070900938616","0053","Renew","006","ISSUED & PRINTED","01","STREET OPENING PERMIT","0162P","NYC PARKS - RECONSTRUCTION CONTRACT-PROT","1","100","1000","10",,,,"IL. REFER TO CEC-12-124.","B012025119H76",,,"2025-07-10T12:15:18.000","2025-07-31T00:00:00.000","2025-10-15T23:59:59.000","BROOKLYN","357","DECATUR STREET","MALCOLM X BOULEVARD","STUYVESANT AVENUE","WILLIAM A. GROSS CONSTRUCTION ASSOCIATES, INC.","NYC DPR - Tree Damaged Sidewalks - Borough-Wide Contract","Work involves the removal/ replacement / repair of tree damaged sidewalks in front of the aforementioned property. This is a borough-wide contract. There are no drawings nor OCMC Stipulations for same.","ASPHALT","CONCRETE","2025-07-10T12:15:17.000","2025-07-10T12:15:17.000",,,
"B012025191H46","2025070900938616","0054","Renew","006","ISSUED & PRINTED","01","STREET OPENING PERMIT","0162P","NYC PARKS - RECONSTRUCTION CONTRACT-PROT","1","100","1000","10",,,,"IL. REFER TO CEC-12-124.","B012025119H67",,,"2025-07-10T12:15:21.000","2025-07-31T00:00:00.000","2025-10-15T23:59:59.000","BROOKLYN","170","BAINBRIDGE STREET","MALCOLM X BOULEVARD","STUYVESANT AVENUE","WILLIAM A. GROSS CONSTRUCTION ASSOCIATES, INC.","NYC DPR - Tree Damaged Sidewalks - Borough-Wide Contract","Work involves the removal/ replacement / repair of tree damaged sidewalks in front of the aforementioned property. This is a borough-wide contract. There are no drawings nor OCMC Stipulations for same.","ASPHALT","CONCRETE","2025-07-10T12:15:19.000","2025-07-10T12:15:19.000",,,
"B012025191H47","2025070900938616","0055","Renew","006","ISSUED & PRINTED","01","STREET OPENING PERMIT","0162P","NYC PARKS - RECONSTRUCTION CONTRACT-PROT","1","100","1000","10",,,,"IL. REFER TO CEC-12-124.","B012025119H68",,,"2025-07-10T12:15:23.000","2025-07-31T00:00:00.000","2025-10-15T23:59:59.000","BROOKLYN","125","BAINBRIDGE STREET","LEWIS AVENUE","STUYVESANT AVENUE","WILLIAM A. GROSS CONSTRUCTION ASSOCIATES, INC.","NYC DPR - Tree Damaged Sidewalks - Borough-Wide Contract","Work involves the removal/ replacement / repair of tree damaged sidewalks in front of the aforementioned property. This is a borough-wide contract. There are no drawings nor OCMC Stipulations for same.","ASPHALT","CONCRETE","2025-07-10T12:15:21.000","2025-07-10T12:15:21.000",,,
"B012025191H50","2025070900938616","0058","Renew","006","ISSUED & PRINTED","01","STREET OPENING PERMIT","0162P","NYC PARKS - RECONSTRUCTION CONTRACT-PROT","1","100","1000","10",,,,"IL. REFER TO CEC-12-124.","B012025119H27",,,"2025-07-10T12:15:23.000","2025-07-31T00:00:00.000","2025-10-15T23:59:59.000","BROOKLYN","253","GATES AVENUE","CLASSON AVENUE","FRANKLIN AVENUE","WILLIAM A. GROSS CONSTRUCTION ASSOCIATES, INC.","NYC DPR - Tree Damaged Sidewalks - Borough-Wide Contract","Work involves the removal/ replacement / repair of tree damaged sidewalks in front of the aforementioned property. This is a borough-wide contract. There are no drawings nor OCMC Stipulations for same.","ASPHALT","CONCRETE","2025-07-10T12:15:29.000","2025-07-10T12:15:29.000",,,
"B012025191H51","2025070900938616","0059","Renew","006","ISSUED & PRINTED","01","STREET OPENING PERMIT","0162P","NYC PARKS - RECONSTRUCTION CONTRACT-PROT","1","100","1000","10",,,,"IL. REFER TO CEC-12-124.","B012025119H28",,,"2025-07-10T12:15:31.000","2025-07-31T00:00:00.000","2025-10-15T23:59:59.000","BROOKLYN","125","CHAUNCEY STREET","MALCOLM X BOULEVARD","STUYVESANT AVENUE","WILLIAM A. GROSS CONSTRUCTION ASSOCIATES, INC.","NYC DPR - Tree Damaged Sidewalks - Borough-Wide Contract","Work involves the removal/ replacement / repair of tree damaged sidewalks in front of the aforementioned property. This is a borough-wide contract. There are no drawings nor OCMC Stipulations for same.","ASPHALT","CONCRETE","2025-07-10T12:15:31.000","2025-07-10T12:15:31.000",,,
"B012025191H52","2025070900938616","0060","Renew","006","ISSUED & PRINTED","01","STREET OPENING PERMIT","0162","NYC PARKS - RECONSTRUCTION CONTRACT","1","100","1000","10",,,,"IL. REFER TO CEC-12-124.","B012025119H29",,,"2025-07-10T12:15:32.000","2025-07-31T00:00:00.000","2025-10-15T23:59:59.000","BROOKLYN","54","MONROE STREET","CLASSON AVENUE","FRANKLIN AVENUE","WILLIAM A. GROSS CONSTRUCTION ASSOCIATES, INC.","NYC DPR - Tree Damaged Sidewalks - Borough-Wide Contract","Work involves the removal/ replacement / repair of tree damaged sidewalks in front of the aforementioned property. This is a borough-wide contract. There are no drawings nor OCMC Stipulations for same.","ASPHALT","CONCRETE","2025-07-10T12:15:31.000","2025-07-10T12:15:31.000",,,
"B012025191H53","2025070900938616","0061","Renew","006","ISSUED & PRINTED","01","STREET OPENING PERMIT","0162","NYC PARKS - RECONSTRUCTION CONTRACT","1","100","1000","10",,,,"IL. REFER TO CEC-12-124.","B012025119H30",,,"2025-07-10T12:15:32.000","2025-07-31T00:00:00.000","2025-10-15T23:59:59.000","BROOKLYN","616","HERKIMER STREET","JEWEL MC COY LANE","SCHENECTADY AVENUE","WILLIAM A. GROSS CONSTRUCTION ASSOCIATES, INC.","NYC DPR - Tree Damaged Sidewalks - Borough-Wide Contract","Work involves the removal/ replacement / repair of tree damaged sidewalks in front of the aforementioned property. This is a borough-wide contract. There are no drawings nor OCMC Stipulations for same.","ASPHALT","CONCRETE","2025-07-10T12:15:31.000","2025-07-10T12:15:31.000",,,
"B012025191I57","2025070900937823","0042","Renew","006","ISSUED & PRINTED","01","STREET OPENING PERMIT","0160","SIDEWALK RECONSTRUCTION CONTRACTS","2","500","5000","10",,,,"JN REFER TO CEC-12-124","B012025119I80",,,"2025-07-10T12:28:42.000","2025-07-31T00:00:00.000","2025-10-15T23:59:59.000","BROOKLYN",,"QUENTIN ROAD","EAST   33 STREET","EAST   34 STREET","WILLIAM A. GROSS CONSTRUCTION ASSOCIATES, INC.","Sidewalk reconstruction",,"ASPHALT","CONCRETE","2025-07-10T12:28:41.000","2025-07-10T12:28:41.000",,,
"B012025193A00","2025071200006833","0001","Emergency","DEM","DELINQUENT EMERGENCY","01","STREET OPENING PERMIT","0136","DEP CONTRACTOR MAJOR INSTALLATION WATER",,,,,,,,,,,"2025-07-12T01:46:46.000","2025-07-12T01:46:44.000","2025-07-12T01:46:46.000","2025-07-14T01:46:46.000","BROOKLYN",,"MESEROLE STREET","SOUTH    4 STREET",,"NYC DEPT OF ENVIRONMENTAL PROTECTION","REPAIR LEAK","UNION AVE &amp; S 4TH ST",,,"2025-07-12T01:46:44.000","2025-07-16T00:05:01.000",,,
"B012025191H95","2025070900938616","0103","Renew","006","ISSUED & PRINTED","01","STREET OPENING PERMIT","0162P","NYC PARKS - RECONSTRUCTION CONTRACT-PROT","2","500","5000","10",,,,"JN REFER TO CEC-12-124","B012025119I23",,,"2025-07-10T12:17:22.000","2025-07-31T00:00:00.000","2025-10-15T23:59:59.000","BROOKLYN",,"HART STREET","ST NICHOLAS AVENUE",,"WILLIAM A. GROSS CONSTRUCTION ASSOCIATES, INC.",,,"ASPHALT","CONCRETE","2025-07-10T12:17:20.000","2025-07-10T12:17:20.000",,,
"B012025191H55","2025070900938616","0063","Renew","006","ISSUED & PRINTED","01","STREET OPENING PERMIT","0162","NYC PARKS - RECONSTRUCTION CONTRACT","1","100","1000","10",,,,"IL. REFER TO CEC-12-124.","B012025119H32",,,"2025-07-10T12:15:33.000","2025-07-31T00:00:00.000","2025-10-15T23:59:59.000","BROOKLYN","597","HERKIMER STREET","JEWEL MC COY LANE","SCHENECTADY AVENUE","WILLIAM A. GROSS CONSTRUCTION ASSOCIATES, INC.","NYC DPR - Tree Damaged Sidewalks - Borough-Wide Contract","Work involves the removal/ replacement / repair of tree damaged sidewalks in front of the aforementioned property. This is a borough-wide contract. There are no drawings nor OCMC Stipulations for same.","ASPHALT","CONCRETE","2025-07-10T12:15:31.000","2025-07-10T12:15:31.000",,,
"B012025191H56","2025070900938616","0064","Renew","006","ISSUED & PRINTED","01","STREET OPENING PERMIT","0162","NYC PARKS - RECONSTRUCTION CONTRACT","1","100","1000","10",,,,"IL. REFER TO CEC-12-124.","B012025119H33",,,"2025-07-10T12:15:33.000","2025-07-31T00:00:00.000","2025-10-15T23:59:59.000","BROOKLYN","23","JEFFERSON AVENUE","CLAVER PLACE","FRANKLIN AVENUE","WILLIAM A. GROSS CONSTRUCTION ASSOCIATES, INC.","NYC DPR - Tree Damaged Sidewalks - Borough-Wide Contract","Work involves the removal/ replacement / repair of tree damaged sidewalks in front of the aforementioned property. This is a borough-wide contract. There are no drawings nor OCMC Stipulations for same.","ASPHALT","CONCRETE","2025-07-10T12:15:32.000","2025-07-10T12:15:32.000",,,
"B012025191H58","2025070900938616","0066","Renew","006","ISSUED & PRINTED","01","STREET OPENING PERMIT","0160P","SIDEWALK RECONSTRUCTION CONTRACTS-PROT","1","100","1000","10",,,,"JG--CEC-12-124","B012025119H34",,,"2025-07-10T12:15:40.000","2025-07-31T00:00:00.000","2025-10-15T23:59:59.000","BROOKLYN","431","FENIMORE STREET","NEW YORK AVENUE","NOSTRAND AVENUE","WILLIAM A. GROSS CONSTRUCTION ASSOCIATES, INC.","NYC DPR - Tree Damaged Sidewalks - Borough-Wide Contract","Work involves the removal/ replacement / repair of tree damaged sidewalks in front of the aforementioned property. This is a borough-wide contract. There are no drawings nor OCMC Stipulations for same.","ASPHALT","CONCRETE","2025-07-10T12:15:41.000","2025-07-10T12:15:41.000",,,
"B012025192C25","2025071100384493","0016","New","006","ISSUED & PRINTED","01","STREET OPENING PERMIT","0162","NYC PARKS - RECONSTRUCTION CONTRACT","2","500","5000","10",,,,"DP/JL AS PER CEC-12-124",,,,"2025-07-11T14:01:59.000","2025-07-11T14:01:59.000","2025-10-08T23:59:59.000","BROOKLYN","385","AUTUMN AVENUE","GLEN STREET","WELDON STREET","WILLIAM A. GROSS CONSTRUCTION ASSOCIATES, INC.","Sidewalk reconstruction",,"ASPHALT","CONCRETE","2025-07-11T14:02:00.000","2025-07-11T14:02:00.000",,,
"M162025192A80","2025071100659620","0001","New","030","EXPIRED","16","COMMERCIAL REFUSE CONTAINER PERMIT","1600","COMMERCIAL REFUSE CONTAINER",,,,,,,,,,,,"2025-07-11T13:48:43.000","2025-07-14T00:00:00.000","2025-07-18T23:59:59.000","MANHATTAN","47","WEST   17 STREET","5 AVENUE","6 AVENUE","SETANTA INC.",,,,,"2025-07-11T13:48:43.000","2025-07-19T00:05:09.000",,,
"B012025191H60","2025070900938616","0068","Renew","006","ISSUED & PRINTED","01","STREET OPENING PERMIT","0162P","NYC PARKS - RECONSTRUCTION CONTRACT-PROT","1","100","1000","10",,,,"JG--WORK AS PER CEC-2 -124","B012025119H35",,,"2025-07-10T12:15:42.000","2025-07-31T00:00:00.000","2025-10-15T23:59:59.000","BROOKLYN","431","FENIMORE STREET","NEW YORK AVENUE","NOSTRAND AVENUE","WILLIAM A. GROSS CONSTRUCTION ASSOCIATES, INC.","NYC DPR - Tree Damaged Sidewalks - Borough-Wide Contract","Work involves the removal/ replacement / repair of tree damaged sidewalks in front of the aforementioned property. This is a borough-wide contract. There are no drawings nor OCMC Stipulations for same.","ASPHALT","CONCRETE","2025-07-10T12:15:41.000","2025-07-10T12:15:41.000",,,
"B012025191H62","2025070900938616","0070","Renew","006","ISSUED & PRINTED","01","STREET OPENING PERMIT","0160P","SIDEWALK RECONSTRUCTION CONTRACTS-PROT","1","100","1000","10",,,,"JG--CEC-12-124","B012025119H82",,,"2025-07-10T12:15:43.000","2025-07-31T00:00:00.000","2025-10-15T23:59:59.000","BROOKLYN","395","FENIMORE STREET","NEW YORK AVENUE","NOSTRAND AVENUE","WILLIAM A. GROSS CONSTRUCTION ASSOCIATES, INC.","NYC DPR - Tree Damaged Sidewalks - Borough-Wide Contract","Work involves the removal/ replacement / repair of tree damaged sidewalks in front of the aforementioned property. This is a borough-wide contract. There are no drawings nor OCMC Stipulations for same.","ASPHALT","CONCRETE","2025-07-10T12:15:41.000","2025-07-10T12:15:41.000",,,
"B012025191H63","2025070900938616","0071","Renew","006","ISSUED & PRINTED","01","STREET OPENING PERMIT","0162","NYC PARKS - RECONSTRUCTION CONTRACT","1","100","1000","10",,,,"IL. REFER TO CEC-12-124.","B012025119H87",,,"2025-07-10T12:15:43.000","2025-07-31T00:00:00.000","2025-10-15T23:59:59.000","BROOKLYN","35","TROY AVENUE","ATLANTIC AVENUE","HERKIMER STREET","WILLIAM A. GROSS CONSTRUCTION ASSOCIATES, INC.","NYC DPR - Tree Damaged Sidewalks - Borough-Wide Contract","Work involves the removal/ replacement / repair of tree damaged sidewalks in front of the aforementioned property. This is a borough-wide contract. There are no drawings nor OCMC Stipulations for same.","ASPHALT","CONCRETE","2025-07-10T12:15:41.000","2025-07-10T12:15:41.000",,,
"B012025191H64","2025070900938616","0072","Renew","006","ISSUED & PRINTED","01","STREET OPENING PERMIT","0162P","NYC PARKS - RECONSTRUCTION CONTRACT-PROT","2","500","5000","10",,,,"JN REFER TO CEC-12-124","B012025119H92",,,"2025-07-10T12:15:43.000","2025-07-31T00:00:00.000","2025-10-15T23:59:59.000","BROOKLYN",,"EVERGREEN AVENUE","CEDAR STREET","DE KALB AVENUE","WILLIAM A. GROSS CONSTRUCTION ASSOCIATES, INC.",,,"ASPHALT","CONCRETE","2025-07-10T12:15:44.000","2025-07-10T12:15:44.000",,,
"B012025191I08","2025070900938616","0116","Renew","006","ISSUED & PRINTED","01","STREET OPENING PERMIT","0160P","SIDEWALK RECONSTRUCTION CONTRACTS-PROT","2","500","5000","10",,,,"JN REFER TO CEC-12-124","B012025119I37",,,"2025-07-10T12:17:24.000","2025-07-31T00:00:00.000","2025-10-15T23:59:59.000","BROOKLYN",,"EAST    3 STREET","KINGS HIGHWAY",,"WILLIAM A. GROSS CONSTRUCTION ASSOCIATES, INC.","Sidewalk reconstruction",,"ASPHALT","CONCRETE","2025-07-10T12:17:23.000","2025-07-10T12:17:23.000",,,
"B012025191H65","2025070900938616","0073","Renew","006","ISSUED & PRINTED","01","STREET OPENING PERMIT","0162P","NYC PARKS - RECONSTRUCTION CONTRACT-PROT","1","100","1000","10",,,,"JG--WORK AS PER CEC-2 -124","B012025119H83",,,"2025-07-10T12:15:45.000","2025-07-31T00:00:00.000","2025-10-15T23:59:59.000","BROOKLYN","395","FENIMORE STREET","NEW YORK AVENUE","NOSTRAND AVENUE","WILLIAM A. GROSS CONSTRUCTION ASSOCIATES, INC.","NYC DPR - Tree Damaged Sidewalks - Borough-Wide Contract","Work involves the removal/ replacement / repair of tree damaged sidewalks in front of the aforementioned property. This is a borough-wide contract. There are no drawings nor OCMC Stipulations for same.","ASPHALT","CONCRETE","2025-07-10T12:15:44.000","2025-07-10T12:15:44.000",,,
"B012025191H67","2025070900938616","0075","Renew","006","ISSUED & PRINTED","01","STREET OPENING PERMIT","0160P","SIDEWALK RECONSTRUCTION CONTRACTS-PROT","1","100","1000","10",,,,"JG-WORK AS PER CEC-12-124","B012025119H84",,,"2025-07-10T12:15:46.000","2025-07-31T00:00:00.000","2025-10-15T23:59:59.000","BROOKLYN","1127","PARK PLACE","HAMPTON PLACE","VIRGINIA PLACE","WILLIAM A. GROSS CONSTRUCTION ASSOCIATES, INC.","NYC DPR - Tree Damaged Sidewalks - Borough-Wide Contract","Work involves the removal/ replacement / repair of tree damaged sidewalks in front of the aforementioned property. This is a borough-wide contract. There are no drawings nor OCMC Stipulations for same.","ASPHALT","CONCRETE","2025-07-10T12:15:44.000","2025-07-10T12:15:44.000",,,
"B012025191H68","2025070900938616","0076","Renew","006","ISSUED & PRINTED","01","STREET OPENING PERMIT","0162","NYC PARKS - RECONSTRUCTION CONTRACT","2","500","5000","10",,,,"JN REFER TO CEC-12-124 RCRRM: 3/17/25 MUST COORDINATE WITH DOT MILLING AND PAVING;THE FULL WIDTH OF THE ROADWAY MUST BE FULLY UNOBSTRUCTED WHEN DOT IS ACTIVELY MILLING OR PAVING.","B012025119I28",,,"2025-07-10T12:15:46.000","2025-07-31T00:00:00.000","2025-10-15T23:59:59.000","BROOKLYN",,"BUSHWICK AVENUE","SUYDAM STREET",,"WILLIAM A. GROSS CONSTRUCTION ASSOCIATES, INC.",,,"ASPHALT","CONCRETE","2025-07-10T12:15:52.000","2025-07-10T12:15:52.000",,,
"B012025191H69","2025070900938616","0077","Renew","006","ISSUED & PRINTED","01","STREET OPENING PERMIT","0162","NYC PARKS - RECONSTRUCTION CONTRACT","1","100","1000","10",,,,"IL. REFER TO CEC-12-124.","B012025119H37",,,"2025-07-10T12:15:55.000","2025-07-31T00:00:00.000","2025-10-15T23:59:59.000","BROOKLYN","853","HERKIMER STREET","BUFFALO AVENUE","SUYDAM PLACE","WILLIAM A. GROSS CONSTRUCTION ASSOCIATES, INC.","NYC DPR - Tree Damaged Sidewalks - Borough-Wide Contract","Work involves the removal/ replacement / repair of tree damaged sidewalks in front of the aforementioned property. This is a borough-wide contract. There are no drawings nor OCMC Stipulations for same.","ASPHALT","CONCRETE","2025-07-10T12:15:54.000","2025-07-10T12:15:54.000",,,
"B162025191A60","2025071000727620","0001","New","030","EXPIRED","16","COMMERCIAL REFUSE CONTAINER PERMIT","1600","COMMERCIAL REFUSE CONTAINER",,,,,,,,,,,,"2025-07-10T13:24:39.000","2025-07-10T13:24:39.000","2025-07-14T23:59:59.000","BROOKLYN","283","STERLING PLACE","BUTLER PLACE","VANDERBILT AVENUE","JV FAST CONSTRUCTION LLC",,,,,"2025-07-10T13:24:38.000","2025-07-15T00:05:10.000",,,
"B012025191I21","2025070900937823","0006","Renew","006","ISSUED & PRINTED","01","STREET OPENING PERMIT","0162","NYC PARKS - RECONSTRUCTION CONTRACT","2","500","5000","10",,,,"JN REFER TO CEC-12-124. RCRRM: 4/24/25 MUST COORDINATE WITH DOT MILLING AND PAVING;THE FULL WIDTH OF THE ROADWAY MUST BE FULLY UNOBSTRUCTED WHEN DOT IS ACTIVELY MILLING OR PAVING.","B012025119I56",,,"2025-07-10T12:28:24.000","2025-07-31T00:00:00.000","2025-10-15T23:59:59.000","BROOKLYN",,"SOUTHGATE COURT","STRYKER STREET",,"WILLIAM A. GROSS CONSTRUCTION ASSOCIATES, INC.","Sidewalk reconstruction",,"ASPHALT","CONCRETE","2025-07-10T12:28:22.000","2025-07-10T12:28:22.000",,,
"B012025191H70","2025070900938616","0078","Renew","006","ISSUED & PRINTED","01","STREET OPENING PERMIT","0162P","NYC PARKS - RECONSTRUCTION CONTRACT-PROT","1","100","1000","10",,,,"JG--WORK AS PER CEC-12 -124","B012025119H85",,,"2025-07-10T12:15:55.000","2025-07-31T00:00:00.000","2025-10-15T23:59:59.000","BROOKLYN","1127","PARK PLACE","HAMPTON PLACE","VIRGINIA PLACE","WILLIAM A. GROSS CONSTRUCTION ASSOCIATES, INC.","NYC DPR - Tree Damaged Sidewalks - Borough-Wide Contract","Work involves the removal/ replacement / repair of tree damaged sidewalks in front of the aforementioned property. This is a borough-wide contract. There are no drawings nor OCMC Stipulations for same.","ASPHALT","CONCRETE","2025-07-10T12:15:54.000","2025-07-10T12:15:54.000",,,
"B012025192C24","2025071100384493","0015","New","006","ISSUED & PRINTED","01","STREET OPENING PERMIT","0160","SIDEWALK RECONSTRUCTION CONTRACTS","2","500","5000","10",,,,"DP/JL AS PER CEC-12-124",,,,"2025-07-11T14:01:57.000","2025-07-11T14:01:57.000","2025-10-08T23:59:59.000","BROOKLYN","385","AUTUMN AVENUE","GLEN STREET","WELDON STREET","WILLIAM A. GROSS CONSTRUCTION ASSOCIATES, INC.","Sidewalk reconstruction",,"ASPHALT","CONCRETE","2025-07-11T14:01:56.000","2025-07-11T14:01:56.000",,,
"B012025192C23","2025071100384493","0012","New","006","ISSUED & PRINTED","01","STREET OPENING PERMIT","0162","NYC PARKS - RECONSTRUCTION CONTRACT","2","500","5000","10",,,,"DP/JL AS PER CEC-12-124",,,,"2025-07-11T14:01:56.000","2025-07-11T14:01:56.000","2025-10-08T23:59:59.000","BROOKLYN","1023","WARWICK STREET","COZINE AVENUE","WORTMAN AVENUE","WILLIAM A. GROSS CONSTRUCTION ASSOCIATES, INC.","Sidewalk reconstruction",,"ASPHALT","CONCRETE","2025-07-11T14:01:56.000","2025-07-11T14:01:56.000",,,
"B012025192C26","2025071100384493","0017","New","006","ISSUED & PRINTED","01","STREET OPENING PERMIT","0160","SIDEWALK RECONSTRUCTION CONTRACTS","2","500","5000","10",,,,"DP/JL AS PER CEC-12-124",,,,"2025-07-11T14:02:00.000","2025-07-11T14:02:00.000","2025-10-08T23:59:59.000","BROOKLYN","316","ELDERT LANE","ATLANTIC AVENUE/ATLANTIC AVENUE","93 AVENUE/ELDERTS LANE","WILLIAM A. GROSS CONSTRUCTION ASSOCIATES, INC.","Sidewalk reconstruction",,"ASPHALT","CONCRETE","2025-07-11T14:02:00.000","2025-07-11T14:02:00.000",,,
"B012025192C06","2025071100495396","0001","Renew","006","ISSUED & PRINTED","01","STREET OPENING PERMIT","0102","MAJOR INSTALLATIONS - HIGH VOLTAGE","2","379",,,,,,"DP","B012025167A65",,,"2025-07-11T12:27:23.000","2025-07-29T00:00:00.000","2025-10-26T23:59:59.000","BROOKLYN",,"EAST   91 STREET","AVENUE A","AVENUE B","CONSOLIDATED EDISON","ELECTRIC TRANSMISSION","108' NNC OF AVENUE B AND 9' EWC OF E 91ST","ASPHALT","CONCRETE","2025-07-11T12:27:20.000","2025-07-11T12:27:20.000",,,
"B012025191H73","2025070900938616","0081","Renew","006","ISSUED & PRINTED","01","STREET OPENING PERMIT","0162","NYC PARKS - RECONSTRUCTION CONTRACT","1","100","1000","10",,,,"IL. REFER TO CEC-12-124.","B012025119H38",,,"2025-07-10T12:15:56.000","2025-07-31T00:00:00.000","2025-10-15T23:59:59.000","BROOKLYN","57","BUFFALO AVENUE","ATLANTIC AVENUE","KINGSBOROUGH    4 WALK","WILLIAM A. GROSS CONSTRUCTION ASSOCIATES, INC.","NYC DPR - Tree Damaged Sidewalks - Borough-Wide Contract","Work involves the removal/ replacement / repair of tree damaged sidewalks in front of the aforementioned property. This is a borough-wide contract. There are no drawings nor OCMC Stipulations for same.","ASPHALT","CONCRETE","2025-07-10T12:15:55.000","2025-07-10T12:15:55.000",,,
"B012025191H74","2025070900938616","0082","Renew","006","ISSUED & PRINTED","01","STREET OPENING PERMIT","0160P","SIDEWALK RECONSTRUCTION CONTRACTS-PROT","2","500","5000","10",,,,"JN REFER TO CEC-12-124. RCRRM: 3/17/25 MUST COORDINATE WITH DOT MILLING AND PAVING;THE FULL WIDTH OF THE ROADWAY MUST BE FULLY UNOBSTRUCTED WHEN DOT IS ACTIVELY MILLING OR PAVING.","B012025119I11",,,"2025-07-10T12:15:56.000","2025-07-31T00:00:00.000","2025-10-15T23:59:59.000","BROOKLYN",,"MYRTLE AVENUE","SUYDAM STREET",,"WILLIAM A. GROSS CONSTRUCTION ASSOCIATES, INC.",,,"ASPHALT","CONCRETE","2025-07-10T12:15:55.000","2025-07-10T12:15:55.000",,,
"B162025192A17","2025071100176916","0003","New","030","EXPIRED","16","COMMERCIAL REFUSE CONTAINER PERMIT","1600","COMMERCIAL REFUSE CONTAINER",,,,,,,,,,,,"2025-07-11T09:00:28.000","2025-07-12T00:00:00.000","2025-07-16T23:59:59.000","BROOKLYN","117-121","JAVA STREET","FRANKLIN STREET","MANHATTAN AVENUE","COGENT WASTE SOLUTIONS LLC",,,,,"2025-07-11T09:00:26.000","2025-07-17T00:05:09.000",,,
"B012025191H75","2025070900938616","0083","Renew","006","ISSUED & PRINTED","01","STREET OPENING PERMIT","0162","NYC PARKS - RECONSTRUCTION CONTRACT","1","100","1000","10",,,,"IL. REFER TO CEC-12-124.","B012025119H39",,,"2025-07-10T12:15:56.000","2025-07-31T00:00:00.000","2025-10-15T23:59:59.000","BROOKLYN","59","BUFFALO AVENUE","ATLANTIC AVENUE","KINGSBOROUGH    4 WALK","WILLIAM A. GROSS CONSTRUCTION ASSOCIATES, INC.","NYC DPR - Tree Damaged Sidewalks - Borough-Wide Contract","Work involves the removal/ replacement / repair of tree damaged sidewalks in front of the aforementioned property. This is a borough-wide contract. There are no drawings nor OCMC Stipulations for same.","ASPHALT","CONCRETE","2025-07-10T12:15:55.000","2025-07-10T12:15:55.000",,,
"B012025191H77","2025070900938616","0085","Renew","006","ISSUED & PRINTED","01","STREET OPENING PERMIT","0160","SIDEWALK RECONSTRUCTION CONTRACTS","2","500","5000","10",,,,"JN REFER TO CEC-12-124. RCRRM: 3/17/25 MUST COORDINATE WITH DOT MILLING AND PAVING;THE FULL WIDTH OF THE ROADWAY MUST BE FULLY UNOBSTRUCTED WHEN DOT IS ACTIVELY MILLING OR PAVING.","B012025119I09",,,"2025-07-10T12:16:00.000","2025-07-31T00:00:00.000","2025-10-15T23:59:59.000","BROOKLYN",,"EVERGREEN AVENUE","SUYDAM STREET",,"WILLIAM A. GROSS CONSTRUCTION ASSOCIATES, INC.",,,"ASPHALT","CONCRETE","2025-07-10T12:15:59.000","2025-07-10T12:15:59.000",,,
"B012025193A01","2025071200032133","0001","Emergency","020","EXPIRED UNDER GUARANTEE","01","STREET OPENING PERMIT","0113","REPAIR WATER","1","10",,,,,,"IL.",,,"2025-07-12T08:15:20.000","2025-07-16T12:01:04.000","2025-07-12T08:15:20.000","2025-07-14T23:59:59.000","BROOKLYN","117","RALPH AVENUE","HANCOCK STREET","JEFFERSON AVENUE","WATER WORKS PIPING INC.","Reapir water with 3days notice",,"ASPHALT","CONCRETE","2025-07-12T08:15:16.000","2025-07-17T00:05:26.000",,,
"B012025191H79","2025070900938616","0087","Renew","006","ISSUED & PRINTED","01","STREET OPENING PERMIT","0162","NYC PARKS - RECONSTRUCTION CONTRACT","1","100","1000","10",,,,"IL. REFER TO CEC-12-124.","B012025119H40",,,"2025-07-10T12:16:03.000","2025-07-31T00:00:00.000","2025-10-15T23:59:59.000","BROOKLYN","71","BUFFALO AVENUE","ATLANTIC AVENUE","KINGSBOROUGH    4 WALK","WILLIAM A. GROSS CONSTRUCTION ASSOCIATES, INC.","NYC DPR - Tree Damaged Sidewalks - Borough-Wide Contract","Work involves the removal/ replacement / repair of tree damaged sidewalks in front of the aforementioned property. This is a borough-wide contract. There are no drawings nor OCMC Stipulations for same.","ASPHALT","CONCRETE","2025-07-10T12:16:02.000","2025-07-10T12:16:02.000",,,
"B012025191H80","2025070900938616","0088","Renew","006","ISSUED & PRINTED","01","STREET OPENING PERMIT","0160","SIDEWALK RECONSTRUCTION CONTRACTS","2","500","5000","10",,,,"JN REFER TO CEC-12-124. RCRRM: 3/17/25 MUST COORDINATE WITH DOT MILLING AND PAVING;THE FULL WIDTH OF THE ROADWAY MUST BE FULLY UNOBSTRUCTED WHEN DOT IS ACTIVELY MILLING OR PAVING.","B012025119I19",,,"2025-07-10T12:16:08.000","2025-07-31T00:00:00.000","2025-10-15T23:59:59.000","BROOKLYN",,"SUYDAM STREET","CENTRAL AVENUE","EVERGREEN AVENUE","WILLIAM A. GROSS CONSTRUCTION ASSOCIATES, INC.",,,"ASPHALT","CONCRETE","2025-07-10T12:16:06.000","2025-07-10T12:16:06.000",,,
"B012025191H97","2025070900938616","0105","Renew","006","ISSUED & PRINTED","01","STREET OPENING PERMIT","0162P","NYC PARKS - RECONSTRUCTION CONTRACT-PROT","1","100","1000","10",,,,"IL. REFER TO CEC-12-124.","B012025119H46",,,"2025-07-10T12:17:22.000","2025-07-31T00:00:00.000","2025-10-15T23:59:59.000","BROOKLYN","571","DECATUR STREET","HOWARD AVENUE","RALPH AVENUE","WILLIAM A. GROSS CONSTRUCTION ASSOCIATES, INC.","NYC DPR - Tree Damaged Sidewalks - Borough-Wide Contract","Work involves the removal/ replacement / repair of tree damaged sidewalks in front of the aforementioned property. This is a borough-wide contract. There are no drawings nor OCMC Stipulations for same.","ASPHALT","CONCRETE","2025-07-10T12:17:21.000","2025-07-10T12:17:21.000",,,
"B012025191H92","2025070900938616","0100","Renew","006","ISSUED & PRINTED","01","STREET OPENING PERMIT","0162","NYC PARKS - RECONSTRUCTION CONTRACT","2","500","5000","10",,,,"JN REFER TO CEC-12-124 RCRRM: 3/17/25 MUST COORDINATE WITH DOT MILLING AND PAVING;THE FULL WIDTH OF THE ROADWAY MUST BE FULLY UNOBSTRUCTED WHEN DOT IS ACTIVELY MILLING OR PAVING.","B012025119I16",,,"2025-07-10T12:17:21.000","2025-07-31T00:00:00.000","2025-10-15T23:59:59.000","BROOKLYN",,"GREENE AVENUE","IRVING AVENUE",,"WILLIAM A. GROSS CONSTRUCTION ASSOCIATES, INC.",,,"ASPHALT","CONCRETE","2025-07-10T12:17:20.000","2025-07-10T12:17:20.000",,,
