,normalized_street_name_season,snowfall,total_area,average_coverage,roadwork_factor
3,1-1 avenue_2019,16.315984119920405,12.44291372817589,0.3869817313302467,0.09503741533475173
6,1-1 avenue_2022,16.337583229970743,12.44291372817589,0.4559362704114769,0.14979836508839459
8,1-1 avenue_2024,16.012160860418042,12.44291372817589,0.40818904653524285,0.4076626916516516
41,1-10 avenue_2017,15.913046847619507,11.678658879947779,0.3798127736429841,0.01715205881756557
45,1-10 avenue_2021,16.11859221376182,11.678658879947779,0.46938743420324003,0.3962898101727122
46,1-10 avenue_2022,15.544420205579662,11.678658879947779,0.48297892200595366,0.22554067591393126
62,1-11 avenue_2018,15.76232192150532,11.373206906554964,0.41692554120759806,0.19425012765922844
63,1-11 avenue_2019,15.209201174149767,11.373206906554964,0.4021201969744461,0.23554631803125237
65,1-11 avenue_2021,15.81313724926493,11.373206906554964,0.47741694351298725,0.3146647437816678
66,1-11 avenue_2022,15.238965268778868,11.373206906554964,0.4914116731220904,0.1044501013564644
68,1-11 avenue_2024,15.016554646679824,11.373206906554964,0.456598291156411,0.19917867386037755
72,1-12 avenue_2018,16.013561247856185,11.624443709838435,0.4170221168376089,0.4573615538966662
111,1-2 avenue_2017,16.62145402200353,12.332781334832712,0.40805676018878984,0.00786895837869518
113,1-2 avenue_2019,16.205851276759667,12.332781334832712,0.44553612043175345,0.733905173032113
116,1-2 avenue_2022,16.2274503866059,12.332781334832712,0.5171675331352137,0.0343048036919903
118,1-2 avenue_2024,15.902028020648668,12.332781334832712,0.4710038566535177,0.26681587977039606
155,1-3 avenue_2021,16.819935977713246,12.379998423330875,0.4118058628401772,0.023032699110572687
156,1-3 avenue_2022,16.24576393045092,12.379998423330875,0.43002905717903905,0.05798584919865327
158,1-3 avenue_2024,16.023353270275397,12.379998423330875,0.406256202685219,0.03324133377980188
211,1-4 avenue_2017,13.393556015630102,9.15926341894562,0.31666960932503324,1.8921928665493255
218,1-4 avenue_2024,12.802519865660352,9.15926341894562,0.38024553677604844,0.17386926997897073
231,1-5 avenue_2017,16.41816468307931,12.12949297527597,0.3334644166045041,0.6411694414672323
232,1-5 avenue_2018,16.516874885350276,12.12949297527597,0.35240404857132457,0.3780939113120324
233,1-5 avenue_2019,16.002561944857224,12.12949297527597,0.3562520604184522,0.6461603893356085
235,1-5 avenue_2021,16.59228748425556,12.12949297527597,0.39703013289300726,0.000899595242836093
236,1-5 avenue_2022,16.02416105426224,12.12949297527597,0.4336150661044917,0.04094998632895411
238,1-5 avenue_2024,15.698738696077145,12.12949297527597,0.38181883454276705,0.1845690293344339
261,1-6 avenue_2017,16.06828750976106,11.833898341439841,0.3780093384595748,0.485076953743213
263,1-6 avenue_2019,15.6698967625375,11.833898341439841,0.38798852457029154,0.06456977064930008
266,1-6 avenue_2022,15.699660859853074,11.833898341439841,0.4638924517537154,0.13601580391744317
268,1-6 avenue_2024,15.477250215604892,11.833898341439841,0.36839738818834084,0.18664552827400913
292,1-7 avenue_2018,15.706111450534411,11.316997092235944,0.383624620496159,1.1065804583172865
293,1-7 avenue_2019,15.152990709274814,11.316997092235944,0.3704853892121376,0.10399959001848479
295,1-7 avenue_2021,15.75692677788514,11.316997092235944,0.4206984840332406,0.35037514179020435
296,1-7 avenue_2022,15.182754803483137,11.316997092235944,0.456436968412374,0.5709795465857378
298,1-7 avenue_2024,14.960344184853282,11.316997092235944,0.3728508765092561,0.7527359719716029
303,1-7 avenue south_2019,13.66104791095634,9.825095303723522,0.4488924015401828,0.8356878673420554
305,1-7 avenue south_2021,14.264983569505524,9.825095303723522,0.48780030786485157,0.009058844488346039
331,1-8 avenue_2017,15.723557883384194,11.489171657778696,0.3923676198853682,0.7912262507195803
332,1-8 avenue_2018,15.878287916234092,11.489171657778696,0.40862835286238325,0.22306354811403908
333,1-8 avenue_2019,15.325167157334608,11.489171657778696,0.4066471045753702,0.3771342183401026
336,1-8 avenue_2022,15.35493125276054,11.489171657778696,0.46272687180755095,0.4019924186291918
338,1-8 avenue_2024,15.13252062409188,11.489171657778696,0.4407600241127335,0.0756639039209896
351,1-86 street transverse_2017,13.178912817890037,8.890371614123278,0.21191359723707368,2.1885313448925325
362,1-9 avenue_2018,16.001445631508705,11.589141458060691,0.36766342118483364,0.03285433687094718
363,1-9 avenue_2019,15.507733696755391,11.589141458060691,0.38366420582784594,0.22888702594127547
371,1-97 street transverse_2017,13.722185528543685,9.433587393964673,0.18691585905819794,1.5701979990964967
405,1-abraham kazan street_2021,11.29262913162049,6.853731028104177,0.36967230291367453,2.5912391928740606
425,1-academy street_2021,13.740297400646309,9.271956688895054,0.33567554590954696,0.937386640168888
428,1-academy street_2024,12.833195463919555,9.271956688895054,0.2920904447326918,0.02097840638519171
452,1-albany street_2018,12.977356079460765,8.588413664230451,0.2573408339050804,1.0307616217599351
456,1-albany street_2022,12.454000918570863,8.588413664230451,0.3171086457860046,0.007273483966498386
486,1-allen street_2022,13.989944448701845,10.124214085459995,0.5339260724173012,0.5444731431782086
501,1-amsterdam avenue_2017,16.66222623015536,12.333077430710915,0.37081805225695125,0.2426324038980567
503,1-amsterdam avenue_2019,16.251674435338053,12.333077430710915,0.39900371636784443,0.06803241039182696
506,1-amsterdam avenue_2022,16.2572222992917,12.333077430710915,0.4716735461631983,0.265513147680719
508,1-amsterdam avenue_2024,15.894403285289519,12.333077430710915,0.40622581750632786,0.38960669217370647
561,1-arden street_2017,12.890012436327085,8.561048204997757,0.29379082694010217,1.2517338677241958
568,1-arden street_2024,12.122192338807661,8.561048204997757,0.32988242694215736,0.8134603460699539
596,1-attorney street_2022,12.220722136210764,8.355182790153705,0.2193717410905577,0.08470872792695418
603,1-audubon avenue_2019,14.386183196126089,10.467609753560584,0.29980141598553395,0.1588823250601918
608,1-audubon avenue_2024,14.028912251191347,10.467609753560584,0.36552801162851994,0.31393444359584666
616,1-avenue a_2022,13.702792149182446,9.837074843765786,0.45467354334794824,0.017250353406527592
618,1-avenue a_2024,13.480381745888009,9.837074843765786,0.41931511262079746,0.3325359280854066
625,1-avenue b_2021,13.883155987106937,9.443292568176632,0.34930301029863775,0.921556841546655
626,1-avenue b_2022,13.308984626322351,9.443292568176632,0.40287778454321344,0.015774919115362215
635,1-avenue c_2021,14.752707347381607,10.31279845497452,0.3518460544778925,1.774206309980466
636,1-avenue c_2022,14.178535565516798,10.31279845497452,0.3773484155309587,0.013607003406216902
656,1-avenue d_2022,13.07243460953908,9.206763249622782,0.37350653226309144,0.024399886823535173
693,1-barclay street_2019,12.770467635726375,8.934591033634705,0.32785269208276957,1.366499733791711
736,1-baruch place_2022,11.175092765327905,7.309978180672544,0.15179244098111205,0.22554067591393126
782,1-battery place_2018,13.594411809821414,9.20538469243299,0.31322268170098205,1.2740211186371047
793,1-baxter street_2019,12.441788056602718,8.605961615802794,0.3039551940506233,1.2303712781804668
796,1-baxter street_2022,12.471552042672586,8.605961615802794,0.33522561273236284,0.02048866642731566
798,1-baxter street_2024,12.24914231561021,8.605961615802794,0.3168851033459081,0.03101405352916946
836,1-beaver street_2022,11.885441311053766,8.01999367630803,0.3274405645908651,0.024399886823535173
846,1-bedford street_2022,12.296010315128116,8.430454270439704,0.28973877950849475,0.014297304700824425
962,1-bethune street_2018,12.553147161692694,8.164301931925964,0.2718327512753678,1.4624912214553445
1035,1-bogardus place_2021,12.290071024215033,7.8220336507247215,0.31070272344216143,0.6540424606791843
1073,1-bradhurst avenue_2019,13.451974909182198,9.533444542451193,0.3508943797349679,0.3057920916240985
1076,1-bradhurst avenue_2022,13.45752276566193,9.533444542451193,0.4187927154211262,0.1743733869447804
1082,1-bridge street_2018,11.88622401696877,7.497645302540371,0.311128632503762,1.3191390859324825
1113,1-broad street_2019,12.814665471583755,8.978783296068803,0.31105030683325,1.6501959049062682
1121,1-broadway_2017,17.38131386666131,13.052162838769098,0.3614224215956395,0.771865935271336
1122,1-broadway_2018,17.46447404661707,13.052162838769098,0.38393153956022746,0.8044201829693741
1123,1-broadway_2019,16.97076205673618,13.052162838769098,0.3896415328658272,0.06550680220211963
1125,1-broadway_2021,17.52059438033301,13.052162838769098,0.42630010380891664,0.09440067542148431
1126,1-broadway_2022,16.97630992093806,13.052162838769098,0.45334299188596267,0.24717252911357093
1128,1-broadway_2024,16.6134908874202,13.052162838769098,0.40466135881102255,0.1488509467323547
1129,1-broadway_2025,16.60750881610825,13.052162838769098,0.0,0.12566301799565704
1243,1-broome street_2019,14.111871768784628,10.275899960355147,0.2500956228564672,0.6259919053725372
1245,1-broome street_2021,14.715807619330606,10.275899960355147,0.3065003482485027,0.005783244755727333
1246,1-broome street_2022,14.141635848887011,10.275899960355147,0.3191977392306569,0.4700661272926919
1249,1-broome street_2025,13.786217231547113,10.275899960355147,0.0,0.011928570865273802
1276,1-cabrini boulevard_2022,12.829630183850135,8.9056139530388,0.3185479329932216,0.02185933435289352
1298,1-canal street_2024,14.47616050130805,10.832820787018768,0.40595759765271605,0.4835366435283199
1356,1-carlisle street_2022,10.529529503825055,6.665008706064206,0.3182398044945505,0.028976108236517098
1396,1-catherine lane_2022,10.550253789416379,6.685707392686896,0.2803019651541584,0.15383634471486715
1416,1-catherine street_2022,12.055845440865879,8.190347365443676,0.3416409287176547,0.027906953253007873
1496,1-cedar street_2022,12.16248153844282,8.29695600028156,0.29574804639464425,0.027323295648890352
1751,1-central park west_2017,15.668341597561446,11.379675834503605,0.33494765865851395,1.958360887350616
1753,1-central park west_2019,15.252738901961543,11.379675834503605,0.3851904117329506,1.357663378320738
1758,1-central park west_2024,14.948915697680203,11.379675834503605,0.4010654488906307,0.13653936413882692
1782,1-centre street_2018,14.15877067220031,9.769700750044711,0.3118384919998154,0.44250395554315075
1785,1-centre street_2021,14.209585971881049,9.769700750044711,0.3721428059492623,0.5294510878891555
1786,1-centre street_2022,13.635414409201186,9.769700750044711,0.40885330108811546,0.020194707285519278
1792,1-chambers street_2018,14.030829364225106,9.641767146423875,0.3342678462864223,0.6143204000139743
1796,1-chambers street_2022,13.507473167814803,9.641767146423875,0.4390935781556586,0.87983419486354
1822,1-charles street_2018,13.26335873698948,8.874370567680396,0.27307256007881553,0.6495609523970224
1826,1-charles street_2022,12.740003180607054,8.874370567680396,0.2871672340628854,0.008464078412129412
1836,1-charlton street_2022,12.497071812817088,8.631476871208509,0.45102585697559294,0.6315908748608395
1873,1-cherry street_2019,13.488197713681464,9.652255089952227,0.28011122308021374,2.3172864958469384
1876,1-cherry street_2022,13.517961774906526,9.652255089952227,0.34798241751833314,0.011928570865273802
1913,1-christopher street_2019,13.161551485343677,9.325633157688834,0.38186626383762756,1.3376554355133305
1915,1-christopher street_2021,13.76548680111491,9.325633157688834,0.3983369593743819,0.1228369099590624
1916,1-christopher street_2022,13.191315530853075,9.325633157688834,0.3901577614492192,0.43139273011808
1933,1-church street_2019,14.11144257696548,10.275470783007163,0.3934204236974949,0.9963211317796435
1935,1-church street_2021,14.715378427366762,10.275470783007163,0.41547103256201795,0.005783244755727333
1958,1-claremont avenue_2024,13.112617254103771,9.543435940593882,0.3578449908740882,1.3156036204971213
1968,1-clarkson street_2024,12.233174077041674,8.589996245982968,0.46004036727447817,0.4624123885499145
1986,1-cleveland place_2022,11.35827362542997,7.493049429099134,0.4251530630803838,0.6607272893038341
1988,1-cleveland place_2024,11.135865850766818,7.493049429099134,0.3474950059119632,0.0914846901221783
2005,1-clinton street_2021,14.06619583035412,9.62631931705832,0.3572169656930966,1.0605642210305797
2008,1-clinton street_2024,13.269614010435113,9.62631931705832,0.3780366610424634,0.009455158770755135
2045,1-columbia street_2021,13.802052227345508,9.36219542214596,0.39037936080000757,3.8353730359042264
2052,1-columbus avenue_2018,15.680873157468758,11.291759106226914,0.3715988451826852,1.8176870912379708
2053,1-columbus avenue_2019,15.127752419059687,11.291759106226914,0.3846473885206125,0.06475724721527852
2126,1-convent avenue_2022,14.03493076128808,10.11082141131634,0.41040551124019786,0.7232883374719321
2138,1-cooper square_2024,12.489322453236026,8.846103699603852,0.3333474910477042,1.2350644118036098
2195,1-cortlandt street_2021,11.56850200290516,7.129352396111137,0.37768554400108867,0.6127502434879162
2236,1-crosby street_2022,12.822720146384954,8.957076657309853,0.30547344460349296,0.012916225266546328
2238,1-crosby street_2024,12.600310136503436,8.957076657309853,0.22727294465622094,0.11867152971749864
2408,1-dongan place_2024,10.463788957677979,6.903435106451939,0.2859564464843111,1.8687205103641833
2421,1-dover street_2017,11.756570196522508,7.522706854450988,0.31061959883176016,2.549109176985929
2441,1-doyers street_2017,10.899138024218347,6.665997529451327,0.1400460736457163,2.6852795736478607
2446,1-doyers street_2022,10.530519562237624,6.665997529451327,0.26552667957200404,1.5013180376886726
2475,1-duane street_2021,13.653627153435863,9.213783932293916,0.29932018821124884,1.2651713790469445
2476,1-duane street_2022,13.07945597968703,9.213783932293916,0.2889112632112556,0.024887715507778994
2532,1-dyckman street_2018,14.821099284260109,10.40881575698381,0.3529423659612279,1.356736808877565
2538,1-dyckman street_2024,13.97011658107207,10.40881575698381,0.4041232119995859,0.006975613736425242
2546,1-dyer avenue_2022,13.524571774858428,9.658864675282299,0.10955048323507431,0.02566774674857779
2575,1-east 1 street_2021,13.232430099664384,8.792638459820637,0.29328702497234854,2.62367534543371
2582,1-east 10 street_2018,14.541016432081634,10.151928577766375,0.3119088505429978,0.36018876323852894
2583,1-east 10 street_2019,13.987895936872127,10.151928577766375,0.3182228242307108,0.6815299612197546
2603,1-east 100 street_2019,12.738446665128782,8.865510658704386,0.2740177102577231,2.2144094020903204
2608,1-east 100 street_2024,12.434624418880388,8.865510658704386,0.31001698775599684,0.01014833105181515
2615,1-east 101 street_2021,13.234335744567826,8.771689185187032,0.3323050532406514,1.50027015843332
2625,1-east 102 street_2021,13.67840135529667,9.215699834080693,0.31727429491924913,1.5875194483330777
2628,1-east 102 street_2024,12.784854133213715,9.215699834080693,0.30477650581108107,2.2930800629797408
2635,1-east 103 street_2021,13.334203061352685,8.871541934360055,0.23890903142341835,0.8861201425290384
2638,1-east 103 street_2024,12.440656519631915,8.871541934360055,0.2082549388204591,1.3525307309670815
2655,1-east 104 street_2021,13.696413453213028,9.233710176924127,0.3252020696501733,1.5444726335817414
2671,1-east 106 street_2017,14.887979695641993,10.599327254885438,0.30585739922412114,0.3221559603118572
2673,1-east 106 street_2019,14.472377095560232,10.599327254885438,0.3385251166824169,0.7879117570043683
2681,1-east 107 street_2017,13.112365823484085,8.823833965519563,0.18991790368588937,0.9329511727672624
2689,1-east 107 street_2025,12.4201808128385,8.823833965519563,0.0,0.5203996462002639
2691,1-east 108 street_2017,13.850605777988585,9.561998135352415,0.21546710381587061,1.1011756670712698
2701,1-east 109 street_2017,13.784192648696365,9.495589770699157,0.23240029504584156,1.2282653368949676
2715,1-east 11 street_2021,14.284968154720927,9.845078831574595,0.31743216157641063,0.008860628432196557
2718,1-east 11 street_2024,13.488386148546162,9.845078831574595,0.29337703223728134,0.26251809878823135
2721,1-east 110 street_2017,13.74907525172353,9.460475023973244,0.2382217491353394,1.4133013666064176
2731,1-east 111 street_2017,13.746036147839906,9.45743615385079,0.22549372865916334,1.495328122144013
2751,1-east 112 street_2017,13.563070392766388,9.274485865172766,0.24281801456023003,2.290907170713791
2758,1-east 112 street_2024,12.843645683451275,9.274485865172766,0.30169974353032253,1.923080086555413
2776,1-east 114 street_2022,11.383559921583645,7.48943428872147,0.3169552828021938,1.2176389950897506
2786,1-east 115 street_2022,13.301738034438767,9.407145134229836,0.31781845940087683,1.9359175315937935
2793,1-east 116 street_2019,14.305849179368952,10.43280376247336,0.36031414733127154,1.1004439434970796
2796,1-east 116 street_2022,14.327448278086537,10.43280376247336,0.42490763955955996,0.011730922875698666
2806,1-east 117 street_2022,13.440856690216638,9.54625333971904,0.30113765039345175,0.013705647056111932
2808,1-east 117 street_2024,13.11543484920027,9.54625333971904,0.2734432487995273,0.6954944236282934
2816,1-east 118 street_2022,13.555882773940755,9.661271815879923,0.29967383646693835,0.7674658448022446
2826,1-east 119 street_2022,13.64673961660265,9.75212323837355,0.3021696422291077,0.01153323581367303
2831,1-east 12 street_2017,14.054709817991226,9.82036704817666,0.27962272217518874,0.765700373241654
2833,1-east 12 street_2019,13.656319404630043,9.82036704817666,0.2916424736678778,1.0446487657246804
2849,1-east 120 street_2025,13.323325600832526,9.726893619228392,0.0,0.013311014059672338
2873,1-east 122 street_2019,13.093941180153571,9.220963815375777,0.19149140308945214,1.2095870151104042
2893,1-east 124 street_2019,13.202981762675952,9.329994388964332,0.28649088708162784,0.8951079526062484
2905,1-east 125 street_2021,14.520937583498595,10.058180079749002,0.5155455020780919,0.795839138783491
2912,1-east 126 street_2018,13.814933639013239,9.427625870777117,0.31106159967422004,0.5920553189986716
2933,1-east 128 street_2019,13.26121580875725,9.388223520279363,0.28460193687538005,0.8486968813009109
2942,1-east 129 street_2018,12.971930928018136,8.584728318878469,0.32119319704353344,1.7331588394238593
2962,1-east 13 street_2018,14.299787870835578,9.910710524288644,0.2658079154254728,0.3814456022639441
2971,1-east 130 street_2017,12.827841101026632,8.539357019503393,0.3063306315298539,1.30106321675723
2972,1-east 130 street_2018,12.926551057887252,8.539357019503393,0.32983370892204805,0.2848781451190467
2981,1-east 131 street_2017,12.982947471024142,8.694435669500496,0.4026288457072156,1.6162744896930887
2993,1-east 132 street_2019,12.589602230449223,8.716688410143142,0.5228953478533211,0.9104738465525902
3002,1-east 135 street_2018,13.367227785007742,8.95504198511207,0.3452473236001803,1.2544757864990428
3031,1-east 14 street_2017,14.87289713305698,10.638524442700534,0.3308151199209675,0.046979001193994605
3032,1-east 14 street_2018,15.027627137380568,10.638524442700534,0.3418841181831374,0.916090711871488
3046,1-east 15 street_2022,13.421373229429207,9.555672926406627,0.32604189434234043,0.7341451595940175
3048,1-east 15 street_2024,13.19896291674848,9.555672926406627,0.30138091680994283,0.17538085911462345
3056,1-east 16 street_2022,13.142606008194875,9.276927989831217,0.2717596359288458,0.23885940775421247
3058,1-east 16 street_2024,12.920195814281836,9.276927989831217,0.27786391677113587,0.04821857227047433
3066,1-east 17 street_2022,13.185350408218842,9.319668557030548,0.34620690803999843,0.8128838621622787
3068,1-east 17 street_2024,12.962940193878302,9.319668557030548,0.3315339549806303,0.48230268483275246
3076,1-east 18 street_2022,13.264679500370617,9.39899095577304,0.3064027998263526,0.5384797005478066
3078,1-east 18 street_2024,13.04226925035693,9.39899095577304,0.2804360557804667,0.45641167572626856
3081,1-east 19 street_2017,13.43534964125234,9.201052799239195,0.23527016158997335,0.45919543052913214
3086,1-east 19 street_2022,13.066723596407991,9.201052799239195,0.34108899533941045,1.0551827307407737
3096,1-east 2 street_2022,13.642258073981901,9.776544033160068,0.2962700896383145,0.437092965788476
3106,1-east 20 street_2022,13.879927431525061,10.014201633734901,0.32015843841648334,0.19070300082186978
3111,1-east 21 street_2017,13.400292017782414,9.165998724816848,0.24942448078224216,0.09339926425854966
3121,1-east 22 street_2017,13.52863905097904,9.294333349053687,0.2021211327560148,0.05297188476610572
3128,1-east 22 street_2024,12.937602745731223,9.294333349053687,0.24091572106000747,0.37665402625404476
3135,1-east 23 street_2021,14.594081004530754,10.154177752777677,0.3518334279567436,0.43851296215436475
3146,1-east 24 street_2022,13.261006892063536,9.395318645762815,0.31050923983595746,0.014395880283732383
3156,1-east 25 street_2022,13.303679748253865,9.437988102646381,0.3010611641704954,0.013804280976397056
3158,1-east 25 street_2024,13.08126948171314,9.437988102646381,0.2511015490890431,0.4223222251745873
3173,1-east 26 street_2019,13.419613547179493,9.583675388283423,0.28121277892633995,0.6907944149763481
3176,1-east 26 street_2022,13.449377605516553,9.583675388283423,0.3538379424805196,0.19392069263730652
3183,1-east 27 street_2019,13.18281425147686,9.346894089541907,0.20746573859497996,0.8896592408732374
3186,1-east 27 street_2022,13.212578298172755,9.346894089541907,0.25777022862377735,0.015971769509698662
3196,1-east 28 street_2022,13.200985649499128,9.335302436741305,0.3148859872158168,0.56338012250088
3206,1-east 29 street_2022,13.371650873811815,9.505954104434977,0.2890027858288758,0.47125284864616745
3216,1-east 3 street_2022,13.477772066422315,9.6120679622765,0.3164046735704037,1.3143954855760271
3226,1-east 30 street_2022,13.516193283552496,9.650486709994857,0.3159135096001763,0.7866375236472842
3236,1-east 31 street_2022,13.052078271468586,9.18640893218256,0.31237468504215243,0.3146647437816678
3246,1-east 32 street_2022,13.375223198474917,9.509526169322472,0.29936109799229693,0.47168970701739266
3253,1-east 33 street_2019,13.505605424141695,9.669661715057737,0.28269516869564054,0.20546825963420137
3256,1-east 33 street_2022,13.5353694860688,9.669661715057737,0.3430093728742249,0.34451126543782423
3266,1-east 34 street_2022,13.928197325356043,10.062469462513546,0.48703535235771284,0.011236631925987681
3271,1-east 35 street_2017,13.860277449272095,9.62594617159592,0.2553428561514224,0.2304765986810017
3286,1-east 36 street_2022,13.39102775966814,9.525329592294035,0.3477593488796194,0.12575120530556033
3288,1-east 36 street_2024,13.16861745836939,9.525329592294035,0.30942669385683075,0.7659793392096153
3291,1-east 37 street_2017,13.90512343932408,9.67078930938987,0.16636953109806019,0.2226634360773325
3292,1-east 37 street_2018,14.059853362377261,9.67078930938987,0.18890325424833335,0.2226634360773325
3293,1-east 37 street_2019,13.506733088133213,9.67078930938987,0.20126575647346218,1.0954405975024746
3302,1-east 38 street_2018,13.779614994820504,9.390571097721772,0.2699806346352181,0.2687285845346934
3306,1-east 38 street_2022,13.256258956758279,9.390571097721772,0.32194560934286587,0.5597872018146528
3311,1-east 39 street_2017,13.711460619966077,9.477139778239948,0.2745570999088418,0.821848175575679
3312,1-east 39 street_2018,13.866190515012143,9.477139778239948,0.29310137698428634,0.2551072265196023
3326,1-east 4 street_2022,13.670599197959547,9.804883604089591,0.3744663160904444,1.190948353203183
3341,1-east 40 street_2017,13.508910899153378,9.274607002576122,0.26898993943962834,1.0913526679388494
3342,1-east 40 street_2018,13.663640758484176,9.274607002576122,0.29350592756481525,0.30652836024814084
3365,1-east 42 street_2021,14.520779634405441,10.080879307268276,0.3629054936893685,0.7793707473085628
3375,1-east 43 street_2021,13.616021231396914,9.176181784219787,0.3381091661076998,0.22242329198972652
3378,1-east 43 street_2024,12.819439950434058,9.176181784219787,0.3194981176364409,0.02185933435289352
3381,1-east 44 street_2017,13.474915822772541,9.240615121918855,0.24324516419724032,1.0257189631477848
3388,1-east 44 street_2024,12.88387957677992,9.240615121918855,0.27422992774399196,0.02058663360838838
3398,1-east 45 street_2024,13.107713211653355,9.464429808574256,0.2872509450469569,0.018723613998102594
3408,1-east 46 street_2024,13.1469273548417,9.503641047124766,0.2519208854724455,0.013311014059672338
3411,1-east 47 street_2017,13.617821312121464,9.383507879076799,0.19798316114223785,0.7008673035750834
3418,1-east 47 street_2024,13.026784915272058,9.383507879076799,0.22891303928612286,0.013113639145383105
3421,1-east 48 street_2017,13.69702413173907,9.462704387481534,0.21310641930830967,0.6923968991692412
3428,1-east 48 street_2024,13.105987660112248,9.462704387481534,0.2559778670294684,0.015774919115362215
3438,1-east 49 street_2024,13.35939495528749,9.716094745407647,0.2785269918057908,0.01222496962256897
3445,1-east 5 street_2021,13.987385458697894,9.547514291009115,0.2710164645512186,1.9040161515737226
3446,1-east 5 street_2022,13.413214026159174,9.547514291009115,0.26634398600485504,0.4098554564094573
3463,1-east 50 street_2019,13.337229425845194,9.501297051141146,0.26226250918884814,0.44596705141749426
3468,1-east 50 street_2024,13.144583188405194,9.501297051141146,0.28336241130726453,0.7443629719442156
3473,1-east 51 street_2019,13.333321693086662,9.497389604759675,0.28241026435034666,0.41831552008698414
3478,1-east 51 street_2024,13.140675456988665,9.497389604759675,0.2784441314668446,0.01479008547263543
3491,1-east 52 street_2017,13.8218974151544,9.587568682151007,0.24224107297558659,0.12460416322453086
3493,1-east 52 street_2019,13.423507102798704,9.587568682151007,0.2375629005426621,0.16262892344821855
3498,1-east 52 street_2024,13.230860837026638,9.587568682151007,0.24023798467350987,0.015085637418040853
3501,1-east 53 street_2017,13.840402916498583,9.60607294434941,0.2732400513976972,0.9245366407280058
3508,1-east 53 street_2024,13.249366323689182,9.60607294434941,0.31594274423737656,0.02634977532278202
3511,1-east 54 street_2017,13.89940496691744,9.665071193609666,0.2550836412095452,0.48710653714539787
3516,1-east 54 street_2022,13.53077868003592,9.665071193609666,0.3329360914908015,0.009257021262676763
3518,1-east 54 street_2024,13.308368329071287,9.665071193609666,0.2630271746674385,0.09830568878412334
3525,1-east 55 street_2021,14.111710599936117,9.671831185985637,0.32930374714260036,0.5041634808924402
3526,1-east 55 street_2022,13.53753909103695,9.671831185985637,0.34584127732294523,0.014198719399812949
3528,1-east 55 street_2024,13.315128737841267,9.671831185985637,0.2919831543511715,0.09730818246699792
3536,1-east 56 street_2022,13.556951945395836,9.691242853853643,0.3401568391685885,0.37802539234938265
3538,1-east 56 street_2024,13.334541585876787,9.691242853853643,0.2717512503795866,0.09957380489609238
3542,1-east 57 street_2018,14.638490037149209,10.249398605635548,0.37109047529024547,0.5522170561257407
3543,1-east 57 street_2019,14.085369508730356,10.249398605635548,0.3465480823534163,0.787320350577195
3546,1-east 57 street_2022,14.115133588247156,10.249398605635548,0.43285265431257497,0.014100124378781637
3548,1-east 57 street_2024,13.892723090744305,10.249398605635548,0.3787799160379065,0.09730818246699792
3556,1-east 58 street_2022,13.379496535648736,9.513799196960289,0.3409582570945844,0.9290489979728178
3558,1-east 58 street_2024,13.157086238766487,9.513799196960289,0.30570827496917213,0.11938175702008048
3561,1-east 59 street_2017,13.973120992489402,9.738782774623814,0.3669840698326143,1.1396262647587239
3566,1-east 59 street_2022,13.604494676480117,9.738782774623814,0.4559030584382829,0.43735129697048614
3568,1-east 59 street_2024,13.382084301983614,9.738782774623814,0.3911520875053714,0.0853516670995037
3576,1-east 6 street_2022,13.35321033415245,9.487514920610105,0.3427038217405619,0.5620129125351442
3592,1-east 60 street_2018,13.996198575008732,9.607138617753284,0.31368960962346154,1.1790856728179864
3612,1-east 61 street_2018,14.138650781919647,9.749582006994144,0.3056401572247599,0.6761536041833742
3651,1-east 64 street_2017,13.740567411510854,9.506244404665384,0.2419845476102345,0.5630954411996719
3662,1-east 65 street_2018,13.810401957048038,9.421355559592348,0.28827400248978186,1.0571998420875626
3672,1-east 66 street_2018,14.04355124572285,9.65448821695747,0.2629246804353325,1.3613867254137058
3682,1-east 67 street_2018,13.931481509827439,9.54242599269984,0.30648906937642906,1.2126550047087699
3701,1-east 69 street_2017,13.94148969585328,9.70715334507831,0.23069665402788525,0.8969448002766174
3716,1-east 7 street_2022,13.596531601382333,9.730820160968639,0.342682151009027,0.8393664900609233
3722,1-east 70 street_2018,14.112757247302737,9.725429010074103,0.2545803987755121,0.9197646906856554
3729,1-east 70 street_2025,13.32186090663217,9.725429010074103,0.0,0.013508350024792243
3732,1-east 71 street_2018,14.233982888905413,9.844908876890395,0.24984052477149438,0.7216860453663662
3756,1-east 72 street_2022,14.270897899284765,10.37625506222285,0.4033698914180353,0.7222689941319639
3761,1-east 73 street_2017,13.8116751285494,9.577347089935328,0.23242496417119896,1.2332014549860657
3776,1-east 74 street_2022,13.566888115669506,9.701178425693216,0.3095345808894045,0.7328004924365968
3789,1-east 75 street_2025,13.298801131835052,9.702370590769203,0.0,0.024204688696817394
3801,1-east 77 street_2017,13.90674331493554,9.672409084349601,0.23317297191630915,0.7438878222631296
3819,1-east 78 street_2025,13.3137469285706,9.717315505405844,0.0,0.022152804641133304
3839,1-east 79 street_2025,13.909179961206217,10.312722254269605,0.0,0.012126179797840565
3845,1-east 8 street_2021,13.683512808691347,9.243666687931317,0.3395463245016348,0.016168581161583706
3856,1-east 80 street_2022,13.589676815725646,9.695063783912586,0.32703150482106014,0.01222496962256897
3858,1-east 80 street_2024,13.264254897355235,9.695063783912586,0.313551452430198,0.01222496962256897
3862,1-east 81 street_2018,13.995379272180642,9.608058383287007,0.2860140153510839,0.5230110786297921
3866,1-east 81 street_2022,13.502665930287478,9.608058383287007,0.3283831294268278,0.013804280976397056
3868,1-east 81 street_2024,13.177244055740816,9.608058383287007,0.31026986422718883,0.013804280976397056
3881,1-east 82 street_2017,13.99406240730833,9.705445491685948,0.23262229526875353,0.7998467992190011
3886,1-east 82 street_2022,13.600059146660618,9.705445491685948,0.2979292598544292,0.012126179797840565
3888,1-east 82 street_2024,13.27463722331115,9.705445491685948,0.3050589517951646,0.011730922875698666
3892,1-east 83 street_2018,14.158960150794455,9.771629249518208,0.2619593241906477,0.577680210751232
3896,1-east 83 street_2022,13.666246728631947,9.771629249518208,0.2999323123224247,0.011335509663745602
3898,1-east 83 street_2024,13.3408247747277,9.771629249518208,0.2859564464843111,0.7274519842519357
3901,1-east 84 street_2017,13.994064962245146,9.705448046469176,0.2739719591547585,0.27002713721306015
3906,1-east 84 street_2022,13.600061701596402,9.705448046469176,0.3641405468975022,0.012126179797840565
3908,1-east 84 street_2024,13.274639778245716,9.705448046469176,0.3402963330596164,0.013705647056111932
3911,1-east 85 street_2017,14.027770649146152,9.739151740947763,0.27243156850282396,0.26097868961723114
3916,1-east 85 street_2022,13.633767375109219,9.739151740947763,0.3594617548459117,0.012521280553671745
3918,1-east 85 street_2024,13.308345435946082,9.739151740947763,0.3367458718671398,0.013311014059672338
3922,1-east 86 street_2018,14.928194852227527,10.54083371766686,0.3752168869854773,0.13470570285229133
3925,1-east 86 street_2021,15.00360743213318,10.54083371766686,0.4026450435072157,1.1045280890974138
3928,1-east 86 street_2024,14.11005899416253,10.54083371766686,0.4006468312679178,0.021076325601916215
3932,1-east 87 street_2018,14.093080929449966,9.705753864658506,0.28485854116417436,0.13723701830508495
3938,1-east 87 street_2024,13.274945614547915,9.705753864658506,0.32574163427612596,0.012126179797840565
3943,1-east 88 street_2019,13.578871064511638,9.705856469732057,0.24387944979338802,0.88533655655225
3948,1-east 88 street_2024,13.275048225697274,9.705856469732057,0.29797375848832847,0.012126179797840565
3953,1-east 89 street_2019,13.676394253740215,9.803374115534007,0.2894661942452823,0.7510386589757229
3958,1-east 89 street_2024,13.372571373129471,9.803374115534007,0.28561808823092943,0.011730922875698666
3965,1-east 9 street_2021,14.279838934155778,9.839949880379,0.30799167060799526,0.5709795465857378
3966,1-east 9 street_2022,13.705667335992532,9.839949880379,0.33105894003751685,0.6915458991929715
3972,1-east 90 street_2018,14.161529032393755,9.774197986577443,0.2580093163493209,0.5206967435612537
3975,1-east 90 street_2021,14.23694158478193,9.774197986577443,0.3194932257422664,0.575095358783809
3981,1-east 91 street_2017,13.747349547644475,9.458749452544373,0.24699623423917705,0.1766387736584564
3992,1-east 92 street_2018,13.783930592912673,9.396625327061058,0.29834866574807317,0.18631357806349208
3996,1-east 92 street_2022,13.291217376271142,9.396625327061058,0.36892815568885806,0.7206650665966846
4001,1-east 93 street_2017,13.895829799290333,9.607219088604186,0.1628363394353708,0.9854809172267787
4002,1-east 93 street_2018,13.994539921783696,9.607219088604186,0.2182755816015467,0.628875290539805
4009,1-east 93 street_2025,13.203643693478751,9.607219088604186,0.0,0.014297304700824425
4011,1-east 94 street_2017,13.642811910112629,9.3542202928447,0.2650898435468535,0.739553553374101
4021,1-east 95 street_2017,13.643228602200535,9.354636949350029,0.260603036184825,0.4910309964378111
4025,1-east 95 street_2021,13.817351225362774,9.354636949350029,0.3325468145051073,0.6327069167485291
4033,1-east 96 street_2019,13.936030299925477,10.062997787146614,0.4132491415735764,0.7270653987634059
4041,1-east 97 street_2017,13.657892246460353,9.369299350831795,0.31734965015368877,1.1415121229833305
4048,1-east 97 street_2024,12.938467414501064,9.369299350831795,0.37063830357419375,0.007571265496318075
4052,1-east 98 street_2018,13.009679416174484,8.622469967978043,0.2683740596557847,1.8103194947489651
4062,1-east 99 street_2018,13.663559923648354,9.276265143140666,0.39806940614703534,1.0698355138966906
4065,1-east 99 street_2021,13.738972442869214,9.276265143140666,0.4573667134187332,1.4606826511237496
4068,1-east 99 street_2024,12.845425123460656,9.276265143140666,0.40250506647968753,0.010939940038334364
4076,1-east broadway_2022,13.939233199783953,10.073504878647663,0.37010711823385256,0.3263497480926198
4078,1-east broadway_2024,13.716822737782413,10.073504878647663,0.3563300568858225,1.0779332774597088
4083,1-east drive_2019,14.312287658233293,10.47630972772165,0.22831533971660375,3.1866170610084334
4096,1-east end avenue_2022,13.771028828838396,9.876405790168869,0.40363115118587034,0.4843379009288878
4098,1-east end avenue_2024,13.445606830513638,9.876405790168869,0.4206059137832276,0.3983733542944081
4105,1-east houston street_2021,15.19259984165591,10.752679270979558,0.39927868566428376,0.008166562666393417
4106,1-east houston street_2022,14.61842795165446,10.752679270979558,0.4330393045256887,0.8076359070446433
4108,1-east houston street_2024,14.396017381150623,10.752679270979558,0.36416407166258064,0.5745888444358102
4236,1-edgar street_2022,10.499118634082594,6.634636372676823,0.2847365622220241,0.305939388722612
4243,1-edgecombe avenue_2019,14.400409614984333,10.481835778624786,0.33015983828297735,0.8328221626324274
4282,1-elizabeth street_2018,13.616067813467122,9.22703856983548,0.24272522075720085,0.4328208381180196
4286,1-elizabeth street_2022,13.09271190205868,9.22703856983548,0.3008794859412628,0.008959741371471904
4288,1-elizabeth street_2024,12.8703017331211,9.22703856983548,0.2278222443129879,0.006578315360122567
4293,1-elk street_2019,10.69925051532664,6.864267427347633,0.1808670110829603,0.3860783943079743
4298,1-elk street_2024,10.50660872848128,6.864267427347633,0.2729184521461812,0.27914574142949455
4315,1-ellwood street_2021,12.691283748022697,8.223115421438536,0.32748811367341457,1.8370514584197617
4946,1-fletcher street_2022,10.892762751889432,7.0278617579667015,0.3146948716978496,0.0322735605502957
4985,1-fort george hill_2021,13.423582391256383,8.955276311766578,0.34185411760898626,3.32058367766791
5006,1-fort washington avenue_2022,14.459339382936347,10.535216256381343,0.4074598286287615,0.5936582820592029
5031,1-frankfort street_2017,12.553260530096312,8.319104522881432,0.24650257939601583,2.8400078560509407
5041,1-franklin d roosevelt drive_2017,16.332800492977363,12.098409663006827,0.3117313220818079,0.10912342701835417
5048,1-franklin d roosevelt drive_2024,15.741763179134828,12.098409663006827,0.33716117261988554,0.04554681495597039
5049,1-franklin d roosevelt drive_2025,15.608754956607601,12.098409663006827,0.0,0.09221448398781104
5065,1-franklin street_2021,13.55525205741507,9.11541901681187,0.315567085392518,0.9527769404445651
5066,1-franklin street_2022,12.981080977941575,9.11541901681187,0.3412104811900382,0.015184135325039965
5106,1-freedom place_2022,11.895423826411138,8.0299729939331,0.42308670945798393,1.0634340603184973
5196,1-gay street_2022,9.706387139994133,5.843459630055404,0.271373334409857,0.13566661142153352
5221,1-gold street_2017,12.984556424395835,8.750316234985831,0.2880741524411205,1.7054751006310425
5251,1-gouverneur slip west_2017,10.298559628042788,6.066451710667586,0.24358675258655665,0.667367727572458
5365,1-grand street_2021,15.043335079409621,10.603417911162806,0.40501800945159316,1.825742128725519
5366,1-grand street_2022,14.469163220913336,10.603417911162806,0.4403782065680449,0.3038014543316642
5385,1-great jones street_2021,13.29541572115712,8.855614921428646,0.35411152372572025,0.6381628722271858
5395,1-greene street_2021,13.594743679214533,9.15490643106642,0.2989276165060931,0.017643435172595243
5398,1-greene street_2024,12.798162430227054,9.15490643106642,0.23548092507405055,0.07036526266056349
5442,1-greenwich street_2018,15.307326692356082,10.918218220769965,0.3063569114571711,0.7784070245107687
5446,1-greenwich street_2022,14.78397009618144,10.918218220769965,0.3731220838301078,0.04726519246711422
5448,1-greenwich street_2024,14.56155950865206,10.918218220769965,0.3408067609132984,0.003992021269537453
5482,1-grove street_2018,12.758455409073102,8.369558004263904,0.30002976735396586,1.3399886082433792
5605,1-hamilton terrace_2021,12.32609052309843,7.858039132173568,0.32019567507026997,0.7199351573163284
5636,1-hanover square_2022,11.007526078494209,7.14253094200192,0.31566910899144973,0.0761273603875509
5646,1-hanover street_2022,10.551372351233823,6.686824587852525,0.26098969380432446,0.15683279402678837
5659,1-harlem river drive_2025,14.688634431607362,11.133300569941676,0.0,0.10264683696014272
5866,1-haven avenue_2022,13.13438657260953,9.210335416779905,0.33321704795881835,0.7991275040971774
6296,1-henry street_2022,13.603530853698475,9.737819007498322,0.31387912341827884,0.039893563661676665
6405,1-hillside avenue_2021,12.315315802284534,7.847268551698001,0.34886676149092066,3.262559640469315
6436,1-hogan place_2022,11.01692831154721,7.151925930077534,0.30748469974796067,0.10345870836822998
6575,1-horatio street_2021,13.061686519420308,8.621922817505084,0.2832673073764285,1.1275560150578872
6638,1-hubert street_2024,11.981081941917244,8.337956031042902,0.34261099131953787,0.630899367080418
6672,1-hudson street_2018,15.231913796344475,10.842806726855141,0.3582001197532911,0.8175306078499772
6675,1-hudson street_2021,15.282729119156611,10.842806726855141,0.4006194349232899,0.3426672932841241
6678,1-hudson street_2024,14.486146632165827,10.842806726855141,0.3670448407961424,0.003095204907302419
6808,1-isham street_2024,12.564084102195517,9.002873536959566,0.44247294140291565,0.027323295648890352
6855,1-jane street_2021,13.05934784137051,8.619584556200975,0.3081895278494347,0.45894268188631065
6906,1-john street_2022,12.63455534629842,8.768937968614528,0.3401568391685885,0.011137744410455924
6925,1-jones street_2021,11.634524463421863,7.195324268000228,0.26604557285841923,0.11876033572084281
7045,1-king street_2021,13.227889741116797,8.788098784127694,0.3458459737704115,0.025277807184268544
7076,1-lafayette street_2022,14.414728497480485,10.548984547765002,0.4149311946092611,0.30165893938257526
7112,1-lenox avenue_2018,15.30032893588912,10.91295968916004,0.34572338102583516,0.497253943735896
7113,1-lenox avenue_2019,14.78601610261072,10.91295968916004,0.37087914055469545,1.3674427814345287
7115,1-lenox avenue_2021,15.375741523213563,10.91295968916004,0.40162213438132927,1.5516604835144319
7128,1-lenox terrace place_2024,10.98442429208849,7.423674324862573,0.316571082303918,0.2045721657287744
7135,1-leonard street_2021,13.361068342708933,8.921258589799486,0.36496052352550507,1.3907095995933003
7161,1-lexington avenue_2017,16.179788828785988,11.89111855409216,0.31747057052123795,0.3005489381586045
7162,1-lexington avenue_2018,16.278499029182655,11.89111855409216,0.33853016289107857,0.4127054997636582
7163,1-lexington avenue_2019,15.764186100838876,11.89111855409216,0.3393135651383446,0.2089634877403758
7168,1-lexington avenue_2024,15.460362862786157,11.89111855409216,0.37688378853574206,0.05259245011917058
7202,1-liberty street_2018,13.74755398534775,9.3585127752013,0.3195628043030713,0.5907821738819174
7205,1-liberty street_2021,13.798369267149123,9.3585127752013,0.36000273403140703,0.2763430277817872
7422,1-lispenard street_2018,12.436384046417082,8.047573631481997,0.26263413358260884,0.8116410746077345
7465,1-ludlow street_2021,13.506905577598332,9.067077919376203,0.3088746940290312,0.9521210888749825
7475,1-mac dougal alley_2021,10.574096795055029,6.136294783644861,0.25070541486378783,0.31056817623848193
7485,1-mac dougal street_2021,13.075331270596143,8.635565156558071,0.337031208128221,2.072958069321974
7521,1-madison avenue_2017,16.26933560648315,11.980664753024602,0.3107132607598671,0.8143023021164125
7522,1-madison avenue_2018,16.368045807636754,11.980664753024602,0.3321186388783828,0.6851150088626811
7525,1-madison avenue_2021,16.443458405759714,11.980664753024602,0.3751823692101049,1.2572386519505292
7526,1-madison avenue_2022,15.875331983406587,11.980664753024602,0.39600457122314114,0.08562708596743704
7528,1-madison avenue_2024,15.549909632001471,11.980664753024602,0.37885899019256025,0.1455711233192188
7555,1-madison street_2021,14.245033462577238,9.805146273622306,0.4040186191191614,2.338550513426654
7556,1-madison street_2022,13.670861881682038,9.805146273622306,0.4054950432984795,0.03739211921706267
7575,1-maiden lane_2021,13.37782347954138,8.93801153429067,0.3620117054576645,0.9098299056119181
7576,1-maiden lane_2022,12.803652595421235,8.93801153429067,0.34988108451732425,0.014494446150452563
7601,1-manhattan avenue_2017,14.536523626009398,10.247881541179098,0.291459243676057,0.5130631187061825
7602,1-manhattan avenue_2018,14.63523378953734,10.247881541179098,0.3053461918588534,0.4773515669082739
7608,1-manhattan avenue_2024,13.817098073140345,10.247881541179098,0.329353361391823,0.47505335787784186
7736,1-market street_2022,12.344173526869179,8.47860744047224,0.4105683434933419,0.876093542122742
7785,1-mercer street_2021,13.880404737623996,9.440541534370759,0.3101091082392252,0.5941552313529949
7788,1-mercer street_2024,13.083823111236052,9.440541534370759,0.26826398659467937,0.1003881740312684
7856,1-monroe street_2022,12.48517747168585,8.6195846199933,0.23919426217703024,0.9575094476901094
7882,1-morningside avenue_2018,14.397093027189916,10.009750187694369,0.345883270420336,0.6892395557289283
7893,1-morningside drive_2019,13.461651876996784,9.588644701698364,0.36193884305827345,2.7907417053070893
7938,1-mott street_2024,13.047903862227313,9.404625114540444,0.27170633078565215,0.005683816468297671
7955,1-mount morris park west_2021,13.31320954475595,8.850551360510703,0.40350917352613447,0.6831473484816117
7968,1-mulberry street_2024,12.953326589894342,9.310055796343176,0.24232679178352665,0.00707491367196188
7973,1-murray street_2019,13.374573593633745,9.53863853788517,0.3144094309502864,1.0282971147530842
7976,1-murray street_2022,13.404337649963578,9.53863853788517,0.3818516000191917,0.5329197412390564
7983,1-nagle avenue_2019,14.140088464407375,10.221522800305305,0.3669690000900291,1.904939333938013
8025,1-norfolk street_2021,13.12975629998318,8.689980885492528,0.2886234100763818,1.5167303428995897
8046,1-north end avenue_2022,12.745528854948368,8.879895487099429,0.33838880272247557,1.2632223635298965
8085,1-north moore street_2021,13.17307907087912,8.73329660653833,0.34503426596484826,0.22298353851284425
8165,1-overlook terrace_2021,12.618456948588245,8.15030866373678,0.34412512750880886,1.98229718079335
8193,1-park avenue_2019,16.034929444010892,12.19892885219395,0.3127431510553319,0.5679807042670504
8195,1-park avenue_2021,16.638865582361028,12.19892885219395,0.35546304152272235,1.8555633455802154
8198,1-park avenue_2024,15.842282886906665,12.19892885219395,0.34608492238780697,0.18215487623685567
8241,1-park row_2017,13.768784442586757,9.534459396112652,0.2603124258041144,1.9001802973491388
8373,1-payson avenue_2019,12.090008831401365,8.17168447686251,0.3085928623529807,2.8371643520638163
8378,1-payson avenue_2024,11.732740055134885,8.17168447686251,0.38534058993021325,0.04152574682849831
8381,1-pearl street_2017,14.336388313067236,10.102032398388623,0.29840865019042406,1.7852718030925006
8383,1-pearl street_2019,13.937997805120078,10.102032398388623,0.2915066732232883,0.8133273408160503
8386,1-pearl street_2022,13.967761881081746,10.102032398388623,0.31623517153625785,0.21744735876932877
8446,1-pell street_2022,10.676827853420892,6.81213610455678,0.2537805207760996,0.7942586819283568
8453,1-perry street_2019,12.691173877430383,8.855307913113364,0.24039041513743428,0.7172542559031784
8516,1-pike street_2022,12.835830012952814,8.97018488120027,0.5755500999826638,0.7498582721439877
8536,1-pinehurst avenue_2022,13.166531970575994,9.24247771380942,0.2602586839031384,0.018527304613883622
8586,1-pleasant avenue_2022,13.145097201861752,9.250517946220047,0.39442244961617573,0.64006280946749
8675,1-post avenue_2021,13.622073569183929,9.153744521759407,0.393637445393501,0.41038631242723245
8681,1-prince street_2017,13.525771250350143,9.291465808653836,0.2405082483594692,0.7790954926963102
8751,1-r f wagner sr place_2017,12.285616244071878,8.051533972274655,0.364552332415862,3.2560906814818136
8788,1-reade street_2024,12.673878576743267,9.030636199538419,0.26727827926992015,0.7187174566714754
8802,1-rector place_2018,12.460062859325578,8.071245051929154,0.22064546387143308,1.5264909916131741
8848,1-renwick street_2024,11.057984339613995,7.41521184600453,0.2189970353523612,0.05789147841577759
9066,1-river terrace_2022,12.153063770590741,8.287540541718084,0.3945210864288471,1.221920771626568
9092,1-riverside drive_2018,16.408813824172498,12.019693402024481,0.3430868158201256,2.253510388346811
9095,1-riverside drive_2021,16.459629155299037,12.019693402024481,0.37875069639755454,0.1666155269723372
9098,1-riverside drive_2024,15.663046474047983,12.019693402024481,0.3659636537963856,0.5573847295459448
9102,1-riverside drive east_2018,12.439351399820806,8.027360574757212,0.33797486650574793,1.718597203599071
9241,1-rose street_2017,11.54696667435145,7.313227575510391,0.07232066157962612,0.16373319198260175
9273,1-rutherford place_2019,11.052814381609437,7.217526903683424,0.27871340246902054,1.4291143583028187
9308,1-seaman avenue_2024,13.429847377728285,9.868567552154593,0.4369394741262346,0.6526376372217353
9345,1-sherman avenue_2021,14.726905595011077,10.258506589252606,0.503821791995418,0.6663410861394383
9388,1-sickles street_2024,11.858507035781493,8.297419014622694,0.2641310493793769,0.7789119475207388
9402,1-south end avenue_2018,13.290970018968276,8.901978086164595,0.2947695727353642,0.6256710154350313
9426,1-south pinehurst avenue_2022,10.931092143579981,7.007830244176067,0.3073991967766803,0.09248801943515139
9431,1-south street_2017,15.05097375840773,10.816597213961739,0.35954663368142503,0.4181180542314799
9461,1-spring street_2017,14.041747237561557,9.807405166364708,0.35678157740006955,0.2902038899952903
9468,1-spring street_2024,13.450710501401241,9.807405166364708,0.329875980382525,0.713831771752778
9469,1-spring street_2025,13.31770246303348,9.807405166364708,0.0,0.013705647056111932
9471,1-spruce street_2017,12.636800083868485,8.40262481902918,0.27402717574183527,1.5874581168260413
9532,1-state street_2018,13.097673519044028,8.708710252003355,0.399461205206402,2.915568308529079
9591,1-street james place_2017,12.64668105647401,8.412503618411227,0.3862548978909222,2.1441284893016515
9621,1-street marks place_2017,13.11650628055322,8.882246792659227,0.2971145704239362,1.077014050226712
9631,1-street nicholas avenue_2017,16.213035520072168,11.883889184776166,0.3438378741394583,0.03845118637425273
9632,1-street nicholas avenue_2018,16.296195695027215,11.883889184776166,0.35444508743981945,0.19293173590597015
9633,1-street nicholas avenue_2019,15.80248374196067,11.883889184776166,0.36902804807176975,0.44423700260870275
9635,1-street nicholas avenue_2021,16.352316025595954,11.883889184776166,0.40692078897892464,0.08084238784410075
9636,1-street nicholas avenue_2022,15.808031605639826,11.883889184776166,0.4339650720347289,0.22090103876142972
9639,1-street nicholas avenue_2025,15.439230542715906,11.883889184776166,0.0,0.12106652797944359
9643,1-street nicholas place_2019,12.926011990094407,9.007530726825236,0.4437696507896662,0.4774136074207484
9656,1-street nicholas terrace_2022,12.381945813054278,8.487474306538054,0.31618292797286557,2.3150668704961017
9685,1-suffolk street_2021,13.147776201111753,8.707997817133347,0.23055504262437054,1.9451384227797495
9692,1-sullivan street_2018,13.388583151970705,8.999578717066541,0.24280808567362372,1.006496999760304
9695,1-sullivan street_2021,13.439398410870876,8.999578717066541,0.29387007896784845,0.02048866642731566
9726,1-sutton place_2022,12.057106430306868,8.191608012730871,0.5042927027243677,0.6210065027822629
9736,1-sutton place south_2022,12.577419291757332,8.71181086523166,0.45182468306565343,0.6450592697528902
9746,1-sutton square_2022,10.460136742279706,6.595705621311754,0.338151498140933,0.6455837636283357
9806,1-taras shevchenko place_2022,10.351477308716612,6.487199709729354,0.22314355131420976,0.6361005251806696
9829,1-terrace drive_2025,12.461886579193093,8.951661542360714,0.0,1.0379418324679621
9868,1-thayer street_2024,12.214855116307543,8.65369452310367,0.3052001448769382,0.6660328880683734
9922,1-thompson street_2018,13.568172931161245,9.179148452430644,0.23291283501802773,0.7085775182153029
9926,1-thompson street_2022,13.044817060937497,9.179148452430644,0.258241286501854,0.013311014059672338
9948,1-tiemann place_2024,11.860579151696502,8.299490629433512,0.3869030902481048,1.3991859069111212
9995,1-tudor city place_2021,13.035090567961221,8.59533166332919,0.3122076146215817,0.7769367062896286
10008,1-union square east_2024,12.27236563232158,8.629180841263787,0.38052615976091225,0.7601046486848263
10051,1-university place_2017,13.253381092271193,9.019104102073543,0.27193371548364176,0.21768870063124593
10055,1-university place_2021,13.458926155258752,9.019104102073543,0.33291896448836905,1.4042079504047693
10086,1-vandam street_2022,12.483131325728616,8.617538836069917,0.40804575470165605,0.6417486174739451
10105,1-varick street_2021,14.475282349237917,10.03538394819799,0.44131892166055753,0.2091257595460057
10113,1-vermilyea avenue_2019,13.245611874044233,9.327097769228974,0.2805135829731684,0.5407532900076794
10123,1-vesey street_2019,13.263517943443134,9.427591163777818,0.22034895238319388,1.487112073855809
10142,1-wadsworth avenue_2018,14.515350038932233,10.103077169167722,0.30108012714634647,0.33975256474278304
10172,1-walker street_2018,13.286382344188773,8.897391029522609,0.2891535168188677,0.523603636125206
10185,1-wall street_2021,13.046625928919513,8.606864927905583,0.3064699863174141,0.3313161094718422
10236,1-warren street_2022,13.150342561573636,9.284663837288411,0.36543598747350864,0.6257779901890914
10273,1-washington place_2019,12.666728602752357,8.830866091679873,0.27675954297616756,0.6170757436086499
10275,1-washington place_2021,13.2706633603614,8.830866091679873,0.32279709147268354,0.3028415842096035
10285,1-washington square east_2021,11.650917842814685,7.2117055950107165,0.390176415593074,2.9988524008902346
10295,1-washington square north_2021,12.622766832231676,8.183101202837689,0.394676526477582,3.129218040137662
10305,1-washington square south_2021,12.552179098246734,8.1125336577958,0.42008376041940215,3.5413708335585543
10315,1-washington square west_2021,11.650882937813165,7.211670715462116,0.3865661819401284,3.350237365064725
10325,1-washington street_2021,14.87406690230776,10.434154259797216,0.40128550091181625,0.28585540511037344
10341,1-water street_2017,14.475269509084733,10.240908355499775,0.33734466883480485,2.0543160228991
10356,1-watts street_2022,13.002053072895729,9.136388877543936,0.32888046671300014,0.33754309162270596
10358,1-watts street_2024,12.779642952654747,9.136388877543936,0.3574935742866968,0.3556444131242084
10365,1-waverly place_2021,13.614435102339936,9.17459581747987,0.3139247217187351,0.39312258490977786
10366,1-waverly place_2022,13.040263965042332,9.17459581747987,0.3087328796478933,0.5597300671195937
10376,1-weehawken street_2022,10.46345867001217,6.599023112980928,0.3040184917714744,0.11778303565638346
10386,1-west 10 street_2022,13.237262069144572,9.37157577811092,0.3446103480433809,0.8316039237069611
10392,1-west 100 street_2018,13.632378003851988,9.24508615171873,0.29114099575412883,2.2872886973680537
10396,1-west 100 street_2022,13.139664894751252,9.24508615171873,0.3522861325490101,0.021663639636026324
10402,1-west 101 street_2018,13.031442646565312,8.644229371158787,0.24170702107884143,0.6281819017075861
10406,1-west 101 street_2022,12.53873016746059,8.644229371158787,0.3016683144265208,0.03459464476449907
10412,1-west 102 street_2018,13.29515683247284,8.907903233349922,0.24768210839294066,0.46341950136872034
10416,1-west 102 street_2022,12.80244403006294,8.907903233349922,0.3216902075945296,0.8036146335859163
10426,1-west 103 street_2022,12.598150202938669,8.703639451989543,0.32309411067503685,0.03700672562909567
10432,1-west 104 street_2018,13.30019176321881,8.912937492954448,0.22518435245248544,1.8390564556702138
10438,1-west 104 street_2024,12.482057608916605,8.912937492954448,0.2391074023032238,0.0314017631395316
10442,1-west 105 street_2018,13.646353839422915,9.259060663486588,0.25586546011632494,1.3090082671598169
10448,1-west 105 street_2024,12.828219064817624,9.259060663486588,0.3197963135533665,0.020782539182528505
10452,1-west 106 street_2018,14.308682567531,9.921343832244753,0.31866332409884834,1.4506062940883013
10458,1-west 106 street_2024,13.490547066568098,9.921343832244753,0.3151343004475552,0.0168571170664229
10463,1-west 107 street_2019,13.129063241882049,9.25608253333268,0.27523244749405096,1.6571036351322967
10472,1-west 108 street_2018,13.676137840759079,9.288841904628033,0.24339327507029876,1.5245551773687822
10482,1-west 109 street_2018,13.644810136874137,9.25751710625145,0.26828462621656224,0.9070077782752383
10486,1-west 109 street_2022,13.152097018325128,9.25751710625145,0.3334221857332121,0.42937692815447726
10493,1-west 11 street_2019,13.394357152863442,9.558420716847346,0.2524399208026406,0.6090044124475172
10508,1-west 111 street_2024,13.203813201047616,9.634625816680488,0.2726559505040386,1.0137077815776656
10512,1-west 112 street_2018,13.958710593039626,9.571392182260201,0.2877610167040225,1.1087276224092026
10518,1-west 112 street_2024,13.140575416108499,9.571392182260201,0.32241661043135417,1.807255450602153
10522,1-west 113 street_2018,13.90699719476134,9.519682436932376,0.23169381525378663,0.8710841390360758
10536,1-west 114 street_2022,13.37223538943413,9.47763701206622,0.3207035242062608,1.0694580712377584
10538,1-west 114 street_2024,13.046813588153528,9.47763701206622,0.28316259114474535,1.4499731377830734
10579,1-west 118 street_2025,13.151602860928007,9.555181749516821,0.0,0.8973117652763523
10591,1-west 12 street_2017,14.101477880449067,9.867132664026533,0.2717469566820904,0.8729656071357814
10623,1-west 122 street_2019,13.657223352736292,9.784204261982943,0.2575240647484696,0.5041634808924402
10632,1-west 123 street_2018,14.251663850725933,9.864327961464765,0.25137290610320867,0.7017104112204332
10655,1-west 125 street_2021,15.1128307719843,10.644420670036554,0.4348784605414595,1.3673153945220877
10662,1-west 126 street_2018,14.178371465317174,9.7910394809904,0.2899820570372226,1.3531511425266365
10666,1-west 126 street_2022,13.685658034471889,9.7910394809904,0.3238061078571265,0.7839015438284094
10672,1-west 127 street_2018,13.855596887156198,9.468285952246024,0.26789427758148543,1.3089272375434478
10676,1-west 127 street_2022,13.362883625064983,9.468285952246024,0.31273981988528904,0.2983994357929765
10692,1-west 129 street_2018,14.0690648907856,9.681739288634853,0.2576420539658009,1.1771153501560534
10695,1-west 129 street_2021,14.144477438195217,9.681739288634853,0.285728259943252,0.06868615778844692
10702,1-west 13 street_2018,14.068536124707146,9.679471532979386,0.29482039123390064,0.5033779586308332
10712,1-west 130 street_2018,13.997609959497854,9.585364528329755,0.24795596845216286,0.768857439794421
10725,1-west 131 street_2021,14.000636396192673,9.53227438000603,0.33320532747586457,1.70616526938653
10743,1-west 133 street_2019,13.45821322256641,9.539682414595095,0.30351587498809357,2.37009419757645
10762,1-west 135 street_2018,14.78044806705598,10.368165776126503,0.3597034916564541,1.6643994705080747
10768,1-west 135 street_2024,13.929465384235767,10.368165776126503,0.3796042392644393,0.8508771613258297
10778,1-west 136 street_2024,13.318637741930678,9.75736383383144,0.28265377775924505,0.6470508846669718
10783,1-west 137 street_2019,13.415538594099392,9.497010860252674,0.24732499960060042,0.958928676558389
10792,1-west 138 street_2018,14.051807573321275,9.639558560402202,0.2640445710519711,0.07760897932698288
10793,1-west 138 street_2019,13.558096070866371,9.639558560402202,0.2641940911445672,1.4493630525868737
10808,1-west 139 street_2024,13.501491240095492,9.940207936454557,0.2998098245779017,1.1985179536429722
10812,1-west 14 street_2018,14.822304445857538,10.433207147615136,0.3875041728158744,0.5573847295459448
10823,1-west 140 street_2019,13.426852493769678,9.508323932089814,0.21970908886557497,1.1795776474912145
10831,1-west 141 street_2017,14.193504053223904,9.864402217234407,0.26159048023729403,0.22426292458212607
10833,1-west 141 street_2019,13.782952576804492,9.864402217234407,0.2717825324763238,0.881947703451609
10835,1-west 141 street_2021,14.332784481480164,9.864402217234407,0.35039145735498156,0.3763795272130678
10848,1-west 142 street_2024,13.279984850763967,9.718713158409255,0.33382976172852535,0.4588794847428005
10871,1-west 144 street_2017,13.681116874535588,9.352049376768006,0.20304458381731347,0.5572701820085916
10875,1-west 144 street_2021,13.820397243165429,9.352049376768006,0.28188287058619593,2.1234584270966104
10883,1-west 145 street_2019,14.491914585126557,10.573338345470217,0.3736595156451319,1.4048462065144176
10888,1-west 145 street_2024,14.13464361584217,10.573338345470217,0.44496499490926666,0.1582849789657133
10889,1-west 145 street_2025,14.128661548525296,10.573338345470217,0.0,0.08645288773019902
10893,1-west 146 street_2019,13.492726635594806,9.574193435584558,0.28290879369912325,1.029226482849717
10903,1-west 147 street_2019,13.301114669735552,9.382595856269996,0.2956856723123027,1.220770922601817
10913,1-west 148 street_2019,13.264281226028059,9.34576550812133,0.22335516913321976,1.3251633611156592
10933,1-west 149 street_2019,13.218355244254576,9.299843549238593,0.2539729283729451,0.6687007876550191
10935,1-west 149 street_2021,13.768186817398401,9.299843549238593,0.3188285437166257,0.4960976983613782
10943,1-west 15 street_2019,14.065698570848063,10.229728355409893,0.2760070408712776,0.3543823178788483
10948,1-west 15 street_2024,13.873052156084347,10.229728355409893,0.34627623671783375,0.6901426715396466
10953,1-west 150 street_2019,13.43074331946549,9.512214475252875,0.2978975732362328,0.7823020918708383
10961,1-west 151 street_2017,13.7032046894862,9.374135320774755,0.24788079864891127,0.8268035653726189
10983,1-west 152 street_2019,13.258704249926124,9.340189010737733,0.22457110330539518,1.4243605619263469
10993,1-west 153 street_2019,13.407727563388619,9.489200406561071,0.2185069686180837,0.755887210381131
10999,1-west 153 street_2025,13.044474962614165,9.489200406561071,0.0,0.16534493258683783
11003,1-west 154 street_2019,12.48811216912534,8.569696865286248,0.2708749541353997,0.27778324027253337
11015,1-west 155 street_2021,14.710076759041415,10.24167834143896,0.39590884683303335,0.6472602977874691
11016,1-west 155 street_2022,14.165792577557438,10.24167834143896,0.4249168528548624,0.5296866314069093
11042,1-west 156 street_2018,12.797280538084305,8.385192690335877,0.2961548488229343,2.2237583124480746
11061,1-west 158 street_2017,13.631445824339615,9.302382687993394,0.29438226502160053,0.932715110288297
11062,1-west 158 street_2018,13.714605910628968,9.302382687993394,0.3200473569538126,0.5285673052421478
11098,1-west 16 street_2024,13.41997313055298,9.776669468692829,0.3349316416469623,0.5448791638908426
11106,1-west 160 street_2022,13.067329428265728,9.143285071063827,0.33537834407822287,0.8344731166503803
11116,1-west 161 street_2022,12.800378207588478,8.876365923128208,0.3445788241542014,0.9416855368940971
11123,1-west 162 street_2019,13.041387877447681,9.122893532348884,0.2455571461511098,1.1613679714934988
11131,1-west 163 street_2017,13.46636162299873,9.137314641678877,0.27609559992694166,1.1718937288621898
11141,1-west 164 street_2017,12.89419678605749,8.565231765972731,0.25555379546496426,1.7266696850618262
11151,1-west 165 street_2017,13.703078936442742,9.37400957826665,0.38839947257125007,1.5295718558235127
11162,1-west 166 street_2018,13.053030282388434,8.640891556407395,0.2761952987166235,0.6942465760032462
11172,1-west 167 street_2018,12.932580511997658,8.520464133494423,0.3092890564689711,1.0540332452701422
11182,1-west 168 street_2018,13.464524670307508,9.052327047599322,0.3177517303877048,0.8235612192818783
11196,1-west 169 street_2022,12.752361015055078,8.828355464081003,0.3146409749639786,0.5671870534317407
11201,1-west 17 street_2017,14.026260477340475,9.791919252761367,0.2741454867342476,0.603824042599743
11208,1-west 17 street_2024,13.435223751210929,9.791919252761367,0.3877809249789457,0.18173805325553832
11218,1-west 170 street_2024,12.663774139961694,9.102552230486443,0.26059435250103263,0.4000504754066655
11236,1-west 172 street_2022,12.858173182657199,8.9341532108174,0.31243140493099664,0.6362063900971352
11248,1-west 173 street_2024,12.770257241224002,9.209024400631375,0.30816060379532156,0.7202758479481979
11256,1-west 174 street_2022,12.716255212110743,8.7922549415334,0.31917396331862674,0.731598366934198
11268,1-west 175 street_2024,12.908731852172808,9.34748643075853,0.26765528210190664,0.5220622556919784
11276,1-west 176 street_2022,12.939771971312542,9.015741875128846,0.3305219632041135,0.35037514179020435
11296,1-west 177 street_2022,12.965939849266077,9.041906677373511,0.4094532462670973,1.1666446990599366
11316,1-west 178 street_2022,13.465540508853566,9.541461718982346,0.47111577023154255,0.611503191519435
11338,1-west 18 street_2024,13.520546027750042,9.877237077078414,0.3423049469407145,0.15306437572683676
11346,1-west 180 street_2022,13.060240125838229,9.136196514394998,0.32020393525280344,0.6397991450580209
11353,1-west 181 street_2019,13.601368558802578,9.682828346079678,0.4361020775700542,1.2306634195789805
11418,1-west 186 street_2024,12.640177555449302,9.078958229908176,0.20645331687383092,0.33181856793986586
11428,1-west 187 street_2024,13.208501968845457,9.647234606805231,0.31657108230391795,0.5735186931044141
11438,1-west 188 street_2024,12.098660354703483,8.537520649311146,0.18805223150293965,0.6248148051831204
11456,1-west 19 street_2022,13.776334759899855,9.910613745224612,0.32774377802562726,1.197944671587594
11503,1-west 196 street_2019,11.043889278443338,7.126076163725088,0.2307337205808854,2.1520528586894985
11512,1-west 20 street_2018,14.374044430787821,9.984963575753998,0.2894095843834519,1.16427517746739
11516,1-west 20 street_2022,13.850688073296583,9.984963575753998,0.35265018880011434,0.15126079384058366
11553,1-west 204 street_2019,13.32402761671297,9.405506934330681,0.31960746646428073,0.7586071520317311
11583,1-west 207 street_2019,13.554755005636702,9.636217708716698,0.4172015217333229,0.19745644437822474
11591,1-west 21 street_2017,14.20280835169454,9.968458210981213,0.2600632639555948,0.16135325035775827
11593,1-west 21 street_2019,13.804417885294722,9.968458210981213,0.28959350979704895,0.6598488951584306
11598,1-west 21 street_2024,13.611771519926611,9.968458210981213,0.28891284183791355,0.14643527822954572
11672,1-west 218 street_2018,13.713378242854926,9.301155130900852,0.3584110247304938,0.6226710667556208
11691,1-west 22 street_2017,14.216983272274378,9.982632481638444,0.24324516419724032,0.3019547317384995
11756,1-west 24 street_2022,13.985418731907046,10.119688546733425,0.38049630024208836,0.9616464335949523
11771,1-west 26 street_2017,14.29098586508652,10.0566318270434,0.2681794001645992,2.298406374297628
11772,1-west 26 street_2018,14.445715830098663,10.0566318270434,0.32068476902866766,0.1331313126031829
11773,1-west 26 street_2019,13.892595370642919,10.0566318270434,0.27943386359528516,0.1873090983049937
11792,1-west 27 street_2018,14.297440393948298,9.908363162619342,0.27117331019573265,0.6068264740934182
11796,1-west 27 street_2022,13.774084067776377,9.908363162619342,0.33074156191222787,0.21889453702479486
11806,1-west 28 street_2022,13.925709093438336,10.059981334626794,0.33462004124079875,0.27429283533276483
11816,1-west 29 street_2022,14.072778210026783,10.207044726019879,0.31777696939741645,0.26520637568659605
11825,1-west 3 street_2021,13.314972856407048,8.875169327904294,0.37439374700087397,1.1996936618410472
11831,1-west 30 street_2017,14.552365727933786,10.318001965243269,0.29381789383593687,0.3524861833172777
11832,1-west 30 street_2018,14.707095713441598,10.318001965243269,0.31172584863111835,0.09175842523954066
11853,1-west 32 street_2019,12.665287828375789,8.829425523479205,0.2930249168622764,0.2577381960787088
11863,1-west 33 street_2019,14.038173299079142,10.202204068860608,0.253534185019219,0.4297023324722099
11881,1-west 35 street_2017,14.507555935623065,10.273193664866573,0.2387314676049451,1.2846491573576897
11895,1-west 36 street_2021,14.506121375250792,10.06622165911928,0.32712475640853056,1.3936671154493037
11901,1-west 37 street_2017,14.208143732590592,9.973793346167334,0.22211738395889769,0.4627901747274338
11902,1-west 37 street_2018,14.362873689906527,9.973793346167334,0.2424629008091911,0.3207057388989621
11905,1-west 37 street_2021,14.413688996076804,9.973793346167334,0.3044374652924917,0.8734249836446637
11906,1-west 37 street_2022,13.83951733683435,9.973793346167334,0.28595876372096013,0.3658923329883412
11912,1-west 38 street_2018,14.436995751912228,10.047912119923254,0.27804377291177884,0.5692265986404673
11921,1-west 39 street_2017,14.346335454618528,10.111979140045879,0.23613074684102092,0.4686276830658045
11922,1-west 39 street_2018,14.501065424428702,10.111979140045879,0.24870201129046932,0.5447631747936875
11932,1-west 4 street_2018,13.752753624593856,9.363711972805529,0.2615152382495032,0.27261919477473523
11935,1-west 4 street_2021,13.80356890667025,9.363711972805529,0.30752619069553094,1.0218392298621959
11942,1-west 40 street_2018,14.48113154494056,10.092046067656502,0.2796283715067161,1.188331108335979
11945,1-west 40 street_2021,14.53194685430748,10.092046067656502,0.3466159488020463,0.450629660062538
11951,1-west 41 street_2017,14.199533998073761,9.965184008804423,0.25883870050345215,0.7187661931775648
11955,1-west 41 street_2021,14.405079260475095,9.965184008804423,0.3490624950751109,0.2401186555201713
11966,1-west 42 street_2022,14.464366970596428,10.598621777726956,0.4112194074919421,0.6575718150460252
11971,1-west 43 street_2017,14.261642656005352,10.027289876935981,0.2705900538485723,1.2212723014039972
11975,1-west 43 street_2021,14.467187926027377,10.027289876935981,0.36607886401401346,0.4898062565419153
11981,1-west 44 street_2017,14.23504580504146,10.000694199472402,0.23684733590787269,0.9224318366309181
11982,1-west 44 street_2018,14.389775764926886,10.000694199472402,0.2525009387107992,0.8724642283336013
11996,1-west 45 street_2022,13.978142120210045,10.112412223035827,0.3438271151686091,0.5379542911542433
12006,1-west 46 street_2022,14.005745757719431,10.14001477904216,0.3096186842480553,0.5154548921496529
12023,1-west 47 street_2019,13.909687136919915,10.073722881997588,0.2977081733177399,0.8479262343474989
12046,1-west 48 street_2022,13.820512753883127,9.954789638672189,0.3420954941755751,0.5817127001136401
12051,1-west 49 street_2017,14.228249657756042,9.993898357085058,0.2542874916361342,0.7411751495705269
12065,1-west 50 street_2021,14.371475815721471,9.931582151583537,0.3386985020317893,0.3792580159389904
12071,1-west 51 street_2017,14.225290369682485,9.990939202424068,0.2715228000703998,0.8026740050871876
12082,1-west 52 street_2018,14.583436354808338,10.194346900784605,0.2726100414985487,0.4868607463121584
12091,1-west 53 street_2017,14.33364230322406,10.099286499642677,0.26869161525615964,0.9395383985938455
12093,1-west 53 street_2019,13.935251796076313,10.099286499642677,0.2962391063847606,0.6724851841118494
12103,1-west 54 street_2019,14.10742473191271,10.271453073726683,0.28848532118969034,0.6426430483861773
12112,1-west 55 street_2018,14.485855470439807,10.096769800432648,0.3926894906342603,0.6316972182437227
12122,1-west 56 street_2018,14.479512937122662,10.090427526083012,0.37058288872859313,0.7067541839661623
12126,1-west 56 street_2022,13.95615654025448,10.090427526083012,0.4527136653500815,0.6675216329209726
12132,1-west 57 street_2018,15.237772619668773,10.848665437422392,0.4616780020369349,1.2811838142172718
12138,1-west 57 street_2024,14.492005453919885,10.848665437422392,0.49202938644122296,0.863143087663263
12141,1-west 58 street_2017,14.29587993835689,10.061525693904034,0.33078717298660465,0.9502669474290862
12146,1-west 58 street_2022,13.927253517317151,10.061525693904034,0.4553620792527875,0.4609628845935865
12151,1-west 59 street_2017,13.73757641965461,9.503253632401393,0.24852671663978626,2.560315561067623
12158,1-west 59 street_2024,13.146539911973498,9.503253632401393,0.36867166022636383,0.7723279784343866
12181,1-west 61 street_2017,13.12997923039692,8.895717911488925,0.2595952255679037,1.254104924811936
12192,1-west 62 street_2018,13.694615211548143,9.30557863101407,0.31809615953655707,0.43450597689257836
12201,1-west 63 street_2017,12.98478987371086,8.75054964785992,0.2921654710357568,1.6173465565021412
12211,1-west 64 street_2017,12.68139616826042,8.447211262934108,0.23986569870040234,2.0863302598832574
12225,1-west 65 street_2021,13.54370371749815,9.103871939011732,0.35390001303943885,1.3834904337871563
12235,1-west 66 street_2021,14.065186019234064,9.625309571802308,0.34220430914862277,0.9716497499944327
12255,1-west 68 street_2021,13.151066646622544,8.71128772616673,0.3136101393956672,1.242106388306839
12265,1-west 69 street_2021,13.61243770023293,9.172598620144244,0.30035858650824265,0.945461109173935
12272,1-west 70 street_2018,13.964339391999989,9.575281584650059,0.3024151115275291,1.0803464798612172
12282,1-west 71 street_2018,13.747733327893977,9.358692102476441,0.2985439210449934,1.2837077723447896
12292,1-west 72 street_2018,14.2415648422225,9.852490434729578,0.43593191790315655,1.5799061098280625
12305,1-west 73 street_2021,13.773588191406636,9.333733837459404,0.3534505731556308,1.0617062279721297
12308,1-west 73 street_2024,12.977006693691031,9.333733837459404,0.3186626956997986,0.017545179215748816
12315,1-west 74 street_2021,13.700889171502473,9.26104140423247,0.3304952261553473,1.2004465945493779
12318,1-west 74 street_2024,12.904307769560434,9.26104140423247,0.2846602700228645,0.01950846638804296
12325,1-west 75 street_2021,13.71767702948206,9.277827698407613,0.31960117817501144,1.0305118759641778
12328,1-west 75 street_2024,12.921095604801469,9.277827698407613,0.2919831543511715,0.01882175424058776
12338,1-west 76 street_2024,12.935949486958261,9.292680238432839,0.32657116563850136,0.01911611719223005
12342,1-west 77 street_2018,14.217799759475826,9.828726601676566,0.29497993952566376,1.4301676955638605
12348,1-west 77 street_2024,13.472033067554102,9.828726601676566,0.35529468146977394,0.011434377625663104
12358,1-west 78 street_2024,12.580121728429642,8.936890807642097,0.3369647261657646,0.03072317264284058
12368,1-west 79 street_2024,13.505089079594015,9.861780907569118,0.21065206342018059,0.022054990780831327
12405,1-west 82 street_2021,13.694448539355141,9.254601379037819,0.31240259111032875,1.0541726472359358
12421,1-west 84 street_2017,13.473870836678081,9.23957023579008,0.23318447535871437,1.3512628609479616
12432,1-west 85 street_2018,13.741301352879141,9.352260676862446,0.27078574409028944,0.8019567414172204
12462,1-west 88 street_2018,13.740886862145636,9.351846221654885,0.2563000301704235,0.637211548229642
12463,1-west 88 street_2019,13.187766805262322,9.351846221654885,0.2417004606043879,1.3395433664304373
12485,1-west 9 street_2021,9.498569439122836,5.064887414061188,0.37370157838956897,6.355169720967915
12503,1-west 91 street_2019,12.683854739827096,8.81092648991876,0.26943626839146984,2.9832091859986867
12506,1-west 91 street_2022,12.70545378537443,8.81092648991876,0.33386576066296075,0.0322735605502957
12516,1-west 92 street_2022,13.09010406434429,9.195530128875038,0.33072469153576506,0.02273948696948943
12523,1-west 93 street_2019,12.901418771826627,9.028461976051943,0.2686023980478854,1.8984141470965947
12526,1-west 93 street_2022,12.92301783032862,9.028461976051943,0.3325811811282463,0.025277807184268544
12536,1-west 94 street_2022,12.685625201845067,8.820000244867883,0.3433418597519891,1.8241621203355558
12546,1-west 95 street_2022,13.093568762633284,9.198994483276598,0.36385838347170524,0.020684591192832683
12551,1-west 96 street_2017,14.268658273551576,9.980026923139757,0.39274842720147046,0.8658812573290737
12556,1-west 96 street_2022,13.874654915909119,9.980026923139757,0.47496701937591823,0.018330956684723457
12566,1-west 97 street_2022,13.480292518448126,9.585686460614891,0.3640189587772586,1.1584836857054999
12576,1-west 98 street_2022,12.277709031500553,8.383259699553031,0.31315430165203595,0.9856302099527678
12586,1-west 99 street_2022,12.568323387490071,8.673817559509644,0.3143148819530003,1.026005752897017
12595,1-west broadway_2021,14.71295302833744,10.273045466691272,0.3584868658024387,0.8327351947669989
12601,1-west drive_2017,15.18057808937796,10.94619914137778,0.2125614419836728,2.963761615124216
12603,1-west drive_2019,14.782187415693823,10.94619914137778,0.23235271715686354,0.34797722823553656
12611,1-west end avenue_2017,15.605428954475371,11.316763923127805,0.41867426998023993,0.6340339160674388
12616,1-west end avenue_2022,15.211425370518855,11.316763923127805,0.5190676015616174,0.4007205370774074
12618,1-west end avenue_2024,14.88600306531746,11.316763923127805,0.47886011260880273,0.26849925303500694
12621,1-west houston street_2017,14.440650726144634,10.206290811191604,0.3251856258552674,0.02009670169912241
12623,1-west houston street_2019,14.042260189413104,10.206290811191604,0.34774365787059963,1.066984013209933
12628,1-west houston street_2024,13.84961377857256,10.206290811191604,0.4120745174958383,0.5644611729319
12722,1-white street_2018,13.039522565248351,8.650569063256475,0.24139073597266417,0.8307328435125084
12842,1-york avenue_2018,15.369438906005644,10.982068457707687,0.37180878069129547,0.08791929803788351
12848,1-york avenue_2024,14.551302899458015,10.982068457707687,0.409630648859314,0.16271391048774617
12849,1-york avenue_2025,14.578541924745421,10.982068457707687,0.0,0.44192560511093876
13001,2-3 avenue_2017,16.281273594240428,11.952126809760276,0.31596445982707566,0.9101116807974395
13002,2-3 avenue_2018,16.364433769674154,11.952126809760276,0.34172072046074015,0.5323326800504219
13003,2-3 avenue_2019,15.870721813083664,11.952126809760276,0.3450859412639944,0.4957932009320288
13008,2-3 avenue_2024,15.513450680456804,11.952126809760276,0.37162841218250847,0.04439958729668442
13018,2-3 avenue bridge_2024,11.599650559574114,8.030715791776432,0.30773821730540923,0.4225843999155529
13135,2-adams place_2021,12.171015265900447,7.703027985117379,0.28964931424432905,0.5780168733063139
13155,2-adee avenue_2021,15.112640241070256,10.644230143611884,0.34534848731865636,0.9066443548223496
13158,2-adee avenue_2024,14.205537115546512,10.644230143611884,0.330182907713649,0.009554212804811658
13166,2-adler place_2022,12.222830595961103,8.298925308816013,0.2830064356461813,0.09330817713365178
13212,2-agar place_2018,12.541516871133293,8.12949472925894,0.28916698341161795,0.48673782823690076
13232,2-albany crescent_2018,13.025182082535757,8.61304828678044,0.3719303270215936,1.246601166381559
13236,2-albany crescent_2022,12.53701932758402,8.61304828678044,0.41754866967430637,0.06100102155739895
13256,2-alcott place_2022,12.212581691885452,8.288678916972271,0.28440568290723434,1.1130738806091136
13286,2-aldrich street_2022,11.764732117387556,7.840968523486553,0.35539505546335803,0.14175994503783174
13332,2-allerton avenue_2018,15.44705121019865,11.034753818645502,0.3120284019505866,0.31254540217647026
13335,2-allerton avenue_2021,15.503171534658192,11.034753818645502,0.3585841892328332,0.005385472276337817
13378,2-amethyst street_2024,11.842002802666013,8.28091881004099,0.23275241042084652,0.07045846364856141
13398,2-amundson avenue_2024,12.624213974801751,9.062996432241034,0.2516974966632958,0.7494329915705371
13408,2-anderson avenue_2024,12.813660912396294,9.252423939473324,0.2868196316911223,0.013212331472134811
13442,2-anthony avenue_2018,14.045037561731824,9.632788985684762,0.2903949546065941,0.19218937599230465
13448,2-anthony avenue_2024,13.194055434346927,9.632788985684762,0.27011487575226983,0.014987129808248345
13466,2-antin place_2022,12.021023058575222,8.09717230194907,0.3605434207166527,0.25262468063637844
13506,2-archer street_2022,12.283250956596575,8.359331371040241,0.2936501435273023,0.0295588022415444
13515,2-arlington avenue_2021,14.372420794049562,9.90403653246529,0.29286135626175847,0.711330850993574
13532,2-arnow avenue_2018,15.113546990136015,10.701255906684622,0.2887482384375475,0.3251223554256259
13535,2-arnow avenue_2021,15.169667310369324,10.701255906684622,0.3327574454336151,0.003792798238696237
13536,2-arnow avenue_2022,14.625383019930663,10.701255906684622,0.349824258762046,0.18006902174066083
13538,2-arnow avenue_2024,14.262564162466562,10.701255906684622,0.3384281349071298,0.00876150566857275
13546,2-arnow place_2022,11.747102321810829,7.823345584736956,0.2881284014036224,0.13889199886661863
13548,2-arnow place_2024,11.38428673035837,7.823345584736956,0.2490129312926268,0.6916961282926306
13556,2-arthur avenue_2022,14.107648319706474,10.183536175878181,0.34221479507246166,0.3895389575579052
13566,2-asch loop_2022,13.772077491195885,9.847980116819938,0.32662657287440894,1.0271878919897433
13595,2-astor avenue_2021,15.235633562977975,10.767220738365445,0.3767869905810404,1.0216592474999815
13598,2-astor avenue_2024,14.328530390731098,10.767220738365445,0.38146493570154644,0.005584378293900615
13612,2-austin place_2018,13.276427071389817,8.889175998761807,0.2207292918159137,0.4027948795522855
13742,2-bainbridge avenue_2018,15.098910121957998,10.686619366477274,0.34877012925658246,0.38185524246903063
13743,2-bainbridge avenue_2019,14.605198292360415,10.686619366477274,0.3341705219319023,0.7788201622980951
13746,2-bainbridge avenue_2022,14.610746154286451,10.686619366477274,0.3839741070872093,0.03584965289369722
13778,2-balcom avenue_2024,14.102401102735053,10.541096647055085,0.362305613647384,0.022837233902757225
13828,2-banyer place_2024,10.539857020545673,6.979431692061203,0.13072573631122128,0.601360784929237
13865,2-barkley avenue_2021,14.1862536625072,9.71787950919663,0.31197170296940097,0.31947139494118826
13871,2-barnes avenue_2017,15.568950855448428,11.239810677801524,0.2427953956696857,0.608351528855229
13875,2-barnes avenue_2021,15.708231350280428,11.239810677801524,0.31459309085991866,0.029267497680568088
13876,2-barnes avenue_2022,15.163946982076403,11.239810677801524,0.30672112720965206,0.004489905272852052
13878,2-barnes avenue_2024,14.8011280435802,11.239810677801524,0.29827049439555037,0.0872780081070606
13901,2-barretto street_2017,14.072523129695693,9.783901677743685,0.22007288799524316,0.6514393771601551
13902,2-barretto street_2018,14.171233266237817,9.783901677743685,0.2151685731312166,0.1839036379766061
13905,2-barretto street_2021,14.246645819122303,9.783901677743685,0.2946355804086492,0.6064993738342731
13908,2-barretto street_2024,13.353097879214838,9.783901677743685,0.25821108962986045,0.015184135325039965
13926,2-bartholdi street_2022,12.512630549992236,8.588663906926573,0.2806574575148164,0.04018178963283183
13963,2-bassford avenue_2019,12.302657408252957,8.38428000405203,0.2841042511038969,1.105157488704113
13972,2-bathgate avenue_2018,14.761518522380609,10.349236824541556,0.2701147868620021,0.2807329833635741
13975,2-bathgate avenue_2021,14.817638836325798,10.349236824541556,0.3295990337794823,0.020390689647734026
13978,2-bathgate avenue_2024,13.910535849331096,10.349236824541556,0.3230598067608249,0.4415398522451549
14008,2-bay street_2024,11.915353347508482,8.35425194858942,0.2570451029898911,0.7026023393307004
14018,2-bay view avenue_2024,12.097206352408612,8.53606692407367,0.2936984206379266,0.02557027611153001
14021,2-baychester avenue_2017,15.895904685276465,11.566760891253974,0.3242487880710328,2.2149444271346113
14046,2-beach avenue_2022,14.245449981895607,10.32133306985998,0.3090854553178853,0.29222175249381277
14068,2-beach street_2024,10.995710158407325,7.434953682182788,0.16590399827992883,0.7028004375880836
14091,2-beaumont avenue_2017,12.943696686125456,8.614722581405612,0.22078783762175067,1.647946833862207
14108,2-beck street_2024,12.613664808522998,9.052448459918283,0.3503330374134482,1.178993400614922
14113,2-bedford park boulevard_2019,13.907075859721841,9.98851955163064,0.3098204052370557,1.0555655991257433
14146,2-beech terrace_2022,10.79222343697052,6.898539279148603,0.2541861180235987,1.0658824640451907
14166,2-beekman avenue_2022,11.723998026739062,7.829714380645349,0.3403861359423493,0.46975359799052624
14188,2-bell avenue_2024,11.682946937427115,8.121905374156349,0.30138091680994283,0.7739434503880349
14196,2-bellamy loop_2022,12.91483384273709,8.990806753568775,0.20683531911591793,0.5662224869862785
14202,2-belmont avenue_2018,14.349988381449661,9.9377227865709,0.24931012858572674,0.5431379132332371
14205,2-belmont avenue_2021,14.406108684606142,9.9377227865709,0.3029857338524548,0.8116410746077345
14216,2-benchley place_2022,11.58760555648239,7.663916666110609,0.2725094079911829,1.565026149063288
14226,2-benedict avenue_2022,12.625955959947822,8.701969760921099,0.314381278807021,0.8657129709051838
14241,2-bergen avenue_2017,13.146583887675035,8.817576908236468,0.26512565695898016,0.7948008342864451
14246,2-bergen avenue_2022,12.741580902554158,8.817576908236468,0.2924326752103787,0.4448140181720757
14376,2-blackrock avenue_2022,13.386194785544781,9.462121808596976,0.3280333679753483,0.5775679647077872
14436,2-boller avenue_2022,13.227299050222957,9.303239196952429,0.3081144432026114,0.5011388581764468
14438,2-boller avenue_2024,12.864480785774504,9.303239196952429,0.3083717301552317,0.028684633859908954
14448,2-bolton avenue_2024,13.723334932470966,10.154121785361726,0.25662396169076285,0.009058844488346039
14462,2-bonner place_2018,10.929141709990317,6.518287739676888,0.25613708853032696,0.8542451009022732
14492,2-boston road_2018,16.746845598514977,12.334536615146332,0.3694994425714656,0.08157998699242287
14493,2-boston road_2019,16.25313362606697,12.334536615146332,0.3877262837707828,0.37363038458814585
14495,2-boston road_2021,16.802965930740605,12.334536615146332,0.41618695241613446,0.25727441003035534
14496,2-boston road_2022,16.25868149002132,12.334536615146332,0.4410236415649084,0.20953132389434773
14498,2-boston road_2024,15.895862475963646,12.334536615146332,0.4126024584900816,0.06043636880383069
14545,2-bouck avenue_2021,14.532250331522029,10.06385877304828,0.3004142927072101,0.30814624558413484
14546,2-bouck avenue_2022,13.987966207587474,10.06385877304828,0.30102773610240324,0.00707491367196188
14548,2-bouck avenue_2024,13.625147523621889,10.06385877304828,0.29022755559609004,0.007472014838700995
14558,2-bowne street_2024,11.605786368473707,8.044767949377395,0.2067337824485203,0.5516412182657657
14571,2-boynton avenue_2017,14.234059957056433,9.904956081862577,0.25725174208051815,0.11689375147149933
14578,2-boynton avenue_2024,13.466237705192798,9.904956081862577,0.3244366931098687,1.1813590294543497
14583,2-bradford avenue_2019,12.453565517022753,8.535156751109323,0.30186670744373734,0.3052026861697701
14588,2-bradford avenue_2024,12.096296005774294,8.535156751109323,0.34464889705845836,0.4926209191111443
14616,2-brady avenue_2022,12.98804639482691,9.064010686564295,0.3369389810870959,0.7566852013639329
14651,2-briggs avenue_2017,14.00293334859427,9.673842284093952,0.26046312321046666,0.5460383155217332
14666,2-brinsmade avenue_2022,13.278851533566218,9.354787191895012,0.3064443489073039,0.04152574682849831
14688,2-britton street_2024,11.596103984202514,8.035088597423034,0.4077613203685146,0.09603718819694217
14691,2-broadway_2017,15.714155882743695,11.385013952494438,0.44589688069983463,0.10777759217343118
14692,2-broadway_2018,15.79731605300444,11.385013952494438,0.4590153553879498,1.2624020769493287
14696,2-broadway_2022,15.309151997684976,11.385013952494438,0.5271218234866681,0.4285955254970188
14702,2-bronx boulevard_2018,15.43158836036637,11.019291217137914,0.2466997236034124,0.0833296075870042
14703,2-bronx boulevard_2019,14.937876480708251,11.019291217137914,0.25809693057763716,0.12442757837505204
14708,2-bronx boulevard_2024,14.580605432868028,11.019291217137914,0.24546313871627867,0.18373722093511702
14723,2-bronx park avenue_2019,12.31363628092029,8.395256432084096,0.30488027074900165,1.2499303890989668
14728,2-bronx park avenue_2024,11.956367021450056,8.395256432084096,0.3371757188872985,0.5732368838873878
14736,2-bronx park east_2022,14.695121880001052,10.770993279942967,0.39075115984690806,0.06015392281974709
14738,2-bronx park east_2024,14.332303009428522,10.770993279942967,0.41274080713954053,0.7779018464247536
14751,2-bronx river avenue_2017,15.091492032519463,10.762359790498985,0.26598714430346054,1.275586239135469
14752,2-bronx river avenue_2018,15.17465219245573,10.762359790498985,0.2794827891413775,0.0972174507153592
14983,2-bronx river parkway exit 6 sb_2019,10.487988179896721,6.570760702920984,0.3001045924503381,2.5889588099218885
15033,2-bronx river parkway sb en boston road_2019,10.286115753913613,6.369195336498315,0.18182540198347877,3.276737102752447
15236,2-bronxdale avenue_2022,14.219041830209326,10.294925781787923,0.4372604906738211,1.283763172472224
15246,2-bronxwood avenue_2022,15.258673850252428,11.33453638182136,0.3582538799046056,0.31005492330350615
15253,2-brook avenue_2019,14.660648119488506,10.787594089068026,0.3173275560958847,0.16033153890233942
15256,2-brook avenue_2022,14.682247222114654,10.787594089068026,0.35694392714047335,0.13278111123381847
15258,2-brook avenue_2024,14.356824983341921,10.787594089068026,0.3865031702267779,0.4095899226851143
15266,2-broun place_2022,11.751119661183841,7.827361350982652,0.31336681891986373,1.0760939772375073
15283,2-brown place_2019,12.346308739045519,8.473439104895768,0.3408842580324083,0.43735129697048614
15288,2-brown place_2024,12.042486993288328,8.473439104895768,0.3448117502466695,0.02009670169912241
15301,2-bruckner boulevard_2017,16.890714596594908,12.561564909495857,0.34224606879835723,0.7788201622980951
15302,2-bruckner boulevard_2018,16.97387477512184,12.561564909495857,0.3715135011481988,0.32186608423185076
15305,2-bruckner boulevard_2021,17.029995107938547,12.561564909495857,0.407908679939491,0.01567647938500758
15306,2-bruckner boulevard_2022,16.48571065981225,12.561564909495857,0.41649255176489636,0.023130417388854383
15308,2-bruckner boulevard_2024,16.122891638036403,12.561564909495857,0.4046016401889191,0.0010993954433009636
15309,2-bruckner boulevard_2025,16.116909566955986,12.561564909495857,0.0,0.0016985566355814774
15698,2-bruner avenue_2024,13.92179635936964,10.360496986254137,0.28391884274144874,0.13575392097761987
15713,2-bryant avenue_2019,14.656499370913354,10.783445424574213,0.2299908035845708,0.3074846997479606
15716,2-bryant avenue_2022,14.678098473501347,10.783445424574213,0.2620965537273452,0.2017156039005893
15736,2-buchanan place_2022,11.96924897231524,8.04541407103587,0.26860592539096706,0.32251818728723813
15738,2-buchanan place_2024,11.606432691503706,8.04541407103587,0.26589471826687366,0.03159556158975056
15745,2-buck street_2021,11.098660048389439,6.631530267218359,0.2367492033699884,1.7879187698421173
15766,2-buhre avenue_2022,13.205041133866292,9.280983291140412,0.38469534662177857,0.0644760191843648
15796,2-burke avenue_2022,14.743889978250428,10.819760398388462,0.3393298350096557,0.007968169649176874
15822,2-bush street_2018,12.065556084511696,7.653711395997637,0.2341466246585407,1.3065203673395418
15835,2-bussing avenue_2021,14.31709583906734,9.848714387526474,0.32663931570497406,0.3843776557776797
15885,2-buttrick avenue_2021,13.242204695776167,8.773923986494509,0.32565068487803456,0.5095848543298577
15888,2-buttrick avenue_2024,12.335103787147185,8.773923986494509,0.3364722366212129,0.061471322088101056
15948,2-bx state hospital entrance_2024,12.882205763072454,9.32096261869892,0.0,0.018919884852510872
15952,2-byron avenue_2018,13.639080487655718,9.226864333444063,0.2312227149143303,0.26236426446749106
15976,2-caesar place_2022,12.112402250910023,8.188525436530782,0.3005402273951496,0.6710549340851293
15985,2-calhoun avenue_2021,14.50301427287134,10.034623963494559,0.3117965500893552,1.2989101873774582
15986,2-calhoun avenue_2022,13.958730159416994,10.034623963494559,0.32521999177084615,0.017643435172595243
15989,2-calhoun avenue_2025,13.58992942216778,10.034623963494559,0.0,0.38505829833050176
15992,2-cambreleng avenue_2018,13.59994123844112,9.187728962723773,0.2733061831029802,1.3962694441419687
16002,2-cambridge avenue_2018,13.070701827673831,8.658560043583028,0.2461395169713797,2.542247454401148
16065,2-cannon place_2021,12.847650776265917,8.379444045413308,0.3165839892213806,2.1556036526451186
16098,2-caroll street_2024,11.901656861485517,8.34055861660902,0.26236426446749106,0.49408629976169266
16102,2-carpenter avenue_2018,14.659405240624375,10.247126943172832,0.2845300251604296,0.600922236517428
16136,2-carver loop_2022,12.680401012889687,8.756406177979239,0.24860348117840225,2.4957641597887825
16155,2-casanova street_2021,13.7159615753281,9.253256429727848,0.4047342474872887,0.816381994894574
16172,2-castle hill avenue_2018,15.656921856590452,11.24462144825031,0.4201627296997081,1.0388622842623356
16178,2-castle hill avenue_2024,14.805938875302843,11.24462144825031,0.4860617442683774,0.012718772407774689
16218,2-cauldwell avenue_2024,13.118893953367545,9.557632475633998,0.36080433728074357,1.4539530095937054
16245,2-cedar avenue_2021,13.908391142467982,9.440036049452512,0.37406212274566364,3.1943126039063716
16288,2-centre street_2024,11.901032926443653,8.339934826278743,0.05859416426605285,0.011434377625663104
16343,2-chatterton avenue_2019,13.185406025088112,9.266897332222225,0.3194921528110164,1.0218752224477272
16346,2-chatterton avenue_2022,13.190953879136856,9.266897332222225,0.35742760179720096,0.015971769509698662
16368,2-chester street_2024,11.015005358365102,7.454237922502985,0.32033284222580966,0.07157619848922192
16398,2-chisholm street_2024,11.863090712959673,8.302001584710519,0.31321537445694564,0.05078816683210506
16428,2-cincinnatus avenue_2024,12.031406343578176,8.470279884349761,0.32408050432604946,1.3552164055490292
16488,2-claremont parkway_2024,12.8566803788476,9.295439483377328,0.4013185921463158,0.018919884852510872
16496,2-clarence avenue_2022,13.317464192068543,9.393396636935242,0.35065687161316933,0.013113639145383105
16521,2-clay avenue_2017,14.550904164131849,10.221786909659935,0.24986396995136184,1.5640848347098606
16528,2-clay avenue_2024,13.783081705876052,10.221786909659935,0.23610952645671895,0.3860104202740291
16529,2-clay avenue_2025,13.777099640396267,10.221786909659935,0.0,0.011928570865273802
16545,2-clifford place_2021,12.923399468073706,8.455176184112553,0.2951285056274166,0.5002296845525873
16551,2-clinton avenue_2017,14.016538384816448,9.687446481452957,0.2513507384423087,0.4089257797371451
16555,2-clinton avenue_2021,14.155818795825462,9.687446481452957,0.31041582055681943,0.18904887754338112
16556,2-clinton avenue_2022,13.611534833354751,9.687446481452957,0.3108773563654668,0.006180859075081115
16558,2-clinton avenue_2024,13.248716317635632,9.687446481452957,0.3355921872816542,0.4385774595583666
16571,2-close avenue_2017,13.496377157809798,9.16732703743827,0.20749229514050607,1.153068907797408
16653,2-coddington avenue_2019,13.175602025687482,9.257094245369219,0.3469402148418352,0.6917461996443172
16661,2-colden avenue_2017,14.715232871883757,10.386110178744431,0.22177601397398738,0.13984889511639867
16665,2-colden avenue_2021,14.854513336356298,10.386110178744431,0.3148668183854298,0.005186526687300061
16671,2-colgate avenue_2017,14.190161248478004,9.861059584287306,0.28334260520896615,0.6243328645595856
16681,2-college avenue_2017,14.110516013957385,9.781418617557682,0.2223065998608445,1.060425707282869
16688,2-college avenue_2024,13.34269386203826,9.781418617557682,0.2199199703509621,0.0896578719305353
16726,2-colonial avenue_2022,12.344612688894717,8.420679439724427,0.28991172777905005,0.049456608712592526
16742,2-commonwealth avenue_2018,14.501154466722104,10.08888217535903,0.24886553292848182,0.6752377600163774
16743,2-commonwealth avenue_2019,14.007442781828892,10.08888217535903,0.24560012701746745,0.1793170477736559
16746,2-commonwealth avenue_2022,14.012990641700288,10.08888217535903,0.2955694372849468,0.004191204618468071
16772,2-concord avenue_2018,13.872290724492057,9.48497852636295,0.2446333732066756,0.24200455895512835
16775,2-concord avenue_2021,13.947703259642774,9.48497852636295,0.31841814962802223,0.4643627493556498
16988,2-connell place_2024,10.11723081534592,6.5572810530328995,0.24632113962691543,0.16720791898390644
16998,2-conner street_2024,13.42968768293888,9.868407865399488,0.3576648252338158,0.018330956684723457
17065,2-cornell avenue_2021,13.26098905628984,8.798338465614947,0.27674211335856835,0.0760346862759976
17073,2-cornell place_2019,10.978462544880236,7.060702701915607,0.31672062843169974,0.7020573666897014
17088,2-corsa avenue_2024,12.343863283792585,8.782682172151052,0.22360321576725853,0.01842913546836719
17112,2-country club road_2018,13.762073402414263,9.349846002839685,0.3403566240027554,1.3095482968745746
17125,2-courtlandt avenue_2021,14.133085134996406,9.664714231218962,0.3112603546393469,0.530981129969555
17142,2-cranford avenue_2018,13.53175504628661,9.119549900848668,0.2310713564720242,0.6117201818642162
17146,2-cranford avenue_2022,13.043591740041549,9.119549900848668,0.2846561084627788,0.04267627428043631
17155,2-craven street_2021,12.59979601028578,8.137285265637939,0.2939977032421586,0.5724473953221605
17168,2-crawford avenue_2024,11.743905606681357,8.182846980316757,0.3052001448769382,0.8312991319426876
17182,2-creston avenue_2018,14.7058311297005,10.293551243158166,0.24328745612920152,0.31925341128909895
17186,2-creston avenue_2022,14.217667245999676,10.293551243158166,0.31223903747897624,0.31203316331561193
17203,2-croes avenue_2019,13.589980399346057,9.671440886487563,0.2712985932012569,0.3127648528192441
17206,2-croes avenue_2022,13.59552825685162,9.671440886487563,0.28358545747721847,0.0118297517535772
17216,2-croes place_2022,11.956173253473503,8.032342488008902,0.20334092401803006,0.05836324329691494
17229,2-cromwell avenue_2025,13.01703190143023,9.461759390448282,0.0,0.4112483528638917
17233,2-crosby avenue_2019,13.992264305306373,10.073704321518791,0.3616624854497715,0.9299569226379697
17648,2-cross street_2024,10.663625339078559,7.1030947194250285,0.22864562846819314,0.6046984073748319
17651,2-crotona avenue_2017,15.103433842349085,10.77430135219551,0.36653629134680726,0.8492958630498767
17653,2-crotona avenue_2019,14.692882158102114,10.77430135219551,0.4090448190990098,0.5493922769148073
17663,2-crotona park east_2019,13.153946187423381,9.23544045479782,0.28335725771740267,1.6295346141332228
17686,2-crotona park north_2022,13.152814519744325,9.228761574063386,0.3679271887890992,1.0497021172981016
17691,2-crotona park south_2017,12.295875170473614,7.967064210268514,0.26198711945076353,1.3697075575154918
17711,2-crotona place_2017,11.691421341230528,7.36289439185912,0.2128951368228417,0.6973383851784134
17755,2-cypress place_2021,11.632164410572704,7.1701252122950985,0.2818431412140834,0.12159797174748753
17763,2-cyrus place_2019,10.7525057349892,6.8349591122998765,0.2531645675690675,1.4002465747378947
17805,2-daly avenue_2021,13.517026754309956,9.0487092936415,0.30675057515852355,0.23767742109124682
17806,2-daly avenue_2022,12.972743252095354,9.0487092936415,0.29204230072475873,0.011730922875698666
17848,2-dark street_2024,10.053941177557128,6.494081535987028,0.2189970353523612,0.7938066636591226
17871,2-david sheridan plaza_2017,11.174472960787895,6.846369662450021,0.3816544594144458,0.7515575881063679
17881,2-davidson avenue_2017,14.508904064698559,10.179788349709915,0.22661664836809509,0.9943252706794966
17883,2-davidson avenue_2019,14.09835249418222,10.179788349709915,0.26769192757527865,0.39534742991987876
17886,2-davidson avenue_2022,14.10390035445043,10.179788349709915,0.30527256260878066,0.000499875041651048
17889,2-davidson avenue_2025,13.735099564977151,10.179788349709915,0.0,0.2705613456433628
17966,2-de reimer avenue_2022,13.96049297588141,10.036386704245102,0.3064955799838362,0.18173805325553832
17968,2-de reimer avenue_2024,13.597674302168734,10.036386704245102,0.3140553577066707,0.5938239592651596
17971,2-dean avenue_2017,13.25250480080925,8.923483132074411,0.34567347259562137,0.645793484176475
17976,2-dean avenue_2022,12.84750171772495,8.923483132074411,0.42457545431058313,0.014198719399812949
18023,2-dekalb avenue_2019,12.837727187400555,8.919257004613893,0.2843282403533495,0.7855440298259129
18036,2-delafield avenue_2022,13.674755593269388,9.750663514594343,0.22521931749805424,0.005783244755727333
18136,2-devoe terrace_2022,10.487429020934716,6.56466224439206,0.2560092725851138,0.12327901616017127
18142,2-dewey avenue_2018,13.668149288492108,9.255930350367755,0.2525299942436156,0.04487775877808546
18145,2-dewey avenue_2021,13.72426956038838,9.255930350367755,0.3245087411659533,3.5726882757801204
18165,2-deyo street_2021,11.344188237014166,6.8767747342020735,0.2801193000700812,0.8691571947400971
18175,2-dickinson avenue_2021,12.657109770674493,8.188950667122574,0.3972683409039859,2.261783931590113
18186,2-digney avenue_2022,12.129342109115528,8.20546072028517,0.26927846606930855,0.4937811891567322
18208,2-ditmars street_2024,11.851927588756677,8.290841165618197,0.24091572106000747,0.9147695755022163
18276,2-doris street_2022,11.759303939547786,7.835542443989328,0.31050780721122423,1.0084687388151439
18288,2-dorothea place_2024,10.18922500594078,6.629179419520628,0.06776606562843766,0.07269268539344065
18321,2-drake street_2017,13.948825945839566,9.619738332779644,0.19546235035501291,0.04821857227047433
18353,2-dudley avenue_2019,12.887460025819315,8.968983481084571,0.2649935886458938,1.4004437842243103
18361,2-duncan street_2017,13.014839724850592,8.685853326216387,0.1957566806597221,0.677424220094709
18395,2-dupont street_2021,12.867591399788159,8.405012742730458,0.34086570231655144,0.7289968334536425
18408,2-duryea avenue_2024,12.212233720915583,8.651073572688192,0.35437344695045314,0.020292703267762432
18418,2-dwight place_2024,11.921656316150072,8.360553480223519,0.33975092808291124,0.7209568811992125
18438,2-eagle avenue_2024,12.693036442894716,9.131811412595372,0.3656005095442366,1.331732573127208
18485,2-east 133 street_2021,13.800804704768687,9.338091856336519,0.41490408746909707,0.9387955872142245
18498,2-east 134 street_2024,13.632759796349891,10.063550234602033,0.32905563896616324,0.01862546412316489
18506,2-east 135 street_2022,14.140146503422507,10.245507930855961,0.46147219419626667,0.06644295654871397
18508,2-east 135 street_2024,13.814724380984163,10.245507930855961,0.4451470226993452,0.15700374880966475
18512,2-east 136 street_2018,13.729938218444877,9.342637500090577,0.2420466490728457,1.1467037961353637
18519,2-east 136 street_2025,12.93904229541148,9.342637500090577,0.0,1.4411375970023999
18522,2-east 137 street_2018,13.966211215573308,9.578892290473913,0.2419058277697327,0.08865169759456264
18523,2-east 137 street_2019,13.451898808358042,9.578892290473913,0.2516450614464243,1.515874206655785
18533,2-east 138 street_2019,14.879532121931327,10.960947823070123,0.3695954988749898,0.30306317449008324
18541,2-east 139 street_2017,14.329638960494394,10.041004907701108,0.22194769183464974,0.09975483313699225
18548,2-east 139 street_2024,13.610213525339315,10.041004907701108,0.3147268366642491,0.01960652963891831
18551,2-east 140 street_2017,14.347111289017977,10.05847649182145,0.21149426170773228,0.14928170271575444
18555,2-east 140 street_2021,14.521234008119816,10.05847649182145,0.30602408795330244,0.21648140844065936
18558,2-east 140 street_2024,13.627685842953216,10.05847649182145,0.3086595579210849,0.009653257028138304
18559,2-east 140 street_2025,13.654924848691776,10.05847649182145,0.0,0.6697250106154528
18561,2-east 141 street_2017,14.485360786458596,10.196720536103934,0.2636957055092702,0.9232663456105803
18563,2-east 141 street_2019,14.069758273780598,10.196720536103934,0.2551430685112402,0.4926820195297012
18571,2-east 142 street_2017,13.445080376493213,9.156507432849875,0.23399944497182273,0.6702878864138627
18572,2-east 142 street_2018,13.543790449588945,9.156507432849875,0.24660514023485067,0.06503839617922222
18578,2-east 142 street_2024,12.725655836957266,9.156507432849875,0.3190804939093438,0.02176149178151269
18588,2-east 143 street_2024,12.413659892346914,8.852468734890826,0.33794897821372655,0.032467190137501496
18591,2-east 144 street_2017,14.457595394995204,10.128481650577648,0.26066599063729945,0.4508845182990242
18595,2-east 144 street_2021,14.596875843929311,10.128481650577648,0.33623692404659195,0.3489653008686795
18601,2-east 145 street_2017,13.440967003184387,9.111922752227272,0.19428183225692613,0.18631357806349208
18605,2-east 145 street_2021,13.580247331446264,9.111922752227272,0.26432857220174544,0.6307397204313283
18608,2-east 145 street_2024,12.673145671132515,9.111922752227272,0.22635677418444142,0.7897292784061894
18618,2-east 146 street_2024,12.54816290316945,8.986954256716828,0.22507272374661855,1.5250993239970727
18621,2-east 147 street_2017,13.548955170952736,9.219899773945203,0.2388250611283416,1.6237352171349249
18626,2-east 147 street_2022,13.143951862938836,9.219899773945203,0.25353896366060347,0.27040874378132396
18631,2-east 148 street_2017,13.513333711104439,9.184281858604612,0.25469288335142565,0.6423800635062922
18638,2-east 148 street_2024,12.745512261782011,9.184281858604612,0.3161522341302554,0.206526245490772
18641,2-east 149 street_2017,15.511433105877176,11.182293695949047,0.3301595586343112,0.32063317259146684
18651,2-east 150 street_2017,13.84866935254182,9.51958864263522,0.28954308479162755,0.2040830485754673
18652,2-east 150 street_2018,13.931829457560054,9.51958864263522,0.3102956643536109,0.23111172096338664
18658,2-east 150 street_2024,13.080847458038255,9.51958864263522,0.3733851226907255,0.012817503710614431
18662,2-east 151 street_2018,14.052196999543963,9.639947961584873,0.2589728212114019,0.5189128339486098
18666,2-east 151 street_2022,13.564033354176575,9.639947961584873,0.28369686934081795,0.039893563661676665
18668,2-east 151 street_2024,13.201214864549177,9.639947961584873,0.2903877683589815,0.4937811891567322
18672,2-east 152 street_2018,13.691065844574611,9.278844768071401,0.24552182519495253,1.0189195197588612
18675,2-east 152 street_2021,13.747186117903638,9.278844768071401,0.31702641651369706,1.304758873137372
18682,2-east 153 street_2018,14.277243272460717,9.864981279203521,0.2790816587795714,1.4239995032985393
18688,2-east 153 street_2024,13.42626092403199,9.864981279203521,0.3146549140529478,0.013508350024792243
18708,2-east 155 street_2024,12.139841678535307,8.578694291056511,0.32806259022517137,0.0744579109180098
18716,2-east 156 street_2022,14.496778628051558,10.572654543928978,0.3013142212418386,0.013014937077494654
18718,2-east 156 street_2024,14.13395979729369,10.572654543928978,0.2898018400711793,0.030820142339886263
18719,2-east 156 street_2025,14.127977729979797,10.572654543928978,0.0,0.35508367854723955
18721,2-east 157 street_2017,13.36248065143428,9.033445291004355,0.20952178309311117,0.27436884338965545
18722,2-east 157 street_2018,13.445640708121005,9.033445291004355,0.2373269459260889,0.3270710406801524
18732,2-east 158 street_2018,14.245074439074607,9.832814123976723,0.2639467221278883,0.06719124954032327
18733,2-east 158 street_2019,13.751362848041504,9.832814123976723,0.27011800912915707,0.23023832379007655
18748,2-east 159 street_2024,12.5594305266215,8.998220519067134,0.29626581614317243,0.8285518175661483
18756,2-east 160 street_2022,13.227338127341117,9.303278270579977,0.29874812605554796,0.009058844488346039
18762,2-east 161 street_2018,15.418017041033687,11.005720118939493,0.31451901406430066,0.15022871324669096
18766,2-east 161 street_2022,14.929853025720817,11.005720118939493,0.36152343004275095,0.004987541511039074
18776,2-east 162 street_2022,13.51738893010367,9.593306583469444,0.2949120423301781,0.2986220124901153
18778,2-east 162 street_2024,13.15457046733203,9.593306583469444,0.3099250168187482,0.05325636630043149
18781,2-east 163 street_2017,15.044947261082854,10.71581601497675,0.3610019189900331,0.2931172749417203
18782,2-east 163 street_2018,15.128107419957795,10.71581601497675,0.35534644749890015,0.2891559857077813
18783,2-east 163 street_2019,14.634395585270088,10.71581601497675,0.35405246061430756,0.8878501042423049
18791,2-east 164 street_2017,14.17943386315588,9.850332754178677,0.2383034999099735,0.1650058345842667
18792,2-east 164 street_2018,14.262593989913844,9.850332754178677,0.26174388097305834,0.41752542260053077
18796,2-east 164 street_2022,13.774430250306642,9.850332754178677,0.29398539010067676,0.10813665860457805
18798,2-east 164 street_2024,13.411611653964949,9.850332754178677,0.3261320876951135,0.007571265496318075
18799,2-east 164 street_2025,13.405629591273318,9.850332754178677,0.0,0.4319772026482749
18806,2-east 165 street_2022,14.575924871795037,10.651798877621104,0.3231753831453155,0.5988914446342248
18808,2-east 165 street_2024,14.213106024197213,10.651798877621104,0.34559534699565886,0.015774919115362215
18809,2-east 165 street_2025,14.20712395655127,10.651798877621104,0.0,0.07955027875800906
18812,2-east 166 street_2018,14.48941367314453,10.077141866405034,0.23900721528737723,0.24278930356104428
18816,2-east 166 street_2022,14.001249851866843,10.077141866405034,0.28460399291436744,0.5826066048605768
18818,2-east 166 street_2024,13.63843116304397,10.077141866405034,0.33056491049026315,0.005087039048557106
18819,2-east 166 street_2025,13.63244909852878,10.077141866405034,0.0,0.007372754329413085
18825,2-east 167 street_2021,15.200079812215835,10.731667741784877,0.30620699978143867,0.908137585117768
18828,2-east 167 street_2024,14.292976652890006,10.731667741784877,0.2964367417055063,0.4910921940756014
18836,2-east 168 street_2022,14.251343520181655,10.327226418505173,0.3556063604543195,0.2656664983941004
18838,2-east 168 street_2024,13.888524750984745,10.327226418505173,0.2991601741695369,0.009554212804811658
18846,2-east 169 street_2022,14.553529448143669,10.629403979196397,0.36346339516781395,0.3527673191077153
18848,2-east 169 street_2024,14.1907106051765,10.629403979196397,0.31803567091177687,0.006280237957150483
18851,2-east 170 street_2017,14.875773562930382,10.54664635331618,0.2867502659058527,0.1427141021991752
18853,2-east 170 street_2019,14.465221914483696,10.54664635331618,0.30226275576680894,0.655289538003705
18855,2-east 170 street_2021,15.015054035245218,10.54664635331618,0.33228270675981436,0.3851943712658049
18858,2-east 170 street_2024,14.107950951105783,10.54664635331618,0.3124138025511544,0.003194890896519197
18859,2-east 170 street_2025,14.101968883906874,10.54664635331618,0.0,0.09866817179670131
18861,2-east 171 street_2017,14.000304328033174,9.671213426953587,0.2021093967687834,0.10921308497331628
18863,2-east 171 street_2019,13.589752925751243,9.671213426953587,0.23073372058088537,0.8857490467614564
18868,2-east 171 street_2024,13.232482276314135,9.671213426953587,0.2606576176135075,0.012126179797840565
18873,2-east 172 street_2019,14.54868140910651,10.630103785348046,0.28044777979046404,0.28982976450923986
18878,2-east 172 street_2024,14.19141042777306,10.630103785348046,0.31047564671582534,0.08929210747876185
18883,2-east 173 street_2019,14.043619503114096,10.125057450086226,0.3073221215068242,0.15031476065886815
18886,2-east 173 street_2022,14.049167363147733,10.125057450086226,0.3288119535842282,0.09184965362987897
18888,2-east 173 street_2024,13.68634865732992,10.125057450086226,0.3555174333473796,0.013113639145383105
18899,2-east 174 street_2025,14.19826073234006,10.642935858012489,0.0,0.0036931718376175702
18925,2-east 176 street_2021,14.67264574428109,10.204248670904509,0.40151840557272667,0.48876404696347153
18932,2-east 177 street_2018,15.534573700471272,11.122274973486432,0.3462218213073761,0.6848629609722477
18933,2-east 177 street_2019,15.040861808401363,11.122274973486432,0.3619668243807425,1.2345117086347683
18935,2-east 177 street_2021,15.590694025825508,11.122274973486432,0.38285174291942503,0.27861610043803414
18938,2-east 177 street_2024,14.683590746882194,11.122274973486432,0.3949530832294205,0.006280237957150483
18945,2-east 178 street_2021,14.606153836142298,10.137759278297631,0.2668826451200767,0.09948327848495012
18946,2-east 178 street_2022,14.06186968704239,10.137759278297631,0.2271319539906924,0.17353305076087533
18948,2-east 178 street_2024,13.699050976854325,10.137759278297631,0.23652837463038157,0.05249756895775399
18962,2-east 179 street_2018,14.81112232290734,10.398839094428103,0.25202733407165395,0.16313873737718065
18963,2-east 179 street_2019,14.317410552298988,10.398839094428103,0.2656555455515638,0.2584334720926573
18966,2-east 179 street_2022,14.322958413387441,10.398839094428103,0.28090318359526883,0.29557583457088143
18968,2-east 179 street_2024,13.96013962464174,10.398839094428103,0.27676058051914126,0.04564235787870107
18983,2-east 180 street_2019,14.81001191855868,10.891428845158126,0.2987319086383659,0.036139046615873194
18986,2-east 180 street_2022,14.815559780949881,10.891428845158126,0.3391732173681753,0.0035935355101301704
18993,2-east 181 street_2019,14.128991195467183,10.21042592925347,0.2616377153855724,0.31393444359584666
18996,2-east 181 street_2022,14.134539055861202,10.21042592925347,0.28851440621669255,0.3852624007906449
19001,2-east 182 street_2017,14.519908961698556,10.190792837061586,0.2724760076145823,0.32056060101772044
19003,2-east 182 street_2019,14.109357388404904,10.190792837061586,0.28601812728618115,0.21567573646668878
19005,2-east 182 street_2021,14.659189414765656,10.190792837061586,0.354805428888941,0.006280237957150483
19006,2-east 182 street_2022,14.114905248718745,10.190792837061586,0.3407969927229954,0.009455158770755135
19008,2-east 182 street_2024,13.752086520871778,10.190792837061586,0.34097767123409695,0.0249852526939085
19012,2-east 183 street_2018,14.312762273009913,9.900498488465429,0.2976300094456768,0.32505010892051917
19013,2-east 183 street_2019,13.81905065478603,9.900498488465429,0.2764766686096201,0.7940778991383859
19018,2-east 183 street_2024,13.461779895070578,9.900498488465429,0.3288571080939607,0.005882663158155495
19023,2-east 184 street_2019,13.594763132812513,9.676223325058023,0.2969080890556682,1.8984291275845095
19033,2-east 185 street_2019,12.231538281872119,8.313177380383124,0.2728403338594318,0.9505375572693382
19051,2-east 187 street_2017,14.335441158410086,10.0063325331405,0.2921329369563057,0.6557048850840752
19055,2-east 187 street_2021,14.474721598455313,10.0063325331405,0.37356681731020475,0.05116828657439943
19058,2-east 187 street_2024,13.56761883327026,10.0063325331405,0.31476039877933676,0.005286004429237355
19059,2-east 187 street_2025,13.56163676928064,10.0063325331405,0.0,0.20709546689260228
19061,2-east 188 street_2017,14.29854810579545,9.969441153632387,0.2559586742599076,0.5406950573682685
19066,2-east 188 street_2022,13.893544453981276,9.969441153632387,0.3063783170270881,0.20489811097285957
19072,2-east 189 street_2018,13.886721614959463,9.474484145676493,0.31078777240767114,0.6739643611431714
19076,2-east 189 street_2022,13.39855805897253,9.474484145676493,0.3097247282541847,0.009653257028138304
19093,2-east 191 street_2019,11.892700500929278,7.9744365479591455,0.29420834895305664,2.0055123996888935
19099,2-east 191 street_2025,11.52945023761282,7.9744365479591455,0.0,0.2866064942248478
19101,2-east 192 street_2017,12.241855700388728,7.913063729777142,0.1792667867989976,0.6736585039760828
19112,2-east 193 street_2018,12.934828902641035,8.522712081860915,0.2895420437598818,0.4545092082870869
19118,2-east 193 street_2024,12.083848946032901,8.522712081860915,0.30984836790904136,0.021076325601916215
19128,2-east 194 street_2024,12.629936979676296,9.068718794635268,0.26831469524812196,0.27755597615277183
19138,2-east 195 street_2024,11.839986123591537,8.278902627792586,0.177520779450598,0.5600157079567496
19142,2-east 196 street_2018,13.868794136695085,9.456558039565044,0.2748797344939762,0.29005425659683665
19148,2-east 196 street_2024,13.017812214898585,9.456558039565044,0.32941006037692633,0.19753852259881502
19158,2-east 197 street_2024,12.684548258358497,9.123324123941234,0.2223156224687933,0.37583030297847364
19168,2-east 198 street_2024,12.73062178618259,9.169392879067908,0.37727631785966476,0.011038847115216341
19172,2-east 199 street_2018,13.134496620582345,8.722344235547542,0.21876518591984495,0.24943488526827828
19178,2-east 199 street_2024,12.283516077996046,8.722344235547542,0.23774901404816168,0.012916225266546328
19186,2-east 201 street_2022,12.876175866417466,8.952153589349939,0.31093893461604816,0.4574248470388754
19188,2-east 201 street_2024,12.513357933286915,8.952153589349939,0.3781664755377322,0.012817503710614431
19203,2-east 203 street_2019,11.615813797166831,7.697657446297876,0.2714800978755005,1.4651055415441803
19215,2-east 204 street_2021,14.029202110621839,9.560838076835045,0.3327716601573554,0.2811860187080788
19259,2-east 207 street_2025,12.21930715637278,8.664126845768038,0.0,0.7167660461585793
19275,2-east 209 street_2021,11.976351212995976,7.508459834858164,0.2852819341488881,0.8986968634731071
19279,2-east 209 street_2025,11.06327499856764,7.508459834858164,0.0,0.029752958149347798
19295,2-east 211 street_2021,14.327529475549062,9.85914748210492,0.3163522539689554,0.13190507087993858
19296,2-east 211 street_2022,13.78324543186762,9.85914748210492,0.2826484164321061,0.018527304613883622
19303,2-east 212 street_2019,13.226103804904929,9.307591418132613,0.22836797545101598,0.22713557258374723
19306,2-east 212 street_2022,13.231651659367994,9.307591418132613,0.2543685831276539,0.07797904131658864
19313,2-east 213 street_2019,13.72129325277041,9.802746134242911,0.25038807342077535,0.3313879047118487
19316,2-east 213 street_2022,13.726841111129021,9.802746134242911,0.26740750282242,0.07092433833669866
19326,2-east 214 street_2022,13.526845630587571,9.60276265488089,0.2769160633236883,0.03681397312271631
19336,2-east 215 street_2022,13.411748611785425,9.487673712167268,0.26597763786600487,0.04964693988941377
19346,2-east 216 street_2022,13.521835253261372,9.597752610110748,0.3027711460066419,0.035656677208034684
19358,2-east 217 street_2024,12.855252962043224,9.294012194037599,0.28440083299974633,0.02264173048082465
19368,2-east 218 street_2024,12.717260960108526,9.156033414463074,0.2744920165936117,0.023032699110572687
19388,2-east 220 street_2024,12.97461052030631,9.413359698262127,0.2919831543511715,0.017839918128331
19398,2-east 221 street_2024,13.283227364162672,9.721955482625242,0.3160125790780069,0.014100124378781637
19403,2-east 222 street_2019,15.01409486691385,11.09550842497447,0.32510544103722905,0.9397728560213585
19408,2-east 222 street_2024,14.656823808815629,11.09550842497447,0.3806069645769233,0.008265744417032617
19421,2-east 223 street_2017,14.29499644483122,9.96588965701757,0.2083284655290691,0.5117452008253744
19428,2-east 223 street_2024,13.527174148036536,9.96588965701757,0.24159299843096949,0.38655408321640394
19431,2-east 224 street_2017,14.37492432563485,10.045813976868724,0.2139511031300456,0.5349131752950509
19438,2-east 224 street_2024,13.607101973907897,10.045813976868724,0.2546719188443354,0.5991661170890513
19441,2-east 225 street_2017,14.268963915031119,9.93985834983014,0.26732929385012,0.4376095614347316
19448,2-east 225 street_2024,13.501141637096852,9.93985834983014,0.2993380151801426,0.010247316451549523
19451,2-east 226 street_2017,13.961943532551697,9.63285506551112,0.2399942416660655,1.1056541034571559
19456,2-east 226 street_2022,13.556940004005229,9.63285506551112,0.2916657238044735,0.017643435172595243
19465,2-east 227 street_2021,13.95494758313967,9.486588916190136,0.29338495812494786,0.3808308271498035
19466,2-east 227 street_2022,13.410663735176842,9.486588916190136,0.2870348041953425,0.020390689647734026
19471,2-east 228 street_2017,13.819654744334851,9.490576166813252,0.24461081821624692,0.7621133850246682
19476,2-east 228 street_2022,13.414651281737394,9.490576166813252,0.2974243776754414,0.020390689647734026
19485,2-east 229 street_2021,14.76535963103241,10.296959317905749,0.34354802556708086,0.9736535692626307
19486,2-east 229 street_2022,14.221075433644685,10.296959317905749,0.3756089784926233,0.009157937784765629
19488,2-east 229 street_2024,13.858256673140358,10.296959317905749,0.3295517937766392,0.009356094924024954
19496,2-east 230 street_2022,13.413651128405585,9.489576087597415,0.299232752813597,0.954202896944016
19501,2-east 231 street_2017,14.062940878780195,9.733846198654575,0.2398014210208044,0.8296865446987722
19506,2-east 231 street_2022,13.65793730880163,9.733846198654575,0.2985783739048713,0.015971769509698662
19515,2-east 232 street_2021,14.113765767202485,9.645396087630813,0.3033337718163614,1.2018004464642786
19516,2-east 232 street_2022,13.569481826838791,9.645396087630813,0.29475260545214205,0.017446913603720648
19523,2-east 233 street_2019,15.322910069664932,11.404319674681862,0.4813269892058605,0.09884936404216896
19526,2-east 233 street_2022,15.328457932877283,11.404319674681862,0.512909609513933,0.005186526687300061
19536,2-east 234 street_2022,13.404754745062203,9.480680366789239,0.28092399387639616,0.03498096889524552
19543,2-east 235 street_2019,13.614662732926401,9.696121713222691,0.3234197350626718,0.2239432314847741
19546,2-east 235 street_2022,13.620210590600974,9.696121713222691,0.28944522307016174,0.014198719399812949
19552,2-east 236 street_2018,14.286001966996867,9.873739526095347,0.27826729985420984,0.24779713875286602
19556,2-east 236 street_2022,13.797838218078631,9.873739526095347,0.31422267748847926,0.2857802651621846
19562,2-east 237 street_2018,14.292639690177785,9.880376912633622,0.2798357263677277,0.44922677754703333
19566,2-east 237 street_2022,13.80447593865867,9.880376912633622,0.3064337275019856,0.3597003627404201
19576,2-east 238 street_2022,12.711746090734835,8.787746493097542,0.2813238737092885,0.04430392555652441
19582,2-east 239 street_2018,13.891048329150529,9.478810532373087,0.2574884083065125,0.6568462008336137
19586,2-east 239 street_2022,13.402884770633333,9.478810532373087,0.2689788405989022,0.017643435172595243
19592,2-east 240 street_2018,13.72743000037235,9.31520562965542,0.28677576680243877,0.4543187623255527
19596,2-east 240 street_2022,13.23926654558715,9.31520562965542,0.3189627581490083,0.02048866642731566
19603,2-east 241 street_2019,14.283654380390415,10.365083947768625,0.3171990258096382,1.3316269597775825
19612,2-east 242 street_2018,13.610954503621258,9.198741121157513,0.2565689530302876,0.3114474260020429
19622,2-east 243 street_2018,12.32322763343513,7.911276512448817,0.2810165504920706,0.7654678421395714
19676,2-east fordham road_2022,14.712621666581128,10.78849270942433,0.3998591387210786,0.8639442515019459
19681,2-east gun hill road_2017,15.875135758184777,11.54599216040332,0.3397047176234956,0.20106152816800735
19682,2-east gun hill road_2018,15.958295930222555,11.54599216040332,0.3629887785137698,0.8752187060986906
19683,2-east gun hill road_2019,15.464583998632431,11.54599216040332,0.3623352227952463,0.515335439243819
19686,2-east gun hill road_2022,15.470131862006646,11.54599216040332,0.43125438321318155,0.01911611719223005
19691,2-east kingsbridge road_2017,14.273790214122165,9.9446844198452,0.28529586057142015,1.6923626170082475
19695,2-east kingsbridge road_2021,14.41307064925164,9.9446844198452,0.36498388714717905,1.3549326846768768
19713,2-east mosholu parkway south_2019,13.453841511689182,9.535311012643374,0.30476226272431906,1.7203887729551395
19723,2-east mount eden avenue_2019,12.566602645053756,8.648173300163467,0.27002713721306015,0.3232422478503318
19733,2-east tremont avenue_2019,16.186092721512665,12.267496009434195,0.39787868376679286,0.08028883122880298
19736,2-east tremont avenue_2022,16.191640585433504,12.267496009434195,0.42316476040788675,0.11001964503854945
19742,2-eastburn avenue_2018,12.849163050215523,8.437063803534228,0.21495408058401022,0.8561584888194002
19789,2-eastchester road_2025,15.118842976680146,11.56350415040198,0.0,0.16948957797857636
19795,2-echo place_2021,12.701489214455306,8.233318194119677,0.3140325103555344,1.0134174426048779
19863,2-edison avenue_2019,14.53367180587024,10.615094540473217,0.30649214383520895,0.13006288429816837
19865,2-edison avenue_2021,15.083503941244127,10.615094540473217,0.3132263102783511,0.29973415347592225
19866,2-edison avenue_2022,14.539219667610045,10.615094540473217,0.3240132366690061,0.003294566949430031
19868,2-edison avenue_2024,14.176400827656444,10.615094540473217,0.32740000944890213,0.17008027037160076
19882,2-edson avenue_2018,14.905207086120337,10.49292115497469,0.28111199298007344,1.358409157630355
19888,2-edson avenue_2024,14.05422434333054,10.49292115497469,0.3162918696816936,0.11973668160233342
19961,2-elder avenue_2017,13.947827720403396,9.618740172789705,0.24634932660523795,0.8008798803628273
19962,2-elder avenue_2018,14.030987832708773,9.618740172789705,0.2427514718520591,0.1558064511381996
19998,2-elliot place_2024,11.74570842756995,8.184649312234434,0.3656005095442366,1.2855896569982583
20003,2-ellis avenue_2019,13.760270006103774,9.841720815644084,0.2356836422963836,0.18190480329761222
20022,2-ellis place_2018,10.488104570307785,6.0780586319225085,0.22314355131420976,1.3833650749473136
20028,2-ellis place_2024,9.637158770179077,6.0780586319225085,0.298826637004846,0.1432341680859078
20045,2-ellsworth avenue_2021,14.36611480890485,9.897730859818004,0.3857127078610876,0.6178307862504957
20046,2-ellsworth avenue_2022,13.82183074881499,9.897730859818004,0.36872861302581994,0.007174203748000358
20061,2-elm place_2017,12.652345290174408,8.323431735867825,0.06921000317817474,0.32800794392334626
20065,2-elm place_2021,12.791625391464748,8.323431735867825,0.15696857531640565,0.5531377075516071
20076,2-elsmere place_2022,12.461966573596134,8.538009416216621,0.2406367087617269,0.5993308843556605
20086,2-elton avenue_2022,13.127558240676656,9.203507756481718,0.33925130279147875,0.19811288158896348
20092,2-ely avenue_2018,15.04117541304465,10.628885999077875,0.24373256698377183,0.2666627052277055
20098,2-ely avenue_2024,14.190192612878425,10.628885999077875,0.30027116195184755,0.34797722823553656
20158,2-esplanade_2024,13.764147708811215,10.202853588026908,0.29057198130967277,0.013311014059672338
20159,2-esplanade_2025,13.758165643449898,10.202853588026908,0.0,0.47983019006347116
20168,2-evelyn place_2024,11.554963602844348,7.993961432733453,0.3479009324448357,0.03739211921706267
20176,2-evergreen avenue_2022,13.3329855724602,9.40891676014791,0.3205904840682698,0.733905173032113
20206,2-exterior street_2022,14.178855244699637,10.254740555029223,0.3343241345107598,0.5190913681830233
20209,2-exterior street_2025,13.810054431087652,10.254740555029223,0.0,1.0154842707605407
20213,2-faile street_2019,14.243916357787658,10.325347177294594,0.2406338113405766,0.9790401535272647
20265,2-faraday avenue_2021,12.112005579119355,7.644045425451224,0.3175400718498599,2.718739532754404
20301,2-featherbed lane_2017,13.644517668051066,9.315453362833473,0.3402716605258199,1.4039623587732977
20306,2-featherbed lane_2022,13.239514300630692,9.315453362833473,0.3535339214137716,0.6540424606791843
20315,2-fenton avenue_2021,14.684627678216478,10.216230169056363,0.3130218194077386,0.7615532132240057
20318,2-fenton avenue_2024,13.777524768364145,10.216230169056363,0.2696322184953625,0.01646372603066508
20355,2-field place_2021,12.629099070347378,8.160947765002597,0.1134357001286581,0.04688358589885042
20358,2-field place_2024,11.722000379165182,8.160947765002597,0.09256346432426747,0.03507752661269611
20371,2-fieldston road_2017,14.829066579852254,10.499940610323225,0.1713501067995434,0.16923631724529917
20373,2-fieldston road_2019,14.418514939812955,10.499940610323225,0.1955643360159174,2.1072269276877726
20401,2-findlay avenue_2017,13.581892915984398,9.252834351971782,0.21967348530558997,0.3057184349378795
20406,2-findlay avenue_2022,13.176889586850526,9.252834351971782,0.30141092836439354,1.2046525732306932
20408,2-findlay avenue_2024,12.814071363122814,9.252834351971782,0.24395986344123563,0.840359560240332
20418,2-fink avenue_2024,11.308694526291582,7.747783918603593,0.26059435250103263,0.42212554900127164
20435,2-fish avenue_2021,14.456754079048375,9.988365822256451,0.32762697010624653,0.3445821195845928
20438,2-fish avenue_2024,13.549651327715699,9.988365822256451,0.3134739059992337,0.021076325601916215
20453,2-fletcher place_2019,10.334637733503227,6.4176377661637325,0.2805135829731684,0.7024042018226221
20486,2-food center drive_2022,14.053838042811398,10.159202606652451,0.4430914056862354,0.7377380638878204
20518,2-fordham place_2024,11.206150755164186,7.645285439742874,0.1816029078230326,1.0152306797290587
20528,2-fordham street_2024,12.449074252168106,8.887878259430817,0.2999626780244985,1.0807877037555578
20546,2-forest avenue_2022,13.09865193544701,9.17460434582341,0.31887647473083336,0.13190507087993858
20548,2-forest avenue_2024,12.735833779128557,9.17460434582341,0.32449604557449724,0.32019766412846085
20592,2-fox street_2018,14.321028065282686,9.90876387292608,0.2826542565735094,0.8217602480279217
20595,2-fox street_2021,14.377148367499494,9.90876387292608,0.3289657998873176,0.008364916331627708
20596,2-fox street_2022,13.832864302832846,9.90876387292608,0.34542138329802624,0.0298500219688853
20598,2-fox street_2024,13.470045680624846,9.90876387292608,0.35044870452363436,0.06212937146554879
20611,2-franklin avenue_2017,13.968596474726535,9.639507578828773,0.2443037086268955,0.6252430019460725
20638,2-freeman street_2024,13.265896871777286,9.704626008537677,0.3457534520060927,0.03575316970581786
20652,2-frisby avenue_2018,13.154901938285633,8.742746302709087,0.25717590499321685,0.7937162354816408
20662,2-fteley avenue_2018,14.06363241158042,9.651382642657236,0.22957671478248762,0.7719583609842351
20663,2-fteley avenue_2019,13.569920903200478,9.651382642657236,0.273406553227937,0.07241368050904531
20668,2-fteley avenue_2024,13.212650264543187,9.651382642657236,0.3299857273916062,0.1428007986316713
20676,2-fuller street_2022,11.281141721765207,7.357617847204626,0.18035884762610593,0.7120670654124562
20682,2-fulton avenue_2018,14.23231169588929,9.820052061689918,0.24578660544767658,0.8148779691310923
20686,2-fulton avenue_2022,13.74414796865546,9.820052061689918,0.32759879475748344,0.5832765094242329
20692,2-furman avenue_2018,13.671354498528878,9.259135258366,0.24401512579929452,1.0984789464450972
20725,2-gale place_2021,11.37607655363064,6.9086310486727776,0.3086926725141372,1.939762720849986
20778,2-garrett place_2024,10.609179747411073,7.048693845674922,0.2189970353523612,0.12106652797944359
20842,2-gerard avenue_2018,14.925685633791572,10.513399147325918,0.32611359597247036,1.2277088620025196
20845,2-gerard avenue_2021,14.981805950945025,10.513399147325918,0.38380506218462324,0.3424543082987604
20918,2-gillespie avenue_2024,12.377094790068535,8.81590880794903,0.3111123242601669,0.024302292522964862
20922,2-givan avenue_2018,14.78303381519847,10.370751444121717,0.2970629342575329,0.39352747053512144
20925,2-givan avenue_2021,14.839154129594712,10.370751444121717,0.3228618056842659,0.2835987470141448
20933,2-gleason avenue_2019,14.186508154111799,10.267940872693648,0.2802769021834431,0.5473118323364008
20946,2-glebe avenue_2022,13.091656430372273,9.167609553916446,0.3035745331141539,0.8913420865101901
20948,2-glebe avenue_2024,12.728838280341943,9.167609553916446,0.3085444367559316,0.024790168807218786
20972,2-glover street_2018,13.03215547134537,8.620020428113156,0.26258798311984816,1.449269160281279
20996,2-godwin terrace_2022,12.75458332710809,8.83057745731115,0.3567141588560919,0.016365354086264272
20999,2-godwin terrace_2025,12.385783491886345,8.83057745731115,0.0,0.027225986253591457
21025,2-gouverneur avenue_2021,12.693851874145976,8.225682867110216,0.3432982016916128,1.0947715892821719
21038,2-gouverneur place_2024,10.726333941807614,7.165754743661219,0.2859564464843111,0.07157619848922192
21042,2-grace avenue_2018,14.794618811911699,10.382336084282253,0.26019293026422835,0.27322811548163045
21048,2-grace avenue_2024,13.9436361218972,10.382336084282253,0.3099537586452932,0.17201866379805758
21073,2-grand avenue_2019,14.147591555416527,10.229025624784978,0.32883483932849716,0.23783510005719952
21078,2-grand avenue_2024,13.790320675876107,10.229025624784978,0.31254287947531323,0.3696997516614218
21145,2-greystone avenue_2021,13.566815614259717,9.098492510017932,0.28625669559154454,1.0427824037074391
21168,2-griswold avenue_2024,12.697475551935728,9.136250056131681,0.40293316982378535,0.8147451523074328
21226,2-gunther avenue_2022,14.438723935091906,10.514601351316527,0.32704176310988164,0.2639015437863775
21228,2-gunther avenue_2024,14.075905117561861,10.514601351316527,0.31069118296103865,0.22290352250960094
21245,2-haight avenue_2021,14.202955564482671,9.734580425539841,0.2994842975084088,0.009851316050374183
21248,2-haight avenue_2024,13.295853037898922,9.734580425539841,0.34464889705845836,0.014100124378781637
21276,2-halleck street_2022,14.062787029045113,10.168151254963428,0.4275974557397026,1.0685310166296547
21336,2-harding avenue_2022,14.496620428354737,10.57249634820341,0.37922860460680197,0.20359369206949432
21383,2-harrington avenue_2019,12.499327094774015,8.580909716613945,0.2252841158133207,1.0860335064612496
21396,2-harrison avenue_2022,12.963455328176517,9.039422444863106,0.2985813629098166,2.0425441275760177
21465,2-havemeyer avenue_2021,14.745358709293088,10.276959069886631,0.40371903632506456,0.005783244755727333
21468,2-havemeyer avenue_2024,13.838255762943719,10.276959069886631,0.4391646191729958,0.6452691003154813
21476,2-haviland avenue_2022,13.465273857652788,9.541195086554414,0.35355532889743946,0.012126179797840565
21488,2-hawkins street_2024,11.914546774723865,8.353445560348922,0.1794438569663395,0.9590436609398039
21493,2-hawkstone street_2019,11.08548793906921,7.167642720788554,0.20682057728227926,1.673351238177753
21546,2-heath avenue_2022,13.610109066390338,9.686020801281904,0.35068722569351896,1.1906443741146033
21576,2-hennessy place_2022,11.540990686923367,7.617323755800779,0.2820781645554141,0.05410932564703195
21591,2-henry hudson parkway_2017,15.462750560444128,11.133611835716012,0.31501505172148014,0.702453739880245
21592,2-henry hudson parkway_2018,15.545910727288849,11.133611835716012,0.3229228848191538,1.2094378437569944
21595,2-henry hudson parkway_2021,15.602031052753354,11.133611835716012,0.37605083512904625,1.5197319993496075
21596,2-henry hudson parkway_2022,15.057746696760464,11.133611835716012,0.40414584670310166,0.029073247485707086
21859,2-henry hudson py nb en west 253 street_2025,9.873693335797544,6.3200951546334245,0.0,0.43353412803575675
21912,2-hering avenue_2018,14.660650474541502,10.248372133497538,0.25157523254878245,0.3354717362876294
21916,2-hering avenue_2022,14.172486602780888,10.248372133497538,0.3291409681797941,0.005882663158155495
21918,2-hering avenue_2024,13.809667856792665,10.248372133497538,0.31521724784512817,0.005882663158155495
21976,2-hewitt place_2022,11.896152276107427,7.97234120438439,0.39600877286612896,0.11064652008706366
21988,2-hicks street_2024,12.243087492016038,8.68192217962111,0.2516974966632958,0.6334502533018178
22058,2-hill avenue_2024,13.390555124884347,9.829277315304726,0.2585677526940482,0.5286851880667568
22083,2-hobart avenue_2019,13.851240875326226,9.932687151945629,0.27117757178031765,0.5326262537248435
22088,2-hobart avenue_2024,13.493970102055732,9.932687151945629,0.23584416517975174,0.41752542260053077
22095,2-hoe avenue_2021,14.210674083070082,9.742298494164618,0.3072212298478725,1.6087576811292361
22098,2-hoe avenue_2024,13.303571548777045,9.742298494164618,0.31483010111168247,0.8832302057476643
22105,2-hoffman street_2021,13.368007540001305,8.899708751147058,0.32918515366114975,0.1699959071033177
22118,2-holland avenue_2024,14.300820787644026,10.739511710723129,0.27094800815888254,0.002895803112025565
22142,2-hollywood avenue_2018,14.99718093653531,10.584892598094157,0.28449039833330464,0.48943854188434294
22146,2-hollywood avenue_2022,14.509016987537132,10.584892598094157,0.3345249594375074,0.005087039048557106
22148,2-hollywood avenue_2024,14.146198154087406,10.584892598094157,0.311313676985058,0.10957163642929092
22165,2-home street_2021,14.231945512526375,9.763568701394805,0.3088482330248968,0.5199835615507563
22168,2-home street_2024,13.32484295729275,9.763568701394805,0.3003883608971912,0.3900807060644171
22176,2-homer avenue_2022,13.335926136380392,9.411857088083014,0.2842939864236958,0.013804280976397056
22188,2-hone avenue_2024,13.997025918923741,10.43572431667567,0.2853466903678578,0.010939940038334364
22256,2-howe avenue_2022,12.708433283269382,8.784434181971468,0.28827013480333524,0.35550425895439247
22262,2-hoxie street_2018,11.990563731221833,7.578755529161455,0.21556243961557184,0.7082328179779862
22308,2-hugh j grant circle_2024,12.512816479241184,8.95161220342745,0.3959177611801657,1.1697850047886926
22311,2-hughes avenue_2017,14.092222515235425,9.763126148030022,0.2408507727676819,0.6132377973316434
22315,2-hughes avenue_2021,14.231502933995582,9.763126148030022,0.30770889679491037,0.15896763109564555
22335,2-hull avenue_2021,13.947203118225667,9.478845034308655,0.3225962391136905,0.8346467428336448
22348,2-hunt avenue_2024,12.733428056597347,9.17219886582752,0.3096375531090617,0.12777736994182637
22358,2-hunter avenue_2024,12.512966282381536,8.951761987716573,0.2933311111755784,0.21648140844065936
22366,2-huntington avenue_2022,13.264511115433486,9.340447999167385,0.32208349916911333,0.022543964434894502
22371,2-hunts point avenue_2017,14.930074798793852,10.6009462184235,0.3638560695030866,2.506480583211811
22473,2-hutchinson river parkway_2019,15.594387836744666,11.675794844186594,0.3528379010342437,1.3483588217768536
22476,2-hutchinson river parkway_2022,15.599935700248345,11.675794844186594,0.35139456958769,0.08507617235511927
22791,2-huxley avenue_2017,12.780778063021362,8.451835634525947,0.23690464085617066,0.4191707551642764
22813,2-independence avenue_2019,14.1841714605598,10.265604258772868,0.3665188068652627,0.5339169549893884
22846,2-intervale avenue_2022,14.545808505142315,10.621683220013605,0.33809727301792725,0.014297304700824425
22848,2-intervale avenue_2024,14.18298966379578,10.621683220013605,0.35258252969895487,0.68687756754635
22855,2-inwood avenue_2021,13.748732311829915,9.280390819381386,0.345361184038459,0.04506896336757812
22863,2-irvine street_2019,10.919266574317563,7.001558024414322,0.24760384888437043,1.561675220234514
22872,2-irwin avenue_2018,13.992822848338246,9.580577742964474,0.3117517614339696,0.8259282917937638
22875,2-irwin avenue_2021,14.048943137766859,9.580577742964474,0.4027064856690847,0.4085935427826954
22876,2-irwin avenue_2022,13.50465923335419,9.580577742964474,0.3937690683449731,0.21873384282550964
22935,2-jackson avenue_2021,14.58332447064007,10.12056440613252,0.338790331670839,0.7124104467407916
22936,2-jackson avenue_2022,14.015198347997012,10.12056440613252,0.3276047863358921,0.025960101669531634
22938,2-jackson avenue_2024,13.689776262557109,10.12056440613252,0.33252356416579665,0.15031476065886815
22939,2-jackson avenue_2025,13.717015270247638,10.12056440613252,0.0,0.13993584029751677
22988,2-jarvis avenue_2024,12.59362702537368,9.032412979621999,0.32241661043135417,0.0118297517535772
23022,2-jerome avenue_2018,16.723636481707196,12.3113276003357,0.35062656792694,0.6345642231276474
23023,2-jerome avenue_2019,16.229924510058524,12.3113276003357,0.3711851025904083,0.28292075535007044
23045,2-jesup avenue_2021,13.510436245469045,9.04211955311344,0.25992451514480736,1.7077979820471823
23055,2-jesup place_2021,11.22257187354916,6.755290222598666,0.26289099610990374,0.17889903999262471
23072,2-johnson avenue_2018,14.083248740023105,9.670997736505885,0.30612791824253244,2.3888270073565567
23076,2-johnson avenue_2022,13.59508507946977,9.670997736505885,0.3769856367862957,1.0971779271299298
23106,2-kappock street_2022,13.235719321042112,9.311658718763493,0.41273581391000314,0.8991038804513338
23113,2-katonah avenue_2019,13.217609521905068,9.299097893746955,0.4124950140364225,0.8200881540010944
23138,2-kearney avenue_2024,13.167766047031607,9.606501294741923,0.3479009324448357,0.2978056556226321
23142,2-kelly street_2018,13.994419142141517,9.58217392795612,0.2659040911726151,0.5990562571603498
23146,2-kelly street_2022,13.506255526316776,9.58217392795612,0.3217215909565136,0.03101405352916946
23178,2-kilroe street_2024,10.293672605019994,6.733499693507001,0.22589837399305435,0.7776261871378843
23198,2-king avenue_2024,12.494716824939529,8.933514847693306,0.2600036850296363,0.8026291911769423
23216,2-kingsbridge avenue_2022,13.469532576484138,9.545453506159918,0.5069188425608947,0.7997569156182036
23226,2-kingsbridge terrace_2022,13.146863166935429,9.22281079568989,0.35203889103593133,1.118480273305576
23232,2-kingsland avenue_2018,14.728262618329337,10.31598199002429,0.25845840408592374,0.23822918873225063
23235,2-kingsland avenue_2021,14.784382931557962,10.31598199002429,0.3241609127203271,0.2998082522496215
23238,2-kingsland avenue_2024,13.877279962899575,10.31598199002429,0.31361074858485977,0.13697545502707772
23246,2-kingsland place_2022,9.944504516292854,6.022733317184281,0.11227771306102817,0.5303340901540337
23326,2-kossuth avenue_2022,12.53569127472871,8.611720470646395,0.2903640196889958,0.44954578734333933
23343,2-la salle avenue_2019,12.976678261859973,9.058191067590563,0.28973353818485087,0.9433610033968184
23381,2-lafayette avenue_2017,16.1271398094505,11.797994084938823,0.33143704515395767,0.598616696713712
23382,2-lafayette avenue_2018,16.21029998375466,11.797994084938823,0.3433658929650475,0.20367526811881148
23383,2-lafayette avenue_2019,15.71658803547985,11.797994084938823,0.3469655123370517,0.21881419315298048
23386,2-lafayette avenue_2022,15.72213589909097,11.797994084938823,0.38598214864119396,0.19540229633248507
23389,2-lafayette avenue_2025,15.3533348416215,11.797994084938823,0.0,0.003194890896519197
23406,2-lafontaine avenue_2022,12.564394204423762,8.640418353499792,0.3009756726447908,1.277985057613039
23412,2-lakeview place_2018,11.53522734692719,7.1237103364737635,0.32115800164817043,1.064469328545409
23426,2-lakewood place_2022,11.477950834139708,7.554315274889073,0.31481073984003355,0.07278566972564769
23445,2-landing road_2021,11.678924117783467,7.211220513058868,0.38322413631511587,2.1059860969019484
23498,2-laurie avenue_2024,10.283388888382671,6.72322793182034,0.2516974966632958,0.8130169264103294
23512,2-layton avenue_2018,13.955016291382615,9.542773814527349,0.33249102266772,0.7707561598869281
23528,2-lebanon street_2024,11.666345341891374,8.105308608620495,0.34464889705845836,0.9359757051905532
23555,2-leggett avenue_2021,14.410733068175801,9.942346949774919,0.4425995236815657,0.34564432978962506
23563,2-leland avenue_2019,14.447818354688696,10.529243245748173,0.2606929699037348,0.22649791912678338
23568,2-leland avenue_2024,14.090547395247574,10.529243245748173,0.28382067145428974,0.005882663158155495
23588,2-libby place_2024,11.222862133984329,7.6619891171227685,0.24578191071118036,1.1062827949723293
23628,2-light street_2024,12.296365076866628,8.735191213709612,0.23206911691971396,0.020390689647734026
23643,2-lincoln avenue_2019,13.037272560524164,9.164300844662952,0.3570082217288527,0.46341950136872034
23702,2-locust avenue_2018,13.372925904016252,8.985662306172166,0.34893228077595,0.9097493838307328
23722,2-lodovick avenue_2018,13.766991843683403,9.354764022534123,0.3019895584722778,0.4445576079142606
23736,2-logan avenue_2022,13.97291262650257,10.048805825201699,0.33773300585734856,0.007174203748000358
23753,2-longfellow avenue_2019,14.523375583238309,10.604798566797394,0.28898616680592587,0.2849533528805231
23755,2-longfellow avenue_2021,15.0732077164776,10.604798566797394,0.3144238595053781,0.46165638775790685
23781,2-longwood avenue_2017,14.476843084658357,10.147728589135694,0.35392607120838016,1.157949808013617
23806,2-lorillard place_2022,12.64843602395876,8.724446202156455,0.31457662505887246,1.1532267286079876
23855,2-lowerre place_2021,12.690576037502248,8.222407898740572,0.27375853350827084,0.742984415407117
23876,2-lurting avenue_2022,14.403678618663955,10.479556983659881,0.30328723031292826,0.004688989486131542
23878,2-lurting avenue_2024,14.04085980949877,10.479556983659881,0.2810357148494328,0.011730922875698666
23896,2-lydig avenue_2022,13.805596020060076,9.881496937885498,0.3285175122597991,0.011730922875698666
23898,2-lydig avenue_2024,13.442777409734644,9.881496937885498,0.37715347528227305,0.33482802850872373
23906,2-lyman place_2022,11.662597223127776,7.738875084113041,0.26875406256626205,0.6506571289389931
23916,2-lyon avenue_2022,12.380388858907901,8.456448021721698,0.29389800755415474,0.09848694671465404
23948,2-macdonough place_2024,12.717541332634607,9.15631375823194,0.45726114966039627,0.13897902728145098
23952,2-mace avenue_2018,15.188629441521746,10.776336749124093,0.3268326881489526,0.30165893938257526
23958,2-mace avenue_2024,14.337646587346423,10.776336749124093,0.3106706349454625,0.34316408191078507
23965,2-maclay avenue_2021,13.280331558770705,8.812045128058351,0.27149254981878207,1.3819097628020665
23993,2-macombs road_2019,14.015504025009824,10.096943091657876,0.36527422752491906,0.08176430180263962
23995,2-macombs road_2021,14.565336020348857,10.096943091657876,0.3678138019321098,0.677932014753465
24036,2-magenta street_2022,12.93086826383106,9.00683923265187,0.3061469069063007,0.0431552703139276
24063,2-mahan avenue_2019,12.642286629103385,8.723844749741541,0.24620882424520585,0.8707911478027889
24068,2-mahan avenue_2024,12.285016829548162,8.723844749741541,0.21691731189911176,0.016168581161583706
24083,2-maitland avenue_2019,11.593348661192412,7.675202417463056,0.3088842801023839,0.7135378702076793
24491,2-manhattan college parkway_2017,13.872171639926805,9.543089247537019,0.28936133397150093,2.261836012482166
24511,2-manida street_2017,13.957613946050024,9.66899926191736,0.2321659079977369,1.3460711456290197
24586,2-maran place_2022,11.646006491180264,7.722291494723151,0.2820781645554141,0.08773611430408679
24623,2-marcy place_2019,12.441954418472552,8.523547901144005,0.2841042511038969,0.8160283099357608
24651,2-marion avenue_2017,14.332300805552771,10.003192320307683,0.25833403231206975,0.36512910658529024
24658,2-marion avenue_2024,13.564478482573001,10.003192320307683,0.3409536319057546,0.5718830930669061
24698,2-marolla place_2024,12.095892518471807,8.534753340832074,0.3064699863174141,0.8588310962008767
24722,2-matilda avenue_2018,13.923288260492662,9.511048067539896,0.23311696113205652,0.5903943729851153
24738,2-matthews avenue_2024,13.900610903219947,10.339312188711743,0.3280333679753483,0.005286004429237355
24751,2-mayflower avenue_2017,14.578322686014435,10.24920446086078,0.23776343088208104,0.5753766448254375
24758,2-mayflower avenue_2024,13.81050021278476,10.24920446086078,0.33745697328375246,0.3637399280608503
24788,2-mcclellan street_2024,12.587498020163345,9.026284688055215,0.21318820477448194,0.015184135325039965
24808,2-mcgraw avenue_2024,12.676626813949666,9.115403522485046,0.26589471826687366,1.159017278524074
24922,2-melrose avenue_2018,14.478556944481253,10.066285590965336,0.3293216877412786,0.6604173559370264
25002,2-metcalf avenue_2018,14.450513473400328,10.038243313608868,0.261389586521365,0.48858001481867097
25006,2-metcalf avenue_2022,13.962349664846737,10.038243313608868,0.3439816586433444,0.07083118076059143
25022,2-metropolitan avenue_2018,14.127839713628102,9.715585992164769,0.2556927104245493,2.355471617516159
25032,2-metropolitan oval_2018,12.947387314420203,8.535268041499705,0.22696602358368015,3.0191557884975793
25052,2-mickle avenue_2018,14.717368235282837,10.305087965154563,0.2387275608615305,0.25409943543465485
25056,2-mickle avenue_2022,14.229204348618508,10.305087965154563,0.27773859894187236,0.29042829811980614
25058,2-mickle avenue_2024,13.866385585753765,10.305087965154563,0.2930126671394262,0.13767280512507268
25076,2-miles avenue_2022,14.008816186822814,10.0847078908125,0.38661090617005833,0.3784364357202451
25113,2-milton place_2019,11.969616012458982,8.051327087403624,0.3018667074437374,1.0851554839815003
25136,2-minford place_2022,12.407081484601141,8.483135160182867,0.2646510251255583,0.7083805612005346
25148,2-minnieford avenue_2024,12.625454691236014,9.064237009076752,0.23933362105772318,0.5812654479118535
25212,2-monroe avenue_2018,13.419913961916723,9.007721617416138,0.1812867425985733,0.603714693228393
25278,2-monticello avenue_2024,13.306365801419997,9.745092587542821,0.2516974966632958,0.007472014838700995
25295,2-morgan avenue_2021,14.078169762769285,9.60980240167514,0.3049760157428031,0.6950952817779612
25298,2-morgan avenue_2024,13.171067369445268,9.60980240167514,0.29047987907612854,0.011038847115216341
25301,2-morris avenue_2017,15.72459825481775,11.395456208069167,0.3115139353117901,0.8599743163952512
25303,2-morris avenue_2019,15.31404650578075,11.395456208069167,0.32885565350989354,0.2674283434245129
25308,2-morris avenue_2024,14.956775414117146,11.395456208069167,0.3767261184775658,0.8273720826511769
25309,2-morris avenue_2025,14.950793344356088,11.395456208069167,0.0,0.1385438094480591
25333,2-morris park avenue_2019,14.992021502000878,11.073435392136789,0.3605820300099144,0.5054914221752889
25341,2-morrison avenue_2017,14.143158810902701,9.814059624139876,0.28061055950933067,0.6875817220870638
25361,2-mosholu avenue_2017,14.14798709650646,9.818887649852448,0.4586500564360835,1.9120578572500886
25376,2-mosholu parkway_2022,15.032366625828699,11.108232132983009,0.40174454887090694,1.0476347339032421
25445,2-mount hope place_2021,13.29607601752317,8.8277872870471,0.2919312735543652,0.8379831846053942
25468,2-mulford avenue_2024,12.872258084317632,9.31101580956082,0.31333541527096653,0.6948956510940623
25478,2-muliner avenue_2024,13.012381168610016,9.451127406913457,0.34962428428298425,0.012027380212718455
25515,2-murdock avenue_2021,14.537676672817737,10.069284886497167,0.3108700454537624,0.3264219007677115
25516,2-murdock avenue_2022,13.993392546971497,10.069284886497167,0.2924214178156775,0.28412575624900377
25518,2-murdock avenue_2024,13.630573861013923,10.069284886497167,0.24928171237205707,0.263517445452483
25575,2-needham avenue_2021,14.3271235351823,9.858741562716395,0.3202834238747488,0.16067222538889842
25578,2-needham avenue_2024,13.420020891519012,9.858741562716395,0.3046767999433081,0.19235439249432928
25582,2-neill avenue_2018,14.478234632793042,10.065963292807655,0.34599633513503153,0.5179601126665901
25595,2-nelson avenue_2021,14.42344244654823,9.955055727730215,0.2927615839602279,0.47387114077222475
25598,2-nelson avenue_2024,13.516339721565608,9.955055727730215,0.2603728930825658,0.28141245943818555
25599,2-nelson avenue_2025,13.5103576579805,9.955055727730215,0.0,0.005683816468297671
25622,2-nereid avenue_2018,14.927821506045843,10.515534962313588,0.3585835369581388,0.27922138153391396
25625,2-nereid avenue_2021,14.983941823237664,10.515534962313588,0.39815004442230645,0.08892620919440151
25646,2-netherland avenue_2022,14.086892362066274,10.162780995087363,0.23432017574346822,0.004390348301292895
25813,2-newbold avenue_2019,13.825823224468172,9.907270726378373,0.26373694827946326,0.076497970972725
25828,2-newman avenue_2024,12.361783211497077,8.79267981784124,0.36080433728074357,0.04363403702006131
25832,2-newport avenue_2018,11.14751436521443,6.736374274636484,0.24686007793152578,1.9658388188279745
25842,2-noble avenue_2018,14.199837719482934,9.787579857482434,0.22945203427612323,2.1239846044305075
25846,2-noble avenue_2022,13.711674005941035,9.787579857482434,0.29799074597395714,0.020292703267762432
25889,2-norton avenue_2025,12.195257061206313,8.640080833580926,0.0,0.6745248564318506
25898,2-nuvern avenue_2024,10.312570206675952,6.7523756440821865,0.3845584232888507,0.5350303124628081
25919,2-o brien avenue_2025,12.558680577747007,9.003451994079729,0.0,0.5991111886333511
25922,2-o neill place_2018,11.864572815359399,7.452832417978087,0.3134827183965142,0.7541952421248793
25966,2-oak terrace_2022,10.779342336926739,6.885670997204938,0.2450201510095186,0.665004874613665
25975,2-oak tree place_2021,12.268929410944994,7.8009005031201255,0.29892005893337614,0.8606934517717456
25976,2-oak tree place_2022,11.724648330277422,7.8009005031201255,0.3223676304396709,0.07723878034080219
25982,2-oakland place_2018,12.471356467726189,8.059355485968897,0.2129738110497675,0.4839065344147269
26006,2-odell street_2022,12.348841750833277,8.424907590482283,0.28827013480333524,0.39379730324048234
26088,2-oliver place_2024,10.818626515969425,7.257981136798886,0.20504980787151073,0.234043925782498
26096,2-olmstead avenue_2022,14.553469060056253,10.629343592541188,0.357997598257501,0.44076789981055137
26099,2-olmstead avenue_2025,14.184668149547324,10.629343592541188,0.0,0.2141431691169107
26106,2-oneida avenue_2022,11.949791176787189,8.025962449673882,0.28012417157203834,0.4856308851314346
26186,2-osborne place_2022,11.490413400175974,7.566771481162751,0.3118006322135294,1.3925249108705267
26192,2-osgood street_2018,11.331419240612766,6.920082159971216,0.24033754117309075,0.7225117891898493
26202,2-osman place_2018,11.703345770856478,7.291705574808819,0.2698669791901355,0.6599005867663096
26232,2-overing street_2018,13.156358133302874,8.744202268281633,0.31614530433943105,1.0777971489541895
26268,2-paine street_2024,11.35109615183222,7.790168130940892,0.32408050432604946,0.6761027459506869
26285,2-palisade place_2021,11.899873182835316,7.4320248920119925,0.2827039487046138,1.7645938011552855
26308,2-park avenue_2024,15.032283397742429,11.470963396994545,0.33517505133100134,0.2990670173183445
26309,2-park avenue_2025,15.026301327841988,11.470963396994545,0.0,0.09385457547162425
26358,2-parker street_2024,12.679113463070074,9.117889906271818,0.29112441664275374,0.013902905168991422
26388,2-parkview avenue_2024,12.243507596330687,8.682342214714087,0.26324804711449884,0.0168571170664229
26402,2-parsifal place_2018,12.619356548865747,8.207312603848445,0.2625435562653716,1.370926883988769
26422,2-patterson avenue_2018,13.620290695133901,9.208076383954495,0.2879467433057131,0.08920064545830204
26456,2-paul avenue_2022,13.15754686141877,9.233493461397126,0.40117018382528363,1.5343479197945216
26461,2-paulding avenue_2017,15.33397399555634,11.004837252684956,0.2456853274308784,0.21551452414971864
26468,2-paulding avenue_2024,14.56615123667238,11.004837252684956,0.3040304648798731,0.2910264737021706
26546,2-pedestrian path_2022,14.2554330394942,10.331315806881435,0.14882088706391058,0.03835495387646399
26626,2-pelham parkway_2022,14.767903396700149,10.843773351658509,0.36151555823190795,0.1597350581211589
26722,2-penfield street_2018,12.781296148740463,8.369211933687655,0.27793189639148064,0.7101026212093587
26736,2-pennyfield avenue_2022,13.710485918018119,9.786391834985093,0.26521343158949046,0.3721151284266102
26775,2-perry avenue_2021,13.963024419052319,9.49466514883876,0.3190513109381204,0.5562959978107481
26779,2-perry avenue_2025,13.049940105499196,9.49466514883876,0.0,0.4123083065901588
26799,2-phelan place_2025,11.594091194951323,8.039056578228413,0.0,0.6941466808930289
26803,2-philip avenue_2019,13.64614264452679,9.727599756172518,0.29329814090769196,0.512943379736992
26806,2-philip avenue_2022,13.651690502410949,9.727599756172518,0.34413510936678204,0.23688865310588142
26828,2-pilgrim avenue_2024,12.827584072462638,9.266345811501846,0.31069118296103865,0.021370025736192483
26905,2-plimpton avenue_2021,13.463076299091854,8.994765279359603,0.28085101348420294,0.8131056260733288
26928,2-plymouth avenue_2024,11.707766632260343,8.1467179959196,0.2391074023032238,0.02293497128249588
26942,2-polo place_2018,12.500011585732363,8.088001782035967,0.26370817005881864,0.7241612340891147
26985,2-popham avenue_2021,13.365363414210506,8.897064982426668,0.2966236703126191,0.9696039847711716
27011,2-post road_2017,13.928514512957024,9.599428244510843,0.25029720811036243,0.6438518888350678
27012,2-post road_2018,14.011674623899157,9.599428244510843,0.25170836171125155,0.7147129584745059
27028,2-powell avenue_2024,13.078121131373958,9.516862510664772,0.353566669980513,0.40826119541016564
27048,2-pratt avenue_2024,13.071855768080946,9.510597596813655,0.24549143619827632,0.6895406849658337
27071,2-prospect avenue_2017,15.565158580596782,11.236018452218941,0.36451741438593366,0.9893924836722141
27075,2-prospect avenue_2021,15.704439075343233,11.236018452218941,0.4178428677654296,1.0583456954395545
27102,2-pugsley avenue_2018,15.020927324254671,10.608638399416098,0.32001012119577793,0.06513209493778221
27103,2-pugsley avenue_2019,14.527215509003819,10.608638399416098,0.3099259643646595,0.25789274364102865
27136,2-purdy street_2022,13.069568200831158,9.14552360921792,0.2932181904207047,0.012027380212718455
27138,2-purdy street_2024,12.70675007094671,9.14552360921792,0.29690663641502174,1.3437782240168121
27143,2-puritan avenue_2019,11.523570076330905,7.60545671333354,0.2930249168622764,1.4184468841362994
27148,2-puritan avenue_2024,11.16630313746713,7.60545671333354,0.3559850508447947,0.07064483956933203
27153,2-putnam avenue west_2019,12.490478423933693,8.57206268049225,0.3015732371554976,0.9860406500622593
27196,2-quarry road_2022,12.37363055561269,8.449691131126412,0.38535911726637195,0.788639162019166
27208,2-quimby avenue_2024,12.699998304023541,9.138772544591818,0.19545334698325015,0.29005425659683665
27211,2-quincy avenue_2017,14.132238290899128,9.803139696602098,0.2280266133580711,0.376173603472765
27216,2-quincy avenue_2022,13.727234694818952,9.803139696602098,0.33254295848132337,0.008563230660487873
27231,2-radcliff avenue_2017,14.546981587552693,10.217864474138324,0.22964693430465008,0.14158636406187083
27235,2-radcliff avenue_2021,14.686262042336695,10.217864474138324,0.3022332233285876,0.31364217412131257
27282,2-randall avenue_2018,15.90714261185457,11.49483934364887,0.368560698254021,0.08305355513528564
27286,2-randall avenue_2022,15.418978547513934,11.49483934364887,0.41246382577568136,1.2531343281042806
27288,2-randall avenue_2024,15.056159583453836,11.49483934364887,0.37077053497934515,0.5809858136716152
27328,2-rawlins avenue_2024,12.29709988445072,8.735925906516457,0.3727519107018617,0.9874199863356754
27393,2-reservoir avenue_2019,14.017431242987017,10.098870231876198,0.36467854379925413,1.5673859952022309
27426,2-reservoir place_2022,10.210501249124219,6.2881751573754086,0.25327329276623906,1.608397371258853
27438,2-rev james a polite avenue_2024,13.234280396262314,9.67301143680851,0.3789945313408013,1.518987902845356
27441,2-revere avenue_2017,14.41187356781397,10.082761666646217,0.2384452635710052,0.2109090136458672
27446,2-revere avenue_2022,14.006869882997831,10.082761666646217,0.31306800607755186,0.006975613736425242
27448,2-revere avenue_2024,13.644051192139285,10.082761666646217,0.2909525805739402,0.20130685670503531
27453,2-review place_2019,11.600819831802047,7.682670201548494,0.26602057567060156,0.9280216547498538
27468,2-reville street_2024,11.063931655425002,7.503137358701306,0.3115332882739608,0.6575718150460252
27515,2-rhinelander avenue_2021,14.771809160333994,10.30340863281579,0.35082835775536575,0.567754011151883
27516,2-rhinelander avenue_2022,14.227524961147491,10.30340863281579,0.3812864831170849,0.11279282747512216
27518,2-rhinelander avenue_2024,13.864706198768825,10.30340863281579,0.35839759725017856,0.34330597619977804
27522,2-richardson avenue_2018,14.064991154398538,9.652741299177277,0.2556175110386649,0.7002220942319072
27531,2-rider avenue_2017,13.295806587525144,8.966779347482897,0.24082936842902167,0.7354880210494702
27628,2-river avenue_2024,14.050191122146487,10.488888042682994,0.3843236539486481,0.3236764326751569
27662,2-riverdale avenue_2018,15.05208501001866,10.639795336588268,0.35641230642395905,0.8835195755436108
27665,2-riverdale avenue_2021,15.108205329307292,10.639795336588268,0.3994176375841878,1.9371576719174117
27666,2-riverdale avenue_2022,14.563921050706723,10.639795336588268,0.41451398695256797,0.5983968440141345
27698,2-roberts avenue_2024,12.729550894456702,9.168322095796732,0.2845423524471132,0.5644043046672198
27722,2-robertson street_2018,10.500232947880221,6.090159706429738,0.2661226581533362,1.418955143359439
27783,2-rockwood street_2019,11.12378344209018,7.205909826236634,0.19806991376209376,1.2655663683309426
27812,2-roebling avenue_2018,12.718689453958602,8.30662003959276,0.24218909815163958,1.2928075180264267
27836,2-rohr place_2022,11.14362881398002,7.220197087478777,0.27406030423068234,0.7987226731085838
27848,2-rombouts avenue_2024,13.18716519997239,9.62589919161247,0.26765528210190664,0.15469338967648052
27881,2-rosedale avenue_2017,14.975818963675847,10.646689284940571,0.2606534000638616,0.1709235118415853
27882,2-rosedale avenue_2018,15.058979120880474,10.646689284940571,0.26161111676582943,1.7361410454650428
27886,2-rosedale avenue_2022,14.570815160313037,10.646689284940571,0.3372703743423319,0.004191204618468071
27965,2-ryer avenue_2021,13.885079325151331,9.416726085172604,0.31189428233012584,0.8738424156093159
27978,2-sacket avenue_2024,13.116923527685728,9.555662185361319,0.35339370448669777,0.24631305334085224
28006,2-sampson avenue_2022,13.111518780000669,9.187469891601289,0.32894736492739196,1.3232214321439295
28018,2-sands place_2024,11.399674727317807,7.838727642913664,0.2729184521461812,0.691395647521139
28033,2-saxon avenue_2019,11.857051107952703,7.938799396747657,0.20972053098206908,1.394708859720909
28068,2-schieffelin avenue_2024,13.456604704533436,9.895323550744976,0.32004397794186945,0.19367354513017876
28085,2-schley avenue_2021,13.848112537668284,9.379762326156078,0.35240786201243046,3.2022951215959647
28086,2-schley avenue_2022,13.30382876065107,9.379762326156078,0.3558216388009634,0.20839532896530152
28098,2-schofield street_2024,12.098266414665286,8.537126784297707,0.26589471826687366,0.4783437535207369
28145,2-scott place_2021,11.680316255368602,7.212611635380498,0.31070272344216143,0.6696738243743032
28203,2-sedgwick avenue_2019,15.460288721396036,11.541696923984553,0.30486169633525606,1.6200612840712314
28206,2-sedgwick avenue_2022,15.465836584765675,11.541696923984553,0.36224636371703706,0.000499875041651048
28209,2-sedgwick avenue_2025,15.097035546655437,11.541696923984553,0.0,0.19852293613196265
28253,2-seneca avenue_2019,12.71233173415777,8.793879069666529,0.33349160848307513,1.1510782285714116
28266,2-senger place_2022,10.698966770695849,6.775936569760279,0.2865049092787661,1.028010981484563
28282,2-seward avenue_2018,15.001591197659684,10.589302749255264,0.3178223350697659,0.7612730096075457
28283,2-seward avenue_2019,14.507879386142648,10.589302749255264,0.33180296743752935,0.10490040982536977
28286,2-seward avenue_2022,14.51342724781196,10.589302749255264,0.3842368074883105,0.3611648492115844
28288,2-seward avenue_2024,14.150608413400233,10.589302749255264,0.3252228275200014,0.7117235661328808
28295,2-sexton place_2021,13.46946383768135,9.001152037108444,0.3021779914929435,0.3552939908618007
28308,2-seymour avenue_2024,13.61295780011544,10.051669557060608,0.290264940870035,0.007174203748000358
28315,2-shakespeare avenue_2021,14.037074134447328,9.568709554712928,0.32047189527477177,0.7784529371390452
28318,2-shakespeare avenue_2024,13.129971788777258,9.568709554712928,0.3015631159541109,0.5489303297995364
28332,2-sheridan avenue_2018,14.422295516875774,10.010026592504087,0.23341851947023287,1.0648486585153005
28422,2-sherman avenue_2018,13.772071384778465,9.359843130416952,0.2802863704906519,0.34351877988917834
28426,2-sherman avenue_2022,13.283907899987435,9.359843130416952,0.2740901189323139,0.8276343662686974
28429,2-sherman avenue_2025,12.915107535189728,9.359843130416952,0.0,0.8114634073779876
28441,2-shore drive_2017,12.18384395896418,7.855073556249851,0.29573777328399764,1.051974805816753
28528,2-simpson street_2024,12.897152583208625,9.335908148353278,0.341386251423642,0.4891933236388768
28561,2-soundview avenue_2017,15.316531092697483,11.027870080894264,0.30167348025331014,0.5749828222093035
28563,2-soundview avenue_2019,14.900928431162946,11.027870080894264,0.3271372796851612,1.5584603576692329
28565,2-soundview avenue_2021,15.490653870090423,11.027870080894264,0.36844170063566684,0.18937992116140065
28655,2-southern boulevard_2021,16.540892582750907,12.072464569555368,0.38835102559651685,0.03912455468405003
28656,2-southern boulevard_2022,15.996608152958634,12.072464569555368,0.4093348803792152,0.03207989346341168
28681,2-spencer avenue_2017,13.183239336852193,8.85422709702427,0.23285657538252616,0.9046633956331758
28742,2-spofford avenue_2018,14.14513561728703,9.732880873781506,0.32909963426747224,0.038932210001787475
28743,2-spofford avenue_2019,13.651424069919864,9.732880873781506,0.33934980069847787,0.43178241642553783
28752,2-stadium avenue_2018,14.269438360085926,9.85717676904349,0.32080848703257986,1.288047373112843
28838,2-stell place_2024,10.80556762230803,7.244931240787831,0.26501327263906804,0.1335688919214152
28922,2-story avenue_2018,15.18200317837738,10.76971062316447,0.3514821973689136,0.8704980707004796
28925,2-story avenue_2021,15.238123499596727,10.76971062316447,0.39442018084039937,1.1726678784975206
28928,2-story avenue_2024,14.331020326462045,10.76971062316447,0.3665569897701934,0.3207782999409705
28932,2-strang avenue_2018,13.784616337391062,9.37238702250469,0.24611154657390402,0.5778485561964825
28938,2-strang avenue_2024,12.933634527332128,9.37238702250469,0.3303908799847625,0.5460383155217332
28942,2-stratford avenue_2018,13.882043443117592,9.46980632952919,0.2862626257975547,0.8058059986988831
28963,2-street anns avenue_2019,14.298155921234384,10.425110727052376,0.4465800999935393,0.09303486596718936
28965,2-street anns avenue_2021,14.887881235688715,10.425110727052376,0.48758290893277384,0.04142980976313955
28973,2-street anns place_2019,10.726793795456802,6.85475257982832,0.23482113391186743,1.5174541938179127
29001,2-street lawrence avenue_2017,14.454096264923955,10.124982658613153,0.23618235841234664,0.46931589280923763
29002,2-street lawrence avenue_2018,14.537256405000377,10.124982658613153,0.2535970850239572,0.39602064928016467
29023,2-street marys street_2019,12.829560438033468,8.95661239280602,0.29109884766916766,0.902070096234183
29052,2-street pauls place_2018,13.18420948738839,8.77204929766973,0.2506759266097512,0.4153494301821409
29055,2-street pauls place_2021,13.240329719920926,8.77204929766973,0.31424909983650273,0.7924946540606438
29072,2-street peters avenue_2018,13.452754217401166,9.04055796455459,0.2949488385189216,0.6581933512964167
29082,2-street raymond avenue_2018,14.079222898457097,9.666972146343332,0.22889241020220816,0.8623412814463992
29086,2-street raymond avenue_2022,13.591059239846109,9.666972146343332,0.2819289185079881,0.13802129789737466
29096,2-street theresa avenue_2022,12.752863933892023,8.828858310704923,0.3182398044945505,0.10741839676727034
29135,2-summit avenue_2021,13.186039454375607,8.717767580857476,0.30886033116152467,1.6603021147748247
29139,2-summit avenue_2025,12.272956653360207,8.717767580857476,0.0,0.02742059557599217
29146,2-summit place_2022,12.031668202456114,8.107814286330042,0.22455432041722756,0.17428938509669037
29208,2-sutherland street_2024,10.73630935489049,7.175722705865632,0.23955978864887156,0.6725362266558209
29221,2-swinton avenue_2017,14.1758466299829,9.846745708001608,0.23438774829585335,0.7544304089768439
29228,2-swinton avenue_2024,13.408024423676643,9.846745708001608,0.31363545427828804,0.36603103886275734
29273,2-taylor avenue_2019,14.571621920083103,10.653043758896963,0.26908923937516505,0.6947958208054698
29301,2-teller avenue_2017,13.99045248521253,9.661362200362161,0.21596676394118786,1.9271204371585071
29316,2-tenbroeck avenue_2022,14.077248657827342,10.153137657313659,0.3258241682182565,0.3832194991608447
29321,2-tenney place_2017,10.241706792341823,5.915219707981954,0.1343480525310786,1.2677360249957554
29353,2-thieriot avenue_2019,14.37414037024219,10.455567265434226,0.24004749034014022,0.3545927777344078
29476,2-throop avenue_2022,13.359722136339736,9.43565120368759,0.3118006322135293,0.013212331472134811
29492,2-tibbett avenue_2018,14.03910683230994,9.626858641413389,0.26433238161527767,0.5551486824026546
29495,2-tibbett avenue_2021,14.095227123805856,9.626858641413389,0.3309667854147057,1.4581265313140017
29501,2-tiebout avenue_2017,13.705333820813635,9.376264273928529,0.2275781483820755,0.8364680000041674
29508,2-tiebout avenue_2024,12.937512098519697,9.376264273928529,0.28624425768215345,1.3410616118401324
29512,2-tiemann avenue_2018,14.538781728720384,10.126507922006699,0.23341321795166584,0.2998823455330992
29518,2-tiemann avenue_2024,13.687799185671519,10.126507922006699,0.3049068754090755,0.26251809878823135
29528,2-tier street_2024,12.449059599498245,8.887863608726354,0.1977196369050763,0.6876319998718351
29542,2-tiffany street_2018,15.188538016234604,10.776245325723568,0.31662097592360355,1.1226217411284616
29575,2-tillotson avenue_2021,14.949652349633658,10.481246423643428,0.3348145487157109,0.36893942675871444
29578,2-tillotson avenue_2024,14.04254929557809,10.481246423643428,0.34702642429990316,0.17428938509669037
29602,2-tinton avenue_2018,14.538662049682081,10.126388247698369,0.26802457140239355,1.1415121229833305
29609,2-tinton avenue_2025,13.681697441851759,10.126388247698369,0.0,0.3410332479487755
29612,2-tomlinson avenue_2018,14.122584859134529,9.71033145170608,0.2661358206623738,0.7701545169207294
29643,2-townsend avenue_2019,13.197421334801305,9.278911535692407,0.27995137460394376,0.8601435712511539
29646,2-townsend avenue_2022,13.20296918897413,9.278911535692407,0.30907908097037645,0.5133624034179607
29676,2-trinity avenue_2022,13.371024711528735,9.446952899434546,0.31026395662794853,0.07176236622689076
29729,2-turnbull avenue_2025,13.173562314727148,9.618278857246603,0.0,0.7787742665273824
29736,2-turneur avenue_2022,12.233022562828767,8.309114802805713,0.32878974044919673,0.7352483565785808
29741,2-tyndall avenue_2017,13.3501677495474,9.021133848266432,0.24691113871940484,1.4603112576977868
29749,2-tyndall avenue_2025,12.576364526078395,9.021133848266432,0.0,1.0136352047369037
29766,2-undercliff avenue_2022,13.56422718092919,9.640141775974362,0.26359756369884013,0.5766695425012502
29772,2-underhill avenue_2018,14.56549858446741,10.153223735888458,0.2095490975121215,0.2902038899952903
29773,2-underhill avenue_2019,14.07178687953299,10.153223735888458,0.20497958068653857,0.7191559997409961
29776,2-underhill avenue_2022,14.077334739688947,10.153223735888458,0.25531784658612644,0.10616019582839063
29788,2-union avenue_2024,14.153464760900732,10.592159026964307,0.32433844680630686,0.36297505648721223
29802,2-unionport road_2018,14.594585527502018,10.182309575836708,0.25647288015353653,2.5419720037424565
29808,2-unionport road_2024,13.743602949116509,10.182309575836708,0.2956419209373263,0.02742059557599217
29809,2-unionport road_2025,13.737620883886297,10.182309575836708,0.0,0.5671303399764583
29823,2-university avenue_2019,15.394886017082714,11.476294863342142,0.32888806817558774,0.9384435365152884
29825,2-university avenue_2021,15.944718271536757,11.476294863342142,0.3818031750333891,0.32244575238807205
29881,2-valentine avenue_2017,15.067944713265312,10.738812969291088,0.2807337688922065,0.7933092074589263
29882,2-valentine avenue_2018,15.151104872670823,10.738812969291088,0.30179594943816795,0.6030583457782595
29995,2-van cortlandt park south_2021,14.287884577036245,9.819504673093501,0.43360239590400623,1.285644952969961
30012,2-van nest avenue_2018,14.692856200405316,10.280576750573841,0.27986252370854375,0.44922677754703333
30126,2-virgil place_2022,13.04819664122837,9.12415430888036,0.2876820724517809,0.2897549226127113
30133,2-virginia avenue_2019,13.13380174120453,9.215297953580386,0.30482327997579245,1.5440029896485936
30155,2-vyse avenue_2021,14.509820508350817,10.04142990491127,0.3099759669266539,0.8691571947400971
30205,2-wales avenue_2021,13.77321727362605,9.310506858500027,0.3092584078279658,0.6614500938166907
30215,2-wallace avenue_2021,14.882481924046354,10.414077925091323,0.2992994223676398,0.6781858154197851
30232,2-walton avenue_2018,15.627279526341987,11.214979506678928,0.2765216136351354,0.05420405401351211
30233,2-walton avenue_2019,15.133567624141461,11.214979506678928,0.3032704265935548,0.310128261281611
30256,2-waring avenue_2022,14.850321910993237,10.926190351717468,0.35217565626086866,0.19655313904067898
30258,2-waring avenue_2024,14.487503014330915,10.926190351717468,0.30298143880311146,0.1910334973959761
30271,2-washington avenue_2017,15.362020051736305,11.032882855242587,0.27925891199167263,0.9681618592840445
30272,2-washington avenue_2018,15.44518021695243,11.032882855242587,0.3040026700059233,0.5427311847769749
30273,2-washington avenue_2019,14.951468335582085,11.032882855242587,0.31006098155214135,0.20798930354253242
30275,2-washington avenue_2021,15.501300541391977,11.032882855242587,0.3332811568493134,0.04526013140486457
30305,2-waterbury avenue_2021,15.001848150459448,10.53344081389661,0.3768331550862003,0.30527638085273207
30308,2-waterbury avenue_2024,14.094745072237044,10.53344081389661,0.40606092886886447,0.2639015437863775
30348,2-waters avenue_2024,10.674913603489895,7.114374013010636,0.3115332882739608,0.6855685350363949
30358,2-waters place_2024,13.150619946929998,9.589356325295563,0.2936984206379266,1.0777971489541895
30373,2-watson avenue_2019,14.575198977837402,10.656620733956974,0.3417199229899891,0.9962472819900818
30441,2-webster avenue_2017,16.29159617433342,11.962449324533527,0.34903691586525915,0.8711678350521943
30443,2-webster avenue_2019,15.88104439273382,11.962449324533527,0.3749186225007528,0.1493678316508234
30462,2-weeks avenue_2018,13.265376441521779,8.853204314001982,0.20692355647027638,1.0001170419190104
30483,2-wellman avenue_2019,12.534796661160497,8.616372873556333,0.28745883325005017,0.5983968440141345
30496,2-wenner place_2022,11.441646572900884,7.518029998018625,0.3229356509036796,0.6450068052320104
30505,2-west 161 street_2021,11.320035948756463,6.852647372062276,0.23214402118273783,0.6212214409883564
30526,2-west 162 street_2022,11.705566773494901,7.781826676828426,0.2811904592152736,0.03401487858727765
30536,2-west 163 street_2022,10.776955756503412,6.853841646772754,0.18916086044419608,0.08406537511766754
30565,2-west 166 street_2021,13.322605384384337,8.85431285977749,0.29266961396282,0.7071487001957589
30566,2-west 166 street_2022,12.778322091406814,8.85431285977749,0.2980982237395978,0.017938145131012995
30588,2-west 168 street_2024,12.324941831540116,8.763763566231617,0.3310387828982174,0.47871556984775704
30603,2-west 170 street_2019,13.20361066616756,9.285100302375728,0.3538504459767419,1.0789536510049251
30628,2-west 172 street_2024,11.955671006393596,8.394560569869828,0.2818027541156177,0.2688814429880635
30631,2-west 174 street_2017,13.168013255376918,8.839003177245502,0.22607317009384834,1.8601343720339094
30655,2-west 176 street_2021,13.952307922190505,9.483949453457624,0.29356006647368577,0.419959554258617
30661,2-west 177 street_2017,11.598247701254904,7.269781880332673,0.26085483021863676,1.659446381787346
30676,2-west 179 street_2022,12.36356996973249,8.439632665988663,0.3152400165154388,0.6115574435199909
30686,2-west 180 street_2022,12.896051008567396,8.972026234237997,0.29735733797519925,0.396357089077437
30711,2-west 183 street_2017,13.206729846149887,8.877714335184667,0.31394481199884805,0.4197624128089888
30713,2-west 183 street_2019,12.79617895502653,8.877714335184667,0.35448504786569646,0.9939922395380071
30718,2-west 183 street_2024,12.438908957483692,8.877714335184667,0.42894214244796164,0.47933495667461984
30721,2-west 184 street_2017,12.132729832374071,7.803979497774121,0.20919044880692167,0.6807202855518177
30733,2-west 188 street_2019,10.767817394871143,6.850254754330134,0.20778816323101512,3.4380049290614156
30736,2-west 188 street_2022,10.773365142757314,6.850254754330134,0.14537277066280443,0.4499922301582419
30746,2-west 190 street_2022,12.35519380639126,8.431258284664565,0.33717227165155067,0.5131229828146742
30801,2-west 225 street_2017,11.613434706338229,7.284958529390698,0.553434256591208,2.2651947037754865
30849,2-west 231 street_2025,13.622242068845939,10.06693525559423,0.0,0.2488892677326255
30856,2-west 232 street_2022,13.641817659481974,9.717727493042888,0.3616289258689275,0.3207057388989621
30862,2-west 233 street_2018,13.017558137465077,8.60542571555484,0.21425308413896998,1.773985782239727
30873,2-west 234 street_2019,12.862262219421556,8.943788858512761,0.26066213639696056,0.9835380808226443
30915,2-west 237 street_2021,13.505297985594414,9.036981895772703,0.3838869328564832,0.03469123978993036
30923,2-west 238 street_2019,13.811414912323755,9.8928631227613,0.31849308492897244,1.0142156720293598
30933,2-west 239 street_2019,13.134575615014551,9.216071751944918,0.33249608824157356,0.18681146206680668
30943,2-west 240 street_2019,12.561434893125284,8.643006439187092,0.30274660191317676,1.1815431293597514
30951,2-west 242 street_2017,12.896632901202468,8.567667423424314,0.252156484690365,0.8391504746797883
31035,2-west 252 street_2021,13.059727083117954,8.591476990297979,0.341812637838993,0.333754260554164
31042,2-west 253 street_2018,12.4711066816746,8.05910577793442,0.2543437202880363,2.2421660750396883
31051,2-west 254 street_2017,13.61019427021695,9.281133067077054,0.2666433874332599,0.4480136113541204
31055,2-west 254 street_2021,13.749474627916294,9.281133067077054,0.30638002777083206,0.7943038725196834
31061,2-west 255 street_2017,12.19808998611862,7.869314170522493,0.2167966549262851,0.26013100336449035
31069,2-west 255 street_2025,11.424290789329191,7.869314170522493,0.0,0.2869067719840292
31071,2-west 256 street_2017,13.68725431094662,9.35818628915628,0.2668789448220177,0.08507617235511927
31101,2-west 260 street_2017,13.205666193212537,8.876650828710028,0.26349484683777713,0.3317468036138815
31111,2-west 261 street_2017,13.350733385018138,9.021699416311744,0.25603687059253943,0.36817852332214773
31121,2-west 262 street_2017,12.333288711955158,8.004465188004863,0.25276580734555304,0.8247454559166921
31131,2-west 263 street_2017,12.596403916593436,8.267504145558497,0.24083627085538142,1.809288271512349
31211,2-west kingsbridge road_2017,14.3763919336727,10.047281522145784,0.4691607496126761,1.0870456522966443
31213,2-west kingsbridge road_2019,13.965840399112652,10.047281522145784,0.4675359292389619,0.6293550474721659
31223,2-west mosholu parkway north_2019,12.359524537363436,8.441134756270177,0.303332768401238,2.2550950832574226
31273,2-westchester avenue_2019,16.235246204681488,12.316649271546723,0.3754390486575606,0.5338583228765634
31276,2-westchester avenue_2022,16.240794068627117,12.316649271546723,0.4110439231352034,0.3754181867558677
31278,2-westchester avenue_2024,15.877975055255304,12.316649271546723,0.3963667174226155,0.08434114843375087
31302,2-westervelt avenue_2018,13.807259846864175,9.395028651095767,0.2730355854550017,0.3616525351515112
31321,2-wheeler avenue_2017,13.863267048196832,9.534185288621558,0.22965823233540347,0.817221495661872
31332,2-white plains road_2018,17.028776517405735,12.616466466852165,0.33084831597757086,0.12035749666373409
31333,2-white plains road_2019,16.535064536594366,12.616466466852165,0.34421670901669066,0.33511417201164184
31335,2-white plains road_2021,17.084896850346333,12.616466466852165,0.3571657055990041,0.3036538419614796
31336,2-white plains road_2022,16.54061240066747,12.616466466852165,0.37701350857032445,0.3144457097209958
31338,2-white plains road_2024,16.177793377273844,12.616466466852165,0.3854546048011335,0.07964262765219669
31341,2-whitehall place_2017,11.395751145785455,7.067439533903528,0.22392755762641842,0.6797072681932431
31392,2-wickham avenue_2018,14.75396734365949,10.341685885560205,0.2544044559873729,0.17386926997897073
31396,2-wickham avenue_2022,14.26580344781715,10.341685885560205,0.307436640154055,0.3650596934731255
31398,2-wickham avenue_2024,13.902984674559503,10.341685885560205,0.27291845214618127,0.20310409597648313
31411,2-wilcox avenue_2017,13.851184337309016,9.522103445464554,0.22835868699331788,0.45748813617531625
31416,2-wilcox avenue_2022,13.446180859278261,9.522103445464554,0.2991120365375865,0.024107075343233128
31425,2-wilder avenue_2021,14.456286321808596,9.987898086259968,0.31802343364045904,0.8247454559166921
31428,2-wilder avenue_2024,13.549183570839881,9.987898086259968,0.3046224107341138,0.2559591802558328
31458,2-wilkinson avenue_2024,12.816449864696422,9.255212632328002,0.28356219154966306,0.664284635874844
31478,2-william avenue_2024,11.709178694236085,8.14812966074071,0.21668596429831127,0.6709015716126255
31491,2-williamsbridge road_2017,15.466814338083648,11.13767555487381,0.3914875209530008,0.3363293692733022
31492,2-williamsbridge road_2018,15.54997450499069,11.13767555487381,0.4017883332548535,0.43728672043112043
31498,2-williamsbridge road_2024,14.698991547725749,11.13767555487381,0.43008125933060476,0.6856692907039864
31622,2-woodhull avenue_2018,13.872936306789576,9.460699890433025,0.2541754879621391,1.2341915829099326
31638,2-woodmansten place_2024,10.1718459676897,6.611822885861123,0.2859564464843111,0.5921106363821734
31646,2-woodycrest avenue_2022,13.340975945550015,9.416906493612585,0.296005218012339,0.554114971864388
31648,2-woodycrest avenue_2024,12.978157596469917,9.416906493612585,0.3118488950305651,0.2666627052277055
31655,2-worthen street_2021,13.618468485402206,9.150139815784293,0.3125083212845002,0.23214293511101042
31683,2-wythe place_2019,11.931444062217187,8.013167290463254,0.22266724742332838,0.7292380007042989
31726,2-yates avenue_2022,14.329343536086084,10.405224027037315,0.3058072555625202,0.8165145945102293
31735,2-young avenue_2021,13.994359503296035,9.525997938223195,0.3343733063047104,0.11662681193171963
31752,2-zerega avenue_2018,15.458948867625427,11.046651287599381,0.47260986995274495,0.31100789775527765
31753,2-zerega avenue_2019,14.965236984544154,11.046651287599381,0.4944787070840727,0.4197624128089888
31762,2-zulette avenue_2018,13.635668071249164,9.223452249182698,0.22595767417856558,0.5586438872214662
31783,3-1 court_2019,11.049573857556862,7.322599342528401,0.2957886599847694,0.6330786540938258
31805,3-1 place_2021,12.830570368167033,8.390852943279008,0.3051653319961688,0.8336479803475113
31808,3-1 place_2024,12.033990861596017,8.390852943279008,0.17655785207720454,0.03304785404620035
31811,3-1 street_2017,14.099760859758504,9.865415731150991,0.22235892985379188,0.5592728720036174
31818,3-1 street_2024,13.508724087373905,9.865415731150991,0.303697341287941,0.40912506893965145
31822,3-10 avenue_2018,15.390957914612862,11.001848006912162,0.31545671626971145,0.08028883122880298
31825,3-10 avenue_2021,15.441773239192297,11.001848006912162,0.3673696064158203,0.13400627984773386
31828,3-10 avenue_2024,14.645190710909768,11.001848006912162,0.3496183262454427,0.004788516731797177
31841,3-10 street_2017,14.12830877487564,9.89396220562499,0.2704317408317455,0.6779827800401728
31842,3-10 street_2018,14.283038724146415,9.89396220562499,0.2795475880326305,0.11724956005023976
31883,3-11 avenue_2019,14.791550265729569,10.955561830708978,0.3455501695438332,0.04037389413827326
31885,3-11 avenue_2021,15.395486282525313,10.955561830708978,0.37745404168199587,0.44250395554315075
31888,3-11 avenue_2024,14.598903765590292,10.955561830708978,0.3877864435143264,0.005087039048557106
31893,3-11 street_2019,13.637949055456058,9.80199768461617,0.3112396111404883,0.78294217967616
31901,3-12 avenue_2017,15.293463819082648,11.059083016931973,0.29783201488711236,0.13400627984773386
31902,3-12 avenue_2018,15.448193840502352,11.059083016931973,0.32477776006512865,0.20122508721318713
31903,3-12 avenue_2019,14.895073132057076,11.059083016931973,0.32385616062618433,0.1806534996932576
31905,3-12 avenue_2021,15.499009165652081,11.059083016931973,0.3533568641318137,0.002596625847265978
31908,3-12 avenue_2024,14.702426624045039,11.059083016931973,0.38522256623681983,0.006876303939432157
31915,3-12 street_2021,14.373783602923945,9.933889828044675,0.4112020450284615,0.13023847692372928
31918,3-12 street_2024,13.577201532021348,9.933889828044675,0.3854969498711151,0.19276681465549328
31931,3-13 avenue_2017,15.298851198082945,11.06447031256969,0.30262181971121765,0.1844027229977792
31932,3-13 avenue_2018,15.453581219678341,11.06447031256969,0.32734681103131935,0.19835893449157868
31935,3-13 avenue_2021,15.504396544880088,11.06447031256969,0.3790660595408247,0.20465366200036506
31938,3-13 avenue_2024,14.70781400205769,11.06447031256969,0.3781039743658149,0.00707491367196188
31939,3-13 avenue_2025,14.574805817089475,11.06447031256969,0.0,0.27140023987749806
31943,3-13 street_2019,13.749499048304887,9.913541962084581,0.31294173921101875,0.7616932855949595
31951,3-14 avenue_2017,15.494006218190316,11.259622596682817,0.3207215395330022,0.16991153671727313
31953,3-14 avenue_2019,15.095615510878275,11.259622596682817,0.34903152155345435,0.32750356663845254
31958,3-14 avenue_2024,14.902968989750166,11.259622596682817,0.401357064782658,0.003792798238696237
31965,3-14 street_2021,14.331147909009527,9.8912562218721,0.40693536110438594,0.4578045217887379
31972,3-15 avenue_2018,15.612691433384654,11.223578251472887,0.3086447901839802,0.40165786976521034
31973,3-15 avenue_2019,15.059570703045921,11.223578251472887,0.3177623291677655,0.16703869992943715
31975,3-15 avenue_2021,15.663506760002871,11.223578251472887,0.3568438794400165,0.0021975835434872217
31976,3-15 avenue_2022,15.08933479650042,11.223578251472887,0.35400265306156653,0.002596625847265978
31978,3-15 avenue_2024,14.866924184085597,11.223578251472887,0.3336476569380971,0.005286004429237355
31982,3-15 street_2018,14.385344324544485,9.996262958082719,0.3591865278357411,0.18880052289166377
31992,3-16 avenue_2018,15.518543154763956,11.129431274982409,0.318545916369984,0.26144076124655385
31996,3-16 avenue_2022,14.99518652913353,11.129431274982409,0.3880751811264061,0.002796087302001274
31998,3-16 avenue_2024,14.772775923598068,11.129431274982409,0.3365154471645922,0.005882663158155495
32011,3-17 avenue_2017,15.291248700833977,11.128325808905103,0.2976906427272304,0.09358141362153052
32012,3-17 avenue_2018,15.535518230805291,11.128325808905103,0.3153143654410253,0.3028415842096035
32013,3-17 avenue_2019,14.855930754272443,11.128325808905103,0.3352083923714333,0.09412766272469822
32016,3-17 avenue_2022,14.933639712184343,11.128325808905103,0.3671399937864964,0.13793418608931401
32018,3-17 avenue_2024,14.523490920511179,11.128325808905103,0.3663091012479332,0.00608147031586796
32043,3-17 street_2019,13.792573066447217,9.956613938371829,0.27988844297313903,0.8453960530976072
32053,3-18 avenue_2019,15.064872062551009,11.337264413843878,0.3977177389072341,0.5718266453233896
32056,3-18 avenue_2022,15.142581025443725,11.337264413843878,0.4663850934231002,0.002097798082146129
32058,3-18 avenue_2024,14.732432202517701,11.337264413843878,0.43208325562925354,0.004788516731797177
32061,3-18 street_2017,14.342144669610395,10.107788523030523,0.20539940994197897,0.47697924298216077
32063,3-18 street_2019,13.943754159994565,10.107788523030523,0.22386210915733,0.11511280710050457
32072,3-19 avenue_2018,15.348715870600481,10.941526429136859,0.3730680094109141,0.47150250536947147
32073,3-19 avenue_2019,14.669128429854915,10.941526429136859,0.37729423114146804,0.29222175249381277
32075,3-19 avenue_2021,15.31310638440418,10.941526429136859,0.4011865617759765,0.002995508979798479
32078,3-19 avenue_2024,14.336688624710908,10.941526429136859,0.41005227211507045,0.004987541511039074
32092,3-19 street_2018,14.623851720756807,10.23476080446266,0.276638141178379,0.3828104175433582
32093,3-19 street_2019,14.070731197121049,10.23476080446266,0.28409643661975054,0.48992879805300543
32102,3-2 avenue_2018,15.351414071824175,10.962304828215055,0.4679862861982333,0.020880477579355235
32103,3-2 avenue_2019,14.798293378046363,10.962304828215055,0.47834031629084706,0.21744735876932877
32106,3-2 avenue_2022,14.828057468977212,10.962304828215055,0.5142420730449886,0.22442273281259
32111,3-2 place_2017,12.599566414853232,8.36539953480737,0.2236662904792758,1.0260774374848614
32118,3-2 place_2024,12.00853175454519,8.36539953480737,0.18519099922190746,0.03391821820346067
32121,3-2 street_2017,14.273310508906231,10.038957224797896,0.1455567868158526,0.26735180597853014
32128,3-2 street_2024,13.682273639895573,10.038957224797896,0.2144357978955402,0.19392069263730652
32132,3-20 avenue_2018,15.31764279181867,10.910453902404903,0.3403661031988773,0.3924474110268609
32133,3-20 avenue_2019,14.638055357701797,10.910453902404903,0.34519990347040175,0.1029175340066863
32135,3-20 avenue_2021,15.28203330586932,10.910453902404903,0.3794702781376504,0.2326185216767279
32138,3-20 avenue_2024,14.305615557858415,10.910453902404903,0.3907625248215357,0.006379606964039027
32162,3-20 street_2018,14.573179957512467,10.18409088407332,0.29481840227302536,1.1635569773084917
32172,3-21 avenue_2018,15.20987345695781,10.802686620740815,0.3236933186852726,0.24490504309572247
32178,3-21 avenue_2024,14.197846267365415,10.802686620740815,0.3638532190171825,0.007273483966498386
32203,3-21 street_2019,13.471174376082566,9.63523283217156,0.15928696814671303,1.135490516754544
32211,3-22 street_2017,13.587161139351712,9.35285028681261,0.17825860587268227,0.6154558728440737
32221,3-23 avenue_2017,14.384946252203843,10.22204469320856,0.29832781924829543,0.43651147651348987
32222,3-23 avenue_2018,14.62921570908844,10.22204469320856,0.34192070230726684,0.4091914898489782
32228,3-23 avenue_2024,13.61718886136324,10.22204469320856,0.3516816552847417,0.012718772407774689
32238,3-23 street_2024,12.925270073184713,9.282001787588165,0.2749577827874069,0.6555491501446269
32246,3-24 avenue_2022,13.998050070106428,10.192758411365903,0.35354949743940584,0.009257021262676763
32248,3-24 avenue_2024,13.587901535128877,10.192758411365903,0.33301800175312535,0.015578029963318415
32258,3-24 street_2024,12.606496150885091,8.963261898040262,0.24477971350283134,0.6666491892537171
32268,3-25 avenue_2024,13.195529980753186,9.800404243247211,0.39669109661426766,0.011038847115216341
32281,3-26 avenue_2017,13.115273173410682,8.95246323184598,0.46231483233306725,1.8174109715302025
32288,3-26 avenue_2024,12.347517455351579,8.95246323184598,0.5059863471252415,1.687879338740663
32292,3-26 street_2018,13.134524928115173,8.745555760300798,0.1723189303763663,1.7591674046273955
32318,3-27 avenue_2024,12.872055755123052,9.476950477042099,0.3495229928167037,0.8473264314076195
32332,3-27 street_2018,13.123359612243291,8.734392209356095,0.1837108844566485,1.0426766563378065
32348,3-28 avenue_2024,12.507000146681307,9.111927484596682,0.27488502111822216,0.044208254664320365
32352,3-28 street_2018,13.128854028986181,8.739885755121577,0.19495189491084322,1.1191009550954254
32372,3-3 avenue_2018,16.730055777811067,12.340933720989321,0.37819331329348643,0.17311261770864478
32373,3-3 avenue_2019,16.176934965083333,12.340933720989321,0.3811553535992768,0.3285840637722067
32376,3-3 avenue_2022,16.206699064224807,12.340933720989321,0.4257055728249587,0.9040561942058125
32382,3-3 place_2018,12.298026690247818,7.909263150337696,0.2695611289240182,1.3661171636810732
32388,3-3 place_2024,11.552264310820117,7.909263150337696,0.11086259281180967,0.05297188476610572
32392,3-3 street_2018,14.732393202712071,10.343298639583237,0.17940259026811936,0.437222139721356
32395,3-3 street_2021,14.783208517736675,10.343298639583237,0.2162522810527371,0.021370025736192483
32438,3-32 street_2024,12.622642059451202,8.979405809725744,0.22294648756344887,0.9699831460709291
32448,3-33 street_2024,12.667909845563718,9.024668166123293,0.18519099922190743,0.9421144118836132
32458,3-34 street_2024,12.667768140371656,9.024526477547695,0.26008808746047635,0.9421923693968082
32461,3-35 street_2017,13.263881899172057,9.029603662569224,0.17658618670921042,0.21961734153765153
32473,3-36 street_2019,13.946086697855634,10.110120967975481,0.28923125943861033,0.5388881615308743
32478,3-36 street_2024,13.753440304111136,10.110120967975481,0.34708891453582413,0.22999999211069616
32492,3-38 street_2018,14.239718600428889,9.850644288960739,0.24902634051162287,0.8480975405577679
32495,3-38 street_2021,14.290533902842869,9.850644288960739,0.30823146624194225,0.37397444101679356
32496,3-38 street_2022,13.716362299493115,9.850644288960739,0.3198411978932604,0.00876150566857275
32502,3-39 street_2018,15.353250083513561,10.964140808486023,0.35726807785918013,0.1759680828217793
32505,3-39 street_2021,15.404065407699045,10.964140808486023,0.39468622093084277,0.11698271548561433
32506,3-39 street_2022,14.82989348039506,10.964140808486023,0.43068076582932846,0.002895803112025565
32515,3-4 avenue_2021,16.798686635433384,12.358749170227265,0.40260356662998575,1.0102909631613453
32532,3-4 street_2018,14.318601754259786,9.929523494002025,0.15495518509993386,0.3164152912746534
32535,3-4 street_2021,14.369417059132681,9.929523494002025,0.19330205927739874,0.008166562666393417
32536,3-4 street_2022,13.795245419194925,9.929523494002025,0.20307011812265408,0.3090276264711589
32538,3-4 street_2024,13.572834991279805,9.929523494002025,0.19353169726756525,0.0038924147153438387
32546,3-40 street_2022,14.42483503588461,10.559090828032135,0.3160980174260756,0.004290781417156275
32553,3-41 street_2019,14.462752432390527,10.626770648033867,0.23194194101937565,0.17898265552844
32555,3-41 street_2021,15.066688382686428,10.626770648033867,0.3013405102765285,0.16033153890233942
32556,3-41 street_2022,14.492516518945438,10.626770648033867,0.29861372374333234,0.004091617903253565
32565,3-42 street_2021,14.979658922580015,10.539743367641648,0.29173451556324786,0.3752120649371435
32566,3-42 street_2022,14.40548707902237,10.539743367641648,0.28957104352453955,0.004390348301292895
32572,3-43 street_2018,15.016596861881126,10.627494429808657,0.2268790204822206,0.11180967505200559
32576,3-43 street_2022,14.49324031790403,10.627494429808657,0.2961448216785215,0.003992021269537453
32579,3-43 street_2025,14.137821609256523,10.627494429808657,0.0,0.3477653713087881
32586,3-44 street_2022,14.557691863573195,10.691944494128593,0.3062191305249571,0.003792798238696237
32589,3-44 street_2025,14.20227314139933,10.691944494128593,0.0,0.24553107019183898
32596,3-45 street_2022,14.51730016958072,10.651553717298288,0.3256900272399833,0.003992021269537453
32605,3-46 street_2021,15.083814221219562,10.643896079527186,0.30337399881155397,0.2145467040886915
32606,3-46 street_2022,14.509642353709541,10.643896079527186,0.3208427080056585,0.3476241084183145
32608,3-46 street_2024,14.287231796030534,10.643896079527186,0.28889606880224533,0.05789147841577759
32611,3-47 street_2017,14.945274561323352,10.782357647333729,0.22832153229974694,0.5666197740881866
32616,3-47 street_2022,14.587665613299702,10.782357647333729,0.3215048395114309,0.00349388925425578
32618,3-47 street_2024,14.17751689014088,10.782357647333729,0.325415558594036,0.09875877202326386
32622,3-48 street_2018,15.147660707137343,10.75855533438333,0.2432338109951767,0.31590503139552084
32626,3-48 street_2022,14.624304137744856,10.75855533438333,0.3170819392713423,0.45622159177194993
32628,3-48 street_2024,14.40189356658719,10.75855533438333,0.29647946853155055,0.284351532355325
32645,3-49 street_2021,15.19400202356188,10.754081423270172,0.31296660402034804,0.33511417201164184
32651,3-5 avenue_2017,16.088988920514673,11.854599605713771,0.3355711755402302,0.432755968344068
32656,3-5 avenue_2022,15.720362269646774,11.854599605713771,0.39662797120826154,0.06905953593149465
32658,3-5 avenue_2024,15.497951624623088,11.854599605713771,0.36324461085759885,0.0018981972830802527
32666,3-5 street_2022,13.81595335341114,9.950230450717466,0.25500694893292636,0.007968169649176874
32668,3-5 street_2024,13.593542920286533,9.950230450717466,0.2577721113825084,0.45311176157551747
32673,3-50 street_2019,14.621021686677443,10.785036428076134,0.2826942514237082,0.22856880795927434
32676,3-50 street_2022,14.650785775479513,10.785036428076134,0.347305394625555,0.1886349188505467
32683,3-51 street_2019,14.639176860618466,10.803191237508548,0.30785611055321,0.3763108906778131
32688,3-51 street_2024,14.446530373655484,10.803191237508548,0.3204623060300686,0.3804891220379873
32691,3-52 street_2017,15.141499056911375,10.907120801132528,0.29524238265836605,0.32157612409933717
32698,3-52 street_2024,14.550461892042176,10.907120801132528,0.35615162034630415,0.47175209977985244
32702,3-53 street_2018,15.27644622812121,10.869258097566487,0.2852278172927295,0.1755486725065259
32703,3-53 street_2019,14.59685880311628,10.869258097566487,0.2889446918280931,0.20855769298579135
32706,3-53 street_2022,14.674567753216428,10.869258097566487,0.3731364670860434,0.08746127576999452
32715,3-54 street_2021,15.143866701791978,10.77228997059508,0.31304603081042504,0.26290258108755804
32719,3-54 street_2025,14.372590997707709,10.77228997059508,0.0,0.00349388925425578
32723,3-55 street_2019,14.474287999126908,10.63830594255395,0.23182240447947458,0.4665602074679753
32728,3-55 street_2024,14.28164152887637,10.63830594255395,0.27437554114068174,0.31313049690536837
32732,3-56 drive_2018,13.412883241405622,9.005797516382495,0.2965896503428936,0.8161167429036288
32735,3-56 drive_2021,13.37727380160735,9.005797516382495,0.3192559552587102,0.020390689647734026
32736,3-56 drive_2022,12.811005809766513,9.005797516382495,0.3249740342074686,0.05278218543896945
32742,3-56 street_2018,14.994381633905263,10.605279739603784,0.25709817363714094,0.4343764516025845
32761,3-58 street_2017,15.01399626870935,10.851077997259853,0.25473992710393356,0.09111959336748389
32762,3-58 street_2018,15.258265782851016,10.851077997259853,0.2663514297428838,0.25742902928076006
32768,3-58 street_2024,14.246238572743431,10.851077997259853,0.27962165716879606,0.26221040647811145
32769,3-58 street_2025,14.451380569977864,10.851077997259853,0.0,0.003194890896519197
32771,3-59 street_2017,15.077108064895306,10.842731010388869,0.24056534390888665,0.49011258216844905
32772,3-59 street_2018,15.231838078416633,10.842731010388869,0.2596419716417598,0.03382154847551067
32776,3-59 street_2022,14.708481494372458,10.842731010388869,0.32822167416176296,0.09312597798948373
32778,3-59 street_2024,14.486070914258336,10.842731010388869,0.307013710843723,0.004688989486131542
32781,3-6 avenue_2017,15.728790148783382,11.494403870511693,0.30017154633201437,0.1344434765494907
32783,3-6 avenue_2019,15.330399422354844,11.494403870511693,0.3117469310528042,0.25309062768216184
32786,3-6 avenue_2022,15.360163517814595,11.494403870511693,0.37086093696346967,0.008166562666393417
32788,3-6 avenue_2024,15.137752888867105,11.494403870511693,0.3553686724182484,0.2339647899457931
32792,3-6 street_2018,14.546274772603745,10.157186716285938,0.20381260762961767,0.2410620518165547
32796,3-6 street_2022,14.022918352872862,10.157186716285938,0.2589972579195867,0.46234941030887594
32801,3-60 street_2017,15.828239742420463,11.593852513779321,0.40520964763928247,0.1573455707237775
32808,3-60 street_2024,15.237202471244663,11.593852513779321,0.43477701889783216,0.2708664795232191
32809,3-60 street_2025,15.104194262319178,11.593852513779321,0.0,0.001998002662673056
32812,3-61 street_2018,15.19723634507457,10.808129956674069,0.297187805810909,0.34089103078292393
32816,3-61 street_2022,14.673879766904186,10.808129956674069,0.3647111940590524,0.1472123796803867
32822,3-62 street_2018,15.215567318160499,10.826460566785633,0.28769615685963745,0.3113009380504149
32825,3-62 street_2021,15.26638264077455,10.826460566785633,0.3523190746264799,0.20530539318432994
32826,3-62 street_2022,14.692210736853049,10.826460566785633,0.3619479410224221,0.004888034072775962
32831,3-63 street_2017,14.943818918179916,10.78090203396456,0.2190882809856692,0.2809595266909542
32832,3-63 street_2018,15.188088427568937,10.78090203396456,0.24177454526387634,0.535381641661878
32833,3-63 street_2019,14.508501023420333,10.78090203396456,0.27374823657188185,0.11359650658254057
32836,3-63 street_2022,14.586209970358611,10.78090203396456,0.305292059871853,0.005186526687300061
32841,3-64 street_2017,15.105983513150376,10.871605910370578,0.23485873148183836,0.10804690408313378
32842,3-64 street_2018,15.260713527827221,10.871605910370578,0.2587261791909085,0.21373947123891585
32843,3-64 street_2019,14.707592849145708,10.871605910370578,0.2819810982135505,0.18531706577375312
32846,3-64 street_2022,14.737356939034521,10.871605910370578,0.31221525897565294,0.004688989486131542
32851,3-65 street_2017,15.917424148650172,11.683036144508021,0.3325937320954587,0.3251945967115522
32853,3-65 street_2019,15.519033409803322,11.683036144508021,0.3729158894126143,0.3555743384946994
32856,3-65 street_2022,15.548797506371328,11.683036144508021,0.4153201655672852,0.002097798082146129
32858,3-65 street_2024,15.326386868286615,11.683036144508021,0.38559616561583315,0.5608721412501264
32868,3-66 street_2024,14.170777085238086,10.775617978130843,0.3282918428625808,0.3457151037023904
32871,3-67 street_2017,15.203245310274026,10.968865972983782,0.25061050192111145,0.41686653083260683
32876,3-67 street_2022,14.834618724791401,10.968865972983782,0.34140747180794395,0.08268536661860784
32882,3-68 street_2018,14.918306512348915,10.511126479337577,0.2800606736565565,1.3702666000426933
32883,3-68 street_2019,14.23871918457505,10.511126479337577,0.3114170513879507,0.2793726445806401
32892,3-7 avenue_2018,16.31624307339269,11.927123228302952,0.33863087320164215,0.206526245490772
32896,3-7 avenue_2022,15.792886378921414,11.927123228302952,0.40672542583369137,0.10093071857844059
32898,3-7 avenue_2024,15.570475731304096,11.927123228302952,0.3665899555352494,0.1354919694371567
32911,3-70 street_2017,14.768261444617478,10.53389136046221,0.23422416857043935,0.7773504518420197
32912,3-70 street_2018,14.922991443448305,10.53389136046221,0.25643950941590027,0.4057317392255952
32923,3-71 street_2019,14.522025230639917,10.686042080360913,0.2782628505352893,0.7835818580311534
32928,3-71 street_2024,14.329378755264374,10.686042080360913,0.3144750848901674,0.28600566807083644
32941,3-72 street_2017,15.11121869467069,10.87684099417197,0.2499700246120333,0.38267401980734916
32942,3-72 street_2018,15.265948709553484,10.87684099417197,0.2743452922150931,0.25541711186450544
32943,3-72 street_2019,14.71282802996289,10.87684099417197,0.27865054694242763,0.5797544932048547
32965,3-73 street_2021,15.142464800294286,10.770888098148001,0.31301365342043663,0.08645288773019902
32968,3-73 street_2024,14.166047109473816,10.770888098148001,0.30669066379817284,0.27725287696124173
32971,3-74 street_2017,14.915809732780566,10.752893429997128,0.22466348890941057,0.05609673935187014
32973,3-74 street_2019,14.48049184303444,10.752893429997128,0.26314174856823236,0.6093306944668347
32981,3-76 street_2017,15.017193267346,10.782817402252215,0.2324594999243408,0.46429989382905695
32983,3-76 street_2019,14.61880261584479,10.782817402252215,0.2836040009684021,0.3652679183567513
32992,3-77 street_2018,15.213252746882738,10.824146040972867,0.26885658329476164,0.19152903754486778
32996,3-77 street_2022,14.689896165968227,10.824146040972867,0.3353954453548336,0.4343764516025845
33002,3-78 street_2018,15.245228323652332,10.856120998867787,0.26119772630194055,0.6173994031216706
33008,3-78 street_2024,14.499461155918482,10.856120998867787,0.30180599651878776,0.4223222251745873
33012,3-79 street_2018,15.268114076104492,10.879006320369099,0.2526028993108407,0.624386424989153
33016,3-79 street_2022,14.744757486116697,10.879006320369099,0.32199489970508216,0.3658923329883412
33023,3-8 avenue_2019,15.11649528165803,11.280502107007266,0.31499840325357314,0.40306222349185405
33025,3-8 avenue_2021,15.720431345844963,11.280502107007266,0.34991940207958316,0.1030077500742291
33028,3-8 avenue_2024,14.923848759309465,11.280502107007266,0.35251337306408914,0.057608312620313365
33046,3-8 street_2022,13.668607411813923,9.802891925658603,0.3406090762519391,0.5985067764058244
33051,3-80 street_2017,15.088102718740226,10.853725453604016,0.2307869006267778,0.36158288029131513
33065,3-81 street_2021,15.230617828219698,10.8590393763144,0.31949096801268984,0.22162239494227096
33072,3-82 street_2018,15.258994566720963,10.869886981529708,0.2582303879832155,0.20628219423879804
33075,3-82 street_2021,15.309809889854217,10.869886981529708,0.3236780756537342,0.1973743594202472
33076,3-82 street_2022,14.735637978207123,10.869886981529708,0.3242625472527237,0.3289439702004214
33082,3-83 street_2018,15.28839743964917,10.8992893101247,0.2646638934822693,0.46492827137895315
33085,3-83 street_2021,15.33921276312137,10.8992893101247,0.32341332791663396,0.3532591166375631
33092,3-84 street_2018,15.255026385710424,10.865918875215193,0.26613783259752827,0.5675839575845996
33095,3-84 street_2021,15.305841708797166,10.865918875215193,0.32787951520487724,0.003194890896519197
33098,3-84 street_2024,14.509259215390395,10.865918875215193,0.3180195881822157,0.3864861415103616
33115,3-85 street_2021,15.293902576559587,10.922322960291659,0.32759964591765733,0.20936911789237
33116,3-85 street_2022,14.727633577800026,10.922322960291659,0.3358809717640182,0.40673097322939805
33118,3-85 street_2024,14.317484824043362,10.922322960291659,0.32019376983840797,0.2735324368473388
33121,3-86 street_2017,16.06367968452155,11.900749010585104,0.3557335035192083,0.539646289574184
33123,3-86 street_2019,15.628361670859542,11.900749010585104,0.38872890423353895,0.2993635772256188
33136,3-87 street_2022,13.08814952368563,9.222476631750224,0.3185596390140672,0.029655884907510657
33146,3-88 street_2022,13.416783845970595,9.551083861794405,0.29045327822755984,0.022446188829830054
33148,3-88 street_2024,13.194373534989165,9.551083861794405,0.3153140111138669,1.0992787332112701
33156,3-89 street_2022,12.77904775785466,8.913409898941685,0.323230781669831,0.04018178963283183
33162,3-9 avenue_2018,14.983754651303709,10.594653018507895,0.288888847581431,0.3088073540667292
33168,3-9 avenue_2024,14.237987562835828,10.594653018507895,0.3288429258090525,0.005982071677547464
33172,3-9 street_2018,14.941310642213072,10.552210082027685,0.45352842647667774,0.47075334813628145
33192,3-90 street_2018,13.608139908655863,9.21911143806958,0.23595626546828227,0.6148071891086938
33198,3-90 street_2024,12.86237383907598,9.21911143806958,0.32208349916911333,0.009157937784765629
33206,3-91 street_2022,13.155134043529623,9.28945488477626,0.3406357866445093,0.014297304700824425
33211,3-92 street_2017,14.37516602788816,10.140808576492075,0.3493277579098985,0.1339188175657872
33215,3-92 street_2021,14.580711310673188,10.140808576492075,0.4185976270530502,0.3334677276009142
33236,3-93 street_2022,13.016105646605515,9.150439980190606,0.3286917326461893,0.662533321942109
33261,3-95 street_2017,13.26070989352433,9.026432032047762,0.24808481782742167,0.4216664874461724
33276,3-96 street_2022,12.71349885922801,8.847869925896752,0.3115134821756625,0.6657759837638133
33326,3-aberdeen street_2022,11.21110800621396,7.406373769911591,0.31121945025663456,1.6490431670264598
33346,3-academy park place_2022,10.76853113952956,6.903744989442802,0.34317242919103247,0.20138861951118034
33351,3-adams street_2017,14.652143452645133,10.417776598532551,0.2251459025687001,0.45311176157551747
33358,3-adams street_2024,14.061106422859318,10.417776598532551,0.243110629755066,0.003194890896519197
33361,3-adelphi street_2017,13.996418316291637,9.76207876053961,0.23178583750736248,0.419302264896186
33366,3-adelphi street_2022,13.62779199151443,9.76207876053961,0.3054566561142913,0.42376333638954006
33378,3-adler place_2024,10.29890864929335,6.730818280996826,0.2516974966632958,0.7069021457922811
33392,3-ainslie street_2018,13.735125374934446,9.346085229787768,0.24384017172429284,0.44635110058050687
33393,3-ainslie street_2019,13.182005322649943,9.346085229787768,0.1788432924176298,0.4124407218445896
33411,3-alabama avenue_2017,14.623852338516711,10.460943172856844,0.2588606368223194,0.20928800502376896
33413,3-alabama avenue_2019,14.18853451031139,10.460943172856844,0.2478706894374493,0.4880890967921204
33416,3-alabama avenue_2022,14.26624344315095,10.460943172856844,0.32796404388519923,0.003792798238696237
33418,3-alabama avenue_2024,13.856094808797863,10.460943172856844,0.3257055520808813,0.007273483966498386
33431,3-albany avenue_2017,15.515591282344435,11.28120738972764,0.27590713684283025,0.24090488089285197
33435,3-albany avenue_2021,15.721136637355604,11.28120738972764,0.3502903435701558,0.06980587424396292
33436,3-albany avenue_2022,15.146964667009463,11.28120738972764,0.3642582334993978,0.007769737264360664
33473,3-albemarle road_2019,14.059949557157287,10.223979545260718,0.2863333832523841,0.2076643644657497
33476,3-albemarle road_2022,14.089713636097649,10.223979545260718,0.32316097252544645,0.004489905272852052
33516,3-allen avenue_2022,12.098879873117179,8.293796135255723,0.420040902893882,0.669110602731704
33532,3-alton place_2018,11.989956732989455,7.58325262632597,0.26128025352123274,0.6540424606791843
33551,3-amboy street_2017,13.979287837754898,9.81640418600501,0.23821654658713126,1.1669560606466598
33556,3-amboy street_2022,13.621679115785325,9.81640418600501,0.2811673914305872,0.007571265496318075
33558,3-amboy street_2024,13.211530773858904,9.81640418600501,0.27672888781163063,0.007968169649176874
33566,3-amersfort place_2022,12.197360545838595,8.392253876937051,0.3027466019131767,0.051928092860359196
33591,3-amity street_2017,12.938240519264657,8.704007730547056,0.2536114733578963,0.5181388170602154
33596,3-amity street_2022,12.569614894228389,8.704007730547056,0.342337356073611,0.015282623531156904
33612,3-angela drive_2018,11.421903399989853,7.015583698666127,0.24266801449176695,1.4622595361755908
33619,3-angela drive_2025,10.615031485513196,7.015583698666127,0.0,0.09175842523954066
33636,3-anthony street_2022,12.6017235785669,8.736111281856372,0.32139924134829145,0.017053754565827518
33638,3-anthony street_2024,12.37931373493746,8.736111281856372,0.30138091680994283,0.5366103227397179
33648,3-apollo street_2024,12.418375775771171,8.77516732833603,0.29967878873941234,0.7060634058264916
33656,3-applegate court_2022,10.483067464171803,6.678969054399601,0.24869662573882725,0.12186358775684057
33666,3-ardsley loop_2022,10.788314754027834,6.983892966028957,0.2956856723123027,0.2922964100025264
33692,3-arkansas drive_2018,13.230811891961357,8.823750370426595,0.24042494311005436,1.0698698198024557
33696,3-arkansas drive_2022,12.62893470691294,8.823750370426595,0.3248078325414935,0.05107327018400062
33703,3-arlington avenue_2019,13.329369258291258,9.60181595797127,0.2574888029900983,0.6006480460630219
33706,3-arlington avenue_2022,13.40707812104625,9.60181595797127,0.2647081271955239,0.19070300082186978
33716,3-arlington place_2022,11.2466265244387,7.381466733041726,0.2541861180235987,0.8177954851250558
33743,3-ashford street_2019,14.008413526833776,10.280827704569196,0.24014112768278084,0.6257779901890914
33746,3-ashford street_2022,14.086122449511597,10.280827704569196,0.3035057696826614,0.010544213875671154
33748,3-ashford street_2024,13.675973878919821,10.280827704569196,0.30021101505459963,0.00349388925425578
33749,3-ashford street_2025,13.881115783474673,10.280827704569196,0.0,0.11341796703555675
33776,3-aster court_2022,12.339988072107694,8.534851950577881,0.27244898886997104,0.05278218543896945
33791,3-atkins avenue_2017,14.575408065394695,10.412500298879806,0.2508286530853855,0.37149458853701106
33796,3-atkins avenue_2022,14.217799179537609,10.412500298879806,0.30518581954287116,0.013508350024792243
33798,3-atkins avenue_2024,13.80765056122058,10.412500298879806,0.29038776835898145,0.013212331472134811
33799,3-atkins avenue_2025,14.012792492084138,10.412500298879806,0.0,0.0900235026475885
33803,3-atlantic avenue_2019,16.281904837884166,12.44590316780321,0.364973410731301,0.306160293697554
33806,3-atlantic avenue_2022,16.311668937301164,12.44590316780321,0.415827895143711,0.1194704999761666
33808,3-atlantic avenue_2024,16.089258275727385,12.44590316780321,0.39873059666036637,0.21640087044681727
33851,3-autumn avenue_2017,14.634274231018221,10.4152373314204,0.24676220413332725,0.7655608610689906
33855,3-autumn avenue_2021,14.793853661131008,10.4152373314204,0.31316788858218575,0.3269268237776815
33856,3-autumn avenue_2022,14.255735006298236,10.4152373314204,0.3063680050478855,0.007571265496318075
33858,3-autumn avenue_2024,13.8958327967959,10.4152373314204,0.32470375146370595,0.1188491338383811
33881,3-avenue b_2017,13.947590371689616,9.784708449372422,0.31530813872671215,0.36471255562119986
33892,3-avenue c_2018,14.144931508931673,9.737782869353826,0.30697197515989927,0.3628359260522052
33898,3-avenue c_2024,13.132905144752844,9.737782869353826,0.34497457691803785,0.5646317583245181
33902,3-avenue d_2018,15.738815950803453,11.331620859350737,0.4239799144423154,0.2025325974100854
33905,3-avenue d_2021,15.703206462079741,11.331620859350737,0.46344891202910155,0.001998002662673056
33908,3-avenue d_2024,14.726788582822884,11.331620859350737,0.47487679354059137,0.03169244673248972
33912,3-avenue f_2018,13.391291481337639,8.98420840170698,0.27863717763112017,0.8488680555567208
33922,3-avenue h_2018,15.314978677738987,10.90778983645959,0.3423078249946584,0.0314017631395316
33923,3-avenue h_2019,14.635391244200083,10.90778983645959,0.3419292760842711,0.5359084041334539
33925,3-avenue h_2021,15.279369191811167,10.90778983645959,0.3805384437176728,0.19070300082186978
33928,3-avenue h_2024,14.302951444818873,10.90778983645959,0.3705983812231612,0.06015392281974709
33929,3-avenue h_2025,14.508093448700405,10.90778983645959,0.0,0.13802129789737466
33932,3-avenue i_2018,15.635914089503682,11.228720281482694,0.35391539876655415,0.3223733122417113
33938,3-avenue i_2024,14.623886749256817,11.228720281482694,0.3927760949232013,0.05012260940321062
33941,3-avenue j_2017,15.79810487483021,11.635176232734434,0.3088927615788394,0.08691137198929641
33942,3-avenue j_2018,16.04237442450135,11.635176232734434,0.3461057082810925,0.2151113796169455
33943,3-avenue j_2019,15.36278687868773,11.635176232734434,0.3397121787599772,0.1306773236416162
33945,3-avenue j_2021,16.006764934390784,11.635176232734434,0.38106676462031897,0.1306773236416162
33946,3-avenue j_2022,15.440495847102758,11.635176232734434,0.39436233491946104,0.002995508979798479
33948,3-avenue j_2024,15.03034698952617,11.635176232734434,0.40627056631526576,0.01646372603066508
33949,3-avenue j_2025,15.235489052282372,11.635176232734434,0.0,0.007174203748000358
33951,3-avenue k_2017,15.764476103346023,11.60154775919067,0.2773029888712645,0.15777268387254192
33952,3-avenue k_2018,16.008745651996435,11.60154775919067,0.2987017560393645,0.013607003406216902
33953,3-avenue k_2019,15.329158109772534,11.60154775919067,0.300242028714487,0.5279187011921681
33956,3-avenue k_2022,15.406867077643351,11.60154775919067,0.35009537495463566,0.002796087302001274
33959,3-avenue k_2025,15.201860284355313,11.60154775919067,0.0,0.27162890712953297
33961,3-avenue l_2017,15.763470257057737,11.600541921969105,0.2776682204893426,0.09857756336099396
33965,3-avenue l_2021,15.972130315704321,11.600541921969105,0.35671253178224993,0.11172024961040788
33966,3-avenue l_2022,15.405861231416681,11.600541921969105,0.3634507886906653,0.003394233068015547
33968,3-avenue l_2024,14.995712377358734,11.600541921969105,0.3345777805808101,0.002895803112025565
33969,3-avenue l_2025,15.200854438175273,11.600541921969105,0.0,0.0038924147153438387
33971,3-avenue m_2017,15.76726930917675,11.604340939891143,0.27670576297380595,0.3427382781998593
33973,3-avenue m_2019,15.331951315386574,11.604340939891143,0.2816149569076591,0.06335031550076171
33978,3-avenue m_2024,14.999511428853411,11.604340939891143,0.3346469643978688,0.009257021262676763
33979,3-avenue m_2025,15.204653489886008,11.604340939891143,0.0,0.2357043333590679
33981,3-avenue north_2017,15.75103762955337,11.588109407289007,0.2938256271001864,0.10084031492607147
33982,3-avenue north_2018,15.99530717778619,11.588109407289007,0.3071136048547389,0.07334339422420953
33983,3-avenue north_2019,15.315719637030885,11.588109407289007,0.31563663311127793,0.08111905128479202
33985,3-avenue north_2021,15.959697687864065,11.588109407289007,0.3657492131533226,0.0015987213636970278
33986,3-avenue north_2022,15.393428604679059,11.588109407289007,0.3677721935157044,0.04190940307720961
33988,3-avenue north_2024,14.983279751914203,11.588109407289007,0.34734584865021395,0.15896763109564555
33991,3-avenue o_2017,15.162950849102339,11.00002993685017,0.2952874283121438,0.20554968291316178
33992,3-avenue o_2018,15.407220372291338,11.00002993685017,0.30919579440059597,0.061095099359810875
33993,3-avenue o_2019,14.727632919610679,11.00002993685017,0.30376649213056767,0.2797507021255006
33996,3-avenue o_2022,14.80534187390653,11.00002993685017,0.3549449455168509,0.004191204618468071
33998,3-avenue o_2024,14.395193104922788,11.00002993685017,0.3474950059119632,0.21648140844065936
34002,3-avenue p_2018,15.916871382502158,11.509674359622357,0.3698816817080345,0.1558064511381996
34006,3-avenue p_2022,15.314992817010992,11.509674359622357,0.45607909186029405,0.009455158770755135
34008,3-avenue p_2024,14.904843972785406,11.509674359622357,0.3984394408724797,0.2848781451190467
34015,3-avenue r_2021,15.31095009929982,10.939370181773151,0.351029408219199,0.3943367503203206
34018,3-avenue r_2024,14.334532340405564,10.939370181773151,0.34581259017621935,0.00608147031586796
34019,3-avenue r_2025,14.53967434782839,10.939370181773151,0.0,0.09984533496971613
34021,3-avenue south_2017,15.547790151470219,11.384863987195128,0.30739275763799156,0.07982729985955439
34022,3-avenue south_2018,15.792059692652463,11.384863987195128,0.31733408019848275,0.5376038647985957
34023,3-avenue south_2019,15.112472176692767,11.384863987195128,0.30502325776835637,0.1949909598946175
34026,3-avenue south_2022,15.19018114058187,11.384863987195128,0.38976966858328826,0.0820407103362095
34028,3-avenue south_2024,14.780032311403868,11.384863987195128,0.33532440218844617,0.0038924147153438387
34031,3-avenue t_2017,15.809361688270046,11.646432948659807,0.3038641588751113,0.019704583274335403
34035,3-avenue t_2021,16.018021748120926,11.646432948659807,0.3625668906957717,0.16177865556262525
34036,3-avenue t_2022,15.451752659879892,11.646432948659807,0.3765819482447661,0.09875877202326386
34038,3-avenue t_2024,15.04160380118568,11.646432948659807,0.33105320885339623,0.1528927461031425
34041,3-avenue u_2017,16.043877159017157,11.880946618674589,0.3292075028454951,0.09376352981216315
34042,3-avenue u_2018,16.288146715191584,11.880946618674589,0.3542758918486892,0.04200529414503013
34043,3-avenue u_2019,15.60855914650706,11.880946618674589,0.36888147181532654,0.0011992805754820971
34045,3-avenue u_2021,16.25253722422897,11.880946618674589,0.39970505358121117,0.28585540511037344
34048,3-avenue u_2024,15.276119239056808,11.880946618674589,0.39756729346582553,0.15990551750962245
34051,3-avenue v_2017,15.48132464120793,11.318399245910593,0.2867383712154936,0.3791895766959017
34056,3-avenue v_2022,15.123715635545514,11.318399245910593,0.3975359620877997,0.1508308897025838
34058,3-avenue v_2024,14.713566815180867,11.318399245910593,0.3618871744195755,0.007372754329413085
34062,3-avenue west_2018,15.55237603232013,11.145183367843403,0.30048989057952846,0.05164323315183845
34065,3-avenue west_2021,15.516766544682076,11.145183367843403,0.3344854180724589,0.07955027875800906
34066,3-avenue west_2022,14.950497511228047,11.145183367843403,0.371269256607281,0.004489905272852052
34068,3-avenue west_2024,14.540348716784166,11.145183367843403,0.3296022364107642,0.2488892677326255
34075,3-avenue x_2021,15.677638537567887,11.306053241372634,0.3583229796128814,0.002097798082146129
34078,3-avenue x_2024,14.701220664800703,11.306053241372634,0.34840810900386376,0.003792798238696237
34079,3-avenue x_2025,14.90636270610513,11.306053241372634,0.0,0.0925791812930932
34088,3-avenue y_2024,14.434950595086391,11.039786797872024,0.4610946989175782,0.004987541511039074
34092,3-avenue z_2018,15.378416813918669,10.971226860577515,0.3428329436910631,0.08194858264716741
34093,3-avenue z_2019,14.698829367026779,10.971226860577515,0.3472301082598176,0.0656004570839488
34098,3-avenue z_2024,14.366389556967873,10.971226860577515,0.3763540393944232,0.15726012619858348
34109,3-aviation road_2025,15.751283493851592,12.150967205680823,0.0,1.0093438209099275
34116,3-bainbridge street_2022,13.91797594680329,10.11268733991622,0.2947899040348399,1.0269014411141093
34126,3-balfour place_2022,10.917188183054963,7.052266238439796,0.31781181390381025,0.1597350581211589
34131,3-baltic street_2017,14.47484997000736,10.240488831177945,0.2572942069090303,0.3006970095292756
34133,3-baltic street_2019,14.07645942446933,10.240488831177945,0.3018763411230804,0.9834632809123693
34136,3-baltic street_2022,14.106223503785746,10.240488831177945,0.33970927902797293,0.008166562666393417
34138,3-baltic street_2024,13.883813007935009,10.240488831177945,0.3271563031625108,0.5173045898636998
34146,3-bancroft place_2022,10.851558230272595,7.047080912254021,0.2856211266317583,0.08828556486736039
34161,3-banker street_2017,13.053760637537891,8.819510009544256,0.2690038128173105,0.34429867287067695
34163,3-banker street_2019,12.655370887232598,8.819510009544256,0.29280286734432176,0.5107256187656574
34193,3-banner avenue_2019,12.2735484413939,8.546118801825724,0.24431323282192252,0.4093243184338849
34216,3-barbey street_2022,13.969054698295096,10.163764116535907,0.28357285063863874,0.005882663158155495
34218,3-barbey street_2024,13.558906175745744,10.163764116535907,0.28758664805168943,0.02634977532278202
34219,3-barbey street_2025,13.764048053817048,10.163764116535907,0.0,0.9498028744066033
34222,3-barlow drive north_2018,12.669527083826322,8.262575032162754,0.237219457884944,0.4185787472535475
34232,3-barlow drive south_2018,12.678919696906936,8.271965262748335,0.23097247428767598,0.6981844720772133
34265,3-bartlett street_2021,12.925797177865231,8.486059382804983,0.3160684434393521,0.034111529628767866
34282,3-bassett avenue_2018,13.007065932299087,8.600040869895626,0.2493788330275753,0.8195595429143833
34303,3-batchelder street_2019,13.84380766257884,10.11622782716899,0.2811491514101579,0.5094046146105438
34305,3-batchelder street_2021,14.48778535777833,10.11622782716899,0.3316089252481389,1.1993621917682529
34306,3-batchelder street_2022,13.921516574225816,10.11622782716899,0.32150830902096145,0.026252371144065742
34318,3-bath avenue_2024,14.334617735522755,10.93945557542583,0.39395836753290403,0.06961934188005701
34343,3-bay 10 street_2019,12.952342397655514,9.116444358574027,0.2630348803415117,0.018330956684723457
34363,3-bay 13 street_2019,12.798378654423228,9.070871579638986,0.25219123675444055,0.01911611719223005
34366,3-bay 13 street_2022,12.876087432002683,9.070871579638986,0.31545458576848817,1.1744616009515476
34373,3-bay 14 street_2019,12.450011979650196,8.72255166386978,0.2634882389592035,0.05325636630043149
34375,3-bay 14 street_2021,13.0939882762853,8.72255166386978,0.31446071358449096,0.8760102573721317
34376,3-bay 14 street_2022,12.527720671067128,8.72255166386978,0.31566910899144973,0.01950846638804296
34385,3-bay 16 street_2021,13.929603576660961,9.55807587636267,0.3128757288939706,1.005546255548563
34386,3-bay 16 street_2022,13.363335083788398,9.55807587636267,0.3176629046637167,0.010643160098479827
34396,3-bay 17 street_2022,12.96457575511747,9.159350383295578,0.301758996589279,0.015774919115362215
34398,3-bay 17 street_2024,12.554427985105463,9.159350383295578,0.32008249800119515,0.7392671161734985
34405,3-bay 19 street_2021,13.332981054420179,8.961510255706584,0.31857825636618947,0.7435550831037909
34406,3-bay 19 street_2022,12.76671311604603,8.961510255706584,0.32654921631947814,0.016168581161583706
34426,3-bay 22 street_2022,12.837648783714116,9.032437336272645,0.34233735607361104,0.9468587334405728
34438,3-bay 23 street_2024,12.327541808630869,8.9324901087579,0.27488502111822216,0.7308282475276338
34496,3-bay 32 street_2022,12.662084891005323,8.856895861749,0.3066192734715318,0.8291193420831597
34506,3-bay 34 street_2022,12.752192055139501,8.946991029003494,0.2657521841394271,0.8058059986988831
34515,3-bay 35 street_2021,13.306758000629257,8.935290566521976,0.28515319259737454,0.7573887826214101
34525,3-bay 37 street_2021,13.521179197235721,9.149686674557474,0.2570816320030639,0.47586143872989545
34538,3-bay 38 street_2024,12.50532088268441,9.110248399829556,0.27422992774399196,0.02185933435289352
34546,3-bay 40 street_2022,12.34295989190539,8.537823200256843,0.3277679839963484,2.2031845590856687
34548,3-bay 40 street_2024,11.932813145360367,8.537823200256843,0.2199199703509621,0.019410393519823325
34556,3-bay 41 street_2022,13.207911824683512,9.40266422927396,0.31938021801800437,0.941256477891903
34558,3-bay 41 street_2024,12.797763798200855,9.40266422927396,0.3445325571130069,0.016365354086264272
34575,3-bay 44 street_2021,13.864536363200367,9.493013351325441,0.3077283347838838,0.012620031356102263
34585,3-bay 46 street_2021,13.47721902527359,9.105731217361864,0.31290912289307204,0.018527304613883622
34588,3-bay 46 street_2024,12.50080321654452,9.105731217361864,0.19941599015325473,1.0895042696373824
34595,3-bay 47 street_2021,12.862192915336847,8.490798252208982,0.2407950618895321,0.03391821820346067
34632,3-bay 52 street_2018,12.659831537607289,8.252881968858661,0.28847401230574515,1.536673652479262
34633,3-bay 52 street_2019,11.980246977453923,8.252881968858661,0.2945039882752395,1.6116554518750548
34641,3-bay 53 street_2017,11.97225704602196,7.809719229565128,0.12516314295400602,1.748573571778455
34666,3-bay 7 street_2022,12.616733482909684,8.751118842593586,0.3260540092066734,0.9500349378383158
34672,3-bay 8 street_2018,13.56315997841082,9.174136011721501,0.34698021421962794,0.5680940315563829
34686,3-bay avenue_2022,12.628356390167045,8.823172136936066,0.301501240722059,0.028004196409597365
34711,3-bay parkway_2017,15.542760017547653,11.379833909698288,0.3826113662458202,0.37665402625404476
34715,3-bay parkway_2021,15.751420069563542,11.379833909698288,0.45878956548903777,0.1231021971339834
34718,3-bay parkway_2024,14.775002178511473,11.379833909698288,0.436681064461672,0.3705975727790886
34721,3-bay ridge avenue_2017,15.250538381356874,11.016158259712283,0.2870151834640772,0.5768380581595622
34722,3-bay ridge avenue_2018,15.405268401342374,11.016158259712283,0.3118764503289396,0.4869836492804198
34723,3-bay ridge avenue_2019,14.852147699227844,11.016158259712283,0.3358740510994045,0.17269200781811156
34735,3-bay ridge parkway_2021,15.759358495067135,11.319428780222024,0.4195047183550195,0.3240381094124352
34751,3-bay street_2017,13.830902669848534,9.596573330980465,0.2781597545631576,0.6141580843095735
34756,3-bay street_2022,13.462276412028597,9.596573330980465,0.36980406487752676,0.006975613736425242
34761,3-bay view avenue_2017,12.859295134073738,8.69652235867067,0.2873552216562579,2.806929760660347
34762,3-bay view avenue_2018,13.103564149712,8.69652235867067,0.2830940989901195,0.674473915294324
34768,3-bay view avenue_2024,12.09154009464967,8.69652235867067,0.3430189048475273,0.023814178099254877
34791,3-bayard street_2017,13.08191954628074,8.847664873333356,0.19548794773384273,1.4919823231612979
34942,3-beach walk_2018,11.816421929336405,7.409813080861281,0.09819711043809407,1.3410616118401324
35008,3-bedell lane_2024,11.639301832197326,8.244376476400728,0.28854377004926207,0.03507752661269611
35011,3-bedford avenue_2017,16.703608347022016,12.469215816836726,0.29726690205018047,0.09685444136388219
35015,3-bedford avenue_2021,16.909153725626926,12.469215816836726,0.35854307264012464,0.1392400670915041
35016,3-bedford avenue_2022,16.334981675082982,12.469215816836726,0.3801056065300891,0.033531483208792325
35018,3-bedford avenue_2024,16.11257101303625,12.469215816836726,0.33325715801099154,0.10912342701835417
35019,3-bedford avenue_2025,15.979562784087552,12.469215816836726,0.0,0.15811424309369193
35036,3-beekman place_2022,10.856833189402264,6.991963958011076,0.2811904592152736,0.09476457644442293
35101,3-belmont avenue_2017,14.821478796794826,10.658564576413463,0.22891438559466504,0.07733134293632346
35103,3-belmont avenue_2019,14.386160925004445,10.658564576413463,0.29330916548212244,0.3026938300722188
35106,3-belmont avenue_2022,14.463869867076975,10.658564576413463,0.2813047845902799,0.2092068855753367
35108,3-belmont avenue_2024,14.053721174790262,10.658564576413463,0.3321050028689951,0.003992021269537453
35111,3-belt parkway_2017,16.294047850951415,12.13111580260058,0.3053960935302094,0.08406537511766754
35112,3-belt parkway_2018,16.538317412292184,12.13111580260058,0.3317080669275681,0.8648290022495548
35113,3-belt parkway_2019,15.858729825438552,12.13111580260058,0.3502828004301298,0.060906934903521386
35116,3-belt parkway_2022,15.936438800075342,12.13111580260058,0.393833916628208,0.11502367656878194
35118,3-belt parkway_2024,15.52628990345939,12.13111580260058,0.3457458734065421,0.40399736483312965
35119,3-belt parkway_2025,15.731431987736176,12.13111580260058,0.0,0.3402508031245623
35172,3-belt parkway eb en cropsey avenue sb_2018,11.26178318306127,6.855617471103959,0.3135762987821336,0.530804706081303
35182,3-belt parkway eb en east 14 street_2018,11.43817463630178,7.031840621680809,0.22013192872941054,0.5601299414501341
35772,3-benson avenue_2018,15.154885494678984,10.747699794490336,0.2985452959471176,0.3267825860736957
35773,3-benson avenue_2019,14.475298098856536,10.747699794490336,0.30806033924906984,0.5153951674803605
35841,3-bergen street_2017,15.511456014346948,11.348530264103342,0.26192179103381813,0.8573896239539941
35845,3-bergen street_2021,15.720116065298209,11.348530264103342,0.33785986139793484,0.12856910079470765
35846,3-bergen street_2022,15.153847006272334,11.348530264103342,0.3519691969143547,0.004191204618468071
35848,3-bergen street_2024,14.743698181839601,11.348530264103342,0.3446651835707836,0.15768727583559375
35866,3-berriman street_2022,14.066646119769667,10.261352034097268,0.26802742365910986,0.015971769509698662
35868,3-berriman street_2024,13.656497556785741,10.261352034097268,0.2653071741841666,0.5458065926612362
35869,3-berriman street_2025,13.861639457146739,10.261352034097268,0.0,0.0972174507153592
35875,3-berry street_2021,14.646986955470076,10.207081722143485,0.29982446886457226,0.38947121835381493
35878,3-berry street_2024,13.850404717963903,10.207081722143485,0.23592031169740324,0.005882663158155495
35886,3-bethel loop_2022,9.63002277394068,5.827578325776265,0.3169552828021938,0.7329446504340114
35898,3-beverley road_2024,14.43425815127149,11.039094364802033,0.3653906327411492,0.29928944549349695
35899,3-beverley road_2025,14.639400169170282,11.039094364802033,0.0,0.004390348301292895
35906,3-bevy court_2022,12.340182088635453,8.535045929833487,0.258142912874461,0.055434706888100586
35916,3-bijou avenue_2022,11.57539902626947,7.770483463351601,0.2804797271313397,0.6480975120062211
35966,3-blake avenue_2022,14.727708559637668,10.92239794080599,0.3452381916878934,0.5827182867905567
35968,3-blake avenue_2024,14.317559805865733,10.92239794080599,0.3443551603245681,0.008067371077758796
35969,3-blake avenue_2025,14.522701811399266,10.92239794080599,0.0,0.007174203748000358
35985,3-bleecker street_2021,14.123547512239734,9.683667365305768,0.33113075120087904,0.539121492920838
35988,3-bleecker street_2024,13.32696563948724,9.683667365305768,0.32213902541916234,0.006180859075081115
35995,3-bliss terrace_2021,11.279414527697181,6.840530299167675,0.2733677813053178,0.9301936370431465
36032,3-boerum place_2018,13.728783543509477,9.339743946911467,0.3281061004699277,2.287461302848199
36036,3-boerum place_2022,13.205427542617423,9.339743946911467,0.3965715103824866,0.20179733329461133
36048,3-boerum street_2024,13.386344665858951,9.743042894432742,0.3442786775140424,0.3140805463063118
36076,3-bokee court_2022,10.939027121370579,7.134478561938121,0.32633701472716986,0.10011679133477266
36085,3-bond street_2021,14.077554532215158,9.637677282621297,0.35994698223837507,1.4075664963954302
36086,3-bond street_2022,13.503383043357887,9.637677282621297,0.3635741663990042,0.011038847115216341
36173,3-box street_2019,12.618106584801856,8.782251198344694,0.11318695190729032,0.28638122671873284
36175,3-box street_2021,13.222041271162945,8.782251198344694,0.21730234883500996,0.025472795973031023
36185,3-boynton place_2021,12.17956909551279,7.80837292321845,0.3046604089861988,0.45919543052913214
36241,3-bqe eb entrance tillary street_2017,11.176880739609354,6.943435842172282,0.27435841125331034,0.8526264951052677
36298,3-bqe wb entrance metropolitan avenue_2024,9.882220565241033,6.240760823525496,0.35356666998051306,0.21519202152658962
36321,3-bradford street_2017,14.291358059893152,10.128460012554626,0.20690124521278724,0.521765563804325
36336,3-bragg street_2022,13.558189029276063,9.752917595577761,0.30435047357557565,0.06681717303731714
36386,3-bridge plaza court_2022,9.393778774724566,5.531892257113534,0.2704760710028672,0.2639783457525456
36391,3-bridge street_2017,13.590757024081832,9.356445864784918,0.2304890559370421,0.7250817990902911
36398,3-bridge street_2024,12.999720654172684,9.356445864784918,0.28854377004926207,0.11964796226589584
36403,3-bridgewater street_2019,12.467103106605402,8.594210191990722,0.288277133463092,0.6923968991692412
36406,3-bridgewater street_2022,12.488702136116396,8.594210191990722,0.3952166936167963,0.029170377299779858
36415,3-brigham street_2021,14.051478064848695,9.679942362920915,0.32026671041038146,0.5406950573682685
36416,3-brigham street_2022,13.485209494003817,9.679942362920915,0.2857669745156814,0.07008560756668776
36479,3-brighton 1 street_2025,12.162399674283229,8.562264228127107,0.0,1.360950911781223
36556,3-brighton 11 street_2022,12.871506664690127,9.06629132842269,0.3995653859809761,0.9235840707016204
36639,3-brighton 2 street_2025,12.054124120791196,8.454009940242639,0.0,1.2579779184044422
36699,3-brighton 3 street_2025,12.830618562580815,9.23039247748625,0.0,0.32613325882603367
36759,3-brighton 4 street_2025,12.721595754225582,9.12138065078539,0.0,0.6930471755596119
36842,3-brighton 6 street_2018,13.724609088692857,9.317490903405435,0.25211290467337627,0.014987129808248345
36843,3-brighton 6 street_2019,13.04502250357978,9.317490903405435,0.2819973402853896,0.13871791931182267
36921,3-brighton 8 street_2017,12.74246484458769,8.579712463266478,0.215532964783392,0.9260826343366242
36973,3-bristol street_2019,13.699333871036973,9.971760166793437,0.2790401875353375,0.660469018169363
36976,3-bristol street_2022,13.77704277138714,9.971760166793437,0.28866373332218864,0.006478966097709122
36978,3-bristol street_2024,13.366894340893468,9.971760166793437,0.27606310882565294,0.01587334915629015
36982,3-broadway_2018,16.015945050239274,11.626827491188733,0.3733984925251391,0.02058663360838838
36983,3-broadway_2019,15.462824279265888,11.626827491188733,0.3871793719086607,1.2230104332030738
36986,3-broadway_2022,15.492588375525232,11.626827491188733,0.44249871357294773,0.001399020913707341
36989,3-broadway_2025,15.13716952994635,11.626827491188733,0.0,0.0010993954433009636
37001,3-brooklyn avenue_2017,15.310897065804225,11.147973892500778,0.29174854802319417,0.33875534263578155
37006,3-brooklyn avenue_2022,14.953288075242378,11.147973892500778,0.39142915487298524,0.011928570865273802
37008,3-brooklyn avenue_2024,14.543139280344334,11.147973892500778,0.3449313805890546,0.5960303697802178
37323,3-brown street_2019,13.146820720338475,9.419280633891285,0.2298650970745365,0.8121738869815862
37326,3-brown street_2022,13.224529558745882,9.419280633891285,0.2903256339854313,0.04401688541677432
37353,3-buffalo avenue_2019,13.609546556845096,9.881977134182256,0.29024661066811064,1.528488126823066
37368,3-bulwer place_2024,11.423106234350756,8.028242159352313,0.3052001448769382,0.6641302314894527
37376,3-burnett street_2022,13.382036973589104,9.576776486668912,0.367579973261219,0.8984118529868635
37403,3-bushwick avenue_2019,15.152112684909339,11.424504064286046,0.37426515073752936,0.5853949180657151
37408,3-bushwick avenue_2024,14.81967281543061,11.424504064286046,0.4163062973692991,0.28840680976623795
37432,3-bushwick place_2018,12.336262875873901,7.947485726915896,0.30584937640722987,0.6496131785362169
37456,3-butler street_2022,13.26292923311652,9.397240830542652,0.3125813606654984,0.18140446973147087
37458,3-butler street_2024,13.04051898385976,9.397240830542652,0.33858120049603335,0.5401125443908835
37483,3-calder place_2019,10.521869119871187,6.687084350797584,0.3095345808894045,0.6391132920674597
37492,3-calyer street_2018,13.8404478262918,9.451399061769344,0.29583949946216564,0.45126668390877106
37493,3-calyer street_2019,13.287327693984713,9.451399061769344,0.29971871554028273,0.20334892398603022
37495,3-calyer street_2021,13.89126311279744,9.451399061769344,0.330853030134611,0.8719625980246123
37506,3-cambridge place_2022,12.52349811168565,8.657898614796952,0.37516572162427547,0.021467906615240923
37508,3-cambridge place_2024,12.301088336279427,8.657898614796952,0.27945869782679117,0.7115272278413748
37528,3-campus place_2024,10.175640596197814,6.696214337805079,0.2516974966632958,0.7003710256492649
37532,3-campus road_2018,13.62071700693902,9.21360853735867,0.30581733599218297,1.628161526432203
37542,3-canal avenue_2018,12.285304992564026,7.8784723233062435,0.242877134525714,0.3043179261032066
37558,3-canarsie lane_2024,10.789963907819558,7.395378265979378,0.30477650581108107,0.15143270376020937
37565,3-canarsie road_2021,13.714517566998403,9.3430066011151,0.2967425877198705,1.7335298936638772
37566,3-canarsie road_2022,13.148249237197255,9.3430066011151,0.30821164941851853,0.017053754565827518
37601,3-carlton avenue_2017,14.149027147356808,9.91467955802865,0.2341502924114735,1.0214792327382851
37606,3-carlton avenue_2022,13.780400769931314,9.91467955802865,0.3364722366212129,1.7502254156983894
37608,3-carlton avenue_2024,13.557990345817602,9.91467955802865,0.31069118296103865,0.01960652963891831
37611,3-carroll street_2017,15.361905548897271,11.127523720369453,0.25056871051439883,0.19177671556470977
37612,3-carroll street_2018,15.51663557248012,11.127523720369453,0.2770796766220534,0.33747173695429644
37613,3-carroll street_2019,14.963514854486474,11.127523720369453,0.2947194951042639,0.3665163579695896
37616,3-carroll street_2022,14.993278947088843,11.127523720369453,0.32486688277496784,0.0018981972830802527
37618,3-carroll street_2024,14.77086834169957,11.127523720369453,0.3228459849094478,0.0021975835434872217
37656,3-cass place_2022,12.309286032348444,8.504155900969046,0.37497702267609834,0.12230612438396801
37666,3-cathedral place_2022,10.92652685559635,7.061597034965909,0.2807463108624248,0.6468937960424833
37675,3-catherine street_2021,12.112481484669573,7.672999615975751,0.28284279581103167,1.0992454215305263
37676,3-catherine street_2022,11.53831365775265,7.672999615975751,0.28915158043114086,0.07705362944229141
37682,3-caton avenue_2018,15.006861111758113,10.617758913892164,0.33585538618044863,0.16424244339404875
37683,3-caton avenue_2019,14.453740483389256,10.617758913892164,0.3503244528298925,0.4664347684311826
37688,3-caton avenue_2024,14.261094015421111,10.617758913892164,0.3755192577931005,0.6696226355129883
37693,3-caton place_2019,12.053120226490284,8.217378839203326,0.2497628375894872,0.6219733611054205
37708,3-cedar street_2024,12.23523420080752,8.592055997062163,0.27880659477140374,0.01842913546836719
37716,3-celeste court_2022,12.340603655625204,8.535467415861707,0.30955867214708976,0.04554681495597039
37741,3-central avenue_2017,14.567776614096449,10.404869074235009,0.29976773970443465,0.8812022692016604
37743,3-central avenue_2019,14.132458799909854,10.404869074235009,0.2863593294296626,0.1392400670915041
37768,3-centre street_2024,11.366541379653276,7.7236132219234,0.24091572106000747,1.2917913554628464
37786,3-chapel street_2022,10.805794934870617,6.940972828381589,0.42642047328415245,1.0299407941054906
37808,3-chase court_2024,11.205163337922324,7.810376012503267,0.6757554378480761,0.19474407679251177
37825,3-chauncey street_2021,14.603657926190829,10.163754307923357,0.3173436393653395,0.15896763109564555
37828,3-chauncey street_2024,13.807075712167185,10.163754307923357,0.3156570054578229,0.21688400114306555
37832,3-cheever place_2018,11.980707402552074,7.592079325196965,0.2525656014187889,0.6775257996569884
37836,3-cheever place_2022,11.457354959244396,7.592079325196965,0.2596456402284976,0.04583341634317221
37866,3-chester court_2022,10.650404778713614,6.7857418741887,0.2979235665039779,0.7275486072772778
37873,3-chester street_2019,13.683710126731837,9.95613714016555,0.28832140292021724,0.6081882413327543
37876,3-chester street_2022,13.761419025759665,9.95613714016555,0.29245662519717214,0.01567647938500758
37878,3-chester street_2024,13.35127060356321,9.95613714016555,0.28906043242190227,0.009950330853168083
37888,3-chestnut avenue_2024,11.434033058578049,8.03916555835386,0.2503561148390945,0.0865446014001858
37902,3-chestnut street_2018,14.090783577560252,9.630472915242253,0.2577123255271262,0.6496131785362169
37908,3-chestnut street_2024,13.111033755193946,9.630472915242253,0.31935892910535113,0.5290387531853487
38022,3-christopher avenue_2018,14.048524276800544,9.641381536780845,0.21616374553152717,0.5634370490372003
38023,3-christopher avenue_2019,13.368937396831463,9.641381536780845,0.2671233454307443,0.37987375844125526
38025,3-christopher avenue_2021,14.012914811495754,9.641381536780845,0.29660841878456384,0.010841023177874857
38026,3-christopher avenue_2022,13.446646264302919,9.641381536780845,0.27575094252811466,0.005385472276337817
38028,3-christopher avenue_2024,13.036498040111475,9.641381536780845,0.26765528210190664,0.017741681476157102
38041,3-church lane_2017,12.156385380722206,7.993780384871768,0.1400460736457163,0.5714314218758489
38062,3-clarendon road_2018,15.501190152116772,11.093998237006831,0.48036208136382547,0.06747171511501267
38065,3-clarendon road_2021,15.465580664813933,11.093998237006831,0.5070588931566656,0.002596625847265978
38066,3-clarendon road_2022,14.899311638658514,11.093998237006831,0.5321430037227173,0.5558945871335689
38068,3-clarendon road_2024,14.489162852773925,11.093998237006831,0.5097412922486371,0.06569410319536247
38075,3-clark street_2021,12.925615915719758,8.485878157620537,0.2752271399905679,1.1221334837094556
38076,3-clark street_2022,12.351445718641589,8.485878157620537,0.2421219800967419,0.013902905168991422
38082,3-clarkson avenue_2018,15.264299596889035,10.857111696113686,0.3768474428997761,0.3637399280608503
38085,3-clarkson avenue_2021,15.228690111381933,10.857111696113686,0.4033576257685997,0.17680637610584446
38095,3-classon avenue_2021,15.084615357303973,10.644697196740665,0.37352052305394917,0.5627537166263499
38098,3-classon avenue_2024,14.28803293184057,10.644697196740665,0.36249210139446336,0.2848781451190467
38106,3-claver place_2022,11.554979638150813,7.68965806830725,0.3206158941230298,0.06043636880383069
38115,3-clay street_2021,13.307904732822122,8.86810218437091,0.23243701166240946,1.1769920759941614
38131,3-clermont avenue_2017,14.375249010254858,10.140891555633756,0.24473875271395867,0.7352962940681036
38136,3-clermont avenue_2022,14.00662256817744,10.140891555633756,0.34414580060905103,0.005385472276337817
38138,3-clermont avenue_2024,13.78421209183243,10.140891555633756,0.2958383743756043,0.7647233790491673
38146,3-cleveland street_2022,14.041639254018918,10.236346033870252,0.30159939956355253,0.005484930230569685
38148,3-cleveland street_2024,13.631490701022978,10.236346033870252,0.3484260046543264,0.26696903085423934
38149,3-cleveland street_2025,13.836632595878065,10.236346033870252,0.0,0.07862632045518954
38165,3-clifton place_2021,13.980736289383438,9.540865592266027,0.30152418303552464,0.012027380212718455
38173,3-clinton avenue_2019,14.099929191537893,10.263957788106232,0.38476299382602347,0.2920724207530738
38176,3-clinton avenue_2022,14.129693271378319,10.263957788106232,0.4045571052392252,0.4486523033347003
38186,3-clinton street_2022,14.438162161168204,10.57241761688378,0.32356280810622257,0.31005492330350615
38188,3-clinton street_2024,14.215751612708297,10.57241761688378,0.3147373249462162,0.2076643644657497
38216,3-clove road_2022,11.406400125947934,7.541150308533391,0.23855361577377251,0.11662681193171963
38225,3-clymer street_2021,13.181508812877896,8.741725011913363,0.35092212680227214,2.3411613677722856
38236,3-cobeck court_2022,11.29381050161478,7.489029127033922,0.20844786138617472,0.07129688188203376
38246,3-coffey street_2022,13.069513633287706,9.203842560794872,0.33436918642443414,0.02615495747685121
38302,3-college place_2018,11.44532358590846,7.05704820259388,0.24586223983110328,0.5839459655161812
38331,3-colonial road_2017,14.61744690527971,10.383081091376736,0.3525609496050267,0.4510756193602167
38336,3-colonial road_2022,14.248820408420464,10.383081091376736,0.4515582845590057,0.26482277830569834
38353,3-columbia place_2019,11.107508935240947,7.272183252058616,0.23883376705729692,1.3209288314383385
38362,3-columbia street_2018,14.773079508938068,10.38398367762589,0.330614514466582,1.0417244264610612
38363,3-columbia street_2019,14.21995893967332,10.38398367762589,0.32409461100862036,0.5448211710239489
38366,3-columbia street_2022,14.249723022009546,10.38398367762589,0.41630903181380596,0.006578315360122567
38368,3-columbia street_2024,14.027312501261429,10.38398367762589,0.3805970415301509,0.10930273489045016
38386,3-columbus place_2022,11.00876317800219,7.204162116538588,0.3314174659595889,0.07594200357515736
38426,3-concord street_2022,12.499621766890515,8.634026380463913,0.3501185835418139,0.15999073630894114
38428,3-concord street_2024,12.277212013393294,8.634026380463913,0.23357174680424897,0.07055165595094469
38441,3-coney island avenue_2017,16.401891290846866,12.238958700122868,0.3638815342957753,0.7678835266739625
38443,3-coney island avenue_2019,15.96657326065741,12.238958700122868,0.38247558988346564,0.1401097079846452
38448,3-coney island avenue_2024,15.634133333452757,12.238958700122868,0.3898262142237096,0.17697395046735934
38451,3-congress street_2017,13.58764801872524,9.353337124586831,0.1940534845149455,0.36227921065856417
38458,3-congress street_2024,12.996611651957798,9.353337124586831,0.2543748744340122,0.1672925177741942
38465,3-conklin avenue_2021,13.53428263521845,9.16278874681187,0.3040541646511714,0.37232188951491013
38468,3-conklin avenue_2024,12.557866697746375,9.16278874681187,0.3130472931051759,0.012916225266546328
38482,3-conover street_2018,13.444087657148694,9.055076638978894,0.2775072445700546,0.3223733122417113
38493,3-conselyea street_2019,12.895535687114451,9.059643930006434,0.28423225110407174,0.3613738865951976
38518,3-cook street_2024,12.448707487083526,8.805494543847916,0.3068929087174586,0.023130417388854383
38531,3-cooper street_2017,13.7767862633188,9.488183936550632,0.28727349226223586,1.0316174198438313
38538,3-cooper street_2024,13.057361293135394,9.488183936550632,0.3515468753128415,0.8989003926700729
38568,3-cornelia street_2024,13.06529470703975,9.496116768807404,0.30138091680994283,0.6731485340532554
38582,3-cortelyou road_2018,15.325100437395948,10.91791141391971,0.29702129619597123,1.3013898540294466
38583,3-cortelyou road_2019,14.645513001669329,10.91791141391971,0.33031637723363705,0.2849533528805231
38589,3-cortelyou road_2025,14.518215205567445,10.91791141391971,0.0,0.004888034072775962
38591,3-court street_2017,14.889194701711011,10.6548216294121,0.376173154790869,0.3548031933059364
38592,3-court street_2018,15.04392470683957,10.6548216294121,0.4006918293555067,0.7765687886990177
38598,3-court street_2024,14.298157598253876,10.6548216294121,0.4321182310590177,0.15126079384058366
38626,3-covert street_2022,13.23219408269942,9.426944552075282,0.33350340712741106,0.7859086606412564
38641,3-coyle street_2017,14.059955390679017,9.897067577149384,0.3035361223636359,0.3637399280608503
38646,3-coyle street_2022,13.702346640425093,9.897067577149384,0.3819756929539894,0.05097824476462945
38648,3-coyle street_2024,13.292198250798103,9.897067577149384,0.3920420877760237,0.9546649329910466
38653,3-cozine avenue_2019,14.222321031807915,10.494728765974275,0.4373827110764694,0.3360435733296593
38655,3-cozine avenue_2021,14.866298872452868,10.494728765974275,0.5063702870516268,0.6762553128897272
38666,3-cranberry street_2022,11.729215960827512,7.86382276035681,0.28944522307016174,0.6671624835879517
38678,3-crawford avenue_2024,11.944781075208073,8.549788877524948,0.24362208265775043,0.7856807819628782
38686,3-creamer street_2022,12.493506349116288,8.627912031377363,0.23017757797158975,0.022446188829830054
38692,3-crescent street_2018,15.017141183485698,10.556791298231552,0.33014807070745805,0.25409943543465485
38695,3-crescent street_2021,14.935411534523881,10.556791298231552,0.37681326562189754,0.20196077204630308
38696,3-crescent street_2022,14.397292844321907,10.556791298231552,0.38493840921159184,0.006677654753240569
38698,3-crescent street_2024,14.037390598002565,10.556791298231552,0.39164259379641136,0.4146891026356961
38713,3-cropsey avenue_2019,15.118930538350074,11.282937333674399,0.43319336803619723,1.122784440639095
38738,3-crosby avenue_2024,11.311870986327982,7.917043994576142,0.26501327263906804,0.6729444732424258
38739,3-crosby avenue_2025,11.517010836414196,7.917043994576142,0.0,0.054298773407378806
38753,3-crown street_2019,14.14040276384416,10.412812804305094,0.3099223431184672,0.7471143968298877
38755,3-crown street_2021,14.78438057750384,10.412812804305094,0.32614512246536337,0.1950732407191178
38756,3-crown street_2022,14.218111694144914,10.412812804305094,0.33064810833522423,0.007769737264360664
38768,3-crystal street_2024,12.389095481231864,8.908602032063344,0.33252356416579665,0.637211548229642
38771,3-cumberland street_2017,14.258792904177461,10.024440249356543,0.1910369684190081,0.18772360608294936
38776,3-cumberland street_2022,13.89016649355532,10.024440249356543,0.30715905524033393,0.006677654753240569
38779,3-cumberland street_2025,13.534747964280223,10.024440249356543,0.0,0.07241368050904531
38796,3-cypress avenue_2022,13.537469913341702,9.642860115017424,0.43140512911678014,0.011038847115216341
38811,3-cypress hills street_2017,12.887568041575818,8.599072774152102,0.2793138227812643,0.815010768316786
38831,3-dahill road_2017,15.120290085749502,10.957369890071638,0.3726898095079463,0.002895803112025565
38832,3-dahill road_2018,15.364559606483535,10.957369890071638,0.36944650089782455,0.7132438822590677
38833,3-dahill road_2019,14.684972162436551,10.957369890071638,0.37609101181744636,0.25572690121022956
38836,3-dahill road_2022,14.762681115423518,10.957369890071638,0.45033750078909573,0.282694655940734
38865,3-dahlgren place_2021,13.162023720512549,8.722243026275763,0.34687537226877274,1.9889149024802777
38871,3-dakota place_2017,10.59887730019822,6.437516660197856,0.21790107534935976,1.1019068556175398
38888,3-danforth street_2024,10.97406076570049,7.405400803583927,0.27553968562605546,0.4902350861499817
38896,3-dank court_2022,11.311408199514819,7.506617287639293,0.2803019651541584,0.07008560756668776
38925,3-de sales place_2021,12.299635336933202,7.9283937740574295,0.29487265299713517,1.7319033020746895
38942,3-dean street_2018,15.610715948516392,11.221602792686609,0.3081570777888495,0.11037790746960938
38945,3-dean street_2021,15.661531275118369,11.221602792686609,0.3441278010691088,0.25642357654900866
38946,3-dean street_2022,15.087359311857574,11.221602792686609,0.3609947436795359,0.6068264740934182
38948,3-dean street_2024,14.864948699580546,11.221602792686609,0.3498065830712022,0.006578315360122567
38963,3-debevoise avenue_2019,12.05794638460356,8.222203725813404,0.22618653578479506,2.5894168039909875
38968,3-debevoise avenue_2024,11.865301036283222,8.222203725813404,0.24470257979150464,0.08791929803788351
38975,3-debevoise street_2021,12.264880570801553,7.825333714796251,0.3604008707568159,0.7635590448003108
38978,3-debevoise street_2024,11.468303544922163,7.825333714796251,0.34261099131953787,0.08901769631765273
38991,3-decatur street_2017,14.883946332889277,10.64957338290993,0.23990350717026024,0.2617486904252765
38999,3-decatur street_2025,14.159901075884942,10.64957338290993,0.0,0.009752291442678272
39001,3-degraw street_2017,14.265067701333743,10.030714773401005,0.23753068812477224,0.42552913914390605
39003,3-degraw street_2019,13.866677214878084,10.030714773401005,0.28756578662107835,0.47548855947630525
39005,3-degraw street_2021,14.470612971762407,10.030714773401005,0.3266018477530469,0.32114102619544627
39006,3-degraw street_2022,13.896441288921773,10.030714773401005,0.31176384439866434,0.003992021269537453
39013,3-dekalb avenue_2019,15.158040302552045,11.284978346346254,0.31323218103840333,0.5643474331683561
39015,3-dekalb avenue_2021,15.747765775595939,11.284978346346254,0.3838604530030543,0.002097798082146129
39018,3-dekalb avenue_2024,14.85421710664896,11.284978346346254,0.3793183917597926,0.00129915573162005
39019,3-dekalb avenue_2025,14.881456135301027,11.284978346346254,0.0,0.8778824885778351
39058,3-delmonico place_2024,10.441524781079202,6.799251877520113,0.2781540662001263,0.15572087499677562
39078,3-dennett place_2024,9.606378752797355,5.965521516898189,0.27553968562605546,0.7605254158898934
39093,3-desmond court_2019,11.303549852676044,7.576430759200053,0.2632583190643718,0.08259329830385331
39095,3-desmond court_2021,11.947522155552088,7.576430759200053,0.2764895320195025,0.5510074133988225
39102,3-devoe street_2018,14.026684511926527,9.637622560577356,0.2579279879860094,0.437222139721356
39116,3-devon avenue_2022,12.23723013625322,8.432114807064725,0.31283369015664303,0.6807202855518177
39126,3-dewey place_2022,10.998197395121213,7.1936040550475715,0.2944240003777135,0.07668322477095765
39146,3-dictum court_2022,12.129351279002208,8.324260203250795,0.28482084017074877,0.03739211921706267
39156,3-dikeman street_2022,12.965514000662937,9.099853728490844,0.29266961396282004,0.0246926125903715
39183,3-ditmas avenue_2019,14.67911887358616,10.951516701077177,0.3957359203378443,0.1338313476335206
39188,3-ditmas avenue_2024,14.346679066772621,10.951516701077177,0.4254577415248803,0.09449166309271763
39192,3-division avenue_2018,14.067341200063144,9.678276682199742,0.35141088220504035,0.5504308783583501
39196,3-division avenue_2022,13.543984983773324,9.678276682199742,0.44210250801906503,0.00707491367196188
39216,3-dobbin street_2022,12.03350133063269,8.168009390094513,0.2500718265056365,0.036717582935162765
39266,3-dooley street_2022,10.955844978964869,7.151283421160051,0.24637357828680506,0.38784409935076186
39273,3-doone court_2019,10.635832324346612,6.909188069747047,0.26593569683508816,0.6399046191642257
39308,3-doscher street_2024,12.037136579868138,8.556698415804325,0.27553968562605546,0.6838036655567928
39346,3-douglass street_2022,13.515920397455583,9.650213841104494,0.29765753240570547,0.13871791931182267
39366,3-downing street_2022,12.265592653723983,8.40004320461214,0.31895271533960184,0.2972115226679103
39368,3-downing street_2024,12.043183145081409,8.40004320461214,0.26324804711449884,0.4925598149590981
39376,3-drew street_2022,13.914851823422218,10.074366061352,0.24239746774809823,0.660469018169363
39378,3-drew street_2024,13.554949727217037,10.074366061352,0.2295597053142882,0.006975613736425242
39379,3-drew street_2025,13.567797853129044,10.074366061352,0.0,0.22274347129287003
39381,3-driggs avenue_2017,14.631606150655086,10.39723990789162,0.2613231156003007,0.21462739154587007
39386,3-driggs avenue_2022,14.262979650985352,10.39723990789162,0.34734781961747213,0.12195211075074605
39389,3-driggs avenue_2025,13.907560998448728,10.39723990789162,0.0,0.005087039048557106
39402,3-duffield street_2018,13.407428643599665,9.018421932388868,0.2611670526690577,1.0011831988921176
39408,3-duffield street_2024,12.66166287706427,9.018421932388868,0.28780521757846816,0.02264173048082465
39421,3-dumont avenue_2017,15.195708852188691,10.976659265563395,0.26650130297130015,0.3394677456010114
39423,3-dumont avenue_2019,14.7025769432287,10.976659265563395,0.3182162261075469,0.16678481764482547
39425,3-dumont avenue_2021,15.35528831024462,10.976659265563395,0.35323958577611314,1.1019068556175398
39426,3-dumont avenue_2022,14.817169540294225,10.976659265563395,0.3517273078814601,0.003294566949430031
39428,3-dumont avenue_2024,14.457267210962023,10.976659265563395,0.34707490844317357,0.007670506304219701
39461,3-dupont street_2017,13.311281463174598,9.076997760464717,0.19315589895966476,0.21478874693145614
39468,3-dupont street_2024,12.720245418586671,9.076997760464717,0.22727294465622094,0.012521280553671745
39475,3-durland place_2021,11.584583058297666,7.213712999618119,0.16852823466161881,0.11671579969596077
39492,3-duryea place_2018,11.523357520212546,7.116952255392887,0.2911970145592254,0.6691618178094341
39506,3-dwight street_2022,12.769928677424593,8.904292025474827,0.3820314835673086,1.4755178728675666
39521,3-eagle street_2017,13.512461757028156,9.278157532873779,0.2122345911881498,0.8717953319875911
39523,3-eagle street_2019,13.114071621035563,9.278157532873779,0.27397245217349003,1.1013751351570378
39528,3-eagle street_2024,12.921425469289677,9.278157532873779,0.30443746529249177,0.010247316451549523
39529,3-eagle street_2025,12.788417573874337,9.278157532873779,0.0,0.012620031356102263
39535,3-east 1 street_2021,14.13900221827678,9.76746134271217,0.2838096135060082,0.07890359759546596
39543,3-east 10 street_2019,14.063269863056059,10.335682254754065,0.272096123852459,0.28758206745144754
39546,3-east 10 street_2022,14.14097878902466,10.335682254754065,0.3101496913170969,0.004888034072775962
39548,3-east 10 street_2024,13.730830197784403,10.335682254754065,0.2744920165936118,0.419302264896186
39556,3-east 100 street_2022,13.771582784256388,9.966300429653637,0.28557613832870954,0.7820733897543468
39558,3-east 100 street_2024,13.361434356647596,9.966300429653637,0.30010459245033805,0.007769737264360664
39559,3-east 100 street_2025,13.5665761823826,9.966300429653637,0.0,0.03950913309471249
39565,3-east 101 street_2021,14.227942605735713,9.856396916738005,0.3157102451727838,0.6815299612197546
39568,3-east 101 street_2024,13.251525571514932,9.856396916738005,0.33510293611970854,0.18082043066768747
39576,3-east 102 street_2022,13.674590190829516,9.869312512363003,0.29131718968353376,2.288141281561634
39578,3-east 102 street_2024,13.264441817183213,9.869312512363003,0.3294691184014526,0.011434377625663104
39581,3-east 103 street_2017,14.126396997992934,9.96350599997454,0.2776097297981774,0.41416052647538804
39588,3-east 103 street_2024,13.358639799970486,9.96350599997454,0.37354336305817337,1.4012076038521863
39598,3-east 104 street_2024,13.254245025635191,9.859116233296122,0.2357286030938925,0.04382547954002956
39605,3-east 105 street_2021,14.629313531406044,10.257750734182137,0.42438014572191396,1.2991011494175133
39608,3-east 105 street_2024,13.652896134973332,10.257750734182137,0.4051515793393317,0.02332582530349669
39638,3-east 108 street_2024,13.289415205328272,9.894284667220102,0.3678763412047224,0.036910354020097076
39651,3-east 12 street_2017,15.209198173151524,11.04627651784744,0.24256163717131135,1.009380266050883
39652,3-east 12 street_2018,15.453467698886199,11.04627651784744,0.25247510195626777,0.29557583457088143
39653,3-east 12 street_2019,14.773880237252852,11.04627651784744,0.2827498709792211,0.06485097231961631
39656,3-east 12 street_2022,14.851589192905953,11.04627651784744,0.31539664094603764,0.006578315360122567
39661,3-east 13 street_2017,15.081209297652109,10.918289785791842,0.21494738181883408,0.0343048036919903
39662,3-east 13 street_2018,15.325478816043397,10.918289785791842,0.23671015646933116,0.20831413706820825
39666,3-east 13 street_2022,14.723600331973339,10.918289785791842,0.3186370603783979,0.0026963615477426086
39668,3-east 13 street_2024,14.313451579039759,10.918289785791842,0.2788065947714038,0.3033585518367885
39669,3-east 13 street_2025,14.518593584111146,10.918289785791842,0.0,0.45514376633871156
39671,3-east 14 street_2017,15.116893868175653,10.953973730868684,0.2444105400514606,0.06672363204290818
39672,3-east 14 street_2018,15.36116338870971,10.953973730868684,0.25938299908273443,0.17680637610584446
39675,3-east 14 street_2021,15.325553902416615,10.953973730868684,0.33013582845002615,0.16169358899798714
39676,3-east 14 street_2022,14.759284898246356,10.953973730868684,0.348110299013208,0.002596625847265978
39678,3-east 14 street_2024,14.34913613814441,10.953973730868684,0.31948141603559205,0.21123290028837466
39681,3-east 15 street_2017,15.012080740343803,10.849162505481555,0.2166519380777024,0.03556017539855087
39682,3-east 15 street_2018,15.256350254360122,10.849162505481555,0.24982921767976707,0.2888563826795496
39686,3-east 15 street_2022,14.654471783343501,10.849162505481555,0.3132248674035832,0.009851316050374183
39689,3-east 15 street_2025,14.449465042049138,10.849162505481555,0.0,0.39116332339730475
39701,3-east 16 street_2017,15.145746016025582,10.98282538909058,0.2383379865136557,0.11991409666533759
39705,3-east 16 street_2021,15.354406051724222,10.98282538909058,0.3210810363787928,0.050312813873589095
39706,3-east 16 street_2022,14.788137042768783,10.98282538909058,0.32190713373948693,0.008265744417032617
39711,3-east 17 street_2017,15.437194827122358,11.27426997136051,0.24420131780102408,0.514439087335826
39713,3-east 17 street_2019,15.001876863627597,11.27426997136051,0.2866641126459968,0.023521195041345824
39716,3-east 17 street_2022,15.079585825126598,11.27426997136051,0.3217859791135656,0.0018981972830802527
39718,3-east 17 street_2024,14.669437010945643,11.27426997136051,0.3010294653462512,0.44545475632432285
39722,3-east 18 street_2018,15.638663087371633,11.249549567309309,0.24576979703002058,0.14962617395581243
39723,3-east 18 street_2019,15.085542353893713,11.249549567309309,0.2648209937879955,0.28307145989409765
39726,3-east 18 street_2022,15.115306447564897,11.249549567309309,0.3117790427434701,0.003992021269537453
39728,3-east 18 street_2024,14.892895833363571,11.249549567309309,0.29105659014291424,0.4439162944824171
39731,3-east 19 street_2017,15.476728477353548,11.313803137145104,0.21912678028306182,0.1919418001709452
39733,3-east 19 street_2019,15.041410509681633,11.313803137145104,0.25388075632973434,0.26005390533430683
39736,3-east 19 street_2022,15.119119472065513,11.313803137145104,0.30603034449337785,0.3339691064030944
39738,3-east 19 street_2024,14.708970652332248,11.313803137145104,0.29924128801286043,0.27490073808704785
39741,3-east 2 street_2017,15.256730591563832,11.093808207539313,0.23457377502054613,0.6681882825187498
39743,3-east 2 street_2019,14.821412649381728,11.093808207539313,0.2720539423962645,0.07547846117590554
39745,3-east 2 street_2021,15.465390632493518,11.093808207539313,0.3088507514245842,0.055529309792480296
39746,3-east 2 street_2022,14.899121606365899,11.093808207539313,0.31656853061195483,0.0022973590486834897
39748,3-east 2 street_2024,14.48897282051391,11.093808207539313,0.2869921793578432,0.0023971245997214934
39755,3-east 21 street_2021,15.707224059292306,11.335638409104874,0.30046483418886,0.2944590567308047
39756,3-east 21 street_2022,15.140955001737854,11.335638409104874,0.3013328508720756,0.011335509663745602
39762,3-east 22 street_2018,15.561868408333671,11.154675609054586,0.23309577636686543,0.039605254592359425
39766,3-east 22 street_2022,14.959989885868353,11.154675609054586,0.30305612944996757,0.004688989486131542
39768,3-east 22 street_2024,14.549841089884755,11.154675609054586,0.3008437156151812,0.21503073120365931
39772,3-east 23 street_2018,15.541260350133472,11.134067845147023,0.23578467619428653,0.01715205881756557
39775,3-east 23 street_2021,15.505650862566764,11.134067845147023,0.30212650405128644,0.42101031944362666
39776,3-east 23 street_2022,14.939381830666122,11.134067845147023,0.307461319693484,0.09884936404216896
39781,3-east 24 street_2017,15.153289923232828,10.990369170588568,0.21685901801982657,0.04344255784283673
39786,3-east 24 street_2022,14.79568094912171,10.990369170588568,0.3047576732420356,0.005683816468297671
39796,3-east 25 street_2022,12.665303556484252,8.860114079820505,0.31287671108633197,0.019704583274335403
39806,3-east 26 street_2022,14.913603096543579,11.108289483960274,0.2904826343942369,0.07408654335269818
39816,3-east 27 street_2022,14.71504757016707,10.909737176194055,0.30044660566781883,0.5933268452777344
39822,3-east 28 street_2018,15.58503869914195,11.177845576142799,0.23830097318336055,0.1416731583161457
39826,3-east 28 street_2022,14.983160173378888,11.177845576142799,0.29768892179897893,0.6045345222033417
39831,3-east 29 street_2017,15.33900121548648,11.176077649206144,0.2043443419944161,0.21462739154587007
39832,3-east 29 street_2018,15.583270747768099,11.176077649206144,0.22939651826517807,0.0927614800813111
39833,3-east 29 street_2019,14.90368326311032,11.176077649206144,0.24356292462444198,0.10544051245799695
39835,3-east 29 street_2021,15.547661259935866,11.176077649206144,0.28842171370884684,0.019900661706336167
39836,3-east 29 street_2022,14.981392222253978,11.176077649206144,0.2911925484231013,0.01222496962256897
39842,3-east 3 street_2018,15.486921077139941,11.079729377858857,0.2666460547749245,0.2836740510542421
39845,3-east 3 street_2021,15.451311589933649,11.079729377858857,0.3074249051580944,0.04325104199431494
39846,3-east 3 street_2022,14.88504256588034,11.079729377858857,0.31258250916947433,0.006180859075081115
39848,3-east 3 street_2024,14.474893782460958,11.079729377858857,0.2987514122709181,0.0023971245997214934
39853,3-east 31 street_2019,14.460116358247591,10.732518374791342,0.2464492250900718,0.17697395046735934
39855,3-east 31 street_2021,15.104094265792485,10.732518374791342,0.29462476198994075,0.29579904055372847
39856,3-east 31 street_2022,14.537825303332333,10.732518374791342,0.2957568007882556,0.002796087302001274
39862,3-east 32 street_2018,15.089196071099373,10.682011812510027,0.23808798644888368,0.1211551215564672
39863,3-east 32 street_2019,14.40960869258688,10.682011812510027,0.24976283758948722,0.45831053065468963
39865,3-east 32 street_2021,15.053586587221542,10.682011812510027,0.29486303147792015,0.15229181034225864
39866,3-east 32 street_2022,14.487317635638666,10.682011812510027,0.30447128779460564,0.08286947782229463
39886,3-east 34 street_2022,14.530158575595923,10.724851811276181,0.305467017487037,0.01004933585300144
39892,3-east 35 street_2018,15.404875370997882,10.997684974289067,0.2406435942854684,0.5259112611840315
39893,3-east 35 street_2019,14.725287918782298,10.997684974289067,0.2611606534896897,0.3202702620449325
39896,3-east 35 street_2022,14.802996873007643,10.997684974289067,0.293980874599809,0.007571265496318075
39899,3-east 35 street_2025,14.59799011814152,10.997684974289067,0.0,0.003095204907302419
39915,3-east 37 street_2021,15.27350916388506,10.901929914815382,0.31244031221421165,0.006180859075081115
39916,3-east 37 street_2022,14.707240168703514,10.901929914815382,0.3076214314867178,0.15760186050348968
39919,3-east 37 street_2025,14.502233422354925,10.901929914815382,0.0,0.023228126119207167
39922,3-east 38 street_2018,15.297862719595907,10.890674190639517,0.23083207589568633,0.1956490170048168
39923,3-east 38 street_2019,14.618275289807197,10.890674190639517,0.2668950609873377,0.5115053926707479
39926,3-east 38 street_2022,14.695984240632576,10.890674190639517,0.31087854267231513,0.004888034072775962
39929,3-east 38 street_2025,14.49097749533983,10.890674190639517,0.0,0.008563230660487873
39932,3-east 39 street_2018,14.774910832271145,10.36773494683931,0.24021750210417567,0.17218704231335688
39933,3-east 39 street_2019,14.095323554299547,10.36773494683931,0.27202863266846933,0.6164820956244599
39936,3-east 39 street_2022,14.173032482109098,10.36773494683931,0.31022209649301036,0.008265744417032617
39943,3-east 4 street_2019,14.86073569407257,11.024746117058807,0.26051401475285646,0.248967231323668
39945,3-east 4 street_2021,15.464671722287036,11.024746117058807,0.306306058205606,0.08929210747876185
39946,3-east 4 street_2022,14.890499785667803,11.024746117058807,0.30931397210300177,0.0023971245997214934
39948,3-east 4 street_2024,14.668089188582053,11.024746117058807,0.29464056451302106,0.002496880198587199
39952,3-east 40 street_2018,14.950194705293619,10.543013828027338,0.23205256801387383,0.5725602175708276
39956,3-east 40 street_2022,14.34831630427889,10.543013828027338,0.2933027498755283,0.00707491367196188
39962,3-east 41 street_2018,11.875113693787128,7.4684707625334825,0.14693152537080087,1.7175745710386783
39976,3-east 42 street_2022,14.087253031941271,10.281958249121747,0.28757649255409534,0.003992021269537453
39981,3-east 43 street_2017,14.595045499276093,10.432137157421073,0.229639353526643,0.25316826441990514
39985,3-east 43 street_2021,14.803705498400456,10.432137157421073,0.3094751273990818,0.15614868248993136
39986,3-east 43 street_2022,14.23743660950896,10.432137157421073,0.29030729999512944,0.003394233068015547
40005,3-east 46 street_2021,14.857022078987036,10.485452227244544,0.29780221718934025,0.03931686237695038
40006,3-east 46 street_2022,14.290753175374372,10.485452227244544,0.2986799190622642,0.4432103743504231
40008,3-east 46 street_2024,13.88060453319924,10.485452227244544,0.3120382112839309,0.03787365242808152
40015,3-east 48 street_2021,15.035641829780822,10.664067465444091,0.31371024450611673,0.0329511001396859
40018,3-east 48 street_2024,14.059224188454955,10.664067465444091,0.3144750848901674,0.027615167032973367
40021,3-east 49 street_2017,14.917268152476836,10.754351819015044,0.23147476326180136,0.3127648528192441
40022,3-east 49 street_2018,15.161537659978983,10.754351819015044,0.23881088648165294,0.24584393683498554
40023,3-east 49 street_2019,14.481950262466182,10.754351819015044,0.24783616390458127,0.2360992624744257
40025,3-east 49 street_2021,15.125928175393302,10.754351819015044,0.3069896273859615,0.21905520540560322
40028,3-east 49 street_2024,14.149510491893203,10.754351819015044,0.2863881322238015,0.03768106696768849
40033,3-east 5 street_2019,14.81018498546221,11.082580711182581,0.2782873042993361,0.4832282965738864
40036,3-east 5 street_2022,14.88789394213765,11.082580711182581,0.3106000046812491,0.3055711052875209
40038,3-east 5 street_2024,14.477745158222831,11.082580711182581,0.30914547900683353,0.0972174507153592
40039,3-east 5 street_2025,14.682887180372731,11.082580711182581,0.0,0.2681169169569409
40048,3-east 51 street_2024,14.28657723827926,10.891415922142757,0.3199823427604884,0.2315877980968727
40053,3-east 52 street_2019,14.666453621827914,10.938851667396596,0.2515405009157766,0.16398785010544992
40055,3-east 52 street_2021,15.310431575835599,10.938851667396596,0.3048458352223783,0.20872003064848554
40061,3-east 53 place_2017,12.14036866368017,7.977769033064399,0.18666938973005798,1.0666054925330233
40071,3-east 53 street_2017,15.389834347386117,11.226910097768501,0.25872337022624337,0.4131686924931969
40073,3-east 53 street_2019,14.954516389117854,11.226910097768501,0.2784619566542685,0.12539840939433364
40078,3-east 53 street_2024,14.622076542275837,11.226910097768501,0.33770300600734554,0.008464078412129412
40079,3-east 53 street_2025,14.82721857728043,11.226910097768501,0.0,0.35002286785835474
40081,3-east 54 street_2017,14.922784339666771,10.759867890573904,0.22515259267303228,0.4558413154332312
40082,3-east 54 street_2018,15.167053847565068,10.759867890573904,0.22593389225402422,0.055529309792480296
40091,3-east 55 street_2017,14.921849250513342,10.758932820977073,0.2075001636111508,0.35690491749278735
40099,3-east 55 street_2025,14.359233573772803,10.758932820977073,0.0,0.006478966097709122
40102,3-east 56 street_2018,15.48730337783492,11.080111672731054,0.27387205798422143,1.2551030854275427
40105,3-east 56 street_2021,15.451693890626023,11.080111672731054,0.3481616394291737,0.002596625847265978
40116,3-east 57 place_2022,11.308755815776214,7.503966330679497,0.3214091903101174,0.06456977064930008
40123,3-east 57 street_2019,14.437620857498759,10.710023358598095,0.24571631604256605,0.49469624183610705
40125,3-east 57 street_2021,15.08159875937405,10.710023358598095,0.3057807714882303,0.0036931718376175702
40126,3-east 57 street_2022,14.515329801690717,10.710023358598095,0.3008527198858539,0.7649095467868361
40138,3-east 58 street_2024,13.885809094168872,10.490656648040405,0.29279827269570896,0.24849935857651795
40146,3-east 59 place_2022,12.295099319855575,8.48997201911464,0.31038745940592205,0.024595046855380207
40155,3-east 59 street_2021,14.956801608936686,10.585229137438809,0.28069881527023854,0.38614636372176425
40173,3-east 60 place_2019,11.531919223584808,7.8046980269785555,0.2888441876319583,0.06625579577706527
40175,3-east 60 place_2021,12.175892721648333,7.8046980269785555,0.34037849158827804,0.4605213138562428
40176,3-east 60 place_2022,11.60962747431523,7.8046980269785555,0.3045040716098228,0.04821857227047433
40206,3-east 63 street_2022,13.695861468512483,9.89058272535881,0.3267310675656603,0.01459300230290015
40213,3-east 64 street_2019,13.848474578553516,10.120894559480256,0.2712690428104508,0.31554040058017735
40216,3-east 64 street_2022,13.926183490538895,10.120894559480256,0.3260932424764912,0.011632084229707653
40221,3-east 65 street_2017,14.37324893124082,10.210347793398338,0.23604472163558265,0.5965261419555198
40226,3-east 65 street_2022,14.015640090432782,10.210347793398338,0.3287897404491967,0.22976160361578515
40232,3-east 66 street_2018,15.09423020206566,10.68704582961745,0.33413429017438273,1.254504308625084
40236,3-east 66 street_2022,14.492351765445058,10.68704582961745,0.40783877403619967,0.004091617903253565
40251,3-east 68 street_2017,13.432807471535343,9.269962868054218,0.14367584169629502,0.43502391034970883
40261,3-east 69 street_2017,14.545054836725878,10.382147982031865,0.24852671663978626,0.5542298813732763
40268,3-east 69 street_2024,13.77729734919925,10.382147982031865,0.388203311468858,0.5616708177715594
40272,3-east 7 street_2018,15.624437606437992,11.217243949914613,0.2514229875031907,0.019312311032372815
40273,3-east 7 street_2019,14.944850115080566,11.217243949914613,0.2635198424395139,0.43508863317423546
40276,3-east 7 street_2022,15.022559075239906,11.217243949914613,0.3146887390265435,0.07742389696480362
40278,3-east 7 street_2024,14.612410269464844,11.217243949914613,0.2994962459174019,0.20106152816800735
40311,3-east 73 street_2017,14.298037697464771,10.135139388454114,0.203296478585902,0.1989328225991515
40318,3-east 73 street_2024,13.530280365960895,10.135139388454114,0.28617231264812837,0.511625303936555
40356,3-east 78 street_2022,12.761623591939971,8.95642137144616,0.3097580241509807,1.3501489144835375
40382,3-east 8 street_2018,15.449349926559856,11.042158810518146,0.24982672644318574,0.23736198855176527
40386,3-east 8 street_2022,14.847471421241739,11.042158810518146,0.3070378620292469,0.0023971245997214934
40388,3-east 8 street_2024,14.437322644484142,11.042158810518146,0.31186550315359846,0.2665861091570465
40398,3-east 80 street_2024,14.043143510243446,10.647987153367813,0.4032522282496343,0.00786895837869518
40405,3-east 81 street_2021,13.770564735293377,9.399049056335533,0.2970558096009795,0.013804280976397056
40408,3-east 81 street_2024,12.79414833645379,9.399049056335533,0.27029032973991174,1.0170406349742982
40415,3-east 82 street_2021,13.950737857376877,9.579208698712767,0.29845432232017743,0.01153323581367303
40421,3-east 83 street_2017,14.394875243566796,10.231973330931169,0.30186415126859334,0.6434841355408446
40428,3-east 83 street_2024,13.627117846269602,10.231973330931169,0.3792091005938507,0.9040561942058125
40431,3-east 84 street_2017,14.334171878722811,10.17127218407645,0.14369707109051508,0.6745757949745099
40435,3-east 84 street_2021,14.542831852103042,10.17127218407645,0.2240335660924343,0.006379606964039027
40438,3-east 84 street_2024,13.566414521920613,10.17127218407645,0.1997690351701609,0.11109404750558684
40445,3-east 85 street_2021,14.696883579156808,10.325318518541765,0.2962690092919523,0.005484930230569685
40448,3-east 85 street_2024,13.720466134804486,10.325318518541765,0.3364722366212129,0.07194849931258404
40455,3-east 86 street_2021,14.549009809905659,10.177449909254149,0.24038412530259987,0.885254038088697
40458,3-east 86 street_2024,13.572592474798169,10.177449909254149,0.24929585674365826,0.1136857644038164
40461,3-east 87 street_2017,14.322604780345435,10.159705523825652,0.17675746454195734,0.7440303908745152
40465,3-east 87 street_2021,14.531264752421285,10.159705523825652,0.2513651626610697,0.006478966097709122
40468,3-east 87 street_2024,13.554847431542353,10.159705523825652,0.2529733325087238,0.15194825627205824
40472,3-east 88 street_2018,14.794528667552798,10.387352178975698,0.2402883657141106,0.4354768821761358
40475,3-east 88 street_2021,14.758919187150768,10.387352178975698,0.308145764173279,0.16271391048774617
40478,3-east 88 street_2024,13.782501701565572,10.387352178975698,0.3064699863174141,0.05581306481921279
40481,3-east 89 street_2017,14.547613463207268,10.384706530578654,0.2234547384958092,0.6489340258836199
40488,3-east 89 street_2024,13.779855974257753,10.384706530578654,0.319199832772186,0.28427627931694804
40496,3-east 9 street_2022,14.634382527062403,10.829073634527047,0.31782474177732745,0.5696792665597005
40505,3-east 91 street_2021,14.949061287297157,10.577489009804628,0.3086698077932573,0.6488817642619299
40506,3-east 91 street_2022,14.38279236004756,10.577489009804628,0.31325240094127166,0.01014833105181515
40508,3-east 91 street_2024,13.972643690152712,10.577489009804628,0.3068160270383249,0.3490358401414488
40516,3-east 92 street_2022,14.599094010582496,10.793785813934022,0.3256694930890284,0.00707491367196188
40518,3-east 92 street_2024,14.18894528476168,10.793785813934022,0.27897431903311143,0.5766695425012502
40523,3-east 93 street_2019,14.494482854350599,10.766884151365447,0.25061166201868834,0.6584522107630585
40526,3-east 93 street_2022,14.572191800761061,10.766884151365447,0.29498151016445945,0.002995508979798479
40528,3-east 93 street_2024,14.162043081255353,10.766884151365447,0.2593757183281734,0.003095204907302419
40535,3-east 94 street_2021,15.126592554370147,10.755016183989715,0.29322166205927075,0.9414905328958972
40538,3-east 94 street_2024,14.150174870573602,10.755016183989715,0.285470577173595,0.003095204907302419
40541,3-east 95 street_2017,14.997455077332992,10.834537124148369,0.22672137266209375,0.09367247586263519
40545,3-east 95 street_2021,15.206115105071568,10.834537124148369,0.3051001949641146,0.2513810927254493
40548,3-east 95 street_2024,14.229697387177701,10.834537124148369,0.2967619709536483,0.002895803112025565
40552,3-east 96 street_2018,15.192700622161878,10.785514134043963,0.2362259087722936,0.6390605146561794
40555,3-east 96 street_2021,15.157091137286704,10.785514134043963,0.2891100825461124,0.00349388925425578
40556,3-east 96 street_2022,14.590822163988735,10.785514134043963,0.28911729110597595,0.006876303939432157
40558,3-east 96 street_2024,14.18067344009162,10.785514134043963,0.2691383506772744,0.002995508979798479
40568,3-east 98 street_2024,14.475096008310151,11.079931600694257,0.3575005853606882,0.0035935355101301704
40578,3-east 99 street_2024,13.53253010352799,10.137389039883228,0.29406559523357,0.006578315360122567
40579,3-east 99 street_2025,13.737671975192182,10.137389039883228,0.0,0.03343477608623739
40602,3-east new york avenue_2018,15.491081443549339,11.08388968102169,0.3201144227823493,0.5062150112083075
40603,3-east new york avenue_2019,14.811493974933828,11.08388968102169,0.33282874013286157,0.6443245158623768
40606,3-east new york avenue_2022,14.88920293164544,11.08388968102169,0.3799932325865242,0.002496880198587199
40608,3-east new york avenue_2024,14.479054147503653,11.08388968102169,0.3517402496069687,0.002995508979798479
40612,3-eastern parkway_2018,16.479787154290545,12.07258586548376,0.3037991951499678,0.7022060250482913
40613,3-eastern parkway_2019,15.800199571289863,12.07258586548376,0.3301467606756221,0.6155099108327928
40615,3-eastern parkway_2021,16.444177662794587,12.07258586548376,0.33753382636418244,0.3038752523465311
40616,3-eastern parkway_2022,15.877908545342537,12.07258586548376,0.3652815722572771,0.005783244755727333
40619,3-eastern parkway_2025,15.672901734648082,12.07258586548376,0.0,0.00707491367196188
40656,3-ebony court_2022,12.24662498628526,8.441507666158156,0.2654436981119295,0.031886188862321745
40661,3-eckford street_2017,13.597250486777458,9.362938776322617,0.20105259350001783,0.5083826421148506
40666,3-eckford street_2022,13.228624344488514,9.362938776322617,0.2743158299762914,0.011632084229707653
40676,3-egan street_2022,12.628139960394149,8.82295573833311,0.23000045539549194,0.02673929718962161
40681,3-eldert lane_2017,14.83216422601187,10.613122024349,0.30486689720588184,0.31801727224785387
40682,3-eldert lane_2018,15.07347331816701,10.613122024349,0.306722296150938,0.966489427406901
40683,3-eldert lane_2019,14.33903238734518,10.613122024349,0.3310756413594269,0.27094274844748284
40686,3-eldert lane_2022,14.453624964860461,10.613122024349,0.37146915255915686,0.007769737264360664
40688,3-eldert lane_2024,14.09372270527957,10.613122024349,0.36934150964882984,0.003792798238696237
40689,3-eldert lane_2025,14.10657083809185,10.613122024349,0.0,0.364156884286488
40691,3-eldert street_2017,13.678684727251907,9.515819906647687,0.24468392564764982,1.1610548648468177
40698,3-eldert street_2024,12.910928007174991,9.515819906647687,0.301745281907798,0.007372754329413085
40716,3-ellery street_2022,12.989756764687453,9.124093873614118,0.3518161000281548,0.016365354086264272
40718,3-ellery street_2024,12.767346651397894,9.124093873614118,0.3598423362445526,0.47592357175672584
40721,3-elm avenue_2017,12.63028018070811,8.467549756928639,0.20804097257619497,0.06118916831242246
40732,3-elm place_2018,11.299574382640094,6.911432458821802,0.20724315953875017,0.7624866586385581
40751,3-elmwood avenue_2017,12.554847261270593,8.392133048824594,0.2542150829615434,1.8859781444670367
40766,3-elton street_2022,14.397757841147543,10.592454120797884,0.2891747202098678,0.007372754329413085
40768,3-elton street_2024,13.987609166981771,10.592454120797884,0.2764119054807413,0.03324133377980188
40769,3-elton street_2025,14.192751128632137,10.592454120797884,0.0,0.04277209184386899
40778,3-emerald street_2024,12.201173251943983,8.720706897199225,0.27902400970866637,0.9082585601768908
40781,3-emerson place_2017,13.03292615836131,8.798678597348983,0.16529285638050015,0.7511330297585985
40788,3-emerson place_2024,12.441890542014178,8.798678597348983,0.24145757964817738,0.017545179215748816
40791,3-emmons avenue_2017,14.949117243348649,10.78620025096728,0.3300420992800068,0.3607466433087861
40796,3-emmons avenue_2022,14.591508294792249,10.78620025096728,0.40778211465986414,1.2410373484627522
40806,3-empire boulevard_2022,14.905777635923007,11.040023725451324,0.4681276856263835,0.33775712508408734
40812,3-engert avenue_2018,13.215571788483954,8.826590383302335,0.2640093343494181,0.7410321732805181
40832,3-erik place_2018,12.547459195730069,8.15861556941942,0.36376244422231563,1.4593821702270566
40851,3-essex street_2017,14.771457127675356,10.482807725893913,0.21711232810194803,0.3239657845290276
40856,3-essex street_2022,14.37745364873845,10.482807725893913,0.2836308506168682,0.008860628432196557
40858,3-essex street_2024,14.05203146757312,10.482807725893913,0.2788065947714038,0.22058026891104496
40859,3-essex street_2025,14.07927048452384,10.482807725893913,0.0,0.07306457085700514
40863,3-etna street_2019,13.556081177236829,9.683067957683152,0.2646276521750729,0.30350620779866627
40872,3-euclid avenue_2018,14.836842313941855,10.376497509420599,0.3245936760821558,0.12380928572628641
40876,3-euclid avenue_2022,14.21699402579158,10.376497509420599,0.4103945784201262,0.005783244755727333
40878,3-euclid avenue_2024,13.857091827307206,10.376497509420599,0.3917552877453778,1.2293481106571642
40881,3-evans street_2017,10.634121355277502,6.401361631675859,0.16640027620574735,1.3116516306237946
40896,3-everett avenue_2022,12.465492999793014,8.660334216926497,0.27570478010713056,0.681074599325676
40901,3-evergreen avenue_2017,14.634838035444451,10.400471695640707,0.2950318497257767,0.43670534384422083
40903,3-evergreen avenue_2019,14.236447452482512,10.400471695640707,0.2947842376037441,0.44871615010247934
40908,3-evergreen avenue_2024,14.043801011752041,10.400471695640707,0.32714950120490743,0.333754260554164
40911,3-everit street_2017,10.643344264914031,6.410569528721049,0.24461081821624692,0.8776746359030622
40936,3-fair street_2022,9.940027488106582,6.076508480148417,0.18811867447828054,0.29825102380101515
40976,3-fane court_2022,12.00425514493064,8.199195672386585,0.2776317365982795,0.019900661706336167
40986,3-fane court south_2022,10.051159057688984,6.247724380639688,0.26860592539096706,0.09785240016750463
41002,3-farragut road_2018,15.601654488328352,11.194461137759166,0.3846508524053564,0.20701416938432612
41005,3-farragut road_2021,15.566045000383388,11.194461137759166,0.44602994403535806,0.3576045117566645
41006,3-farragut road_2022,14.999775960247028,11.194461137759166,0.44744996138867604,0.12830526015292384
41008,3-farragut road_2024,14.58962715796658,11.194461137759166,0.44973753249521337,0.2542545463392624
41045,3-fenimore street_2021,14.07334807701625,9.63347109912025,0.3009015495655138,0.3188899995759741
41046,3-fenimore street_2022,13.4991765906749,9.63347109912025,0.3300131318423015,0.011730922875698666
41076,3-fillmore avenue_2022,14.148107230570155,10.34281047090426,0.3708901305399972,0.009554212804811658
41102,3-flatbush avenue_2018,17.104713975578335,12.697510063827426,0.3782806773871392,0.16101279584770323
41103,3-flatbush avenue_2019,16.425126361083286,12.697510063827426,0.39354348862978505,0.19037239498366548
41105,3-flatbush avenue_2021,17.069104482909065,12.697510063827426,0.4382476717877196,0.1731967184613961
41106,3-flatbush avenue_2022,16.502835339910582,12.697510063827426,0.44916461992398277,0.1573455707237775
41108,3-flatbush avenue_2024,16.092686417000696,12.697510063827426,0.4117750953338077,0.055245474225978516
41148,3-flatlands 10 street_2024,11.251150968927789,7.856346028608878,0.34138625142364204,0.6739643611431714
41158,3-flatlands 2 street_2024,11.249701526942848,7.854897129541772,0.316571082303918,0.6780335427498971
41162,3-flatlands 3 street_2018,10.612690302504495,6.20747511561297,0.22638916200921316,2.8276863335285185
41178,3-flatlands 4 street_2024,10.798287711337107,7.403697149883069,0.32905563896616324,1.7174668646462
41188,3-flatlands 5 street_2024,11.25123960241641,7.856434628923546,0.32905563896616324,0.673913391444646
41198,3-flatlands 6 street_2024,11.25162593186649,7.856820813811646,0.316571082303918,0.6737094866674702
41208,3-flatlands 7 street_2024,11.550042813237763,8.155141164222789,0.24632113962691543,0.6863239552118199
41218,3-flatlands 8 street_2024,11.550013582970715,8.155111942070818,0.24632113962691543,0.6863742962725166
41226,3-flatlands 9 street_2022,11.961705705944695,8.156657915613184,0.2722697934568941,0.6831473484816117
41235,3-flatlands avenue_2021,16.365673193710375,11.994081857159653,0.4391254347105371,0.5254383361338362
41236,3-flatlands avenue_2022,15.79940408074796,11.994081857159653,0.4594875023668448,0.004489905272852052
41238,3-flatlands avenue_2024,15.389255193062262,11.994081857159653,0.4399439209580716,0.6462651946598149
41239,3-flatlands avenue_2025,15.594397272416215,11.994081857159653,0.0,0.11315009793265586
41256,3-fleet place_2022,11.378522954376054,7.513287827555589,0.33647223662121295,0.9130454717091255
41266,3-fleet street_2022,10.800213666336218,6.935396860439268,0.2505298068204882,0.9640136600831645
41286,3-florence avenue_2022,12.414298715116812,8.609148833998207,0.29242107049933014,0.6326538001309828
41291,3-flushing avenue_2017,15.57465885425051,11.340274248975,0.4689535557384258,0.7158866675294348
41295,3-flushing avenue_2021,15.780204211208334,11.340274248975,0.5171235190496483,0.7869562342380031
41296,3-flushing avenue_2022,15.206032234245296,11.340274248975,0.5493979736794744,0.26474604116872325
41306,3-folsom place_2022,10.360406851277931,6.5564688271603995,0.2758476148047781,0.13304377375776436
41318,3-forbell street_2024,13.524158120609291,10.04357573210232,0.3953343896333424,0.2989928635976476
41326,3-force tube avenue_2022,12.560708576878595,8.666204029438447,0.30624645214183355,0.046597285376782184
41329,3-force tube avenue_2025,12.262526433018138,8.666204029438447,0.0,0.5202807825367458
41333,3-ford street_2019,13.190305215433106,9.462761759118637,0.26218535758804434,1.3111396875191301
41338,3-ford street_2024,12.85786597926392,9.462761759118637,0.31026986422718883,0.10885440491208209
41366,3-fort greene place_2022,12.85666475220233,8.991017053739956,0.35685139895786505,0.691796268488989
41393,3-fort hamilton parkway_2019,15.407144487269779,11.571148199115225,0.34864863306450355,0.7901831430715396
41396,3-fort hamilton parkway_2022,15.436908583205772,11.571148199115225,0.43517365769699523,0.13897902728145098
41412,3-foster avenue_2018,16.231116283794716,11.82391658850795,0.4009311107149689,0.20506104376344406
41416,3-foster avenue_2022,15.629237691079815,11.82391658850795,0.4624905241585247,0.16509061986559267
41418,3-foster avenue_2024,15.219088816330084,11.82391658850795,0.4473384141185292,0.28224230370141623
41419,3-foster avenue_2025,15.42423088855304,11.82391658850795,0.0,0.004290781417156275
41422,3-fountain avenue_2018,15.111287486477385,10.704102732471632,0.37419161102953513,0.06372569088054483
41426,3-fountain avenue_2022,14.509409045969814,10.704102732471632,0.4071687922168266,1.5560160384380257
41428,3-fountain avenue_2024,14.099260341879917,10.704102732471632,0.3913919525127273,0.0017983819413793735
41441,3-franklin avenue_2017,15.100686989016646,10.86630948562275,0.2969171549861975,0.419302264896186
41442,3-franklin avenue_2018,15.25541700348403,10.86630948562275,0.2968323945767157,0.5013205937516858
41448,3-franklin avenue_2024,14.509649833061422,10.86630948562275,0.33333251661654517,0.003194890896519197
41452,3-franklin street_2018,14.286378255210774,9.897301570484625,0.331818236629788,0.4399309449894429
41453,3-franklin street_2019,13.733257863696236,9.897301570484625,0.3236804218036937,0.3313879047118487
41463,3-freeman street_2019,12.95512633207274,9.119227994206325,0.27397245217349003,0.6535744054401221
41468,3-freeman street_2024,12.762480254136898,9.119227994206325,0.3327708135180266,0.015085637418040853
41523,3-fuller place_2019,11.215264783444294,7.379869674035205,0.27833621003354325,0.09966432311294532
41531,3-fulton street_2017,16.14417394768814,11.90978425690472,0.30380642518177076,0.478467707657865
41532,3-fulton street_2018,16.298903987841037,11.90978425690472,0.31698553447851746,0.187972228302769
41533,3-fulton street_2019,15.74578319670527,11.90978425690472,0.3226699325138517,0.12301377589514423
41538,3-fulton street_2024,15.553136647342107,11.90978425690472,0.3558776913514284,0.05278218543896945
41539,3-fulton street_2025,15.420128429117433,11.90978425690472,0.0,0.2616717170195501
41546,3-furman avenue_2022,11.784301197507975,7.97930784246817,0.24853278531902925,0.665004874613665
41551,3-furman street_2017,13.04981472159818,8.815564669577341,0.3511696213433771,3.3272027364200296
41573,3-gallatin place_2019,10.771243481771219,6.936189406891559,0.26236426446749106,0.6501352899666543
41586,3-garden place_2022,11.228997728667782,7.363848779784593,0.271373334409857,0.051928092860359196
41601,3-gardner avenue_2017,14.277760573723727,9.9891288094033,0.24906061948215377,0.5635508923888715
41603,3-gardner avenue_2019,13.862158121890232,9.9891288094033,0.23621254073083256,0.30858703313167724
41606,3-gardner avenue_2022,13.883757213300024,9.9891288094033,0.3424766696721123,0.015578029963318415
41608,3-gardner avenue_2024,13.558335172107663,9.9891288094033,0.2878635441880561,0.18772360608294936
41615,3-garfield place_2021,13.915922632771299,9.476056690283212,0.30573306580734944,0.4379968331106491
41618,3-garfield place_2024,13.119340966554045,9.476056690283212,0.3253266104062966,0.1710077968936812
41643,3-gates avenue_2019,14.721622942008642,10.885635744373719,0.31030587868284115,0.5518140044433014
41645,3-gates avenue_2021,15.325558946431828,10.885635744373719,0.3644677034175346,0.7689501439754459
41646,3-gates avenue_2022,14.751387032064887,10.885635744373719,0.38304298148883703,0.035367143837291316
41648,3-gates avenue_2024,14.52897644766761,10.885635744373719,0.35756894075619017,0.002796087302001274
41705,3-gelston avenue_2021,13.083431417075904,8.643663886580557,0.31120460551041257,1.1058195869174616
41756,3-georgia avenue_2022,14.181475291911832,10.376177498278087,0.3233570740215089,0.3787788428456586
41758,3-georgia avenue_2024,13.771326686138805,10.376177498278087,0.3021969103272722,0.007968169649176874
41766,3-gerald court_2022,11.262346800009052,7.45758290131204,0.2803019651541584,0.6551856742728265
41781,3-gerritsen avenue_2017,15.354112953032855,11.19118917996862,0.41199331717638177,0.5626967511758801
41783,3-gerritsen avenue_2019,14.918794998873691,11.19118917996862,0.438419020993526,1.0626050733621075
41785,3-gerritsen avenue_2021,15.562772998097858,11.19118917996862,0.4578636704574172,0.3884545792747581
41796,3-gerry street_2022,12.592175503243768,8.72656471575086,0.30713861910771806,0.8490392005169195
41819,3-girard street_2025,12.088105789808552,8.487984685684106,0.0,0.94619898761282
41822,3-glen street_2018,12.54787668048845,8.087804837685919,0.23875041635918656,0.6178307862504957
41841,3-glenmore avenue_2017,14.923365547942097,10.704321234294966,0.23406409666087058,0.12724920091546355
41848,3-glenmore avenue_2024,14.184923992750196,10.704321234294966,0.32569795566335175,0.23348984336835407
41865,3-glenwood road_2021,15.879867061106909,11.508279541641425,0.38401474953557585,0.3088073540667292
41866,3-glenwood road_2022,15.313597985338165,11.508279541641425,0.38085768044011314,0.08984070399978947
41868,3-glenwood road_2024,14.903449141270576,11.508279541641425,0.38498718653912606,0.03285433687094718
41872,3-gold street_2018,14.169460699967562,9.780390177594551,0.21227090877154,1.2919287350841695
41873,3-gold street_2019,13.616340365662873,9.780390177594551,0.23963411398255002,0.08746127576999452
41878,3-gold street_2024,13.423694044747657,9.780390177594551,0.2238956195371733,1.0672936054106825
41896,3-gotham avenue_2022,12.071754482319449,8.266677467334768,0.26597763786600487,0.7352962940681036
42216,3-grafton street_2022,12.947838823279968,9.142615188005198,0.30289317575000935,0.014888612493750654
42218,3-grafton street_2024,12.537691073308766,9.142615188005198,0.23774901404816168,0.6727914003028714
42265,3-grand avenue_2021,14.511754761891254,10.071854809881044,0.28179401418136873,0.6776781496560136
42266,3-grand avenue_2022,13.9375830628122,10.071854809881044,0.3100805469899572,0.005286004429237355
42268,3-grand avenue_2024,13.715172601174151,10.071854809881044,0.2801103759208872,0.009851316050374183
42272,3-grand street_2018,15.425755448435417,11.036644977682823,0.38033943663245673,0.12531019096544663
42275,3-grand street_2021,15.476570773365454,11.036644977682823,0.41853675040557503,0.10921308497331628
42276,3-grand street_2022,14.9023988349827,11.036644977682823,0.44845297972141324,0.4049983325187204
42278,3-grand street_2024,14.679988236891372,11.036644977682823,0.41689380393178715,0.0016985566355814774
42298,3-granite street_2024,11.597389901608395,8.202475414253485,0.28854377004926207,0.7069021457922811
42308,3-grant avenue_2024,13.48197798612907,9.912775162575544,0.28076162960720713,0.008265744417032617
42309,3-grant avenue_2025,13.50921698678172,9.912775162575544,0.0,0.1211551215564672
42321,3-gravesend neck road_2017,14.556226521802992,10.393319328285106,0.25535395932992944,0.2783133224476808
42323,3-gravesend neck road_2019,14.120908710602809,10.393319328285106,0.2957658952018875,0.2612867610922493
42328,3-gravesend neck road_2024,13.788469028090317,10.393319328285106,0.29234450762309216,0.009058844488346039
42345,3-green street_2021,13.628748934639782,9.188908194247798,0.30785395737648713,0.6397991450580209
42348,3-green street_2024,12.832167634872736,9.188908194247798,0.29967878873941234,0.011137744410455924
42351,3-greene avenue_2017,15.304735238273672,11.070354262224303,0.26952095428485634,0.3430931272153283
42355,3-greene avenue_2021,15.510280585318117,11.070354262224303,0.33086919238491064,0.005186526687300061
42356,3-greene avenue_2022,14.936108642051778,11.070354262224303,0.3542404314171447,0.19688170812528433
42358,3-greene avenue_2024,14.713698041175782,11.070354262224303,0.34022817370301434,0.7893660383004882
42363,3-greenpoint avenue_2019,14.096682181377446,10.260710888897535,0.375131028759643,0.6262592350183136
42449,3-grove street_2025,13.049203264822678,9.538922414433811,0.0,0.008860628432196557
42456,3-guernsey street_2022,12.419213706057363,8.553632906768351,0.2475491786823504,0.022348403663761812
42463,3-guider avenue_2019,12.529177440284759,8.80170502597135,0.3450524308841511,1.272145339428985
42466,3-guider avenue_2022,12.60688615399597,8.80170502597135,0.38895529914435223,0.035367143837291316
42502,3-hall street_2018,13.572977707524622,9.183952740419688,0.21872054450571185,0.7156422583873162
42508,3-hall street_2024,12.827211686737554,9.183952740419688,0.2570451029898911,0.011928570865273802
42509,3-hall street_2025,12.694203825686742,9.183952740419688,0.0,0.13697545502707772
42521,3-halsey street_2017,15.180591806493053,10.891933127360446,0.3016595608868081,0.15022871324669096
42525,3-halsey street_2021,15.354714578699102,10.891933127360446,0.36544912338516833,0.19860492686705555
42528,3-halsey street_2024,14.461166010428208,10.891933127360446,0.343834233062282,0.3762422494312611
42532,3-hamilton avenue_2018,15.35056621023784,10.96145698115708,0.3990118197388213,0.2870568770578626
42613,3-hampton place_2019,11.253575356048279,7.4181573105189385,0.2694944194520823,0.6848125437698876
42618,3-hampton place_2024,11.060931529444868,7.4181573105189385,0.2597082204093748,0.04459088332787514
42621,3-hancock street_2017,15.092531506848545,10.85815415752007,0.2539213717982066,0.25464221837358075
42622,3-hancock street_2018,15.247261520991225,10.85815415752007,0.2688113533831825,0.14392716880664297
42625,3-hancock street_2021,15.298076843986419,10.85815415752007,0.31823231460549367,0.006478966097709122
42628,3-hancock street_2024,14.50149435271863,10.85815415752007,0.30773821730540923,0.32584453354612986
42632,3-hanover place_2018,11.195563818712825,6.807529743466386,0.2752815592533259,1.3220757887932395
42645,3-hanson place_2021,13.1316585480088,8.691882817516175,0.3774183050766321,1.0738071697491385
42706,3-haring street_2022,13.701598536205907,9.896319509752395,0.28728790610848287,0.735583870757202
42713,3-harkness avenue_2019,11.809287486547378,8.081969878298757,0.3016537794371675,1.007227726866257
42719,3-harkness avenue_2025,11.681990640614211,8.081969878298757,0.0,0.1596498175295376
42725,3-harman street_2021,14.141506291568298,9.678768325580133,0.340378491588278,0.010445257861538649
42752,3-harrison place_2018,13.403913093142759,9.014906803319777,0.29235534620410525,0.5084427870641967
42775,3-hart street_2021,15.114562723651934,10.674643868408133,0.3153704403620713,0.3348995720608916
42776,3-hart street_2022,14.540390849534704,10.674643868408133,0.32076666314720825,0.002796087302001274
42785,3-harway avenue_2021,14.226578262200883,9.85503264385456,0.4014081836670127,0.561043339926608
42823,3-hausman street_2019,12.382770969884504,8.546955414817427,0.20488259217960064,0.664902015119643
42842,3-havens place_2018,11.568556314275819,7.162115635259068,0.29723140254116104,1.3394647737630927
42881,3-hegeman avenue_2017,14.787876330610645,10.624962900763698,0.3091195340803906,0.7695525117623507
42885,3-hegeman avenue_2021,14.996536344882676,10.624962900763698,0.39438275444256676,0.11046745302597097
42886,3-hegeman avenue_2022,14.430267406265287,10.624962900763698,0.37057571794760547,0.005584378293900615
42888,3-hegeman avenue_2024,14.020118723039099,10.624962900763698,0.37372315126814687,0.010643160098479827
42889,3-hegeman avenue_2025,14.225260689684049,10.624962900763698,0.0,0.520993752681617
42896,3-hemlock street_2022,13.936189197096757,10.09570256437746,0.302025084686477,0.008265744417032617
42898,3-hemlock street_2024,13.576287092611194,10.09570256437746,0.31301762875727024,0.4285955254970188
42899,3-hemlock street_2025,13.589135218872928,10.09570256437746,0.0,0.005783244755727333
42913,3-hendrickson place_2019,10.637466170478163,6.9108203249083155,0.2940570578204914,1.170684857459761
42923,3-hendrickson street_2019,13.821353301656364,10.093774362005483,0.3130267696094375,0.3088073540667292
42943,3-hendrix street_2019,13.910962712151225,10.183380314712997,0.2523259750651053,0.3511497078958944
42946,3-hendrix street_2022,13.988671628518773,10.183380314712997,0.27031467981044116,0.005783244755727333
42948,3-hendrix street_2024,13.578523097521714,10.183380314712997,0.2648662894683764,0.00349388925425578
42958,3-henry street_2024,14.058807349602821,10.415477592288417,0.29313191107399167,0.0839734337761786
42968,3-herbert street_2024,12.071068004166625,8.427922041957542,0.312795118094383,0.6611403844248589
42988,3-herkimer place_2024,11.108932745234775,7.466131129659648,0.3039286888887416,0.05949457178563976
42992,3-herkimer street_2018,15.188588758147123,10.799482543302307,0.29885047478168886,0.23190505698278252
42996,3-herkimer street_2022,14.665232181476723,10.799482543302307,0.32718531138741896,0.15340754662931236
42998,3-herkimer street_2024,14.442821605870128,10.799482543302307,0.32239724653533763,0.008364916331627708
42999,3-herkimer street_2025,14.309813438586879,10.799482543302307,0.0,0.11520192968868352
43006,3-herzl street_2022,13.42619401582559,9.620930601161287,0.29196283771641823,0.008959741371471904
43008,3-herzl street_2024,13.016045806784728,9.620930601161287,0.2516974966632958,0.009752291442678272
43013,3-hewes street_2019,13.400459704082412,9.564522847782023,0.2870325108829853,0.421272838313678
43015,3-hewes street_2021,14.004395205131937,9.564522847782023,0.325113324897927,0.4723134595326261
43016,3-hewes street_2022,13.430223761576906,9.564522847782023,0.3180435307982959,0.01646372603066508
43026,3-heyward street_2022,13.351384762311737,9.485689484358964,0.32635694947409893,0.010247316451549523
43032,3-hicks street_2018,15.090245974922775,10.701141843092104,0.31261901869249104,0.8765514843051377
43063,3-highland boulevard_2019,14.129202507129166,10.40161287785521,0.33650299780675147,2.337285991773356
43095,3-highland place_2021,13.328484628189965,8.95701440015172,0.33402305587207304,0.9073710696995014
43121,3-highlawn avenue_2017,13.634894551032659,9.472032977112233,0.2814864485618181,0.5710925345526395
43126,3-highlawn avenue_2022,13.277285979110726,9.472032977112233,0.3612058403779938,0.3308133984123845
43132,3-hill street_2018,12.42617622064883,7.966143682208572,0.26276904083407826,0.4200909603034841
43142,3-hillel place_2018,11.454409718003376,7.0480616519338675,0.30309958134185677,1.3007909375059497
43153,3-himrod street_2019,13.545646590367102,9.672634011010762,0.26134624544441915,0.9922512726766999
43178,3-hinsdale street_2024,13.506126549107112,10.110986508714026,0.3084089831215035,0.005484930230569685
43179,3-hinsdale street_2025,13.711268414186007,10.110986508714026,0.0,0.6145367799780339
43222,3-homecrest avenue_2018,14.172238019873767,9.765087810081623,0.2531967447293644,0.028490270399627496
43223,3-homecrest avenue_2019,13.49265105020823,9.765087810081623,0.28836894009826086,0.7782692739767676
43225,3-homecrest avenue_2021,14.13662855122737,9.765087810081623,0.3035119076540278,0.8445369096107646
43242,3-hooper street_2018,14.129826390915664,9.740758126481717,0.2742654024347746,0.3837646811288254
43246,3-hooper street_2022,13.606470142244204,9.740758126481717,0.28808014911822205,0.014198719399812949
43263,3-hopkins street_2019,12.41557094667216,8.579749262432882,0.1902267363010679,0.9568951027160951
43266,3-hopkins street_2022,12.445334929664968,8.579749262432882,0.21558565043446715,0.022446188829830054
43303,3-howard avenue_2019,14.290188071223982,10.562594032710694,0.2833431330220031,0.1479888777134493
43321,3-hoyt street_2017,13.8115963720558,9.577268338819174,0.26356580695549153,0.5101854188785674
43322,3-hoyt street_2018,13.966326282259217,9.577268338819174,0.28635694501119047,0.5085630661117316
43326,3-hoyt street_2022,13.442970122792484,9.577268338819174,0.33328244125311274,0.7938970836600884
43328,3-hoyt street_2024,13.220559802219016,9.577268338819174,0.31761743585758334,0.07982729985955439
43346,3-hubbard street_2022,12.785376351304915,8.980171172324004,0.3026286374824201,0.5056723685251899
43416,3-hull street_2022,13.200988070906433,9.395741035960762,0.3063509407228108,0.7541952421248793
43425,3-humboldt street_2021,14.983500768189579,10.543585112974544,0.33974331567621074,0.9506535105016645
43426,3-humboldt street_2022,14.409328923703407,10.543585112974544,0.34353926625728587,0.16007594784663493
43428,3-humboldt street_2024,14.186918379152825,10.543585112974544,0.3249869172591701,0.372873043507505
43429,3-humboldt street_2025,14.053910234024592,10.543585112974544,0.0,0.004091617903253565
43471,3-huron street_2017,13.57257912693525,9.338269529726082,0.1798129662871506,0.31364217412131257
43475,3-huron street_2021,13.778124278998172,9.338269529726082,0.30999966510958105,0.014691548742989757
43478,3-huron street_2024,12.981542775534365,9.338269529726082,0.2304729473868918,0.009653257028138304
43552,3-imlay street_2018,13.214745084966744,8.825763799670382,0.26769941134485337,0.8062526266652177
43571,3-india street_2017,13.545675069645606,9.31136783713208,0.1893772170006437,0.32360408162784393
43573,3-india street_2019,13.147284912004947,9.31136783713208,0.23152106020111896,0.5736313945583822
43578,3-india street_2024,12.954638746262676,9.31136783713208,0.22543976357456,0.009851316050374183
43581,3-indiana place_2017,12.182395374488445,8.019781846849131,0.18883623781514833,1.2504746379773557
43586,3-indiana place_2022,11.824788488590585,8.019781846849131,0.3267883101885329,0.056947280441750125
43612,3-ingraham street_2018,13.552547161625558,9.163524287473757,0.2733696097413376,0.6374758956894806
43651,3-irving avenue_2017,14.632762591272682,10.344117300013043,0.3178521710065217,0.2303177550622101
43653,3-irving avenue_2019,14.217160042451853,10.344117300013043,0.3069968586472184,0.3178717436148385
43666,3-irving place_2022,12.12817267209859,8.262655652375583,0.33050206963470913,0.6615017027243997
43671,3-irvington place_2017,11.273375611460478,7.111241765163881,0.1445812288111076,1.0551827307407737
43786,3-jackson street_2022,13.32419291722971,9.458499688456142,0.30345147580404686,0.02264173048082465
43788,3-jackson street_2024,13.101782642251417,9.458499688456142,0.28642736714288447,1.0405593572194927
43799,3-jaffray street_2025,11.953744851323654,8.353652551467178,0.0,1.0224868982786184
43842,3-jardine place_2018,11.577180195347022,7.170732939155806,0.2890895322196607,1.3371303770885197
43851,3-java street_2017,13.548701691092566,9.31439418937157,0.20024279643978996,0.320125060941149
43852,3-java street_2018,13.70343155802197,9.31439418937157,0.21838840385021377,0.585617647617279
43858,3-java street_2024,12.957665364519944,9.31439418937157,0.2785891325546068,0.009851316050374183
43859,3-java street_2025,12.824657456724667,9.31439418937157,0.0,0.009554212804811658
43881,3-jefferson avenue_2017,15.160087440606219,10.92570885219016,0.2289158418039048,0.3581638349901513
43886,3-jefferson avenue_2022,14.79146086003119,10.92570885219016,0.31496254000566415,0.2089634877403758
43888,3-jefferson avenue_2024,14.56905027179606,10.92570885219016,0.3230598067608249,0.0026963615477426086
43905,3-jerome avenue_2021,13.294916909724586,8.923451024067555,0.2892670226509192,0.6704924899951391
43911,3-jerome street_2017,14.414488241029769,10.251585640073042,0.22689296342385587,0.5007146800152616
43916,3-jerome street_2022,14.056879390278251,10.251585640073042,0.25871937628748376,0.005385472276337817
43919,3-jerome street_2025,13.851872729392525,10.251585640073042,0.0,0.33825635841471435
43955,3-jodie court_2021,11.284372064657084,6.9137565686327385,0.2842515373549917,1.3488520656440206
43998,3-johnson avenue_2024,13.77822995158624,10.134909645801446,0.4572793395813615,0.006578315360122567
44026,3-joralemon street_2022,13.18828787673301,9.322605768113485,0.32170341803687635,0.22769318601278113
44076,3-junius street_2022,13.82093794632705,10.015653380781501,0.4070927420690821,0.35339958580481184
44078,3-junius street_2024,13.410789493204124,10.015653380781501,0.3615437088486222,0.2594369070114786
44106,3-kane street_2022,12.728563653600945,8.862932616870504,0.34429337827762885,0.63010087884231
44136,3-kathleen place_2022,11.222544968380799,7.417803978860909,0.2829650825736421,0.6402736909528771
44176,3-keap street_2022,13.77181196887333,9.906091174526441,0.29938095105541945,0.2529353361219461
44191,3-kenilworth place_2017,12.80975763308056,8.646993215062508,0.24920617988997992,0.6656732035591902
44236,3-kent avenue_2022,15.002705325652748,11.13694996388673,0.3660934206533178,0.2783890255401883
44238,3-kent avenue_2024,14.780294719543782,11.13694996388673,0.3261824084901927,0.0026963615477426086
44245,3-kent street_2021,13.753604619781719,9.313752028932933,0.2951369741124788,0.015085637418040853
44248,3-kent street_2024,12.95702314770238,9.313752028932933,0.24946085963158315,0.009851316050374183
44252,3-kermit place_2018,12.033140509350403,7.644486984033847,0.24248362251721686,0.339040364726923
44268,3-kiely place_2024,10.205649181801565,6.637672185732011,0.2859564464843111,0.658917989009285
44285,3-king street_2021,13.00332759662406,8.563574590967093,0.3122076146215817,0.5996054361515811
44292,3-kings highway_2018,16.632205678208525,12.225003591448715,0.31451745207807097,0.02009670169912241
44295,3-kings highway_2021,16.596596186355622,12.225003591448715,0.3660677455877388,0.002496880198587199
44296,3-kings highway_2022,16.030327061131818,12.225003591448715,0.3745345152864003,0.15057285847937432
44298,3-kings highway_2024,15.620178159066826,12.225003591448715,0.34309158484158336,1.0906473190138128
44395,3-kingsland avenue_2021,14.625727955996119,10.18582350634134,0.35398142818933914,0.052687322279006465
44406,3-kingston avenue_2022,14.19479823212863,10.329060597165324,0.34609628439482615,0.68299582950357
44425,3-knapp street_2021,14.898829972823854,10.527258991501037,0.4982377151816179,0.5026523130768294
44431,3-knickerbocker avenue_2017,14.85794908404989,10.569297392964723,0.3452107880919246,0.6751359477580936
44433,3-knickerbocker avenue_2019,14.442346489343155,10.569297392964723,0.3632565629052369,0.4166687786154896
44466,3-kosciuszko street_2022,14.039678867605073,10.173946599698619,0.3331754917982629,0.5108456235659933
44515,3-lafayette avenue_2021,15.45425691227346,11.014331475613082,0.3746339117955496,0.19260186620151104
44516,3-lafayette avenue_2022,14.880084977215088,11.014331475613082,0.3973904811797092,0.001998002662673056
44518,3-lafayette avenue_2024,14.657674381019357,11.014331475613082,0.36594221465605287,0.002496880198587199
44555,3-lake street_2021,13.837112149070926,9.465591206472833,0.3164592153738171,0.5752078826952589
44582,3-lancaster avenue_2018,13.157499814703764,8.750449353231403,0.242389772976338,0.33059787342861263
44642,3-lawrence street_2018,12.517706706331646,8.128871617554426,0.28803412315071714,0.8725060195031332
44666,3-lee avenue_2022,13.42196357087116,9.556263226940851,0.36571301059905265,0.29237106193791246
44673,3-lefferts avenue_2019,14.296034311972436,10.568440126309541,0.3160113298392618,0.17730901497041035
44682,3-lefferts place_2018,13.442810383411892,9.053799512665861,0.270994307241706,0.46649748991644796
44696,3-legion street_2022,13.272539808540117,9.467287164596524,0.2628874138385646,0.010445257861538649
44715,3-lenox road_2021,15.124894459046422,10.753318124472843,0.34564825897017687,0.4780338009409998
44716,3-lenox road_2022,14.558625492264046,10.753318124472843,0.36214006934507653,0.4690656895177591
44722,3-leonard street_2018,15.140248484965849,10.75114326843798,0.26683300967502827,0.15529288440603534
44726,3-leonard street_2022,14.616891916923574,10.75114326843798,0.29364253442224714,0.002796087302001274
44728,3-leonard street_2024,14.394481346591283,10.75114326843798,0.30068494183694777,0.4015240188749021
44741,3-lewis avenue_2017,14.322893474337258,10.088538108574769,0.2906977610427316,0.43392298092464876
44745,3-lewis avenue_2021,14.528438751425144,10.088538108574769,0.37764278728905676,0.4673751778920435
44765,3-lexington avenue_2021,14.721948923078404,10.282041055650293,0.3274462389467363,1.0199658280101076
44768,3-lexington avenue_2024,13.925366647273176,10.282041055650293,0.31961740667391986,0.005186526687300061
44772,3-liberty avenue_2018,15.242902176098296,10.83571468695207,0.33106230995889263,0.18006902174066083
44773,3-liberty avenue_2019,14.563314758795034,10.83571468695207,0.36492923702804514,0.44513443856637086
44791,3-lincoln avenue_2017,14.346352096625159,10.127325050207281,0.2558430113304704,0.46555625431845554
44796,3-lincoln avenue_2022,13.967812939608617,10.127325050207281,0.2885619669212203,0.008067371077758796
44798,3-lincoln avenue_2024,13.607910823171286,10.127325050207281,0.31841193296182724,0.3663777194001176
44803,3-lincoln place_2019,14.470325187967397,10.742726988181959,0.2960245554055605,0.14219376570317527
44806,3-lincoln place_2022,14.548034133450724,10.742726988181959,0.29275060678763626,0.16509061986559267
44808,3-lincoln place_2024,14.137885419762469,10.742726988181959,0.28416129291556036,0.2329354537766789
44818,3-lincoln road_2024,13.359220929553674,9.715920729894766,0.3371757188872985,0.7044826902236909
44833,3-linden boulevard_2019,15.897540589449632,12.171611278031413,0.35632591659879015,0.1312913856811757
44839,3-linden boulevard_2025,15.665078917784209,12.171611278031413,0.0,0.7582324272158797
44856,3-linwood street_2022,14.234337018318238,10.429037655681315,0.31255400899134633,0.3138613842350836
44861,3-little nassau street_2017,11.344189873561506,7.110598457453243,0.20998546673669863,0.6678293725756554
44868,3-little nassau street_2024,10.753162034495618,7.110598457453243,0.31782657524975,0.0656004570839488
44871,3-little street_2017,11.561206964244626,7.327458575748913,0.05921391302204464,0.40826119541016564
44882,3-livingston street_2018,14.3521762999647,9.963096451236996,0.3351929142777523,0.7530656707711888
44883,3-livingston street_2019,13.799055879076445,9.963096451236996,0.32456609075366644,0.7104958188945583
44886,3-livingston street_2022,13.828819951170852,9.963096451236996,0.39091532709343313,0.002496880198587199
44893,3-livonia avenue_2019,14.174252233565394,10.446661298086793,0.26398264185426046,1.5014740109061593
44896,3-livonia avenue_2022,14.251961165664314,10.446661298086793,0.34601016874178314,0.22370339457272384
44898,3-livonia avenue_2024,13.841812535958473,10.446661298086793,0.3470669589519694,0.009257021262676763
44966,3-logan street_2022,14.062505038703486,10.257211094868778,0.34388684183439155,0.9227100836763384
44983,3-lombardy street_2019,13.14899488829818,9.276012333751742,0.30136356277903487,0.2995859394546046
44986,3-lombardy street_2022,13.170593958489675,9.276012333751742,0.3757852901411511,0.010544213875671154
44991,3-lorimer street_2017,15.182998690247173,10.948619700253166,0.2647463369658759,0.13871791931182267
44996,3-lorimer street_2022,14.814372107040482,10.948619700253166,0.3389871896413249,0.0026963615477426086
44998,3-lorimer street_2024,14.591961516679273,10.948619700253166,0.33406636513714844,0.3574646320529814
45012,3-lorraine street_2018,13.451679772664267,9.062667882082508,0.33827309565675195,0.9544339416521946
45016,3-lorraine street_2022,12.928324011245193,9.062667882082508,0.4027162353778122,1.250732336728943
45033,3-lott avenue_2019,13.31622881478569,9.588676387192358,0.3041160591477127,0.7664441096214022
45036,3-lott avenue_2022,13.393937675932627,9.588676387192358,0.37211075206857164,0.014297304700824425
45038,3-lott avenue_2024,12.9837894914253,9.588676387192358,0.36910314009543865,0.013311014059672338
45051,3-lott street_2017,12.668802131898339,8.506063889136689,0.2264061969490261,0.5316865144333199
45059,3-lott street_2025,12.10618858275248,8.506063889136689,0.0,0.019998686506689126
45101,3-louisiana avenue_2017,14.49438292985606,10.331477660403856,0.31115660510731924,0.30895420772732063
45106,3-louisiana avenue_2022,14.1367740609692,10.331477660403856,0.37424692119107994,0.9689590804412388
45109,3-louisiana avenue_2025,13.931767386358723,10.331477660403856,0.0,0.008563230660487873
45112,3-love lane_2018,11.331037419287894,6.9428650184797025,0.17003200667791507,1.2657356017041677
45141,3-luquer street_2017,12.886007420770072,8.651783399933988,0.2108680793270932,0.695993127009864
45148,3-luquer street_2024,12.294972083357296,8.651783399933988,0.2288415724288475,0.7639783613205368
45166,3-lynch street_2022,13.280063606981068,9.414373824691442,0.3192784482415047,0.01222496962256897
45171,3-mac donough street_2017,14.612209678281495,10.449300842718452,0.22440241399129363,0.5333891421747421
45188,3-mac dougal street_2024,12.834105835007682,9.439003420287467,0.3082812528875835,1.3174800451195308
45215,3-macon street_2021,14.91931806718197,10.479404138817474,0.3244135203010854,0.009356094924024954
45216,3-macon street_2022,14.345146238685825,10.479404138817474,0.31857740930804357,0.7676515027280505
45218,3-macon street_2024,14.122735703252905,10.479404138817474,0.32728164524209996,0.004191204618468071
45236,3-madison place_2022,12.8712642500038,9.066048941114145,0.3408742980218506,0.06353802080398764
45238,3-madison place_2024,12.461116596124613,9.066048941114145,0.32657116563850136,0.6551337383617292
45242,3-madison street_2018,15.224015604162924,10.83664778437161,0.23676402081901662,0.156661810013377
45245,3-madison street_2021,15.299428190182399,10.83664778437161,0.3157891105627482,0.003294566949430031
45248,3-madison street_2024,14.405879639519666,10.83664778437161,0.30405590725924575,0.20880118959833327
45272,3-malbone street_2018,11.004405467857588,6.616601334070049,0.23554855955800108,0.8275032330590241
45298,3-malta street_2024,12.913255080150455,9.518146814113594,0.28854377004926207,0.009356094924024954
45301,3-manhattan avenue_2017,15.297067837390996,11.062686979423182,0.3024842582569164,0.39339252687389514
45305,3-manhattan avenue_2021,15.502613184112896,11.062686979423182,0.37679045122665594,0.2907274306377411
45308,3-manhattan avenue_2024,14.706030641692088,11.062686979423182,0.3556574773425616,0.3109346242619311
45309,3-manhattan avenue_2025,14.573022456827909,11.062686979423182,0.0,0.0021975835434872217
45396,3-manor court_2022,11.102215443665056,7.297549523511712,0.2803019651541584,0.5875644179848801
45415,3-maple street_2021,14.549006385623299,10.17744648510033,0.32303711275544544,0.10345870836822998
45416,3-maple street_2022,13.98273757897765,10.17744648510033,0.3768965949158808,0.3073376301102222
45435,3-marcus garvey boulevard_2021,14.855381705623858,10.415469611279224,0.39260100126278336,0.3870295459524794
45441,3-marcy avenue_2017,15.007534759116258,10.773159092518853,0.2813324065599714,0.25835624306995225
45445,3-marcy avenue_2021,15.213080091657655,10.773159092518853,0.34651963799550717,0.3297353086827804
45446,3-marcy avenue_2022,14.638908197688817,10.773159092518853,0.36961499640726037,0.23055601102966367
45448,3-marcy avenue_2024,14.416497624922739,10.773159092518853,0.32090542810282396,0.08874320983438856
45502,3-marine avenue_2018,13.867386762432453,9.478335935239576,0.3427402777019833,0.9054724244382758
45536,3-marine parkway_2022,13.625098966879143,9.819823855010693,0.38805960541170614,0.04142980976313955
45561,3-marion street_2017,13.694011639801165,9.531145716004287,0.21597192708357962,0.7525004062594585
45666,3-martin luther king jr place_2022,11.822339956550273,7.956913290709849,0.30748469974796067,0.0729716124558227
45673,3-maspeth avenue_2019,13.54790548668433,9.711959217639288,0.3253562606813051,0.6818839882812346
45676,3-maspeth avenue_2022,13.577669550267295,9.711959217639288,0.3704618196361079,0.02557027611153001
45706,3-maujer street_2022,13.02450395176496,9.158837416009074,0.32029424698239295,0.01153323581367303
45708,3-maujer street_2024,12.80209381905033,9.158837416009074,0.3456662946434193,0.3073376301102222
45778,3-mc kibbin street_2024,12.63477504647292,8.991537317246111,0.22491537971356637,0.01153323581367303
45782,3-mc kinley avenue_2018,13.287342783088851,8.827112198214476,0.22652629455933582,0.3422412779411289
45808,3-mcclancy place_2024,10.855469442217602,7.460846168678158,0.18375730722005884,0.05600219011528479
45825,3-mcguinness boulevard_2021,15.010032062100795,10.570115724805285,0.36988981380482666,0.46304195291218425
45846,3-meadow street_2022,12.991516165498606,9.125853086819797,0.41405555531320254,0.013113639145383105
45848,3-meadow street_2024,12.769106051209162,9.125853086819797,0.3836190150469149,0.3127648528192441
45855,3-meeker avenue_2021,15.244124790394958,10.804203158281178,0.3927377441141863,0.6279150856223298
45856,3-meeker avenue_2022,14.669952890565034,10.804203158281178,0.42405991684269906,0.1310282624064041
45859,3-meeker avenue_2025,14.31453414681587,10.804203158281178,0.0,0.28900619541391226
45923,3-meserole avenue_2019,13.323625671521137,9.487694298615953,0.2677365778076905,0.7622533789584931
45932,3-meserole street_2018,14.43834581926429,10.04926212961387,0.2915611786575224,0.5679807042670504
45942,3-metropolitan avenue_2018,15.37396129981179,10.98485167433414,0.4300835487851232,0.2130932154607083
45945,3-metropolitan avenue_2021,15.42477662421549,10.98485167433414,0.47018648688082015,0.3797369595354331
45946,3-metropolitan avenue_2022,14.850604693664474,10.98485167433414,0.4896686405903522,0.005385472276337817
45948,3-metropolitan avenue_2024,14.628194100038879,10.98485167433414,0.45052114774175744,0.14703974264931488
45949,3-metropolitan avenue_2025,14.495185919901076,10.98485167433414,0.0,0.31677960327547683
46002,3-middagh street_2018,12.349548225674265,7.960766468645818,0.20221688827115927,1.1504137872313729
46025,3-midwood street_2021,14.384334081996393,9.944439804084569,0.3121706393723138,1.2485254313749947
46036,3-milford street_2022,13.963068304774488,10.157777949284844,0.30013011730516687,0.3962898101727122
46043,3-mill avenue_2019,14.138254028400079,10.410664131934963,0.33225119055132324,1.2178461232584425
46046,3-mill avenue_2022,14.21596295858462,10.410664131934963,0.39886742748117116,0.006677654753240569
46096,3-miller avenue_2022,13.95511325453754,10.149823201830902,0.31614225941615554,0.601360784929237
46098,3-miller avenue_2024,13.544964738093377,10.149823201830902,0.3305708951276989,0.25851069515150105
46108,3-miller place_2024,10.256427091543221,6.862259744948617,0.22452191128433108,0.6087324294175815
46131,3-moffat street_2017,13.741024321112459,9.452424714177077,0.24793180734590517,0.6867769335521018
46152,3-monitor street_2018,13.755176128649822,9.366134271884,0.2755029438837579,0.20440915325795941
46155,3-monitor street_2021,13.80599141085386,9.366134271884,0.33891543353651765,0.014297304700824425
46158,3-monitor street_2024,13.009409872642825,9.366134271884,0.34905981541148007,0.4694409709832593
46162,3-monroe place_2018,12.02759982007542,7.6389489213012025,0.2341466246585407,0.7159355421903765
46171,3-monroe street_2017,14.761646574067996,10.527276664016943,0.25602372877923185,0.18473530801788984
46178,3-monroe street_2024,14.170609508076225,10.527276664016943,0.2887283229703359,0.003992021269537453
46211,3-montauk avenue_2017,14.386288925903635,10.223387318880867,0.2583340323120698,0.45488999143568737
46216,3-montauk avenue_2022,14.028680081906996,10.223387318880867,0.36657846050417126,0.006975613736425242
46218,3-montauk avenue_2024,13.61853153418617,10.223387318880867,0.3402418059459956,0.7059646842705598
46219,3-montauk avenue_2025,13.823673426133334,10.223387318880867,0.0,0.004390348301292895
46226,3-montauk court_2022,10.877516068952568,7.0730169554050795,0.2865049092787661,0.6692130302643142
46242,3-montgomery street_2018,14.856620041536635,10.44944172012817,0.2572810111637289,0.6032771761309025
46243,3-montgomery street_2019,14.177032734314903,10.44944172012817,0.2833303207893491,0.7083805612005346
46262,3-montrose avenue_2018,14.189581765580128,9.800510130717873,0.32544676660950517,0.2598996914393293
46265,3-montrose avenue_2021,14.240397066327375,9.800510130717873,0.38761263282336705,0.3345418031042651
46298,3-moore street_2024,13.149414770479874,9.506128282330259,0.2931841496057643,0.006876303939432157
46303,3-morgan avenue_2019,14.228683238422429,10.392707713556346,0.324119468654212,0.10084031492607147
46306,3-morgan avenue_2022,14.258447320928648,10.392707713556346,0.3949406472946353,0.029655884907510657
46331,3-mother gaston boulevard_2017,14.715902474034985,10.552990829535517,0.35718416742899434,0.21881419315298048
46332,3-mother gaston boulevard_2018,14.960171965472755,10.552990829535517,0.36739858426511235,0.6750850377415368
46336,3-mother gaston boulevard_2022,14.35829356182291,10.552990829535517,0.4148654504110065,0.6930471755596119
46346,3-moultrie street_2022,12.092268866332944,8.22676107952324,0.23947997063390322,0.6991789527916642
46361,3-myrtle avenue_2017,15.566250388954357,11.331865882576736,0.3014877914576254,0.1902897264431315
46362,3-myrtle avenue_2018,15.720980418180906,11.331865882576736,0.31687655274388116,1.3127823651832111
46368,3-myrtle avenue_2024,14.975213150030662,11.331865882576736,0.3599350995474565,0.22904609696682368
46372,3-narrows avenue_2018,14.393925835431956,10.004844084417481,0.328148829357212,0.6570535729117066
46376,3-narrows avenue_2022,13.870569470196862,10.004844084417481,0.4115319978720876,0.3045391895182038
46385,3-nassau avenue_2021,14.462956850883383,10.023058986897547,0.3717220852850661,0.7019582488384952
46386,3-nassau avenue_2022,13.888785171139,10.023058986897547,0.3903182923481787,0.33318111252299915
46408,3-nassau street_2024,12.316501658497515,8.673309349027084,0.22018350968573291,1.6531293860585254
46416,3-national drive_2022,13.411927925860118,9.606665442981843,0.36832206250831206,0.628501987066414
46431,3-navy street_2017,13.752533947445963,9.518210068583569,0.3031862589877462,0.5452850198175615
46438,3-navy street_2024,13.161497426831177,9.518210068583569,0.3259856855281,0.25526218119566974
46468,3-nelson street_2024,12.299601602479886,8.656412132744313,0.24978068564895742,0.47784778326878463
46472,3-neptune avenue_2018,15.930871266147175,11.523674105491338,0.363803307962605,1.2961508112669247
46475,3-neptune avenue_2021,15.89526177649785,11.523674105491338,0.41869294651309547,0.01567647938500758
46476,3-neptune avenue_2022,15.328992699252487,11.523674105491338,0.4482173284525125,0.23095297820569158
46501,3-nevins street_2017,13.766770024562152,9.532445121797599,0.2933034974957596,0.6007577312665978
46506,3-nevins street_2022,13.398143795814832,9.532445121797599,0.38710791087028334,0.01222496962256897
46536,3-new lots avenue_2022,14.358570375063968,10.553267635709362,0.3876494032737894,0.22721525068426343
46538,3-new lots avenue_2024,13.948421712218593,10.553267635709362,0.39696737787034203,0.49956243148727997
46552,3-new utrecht avenue_2018,15.55111158716641,11.161999243009245,0.30891991840215566,0.07955027875800906
46553,3-new utrecht avenue_2019,14.997990864604894,11.161999243009245,0.309115356448469,0.15802886422491005
46561,3-new york avenue_2017,15.582073381677963,11.419146840296879,0.3038787949134287,0.2192158479762298
46562,3-new york avenue_2018,15.826342924152158,11.419146840296879,0.3152444594098067,0.2910264737021706
46563,3-new york avenue_2019,15.14675540364891,11.419146840296879,0.33449411003549673,0.1447062209992586
46565,3-new york avenue_2021,15.790733434984517,11.419146840296879,0.3673127704486811,0.14626250697825208
46566,3-new york avenue_2022,15.224464368226826,11.419146840296879,0.38310806465796177,0.16271391048774617
46568,3-new york avenue_2024,14.814315534726765,11.419146840296879,0.3440346218171357,0.07760897932698288
46578,3-newel street_2024,12.69920340686905,9.055958114991597,0.19033533751750825,0.6789468311588039
46585,3-newkirk avenue_2021,14.742771180854971,10.371204668061363,0.3161615437736495,0.3394677456010114
46586,3-newkirk avenue_2022,14.176502309777701,10.371204668061363,0.3217243114165978,0.21098999514163966
46601,3-newport street_2017,14.147968320653908,9.985076333412875,0.2615259711834259,0.31597794160662823
46606,3-newport street_2022,13.79035954203466,9.985076333412875,0.33521618410705634,0.008959741371471904
46608,3-newport street_2024,13.380211104570538,9.985076333412875,0.3573643614083002,0.009356094924024954
46612,3-newton street_2018,12.367025725446029,7.978237998752265,0.2151821184844457,0.6848125437698876
46621,3-nichols avenue_2017,13.551643180600289,9.332663937401657,0.20689017352917155,1.1672362032099288
46692,3-norman avenue_2018,14.3169280459964,9.92784986632879,0.3033975341420343,0.5223588595796638
46702,3-north 1 street_2018,13.18613445792335,8.797157383280162,0.22232918472001098,0.2446701818584899
46708,3-north 1 street_2024,12.440369104149154,8.797157383280162,0.19469677422160822,0.5800904582676486
46711,3-north 10 street_2017,13.634740921858038,9.400426098291716,0.21138467660061655,0.39978232497266614
46739,3-north 12 street_2025,12.82522538755889,9.314962070568884,0.0,0.01014833105181515
46751,3-north 14 street_2017,12.394909100243108,8.16079431917573,0.3574916038452884,0.949106360815778
46761,3-north 15 street_2017,12.641442410861808,8.407266122313903,0.25047893047543385,0.93361971399593
46772,3-north 3 street_2018,13.26157551159997,8.872587588939847,0.25200035282492433,1.0298693859363657
46779,3-north 3 street_2025,12.382802285321509,8.872587588939847,0.0,0.01567647938500758
46805,3-north 5 street_2021,13.709289354781008,9.26944080174491,0.27106225573350073,0.9109565302834531
46841,3-north 8 street_2017,13.57039640000873,9.336086992285145,0.1828660708286445,0.6358887617196634
46851,3-north 9 street_2017,13.405537877564683,9.171244045588681,0.19906512915524147,0.5650296777795027
46858,3-north 9 street_2024,12.814501712958435,9.171244045588681,0.2483142896607612,0.6488817642619299
46881,3-north henry street_2017,13.848218326033084,9.613887837404443,0.2031954588930372,1.040382713103932
46882,3-north henry street_2018,14.002948241411643,9.613887837404443,0.21939383986656263,0.13418118146601968
46932,3-norwood avenue_2018,13.38537254621884,8.998107419064768,0.22563518882438124,1.0337537163196133
46942,3-nostrand avenue_2018,16.63835842010186,12.24923677765868,0.3325849625328112,0.48230268483275246
46943,3-nostrand avenue_2019,16.085237611220936,12.24923677765868,0.33967604794965156,0.37232188951491013
46945,3-nostrand avenue_2021,16.689173751988243,12.24923677765868,0.3801453357439752,0.1286570322082618
46946,3-nostrand avenue_2022,16.115001710096884,12.24923677765868,0.39070765268426083,0.05968300216117373
46948,3-nostrand avenue_2024,15.892591052983935,12.24923677765868,0.35984997481781994,0.097580328338864
46979,3-oak street_2025,11.850081598731022,8.339962574964991,0.0,0.0249852526939085
46998,3-ocean avenue_2024,15.631761188917078,12.236586566692493,0.40577452088938065,0.11627078166538653
47021,3-ocean parkway_2017,16.727380259834266,12.564446345838084,0.28760396123483584,0.8605665831017935
47022,3-ocean parkway_2018,16.971649827566612,12.564446345838084,0.3097553726500833,0.15229181034225864
47026,3-ocean parkway_2022,16.369771196279462,12.564446345838084,0.36691850469715087,0.07111062745795275
47041,3-ocean view avenue_2017,14.005158028559606,9.842273005382717,0.25246119242722054,0.8082599876604499
47133,3-old new utrecht road_2019,12.380923792096645,8.653474846343649,0.2753135377069572,0.45963758699655743
47142,3-olean street_2018,12.186757672305015,7.779963756297247,0.24766316848852832,0.6526376372217353
47166,3-oliver street_2022,11.612156081159801,7.746809617228546,0.3456734725956214,1.065434612862096
47196,3-orange street_2022,11.72676578092243,7.861373503706145,0.2794126809692743,0.6657759837638133
47246,3-osborn street_2022,13.201102941189362,9.395855896913483,0.25896482776602714,0.015971769509698662
47266,3-otsego street_2022,12.639114790636725,8.773496720440846,0.3438799861727866,0.4761720652661116
47301,3-owls head court_2017,11.218392234094908,6.984908667951568,0.2343226616267585,0.6950453778430256
47331,3-pacific street_2017,15.513282881153096,11.27889901725126,0.2793255921256531,0.03469123978993036
47332,3-pacific street_2018,15.668012909025597,11.27889901725126,0.28228947269986643,0.044782142771893185
47333,3-pacific street_2019,15.114892172096926,11.27889901725126,0.29765783819130665,0.48943854188434294
47336,3-pacific street_2022,15.144656266006303,11.27889901725126,0.35634635343964494,0.12372092698975887
47338,3-pacific street_2024,14.922245649841164,11.27889901725126,0.3173887915954366,0.003294566949430031
47383,3-paerdegat 13 street_2019,11.277004039724758,7.5498983985225285,0.30782663854424835,0.7049275190954767
47422,3-paerdegat 3 street_2018,12.321319616390754,7.914473710379617,0.20828188881191476,0.6289819230841586
47431,3-paerdegat 4 street_2017,12.33147968112221,8.168821308691633,0.2738615168331487,0.6186929946349977
47495,3-paerdegat avenue north_2021,14.550665592224963,10.17910562947041,0.36578995381260365,0.534971745594069
47562,3-park avenue_2018,15.502742995959732,11.113631346971001,0.309060237444658,0.7174494730829101
47566,3-park avenue_2022,14.979386372323962,11.113631346971001,0.39111120839927926,0.003194890896519197
47569,3-park avenue_2025,14.62396758024349,11.113631346971001,0.0,0.521171915820135
47582,3-park circle_2018,12.742114492171345,8.35322085919081,0.37555005644412204,4.165484682275474
47605,3-park place_2021,15.485495917249148,11.04556998019206,0.30429066239684854,0.6008125693571493
47606,3-park place_2022,14.91132397755733,11.04556998019206,0.33657206192701083,0.008265744417032617
47608,3-park place_2024,14.688913378719564,11.04556998019206,0.3199646672649113,0.0453557017207972
47626,3-parkside avenue_2022,14.190702772878964,10.385404699352636,0.4490639921624807,0.23459770135932562
47645,3-parkville avenue_2021,13.439481069058143,9.067997477223768,0.26879768782529395,1.3377341705045136
47668,3-parrott place_2024,11.942342514878627,8.299225807395903,0.40623109818774694,0.6911952768347
47708,3-pearl street_2024,12.571306229678893,8.928076442349871,0.23384470981945552,0.013311014059672338
47771,3-penn street_2017,13.687274395967568,9.452955401902855,0.24461081821624692,0.7601981678095554
47788,3-pennsylvania avenue_2024,14.82337152005854,11.428202729934677,0.36679596694901034,0.6862232654871211
47856,3-pierrepont place_2022,10.47710184858921,6.612648226171961,0.2909121442661739,0.6202538550396205
47886,3-pine street_2022,13.9982270347569,10.157737973659781,0.3111948171746615,0.42565981539368364
47888,3-pine street_2024,13.63832490717608,10.157737973659781,0.30065178808642673,0.6507092978619776
47915,3-pioneer street_2021,12.873870864249897,8.434143936126617,0.33989104336999854,0.27124776598835615
47926,3-pitkin avenue_2022,15.181345655624904,11.376028600864693,0.42157045061563037,0.21171853364474214
47928,3-pitkin avenue_2024,14.771196827585007,11.376028600864693,0.3854634462275907,0.16720791898390644
47961,3-plumb 1 street_2017,13.049944330197633,8.887142989641704,0.23483959107740104,0.9263598675509388
47962,3-plumb 1 street_2018,13.294213443712515,8.887142989641704,0.2533858338639551,0.24294617861038947
48001,3-plymouth street_2017,13.089091665985647,8.854835980850892,0.14584218077938813,0.09121088005338417
48062,3-poplar street_2018,11.822257243365224,7.433714694968095,0.24057931360012333,1.021551242531648
48071,3-portal street_2017,11.967804902024406,7.8052688679727895,0.28153577160308685,1.4001726111525994
48118,3-powell street_2024,13.360101462148856,9.964967595683728,0.3522620383538481,0.005584378293900615
48141,3-president street_2017,15.425688685847195,11.191305962018776,0.2561863465645553,0.4688154236089261
48142,3-president street_2018,15.580418711316936,11.191305962018776,0.2659359215333101,0.39386475004184335
48148,3-president street_2024,14.834651468042354,11.191305962018776,0.3259905659456685,0.22721525068426343
48163,3-preston court_2019,12.891605723718417,9.164088661462813,0.32309411067503685,1.3560155497339614
48172,3-prince street_2018,12.696050149455294,8.307167486860724,0.22141105726065535,1.637889305608002
48191,3-prospect avenue_2017,14.754825657434152,10.520455928120569,0.3244487966434955,0.5089238164763944
48193,3-prospect avenue_2019,14.356435050082906,10.520455928120569,0.34445523767440495,1.1256111828348845
48381,3-prospect place_2017,15.072690947791724,10.909771588562178,0.2303520466603549,0.7423658243474447
48382,3-prospect place_2018,15.316960465660102,10.909771588562178,0.2507322615968642,0.22856880795927434
48386,3-prospect place_2022,14.715081983150231,10.909771588562178,0.3112182213196273,0.011236631925987681
48388,3-prospect place_2024,14.304933231965984,10.909771588562178,0.3341764148568922,0.05211795426210667
48391,3-prospect street_2017,13.064455149364413,8.83020297170433,0.2306719422292357,1.4331540917723748
48398,3-prospect street_2024,12.473419478314048,8.83020297170433,0.25539294527786294,0.23475586664237577
48408,3-provost street_2024,12.759607322878356,9.11635536985313,0.2786761231161858,0.5873421216629688
48456,3-pulaski street_2022,13.710988358454193,9.845270626012303,0.29610801276585264,0.006180859075081115
48466,3-putnam avenue_2022,14.895374647184152,11.000717630308095,0.33405906082108017,0.33153147973004216
48468,3-putnam avenue_2024,14.569952377380933,11.000717630308095,0.31936963660327666,0.2235434713355367
48482,3-quentin road_2018,15.55675765386095,11.149564927001274,0.28620310472375504,0.035367143837291316
48483,3-quentin road_2019,14.877170173666338,11.149564927001274,0.30986481370653957,0.2415334164258007
48485,3-quentin road_2021,15.52114816619499,11.149564927001274,0.34121132082000755,0.1722712209404532
48488,3-quentin road_2024,14.544730336976949,11.149564927001274,0.3142178536446298,0.1432341680859078
48503,3-quincy street_2019,14.439941857746511,10.603960621006204,0.24675787430775056,0.30652836024814084
48508,3-quincy street_2024,14.247295391337637,10.603960621006204,0.2802732291090983,0.11037790746960938
48541,3-ralph avenue_2017,15.902216280005291,11.739286776553387,0.38760436922603286,0.9836128751383112
48543,3-ralph avenue_2019,15.46689827643577,11.739286776553387,0.4073872346085278,0.4829198545122819
48548,3-ralph avenue_2024,15.134458378975454,11.739286776553387,0.413162865773145,0.43676995793657686
48578,3-rapelye street_2024,11.543800023370947,7.9008019035311605,0.35759406165049534,0.6506571289389931
48641,3-remsen avenue_2017,15.668451738635063,11.50552430250889,0.36266577235808833,0.704878103435644
48645,3-remsen avenue_2021,15.877111794605355,11.50552430250889,0.41831046187133325,0.4581208073339624
48652,3-remsen street_2018,13.20986898031783,8.820888404154319,0.26964809294156644,0.674473915294324
48686,3-rewe street_2022,12.116998924645896,8.251484742890147,0.0,0.07371503782228067
48691,3-richards street_2017,13.597877586397992,9.363565822904874,0.26522207130936676,0.8789211044041512
48701,3-richardson street_2017,13.899748588704881,9.665414793909866,0.24609385308367884,0.29319186562537847
48705,3-richardson street_2021,14.10529380686854,9.665414793909866,0.33028877480301866,0.6468937960424833
48713,3-richmond street_2019,12.815960914311326,8.943014597094246,0.23814671790625852,0.38879357382019236
48718,3-richmond street_2024,12.512138590315637,8.943014597094246,0.2949829423302832,0.3721151284266102
48721,3-ridge boulevard_2017,14.901465437546689,10.66709208175613,0.3976360941861338,0.37149458853701106
48752,3-ridgewood avenue_2018,14.423499293326904,10.03615529672564,0.25137365419818475,0.36269677625722657
48772,3-river street_2018,13.396562184473328,9.007556780560657,0.2475908050374789,0.2401973058800373
48785,3-riverdale avenue_2021,14.69767751318087,10.326112426869999,0.3410605201624823,0.3851263371126338
48786,3-riverdale avenue_2022,14.13140865600357,10.326112426869999,0.32976659377116,0.00707491367196188
48788,3-riverdale avenue_2024,13.72126006828453,10.326112426869999,0.32922105125667356,0.1259275565977906
48822,3-rochester avenue_2018,14.274178340391028,9.867022633302039,0.32097705722422426,1.2253036750277648
48826,3-rochester avenue_2022,13.672300195791813,9.867022633302039,0.40255370527089585,0.7481560635907445
48848,3-rockaway avenue_2024,14.366590790568265,10.97142809083519,0.4273045399496257,0.7416515896195602
48851,3-rockaway parkway_2017,15.826163276483499,11.663234393352754,0.34327699544020285,1.4776877895491012
48852,3-rockaway parkway_2018,16.07043282698041,11.663234393352754,0.35905383449547845,0.43392298092464876
48853,3-rockaway parkway_2019,15.390845278262693,11.663234393352754,0.35352849333526204,0.48876404696347153
48858,3-rockaway parkway_2024,15.058405386778876,11.663234393352754,0.38842418104627097,0.9022323746231148
48873,3-roder avenue_2019,11.852431446170263,8.12510110111681,0.25044195476329595,0.725178651390609
48881,3-rodney street_2017,13.992292743467846,9.757953422368278,0.2699772432377473,0.9949540270571223
48892,3-roebling street_2018,14.428196607568221,10.039113353304202,0.2684134078353105,0.5850050219402422
48895,3-roebling street_2021,14.479011915550876,10.039113353304202,0.30763001221037456,1.4770715551779587
48905,3-rogers avenue_2021,15.592565393681012,11.152637855445048,0.3324024733395106,0.1344434765494907
49008,3-royce street_2024,13.436720493392176,10.04158327525208,0.34708891453582413,0.9242192181962766
49041,3-russell street_2017,13.778831293319318,9.544505534404294,0.2269830431052697,0.6507614640635074
49053,3-rutherford place_2019,11.590405223955415,7.863161416913694,0.30782663854424835,0.6654676114532029
49061,3-rutland road_2017,14.77429567185541,10.611382569122224,0.30950111984642065,0.1693207446167031
49065,3-rutland road_2021,14.982955685153579,10.611382569122224,0.35868935201191016,0.16262892344821855
49068,3-rutland road_2024,14.006538070256077,10.611382569122224,0.3908297968642766,0.3551537875667936
49071,3-rutledge street_2017,13.687474477488427,9.453155467954835,0.26253183882900594,0.7407938340272983
49096,3-ryder street_2022,13.837344820677494,10.032059543996773,0.2929622255230644,0.8621301729147194
49102,3-ryerson street_2018,13.021460234112304,8.632509882644408,0.11156126292983891,0.6265264932180495
49111,3-sackett street_2017,14.404184858967687,10.169826295946104,0.22653648162121875,0.2839752105204545
49118,3-sackett street_2024,13.813147927413086,10.169826295946104,0.28976701179200626,0.12345580392691827
49126,3-sackman street_2022,13.626008938992818,9.820733778778186,0.2860082586135422,0.004788516731797177
49141,3-sands street_2017,13.768824794959293,9.534499745609386,0.17588449560492747,1.0981455130786657
49176,3-saratoga avenue_2022,14.47915103665798,10.673845397565835,0.38024580316740847,0.18198816789271696
49178,3-saratoga avenue_2024,14.06900234035051,10.673845397565835,0.3607356536033925,0.47131526867053153
49181,3-schaefer street_2017,13.674091824405497,9.511227337692725,0.2333742630558653,0.6660328880683734
49192,3-schenck avenue_2018,14.859133328519517,10.451954935292713,0.25309589212384154,0.26290258108755804
49193,3-schenck avenue_2019,14.179546020435422,10.451954935292713,0.2494004530955776,0.2679639415856773
49196,3-schenck avenue_2022,14.257254952810097,10.451954935292713,0.2866458214433996,0.23063541707250526
49198,3-schenck avenue_2024,13.84710632137399,10.451954935292713,0.28232291017415967,0.19218937599230465
49231,3-schenectady avenue_2017,15.54159709944349,11.378671004679644,0.29883180374858337,0.485076953743213
49232,3-schenectady avenue_2018,15.785866640387592,11.378671004679644,0.2978652696412014,0.16839165126045666
49238,3-schenectady avenue_2024,14.773839260646211,11.378671004679644,0.3680333893609692,0.04104596943600097
49242,3-schermerhorn street_2018,14.296355872207226,9.907278694199766,0.29746388634099347,0.08819401073591628
49246,3-schermerhorn street_2022,13.772999546496159,9.907278694199766,0.37870500024448583,0.9633269778755843
49252,3-scholes street_2018,14.207150013086864,9.818077425016208,0.316139682935373,0.1986869108802189
49398,3-seaview avenue_2024,14.654964859373862,11.25979799864845,0.34596147436081265,0.47685510419483734
49399,3-seaview avenue_2025,14.860106897057024,11.25979799864845,0.0,0.6454788868584441
49406,3-seaview court_2022,10.72633417105182,6.921970316892202,0.31007649385538955,0.6680344797448701
49443,3-seeley street_2019,12.898313004652803,9.062420932048115,0.24020645086926912,0.9606903191708395
49466,3-seigel street_2022,12.95416271608178,9.088503692160925,0.2640742050362264,1.4036429994545037
49468,3-seigel street_2024,12.731752623403066,9.088503692160925,0.26712743833140346,0.010445257861538649
49475,3-senator street_2021,13.81890021434989,9.37904199077396,0.3384272714570163,0.9916579108940394
49492,3-seton place_2018,12.508783037242194,8.101875426277115,0.2940000997863419,0.23475586664237577
49495,3-seton place_2021,12.473173677135293,8.101875426277115,0.32101215502817254,0.6254035284734257
49518,3-sharon street_2024,11.59932193130835,7.95630432742994,0.20504980787151073,0.6780335427498971
49522,3-sheepshead bay road_2018,14.22696777399772,9.819814543252575,0.2431335634473404,0.009058844488346039
49528,3-sheepshead bay road_2024,13.214941310604033,9.819814543252575,0.24760384888437043,0.07334339422420953
49552,3-shepherd avenue_2018,14.849383243455984,10.442205129853342,0.20959479258315675,0.3663083929069705
49553,3-shepherd avenue_2019,14.16979593872949,10.442205129853342,0.22201684582847034,0.28923087244163137
49558,3-shepherd avenue_2024,13.837356242352957,10.442205129853342,0.27732921050309667,0.3592815438036824
49566,3-sheridan avenue_2022,13.421780579253964,9.581321101134547,0.2507267115434484,0.0118297517535772
49568,3-sheridan avenue_2024,13.061878733027903,9.581321101134547,0.20110947065958779,0.7391238667999696
49582,3-sherlock place_2018,11.581750989283837,7.175300269998687,0.28618447273568115,1.3457848177816807
49631,3-shore parkway_2017,16.11439131769981,11.951460313469006,0.27399909989211785,0.547022539077809
49632,3-shore parkway_2018,16.35866087546349,11.951460313469006,0.29329727047138393,0.9103531392074018
49633,3-shore parkway_2019,15.679073301189844,11.951460313469006,0.2993444696246731,0.233806499482463
49671,3-shore road_2017,15.328339718654101,11.09395838471696,0.3687972494269265,1.154772055878314
49675,3-shore road_2021,15.533885066676133,11.09395838471696,0.4546806684341763,0.6152396916834197
49716,3-sidney place_2022,11.398156060610916,7.532910545075703,0.2767400735877978,0.6711060496830651
49736,3-skidmore avenue_2022,12.563066372998103,8.757891835406081,0.3675874080528436,0.8791702117707137
49762,3-skillman avenue_2018,13.883548043444366,9.49449600521175,0.22225426712932564,0.25526218119566974
49771,3-skillman street_2017,13.374434891916707,9.140144297470703,0.23111172096338664,0.6729954923490924
49802,3-smith street_2018,14.833998514508869,10.444900878263468,0.3889744867835393,1.2728456686123115
49846,3-somers street_2022,12.83488022046547,9.029669096874816,0.32820284513870623,0.9885741834591724
49856,3-south 1 street_2022,13.341348617019891,9.475654088912316,0.2794126809692743,0.48778215059737806
49858,3-south 1 street_2024,13.118938335116734,9.475654088912316,0.20878812998211788,0.20163386782632742
49861,3-south 10 street_2017,12.098950041415351,7.864932207461043,0.19566711104167664,2.2551370278067346
49881,3-south 2 street_2017,13.908274081764064,9.673939756212928,0.23690464085617066,0.17008027037160076
49888,3-south 2 street_2024,13.317237437374857,9.673939756212928,0.3020764077386381,0.17730901497041035
49901,3-south 4 street_2017,14.033082393933224,9.79874079480296,0.21343964550262673,0.9324789920706795
49903,3-south 4 street_2019,13.634691988995948,9.79874079480296,0.25942955949989704,0.41778885779699626
49906,3-south 4 street_2022,13.664456055764637,9.79874079480296,0.3034699066991927,0.25153662581542763
49913,3-south 5 place_2019,10.855215989715175,7.020085315738166,0.29833936692576896,0.7073951938251467
49923,3-south 5 street_2019,13.557671051155044,9.721724206333647,0.2789905643333225,0.3870974507499795
49976,3-south elliott place_2022,12.774263109885382,8.908625882875967,0.2956856723123027,0.5356743217353812
50016,3-south portland avenue_2022,13.140358718624226,9.274680906340041,0.34881208124458346,0.6599005867663096
50058,3-spencer place_2024,10.957134819048791,7.314424533068783,0.3039286888887416,0.6178307862504957
50108,3-stagg street_2024,13.237238346053662,9.593945766632215,0.3358562834141809,0.35669494373873506
50126,3-stanhope street_2022,13.621177759233657,9.755464902460549,0.32229435033772247,0.395684096253059
50136,3-stanley avenue_2022,14.657790719551723,10.85248137877191,0.5339720959359731,0.6984829201494644
50138,3-stanley avenue_2024,14.247641980528037,10.85248137877191,0.5152983647508599,0.03970136685155207
50161,3-starr street_2017,13.689446285386476,9.455127123572154,0.26504209033544096,0.41949949707196754
50171,3-state street_2017,14.09048141776928,9.856136766366102,0.2637638448219143,0.24231853070025075
50173,3-state street_2019,13.69209099086875,9.856136766366102,0.27057224488532067,0.3526970425695087
50176,3-state street_2022,13.72185505959752,9.856136766366102,0.3135972724948123,0.37452468520152743
50232,3-sterling place_2018,15.302472418582768,10.913364034099597,0.24841116196020294,0.32807997705861963
50233,3-sterling place_2019,14.749351732780603,10.913364034099597,0.2812011683676978,1.1383456908867098
50236,3-sterling place_2022,14.779115823160927,10.913364034099597,0.31871630574143384,0.0018981972830802527
50238,3-sterling place_2024,14.556705236091728,10.913364034099597,0.3179938552769049,0.8950262365694307
50243,3-sterling street_2019,13.44406154603344,9.60812176033866,0.22574481625184292,0.7665370377879964
50252,3-steuben street_2018,12.951866271527512,8.562928605138564,0.14418402948365966,0.7033450055363913
50262,3-stewart avenue_2018,14.408302899325689,10.019220511399029,0.3562831450965498,0.47747564408443655
50281,3-stillwell avenue_2017,15.532182675699023,11.369256687431369,0.34876258668550314,0.6914958178107149
50316,3-stockholm street_2022,13.605748596808073,9.711134603078946,0.312955236582406,0.7619733714897978
50326,3-stockton street_2022,12.260175120601737,8.394626867382364,0.38486216064121553,0.04506896336757812
50383,3-strauss street_2019,13.455594500476748,9.728033375981049,0.27647610866017236,0.6676242233288594
50388,3-strauss street_2024,13.123155092592537,9.728033375981049,0.24362208265775043,0.00876150566857275
50411,3-street edwards street_2017,12.650465077027325,8.416286812374809,0.15822400521489413,1.4963587959821996
50426,3-street felix street_2022,12.19729368446977,8.331759796447164,0.3446263658728825,0.5343272835510822
50442,3-street james place_2018,13.767933505081073,9.378890577018266,0.2985384214175932,0.6407480117607369
50448,3-street james place_2024,13.022167234154406,9.378890577018266,0.3361203098183549,0.5486992761940722
50451,3-street johns place_2017,15.438951422323532,11.204568519395089,0.3253316192625807,0.4694409709832593
50453,3-street johns place_2019,15.040560720181967,11.204568519395089,0.3325673569674614,0.7584666466805878
50456,3-street johns place_2022,15.070324813474258,11.204568519395089,0.39511175321074204,0.0026963615477426086
50471,3-street marks avenue_2017,15.291648328496905,11.057267554539875,0.2427895314293624,0.37836794022379716
50475,3-street marks avenue_2021,15.497193674989326,11.057267554539875,0.29490408805137264,0.2577381960787088
50476,3-street marks avenue_2022,14.923021733599379,11.057267554539875,0.31259216660650435,0.1607573788781141
50495,3-street nicholas avenue_2021,14.10902444745423,9.646288524334842,0.36537590081314625,0.7479194164069248
50526,3-strickland avenue_2022,13.752553603415302,9.947272130828203,0.37637836980633016,1.0810591294205205
50532,3-strong place_2018,12.161947254903254,7.7732365950578055,0.2531124977955593,0.6843082318927409
50575,3-stuyvesant avenue_2021,14.47830670097104,10.03840816916048,0.33763412294615514,1.1409371533131112
50591,3-sullivan street_2017,13.081808779731531,8.847554122473403,0.23574357512553076,0.5438347773729363
50642,3-sumpter street_2018,13.96076278526525,9.553625933332695,0.22392017726666275,0.43541218447611646
50646,3-sumpter street_2022,13.358884832752878,9.553625933332695,0.27690997546986984,0.4087264508105359
50658,3-sunnyside avenue_2024,12.089140660757709,8.694123312897354,0.18633647471943646,0.9456164972559817
50668,3-sunnyside court_2024,9.632794373987847,6.239502250506993,0.21065206342018059,0.6817322777446468
50683,3-surf avenue_2019,14.911564082212887,11.183958361013605,0.33667995689199615,0.8838088616289013
50691,3-sutter avenue_2017,15.264444487655652,11.101521988601798,0.3193643878441096,0.17764396724284356
50692,3-sutter avenue_2018,15.508714016280988,11.101521988601798,0.3295498902311906,0.25650095496820613
50693,3-sutter avenue_2019,14.829126544481703,11.101521988601798,0.3194270544539589,0.2541769938943827
50696,3-sutter avenue_2022,14.906835501675983,11.101521988601798,0.37456022564744407,0.333754260554164
50698,3-sutter avenue_2024,14.496686714505625,11.101521988601798,0.38504159844924307,0.5125840767808539
50721,3-suydam street_2017,14.078323056249506,9.843979036841276,0.2594061479509789,0.13470570285229133
50726,3-suydam street_2022,13.70969670221954,9.843979036841276,0.3206101953542488,0.49871255588218855
50738,3-taaffe place_2024,12.59858326565447,8.955350003286993,0.2998491319814562,0.6695714440312396
50762,3-tapscott street_2018,13.258666104416765,8.851600588726122,0.312159200308412,2.7286107110673936
50773,3-taylor street_2019,12.588197486801553,8.752346658146276,0.24481185079333917,1.8839435557692492
50816,3-ten eyck street_2022,13.089807547355887,9.22413449518217,0.364479058136799,0.0118297517535772
50853,3-terrace place_2019,12.966949739179846,9.131050141596065,0.3076841782548131,0.5638354440796057
50872,3-thatford avenue_2018,13.453892857753955,9.046802262857268,0.19995957459634328,0.5773434348163022
50882,3-thomas south boyland street_2018,15.292712281578897,10.88552384765609,0.3124016731784147,0.6713104859507708
50886,3-thomas south boyland street_2022,14.69083380358368,10.88552384765609,0.3511358217636153,0.0035935355101301704
50888,3-thomas south boyland street_2024,14.280685057461412,10.88552384765609,0.341773173463679,0.00349388925425578
50911,3-throop avenue_2017,14.762484988043605,10.528115055861608,0.3004103210421642,0.3721151284266102
50912,3-throop avenue_2018,14.917214986554137,10.528115055861608,0.3234689306564422,0.05713619137080915
50942,3-tilden avenue_2018,14.883354585287217,10.476175509100385,0.2856593342427729,0.3760362974173522
50951,3-tillary street_2017,14.529744805265825,10.29538178737903,0.310747345382777,0.6007028901686653
50971,3-tompkins avenue_2017,14.344648790356798,10.110292543311523,0.3097237740567896,0.3008450589780618
50975,3-tompkins avenue_2021,14.55019406985201,10.110292543311523,0.36516624686034466,0.16118303759138985
50976,3-tompkins avenue_2022,13.97602235619316,10.110292543311523,0.3687068917440687,0.8510052651755257
50998,3-tompkins place_2024,11.371269102006076,7.7283389129050475,0.24632113962691543,0.6700320730538941
51022,3-troy avenue_2018,15.742343585648262,11.33514845249601,0.2856547022692789,0.04573789167385374
51023,3-troy avenue_2019,15.06275607656043,11.33514845249601,0.30414303608513055,0.28728199243044117
51025,3-troy avenue_2021,15.706734096905898,11.33514845249601,0.3367316736443311,0.15229181034225864
51026,3-troy avenue_2022,15.14046503940774,11.33514845249601,0.34904372024168756,0.32041544206841627
51041,3-truxton street_2017,12.561122531247598,8.398406923069183,0.25111469882287074,1.6925834935207693
51096,3-underhill avenue_2022,13.180325208869695,9.314643799832318,0.30747044976042914,0.6091675667646704
51111,3-union street_2017,15.478091151062182,11.24370773323011,0.2768856423359933,0.1693207446167031
51112,3-union street_2018,15.632821177994568,11.24370773323011,0.2809732837077616,0.2133356103231241
51113,3-union street_2019,15.07970044521567,11.24370773323011,0.2994583888737318,0.3816504433421244
51116,3-union street_2022,15.109464538838603,11.24370773323011,0.3330740834550502,0.38655408321640394
51165,3-utah walk_2021,10.221844157889798,5.853085507083545,0.0,0.3945389679746109
51176,3-utica avenue_2022,15.70490918178578,11.89958755709501,0.4434184759213057,0.2511477477238071
51178,3-utica avenue_2024,15.294760301011056,11.89958755709501,0.41804876074929676,0.076497970972725
51185,3-van brunt street_2021,14.40621522814539,9.966319923734583,0.38941481258506333,0.7019582488384952
51195,3-van buren street_2021,14.231578866261406,9.79169241575602,0.31955612983617765,0.49548861075575285
51203,3-van dam street_2019,11.567427976031153,7.731851714792415,0.13144588613350125,1.3471636439168522
51216,3-van dyke street_2022,13.166384014871177,9.30070384416952,0.3170623893197278,0.6545622652443763
51223,3-van sicklen street_2019,13.362326379223374,9.634770939834809,0.26557669859240507,0.3657536078719364
51225,3-van sicklen street_2021,14.006303788965447,9.634770939834809,0.31471074483970024,0.6616049125500667
51232,3-van siclen avenue_2018,15.17977373285105,10.772587510737365,0.2889465372652495,1.287578388180733
51233,3-van siclen avenue_2019,14.500186330761611,10.772587510737365,0.3248731540191919,0.22912562299175723
51238,3-van siclen avenue_2024,14.167746556528929,10.772587510737365,0.3596942539105044,0.40018452366423884
51266,3-vandalia avenue_2022,14.53959084733792,10.699085924654225,0.3041202377069982,0.9535479802298629
51272,3-vanderbilt avenue_2018,15.08455921978723,10.695455214788634,0.3223490935443234,0.17050197998861247
51273,3-vanderbilt avenue_2019,14.531438574641866,10.695455214788634,0.31707053145128156,0.21905520540560322
51276,3-vanderbilt avenue_2022,14.561202662215816,10.695455214788634,0.40168378458955145,0.20774560913411302
51278,3-vanderbilt avenue_2024,14.338792098284276,10.695455214788634,0.37635585997444176,0.15760186050348968
51308,3-vanderveer street_2024,10.294216655573937,6.900011799177906,0.32905563896616324,0.9012583090401931
51316,3-vandervoort avenue_2022,14.081531867245927,10.215798068295086,0.5157898804924711,0.5416845513519741
51338,3-varet street_2024,12.771828411903265,9.128575159420864,0.3024008047106883,0.01004933585300144
51341,3-varick avenue_2017,14.252590780730912,9.963960170213747,0.502432658021374,0.6344051605361825
51342,3-varick avenue_2018,14.351300929251627,9.963960170213747,0.5351972605872768,0.20904462693470813
51371,3-verandah place_2017,11.386930679114542,7.153305598672746,0.17713383184885603,0.5233074012680465
51395,3-vermont street_2021,14.954709373728502,10.583136954522928,0.31789086806855077,0.3361864815113959
51436,3-verona street_2022,12.546539186686463,8.680935815093331,0.2886228062935009,0.46831470381377394
51642,3-voorhies avenue_2018,14.511773275507213,10.104606735442113,0.3459067699138679,1.096677084033599
51765,3-walworth street_2021,13.418684685449643,8.978867545183213,0.2687101345203941,0.5440089175562235
51781,3-warren street_2017,13.96286149334215,9.72852387460207,0.2472592109827202,0.26097868961723114
51821,3-warwick street_2017,14.079928246714152,9.917039453565556,0.23307484894107414,1.0091251221665736
51828,3-warwick street_2024,13.3121710889476,9.917039453565556,0.29339594029684235,0.20774560913411302
51832,3-washington avenue_2018,15.698613330378594,11.309499062496732,0.2908962824775429,0.6075348244840229
51896,3-waterbury street_2022,12.354243716264309,8.488675590727246,0.3399675215498551,0.6413800897380623
51916,3-waverly avenue_2022,13.715049708488582,9.849331765742251,0.26244042302965426,0.7227059828014898
51955,3-weirfield street_2021,13.972768144827386,9.510041552355043,0.31508567454477343,0.35417181372061385
51972,3-weldon street_2018,12.553677797584688,8.093604198011393,0.22132158916483113,0.6151315835752064
51995,3-wellington court_2021,12.126261923622044,7.755087717480082,0.26796848228756853,0.8016876348493962
52015,3-west 1 street_2021,14.123972594961772,9.752432575923148,0.2751699804754937,0.28780706463993194
52022,3-west 10 street_2018,14.379565083129396,9.972404252337853,0.25753741788109513,0.5131229828146742
52023,3-west 10 street_2019,13.699977985928856,9.972404252337853,0.26524969505507,0.3566249426886907
52025,3-west 10 street_2021,14.343955609731731,9.972404252337853,0.31654239966867026,0.18290472005453526
52031,3-west 11 street_2017,14.205259087914884,10.042364574699358,0.260196158000476,0.4073965749579116
52036,3-west 11 street_2022,13.847650292128696,10.042364574699358,0.35346509991028147,1.4285872733101421
52045,3-west 12 street_2021,14.672780745524486,10.301216474792719,0.3060116829253148,0.29050308963848276
52046,3-west 12 street_2022,14.10651189629438,10.301216474792719,0.30810636837256633,0.13967498207248205
52048,3-west 12 street_2024,13.696363317895244,10.301216474792719,0.27134240769071555,0.09029763798078058
52049,3-west 12 street_2025,13.901505226753928,10.301216474792719,0.0,0.5192698705486536
52052,3-west 13 street_2018,14.35471135221133,9.947551681566942,0.26133448198576703,0.7745428187639394
52058,3-west 13 street_2024,13.34268474965255,9.947551681566942,0.29159291044378,0.12628016591032976
52092,3-west 17 street_2018,13.298649616907996,8.891578558774098,0.2886279278064393,0.08028883122880298
52126,3-west 2 street_2022,13.59155811400653,9.786284815184985,0.31317780578288806,0.38546646160147446
52155,3-west 22 street_2021,13.463609404281339,9.092123098525464,0.3537203260611318,0.27967510204986457
52172,3-west 24 street_2018,12.84305099972965,8.436058349033416,0.25133398990491274,2.108794011956793
52182,3-west 25 street_2018,12.907099566489618,8.500093622923522,0.2633569099489902,2.286699583763822
52216,3-west 29 street_2022,12.572243919321533,8.767067977434273,0.328598180190307,1.3258806545592694
52226,3-west 3 street_2022,13.85210809438471,10.046822187705033,0.3233141520437018,0.6921967290239499
52232,3-west 30 street_2018,12.74480162667081,8.337831095429323,0.17574678211613973,1.3151742286167651
52242,3-west 31 street_2018,12.656405554823534,8.249456869199179,0.2577490804916853,2.3607219169235902
52252,3-west 32 street_2018,12.836937087940852,8.429945751220426,0.16255162514032895,1.95789518360034
52265,3-west 33 street_2021,12.49697832395329,8.125673036151234,0.345133467953888,2.5556524284794806
52275,3-west 35 street_2021,12.924398189052422,8.552991297660316,0.23946403374398695,0.9784013079370587
52292,3-west 37 street_2018,13.167161558082187,8.760109592216475,0.27996457560690335,1.1685735799740704
52301,3-west 4 street_2017,13.835955978860852,9.67308060300732,0.2366180832704633,0.6210065027822629
52303,3-west 4 street_2019,13.400638442018593,9.67308060300732,0.2871974589215794,0.24373018492259815
52311,3-west 5 street_2017,14.513894069875438,10.350988180500435,0.2626515176112975,1.5895616824293077
52312,3-west 5 street_2018,14.75816354159606,10.350988180500435,0.28202377706839693,0.21252739885102048
52316,3-west 5 street_2022,14.156285196775531,10.350988180500435,0.3412549155928958,0.5261476398637753
52325,3-west 6 street_2021,15.376647477604957,11.005066445958883,0.3477983704550081,0.35683493114009757
52335,3-west 7 street_2021,14.46920936847394,10.09765258611904,0.3187404694717537,0.30321087406940794
52352,3-west 9 street_2018,14.633339410605794,10.244248159517536,0.28176118948315215,0.5172449755681741
52355,3-west 9 street_2021,14.684154723568021,10.244248159517536,0.3256151013526947,0.14236724128692196
52409,3-west street_2025,13.97698133349331,10.376690206144803,0.0,0.2848781451190467
52518,3-white street_2024,12.17210897082708,8.528942542685089,0.33787870661396463,0.7653748145568261
52521,3-whitman drive_2017,13.864214182651505,9.701337079981736,0.21711232810194803,0.7453125945406247
52525,3-whitman drive_2021,14.072874088770728,9.701337079981736,0.29195375771708404,0.5820480080412256
52593,3-williams avenue_2019,13.921881223512198,10.194298425542698,0.25488255965936185,1.7969128344688496
52686,3-williamsburg street west_2022,13.483023429559767,9.617318982274602,0.41625935323904484,0.38014730012387454
52691,3-willmohr street_2017,13.424345628436035,9.261501813085717,0.26085483021863676,0.4777237522608737
52701,3-willoughby avenue_2017,15.16197504130234,10.92759641945239,0.25880902118844856,0.126632650933366
52705,3-willoughby avenue_2021,15.367520381916174,10.92759641945239,0.3358533044752789,0.44871615010247934
52732,3-willow street_2018,12.950603107382749,8.561665679487774,0.23564195203997415,1.1618061561640467
52741,3-wilson avenue_2017,14.628927780260499,10.340282610951121,0.31303868687263375,0.17856450791624237
52846,3-woodhull street_2022,12.51433041497774,8.64873248477106,0.41845230363497554,0.6593318320652147
52852,3-woodpoint road_2018,13.192930674792343,8.803952589008457,0.33505100994717507,0.64882949990882
52875,3-woodruff avenue_2021,13.18516986365883,8.745385485696001,0.2961893606211351,1.378136173418427
52891,3-woodside avenue_2017,11.086232822640818,6.924264257644864,0.2081294407498272,0.600922236517428
52908,3-wortman avenue_2024,14.017258472382094,10.622102717380951,0.4258071299982134,0.016955440649413473
52918,3-wyckoff avenue_2024,13.765195891260682,10.195981193695747,0.36204426304406406,0.16364829152833335
52923,3-wyckoff street_2019,13.218467677172992,9.382544525701725,0.32762926584042806,1.115764347485675
52926,3-wyckoff street_2022,13.248231725802656,9.382544525701725,0.3679946492404352,0.4989554511955033
52945,3-wythe avenue_2021,15.114002955197162,10.674084112748274,0.3618697024837531,0.23538827773064688
52948,3-wythe avenue_2024,14.317420519819462,10.674084112748274,0.33315107780628606,0.02058663360838838
52949,3-wythe avenue_2025,14.184412362686063,10.674084112748274,0.0,0.21913552991667093
52973,3-york street_2019,12.872667811323184,9.03677868552829,0.33839741208587,1.5502609921918666
52983,4-1 street_2019,12.95496256754454,9.229123985006687,0.26800930685307606,1.639210284101081
52992,4-10 avenue_2018,14.55471325146395,10.167363937214757,0.2673585994798668,0.034111529628767866
52993,4-10 avenue_2019,14.040400586947312,10.167363937214757,0.24903686132122435,0.23087359737612023
52995,4-10 avenue_2021,14.630125820559508,10.167363937214757,0.30275907443818856,0.6030583457782595
53002,4-10 street_2018,14.427532581090896,10.040188410427879,0.2699266902238742,0.03873982831593056
53005,4-10 street_2021,14.502945145482421,10.040188410427879,0.31384100703681606,0.24849935857651795
53006,4-10 street_2022,13.934819052548844,10.040188410427879,0.321251083376799,0.010445257861538649
53008,4-10 street_2024,13.609396993473375,10.040188410427879,0.2617009145260851,0.004788516731797177
53042,4-100 street_2018,15.169241154942538,10.781874428594735,0.24529490109352223,0.10912342701835417
53043,4-100 street_2019,14.654928343003196,10.781874428594735,0.26214877044661616,0.1949909598946175
53046,4-100 street_2022,14.676527445576701,10.781874428594735,0.29087812958640663,0.23830798783398163
53053,4-101 avenue_2019,15.105855926460968,11.379932711702697,0.33575693241953647,0.14686707580955238
53056,4-101 avenue_2022,15.220448538325634,11.379932711702697,0.37602159006057073,0.10822640507087118
53072,4-101 street_2018,15.182532935153636,10.79516593793761,0.26382653217396773,0.38757265526657614
53073,4-101 street_2019,14.668220120920958,10.79516593793761,0.2817841721085746,0.2627488059065692
53075,4-101 street_2021,15.257945520420847,10.79516593793761,0.29454807164283303,0.2253810462544016
53078,4-101 street_2024,14.364396983624122,10.79516593793761,0.27971942002876343,0.08846864798760816
53082,4-102 avenue_2018,14.555981213573519,10.095646395239548,0.23373935271779522,0.1486785923713627
53102,4-102 street_2018,15.756490872368275,11.296127548728101,0.28942407562429406,0.0865446014001858
53103,4-102 street_2019,15.022049789016313,11.296127548728101,0.2846546890397296,0.2880320112160688
53105,4-102 street_2021,15.674761210024005,11.296127548728101,0.3183015893462113,0.24098346944254076
53106,4-102 street_2022,15.136642398276493,11.296127548728101,0.31461633429608604,0.08111905128479202
53109,4-102 street_2025,14.789588163032093,11.296127548728101,0.0,0.0735292332881155
53112,4-103 avenue_2018,15.510632287061398,11.050272385348169,0.3722005856894206,0.3153945110183167
53116,4-103 avenue_2022,14.89078384732727,11.050272385348169,0.4126737787280829,0.23039718002551782
53128,4-103 drive_2024,10.109947771423787,6.630602821007507,0.16200155430299706,0.6772210300096861
53132,4-103 road_2018,13.106422234457117,8.646220406694177,0.24928951232731372,0.2211415486435367
53138,4-103 road_2024,12.126674529716812,8.646220406694177,0.2669954338430592,0.1265445413249562
53141,4-103 street_2017,14.836775703385056,10.548124554559527,0.2596753378571442,0.13967498207248205
53152,4-104 avenue_2018,15.385057428535827,10.92469962738046,0.2514623793679884,0.02615495747685121
53155,4-104 avenue_2021,15.303327771691034,10.92469962738046,0.30890363325549697,0.21357794644450878
53156,4-104 avenue_2022,14.765209009892285,10.92469962738046,0.3179369871680118,0.0045894523338072864
53159,4-104 avenue_2025,14.418154824445297,10.92469962738046,0.0,0.013607003406216902
53171,4-104 street_2017,15.059243032490528,10.840195908805907,0.27995293378659747,0.07825649796576742
53172,4-104 street_2018,15.300552140403633,10.840195908805907,0.3070443893220016,0.4378032160201091
53176,4-104 street_2022,14.680703737519215,10.840195908805907,0.32955565393841857,0.11064652008706366
53179,4-104 street_2025,14.333649566225308,10.840195908805907,0.0,0.001998002662673056
53182,4-105 avenue_2018,14.768121628926545,10.30777901514377,0.23727153510054255,0.2028592080115027
53186,4-105 avenue_2022,14.148273362772644,10.30777901514377,0.2513097986405597,0.00786895837869518
53198,4-105 place_2024,10.01922165075833,6.539998134348527,0.16200155430299706,0.7228516032662763
53202,4-105 street_2018,14.696264909715582,10.308910589620726,0.2465834910123237,0.2741408018851136
53212,4-106 avenue_2018,14.541406530137804,10.081072310539813,0.24283457769514613,0.25634619214192805
53215,4-106 avenue_2021,14.459676896776664,10.081072310539813,0.29197164950138615,0.036331929247390274
53216,4-106 avenue_2022,13.921558348267153,10.081072310539813,0.251047626764139,0.010445257861538649
53226,4-106 road_2022,11.726775271667536,7.88661600274842,0.3066192734715318,0.1176052420742634
53231,4-106 street_2017,14.716073307556364,10.427425479170191,0.22046218519107774,0.2952781490734089
53232,4-106 street_2018,14.814783478596226,10.427425479170191,0.24372468438767111,0.19548454332023552
53236,4-106 street_2022,14.322069839191652,10.427425479170191,0.2838975576811792,0.12336741395028407
53242,4-107 avenue_2018,15.736853117216327,11.276490037059002,0.26962063279671944,0.06569410319536247
53245,4-107 avenue_2021,15.655123455114527,11.276490037059002,0.30490848535618736,0.03149866705937099
53248,4-107 avenue_2024,14.757102275021307,11.276490037059002,0.28114735767370624,0.2424754796137017
53255,4-107 road_2021,11.460954609582103,7.083137637941793,0.2801193000700812,0.6605723346277667
53261,4-107 street_2017,14.886025181412522,10.597372788765691,0.24622025340441986,0.1259275565977906
53262,4-107 street_2018,14.984735358421888,10.597372788765691,0.27397670477423186,0.26474604116872325
53263,4-107 street_2019,14.4704225816757,10.597372788765691,0.2833359068478877,0.23830798783398163
53266,4-107 street_2022,14.492021682378995,10.597372788765691,0.3165889464554527,0.38553447261928553
53272,4-108 avenue_2018,14.80539674778256,10.345052927048096,0.26556216113913544,0.3991787234654564
53278,4-108 avenue_2024,13.825646280288089,10.345052927048096,0.3012262975595381,0.003394233068015547
53302,4-108 street_2018,15.96830209987455,11.580924085460392,0.3463028712087854,0.06325644963501485
53303,4-108 street_2019,15.453989192364098,11.580924085460392,0.34667073035537727,0.07325046173959267
53308,4-108 street_2024,15.150165972706438,11.580924085460392,0.3876143067545994,0.26781094280936907
53311,4-109 avenue_2017,15.733290191001897,11.51423359968757,0.2571317122843668,0.12195211075074605
53312,4-109 avenue_2018,15.974599329225617,11.51423359968757,0.2797306807213147,0.2072580420839862
53315,4-109 avenue_2021,15.892869664485483,11.51423359968757,0.3228510881149086,0.20236925209773263
53318,4-109 avenue_2024,14.994848435486283,11.51423359968757,0.3142633179639045,0.025960101669531634
53319,4-109 avenue_2025,15.007696574038825,11.51423359968757,0.0,0.09239684926596758
53331,4-109 road_2017,13.503712249932624,9.284737287319262,0.2363597954972424,0.4704410335705148
53335,4-109 road_2021,13.66329154362428,9.284737287319262,0.31712449606363546,0.08764450985204636
53342,4-109 street_2018,14.903827554403646,10.44348075457111,0.2696058558775531,0.3917717809761619
53343,4-109 street_2019,14.16938668056302,10.44348075457111,0.2776697095994802,0.025277807184268544
53346,4-109 street_2022,14.283979246219253,10.44348075457111,0.2845502383906671,0.19260186620151104
53348,4-109 street_2024,13.924077028949048,10.44348075457111,0.28963116991174576,0.27231459532065916
53352,4-11 avenue_2018,15.229548058351337,10.84218013141125,0.26335741720074046,0.20928800502376896
53353,4-11 avenue_2019,14.715235236247056,10.84218013141125,0.25903914531142036,0.1849846742134383
53355,4-11 avenue_2021,15.304960644468803,10.84218013141125,0.30497573331657013,0.16007594784663493
53368,4-11 place_2024,10.411941084182525,6.769700771297057,0.2781540662001263,0.8555636048042362
53372,4-11 street_2018,15.117485615625425,10.728380886169337,0.2812932864982467,0.47144009703169726
53376,4-11 street_2022,14.594129051792754,10.728380886169337,0.30693006856347105,0.01014833105181515
53378,4-11 street_2024,14.371718484033758,10.728380886169337,0.286573083366402,0.24506158661514044
53381,4-110 avenue_2017,15.196098436795168,10.97704884360876,0.24647831425357408,0.01646372603066508
53382,4-110 avenue_2018,15.437407552614411,10.97704884360876,0.2734295601996079,0.16965838284055723
53386,4-110 avenue_2022,14.817559124855622,10.97704884360876,0.31684234771674924,0.002895803112025565
53392,4-110 road_2018,14.132837504321087,9.672524167782802,0.22108059309690514,0.0896578719305353
53396,4-110 road_2022,13.512989532133416,9.672524167782802,0.28604392922214816,0.22745424690129432
53402,4-110 street_2018,15.359414929304023,10.972044650179932,0.272184569886713,0.4430177641607487
53403,4-110 street_2019,14.845102087284765,10.972044650179932,0.2714800978755005,0.13330636730822512
53406,4-110 street_2022,14.866701191456757,10.972044650179932,0.3216345757145325,0.13566661142153352
53412,4-111 avenue_2018,16.034165832405005,11.573799532026433,0.2855245577759313,0.3772027983901929
53418,4-111 avenue_2024,15.054414927559854,11.573799532026433,0.309381824449234,0.1749612023876622
53419,4-111 avenue_2025,15.067263066339386,11.573799532026433,0.0,0.23079421024473254
53431,4-111 street_2017,15.703957457970224,11.415291300635742,0.2939104722589067,0.09839632185619336
53432,4-111 street_2018,15.80266765298198,11.415291300635742,0.3270932239965936,0.239646623413224
53435,4-111 street_2021,15.878080246804647,11.415291300635742,0.34275696381648507,0.10607026372706647
53436,4-111 street_2022,15.309953866447936,11.415291300635742,0.36275274607704006,0.30924785036634145
53461,4-112 road_2017,14.437716199556348,10.218685714317534,0.2042239143489921,0.1422805072567709
53466,4-112 road_2022,14.05917701891081,10.218685714317534,0.25081388601634685,0.5172449755681741
53472,4-112 street_2018,15.431152662332385,10.970794059315065,0.2674274081753945,0.18073696866371633
53473,4-112 street_2019,14.69671163883456,10.970794059315065,0.2793626783398152,0.22106138510988518
53479,4-112 street_2025,14.464250042960206,10.970794059315065,0.0,0.09603718819694217
53483,4-113 avenue_2019,14.328721797799897,10.602811683525294,0.2369012919560332,0.369077710655775
53488,4-113 avenue_2024,14.083412117441286,10.602811683525294,0.25248570510640506,0.011236631925987681
53506,4-113 road_2022,12.618832549376055,8.778456264064596,0.2526116135711177,0.059777204035860704
53508,4-113 road_2024,12.258931494415839,8.778456264064596,0.24308139597250475,0.3538208749558259
53512,4-113 street_2018,15.096919937858651,10.709554750098746,0.2656168325325041,0.2434950475621073
53513,4-113 street_2019,14.58260713894594,10.709554750098746,0.2676061158790918,0.06588136911351271
53526,4-114 avenue_2022,13.26067401090393,9.420226336477876,0.2719815726777836,0.023521195041345824
53528,4-114 avenue_2024,12.900772276941531,9.420226336477876,0.2969981486548477,0.3018068464971771
53535,4-114 drive_2021,13.776592789027408,9.398028713562042,0.2829760197631855,0.5130032510137649
53536,4-114 drive_2022,13.238474607304502,9.398028713562042,0.27894839248302633,0.05845756957156866
53538,4-114 drive_2024,12.878572890278107,9.398028713562042,0.2838817569434508,0.3604677421774286
53541,4-114 place_2017,13.724778820954075,9.505785717397766,0.2525119680244794,0.3777512695406486
53546,4-114 place_2022,13.346239897171738,9.505785717397766,0.2881231516326436,0.01153323581367303
53556,4-114 road_2022,14.261588711034953,10.421090864978723,0.3098583190299013,0.45799430512000494
53558,4-114 road_2024,13.901686499904631,10.421090864978723,0.31143615845988804,0.007372754329413085
53563,4-114 street_2019,14.756256159581412,11.030337609930806,0.3093532132879993,0.3767226392425104
53566,4-114 street_2022,14.870848758977521,11.030337609930806,0.3366552657538608,0.2028592080115027
53575,4-114 terrace_2021,11.986969161797722,7.60881319377865,0.2958676570382204,0.653626422397662
53581,4-115 avenue_2017,15.746527145272314,11.52747042456468,0.24526317894294883,0.07027205298533172
53583,4-115 avenue_2019,15.253395168407499,11.52747042456468,0.28286912393464964,0.07185543710042809
53586,4-115 avenue_2022,15.367987784358975,11.52747042456468,0.3267173950656284,0.3906221612383899
53588,4-115 avenue_2024,15.008085387645517,11.52747042456468,0.2938820247878961,0.001399020913707341
53598,4-115 court_2024,9.902280452360833,6.423230597761073,0.21344146550775916,1.3678248448362293
53606,4-115 drive_2022,13.248821065580481,9.408374336996946,0.259668325996582,0.06250520535139711
53608,4-115 drive_2024,12.888919340613947,9.408374336996946,0.17862013369076837,0.012027380212718455
53616,4-115 road_2022,14.175310128217152,10.334814909515705,0.2912903784938285,0.7988576349820595
53618,4-115 road_2024,13.815407942074255,10.334814909515705,0.24622818986619413,0.022446188829830054
53619,4-115 road_2025,13.828256071784837,10.334814909515705,0.0,0.24302460690735922
53623,4-115 street_2019,14.62804986081008,10.902133474080605,0.2636399517089088,0.0374884444109916
53626,4-115 street_2022,14.742642454425274,10.902133474080605,0.29681743288088075,0.002895803112025565
53629,4-115 street_2025,14.395588272641502,10.902133474080605,0.0,0.1260157205828598
53638,4-115 terrace_2024,9.87388331333457,6.39487877882835,0.2490129312926268,1.374778305158643
53643,4-116 avenue_2019,15.174461703213867,11.448537749333838,0.2868093600577784,0.07241368050904531
53646,4-116 avenue_2022,15.289054317053997,11.448537749333838,0.324892734677038,0.11893792407151377
53648,4-116 avenue_2024,14.929151927873397,11.448537749333838,0.290069502403214,0.3515719457628291
53649,4-116 avenue_2025,14.942000066159402,11.448537749333838,0.0,0.09948327848495012
53663,4-116 road_2019,13.332643949461032,9.606775240352915,0.2251927323591453,0.7422230182065379
53666,4-116 road_2022,13.447236415643376,9.606775240352915,0.3084628500645394,0.039605254592359425
53672,4-116 street_2018,15.331130507558361,10.870773692642812,0.26089670026368533,0.07259969241434357
53673,4-116 street_2019,14.596689506732467,10.870773692642812,0.25849756239907296,0.025765207886026414
53676,4-116 street_2022,14.711282098817144,10.870773692642812,0.29232802762055504,0.002995508979798479
53682,4-117 road_2018,13.454670315691425,8.994417388452135,0.2040395089905302,0.47790979300433295
53683,4-117 road_2019,12.720230632160241,8.994417388452135,0.24682907546682736,0.7352962940681036
53691,4-117 street_2017,15.173026416168547,10.884367876405383,0.2369307947966311,0.12062344232373867
53696,4-117 street_2022,14.77902287583068,10.884367876405383,0.2858506349701387,0.002895803112025565
53699,4-117 street_2025,14.480839646112207,10.884367876405383,0.0,0.002995508979798479
53702,4-118 avenue_2018,15.380227194928231,10.919869479957892,0.2534056379225995,0.24513984918610585
53703,4-118 avenue_2019,14.645786182690241,10.919869479957892,0.2784007961573439,0.1863965759470937
53706,4-118 avenue_2022,14.760378777150027,10.919869479957892,0.3183563162135536,0.0969452060564791
53712,4-118 road_2018,13.761295446893062,9.301010126195083,0.22663586546889958,0.14548466674198082
53713,4-118 road_2019,13.026855352598645,9.301010126195083,0.2314895785155869,0.20179733329461133
53716,4-118 road_2022,13.141447756014125,9.301010126195083,0.24676816194267484,0.015184135325039965
53723,4-118 street_2019,14.674055669680028,10.948138474721956,0.24936146428651668,0.3677632409241529
53726,4-118 street_2022,14.788648265455405,10.948138474721956,0.2935156854217176,0.0026963615477426086
53729,4-118 street_2025,14.441594076290054,10.948138474721956,0.0,0.005286004429237355
53732,4-119 avenue_2018,15.550458222417825,11.090097707753836,0.24567660898402727,0.37473094873830326
53733,4-119 avenue_2019,14.81601717468165,11.090097707753836,0.25703875376338564,0.260362261796818
53738,4-119 avenue_2024,14.570707430135199,11.090097707753836,0.2875847373477989,0.0026963615477426086
53739,4-119 avenue_2025,14.583555566614093,11.090097707753836,0.0,0.17243955693950402
53746,4-119 drive_2022,12.322898513710703,8.482574127769707,0.2726486866330283,0.2704850476232594
53753,4-119 road_2019,13.404750598774623,9.678877322438822,0.2618408412678936,0.28412575624900377
53756,4-119 road_2022,13.519343077164526,9.678877322438822,0.2808117923635521,0.010445257861538649
53766,4-119 street_2022,13.503477534564439,9.608869934167528,0.3239355074432284,0.010643160098479827
53771,4-12 avenue_2017,14.767854592642522,10.479205290576893,0.17578093913596315,0.5460383155217332
53775,4-12 avenue_2021,14.941977343997744,10.479205290576893,0.2242668870784195,0.09712671073072274
53783,4-12 road_2019,13.801793206638717,9.928766690610372,0.2943158642740934,0.18904887754338112
53785,4-12 road_2021,14.391518344371356,9.928766690610372,0.33864919285336875,0.008166562666393417
53791,4-12 street_2017,14.636289091352825,10.347643688359485,0.24465531902839407,0.543486406005539
53792,4-12 street_2018,14.734999259220555,10.347643688359485,0.2864685217515978,0.439479986695442
53798,4-12 street_2024,13.916863489854517,10.347643688359485,0.2804935709659634,0.007174203748000358
53802,4-120 avenue_2018,15.852093973633227,11.391729530599056,0.2852777344141713,0.34323503157203017
53803,4-120 avenue_2019,15.11765287608819,11.391729530599056,0.2829570252879294,0.03998964821615847
53821,4-120 street_2017,15.410080471143493,11.121418028664143,0.24968453825107662,0.0916671885258238
53822,4-120 street_2018,15.508790661296734,11.121418028664143,0.28041725371970583,0.010742096531902109
53823,4-120 street_2019,14.994477799351332,11.121418028664143,0.2903994654282809,0.10408970852438094
53826,4-120 street_2022,15.016076904582224,11.121418028664143,0.2995612618202915,0.004091617903253565
53828,4-120 street_2024,14.690654619925928,11.121418028664143,0.3203037356520879,0.17839719990179823
53833,4-121 avenue_2019,14.226983089788606,10.501075572275868,0.25878069914575363,0.42833492219891217
53836,4-121 avenue_2022,14.3415756596986,10.501075572275868,0.32323519649343296,0.0045894523338072864
53841,4-121 street_2017,15.241852380564394,11.022802034330219,0.24918506096286186,0.2746728178581409
53846,4-121 street_2022,14.863313063450578,11.022802034330219,0.2977926582887768,0.004788516731797177
53848,4-121 street_2024,14.503410726943864,11.022802034330219,0.29823626013047116,0.29951182420535816
53849,4-121 street_2025,14.516258863005154,11.022802034330219,0.0,0.03207989346341168
53853,4-122 avenue_2019,13.796477377767555,10.070584303268785,0.2656744296879456,0.13584122291141315
53859,4-122 avenue_2025,13.564015940204754,10.070584303268785,0.0,0.004489905272852052
53861,4-122 place_2017,13.72089975455427,9.501906935983287,0.23870806785532134,0.6792003744273207
53871,4-122 street_2017,14.653928389539095,10.434890915194355,0.28406195841735343,0.2798262964861974
53875,4-122 street_2021,14.81350782091777,10.434890915194355,0.35291056262181303,0.6621723762605147
53876,4-122 street_2022,14.275389160869913,10.434890915194355,0.35048399013122683,0.0038924147153438387
53883,4-123 avenue_2019,13.30880416328875,9.582937038085431,0.2708749541353997,0.18913164872250382
53891,4-123 street_2017,15.389174246543174,11.170121696922143,0.24420391384687487,0.09057169818438696
53896,4-123 street_2022,15.010634914289678,11.170121696922143,0.2920763768483287,0.18937992116140065
53898,4-123 street_2024,14.650732556971986,11.170121696922143,0.29486623578874915,0.22001867396668484
53899,4-123 street_2025,14.663580693912241,11.170121696922143,0.0,0.04554681495597039
53903,4-124 avenue_2019,10.808644329657586,7.083528903308466,0.1753528874778613,0.6937969694014424
53921,4-124 street_2017,15.42349070122738,11.134828064410836,0.23351210054692959,0.12062344232373867
53922,4-124 street_2018,15.522200891634785,11.134828064410836,0.26145824070014656,0.0631625749576401
53926,4-124 street_2022,15.029487133360309,11.134828064410836,0.29172830472716155,0.00876150566857275
53928,4-124 street_2024,14.704064847161764,11.134828064410836,0.2803275076121105,0.26842279751296966
53929,4-124 street_2025,14.731303874273086,11.134828064410836,0.0,0.0678455468950672
53941,4-125 street_2017,15.418119668616308,11.19906672294481,0.22927246013367042,0.029267497680568088
53946,4-125 street_2022,15.039580333641513,11.19906672294481,0.2969243896384144,0.13058956970360192
53973,4-126 place_2019,11.157304002123462,7.284901527106087,0.02701279924606864,1.2881852680095713
53981,4-126 street_2017,15.400504033732297,11.18145132772281,0.21725287955867503,0.030141156911986842
53982,4-126 street_2018,15.641813159517248,11.18145132772281,0.2414759921032832,0.09884936404216896
53983,4-126 street_2019,14.907372095080799,11.18145132772281,0.25297110863012384,0.7794624820118654
53985,4-126 street_2021,15.560083498658607,11.18145132772281,0.2952184440270455,0.3207782999409705
53986,4-126 street_2022,15.021964700404242,11.18145132772281,0.29442446495443536,0.009851316050374183
53989,4-126 street_2025,14.674910478612103,11.18145132772281,0.0,0.06915285868831662
54011,4-127 street_2017,15.492952949859188,11.273899031851078,0.25218492419058586,0.13601580391744317
54012,4-127 street_2018,15.734262079524347,11.273899031851078,0.2763334968679089,0.16449697188140258
54013,4-127 street_2019,14.999820999671442,11.273899031851078,0.2830247424499054,0.07166928669035966
54015,4-127 street_2021,15.652532417454895,11.273899031851078,0.32554008274785246,0.2018790560094854
54016,4-127 street_2022,15.11441360820339,11.273899031851078,0.3312508272669064,0.014691548742989757
54018,4-127 street_2024,14.754511237961312,11.273899031851078,0.3185177045056274,0.07148310162186426
54019,4-127 street_2025,14.767359375447437,11.273899031851078,0.0,0.050693114315518116
54025,4-128 avenue_2021,14.084665399471126,9.706079622831501,0.2805877476930451,0.3483302234031682
54051,4-128 street_2017,15.054284549428472,10.765628341087433,0.2406600378738037,0.08810244822154566
54056,4-128 street_2022,14.660281024756108,10.765628341087433,0.30638865489021927,0.003194890896519197
54058,4-128 street_2024,14.334858789573762,10.765628341087433,0.289742755666727,0.2622873384318364
54059,4-128 street_2025,14.36209781174993,10.765628341087433,0.0,0.009752291442678272
54065,4-129 avenue_2021,14.629148159969917,10.250537129351443,0.2883597331335556,0.23728311486792894
54068,4-129 avenue_2024,13.731127393552407,10.250537129351443,0.2950342888939258,0.011730922875698666
54069,4-129 avenue_2025,13.743975522140312,10.250537129351443,0.0,0.0035935355101301704
54081,4-129 street_2017,15.024306055992591,10.805259618774688,0.2440864447076057,0.2113948042796617
54086,4-129 street_2022,14.645766765738077,10.805259618774688,0.3194185106745121,0.020782539182528505
54088,4-129 street_2024,14.28586446615211,10.805259618774688,0.2817095479727533,0.11787192059488914
54089,4-129 street_2025,14.298712600654031,10.805259618774688,0.0,0.002895803112025565
54091,4-13 avenue_2017,14.644535198095413,10.355889535365,0.18755502272740124,0.3104948705169375
54111,4-13 street_2017,13.616960124896151,9.328370744434693,0.1908634025069174,0.46492827137895315
54112,4-13 street_2018,13.715670219490748,9.328370744434693,0.21620727013758256,1.028225589111111
54118,4-13 street_2024,12.897535344455974,9.328370744434693,0.1869802285416041,0.0103462920541443
54123,4-130 avenue_2019,14.474648081570637,10.7487346749997,0.2689327805092068,0.06335031550076171
54128,4-130 avenue_2024,14.229338378616726,10.7487346749997,0.298449223124116,0.09285261701461639
54148,4-130 place_2024,13.415122067802953,9.934544532295458,0.12961569028170225,0.008563230660487873
54158,4-130 road_2024,12.196982725899062,8.716517035268094,0.2559778670294684,0.3763108906778131
54161,4-130 street_2017,15.547551644617005,11.32849706171663,0.3777459866760211,0.11350724079359488
54166,4-130 street_2022,15.169012298392682,11.32849706171663,0.42986147258546886,0.2499802052677694
54168,4-130 street_2024,14.809109921870718,11.32849706171663,0.4281933591857205,0.3132767171132616
54173,4-131 avenue_2019,14.219951427773177,10.494044099684908,0.23681385777307534,0.06653652380024423
54178,4-131 avenue_2024,13.97464176653645,10.494044099684908,0.258504355223586,0.013804280976397056
54191,4-131 street_2017,14.979180986789698,10.760135472465562,0.27110735221647997,0.17588421482994923
54195,4-131 street_2021,15.138760435876435,10.760135472465562,0.34001725591962195,0.09239684926596758
54196,4-131 street_2022,14.600641702876509,10.760135472465562,0.3424381019992335,0.1854832201315334
54198,4-131 street_2024,14.240739412007317,10.760135472465562,0.2901463344948033,0.33439865967430416
54199,4-131 street_2025,14.253587546141079,10.760135472465562,0.0,0.030917102634721517
54206,4-132 avenue_2022,13.719949157714009,9.87947227032407,0.29308643694413733,0.017348638334613004
54208,4-132 avenue_2024,13.36004714591264,9.87947227032407,0.2665238469444349,0.18223821998820616
54225,4-132 street_2021,15.229611866937525,10.85098508296912,0.3376692111589694,0.18273813667917088
54226,4-132 street_2022,14.691493117454856,10.85098508296912,0.33884954305301607,0.3021765186022335
54228,4-132 street_2024,14.331590809428212,10.85098508296912,0.31034422749177043,0.13767280512507268
54231,4-133 avenue_2017,15.699905070789905,11.480848813530164,0.2526625681147818,0.05382508669490746
54235,4-133 avenue_2021,15.859484543537745,11.480848813530164,0.3234787502111595,0.0820407103362095
54236,4-133 avenue_2022,15.321365713060946,11.480848813530164,0.3202081603343919,0.07575661239924633
54238,4-133 avenue_2024,14.961463320724727,11.480848813530164,0.29698350725922956,0.05921185963184608
54252,4-133 place_2018,12.260579706445572,7.8735684767448175,0.28266953062823663,0.5002296845525873
54255,4-133 place_2021,12.335991966296666,7.8735684767448175,0.3276269701062466,0.32157612409933717
54266,4-133 road_2022,12.752205280110797,8.911810177164709,0.2928090937036138,0.4918262737562078
54268,4-133 road_2024,12.392304046166043,8.911810177164709,0.27186803188152936,0.4180522236136358
54275,4-133 street_2021,14.933900535991114,10.555280338545515,0.3255032802163918,0.21945676345621454
54276,4-133 street_2022,14.395781846140848,10.555280338545515,0.3294222499641518,0.24912314027315746
54286,4-134 avenue_2022,14.075866106597113,10.23537421117232,0.31626725515766374,0.009851316050374183
54289,4-134 avenue_2025,13.728812080435972,10.23537421117232,0.0,0.0045894523338072864
54298,4-134 place_2024,10.322676479342668,6.843086459613898,0.42368884706461596,0.19449713272408808
54301,4-134 road_2017,13.840505937399243,9.621504820714256,0.2337815645788283,0.13374387004959568
54308,4-134 road_2024,13.102065087032766,9.621504820714256,0.29169699037726277,0.3803524072930891
54311,4-134 street_2017,15.183477938462362,10.96442855912688,0.2689017259871924,0.06588136911351271
54315,4-134 street_2021,15.34305739606174,10.96442855912688,0.3479438567242736,0.0925791812930932
54318,4-134 street_2024,14.445036300617861,10.96442855912688,0.3622009465410199,0.002496880198587199
54319,4-134 street_2025,14.45788443629344,10.96442855912688,0.0,0.003095204907302419
54322,4-135 avenue_2018,15.672458895233078,11.212096647871622,0.2961915419292559,0.5131229828146742
54326,4-135 avenue_2022,15.052610431947596,11.212096647871622,0.34593805725627264,0.0036931718376175702
54328,4-135 avenue_2024,14.692708069240322,11.212096647871622,0.32917537444146244,0.01479008547263543
54329,4-135 avenue_2025,14.70555620640821,11.212096647871622,0.0,0.01004933585300144
54352,4-135 road_2018,12.155698060377501,7.695772050148714,0.2604681441729852,0.37912113276856246
54362,4-135 street_2018,15.19924102819179,10.738886861763525,0.2950534053180963,0.28540448070772295
54363,4-135 street_2019,14.46480006094701,10.738886861763525,0.3104339472341402,0.011236631925987681
54365,4-135 street_2021,15.117511374966599,10.738886861763525,0.3257105433555093,0.19671743707768702
54366,4-135 street_2022,14.579392646042713,10.738886861763525,0.33690211303836476,0.004290781417156275
54369,4-135 street_2025,14.232338493370971,10.738886861763525,0.0,0.03816246109434891
54376,4-136 avenue_2022,13.710055864268138,9.869579475141913,0.29355941581194245,0.013705647056111932
54396,4-136 street_2022,14.267605232163765,10.372962495791217,0.3061426041631406,0.21889453702479486
54416,4-137 avenue_2022,14.904277797361988,11.063766127073595,0.2955771779952908,0.005584378293900615
54418,4-137 avenue_2024,14.544375454757542,11.063766127073595,0.28723672889029467,0.2694926432515706
54419,4-137 avenue_2025,14.557223591076376,11.063766127073595,0.0,0.06653652380024423
54445,4-137 street_2021,14.679863113098952,10.2170993878781,0.31073499357142786,0.12345580392691827
54446,4-137 street_2022,14.111736957790614,10.2170993878781,0.2914818724193515,0.1084058738437865
54455,4-138 avenue_2021,14.310920805536256,9.932322849704406,0.2862734348286294,0.07408654335269818
54458,4-138 avenue_2024,13.412900280719239,9.932322849704406,0.22685660758371803,0.024009452460351865
54481,4-138 street_2017,15.180231679530012,10.891573007007782,0.24962603259837107,0.7816158285475535
54483,4-138 street_2019,14.764629034767625,10.891573007007782,0.30509601104516937,0.12539840939433364
54486,4-138 street_2022,14.786228138300102,10.891573007007782,0.3400687626239896,0.1003881740312684
54492,4-139 avenue_2018,14.584888642125893,10.12455266176731,0.20139496837663393,0.1149345380920995
54495,4-139 avenue_2021,14.503159007011284,10.12455266176731,0.275186205379306,0.1619487669860175
54498,4-139 avenue_2024,13.605138327171412,10.12455266176731,0.23952963592532453,0.09703596251159427
54505,4-139 road_2021,11.488601438789386,7.11076187219145,0.3041552309001836,0.6749832099322741
54511,4-139 street_2017,14.756598454091174,10.537558154293064,0.2490695548310469,0.4579310480114663
54512,4-139 street_2018,14.997907540157431,10.537558154293064,0.27525256154732847,0.025277807184268544
54513,4-139 street_2019,14.263466633527345,10.537558154293064,0.31687015219878106,0.20928800502376896
54515,4-139 street_2021,14.916177891692929,10.537558154293064,0.3143486103113891,0.25192535273966177
54518,4-139 street_2024,14.01815696439018,10.537558154293064,0.29644263516936026,0.004688989486131542
54519,4-139 street_2025,14.03100509644377,10.537558154293064,0.0,0.006578315360122567
54521,4-14 avenue_2017,15.484982805856532,11.196319310541341,0.3141296707895693,0.12504548897422443
54542,4-14 road_2018,14.313831175765241,9.926492191390317,0.3218148546966728,0.25897390831503714
54545,4-14 road_2021,14.389243735413656,9.926492191390317,0.35402244423192664,0.06588136911351271
54546,4-14 road_2022,13.821117688801053,9.926492191390317,0.36574528837490233,0.005982071677547464
54551,4-14 street_2017,14.33981456186334,10.05118007396082,0.27000219053657987,0.5088637004524501
54558,4-14 street_2024,13.62038912033147,10.05118007396082,0.33893226246207525,0.003792798238696237
54565,4-140 avenue_2021,14.674579704367643,10.295967123874334,0.31136579410595544,0.16041672140590468
54566,4-140 avenue_2022,14.136461083479462,10.295967123874334,0.31947058991816657,0.5062150112083075
54571,4-140 street_2017,14.681964010835516,10.393317195720934,0.2415056403969731,0.18073696866371633
54572,4-140 street_2018,14.780674180550136,10.393317195720934,0.27051888763089904,0.11046745302597097
54578,4-140 street_2024,13.962538388641947,10.393317195720934,0.3230598067608249,0.014987129808248345
54581,4-141 avenue_2017,14.296189096959967,10.077164076558658,0.22593955951981148,0.11876033572084281
54582,4-141 avenue_2018,14.537498134108299,10.077164076558658,0.23750904435663445,0.0656004570839488
54588,4-141 avenue_2024,13.557747856563589,10.077164076558658,0.2853466903678578,0.12619202523775938
54608,4-141 road_2024,11.931694888231313,8.451277444523035,0.23874534581845777,0.036139046615873194
54612,4-141 street_2018,15.182755983840678,10.79538898210987,0.26440781390672913,0.32461652024484355
54613,4-141 street_2019,14.668443169569775,10.79538898210987,0.28725496261982064,0.20709546689260228
54615,4-141 street_2021,15.258168569112017,10.79538898210987,0.323218085617469,0.06156535565815483
54618,4-141 street_2024,14.364620032239186,10.79538898210987,0.3057294414541606,0.009653257028138304
54621,4-142 avenue_2017,13.153887627608388,8.934950971330084,0.2221823908574975,0.33896911681980013
54622,4-142 avenue_2018,13.395196381838858,8.934950971330084,0.23564981627187465,0.17235539248210466
54625,4-142 avenue_2021,13.313466836923059,8.934950971330084,0.28859698559885827,0.15452203943617093
54638,4-142 place_2024,12.176000192468187,8.695537869316341,0.32345686850914257,0.10957163642929092
54648,4-142 road_2024,11.739183156200893,8.258809666352784,0.19375025261757736,0.039605254592359425
54651,4-142 street_2017,14.890109388392958,10.601456895321656,0.24619731418253343,0.3516423014106577
54652,4-142 street_2018,14.988819565533666,10.601456895321656,0.27947987433724186,0.03256399087326267
54653,4-142 street_2019,14.474506787936107,10.601456895321656,0.2928199498270902,0.36088606471019696
54655,4-142 street_2021,15.064232146843715,10.601456895321656,0.3250777576847545,0.20228756943483242
54658,4-142 street_2024,14.170683682986722,10.601456895321656,0.3177429247415244,0.017741681476157102
54665,4-143 avenue_2021,14.298334120542927,9.91973677230405,0.27433249243106017,0.2128507618287775
54668,4-143 avenue_2024,13.4003136069533,9.91973677230405,0.20757470751559495,0.07816402096935436
54682,4-143 road_2018,13.659812707550063,9.19953702929193,0.2154939711366462,0.13706265038833976
54688,4-143 road_2024,12.68006356585427,9.19953702929193,0.2931841496057643,0.09330817713365178
54691,4-143 street_2017,15.112302155220924,10.893254033800984,0.24050663262116656,0.2963940130538024
54692,4-143 street_2018,15.353611266328294,10.893254033800984,0.2626574121427307,0.13941405578267813
54693,4-143 street_2019,14.619170260207358,10.893254033800984,0.27643979876880714,0.2699507984214662
54695,4-143 street_2021,15.27188161004976,10.893254033800984,0.30498629991977055,0.2375985722837942
54698,4-143 street_2024,14.37386053790074,10.893254033800984,0.3135119197069812,0.0118297517535772
54699,4-143 street_2025,14.386708673074516,10.893254033800984,0.0,0.004987541511039074
54702,4-144 avenue_2018,14.99157929838876,10.531230078944477,0.23854825547516934,0.34564432978962506
54705,4-144 avenue_2021,14.909849650089987,10.531230078944477,0.3148023786709749,0.2838246421244762
54706,4-144 avenue_2022,14.371730965910073,10.531230078944477,0.30930964911641184,0.0045894523338072864
54708,4-144 avenue_2024,14.0118287258593,10.531230078944477,0.28630647624041394,0.11520192968868352
54732,4-144 road_2018,13.598876910102716,9.138607509729924,0.2411051651859477,0.16084252511683042
54735,4-144 road_2021,13.517147341294537,9.138607509729924,0.29902030494416426,0.9533552760109711
54741,4-144 street_2017,14.643943588521976,10.424906404751278,0.23231328939766188,0.22609917913984234
54745,4-144 street_2021,14.803523019260659,10.424906404751278,0.3073030876372969,1.1757584978447635
54746,4-144 street_2022,14.265404361849384,10.424906404751278,0.3026605594368212,0.14643527822954572
54748,4-144 street_2024,13.905502149663,10.424906404751278,0.2915538776757663,0.015085637418040853
54749,4-144 street_2025,13.918350280473545,10.424906404751278,0.0,0.006379606964039027
54765,4-145 avenue_2021,15.088955303156197,10.710331410240784,0.29588087513125744,0.14608970587189501
54766,4-145 avenue_2022,14.550836579848207,10.710331410240784,0.2804816966161421,0.004091617903253565
54768,4-145 avenue_2024,14.190934299067683,10.710331410240784,0.25917616399884524,0.0045894523338072864
54796,4-145 road_2022,14.078256086667768,10.237764107436501,0.2551766919298636,0.010445257861538649
54801,4-145 street_2017,14.337226689208913,10.118200003832342,0.22207940149254912,0.11082555508888464
54808,4-145 street_2024,13.598785421645966,10.118200003832342,0.31538800023749947,0.01950846638804296
54816,4-146 avenue_2022,14.099135145032044,10.258642442116125,0.29504069111444864,0.007174203748000358
54818,4-146 avenue_2024,13.739232982815556,10.258642442116125,0.26765528210190664,0.08185644646983221
54851,4-146 street_2017,15.394933894174368,11.106271674351854,0.22949683904736096,0.25013595637781094
54853,4-146 street_2019,14.979331223978607,11.106271674351854,0.27099957249184486,0.04027784649857016
54856,4-146 street_2022,15.000930329109188,11.106271674351854,0.30215135377259805,0.004688989486131542
54858,4-146 street_2024,14.675508046219885,11.106271674351854,0.32451202448233923,0.011434377625663104
54859,4-146 street_2025,14.702747073011082,11.106271674351854,0.0,0.0035935355101301704
54878,4-147 avenue_2024,14.576209800721752,11.095599997168428,0.39548267958090383,0.2764188801730702
54879,4-147 avenue_2025,14.589057937233564,11.095599997168428,0.0,0.30652836024814084
54891,4-147 place_2017,13.538454724923033,9.249872502526982,0.21221613949928367,0.2978798974282269
54901,4-147 road_2017,13.893939949392777,9.674935434392134,0.20056214140212272,0.2411406280158644
54912,4-147 street_2018,15.848726170624918,11.461349328143989,0.2659269871268911,0.2214621385316716
54915,4-147 street_2021,15.92413876489582,11.461349328143989,0.3161604355573037,0.09111959336748389
54918,4-147 street_2024,15.03059006213993,11.461349328143989,0.2966792955784617,0.02332582530349669
54921,4-148 avenue_2017,14.579273932446293,10.360238702575643,0.234137172639353,0.10607026372706647
54926,4-148 avenue_2022,14.200734719199337,10.360238702575643,0.31685115041831363,0.006975613736425242
54928,4-148 avenue_2024,13.840832525467803,10.360238702575643,0.26752963028293125,0.027906953253007873
54951,4-148 road_2017,14.083122471288961,9.864107284375432,0.2002857507766031,0.23728311486792894
54962,4-148 street_2018,15.700081377601661,11.239718766427451,0.24377620571692518,0.10093071857844059
54963,4-148 street_2019,14.965640303283244,11.239718766427451,0.2662812299142251,0.087186361678916
54965,4-148 street_2021,15.618351715966888,11.239718766427451,0.28316822387758445,0.06034222900616173
54966,4-148 street_2022,15.080232910663343,11.239718766427451,0.27779986504881143,0.002895803112025565
54968,4-148 street_2024,14.72033054453083,11.239718766427451,0.2630155484503188,0.005087039048557106
54969,4-148 street_2025,14.733178681843384,11.239718766427451,0.0,0.03642835661355149
54981,4-149 avenue_2017,15.625548631163138,11.406493159244807,0.28247988526449735,0.030917102634721517
54982,4-149 avenue_2018,15.866857765803127,11.406493159244807,0.3055191704686076,0.14807511806536336
54986,4-149 avenue_2022,15.24700927883031,11.406493159244807,0.3621920706681145,0.02176149178151269
55005,4-149 place_2021,14.190724837406815,9.727983899661,0.27599130971952096,0.11252479084184443
55021,4-149 street_2017,15.66326515151994,11.374599445811782,0.30603121111997744,0.13234318698771316
55022,4-149 street_2018,15.761975345941032,11.374599445811782,0.33178128287511915,0.13251837970014443
55023,4-149 street_2019,15.24766245633122,11.374599445811782,0.333754962739963,0.030917102634721517
55026,4-149 street_2022,15.269261563032236,11.374599445811782,0.35759295971908506,0.18307127568450057
55028,4-149 street_2024,14.943839252479165,11.374599445811782,0.343834233062282,0.002596625847265978
55031,4-15 avenue_2017,14.914248146430369,10.625595068126382,0.2615612665656706,0.03343477608623739
55032,4-15 avenue_2018,15.012958324336488,10.625595068126382,0.29560514728910825,0.1406311297397456
55035,4-15 avenue_2021,15.08837090618245,10.625595068126382,0.3418070293268807,0.06681717303731714
55036,4-15 avenue_2022,14.52024464278969,10.625595068126382,0.34186132097622873,0.005882663158155495
55041,4-15 drive_2017,13.814179914132241,9.52557484555767,0.24442248982114115,0.12628016591032976
55042,4-15 drive_2018,13.912890029246089,9.52557484555767,0.27510329024492086,0.7438402948754634
55051,4-15 road_2017,13.664746709919292,9.376153239579242,0.21638391425314318,0.32606108532089606
55052,4-15 road_2018,13.763456809863271,9.376153239579242,0.25893178228010716,0.6477313170294627
55062,4-150 avenue_2018,14.961832552038013,10.501484129139623,0.37601317574049015,0.16381808522939495
55082,4-150 place_2018,14.1959169945571,9.808584049206036,0.2684706052806308,0.1798184265758361
55083,4-150 place_2019,13.681604468633044,9.808584049206036,0.22123697304362816,0.25153662581542763
55101,4-150 street_2017,16.21189642974731,11.923225941549399,0.300537818534173,0.12035749666373409
55102,4-150 street_2018,16.31060663042321,11.923225941549399,0.3345762746902078,0.2141431691169107
55105,4-150 street_2021,16.386019228211694,11.923225941549399,0.3710796227389004,0.19589567682107253
55106,4-150 street_2022,15.81789280912501,11.923225941549399,0.3728742643386692,0.049361429537724114
55108,4-150 street_2024,15.49247046061856,11.923225941549399,0.3668998942257507,0.1406311297397456
55109,4-150 street_2025,15.519709493757365,11.923225941549399,0.0,0.0016985566355814774
55121,4-151 place_2017,12.726205932139425,8.437742490130667,0.22693349952069417,0.1331313126031829
55125,4-151 place_2021,12.900328270176166,8.437742490130667,0.2841484392570603,0.5788580341578177
55132,4-151 street_2018,13.325218958143688,8.937961401508543,0.24097051571111028,0.7238703532027859
55138,4-151 street_2024,12.507084751443424,8.937961401508543,0.289834925812882,0.16135325035775827
55152,4-152 street_2018,14.366456478661345,9.979115020492431,0.2451256726866623,0.3748684341306969
55155,4-152 street_2021,14.441869040572168,9.979115020492431,0.30050563516676193,0.12380928572628641
55156,4-152 street_2022,13.873742971865015,9.979115020492431,0.28940684804259764,0.00786895837869518
55158,4-152 street_2024,13.548320934288267,9.979115020492431,0.2647347598953097,0.06428848988236187
55162,4-153 avenue_2018,14.293844503627223,9.833521907731573,0.25415019999496924,0.2179299842613223
55169,4-153 avenue_2025,13.326942570480044,9.833521907731573,0.0,0.9415685390584236
55202,4-153 street_2018,15.217468026373483,10.830100334159457,0.2359357358782548,0.3272873270441403
55206,4-153 street_2022,14.724754309264606,10.830100334159457,0.2858273984112551,0.004191204618468071
55208,4-153 street_2024,14.399332063764101,10.830100334159457,0.24312554462101144,0.0329511001396859
55209,4-153 street_2025,14.426571086938416,10.830100334159457,0.0,0.004987541511039074
55216,4-154 place_2022,11.800758529882485,7.906446093134544,0.30205201273473364,0.09748962127725708
55223,4-154 street_2019,14.975132934418713,11.102073446659915,0.29951653009878376,0.24826534008798942
55225,4-154 street_2021,15.5648583841082,11.102073446659915,0.34571408833016254,0.4250716377470827
55226,4-154 street_2022,14.996732039521222,11.102073446659915,0.35627486391739266,0.16339354690843574
55228,4-154 street_2024,14.671309757126446,11.102073446659915,0.33521478606194277,0.003194890896519197
55232,4-155 avenue_2018,14.767953749168722,10.30761114092422,0.3010836984090662,0.21945676345621454
55233,4-155 avenue_2019,14.0335129284753,10.30761114092422,0.32432391372107283,0.140804876591021
55242,4-155 street_2018,15.500119699191563,11.112747193776665,0.2643582452972895,0.016070180177494467
55246,4-155 street_2022,15.007405943496911,11.112747193776665,0.30865504406913236,0.12372092698975887
55248,4-155 street_2024,14.68198365984889,11.112747193776665,0.2940529362846423,0.006578315360122567
55256,4-156 avenue_2022,14.306519852316487,10.466020725186826,0.3881433557954668,0.33925407799576845
55258,4-156 avenue_2024,13.946617629002557,10.466020725186826,0.4130987329632355,0.4553974768563734
55266,4-156 street_2022,14.819256281774232,10.924600558030228,0.30756616946163967,0.12944806718688645
55268,4-156 street_2024,14.493834022302687,10.924600558030228,0.29525315782878614,0.14505227169913892
55273,4-157 avenue_2019,14.232762437386791,10.506854765179572,0.35044870452363436,0.3902160973454254
55286,4-157 street_2022,15.401967029573925,11.50730351425976,0.3281391535283845,0.005385472276337817
55288,4-157 street_2024,15.076544707850642,11.50730351425976,0.3208333427367581,0.3659616883304642
55293,4-158 avenue_2019,13.952413212825885,10.226514177089555,0.3064045180556486,0.42212554900127164
55301,4-158 street_2017,15.073655206518287,10.854607806566346,0.1894146040337936,0.006379606964039027
55308,4-158 street_2024,14.335213600969684,10.854607806566346,0.24362208265775043,0.25192535273966177
55311,4-159 avenue_2017,14.492129970724065,10.273097581817174,0.2916570050665979,0.1820715255387453
55313,4-159 avenue_2019,13.998998225460271,10.273097581817174,0.300178075934958,0.2537115528806276
55331,4-159 road_2017,9.87604189385911,5.660411228050679,0.1386246092983388,2.0113366686626564
55341,4-159 street_2017,15.340592840008359,11.121540981426671,0.2013855981602547,0.09221448398781104
55342,4-159 street_2018,15.581901963080272,11.121540981426671,0.22541359800397853,0.16695407966283282
55346,4-159 street_2022,14.962053512503054,11.121540981426671,0.2527361476963362,0.007968169649176874
55349,4-159 street_2025,14.61499929837681,11.121540981426671,0.0,0.05534009503316459
55361,4-16 avenue_2017,15.066706640072962,10.778050174665111,0.16174084909393394,0.20391995634645052
55382,4-16 road_2018,13.579910578825723,9.192623864859256,0.23978194553174811,0.2207406666978994
55383,4-16 road_2019,13.06559844434681,9.192623864859256,0.2322684590912103,0.6593318320652147
55393,4-160 avenue_2019,14.018266731292265,10.2923654441756,0.2989752071393561,0.25742902928076006
55398,4-160 avenue_2024,13.772957111515533,10.2923654441756,0.38970945317506267,0.14288748754854758
55402,4-160 street_2018,15.956707969614538,11.569330062795675,0.26401689338310874,0.1408917386974817
55403,4-160 street_2019,15.442395063015042,11.569330062795675,0.26359012402116255,0.27649472681120435
55406,4-160 street_2022,15.46399417061891,11.569330062795675,0.31254380366331336,0.10705907229340778
55408,4-160 street_2024,15.138571844161723,11.569330062795675,0.3110336629825283,0.0017983819413793735
55409,4-160 street_2025,15.165810875167548,11.569330062795675,0.0,0.03950913309471249
55413,4-161 avenue_2019,13.623335656542944,9.897450386631347,0.29071318826097303,0.366793577459895
55418,4-161 avenue_2024,13.378026146695635,9.897450386631347,0.3756884386760643,0.12733724846119512
55428,4-161 place_2024,10.806891490093218,7.326904537543078,0.21065206342018059,0.09412766272469822
55432,4-161 street_2018,15.490695057138511,11.10332269125589,0.23236342046447586,0.04200529414503013
55435,4-161 street_2021,15.566107647315487,11.10332269125589,0.2820775982163699,0.03275756423817219
55436,4-161 street_2022,14.99798130256244,11.10332269125589,0.27262503402647115,0.013311014059672338
55438,4-161 street_2024,14.672559020020293,11.10332269125589,0.25144807345317316,0.002895803112025565
55439,4-161 street_2025,14.699798046777907,11.10332269125589,0.0,0.0683126401820873
55448,4-162 avenue_2024,13.31840877355582,9.8378360084642,0.29337703223728134,0.10571045442211421
55452,4-162 street_2018,15.639174800122992,11.178813004704606,0.27467780474864795,0.0295588022415444
55453,4-162 street_2019,14.904733736147765,11.178813004704606,0.2639888691776339,0.050312813873589095
55456,4-162 street_2022,15.019326341375217,11.178813004704606,0.32311647341635674,0.007372754329413085
55502,4-163 street_2018,15.359841765850335,10.972471479487936,0.2640391872155132,0.15469338967648052
55503,4-163 street_2019,14.845528923769793,10.972471479487936,0.266552672524781,0.06363186024477342
55505,4-163 street_2021,15.435254354125545,10.972471479487936,0.3180851598149398,0.0833296075870042
55506,4-163 street_2022,14.867128027945041,10.972471479487936,0.32775591181964425,0.009752291442678272
55508,4-163 street_2024,14.541705761884325,10.972471479487936,0.3322027171268687,0.23594130954407044
55509,4-163 street_2025,14.568944787047574,10.972471479487936,0.0,0.004191204618468071
55513,4-164 avenue_2019,13.648959262363453,9.923072750543005,0.33050206963470913,0.6836017677164139
55543,4-164 road_2019,12.142684560022351,8.41696597959567,0.24434575896481275,1.813227375843296
55551,4-164 street_2017,16.088620959292204,11.799951329570007,0.28237858708081837,0.9412954908637211
55552,4-164 street_2018,16.187331158845343,11.799951329570007,0.30775008826221667,0.7574825560648396
55553,4-164 street_2019,15.673018235969355,11.799951329570007,0.3038219258941057,0.4669364301962654
55556,4-164 street_2022,15.694617344438178,11.799951329570007,0.35890235168233414,0.7094633450448814
55558,4-164 street_2024,15.369195002744496,11.799951329570007,0.34286051158841324,0.07436508195530679
55559,4-164 street_2025,15.396434035224255,11.799951329570007,0.0,0.007174203748000358
55565,4-165 avenue_2021,14.31425179747465,9.935653682122492,0.3702467961067433,1.4014538728777133
55572,4-165 street_2018,15.667854066481409,11.207491880752947,0.24387479723482972,0.3658923329883412
55573,4-165 street_2019,14.933412997557333,11.207491880752947,0.25223992580184895,0.16839165126045666
55575,4-165 street_2021,15.586124405270308,11.207491880752947,0.29266535017051787,0.07705362944229141
55578,4-165 street_2024,14.68810324168774,11.207491880752947,0.2872245434522991,0.1301506844650451
55579,4-165 street_2025,14.70095137883112,11.207491880752947,0.0,0.0631625749576401
55592,4-166 street_2018,16.0146591732391,11.554293056066431,0.27009679361166566,0.20465366200036506
55593,4-166 street_2019,15.280218054467266,11.554293056066431,0.27271988130182023,0.025960101669531634
55595,4-166 street_2021,15.932929508112949,11.554293056066431,0.31784373589243947,0.36478199283262935
55598,4-166 street_2024,15.034908271958255,11.554293056066431,0.3147616266402373,0.06653652380024423
55599,4-166 street_2025,15.047756410664936,11.554293056066431,0.0,0.0752929840354313
55602,4-167 street_2018,15.851368907347888,11.39100447240693,0.25836519603307034,0.025180298530298247
55605,4-167 street_2021,15.769639243896952,11.39100447240693,0.306369689871506,0.039605254592359425
55608,4-167 street_2024,14.871618038795221,11.39100447240693,0.29577086686536813,0.002097798082146129
55609,4-167 street_2025,14.884466176832982,11.39100447240693,0.0,0.09349034308733889
55625,4-168 place_2021,14.008622398144182,9.63004137373011,0.2822926713230427,0.2116376111280077
55631,4-168 street_2017,15.658299807848964,11.43924398281206,0.23978810923307092,0.008265744417032617
55633,4-168 street_2019,15.165167839509445,11.43924398281206,0.267830136903722,0.15640527916413574
55635,4-168 street_2021,15.817879279644847,11.43924398281206,0.30826363590552597,0.01911611719223005
55638,4-168 street_2024,14.91985806483594,11.43924398281206,0.2885057696312529,0.0014988761237358919
55639,4-168 street_2025,14.932706203082805,11.43924398281206,0.0,0.07862632045518954
55651,4-169 street_2017,15.713292121277172,11.424625862907162,0.22038192447883984,0.04094998632895411
55655,4-169 street_2021,15.887414910336254,11.424625862907162,0.2960477917547237,0.30586574288540963
55658,4-169 street_2024,14.993866214137054,11.424625862907162,0.26750006285440836,0.1284811616485401
55659,4-169 street_2025,15.021105244028638,11.424625862907162,0.0,0.05883478572089257
55661,4-17 avenue_2017,14.846429476273677,10.557778078786324,0.23874455207768586,0.4784057325098795
55662,4-17 avenue_2018,14.945139651981496,10.557778078786324,0.25939282113217854,0.0631625749576401
55668,4-17 avenue_2024,14.127003786923614,10.557778078786324,0.2921738848495563,0.17201866379805758
55672,4-17 road_2018,14.324858186404454,9.937518672839888,0.23954077828109166,0.7303947945866118
55678,4-17 road_2024,13.50672267303366,9.937518672839888,0.25552013128757334,0.16813811227748007
55681,4-170 place_2017,11.317709145816654,7.029905365708393,0.1976559207940613,0.6936470556015963
55691,4-170 street_2017,15.47864587838475,11.259592140691717,0.215988966211683,0.013705647056111932
55695,4-170 street_2021,15.638225345583317,11.259592140691717,0.3034471405102356,0.09212328887580584
55696,4-170 street_2022,15.10010653796791,11.259592140691717,0.29764792197779244,0.10408970852438094
55698,4-170 street_2024,14.740204169428905,11.259592140691717,0.26920891815745657,0.002596625847265978
55699,4-170 street_2025,14.753052306843099,11.259592140691717,0.0,0.08791929803788351
55702,4-171 place_2018,13.58504627844073,9.124778357015607,0.24537349816704854,0.2659731292895654
55711,4-171 street_2017,15.166739616376574,10.947690524862978,0.21327572036325204,0.009257021262676763
55715,4-171 street_2021,15.32631907334203,10.947690524862978,0.29834800906245085,0.1003881740312684
55716,4-171 street_2022,14.788200307884077,10.947690524862978,0.30184204555142913,0.07807153542015548
55719,4-171 street_2025,14.441146118788975,10.947690524862978,0.0,0.005982071677547464
55721,4-172 street_2017,15.398530069855044,11.17947739096547,0.21330424601773193,0.006876303939432157
55722,4-172 street_2018,15.63983919555317,11.17947739096547,0.2434212083634081,0.12539840939433364
55725,4-172 street_2021,15.558109534721622,11.17947739096547,0.29083070507270264,0.1672925177741942
55726,4-172 street_2022,15.01999073671333,11.17947739096547,0.29479361247394936,0.12451587469756756
55728,4-172 street_2024,14.6600883781747,11.17947739096547,0.2809650594347899,0.0015987213636970278
55729,4-172 street_2025,14.672936515166523,11.17947739096547,0.0,0.28292075535007044
55732,4-173 street_2018,15.122786303967052,10.662433840573634,0.22877617155172575,0.08424923244489993
55735,4-173 street_2021,15.041056652437813,10.662433840573634,0.28380682539942753,0.14487926131808454
55736,4-173 street_2022,14.502937938917338,10.662433840573634,0.2768109401637023,0.10111150136841139
55738,4-173 street_2024,14.143035668324972,10.662433840573634,0.28909173671528865,0.0026963615477426086
55751,4-174 street_2017,14.634856257369176,10.415819340588346,0.2184563244164529,0.053066720936692235
55752,4-174 street_2018,14.87616533260456,10.415819340588346,0.24903700931919298,0.1185827158269478
55755,4-174 street_2021,14.79443568751981,10.415819340588346,0.2973032431934006,0.17546476933074148
55758,4-174 street_2024,13.896414822866493,10.415819340588346,0.27458730460168806,0.004091617903253565
55768,4-175 place_2024,12.977993646401096,9.40882236993281,0.2758668572304789,0.01014833105181515
55771,4-175 street_2017,15.152341690411568,10.933292850359496,0.2207070525261614,0.07250669078674805
55773,4-175 street_2019,14.659209788557764,10.933292850359496,0.24795230117896996,0.031886188862321745
55775,4-175 street_2021,15.311921146823181,10.933292850359496,0.30110729893420285,0.055529309792480296
55776,4-175 street_2022,14.773802383646888,10.933292850359496,0.29084717748984756,0.3202702620449325
55778,4-175 street_2024,14.413900061366082,10.933292850359496,0.2870535874453076,0.017348638334613004
55788,4-176 place_2024,10.870729852030788,7.390703482241158,0.07312226482896265,0.7472565062069773
55793,4-176 street_2019,14.174842968762006,10.448936888039391,0.24746615525248333,0.12804134988088406
55796,4-176 street_2022,14.289435534831798,10.448936888039391,0.2622641426525327,0.2867566443752801
55798,4-176 street_2024,13.929533316086097,10.448936888039391,0.26824144858996796,0.12168651825659926
55818,4-177 street_2024,14.058872753420784,10.57827291774944,0.28093522564965334,0.03333805961051037
55828,4-178 place_2024,13.226189143374786,9.745621377502854,0.23533750449295135,0.5922212619699848
55836,4-178 street_2022,14.258884712635357,10.418386945526947,0.2735340875244465,0.2011433110345424
55838,4-178 street_2024,13.898982502255866,10.418386945526947,0.24331018371048,0.07890359759546596
55846,4-179 place_2022,13.107501847433845,9.267067303432045,0.27550878361852615,0.5730113793199646
55848,4-179 place_2024,12.747600238355043,9.267067303432045,0.29955709722724516,0.023032699110572687
55856,4-179 street_2022,14.258171966120498,10.417674219857506,0.24886687147291733,0.5770627015391434
55858,4-179 street_2024,13.898269755939257,10.417674219857506,0.257893228078593,0.005982071677547464
55861,4-18 avenue_2017,14.775998572445618,10.487349045470728,0.17345256385106672,0.03719944098910626
55862,4-18 avenue_2018,14.87470874570703,10.487349045470728,0.19136458661818578,0.10372918576247687
55863,4-18 avenue_2019,14.360395993255235,10.487349045470728,0.1884106805733028,0.2030224733179878
55868,4-18 avenue_2024,14.05657291050862,10.487349045470728,0.18388772782669954,0.029267497680568088
55876,4-18 street_2022,12.495442360033225,8.600949197297766,0.2850585466793964,0.3042441607507592
55878,4-18 street_2024,12.170021399473207,8.600949197297766,0.2506916290177158,0.6343521340494399
55882,4-180 street_2018,15.415850820884446,10.955492479966804,0.22724149746515201,0.02557027611153001
55886,4-180 street_2022,14.796002396821434,10.955492479966804,0.27799062882148134,0.27383666562972786
55888,4-180 street_2024,14.436100070892763,10.955492479966804,0.2648196805370211,0.10786737086900704
55906,4-181 street_2022,14.294347800677462,10.453849014931805,0.2805229139861899,0.5431379132332371
55912,4-182 place_2018,13.528534968800964,9.068273307361919,0.20276860837793864,0.524906027973995
55916,4-182 place_2022,12.908687515492142,9.068273307361919,0.24772673297410755,0.3808308271498035
55921,4-182 street_2017,14.870982801459823,10.651939677267134,0.20386509569670358,0.47187687362741587
55922,4-182 street_2018,15.11229189656847,10.651939677267134,0.21180636074655343,0.20465366200036506
55926,4-182 street_2022,14.49244353396957,10.651939677267134,0.2843448467768491,0.10741839676727034
55942,4-183 street_2018,15.147030165722834,10.686677148133821,0.22572596036424858,0.37939488037498037
55946,4-183 street_2022,14.527181795108701,10.686677148133821,0.28171190546527713,0.06691070528262688
55948,4-183 street_2024,14.167279519298626,10.686677148133821,0.2386015517313424,0.03719944098910626
55956,4-184 place_2022,12.584416149800154,8.744045141557178,0.24303737372239467,0.9787395711466436
55961,4-184 street_2017,14.867720128767834,10.648677080742097,0.20645100438221367,0.4123083065901588
55962,4-184 street_2018,15.109029223632632,10.648677080742097,0.21912181707984085,0.4172619179876754
55966,4-184 street_2022,14.489180861800936,10.648677080742097,0.27139716146357146,0.17948420197379436
55968,4-184 street_2024,14.129278594226083,10.648677080742097,0.24542226316189827,0.004489905272852052
55972,4-185 street_2018,14.85695059996234,10.469591393158844,0.23037056843733467,0.5645180379627647
55973,4-185 street_2019,14.342637851688277,10.469591393158844,0.23979610463674783,0.05410932564703195
55976,4-185 street_2022,14.364236950878528,10.469591393158844,0.29617889363453404,0.2550297401765315
55978,4-185 street_2024,14.038814772630447,10.469591393158844,0.2494160758254,0.10381932863899711
55993,4-186 street_2019,13.882084958950296,10.156188497051883,0.21519538146503553,0.2076643644657497
55996,4-186 street_2022,13.9966774993111,10.156188497051883,0.2748137670349812,0.009356094924024954
55998,4-186 street_2024,13.636775372289861,10.156188497051883,0.2609590023110274,0.3426672932841241
56016,4-187 street_2022,13.957687259768985,10.117199768430853,0.30502115041984945,0.010643160098479827
56018,4-187 street_2024,13.597785147117461,10.117199768430853,0.28405481223504825,0.16991153671727313
56022,4-188 street_2018,15.76448028368052,11.377104355179016,0.3253116337614628,0.0761273603875509
56023,4-188 street_2019,15.250167393830495,11.377104355179016,0.3161685561750815,1.4630701999219402
56026,4-188 street_2022,15.271766500544274,11.377104355179016,0.36325325929885494,0.11991409666533759
56028,4-188 street_2024,14.94634418976634,11.377104355179016,0.33344604372415365,0.0038924147153438387
56029,4-188 street_2025,14.9735832192554,11.377104355179016,0.0,0.1922718876471227
56033,4-189 street_2019,14.543346776873502,10.81743197903772,0.26530144965426977,0.2793726445806401
56036,4-189 street_2022,14.657939366241996,10.81743197903772,0.2905442146505065,0.1408917386974817
56038,4-189 street_2024,14.298037064371247,10.81743197903772,0.2921093771345515,0.16092766410628206
56041,4-19 avenue_2017,15.23947263735699,10.950812908818477,0.22943005607703063,0.1127034899130848
56042,4-19 avenue_2018,15.33818282396076,10.950812908818477,0.23459220648729143,0.3984404931711999
56045,4-19 avenue_2021,15.413595411896482,10.950812908818477,0.3000125091361237,0.41936801327715584
56048,4-19 avenue_2024,14.520046825912837,10.950812908818477,0.295590824554939,0.04707440738592883
56055,4-19 drive_2021,11.777033188424793,7.314891439931612,0.29756458600472974,0.6906440503418267
56078,4-19 street_2024,13.570328847651405,10.00112195318872,0.3025806770018469,0.33540023365987737
56103,4-190 street_2019,14.516797110049836,10.790882838589226,0.2454147061537178,0.3598399300818888
56106,4-190 street_2022,14.631389698011466,10.790882838589226,0.2743020360651432,0.14781637469421868
56108,4-190 street_2024,14.271487401160128,10.790882838589226,0.2729184521461812,0.05477223584697947
56113,4-191 street_2019,14.121539500707064,10.395634968355782,0.23670201220931303,0.31575919502367134
56118,4-191 street_2024,13.876229858657824,10.395634968355782,0.2636405888270958,0.006478966097709122
56119,4-191 street_2025,13.889077989121793,10.395634968355782,0.0,0.07520023256293519
56121,4-192 street_2017,15.281348005386459,11.062297036247141,0.21223843163487058,0.25270235355575416
56123,4-192 street_2019,14.788216083267153,11.062297036247141,0.24259826653707797,0.22880748093864833
56126,4-192 street_2022,14.902808683992598,11.062297036247141,0.2978235581698667,0.10984046567953216
56128,4-192 street_2024,14.542906341602544,11.062297036247141,0.27775229841649773,0.03275756423817219
56143,4-193 street_2019,14.940796241279314,11.21487502704271,0.23426788649509275,0.4116459671832455
56145,4-193 street_2021,15.593507650145252,11.21487502704271,0.2973040443192203,0.06588136911351271
56146,4-193 street_2022,15.05538884779714,11.21487502704271,0.2970133998806652,0.002596625847265978
56148,4-193 street_2024,14.695486484741041,11.21487502704271,0.28401155121970545,0.20807052181668875
56149,4-193 street_2025,14.708334621923662,11.21487502704271,0.0,0.07659060216171254
56151,4-194 lane_2017,11.622215012991731,7.403748767985813,0.1273034297910703,1.352737577591048
56163,4-194 street_2019,14.740010469209363,11.014092178538235,0.2287835930115244,0.029073247485707086
56166,4-194 street_2022,14.85460306791329,11.014092178538235,0.30327869446454797,0.12751332029895962
56183,4-195 place_2019,11.613275190164034,7.887707182451951,0.20972053098206908,0.8753854005481514
56188,4-195 place_2024,11.367967858113815,7.887707182451951,0.1714872146282445,0.0880108773227133
56191,4-195 street_2017,15.185515066294514,10.896856297030412,0.21678449481979506,0.14410034397375687
56193,4-195 street_2019,14.769912420838505,10.896856297030412,0.2386954604163018,0.15802886422491005
56195,4-195 street_2021,15.359637838700976,10.896856297030412,0.2976061481250193,0.06118916831242246
56198,4-195 street_2024,14.466089268908767,10.896856297030412,0.29806599664732025,0.004489905272852052
56211,4-196 street_2017,15.332041240391664,11.112989506963984,0.23161760834564057,0.27755597615277183
56216,4-196 street_2022,14.953501913746305,11.112989506963984,0.3240823005541501,0.10642994361584655
56218,4-196 street_2024,14.59359956413755,11.112989506963984,0.3054853517186501,0.003394233068015547
56223,4-197 street_2019,14.876403882644295,11.150483542873765,0.2680300020031684,0.05173819540441444
56228,4-197 street_2024,14.631094132107503,11.150483542873765,0.2959161046515859,0.003095204907302419
56229,4-197 street_2025,14.643942268937932,11.150483542873765,0.0,0.06756518616242381
56231,4-198 street_2017,15.260025840693206,11.040975204779189,0.20726198712217067,0.1211551215564672
56233,4-198 street_2019,14.76689392174567,11.040975204779189,0.24093527373393406,0.14600329411984297
56238,4-198 street_2024,14.521584182346228,11.040975204779189,0.27474609777391534,0.003194890896519197
56239,4-198 street_2025,14.534432318523077,11.040975204779189,0.0,0.2400399989739397
56241,4-199 street_2017,15.336394768235612,11.117342970959633,0.2337777464776819,0.07390080783953423
56243,4-199 street_2019,14.843262838233782,11.117342970959633,0.2748489631506499,0.16856064154391753
56245,4-199 street_2021,15.495974231160458,11.117342970959633,0.31059175727511573,0.09038899972768073
56248,4-199 street_2024,14.597953090939745,11.117342970959633,0.3023853596218401,0.0035935355101301704
56249,4-199 street_2025,14.610801227579877,11.117342970959633,0.0,0.3488947566197701
56271,4-20 avenue_2017,15.852825601052155,11.56415793961459,0.3437320516499575,0.10174398388328407
56272,4-20 avenue_2018,15.951535798031063,11.56415793961459,0.36099957953189077,0.024107075343233128
56275,4-20 avenue_2021,16.026948393231056,11.56415793961459,0.40351844601785664,0.6451117315213885
56278,4-20 avenue_2024,15.133399673349885,11.56415793961459,0.37879593369577286,0.07325046173959267
56286,4-20 road_2022,14.275890058914111,10.381247069823512,0.27843259561548817,0.4244177010248514
56288,4-20 road_2024,13.95046790118873,10.381247069823512,0.2786761231161858,0.209936723826928
56296,4-20 street_2022,11.880064870464725,7.985724919854285,0.2758476148047781,0.701512096891573
56301,4-200 street_2017,15.070791263793371,10.782134714552218,0.22063331669574401,0.20863886511132804
56303,4-200 street_2019,14.65518863425449,10.782134714552218,0.27044248429343026,0.13906604812299744
56305,4-200 street_2021,15.244914031263413,10.782134714552218,0.30544346613453033,0.1344434765494907
56306,4-200 street_2022,14.676787736830399,10.782134714552218,0.2907575984730893,0.00349388925425578
56308,4-200 street_2024,14.35136549894267,10.782134714552218,0.31759419544715667,0.14531173116005394
56311,4-201 place_2017,12.9488134480295,8.72990632829933,0.21412611850964222,0.5894519442211802
56321,4-201 street_2017,15.575935147915404,11.287270475772313,0.21368554544417023,0.25557201853354733
56323,4-201 street_2019,15.160332460137086,11.287270475772313,0.24055940022331176,0.23948922985029583
56326,4-201 street_2022,15.18193156637247,11.287270475772313,0.28439919516454365,0.002097798082146129
56328,4-201 street_2024,14.856509264021696,11.287270475772313,0.3089520979136277,0.003095204907302419
56331,4-202 street_2017,15.649237919718583,11.430182191231266,0.22658230175462676,0.44820526178432335
56333,4-202 street_2019,15.156105952298057,11.430182191231266,0.25798270733634693,0.13208034035720786
56338,4-202 street_2024,14.910796178280865,11.430182191231266,0.30171002657101775,0.005087039048557106
56351,4-203 street_2017,15.2368709353165,10.948211251853833,0.2159655329893975,0.19474407679251177
56353,4-203 street_2019,14.821268283305878,10.948211251853833,0.2582093280150939,0.24826534008798942
56356,4-203 street_2022,14.842867387293799,10.948211251853833,0.28491037770942157,0.1542649590114293
56361,4-204 street_2017,15.307277690648446,11.088226325734995,0.22512539778469134,0.0927614800813111
56363,4-204 street_2019,14.81414576476201,11.088226325734995,0.2646002649925559,0.19647097989837417
56366,4-204 street_2022,14.928738366535184,11.088226325734995,0.29512394330806835,0.2626719094476132
56368,4-204 street_2024,14.568836020407044,11.088226325734995,0.3117577299761711,0.0035935355101301704
56381,4-205 street_2017,15.082763850219337,10.863716277705821,0.2499040267624501,0.04783732941416013
56386,4-205 street_2022,14.704224552164064,10.863716277705821,0.31179634699816516,0.0
56388,4-205 street_2024,14.34432224185519,10.863716277705821,0.3194563631112882,0.004489905272852052
56391,4-206 street_2017,14.255959384972961,10.036936064450181,0.25441973182882033,0.11100455804291134
56393,4-206 street_2019,13.76282772602755,10.036936064450181,0.26522950860163047,0.6488817642619299
56395,4-206 street_2021,14.415538785177482,10.036936064450181,0.320058434156376,0.2961709398476872
56396,4-206 street_2022,13.877420253558066,10.036936064450181,0.32315092144591046,0.004788516731797177
56398,4-206 street_2024,13.517518172312696,10.036936064450181,0.31657108230391795,0.027712438566535786
56411,4-207 street_2017,14.945004953665405,10.725960166550578,0.21814403161453066,0.044208254664320365
56416,4-207 street_2022,14.566465674748972,10.725960166550578,0.28371527080557507,0.4674378404230036
56418,4-207 street_2024,14.20656339074831,10.725960166550578,0.256075941054789,0.013311014059672338
56441,4-208 street_2017,15.481139328550796,11.26208555924637,0.22847388795612464,0.22689650018351698
56446,4-208 street_2022,15.102599987916753,11.26208555924637,0.30867392798519605,0.2139009699472772
56448,4-208 street_2024,14.742697619079177,11.26208555924637,0.2820063256660657,0.007273483966498386
56461,4-209 street_2017,15.398742399681495,11.110080123555631,0.21219696380592618,0.3682477202913481
56462,4-209 street_2018,15.497452589617168,11.110080123555631,0.2373147446227194,0.08305355513528564
56466,4-209 street_2022,15.004738834238,11.110080123555631,0.2869332891895398,0.10777759217343118
56468,4-209 street_2024,14.679316550901875,11.110080123555631,0.28177737372704265,0.008860628432196557
56471,4-21 avenue_2017,15.500805969204999,11.212142261388744,0.292140648888375,0.21357794644450878
56472,4-21 avenue_2018,15.599516161013126,11.212142261388744,0.31506204735784227,0.12874495589056226
56476,4-21 avenue_2022,15.106802394141612,11.212142261388744,0.35399535625937883,0.013902905168991422
56478,4-21 avenue_2024,14.781380099443675,11.212142261388744,0.3557393807784565,0.07269268539344065
56492,4-21 road_2018,13.915092284700505,9.527776942503971,0.2267223010590168,0.3686628015840597
56496,4-21 road_2022,13.422378987275595,9.527776942503971,0.2938067758633481,0.003992021269537453
56502,4-21 street_2018,16.14456047670265,11.757180971303853,0.41645178706480446,0.01004933585300144
56506,4-21 street_2022,15.651846664891869,11.757180971303853,0.45246282813549116,0.4973755760415863
56508,4-21 street_2024,15.326424325765078,11.757180971303853,0.41266409207841853,0.04802796901058155
56525,4-210 street_2021,15.765411094347735,11.386776370122412,0.30603271566140683,0.12327901616017127
56526,4-210 street_2022,15.22729227297688,11.386776370122412,0.3307866890090448,0.023032699110572687
56528,4-210 street_2024,14.867389890119354,11.386776370122412,0.29850107832001815,0.3071169850903883
56529,4-210 street_2025,14.880238028138299,11.386776370122412,0.0,0.14487926131808454
56532,4-211 place_2018,13.218196491968849,8.757976288427912,0.2522041705485045,0.5325088345971327
56545,4-211 street_2021,15.77228553031153,11.309497800341838,0.2953310447891412,0.1570892152427752
56546,4-211 street_2022,15.204159160806924,11.309497800341838,0.308906757794754,0.11028835389412302
56548,4-211 street_2024,14.878736856300035,11.309497800341838,0.2836048753132446,0.018330956684723457
56549,4-211 street_2025,14.905975885182453,11.309497800341838,0.0,0.6124250754815826
56551,4-212 place_2017,13.823957312181374,9.604957285321232,0.22869104936090315,0.12000279239469637
56552,4-212 place_2018,14.065266269309737,9.604957285321232,0.28496778367626385,0.44935439367788543
56558,4-212 place_2024,13.085516479597466,9.604957285321232,0.3629388098093762,0.03401487858727765
56562,4-212 street_2018,15.944326631277061,11.48396120514514,0.2561155404898999,0.6064448467206524
56566,4-212 street_2022,15.324478136075394,11.48396120514514,0.3232578974250549,0.25192535273966177
56568,4-212 street_2024,14.964575743440557,11.48396120514514,0.3147694152750157,0.06222334318013186
56569,4-212 street_2025,14.977423881872454,11.48396120514514,0.0,0.19012436885697548
56581,4-213 street_2017,15.440874293972884,11.22182104490656,0.208209674335053,0.08746127576999452
56586,4-213 street_2022,15.062334956913437,11.22182104490656,0.2885076527863557,0.003095204907302419
56588,4-213 street_2024,14.7024325929895,11.22182104490656,0.2484283752462859,0.0683126401820873
56589,4-213 street_2025,14.715280730208773,11.22182104490656,0.0,0.17764396724284356
56603,4-214 place_2019,13.869852036491904,10.143956041061712,0.2363887780642304,0.4935980780993646
56606,4-214 place_2022,13.984444575605934,10.143956041061712,0.2988937814916002,0.0103462920541443
56608,4-214 place_2024,13.624542453032928,10.143956041061712,0.2323424903495193,0.02566774674857779
56611,4-214 street_2017,15.136547534890315,10.917498974881294,0.20277484742819168,0.19037239498366548
56612,4-214 street_2018,15.377856647401831,10.917498974881294,0.2352174470451604,0.1068793616270961
56615,4-214 street_2021,15.296126990685138,10.917498974881294,0.2725036731259918,0.35206433138104914
56618,4-214 street_2024,14.398105910414051,10.917498974881294,0.23882294038687693,0.011632084229707653
56619,4-214 street_2025,14.410954045762788,10.917498974881294,0.0,0.0017983819413793735
56621,4-215 place_2017,14.790490719262378,10.501840796564995,0.2192151403562953,0.13234318698771316
56623,4-215 place_2019,14.374888137234722,10.501840796564995,0.2631270991982051,0.2426324038980567
56625,4-215 place_2021,14.964613471997641,10.501840796564995,0.3076659252118986,0.3355432338031212
56626,4-215 place_2022,14.396487236825262,10.501840796564995,0.3064581812660325,0.005982071677547464
56628,4-215 place_2024,14.071065051525915,10.501840796564995,0.24167424089916034,0.023423514943588058
56629,4-215 place_2025,14.09830406887655,10.501840796564995,0.0,0.22025939613434678
56631,4-215 street_2017,15.604656498922441,11.315991476848126,0.21679243094401118,0.03623549258209542
56632,4-215 street_2018,15.703366692449436,11.315991476848126,0.24547178439349654,0.35725477580374143
56633,4-215 street_2019,15.189053808635204,11.315991476848126,0.23904326401499212,0.10858531041344074
56635,4-215 street_2021,15.778779285232531,11.315991476848126,0.29906652388039673,0.388996915400857
56636,4-215 street_2022,15.210652915028234,11.315991476848126,0.3005106178731072,0.002895803112025565
56638,4-215 street_2024,14.885230609900432,11.315991476848126,0.2683558941357578,0.006876303939432157
56641,4-216 street_2017,15.15193317416747,10.863275028597942,0.21640316547498298,0.02176149178151269
56642,4-216 street_2018,15.250643358700927,10.863275028597942,0.23750892514463542,0.05930610589740758
56643,4-216 street_2019,14.736330533183226,10.863275028597942,0.23905236838091165,0.07538572690588961
56646,4-216 street_2022,14.757929636478304,10.863275028597942,0.2879959245403527,0.004489905272852052
56648,4-216 street_2024,14.432507385922133,10.863275028597942,0.24846135929849963,0.012916225266546328
56649,4-216 street_2025,14.459746409585518,10.863275028597942,0.0,0.13199270945849695
56672,4-217 street_2018,15.908392370895193,11.448027317039427,0.2665860385502067,0.5441249941669167
56673,4-217 street_2019,15.173951265605401,11.448027317039427,0.25950045428883745,0.4813144203916022
56676,4-217 street_2022,15.288543879431328,11.448027317039427,0.3111573755381827,0.04611993561355312
56678,4-217 street_2024,14.928641490301402,11.448027317039427,0.2604416271162496,0.09440067542148431
56692,4-218 street_2018,15.641527447346888,11.254152998851385,0.25951000790644463,0.029364608629903935
56693,4-218 street_2019,15.12721457002739,11.254152998851385,0.2522242465368926,0.14910942258784105
56695,4-218 street_2021,15.716940039428453,11.254152998851385,0.30495893960660936,0.05391984198943043
56696,4-218 street_2022,15.148813676075282,11.254152998851385,0.29664377247800955,0.058080211076524654
56698,4-218 street_2024,14.823391377027226,11.254152998851385,0.2508337620943118,0.13522994926010412
56702,4-219 street_2018,15.683042184898246,11.222679796956614,0.23464113526535355,0.1185827158269478
56703,4-219 street_2019,14.948601113410254,11.222679796956614,0.23075001664783,0.11707167158583756
56706,4-219 street_2022,15.063193720201278,11.222679796956614,0.2808228961829885,0.1338313476335206
56708,4-219 street_2024,14.703291356170464,11.222679796956614,0.2410075821660798,0.03950913309471249
56716,4-22 avenue_2022,14.348723872870114,10.45407874991688,0.2720091558669147,0.002995508979798479
56718,4-22 avenue_2024,14.023301698095704,10.45407874991688,0.24866601021369206,0.45342953462468166
56726,4-22 drive_2022,11.200293175001432,7.306277674303722,0.2701602723232042,1.2864464011467291
56748,4-22 street_2024,13.278498334433664,9.709306374543127,0.20834905203873008,0.006280237957150483
56752,4-220 place_2018,13.789734984984284,9.329447133030921,0.22885483728604045,0.20644490169115828
56755,4-220 place_2021,13.708005397799894,9.329447133030921,0.27537257798049186,0.1845690293344339
56756,4-220 place_2022,13.169887268688539,9.329447133030921,0.22939031811382976,0.13531729694762962
56762,4-220 street_2018,15.831243921987237,11.370879714039944,0.23778046417032164,0.017839918128331
56763,4-220 street_2019,15.096802827422923,11.370879714039944,0.24653092578155186,0.07436508195530679
56765,4-220 street_2021,15.749514258762348,11.370879714039944,0.29534937489136087,0.05704174036719702
56766,4-220 street_2022,15.211395439016641,11.370879714039944,0.2927770816218748,0.021467906615240923
56768,4-220 street_2024,14.851493057850787,11.370879714039944,0.2567168439905954,0.07927318089450787
56783,4-221 street_2019,15.016808125175304,11.290885948591798,0.2398147777618266,0.2873570196278354
56786,4-221 street_2022,15.131400734265219,11.290885948591798,0.2948233515542914,0.0038924147153438387
56788,4-221 street_2024,14.77149836203243,11.290885948591798,0.257920909835279,0.04305948946044697
56792,4-222 street_2018,15.84739416419759,11.38702977372726,0.2591372373252734,0.038932210001787475
56793,4-222 street_2019,15.11295306731902,11.38702977372726,0.2550655539384617,0.005783244755727333
56796,4-222 street_2022,15.227545679394387,11.38702977372726,0.31482800731194044,0.002496880198587199
56798,4-222 street_2024,14.86764329651011,11.38702977372726,0.2935493837882897,0.20660758267411022
56801,4-223 place_2017,13.462696656525544,9.2437255233753,0.24995957416225092,1.60771643153576
56806,4-223 place_2022,13.084157883714347,9.2437255233753,0.3552753635843091,0.046501833651419786
56808,4-223 place_2024,12.724256295404542,9.2437255233753,0.37559821243370045,0.07955027875800906
56812,4-223 street_2018,15.866541255501494,11.406176652423587,0.25921855995087195,0.2688814429880635
56815,4-223 street_2021,15.784811591883123,11.406176652423587,0.302273776665898,0.06344417255653478
56816,4-223 street_2022,15.246692768563623,11.406176652423587,0.3044549535853399,0.004290781417156275
56818,4-223 street_2024,14.886790383677686,11.406176652423587,0.2831068964434265,0.126632650933366
56821,4-224 street_2017,15.374878574706232,11.15582622495782,0.22021993485151728,0.22585985880843806
56826,4-224 street_2022,14.996339243826078,11.15582622495782,0.31037507139773907,0.13225557912047065
56828,4-224 street_2024,14.63643688839618,11.15582622495782,0.27212578428203643,0.2663562857370285
56831,4-225 street_2017,15.480848642554504,11.261794876931269,0.24487573019496714,0.021174235231406484
56832,4-225 street_2018,15.722157771731803,11.261794876931269,0.2603306937214968,0.054393483830331636
56833,4-225 street_2019,14.987716693817212,11.261794876931269,0.26142073271739086,0.14703974264931488
56836,4-225 street_2022,15.102309301945754,11.261794876931269,0.31315668397206936,0.18515088380411432
56838,4-225 street_2024,14.742406933142947,11.261794876931269,0.29351736945426254,0.6291951540674282
56841,4-226 street_2017,15.162440810534783,10.94339179372161,0.21229821984312536,0.029267497680568088
56843,4-226 street_2019,14.669308906998495,10.94339179372161,0.23128684343435144,0.13688825206212166
56848,4-226 street_2024,14.423999178605241,10.94339179372161,0.27700713093995105,0.475302067696944
56853,4-227 street_2019,14.60302529035744,10.877109359124399,0.24397272902483474,0.14747127935820828
56855,4-227 street_2021,15.255736636706898,10.877109359124399,0.27748596324434915,0.2999564333271691
56858,4-227 street_2024,14.357715570076612,10.877109359124399,0.27656074506384,0.4489076659510011
56861,4-228 street_2017,15.259358289985451,11.04030766461913,0.20012001639753665,0.04008572353928564
56863,4-228 street_2019,14.76622637113831,11.04030766461913,0.2291164613296484,0.0688728642863754
56865,4-228 street_2021,15.41893775032919,11.04030766461913,0.2709399021276118,0.2211415486435367
56866,4-228 street_2022,14.880818970953689,11.04030766461913,0.2780048289543565,0.01567647938500758
56868,4-228 street_2024,14.520916631810572,11.04030766461913,0.23973485101528658,0.04526013140486457
56871,4-229 street_2017,15.351967396724516,11.132915373324291,0.2095748957162321,0.0424846116061553
56873,4-229 street_2019,14.85883546457035,11.132915373324291,0.23184792682428884,0.15340754662931236
56876,4-229 street_2022,14.97342806808673,11.132915373324291,0.29494186915542936,0.134268620805034
56878,4-229 street_2024,14.613525715739186,11.132915373324291,0.26315970398974503,0.47883947790813486
56881,4-23 avenue_2017,15.989647261529727,11.700978401884024,0.2700898795355533,0.5206373311499836
56882,4-23 avenue_2018,16.088357460075716,11.700978401884024,0.2963577925632084,0.5133624034179607
56883,4-23 avenue_2019,15.57404454372811,11.700978401884024,0.2988008527591833,0.06550680220211963
56885,4-23 avenue_2021,16.163770056372922,11.700978401884024,0.34095251302012386,0.09139342842921055
56886,4-23 avenue_2022,15.595643651850008,11.700978401884024,0.3546468547432626,0.1028273097994703
56888,4-23 avenue_2024,15.270221316267572,11.700978401884024,0.34905981541148007,0.052687322279006465
56905,4-23 road_2021,13.546587392824572,9.083899724221627,0.3086926725141372,0.33282272811605246
56912,4-23 street_2018,15.366562744010883,10.977453242890173,0.22513684269595619,0.0914846901221783
56918,4-23 street_2024,14.620795545969747,10.977453242890173,0.25958912789419863,0.012126179797840565
56936,4-230 place_2022,14.238282015534574,10.397784857018081,0.3335015256253515,0.07492192651725926
56938,4-230 place_2024,13.878379810943084,10.397784857018081,0.304473796561002,0.43327480874743163
56943,4-230 street_2019,14.93325018459174,11.207329069944015,0.2369138502737211,0.08562708596743704
56946,4-230 street_2022,15.047842790843392,11.207329069944015,0.29252121905812173,0.1424539677949335
56948,4-230 street_2024,14.687940428736947,11.207329069944015,0.2527837842017704,0.3291598518980899
56952,4-231 street_2018,15.46607174001068,11.005712553684955,0.21308799312771462,0.20554968291316178
56956,4-231 street_2022,14.846223307459374,11.005712553684955,0.28702781372077585,0.01459300230290015
56958,4-231 street_2024,14.486320973571296,11.005712553684955,0.24473434145200687,0.0022973590486834897
56965,4-232 street_2021,15.278595010306548,10.89996731127881,0.2760184492631871,0.2811860187080788
56968,4-232 street_2024,14.380573935888826,10.89996731127881,0.2442225029699942,0.32208349916911333
56969,4-232 street_2025,14.393422071111473,10.89996731127881,0.0,0.4289211841445056
56981,4-233 street_2017,15.20577749665085,10.917118361072824,0.21758783489107986,0.8066097854707466
56985,4-233 street_2021,15.379900269871843,10.917118361072824,0.3021193217435345,0.07194849931258404
56986,4-233 street_2022,14.811773952309537,10.917118361072824,0.31823596108283075,0.0916671885258238
56988,4-233 street_2024,14.48635169389668,10.917118361072824,0.2831625911447453,0.0018981972830802527
56989,4-233 street_2025,14.513590718320097,10.917118361072824,0.0,0.3765854085575139
56998,4-234 place_2024,11.134456905534751,7.65429190741164,0.22452191128433108,0.6839045991930127
57003,4-234 street_2019,14.412761755620243,10.686849686862608,0.2502476417335387,0.20701416938432612
57005,4-234 street_2021,15.065473056262846,10.686849686862608,0.28973376112745014,0.31247224125899975
57008,4-234 street_2024,14.167452061847845,10.686849686862608,0.2723615485158924,0.3178717436148385
57023,4-235 street_2019,13.97421769678761,10.248317899129074,0.2718689255649305,0.44102528350671527
57025,4-235 street_2021,14.62692885221817,10.248317899129074,0.3142142163610769,0.2944590567308047
57026,4-235 street_2022,14.08881024606419,10.248317899129074,0.3070926838009587,0.19433246946009014
57028,4-235 street_2024,13.728908087233268,10.248317899129074,0.25894805313597724,0.003792798238696237
57033,4-236 street_2019,13.49179260752878,9.765914239142907,0.2602558161454811,0.19999774180689733
57035,4-236 street_2021,14.144503509368242,9.765914239142907,0.31082344830440495,0.47181448864969827
57038,4-236 street_2024,13.246483145048622,9.765914239142907,0.2776792323830375,0.006280237957150483
57043,4-237 street_2019,13.454859897877895,9.728983636092012,0.3120842828330547,0.325411289261788
57045,4-237 street_2021,14.107570774787844,9.728983636092012,0.3663300182004234,0.42395969074432877
57055,4-238 street_2021,13.726267063794214,9.347707212772512,0.2821713322708655,0.7690428395632023
57056,4-238 street_2022,13.188148920320485,9.347707212772512,0.2767945292965199,0.10047861856621904
57066,4-239 street_2022,13.083753352196048,9.243321030149165,0.27764171121288544,0.10903376102412238
57071,4-24 avenue_2017,15.531554689243018,11.24289057797223,0.25038446281406707,0.1084058738437865
57072,4-24 avenue_2018,15.630264881578809,11.24289057797223,0.2824553030192686,0.13470570285229133
57076,4-24 avenue_2022,15.13755111146872,11.24289057797223,0.3244463387904835,0.04353830201448342
57091,4-24 road_2017,14.524315584156586,10.23567392856613,0.21832349907856877,0.12009148025782042
57093,4-24 road_2019,14.108713061403158,10.23567392856613,0.258142912874461,0.3627663535750491
57096,4-24 road_2022,14.130312157269202,10.23567392856613,0.2976007058028536,0.004788516731797177
57098,4-24 road_2024,13.804890037578257,10.23567392856613,0.3205831237938787,0.14453315073229836
57101,4-24 street_2017,14.349449391219435,10.060814495391792,0.21360688879585696,0.2561140029841185
57103,4-24 street_2019,13.933846916933108,10.060814495391792,0.20462953439672338,0.8433758938066362
57123,4-240 street_2019,13.171186354718058,9.445329149049359,0.30234674585602783,0.18232155679395465
57126,4-240 street_2022,13.285778790153072,9.445329149049359,0.3200242445725769,0.16839165126045666
57135,4-241 street_2021,15.053554003061873,10.67493090412665,0.29632081120490017,0.19004167980909276
57136,4-241 street_2022,14.51543528694234,10.67493090412665,0.2859049903136524,0.0168571170664229
57143,4-242 street_2019,14.02788575932688,10.301984155591795,0.2857216266875254,0.10660973505825823
57149,4-242 street_2025,13.795424266661602,10.301984155591795,0.0,0.346422567474381
57152,4-243 street_2018,15.16545395303878,10.705100523190207,0.27393225522846915,0.22546086426936995
57153,4-243 street_2019,14.43101299513337,10.705100523190207,0.2955208699717365,0.06747171511501267
57156,4-243 street_2022,14.545605578285345,10.705100523190207,0.3071930165138826,0.013113639145383105
57166,4-244 street_2022,14.249682906489841,10.409185409648689,0.29407792512038994,0.11529104433473457
57168,4-244 street_2024,13.889780698680722,10.409185409648689,0.2624359516247675,0.010643160098479827
57185,4-245 street_2021,13.973394235384978,9.594815538024054,0.3035855604966186,0.10228579354075011
57186,4-245 street_2022,13.43527592127298,9.594815538024054,0.2876038833122126,0.04008572353928564
57212,4-246 street_2018,14.644358448155316,10.18402018029654,0.2225805530779013,0.34748282556981724
57215,4-246 street_2021,14.562628810762684,10.18402018029654,0.2872679242042333,0.13871791931182267
57219,4-246 street_2025,13.677456216328329,10.18402018029654,0.0,0.08452495506968792
57221,4-247 street_2017,14.800287319671225,10.581245902808481,0.2139454275454727,0.1647514356004906
57225,4-247 street_2021,14.959866759733318,10.581245902808481,0.30402808939126474,0.2145467040886915
57229,4-247 street_2025,14.074693944243124,10.581245902808481,0.0,0.1185827158269478
57231,4-248 street_2017,14.745441942709768,10.52640193607717,0.2247602003442555,0.31947139494118826
57235,4-248 street_2021,14.905021379665824,10.52640193607717,0.31233292005373614,0.20685155453723228
57245,4-249 street_2021,15.12680622103415,10.74818150972188,0.30886418505279867,0.11100455804291134
57249,4-249 street_2025,14.24163333585672,10.74818150972188,0.0,0.2509143482595663
57251,4-25 avenue_2017,15.650726826067686,11.362061263261465,0.2671523680829264,0.1582849789657133
57255,4-25 avenue_2021,15.824849613580131,11.362061263261465,0.3361842616800663,0.641274771149234
57256,4-25 avenue_2022,15.256723238540172,11.362061263261465,0.3436047346707247,0.003792798238696237
57258,4-25 avenue_2024,14.93130092912116,11.362061263261465,0.329120088566598,0.25044738584155507
57263,4-25 drive_2019,13.959277051037649,10.08624357909276,0.265433855095734,0.4269003888282294
57266,4-25 drive_2022,13.980876144334916,10.08624357909276,0.31608729695694776,0.013409686909917675
57278,4-25 road_2024,13.237114977195821,9.66792551035801,0.26342470995393014,0.07890359759546596
57282,4-25 street_2018,13.076375658203608,8.687415901908777,0.1446682420806861,0.16746169388693063
57292,4-250 street_2018,14.825319730301876,10.364975282683345,0.2472056611712714,0.14755756435761466
57295,4-250 street_2021,14.743590086755113,10.364975282683345,0.29186022500726144,0.24873332231320613
57296,4-250 street_2022,14.205471445735125,10.364975282683345,0.29430954668314374,0.041237908016244745
57298,4-250 street_2024,13.845569250610987,10.364975282683345,0.26002106258305097,0.05420405401351211
57299,4-250 street_2025,13.858417380700898,10.364975282683345,0.0,0.08268536661860784
57306,4-251 place_2022,11.132636474493983,7.292775512062526,0.3254877577759146,0.7346249600062543
57311,4-251 street_2017,14.69307000381786,10.474031417959756,0.2335837271366218,0.5439508741978185
57316,4-251 street_2022,14.314530767511263,10.474031417959756,0.3138674049187355,0.001998002662673056
57318,4-251 street_2024,13.954628542081997,10.474031417959756,0.24939688215163427,0.0036931718376175702
57321,4-252 street_2017,14.569667138369363,10.35063220968466,0.2313710503390782,0.472999138225534
57326,4-252 street_2022,14.191127927191918,10.35063220968466,0.3088557368093423,0.18132105646037108
57341,4-253 street_2017,14.690266047412903,10.471227539740841,0.2314065322862766,0.17722525936920555
57345,4-253 street_2021,14.84984548106749,10.471227539740841,0.30405070263868045,0.30158497762077235
57346,4-253 street_2022,14.311726811643537,10.471227539740841,0.28138798712249147,0.04305948946044697
57349,4-253 street_2025,13.964672718291421,10.471227539740841,0.0,0.4054651081081644
57351,4-254 street_2017,14.541282026449652,10.322248004769191,0.22375414703782645,0.050693114315518116
57355,4-254 street_2021,14.700861450223787,10.322248004769191,0.3013717673632972,0.4175912879060049
57356,4-254 street_2022,14.162742821504423,10.322248004769191,0.30266414468781566,0.37740851032563905
57358,4-254 street_2024,13.802840639184428,10.322248004769191,0.2692873206287426,0.015282623531156904
57361,4-255 street_2017,14.690434002268498,10.471395489906977,0.23028405771731703,0.03333805961051037
57365,4-255 street_2021,14.850013435933414,10.471395489906977,0.3103193773110314,0.6999738259022227
57368,4-255 street_2024,13.951992541731826,10.471395489906977,0.28336241130726453,0.009554212804811658
57371,4-256 street_2017,14.66912213444383,10.450084223465334,0.22505407569728622,0.04716980447638992
57375,4-256 street_2021,14.828701566784195,10.450084223465334,0.29610218566651586,0.5374870287194815
57378,4-256 street_2024,13.930680683719505,10.450084223465334,0.24181865565859972,0.006677654753240569
57381,4-257 street_2017,14.643744694571037,10.424707516618,0.21414216599659347,0.0746435429957658
57385,4-257 street_2021,14.803324125296905,10.424707516618,0.2881792363679218,0.134268620805034
57388,4-257 street_2024,13.905303255806984,10.424707516618,0.2831026373091807,0.006876303939432157
57391,4-258 street_2017,14.36873375115199,10.149705833042292,0.22454649296557183,0.051453281588915704
57398,4-258 street_2024,13.630292463475179,10.149705833042292,0.293912622202417,0.009058844488346039
57408,4-259 street_2024,13.774377215344963,10.293785501391394,0.28996394974700074,0.00786895837869518
57411,4-26 avenue_2017,15.768528765720172,11.479861928408178,0.2928699344763104,0.020194707285519278
57412,4-26 avenue_2018,15.86723896162124,11.479861928408178,0.31392616822863695,0.17016462652332312
57416,4-26 avenue_2022,15.374525169628958,11.479861928408178,0.3732594075547125,0.008067371077758796
57418,4-26 avenue_2024,15.049102850095572,11.479861928408178,0.34987368967914256,0.10463024907808292
57435,4-26 street_2021,13.032815593601166,8.570203253627577,0.25593781432892815,2.1495271492465235
57436,4-26 street_2022,12.464690789232733,8.570203253627577,0.250990247644618,0.02586265952572737
57451,4-260 street_2017,15.000527759415775,10.781481803317039,0.215374891173452,0.17361711616380826
57455,4-260 street_2021,15.160107209475516,10.781481803317039,0.2946464594702503,1.5602896841673701
57456,4-260 street_2022,14.621988472467093,10.781481803317039,0.2840326054818032,0.005783244755727333
57458,4-260 street_2024,14.262086177425319,10.781481803317039,0.25176288391934293,0.004788516731797177
57461,4-261 street_2017,14.336718632565807,10.117691967387174,0.25036329279129654,0.43002763093641666
57465,4-261 street_2021,14.496298040137058,10.117691967387174,0.3120233549486439,0.2676579206208532
57468,4-261 street_2024,13.598277365332418,10.117691967387174,0.31928932757408934,0.009356094924024954
57481,4-262 street_2017,14.431184098980786,10.212153849309932,0.23170856549013466,0.5826066048605768
57485,4-262 street_2021,14.590763514446987,10.212153849309932,0.2989081051937652,0.311813552026709
57488,4-262 street_2024,13.692742773261179,10.212153849309932,0.27357440494110163,0.008563230660487873
57491,4-263 street_2017,14.862083814208702,10.643040898349348,0.29188315479663074,0.033531483208792325
57495,4-263 street_2021,15.021663257572333,10.643040898349348,0.3653803547075785,0.8058059986988831
57498,4-263 street_2024,14.123642281823406,10.643040898349348,0.35042829365280387,0.009257021262676763
57501,4-264 street_2017,14.256231769179767,10.037208436916128,0.2291732662735221,0.26849925303500694
57505,4-264 street_2021,14.415811169410146,10.037208436916128,0.30093864215017424,0.2899794315004644
57508,4-264 street_2024,13.517790556327931,10.037208436916128,0.26324804711449884,0.01587334915629015
57515,4-265 street_2021,14.275168241694274,9.896572031921744,0.3051770419186034,0.23562532881626563
57518,4-265 street_2024,13.377147749141788,9.896572031921744,0.2688538918582558,0.011632084229707653
57521,4-266 street_2017,14.308278506655038,10.089252988643906,0.23436243491899797,0.5310399310162306
57525,4-266 street_2021,14.467857911699612,10.089252988643906,0.301397113633746,0.21945676345621454
57528,4-266 street_2024,13.569837258139405,10.089252988643906,0.29350065538463693,0.009653257028138304
57535,4-267 street_2021,14.687089276566493,10.308476281533855,0.3333791507185147,0.1211551215564672
57538,4-267 street_2024,13.789068473850119,10.308476281533855,0.34261099131953787,0.0103462920541443
57548,4-268 street_2024,13.308392100406177,9.827819856270635,0.34322279923094345,0.024790168807218786
57561,4-27 avenue_2017,15.247510027142265,10.958850160090226,0.24762125967816892,0.17864815142764573
57562,4-27 avenue_2018,15.346220213927195,10.958850160090226,0.2820574554078628,0.10020726041702552
57563,4-27 avenue_2019,14.831907373815348,10.958850160090226,0.2790803688289959,0.17756023969224416
57566,4-27 avenue_2022,14.853506477885977,10.958850160090226,0.3072541734554162,0.2808840179507816
57568,4-27 avenue_2024,14.528084213668164,10.958850160090226,0.3122094665403084,0.1424539677949335
57569,4-27 avenue_2025,14.555323238653136,10.958850160090226,0.0,0.0038924147153438387
57588,4-27 road_2024,10.854644134560056,7.286059110088861,0.2189970353523612,0.6444295137625153
57592,4-27 street_2018,15.012670918069055,10.625307668753212,0.20637967449312616,0.17117634568895634
57596,4-27 street_2022,14.519957236577527,10.625307668753212,0.24744339414847777,0.003394233068015547
57598,4-27 street_2024,14.194535026289824,10.625307668753212,0.22350646186074405,0.0896578719305353
57622,4-28 avenue_2018,15.733891826620546,11.346516249492923,0.29607600186277094,0.25052522805542693
57623,4-28 avenue_2019,15.219578939745437,11.346516249492923,0.2812142473109187,0.07714620917665369
57626,4-28 avenue_2022,15.241178046301128,11.346516249492923,0.3428466843885647,0.004489905272852052
57628,4-28 avenue_2024,14.915755738308027,11.346516249492923,0.33330042779468355,0.020684591192832683
57642,4-28 road_2018,13.629132135010188,9.241840592984605,0.25491854969205785,0.16407272173715798
57652,4-28 street_2018,14.917341388518853,10.529980538842018,0.19304106760704604,0.03854740961223893
57655,4-28 street_2021,14.992753968163969,10.529980538842018,0.23354050055453582,0.7375467678566298
57656,4-28 street_2022,14.424627726264557,10.529980538842018,0.21766142384787843,0.0035935355101301704
57658,4-28 street_2024,14.099205534995589,10.529980538842018,0.24061456159379516,0.04898062222162186
57661,4-29 avenue_2017,15.330867800355977,11.04220656052077,0.28748606265066334,0.09349034308733889
57662,4-29 avenue_2018,15.429577988936321,11.04220656052077,0.3175818796787704,0.0833296075870042
57663,4-29 avenue_2019,14.915265137186502,11.04220656052077,0.312123664346393,0.04305948946044697
57666,4-29 avenue_2022,14.936864241875588,11.04220656052077,0.35615401543021963,0.003194890896519197
57685,4-29 street_2021,15.229813804214196,10.76703479982917,0.3169699933897718,0.8102188521457828
57686,4-29 street_2022,14.661687512568081,10.76703479982917,0.3254439713672088,0.0036931718376175702
57688,4-29 street_2024,14.336265277153473,10.76703479982917,0.2999884821454181,0.30917444778987807
57695,4-3 avenue_2021,13.780188968179159,9.317477931773373,0.3763479707704229,1.1110348086666668
57696,4-3 avenue_2022,13.21206328303514,9.317477931773373,0.403764316175967,0.013902905168991422
57712,4-30 avenue_2018,15.701521760968799,11.314146567573715,0.3316602146970344,0.1176052420742634
57716,4-30 avenue_2022,15.208807983725615,11.314146567573715,0.3804744941148839,0.00129915573162005
57718,4-30 avenue_2024,14.88338567877381,11.314146567573715,0.3650620871089266,0.25200307999476296
57756,4-30 street_2022,14.409165918561206,10.514519139063818,0.27492877134609484,0.1950732407191178
57758,4-30 street_2024,14.083743730551445,10.514519139063818,0.25849859161787425,0.4581840524403934
57762,4-31 avenue_2018,15.986686475996004,11.599308293508827,0.3558294647152403,0.7278384203498757
57765,4-31 avenue_2021,16.062099071492362,11.599308293508827,0.39611990936452707,0.27246690664530054
57768,4-31 avenue_2024,15.168550346148447,11.599308293508827,0.3800393259383546,0.22554067591393126
57769,4-31 avenue_2025,15.195789377365625,11.599308293508827,0.0,0.005186526687300061
57775,4-31 drive_2021,14.197222251506748,9.734480932269976,0.3219571533604675,0.9592735900460094
57778,4-31 drive_2024,13.303674359129909,9.734480932269976,0.3151996535175389,0.008662373078652657
57779,4-31 drive_2025,13.33091335246114,9.734480932269976,0.0,0.019900661706336167
57801,4-31 road_2017,14.189210107438175,9.900582534291521,0.27325746120369176,0.7794624820118654
57808,4-31 road_2024,13.469784767246606,9.900582534291521,0.32905563896616324,0.006776984279023751
57816,4-31 street_2022,15.390024183129677,11.4953607861786,0.3292406377424343,0.11001964503854945
57819,4-31 street_2025,15.091840892808468,11.4953607861786,0.0,0.22506171047011359
57821,4-32 avenue_2017,15.986925226763493,11.698256389392569,0.33179635476967634,0.11778303565638346
57822,4-32 avenue_2018,16.08563542528035,11.698256389392569,0.3452350134538176,0.4255944794033301
57826,4-32 avenue_2022,15.592921617233442,11.698256389392569,0.39654777715738115,0.4125069228972106
57828,4-32 avenue_2024,15.267499281827776,11.698256389392569,0.3634018435623253,0.003394233068015547
57829,4-32 avenue_2025,15.29473831369925,11.698256389392569,0.0,0.12672075277915665
57846,4-32 place_2022,13.108330683633346,9.213754952365594,0.2882217938855955,0.2945335474008827
57848,4-32 place_2024,12.782909063299655,9.213754952365594,0.27964493490713205,0.12979943753484446
57856,4-32 road_2022,12.042712864294476,8.14832287172724,0.2995302098957758,0.02946171014961901
57862,4-32 street_2018,14.718030711838633,10.330675682948964,0.2696252887045383,0.08378952572968325
57866,4-32 street_2022,14.225317096248148,10.330675682948964,0.29299879594856537,0.16619217486407098
57876,4-33 avenue_2022,15.135233624529217,11.240573120808715,0.31684995105608804,0.07334339422420953
57878,4-33 avenue_2024,14.809811326867388,11.240573120808715,0.2919599549172367,0.04018178963283183
57879,4-33 avenue_2025,14.837050355087635,11.240573120808715,0.0,0.058740495022600085
57896,4-33 road_2022,14.294291651926342,10.399648108952242,0.2988451594415729,0.0035935355101301704
57902,4-33 street_2018,15.303770066771937,10.916400758229475,0.25164070527564225,0.43171747925223014
57906,4-33 street_2022,14.81105633670549,10.916400758229475,0.2969513294853686,0.3008450589780618
57911,4-34 avenue_2017,16.259730383317024,11.971059589487423,0.2863352269652879,0.1595645696713384
57912,4-34 avenue_2018,16.358440584392643,11.971059589487423,0.31541421127984537,0.5430217219823075
57913,4-34 avenue_2019,15.844127651647856,11.971059589487423,0.306671965956177,0.9490676513880921
57916,4-34 avenue_2022,15.86572676064112,11.971059589487423,0.35426822913338096,0.0656004570839488
57918,4-34 avenue_2024,15.540304409709211,11.971059589487423,0.34181301648219137,0.058929067529287484
57919,4-34 avenue_2025,15.567543443082648,11.971059589487423,0.0,0.3069698613590652
57926,4-34 road_2022,13.04235538902181,9.147786316201996,0.2622643593772436,0.050027493599648164
57928,4-34 road_2024,12.716933821891235,9.147786316201996,0.28076162960720713,0.016070180177494467
57932,4-34 street_2018,15.03365948731953,10.646295739707794,0.257114340359011,0.46197145754847135
57936,4-34 street_2022,14.54094580183331,10.646295739707794,0.2683869655039514,0.09376352981216315
57938,4-34 street_2024,14.215523587596286,10.646295739707794,0.24959714583281625,0.13278111123381847
57943,4-35 avenue_2019,15.814919805452604,11.94185192684713,0.3154280660241022,0.512703858777763
57946,4-35 avenue_2022,15.836518914362578,11.94185192684713,0.372250570182604,0.1089440869891791
57948,4-35 avenue_2024,15.51109656489786,11.94185192684713,0.3658380190881472,0.10607026372706647
57949,4-35 avenue_2025,15.538335598129365,11.94185192684713,0.0,0.08525984395082342
57963,4-35 road_2019,10.872719371285617,7.000537954214939,0.21261209926186808,1.0638482962317697
57976,4-35 street_2022,14.67342804229811,10.778775088486546,0.27894122063968324,0.6584004442301105
57978,4-35 street_2024,14.348005804957408,10.778775088486546,0.2723779324619662,0.006677654753240569
57981,4-36 avenue_2017,15.288274495773672,10.999613943090017,0.27213303381560855,0.5984518117206209
57983,4-36 avenue_2019,14.872671837530923,10.999613943090017,0.32925703017732594,0.3551537875667936
57986,4-36 avenue_2022,14.894270941910438,10.999613943090017,0.3620290281794,0.0017983819413793735
57993,4-36 road_2019,11.44142791927992,7.568859337111914,0.30582014988708345,1.861953840846777
58006,4-36 street_2022,14.473770014978069,10.579121572142217,0.29103841542565323,0.26043933605790665
58009,4-36 street_2025,14.175586832577128,10.579121572142217,0.0,0.24764102291459722
58011,4-37 avenue_2017,15.971944729090874,11.683276015398368,0.281254616434249,0.4223222251745873
58012,4-37 avenue_2018,16.07065492744598,11.683276015398368,0.2998863349799581,0.12018016025610495
58013,4-37 avenue_2019,15.556342012335701,11.683276015398368,0.29817371716420193,0.1392400670915041
58016,4-37 avenue_2022,15.577941120391845,11.683276015398368,0.34695140752755266,0.0017983819413793735
58019,4-37 avenue_2025,15.279757817744205,11.683276015398368,0.0,0.004091617903253565
58021,4-37 drive_2017,13.186525389596133,8.897983155824782,0.2746067659050277,0.8555636048042362
58033,4-37 road_2019,12.990506060689134,9.117539253875258,0.28708665713201714,0.34131762161769036
58036,4-37 road_2022,13.012105123734239,9.117539253875258,0.2963359258649156,0.017741681476157102
58046,4-37 street_2022,14.71732605145436,10.822672220932827,0.3010657007815673,0.3267825860736957
58049,4-37 street_2025,14.419142830171598,10.822672220932827,0.0,0.0964004942863152
58051,4-38 avenue_2017,15.55209486216012,11.263430488210494,0.23350087717466883,0.04267627428043631
58053,4-38 avenue_2019,15.136492176519775,11.263430488210494,0.27120543985286405,0.40352990347365386
58058,4-38 avenue_2024,14.832668982636488,11.263430488210494,0.31588560301282453,0.0022973590486834897
58059,4-38 avenue_2025,14.859908011081407,11.263430488210494,0.0,0.05164323315183845
58063,4-38 drive_2019,12.163684756612659,8.290856115926779,0.30625845802471635,1.4285393427136366
58066,4-38 drive_2022,12.185283756952536,8.290856115926779,0.3096449943880688,0.024302292522964862
58086,4-38 street_2022,14.706530187621091,10.811876569154238,0.30617698933214976,0.4515213798668496
58093,4-39 avenue_2019,15.335026597062166,11.461962645847851,0.2834343417996565,0.37459344444107734
58095,4-39 avenue_2021,15.924752088981137,11.461962645847851,0.34120536986026834,0.4736220747684466
58096,4-39 avenue_2022,15.356625704190034,11.461962645847851,0.34355385364982083,0.026836653953559674
58099,4-39 avenue_2025,15.058442416312467,11.461962645847851,0.0,0.005783244755727333
58116,4-39 place_2022,13.327255515903307,9.43266058843792,0.27795108512999434,0.4121758737996064
58139,4-39 street_2025,13.71414966316136,10.117698911366778,0.0,0.6482544116692087
58141,4-4 avenue_2017,12.838160934984238,8.675391674531083,0.06671954708393137,0.5345616814425743
58145,4-4 avenue_2021,13.04682052001378,8.675391674531083,0.10830139251665567,0.028295869154847303
58162,4-40 avenue_2018,14.691322678547081,10.303968521554554,0.3033483356280922,0.19350874618451902
58171,4-40 drive_2017,11.29527900405405,7.007495023583018,0.19423290498730267,0.7193508460565816
58181,4-40 road_2017,13.722578103469218,9.433979937924482,0.2400490254492366,0.1839036379766061
58196,4-40 street_2022,13.198673516619001,9.30408935174107,0.26176778368631054,1.074319596099065
58201,4-41 avenue_2017,15.839821749792133,11.551154210998954,0.2464945140451663,0.058646195432733424
58202,4-41 avenue_2018,15.93853194661064,11.551154210998954,0.2738792785751451,0.15802886422491005
58205,4-41 avenue_2021,16.013944541698326,11.551154210998954,0.3173514102457598,0.010247316451549523
58206,4-41 avenue_2022,15.44581814898751,11.551154210998954,0.31802501842553016,0.006578315360122567
58208,4-41 avenue_2024,15.120395823887232,11.551154210998954,0.27964121050541063,0.06513209493778221
58211,4-41 drive_2017,12.777417110887633,8.558539773417642,0.2198439961170443,0.40051956571515
58216,4-41 drive_2022,12.39887898263688,8.558539773417642,0.2887304737359977,0.020292703267762432
58221,4-41 road_2017,13.462211751138865,9.173637039602022,0.2270868481336211,0.1485924040498269
58233,4-41 street_2019,14.76730783723092,10.89425176070891,0.25001042342916147,0.34280925807709395
58236,4-41 street_2022,14.788906940785523,10.89425176070891,0.3251447037829183,0.28457725749830215
58239,4-41 street_2025,14.49072370976333,10.89425176070891,0.0,0.07964262765219669
58241,4-42 avenue_2017,15.088275150585435,10.799618246347611,0.24775153832494792,0.07064483956933203
58242,4-42 avenue_2018,15.186985333495391,10.799618246347611,0.2782553431912299,0.16889853646181394
58243,4-42 avenue_2019,14.672672518501296,10.799618246347611,0.2707569597323016,0.06943277471533675
58248,4-42 avenue_2024,14.368849380532156,10.799618246347611,0.30055906413483635,0.004788516731797177
58249,4-42 avenue_2025,14.396088403242567,10.799618246347611,0.0,0.13810840211762923
58266,4-42 place_2022,9.836751044758483,5.944647489000554,0.34484048629172953,2.748916994618975
58273,4-42 road_2019,12.697679574796252,8.824749320420585,0.2457433832314507,0.3673477859950363
58282,4-42 street_2018,15.266534759894444,10.879166131650155,0.274116794490835,0.12619202523775938
58283,4-42 street_2019,14.752221931852501,10.879166131650155,0.25979686896224524,0.09893994785490356
58285,4-42 street_2021,15.341947346653269,10.879166131650155,0.316078937796771,0.13941405578267813
58286,4-42 street_2022,14.77382103528172,10.879166131650155,0.31900651374272015,0.22912562299175723
58291,4-43 avenue_2017,16.08620676511763,11.797537153286724,0.2914988045603275,0.04027784649857016
58292,4-43 avenue_2018,16.18491696464737,11.797537153286724,0.3131121571364396,0.143407463294729
58293,4-43 avenue_2019,15.670604041923056,11.797537153286724,0.31635982683411734,0.03285433687094718
58296,4-43 avenue_2022,15.69220315038382,11.797537153286724,0.3498374532113475,0.14686707580955238
58298,4-43 avenue_2024,15.36678080883212,11.797537153286724,0.3207499433788848,0.09029763798078058
58299,4-43 avenue_2025,15.394019841298144,11.797537153286724,0.0,0.13006288429816837
58308,4-43 road_2024,12.247998636002196,8.678913025003903,0.32657116563850136,0.01567647938500758
58311,4-43 street_2017,15.329233671194254,11.040572457185858,0.27576007595935953,0.33511417201164184
58312,4-43 street_2018,15.427943859740822,11.040572457185858,0.30797780949762854,0.6748813717530527
58313,4-43 street_2019,14.913631008209952,11.040572457185858,0.30197026463328774,0.40553177255270756
58315,4-43 street_2021,15.503356449036815,11.040572457185858,0.3437822212323034,0.22697619733438607
58316,4-43 street_2022,14.935230112887403,11.040572457185858,0.35276550323865397,0.2920724207530738
58319,4-43 street_2025,14.637046863999227,11.040572457185858,0.0,0.004489905272852052
58336,4-44 avenue_2022,14.321753781611797,10.427109430759556,0.30112853367186354,0.3077787741509033
58338,4-44 avenue_2024,13.996331613006276,10.427109430759556,0.278250763971318,0.45723495559291444
58346,4-44 drive_2022,14.140985674530567,10.275249807937392,0.343258496305572,0.35417181372061385
58362,4-44 street_2018,14.844227940041899,10.456869092180325,0.26154341484208615,0.18689441863908868
58365,4-44 street_2021,14.919640517856294,10.456869092180325,0.30836860010639777,0.12795336431046087
58366,4-44 street_2022,14.351514293835631,10.456869092180325,0.32671951596639903,0.30173289567444045
58372,4-45 avenue_2018,15.674492704130515,11.287117840807213,0.2987936168307247,0.311813552026709
58375,4-45 avenue_2021,15.749905296591447,11.287117840807213,0.33426126829374825,0.4388998841944018
58376,4-45 avenue_2022,15.18177892953339,11.287117840807213,0.34400708369164,0.09029763798078058
58378,4-45 avenue_2024,14.85635662719759,11.287117840807213,0.32833163831396595,0.2577381960787088
58379,4-45 avenue_2025,14.883595655869984,11.287117840807213,0.0,0.0022973590486834897
58388,4-45 drive_2024,13.37102577767734,9.801828603156311,0.3109719635328679,0.005882663158155495
58392,4-45 road_2018,14.560528343032681,10.173178808880603,0.2419364780116303,0.15357908792830063
58395,4-45 road_2021,14.63594091232935,10.173178808880603,0.2939491578886526,0.006379606964039027
58396,4-45 road_2022,14.067814771492396,10.173178808880603,0.30381999705874363,0.20855769298579135
58398,4-45 road_2024,13.742392669907078,10.173178808880603,0.27104192691922396,0.0035935355101301704
58403,4-45 street_2019,14.726277863703995,10.853222548562169,0.25298681823071584,0.3611648492115844
58406,4-45 street_2022,14.747876966913108,10.853222548562169,0.33263559825164296,0.006578315360122567
58409,4-45 street_2025,14.449693741388113,10.853222548562169,0.0,0.28050638870268535
58411,4-46 avenue_2017,15.788373062085158,11.499706024468104,0.25836603612925507,0.07138999608667294
58412,4-46 avenue_2018,15.887083258248198,11.499706024468104,0.2958771757560909,0.1793170477736559
58413,4-46 avenue_2019,15.372770357346996,11.499706024468104,0.29060438563377683,0.44635110058050687
58415,4-46 avenue_2021,15.962495852876952,11.499706024468104,0.3334095488300971,0.14071800693887934
58416,4-46 avenue_2022,15.394369464648051,11.499706024468104,0.34636049451486106,0.04430392555652441
58418,4-46 avenue_2024,15.068947143525062,11.499706024468104,0.32431322869832846,0.23475586664237577
58432,4-46 road_2018,14.618637882627356,10.158300587437047,0.21627383691054725,0.3169252909214222
58435,4-46 road_2021,14.536908246203362,10.158300587437047,0.2759414236265469,0.11207790340535054
58438,4-46 road_2024,13.638887542091823,10.158300587437047,0.2801827583898848,0.006478966097709122
58443,4-46 street_2019,14.797832961549771,10.924776338507254,0.23327959778016596,0.2192158479762298
58445,4-46 street_2021,15.387558384135607,10.924776338507254,0.2900500460793851,0.11136246785346073
58446,4-46 street_2022,14.819432065352368,10.924776338507254,0.29458937892107456,0.21953705572009805
58449,4-46 street_2025,14.521248830384277,10.924776338507254,0.0,0.01666044089310724
58451,4-47 avenue_2017,15.72117338291854,11.4325070399754,0.2592039130859136,0.505250109432805
58452,4-47 avenue_2018,15.819883578173044,11.4325070399754,0.2896949763323747,0.33704350198950506
58453,4-47 avenue_2019,15.305570683161008,11.4325070399754,0.2948669909214351,0.295054826781194
58455,4-47 avenue_2021,15.895296172165677,11.4325070399754,0.3280726072150994,0.37795686869156303
58456,4-47 avenue_2022,15.327169790149105,11.4325070399754,0.3302420847062711,0.1709235118415853
58458,4-47 avenue_2024,15.00174747453899,11.4325070399754,0.31471224408895115,0.0014988761237358919
58462,4-47 road_2018,13.730125377528514,9.342824642982947,0.24814260018150158,1.0874502239619177
58468,4-47 road_2024,12.911990482413252,9.342824642982947,0.22672334310350215,0.02878180142545205
58471,4-47 street_2017,15.061265258509167,10.772608905314124,0.23543451234616114,0.4045313389480733
58473,4-47 street_2019,14.6456626303759,10.772608905314124,0.25027572964871503,0.17470932379181306
58476,4-47 street_2022,14.667261732863487,10.772608905314124,0.31818385853530845,0.007273483966498386
58479,4-47 street_2025,14.369078518818952,10.772608905314124,0.0,0.31859917508650243
58481,4-48 avenue_2017,15.794804114465826,11.50613701278296,0.2791128864402723,0.04439958729668442
58482,4-48 avenue_2018,15.893514310712654,11.50613701278296,0.30056919181624775,0.01666044089310724
58483,4-48 avenue_2019,15.379201409268328,11.50613701278296,0.2930341678556019,0.2779347209969009
58485,4-48 avenue_2021,15.968926905400073,11.50613701278296,0.3444219999426595,0.17243955693950402
58486,4-48 avenue_2022,15.400800516598245,11.50613701278296,0.3530982124038922,0.0015987213636970278
58488,4-48 avenue_2024,15.075378194966834,11.50613701278296,0.3373585432428245,0.004091617903253565
58491,4-48 street_2017,15.448845878672342,11.160182881462216,0.3063142022467688,0.6332379278060364
58493,4-48 street_2019,15.033243202902892,11.160182881462216,0.31352130370477704,0.3656148635082036
58496,4-48 street_2022,15.054842308383696,11.160182881462216,0.3796020011798596,0.4027280323982782
58501,4-49 avenue_2017,14.815845188127165,10.581473884931928,0.24920530833382512,1.4200675712268118
58506,4-49 avenue_2022,14.447218655294565,10.581473884931928,0.30111930588088465,0.1251337307567657
58508,4-49 avenue_2024,14.224808105629824,10.581473884931928,0.29274585817306226,0.0883771106174129
58509,4-49 avenue_2025,14.09179995685321,10.581473884931928,0.0,0.051833148640017285
58531,4-49 street_2017,14.889605657395776,10.600953176688297,0.27444405775598774,0.7218803993828178
58535,4-49 street_2021,15.063728415819043,10.600953176688297,0.3472015737645973,0.9919546357951446
58536,4-49 street_2022,14.495602157770541,10.600953176688297,0.3356931169869429,0.6986321107905149
58538,4-49 street_2024,14.170179952170736,10.600953176688297,0.32672191561994307,0.15495035999782264
58545,4-5 avenue_2021,14.290833081934982,9.828086532831936,0.31504712550434383,0.8623834978052445
58546,4-5 avenue_2022,13.722707079893626,9.828086532831936,0.34071931160452823,0.08846864798760816
58558,4-5 street_2024,12.99069375164402,9.347419725271306,0.2663125038583411,0.4874751101577403
58562,4-50 avenue_2018,15.850531824955691,11.390167399365579,0.26634664811049535,0.1623739189842586
58563,4-50 avenue_2019,15.11609072763183,11.390167399365579,0.263590618415106,0.1260157205828598
58565,4-50 avenue_2021,15.768802161514067,11.390167399365579,0.3114355898864757,0.18232155679395465
58566,4-50 avenue_2022,15.23068333979987,11.390167399365579,0.31388558450653553,0.003194890896519197
58568,4-50 avenue_2024,14.870780956584948,11.390167399365579,0.30000641125686683,0.2715526905218973
58569,4-50 avenue_2025,14.883629094618989,11.390167399365579,0.0,0.00129915573162005
58571,4-50 street_2017,14.404497447043658,10.115860294450526,0.22935743522078772,0.40506502808682465
58573,4-50 street_2019,13.988894956576418,10.115860294450526,0.2430444587087487,0.24560929602987316
58576,4-50 street_2022,14.010494050413762,10.115860294450526,0.325205337681582,0.0103462920541443
58582,4-51 avenue_2018,15.739600944771004,11.352225301243546,0.3440428761908912,0.6378458647748559
58583,4-51 avenue_2019,15.22528805733372,11.352225301243546,0.35349917481061055,0.1239859797809912
58585,4-51 avenue_2021,15.815013537945445,11.352225301243546,0.38778712738637133,0.10354887562855887
58586,4-51 avenue_2022,15.246887163919284,11.352225301243546,0.38537577304857484,0.008364916331627708
58588,4-51 avenue_2024,14.921464855399927,11.352225301243546,0.36582832592521963,0.0739936799083263
58589,4-51 avenue_2025,14.948703884670499,11.352225301243546,0.0,0.003194890896519197
58602,4-51 drive_2018,12.075456344519054,7.688521565749118,0.27922536243355744,0.6933971493151526
58612,4-51 road_2018,13.153330053686801,8.766096816933414,0.2851224083274371,1.2238048429543043
58623,4-51 street_2019,13.352124512233656,9.479125101194086,0.2918939691692304,0.4860000023303349
58625,4-51 street_2021,13.941849393508926,9.479125101194086,0.3529327852673007,2.4430337560443167
58626,4-51 street_2022,13.37372359007458,9.479125101194086,0.35618546246008936,0.7308282475276338
58631,4-52 avenue_2017,14.787177086656333,10.568135999894423,0.2929656697536051,0.3754868845884781
58633,4-52 avenue_2019,14.294045258601802,10.568135999894423,0.3143471866969547,0.13453089295760615
58636,4-52 avenue_2022,14.40863783316559,10.568135999894423,0.33795514843588736,0.11439954030849617
58638,4-52 avenue_2024,14.048735584115033,10.568135999894423,0.3068929087174586,0.271095268847382
58639,4-52 avenue_2025,14.061583716482557,10.568135999894423,0.0,0.002596625847265978
58666,4-52 road_2022,13.121130139736872,9.22655316680714,0.5057023902298219,0.017446913603720648
58668,4-52 road_2024,12.795708509481946,9.22655316680714,0.49474880563543056,0.39096042190528263
58671,4-52 street_2017,13.29217691155655,9.00362116351446,0.20924936070419634,0.9576629749798866
58681,4-53 avenue_2017,15.568843752740488,11.280179168554731,0.23922312219373382,0.047646653467353035
58683,4-53 avenue_2019,15.153241065592804,11.280179168554731,0.2565515112316949,0.1595645696713384
58685,4-53 avenue_2021,15.742966538076901,11.280179168554731,0.30675772755499464,0.1508308897025838
58686,4-53 avenue_2022,15.17484017178856,11.280179168554731,0.2937642578299719,0.007273483966498386
58688,4-53 avenue_2024,14.849417870135811,11.280179168554731,0.2812061446169079,0.14928170271575444
58689,4-53 avenue_2025,14.876656898742128,11.280179168554731,0.0,0.00129915573162005
58696,4-53 drive_2022,13.17225515910292,9.277673382096019,0.33577648761937695,0.38926797320559314
58706,4-53 place_2022,10.631978064006065,6.738465729853366,0.29266961396282,0.21567573646668878
58713,4-53 road_2019,12.998677635022347,9.125709953809523,0.28972080914162923,0.15760186050348968
58716,4-53 road_2022,13.02027669846426,9.125709953809523,0.3017838539700581,0.010841023177874857
58731,4-54 avenue_2017,15.208993102130066,10.920333909098167,0.27444273284714565,0.48956112846126637
58735,4-54 avenue_2021,15.383115875478815,10.920333909098167,0.3337902142535287,0.08865169759456264
58736,4-54 avenue_2022,14.814989557402704,10.920333909098167,0.3282913349603845,0.12988726083442226
58738,4-54 avenue_2024,14.489567298533895,10.920333909098167,0.2961492592341297,0.00349388925425578
58745,4-54 drive_2021,12.365117353312701,7.902683062336257,0.20941124944061879,0.7099551322093127
58765,4-54 road_2021,13.84790017033296,9.385183319918516,0.29934102546478003,0.4051984058796199
58772,4-54 street_2018,14.501710715034223,10.1143634651802,0.25660256565277334,0.11582556550559038
58775,4-54 street_2021,14.577123282241805,10.1143634651802,0.3132172924052013,0.1310282624064041
58776,4-54 street_2022,14.008997161806763,10.1143634651802,0.28656680108627985,0.04075799247216774
58781,4-55 avenue_2017,14.880551105163391,10.591898847760676,0.26332278872790177,0.3259167226816963
58782,4-55 avenue_2018,14.979261281995873,10.591898847760676,0.28739962414411313,0.07008560756668776
58785,4-55 avenue_2021,15.054673863090114,10.591898847760676,0.3262781141677345,0.7820733897543468
58786,4-55 avenue_2022,14.486547607038613,10.591898847760676,0.3121867988026329,0.030626193541760837
58788,4-55 avenue_2024,14.16112540321096,10.591898847760676,0.2716427982006343,0.004987541511039074
58789,4-55 avenue_2025,14.188364422353969,10.591898847760676,0.0,0.007372754329413085
58806,4-55 drive_2022,13.777358116294705,9.88273476009601,0.46285459157041803,0.023423514943588058
58812,4-55 road_2018,13.127396393958254,8.740167203015401,0.24163813395037412,0.19835893449157868
58816,4-55 road_2022,12.634683787245315,8.740167203015401,0.2588675309945816,0.7781774297445208
58825,4-55 street_2021,14.619825710788023,10.157064220462457,0.3071545544473427,0.735583870757202
58826,4-55 street_2022,14.05169957542209,10.157064220462457,0.29779432227642333,0.11010922268003005
58829,4-55 street_2025,13.75351648747453,10.157064220462457,0.0,0.004688989486131542
58832,4-56 avenue_2018,15.971856285140621,11.5114905827177,0.28077207192365045,0.2182516052337819
58833,4-56 avenue_2019,15.237415171627495,11.5114905827177,0.27416921154724944,0.05949457178563976
58836,4-56 avenue_2022,15.35200778716488,11.5114905827177,0.32975922756232706,0.10246633154449016
58838,4-56 avenue_2024,14.992105391928817,11.5114905827177,0.3064426948582746,0.2353092482130809
58846,4-56 drive_2022,13.313632622643281,9.4190387710215,0.3033722881948681,0.733905173032113
58861,4-56 road_2017,14.730483233280063,10.441834987100037,0.25928883625272275,0.65881450147944
58862,4-56 road_2018,14.829193404866349,10.441834987100037,0.3210945376434621,0.12997507642174544
58863,4-56 road_2019,14.314880663272808,10.441834987100037,0.3087203680681418,0.2113948042796617
58866,4-56 road_2022,14.336479762108047,10.441834987100037,0.349454340096462,0.08856017697948022
58868,4-56 road_2024,14.011057590113628,10.441834987100037,0.33996625505775324,0.004390348301292895
58872,4-56 street_2018,14.832554271744643,10.445195757271554,0.24097406922351558,0.23909563752813676
58875,4-56 street_2021,14.907966849254143,10.445195757271554,0.29434008390252914,0.1766387736584564
58876,4-56 street_2022,14.339840628211066,10.445195757271554,0.27904998625624816,0.08148781684626795
58879,4-56 street_2025,14.041657471587882,10.445195757271554,0.0,0.002895803112025565
58893,4-57 avenue_2019,15.143902935567064,11.270841154471734,0.3008478234651838,0.1487647732651119
58896,4-57 avenue_2022,15.16550204171021,11.270841154471734,0.35770062343120457,0.20888234196194042
58898,4-57 avenue_2024,14.84007974098422,11.270841154471734,0.33414081519214445,0.008563230660487873
58899,4-57 avenue_2025,14.867318769500885,11.270841154471734,0.0,0.005982071677547464
58902,4-57 drive_2018,13.828641790276716,9.441332940092474,0.2803924094070335,0.6302073807860712
58906,4-57 drive_2022,13.335928544899028,9.441332940092474,0.30128453359018675,0.00786895837869518
58916,4-57 place_2022,11.290833891442805,7.396761461056351,0.26867912532616556,1.0001538248811466
58922,4-57 road_2018,14.650717351873624,10.2633645658882,0.24531880075248483,0.11555834063427231
58926,4-57 road_2022,14.15800375426402,10.2633645658882,0.2922276216371461,0.09767102717344615
58928,4-57 road_2024,13.832581626905489,10.2633645658882,0.23867449334508636,0.006975613736425242
58932,4-57 street_2018,14.530487994718076,10.143139610453348,0.283726892608853,0.15879701174699754
58938,4-57 street_2024,13.712352339924655,10.143139610453348,0.2900626038770841,0.3448654859792347
58941,4-58 avenue_2017,15.851216271881677,11.632158585982804,0.24123417319516444,0.07991962317587349
58942,4-58 avenue_2018,16.09252541360969,11.632158585982804,0.2709069226672476,0.1479888777134493
58946,4-58 avenue_2022,15.472676904336456,11.632158585982804,0.3255795866925365,0.3038752523465311
58948,4-58 avenue_2024,15.112774498506822,11.632158585982804,0.2996314660221331,0.21301240411475136
58952,4-58 drive_2018,12.245838909304284,7.858833262296763,0.17223184000869524,1.2477217112559509
58968,4-58 lane_2024,12.256387468224235,8.687300476000308,0.48444624455674207,0.3765854085575139
58976,4-58 place_2022,12.846924671836556,8.952378107897614,0.37783190169679615,0.16746169388693063
58978,4-58 place_2024,12.5215032845617,8.952378107897614,0.36427054525722985,0.2315877980968727
58981,4-58 road_2017,14.6910817860429,10.402434696676755,0.2669496459376423,0.4525395154940932
58982,4-58 road_2018,14.78979195611621,10.402434696676755,0.2936355238735621,0.6542504149299987
58986,4-58 road_2022,14.297078322643927,10.402434696676755,0.34005178864630226,0.04545126290391737
58988,4-58 road_2024,13.971656159830058,10.402434696676755,0.3122129329430663,0.0035935355101301704
58996,4-58 street_2022,14.847690758078818,10.953034539725035,0.4742956230244359,0.012126179797840565
58998,4-58 street_2024,14.522268494655512,10.953034539725035,0.4095320619384322,0.11955923505763925
58999,4-58 street_2025,14.549507519563626,10.953034539725035,0.0,0.49968378334714614
59001,4-59 avenue_2017,15.340719341541822,11.052057946897607,0.23174651751112785,0.10336853297703312
59002,4-59 avenue_2018,15.439429530324636,11.052057946897607,0.2546045820906148,0.0809346174959992
59006,4-59 avenue_2022,14.946715782021231,11.052057946897607,0.2990780449171037,0.005584378293900615
59008,4-59 avenue_2024,14.621293505680505,11.052057946897607,0.2914925373905147,0.10345870836822998
59011,4-59 drive_2017,13.427705222684596,9.13913410329361,0.31795083948108177,0.11073604159466563
59016,4-59 drive_2022,13.033702269774434,9.13913410329361,0.3628818853052432,0.16322368110201407
59023,4-59 place_2019,13.318026477391514,9.445029662301854,0.40243020441301036,0.22657764804849198
59028,4-59 place_2024,13.014203772634177,9.445029662301854,0.409844220517524,0.17714149675241242
59031,4-59 road_2017,13.055065032219916,8.766541735114648,0.2438428673273599,0.22976160361578515
59033,4-59 road_2019,12.639463358136876,8.766541735114648,0.26160084737567707,0.1428007986316713
59036,4-59 road_2022,12.661062400676752,8.766541735114648,0.27878744637709185,0.023228126119207167
59042,4-59 street_2018,14.682444800027664,10.295090938052917,0.31080448987263515,0.3735615590951561
59043,4-59 street_2019,14.168132097006634,10.295090938052917,0.3020623064663659,0.0744579109180098
59048,4-59 street_2024,13.864309057905546,10.295090938052917,0.33070853190446287,0.07890359759546596
59051,4-6 avenue_2017,14.134233830144577,9.845609052101281,0.21313395944588312,0.43508863317423546
59052,4-6 avenue_2018,14.232943971036946,9.845609052101281,0.23238904006627048,0.9761056141753128
59055,4-6 avenue_2021,14.308356526967305,9.845609052101281,0.26960377027169413,0.008860628432196557
59058,4-6 avenue_2024,13.414808530917284,9.845609052101281,0.25882130239114687,0.10174398388328407
59081,4-60 avenue_2017,15.184511809136874,10.965462412181065,0.24309230708781443,0.5727294270808058
59086,4-60 avenue_2022,14.80597249854565,10.965462412181065,0.31121577093241304,0.00608147031586796
59088,4-60 avenue_2024,14.446070171004878,10.965462412181065,0.2849399796352561,0.002496880198587199
59106,4-60 drive_2022,13.463084798738445,9.568479909126818,0.27777663963425164,0.16177865556262525
59111,4-60 lane_2017,14.2492289251102,9.960598470913272,0.2811545757647171,0.2922964100025264
59118,4-60 lane_2024,13.529803542694857,9.960598470913272,0.3670946081338489,0.009356094924024954
59121,4-60 place_2017,13.936691218598106,9.648077852646589,0.23891641778591016,0.5928294840450784
59122,4-60 place_2018,14.035401344564368,9.648077852646589,0.26084650120440206,0.10183430588126807
59128,4-60 place_2024,13.217266086624504,9.648077852646589,0.295410749823439,0.013607003406216902
59131,4-60 road_2017,14.235808807978756,10.016786364956465,0.2544902080365851,0.4530481948463221
59136,4-60 road_2022,13.857269682593422,10.016786364956465,0.29236592176420734,0.005882663158155495
59153,4-60 street_2019,14.70381726111649,10.830762376191048,0.2740478811759772,0.2130932154607083
59155,4-60 street_2021,15.293542667257617,10.830762376191048,0.30515868612529895,0.1310282624064041
59156,4-60 street_2022,14.725416364130385,10.830762376191048,0.30065300780909837,0.06288089803920102
59158,4-60 street_2024,14.399994118527339,10.830762376191048,0.30676853834232165,0.04726519246711422
59161,4-61 avenue_2017,14.20197330586914,9.982952376646091,0.3518069050908872,0.5913359144132605
59166,4-61 avenue_2022,13.823434190885571,9.982952376646091,0.43004427126849765,0.4180522236136358
59168,4-61 avenue_2024,13.463532132226662,9.982952376646091,0.36152523122041,0.0925791812930932
59171,4-61 drive_2017,12.633414979411915,8.344972302793108,0.2540340383335482,0.29483145460499255
59176,4-61 drive_2022,12.239412889675064,8.344972302793108,0.29661266397847375,0.036139046615873194
59181,4-61 road_2017,14.339167382865002,10.050532922504248,0.25948125491710977,0.7657468729742889
59183,4-61 road_2019,13.923564911700957,10.050532922504248,0.2885339822008758,0.25812452020945525
59186,4-61 road_2022,13.945164004325385,10.050532922504248,0.3148611854102441,0.015085637418040853
59191,4-61 street_2017,15.200324411273348,10.91166537354999,0.2601325340458162,0.26144076124655385
59192,4-61 street_2018,15.299034596973625,10.91166537354999,0.3038417617674755,1.2968892122521918
59196,4-61 street_2022,14.806320867589548,10.91166537354999,0.3448414026464156,0.15845568569197283
59198,4-61 street_2024,14.480898609953263,10.91166537354999,0.32825940464386866,0.04468651762240602
59211,4-62 avenue_2017,14.930577736623814,10.641924270351888,0.26250488177771364,0.1595645696713384
59213,4-62 avenue_2019,14.514975129189274,10.641924270351888,0.3001847559839896,0.14496577025018573
59216,4-62 avenue_2022,14.536574230376257,10.641924270351888,0.3158473953285843,0.007273483966498386
59218,4-62 avenue_2024,14.21115201695499,10.641924270351888,0.30323448545926573,0.11973668160233342
59219,4-62 avenue_2025,14.238391037026055,10.641924270351888,0.0,0.0550562057480784
59221,4-62 drive_2017,14.61768901587175,10.329044206670098,0.2919553364471693,0.05789147841577759
59226,4-62 drive_2022,14.223685567794039,10.329044206670098,0.3469665569613108,1.3536936870738085
59228,4-62 drive_2024,13.89826342307573,10.329044206670098,0.37808209803272497,0.3493179474851633
59241,4-62 road_2017,14.053326760903682,9.764706386156583,0.23390688593571615,0.0972174507153592
59242,4-62 road_2018,14.152036896036911,9.764706386156583,0.26530726013279127,0.11564742352596188
59243,4-62 road_2019,13.637724390733748,9.764706386156583,0.2648794138441484,0.5002296845525873
59246,4-62 road_2022,13.659323477012212,9.764706386156583,0.2948616899808704,0.014297304700824425
59248,4-62 road_2024,13.333901526210132,9.764706386156583,0.2764119054807413,0.3858744583431602
59251,4-62 street_2017,14.620514745576891,10.331869845453202,0.25122297462498244,0.3597003627404201
59252,4-62 street_2018,14.719224912786924,10.331869845453202,0.2831591890523104,0.19901477973561502
59256,4-62 street_2022,14.22651129688824,10.331869845453202,0.30823432973268716,0.050312813873589095
59258,4-62 street_2024,13.901089151448366,10.331869845453202,0.29016939794730434,0.08599419316686092
59259,4-62 street_2025,13.928328164943114,10.331869845453202,0.0,0.004489905272852052
59261,4-63 avenue_2017,14.859524085382933,10.570872354418208,0.241256738997718,0.5614997264939456
59262,4-63 avenue_2018,14.958234261526899,10.570872354418208,0.26560336198190626,0.48612301112561884
59266,4-63 avenue_2022,14.465520590795464,10.570872354418208,0.3125598432868522,0.005584378293900615
59268,4-63 avenue_2024,14.140098391145639,10.570872354418208,0.29166371018130594,0.1582849789657133
59278,4-63 drive_2024,13.760668162574776,10.191453629595783,0.3527241212208228,0.3765167861522717
59281,4-63 place_2017,12.095023849099746,7.806748292269513,0.21474234674247247,1.0389330531665089
59296,4-63 road_2022,13.827755275275585,9.933129461185404,0.35904606389228894,0.9925478215909093
59298,4-63 road_2024,13.502333254775479,9.933129461185404,0.3278969861840544,0.016168581161583706
59301,4-63 street_2017,14.372148901103849,10.083513059606384,0.2469888349162151,1.2488410019148006
59303,4-63 street_2019,13.956546420037103,10.083513059606384,0.27187455963754803,0.30807276209951495
59306,4-63 street_2022,13.978145513283767,10.083513059606384,0.3223409514958815,0.006677654753240569
59311,4-64 avenue_2017,15.343840649849028,11.12478874401485,0.25281596314492083,0.6546661937416638
59315,4-64 avenue_2021,15.50342011301297,11.12478874401485,0.3175330445927044,0.3102015938816512
59316,4-64 avenue_2022,14.965301322019046,11.12478874401485,0.329439814281134,0.003294566949430031
59318,4-64 avenue_2024,14.605398970781915,11.12478874401485,0.30446829190819424,0.005783244755727333
59319,4-64 avenue_2025,14.618247107465354,11.12478874401485,0.0,0.13260596454802176
59331,4-64 circle_2017,12.782778358435541,8.563900009994192,0.20400921360679988,2.7102145239315867
59351,4-64 place_2017,13.600718686780901,9.312130741460743,0.23541364390602412,0.35907206853845386
59355,4-64 place_2021,13.774841301698553,9.312130741460743,0.3099773377004527,0.16517539795898414
59358,4-64 place_2024,12.881293927374543,9.312130741460743,0.29398401252905804,0.021272135275539696
59365,4-64 road_2021,14.712431064060755,10.249666181472008,0.30061205211818526,0.24412195769940148
59366,4-64 road_2022,14.144304898425016,10.249666181472008,0.301670763483083,0.13435605249907878
59368,4-64 road_2024,13.818882774833055,10.249666181472008,0.3046069999203455,0.009950330853168083
59371,4-64 street_2017,14.989330755141827,10.700675944233788,0.24300746865439818,0.20138861951118034
59372,4-64 street_2018,15.088040935313975,10.700675944233788,0.27602977920780386,0.2755082715200722
59373,4-64 street_2019,14.573728138066478,10.700675944233788,0.26940661694422996,0.27322811548163045
59375,4-64 street_2021,15.163453518746524,10.700675944233788,0.31730258988624216,0.05420405401351211
59376,4-64 street_2022,14.59532723985924,10.700675944233788,0.31657045728809724,0.00349388925425578
59378,4-64 street_2024,14.269905015766925,10.700675944233788,0.3025200853401977,0.08434114843375087
59381,4-65 avenue_2017,14.834158905202782,10.615116655258197,0.2525007043086585,0.17151335807735124
59385,4-65 avenue_2021,14.993738347099738,10.615116655258197,0.3066093396309102,0.053635549165909416
59386,4-65 avenue_2022,14.455619643719624,10.615116655258197,0.32893307742990524,0.25959119228525523
59388,4-65 avenue_2024,14.095717383682707,10.615116655258197,0.299349634372725,0.0045894523338072864
59405,4-65 drive_2021,13.480771281855352,9.018091244168573,0.3075422553610877,0.6050807016914947
59406,4-65 drive_2022,12.91264587333733,9.018091244168573,0.30995322729128894,0.024790168807218786
59408,4-65 drive_2024,12.587224421617329,9.018091244168573,0.30247361405944084,0.14703974264931488
59412,4-65 lane_2018,11.950251113266432,7.563376668894455,0.2776317365982795,0.7468775029809132
59416,4-65 lane_2022,11.457541351332676,7.563376668894455,0.2767400735877978,0.05211795426210667
59421,4-65 place_2017,14.804797033066308,10.51614672530545,0.31155177361178754,0.9391084171546008
59425,4-65 place_2021,14.978919786657801,10.51614672530545,0.3815570687105329,0.09020626788614897
59426,4-65 place_2022,14.41079354804182,10.51614672530545,0.3796778866686934,0.11243542932978817
59431,4-65 road_2017,13.698192482510253,9.409596263727574,0.21261262548584534,1.0574082767440527
59435,4-65 road_2021,13.872315115825899,9.409596263727574,0.2932523995228051,0.2698744538018162
59438,4-65 road_2024,12.978767601846199,9.409596263727574,0.23092925585933147,0.025472795973031023
59441,4-65 street_2017,14.735116951155202,10.446468571901743,0.2531718162833269,0.26788744512360135
59442,4-65 street_2018,14.833827122915533,10.446468571901743,0.28074579127515376,0.2565783274004471
59445,4-65 street_2021,14.90923970045845,10.446468571901743,0.3146604003230084,0.04411257461832096
59446,4-65 street_2022,14.34111347908902,10.446468571901743,0.30659216387930927,0.06924617273681433
59448,4-65 street_2024,14.015691306038523,10.446468571901743,0.2912854861445919,0.003792798238696237
59449,4-65 street_2025,14.04293032220424,10.446468571901743,0.0,0.008662373078652657
59451,4-66 avenue_2017,14.15399991509933,9.865374114373141,0.2569520881320684,0.3401084746301575
59453,4-66 avenue_2019,13.738397506024858,9.865374114373141,0.2796701518455449,0.43495918333586703
59458,4-66 avenue_2024,13.434574600883861,9.865374114373141,0.31307530862577615,0.014987129808248345
59468,4-66 drive_2024,12.421975617349005,8.852863603571638,0.3039286888887415,0.31415358965757323
59475,4-66 place_2021,13.358724862876745,8.896060375871473,0.32812043174961797,0.5326262537248435
59481,4-66 road_2017,14.35096100336997,10.062326043898713,0.25721888914800395,0.4241560065516536
59485,4-66 road_2021,14.52508372283265,10.062326043898713,0.31352180303430227,0.370045162876904
59486,4-66 road_2022,13.95695762147661,10.062326043898713,0.2977204383294017,0.0045894523338072864
59488,4-66 road_2024,13.631535554926975,10.062326043898713,0.3051253980816722,0.21929615958531606
59489,4-66 road_2025,13.658774560790118,10.062326043898713,0.0,0.004390348301292895
59491,4-66 street_2017,14.534188292164254,10.24554628904046,0.2593083351537266,0.05581306481921279
59493,4-66 street_2019,14.118585766919042,10.24554628904046,0.2772833652308823,0.20546825963420137
59495,4-66 street_2021,14.708311027289428,10.24554628904046,0.3237659311764934,0.25153662581542763
59496,4-66 street_2022,14.140184862941657,10.24554628904046,0.2876236595308262,0.022348403663761812
59501,4-67 avenue_2017,15.65177082365829,11.363105248884906,0.24755766440895208,0.45368368037863877
59502,4-67 avenue_2018,15.750481017908138,11.363105248884906,0.2760538532034463,0.019214218923804288
59503,4-67 avenue_2019,15.23616812940834,11.363105248884906,0.2742945386578257,0.1598202914474411
59506,4-67 avenue_2022,15.257767236050366,11.363105248884906,0.3151716112439967,0.014494446150452563
59508,4-67 avenue_2024,14.932344926536386,11.363105248884906,0.29766810335314786,0.007472014838700995
59509,4-67 avenue_2025,14.959583955903176,11.363105248884906,0.0,0.004390348301292895
59523,4-67 drive_2019,13.881939462301633,10.008909269540613,0.2829631636869034,0.2642854946453849
59525,4-67 drive_2021,14.471664634821614,10.008909269540613,0.3145231099765923,0.1960600829044679
59526,4-67 drive_2022,13.903538554110876,10.008909269540613,0.3264892998376298,0.004788516731797177
59528,4-67 drive_2024,13.578116505882047,10.008909269540613,0.3313089071570182,0.01479008547263543
59535,4-67 place_2021,13.384281048702567,8.921613146524455,0.32203378008194555,0.6747795232017604
59541,4-67 road_2017,14.397576400634792,10.108939524998455,0.22720383529062246,0.21495007628568197
59543,4-67 road_2019,13.98197391215332,10.108939524998455,0.2457433832314507,0.31247224125899975
59545,4-67 road_2021,14.571699124358329,10.108939524998455,0.29714234124268946,0.6385853925672627
59546,4-67 road_2022,14.003573005865887,10.108939524998455,0.2918266192470193,0.004390348301292895
59548,4-67 road_2024,13.678150924109271,10.108939524998455,0.3115332882739608,0.013705647056111932
59549,4-67 road_2025,13.70538993144349,10.108939524998455,0.0,0.006975613736425242
59551,4-67 street_2017,14.379542103032476,10.090905958136808,0.24065505890072977,0.38960669217370647
59553,4-67 street_2019,13.96393961979038,10.090905958136808,0.2604437051691639,0.1185827158269478
59555,4-67 street_2021,14.553664825131111,10.090905958136808,0.30361482820045416,0.5648591602584143
59556,4-67 street_2022,13.985538713173732,10.090905958136808,0.3010142766944534,0.00707491367196188
59561,4-68 avenue_2017,15.089809154158578,10.801152219069161,0.23712028641072322,0.20130685670503531
59565,4-68 avenue_2021,15.26393192248659,10.801152219069161,0.3094430944907055,0.42533309274563075
59566,4-68 avenue_2022,14.695805624602977,10.801152219069161,0.3029449189397014,0.023814178099254877
59568,4-68 avenue_2024,14.37038338365316,10.801152219069161,0.28661895742491666,0.08617769624105233
59569,4-68 avenue_2025,14.397622406387255,10.801152219069161,0.0,0.005385472276337817
59576,4-68 drive_2022,13.795397406059399,9.900773155810109,0.3190575958711842,0.34797722823553656
59578,4-68 drive_2024,13.469975398054226,9.900773155810109,0.27254342870282094,0.016562088298978293
59591,4-68 road_2017,14.437306235661701,10.148667795939245,0.23032053226526117,0.22968212815379221
59596,4-68 road_2022,14.043302830383041,10.148667795939245,0.2906418066787519,0.026252371144065742
59598,4-68 road_2024,13.717880736213619,10.148667795939245,0.27029032973991174,0.00608147031586796
59601,4-68 street_2017,14.731780429366918,10.443132145871196,0.25605986835025907,0.3018068464971771
59603,4-68 street_2019,14.316177859092113,10.443132145871196,0.2796138978022707,0.7923588306308933
59605,4-68 street_2021,14.905903178457237,10.443132145871196,0.3151645243200991,0.35627486391739266
59606,4-68 street_2022,14.337776957944163,10.443132145871196,0.3084868712031425,0.12751332029895962
59611,4-69 avenue_2017,15.693196085957913,11.47413989718518,0.2590922141814137,0.35921172359070236
59612,4-69 avenue_2018,15.934505222892902,11.47413989718518,0.282261143849068,0.1973743594202472
59613,4-69 avenue_2019,15.200064114156234,11.47413989718518,0.28591087804300513,0.06400712997429238
59615,4-69 avenue_2021,15.852775558554914,11.47413989718518,0.3243989382521554,0.0619414015401833
59616,4-69 avenue_2022,15.314656728699532,11.47413989718518,0.32265511720665085,0.021370025736192483
59618,4-69 avenue_2024,14.95475433701017,11.47413989718518,0.30174652524738327,0.09630968013740838
59619,4-69 avenue_2025,14.967602475402135,11.47413989718518,0.0,0.43210703905458553
59632,4-69 lane_2018,14.038906702400556,9.651582987418013,0.262310281903846,0.4091914898489782
59636,4-69 lane_2022,13.546193337850536,9.651582987418013,0.31792443454131225,0.40925790634686066
59641,4-69 place_2017,14.851613407242876,10.562961877215159,0.31890980175223393,0.27959949625842495
59643,4-69 place_2019,14.4360108136909,10.562961877215159,0.3188167430041791,0.039220713153281295
59646,4-69 place_2022,14.45760991400557,10.562961877215159,0.3976565041996584,0.43450597689257836
59652,4-69 road_2018,14.78951505274261,10.402157801606153,0.308137142559148,0.17512908621245
59653,4-69 road_2019,14.275202321026555,10.402157801606153,0.3207336959412408,0.10201492540672975
59656,4-69 road_2022,14.29680141933689,10.402157801606153,0.3564834362406015,0.02742059557599217
59658,4-69 road_2024,13.971379256588829,10.402157801606153,0.3430930530698576,0.010841023177874857
59661,4-69 street_2017,15.746456254914673,11.45778964511854,0.35905120336399415,0.01813457019548269
59662,4-69 street_2018,15.845166450518184,11.45778964511854,0.3833134583535822,0.4855078157817008
59663,4-69 street_2019,15.330853553243875,11.45778964511854,0.3793096914475343,0.5544022208825352
59666,4-69 street_2022,15.35245266035219,11.45778964511854,0.42456434428989986,0.12053480162873757
59669,4-69 street_2025,15.054269372785726,11.45778964511854,0.0,0.19523778206050096
59675,4-7 avenue_2021,14.71709720517359,10.254332159829568,0.3193867079734848,0.16169358899798714
59676,4-7 avenue_2022,14.148971038085557,10.254332159829568,0.330989646515628,0.1044501013564644
59678,4-7 avenue_2024,13.823548913204819,10.254332159829568,0.31100151479692534,0.41600932198383556
59682,4-70 avenue_2018,15.081984241829465,10.694619385917127,0.2761902322485132,0.050027493599648164
59683,4-70 avenue_2019,14.567671445726383,10.694619385917127,0.29136419488535925,0.1716818216896095
59685,4-70 avenue_2021,15.157396825138399,10.694619385917127,0.3326696064165977,0.1994244646936169
59686,4-70 avenue_2022,14.58927054745833,10.694619385917127,0.3070963204138911,0.09748962127725708
59688,4-70 avenue_2024,14.263848324437307,10.694619385917127,0.30813837737477456,0.01626697246387197
59696,4-70 drive_2022,12.114511157544046,8.220101534984275,0.27107433605212045,0.6934471355689432
59706,4-70 road_2022,13.97036963932251,10.075737505016216,0.2868543368978513,0.22554067591393126
59708,4-70 road_2024,13.6449475683247,10.075737505016216,0.26132578286490254,0.03198304585305077
59711,4-70 street_2017,15.065435009644364,10.77677857040558,0.26210027789156093,0.42774831634862187
59713,4-70 street_2019,14.64983238089418,10.77677857040558,0.2834543984183118,0.07120375900633207
59715,4-70 street_2021,15.239557776869807,10.77677857040558,0.3178088666898852,0.10174398388328407
59716,4-70 street_2022,14.67143148342053,10.77677857040558,0.32335556916314706,0.24412195769940148
59718,4-70 street_2024,14.34600924640578,10.77677857040558,0.31416730218232775,0.3490358401414488
59719,4-70 street_2025,14.373248268759209,10.77677857040558,0.0,0.002995508979798479
59722,4-71 avenue_2018,15.48259014375343,11.09521789892065,0.2871295342533882,1.8818591281178267
59723,4-71 avenue_2019,14.96827728509136,11.09521789892065,0.28111808888550943,0.2656664983941004
59726,4-71 avenue_2022,14.989876390147773,11.09521789892065,0.3223394090902182,0.12221763272424921
59728,4-71 avenue_2024,14.664454108565016,11.09521789892065,0.3103341446613182,0.012422519998557154
59729,4-71 avenue_2025,14.691693135229823,11.09521789892065,0.0,0.08700304362157402
59746,4-71 drive_2022,11.36902579422146,7.474908178103712,0.18476953843259467,1.725388158446055
59753,4-71 place_2019,12.347041910524887,8.474172126423065,0.299884109591987,0.5254383361338362
59755,4-71 place_2021,12.936765565221032,8.474172126423065,0.32441352030108545,0.49944106489935264
59763,4-71 road_2019,13.589894971353868,9.71687972251356,0.1925399457526327,0.289680075114454
59766,4-71 road_2022,13.611494056381819,9.71687972251356,0.2271026458950167,0.39352747053512144
59768,4-71 road_2024,13.286072127608,9.71687972251356,0.17638782742322018,0.023814178099254877
59771,4-71 street_2017,15.122564473016181,10.833906890326931,0.26274126729947755,0.060059756427662814
59772,4-71 street_2018,15.221274656813463,10.833906890326931,0.2808084232137692,0.026252371144065742
59773,4-71 street_2019,14.706961836067677,10.833906890326931,0.2807315666252577,0.47784778326878463
59775,4-71 street_2021,15.296687242784191,10.833906890326931,0.3216700247254498,0.003294566949430031
59778,4-71 street_2024,14.403138693020006,10.833906890326931,0.3090771720352769,0.1619487669860175
59779,4-71 street_2025,14.430377716251266,10.833906890326931,0.0,0.003294566949430031
59781,4-72 avenue_2017,14.746157548039772,10.457508854190735,0.23200889076599412,0.1212437072853642
59783,4-72 avenue_2019,14.330554974822789,10.457508854190735,0.26627399043590183,0.4328857036841565
59786,4-72 avenue_2022,14.35215407385971,10.457508854190735,0.2702055437538207,0.16813811227748007
59788,4-72 avenue_2024,14.026731898312566,10.457508854190735,0.25762151341005823,0.03642835661355149
59806,4-72 drive_2022,13.17111652435289,9.276534851688254,0.20705522955801645,0.33153147973004216
59808,4-72 drive_2024,12.845694856545844,9.276534851688254,0.19334432608470487,0.07908840631896367
59812,4-72 place_2018,13.882234613828047,9.494921673207239,0.2551984228486796,0.3491063744387801
59813,4-72 place_2019,13.367922257283572,9.494921673207239,0.27928653876833,0.7743584359847685
59815,4-72 place_2021,13.957647149657827,9.494921673207239,0.31211599023210584,0.31823552549523726
59823,4-72 road_2019,13.892568768498425,10.019538109873796,0.2258239385486478,1.0795314008553178
59826,4-72 road_2022,13.914167860519065,10.019538109873796,0.24750882910830801,0.20106152816800735
59828,4-72 road_2024,13.58874580856636,10.019538109873796,0.2333731814383604,0.026836653953559674
59841,4-72 street_2017,15.048173708513566,10.759517627808906,0.24982684816272374,0.06156535565815483
59842,4-72 street_2018,15.146883890346448,10.759517627808906,0.27686722327346924,0.03333805961051037
59843,4-72 street_2019,14.632571082334005,10.759517627808906,0.27922003086793434,0.18813794211539445
59845,4-72 street_2021,15.222296474941777,10.759517627808906,0.3066991103814773,0.13784706669212513
59846,4-72 street_2022,14.654170184698831,10.759517627808906,0.3134870498853552,0.16220387987485382
59848,4-72 street_2024,14.328747950529406,10.759517627808906,0.3054118971275971,0.053635549165909416
59855,4-73 avenue_2021,16.214531033589836,11.835892256273748,0.3872987429140207,1.3450295602420361
59856,4-73 avenue_2022,15.676412175523994,11.835892256273748,0.406651056983862,0.010841023177874857
59858,4-73 avenue_2024,15.316509754469392,11.835892256273748,0.36156890506415196,0.0684060326640604
59862,4-73 place_2018,14.451818093350905,10.064472889325375,0.3153926494509794,0.7375467678566298
59863,4-73 place_2019,13.937505463634597,10.064472889325375,0.3305798331558805,0.022152804641133304
59872,4-73 road_2018,12.80116836924684,8.414000136452296,0.17981258444766562,0.7833534484460943
59875,4-73 road_2021,12.876580772720994,8.414000136452296,0.21608573639716225,1.2912141548696208
59883,4-73 street_2019,14.436683165152324,10.563634211659378,0.2744171410741279,0.30025272962563304
59885,4-73 street_2021,15.026408515174637,10.563634211659378,0.3081640061848197,0.076497970972725
59908,4-73 terrace_2024,11.87436284020702,8.30535212762507,0.2660709141972035,0.04305948946044697
59921,4-74 avenue_2017,14.409134898617248,10.190105455568935,0.20021282654774333,0.2711715203247913
59923,4-74 avenue_2019,13.916003181393839,10.190105455568935,0.21099385123976966,0.7914981869068979
59925,4-74 avenue_2021,14.568714312306842,10.190105455568935,0.27241838962794723,0.5413936253324085
59926,4-74 avenue_2022,14.030595725132851,10.190105455568935,0.2785506677110599,0.12672075277915665
59929,4-74 avenue_2025,13.683541713781443,10.190105455568935,0.0,0.037295784743696894
59935,4-74 place_2021,12.245370349335202,7.867102831689934,0.28836676950009826,0.604916879165531
59942,4-74 street_2018,15.41604936543112,11.028678152388785,0.2922644075490846,0.2551072265196023
59943,4-74 street_2019,14.901736515504773,11.028678152388785,0.3005038338969027,0.1455711233192188
59946,4-74 street_2022,14.923335620096957,11.028678152388785,0.33054366926276546,0.10219551231466974
59948,4-74 street_2024,14.597913346691747,11.028678152388785,0.3116661874701163,0.19762059408312385
59951,4-75 avenue_2017,15.765168125444989,11.54611122539888,0.24902029864347486,0.1588823250601918
59952,4-75 avenue_2018,16.006477264657107,11.54611122539888,0.27579303918923104,0.23277700028244783
59955,4-75 avenue_2021,15.924747599608544,11.54611122539888,0.31511148691499086,0.47137768479887937
59956,4-75 avenue_2022,15.386628763299404,11.54611122539888,0.3180130934379719,0.2978056556226321
59958,4-75 avenue_2024,15.026726364892102,11.54611122539888,0.29534494519735005,0.010939940038334364
59959,4-75 avenue_2025,15.039574503567804,11.54611122539888,0.0,0.05050298217310676
59966,4-75 place_2022,12.702092929739154,8.807566125999024,0.3394857999264772,0.0246926125903715
59971,4-75 road_2017,13.951020036140626,9.732012086023246,0.22362926329655883,0.3901484039962711
59972,4-75 road_2018,14.192329018636512,9.732012086023246,0.24003176934273146,0.5865080700702333
59976,4-75 road_2022,13.572481010341,9.732012086023246,0.274955958924849,0.05723063345427171
59978,4-75 road_2024,13.212579074274108,9.732012086023246,0.2859564464843111,0.021565777914560547
59982,4-75 street_2018,15.536560750221854,11.149187717499789,0.2896113378384043,0.1239859797809912
59983,4-75 street_2019,15.022247884889072,11.149187717499789,0.3104950375064645,0.18531706577375312
59985,4-75 street_2021,15.611973341008667,11.149187717499789,0.33076169640685377,0.13575392097761987
59986,4-75 street_2022,15.043846990299976,11.149187717499789,0.34461100765213964,0.11876033572084281
59988,4-75 street_2024,14.718424702472737,11.149187717499789,0.34579477694839084,0.10336853297703312
59991,4-76 avenue_2017,14.978252155034925,10.759206660148015,0.2491776136305392,0.018330956684723457
59996,4-76 avenue_2022,14.59971287125529,10.759206660148015,0.31569378456548575,0.13688825206212166
59998,4-76 avenue_2024,14.239810580569683,10.759206660148015,0.29178504955308576,0.02048866642731566
60002,4-76 drive_2018,12.107703150594283,7.720754017249357,0.2873323609601945,1.6701378255337225
60016,4-76 road_2022,14.03052212898978,10.135887587598685,0.2774201747420929,0.037295784743696894
60018,4-76 road_2024,13.705100038759761,10.135887587598685,0.2298794349171216,0.421272838313678
60021,4-76 street_2017,15.525832283988553,11.23716824686506,0.24993608834434078,0.0729716124558227
60023,4-76 street_2019,15.11022960076317,11.23716824686506,0.2786453005544791,0.38410526898675484
60025,4-76 street_2021,15.699955068108531,11.23716824686506,0.3096787336328838,0.40212620684264977
60026,4-76 street_2022,15.131828706712469,11.23716824686506,0.3061724500832634,0.2993635772256188
60028,4-76 street_2024,14.80640640940117,11.23716824686506,0.29305554051292415,0.04707440738592883
60029,4-76 street_2025,14.833645437587508,11.23716824686506,0.0,0.0026963615477426086
60032,4-77 avenue_2018,15.35089743921129,10.890540256600314,0.28317841607346494,0.3765167861522717
60035,4-77 avenue_2021,15.269167782982468,10.890540256600314,0.3220317927124017,0.08791929803788351
60036,4-77 avenue_2022,14.731049026778232,10.890540256600314,0.3229348836989211,0.016758783814954704
60038,4-77 avenue_2024,14.371146711754879,10.890540256600314,0.3075432095044792,0.019312311032372815
60039,4-77 avenue_2025,14.383994846908806,10.890540256600314,0.0,0.010643160098479827
60056,4-77 place_2022,13.428892496646482,9.534289988842328,0.2844951815232619,0.378984230858567
60063,4-77 road_2019,13.840585250704866,10.114690394713094,0.24912347771205362,0.4093907261106367
60066,4-77 road_2022,13.955177786773412,10.114690394713094,0.28986569614822977,0.041237908016244745
60068,4-77 road_2024,13.595275675066079,10.114690394713094,0.2640508086571674,0.017839918128331
60075,4-77 street_2021,15.670027684194686,11.207241258597271,0.31872538268180217,0.3879119488605752
60076,4-77 street_2022,15.101901326328967,11.207241258597271,0.31980697233727046,0.20073432980108002
60078,4-77 street_2024,14.776479032150524,11.207241258597271,0.32598880069099956,0.05391984198943043
60079,4-77 street_2025,14.803718060033798,11.207241258597271,0.0,0.002895803112025565
60081,4-78 avenue_2017,15.213230019871496,10.92457075141926,0.2565039219137475,0.3873690238387556
60082,4-78 avenue_2018,15.311940205873535,10.92457075141926,0.2672841335248152,0.06672363204290818
60083,4-78 avenue_2019,14.79762737083641,10.92457075141926,0.27082450895668697,0.06381951271295404
60085,4-78 avenue_2021,15.387352793387947,10.92457075141926,0.31987484014658807,0.25781547284548734
60086,4-78 avenue_2022,14.819226474637363,10.92457075141926,0.2986869536046308,0.018036362486098582
60088,4-78 avenue_2024,14.493804215170021,10.92457075141926,0.2862745487796022,0.19309662996191307
60089,4-78 avenue_2025,14.521043239695446,10.92457075141926,0.0,0.013902905168991422
60091,4-78 crescent_2017,11.287224343818535,6.999447582368979,0.273936720660078,2.4448656002508167
60108,4-78 drive_2024,11.746313802170633,8.265938528937891,0.16200155430299706,0.044782142771893185
60115,4-78 road_2021,14.365697312307951,9.9870967995387,0.3043917536508482,0.24560929602987316
60116,4-78 road_2022,13.82757880067916,9.9870967995387,0.3077696568638432,0.007372754329413085
60118,4-78 road_2024,13.467676740242705,9.9870967995387,0.296094861360296,0.43372857338102383
60122,4-78 street_2018,15.850509599761867,11.46313273875269,0.2747726638692191,0.04334680450336586
60123,4-78 street_2019,15.33619670201674,11.46313273875269,0.2906661527699653,0.38913245348726677
60125,4-78 street_2021,15.925922194049715,11.46313273875269,0.3182076425064629,0.2881069821648613
60126,4-78 street_2022,15.357795809150074,11.46313273875269,0.3153746506018742,0.18365400202773324
60128,4-78 street_2024,15.032373490981499,11.46313273875269,0.31499480124944934,0.024887715507778994
60129,4-78 street_2025,15.059612521185509,11.46313273875269,0.0,0.005286004429237355
60131,4-79 avenue_2017,14.71383247527197,10.494793317240758,0.2504429112106068,0.48513851683000564
60135,4-79 avenue_2021,14.873411910358977,10.494793317240758,0.33164912716042405,0.2609016569168117
60138,4-79 avenue_2024,13.975391004200361,10.494793317240758,0.31923712324633874,0.17864815142764573
60159,4-79 place_2025,12.95169913180916,9.355293264847031,0.0,0.012027380212718455
60162,4-79 street_2018,15.98069733580544,11.520331546254098,0.2738862549743035,0.04094998632895411
60165,4-79 street_2021,15.898967671005543,11.520331546254098,0.3221196776375018,0.2908021997880246
60166,4-79 street_2022,15.360848836954894,11.520331546254098,0.3238985771158607,0.08984070399978947
60168,4-79 street_2024,15.000946440898534,11.520331546254098,0.32619419123059906,0.041237908016244745
60169,4-79 street_2025,15.013794579474942,11.520331546254098,0.0,0.004688989486131542
60175,4-8 avenue_2021,14.182111126427783,9.719370698265895,0.18023502642665026,0.5254383361338362
60185,4-8 road_2021,11.0991945519635,6.637690490840289,0.28491963975587087,0.19917867386037755
60192,4-8 street_2018,12.859494860920261,8.472314220824241,0.3377245849376789,0.7499999921527281
60198,4-8 street_2024,12.041361880625526,8.472314220824241,0.31556555180189927,0.047551301858222386
60201,4-80 avenue_2017,14.695428597660701,10.476389946204673,0.27945017634626906,0.6717703148003599
60205,4-80 avenue_2021,14.855008031631973,10.476389946204673,0.35305776089442575,0.13732419086321887
60218,4-80 drive_2024,12.756459512413842,9.275925769775236,0.20785485879911936,0.735583870757202
60228,4-80 road_2024,13.404493390923284,9.923916357399888,0.3246147399366544,0.500957089567385
60229,4-80 road_2025,13.417341514145585,9.923916357399888,0.0,0.10120188050896729
60233,4-80 street_2019,15.533337354083422,11.807410261743199,0.3082401555471455,0.08672800350982414
60235,4-80 street_2021,16.18604883250757,11.807410261743199,0.36036773067437206,0.08268536661860784
60236,4-80 street_2022,15.647929976311758,11.807410261743199,0.3645146720092038,0.05211795426210667
60238,4-80 street_2024,15.288027557203735,11.807410261743199,0.3508583537994677,0.032370380030450716
60239,4-80 street_2025,15.300875696753742,11.807410261743199,0.0,0.12345580392691827
60243,4-81 avenue_2019,14.520519417922955,10.794605071818687,0.268161382151817,0.1414995622736995
60248,4-81 avenue_2024,14.275209708520961,10.794605071818687,0.3130816756800903,0.019410393519823325
60263,4-81 street_2019,15.006746634917917,11.28082458155662,0.2568473134777835,0.7013137432263387
60265,4-81 street_2021,15.659458053713616,11.28082458155662,0.2943676890956218,0.058929067529287484
60266,4-81 street_2022,15.121339243678493,11.28082458155662,0.29681559311301037,0.0021975835434872217
60268,4-81 street_2024,14.76143687262072,11.28082458155662,0.2654692897932151,0.13584122291141315
60269,4-81 street_2025,14.774285010141295,11.28082458155662,0.0,0.005286004429237355
60271,4-82 avenue_2017,15.419383911599171,11.200330948889375,0.2542191891253759,0.19638881400539013
60272,4-82 avenue_2018,15.660693038205947,11.200330948889375,0.2820906845748244,0.17647114311577908
60279,4-82 avenue_2025,14.693790352393039,11.200330948889375,0.0,0.004888034072775962
60291,4-82 drive_2017,13.30058134053238,9.08162697853101,0.19530522298581598,0.26696903085423934
60292,4-82 drive_2018,13.541890151453764,9.08162697853101,0.21816241603265077,1.450887568262155
60296,4-82 drive_2022,12.922042682967488,9.08162697853101,0.2848348858050147,0.039220713153281295
60299,4-82 drive_2025,12.574989350844719,9.08162697853101,0.0,0.03575316970581786
60301,4-82 place_2017,13.065096862750178,8.846172255489206,0.24040546815484615,0.21543390824415684
60311,4-82 road_2017,13.535713844009464,9.316736000719064,0.22066376685990044,0.3979032559008745
60318,4-82 road_2024,12.797273373396926,9.316736000719064,0.24901293129262686,0.3916366001716302
60319,4-82 road_2025,12.81012148053464,9.316736000719064,0.0,0.6142662977064977
60321,4-82 street_2017,15.512350009717462,11.22368614897536,0.25580686392133195,0.17024897555968538
60325,4-82 street_2021,15.686472793445244,11.22368614897536,0.30386844490683956,0.16551443847757338
60326,4-82 street_2022,15.11834643362653,11.22368614897536,0.3075332829406147,0.2357043333590679
60331,4-83 avenue_2017,15.030459143816694,10.811412583952023,0.2361654391464958,0.5246101787366073
60332,4-83 avenue_2018,15.27176824992472,10.811412583952023,0.25902060201217475,0.4669364301962654
60338,4-83 avenue_2024,14.292017551975087,10.811412583952023,0.3451090659131477,0.0688728642863754
60341,4-83 drive_2017,11.450552713855798,7.232198829805315,0.2341355489282346,0.6934971193242332
60356,4-83 place_2022,12.792399705280033,8.897860246767227,0.2723977934570689,0.024009452460351865
60376,4-83 street_2022,14.947807322566659,11.107294999144463,0.3127420549941556,0.18215487623685567
60378,4-83 street_2024,14.587904973750687,11.107294999144463,0.30060421774177054,0.18979357163265562
60379,4-83 street_2025,14.600753110331867,11.107294999144463,0.0,0.04353830201448342
60381,4-84 avenue_2017,14.413887918932174,10.194858300498042,0.22608334220217086,0.044208254664320365
60383,4-84 avenue_2019,13.920756200039339,10.194858300498042,0.2614480939957115,0.4133009938759393
60391,4-84 drive_2017,14.0887834619241,9.869767985743183,0.24196677245098458,0.0246926125903715
60392,4-84 drive_2018,14.330092468515646,9.869767985743183,0.26519013161565086,1.3394909720051922
60395,4-84 drive_2021,14.248362844851068,9.869767985743183,0.32472858016506523,0.19958829169267273
60398,4-84 drive_2024,13.350342377256856,9.869767985743183,0.30554662521764525,0.11698271548561433
60399,4-84 drive_2025,13.3631904994077,9.869767985743183,0.0,0.020194707285519278
60401,4-84 place_2017,13.314239540087627,9.025681145668717,0.25934311413331484,0.1188491338383811
60411,4-84 road_2017,13.946735548506608,9.727727849481541,0.2354649904696666,0.08856017697948022
60412,4-84 road_2018,14.188044530198585,9.727727849481541,0.2618535162102074,0.0431552703139276
60413,4-84 road_2019,13.453604038257916,9.727727849481541,0.25429352545569284,0.7800127135815272
60415,4-84 road_2021,14.106314914303868,9.727727849481541,0.31017528433075087,0.2537891414285968
60416,4-84 road_2022,13.568196524432336,9.727727849481541,0.2938683419081471,0.13330636730822512
60418,4-84 road_2024,13.20829459073711,9.727727849481541,0.2848043726241658,0.12619202523775938
60421,4-84 street_2017,15.775473505034961,11.556416507269905,0.27160896831664655,0.24607852259670565
60425,4-84 street_2021,15.93505297941374,11.556416507269905,0.3301344336303144,0.09358141362153052
60426,4-84 street_2022,15.396934142217944,11.556416507269905,0.3342375988197966,0.28638122671873284
60428,4-84 street_2024,15.037031742887693,11.556416507269905,0.3437364287685956,0.23015888620811473
60429,4-84 street_2025,15.049879881602376,11.556416507269905,0.0,0.014198719399812949
60451,4-85 avenue_2017,15.33526875335563,11.116216972567006,0.23424724731160215,0.06569410319536247
60452,4-85 avenue_2018,15.576577876178488,11.116216972567006,0.2614023146234645,0.09839632185619336
60453,4-85 avenue_2019,14.842136823510733,11.116216972567006,0.2681196760381117,0.25122553544116577
60455,4-85 avenue_2021,15.494848216244163,11.116216972567006,0.32117587277656606,0.13836966926477184
60458,4-85 avenue_2024,14.596827076328772,11.116216972567006,0.2797270872998667,0.07194849931258404
60459,4-85 avenue_2025,14.609675212962328,11.116216972567006,0.0,0.20571250958453025
60462,4-85 drive_2018,14.094529286218576,9.634218381121716,0.26317555040012175,0.714664024022195
60468,4-85 drive_2024,13.114779459128703,9.634218381121716,0.2748850211182221,0.29087696334830015
60469,4-85 drive_2025,13.127627575880268,9.634218381121716,0.0,0.01626697246387197
60471,4-85 road_2017,14.434646733956155,10.215616359220235,0.20951246792597372,0.17151335807735124
60472,4-85 road_2018,14.675955788246803,10.215616359220235,0.23737592925812195,0.27330420450582543
60473,4-85 road_2019,13.941515007864396,10.215616359220235,0.23440989629731032,0.3629054936893685
60478,4-85 road_2024,13.696205406195933,10.215616359220235,0.24035486854951227,0.4575514213064959
60479,4-85 road_2025,13.709053534290202,10.215616359220235,0.0,0.11019879229807553
60481,4-85 street_2017,15.447266592220986,11.158603617192668,0.26544922182630465,0.0246926125903715
60482,4-85 street_2018,15.545976783070728,11.158603617192668,0.28019303232135445,0.05902334044946101
60483,4-85 street_2019,15.031663916610574,11.158603617192668,0.27739916360288663,0.33404071142979785
60485,4-85 street_2021,15.621389373979314,11.158603617192668,0.3170001332083926,0.16424244339404875
60486,4-85 street_2022,15.053263022081385,11.158603617192668,0.3179896710966502,0.005683816468297671
60488,4-85 street_2024,14.727840733198809,11.158603617192668,0.31570430579129904,0.20440915325795941
60489,4-85 street_2025,14.755079760569778,11.158603617192668,0.0,0.0045894523338072864
60491,4-86 avenue_2017,15.291015846345307,11.071964728441133,0.23389760852001212,0.17151335807735124
60492,4-86 avenue_2018,15.53232496704594,11.071964728441133,0.26308960726797903,0.41442484947963626
60498,4-86 avenue_2024,14.55257418013413,11.071964728441133,0.28378125948092714,0.07834896641097641
60518,4-86 drive_2024,11.642527248441771,8.16217922946002,0.3039286888887415,0.03169244673248972
60521,4-86 road_2017,14.497367450793844,10.208726761466723,0.20281622086168197,0.25262468063637844
60522,4-86 road_2018,14.59607761249662,10.208726761466723,0.22951717397507598,0.11511280710050457
60528,4-86 road_2024,13.7779419183766,10.208726761466723,0.2213685779658422,0.0683126401820873
60529,4-86 road_2025,13.805180928638656,10.208726761466723,0.0,0.12469244395731827
60531,4-86 street_2017,15.43326999688874,11.214216848445918,0.2412348928173274,0.3126917079558095
60532,4-86 street_2018,15.67457912409014,11.214216848445918,0.25290756437382494,0.023423514943588058
60536,4-86 street_2022,15.054730660520688,11.214216848445918,0.3017733044940043,0.21430460264700538
60538,4-86 street_2024,14.694828297547135,11.214216848445918,0.28795854691624645,0.2659731292895654
60545,4-87 avenue_2021,15.212065642267305,10.833439197139029,0.3070283735542009,0.15657630704209669
60546,4-87 avenue_2022,14.673946895852383,10.833439197139029,0.2988938196986094,0.004091617903253565
60548,4-87 avenue_2024,14.314044591019062,10.833439197139029,0.2566928396945996,0.18140446973147087
60549,4-87 avenue_2025,14.326892725742606,10.833439197139029,0.0,0.015774919115362215
60563,4-87 drive_2019,12.996505242745066,9.270662762963651,0.2790136576882106,0.5780168733063139
60565,4-87 drive_2021,13.64921571987135,9.270662762963651,0.3107863879475438,0.15005659620667913
60572,4-87 road_2018,14.67070019470729,10.210360956283328,0.2579561115323792,0.47287450433741857
60573,4-87 road_2019,13.93625941674164,10.210360956283328,0.266485215241653,0.32570013963930183
60575,4-87 road_2021,14.588970556348116,10.210360956283328,0.3108364868914622,0.24756295585495333
60578,4-87 road_2024,13.690949816364729,10.210360956283328,0.25330478337416784,0.1605018966540291
60581,4-87 street_2017,15.296174524153347,11.077123327456007,0.2494629305930788,0.24537460015553164
60582,4-87 street_2018,15.537483645106237,11.077123327456007,0.26019460129891187,0.16703869992943715
60583,4-87 street_2019,14.803042599868055,11.077123327456007,0.2539532200282905,0.22025939613434678
60586,4-87 street_2022,14.917635201195914,11.077123327456007,0.30913233180346655,0.005783244755727333
60588,4-87 street_2024,14.557732856656573,11.077123327456007,0.3002262173592693,0.1228369099590624
60589,4-87 street_2025,14.570580993057128,11.077123327456007,0.0,0.0022973590486834897
60595,4-87 terrace_2021,11.462787516120907,7.084969027103248,0.2952396487878603,1.6186354847881426
60601,4-88 avenue_2017,15.185589845129014,10.966540429819556,0.2459808802044806,0.3394677456010114
60606,4-88 avenue_2022,14.80705053441168,10.966540429819556,0.30930178552471,0.13330636730822512
60609,4-88 avenue_2025,14.459996342387488,10.966540429819556,0.0,0.143407463294729
60641,4-88 road_2017,14.126839052291308,9.907821673461413,0.24675778137371576,0.6619144781288467
60649,4-88 road_2025,13.401246059489068,9.907821673461413,0.0,0.41949949707196754
60651,4-88 street_2017,15.703039939904325,11.414373792551777,0.2664879516602705,0.2814879282884534
60652,4-88 street_2018,15.801750134903024,11.414373792551777,0.285302651116646,0.2061194603084145
60653,4-88 street_2019,15.287437241549128,11.414373792551777,0.29410274229551475,0.09630968013740838
60656,4-88 street_2022,15.309036348449109,11.414373792551777,0.3367693163298831,0.003992021269537453
60658,4-88 street_2024,14.983614034391183,11.414373792551777,0.33379448151542923,0.050312813873589095
60659,4-88 street_2025,15.01085306419754,11.414373792551777,0.0,0.18465217213223695
60661,4-89 avenue_2017,15.89854845798935,11.67949036779407,0.23308178141015964,0.5252609315622464
60666,4-89 avenue_2022,15.520009087666187,11.67949036779407,0.30288548712093805,0.1582849789657133
60669,4-89 avenue_2025,15.172954817168465,11.67949036779407,0.0,0.26466929814270806
60681,4-89 street_2017,15.274157357660423,11.055106500104307,0.23817858912691675,0.2987703694372014
60682,4-89 street_2018,15.51546647752755,11.055106500104307,0.25301231205486885,0.18215487623685567
60683,4-89 street_2019,14.781025436603208,11.055106500104307,0.2562200713868708,0.13531729694762962
60685,4-89 street_2021,15.433736818515554,11.055106500104307,0.3015442000375634,0.38716535093673105
60686,4-89 street_2022,14.89561803703326,11.055106500104307,0.3093093790347324,0.005584378293900615
60688,4-89 street_2024,14.535715695697109,11.055106500104307,0.2952396487878603,0.07380792714471986
60689,4-89 street_2025,14.548563831962374,11.055106500104307,0.0,0.25409943543465485
60695,4-9 avenue_2021,14.995211262063746,10.532437767911997,0.29872111387382655,0.008959741371471904
60698,4-9 avenue_2024,14.101662827803532,10.532437767911997,0.30489338968708346,0.5305694258025869
60711,4-9 street_2017,14.116718154725847,9.882372165430244,0.22585480466958568,0.4425681960596666
60718,4-9 street_2024,13.525681372143811,9.882372165430244,0.24226981740773676,0.010841023177874857
60721,4-90 avenue_2017,15.652100615851223,11.433044856768815,0.22302719122785847,0.036717582935162765
60723,4-90 avenue_2019,15.158968648139483,11.433044856768815,0.2597955550364715,0.033724869401620894
60725,4-90 avenue_2021,15.811680087501845,11.433044856768815,0.3030638299128271,0.03873982831593056
60726,4-90 avenue_2022,15.273561261545272,11.433044856768815,0.30173636783890173,0.20334892398603022
60728,4-90 avenue_2024,14.913658873914315,11.433044856768815,0.2693100061546442,0.24584393683498554
60729,4-90 avenue_2025,14.92650701213487,11.433044856768815,0.0,0.020194707285519278
60755,4-90 road_2021,12.923344249602193,8.544890438159914,0.2677460112193015,1.0390038170627984
60761,4-90 street_2017,15.36570829479976,11.146656074776637,0.24735074279224278,0.1690674411155387
60763,4-90 street_2019,14.872576360774062,11.146656074776637,0.283647333183008,0.06588136911351271
60765,4-90 street_2021,15.525287758655697,11.146656074776637,0.30728249572341165,0.07436508195530679
60766,4-90 street_2022,14.987168964810959,11.146656074776637,0.3108974311223374,0.019018005835761846
60768,4-90 street_2024,14.627266610606316,11.146656074776637,0.32001376509234225,0.06475724721527852
60771,4-91 avenue_2017,15.563939692090988,11.344884916601044,0.25465062380096526,0.3264219007677115
60772,4-91 avenue_2018,15.80524882450137,11.344884916601044,0.2658621013203858,0.15691827507141876
60775,4-91 avenue_2021,15.723519161575275,11.344884916601044,0.31165248140649837,0.1270730825634761
60776,4-91 avenue_2022,15.18540034454337,11.344884916601044,0.31917060209497994,0.08525984395082342
60778,4-91 avenue_2024,14.825497966202404,11.344884916601044,0.2852885240987752,0.0022973590486834897
60779,4-91 avenue_2025,14.83834610403059,11.344884916601044,0.0,0.26735180597853014
60806,4-91 road_2022,13.030955271398783,9.19052808242915,0.286643194346598,0.09403664192638297
60808,4-91 road_2024,12.671053732274478,9.19052808242915,0.2647727434737472,0.555033878430311
60811,4-91 street_2017,15.32718869492144,11.038527513292651,0.24086843881180053,0.09830568878412334
60813,4-91 street_2019,14.911586032169293,11.038527513292651,0.26449873699612364,0.0639133257436528
60816,4-91 street_2022,14.933185136832156,11.038527513292651,0.29034098927099883,0.00608147031586796
60818,4-91 street_2024,14.607762862181911,11.038527513292651,0.2878146896524262,0.08065790301745447
60819,4-91 street_2025,14.635001888176086,11.038527513292651,0.0,0.15091688531686046
60821,4-92 avenue_2017,14.54370489346266,10.324670793354178,0.2425362077316477,0.09330817713365178
60822,4-92 avenue_2018,14.785013959680322,10.324670793354178,0.25571832514160037,0.305423753927938
60826,4-92 avenue_2022,14.165165687978536,10.324670793354178,0.3053860373347149,0.006876303939432157
60828,4-92 avenue_2024,13.805263504917777,10.324670793354178,0.2579018787098729,0.011730922875698666
60829,4-92 avenue_2025,13.818111634498182,10.324670793354178,0.0,0.1573455707237775
60833,4-92 road_2019,12.949043644920593,9.223205630948028,0.27079928541302994,0.2138202238533256
60838,4-92 road_2024,12.703734459410848,9.223205630948028,0.22757814838207552,0.017643435172595243
60841,4-92 street_2017,15.522578301593661,11.233914306822827,0.24731021673192102,0.15117482779711788
60842,4-92 street_2018,15.621288493777085,11.233914306822827,0.2685595364217459,0.1385438094480591
60843,4-92 street_2019,15.106975618671937,11.233914306822827,0.27321938964526454,0.0343048036919903
60845,4-92 street_2021,15.696701085619464,11.233914306822827,0.3016256474107185,0.2465475290932259
60846,4-92 street_2022,15.128574724602155,11.233914306822827,0.30201481270645736,0.004788516731797177
60851,4-93 avenue_2017,15.350045818311768,11.130993822623983,0.238325073370848,0.2030224733179878
60855,4-93 avenue_2021,15.50962528167361,11.130993822623983,0.3155274066126787,0.07594200357515736
60856,4-93 avenue_2022,14.971506489864396,11.130993822623983,0.3046864337943486,0.003095204907302419
60858,4-93 avenue_2024,14.611604137778597,11.130993822623983,0.26877512327375214,0.3286560554212065
60859,4-93 avenue_2025,14.62445227449788,11.130993822623983,0.0,0.1332188437862227
60863,4-93 road_2019,13.012296018234995,9.286452099021464,0.27747389585925714,0.14686707580955238
60868,4-93 road_2024,12.766986792194242,9.286452099021464,0.2189970353523612,0.008959741371471904
60872,4-93 street_2018,15.042306546202823,10.654942596321247,0.26090910199867656,0.5810976767513224
60876,4-93 street_2022,14.549592859095066,10.654942596321247,0.29917977965900056,0.003394233068015547
60879,4-93 street_2025,14.251409663559983,10.654942596321247,0.0,0.014198719399812949
60882,4-94 avenue_2018,15.03072337013756,10.570373137971872,0.2547480814221825,0.28480293170093746
60888,4-94 avenue_2024,14.050972777905086,10.570373137971872,0.29305554051292415,0.03469123978993036
60889,4-94 avenue_2025,14.063820910295204,10.570373137971872,0.0,0.16526016886565972
60893,4-94 drive_2019,11.616706295842107,7.891137033512555,0.29657101986902695,0.5370195478484658
60898,4-94 drive_2024,11.37139895517841,7.891137033512555,0.26589471826687366,0.3476241084183145
60913,4-94 road_2019,12.920391286099674,9.19455607251769,0.24098346944254076,0.5033779586308332
60918,4-94 road_2024,12.675082119810675,9.19455607251769,0.21371997825151742,0.10273707745111223
60921,4-94 street_2017,15.437774658676895,11.218721450533993,0.26600655891299935,0.10768780541691743
60923,4-94 street_2019,14.944642715245907,11.218721450533993,0.3004404728800639,0.07064483956933203
60925,4-94 street_2021,15.597354124709144,11.218721450533993,0.335258209794646,0.5881754781933227
60928,4-94 street_2024,14.699332958361222,11.218721450533993,0.3381812297568525,0.1385438094480591
60943,4-95 avenue_2019,14.748122350185536,11.022203929673552,0.2971157655717504,0.3617221851602456
60946,4-95 avenue_2022,14.862714949236493,11.022203929673552,0.3401651978216752,0.003394233068015547
60961,4-95 street_2017,15.336244425880409,11.047583101366866,0.24639040101295737,0.20839532896530152
60962,4-95 street_2018,15.4349546145715,11.047583101366866,0.26312636129066785,0.08819401073591628
60965,4-95 street_2021,15.510367203968686,11.047583101366866,0.30119715155295906,0.20245092808912038
60966,4-95 street_2022,14.942240866831042,11.047583101366866,0.3040139661488538,0.017839918128331
60968,4-95 street_2024,14.61681859104687,11.047583101366866,0.3164140347967244,0.004489905272852052
60991,4-96 street_2017,15.341545682676934,11.122493810216396,0.24759824182171428,0.45805755822733496
60992,4-96 street_2018,15.582854805793279,11.122493810216396,0.26006541288038026,0.14045735269525578
60993,4-96 street_2019,14.848413751959468,11.122493810216396,0.2687365639880211,0.04277209184386899
60998,4-96 street_2024,14.603104004154348,11.122493810216396,0.3143758925446831,0.23348984336835407
60999,4-96 street_2025,14.615952140824474,11.122493810216396,0.0,0.0014988761237358919
61002,4-97 avenue_2018,15.426448521490078,10.966089998621745,0.26223857734692846,0.11733849241723332
61008,4-97 avenue_2024,14.446697767958483,10.966089998621745,0.28818973761619376,0.0021975835434872217
61011,4-97 place_2017,13.877020322125848,9.588410870666381,0.22235892985379188,0.11716061977357686
61018,4-97 place_2024,13.157595247522814,9.588410870666381,0.2991462790085265,0.07584931228343784
61021,4-97 street_2017,15.62492139126841,11.405865926226396,0.26394896165008014,0.17479329037316305
61022,4-97 street_2018,15.866230525886383,11.405865926226396,0.27665821296712223,0.4154154389613325
61023,4-97 street_2019,15.131789426355448,11.405865926226396,0.283795218065806,0.10589037525743225
61025,4-97 street_2021,15.784500862271416,11.405865926226396,0.3238590279922201,0.2588967210200276
61028,4-97 street_2024,14.886479654129072,11.405865926226396,0.32678195377612546,0.2866064942248478
61053,4-98 street_2019,15.170734470534509,11.297672359189793,0.2721856363818125,0.22713557258374723
61055,4-98 street_2021,15.760459945046195,11.297672359189793,0.3134210246191212,0.18423638899872638
61058,4-98 street_2024,14.866911273461756,11.297672359189793,0.31070837587412026,0.01153323581367303
61059,4-98 street_2025,14.894150302233784,11.297672359189793,0.0,0.3800789217177485
61063,4-99 avenue_2019,14.34659635692433,10.620685813086887,0.27394343950365513,0.10777759217343118
61068,4-99 avenue_2024,14.10128667361759,10.620685813086887,0.3188548381793854,0.0295588022415444
61069,4-99 avenue_2025,14.114134806502705,10.620685813086887,0.0,0.004788516731797177
61092,4-99 street_2018,15.824928095928223,11.437551503876762,0.28325174887905735,0.15947931454532233
61093,4-99 street_2019,15.310615200460234,11.437551503876762,0.3008012831976023,0.24035458804456408
61095,4-99 street_2021,15.900340689970106,11.437551503876762,0.3249195199542807,0.09476457644442293
61098,4-99 street_2024,15.006791991435623,11.437551503876762,0.32225799985962705,0.0010993954433009636
61128,4-aberdeen road_2024,12.932662477298875,9.452114070695353,0.3115332882739608,0.7366376116344737
61166,4-admiral avenue_2022,11.575098920387237,7.6808778321476385,0.3093212475552621,1.8265151005183295
61176,4-aguilar avenue_2022,11.318202865606969,7.424114215971325,0.2903570629010839,1.8959392881377188
61186,4-alameda avenue_2022,12.766786577342637,8.926389565190295,0.33980835314322333,1.7243546218773436
61201,4-albert road_2017,13.621149816658328,9.402164719356602,0.2575616938706359,0.3063075365749458
61218,4-albion avenue_2024,10.477485503018519,6.909205422304758,0.2894047257632271,2.752111742619175
61223,4-alderton street_2019,13.908373064081186,10.035341721872772,0.3452708783536547,0.7904099981801552
61226,4-alderton street_2022,13.929972156412024,10.035341721872772,0.3694187524104611,0.5529076241453575
61242,4-allendale street_2018,12.867345180599902,8.407190279731038,0.2810137618450246,0.6257245042425111
61293,4-almeda avenue_2019,13.933369053075456,10.207470696534083,0.24806842496705842,0.08636116564804346
61295,4-almeda avenue_2021,14.586080191452204,10.207470696534083,0.3201297575952334,0.6681370175557776
61301,4-almont road_2017,11.265239706639044,7.047030831552719,0.21998065990570148,0.7038398100986886
61331,4-alstyne avenue_2017,13.199929302239678,8.911385273823557,0.23363120160375517,1.8242589273186416
61332,4-alstyne avenue_2018,13.298639337514302,8.911385273823557,0.26855506804689827,0.9579315910332297
61446,4-ankener avenue_2022,10.250180566391258,6.357207555647478,0.2614480939957115,2.606157738863227
61456,4-annadale lane_2022,10.460491292300471,6.621268270432501,0.3545797272486033,2.4660720537982908
61503,4-arcade avenue_2019,11.11492771731039,7.389596302794092,0.3088842801023839,0.6729444732424258
61538,4-arch street_2024,9.240344917031132,5.600591452537077,0.0,0.6618628905201789
61543,4-archer avenue_2019,14.167741151304453,10.441835272142788,0.35777282589420817,0.6318035503188933
61583,4-arleigh road_2019,12.473564150387901,8.600670068005288,0.3066965741324909,1.2173726243889524
61651,4-ascan avenue_2017,13.973822870891505,9.685207184349032,0.28866842794848463,0.6563275824214087
61652,4-ascan avenue_2018,14.07253299989293,9.685207184349032,0.30268390034947174,0.4265740713183996
61666,4-ash avenue_2022,13.03927885655099,9.14471010507317,0.27848852671192814,0.018036362486098582
61701,4-aspen place_2017,11.616449604085421,7.397986828346297,0.2223485333844328,0.7383595233814934
61715,4-asquith crescent_2021,12.260425986191112,7.798032032410117,0.3129592118008939,0.9284564287730263
61721,4-astoria boulevard_2017,15.616974506138448,11.328309337037966,0.3528541408126026,1.310546583681616
61731,4-astoria boulevard north_2017,14.768422409266066,10.479773091459787,0.3184141185296487,0.5567545556543905
61833,4-atlantic avenue_2019,15.120637432615984,11.394714054296454,0.41662053747577465,0.02615495747685121
61839,4-atlantic avenue_2025,14.888175799279786,11.394714054296454,0.0,0.4075961691171185
61908,4-augustina avenue_2024,12.024759404473517,8.544323561025696,0.2341175983461865,0.5424986942208565
61921,4-austin street_2017,15.234123323544942,10.945463687813575,0.2900045482409826,0.9466647357291375
61928,4-austin street_2024,14.5146975134609,10.945463687813575,0.30991581925978023,0.2888563826795496
61929,4-austin street_2025,14.541936538268288,10.945463687813575,0.0,0.002796087302001274
61931,4-ava place_2017,11.45607841364756,7.2377206045236475,0.22022539033635496,0.6722299323045571
62033,4-avon street_2019,12.682666843834792,8.956858236030902,0.25482677129465453,0.6654676114532029
62038,4-avon street_2024,12.437357860159743,8.956858236030902,0.3423661633099908,1.309521302313977
62053,4-babbage street_2019,12.690629836147062,8.964820231001601,0.28893129185221283,0.5947071077466928
62055,4-babbage street_2021,13.343339924214561,8.964820231001601,0.37113540295671005,0.33989494389871516
62063,4-babylon avenue_2019,11.541872089421867,7.8163311917543545,0.2956856723123027,1.066811976118312
62092,4-baisley boulevard_2018,15.319132312972185,10.858775724812217,0.42457662543458524,0.22298353851284425
62096,4-baisley boulevard_2022,14.699283906507706,10.858775724812217,0.47831807586442304,0.009653257028138304
62098,4-baisley boulevard_2024,14.33938159708104,10.858775724812217,0.46297467356941296,0.24176901543737467
62146,4-barclay avenue_2022,13.527232997877237,9.63262385362229,0.28040072570927294,0.015282623531156904
62161,4-barnett avenue_2017,13.605093440580758,9.316505106398191,0.26637831902933407,0.5353230953663781
62163,4-barnett avenue_2019,13.189491300147521,9.316505106398191,0.2885745312348006,0.6907944149763481
62169,4-barnett avenue_2025,12.91290764554226,9.316505106398191,0.0,0.008959741371471904
62178,4-barnwell avenue_2024,11.783239269939617,8.21425147562731,0.3962271671232281,1.1819418962551138
62208,4-barron street_2024,11.288533611607779,7.808303010233597,0.24811647224558972,0.04258044753511839
62216,4-barrows court_2022,11.112707287655311,7.272859727481323,0.3160980174260756,0.07362213987061368
62246,4-bates road_2022,11.981959501552073,8.141717420899337,0.3360519802586503,0.17529694185699016
62276,4-baxter avenue_2022,12.836607649045634,8.942062400025282,0.3821109619902005,0.6523251860396903
62285,4-bay 24 street_2021,13.341632611638177,8.96311313411537,0.2893130440996435,0.8845110653381288
62295,4-bay 25 street_2021,13.569868453468462,9.191323173623186,0.35244916040916763,0.24051184547530174
62315,4-bay 28 street_2021,13.378814688803336,9.00029059626046,0.33635075207997134,1.0795653757478754
62366,4-bay court_2022,10.295976973577096,6.4569869512186875,0.2792161045029826,1.0600446955188512
62403,4-bay street_2019,11.675104288211713,7.802430353938773,0.29627599110158237,2.404347141929583
62413,4-bayfield avenue_2019,12.342176521523914,8.61641891974743,0.23845431255130137,1.2008378956304486
62448,4-bayside avenue_2024,13.43161619152944,10.036479188780214,0.2282536253271482,0.007472014838700995
62463,4-bayside lane_2019,12.78090529788006,8.907963544846593,0.2673882531119671,0.6279684545349509
62512,4-bayview avenue_2018,12.10835344000732,7.6484492222791465,0.2682950002768846,1.7340420756586312
62536,4-baywater court_2022,11.207456190791333,7.367547228782595,0.31093893461604816,0.7120180013101968
64292,4-beaver road_2018,12.894256775722372,8.434096015295284,0.19497589365822682,1.3553711284663805
64301,4-beck road_2017,11.347997616047802,7.129720655560983,0.2247212534558274,0.6683933160937159
64331,4-beech avenue_2017,13.798011076283142,9.509407180683105,0.2266773362577416,0.20872003064848554
64336,4-beech avenue_2022,13.404007903124825,9.509407180683105,0.32858862999267757,0.013014937077494654
64353,4-beechknoll avenue_2019,11.711169383422048,7.985567216949561,0.3184537311185346,0.7137827941600169
64372,4-belknap street_2018,13.785865183385763,9.32557767164703,0.2629692454962614,0.9473629514285656
64382,4-bell boulevard_2018,16.145717767023516,11.758338252677692,0.34154246956465956,0.08883471370049074
64383,4-bell boulevard_2019,15.631404846813878,11.758338252677692,0.32964627155081305,0.12522196475338182
64386,4-bell boulevard_2022,15.653003955141008,11.758338252677692,0.38181989463653637,0.12804134988088406
64392,4-bellaire place_2018,12.298340949817176,7.838355184269544,0.2600864826919603,2.494237977216885
64428,4-belt parkway_2024,15.438325225713452,11.95770692274142,0.3646391934873979,0.03072317264284058
64482,4-belt parkway eb entrance 150 street_2018,12.446485516555589,7.98644608218827,0.5399755534678514,1.0019178178415922
64841,4-benham street_2017,12.476813953804834,8.188411001700052,0.2658774424849282,1.2312766388532814
64862,4-bennett street_2018,12.432843265134364,7.972808447476137,0.277843623451493,0.6036053318984502
64913,4-berrian boulevard_2019,12.891591065745189,9.018635429950265,0.29612844407069866,1.3386785071782272
64933,4-bessemer street_2019,12.378586243922646,8.652822322645306,0.2557490253487718,0.4209446789565507
64962,4-beverly road_2018,13.690028000777268,9.302730805232224,0.2665354222912613,0.7491020927043918
65008,4-birmington parkway_2024,10.543374463757296,7.063579656300773,0.34627623671783375,1.6935952204408238
65058,4-bleecker street_2024,13.201021425065655,9.631834218448386,0.31702780759160154,0.431067875487669
65106,4-boelsen crescent_2022,12.311371051376431,8.41691430427486,0.33813198803957734,0.8295993036954453
65121,4-bolton road_2017,11.566426455193316,7.3479946344069615,0.22078783762175067,0.7183762346057209
65151,4-booth memorial avenue_2017,15.207076635644567,10.918417476832317,0.31578214698175455,0.9663752960415758
65158,4-booth memorial avenue_2024,14.487650832549894,10.918417476832317,0.3874433874246884,0.10029772131536394
65181,4-borden avenue_2017,15.475742823293176,11.187079453632554,0.3123631611184868,0.21672298351128702
65182,4-borden avenue_2018,15.574453014659042,11.187079453632554,0.3546352409773178,0.5390631651772302
65183,4-borden avenue_2019,15.060140144853342,11.187079453632554,0.3561728098583851,1.4413742273868453
65186,4-borden avenue_2022,15.08173925050194,11.187079453632554,0.39228087325452404,0.028295869154847303
65188,4-borden avenue_2024,14.756316958487584,11.187079453632554,0.35983680482748653,0.08351360022781763
65208,4-borkel place_2024,10.805037288942621,7.325051519280899,0.298826637004846,1.1624943443793956
65288,4-bourton street_2024,11.06567672561373,7.496965038249402,0.23275241042084652,1.2254211355318056
65311,4-bowne street_2017,14.576300954909831,10.287657507294115,0.2640891585031549,0.15640527916413574
65318,4-bowne street_2024,13.856875382068491,10.287657507294115,0.3327057538257361,0.003394233068015547
65326,4-boyce avenue_2022,10.736377654643798,6.842750281952862,0.29266961396282,0.6736585039760828
65376,4-bqe eb entrance queens boulevard wb_2022,10.915472642988583,7.0216738298923485,0.5266989729222809,0.6296747576043717
65435,4-braddock avenue_2021,14.658691500037792,10.280079453575063,0.35411131582289734,2.6785252649538696
65463,4-brattle avenue_2019,11.371816365825598,7.646348388002722,0.20455922920184358,1.3369202765020913
65466,4-brattle avenue_2022,11.486407760691675,7.646348388002722,0.28817023453128227,0.40419763854119917
65558,4-bridgeton street_2024,11.65640867277705,8.176056842669055,0.3656005095442366,0.18215487623685567
65571,4-brinkerhoff avenue_2017,12.442165591441631,8.223363558606227,0.27250119871082595,0.5733496171043495
65572,4-brinkerhoff avenue_2018,12.683473914596279,8.223363558606227,0.27994979047187785,1.5142257278280893
65573,4-brinkerhoff avenue_2019,11.949036039087092,8.223363558606227,0.33007426214155333,1.747703083031135
65576,4-brinkerhoff avenue_2022,12.063627980724997,8.223363558606227,0.3270744741624417,0.8119519163251955
65602,4-brisbin street_2018,12.954241083704794,8.494067816372102,0.2685181300418693,0.5519291786444077
65643,4-broadway_2019,15.409428114659226,11.53636342463482,0.36713633660115447,0.3251945967115522
65645,4-broadway_2021,15.999153613568183,11.53636342463482,0.38462876070096236,0.35283759070747717
65669,4-brookhaven avenue_2025,12.691041640757215,9.197667184911637,0.0,0.3138613842350836
65871,4-brookville boulevard_2017,15.37586261874366,11.156810255145237,0.2965155812147372,0.12997507642174544
65892,4-brown place_2018,12.308808876055638,7.921779945182187,0.27796395147791714,1.5553406907138156
65916,4-browvale lane_2022,13.312801576776883,9.472349873190836,0.3340884452659367,0.4852616316347165
65933,4-bud place_2019,10.854741636103938,6.982576408033778,0.2805135829731684,0.6447444413317779
65945,4-buell street_2021,12.093501646173765,7.631181410828285,0.31270874216902717,0.6265799362878322
65973,4-burchell avenue_2019,12.181316897148625,8.455590140390477,0.17668400248306007,0.7624400070558948
65993,4-burden crescent_2019,9.654333771496443,5.930994632496687,0.31758755523068555,4.084181425394014
66011,4-burling street_2017,13.360720872052548,9.07215708971666,0.22732024722712446,0.5877866649021191
66023,4-burns street_2019,13.200187065304101,9.32719993472921,0.13918666766562732,0.49755799676508633
66028,4-burns street_2024,12.896364433568001,9.32719993472921,0.12414842952345949,0.01960652963891831
66055,4-butler street_2021,13.099569520767728,8.636945073805176,0.3101434339849065,0.7888209306282278
66082,4-cabot road_2018,10.87915356473413,6.493262226462806,0.28820824978567827,0.8967816614859296
66106,4-calamus avenue_2022,13.035630895213913,9.141062526046682,0.39986807857144646,0.6371586703510902
66121,4-caldwell avenue_2017,14.118839930534405,9.830215963080095,0.293547191904179,0.22984107276193103
66146,4-cambria avenue_2022,12.427904240923226,8.587559659755385,0.2677794401552679,0.031207927124193163
66168,4-camden avenue_2024,11.572978813422111,8.092650705855036,0.2807616296072072,0.6720767499406537
66185,4-caney lane_2021,13.454642682383424,9.076109693494955,0.30919556415159005,0.7499055143785542
66191,4-caney road_2017,12.956818202744568,8.7379098129547,0.18983166241387495,0.6128586093311085
66242,4-carlton street_2018,13.008090569730527,8.620881404218778,0.2455983173340323,0.9016236948307511
66266,4-carolina road_2022,10.947909890226066,7.1081840064678525,0.2614588773526785,0.07111062745795275
66321,4-catalpa avenue_2017,13.805433514590648,9.516829078171837,0.2509452001148926,0.3228078744271551
66328,4-catalpa avenue_2024,13.086008513488082,9.516829078171837,0.2740114678851221,0.25153662581542763
66371,4-cedarcroft road_2017,12.070331244988537,7.851648272488222,0.23027041267945916,0.6915959780672088
66385,4-cedric road_2021,11.842061025870095,7.4639814371030715,0.2827039487046138,0.8861201425290384
66452,4-central avenue_2018,15.002065542582056,10.61470254905704,0.3468929231713083,0.4445576079142606
66455,4-central avenue_2021,15.077478124187785,10.61470254905704,0.36828165421987163,0.24051184547530174
66462,4-centre street_2018,13.052798295031916,8.66558134418087,0.28934735177084214,0.40945712937770185
66503,4-channing road_2019,11.202082734269808,7.4767010086431105,0.23544848650458863,0.7350086346548629
66522,4-chapin court_2018,11.51242894212397,7.05290859993271,0.24045758338162435,0.6795045415187867
66532,4-chapin parkway_2018,12.51702369157382,8.0569613652047,0.2575492268509015,1.250560544940168
66588,4-charter road_2024,12.017134015961899,8.536699616572205,0.020478531343540662,0.14574401405270618
66611,4-cherry avenue_2017,13.91430287935311,9.625690954800225,0.25267234817621603,0.6539904653587514
66616,4-cherry avenue_2022,13.520299652243276,9.625690954800225,0.33084657775966264,0.011730922875698666
66618,4-cherry avenue_2024,13.194877768504538,9.625690954800225,0.28854377004926207,0.08028883122880298
66651,4-chevy chase street_2017,13.799476811123775,9.580478429884344,0.2451512511687034,0.3958860416611702
66655,4-chevy chase street_2021,13.959056156397812,9.580478429884344,0.3329598785075634,0.4031290483106166
66658,4-chevy chase street_2024,13.061036005391342,9.580478429884344,0.30583526715932313,0.029947076367952116
66661,4-chicot road_2017,11.151071692015115,6.932966480334142,0.2641223962778889,2.9511375462187277
66683,4-christie avenue_2019,12.921405981924668,9.048446861902118,0.31510862485861996,0.8792117236327344
66761,4-claran court_2017,10.206355407511717,5.920329365458852,0.2723693504284533,1.9643112344262046
66806,4-clearview ep nb en northern bl_2022,10.953796359988605,7.059964678672398,0.4329897814982544,0.2616717170195501
66955,4-clearview expwy nb en union tpke_2021,11.313298434477339,6.935613298063291,0.41092960258024314,0.3171437826013999
67102,4-clinton terrace_2018,10.797356696128547,6.33872875005325,0.15193494722571776,0.6818334206596719
67121,4-clintonville street_2017,14.845238426506882,10.556587059568928,0.31227709634399436,0.1624589276977029
67125,4-clintonville street_2021,15.019361182453567,10.556587059568928,0.3780483450371434,0.17839719990179823
67152,4-clover place_2018,12.42316026648412,7.963128764088627,0.2556764853610718,0.7223175578597252
67155,4-clover place_2021,12.34143093463251,7.963128764088627,0.3002736970419307,0.2559591802558328
67161,4-cloverdale boulevard_2017,14.820061226586802,10.601019319954101,0.3104869293795079,0.48821184889440433
67165,4-cloverdale boulevard_2021,14.979640667727612,10.601019319954101,0.3577526176376856,1.0211551244832915
67166,4-cloverdale boulevard_2022,14.441521967462593,10.601019319954101,0.3896764997375506,0.024204688696817394
67168,4-cloverdale boulevard_2024,14.081619710668285,10.601019319954101,0.3531243442157089,0.3140074976193295
67193,4-clyde street_2019,12.121946430689295,8.249128257154457,0.3101946100561909,0.9147295138072006
67208,4-codwise place_2024,11.647667686356288,8.078718096587457,0.2597082204093748,0.033531483208792325
67218,4-cody avenue_2024,10.45438447683801,6.88612707438448,0.2859564464843111,0.12035749666373409
67241,4-colden street_2017,13.993390019261794,9.704773144073107,0.24879604139577047,0.9904329891544209
67243,4-colden street_2019,13.577787674183975,9.704773144073107,0.27279914176007064,1.4850078340559234
67281,4-college point boulevard_2017,15.939716302295352,11.651047861044011,0.3910123829416841,1.06398633674688
67286,4-college point boulevard_2022,15.545712695426914,11.651047861044011,0.48359503127663783,0.0
67313,4-collins place_2019,11.861476900822902,7.988734908985567,0.26875406256626205,1.1945586297153186
67381,4-commonwealth boulevard_2017,14.959523833295737,10.740478734204347,0.338902577499818,0.7904553630269432
67386,4-commonwealth boulevard_2022,14.58098455223567,10.740478734204347,0.39591262727031973,0.8202202631234213
67458,4-concord street_2024,11.972457930443198,8.492032216413012,0.2151808988911923,0.6383741547126538
67742,4-coolidge avenue_2018,13.84801151565307,9.387718696342334,0.28228109654238187,0.8739258810963855
67746,4-coolidge avenue_2022,13.228163749479348,9.387718696342334,0.31989569243543586,0.0761273603875509
67762,4-cooper avenue_2018,15.52281331804268,11.13544048199417,0.3235954041446424,0.3544524760856333
67769,4-cooper avenue_2025,14.731916300547063,11.13544048199417,0.0,0.005087039048557106
67795,4-cornaga avenue_2021,14.344300732970192,9.965701202347013,0.33850855159602683,0.6617597073183127
67798,4-cornaga avenue_2024,13.446280179053463,9.965701202347013,0.3466966697700643,0.24553107019183898
67811,4-cornelia street_2017,13.432775195733416,9.14420354075711,0.23242496417119896,0.4860000023303349
67813,4-cornelia street_2019,13.017173174896026,9.14420354075711,0.2785632410452081,0.2999564333271691
67848,4-corona avenue_2024,14.254138540945402,10.68490981735306,0.44137522327955736,0.12971160652165728
67856,4-corporal kennedy street_2022,14.490427622670273,10.595778768099787,0.33727548535912233,0.009950330853168083
67885,4-couch place_2021,9.45358764735178,4.997487208758818,0.27971942002876343,3.968930610040312
67998,4-crane street_2024,11.182113537564843,7.539272603422942,0.30138091680994283,0.10111150136841139
68042,4-crescent street_2018,15.237995375825246,10.850627286422588,0.29718055519843223,0.10111150136841139
68048,4-crescent street_2024,14.419859406883766,10.850627286422588,0.3112175818782842,0.00707491367196188
68052,4-cresskill place_2018,12.517185997027823,8.057123619824596,0.2559788069987972,0.6747795232017604
68083,4-crocheron avenue_2019,13.838057482664755,9.96502926646066,0.35848489918397186,0.7357276280950636
68116,4-cromwell crescent_2022,12.441707106672308,8.547223891209237,0.3118782487353717,1.103400805399907
68133,4-cross bay boulevard_2019,15.994717118299107,12.268787339170913,0.37137457410176844,1.5943445789864452
68138,4-cross bay boulevard_2024,15.749407302980076,12.268787339170913,0.39807511707365323,0.24912314027315746
68158,4-cross bay parkway_2024,12.094834102148349,8.614385491300643,0.20810947369546623,0.18132105646037108
68312,4-cross island parkway_2018,17.094850474778166,12.70746622464367,0.34515443247009625,0.3326793383825117
68315,4-cross island parkway_2021,17.17026307582346,12.70746622464367,0.3953775490653954,0.09285261701461639
68319,4-cross island parkway_2025,16.303953284068857,12.70746622464367,0.0,0.01862546412316489
68798,4-cross isld parkway sb en west alley road_2024,9.805091905965098,6.326202634691711,0.42368884706461596,0.25626880174603756
68885,4-curtis street_2021,13.203615141070667,8.740973363407695,0.31932508239044566,0.9369949134324467
68921,4-cypress hills street_2017,14.479965867246472,10.191325815856647,0.27685127279888144,1.4762264686204978
68922,4-cypress hills street_2018,14.578676028114895,10.191325815856647,0.3149887549717898,0.5516988169755705
68951,4-dalny road_2017,13.590639105190698,9.371656527588318,0.24980482730201378,0.7354400927501967
68978,4-dane place_2024,10.780231510871538,7.211697912794004,0.35356666998051306,0.20073432980108002
68986,4-daniels street_2022,12.296717434099058,8.456398422403506,0.33214394619495474,0.021663639636026324
69006,4-dartmouth street_2022,13.111091057151956,9.216515056757595,0.3061313003171985,0.8166913666514003
69008,4-dartmouth street_2024,12.785669434667867,9.216515056757595,0.30053021492962995,0.016955440649413473
69023,4-davenport court_2019,11.992396611044022,8.266713019288018,0.2332510283922632,1.8281235419639807
69073,4-de costa avenue_2019,12.6481968761487,8.922392678378229,0.2523720698390416,0.6571054092126798
69102,4-decatur street_2018,13.5864633088179,9.19917593831178,0.29802315550790204,0.6942465760032462
69116,4-deepdale avenue_2022,11.86066315680132,8.020457813754744,0.2856211266317583,0.054393483830331636
69123,4-deepdale place_2019,11.538184157467676,7.8126447132620855,0.29258076850942766,0.702701393364757
69231,4-denman street_2017,12.974079222026443,8.685568892198896,0.2529349977697787,0.62716762162597
69281,4-devonshire road_2017,11.937256176081096,7.718627771532487,0.1417754623996047,1.2854790558810743
69315,4-dickens street_2021,13.776582072472923,9.398017997884686,0.32349845633223406,0.5584150673589038
69322,4-dieterle crescent_2018,13.315213471368057,8.9279572187149,0.25355363478533616,1.5716321976982015
69351,4-dinsmore avenue_2017,12.018506278393039,7.799843698481523,0.2408507727676819,0.7855440298259129
69366,4-ditmars boulevard_2022,15.405747861053113,11.511084308561543,0.3793686041831477,0.9576629749798866
69369,4-ditmars boulevard_2025,15.107564569609416,11.511084308561543,0.0,0.23948922985029583
69376,4-ditmars boulevard square_2022,11.079834681134331,7.185903365254027,0.3185390881242627,2.6228989112591763
69398,4-doncaster place_2024,8.836226791897547,5.360168092078287,0.26501327263906804,2.486555290033525
69421,4-dorian court_2017,11.573946189294455,7.355509615799843,0.24153546981599924,0.9931036138871143
69453,4-dormans road_2019,12.535757760948263,8.809969052137657,0.298560190598964,0.959388534776878
69458,4-dormans road_2024,12.290448913856993,8.809969052137657,0.3296757940247985,0.030432207120201987
69478,4-douglas avenue_2024,11.917465440884014,8.437050964441745,0.3030801525629026,1.1256436277191402
69482,4-douglas road_2018,12.447923340095171,7.98788342280781,0.29017895265036814,0.6241721660564141
69483,4-douglas road_2019,11.71348635795065,7.98788342280781,0.2932025209831588,2.016794563779186
69492,4-douglaston parkway_2018,15.448167980153475,10.98780909035778,0.45220696493082296,0.786273158549429
69493,4-douglaston parkway_2019,14.713726953019497,10.98780909035778,0.45938721925939313,0.7865919852698087
69496,4-douglaston parkway_2022,14.828319550579469,10.98780909035778,0.524983244647671,0.39487590655389615
69498,4-douglaston parkway_2024,14.468417219483182,10.98780909035778,0.46928498027481347,0.03498096889524552
69588,4-dumfries place_2024,10.930061863869126,7.450001046918455,0.18232155679395462,0.7064581946196176
69606,4-dunbar street_2022,12.319973764756172,8.479649972228483,0.32090316010618436,0.5228332428902677
69623,4-dunkirk drive_2019,11.59695722434881,7.871395242714546,0.3027466019131767,0.688536568002262
69633,4-dunkirk street_2019,13.538758614731776,9.812877677415024,0.323826477420925,0.13286867307442432
69638,4-dunkirk street_2024,13.29344913462027,9.812877677415024,0.3650687360672011,0.005286004429237355
69643,4-dunlop avenue_2019,12.029398983445942,8.303706283270483,0.33477010855068245,0.6755431346115843
69818,4-east 6 road_2024,11.007908316136962,7.527805292829975,0.20785485879911939,1.964044719250796
69865,4-east hampton boulevard_2021,14.00790487599279,9.62932389816261,0.4545523584895087,0.9182488135803166
69866,4-east hampton boulevard_2022,13.469786541233214,9.62932389816261,0.48176968510058477,0.12186358775684057
69923,4-east williston avenue_2019,13.129745485234977,9.40389154404,0.23576201527342128,0.8130612772252829
69928,4-east williston avenue_2024,12.884436190408245,9.40389154404,0.26624707908799644,0.04573789167385374
70071,4-edgemere avenue_2017,14.102891803781297,9.883875613772675,0.30573705021184067,0.7890935216071543
70095,4-edgerton boulevard_2021,13.74785287142358,9.369291182380065,0.3690123176985732,0.9782133344783576
70103,4-edgerton road_2019,11.60212820159763,7.876564299718311,0.27011800912915707,1.2269175488210335
70122,4-edgewood avenue_2018,13.977739707326254,9.517436816665679,0.21259565501969818,0.44398044433649814
70128,4-edgewood avenue_2024,12.997990036167884,9.517436816665679,0.24400810852627697,0.15529288440603534
70148,4-edmore avenue_2024,12.178085098045912,8.697622437118369,0.27553968562605546,0.029655884907510657
70153,4-edsall avenue_2019,12.16031594048544,8.287488128523174,0.2790136576882106,0.17940062836629098
70175,4-eggert place_2021,12.668183694663869,8.289785718161859,0.29272072694808504,0.8805391941670054
70185,4-egmont place_2021,12.215853367069197,7.837597183181771,0.2939977032421586,0.7703859609007475
70195,4-elbertson street_2021,13.553769254080272,9.091080782774949,0.31240809577702466,0.5232481437645479
70203,4-elder avenue_2019,12.833732386270976,8.960783815631526,0.3246681478036459,0.4347649771530264
70206,4-elder avenue_2022,12.855331441040283,8.960783815631526,0.3811298065933652,0.03217673169522125
70223,4-eliot avenue_2019,14.683759492794005,10.810705000313629,0.42688312601922473,0.4480136113541204
70226,4-eliot avenue_2022,14.705358595629821,10.810705000313629,0.48278470480326585,1.0607027155948896
70233,4-elizabeth avenue_2019,12.693551171162028,8.967741202114276,0.2367914896610549,0.9363286256106624
70276,4-elks road_2022,11.120978864238328,7.227017647477444,0.3040184917714744,1.1964042348259836
70302,4-elmhurst avenue_2018,13.922663210487467,9.5353473260258,0.2700103967488467,1.1653982823461602
70313,4-elmira avenue_2019,12.202835623954556,8.477104447966976,0.3027466019131767,0.6996758225226456
70321,4-elvira avenue_2017,12.54666386376576,8.327835599468647,0.2340314310667214,2.493924202504552
70341,4-empire avenue_2017,12.714235825877203,8.495370819855436,0.3050371427093138,0.46555625431845554
70368,4-enfield place_2024,10.283652256516122,6.804103383098134,0.24632113962691543,0.7432222331922517
70395,4-ericsson street_2021,13.33475626216626,8.872095058461424,0.328490368248072,0.8618767838344329
70488,4-everton street_2024,10.868679775068939,7.300085472008614,0.3985446652635906,1.0303691360717042
70495,4-exeter street_2021,13.42124525242641,8.958572562442098,0.30046692442285167,1.1295293913028313
70498,4-exeter street_2024,12.527698515946756,8.958572562442098,0.3279916204227925,0.021272135275539696
70505,4-faber terrace_2021,12.13992143604758,7.761695992154698,0.3079916706079952,1.6366055085050113
70518,4-fairbury avenue_2024,12.398650661503204,8.918155966019384,0.2981870463210663,0.013607003406216902
70581,4-farmers boulevard_2017,15.769137306476111,11.550080368673658,0.34347940905921864,0.4945742831799403
70582,4-farmers boulevard_2018,16.010446445809105,11.550080368673658,0.3775210274772444,0.7899108489922534
70592,4-farrington street_2018,13.78993060054697,9.40262484433693,0.3386419779380938,1.327923447793561
70625,4-ferndale avenue_2021,13.156093924449754,8.77760022371282,0.275670567113056,0.6838036655567928
70653,4-firwood place_2019,10.754670454813537,7.029600424583559,0.2614480939957115,1.2455944790167555
70659,4-firwood place_2025,10.522214336662378,7.029600424583559,0.0,0.0848924670179626
70662,4-fitchett street_2018,13.528056821487816,9.140775457453808,0.26442017931510603,1.2755024554648573
70688,4-fleet street_2024,12.298139300021825,8.72904560304503,0.3285592378638875,0.02742059557599217
70716,4-flushing avenue_2022,14.369789336265063,10.475143624567025,0.3837753131995217,0.11377501425884463
70771,4-foam place_2017,11.590872502921359,7.372425361247959,0.23017757797158975,0.5383629667590788
70788,4-foch boulevard_2024,14.483488881995727,11.002880507757293,0.3336333749124396,0.5488725714028934
70805,4-foothill avenue_2021,13.703445884935126,9.324888020755964,0.3124660300981648,0.056947280441750125
70813,4-forbell street_2019,11.092412135785692,7.367094446737651,0.2712690428104508,1.163057055410875
70822,4-forest avenue_2018,14.425621619611386,10.038277531330877,0.32632753736959247,0.19177671556470977
70823,4-forest avenue_2019,13.91130899934186,10.038277531330877,0.33474429643705605,1.2277088620025196
70825,4-forest avenue_2021,14.501034183927569,10.038277531330877,0.3844063641875998,0.0298500219688853
70838,4-forest park drive_2024,13.720844047287054,10.151630994497603,0.3265057013328906,0.005783244755727333
70858,4-forest parkway_2024,12.294299932822472,8.725206840774602,0.4162442423629915,0.7111835430460439
70863,4-forest road_2019,12.016769283429886,8.143979507213922,0.2908021997880246,0.7426989593891931
70873,4-forley street_2019,12.932055835520062,9.05909549589941,0.31150322529201135,0.47418238606715235
70952,4-francis lewis boulevard_2018,17.0209325855659,12.633548564878982,0.328572688691905,0.2707902047815628
70953,4-francis lewis boulevard_2019,16.506619627203406,12.633548564878982,0.3268209223984347,0.3886579897917831
70955,4-francis lewis boulevard_2021,17.096345186401365,12.633548564878982,0.37626150685805254,0.13723701830508495
70956,4-francis lewis boulevard_2022,16.528218737558028,12.633548564878982,0.38695379652527645,0.1666155269723372
70958,4-francis lewis boulevard_2024,16.202796362645266,12.633548564878982,0.3754683046883662,0.08028883122880298
70961,4-franklin avenue_2017,13.697485835868218,9.408889674209574,0.24903073359802586,1.2259201888087603
70966,4-franklin avenue_2022,13.30348271467946,9.408889674209574,0.3620777979300858,0.02009670169912241
70992,4-fresh meadow lane_2018,14.453683350658908,10.066338068298483,0.31310215003956643,0.7971918308465463
70993,4-fresh meadow lane_2019,13.939370720279353,10.066338068298483,0.3111544286369231,0.5181983780954038
71013,4-fresh pond road_2019,14.428083462385164,10.555034727415645,0.4782813490248944,1.1218729822426616
71021,4-frisco avenue_2017,12.235520369878651,8.016779018876242,0.25002781735172536,0.39055449537241016
71078,4-gale avenue_2024,11.792384976730101,8.223394786805965,0.32345686850914257,0.4396088526750018
71088,4-galway avenue_2024,11.950053574971179,8.469632364766698,0.2570451029898911,0.020782539182528505
71103,4-garfield avenue_2019,12.77924495334624,8.906303420480295,0.3184537311185346,0.13662659753182504
71118,4-garland drive_2024,11.167243418020874,7.687063601530415,0.26236426446749106,0.6940467758027814
71128,4-garrett street_2024,11.39563226426308,7.915361662902111,0.20878812998211788,1.7479643092283834
71136,4-gaskell road_2022,11.12685100317956,7.286993903985033,0.33397743283243014,2.2263517869944565
71145,4-gates avenue_2021,14.291916325621786,9.829169718819418,0.3303899280670768,0.3531186277359552
71148,4-gates avenue_2024,13.398368344191665,9.829169718819418,0.32294633158339814,0.3561347980862231
71222,4-george street_2018,13.15624974379216,8.769016058084587,0.27842886697129776,1.041442110053074
71231,4-georgia road_2017,11.801666443452683,7.513527721381141,0.2386518132366745,0.6802645547289317
71246,4-geranium avenue_2022,11.875571312370932,7.9812328631066265,0.33147638942784124,0.050027493599648164
71258,4-gerard place_2024,8.801501103306622,5.237427695630025,0.298826637004846,0.7547595496874677
71295,4-gillmore street_2021,13.45952078285784,8.99684331821644,0.2871675368088366,0.9839119964716314
71322,4-glassboro avenue_2018,13.35356855085126,8.893328673902001,0.24394269090012843,0.2548747494756633
71325,4-glassboro avenue_2021,13.271839011446616,8.893328673902001,0.2836327892688388,0.44243971089952583
71388,4-glenwood street_2024,12.742549435773304,9.26201696455344,0.27553968562605546,0.5257930508877771
71401,4-goethals avenue_2017,13.579298578425307,9.360316957140693,0.29590966347209724,1.0648141799178865
71411,4-gold road_2017,12.645383834602326,8.426533184154104,0.2257545188549301,0.2293641631272659
71482,4-gothic drive_2018,12.874132502256767,8.413976108660261,0.2757115311864187,1.2140221401789375
71493,4-gouverneur avenue_2019,11.690897096082281,7.96530173154541,0.16833531481921474,1.0372332156582649
71571,4-grand central parkway_2017,17.533129854584264,13.314065050041583,0.3153323050998858,0.3559947126338682
71572,4-grand central parkway_2018,17.774439019102395,13.314065050041583,0.3612810115015248,0.0656004570839488
71573,4-grand central parkway_2019,17.039997800775105,13.314065050041583,0.37450261085711706,0.28870654749796876
71576,4-grand central parkway_2022,17.15459043812664,13.314065050041583,0.4164247996357739,0.09712671073072274
71578,4-grand central parkway_2024,16.794687965062096,13.314065050041583,0.3911444194215376,0.07287864541257255
71618,4-grand central parkway eb en 72 road_2024,8.384270336903086,4.822867128541614,0.4678461311057143,0.6462651946598149
72476,4-gravett road_2022,10.357607337150098,6.464461264191225,0.27833621003354325,0.9865627848594868
72652,4-grosvenor street_2018,12.84250840645465,8.455331305377944,0.250187142005769,1.3324187881505727
72666,4-groton street_2022,12.903506988414936,9.008953449286684,0.30108848135027144,1.6358461257104018
72668,4-groton street_2024,12.578085545404864,9.008953449286684,0.3215836241274623,0.020782539182528505
72711,4-guy r brewer boulevard_2017,15.71593606577049,11.49687964671101,0.3318800868199257,0.8022257755861824
72713,4-guy r brewer boulevard_2019,15.222804091776863,11.49687964671101,0.3385650859982859,0.4075296421570434
72728,4-haddon street_2024,11.378406413475338,7.898141960287266,0.2525907526405108,0.6697761942367051
72775,4-hampton street_2021,13.566116768979994,9.103426931020456,0.3408959351598351,1.034287078111552
72779,4-hampton street_2025,12.699808697570091,9.103426931020456,0.0,0.016758783814954704
72783,4-hancock street_2019,12.348929571464554,8.476059401793867,0.2921364228011612,0.2963940130538024
72793,4-hand road_2019,10.94981703280035,7.224593823158351,0.2836561220352279,1.830723739246196
72813,4-hannibal street_2019,12.76925416682365,9.043435128992513,0.25831149654216806,0.30358002760455366
72818,4-hannibal street_2024,12.523945111559499,9.043435128992513,0.3111123242601669,0.5772872944654103
72819,4-hannibal street_2025,12.536793207588692,9.043435128992513,0.0,0.011730922875698666
72858,4-haring street_2024,11.06254184523109,7.493831850637578,0.2189970353523612,1.227679565270568
72908,4-harrow street_2024,12.607027075582298,9.037891588671465,0.2894047257632271,0.01960652963891831
72971,4-hawtree creek road_2017,13.754916935309502,9.53592165483894,0.2184265614360709,0.08544348181746748
72975,4-hawtree creek road_2021,13.914496273753787,9.53592165483894,0.2857373255138537,1.1471166977277245
72979,4-hawtree creek road_2025,13.029324294266319,9.53592165483894,0.0,0.014297304700824425
73002,4-hazen street_2018,13.927711575066631,9.540395331292089,0.3124174740282739,1.5918643988169363
73171,4-highland avenue_2017,13.591746257189929,9.372763586803956,0.2707267582201288,0.7849968341898242
73172,4-highland avenue_2018,13.833055158748174,9.372763586803956,0.28414211196523603,1.3482549499545886
73293,4-hillmeyer avenue_2019,12.34740087660583,8.621642353859851,0.26556426719816195,0.3688011237365729
73313,4-hillside avenue_2019,16.31839326224247,12.592462215863373,0.3910500718224165,0.4525395154940932
73318,4-hillside avenue_2024,16.07308343822635,12.592462215863373,0.4239425807871887,0.23079421024473254
73345,4-hobart street_2021,13.741354573920583,9.278647054010325,0.36919242618986553,0.44973714438426765
73375,4-holland avenue_2021,12.74960220732981,8.37118484529191,0.2951642987180907,1.3215158111777106
73382,4-hollis avenue_2018,15.069825498412474,10.609474293423828,0.29131591665939643,0.5036801556051194
73398,4-hollis court boulevard_2024,14.415177497573897,10.934570264476491,0.31743216157641063,0.015184135325039965
73416,4-holly avenue_2022,12.941378703454745,9.046820711350867,0.3478171940381666,0.039220713153281295
73465,4-hook creek boulevard_2021,15.165196223646609,10.786570713326082,0.32715040762746156,0.9099506761279563
73482,4-hoover avenue_2018,14.217334320774315,9.757015939369387,0.27047873901518227,0.9700968664326824
73486,4-hoover avenue_2022,13.597486297931665,9.757015939369387,0.32672873634868344,0.0550562057480784
73515,4-horatio parkway_2021,13.750059306939495,9.371497432244134,0.427414234752785,0.9637466730304504
73518,4-horatio parkway_2024,12.85203944885845,9.371497432244134,0.4240112717006511,0.21470807249310814
73586,4-hull avenue_2022,12.351236044792635,8.45677083288104,0.29342725598408387,0.6857196647311486
73653,4-huron street_2019,12.12379172081743,8.398077255420242,0.2934688680349398,0.4294420174896127
73755,4-indiana avenue_2021,11.85105029622853,7.3888616107367895,0.2878532906698176,0.7012641486618928
73768,4-ingram street_2024,12.895887088730966,9.326722631175208,0.2956245849573662,0.015184135325039965
73782,4-inwood street_2018,14.943780983253589,10.48343305541215,0.2422811114908373,0.1678845089961851
73783,4-inwood street_2019,14.209340095110422,10.48343305541215,0.2748353553514966,0.17260786460631553
73788,4-inwood street_2024,13.964030435852951,10.48343305541215,0.31982281555426917,0.007174203748000358
73796,4-iowa road_2022,11.068165639390774,7.228349015875853,0.2605526697691403,0.15134675249452406
73845,4-ithaca street_2021,13.345223140066528,8.882560492890399,0.29688615992714823,1.0864384877364008
74128,4-jackson avenue_2024,13.901084707481967,10.331865401627502,0.3588564707238723,0.5092243423990168
74132,4-jackson mill road_2018,12.954468420606476,8.567269063610357,0.24021997338178883,0.2811860187080788
74135,4-jackson mill road_2021,13.029880852549702,8.567269063610357,0.28770653399212537,0.21026092548319608
74152,4-jacob riis park driveway_2018,14.439496581727845,10.03233306917329,0.293934569594519,0.7811122692885893
74158,4-jacob riis park driveway_2024,13.427469896146476,10.03233306917329,0.3258054688170177,1.0435223223501497
74192,4-jamaica avenue_2018,16.82901753275555,12.368646132328744,0.3441848604314989,0.04802796901058155
74196,4-jamaica avenue_2022,16.209168977569732,12.368646132328744,0.4003029760286805,0.10759801059801816
74198,4-jamaica avenue_2024,15.849266528688215,12.368646132328744,0.3829079799892162,0.34959997526676895
74273,4-jarvis avenue_2019,12.178798999974132,8.45307276654898,0.2996635781102244,0.5643474331683561
74291,4-jasmine avenue_2017,12.526455004805573,8.238038781012131,0.22869104936090315,0.7567321221850559
74316,4-jay avenue_2022,12.417516908311772,8.523038348287319,0.32250966580671603,0.8048674301703531
74332,4-jefferson avenue_2018,12.395161386349695,8.008102817653489,0.28187577479875864,1.1678895641528542
74366,4-jewel avenue_2022,15.094583813549267,11.25406948608717,0.3218676646208728,0.014987129808248345
74638,4-jordan avenue_2024,12.337484532651112,8.8569980250526,0.27880659477140374,0.6747795232017604
74663,4-jordan street_2019,12.894950399657077,9.021994366071747,0.2355828680138952,0.35354003524324495
74666,4-jordan street_2022,12.91654945781318,9.021994366071747,0.28612624092460426,0.7189123884459717
74675,4-judge street_2021,13.39596518583783,8.933295751096535,0.3260735294003143,0.9818162657543527
74693,4-junction boulevard_2019,14.740782990757502,10.867727402871864,0.36693463287634753,0.3550135646120662
74696,4-junction boulevard_2022,14.762382094090377,10.867727402871864,0.40630621536068817,0.4104526496192034
74706,4-juniper avenue_2022,11.771539450111009,7.877237713011957,0.3083493777093144,0.04993236874820901
74752,4-justice avenue_2018,13.375457882953926,8.988193972463467,0.31369418822080825,0.07492192651725926
74756,4-justice avenue_2022,12.882744997872212,8.988193972463467,0.3239355074432284,1.379521476832462
74761,4-kalmia avenue_2017,12.904941478818314,8.616443081077614,0.23516809607465777,0.46975359799052624
74766,4-kalmia avenue_2022,12.510939014605567,8.616443081077614,0.3022639541185959,0.026836653953559674
74776,4-kearney street_2022,11.510709433380411,7.616518417917633,0.24163813395037412,0.87204622055257
74798,4-keeseville avenue_2024,12.025780878670407,8.545344842615712,0.2846602700228645,0.6890889570990911
74818,4-kenilworth drive_2024,11.388901193965077,7.908632982433352,0.13072573631122128,0.5548042309382006
74822,4-kenmore road_2018,11.937280036622235,7.550412285360713,0.27776463579443494,1.654774500822392
74848,4-kent street_2024,12.62955857094309,9.149037109624926,0.3340061441260194,0.7936710183262444
74856,4-kessel street_2022,13.404824125057118,9.510223343347585,0.309961111072881,0.008464078412129412
74875,4-ketcham street_2021,12.77919815060333,8.316639932713528,0.30044277304199535,0.9740689535935094
74891,4-kew gardens road_2017,14.31748867261998,10.098462779527697,0.30962298860338594,0.40306222349185405
74908,4-kildare road_2024,12.235579016223253,8.755107312799995,0.19488597108150474,0.9217159885192197
74923,4-killarney street_2019,11.443203690830961,7.717703586661801,0.36992017068875305,0.6703390412339367
74943,4-kingsbury avenue_2019,13.164663901576965,9.438807200782422,0.260137821271566,0.4935980780993646
74951,4-kingston place_2017,12.774092182113824,8.555215474354197,0.2695973395905566,1.8352499003025835
74961,4-kissena boulevard_2017,15.47557582872663,11.186912461347667,0.3218455658656337,0.6543543758407899
74966,4-kissena boulevard_2022,15.081572255950727,11.186912461347667,0.3638265034494724,0.6701855689225983
75028,4-kneeland avenue_2024,11.934804059081438,8.365779256975236,0.2868196316911223,0.9204819364926231
75042,4-knollwood avenue_2018,11.773703316757539,7.386927858731648,0.24713416317375145,1.5486895329600026
75152,4-lakewood avenue_2018,13.80395322589193,9.343664135181584,0.28108263972178227,0.5744762508422667
75155,4-lakewood avenue_2021,13.722223637473856,9.343664135181584,0.3259473767656879,0.8953939061611698
75243,4-larue avenue_2019,10.773826419917686,6.901737765976784,0.28857453123480065,0.7273070322066499
75272,4-laurel hill boulevard_2018,15.210409940139826,10.823042386388932,0.41124951570935125,0.8288137919814788
75322,4-lax avenue_2018,13.02925319825881,8.642040304124809,0.28293397595570663,0.17848085740801675
75366,4-leeds road_2022,12.364737396609083,8.52440470906585,0.2770412435194151,1.0171852899723806
75371,4-lefferts boulevard_2017,15.777190599996397,11.55813358604694,0.3365638075200453,0.1922718876471227
75372,4-lefferts boulevard_2018,16.018499739573176,11.55813358604694,0.374305881027394,0.23309388216737784
75375,4-lefferts boulevard_2021,15.936770074410823,11.55813358604694,0.4034953339952191,0.6292484547097136
75379,4-lefferts boulevard_2025,15.051596976306204,11.55813358604694,0.0,0.07417939817425151
75393,4-leith place_2019,11.788421404682229,8.062794545436423,0.20778816323101515,0.9362894183808442
75403,4-leith road_2019,9.96102478800825,6.237000847609402,0.27781209551300773,3.8515317497180566
75433,4-lewis avenue_2019,12.00400713652996,8.131221013617143,0.31737089397970264,0.27846472290217134
75443,4-lewiston avenue_2019,12.033127887593137,8.307434288069958,0.28231052864987005,0.7239673228998316
75448,4-lewiston avenue_2024,11.787819693355383,8.307434288069958,0.28336241130726453,0.024399886823535173
75602,4-liberty avenue_2018,16.452063034758666,11.99169355754674,0.3375646136411893,0.867016450538916
75606,4-liberty avenue_2022,15.832214498882605,11.99169355754674,0.3892011591268305,0.11288215705667246
75918,4-lie wb entrance van dam street_2024,10.086278984353063,6.518463395289561,0.1937502526175774,0.8498089905733223
75981,4-linden boulevard_2017,16.235195506690154,12.016135032271036,0.30803827114731236,0.6641302314894527
75982,4-linden boulevard_2018,16.476504657345547,12.016135032271036,0.3438675142145598,0.16559918064956597
75986,4-linden boulevard_2022,15.85665611998489,12.016135032271036,0.39105693228709176,0.04200529414503013
75989,4-linden boulevard_2025,15.509601827919456,12.016135032271036,0.0,0.11466707497812595
75992,4-linden place_2018,14.201346590966164,9.814013351618918,0.3867043621075462,1.6111165028126555
76001,4-linden street_2017,14.101376243602791,9.81275321095939,0.23587264902051472,0.4322368586055922
76005,4-linden street_2021,14.275498936544336,9.81275321095939,0.3078995766316088,0.31174033754485186
76082,4-little neck parkway_2018,16.07773881264261,11.617372115708642,0.3331560747487877,0.3043179261032066
76086,4-little neck parkway_2022,15.457890304681587,11.617372115708642,0.3935632332158046,0.39897744197261004
76089,4-little neck parkway_2025,15.110836039019619,11.617372115708642,0.0,0.5447631747936875
76102,4-liverpool street_2018,14.066305878301447,9.605996825095502,0.24311642701242125,0.31291112649755654
76105,4-liverpool street_2021,13.984576270002824,9.605996825095502,0.2873376605317241,0.24302460690735922
76121,4-locke avenue_2017,12.720765939751361,8.432303662709879,0.22439482744967765,0.4033294959777428
76633,4-long street_2019,12.76950620533614,9.043687138444193,0.22873634803773657,0.6641817022669302
76666,4-loubet street_2022,13.1695525573899,9.274971028237934,0.29690412419621753,0.010939940038334364
76731,4-luther road_2017,11.006157339073894,6.718672579326915,0.2648749361353025,0.720421822694826
76752,4-lux road_2018,11.394566145912107,6.935152736374507,0.20496513618592085,0.555722504648273
76785,4-macnish street_2021,11.802269188310799,7.340111045167128,0.32019567507026997,0.7092665624398286
76798,4-madison street_2024,13.572998298056644,10.003791286104889,0.31271104562386387,0.7247911858944068
76852,4-main avenue_2018,12.255942932686823,7.868933450183286,0.3685341690808759,1.2307802522455271
76861,4-main street_2017,15.92743829274877,11.638769957620518,0.3152456727608922,0.15614868248993136
76865,4-main street_2021,16.101561086425665,11.638769957620518,0.38439949981205923,0.5115053926707479
76866,4-main street_2022,15.533434686593395,11.638769957620518,0.4030591029936471,0.4518396586180644
76868,4-main street_2024,15.208012355173476,11.638769957620518,0.3701979978386673,0.5112055515842762
76903,4-mangin avenue_2019,12.870235151838143,9.144405037717222,0.29369076973339836,0.722026140110322
76918,4-manilla street_2024,10.179842782550075,6.611899069200893,0.31782657524975,1.750190668139402
76935,4-manse street_2021,13.60053267581142,9.137839116476039,0.3065345535555233,0.5028337738364381
76936,4-manse street_2022,13.032407146628028,9.137839116476039,0.30121139942552916,0.014198719399812949
76941,4-manton street_2017,12.790731556074055,8.571851717843787,0.2570726715321811,2.164265110494866
76943,4-manton street_2019,12.297601262983402,8.571851717843787,0.3023695990811902,0.2226634360773325
77082,4-marinette street_2018,12.618469324903577,8.23134498718908,0.29053514143418735,1.0597328506071921
77189,4-martense avenue_2025,12.221210938626825,8.624895603993538,0.0,0.8143908878453096
77222,4-maspeth avenue_2018,14.14411501577571,9.756784957083774,0.4779697512901493,0.4342469095336164
77226,4-maspeth avenue_2022,13.651401600368176,9.756784957083774,0.5040035003013146,0.8469835252748125
77251,4-maurice avenue_2017,14.879741098597666,10.59108886127016,0.4710614474553348,1.0968106667214814
77252,4-maurice avenue_2018,14.978451275403891,10.59108886127016,0.49542534929509463,1.2474919582394317
77256,4-maurice avenue_2022,14.485737600607779,10.59108886127016,0.5505346181789732,0.22585985880843806
77265,4-mayda road_2021,12.970728671838252,8.592265970258554,0.27856529820334697,1.2190288904799194
77281,4-mayfield road_2017,12.665305170096172,8.446450263988599,0.23481905593149813,0.6954944236282934
77298,4-mayville street_2024,12.434894644935397,8.954395328800288,0.30596224322450544,0.610363219081024
77346,4-mcintosh street_2022,12.316109391178538,8.421651620196139,0.2760070408712776,0.6478359578499422
77441,4-meehan avenue_2017,13.112997747058413,8.894066506886313,0.22386578633460666,0.24787518753339344
77486,4-melvina place_2022,10.989730754930932,7.0958693771789125,0.25144513869217644,0.6772718314016551
77515,4-memphis avenue_2021,13.780402393205698,9.401838006526123,0.3239148122760045,0.6616049125500667
77518,4-memphis avenue_2024,12.882382488705446,9.401838006526123,0.3028375813064069,0.22466239728347956
77562,4-merrick boulevard_2018,16.347528771299658,11.887159968896013,0.3276335490676924,0.12106652797944359
77563,4-merrick boulevard_2019,15.613087618481227,11.887159968896013,0.33219575437981635,0.5895074058001856
77592,4-metropolitan avenue_2018,16.20895475236077,11.748586960473117,0.36380458158369433,0.2401973058800373
77593,4-metropolitan avenue_2019,15.474513612354873,11.748586960473117,0.3787834792717099,1.160365684943592
77596,4-metropolitan avenue_2022,15.58910623340599,11.748586960473117,0.4467258964100098,0.10499044719093728
77599,4-metropolitan avenue_2025,15.242051957870657,11.748586960473117,0.0,0.5303929292585194
77608,4-mexico street_2024,12.404087054300904,8.923591655025941,0.33318275997081415,0.6760010217249748
77678,4-midland parkway_2024,13.688764926980731,10.2081761448858,0.2917891061464577,0.8268473089477884
77689,4-milburn street_2025,11.996445987036314,8.503170008123682,0.0,0.28870654749796876
77708,4-minton street_2024,10.653767878040952,7.173886383199221,0.18662263869334522,0.6675729294405149
77711,4-mobile road_2017,11.2095107626128,6.991351012706662,0.13890906385864116,1.4473659418588323
77736,4-montauk street_2022,12.73542203325726,8.895029162565857,0.28584332228347503,0.3995811649491897
77746,4-monterey street_2022,11.968360529992207,8.12812234990242,0.27149064945955714,0.87983419486354
77756,4-morenci lane_2022,12.522673229934167,8.68231215604068,0.3417186934986727,0.03498096889524552
77795,4-mott avenue_2021,14.74009946434285,10.361484769095904,0.3626433046838677,0.8745933543179459
77843,4-murdock avenue_2019,14.768856542522954,11.04293779488143,0.2980015422535593,0.12927233570413918
77848,4-murdock avenue_2024,14.52354680291299,11.04293779488143,0.31303267600023943,0.13006288429816837
77913,4-myrtle avenue_2019,15.123919967546,11.250858438227754,0.4021484688892006,0.9485642924244508
77916,4-myrtle avenue_2022,15.145519073574897,11.250858438227754,0.43217549116840015,0.06015392281974709
77976,4-nashville boulevard_2022,14.12482673062674,10.284333157707168,0.332763364149522,0.531392664705955
78133,4-national street_2019,12.76078873260709,8.887849671872848,0.3826970493019325,1.6352031203201267
78163,4-neilson street_2019,12.329382040388136,8.603626714493709,0.262974578798306,0.6852158102336651
78182,4-neponsit avenue_2018,13.458400706071638,9.051309587950069,0.22483822761302738,0.8850477121342233
78248,4-newburg street_2024,12.276873367921343,8.796395483198319,0.26442521028751365,0.7253723278546821
78255,4-newhall avenue_2021,12.948249474096073,8.56979093751759,0.29636837498639856,0.8188101985556024
78282,4-newtown avenue_2018,13.692362920289053,9.305065514750016,0.279563078031991,0.4951229800386997
78288,4-newtown avenue_2024,12.87422807824938,9.305065514750016,0.341386251423642,0.6343521340494399
78293,4-newtown road_2019,13.235348557754467,9.362358417102923,0.2670085303050502,0.470815799346294
78296,4-newtown road_2022,13.256947631388531,9.362358417102923,0.31619607529858085,0.04964693988941377
78303,4-nicolls avenue_2019,12.263558491154193,8.390706507805923,0.2912471386162771,1.2567549897649053
78332,4-normal road_2018,12.613220090770128,8.153129036689538,0.23221030501779188,0.7268237069193292
78342,4-norman street_2018,12.879185582410136,8.492000914393405,0.23583460791981806,1.1977031913123406
78348,4-norman street_2024,12.061052537889406,8.492000914393405,0.312795118094383,0.020292703267762432
78372,4-north conduit avenue_2018,16.474134041110908,12.013764430219986,0.4351745589859842,0.40819471267903057
78373,4-north conduit avenue_2019,15.739692878041517,12.013764430219986,0.4500629857711938,0.02712866738825262
78378,4-north conduit avenue_2024,15.494383071859197,12.013764430219986,0.45857980660959163,0.09884936404216896
78471,4-northern boulevard_2017,17.297262007396313,13.00858718596577,0.3861272345204999,0.15597758145435267
78472,4-northern boulevard_2018,17.39597221373943,13.00858718596577,0.4200456677770087,0.7482507067859694
78475,4-northern boulevard_2021,17.471384815495885,13.00858718596577,0.47180573620597116,0.17403733720625708
78476,4-northern boulevard_2022,16.903258357658203,13.00858718596577,0.4765801041940889,0.18448587962333124
78571,4-oak avenue_2017,13.867797641881904,9.57918881655484,0.2505783222484038,0.8633539824907945
78592,4-oak lane_2018,10.687751216258034,6.302175147923178,0.26263413358260884,2.77613866373474
78665,4-ocean crest boulevard_2021,13.722227073884337,9.343667571295088,0.31224852064978204,0.3419571668517826
78691,4-oceania street_2017,14.58090948245809,10.361874201598349,0.2805079777805179,0.4146891026356961
78698,4-oceania street_2024,13.842468074647645,10.361874201598349,0.35214135617023185,0.37740851032563905
78746,4-olcott street_2022,12.598121332323965,8.703610586069352,0.3027155599910584,0.028295869154847303
78891,4-otis avenue_2017,13.20803850837671,8.919493405841841,0.28510199252026214,0.0735292332881155
78905,4-otto road_2021,13.88109828816919,9.41837872784227,0.35384911596459667,1.0308686365815902
78916,4-overbrook street_2022,13.184725417034446,9.344284001986114,0.34243017641989754,0.6802645547289317
78948,4-ovid place_2024,10.915631891938721,7.435579265768075,0.2189970353523612,0.6859714968108498
78956,4-page place_2022,11.601142053580082,7.706909341198392,0.534082485930258,2.5077113024412636
78991,4-palmetto street_2017,14.184353368687164,9.895726036325971,0.24729401154649283,0.178146185383474
78998,4-palmetto street_2024,13.464928032024476,9.895726036325971,0.30963755310906166,0.6340339160674388
79048,4-park circle_2024,10.876572372228642,7.3965425189866725,0.04275116695266389,0.055529309792480296
79052,4-park crescent_2018,11.209729999559691,6.750511822396459,0.11946098660906698,0.605135303236732
79068,4-park drive east_2024,13.554017337380948,9.984811167681153,0.38455842328885076,1.2002659423946096
79083,4-park lane_2019,12.926445209649017,9.200609397672418,0.3329702691030355,1.5145776314101402
79092,4-park lane south_2018,15.250276588878755,10.78992135597741,0.3684638597517577,0.7620200448463207
79098,4-park lane south_2024,14.2705258993547,10.78992135597741,0.38742338162300527,0.27611543608031547
79101,4-parsons boulevard_2017,16.102287895305512,11.81361816510972,0.3261300373458878,1.2514478183501236
79102,4-parsons boulevard_2018,16.20099809499006,11.81361816510972,0.34919710909765656,0.012027380212718455
79106,4-parsons boulevard_2022,15.708284279776384,11.81361816510972,0.39308164610270463,0.05713619137080915
79108,4-parsons boulevard_2024,15.382861937285353,11.81361816510972,0.38297313746221046,0.12248308421454837
79109,4-parsons boulevard_2025,15.410100969842246,11.81361816510972,0.0,0.109482010616997
79225,4-pearl street_2021,10.600817139884345,6.2241293301760034,0.2811539613108575,1.2265656529785705
79242,4-pearson street_2018,12.155467230417775,7.768497667422951,0.28266953062823663,1.7282515279716733
79253,4-peck avenue_2019,14.1322304740761,10.406325624519486,0.26182544231964144,0.1595645696713384
79256,4-peck avenue_2022,14.24682303685527,10.406325624519486,0.3270207690193898,0.33181856793986586
79258,4-peck avenue_2024,13.886920829849837,10.406325624519486,0.29475638189431813,0.06250520535139711
79259,4-peck avenue_2025,13.89976896044156,10.406325624519486,0.0,0.7063101670862262
79358,4-pembroke avenue_2024,11.18691162791488,7.706723152335168,0.26589471826687366,0.8059846738233143
79365,4-penelope avenue_2021,14.065095620091903,9.602362567465768,0.347871416070625,1.1662086299049188
79405,4-perth road_2021,11.734132846355147,7.356117781464284,0.3196982863507393,0.6957438064072113
79451,4-pidgeon meadow road_2017,14.173503658177221,9.884876867961472,0.272784819606133,0.6250289264836547
79485,4-pinegrove street_2021,13.378392834827592,8.999868793688568,0.32105173059311765,0.40553177255270756
79499,4-pineville lane_2025,12.16797345662203,8.674666479190803,0.0,0.7670944255120282
79576,4-plunkett avenue_2022,11.172767918761641,7.332880764748784,0.2838512146652999,0.6987812791770384
79651,4-poplar avenue_2017,12.962314099524395,8.67380574238087,0.19357150395183656,0.6367355466339825
79705,4-powells cove boulevard_2021,15.047817330667954,10.585042486164715,0.3344836535570324,0.5418008980653107
79732,4-poyer street_2018,12.60812194230584,8.22100033871117,0.27821636099376745,0.4416041547240376
79745,4-president street_2021,11.140208487811796,6.76270481116901,0.25761115279912744,0.8085718819753627
79752,4-prince street_2018,13.688369593231748,9.301072547135783,0.3105115898387508,1.2661021757914848
79762,4-princeton street_2018,13.11310969722178,8.652906711333289,0.2532168186092017,0.644061972869454
79862,4-putnam avenue_2018,14.012825032403137,9.625502996024249,0.2872752911628964,0.16982715921226588
79868,4-putnam avenue_2024,13.19468979766893,9.625502996024249,0.3344549771676656,0.5691700007402344
79881,4-queens boulevard_2017,16.8573535849794,12.568679984854532,0.3256275588386658,1.4838066599339146
79882,4-queens boulevard_2018,16.956063789725235,12.568679984854532,0.3501092296733462,0.3858744583431602
79883,4-queens boulevard_2019,16.44175083318994,12.568679984854532,0.35508920720021486,0.008166562666393417
79998,4-quencer road_2024,12.278345225185237,8.797867124817481,0.33606164330811544,0.668495817118816
80023,4-radcliff avenue_2019,11.492134367649175,7.619540789830351,0.29657101986902695,0.9392647954339766
80038,4-radnor road_2024,12.487416970017591,9.006911248214912,0.3594297666175769,1.1455276806769166
80141,4-reads lane_2017,13.59665528808775,9.377672207541277,0.2644395940397991,1.5788756068514604
80252,4-remington street_2018,13.843872972334024,9.38358049631488,0.257809308596204,0.9006490358841982
80353,4-richland avenue_2019,12.532063808589083,8.806275638770224,0.33189118136099366,0.972179451104056
80362,4-richmond road_2018,12.58478383973855,8.197668507670269,0.25050838551700105,0.8131499729546416
80371,4-rico place_2017,10.93424595571047,6.716373342994135,0.25225806425264435,0.5898955507494708
80382,4-ridge road_2018,12.651943305720437,8.26481031435202,0.27909591230627007,2.0826738122605013
80383,4-ridge road_2019,12.137632472953134,8.26481031435202,0.2896444314795123,0.384922206876835
80442,4-riverton street_2018,12.61117133101134,8.151080860413604,0.21245728539158235,0.7131948758637233
80508,4-robinson street_2024,12.959304217486567,9.39013444432619,0.25337169762358225,0.008563230660487873
80511,4-rockaway beach boulevard_2017,16.177611835811437,12.014680442591475,0.3028991612612831,0.18465217213223695
80512,4-rockaway beach boulevard_2018,16.42188139490777,12.014680442591475,0.32690926059057446,0.4108505803845022
80518,4-rockaway beach boulevard_2024,15.409853900280117,12.014680442591475,0.34341779345137546,0.06156535565815483
80531,4-rockaway boulevard_2017,16.565053395774143,12.345991247612961,0.3488453345967171,0.22274347129287003
80536,4-rockaway boulevard_2022,16.186513997568554,12.345991247612961,0.43843485323791753,0.11118352896061501
80538,4-rockaway boulevard_2024,15.826611549593222,12.345991247612961,0.4192124555402181,0.1331313126031829
80566,4-rockaway point boulevard_2022,13.702097042330392,9.896817991337008,0.3119429993026621,1.6113361097171806
80641,4-roosevelt avenue_2017,16.23591499009807,11.947244346608,0.31787387899272385,0.4396088526750018
80642,4-roosevelt avenue_2018,16.33462519097707,11.947244346608,0.35277714336776644,0.13199270945849695
80643,4-roosevelt avenue_2019,15.820312259506796,11.947244346608,0.34453392912519315,0.181070774892302
80661,4-roosevelt court_2017,11.782232014833244,7.563677042543664,0.22288207922486547,0.5531952201325
80708,4-rose avenue_2024,12.361189608715456,8.7920863026789,0.374531798445558,1.0045946065619882
80816,4-rushmore terrace_2022,11.543660560210826,7.703575172081176,0.2894349212791953,1.1454004501668686
80843,4-rust street_2019,13.467195759816047,9.594188213675324,0.3990290974370641,0.4130363736044824
80846,4-rust street_2022,13.488794841348607,9.594188213675324,0.4377546807956604,0.6815805441884798
80972,4-sanders place_2018,11.83107763763779,7.371323994320132,0.24322230728810698,0.537895895288654
81001,4-sanford avenue_2017,14.925355785794384,10.636702442900269,0.32161377977495215,0.6435366800066109
81002,4-sanford avenue_2018,15.024065964046555,10.636702442900269,0.3392708463198028,0.6897413874251125
81003,4-sanford avenue_2019,14.509753179244443,10.636702442900269,0.3424069721410275,0.39682791471250084
81068,4-sayres avenue_2024,13.417256244152279,9.9366786084909,0.3419988088700548,0.5585294838350011
81078,4-schaefer street_2024,10.570195982121511,7.001829974617383,0.19658713395277705,0.09549198145922065
81172,4-seagirt boulevard_2018,15.657773568055811,11.197411518243815,0.32495389565902233,0.48772075005089394
81176,4-seagirt boulevard_2022,15.037925106753812,11.197411518243815,0.39545393839405485,0.7187174566714754
81226,4-selfridge street_2022,12.882865448298926,8.98831440815586,0.3298037567685872,0.6386381950595525
81242,4-seneca avenue_2018,14.673143071207683,10.285789521158037,0.29289403048081747,0.11359650658254057
81248,4-seneca avenue_2024,13.855007334058437,10.285789521158037,0.3231894769125586,0.0036931718376175702
81249,4-seneca avenue_2025,13.882246346389865,10.285789521158037,0.0,0.22721525068426343
81298,4-seward avenue_2024,12.431542232295062,8.951043336557111,0.4191639524663263,0.6323881747143812
81311,4-shaler avenue_2017,12.540562843859332,8.25214296693272,0.31666960932503324,0.5476588738113396
81332,4-shiloh avenue_2018,13.01171923379167,8.551534665684821,0.25251889661496163,0.7145661479332452
81345,4-shore avenue_2021,13.506733736235166,9.128195015214587,0.2626294812837917,0.705668461113617
81361,4-shore front parkway_2017,14.95976239576584,10.740717291586032,0.2573690467796082,1.6841742585481176
81421,4-silver road_2017,12.429383899842415,8.210585267701944,0.25883870050345215,0.42552913914390605
81452,4-skillman avenue_2018,15.180385951651926,10.793018997945037,0.34352270431826604,0.31554040058017735
81455,4-skillman avenue_2021,15.255798536879347,10.793018997945037,0.35653614302031517,0.3176534109477655
81492,4-smedley street_2018,13.109041817252951,8.648839534911517,0.28966074738557573,1.102039741568368
81501,4-smith place_2017,11.334562677003486,7.116296390307783,0.20493964538172704,0.673913391444646
81533,4-somerset street_2019,12.189750474261027,8.464021974189238,0.27525397208051067,0.4627272202749594
81535,4-somerset street_2021,12.842459602425542,8.464021974189238,0.342082691635551,0.3924474110268609
81581,4-south conduit avenue_2017,16.092176796830124,11.873117238295567,0.41988411003169057,0.521646862397574
81582,4-south conduit avenue_2018,16.33348594455334,11.873117238295567,0.4442997923517529,0.6177768735351687
81585,4-south conduit avenue_2021,16.25175627684891,11.873117238295567,0.4850032142119107,0.5939896090267268
81628,4-south railroad avenue_2024,11.441238886951599,7.872358384139931,0.35477659148322627,0.5930505640216601
81633,4-south road_2019,9.828676609021755,6.104922709647526,0.24946085963158315,2.8510532621845472
81662,4-southgate plaza_2018,12.464739072233522,8.004693558296628,0.2003209839705647,1.1946191953988208
81672,4-southgate street_2018,12.569803719289482,8.109725289438023,0.24088729379826157,1.2567834469581745
81721,4-springfield boulevard_2017,16.618826658467388,12.39976428606821,0.3716990653436005,0.1710077968936812
81755,4-spritz road_2021,12.368449588042791,7.990138255558134,0.273405386095098,1.3476314923424988
81912,4-steinway street_2018,15.410713389808796,11.023342262518698,0.3638163135130054,0.3571848139329325
81913,4-steinway street_2019,14.896400540608477,11.023342262518698,0.3598366072763111,0.445710936676691
81932,4-stephen street_2018,13.22610749220957,8.838863446330867,0.243473501997937,0.17083921968492055
81938,4-stephen street_2024,12.407973500926557,8.838863446330867,0.3215836241274623,0.0168571170664229
82008,4-street felix avenue_2024,12.413828952466938,8.844718075236086,0.2775011115572734,0.8024499154503955
82043,4-strong avenue_2019,11.263154473400977,7.390684544584554,0.2682989999873056,1.0015873060962357
82056,4-stronghurst avenue_2022,13.038303969832961,9.197876050079588,0.38603824912840135,1.2564134402653706
82122,4-summerfield street_2018,13.475689470692041,9.088413798575175,0.28319835137033306,0.7064581946196176
82128,4-summerfield street_2024,12.657554975160682,9.088413798575175,0.3377030060073456,0.012323749688831936
82165,4-sunnyside street_2021,11.102388149918559,6.724928474769532,0.3046604089861988,2.727630581481151
82231,4-sutphin boulevard_2017,15.39270498064969,11.173652382102697,0.38907642479037374,0.719399551704011
82252,4-sutter avenue_2018,15.64020387981054,11.179842070192429,0.2963615420628681,0.09038899972768073
82286,4-sybilla street_2022,12.217374387618039,8.322938987193853,0.36248171784026745,1.2886539684772025
82331,4-talbot street_2017,12.121924937957958,7.90322268661088,0.2501441531327157,1.616214896713124
82383,4-thebes avenue_2019,12.334920286511515,8.609163971899385,0.2647423868724585,2.117495709298761
82426,4-thornhill avenue_2022,13.509194552087237,9.668729422093984,0.32672532717758135,0.30844012553629035
82433,4-thornton place_2019,12.355325760631764,8.482454289888587,0.30713449837859624,1.7218733417638885
82463,4-thursby avenue_2019,13.009562027845343,9.283718356228796,0.2262340090217666,0.38553447261928553
82508,4-tioga drive_2024,11.901037872146702,8.420626874257621,0.31489463597666567,0.6668545386050214
82521,4-totten avenue_2017,13.105905728928041,8.817374811766518,0.15345129758637152,0.06456977064930008
82551,4-trimble road_2017,11.18412939234629,6.8964503484739845,0.1920777317393193,0.7596369218287782
82575,4-troon road_2021,11.820148018431114,7.442080973167053,0.32861365000869164,0.6699297293837607
82618,4-tryon place_2024,12.047344709729698,8.566904653219373,0.21483325418058166,0.6644904713101408
82638,4-tudor road_2024,12.330192669658881,8.849707172001327,0.2947261699575796,1.1011756670712698
82643,4-turin drive_2019,11.534437142821446,7.808899180860871,0.3027466019131767,0.7011153502091222
82651,4-tuskegee airmen way_2017,14.225288953567983,10.006266975728838,0.25478645171546144,0.776982686472178
82652,4-tuskegee airmen way_2018,14.466597980975276,10.006266975728838,0.2782820547432351,0.26903427807929786
82653,4-tuskegee airmen way_2019,13.732157307403119,10.006266975728838,0.28670757180620265,0.5340928307043368
82663,4-tyler avenue_2019,12.584882754415537,8.711969693006882,0.5417704276154123,2.449538505950209
82728,4-union hall street_2024,12.899540528483465,9.418994684860058,0.3458696500076179,0.31239907498861774
82731,4-union street_2017,15.014791054767134,10.726135685258892,0.3415781144050799,0.7141255869451371
82738,4-union street_2024,14.29536530720577,10.726135685258892,0.3893980237113186,0.25812452020945525
82876,4-ursula place_2022,10.741637027287695,6.848004170617273,0.3001045924503381,0.7240158042224115
82891,4-utopia parkway_2017,16.120715015580654,11.832045152072032,0.2997167292757132,1.3924503739312275
82892,4-utopia parkway_2018,16.219425215439554,11.832045152072032,0.32979445219711545,0.005186526687300061
82898,4-utopia parkway_2024,15.401289055606782,11.832045152072032,0.3780164661618649,0.2945335474008827
82998,4-van siclen street_2024,11.139149227512902,7.658982078730025,0.20504980787151073,0.22178262567486823
83671,4-van zandt avenue_2017,13.617366633204638,9.398381844174766,0.271373334409857,0.339182845314184
83676,4-van zandt avenue_2022,13.238827766555746,9.398381844174766,0.3467551035767969,0.49384221872557726
83722,4-vermont place_2018,13.920397192616528,9.533081470027414,0.32710158018766095,2.1755468598233225
83732,4-vernon boulevard_2018,15.466559514006665,11.079187511505888,0.4082319072662764,0.6807709094918899
83733,4-vernon boulevard_2019,14.952246657396314,11.079187511505888,0.42663278179461017,0.12009148025782042
83765,4-vietor avenue_2021,12.17107327632729,7.708717251236587,0.27700887765568877,0.7644906206280805
83856,4-walnut street_2022,10.933117810481981,7.039303707653658,0.3040184917714744,0.6902429674125555
83872,4-waltham street_2018,13.623446812866527,9.16317483508081,0.2525959923987484,0.695843542107688
83875,4-waltham street_2021,13.541717241491444,9.16317483508081,0.31254287947531323,0.2617486904252765
83891,4-wareham place_2017,12.340836542386722,8.122062701075942,0.23105915992687087,0.7173518692567626
83901,4-warren street_2017,13.10484834687198,8.816317584279735,0.24818681180986513,0.5233074012680465
83903,4-warren street_2019,12.689246619255925,8.816317584279735,0.31281013029179366,0.5780729727144799
83912,4-warwick avenue_2018,12.6349682317541,8.24783959256735,0.26579965230609676,1.053719519777373
83926,4-warwick crescent_2022,10.835901553638347,6.996270577841912,0.30921330864857843,1.4047234965882578
84042,4-weirfield street_2018,12.995301724630002,8.608094850915124,0.24850346367525583,0.36394842790523074
84051,4-weller avenue_2017,13.13272037549669,8.913786495295488,0.20814440639618628,0.33682931571802616
84072,4-welling court_2018,10.965368468359381,6.5793536488805495,0.3085161593546229,2.8954035217571867
84108,4-west 10 road_2024,11.16098923138024,7.680812204210277,0.24091572106000747,0.7428416975837973
84118,4-west 11 road_2024,11.092360367023792,7.612215121182636,0.1292117314800062,0.46285312521689465
84128,4-west 12 road_2024,11.11843922644638,7.63828164625411,0.2300164306019718,0.6674703337699622
84138,4-west 13 road_2024,11.059186594862506,7.579057510851419,0.24362208265775043,0.5727294270808058
84148,4-west 14 road_2024,11.099230659121945,7.619082132625616,0.13223745239654316,0.609221945622184
84158,4-west 15 road_2024,11.062625962090841,7.58249517745643,0.216223108469636,0.30128907585799786
84168,4-west 16 road_2024,11.219569845887575,7.739367363004083,0.20223686649489608,0.5561239843932775
84188,4-west 18 road_2024,11.423044651643703,7.942764482070008,0.21065206342018059,0.47480458618677723
84198,4-west 19 road_2024,11.160703046739856,7.680526147623786,0.15316497250249908,0.7135378702076793
84208,4-west 20 road_2024,10.804831864136377,7.32484622566042,0.22084205432593051,1.0761621598305178
84228,4-west 5 road_2024,8.931039957849602,5.454569103893018,0.08269171584511335,1.08041437313302
84238,4-west 8 road_2024,10.074258003553782,6.594959514410442,0.24632113962691543,1.3981241128734678
84248,4-west 9 road_2024,10.415368471872897,6.935686915758181,0.27466670433971063,1.1428524346468332
84253,4-west alley road_2019,12.194486846504926,8.468757373799184,0.4704995380086881,0.215756332880192
84258,4-west alley road_2024,11.949178406017591,8.468757373799184,0.4967966416841221,1.2871643952127003
84335,4-westbourne avenue_2021,12.88097132931995,8.502525832450933,0.33059842399860395,0.3288000231726789
84353,4-westmoreland place_2019,10.934380623703943,7.062145838493106,0.29833936692576896,1.3018252044934406
84388,4-wetherole street_2024,13.082615336465771,9.513436144271568,0.3226941184114895,0.6796565903774461
84441,4-whitehall terrace_2017,13.533255908897114,9.314278283608576,0.21831069982480727,0.3754181867558677
84455,4-whitelaw street_2021,12.494939336202414,8.116588254180453,0.3102005893618142,0.662533321942109
84728,4-willets point boulevard_2024,14.517548788048702,10.948314913597676,0.4342891917489179,0.021174235231406484
84811,4-winchester boulevard_2017,14.790689777364687,10.57164860173235,0.4069227929195537,0.8327351947669989
84818,4-winchester boulevard_2024,14.052248273373353,10.57164860173235,0.4297056294828652,0.46247536282494395
84849,4-wood street_2025,12.054335940482057,8.561048900157349,0.0,0.40819471267903057
84881,4-woodhaven court_2017,10.80275915375424,6.585054185691695,0.19315589895966476,0.8328221626324274
84901,4-woodside avenue_2017,14.916085261342767,10.627432139074594,0.3261797993260254,0.06288089803920102
84902,4-woodside avenue_2018,15.014795439306386,10.627432139074594,0.34756062999775467,0.1950732407191178
84905,4-woodside avenue_2021,15.090208021192607,10.627432139074594,0.362490948340369,0.8864498898631339
84913,4-woodward avenue_2019,13.804636699192136,9.931610047613598,0.3195520288675972,0.30807276209951495
84948,4-wyckoff avenue_2024,11.9959074416994,8.426869235337008,0.3200199021512795,0.8840154433223664
84978,4-yellowstone boulevard_2024,14.557636084697853,10.988401538623778,0.35529468146977394,0.5898955507494708
84983,4-zion street_2019,11.054124991955195,7.328831363662811,0.2457433832314507,1.9969155448611868
85036,5-1 street_2022,11.807380540917858,8.00393787158345,0.262974578798306,0.61664403457383
85076,5-2 street_2022,12.014483773304182,8.210979988712928,0.2879761468547236,0.6381100446300367
85166,5-7 street_2022,13.140856460403578,9.33717316903463,0.09723346279914544,0.22033962398147552
85186,5-8 street_2022,13.37118657721995,9.567485567333161,0.2704560646791285,0.6280751838162304
85196,5-9 street_2022,12.302619210053155,8.499048932931913,0.3270744741624417,0.6403264043763627
85246,5-abby place_2022,10.936464090082838,7.13347513277731,0.2179536363858755,0.6422748501861888
85252,5-abingdon avenue_2018,14.328590244496759,9.983921682905908,0.299259531133106,0.8437200390393196
85256,5-abingdon avenue_2022,13.787645994302427,9.983921682905908,0.3858124695631095,0.009058844488346039
85275,5-acacia avenue_2021,13.129173503129557,8.716173579725456,0.2821875531341402,0.31232590336454086
85328,5-acorn court_2024,10.016912645205018,6.5550591450623905,0.0,0.21115193846183164
85353,5-ada place_2019,10.700564117209542,6.947304349553553,0.1786164766014092,2.748884995540546
85409,5-adele court_2025,9.868979624590906,6.491833901377931,0.0,0.2824685053988935
85438,5-adlai circle_2024,11.37522296028821,7.9123449732214635,0.34138625142364204,0.18082043066768747
85528,5-akron street_2024,11.79298020376142,8.329981079423327,0.3109017757806018,0.8509198644324872
85536,5-alabama place_2022,10.32503413254856,6.522702683126364,0.29003224979673453,0.11261414436913436
85625,5-albion place_2021,12.714937543334099,8.302020719749175,0.3064265252520027,0.8809536675844696
85626,5-albion place_2022,12.105547622596768,8.302020719749175,0.2944240003777135,0.021370025736192483
85635,5-albourne avenue_2021,13.985124964349314,9.572031908897666,0.30177023356396543,1.0506467843732339
85645,5-albourne avenue east_2021,12.026292210364849,7.613618166269144,0.3056700001875512,0.6927471005386056
85658,5-albright street_2024,10.57325854348588,7.110816740656603,0.18947978349412506,1.2048923813853196
85676,5-alden place_2022,10.830543226030937,7.027641435040712,0.2587377872383178,0.6845099871642818
85703,5-alexander avenue_2019,12.079952209990092,8.32598978810412,0.2679390364032634,1.8402956328881204
85766,5-allen court_2022,11.723891940926753,7.920477717641729,0.3160980174260756,0.03816246109434891
85768,5-allen court_2024,11.383358578892807,7.920477717641729,0.343834233062282,0.0925791812930932
85778,5-allen place_2024,11.365793170820709,7.902918544528439,0.3327708135180266,0.09585548564352137
85786,5-allendale road_2022,11.934843362438203,8.131361595216816,0.263042767264074,0.8312555826775745
85818,5-allison avenue_2024,12.371552195193335,8.908450435549415,0.35839759725017856,0.04018178963283183
85838,5-almond street_2024,11.718073923939844,8.255092971206793,0.30138091680994283,0.7535364805727293
85886,5-alter avenue_2022,13.31994379982401,9.516246386701692,0.27870068378718454,0.02557027611153001
85888,5-alter avenue_2024,12.979407818347832,9.516246386701692,0.2618336197216883,0.09139342842921055
85893,5-altoona avenue_2019,10.908446933699242,7.155010956414277,0.2307337205808854,0.6973383851784134
85948,5-amador street_2024,12.36112315952196,8.89802277327536,0.3663976399172549,0.03507752661269611
85976,5-amazon court_2022,10.106326982697635,6.304346754997161,0.06306685052611492,0.177476505130755
85993,5-amber street_2019,13.061063428447111,9.306953176644008,0.18318923580717708,0.7158377904796438
85996,5-amber street_2022,13.110633825361882,9.306953176644008,0.3228954476763601,0.011632084229707653
85999,5-amber street_2025,12.685476360531235,9.306953176644008,0.0,0.015282623531156904
86003,5-amboy road_2019,15.819670453129916,12.065477152933328,0.35491301868423436,0.6441669983382267
86005,5-amboy road_2021,16.47863333145658,12.065477152933328,0.38243139339800525,0.5165293266826688
86006,5-amboy road_2022,15.869240946365323,12.065477152933328,0.4109089318905053,0.20016147492228561
86038,5-amity place_2024,11.961260985272016,8.498225676250806,0.42199441005937494,1.4282517108803976
86043,5-amity street_2019,10.483186127341282,6.7301542658561475,0.27833621003354325,1.5456244617027726
86051,5-amsterdam avenue_2017,12.75374302949386,8.54003184387727,0.24971547452793005,2.305979326062061
86086,5-amy lane_2022,9.96324246282347,6.161537177905381,0.23947997063390322,0.45679173527350503
86123,5-anderson street_2019,12.935468700701307,9.181370314138995,0.22657950213382994,0.763419233545277
86173,5-andrews avenue_2019,12.024972780529458,8.271023723595798,0.12137446235389111,0.8690313953898946
86176,5-andrews avenue_2022,12.074542990465407,8.271023723595798,0.32054779372268494,0.053540766928029816
86193,5-andros avenue_2019,12.62082126608303,8.866760051929573,0.2227625263524653,0.4550803286503597
86196,5-andros avenue_2022,12.67039160611952,8.866760051929573,0.29337173791653703,0.3014370376841167
86198,5-andros avenue_2024,12.329856233758054,8.866760051929573,0.2947261699575796,0.03207989346341168
86218,5-androvette street_2024,12.046277692286491,8.58322629084005,0.28249623541941543,0.02810143011087481
86246,5-ann street_2022,11.948814700681954,8.14532894307683,0.3083493777093144,0.6258849535007776
86252,5-annadale road_2018,15.06862940035982,10.723937026886325,0.32945158785712064,0.6982839646650977
86318,5-arbutus avenue_2024,12.813277154716816,9.350128615787291,0.21027955456878794,1.005582839352917
86336,5-arc place_2022,11.331696359255906,7.528452666253441,0.28826329885582164,0.8484828722689131
86348,5-arcadia place_2024,10.670358414524287,7.207843445865477,0.2597082204093748,0.9343663786013854
86362,5-arden avenue_2018,15.681190272600208,11.336487947689342,0.4440489182499333,0.6621208019548224
86363,5-arden avenue_2019,15.090675217638912,11.336487947689342,0.4425198718905201,0.0298500219688853
86368,5-arden avenue_2024,14.79970916433963,11.336487947689342,0.5027681711343418,0.11413193404491262
86372,5-ardmore avenue_2018,13.565658986024939,9.221042542783174,0.2121641999729444,0.4673751778920435
86383,5-ardsley street_2019,12.941203429267386,9.187104467850459,0.1942649409701213,1.1962530838107168
86386,5-ardsley street_2022,12.990773813086799,9.187104467850459,0.28836811158291686,0.031207927124193163
86395,5-area place_2021,12.581088507252929,8.168206773438824,0.29896238787156104,0.7734821532122194
86396,5-area place_2022,11.97169894784242,8.168206773438824,0.2709248033415614,0.05515084446484804
86403,5-argonne street_2019,9.541713759698846,5.790504164475739,0.19415601444095745,1.259568330826808
86422,5-arkansas avenue_2018,11.869791928024899,7.525610074594522,0.16610896881613196,1.6472152767681303
86478,5-arlington place_2024,12.297595531043779,8.834503827262282,0.38254432391714943,0.021370025736192483
86522,5-arnold street_2018,12.818130721980532,8.473622839537516,0.2551801860383263,1.0564352097689236
86535,5-arnprior street_2021,11.620630444126846,7.2082003644211206,0.32218275967840126,0.7012145516377041
86553,5-arthur avenue_2019,12.552941598787635,8.798890055916903,0.19480939571216008,0.7235308851943855
86556,5-arthur avenue_2022,12.602511927606171,8.798890055916903,0.26867912532616556,0.019802627296179712
86585,5-arthur kill road_2021,16.271743436452745,11.858588564624679,0.4330381495250223,0.8005206688282747
86586,5-arthur kill road_2022,15.662351064813393,11.858588564624679,0.44895260130928116,0.17889903999262471
86588,5-arthur kill road_2024,15.32181448140037,11.858588564624679,0.4221612916088537,0.4151513776975852
86635,5-ashland avenue_2021,13.591605846108454,9.178545967404528,0.30243571396408764,0.9564725215069869
86645,5-ashland avenue east_2021,12.281501165205674,7.868717262767839,0.30364979748027526,0.6292484547097136
86666,5-ashton drive_2022,11.55789504989861,7.7545449508348465,0.271373334409857,0.7075923449914415
86706,5-aspinwall street_2022,12.981128768022725,9.177460392632696,0.3430947773817064,0.5288030569966433
86725,5-athena place_2021,11.676445396141476,7.263975604647641,0.3018909907817262,0.6758992871503919
86736,5-atlantic avenue_2022,13.385048850369682,9.58134689873782,0.2799209401924139,0.3883189492731939
86738,5-atlantic avenue_2024,13.044512826919297,9.58134689873782,0.31908049390934373,0.056947280441750125
86778,5-augusta avenue_2024,12.359902309617421,8.896802085082648,0.36400434001141446,0.030238183060609998
86783,5-aultman avenue_2019,11.89804740855016,8.14413216139274,0.2580816026754902,0.714419315835485
86806,5-austin avenue_2022,11.909206125790657,8.10573182743467,0.2745074314458222,0.7008673035750834
86818,5-austin place_2024,11.688444252482062,8.225470871744681,0.3364722366212129,0.03604259134692935
86828,5-avalon court_2024,9.123719411222107,5.663852741211873,0.0,0.32418274348847564
86836,5-avenue b_2022,11.352400652203233,7.549146189076008,0.27941268096927424,0.6637183698691331
86876,5-avon green_2022,10.50262201453626,6.700056730011517,0.2953000407315934,0.9595417738684701
86898,5-avon place_2024,11.239874892184075,7.777048315595518,0.3228328435278942,0.6191238202111591
86978,5-baden place_2024,12.606752008101573,9.143622791257563,0.246620585654007,0.7032955116117604
87028,5-balsam place_2024,12.069713958908087,8.606658356594489,0.36320529881828173,0.838718303879164
87038,5-baltic avenue_2024,11.827178887122892,8.364171908296612,0.2872509450469569,0.9031244353423962
87048,5-baltic street_2024,10.974969377876665,7.512265971107207,0.15020200737184203,0.3597003627404201
87076,5-bancroft avenue_2022,13.05538597638146,9.25171036985799,0.3331052300733086,0.673301552339239
87113,5-bank street_2019,10.74011309968155,6.986816930816703,0.2050993770328933,2.7472901448398135
87136,5-barb street_2022,11.256383193825375,7.453180612459872,0.26867912532616556,1.4738472581277522
87143,5-barbara street_2019,13.004426982698595,9.250321897451393,0.14842000511827327,1.1813897151256778
87146,5-barbara street_2022,13.053997373620861,9.250321897451393,0.30088859876254676,0.012027380212718455
87153,5-barclay avenue_2019,13.833567328792858,10.079409361509699,0.32039687370603565,0.8989410935390421
87158,5-barclay avenue_2024,13.542601512815736,10.079409361509699,0.36965924735902544,0.013607003406216902
87183,5-baring place_2019,9.53969480310806,5.788491240259934,0.2614588773526785,0.7345290183387145
87196,5-barker street_2022,12.09728194448726,8.293757054269633,0.27361297700336173,1.3551390351122345
87202,5-barlow avenue_2018,14.974057028058477,10.629366809564571,0.2779354802409823,0.5441249941669167
87205,5-barlow avenue_2021,15.042504771103458,10.629366809564571,0.3488360809975759,0.38240116850961275
87206,5-barlow avenue_2022,14.433112573550357,10.629366809564571,0.35557630143632446,0.26005390533430683
87288,5-barry street_2024,11.626120203076134,8.163163500793658,0.30138091680994283,1.5859440810183671
87292,5-bartlett avenue_2018,13.372598342553882,9.028002694662426,0.21632335407144415,0.8501081934137071
87298,5-bartlett avenue_2024,12.491119218011978,9.028002694662426,0.3093664401888705,0.022054990780831327
87318,5-bartow avenue_2024,11.593270217657132,8.130322733566233,0.20082742299166248,0.9395383985938455
87331,5-bascom place_2017,12.27585519412033,8.062261996524411,0.20440702220002768,0.5963609118722534
87342,5-bass street_2018,11.072389574757766,6.728856554732951,0.25912014158986696,0.7225117891898493
87498,5-bayview place_2024,11.135403332662596,7.6726214778451025,0.31782657524975,0.7013137432263387
87518,5-beach avenue_2024,12.941186393199896,9.478027740983451,0.32771861269497815,0.06175339627548214
87538,5-beach street_2024,12.354693975678554,8.891594443253085,0.4591692870800254,0.6918463348268972
87548,5-beachview avenue_2024,11.326885055201224,7.864024635699711,0.16687723436648103,0.6686495489595451
87588,5-bear street_2024,11.57715173110518,8.114208882020746,0.24834066235974478,0.6533663105481008
87608,5-bedell avenue_2024,13.346544978008334,9.883361624877834,0.2747126697277815,0.5888971591861462
87666,5-beechwood place_2022,11.969705258637974,8.166213637450424,0.2853263587593219,0.8537342452078939
87685,5-beekman street_2021,12.573134682336025,8.160255185193941,0.32251355690272104,1.4087405499497208
87733,5-belair road_2019,12.596830478637926,8.842772607873723,0.20199117630898308,1.6138282607353933
87765,5-belfield avenue_2021,13.396002546042794,8.982964699239846,0.2765665385915841,0.43178241642553783
87768,5-belfield avenue_2024,12.44607586694007,8.982964699239846,0.25571087997675446,0.23538827773064688
87823,5-bell street_2019,11.161446289599706,7.4078398209502225,0.2700271372130602,2.103999998930319
87872,5-belmont place_2018,12.56912423159045,8.224674649465067,0.2536590952401602,1.6715296927410852
87903,5-bement avenue_2019,14.003586462128878,10.249422091908096,0.33141818415201346,1.4555638610083441
87909,5-bement avenue_2025,13.627998802576657,10.249422091908096,0.0,0.006280237957150483
87923,5-benedict avenue_2019,12.873851701740096,9.119759704246116,0.24131085526965873,0.9050679918516744
87969,5-bennett avenue_2025,12.498292958822685,9.119787826702504,0.0,0.8047779967311307
87985,5-bennett street_2021,12.857492825126268,8.444543448888837,0.3152106198813513,0.8112857085769868
88048,5-benton avenue_2024,12.126659650803415,8.6635942421158,0.26853440303764686,0.1573455707237775
88062,5-benziger avenue_2018,13.342519087371013,8.99792705633038,0.27271141433885937,0.7737128283995125
88153,5-bertha place_2019,11.778557651650333,8.024678403008153,0.23951671305119104,1.6492738209312996
88168,5-bertram avenue_2024,11.687810087779857,8.224836871570446,0.1527422288902003,0.07259969241434357
88228,5-beverly avenue_2024,11.508110664420887,8.045188535910485,0.13726006466283458,1.3827380449171134
88233,5-beverly road_2019,12.488719119887149,8.73467735173114,0.19872074359307218,1.0330065315701158
88255,5-bidwell avenue_2021,13.313895929280815,8.90086869407271,0.29343035953012914,1.2127144842626907
88256,5-bidwell avenue_2022,12.704504871693413,8.90086869407271,0.2683416896911868,0.009058844488346039
88315,5-birch avenue_2021,11.905017074532525,7.492405910363732,0.29858136290981657,0.7152021713407766
88326,5-birch lane_2022,9.721798200626331,5.920655863269266,0.263268832597918,1.1816965200615077
88386,5-blackford avenue_2022,12.023467050960239,8.219960891091404,0.3279324750730784,1.3432824705265995
88408,5-blaine court_2024,10.754460637637091,7.291887788057366,0.32408050432604946,0.7232398208671146
88455,5-bloomfield avenue_2021,12.988059483288605,8.575084100595664,0.11564986404144756,0.7853160680313224
88486,5-bloomingdale road_2022,14.622690821253745,10.81894097210513,0.40166208439306544,0.8645341723011203
88489,5-bloomingdale road_2025,14.19753252062119,10.81894097210513,0.0,0.004390348301292895
88576,5-bogota street_2022,12.254171517140323,8.450611124530827,0.21168277799134608,1.096476676537688
88596,5-bombay street_2022,11.511684956940725,7.708354685061746,0.22999502626331153,0.9703621636618824
88605,5-bond street_2021,12.307614400978364,7.894820758296504,0.2744094480661745,1.4274602964857115
88616,5-boone street_2022,11.82559842546695,8.022149858268154,0.3271855510530088,0.6660842610102562
88645,5-borman avenue_2021,12.24264987373376,7.829880941615927,0.3137102445061167,0.9241398468175541
88662,5-boscombe avenue_2018,13.342077536284718,8.997485559152283,0.3061938773149519,3.3077361581508375
88676,5-bosworth street_2022,10.961142402201597,7.158134427351036,0.18623545611509093,0.8310378078993886
88678,5-bosworth street_2024,10.620612799157795,7.158134427351036,0.2597082204093748,0.0684994164246923
88736,5-bowdoin street_2022,12.181216485025198,8.377671910281817,0.325062858683055,1.0967772727223801
88766,5-bowles avenue_2022,11.546715700786502,7.743370314759255,0.314381278807021,0.7232398208671146
88798,5-boyd street_2024,10.97569180085103,7.512988011894746,0.3079916706079952,1.4226262903672808
88816,5-boyle place_2022,10.122663988417674,6.320654793644964,0.34317242919103247,0.8525412327101952
88835,5-boynton street_2021,11.481785689616924,7.069464560182725,0.26971337890896446,0.7209082513453356
88845,5-brabant street_2021,13.01736789611438,8.604387127764783,0.37061837677799625,2.719102235088578
88848,5-brabant street_2024,12.06744232719108,8.604387127764783,0.3836190150469149,0.056663847117541744
88865,5-bradford avenue_2021,13.715238237038957,9.302166498498634,0.29161269359372327,1.0798371333417756
88896,5-braisted avenue_2022,12.814502201816532,9.010852146036415,0.2847365622220241,0.6996758225226456
88938,5-brehaut avenue_2024,12.092661238976119,8.629601617726895,0.26501327263906804,0.05713619137080915
88946,5-brenton place_2022,11.3810217436313,7.577752754431509,0.2865049092787661,0.06344417255653478
88968,5-brewster street_2024,11.062595277791731,7.599847469865011,0.22864562846819314,0.7353442292597336
88973,5-briarcliff road_2019,11.436927301084603,7.683178206230723,0.2170935408209367,0.9760679359100157
89023,5-bridgetown street_2019,12.673060920561824,8.918992697817322,0.27216044714768983,1.244817198595315
89028,5-bridgetown street_2024,12.382095831468225,8.918992697817322,0.3315339549806304,0.03546366427556904
89035,5-brielle avenue_2021,14.518736358015015,10.105614849804695,0.4069791129393794,2.5334825052806824
89098,5-britton avenue_2024,12.692695035363702,9.229557290748543,0.21096238149869875,0.6017991411006399
89108,5-britton street_2024,10.709138662907318,7.246596399903889,0.23275241042084652,0.055434706888100586
89111,5-broad street_2017,13.831894784053176,9.61805652200201,0.374688910578532,2.0834833625061675
89122,5-broadway_2018,14.289590347796464,9.944923597234045,0.3244445303449173,2.4620558816269886
89128,5-broadway_2024,13.408109901037655,9.944923597234045,0.3280283295701043,0.7404123730270595
89156,5-brook street_2022,12.241483388657496,8.437925664828636,0.5723743859072322,0.6801632530016505
89166,5-brookfield avenue_2022,13.534077374572476,9.73036608184981,0.31022028564512616,0.011730922875698666
89196,5-brooks place_2022,10.372905374105025,6.570506754981162,0.2614588773526785,1.1771153501560534
89198,5-brooks place_2024,10.032381412227256,6.570506754981162,0.2516974966632958,0.2881069821648613
89238,5-brower court_2024,10.774047048260707,7.311461403058622,0.3774912560657583,0.40978907958821886
89313,5-brunswick street_2019,11.47462266454177,7.72085693256986,0.1847986450063164,0.6522210139472995
89318,5-brunswick street_2024,11.183660025940856,7.72085693256986,0.3115332882739608,0.11315009793265586
89336,5-bryant avenue_2022,13.108553050115054,9.304872586294323,0.25078754052873603,0.009058844488346039
89375,5-buel avenue_2021,14.662163583501352,10.249036683252822,0.3558895987549896,0.5887861652352026
89376,5-buel avenue_2022,14.052771499822427,10.249036683252822,0.3442633967306527,0.010939940038334364
89378,5-buel avenue_2024,13.712235172427727,10.249036683252822,0.3714720860459569,0.025375306331228243
89416,5-burbank avenue_2022,13.001384850789613,9.197714449322646,0.23344326783447358,0.009752291442678272
89445,5-burgher avenue_2021,14.132447006166684,9.719344525379238,0.3560526042068064,1.244845997535516
89448,5-burgher avenue_2024,13.182519070004002,9.719344525379238,0.4031636111198852,0.06812582904760042
89496,5-burton court_2022,10.76980705562535,6.966959569248232,0.2198439961170443,0.890275244670873
89525,5-butler boulevard_2021,12.601125493714685,8.188238203566266,0.24582025998523951,0.34875365319072266
89533,5-butler place_2019,11.210812923805715,7.45717792604732,0.28053449625624094,0.6446394764949018
89536,5-butler place_2022,11.26038276936042,7.45717792604732,0.2865049092787661,0.033531483208792325
89678,5-calvin place_2024,9.600157462010156,6.1390163432004705,0.2382020151884112,0.6161041360616332
89692,5-cambridge avenue_2018,12.880270357001848,8.535750051508845,0.30010459245033805,0.426182349696886
89708,5-camden avenue_2024,11.203268580041758,7.7404571451076984,0.20504980787151075,1.019749440242385
89746,5-campbell avenue_2022,11.887150576490036,8.08368285852224,0.3022808718729336,0.663460870189585
89755,5-campus road_2021,12.143879715825529,7.731151566089669,0.2700971676763403,3.626740717854538
89761,5-canal street_2017,13.415505673969896,9.201701257598467,0.2890863147999991,1.9057427021767666
89808,5-cannon boulevard_2024,12.569227235589356,9.106101978267425,0.33499331103737995,0.06034222900616173
89858,5-canton avenue_2024,11.742088496436674,8.27910156912649,0.32740000944890213,0.04392118705792815
89895,5-carlin street_2021,11.729318108102293,7.316812687100797,0.17506546232618192,0.7121651863957071
89902,5-carlton avenue_2018,13.421504725314668,9.07690342406546,0.25593337413720063,1.0250733853332394
89911,5-carlton boulevard_2017,14.092573334871247,9.878720034736867,0.23294287527470486,0.014888612493750654
89918,5-carlton boulevard_2024,13.341903157943642,9.878720034736867,0.28051358297316836,0.29698863177208057
89956,5-carlyle green_2022,12.213877999123323,8.410326200014417,0.30286041405084674,2.522611791966649
89962,5-carlyle street_2018,10.895244757416291,6.551940474049513,0.2843313947732438,1.3608483397884157
89972,5-carmel avenue_2018,12.208699732624128,7.864364912997196,0.2747923380624184,1.6103375076769364
90043,5-carolina place_2019,10.112539371411781,6.360030693316338,0.2297880940328783,0.750377814014217
90056,5-caroline street_2022,11.90346136135094,8.099988763026081,0.2803019651541584,0.8738006802532029
90075,5-carpenter avenue_2021,12.528709863399389,8.11584319124981,0.31496071359490757,1.687472451239442
90076,5-carpenter avenue_2022,11.919320459085887,8.11584319124981,0.32037701411335523,0.04554681495597039
90122,5-cary avenue_2018,13.97364430384609,9.628995145613825,0.3141679919421873,0.9887974226609031
90158,5-cassidy place_2024,12.076705930364854,8.613649093711029,0.3096375531090617,2.167177655983923
90161,5-castleton avenue_2017,15.132676475993845,10.918790525617096,0.3782304200623265,0.45805755822733496
90162,5-castleton avenue_2018,15.263486745656035,10.918790525617096,0.3886579897917832,2.7501130254745965
90165,5-castleton avenue_2021,15.331934493920642,10.918790525617096,0.4199972192950059,0.21768870063124593
90225,5-catherine street_2021,13.120610366421706,8.707611835574255,0.32090580150261144,1.0814322194582568
90236,5-catlin avenue_2022,11.2146893736306,7.411510918411394,0.2961753143104485,0.07733134293632346
90266,5-cebra avenue_2022,12.916395997346912,9.112734378837626,0.4881887825349587,0.733232904099231
90278,5-cecil court_2024,9.968434454904232,6.50664941707206,0.0,0.15614868248993136
90283,5-cedar avenue_2019,12.307945826248096,8.553935193827035,0.24608190726989007,1.205581509665352
90346,5-cedarview avenue_2022,12.226884422354267,8.423329811405717,0.33731221987093796,0.023814178099254877
90413,5-center street_2019,13.000934711469338,9.246829954476777,0.23224486556055532,0.7962902394768138
90433,5-centre avenue_2019,10.258039065865775,6.505301679509757,0.25144513869217644,0.7648630081015455
90505,5-charles avenue_2021,13.131466782878515,8.718466488555704,0.3053197281294462,1.3075757764084854
90516,5-charles court_2022,10.184986928078938,6.3828714673632225,0.2614588773526785,0.8219800524029137
90528,5-charles place_2024,9.034398623651557,5.574845875176022,0.0,0.2974343638944592
90538,5-charleston avenue_2024,11.930468834565406,8.467439699824704,0.3309149515563466,0.9265578442299327
90558,5-charter oak road_2024,9.824939601992922,6.363377764356019,0.3115332882739608,0.3393253056036194
90581,5-chelsea road_2017,13.971572938309405,9.757726133203441,0.12570693787903994,1.463880207024861
90652,5-chesebrough street_2018,12.262091642527304,7.917737107064801,0.19308216665892833,0.5498540107334691
90668,5-cheshire place_2024,11.272196636908973,7.8093571438051725,0.25837754822366976,1.5543479461161405
90688,5-chester avenue_2024,12.28250489782483,8.819415338850973,0.3220002040126785,0.8229905307086952
90698,5-chester place_2024,10.86132062391728,7.398680911951556,0.24632113962691543,0.9880903274899296
90726,5-chestnut avenue_2022,12.485440351047503,8.681836803321396,0.270452378655889,0.9858914186039909
90758,5-chestnut street_2024,9.971966627769646,6.51017648898888,0.060218859993054756,0.7013633353312858
90765,5-cheves avenue_2021,11.745718846123449,7.333202750231574,0.3117062358194015,1.4316978445737403
90812,5-chisholm street_2018,12.05694322268451,7.712670544564133,0.28293397595570663,2.3577264739902484
90853,5-christopher street_2019,11.712433634379044,7.9585762345013205,0.16059247189474066,0.6182080938954516
90873,5-church lane_2019,9.91394578228635,6.161808044572351,0.27745554066794964,0.7943490610689127
90966,5-clarence place_2022,11.54676457626741,7.743419169520198,0.33057251449402464,0.7004206645264437
90998,5-clark place_2024,10.10704871244711,6.64507640334263,0.18232155679395462,0.8039727356488299
91028,5-clawson street_2024,13.749145098490908,10.285945367006708,0.37672836313891933,0.05173819540441444
91065,5-clearmont avenue_2021,12.878830211655583,8.465876349988417,0.3068045732686028,0.6677780892094041
91098,5-cletus street_2024,10.403361188605404,6.941065791448551,0.316571082303918,0.1406311297397456
91156,5-cliff street_2022,11.864836460049979,8.061375548919667,0.2970498224553811,0.8393232907175466
91168,5-cliffside avenue_2024,10.589407117396902,7.126952649043784,0.09217045979965713,0.7019086862285181
91183,5-clifton avenue_2019,13.457140433057175,9.70300118354083,0.25524131588012167,1.2562426217596172
91189,5-clifton avenue_2025,13.081553048126963,9.70300118354083,0.0,0.26020809545102586
91212,5-clinton avenue_2018,13.281360217593628,8.936775884659761,0.3473783430195519,0.7620200448463207
91226,5-clinton b fisk avenue_2022,12.638833615862689,8.835206481504436,0.3250021440720653,0.09394561284252785
91228,5-clinton b fisk avenue_2024,12.298298284380694,8.835206481504436,0.357019712085571,0.21486941486196412
91249,5-clinton place_2025,12.079961164177927,8.701510957261439,0.0,0.6662383640027275
91268,5-clinton street_2024,11.19277235042612,7.729965360293406,0.2772833652308823,0.6508136275438667
91293,5-clove lake place_2019,11.930501514554258,8.176577210073347,0.24760384888437043,2.168596452990729
91311,5-clove road_2017,15.622051260161507,11.408158403241298,0.32687684071953,0.6304203506516403
91312,5-clove road_2018,15.752861542535548,11.408158403241298,0.35860645394694657,0.9938812045063405
91313,5-clove road_2019,15.162346478956936,11.408158403241298,0.3661810398168019,0.2960965710527993
91318,5-clove road_2024,14.871380419131857,11.408158403241298,0.3846171070129367,0.3728041658686032
91352,5-clyde place_2018,10.29311567533962,5.950974406632665,0.27421146819348147,2.5452567241158004
91446,5-colfax avenue_2022,12.646543834284413,8.842915607168436,0.2745074314458222,0.01862546412316489
91456,5-colgate place_2022,11.402960095507312,7.599680249889172,0.30230675145523855,0.678896114790085
91485,5-college avenue_2021,14.54879049123914,10.135667788250123,0.36501990127616524,0.6063903166336634
91521,5-collfield avenue_2017,14.22490738268687,10.011047823484136,0.23071308325911372,0.19540229633248507
91522,5-collfield avenue_2018,14.355717603773924,10.011047823484136,0.2585784297673024,0.3709426740697414
91542,5-colon avenue_2018,14.552346159170305,10.207668467803934,0.26966651136876485,0.6296214796800671
91558,5-colon street_2024,11.998775428804038,8.535732849965788,0.21158272891313376,0.3106414765866914
91589,5-colony avenue_2025,12.508780432819872,9.130274197493266,0.0,0.021467906615240923
91593,5-colorado street_2019,10.42315030205016,6.670190607119037,0.23920435946439406,0.6904936630943819
91628,5-columbus avenue_2024,11.656909638195549,8.193944566507934,0.38103108277088227,0.6873302952383804
91635,5-columbus place_2021,11.904782413628025,7.492171378666434,0.27700887765568877,0.7076909060007861
91643,5-combs avenue_2019,12.17679894012308,8.422814690627844,0.13546404765260828,0.6090588001776587
91728,5-confederation place_2024,11.621054111731977,8.158098811401045,0.17655785207720454,0.03101405352916946
91756,5-conger street_2022,11.179906167331698,7.376748623040778,0.2953000407315934,0.07936555538074047
91768,5-congress street_2024,10.317528530214716,6.855317101479987,0.2189970353523612,0.6539384673346647
91828,5-continental place_2024,12.284548205198874,8.821458353915245,0.339634016876839,1.606052187329892
91878,5-cooper avenue_2024,11.155391520512053,7.692600744117265,0.2936984206379266,1.0408066065717225
91896,5-cooper terrace_2022,11.032175796168769,7.22911562813582,0.2505298068204882,0.7457870678841247
91905,5-copley street_2021,12.797503158465961,8.384566917900118,0.2950181114939642,0.6277015814848761
92045,5-correll avenue_2021,14.276922386768552,9.863811917785332,0.3529928000253817,0.10363903475948592
92046,5-correll avenue_2022,13.66753047224912,9.863811917785332,0.31780627237141024,0.06288089803920102
92048,5-correll avenue_2024,13.326994295249774,9.863811917785332,0.36733888460174025,0.023032699110572687
92052,5-corson avenue_2018,14.917651012640086,10.572962179892741,0.31653126977667984,0.4490991451282257
92055,5-corson avenue_2021,14.986098754479858,10.572962179892741,0.34217025773585064,0.028976108236517098
92065,5-cortelyou avenue_2021,14.334822749075563,9.921709388905366,0.35557845260080356,0.35304837588303367
92125,5-cottage place_2021,12.140765100725305,7.728038303652817,0.2710200562149671,1.6144453542446395
92188,5-country drive east_2024,9.987219909947166,6.525407948745778,0.0,0.2974343638944592
92288,5-court street_2024,10.690059348749678,7.227530381998719,0.2868196316911223,0.6652105618669226
92318,5-coventry road_2024,11.228080711656839,7.765258953189802,0.28440083299974633,0.05126329393754153
92353,5-cowen place_2019,10.465692944397,6.7126816658714965,0.24760384888437043,0.6914457339201878
92402,5-crafton avenue_2018,13.232684256139862,8.888106395548068,0.2190650701667739,0.53508887590167
92411,5-craig avenue_2017,14.362438217589794,10.148572974234494,0.27264790141969475,1.5609616989769857
92498,5-creston place_2024,9.376525757562645,5.915908143933896,0.16200155430299706,2.424094510391243
92545,5-crittenden place_2021,10.766875516283218,6.355431362381806,0.28063676450594877,2.2381958940406954
92546,5-crittenden place_2022,10.157500770731238,6.355431362381806,0.28141245943818555,0.16492104211378728
92551,5-croak avenue_2017,12.750119703309396,8.536409216785994,0.21763822871885447,1.3147715062078749
92598,5-cromwell avenue_2024,13.073251272540082,9.610083450756743,0.2750159883111275,0.08681969195256017
92628,5-cross street_2024,10.315260186721325,6.853051076188125,0.24632113962691543,0.6214900487957142
92645,5-crosshill street_2021,11.976235548242174,7.563586537826538,0.3132096187134331,0.7104466776380065
92683,5-crown avenue_2019,13.634452040098159,9.88030309545221,0.22020542888097405,0.20831413706820825
92803,5-curtis avenue_2019,11.524265780894918,7.7704790734898195,0.22504650146029587,0.7130968558675657
92858,5-cypress loop_2024,10.11953880939403,6.657550864622054,0.0,0.43353412803575675
92876,5-daffodil court_2022,10.71936383901788,6.9165640277324645,0.2776317365982795,1.1023718792092585
92948,5-dallas street_2024,10.341969958906848,6.87973388195133,0.2597082204093748,0.7485345826395032
92972,5-daniel low terrace_2018,13.337878300334069,8.993286837070215,0.25488784821065313,1.3296975542551008
92998,5-danny court_2024,10.620470749271787,7.157992484594763,0.0,0.13601580391744317
93001,5-darcey avenue_2017,12.197753432336114,7.984185461349168,0.23027041267945916,2.0397907360500436
93012,5-darlington avenue_2018,14.337846584224376,9.993177603070796,0.23597317924963168,0.7201298518898321
93056,5-david street_2022,12.452395521362257,8.648797545947948,0.26927846606930855,0.3628359260522052
93073,5-davidson street_2019,11.903635267432287,8.149718439793164,0.24457883203427475,0.7590285496734581
93085,5-davis avenue_2021,14.631003580372031,10.217877786713274,0.31327790062671884,1.3584862754793192
93138,5-dawson place_2024,9.642649879366168,6.181421830180655,0.24811647224558972,1.2439816683451714
93175,5-de hart avenue_2021,12.491434449718309,8.078578986884851,0.3558526881708754,1.806877940359756
93188,5-de ruyter place_2024,10.46901458859442,7.006659652412008,0.18947978349412506,0.08681969195256017
93209,5-deal court_2025,10.425088529393348,7.0473180843279355,0.0,0.5687171021817683
93292,5-deisius street_2018,13.016216375146918,8.671671438496055,0.25532198184207816,0.14988444953729207
93302,5-dekalb street_2018,12.243303107201454,7.898955390040963,0.26817077595409944,0.7171566330202972
93332,5-delafield avenue_2018,14.358017307476954,10.013347425384804,0.25906340912703596,0.1432341680859078
93336,5-delafield avenue_2022,13.81707304482473,10.013347425384804,0.3300902346688068,0.12380928572628641
93338,5-delafield avenue_2024,13.47653680248671,10.013347425384804,0.30081386264107646,0.009455158770755135
93339,5-delafield avenue_2025,13.391915036831783,10.013347425384804,0.0,0.550546211960923
93356,5-delaware avenue_2022,13.397639767735608,9.593936971968917,0.28748597479451954,0.0
93358,5-delaware avenue_2024,13.0571037364783,9.593936971968917,0.316571082303918,0.06952606264861023
93363,5-delaware place_2019,10.040463150096768,6.288080681401816,0.2363887780642304,1.83354100324301
93435,5-delmore street_2021,12.703939461592663,8.291025347516483,0.24037134616113265,0.8861613668926431
93462,5-demopolis avenue_2018,13.047158867450545,8.702608777045956,0.19409409301922184,0.6389549514765184
93466,5-demopolis avenue_2022,12.50621573500497,8.702608777045956,0.32336145461460536,0.032370380030450716
93495,5-denker place_2021,13.018860902983972,8.605879864484079,0.31699385085426884,0.9907300776889888
93496,5-denker place_2022,12.40947032104452,8.605879864484079,0.3064955799838362,0.04162167469081946
93608,5-detroit avenue_2024,12.729052816010995,9.265911678599183,0.21232663819051278,0.024302292522964862
93615,5-devens street_2021,13.341506736519813,8.928475835201436,0.3354932840222288,0.5562959978107481
93666,5-dewhurst street_2022,11.747650847827195,7.944228286365399,0.29179126520191406,0.6318035503188933
93725,5-dickie avenue_2021,13.367996089222668,8.954961764560565,0.28866006763975766,0.5054310994486833
93796,5-disosway place_2022,11.1919123318133,7.388747487373448,0.3095345808894045,0.6984829201494644
93798,5-disosway place_2024,10.851381277086153,7.388747487373448,0.2382020151884112,0.08929210747876185
93803,5-ditson street_2019,10.47077511481161,6.717757819355651,0.40778798952430406,0.8790456658442425
93833,5-dixon avenue_2019,12.831009108961174,9.076921791597643,0.24946085963158315,0.46950350420405323
93836,5-dixon avenue_2022,12.880579479274864,9.076921791597643,0.3450866401391263,0.011730922875698666
93846,5-doane avenue_2022,13.177941650957615,9.374255224123962,0.32144390848533355,0.6906941743988785
93899,5-doe court_2025,9.720119063532863,6.343208315002779,0.0,0.8345165260224705
93916,5-dogwood drive_2022,12.177256868252009,8.373713185473905,0.2903843004956707,0.9827524025735747
93938,5-dole street_2024,9.86743618000738,6.405804876663086,0.298826637004846,0.39864188276003887
93985,5-donald place_2021,12.014327094222336,7.601658920553293,0.2811539613108575,0.6883356235627233
93996,5-dongan avenue_2022,11.647252450107432,7.843866513803595,0.2856711232767307,1.5147095633334593
94005,5-dongan hills avenue_2021,14.384716336024669,9.97160061527846,0.31124797838206825,0.6247077273374243
94008,5-dongan hills avenue_2024,13.434788142369172,9.97160061527846,0.32657116563850136,1.3604379465746632
94023,5-donley avenue_2019,11.937635085358522,8.183708829123502,0.2679390364032634,1.1528163426816218
94045,5-dora street_2021,12.022518465997637,7.609846265834494,0.2924651358923805,0.7800127135815272
94086,5-dorothea place_2022,11.684242177394816,7.880842317850778,0.2490635308979607,0.06933947807861283
94096,5-dorothy street_2022,11.667541276011837,7.864147639118106,0.3506568716131694,0.6545102969450272
94138,5-douglas avenue_2024,10.984131016637255,7.521422783424028,0.2597082204093748,0.7014625121636591
94196,5-downey place_2022,11.198961345354006,7.3957922555124,0.31352180303430227,0.6992286508758133
94206,5-drake avenue_2022,12.226341511407037,8.422787017099795,0.3708871952298303,0.6863742962725166
94256,5-driggs street_2022,12.4428385518737,8.639242222661979,0.2584349863276015,0.19441480448133794
94266,5-driprock street_2022,11.14663502839397,7.343498177809539,0.40705115126379915,0.6781350604394417
94356,5-drive m l king jr ep et 13 sb_2022,10.63257419712206,6.829862251100451,0.14842000511827327,0.15597758145435267
94431,5-drumgoole road east_2017,15.410772468341563,11.196882185196696,0.28126712116309505,1.4845094086168455
94441,5-drumgoole road west_2017,15.419023835640235,11.205133441444815,0.29901402574333125,1.2936032485627273
94476,5-drysdale street_2022,11.700251116206326,7.896845388563816,0.2979235665039779,0.6176690393839885
94518,5-dubois avenue_2024,12.595256978059746,9.132128958397342,0.35477659148322627,0.8391936814891882
94536,5-duer avenue_2022,11.430418258607771,7.627125156214002,0.2933676333611989,0.08277742645756815
94543,5-duer lane_2019,11.26382974125747,7.510165632618856,0.3088842801023839,1.6656291920838429
94588,5-dumont avenue_2024,10.867126914093545,7.404483769635447,0.23275241042084652,0.1416731583161457
94603,5-duncan road_2019,12.226026472212176,8.472031911954783,0.26510775041324186,1.6899666558192956
94652,5-durgess street_2018,12.271936722930338,7.9275786655235905,0.24548852374586755,0.6554453133759338
94708,5-dyson street_2024,9.486479325590297,6.02558972921059,0.1678495241854202,0.6662897263900626
94712,5-eadie place_2018,11.038135232046969,6.694643344887236,0.24872892913230155,2.778266324111857
94735,5-eagle road_2021,10.51018012445497,6.0992381029761065,0.3117062358194015,2.3398134380841644
94745,5-earley avenue_2021,11.345572969882003,6.933374466033193,0.2990893639367434,0.6664951495625188
94786,5-east broadway_2022,12.332900852547892,8.52932463601745,0.30141092836439354,0.035656677208034684
94808,5-east cheshire place_2024,11.710363059351357,8.247384055625309,0.16639073472176028,0.5093445274841925
94812,5-east figurea avenue_2018,13.16310623745091,8.818538192952811,0.18217534727545454,0.6482544116692087
94858,5-east raleigh avenue_2024,11.825773484344966,8.362766823037049,0.2614797000577569,0.7115763160283125
94872,5-east scranton avenue_2018,12.3707655086124,8.026373952235883,0.2566801241125013,0.9998595232934725
94946,5-eaton place_2022,11.534337445995648,7.730997340255219,0.2785857075745145,0.30210259511301113
94976,5-ebey lane_2022,10.93436389878751,7.131376581683865,0.20557841895822188,0.7706636229877737
95003,5-eddy street_2019,11.662983283724737,7.909143193577679,0.2611425172171687,1.6766852613825896
95008,5-eddy street_2024,11.372020042676418,7.909143193577679,0.13022132268135858,0.054393483830331636
95038,5-edgar terrace_2024,10.957492818003965,7.494798741529643,0.2300164306019718,0.7899108489922534
95042,5-edgegrove avenue_2018,14.763588308477278,10.418903684248416,0.23213227122128238,0.21567573646668878
95083,5-edinboro road_2019,12.671549893087246,8.917481867966588,0.2244125870175147,1.8539201655796622
95096,5-edison street_2022,13.23415208317634,9.430461120130172,0.281797445005982,0.6972885930604954
95108,5-edith avenue_2024,11.547623426082438,8.084689264298813,0.2936984206379266,0.6904435289856306
95131,5-edward curry avenue_2017,13.912329774689661,9.69848644789407,0.2097801915136621,1.4186163325820154
95148,5-edwin street_2024,11.375743698469535,7.9128655267332615,0.34464889705845836,0.4525395154940932
95153,5-egbert avenue_2019,12.863759839889346,9.1096689268495,0.24040861464438643,0.9861525590430718
95163,5-egbert place_2019,10.60366007375849,6.850495819820812,0.23837578674244514,2.9027009950803664
95218,5-elbe avenue_2024,12.178486854712384,8.715412993635017,0.24564705803752174,0.22370339457272384
95238,5-eldridge avenue_2024,11.263709959179412,7.800873817250036,0.24811647224558972,0.6911451778892722
95245,5-eleanor lane_2021,10.990034726935285,6.578247245546979,0.2933168521520277,1.082482906738226
95263,5-eleanor street_2019,10.57712295722345,6.823986513129258,0.1733528868111942,2.9022234702962644
95273,5-elias place_2019,11.256559331610765,7.50289912438965,0.20585205420414873,1.4195115119800874
95306,5-elizabeth avenue_2022,11.43510068575907,7.6318053587837555,0.2947995402206449,0.6024015672532002
95346,5-elizabeth street_2022,12.600621918147537,8.797000325569016,0.3482676081027591,0.9321640810304452
95386,5-ella place_2022,10.943988960111069,7.140994154231789,0.2596456402284976,0.08865169759456264
95392,5-ellicott place_2018,10.180267515889637,5.838433160425412,0.24827120037436695,2.696706099401553
95422,5-ellis street_2018,12.6488369610941,8.304367114515097,0.2519639898497017,3.7489933573005167
95432,5-ellsworth avenue_2018,13.933046655037078,9.588400187437346,0.24165933049533808,0.5566972474220472
95443,5-ellsworth place_2019,10.977649942924117,7.224162971311337,0.27057224488532067,0.6987812791770384
95518,5-elmtree avenue_2024,10.705076615150057,7.242537161759925,0.2597082204093748,1.0843781286402852
95525,5-elmwood avenue_2021,13.221869755858737,8.80885549699769,0.2958676570382204,0.6599522757023043
95572,5-eltingville boulevard_2018,14.161197411729578,9.816537147821712,0.2538599187129292,1.2202397767898079
95578,5-eltingville boulevard_2024,13.27971708559201,9.816537147821712,0.3231449046944148,0.009653257028138304
95595,5-elverton avenue_2021,13.80620081443089,9.393121240007986,0.3069665501062692,0.7440303908745152
95602,5-elvin street_2018,13.65907808335784,9.314452930682059,0.2564975538448151,0.09339926425854966
95619,5-elvira court_2025,10.178846851766881,6.801310938190577,0.0,0.10858531041344074
95623,5-elwood avenue_2019,11.85480281393453,8.100900101360823,0.18331312851624965,0.6945961303250497
95662,5-ely street_2018,11.516711259395416,7.172754698191267,0.30945045486857575,1.1970690280091416
95776,5-endview street_2022,11.422859655374713,7.6195701660505195,0.2776317365982795,0.615672007280534
95801,5-englewood avenue_2017,13.30833193592505,9.094538761658443,0.2269247671108729,0.8106635139877844
95813,5-erastina place_2019,11.499225179609706,7.7454489223738605,0.23167845376404714,1.4296651048177036
95905,5-essex drive_2021,12.833189064989668,8.42024491569198,0.32007135108179624,2.4219402255915417
95928,5-esther depew street_2024,10.540922212944194,7.078506394586507,0.24632113962691543,0.9810292330143925
95958,5-eugene street_2024,11.41350776735362,7.95061645638945,0.19469677422160822,0.21720595864745643
95983,5-evan place_2019,11.049815147973462,7.296278624903062,0.09495775689318824,2.400609767041176
95996,5-evans street_2022,11.82513613357153,8.021687714710858,0.2797091969091784,0.6549259677397475
96006,5-evelyn place_2022,11.782081924587676,7.978647625640908,0.2682293839198891,0.6644390164232016
96038,5-evergreen avenue_2024,12.49327681169203,9.030160037808791,0.30364592344079494,0.058268908123975775
96078,5-excelsior avenue_2024,11.839691300164645,8.376681514028341,0.2781540662001263,1.3138849456017503
96096,5-exeter street_2022,12.752556894730741,8.948914466335154,0.30148075606881913,0.018036362486098582
96102,5-eylandt street_2018,13.88099356551091,9.536350711483127,0.254324837218823,0.23079421024473254
96106,5-eylandt street_2022,13.340049557850456,9.536350711483127,0.27693828964394723,0.19852293613196265
96115,5-faber street_2021,12.94007813414568,8.527111916295794,0.29348710838807357,1.3070617419027468
96155,5-fairfield street_2021,12.900983332904671,8.488024914473685,0.29883248949288505,0.2905778755638065
96183,5-fairview avenue_2019,12.692774088038783,8.938703314225284,0.14446675339457826,0.6723320408460253
96186,5-fairview avenue_2022,12.742344439163645,8.938703314225284,0.28895577075751744,0.028587456851912555
96255,5-farraday street_2021,12.336939357775453,7.924135075723274,0.3356565093551627,0.6516478733819163
96326,5-fayette avenue_2022,12.280422188727037,8.476856380953864,0.25828355148215426,0.02634977532278202
96382,5-fenway circle_2018,10.859859754131087,6.516606213175272,0.14265630040152322,3.708476177860494
96402,5-fern avenue_2018,12.87091825997323,8.526399775186482,0.27483676572308724,0.5819362512239434
96406,5-fern avenue_2022,12.329975425741653,8.526399775186482,0.3053197281294462,0.03845118637425273
96416,5-ferndale avenue_2022,12.178736263551087,8.375192247102927,0.3135218030343023,0.04993236874820901
96435,5-ferry street_2021,11.535406179668843,7.123041174445575,0.27726844936383016,1.532621660815464
96478,5-fiedler avenue_2024,10.978846507581853,7.5161410529060895,0.3327708135180266,0.8541174114428646
96486,5-field street_2022,11.418808170990195,7.615520629572467,0.2903570629010839,0.6609854937515491
96511,5-fieldway avenue_2017,13.200428436081804,8.986647865451824,0.1958462422557696,0.8041069908682033
96526,5-figurea avenue_2022,12.715475038059598,8.911837406832005,0.29966876764500855,0.8933495845725876
96528,5-figurea avenue_2024,12.374939609491289,8.911837406832005,0.35114242636900667,0.030432207120201987
96558,5-fillat street_2024,10.969161123760806,7.506460799808319,0.298826637004846,0.07825649796576742
96582,5-fillmore street_2018,13.730896043084895,9.386264726656393,0.280681392380071,1.0404180444233837
96611,5-fingerboard road_2017,13.555455560629422,9.341638165851233,0.30364539581858513,2.053636435497883
96668,5-firth road_2024,11.64348118861093,8.18051973548511,0.36080433728074357,0.05713619137080915
96708,5-flagg place_2024,12.07621653823322,8.613159787694546,0.30984836790904136,0.18962813197639278
96723,5-fletcher street_2019,11.14309575710901,7.389500257316486,0.263556159721823,1.4595912901813475
96763,5-florida avenue_2019,11.19825436824476,7.444626495160572,0.2505298068204882,0.6761536041833742
96776,5-florida terrace_2022,10.867569596235258,7.064636280739222,0.16396629425829082,0.6737604667597552
96808,5-floyd street_2024,11.493148335855624,8.030230889511856,0.2894047257632271,0.7257595682874219
96816,5-foch avenue_2022,12.943391690515185,9.139727200910897,0.3213372702554271,0.27959949625842495
96862,5-forest avenue_2018,16.1171278876347,11.772421402181152,0.42812892860506346,0.6805177641598037
96863,5-forest avenue_2019,15.526612788649116,11.772421402181152,0.41204770360021864,0.2342812957246657
96873,5-forest court_2019,10.568484571534126,6.815357340337336,0.11247798342669027,0.7834905004575471
96878,5-forest court_2024,10.27752710787408,6.815357340337336,0.32408050432604946,0.1286570322082618
96886,5-forest green_2022,11.570012700814628,7.766657552274316,0.2811904592152736,3.2659235194378913
96938,5-fornes place_2024,10.959239856584215,7.496544840061403,0.32033284222580966,0.7291897719068746
96962,5-fort hill circle_2018,12.18400185890851,7.839676521487699,0.21645456316341316,2.1885537608885883
96972,5-fort hill park_2018,10.458465803241696,6.115932854347005,0.02142379247541125,3.072230244526716
96982,5-fort place_2018,12.522588175908403,8.178151192561486,0.2965510770053308,0.9360149247218849
97002,5-foster road_2018,14.388704646345817,10.04403342796768,0.30651954620241434,0.5173642006055731
97006,5-foster road_2022,13.847760371086801,10.04403342796768,0.4055674046659744,0.015971769509698662
97018,5-four corners road_2024,12.276868966345948,8.813780216734663,0.432230144214526,0.01153323581367303
97033,5-fox hill terrace_2019,12.158393534408722,8.404413272164529,0.26191693724017046,1.020506592664488
97119,5-frank court_2025,10.242218450968684,6.8646165617852555,0.0,0.1153801510400731
97122,5-franklin avenue_2018,13.267422636412636,8.922840124657803,0.31062430169898586,1.649927051564146
97146,5-franklin place_2022,11.208862649498503,7.405687646693137,0.2560092725851138,0.11154137473290741
97156,5-fraser street_2022,12.093172643962037,8.289648760534556,0.3266199401782013,0.6795552270404783
97285,5-front street_2021,13.8661460131398,9.453061651000604,0.3604811342701633,2.677611611961643
97328,5-furman street_2024,11.166730106034935,7.703934347422521,0.1472302369826845,0.6847621240255051
97333,5-furness place_2019,12.030662318617248,8.276711844289384,0.16329243978535282,0.6498742683264784
97366,5-gadsen place_2022,11.780949416517117,7.977515497248928,0.32037701411335523,0.7152510794668715
97405,5-galloway avenue_2021,12.913568017995114,8.500607055569116,0.26988770123137923,1.8520232416324458
97482,5-garretson avenue_2018,13.91518506010251,9.570539811332697,0.2858230773836123,0.6869278807460285
97486,5-garretson avenue_2022,13.374241029848987,9.570539811332697,0.33162859231949904,0.024887715507778994
97488,5-garretson avenue_2024,13.033705013178775,9.570539811332697,0.3479009324448357,0.08846864798760816
97505,5-garrison avenue_2021,13.062384638722376,8.649395899516959,0.2896126929270562,0.8414809750656388
97632,5-genesee avenue_2018,14.538163614162094,10.193486442829277,0.29219490062346376,0.38464996839424437
97635,5-genesee avenue_2021,14.606611345859667,10.193486442829277,0.3614750488155847,0.05401458830623825
97706,5-gervil street_2022,12.160662397870205,8.357122491902109,0.2590404964883969,0.9905072695629974
97726,5-geyser drive_2022,11.193964077707864,7.390797994478014,0.3152400165154388,0.7152510794668715
97793,5-giffords lane_2019,13.480030736549343,9.725890136705637,0.3281375193547381,1.68867414114473
97809,5-gil court_2025,9.755978090419198,6.3790075059357045,0.0,0.18706031114112806
97823,5-gilbert street_2019,11.422030258999065,7.668287913833644,0.2906538428409384,1.764388272431923
97838,5-giles place_2024,10.084256210480913,6.622312941670725,0.22589837399305435,0.6799606187557697
97885,5-girard street_2021,11.286029349269556,6.8738899193181835,0.2832200777483294,1.2192061849665252
97909,5-gladwin street_2025,11.15537898787903,7.777173090033497,0.0,1.009781074961494
97915,5-glascoe avenue_2021,13.092876335673374,8.679882397716606,0.30605510693836624,0.8038384624025725
97922,5-glen avenue_2018,12.143895185018557,7.7995857532380795,0.32839138456727435,1.606052187329892
97932,5-glen street_2018,14.943359991978863,10.598670517928586,0.36054867291863846,2.0906658132011438
97948,5-glendale avenue_2024,11.055056467973566,7.592312329022537,0.35356666998051306,0.9883508944105724
97956,5-glenn road_2022,11.795810021430503,7.99237115409927,0.2889312918522129,0.9294833256601381
97968,5-glenwood avenue_2024,11.81126551555309,8.348262158193052,0.2530370815923523,1.004338238562635
97978,5-glenwood place_2024,10.318404568830182,6.856192246206763,0.316571082303918,1.5421222051492334
97982,5-globe avenue_2018,11.342546354727006,6.998733851670869,0.20401438140521444,1.1724511770029802
98071,5-goethals road north_2017,15.327637948545147,11.11374883690473,0.32717552527673793,1.532232841525129
98085,5-goff avenue_2021,12.982683720967746,8.569709343357014,0.2733677813053178,1.1765604967155985
98206,5-governor road_2022,12.173690807624398,8.370147931184565,0.28782912046322157,0.7352004167909448
98245,5-grafe street_2021,12.851120446965057,8.43817242895569,0.3109035064967462,2.0748937159796284
98255,5-graham avenue_2021,13.417148579809416,9.004108138233464,0.38171497362017415,1.6482931742027738
98278,5-grand avenue_2024,12.142503181478943,8.679435142268145,0.28141245943818555,0.018527304613883622
98283,5-grandview avenue_2019,13.417394945567017,9.663258115379046,0.2887529274532739,1.4017246987752483
98302,5-granite avenue_2018,13.882653683052592,9.538010710850797,0.27341410065407606,1.1346548800150391
98318,5-grant place_2024,11.516945157824027,8.054020297438235,0.2530370815923523,0.6789975449555031
98326,5-grant street_2022,11.502950243321287,7.6996238232233765,0.29061893212509066,1.1538577628940883
98333,5-grantwood avenue_2019,13.070729161259107,9.316618056576758,0.2542815981028136,0.8589581852269104
98338,5-grantwood avenue_2024,12.779763724836313,9.316618056576758,0.24474757517948495,0.11680477954208435
98445,5-greaves avenue_2021,14.383643513688178,9.970527842470478,0.34720482501041255,0.27770749130457684
98546,5-greenfield avenue_2022,13.005061229453267,9.20139046464298,0.2864004633642472,0.4563483184227342
98556,5-greenfield court_2022,10.567510760822822,6.764869865211706,0.03695570652242916,0.13076506987955253
98568,5-greenleaf avenue_2024,12.402253330268474,8.939147609746993,0.31069118296103865,0.9823780530015768
98643,5-greta place_2019,11.694712340143461,7.940861045331706,0.2586945355785286,1.541587245525926
98653,5-gridley avenue_2019,11.680418613128086,7.92657232197855,0.12200690677256858,0.6394298980539574
98678,5-grimsby street_2024,12.626019281787302,9.162888088905449,0.26402071672631633,0.4753642354878316
98685,5-grissom avenue_2021,12.387532710463711,7.974710790187231,0.3132096187134331,0.5825507592179185
98715,5-grove avenue_2021,12.633175924575447,8.220279974911264,0.2690708449339646,0.9451502605547082
98743,5-grymes hill road_2019,12.309778002562894,8.555767025513584,0.25685460865652143,0.6299943655546767
98771,5-gulf avenue_2017,14.541122397115092,10.327250845282864,0.23917332563441351,1.3385211796482073
98773,5-gulf avenue_2019,14.081417802551998,10.327250845282864,0.29936946046104534,0.644377016190516
98808,5-gurdon street_2024,10.925227334892595,7.462550918243558,0.3962271671232281,0.08424923244489993
98818,5-gurley avenue_2024,13.272424301166009,9.809244750106732,0.37512439105549206,0.14288748754854758
98821,5-guyon avenue_2017,14.093972576652767,9.880119205911864,0.33551349913120404,1.1272969225280187
98828,5-guyon avenue_2024,13.343302398539757,9.880119205911864,0.412555402333189,0.06943277471533675
98908,5-halpin avenue_2024,11.98537108656537,8.522331074065061,0.2660709141972035,0.6956440607585325
98945,5-hamlin place_2021,12.218485788036546,7.805726464461351,0.30583816633610184,2.1252391373413366
98948,5-hamlin place_2024,11.268564526815915,7.805726464461351,0.3503330374134482,0.04267627428043631
98956,5-hammock lane_2022,11.524125798688729,7.720790098458879,0.26597763786600487,0.7060140462667689
98975,5-hampton place_2021,12.636895891065745,8.223998954178992,0.2812401347781003,0.32656619050174723
98978,5-hampton place_2024,11.6869719527822,8.223998954178992,0.31363545427828804,0.9792279716447524
99006,5-hannah street_2022,12.214940658024638,8.41138862780692,0.2970498224553811,0.3470588572197696
99015,5-hanover avenue_2021,13.576633913457135,9.16357557307231,0.2906012811875102,1.2125955216168212
99018,5-hanover avenue_2024,12.626706835768143,9.16357557307231,0.2516974966632958,0.2979541337223852
99028,5-harbor lane_2024,9.872198760622423,6.410559854346019,0.0,0.16653087088763055
99053,5-harbor road_2019,12.892987720434597,9.138893696423933,0.2602558161454811,2.0497294776943105
99068,5-harbor view court_2024,10.131871391181699,6.669868198121915,0.08269171584511335,1.1702505469209037
99102,5-hardy place_2018,11.092404616115099,6.748848205273068,0.21468684129598628,0.43773866865846006
99125,5-hargold avenue_2021,11.544816046471597,7.132443581030777,0.2939977032421586,1.2048024600664131
99175,5-harrison avenue_2021,13.231820973722256,8.818805253405268,0.31571024517278373,1.0056560029467452
99246,5-hartford avenue_2022,12.172551891744133,8.369009273436056,0.23762640198458035,0.6520126372013902
99256,5-hartford street_2022,11.526830208669436,7.723493337321493,0.28499990723184143,0.6961426895397438
99262,5-harvard avenue_2018,12.747603297342419,8.403110482358167,0.28750600061401643,1.2881025333533556
99278,5-harvest avenue_2024,12.699032288891607,9.235893943992648,0.301664323358531,0.6086780239334952
99285,5-harvey avenue_2021,12.694027847916903,8.281116201339392,0.3098656931765006,1.2051321320457824
99296,5-harvey street_2022,10.937681647957628,7.134691741341926,0.2677794401552679,0.7323198156344174
99323,5-hastings street_2019,12.131648127160343,8.377673791254404,0.30566107022081523,0.9192862408539536
99326,5-hastings street_2022,12.18121836642076,8.377673791254404,0.2873879115436442,0.030820142339886263
99336,5-hatfield place_2022,12.693703303062113,8.890068572371554,0.3542956450624847,0.672842427219581
99376,5-havenwood road_2022,11.310346980931497,7.507114629496786,0.3314174659595889,0.6670085229502506
99385,5-hawley avenue_2021,12.926360200142014,8.513396684372637,0.2627154497213199,1.6616697662369353
99391,5-hawthorne avenue_2017,13.295286801745563,9.08149507994334,0.2589197244794933,0.24842135849847827
99395,5-hawthorne avenue_2021,13.494544564124599,9.08149507994334,0.33156786190612314,1.1351049250271354
99408,5-hay street_2024,10.503015226400437,7.040630957373063,0.3487122915157149,0.6510222542592742
99418,5-haynes street_2024,10.618122527373133,7.155646035859368,0.23275241042084652,0.7268237069193292
99469,5-heberton avenue_2025,13.030064364344245,9.651515618032658,0.0,0.3046866712676047
99476,5-hecker street_2022,12.475599770025612,8.671997862499254,0.3029328332129887,0.45906906419295596
99529,5-helene court_2025,11.118041412269832,7.739850918189926,0.0,0.8717953319875911
99568,5-hemlock street_2024,11.545038324748088,8.082104935786575,0.3364722366212129,0.6170757436086499
99578,5-hempstead avenue_2024,11.798663273590234,8.335662825332617,0.3235816267901353,0.6399573520458262
99592,5-hendricks avenue_2018,12.966813093270527,8.622276722951502,0.20860170967441155,0.8349505161343078
99608,5-henning street_2024,10.208135571135182,6.746042143176779,0.36798999694161805,0.12486898204586927
99675,5-herrick avenue_2021,12.459290462078828,8.046445006606588,0.2648255877916467,1.553840632331691
99682,5-hervey street_2018,10.667115936045573,6.3241725944304585,0.184074405621369,1.3157109396644275
99708,5-heusden street_2024,11.433122216786959,7.970224274608718,0.3228328435278942,0.08286947782229463
99726,5-hickory avenue_2022,12.672274940821925,8.868643127246731,0.3336671856936043,0.6842577867140281
99736,5-hickory circle_2022,10.23767591188157,6.435475628304908,0.265075517822867,1.0915205348543533
99776,5-high street_2022,11.52055550105086,7.717221351759684,0.23901690047049992,0.6279150856223298
99822,5-highview avenue_2018,12.608841934915217,8.26438205396762,0.27242543449848894,2.2434930461843567
99895,5-hillcrest street_2021,13.742179364109461,9.329105230019136,0.30038641755154677,1.1914041486500808
99928,5-hillis street_2024,11.642396277351983,8.179435118703434,0.3468858069896806,0.6599522757023043
99938,5-hillman avenue_2024,12.426838283093375,8.963729477277893,0.36176541376029414,0.02185933435289352
99951,5-hillside avenue_2017,12.192884349924812,7.979318017814562,0.25276580734555304,3.394934477221445
99975,5-hilltop place_2021,10.963835149588434,6.552084126555458,0.2955279254229263,0.7450278024369342
100053,5-hitchcock avenue_2019,12.212228086570528,8.458236365401167,0.2584647297634302,0.5367272612886438
100056,5-hitchcock avenue_2022,12.261798345998013,8.458236365401167,0.29988670379058074,0.41528341704550276
100076,5-hodges place_2022,11.734153378412238,7.9307355295725985,0.29646690200751374,1.0341093224540103
100155,5-holland avenue_2021,13.77358938783967,9.360512541105473,0.3198257871307159,0.4811908186362999
100165,5-holly avenue_2021,13.165585483034047,8.752579769580262,0.22895851553615912,0.3991787234654564
100225,5-home place_2021,12.846975379721313,8.434028249860601,0.3251560027012389,0.5099452363386834
100263,5-hooker place_2019,12.521870774325262,8.767823882118513,0.2514687373623017,0.27573600143338034
100283,5-hope avenue_2019,12.39768528069093,8.64365848879279,0.2620660685505654,1.1441909522792733
100323,5-housman avenue_2019,11.715080079865524,7.961221777521394,0.19415601444095745,1.2543902152395243
100355,5-howard avenue_2021,14.608674995845115,10.19555001662109,0.38200459052048336,1.8312045161909845
100356,5-howard avenue_2022,13.999282931942954,10.19555001662109,0.40222430682444615,0.002895803112025565
100398,5-howe street_2024,10.48923658681761,7.0268640848685155,0.2729184521461812,0.716179879670518
100426,5-hudson place_2022,11.28324710800528,7.480029505996251,0.2767400735877978,0.6828442875640482
100463,5-huguenot avenue_2019,14.851406179901268,11.097222059236405,0.4141884416552053,0.195155514774041
100468,5-huguenot avenue_2024,14.560440152107697,11.097222059236405,0.45907455871354536,0.08480060169246507
100483,5-humbert street_2019,10.086881383304588,6.334416596513556,0.1541506798272583,0.7220747156331255
100501,5-hunter avenue_2017,14.101756274994404,9.88790251328193,0.24697154615390884,0.11118352896061501
100516,5-hunter place_2022,11.218676900778995,7.415496094455785,0.3061862793101879,0.6580380034463774
100568,5-hurst street_2024,10.977021778208462,7.514317286369247,0.3950664008872658,0.8423427469217984
100578,5-husson street_2024,12.793930570322676,9.330783676822028,0.3202190571656653,0.16033153890233942
100602,5-hylan boulevard_2018,17.36498129672763,13.020269383175464,0.3772158685214178,0.14071800693887934
100608,5-hylan boulevard_2024,16.483500010171092,13.020269383175464,0.4243759409378178,0.3993128886229663
100618,5-hylan place_2024,10.302244780767666,6.8400490737421835,0.2729184521461812,0.871502549084021
100633,5-ibsen avenue_2019,11.54381736538527,7.790022678455294,0.2452235651560679,1.0286546662443075
100638,5-ibsen avenue_2024,11.252854492186989,7.790022678455294,0.17511172022720486,0.31005492330350615
100752,5-independence avenue_2018,12.164613397624992,7.820295669744958,0.25096348951611813,2.3292464979475365
100806,5-innis street_2022,12.272418255026695,8.468854083323716,0.3208718826489246,1.0247504400696543
100829,5-inwood road_2025,10.16905910111257,6.791533754991588,0.0,0.834820338876091
100842,5-ionia avenue_2018,14.714832754185354,10.37014960264062,0.23780359698814488,0.2639783457525456
100928,5-irving place_2024,11.643364627497991,8.18040320599502,0.25236751343878006,0.6687007876550191
100938,5-irvington street_2024,12.029249874668064,8.566201587732783,0.34261099131953787,0.5653138090500605
100975,5-islington street_2021,12.87722377217515,8.46427024488421,0.29067416701145893,0.45362014999521144
100986,5-ismay street_2022,11.859555690115757,8.056096412205667,0.30921330864857843,0.630633275170703
100996,5-isora place_2022,10.979910155363246,7.176888028453173,0.25235963349756435,0.08846864798760816
101043,5-jackson avenue_2019,12.089934454929413,8.335969684277844,0.20585205420414873,1.8324374533793149
101046,5-jackson avenue_2022,12.139504683093897,8.335969684277844,0.2671041446878495,0.028393074501217887
101096,5-jade court_2022,10.701813947544558,6.899031294516089,0.14882088706391058,0.11163081617118537
101123,5-james place_2019,10.596477496944818,6.843320697445325,0.1720950250101233,0.6690081647066195
101188,5-jarvis avenue_2024,11.248569342691116,7.785739250467972,0.2979737584883285,1.1533529673255698
101248,5-jefferson boulevard_2024,13.410695989333345,9.947509565515407,0.35195116074385846,0.24966863025356476
101262,5-jefferson street_2018,13.344325994235549,8.99973374284063,0.29577786785600835,1.718955774339955
101336,5-jerome road_2022,12.555523792014535,8.75190901826218,0.297632403304949,0.7675586780737557
101345,5-jersey street_2021,13.894126481961392,9.481039981432653,0.4501072853454747,3.624634223295888
101396,5-joan place_2022,11.08073662446567,7.27764284881383,0.3824573498630363,0.6970893997925691
101468,5-johnson place_2024,10.886419189885546,7.423764782441608,0.23275241042084652,0.6864749707918808
101508,5-joline avenue_2024,13.046170555306704,9.583004516410858,0.2903186797528166,0.560415468105987
101593,5-journeay street_2019,11.110404448749389,7.356828995297679,0.2363887780642304,0.6402736909528771
101598,5-journeay street_2024,10.819443351980919,7.356828995297679,0.26501327263906804,0.07557118684707402
101618,5-joyce street_2024,11.591070242510009,8.128123386647772,0.1620015543029971,0.16982715921226588
101649,5-jules drive_2025,12.801445797807602,9.42291301145756,0.0,0.8519868498733352
101672,5-jumel street_2018,13.354821778862702,9.01022825533805,0.22971838090238197,0.5781290689756787
101733,5-kaltenmeier lane_2019,9.703545067323281,5.951889388593031,0.28447927454725724,1.3254822217231332
101746,5-kalver place_2022,10.279531036327679,6.477266480193632,0.3280333679753483,0.6577272353286849
101776,5-katan avenue_2022,14.300828468939848,10.497086050637817,0.3630936227464561,0.7700619243280707
101778,5-katan avenue_2024,13.960292071243567,10.497086050637817,0.3658875496839867,0.006776984279023751
101845,5-keating place_2021,12.614265166159612,8.201374292290728,0.32957565756215257,1.450887568262155
101893,5-keiber court_2019,12.775479192618517,9.021398247474592,0.2908021997880246,0.9289305122205909
101906,5-kell avenue_2022,13.24260594744063,9.438914323951508,0.25455101494426857,0.2117994496135527
101913,5-kelly boulevard_2019,13.546893369429181,9.79274899773981,0.34349320723666804,0.7186687177900231
101916,5-kelly boulevard_2022,13.596463805917622,9.79274899773981,0.39306359629229515,0.01862546412316489
101918,5-kelly boulevard_2024,13.255927663565055,9.79274899773981,0.37173340781293385,0.019900661706336167
101965,5-kenneth place_2021,12.908767332396708,8.495807336655282,0.31266900673788817,1.0963096396054341
101972,5-kennington street_2018,13.26726893393759,8.922686442408388,0.19202095388266816,0.6999241648389691
101993,5-kensico street_2019,12.640030131564073,8.885966297653516,0.2029408439966903,0.596195654483495
102006,5-kensington avenue_2022,12.947916460064747,9.144251496771924,0.33436918642443414,0.5569837557470738
102018,5-kent street_2024,11.357409092450082,7.894537480962724,0.123132685403624,0.721345834918624
102046,5-kermit avenue_2022,11.91449658855628,8.111020733221643,0.2838512146652999,0.9335410852806827
102106,5-king street_2022,13.520336772886102,9.716626284355893,0.3176405663650751,0.07547846117590554
102115,5-kingdom avenue_2021,13.700897209640136,9.287826772838573,0.3250941502193883,0.8189424766042531
102153,5-kingsley avenue_2019,12.654196283224703,8.900130549278098,0.24294617861038947,1.4424620065330769
102162,5-kingsley place_2018,11.670988525629525,7.32692369758815,0.3063448623104226,0.6701344062508725
102248,5-kiswick street_2024,12.54704426200365,9.083921416207318,0.2895768279923758,0.505069086653611
102253,5-klondike avenue_2019,13.5977630156688,9.84361593858087,0.25942955949989704,0.8919570548587021
102316,5-knox place_2022,12.109580012589612,8.306052133905224,0.3066192734715318,0.7145172062961378
102378,5-kramer avenue_2024,11.780092538679995,8.317096444650758,0.27945869782679117,0.060906934903521386
102396,5-kramer street_2022,12.772706355882267,8.969061394439223,0.30970664856978314,0.026544555222112288
102448,5-kunath avenue_2024,10.893520889674223,7.430862390579894,0.34627623671783375,0.6775257996569884
102465,5-la grange place_2021,11.845231105249516,7.43265385937471,0.3023850951490633,0.6787439502492015
102472,5-la guardia avenue_2018,13.604053793091808,9.259433671586853,0.2775562426122278,1.272873671580628
102486,5-la salle street_2022,11.73027183653591,7.9268553547450304,0.31481073984003355,0.6948457371955268
102505,5-laconia avenue_2021,14.633585588590957,10.220459701921106,0.32466494956476455,0.007769737264360664
102506,5-laconia avenue_2022,14.024193515346722,10.220459701921106,0.3066192734715318,0.3798053613275868
102518,5-ladd avenue_2024,12.1381792534296,8.675111927997175,0.22727294465622094,1.0683248877296532
102522,5-lafayette avenue_2018,13.84118293121624,9.496542970635135,0.3544806367983285,1.12171013435851
102568,5-laguna lane_2024,10.90601616829206,7.443350540157377,0.19658713395277705,0.053066720936692235
102573,5-lake avenue_2019,13.232227827457002,9.478103627125677,0.2875034850774336,1.6618975264064626
102586,5-lakeland road_2022,11.806698560002415,8.00325611354528,0.3066192734715318,0.743269789963156
102631,5-lamberts lane_2017,13.969850140726846,9.756003433888681,0.3483844447669047,1.8265955840635122
102632,5-lamberts lane_2018,14.100660338157594,9.756003433888681,0.3799696542086289,1.3059516084373521
102641,5-lamoka avenue_2017,14.535132673582504,10.321261315468037,0.2031212920575594,0.044782142771893185
102642,5-lamoka avenue_2018,14.665942916386587,10.321261315468037,0.2236305328226638,0.18987628119806402
102649,5-lamoka avenue_2025,13.699840394981937,10.321261315468037,0.0,0.18764071827155457
102652,5-lamont avenue_2018,14.482441776257545,10.137766721014772,0.25960743145575876,0.6570535729117066
102668,5-lamped loop_2024,11.556734192028916,8.093797322428546,0.03556683099474255,0.12071207516226334
102706,5-langere place_2022,10.8763213305461,7.073380732630632,0.32633701472716986,0.6699297293837607
102732,5-laredo avenue_2018,13.308362136891107,8.9637743471052,0.2740812269213411,0.8462544590904869
102738,5-laredo avenue_2024,12.42688315848327,8.9637743471052,0.3663976399172549,0.030238183060609998
102775,5-lathrop avenue_2021,13.721890063207129,9.308817727186751,0.31080312000868315,0.6158880950129938
102838,5-laurel avenue_2024,11.711758667606485,8.248779310010388,0.2363887780642304,0.9096688555652681
102892,5-layton avenue_2018,12.468999563390327,8.124577833206247,0.30660403038236705,0.9441004325134223
102916,5-ledyard place_2022,11.112519657979888,7.309404752884996,0.3597290987854802,0.7675586780737557
102958,5-legate avenue_2024,10.992004660085001,7.529292314122723,0.26633514989698376,0.8525838648164409
103012,5-lenevar avenue_2018,14.381895037770036,10.037224112387687,0.2883320159914738,0.5718266453233896
103015,5-lenevar avenue_2021,14.450342764035314,10.037224112387687,0.34609540631267405,0.11796079763356473
103016,5-lenevar avenue_2022,13.8409507652752,10.037224112387687,0.3794313428258814,0.020390689647734026
103026,5-lenhart street_2022,12.216092539188926,8.41254025873536,0.23111172096338664,0.8414809750656388
103058,5-lenzie street_2024,11.99146335492473,8.528422171760385,0.20785485879911939,0.9849955618811421
103085,5-leonard avenue_2021,13.682342040851939,9.269273316247062,0.2950181114939642,0.8612852928374254
103136,5-leslie avenue_2022,12.172367092031527,8.368824515635453,0.2605526697691403,0.03420817132973701
103138,5-leslie avenue_2024,11.831832542669138,8.368824515635453,0.2345722471378325,0.7688110844809349
103158,5-letty court_2024,10.340232280714106,6.877997936335417,0.0,0.11395349007584525
103162,5-leverett avenue_2018,14.901163592684108,10.556475179972896,0.32406208298861383,0.5724473953221605
103168,5-leverett avenue_2024,14.019682743116867,10.556475179972896,0.37798883040118886,0.006677654753240569
103193,5-lewiston street_2019,12.757228762179231,9.003149989768502,0.235605263176541,1.3630513223894911
103196,5-lewiston street_2022,12.806799122581689,9.003149989768502,0.2717848948865965,0.029073247485707086
103209,5-lexa place_2025,10.898616635307263,7.520529260924559,0.0,0.6981347220709844
103215,5-lexington avenue_2021,13.114767809697636,8.701770235845625,0.29569780565776954,1.2673700494557276
103233,5-leyden avenue_2019,11.069358022141037,7.3158086837616105,0.2903570629010839,0.7502833719307545
103238,5-leyden avenue_2024,10.778397137006476,7.3158086837616105,0.3364722366212129,0.08663630665954669
103246,5-liberty avenue_2022,13.799056536527745,9.995331713354595,0.298143532850014,0.010544213875671154
103248,5-liberty avenue_2024,13.458520301553778,9.995331713354595,0.32745918629893567,0.00786895837869518
103253,5-lighthouse avenue_2019,12.185801132808345,8.431814959682741,0.3497762022475757,3.682863896875754
103265,5-lightner avenue_2021,12.564166672768811,8.151289718918253,0.28802447957719446,1.319326224188098
103302,5-lily pond avenue_2018,14.445593378341842,10.100919788634432,0.33755104752023485,1.8927956484057602
103331,5-lincoln street_2017,12.894190028625092,8.680453607160306,0.25648140020323185,1.010582211161074
103343,5-linda avenue_2019,10.969181586416868,7.2157006672659545,0.20585205420414873,2.2775339161271866
103395,5-linden street_2021,11.921285610936108,7.508665562582422,0.30162550529104476,0.9036106787167805
103408,5-lindenwood place_2024,10.750922443028907,7.288351931746425,0.0,0.7630929312466121
103412,5-lindenwood road_2018,13.601837699317246,9.257217786298101,0.2733696097413376,0.15819961467354485
103418,5-lindenwood road_2024,12.72035812353351,9.257217786298101,0.34871229151571487,0.8475406880450386
103433,5-linwood avenue_2019,12.447390367366634,8.693355229648256,0.2899753592257325,1.5125745270302204
103436,5-linwood avenue_2022,12.496960677156187,8.693355229648256,0.3091460985097135,0.027906953253007873
103466,5-lisa lane_2022,11.692330642853923,7.888927806735014,0.2836857710174416,0.6573127275507292
103488,5-lisbon place_2024,11.462583834265303,7.999676172919373,0.38534058993021325,0.4865534227902707
103538,5-livermore avenue_2024,13.204101155041972,9.740925367235775,0.3570992570881982,0.32750356663845254
103585,5-lockman avenue_2021,13.595346614159359,9.182286354685585,0.30779801801474066,2.7485585464397024
103692,5-london road_2018,12.463374876535516,8.11895479523005,0.26402729831370625,0.282694655940734
103693,5-london road_2019,11.872862808524909,8.11895479523005,0.21412339995482596,3.1209277689258283
103698,5-london road_2024,11.581899017204389,8.11895479523005,0.22962496455665157,0.6478359578499422
103739,5-longview road_2025,11.431385412134627,8.053081850142597,0.0,1.780900725893179
103772,5-lorraine avenue_2018,12.49931496097807,8.154884501731038,0.22110638999010948,2.0170606910960642
103795,5-lortel avenue_2021,12.714562533300077,8.301645801613589,0.32255489886274935,1.3718657678010928
103816,5-louis street_2022,11.796460728162282,7.993021645843686,0.37899704118881744,0.7115272278413748
103856,5-lovell avenue_2022,12.24131243096472,8.437754743326213,0.3297268484816814,1.0939681881744523
103868,5-lowell street_2024,10.75498388120296,7.292410686526913,0.24632113962691543,0.7634658394688983
103878,5-lucille avenue_2024,11.88185963996687,8.418840647342716,0.3559850508447947,0.7633726254494423
103916,5-ludwig street_2022,11.467958111217392,7.664647463418716,0.33647223662121295,0.6646962643859301
103985,5-lundsten avenue_2021,13.24053576713759,8.827518778837426,0.17086667781918813,1.0320806715224944
103991,5-luten avenue_2017,14.022155439489467,9.808305823348814,0.32151499432151065,0.7927662455886576
104071,5-lyndale avenue_2017,13.808132512977854,9.594295826789187,0.2268342114336153,1.1007433496770638
104135,5-lyon place_2021,12.527352621588399,8.114486350297767,0.34208269163555094,1.02747426083477
104143,5-mace street_2019,12.26322513975985,8.50922311797184,0.20274646164599566,0.4550803286503597
104146,5-mace street_2022,12.312795411135983,8.50922311797184,0.29073622729852877,0.701759983658168
104153,5-macfarland avenue_2019,12.518529716693717,8.764483333232032,0.1980699137620938,0.6896410412306576
104208,5-madera street_2024,10.862523392598193,7.399882967957636,0.1794438569663395,0.725420741110241
104225,5-madison avenue_2021,12.224220929360879,7.811459304229849,0.3023850951490633,0.6929471605572782
104248,5-magnolia avenue_2024,10.586547794260907,7.124095553646188,0.32657116563850136,0.7558402498983687
104256,5-maguire avenue_2022,14.125425529324648,10.321688287873016,0.33968049714961623,0.12645642395255924
104276,5-maiden lane_2022,11.585109576405614,7.7817482218999,0.3447435823718901,0.5529651499600828
104306,5-maine avenue_2022,13.258627446088143,9.454934586161471,0.3134924839547575,0.8830234617580093
104313,5-major avenue_2019,13.25927357298029,9.505147378949035,0.2531618332031465,1.5636243138945543
104365,5-mallow street_2021,13.039676136917516,8.626691373733609,0.301878766024322,0.7180348960677243
104492,5-manor road_2018,14.841845460807965,10.497158617883656,0.3493102423454881,1.4565897173385471
104496,5-manor road_2022,14.30090103814508,10.497158617883656,0.39599885804155405,0.18747492203474936
104512,5-mansion avenue_2018,13.424104537103725,9.07950294299689,0.2622293025940154,0.9010146443216386
104535,5-maple avenue_2021,12.529715030674065,8.116848062000496,0.297903626523319,1.687842355808282
104546,5-maple court_2022,10.342867788432441,6.540510939993405,0.2596456402284976,0.979941358950431
104578,5-mapleton avenue_2024,11.914370622326128,8.451344791977473,0.34627623671783375,0.8493386337348557
104583,5-maplewood avenue_2019,11.816054251960054,8.062163240476595,0.25085135811750275,0.8647026572010598
104615,5-marble street_2021,12.647016957832774,8.234117353478174,0.30938408333397516,0.6106347589854811
104632,5-marcy avenue_2018,14.056909693423497,9.712255346965701,0.2810202556297998,0.551410790244699
104663,5-margaretta court_2019,12.38070986374279,8.626686018478576,0.22314355131420976,0.6867769335521018
104695,5-marianne street_2021,12.661956722577877,8.24905322975661,0.3670659751736284,1.3654792214059706
104706,5-marie street_2022,11.021958262947116,7.2189053762592525,0.265075517822867,0.3026199448159881
104746,5-marion avenue_2022,11.951470208979565,8.147983699212302,0.3237870770938972,0.8492530905354879
104758,5-marion street_2024,10.781594825372073,7.3190043157458415,0.2597082204093748,0.6865756351769063
104798,5-mark street_2024,11.065135331055064,7.6023862931529465,0.20504980787151073,0.7854072589852429
104806,5-market street_2022,11.62810195418142,7.824723431102044,0.2961753143104485,1.1526584570851968
104851,5-marsh avenue_2017,14.492942303727517,10.27907234349143,0.28189192135412205,2.2645924254839502
104892,5-martin avenue_2018,13.614729744402394,9.270108624972861,0.24036976308520933,0.6409587488143591
104912,5-martling avenue_2018,13.774776897951243,9.43014202760666,0.3213943456520415,1.454280058910985
104953,5-maryland avenue_2019,13.204307077403437,9.450184992624173,0.24628457321316236,0.6621208019548224
104986,5-mason avenue_2022,14.425654733892909,10.621909146987187,0.32446183105434034,0.3974329364109001
104988,5-mason avenue_2024,14.085118306893222,10.621909146987187,0.3127516332162425,0.2061194603084145
104996,5-mason boulevard_2022,13.329712369378651,9.52601425630168,0.3480496172326779,0.8557336077796978
105072,5-may avenue_2018,11.834256948419442,7.490094343103512,0.29004769321590784,0.7283695262697061
105086,5-may place_2022,11.576717890925034,7.773359974477404,0.3126615879274944,0.676509539406922
105156,5-mc clean avenue_2022,13.940471514678892,10.136740810592242,0.3603914813767982,0.4802014542221815
105166,5-mc cormick place_2022,11.096176512904568,7.293072388942875,0.2541861180235987,0.850834456395539
105173,5-mc cully avenue_2019,11.567741423332949,7.813937182154071,0.24512245803298502,0.5595586434455646
105195,5-mc divitt avenue_2021,12.835990457824847,8.423045699543461,0.32836707128718584,1.5390798237478038
105233,5-mc kinley avenue_2019,12.405948560930142,8.651920352668682,0.16588909444691108,0.6371057896763205
105256,5-mc veigh avenue_2022,12.8165002429733,9.012849948950874,0.25266427934912083,0.7022060250482913
105348,5-meeker street_2024,10.660837083337952,7.198328979280472,0.23275241042084652,0.9017454604321192
105352,5-meisner avenue_2018,12.202667657324845,7.858335132020786,0.2993431404546651,4.721837043393677
105358,5-meisner avenue_2024,11.321193426582168,7.858335132020786,0.35183566729798316,2.369729590623376
105372,5-melhorn road_2018,12.797536399389509,8.453032807434289,0.28560244673972757,0.6898417235512188
105398,5-melrose avenue_2024,11.253411363889928,7.790579326982475,0.26589471826687366,0.6904936630943819
105446,5-melyn place_2022,11.284309035549851,7.481090848022533,0.2477787734485983,0.699824835313186
105468,5-memphis avenue_2024,12.080445111851317,8.617387618627061,0.34464889705845836,0.03469123978993036
105508,5-meredith avenue_2024,13.025821154139658,9.56265648709899,0.2608473889396297,0.8719207841382145
105558,5-merrill avenue_2024,12.988076556578823,9.524914509191364,0.3708498654303803,1.0754118954976741
105563,5-merriman avenue_2019,11.308924973498513,7.555237289141913,0.26784373023211666,0.6999241648389691
105576,5-merrymount street_2022,13.6142013449371,9.810485576646354,0.43254606671083506,0.8366845955561415
105586,5-mersereau avenue_2022,12.415663373877727,8.612071812510477,0.31937158340876354,1.235267962306646
105598,5-metcalfe street_2024,11.446315582258542,7.983413252278789,0.17076073439287864,0.6433264855759894
105648,5-michelle court_2024,9.62164944911104,6.1604639016293765,0.0,0.22793206804600694
105746,5-mildred avenue_2022,11.741339805861903,7.9379194399777235,0.34608970569216146,0.6682908045610788
105755,5-miles avenue_2021,14.121795763419632,9.708693918494356,0.31421061979801795,0.3483302234031682
105771,5-milford drive_2017,13.496918465708532,9.283106279407482,0.3018459947188741,1.4931961883465383
105785,5-mill road_2021,14.751266683949037,10.33813680316603,0.3323787354693214,1.2494145115224682
105798,5-millennium loop_2024,11.608779268683787,8.145827394789329,0.0,0.19251938177040062
105803,5-miller street_2019,11.468893710718023,7.715130467041995,0.18331312851624965,0.727886714363842
105813,5-mills avenue_2019,12.213401072218687,8.459409108175416,0.13422559605399842,1.3227420202133708
105846,5-mimosa lane_2022,11.55404789650083,7.7506994133959335,0.3103640567617565,0.7426037892725378
105862,5-minerva place_2018,9.893853237775494,5.5529721039819275,0.16575313044672194,0.7177422274153256
105878,5-minna street_2024,10.441336310091298,6.979005999169255,0.34627623671783375,1.5336361990178184
105922,5-moffett street_2018,12.790401737575655,8.445899652733422,0.24163813395037415,0.9294833256601381
105946,5-monahan avenue_2022,12.967998564636076,9.164331524662215,0.2559841729485194,0.548352595656712
105962,5-monroe avenue_2018,12.86573561175509,8.521218143303804,0.27861823235236527,0.6605206777328512
106018,5-montana court_2024,10.493698099893594,7.031321770024422,0.0136988443581619,0.07083118076059143
106036,5-montell street_2022,11.537046316199838,7.733705049325153,0.27406030423068234,0.6674190319872141
106126,5-moore street_2022,11.310817199246955,7.507584595399895,0.29833936692576896,0.7157400292125798
106186,5-morningstar road_2022,13.450785713425143,9.647079469404991,0.427286757396202,0.7795083462079887
106208,5-morris street_2024,10.754482788838502,7.291909924645672,0.17366349405084003,0.8590429022720305
106216,5-morrison avenue_2022,12.981875300058583,9.178206849267482,0.3095396596998456,0.7528772847677117
106243,5-morton street_2019,11.698831441966385,7.944978718442477,0.22742010808146998,1.1817578697547786
106278,5-mosely avenue_2024,13.361688624363632,9.898504528498705,0.3358562834141809,0.16915188274531232
106285,5-motley avenue_2021,12.654134586304563,8.241233122155592,0.31036799540556326,0.6481498146292095
106365,5-muller avenue_2021,13.217423669207129,8.804410068021873,0.28344119438825743,1.056574277321211
106373,5-mundy avenue_2019,12.22636727026764,8.472372640383742,0.20196855417775111,1.385819248271654
106386,5-murdock place_2022,10.933820713408684,7.1308338210810716,0.2614588773526785,0.6552376074867251
106405,5-murray hulbert avenue_2021,14.341798661020183,9.928684963679851,0.09748434690683462,1.3895141719610888
106418,5-murray place_2024,9.896946998615352,6.435269161331639,0.2382020151884112,0.8521148116555909
106436,5-myrna lane_2022,11.49977081208235,7.696445802400174,0.29413181629966695,0.7083313158849852
106512,5-narrows road north_2018,14.884339698306135,10.53965172140168,0.3923474919747125,1.0582068740330708
106513,5-narrows road north_2019,14.293824795167971,10.53965172140168,0.413591654536028,1.0093438209099275
106531,5-narrows road south_2017,14.327231281096541,10.113367419256468,0.3122305332424711,0.09767102717344615
106532,5-narrows road south_2018,14.45804151010304,10.113367419256468,0.36653584053928,1.6607202067611504
106582,5-nassau street_2018,11.24810698764919,6.9043837367825756,0.22651813269435522,1.793008688628487
106613,5-natick street_2019,12.998370830828579,9.244266315557676,0.2193267527875089,0.9408662644401963
106626,5-naughton avenue_2022,13.709778167697108,9.906057509094998,0.3194005707305128,0.7944846144658624
106628,5-naughton avenue_2024,13.369241971238115,9.906057509094998,0.35443104897806044,0.012422519998557154
106636,5-nautilus street_2022,11.609039961533323,7.8056689597010145,0.3521297464396189,1.2673137336365992
106688,5-neckar avenue_2024,11.946626890146701,8.483594491781993,0.2392883814006321,0.19794881267965372
106693,5-nedra lane_2019,11.790861526298468,8.036978369172058,0.328131904704994,0.6853166014447568
106705,5-nehring avenue_2021,13.216146585459276,8.803133173724438,0.3192836066848343,0.641222107695026
106706,5-nehring avenue_2022,12.60675567019806,8.803133173724438,0.331839674114478,0.03546366427556904
106712,5-nelson avenue_2018,13.925469602018602,9.580823648800386,0.2930338587848955,1.2925329813054163
106718,5-nelson avenue_2024,13.043989541995213,9.580823648800386,0.3325020613327976,0.11163081617118537
106735,5-neptune place_2021,11.808146701475291,7.395591536115975,0.40180545169063403,1.6756188340932414
106763,5-netherland avenue_2019,13.257780208222401,9.503654122875071,0.25057341305618686,0.49986578352964867
106765,5-netherland avenue_2021,13.916742308611276,9.503654122875071,0.3118897716900091,0.4694409709832593
106768,5-netherland avenue_2024,12.966814650464768,9.503654122875071,0.3453001507447783,0.0431552703139276
106786,5-nevada avenue_2022,11.446550943349258,7.643250220112038,0.2772107725844855,2.257964225216641
106811,5-new dorp plaza_2017,13.610172125412628,9.396350130187763,0.31439184153643035,0.07955027875800906
106823,5-new lane_2019,12.12861082704094,8.374637174225036,0.2694944194520823,0.38879357382019236
106873,5-new york place_2019,10.887648496576142,7.134228547233676,0.17983831737534745,0.7062114698891464
106886,5-newark avenue_2022,12.242935518151153,8.439377487167617,0.2625898198986943,0.27649472681120435
106932,5-newvale avenue_2018,11.662620899264711,7.318561525094762,0.23811858302764866,1.1015080917801352
106955,5-nicholas avenue_2021,13.987998348223172,9.574905095349838,0.32113910810685137,0.606063073652832
107068,5-nino court_2024,9.82659612271514,6.365031521736688,0.0,0.11082555508888464
107088,5-nixon avenue_2024,11.155981221294262,7.693190184388357,0.26941275179855273,2.8624979796484156
107098,5-noah court_2024,9.830584634481035,6.369013398745186,0.0,0.17730901497041035
107106,5-noble place_2022,9.749617328694171,5.948403007383433,0.265075517822867,0.6406426265777961
107133,5-nome avenue_2019,13.639494318930854,9.885345122934538,0.303479256352866,0.9962103550500285
107163,5-normalee road_2019,11.330587156604455,7.576888519589912,0.19855807584159516,1.039286822583295
107206,5-north burgher avenue_2022,13.56840754791326,9.764694293591218,0.288528416518871,0.9359364841209896
107208,5-north burgher avenue_2024,13.227871419931256,9.764694293591218,0.274229927743992,0.2885566898624418
107232,5-north gannon avenue_2018,14.555864134500787,10.211186315277834,0.3838224192950667,1.983302268272376
107271,5-north railroad avenue_2017,15.082921820197887,10.869036780240316,0.2560029576797268,0.19004167980909276
107278,5-north railroad avenue_2024,14.332251110401849,10.869036780240316,0.35142244690567565,0.1318174246201866
107281,5-north railroad street_2017,13.644705596787329,9.430880824983545,0.2329460952758061,0.39884323179927744
107285,5-north railroad street_2021,13.843963448800672,9.430880824983545,0.30552583526262767,1.9217930850907654
107288,5-north railroad street_2024,12.89403589882576,9.430880824983545,0.27254342870282094,0.6364710033663885
107482,5-notre dame avenue_2018,12.745263695365978,8.400771398648716,0.25803642433397944,0.6138333738402199
107492,5-notus avenue_2018,12.648288965695468,8.303819252986424,0.22943947977102455,0.24881129806278754
107508,5-nugent avenue_2024,13.490257665429326,10.02706769698289,0.2783913985852441,0.524550998384467
107523,5-nugent street_2019,12.528104626693883,8.774056789786066,0.23167845376404717,2.098201959397572
107548,5-nunzie court_2024,9.778177359869058,6.316695444644755,0.0,0.186064543072789
107585,5-o connor avenue_2021,12.427813748593605,8.014978409361417,0.32143806558912674,0.9242985832756834
107633,5-oak street_2019,10.022565457160391,6.270215761118894,0.2827279606145222,0.7533481832507023
107669,5-oakland avenue_2025,13.286430406624012,9.907867608978185,0.0,0.08213282953852233
107743,5-ocean avenue_2019,12.414139338314062,8.660109737617551,0.2779011936439661,1.6967525767608092
107782,5-ocean terrace_2018,14.446536547148161,10.101862919251689,0.34848056988487897,2.4678452618597055
107808,5-oceanside avenue_2024,12.202077513556953,8.73899994781298,0.2619852612414269,0.13496786041048434
107835,5-oceanview place_2021,12.846944213265957,8.43399709009712,0.3164592153738171,1.0266149081608595
107858,5-oder avenue_2024,12.755299590010797,9.292156078866412,0.2459841556304662,0.7133908870369877
107883,5-ohio place_2019,11.569364668631232,7.8155597874372305,0.1376894027731863,0.4294420174896127
107938,5-oldfield street_2024,11.586088117988051,8.123142689947716,0.27945869782679117,0.6532622468610304
107988,5-olympia boulevard_2024,13.635337995823932,10.172142246906256,0.37411857158711903,0.6286086594223741
108076,5-orbit lane_2022,11.068547428885788,7.265461936359037,0.0523319704630194,0.0761273603875509
108098,5-orchard lane_2024,10.868910288051925,7.4062660933125795,0.07312226482896265,0.716179879670518
108118,5-ordell avenue_2024,10.804752040144475,7.342146832996586,0.3656005095442366,1.4133013666064176
108133,5-orinoco place_2019,10.864768372064763,7.111366443950592,0.23167845376404714,0.9245763114609278
108156,5-ormond place_2022,10.964216520651703,7.1612062095096825,0.2860631155892299,0.6545622652443763
108188,5-osage lane_2024,11.158746031629084,7.6959537753632095,0.2597082204093748,0.6651591440197765
108213,5-osgood avenue_2019,13.141277497933674,9.38716041173726,0.23261554464685244,1.3600787143014785
108326,5-overlook avenue_2022,12.298920102050907,8.495350562871042,0.23978856498907553,0.5088637004524501
108343,5-overlook terrace_2019,11.302848977102512,7.5491644076680915,0.30800977195745133,1.5228555343203836
108363,5-oxford place_2019,12.38681781792228,8.632792906660047,0.3444237327953871,1.0807537703667967
108425,5-palma drive_2021,12.50380002118272,8.090940793427567,0.32524358495894934,0.6893399422169912
108435,5-palmer avenue_2021,13.082816861882836,8.66982462155075,0.29471209833301026,1.044332081755039
108531,5-park hill avenue_2017,13.525052667510815,9.311237939840115,0.2185578898228904,1.7006305358169531
108582,5-park place_2018,12.822000566049894,8.477491887201836,0.29749294301604023,1.1150104344777458
108606,5-park street_2022,13.275639579738973,9.471945428427077,0.3027155599910584,0.4374804375401755
108646,5-parkinson avenue_2022,13.03743744598699,9.233763538398007,0.3273067117728517,0.839280089507906
108665,5-parkwood avenue_2021,13.399006278521565,8.98596805978722,0.2779170840106879,0.8153205645176217
108685,5-parsons place_2021,11.138715510390078,6.726738262526631,0.2733677813053178,0.4369637751675354
108711,5-patten street_2017,11.427537110050375,7.214358634700719,0.17959453028802957,0.7996670239376181
108728,5-patterson avenue_2024,12.915047573281859,9.451890883952611,0.26979678691505427,0.2851037514369805
108739,5-patty court_2025,7.775750766872118,4.408962433910334,0.0,0.8923668237547817
108752,5-pauw street_2018,11.04391804543665,6.700419115126155,0.2848611961101396,1.1206998851321146
108818,5-pearl street_2024,10.679826668073803,7.217304937543197,0.10000135338020501,0.8378966644461431
108926,5-pelton avenue_2022,13.918022030070087,10.114292204947489,0.25219342390688837,1.190096978790288
108982,5-pendleton place_2018,11.952124109953315,7.607900201261642,0.2629058296039336,2.1641387847925855
109145,5-petersons lane_2021,12.282918612641392,7.870134174944,0.2723250283432624,0.6822378900519093
109156,5-petrus avenue_2022,12.860985219119717,9.057329742218261,0.3052330316969501,0.5621839160411327
109158,5-petrus avenue_2024,12.520449625497784,9.057329742218261,0.3408959351598351,0.033724869401620894
109213,5-piave avenue_2019,12.113835476598814,8.359865176515425,0.24693979414185935,0.7867285941814758
109233,5-pickersgill avenue_2019,10.490022432545594,6.73698262450626,0.28857453123480065,0.6421170094471663
109253,5-piedmont avenue_2019,11.903602160228164,8.149685341927176,0.3213355774934235,0.7613664195370892
109286,5-pike street_2022,10.850316509243019,7.047397738103514,0.4954133447711039,0.6413800897380623
109322,5-pine street_2018,11.94115398073536,7.596935477767601,0.24276205045667462,0.9515034236298975
109355,5-pitney avenue_2021,13.123502476055483,8.710503473552624,0.2284126639942216,0.46247536282494395
109375,5-pittsville avenue_2021,13.231302196931587,8.818286552444471,0.28684428318068983,0.6527417659249064
109463,5-pleasant valley avenue_2019,11.853718852017044,8.099816460647618,0.14800941180517582,0.704878103435644
109516,5-poets circle_2022,10.42904029428389,6.626566893764948,0.26236426446749106,1.2055216043157864
109523,5-poi court_2019,10.17343164320583,6.420823192739459,0.20585205420414873,0.8769676134776359
109532,5-poillon avenue_2018,13.565402927911492,9.220786509677458,0.2539619925123748,1.9109785103718842
109555,5-poland place_2021,11.680126401684186,7.267654068228526,0.31070272344216143,1.3756377809313618
109578,5-pompey avenue_2024,13.643104297428666,10.179908262092976,0.3475591105307229,0.6798086161207648
109588,5-pond street_2024,10.098455322040564,6.636493884352672,0.3727519107018617,1.8076164140503197
109605,5-pontiac street_2021,11.560759171762221,7.1483742254913185,0.31620962096343613,0.704779264789653
109618,5-poplar avenue_2024,11.57631517579257,8.113372569311453,0.3115332882739608,1.0727473224730553
109646,5-port richmond avenue_2022,13.968561350509159,10.164829574051542,0.3981525748756414,0.8656288170719271
109672,5-portland place_2018,12.291451463314038,7.9470865263898025,0.252200837599315,1.9805047938198124
109703,5-post avenue_2019,13.30306317293725,9.548933863083667,0.3530319526602313,1.3680794726989856
109713,5-post lane_2019,10.513741141504587,6.760674179674198,0.2714800978755005,1.6164135261705257
109726,5-potter avenue_2022,12.866013777993757,9.062357729593373,0.3181073507894739,0.7062608197053284
109733,5-pouch terrace_2019,12.263402637291867,8.50940058056141,0.29369076973339836,0.4334693045177617
109758,5-poultney street_2024,11.593975105193245,8.131027420105553,0.2597082204093748,0.6431688107537038
109948,5-princewood avenue_2024,11.556729838492606,8.093792970180274,0.24542226316189827,0.6834503175810813
109972,5-prospect avenue_2018,13.786769194036806,9.442133379260714,0.3043383577971974,0.8566681078901824
110015,5-pulaski avenue_2021,13.41721113984384,9.00417069067242,0.31125129083975295,0.9497641919316937
110033,5-purcell street_2019,11.298843784348167,7.545161278585953,0.31816508917685676,3.1194885449752383
110046,5-purdue court_2022,10.318161916603177,6.515840376083729,0.271373334409857,0.8946175561926608
110056,5-purdue street_2022,11.92723545775239,8.123755886993349,0.33226170408486944,0.6659815124871759
110068,5-purdy avenue_2024,13.05933922612553,9.596172314225452,0.36489663114535786,0.010247316451549523
110092,5-putnam place_2018,11.01802899927487,6.674561919446161,0.2658792065749355,1.7498083652813763
110142,5-queen street_2018,13.693266873710629,9.348638731565657,0.27787335836474364,0.7569197834570117
110158,5-queensdale street_2024,11.784853948538,8.32185673039619,0.274229927743992,0.7035924384214839
110178,5-quincy avenue_2024,12.382026039884812,8.918922915281344,0.20725443848687555,0.18232155679395465
110205,5-quintard street_2021,13.968848713386057,9.555756786997543,0.3630339926080127,2.0206464951693306
110233,5-radcliff road_2019,12.484712303634826,8.730671166371737,0.19660399607959753,1.5738107347909494
110246,5-radford street_2022,10.807959851881193,7.005077869014855,0.2838512146652999,2.6406417879835837
110268,5-rae avenue_2024,11.462491925975657,7.999584294506661,0.31405535770667065,0.6742191706744265
110283,5-railroad avenue_2019,11.912931428954165,8.159011991452775,0.2029408439966903,0.6809227659372223
110312,5-ralph avenue_2018,11.984954816373508,7.640715079426315,0.22510653567981903,0.5771750043075247
110328,5-ralph place_2024,10.723248824704264,7.260696890208602,0.32905563896616324,0.6714126884139392
110355,5-ramblewood avenue_2021,13.163061474269398,8.750056155406881,0.2851102750634095,0.31947139494118826
110383,5-ramsey place_2019,10.10615477913873,6.353656917870652,0.2366983276720264,0.6618113002500924
110448,5-ravenhurst avenue_2024,12.40372367504739,8.940617767864685,0.3018909907817262,0.8250522514398839
110458,5-ravenna street_2024,9.97521336239715,6.513418550723176,0.27553968562605546,2.000100670994426
110476,5-ray street_2022,10.10360498939976,6.301629634130962,0.32037701411335523,2.1715990296972465
110508,5-raymond place_2024,12.231256901743668,8.768174872931917,0.2822486187287854,0.8056719714017897
110526,5-rector street_2022,11.780133984406026,7.976700338781526,0.3666835142141818,1.9486634979661237
110663,5-rene drive_2019,11.493471962140097,7.7396981430665335,0.13976194237515868,1.6300637302277565
110686,5-renfrew place_2022,11.395570794261076,7.592294578758962,0.2944240003777135,0.6934471355689432
110696,5-reno avenue_2022,12.904633517525989,9.10097317444667,0.29591223119283516,0.8719207841382145
110702,5-rensselaer avenue_2018,14.842640410362623,10.497953545779385,0.256157979967972,0.4269003888282294
110708,5-rensselaer avenue_2024,13.961159589582591,10.497953545779385,0.2994166655400085,0.09739890598713272
110722,5-reon avenue_2018,12.643765926812197,8.299297321843039,0.3516977896976891,1.1821872122540136
110743,5-retner street_2019,10.956687391519319,7.203215496209076,0.19611487892629043,1.5155447282171681
110783,5-reynolds street_2019,12.431144227609096,8.677111772232767,0.22460427795333227,1.3557320555372507
110792,5-rhett avenue_2018,11.763061692053656,7.418939769947591,0.21454528846115442,0.3906221612383899
110816,5-rice avenue_2022,12.961496697425341,9.157830325247044,0.3297268484816814,0.7069021457922811
110851,5-richmond avenue_2017,16.778788625496027,12.56488826908869,0.3955873562535517,0.7493857270071347
110853,5-richmond avenue_2019,16.319083778593754,12.56488826908869,0.4226134172773973,0.6014155899603525
110855,5-richmond avenue_2021,16.978046682489833,12.56488826908869,0.46573800624761186,0.7972819452919528
110898,5-richmond hill road_2024,13.868807098334287,10.405603640538548,0.4800338036056728,1.1097170684002156
110973,5-richmond road_2019,15.375726061038538,11.621535901551573,0.418835851229007,3.4523941713932813
110976,5-richmond road_2022,15.425296550631455,11.621535901551573,0.46387154903752326,0.09649130018876124
110981,5-richmond terrace_2017,15.76561805415149,11.551723734106664,0.3602142466954298,1.2394171652591306
110985,5-richmond terrace_2021,15.964876094775647,11.551723734106664,0.3876242012880482,2.2335029318066018
111096,5-ridgewood place_2022,11.721855967406741,7.9184424679006655,0.2847365622220241,0.6698273752383285
111106,5-riedel avenue_2022,13.238248572141899,9.43455728836767,0.3342305858282297,0.4563483184227342
111115,5-riegelmann street_2021,12.426611510207238,8.013776563707056,0.32812043174961797,0.6101459340565393
111155,5-riley place_2021,11.727514601667483,7.315010365243125,0.3152106198813513,1.4039869206508089
111243,5-robin road_2019,12.557364245726122,8.803312052544266,0.28047086089310924,1.086472228773941
111272,5-rochelle place_2018,12.712193821200016,8.367708981259483,0.2008620647096972,1.0885282822140898
111302,5-rockland avenue_2018,15.195827562260225,10.851132593802117,0.5145899583314479,1.8598230201414883
111303,5-rockland avenue_2019,14.605312585140814,10.851132593802117,0.515366319593842,2.6703967924186944
111305,5-rockland avenue_2021,15.264275309436318,10.851132593802117,0.5752882806320488,0.025472795973031023
111316,5-rockne street_2022,12.36300721639966,8.559425270439727,0.33521093731588647,0.6300476236166285
111333,5-rockwell avenue_2019,11.439695728361174,7.685945390199507,0.2668789448220177,1.2359945903486735
111353,5-roderick avenue_2019,11.556522917616736,7.8027231281879015,0.24791359025280624,1.4059744318867178
111398,5-rogers place_2024,10.756304301236124,7.293730236501523,0.3364722366212129,0.644377016190516
111416,5-rolling hill green_2022,12.267176880540852,8.463613787333955,0.3167838885092042,3.217619035439116
111432,5-roman avenue_2018,13.174192206205358,8.829622551601075,0.21779594498761448,0.7806084563299399
111473,5-ronald avenue_2019,11.67719202749646,7.923346875770865,0.15754626882839654,2.6498700890357476
111508,5-roosevelt street_2024,9.76091225024087,6.299460799079026,0.36080433728074357,1.8936088279825405
111578,5-rosewood place_2024,10.041098581272076,6.579212144487716,0.216223108469636,1.6341695486532841
111586,5-ross avenue_2022,13.188179999584278,9.384492727407519,0.3108422854428066,0.535498723970875
111602,5-rossville avenue_2018,14.513397468064538,10.16872122270909,0.36230968727299484,1.4446576044168056
111606,5-rossville avenue_2022,13.972453145380157,10.16872122270909,0.41835771029655927,0.01479008547263543
111656,5-royal oak road_2022,12.780510111462325,8.976864182614788,0.3337795389323046,0.6933971493151526
111669,5-rubenstein street_2025,10.243705810670388,6.866102422620925,0.0,0.5862855387758519
111678,5-rudyard street_2024,11.598969063485033,8.136019958432772,0.2597082204093748,0.6755431346115843
111746,5-russek drive_2022,12.391069054407346,8.587481921183548,0.30826142115979316,0.7209082513453356
111756,5-russell street_2022,12.06693753676407,8.26342017943492,0.2884630174348523,0.7315502518428904
111785,5-ruth street_2021,11.724380250050057,7.311878077413404,0.30289116803435806,0.5923318753211291
111808,5-ruxton avenue_2024,11.139477297813231,7.676693610120978,0.2807616296072072,0.13836966926477184
111822,5-rye avenue_2018,13.139079234478226,8.794514741483702,0.25243660542209295,1.517607670615811
111972,5-sand lane_2018,14.169870490270696,9.82520976147139,0.31270098013602365,2.144515075922369
112066,5-sanford place_2022,12.18014319106304,8.376598857747084,0.3297268484816814,0.6255105318441341
112175,5-saunder street_2021,11.14198085450649,6.729999747052665,0.2744094480661745,0.6603656910355657
112278,5-scarsdale street_2024,10.71122245169375,7.248678751807437,0.2530370815923523,0.5370195478484658
112298,5-scheffelin avenue_2024,11.289957565628628,7.827111150517834,0.2490129312926268,0.721345834918624
112322,5-schmidts lane_2018,13.389133300438965,9.044535710167292,0.3383149375362953,2.5877565164024494
112422,5-scribner avenue_2018,12.832560298097713,8.488049461691661,0.2758161756787832,1.5080251496910377
112538,5-seaview avenue_2024,14.200222191506949,10.737010464305527,0.3632701097324624,1.2023114249992697
112555,5-seeley lane_2021,11.655472070693254,7.243016942355146,0.29514558934486024,2.3748964522048235
112563,5-seguine avenue_2019,13.636679124519166,9.882530068699978,0.31498451688452334,0.7450752734203046
112586,5-seguine place_2022,12.388392907037986,8.584806262249122,0.27763173659827944,0.6117744220942081
112618,5-selkirk street_2024,11.304119891125751,7.841268043893255,0.3487122915157149,0.6871291082343823
112692,5-serrell avenue_2018,13.03035255113377,8.68580524018371,0.1922139854439277,1.3406953498017138
112755,5-seymour avenue_2021,11.909446457936843,7.496832860570428,0.3086926725141372,1.9468811060953553
112816,5-shale street_2022,12.12277652791881,8.319245483048052,0.28782912046322157,0.8078588376918425
112845,5-sharpe avenue_2021,13.48359432577108,9.070546078863245,0.29603747957407894,0.9748992049809254
112882,5-sharrotts road_2018,14.38777235898954,10.043101180606984,0.2671542515183254,1.406636058777805
112885,5-sharrotts road_2021,14.456220085474861,10.043101180606984,0.2861217353550034,1.1416079191292055
112915,5-shawnee street_2021,11.526558691827201,7.114200765233443,0.33156786190612314,0.5622409107121464
112932,5-sheldon avenue_2018,14.80840208139014,10.463716165428671,0.25174318625360254,0.4187761221678367
112938,5-sheldon avenue_2024,13.926921278249612,10.463716165428671,0.32425861457676525,0.09649130018876124
112975,5-shepard avenue_2021,12.36333382698121,7.950520231844703,0.30919556415159005,0.6780335427498971
113018,5-sheridan place_2024,10.964740412919582,7.502042447348239,0.2781540662001263,0.636418086313856
113022,5-sherman avenue_2018,12.79336864436203,8.448865931489802,0.25865569886747536,0.7047298418030119
113056,5-shiel avenue_2022,12.590899697555619,8.787279549089133,0.2873879115436442,0.3815138872856511
113083,5-shiloh street_2019,12.284714575704225,8.530708368222516,0.2082716053482384,1.0766733811493558
113115,5-shirra avenue_2021,12.565480977869262,8.15260364985956,0.36095799600502,1.5623043753000425
113135,5-shore road_2021,13.709923190208398,9.296851931940518,0.31218242818640174,0.14262739824975598
113153,5-shotwell avenue_2019,12.72795512935864,8.973879925876526,0.2366335461476945,1.53635095732657
113158,5-shotwell avenue_2024,12.436989983722421,8.973879925876526,0.2392883814006321,0.20685155453723228
113259,5-signal hill road_2025,11.121441628107739,7.7432497073410955,0.0,2.1085633552518543
113261,5-signs road_2017,13.500707538134217,9.286895005385144,0.29319903885258236,1.9901867410051666
113308,5-silver lake park road_2024,9.787376569221292,6.325878635249465,0.0,0.26328691561705936
113363,5-simonson avenue_2019,12.947345074666268,9.19324550124949,0.26784373023211666,2.348542677767077
113375,5-simonson place_2021,12.445750748161942,8.03290960520762,0.26183725523263207,1.2041427898775734
113392,5-sinclair avenue_2018,14.959835414417803,10.615145537976856,0.2598269351077676,0.5107256187656574
113456,5-slaight street_2022,11.21483326554421,7.411654725321186,0.2641725832242747,0.6447969196188986
113476,5-slayton avenue_2022,11.79398533097477,7.9905470672504855,0.3040184917714744,0.6293550474721659
113491,5-sleight avenue_2017,13.060172004241323,8.846409986385321,0.2613582281653357,1.0824151537655384
113492,5-sleight avenue_2018,13.190982045784319,8.846409986385321,0.3127169456769644,0.22314355131420976
113506,5-sloane avenue_2022,10.53665196847287,6.734046420084397,0.2668789448220177,1.883228949646442
113536,5-smith avenue_2022,11.627383424465165,7.824005182302818,0.2772107725844855,0.6676242233288594
113563,5-smith street_2019,10.488539862564833,6.735501773267168,0.2827279606145222,0.6346702508009694
113668,5-sommers lane_2024,11.448566362489192,7.985663289714605,0.24632113962691543,0.667367727572458
113702,5-south avenue_2018,15.532836579567245,11.188136137718448,0.42764795383496096,2.8555502429541284
113708,5-south avenue_2024,14.651355506321456,11.188136137718448,0.4769389352378784,0.2508365363309584
113772,5-south gannon avenue_2018,14.616607763323039,10.271927805922168,0.3797016791436747,0.8901520742644603
113793,5-south greenleaf avenue_2019,12.9633795507716,9.209278397161157,0.23035557726006253,0.1624589276977029
113811,5-south railroad avenue_2017,15.116527021185947,10.902641361364175,0.2695352507778811,0.06053049974003235
113812,5-south railroad avenue_2018,15.247337290313352,10.902641361364175,0.30084707353792206,0.47586143872989545
113873,5-spark place_2019,11.274831819793892,7.521161860913457,0.31150322529201135,0.7926757232748455
113938,5-spirit lane_2024,10.582354515649698,7.119905553609799,0.0,0.07788653865707122
113985,5-springfield avenue_2021,12.0340449446039,7.621367134107186,0.27778739073510245,0.850022716022425
114026,5-spruce street_2022,10.75939078167611,6.9565529441054474,0.31585294941847725,0.7728359794613133
114046,5-stack drive_2022,11.822650407206412,8.019202787130704,0.2999593386190129,0.7380727439129378
114052,5-stafford avenue_2018,14.634653873859989,10.28997330585818,0.25626053160471,0.3093212475552621
114082,5-stanley avenue_2018,12.998453986349451,8.653912081023437,0.2734081477593321,2.923758176913798
114088,5-stanley avenue_2024,12.116975861259196,8.653912081023437,0.24542226316189827,0.015282623531156904
114129,5-starbuck street_2025,11.093153909414672,7.71497400676112,0.0,0.7161310169503207
114148,5-starr avenue_2024,10.90132523411581,7.438662271908524,0.3215836241274623,1.1342689658761445
114156,5-state street_2022,10.58210449874088,6.779447262421868,0.2578291093020998,0.6973383851784134
114586,5-stebbins avenue_2022,11.447111538416175,7.643810552565017,0.3406651148812489,0.672178874123749
114596,5-stecher street_2022,12.587239799463894,8.783620198275923,0.27785452817767936,0.7275969152891709
114626,5-steinway avenue_2022,12.826744058510947,9.023092550484678,0.3990129651801226,0.6855181533954542
114691,5-stewart avenue_2017,13.597990398897133,9.384169406215227,0.24025127803812715,0.8081708571287273
114705,5-stieg avenue_2021,13.074563469976528,8.661572635284749,0.28631127031800224,0.33511417201164184
114799,5-strauss street_2025,9.904650360098255,6.5274533309866465,0.0,0.7293344513216578
114843,5-street andrews road_2019,12.842025934437952,9.087937394380392,0.2336998815799238,1.4519650536095363
114858,5-street anthony place_2024,9.884304901347244,6.42264683092142,0.2597082204093748,0.8063865761664561
114903,5-street george road_2019,12.932062565427454,9.177964521862975,0.24350624583309435,1.4850531331431545
115002,5-street lukes avenue_2018,11.205423504172856,6.861743439441993,0.22748499080596826,0.8312991319426876
115023,5-street marys avenue_2019,12.714563082398449,8.96048954677613,0.27609297884130374,0.8861613668926431
115033,5-street patricks place_2019,11.614264847592931,7.860442668551984,0.2971608164063247,1.3168906909810114
115146,5-summer street_2022,10.922946311919507,7.119967972164649,0.2853263587593219,1.08916782984011
115169,5-summit avenue_2025,11.234956048836093,7.856719178194006,0.0,0.8199119813514425
115178,5-summit place_2024,11.369269904047593,7.906394034960083,0.31782657524975,0.695993127009864
115205,5-sumner avenue_2021,12.561645295513918,8.148769060832015,0.3520065295833972,1.7016888721382073
115212,5-sumner place_2018,12.209865972475768,7.865530710858754,0.2646638934822694,1.1505720275988207
115328,5-susanna lane_2024,10.375676160077525,6.91340706407999,0.0,0.21422388913955612
115346,5-sussex green_2022,9.722973825011193,5.921828405052589,0.3309950794696765,1.8590909613883404
115366,5-sutton place_2022,10.123610575691787,6.3215997169641565,0.265075517822867,1.10578649241611
115378,5-swaim avenue_2024,11.189903841165087,7.727098073885589,0.29754704629922096,1.0072642492088042
115386,5-swan street_2022,11.49069667602801,7.68737571642902,0.22022163962606417,1.438507232566825
115392,5-sweetbrook road_2018,12.602631650463069,8.25817335299673,0.2969808101366548,2.064150223110877
115428,5-swinnerton street_2024,13.053363532152868,9.590197014981241,0.32781417387809836,0.20277756536133695
115478,5-sylvan place_2024,9.787014325643346,6.325517019674403,0.26633514989698376,0.11189909249740876
115505,5-tabb place_2021,11.96649621435396,7.553852221889733,0.2842515373549917,0.5696226942744478
115522,5-taft avenue_2018,12.608094620175471,8.263634929256195,0.2683054107573994,0.7158866675294348
115572,5-tanglewood drive_2018,13.139898294980036,8.79533367950782,0.30308908827492254,1.6191703977784804
115605,5-tarlee place_2021,11.81185611490429,7.399298703897968,0.2821875531341402,1.5416728582994041
115642,5-tate street_2018,10.331299596793743,5.989062058525407,0.2459794085659322,1.9260863786784774
115678,5-taxter place_2024,9.355544820731115,5.8949825812571355,0.298826637004846,1.5439389302014046
115749,5-tenafly place_2025,10.68907799461674,7.311112615434317,0.0,2.0175129450576694
115788,5-terrace avenue_2024,10.848373315935937,7.385741330110969,0.3115332882739608,0.6578308354323776
115815,5-thames avenue_2021,11.737119480842452,7.324608960272658,0.2881100630425212,0.5676406453202232
115893,5-theresa place_2019,11.13617822106458,7.382586908653319,0.23873564607404596,1.9079115459640799
115898,5-theresa place_2024,10.845216995779378,7.382586908653319,0.0858612906063924,0.0697126124113003
115933,5-thomas street_2019,13.217602584327055,9.46347948478106,0.23826671288843057,1.1684803326354374
115936,5-thomas street_2022,13.267172996143334,9.46347948478106,0.3256199117921731,0.19581346364225366
115958,5-thompson street_2024,11.42204718196766,7.959152968027206,0.342202911330198,0.8522001104145456
115975,5-thurston street_2021,11.70654271810732,7.294052414319838,0.2968013242961324,1.05761666796459
116022,5-tilden street_2018,9.275277219033294,4.937666552396957,0.23044080513815302,3.586644604025546
116042,5-tillman street_2018,13.504323495679726,9.159713229437523,0.2238631671330086,1.2898109933996673
116118,5-todt hill court_2024,9.058103823403604,5.59846501979964,0.16200155430299706,0.8883849626204463
116132,5-todt hill road_2018,14.654273155246935,10.309591935797716,0.3437823995817653,0.5491613300315638
116138,5-todt hill road_2024,13.772792439437708,10.309591935797716,0.38752740742149705,1.0765030030800087
116161,5-tompkins avenue_2017,14.71183311709594,10.497956504906739,0.3248726801891167,0.2849533528805231
116178,5-tompkins circle_2024,11.081692787255959,7.618935807770817,0.19611487892629045,3.219275744889528
116278,5-totten street_2024,10.264572576205298,6.80241666152405,0.32408050432604946,0.6836522459981439
116313,5-townsend avenue_2019,12.405511741515095,8.651483607833862,0.28797272788181727,1.5592597854898196
116332,5-trantor place_2018,14.163887509157085,9.819227100623953,0.2927790315332026,1.151014967461158
116346,5-travis avenue_2022,14.375464440799101,10.571720080594515,0.4305684395099775,0.6079704831523522
116355,5-treadwell avenue_2021,13.45992362290953,9.046878097312945,0.30919556415159005,1.2973811768406645
116448,5-trossach road_2024,11.136983585073361,7.674201018414952,0.1794438569663395,0.619608277225075
116472,5-trumbull place_2018,11.127079605016045,6.783483761375936,0.24817962947553462,0.9088632160453585
116483,5-tryon avenue_2019,10.999388881304837,7.245886605030819,0.2542815981028136,0.6423274582299707
116526,5-tulip circle_2022,10.157197015403122,6.355128123080835,0.26236426446749106,1.0395697480343264
116553,5-turf road_2019,11.290054682927162,7.536376734801452,0.21597506183559723,2.3078512026665456
116646,5-tyrrell street_2022,11.342347592635157,7.539098331156189,0.26191167337580973,0.8246577827621558
116662,5-tysen street_2018,12.760682497653573,8.416186807599853,0.2987996203220428,1.7074716527054656
116688,5-uncas avenue_2024,12.195226374704584,8.732149875871729,0.16200155430299706,0.8981267612464839
116698,5-union avenue_2024,12.897614319844077,9.434458968470683,0.38347441234259233,0.6719235441083187
116718,5-union place_2024,10.684572936994108,7.222047840853927,0.3115332882739608,0.6012511658554083
116876,5-utter avenue_2022,12.333997999798651,8.530421571432248,0.29120527045909794,0.7062114698891464
116886,5-uxbridge street_2022,11.854876684863338,8.051418861283352,0.3262157364540238,0.6385853925672627
116908,5-valdemar avenue_2024,11.290439491346644,7.827592890121046,0.17655785207720454,1.2150611013113564
116962,5-van buren street_2018,13.035641754145832,8.691093563417628,0.25897282121140197,0.9411004107827294
116983,5-van duzer street_2019,14.157252643380493,10.403083351867922,0.33689922211019374,1.5186594488752265
117008,5-van name avenue_2024,13.313163190737766,9.849981515118106,0.27800046816587914,0.5974619304255374
117018,5-van pelt avenue_2024,12.891066683574097,9.427911840770008,0.34077331852060355,0.9483318874189502
117042,5-van tuyl street_2018,11.290046192269658,6.9462822646604385,0.22483226547854346,0.6604173559370264
117066,5-vanderbilt avenue_2022,13.857473007554361,10.053745653878554,0.3708754283782278,0.908379520602819
117086,5-vassar street_2022,12.714905962276898,8.911268406063495,0.3070520802300733,0.6724341389624037
117105,5-vedder avenue_2021,12.819792500108422,8.406851286734556,0.3206928165172477,1.2095273492392649
117128,5-veltman avenue_2024,11.642018581131497,8.179057525075942,0.3735433630581733,0.8099964470562376
117168,5-vera street_2024,11.65384788376703,8.190883632859652,0.22452191128433108,0.2645157944199414
117173,5-vermont avenue_2019,12.13803660042565,8.384060834501486,0.24831251101184074,1.0959420601122307
117192,5-vernon avenue_2018,14.27932321234555,9.934656950416578,0.24493937491273723,0.32128607986555846
117195,5-vernon avenue_2021,14.347770934554859,9.934656950416578,0.2916915409160564,0.422912021711885
117196,5-vernon avenue_2022,13.738378983846756,9.934656950416578,0.29349575907116154,0.04190940307720961
117278,5-vespa avenue_2024,12.072413405947675,8.609357326059454,0.3389322624620753,1.0094167098636389
117282,5-veterans road east_2018,14.975170802732121,10.630480557654957,0.3143240033982021,2.4525470121998496
117283,5-veterans road east_2019,14.384655875593193,10.630480557654957,0.30596059962439665,0.33761444119998996
117301,5-veterans road west_2017,15.138558097809575,10.924672042773109,0.27849932467066857,1.521917314904605
117303,5-veterans road west_2019,14.678853376191922,10.924672042773109,0.3113092629581633,0.5665630284504923
117322,5-victory boulevard_2018,16.355232585395207,12.010524486622224,0.43505144739451873,1.0614294975403937
117323,5-victory boulevard_2019,15.76471746933852,12.010524486622224,0.4412196648490412,0.1814878760453772
117328,5-victory boulevard_2024,15.47375136977237,12.010524486622224,0.485911550731236,0.6595903970311026
117363,5-villa nova street_2019,11.857826981701338,8.103923374831158,0.17134887812447902,0.6802645547289317
117392,5-vine street_2018,11.223834423869949,6.880135505352953,0.21380430131873074,0.7706173513268442
117408,5-vineland avenue_2024,13.343446731753774,9.88026353197054,0.3109719635328679,0.1479888777134493
117412,5-virginia avenue_2018,13.876576274319998,9.531933735690323,0.2626350836973115,0.9482156646585289
117458,5-vogel avenue_2024,12.009088111793334,8.546043581809963,0.21529675360950526,0.4559047048662339
117485,5-vogel place_2021,11.111596163587215,6.699651461500894,0.26971337890896446,0.7118217208247538
117493,5-von braun avenue_2019,11.434591936279393,7.6808438929224225,0.2703821247922229,0.6575718150460252
117506,5-vreeland street_2022,11.764978111327311,7.961549592541854,0.19595370558401232,0.5280956349309447
117525,5-wade street_2021,11.593796910844917,7.181386725837301,0.3033969849394268,1.6316298399405973
117611,5-wainwright avenue_2017,14.473446044211693,10.259576750132695,0.24542079374811357,1.004521365268514
117612,5-wainwright avenue_2018,14.604256283216738,10.259576750132695,0.26346577184544034,1.3582806146646917
117685,5-waldo place_2021,11.586252069520722,7.173847575102055,0.2950181114939642,0.7514632573827813
117698,5-waldron avenue_2024,11.622814834976714,8.159859046591382,0.09687635083706979,1.2702660350597683
117712,5-walker court_2018,11.356779707788466,7.012954468543608,0.231390156159394,0.49176512102724823
117745,5-walker street_2021,13.990564433820065,9.57747100511744,0.3557934983109267,1.5304812814323883
117773,5-walloon street_2019,11.150965491392334,7.397365262893742,0.2690573226140752,1.6132904817495903
117806,5-walnut street_2022,12.006790397649,8.203288664297501,0.2761451895726338,1.0412303204299738
117838,5-ward avenue_2024,12.356687484679549,8.89358768692085,0.3129752495908621,0.8443649923025661
117858,5-wardwell avenue_2024,12.04695669203793,8.58390516749349,0.2919831543511715,0.6702367289768392
117906,5-washington place_2022,11.21075763737593,7.40758150955757,0.28275926098856424,0.7074937742668669
117938,5-waterbury avenue_2024,11.351171842092175,7.888302489886227,0.15906469462968736,1.9892706331685368
117955,5-waters avenue_2021,13.676440109949302,9.263371936643882,0.3119012463366581,0.9575094476901094
118098,5-webster avenue_2024,10.93492417942345,7.472242395428637,0.3115332882739608,0.7405077519197829
118141,5-wellbrook avenue_2017,13.27601590869255,9.062226367505202,0.22918272002298667,1.2444139263234595
118193,5-wenlock street_2019,12.107346803296858,8.353377991306933,0.24527772548147642,1.6360408942286344
118218,5-weser avenue_2024,12.062881705559844,8.599827317754634,0.11701645838618793,0.47337294671533947
118266,5-west cedarview avenue_2022,13.191679161903899,9.387991602792688,0.3510710360423656,0.2929680768810183
118291,5-west service road_2017,14.048832582027252,9.83498153963549,0.4350873641395077,0.15254939846028448
118596,5-westbrook avenue_2022,11.883231764409109,8.079765230895108,0.29413181629966695,0.6596938043007258
118616,5-westcott boulevard_2022,13.265034266425541,9.461340917578852,0.3680538086715119,0.692897149304736
118633,5-western avenue_2019,13.179706945412722,9.4255867741614,0.3138979145826739,2.321220372538219
118658,5-westfield avenue_2024,11.109135038475245,7.646365182663816,0.298826637004846,0.5344444893646247
118685,5-westport street_2021,12.49314925314219,8.080293265422156,0.3394033574300717,1.764354013537454
118696,5-westwood avenue_2022,14.369070552021837,10.56532635255803,0.37178316772138587,0.5444731431782086
118738,5-wheeling avenue_2024,11.74976929877293,8.286780490636506,0.16687723436648103,0.7293826731420407
118773,5-white plains avenue_2019,10.74867815954883,6.995374295027683,0.28141245943818555,1.25282010971992
118783,5-white street_2019,10.799149479227289,7.045801579875103,0.2109768125543307,0.901298914054918
118805,5-whitewood avenue_2021,12.893124031244593,8.48016721788579,0.29612238002834734,1.0434518774908341
118878,5-wilbur place_2024,10.2483992225952,6.786260856316439,0.35356666998051306,0.17008027037160076
118901,5-wild avenue_2017,13.416734913212697,9.202930374759466,0.263815643532138,2.643575677916726
118913,5-wilder avenue_2019,13.248347382862569,9.494221987779206,0.2673123200848605,0.733905173032113
118966,5-william avenue_2022,12.20080623349908,8.397257297437493,0.2654364635044612,1.933866485852885
118978,5-william street_2024,10.295240623245643,6.833052201683512,0.2372958076048731,1.535576063835645
118988,5-willis avenue_2024,11.017484015671656,7.554758580399307,0.3487122915157149,0.7526888632682612
119021,5-willow road east_2017,14.024859178828756,9.811009416398235,0.30445353042780593,1.471049026984699
119031,5-willow road west_2017,14.091371865777848,9.877518626349156,0.2858035385731084,1.8169560198609693
119058,5-willowbrook court_2024,9.041287553270486,5.581709586601492,0.2189970353523612,3.7072815913776824
119096,5-wilson avenue_2022,13.783486483166064,9.97976235978574,0.35764119645924186,0.29698863177208057
119163,5-wiman place_2019,10.892663047506387,7.139239203261868,0.2853537826921898,1.2050122639005985
119176,5-winant avenue_2022,13.67497069710174,9.87125176560093,0.36133312960451114,0.017938145131012995
119178,5-winant avenue_2024,13.334434516615449,9.87125176560093,0.3965840550642038,0.7957488942206647
119216,5-winchester avenue_2022,13.514705791386566,9.7109956356245,0.23749387266227381,0.6758992871503919
119233,5-windermere road_2019,12.531559679248423,8.77751132127973,0.31585294941847725,0.9272702359171632
119273,5-windom avenue_2019,11.599728039040604,7.845911375559852,0.19806991376209376,0.6754922453212245
119288,5-windsor court_2024,9.971061945502417,6.509273111495175,0.0,0.1467807312081949
119298,5-windsor road_2024,12.538041181622129,9.074919329918828,0.3424361202864788,1.0798371333417756
119333,5-winfield avenue_2019,11.563124193796343,7.809321778792716,0.20050834462162895,0.6146990342308034
119356,5-wingham street_2022,11.001114182475511,7.198076382491187,0.22267285231752199,0.644114486982634
119392,5-winter avenue_2018,12.940711633390906,8.596179962714366,0.2490034658533121,0.7464509525822562
119406,5-winthrop place_2022,12.10430737898961,8.30078077707241,0.2728403338594318,0.6293017525111918
119443,5-woehrle avenue_2019,13.026778936779394,9.27267177749879,0.2855480140223139,0.6830968447064438
119448,5-woehrle avenue_2024,12.735813532312402,9.27267177749879,0.3293313109182881,0.06700422878047387
119458,5-wolcott avenue_2024,10.44708038448493,6.984744906933938,0.37985253225143806,2.1434955704699417
119503,5-wolverine street_2019,12.700954239074296,8.946882421345846,0.17475330716610468,1.268861264227795
119545,5-woodbine avenue_2021,13.30269635645116,8.889670637395232,0.3286136500086917,0.6141580843095735
119633,5-woodlawn avenue_2019,11.716768728754108,7.962909851809026,0.23474268715756166,1.389215091630868
119656,5-woodrow road_2022,15.307681485802078,11.503921931423024,0.38058524761698936,0.5779046650476684
119658,5-woodrow road_2024,14.96714492963159,11.503921931423024,0.3684186062202283,0.4230430403822329
119683,5-woodside avenue_2019,10.761628632347117,7.008313256251591,0.20578444780855798,0.8113301362376557
119693,5-woodstock avenue_2019,11.625783492727603,7.871956999839058,0.33534674409947846,1.1898535957650525
119721,5-woodward avenue_2017,13.24664770372749,9.032861567594518,0.20848323519894482,0.4686276830658045
119738,5-woolley avenue_2024,13.736250674421482,10.27305137173468,0.371098163554936,0.22880748093864833
119748,5-wrenn street_2024,10.514615613102514,7.052221562079547,0.23275241042084652,0.6299411046561527
119753,5-wright avenue_2019,10.169495566292975,6.416893383369309,0.10393092284823187,2.9368682884067994
119768,5-wright street_2024,12.078093416179055,8.615036335607323,0.3140553577066707,0.7141745477520209
119848,5-yeomalt avenue_2024,10.400325327607522,6.938032779176742,0.24632113962691543,1.2691985892436433
119882,5-york avenue_2018,13.7592097037504,9.414576076386108,0.30461535651784943,1.680026842874389
119908,5-young street_2024,10.756896379916492,7.29432192541876,0.298826637004846,0.6419065163663492
119916,5-yucca drive_2022,11.442980965530229,7.639681918126114,0.2179536363858755,0.6976370858327973
119922,5-yukon avenue_2018,13.03831794771842,8.693769313615727,0.18358781128545779,3.1627752043087987
119988,5-zoe street_2024,12.26329826642641,8.800211484486114,0.28802684059861955,0.2651296679812694
