latitude,longitude,elevation,utc_offset_seconds,timezone,timezone_abbreviation
40.667835,-73.81021,3.0,-14400,America/New_York,GMT-4

time,weather_code (wmo code),temperature_2m_mean (°F),rain_sum (mm),precipitation_sum (mm),snowfall_sum (cm),precipitation_hours (h),wind_speed_10m_max (mp/h)
2001-01-01,3,17.7,0.00,0.00,0.00,0.0,12.4
2001-01-02,3,14.3,0.00,0.00,0.00,0.0,9.8
2001-01-03,3,12.7,0.00,0.00,0.00,0.0,8.5
2001-01-04,3,17.1,0.00,0.00,0.00,0.0,9.2
2001-01-05,73,21.6,0.20,4.40,3.01,7.0,10.5
2001-01-06,3,24.8,0.00,0.00,0.00,0.0,10.7
2001-01-07,3,24.9,0.00,0.00,0.00,0.0,8.8
2001-01-08,73,29.2,3.50,4.80,0.91,9.0,9.0
2001-01-09,73,28.2,0.10,0.80,0.63,4.0,14.2
2001-01-10,3,23.2,0.00,0.00,0.00,0.0,14.8
2001-01-11,3,27.9,0.00,0.00,0.00,0.0,11.1
2001-01-12,3,26.7,0.00,0.00,0.00,0.0,8.1
2001-01-13,3,25.4,0.00,0.00,0.00,0.0,7.6
2001-01-14,3,30.0,0.00,0.00,0.00,0.0,7.9
2001-01-15,53,34.7,3.90,3.90,0.00,10.0,8.9
2001-01-16,51,36.1,0.60,0.60,0.00,3.0,12.3
2001-01-17,3,31.7,0.00,0.00,0.00,0.0,10.3
2001-01-18,73,30.4,0.10,1.10,0.70,6.0,7.3
2001-01-19,61,34.4,19.40,19.40,0.00,18.0,8.7
2001-01-20,73,32.6,9.40,16.60,5.11,22.0,16.2
2001-01-21,75,24.1,0.40,10.00,6.72,12.0,18.5
2001-01-22,0,19.2,0.00,0.00,0.00,0.0,8.9
2001-01-23,2,25.1,0.00,0.00,0.00,0.0,7.1
2001-01-24,3,25.6,0.00,0.00,0.00,0.0,7.4
2001-01-25,71,28.7,0.00,0.00,0.07,0.0,12.9
2001-01-26,3,22.1,0.00,0.00,0.00,0.0,11.8
2001-01-27,73,30.1,0.20,0.80,0.42,5.0,12.8
2001-01-28,3,27.4,0.00,0.00,0.00,0.0,13.1
2001-01-29,3,27.5,0.00,0.00,0.00,0.0,7.3
2001-01-30,61,37.5,9.50,9.50,0.00,8.0,17.6
2001-01-31,3,38.0,0.00,0.00,0.00,0.0,17.1
2001-02-01,3,35.7,0.00,0.00,0.00,0.0,12.5
2001-02-02,51,35.4,1.80,1.80,0.00,7.0,16.4
2001-02-03,3,25.9,0.00,0.00,0.00,0.0,17.6
2001-02-04,3,28.9,0.00,0.00,0.00,0.0,9.4
2001-02-05,75,32.9,7.00,27.60,14.42,15.0,19.9
2001-02-06,71,34.6,0.00,0.10,0.07,1.0,16.1
2001-02-07,3,31.0,0.00,0.00,0.00,0.0,10.3
2001-02-08,3,28.8,0.00,0.00,0.00,0.0,7.1
2001-02-09,3,40.7,0.00,0.00,0.00,0.0,14.8
2001-02-10,53,43.5,1.60,1.60,0.00,3.0,22.2
2001-02-11,1,25.0,0.00,0.00,0.00,0.0,17.9
2001-02-12,3,23.6,0.00,0.00,0.00,0.0,9.0
2001-02-13,73,37.1,0.10,1.70,1.19,5.0,7.5
2001-02-14,53,36.9,1.40,1.40,0.00,4.0,9.8
2001-02-15,51,41.0,0.10,0.10,0.00,1.0,10.0
2001-02-16,61,35.2,8.20,8.20,0.00,14.0,7.0
2001-02-17,53,31.7,1.80,1.80,0.00,5.0,23.8
2001-02-18,0,24.2,0.00,0.00,0.00,0.0,16.2
2001-02-19,3,30.7,0.00,0.00,0.00,0.0,15.5
2001-02-20,51,41.1,0.10,0.10,0.00,1.0,10.4
2001-02-21,2,36.5,0.00,0.00,0.00,0.0,15.8
2001-02-22,73,21.1,0.00,4.70,3.29,8.0,12.9
2001-02-23,73,28.5,0.00,2.00,1.47,8.0,11.7
2001-02-24,3,27.5,0.00,0.00,0.00,0.0,9.4
2001-02-25,61,40.8,10.40,10.40,0.00,12.0,18.8
2001-02-26,3,43.2,0.00,0.00,0.00,0.0,16.1
2001-02-27,3,37.1,0.00,0.00,0.00,0.0,9.3
2001-02-28,71,31.4,0.00,0.00,0.21,0.0,13.5
2001-03-01,3,30.1,0.00,0.00,0.00,0.0,11.8
2001-03-02,71,34.5,0.00,1.50,1.19,9.0,7.6
2001-03-03,3,38.1,0.00,0.00,0.00,0.0,7.6
2001-03-04,73,33.3,0.00,4.30,3.22,9.0,16.7
2001-03-05,73,30.5,6.20,13.20,4.90,24.0,19.9
2001-03-06,73,30.3,0.00,7.70,5.39,24.0,22.6
2001-03-07,71,32.3,0.00,0.10,0.21,1.0,13.2
2001-03-08,3,34.0,0.00,0.00,0.00,0.0,10.4
2001-03-09,73,34.7,8.20,9.60,0.98,10.0,14.6
2001-03-10,2,33.7,0.00,0.00,0.00,0.0,19.0
2001-03-11,51,36.8,0.30,0.30,0.00,1.0,15.2
2001-03-12,3,34.1,0.00,0.00,0.00,0.0,9.9
2001-03-13,63,42.1,22.90,22.90,0.00,13.0,16.9
2001-03-14,51,40.4,0.30,0.30,0.00,2.0,20.1
2001-03-15,51,41.4,0.10,0.10,0.00,1.0,9.4
2001-03-16,51,41.7,0.20,0.20,0.00,1.0,7.9
2001-03-17,53,39.8,2.40,2.40,0.00,7.0,9.5
2001-03-18,53,39.2,1.70,1.70,0.00,4.0,18.5
2001-03-19,0,39.1,0.00,0.00,0.00,0.0,13.7
2001-03-20,3,39.5,0.00,0.00,0.00,0.0,8.3
2001-03-21,61,41.6,15.00,15.00,0.00,12.0,25.2
2001-03-22,61,41.8,9.50,9.50,0.00,14.0,20.3
2001-03-23,3,44.0,0.00,0.00,0.00,0.0,23.6
2001-03-24,51,43.0,0.40,0.40,0.00,2.0,17.9
2001-03-25,3,35.4,0.00,0.00,0.00,0.0,16.2
2001-03-26,73,32.6,1.40,4.20,2.10,7.0,13.4
2001-03-27,3,31.3,0.00,0.00,0.00,0.0,13.3
2001-03-28,2,35.6,0.00,0.00,0.00,0.0,9.2
2001-03-29,55,38.2,2.80,2.80,0.00,7.0,11.2
2001-03-30,63,40.9,44.20,44.20,0.00,19.0,21.9
2001-03-31,3,40.2,0.00,0.00,0.00,0.0,9.2
2001-04-01,51,39.6,0.40,0.40,0.00,3.0,8.8
2001-04-02,51,41.1,0.50,0.50,0.00,2.0,10.6
2001-04-03,3,41.8,0.00,0.00,0.00,0.0,9.7
2001-04-04,3,42.7,0.00,0.00,0.00,0.0,9.2
2001-04-05,0,45.5,0.00,0.00,0.00,0.0,10.6
2001-04-06,55,46.0,4.80,4.80,0.00,9.0,9.4
2001-04-07,51,46.2,0.20,0.20,0.00,1.0,11.9
2001-04-08,55,45.8,5.00,5.00,0.00,10.0,10.4
2001-04-09,63,55.0,9.00,9.00,0.00,3.0,8.9
2001-04-10,55,52.8,2.10,2.10,0.00,2.0,11.1
2001-04-11,53,47.8,1.10,1.10,0.00,4.0,12.1
2001-04-12,55,53.1,4.70,4.70,0.00,8.0,12.2
2001-04-13,51,59.6,0.50,0.50,0.00,2.0,13.3
2001-04-14,0,52.4,0.00,0.00,0.00,0.0,11.2
2001-04-15,3,50.5,0.00,0.00,0.00,0.0,8.7
2001-04-16,53,48.5,2.20,2.20,0.00,5.0,9.8
2001-04-17,61,45.9,3.90,3.90,0.00,11.0,9.4
2001-04-18,53,43.9,2.60,2.60,0.00,6.0,16.3
2001-04-19,3,42.6,0.00,0.00,0.00,0.0,10.9
2001-04-20,51,49.2,0.20,0.20,0.00,1.0,8.8
2001-04-21,61,56.1,4.00,4.00,0.00,6.0,8.1
2001-04-22,53,67.0,0.70,0.70,0.00,1.0,12.5
2001-04-23,3,61.5,0.00,0.00,0.00,0.0,8.7
2001-04-24,55,67.5,1.90,1.90,0.00,2.0,15.6
2001-04-25,3,50.1,0.00,0.00,0.00,0.0,15.2
2001-04-26,3,50.4,0.00,0.00,0.00,0.0,10.0
2001-04-27,3,54.6,0.00,0.00,0.00,0.0,7.8
2001-04-28,1,53.8,0.00,0.00,0.00,0.0,13.2
2001-04-29,1,50.8,0.00,0.00,0.00,0.0,11.6
2001-04-30,1,58.4,0.00,0.00,0.00,0.0,10.5
2001-05-01,1,67.2,0.00,0.00,0.00,0.0,10.3
2001-05-02,1,71.4,0.00,0.00,0.00,0.0,10.5
2001-05-03,2,73.4,0.00,0.00,0.00,0.0,10.6
2001-05-04,3,75.8,0.00,0.00,0.00,0.0,11.3
2001-05-05,51,68.3,0.10,0.10,0.00,1.0,13.0
2001-05-06,1,55.4,0.00,0.00,0.00,0.0,11.5
2001-05-07,0,51.2,0.00,0.00,0.00,0.0,9.2
2001-05-08,1,54.2,0.00,0.00,0.00,0.0,11.1
2001-05-09,3,60.5,0.00,0.00,0.00,0.0,6.0
2001-05-10,3,68.5,0.00,0.00,0.00,0.0,8.6
2001-05-11,3,70.7,0.00,0.00,0.00,0.0,11.0
2001-05-12,3,71.8,0.00,0.00,0.00,0.0,14.6
2001-05-13,3,60.7,0.00,0.00,0.00,0.0,14.7
2001-05-14,53,58.7,0.70,0.70,0.00,1.0,13.1
2001-05-15,3,60.1,0.00,0.00,0.00,0.0,16.8
2001-05-16,3,56.3,0.00,0.00,0.00,0.0,12.6
2001-05-17,3,55.7,0.00,0.00,0.00,0.0,8.7
2001-05-18,51,56.7,0.80,0.80,0.00,4.0,11.7
2001-05-19,51,64.6,0.30,0.30,0.00,2.0,6.7
2001-05-20,3,56.8,0.00,0.00,0.00,0.0,14.4
2001-05-21,55,56.1,4.50,4.50,0.00,8.0,13.6
2001-05-22,63,58.2,15.50,15.50,0.00,13.0,13.7
2001-05-23,55,59.0,5.60,5.60,0.00,18.0,12.1
2001-05-24,51,61.6,0.10,0.10,0.00,1.0,12.2
2001-05-25,51,57.9,1.30,1.30,0.00,6.0,13.4
2001-05-26,53,60.5,2.30,2.30,0.00,8.0,10.7
2001-05-27,53,61.4,2.30,2.30,0.00,8.0,8.5
2001-05-28,53,64.4,1.90,1.90,0.00,6.0,11.5
2001-05-29,63,62.8,4.30,4.30,0.00,3.0,8.1
2001-05-30,3,57.7,0.00,0.00,0.00,0.0,17.6
2001-05-31,0,57.2,0.00,0.00,0.00,0.0,13.5
2001-06-01,61,58.3,3.90,3.90,0.00,4.0,11.0
2001-06-02,61,64.7,20.00,20.00,0.00,16.0,13.2
2001-06-03,61,64.6,3.80,3.80,0.00,6.0,12.8
2001-06-04,3,62.8,0.00,0.00,0.00,0.0,10.9
2001-06-05,3,64.7,0.00,0.00,0.00,0.0,9.5
2001-06-06,3,66.9,0.00,0.00,0.00,0.0,8.4
2001-06-07,3,66.0,0.00,0.00,0.00,0.0,8.1
2001-06-08,3,68.7,0.00,0.00,0.00,0.0,9.2
2001-06-09,3,68.5,0.00,0.00,0.00,0.0,8.8
2001-06-10,3,69.7,0.00,0.00,0.00,0.0,8.9
2001-06-11,61,71.8,5.30,5.30,0.00,5.0,13.0
2001-06-12,51,71.3,0.20,0.20,0.00,1.0,9.0
2001-06-13,51,73.1,0.40,0.40,0.00,2.0,7.6
2001-06-14,3,73.0,0.00,0.00,0.00,0.0,7.9
2001-06-15,3,72.7,0.00,0.00,0.00,0.0,8.9
2001-06-16,55,73.7,3.70,3.70,0.00,10.0,10.9
2001-06-17,65,70.1,64.30,64.30,0.00,18.0,15.1
2001-06-18,2,72.6,0.00,0.00,0.00,0.0,11.8
2001-06-19,2,73.8,0.00,0.00,0.00,0.0,12.6
2001-06-20,1,75.7,0.00,0.00,0.00,0.0,11.7
2001-06-21,61,71.2,5.60,5.60,0.00,10.0,10.8
2001-06-22,51,71.8,1.90,1.90,0.00,7.0,14.0
2001-06-23,63,72.4,16.60,16.60,0.00,17.0,15.8
2001-06-24,55,71.0,2.50,2.50,0.00,3.0,6.3
2001-06-25,3,72.6,0.00,0.00,0.00,0.0,5.8
2001-06-26,2,75.0,0.00,0.00,0.00,0.0,7.6
2001-06-27,2,78.7,0.00,0.00,0.00,0.0,9.2
2001-06-28,3,80.0,0.00,0.00,0.00,0.0,10.2
2001-06-29,3,75.4,0.00,0.00,0.00,0.0,10.3
2001-06-30,53,80.9,0.80,0.80,0.00,1.0,11.2
2001-07-01,63,78.5,6.40,6.40,0.00,6.0,14.3
2001-07-02,2,64.8,0.00,0.00,0.00,0.0,16.4
2001-07-03,3,68.5,0.00,0.00,0.00,0.0,13.4
2001-07-04,61,71.7,7.70,7.70,0.00,9.0,9.6
2001-07-05,53,74.0,2.00,2.00,0.00,5.0,11.0
2001-07-06,3,67.9,0.00,0.00,0.00,0.0,14.6
2001-07-07,3,69.4,0.00,0.00,0.00,0.0,12.4
2001-07-08,51,70.6,0.30,0.30,0.00,1.0,10.4
2001-07-09,55,75.3,2.00,2.00,0.00,3.0,7.2
2001-07-10,61,77.8,2.00,2.00,0.00,2.0,11.0
2001-07-11,61,73.5,4.30,4.30,0.00,9.0,12.7
2001-07-12,1,70.0,0.00,0.00,0.00,0.0,12.8
2001-07-13,3,68.3,0.00,0.00,0.00,0.0,8.7
2001-07-14,2,70.3,0.00,0.00,0.00,0.0,10.3
2001-07-15,2,72.4,0.00,0.00,0.00,0.0,9.6
2001-07-16,3,74.3,0.00,0.00,0.00,0.0,9.5
2001-07-17,51,76.2,1.10,1.10,0.00,5.0,7.5
2001-07-18,51,72.3,1.30,1.30,0.00,6.0,10.4
2001-07-19,3,70.5,0.00,0.00,0.00,0.0,11.9
2001-07-20,0,71.4,0.00,0.00,0.00,0.0,8.3
2001-07-21,3,73.4,0.00,0.00,0.00,0.0,10.0
2001-07-22,3,73.9,0.00,0.00,0.00,0.0,12.5
2001-07-23,2,76.9,0.00,0.00,0.00,0.0,12.6
2001-07-24,3,82.4,0.00,0.00,0.00,0.0,14.0
2001-07-25,51,85.3,0.10,0.10,0.00,1.0,12.9
2001-07-26,63,72.7,22.20,22.20,0.00,17.0,14.6
2001-07-27,3,67.7,0.00,0.00,0.00,0.0,11.7
2001-07-28,3,68.5,0.00,0.00,0.00,0.0,10.7
2001-07-29,3,68.6,0.00,0.00,0.00,0.0,10.6
2001-07-30,3,69.4,0.00,0.00,0.00,0.0,10.4
2001-07-31,0,70.2,0.00,0.00,0.00,0.0,7.6
2001-08-01,1,75.4,0.00,0.00,0.00,0.0,7.9
2001-08-02,3,79.2,0.00,0.00,0.00,0.0,13.9
2001-08-03,51,78.7,0.10,0.10,0.00,1.0,12.7
2001-08-04,63,76.5,8.90,8.90,0.00,8.0,10.0
2001-08-05,55,75.5,1.90,1.90,0.00,3.0,8.3
2001-08-06,51,80.2,0.10,0.10,0.00,1.0,11.2
2001-08-07,3,84.9,0.00,0.00,0.00,0.0,9.4
2001-08-08,3,86.4,0.00,0.00,0.00,0.0,7.4
2001-08-09,3,87.6,0.00,0.00,0.00,0.0,12.7
2001-08-10,63,85.5,4.90,4.90,0.00,3.0,12.3
2001-08-11,53,77.2,2.10,2.10,0.00,5.0,10.4
2001-08-12,61,74.6,17.90,17.90,0.00,21.0,7.5
2001-08-13,63,75.5,19.10,19.10,0.00,13.0,7.1
2001-08-14,2,74.9,0.00,0.00,0.00,0.0,9.6
2001-08-15,51,73.0,0.10,0.10,0.00,1.0,6.6
2001-08-16,1,72.7,0.00,0.00,0.00,0.0,11.3
2001-08-17,51,77.4,0.40,0.40,0.00,2.0,11.9
2001-08-18,3,76.2,0.00,0.00,0.00,0.0,8.3
2001-08-19,51,75.7,0.30,0.30,0.00,1.0,8.2
2001-08-20,63,75.8,10.60,10.60,0.00,13.0,9.9
2001-08-21,3,75.1,0.00,0.00,0.00,0.0,8.5
2001-08-22,2,75.9,0.00,0.00,0.00,0.0,7.6
2001-08-23,63,73.8,11.90,11.90,0.00,7.0,9.4
2001-08-24,55,72.9,1.30,1.30,0.00,3.0,10.4
2001-08-25,3,70.4,0.00,0.00,0.00,0.0,8.4
2001-08-26,1,70.9,0.00,0.00,0.00,0.0,11.4
2001-08-27,63,74.4,14.90,14.90,0.00,8.0,10.6
2001-08-28,3,75.5,0.00,0.00,0.00,0.0,9.9
2001-08-29,2,72.8,0.00,0.00,0.00,0.0,8.4
2001-08-30,51,72.0,0.50,0.50,0.00,2.0,12.6
2001-08-31,53,75.7,1.70,1.70,0.00,5.0,12.2
2001-09-01,3,72.9,0.00,0.00,0.00,0.0,12.0
2001-09-02,3,64.9,0.00,0.00,0.00,0.0,10.7
2001-09-03,1,67.3,0.00,0.00,0.00,0.0,9.6
2001-09-04,53,70.2,0.80,0.80,0.00,2.0,8.9
2001-09-05,2,68.7,0.00,0.00,0.00,0.0,11.4
2001-09-06,0,66.9,0.00,0.00,0.00,0.0,7.4
2001-09-07,1,71.2,0.00,0.00,0.00,0.0,10.7
2001-09-08,3,72.7,0.00,0.00,0.00,0.0,11.7
2001-09-09,2,73.3,0.00,0.00,0.00,0.0,10.9
2001-09-10,61,74.5,3.60,3.60,0.00,4.0,11.9
2001-09-11,2,71.1,0.00,0.00,0.00,0.0,11.1
2001-09-12,2,68.4,0.00,0.00,0.00,0.0,11.1
2001-09-13,1,72.0,0.00,0.00,0.00,0.0,9.2
2001-09-14,61,58.6,13.80,13.80,0.00,15.0,15.2
2001-09-15,1,59.6,0.00,0.00,0.00,0.0,11.5
2001-09-16,0,61.6,0.00,0.00,0.00,0.0,5.8
2001-09-17,3,64.3,0.00,0.00,0.00,0.0,7.2
2001-09-18,3,66.0,0.00,0.00,0.00,0.0,5.3
2001-09-19,3,67.1,0.00,0.00,0.00,0.0,10.8
2001-09-20,63,68.3,19.70,19.70,0.00,11.0,12.5
2001-09-21,61,68.6,9.80,9.80,0.00,16.0,10.7
2001-09-22,61,69.8,3.40,3.40,0.00,4.0,7.1
2001-09-23,2,68.2,0.00,0.00,0.00,0.0,5.4
2001-09-24,51,70.3,0.60,0.60,0.00,3.0,14.1
2001-09-25,63,68.1,17.40,17.40,0.00,15.0,17.6
2001-09-26,1,57.8,0.00,0.00,0.00,0.0,11.7
2001-09-27,3,57.6,0.00,0.00,0.00,0.0,11.2
2001-09-28,55,56.1,2.10,2.10,0.00,6.0,10.1
2001-09-29,51,56.5,0.30,0.30,0.00,3.0,17.1
2001-09-30,61,51.8,19.20,19.20,0.00,18.0,18.9
2001-10-01,63,51.6,27.00,27.00,0.00,17.0,18.7
2001-10-02,3,59.7,0.00,0.00,0.00,0.0,8.3
2001-10-03,0,64.4,0.00,0.00,0.00,0.0,10.6
2001-10-04,0,67.3,0.00,0.00,0.00,0.0,9.8
2001-10-05,1,66.3,0.00,0.00,0.00,0.0,13.8
2001-10-06,61,61.9,3.50,3.50,0.00,4.0,18.7
2001-10-07,2,50.5,0.00,0.00,0.00,0.0,17.7
2001-10-08,0,45.9,0.00,0.00,0.00,0.0,15.0
2001-10-09,3,49.2,0.00,0.00,0.00,0.0,9.5
2001-10-10,3,54.8,0.00,0.00,0.00,0.0,10.0
2001-10-11,3,60.2,0.00,0.00,0.00,0.0,9.6
2001-10-12,3,61.3,0.00,0.00,0.00,0.0,7.1
2001-10-13,3,62.4,0.00,0.00,0.00,0.0,8.1
2001-10-14,3,60.1,0.00,0.00,0.00,0.0,12.6
2001-10-15,61,61.9,6.40,6.40,0.00,5.0,12.7
2001-10-16,51,57.7,0.30,0.30,0.00,1.0,14.3
2001-10-17,53,51.8,1.10,1.10,0.00,4.0,21.8
2001-10-18,0,47.8,0.00,0.00,0.00,0.0,15.2
2001-10-19,3,50.8,0.00,0.00,0.00,0.0,11.4
2001-10-20,3,56.3,0.00,0.00,0.00,0.0,9.7
2001-10-21,2,59.0,0.00,0.00,0.00,0.0,15.6
2001-10-22,3,61.8,0.00,0.00,0.00,0.0,11.9
2001-10-23,51,61.7,0.10,0.10,0.00,1.0,12.3
2001-10-24,3,67.2,0.00,0.00,0.00,0.0,8.4
2001-10-25,51,65.9,0.20,0.20,0.00,1.0,14.8
2001-10-26,3,52.6,0.00,0.00,0.00,0.0,19.3
2001-10-27,3,45.5,0.00,0.00,0.00,0.0,15.8
2001-10-28,2,43.6,0.00,0.00,0.00,0.0,13.1
2001-10-29,1,45.8,0.00,0.00,0.00,0.0,7.8
2001-10-30,1,50.7,0.00,0.00,0.00,0.0,9.4
2001-10-31,3,48.9,0.00,0.00,0.00,0.0,10.8
2001-11-01,3,56.5,0.00,0.00,0.00,0.0,10.6
2001-11-02,3,62.5,0.00,0.00,0.00,0.0,14.5
2001-11-03,53,61.8,2.70,2.70,0.00,6.0,14.5
2001-11-04,3,52.4,0.00,0.00,0.00,0.0,10.5
2001-11-05,3,46.7,0.00,0.00,0.00,0.0,21.9
2001-11-06,0,46.1,0.00,0.00,0.00,0.0,16.5
2001-11-07,2,52.4,0.00,0.00,0.00,0.0,16.2
2001-11-08,3,48.3,0.00,0.00,0.00,0.0,12.5
2001-11-09,3,48.2,0.00,0.00,0.00,0.0,18.6
2001-11-10,3,47.2,0.00,0.00,0.00,0.0,11.7
2001-11-11,0,44.4,0.00,0.00,0.00,0.0,17.4
2001-11-12,3,39.0,0.00,0.00,0.00,0.0,14.2
2001-11-13,3,42.1,0.00,0.00,0.00,0.0,8.4
2001-11-14,3,46.4,0.00,0.00,0.00,0.0,10.5
2001-11-15,3,53.1,0.00,0.00,0.00,0.0,9.7
2001-11-16,3,57.3,0.00,0.00,0.00,0.0,10.6
2001-11-17,3,46.0,0.00,0.00,0.00,0.0,11.4
2001-11-18,1,45.7,0.00,0.00,0.00,0.0,9.3
2001-11-19,3,49.5,0.00,0.00,0.00,0.0,12.6
2001-11-20,61,48.1,3.90,3.90,0.00,6.0,16.4
2001-11-21,1,38.6,0.00,0.00,0.00,0.0,10.1
2001-11-22,3,41.9,0.00,0.00,0.00,0.0,7.5
2001-11-23,3,47.5,0.00,0.00,0.00,0.0,7.1
2001-11-24,3,53.6,0.00,0.00,0.00,0.0,11.4
2001-11-25,63,59.6,9.70,9.70,0.00,6.0,14.1
2001-11-26,63,53.7,4.30,4.30,0.00,3.0,6.7
2001-11-27,3,48.4,0.00,0.00,0.00,0.0,7.6
2001-11-28,51,54.7,0.20,0.20,0.00,1.0,7.0
2001-11-29,51,53.8,0.90,0.90,0.00,7.0,15.2
2001-11-30,53,60.4,1.00,1.00,0.00,4.0,18.5
2001-12-01,3,60.4,0.00,0.00,0.00,0.0,13.1
2001-12-02,3,47.9,0.00,0.00,0.00,0.0,8.8
2001-12-03,1,46.9,0.00,0.00,0.00,0.0,9.8
2001-12-04,2,48.2,0.00,0.00,0.00,0.0,8.7
2001-12-05,3,55.1,0.00,0.00,0.00,0.0,8.8
2001-12-06,3,58.4,0.00,0.00,0.00,0.0,12.0
2001-12-07,53,53.8,1.70,1.70,0.00,3.0,9.7
2001-12-08,61,41.5,7.90,7.90,0.00,8.0,13.0
2001-12-09,55,40.0,7.50,7.50,0.00,11.0,14.5
2001-12-10,3,39.5,0.00,0.00,0.00,0.0,4.9
2001-12-11,51,45.4,0.60,0.60,0.00,3.0,10.7
2001-12-12,3,43.5,0.00,0.00,0.00,0.0,12.2
2001-12-13,51,51.9,0.30,0.30,0.00,2.0,9.9
2001-12-14,61,53.3,4.90,4.90,0.00,9.0,14.8
2001-12-15,3,46.0,0.00,0.00,0.00,0.0,19.0
2001-12-16,3,36.4,0.00,0.00,0.00,0.0,10.2
2001-12-17,55,43.6,2.90,2.90,0.00,4.0,10.8
2001-12-18,61,47.6,10.90,10.90,0.00,12.0,21.7
2001-12-19,3,42.6,0.00,0.00,0.00,0.0,12.3
2001-12-20,1,40.0,0.00,0.00,0.00,0.0,18.4
2001-12-21,3,37.1,0.00,0.00,0.00,0.0,19.3
2001-12-22,3,34.0,0.00,0.00,0.00,0.0,11.7
2001-12-23,3,39.1,0.00,0.00,0.00,0.0,9.4
2001-12-24,61,42.7,11.30,11.30,0.00,9.0,13.7
2001-12-25,3,32.8,0.00,0.00,0.00,0.0,11.9
2001-12-26,3,32.5,0.00,0.00,0.00,0.0,10.6
2001-12-27,3,28.8,0.00,0.00,0.00,0.0,15.7
2001-12-28,3,31.8,0.00,0.00,0.00,0.0,13.2
2001-12-29,3,32.3,0.00,0.00,0.00,0.0,13.4
2001-12-30,1,27.7,0.00,0.00,0.00,0.0,16.4
2001-12-31,3,25.9,0.00,0.00,0.00,0.0,14.9
2002-01-01,1,27.0,0.00,0.00,0.00,0.0,13.8
2002-01-02,2,28.0,0.00,0.00,0.00,0.0,11.1
2002-01-03,3,29.2,0.00,0.00,0.00,0.0,10.9
2002-01-04,2,30.3,0.00,0.00,0.00,0.0,13.3
2002-01-05,3,33.6,0.00,0.00,0.00,0.0,11.3
2002-01-06,73,33.6,13.50,15.20,1.19,5.0,18.3
2002-01-07,73,33.2,1.70,5.60,2.73,16.0,18.3
2002-01-08,71,26.1,0.00,0.00,0.07,0.0,13.5
2002-01-09,71,32.5,1.00,1.30,0.21,3.0,12.7
2002-01-10,3,40.1,0.00,0.00,0.00,0.0,12.8
2002-01-11,61,38.5,6.10,6.10,0.00,7.0,13.7
2002-01-12,3,36.6,0.00,0.00,0.00,0.0,12.0
2002-01-13,53,37.3,2.50,2.50,0.00,7.0,22.7
2002-01-14,3,35.0,0.00,0.00,0.00,0.0,13.5
2002-01-15,51,38.9,0.60,0.60,0.00,3.0,14.0
2002-01-16,3,35.5,0.00,0.00,0.00,0.0,15.2
2002-01-17,71,37.4,0.00,0.20,0.21,2.0,13.0
2002-01-18,3,31.9,0.00,0.00,0.00,0.0,16.8
2002-01-19,75,28.2,0.00,10.40,7.35,10.0,13.0
2002-01-20,75,26.9,0.00,3.50,2.45,4.0,12.7
2002-01-21,71,31.8,1.40,1.50,0.07,6.0,13.1
2002-01-22,2,32.8,0.00,0.00,0.00,0.0,12.6
2002-01-23,3,40.0,0.00,0.00,0.00,0.0,16.6
2002-01-24,61,44.7,6.60,6.60,0.00,6.0,12.6
2002-01-25,3,39.8,0.00,0.00,0.00,0.0,13.6
2002-01-26,0,40.4,0.00,0.00,0.00,0.0,13.0
2002-01-27,1,41.3,0.00,0.00,0.00,0.0,7.6
2002-01-28,3,44.2,0.00,0.00,0.00,0.0,7.8
2002-01-29,3,50.9,0.00,0.00,0.00,0.0,10.2
2002-01-30,53,53.3,2.90,2.90,0.00,6.0,11.0
2002-01-31,53,39.8,4.40,4.40,0.00,19.0,14.7
2002-02-01,53,47.1,2.40,2.40,0.00,8.0,19.4
2002-02-02,3,32.9,0.00,0.00,0.00,0.0,18.5
2002-02-03,3,33.5,0.00,0.00,0.00,0.0,13.5
2002-02-04,3,33.6,0.00,0.00,0.00,0.0,17.6
2002-02-05,1,26.6,0.00,0.00,0.00,0.0,19.6
2002-02-06,3,33.2,0.00,0.00,0.00,0.0,10.7
2002-02-07,71,35.2,0.80,1.30,0.42,5.0,7.3
2002-02-08,0,38.6,0.00,0.00,0.00,0.0,11.4
2002-02-09,3,36.6,0.00,0.00,0.00,0.0,12.1
2002-02-10,55,43.6,4.50,4.50,0.00,6.0,18.9
2002-02-11,61,39.2,2.60,2.60,0.00,4.0,21.2
2002-02-12,3,33.1,0.00,0.00,0.00,0.0,18.1
2002-02-13,2,32.9,0.00,0.00,0.00,0.0,17.1
2002-02-14,0,28.9,0.00,0.00,0.00,0.0,10.9
2002-02-15,3,36.6,0.00,0.00,0.00,0.0,15.0
2002-02-16,51,42.4,0.20,0.20,0.00,2.0,8.9
2002-02-17,53,39.2,1.70,1.70,0.00,4.0,16.5
2002-02-18,71,34.7,0.00,0.20,0.14,2.0,18.2
2002-02-19,3,37.3,0.00,0.00,0.00,0.0,6.7
2002-02-20,53,44.7,0.70,0.70,0.00,1.0,17.6
2002-02-21,61,52.6,3.10,3.10,0.00,3.0,17.5
2002-02-22,3,42.9,0.00,0.00,0.00,0.0,13.4
2002-02-23,3,38.1,0.00,0.00,0.00,0.0,8.9
2002-02-24,1,35.8,0.00,0.00,0.00,0.0,9.3
2002-02-25,3,40.6,0.00,0.00,0.00,0.0,12.3
2002-02-26,53,47.1,1.20,1.20,0.00,2.0,16.0
2002-02-27,71,39.0,3.80,4.40,0.42,10.0,17.5
2002-02-28,2,32.4,0.00,0.00,0.00,0.0,18.6
2002-03-01,3,34.6,0.00,0.00,0.00,0.0,12.3
2002-03-02,53,39.6,1.10,1.10,0.00,2.0,14.9
2002-03-03,61,52.7,12.10,12.10,0.00,8.0,25.8
2002-03-04,3,36.0,0.00,0.00,0.00,0.0,13.8
2002-03-05,3,27.4,0.00,0.00,0.00,0.0,14.4
2002-03-06,3,41.0,0.00,0.00,0.00,0.0,16.4
2002-03-07,3,48.0,0.00,0.00,0.00,0.0,13.3
2002-03-08,3,44.7,0.00,0.00,0.00,0.0,9.7
2002-03-09,55,53.4,1.70,1.70,0.00,3.0,21.3
2002-03-10,63,43.4,6.70,6.70,0.00,6.0,24.0
2002-03-11,3,33.7,0.00,0.00,0.00,0.0,14.6
2002-03-12,53,39.9,0.80,0.80,0.00,2.0,8.8
2002-03-13,53,41.2,4.30,4.30,0.00,14.0,11.5
2002-03-14,3,49.2,0.00,0.00,0.00,0.0,8.2
2002-03-15,3,52.7,0.00,0.00,0.00,0.0,11.9
2002-03-16,63,51.8,7.70,7.70,0.00,5.0,13.5
2002-03-17,51,36.3,0.60,0.60,0.00,3.0,13.1
2002-03-18,73,37.6,8.80,10.60,1.26,19.0,17.1
2002-03-19,3,40.9,0.00,0.00,0.00,0.0,7.7
2002-03-20,73,40.4,19.50,20.00,0.35,15.0,16.5
2002-03-21,51,42.7,0.30,0.30,0.00,1.0,20.4
2002-03-22,71,28.7,0.10,0.40,0.28,2.0,21.5
2002-03-23,2,35.1,0.00,0.00,0.00,0.0,19.1
2002-03-24,3,42.3,0.00,0.00,0.00,0.0,13.8
2002-03-25,51,40.2,0.20,0.20,0.00,1.0,13.4
2002-03-26,71,41.7,12.10,12.30,0.14,14.0,17.7
2002-03-27,61,47.4,11.50,11.50,0.00,8.0,13.4
2002-03-28,1,42.2,0.00,0.00,0.00,0.0,10.1
2002-03-29,3,45.0,0.00,0.00,0.00,0.0,15.1
2002-03-30,55,57.0,2.30,2.30,0.00,5.0,16.8
2002-03-31,61,50.0,2.80,2.80,0.00,7.0,9.9
2002-04-01,61,50.2,8.30,8.30,0.00,6.0,17.7
2002-04-02,3,45.8,0.00,0.00,0.00,0.0,15.3
2002-04-03,61,56.4,5.50,5.50,0.00,8.0,16.2
2002-04-04,2,42.9,0.00,0.00,0.00,0.0,12.4
2002-04-05,3,37.5,0.00,0.00,0.00,0.0,10.4
2002-04-06,51,37.5,0.20,0.20,0.00,1.0,13.2
2002-04-07,3,37.5,0.00,0.00,0.00,0.0,12.3
2002-04-08,3,47.5,0.00,0.00,0.00,0.0,12.8
2002-04-09,51,60.2,0.80,0.80,0.00,4.0,16.8
2002-04-10,53,55.8,2.30,2.30,0.00,5.0,13.9
2002-04-11,3,48.3,0.00,0.00,0.00,0.0,12.2
2002-04-12,51,48.3,0.40,0.40,0.00,1.0,7.6
2002-04-13,53,59.6,1.40,1.40,0.00,6.0,13.3
2002-04-14,53,60.7,1.00,1.00,0.00,3.0,12.8
2002-04-15,53,66.7,1.10,1.10,0.00,3.0,13.1
2002-04-16,3,71.7,0.00,0.00,0.00,0.0,8.3
2002-04-17,3,75.6,0.00,0.00,0.00,0.0,9.3
2002-04-18,3,75.3,0.00,0.00,0.00,0.0,11.1
2002-04-19,63,70.8,4.80,4.80,0.00,3.0,11.6
2002-04-20,53,63.3,3.70,3.70,0.00,7.0,9.3
2002-04-21,51,52.6,1.00,1.00,0.00,3.0,10.7
2002-04-22,63,49.1,11.60,11.60,0.00,17.0,14.1
2002-04-23,3,45.1,0.00,0.00,0.00,0.0,15.5
2002-04-24,2,47.7,0.00,0.00,0.00,0.0,11.7
2002-04-25,61,47.4,10.40,10.40,0.00,8.0,17.1
2002-04-26,3,47.6,0.00,0.00,0.00,0.0,16.2
2002-04-27,3,48.8,0.00,0.00,0.00,0.0,10.4
2002-04-28,63,55.0,30.60,30.60,0.00,17.0,15.2
2002-04-29,51,51.9,0.30,0.30,0.00,1.0,15.2
2002-04-30,61,48.7,6.80,6.80,0.00,7.0,13.6
2002-05-01,3,52.7,0.00,0.00,0.00,0.0,9.2
2002-05-02,63,55.6,17.80,17.80,0.00,12.0,15.7
2002-05-03,51,54.6,0.50,0.50,0.00,2.0,23.4
2002-05-04,3,52.0,0.00,0.00,0.00,0.0,11.8
2002-05-05,3,56.2,0.00,0.00,0.00,0.0,11.2
2002-05-06,3,59.2,0.00,0.00,0.00,0.0,14.3
2002-05-07,51,65.0,0.30,0.30,0.00,1.0,10.3
2002-05-08,3,61.6,0.00,0.00,0.00,0.0,12.1
2002-05-09,53,53.8,0.50,0.50,0.00,1.0,10.0
2002-05-10,51,63.4,0.40,0.40,0.00,1.0,15.4
2002-05-11,3,57.6,0.00,0.00,0.00,0.0,11.9
2002-05-12,55,57.9,4.20,4.20,0.00,11.0,12.9
2002-05-13,63,54.5,37.50,37.50,0.00,22.0,14.5
2002-05-14,63,53.7,6.90,6.90,0.00,3.0,22.4
2002-05-15,3,55.3,0.00,0.00,0.00,0.0,22.6
2002-05-16,3,63.2,0.00,0.00,0.00,0.0,13.9
2002-05-17,51,67.0,0.60,0.60,0.00,3.0,14.1
2002-05-18,63,49.0,32.60,32.60,0.00,13.0,20.8
2002-05-19,3,49.2,0.00,0.00,0.00,0.0,9.8
2002-05-20,3,49.1,0.00,0.00,0.00,0.0,8.4
2002-05-21,2,49.3,0.00,0.00,0.00,0.0,9.2
2002-05-22,3,53.5,0.00,0.00,0.00,0.0,9.6
2002-05-23,0,57.5,0.00,0.00,0.00,0.0,11.4
2002-05-24,2,65.9,0.00,0.00,0.00,0.0,11.3
2002-05-25,3,59.3,0.00,0.00,0.00,0.0,12.6
2002-05-26,53,60.1,1.70,1.70,0.00,4.0,8.9
2002-05-27,51,63.4,0.70,0.70,0.00,3.0,9.3
2002-05-28,3,65.1,0.00,0.00,0.00,0.0,7.0
2002-05-29,51,65.8,0.20,0.20,0.00,2.0,10.9
2002-05-30,3,65.7,0.00,0.00,0.00,0.0,11.1
2002-05-31,51,71.5,0.50,0.50,0.00,2.0,14.3
2002-06-01,0,74.3,0.00,0.00,0.00,0.0,11.8
2002-06-02,3,69.7,0.00,0.00,0.00,0.0,18.7
2002-06-03,3,63.6,0.00,0.00,0.00,0.0,9.9
2002-06-04,3,64.6,0.00,0.00,0.00,0.0,15.1
2002-06-05,53,73.3,2.40,2.40,0.00,5.0,13.6
2002-06-06,63,70.6,25.10,25.10,0.00,10.0,16.5
2002-06-07,63,60.9,17.40,17.40,0.00,9.0,18.1
2002-06-08,3,59.9,0.00,0.00,0.00,0.0,9.0
2002-06-09,3,66.9,0.00,0.00,0.00,0.0,8.7
2002-06-10,3,68.8,0.00,0.00,0.00,0.0,9.4
2002-06-11,3,74.3,0.00,0.00,0.00,0.0,10.7
2002-06-12,53,76.7,2.50,2.50,0.00,6.0,12.7
2002-06-13,51,61.6,0.40,0.40,0.00,3.0,13.6
2002-06-14,63,58.5,24.30,24.30,0.00,19.0,12.8
2002-06-15,51,59.7,1.90,1.90,0.00,8.0,12.4
2002-06-16,61,66.5,1.90,1.90,0.00,3.0,12.5
2002-06-17,2,66.9,0.00,0.00,0.00,0.0,9.6
2002-06-18,2,66.6,0.00,0.00,0.00,0.0,10.5
2002-06-19,61,68.6,3.40,3.40,0.00,2.0,7.7
2002-06-20,2,68.0,0.00,0.00,0.00,0.0,8.1
2002-06-21,1,68.9,0.00,0.00,0.00,0.0,11.0
2002-06-22,3,73.7,0.00,0.00,0.00,0.0,10.1
2002-06-23,3,77.2,0.00,0.00,0.00,0.0,10.8
2002-06-24,51,79.9,0.10,0.10,0.00,1.0,11.4
2002-06-25,51,76.2,0.10,0.10,0.00,1.0,8.0
2002-06-26,61,80.5,1.40,1.40,0.00,1.0,11.5
2002-06-27,63,80.9,12.50,12.50,0.00,9.0,12.5
2002-06-28,53,76.4,0.50,0.50,0.00,1.0,8.7
2002-06-29,3,76.8,0.00,0.00,0.00,0.0,9.1
2002-06-30,2,75.9,0.00,0.00,0.00,0.0,13.1
2002-07-01,3,79.0,0.00,0.00,0.00,0.0,9.9
2002-07-02,3,84.2,0.00,0.00,0.00,0.0,10.2
2002-07-03,3,87.5,0.00,0.00,0.00,0.0,7.0
2002-07-04,3,88.0,0.00,0.00,0.00,0.0,7.5
2002-07-05,2,79.8,0.00,0.00,0.00,0.0,15.8
2002-07-06,2,75.1,0.00,0.00,0.00,0.0,10.0
2002-07-07,1,78.6,0.00,0.00,0.00,0.0,9.9
2002-07-08,3,80.5,0.00,0.00,0.00,0.0,9.1
2002-07-09,3,82.6,0.00,0.00,0.00,0.0,11.6
2002-07-10,53,76.5,2.50,2.50,0.00,7.0,11.6
2002-07-11,1,70.0,0.00,0.00,0.00,0.0,13.2
2002-07-12,0,70.9,0.00,0.00,0.00,0.0,11.6
2002-07-13,3,73.0,0.00,0.00,0.00,0.0,13.5
2002-07-14,51,74.7,0.20,0.20,0.00,1.0,8.0
2002-07-15,3,79.7,0.00,0.00,0.00,0.0,8.3
2002-07-16,1,79.9,0.00,0.00,0.00,0.0,12.1
2002-07-17,3,80.1,0.00,0.00,0.00,0.0,8.1
2002-07-18,51,85.6,0.60,0.60,0.00,3.0,10.5
2002-07-19,61,81.4,1.90,1.90,0.00,3.0,9.0
2002-07-20,51,76.9,1.00,1.00,0.00,5.0,8.2
2002-07-21,3,75.0,0.00,0.00,0.00,0.0,11.9
2002-07-22,2,80.2,0.00,0.00,0.00,0.0,13.5
2002-07-23,61,82.9,8.30,8.30,0.00,5.0,15.5
2002-07-24,61,71.9,3.60,3.60,0.00,6.0,14.2
2002-07-25,3,69.5,0.00,0.00,0.00,0.0,10.7
2002-07-26,53,66.8,1.00,1.00,0.00,2.0,8.7
2002-07-27,53,70.2,1.20,1.20,0.00,2.0,6.7
2002-07-28,51,76.7,0.50,0.50,0.00,4.0,8.7
2002-07-29,51,84.7,0.20,0.20,0.00,1.0,9.7
2002-07-30,51,85.4,0.10,0.10,0.00,1.0,12.3
2002-07-31,2,82.6,0.00,0.00,0.00,0.0,10.0
2002-08-01,51,83.8,0.20,0.20,0.00,1.0,7.2
2002-08-02,55,83.2,1.10,1.10,0.00,1.0,10.4
2002-08-03,51,80.1,0.20,0.20,0.00,1.0,8.7
2002-08-04,3,82.4,0.00,0.00,0.00,0.0,10.0
2002-08-05,61,82.5,5.90,5.90,0.00,5.0,9.9
2002-08-06,61,73.1,3.50,3.50,0.00,4.0,17.2
2002-08-07,2,69.8,0.00,0.00,0.00,0.0,11.1
2002-08-08,2,72.4,0.00,0.00,0.00,0.0,9.0
2002-08-09,3,73.0,0.00,0.00,0.00,0.0,7.5
2002-08-10,3,75.3,0.00,0.00,0.00,0.0,12.8
2002-08-11,3,78.0,0.00,0.00,0.00,0.0,12.3
2002-08-12,51,81.4,0.30,0.30,0.00,1.0,9.7
2002-08-13,1,85.3,0.00,0.00,0.00,0.0,11.0
2002-08-14,51,84.2,0.20,0.20,0.00,1.0,13.5
2002-08-15,3,81.4,0.00,0.00,0.00,0.0,14.8
2002-08-16,63,82.2,3.80,3.80,0.00,3.0,10.8
2002-08-17,61,82.6,2.40,2.40,0.00,2.0,9.0
2002-08-18,51,84.8,0.10,0.10,0.00,1.0,9.2
2002-08-19,3,83.3,0.00,0.00,0.00,0.0,9.4
2002-08-20,61,76.6,6.00,6.00,0.00,7.0,9.8
2002-08-21,0,74.5,0.00,0.00,0.00,0.0,9.9
2002-08-22,3,75.5,0.00,0.00,0.00,0.0,12.5
2002-08-23,53,75.8,1.00,1.00,0.00,3.0,11.5
2002-08-24,55,71.5,4.60,4.60,0.00,11.0,10.2
2002-08-25,53,73.6,0.60,0.60,0.00,1.0,9.1
2002-08-26,3,73.9,0.00,0.00,0.00,0.0,6.4
2002-08-27,3,75.5,0.00,0.00,0.00,0.0,6.3
2002-08-28,55,70.7,2.30,2.30,0.00,5.0,12.9
2002-08-29,63,63.6,27.10,27.10,0.00,19.0,19.9
2002-08-30,3,64.3,0.00,0.00,0.00,0.0,10.9
2002-08-31,3,66.3,0.00,0.00,0.00,0.0,15.4
2002-09-01,61,63.5,9.90,9.90,0.00,14.0,14.6
2002-09-02,55,65.2,8.70,8.70,0.00,14.0,17.3
2002-09-03,3,70.9,0.00,0.00,0.00,0.0,10.7
2002-09-04,3,75.8,0.00,0.00,0.00,0.0,8.1
2002-09-05,3,70.9,0.00,0.00,0.00,0.0,10.2
2002-09-06,3,67.2,0.00,0.00,0.00,0.0,10.5
2002-09-07,3,68.6,0.00,0.00,0.00,0.0,7.7
2002-09-08,0,70.2,0.00,0.00,0.00,0.0,7.7
2002-09-09,0,73.8,0.00,0.00,0.00,0.0,7.4
2002-09-10,3,74.3,0.00,0.00,0.00,0.0,9.7
2002-09-11,3,70.3,0.00,0.00,0.00,0.0,26.9
2002-09-12,0,64.0,0.00,0.00,0.00,0.0,12.5
2002-09-13,3,69.2,0.00,0.00,0.00,0.0,13.3
2002-09-14,3,72.0,0.00,0.00,0.00,0.0,13.8
2002-09-15,61,73.8,7.20,7.20,0.00,12.0,12.3
2002-09-16,63,73.1,13.50,13.50,0.00,16.0,12.2
2002-09-17,0,69.8,0.00,0.00,0.00,0.0,9.4
2002-09-18,3,67.7,0.00,0.00,0.00,0.0,7.9
2002-09-19,2,67.9,0.00,0.00,0.00,0.0,10.1
2002-09-20,3,69.5,0.00,0.00,0.00,0.0,12.2
2002-09-21,3,72.9,0.00,0.00,0.00,0.0,10.8
2002-09-22,3,73.2,0.00,0.00,0.00,0.0,11.2
2002-09-23,63,71.0,5.70,5.70,0.00,7.0,11.2
2002-09-24,3,67.6,0.00,0.00,0.00,0.0,9.9
2002-09-25,3,65.9,0.00,0.00,0.00,0.0,9.5
2002-09-26,63,62.1,16.00,16.00,0.00,14.0,11.9
2002-09-27,63,66.7,26.60,26.60,0.00,17.0,19.6
2002-09-28,53,68.8,1.80,1.80,0.00,5.0,19.3
2002-09-29,0,61.1,0.00,0.00,0.00,0.0,9.2
2002-09-30,2,63.6,0.00,0.00,0.00,0.0,8.2
2002-10-01,3,67.5,0.00,0.00,0.00,0.0,10.7
2002-10-02,0,72.4,0.00,0.00,0.00,0.0,8.9
2002-10-03,3,71.4,0.00,0.00,0.00,0.0,11.7
2002-10-04,51,66.2,0.30,0.30,0.00,2.0,14.8
2002-10-05,53,73.6,1.10,1.10,0.00,3.0,17.0
2002-10-06,3,61.6,0.00,0.00,0.00,0.0,14.2
2002-10-07,51,66.8,0.40,0.40,0.00,2.0,13.0
2002-10-08,3,56.3,0.00,0.00,0.00,0.0,11.2
2002-10-09,3,58.2,0.00,0.00,0.00,0.0,10.2
2002-10-10,53,60.8,4.80,4.80,0.00,12.0,10.1
2002-10-11,61,59.9,31.00,31.00,0.00,24.0,16.3
2002-10-12,63,60.3,15.70,15.70,0.00,14.0,19.0
2002-10-13,3,60.4,0.00,0.00,0.00,0.0,12.5
2002-10-14,3,53.1,0.00,0.00,0.00,0.0,15.0
2002-10-15,3,51.0,0.00,0.00,0.00,0.0,10.7
2002-10-16,63,54.1,34.50,34.50,0.00,18.0,27.3
2002-10-17,53,53.1,1.70,1.70,0.00,4.0,13.3
2002-10-18,3,50.5,0.00,0.00,0.00,0.0,10.9
2002-10-19,3,54.7,0.00,0.00,0.00,0.0,17.7
2002-10-20,3,52.8,0.00,0.00,0.00,0.0,11.2
2002-10-21,3,49.2,0.00,0.00,0.00,0.0,10.1
2002-10-22,3,47.9,0.00,0.00,0.00,0.0,8.4
2002-10-23,3,48.0,0.00,0.00,0.00,0.0,12.6
2002-10-24,3,43.3,0.00,0.00,0.00,0.0,7.8
2002-10-25,51,47.6,0.20,0.20,0.00,2.0,11.4
2002-10-26,63,54.0,21.90,21.90,0.00,12.0,20.1
2002-10-27,3,51.9,0.00,0.00,0.00,0.0,11.5
2002-10-28,51,46.9,0.10,0.10,0.00,1.0,8.2
2002-10-29,55,42.2,3.00,3.00,0.00,4.0,11.7
2002-10-30,55,40.0,5.70,5.70,0.00,18.0,11.8
2002-10-31,3,41.7,0.00,0.00,0.00,0.0,10.6
2002-11-01,2,41.9,0.00,0.00,0.00,0.0,18.0
2002-11-02,3,37.7,0.00,0.00,0.00,0.0,13.1
2002-11-03,3,39.1,0.00,0.00,0.00,0.0,12.5
2002-11-04,51,43.9,1.00,1.00,0.00,4.0,10.6
2002-11-05,53,42.8,1.00,1.00,0.00,2.0,13.1
2002-11-06,63,48.1,13.90,13.90,0.00,8.0,20.0
2002-11-07,3,41.3,0.00,0.00,0.00,0.0,18.7
2002-11-08,3,45.4,0.00,0.00,0.00,0.0,15.3
2002-11-09,3,50.9,0.00,0.00,0.00,0.0,11.4
2002-11-10,61,59.1,3.50,3.50,0.00,5.0,16.6
2002-11-11,53,63.0,3.30,3.30,0.00,8.0,15.8
2002-11-12,63,51.3,23.20,23.20,0.00,13.0,16.0
2002-11-13,53,47.3,6.80,6.80,0.00,19.0,14.4
2002-11-14,3,45.5,0.00,0.00,0.00,0.0,11.3
2002-11-15,3,49.7,0.00,0.00,0.00,0.0,10.6
2002-11-16,61,44.8,12.50,12.50,0.00,15.0,20.4
2002-11-17,63,42.5,27.80,27.80,0.00,18.0,22.2
2002-11-18,61,41.3,7.70,7.70,0.00,7.0,21.4
2002-11-19,51,41.7,0.50,0.50,0.00,2.0,9.3
2002-11-20,2,44.1,0.00,0.00,0.00,0.0,7.3
2002-11-21,55,45.7,2.50,2.50,0.00,3.0,6.8
2002-11-22,63,47.5,14.30,14.30,0.00,15.0,13.1
2002-11-23,51,38.9,0.40,0.40,0.00,2.0,24.5
2002-11-24,1,40.8,0.00,0.00,0.00,0.0,15.4
2002-11-25,3,45.4,0.00,0.00,0.00,0.0,11.4
2002-11-26,3,41.9,0.00,0.00,0.00,0.0,11.2
2002-11-27,73,35.6,6.60,8.90,1.61,12.0,15.3
2002-11-28,3,29.2,0.00,0.00,0.00,0.0,12.8
2002-11-29,3,33.3,0.00,0.00,0.00,0.0,16.5
2002-11-30,51,42.0,0.40,0.40,0.00,2.0,13.1
2002-12-01,3,32.4,0.00,0.00,0.00,0.0,21.5
2002-12-02,71,33.5,0.00,0.00,0.14,0.0,12.9
2002-12-03,71,25.0,0.00,0.00,0.14,0.0,17.8
2002-12-04,3,25.3,0.00,0.00,0.00,0.0,11.7
2002-12-05,75,28.4,0.00,16.00,11.34,15.0,15.7
2002-12-06,3,25.1,0.00,0.00,0.00,0.0,10.1
2002-12-07,1,20.7,0.00,0.00,0.00,0.0,11.8
2002-12-08,3,28.8,0.00,0.00,0.00,0.0,13.0
2002-12-09,3,20.6,0.00,0.00,0.00,0.0,14.2
2002-12-10,3,26.0,0.00,0.00,0.00,0.0,6.1
2002-12-11,63,32.2,18.00,18.00,0.00,12.0,19.4
2002-12-12,53,37.9,2.30,2.30,0.00,7.0,18.8
2002-12-13,63,36.2,8.20,8.20,0.00,6.0,14.5
2002-12-14,55,43.5,6.40,6.40,0.00,14.0,20.5
2002-12-15,3,39.3,0.00,0.00,0.00,0.0,15.5
2002-12-16,51,36.8,0.90,0.90,0.00,5.0,19.2
2002-12-17,0,27.7,0.00,0.00,0.00,0.0,12.6
2002-12-18,3,27.8,0.00,0.00,0.00,0.0,8.1
2002-12-19,51,35.4,0.10,0.10,0.00,1.0,8.7
2002-12-20,63,50.1,20.30,20.30,0.00,14.0,21.5
2002-12-21,3,38.2,0.00,0.00,0.00,0.0,20.0
2002-12-22,3,39.4,0.00,0.00,0.00,0.0,11.2
2002-12-23,3,37.9,0.00,0.00,0.00,0.0,16.5
2002-12-24,71,34.0,0.00,0.10,0.07,1.0,11.4
2002-12-25,75,35.5,17.40,30.00,8.96,22.0,27.6
2002-12-26,73,31.0,0.00,0.90,0.70,3.0,20.9
2002-12-27,3,27.9,0.00,0.00,0.00,0.0,10.8
2002-12-28,3,27.9,0.00,0.00,0.00,0.0,10.3
2002-12-29,3,30.7,0.00,0.00,0.00,0.0,12.7
2002-12-30,71,30.6,1.70,1.80,0.07,2.0,8.9
2002-12-31,53,43.1,1.30,1.30,0.00,4.0,9.8
2003-01-01,63,40.3,23.00,23.00,0.00,14.0,20.0
2003-01-02,71,33.7,6.60,7.10,0.42,7.0,19.6
2003-01-03,73,34.1,6.60,11.60,3.57,23.0,20.0
2003-01-04,73,33.1,2.20,3.00,0.56,7.0,15.9
2003-01-05,73,29.2,0.00,3.40,2.45,6.0,10.7
2003-01-06,73,30.8,0.10,3.20,2.24,12.0,9.7
2003-01-07,71,25.5,0.00,0.60,0.56,3.0,16.5
2003-01-08,73,33.0,0.00,2.40,1.68,9.0,12.7
2003-01-09,3,39.8,0.00,0.00,0.00,0.0,17.3
2003-01-10,2,32.7,0.00,0.00,0.00,0.0,14.4
2003-01-11,3,25.0,0.00,0.00,0.00,0.0,18.4
2003-01-12,3,25.0,0.00,0.00,0.00,0.0,15.3
2003-01-13,3,27.5,0.00,0.00,0.00,0.0,15.5
2003-01-14,3,22.3,0.00,0.00,0.00,0.0,13.1
2003-01-15,71,22.9,0.00,0.00,0.21,0.0,12.3
2003-01-16,3,21.4,0.00,0.00,0.00,0.0,12.9
2003-01-17,73,22.6,0.00,1.40,1.05,5.0,16.1
2003-01-18,0,10.8,0.00,0.00,0.00,0.0,13.3
2003-01-19,3,19.5,0.00,0.00,0.00,0.0,14.3
2003-01-20,3,24.0,0.00,0.00,0.00,0.0,19.0
2003-01-21,3,16.3,0.00,0.00,0.00,0.0,13.9
2003-01-22,3,13.1,0.00,0.00,0.00,0.0,16.5
2003-01-23,3,10.4,0.00,0.00,0.00,0.0,14.6
2003-01-24,3,14.3,0.00,0.00,0.00,0.0,15.3
2003-01-25,2,18.8,0.00,0.00,0.00,0.0,10.1
2003-01-26,71,26.4,0.00,0.70,0.56,4.0,9.7
2003-01-27,71,15.3,0.00,0.70,0.49,4.0,17.3
2003-01-28,3,13.0,0.00,0.00,0.00,0.0,9.7
2003-01-29,73,26.9,0.00,1.60,1.54,9.0,6.4
2003-01-30,3,25.1,0.00,0.00,0.00,0.0,7.1
2003-01-31,3,32.4,0.00,0.00,0.00,0.0,9.3
2003-02-01,73,34.0,0.80,2.00,0.84,9.0,10.4
2003-02-02,3,36.6,0.00,0.00,0.00,0.0,21.7
2003-02-03,3,36.8,0.00,0.00,0.00,0.0,14.3
2003-02-04,61,39.7,4.20,4.20,0.00,5.0,19.3
2003-02-05,3,29.3,0.00,0.00,0.00,0.0,17.3
2003-02-06,71,26.2,0.00,0.00,0.07,0.0,8.0
2003-02-07,75,27.1,0.00,15.00,10.50,17.0,11.6
2003-02-08,2,16.1,0.00,0.00,0.00,0.0,12.1
2003-02-09,3,18.8,0.00,0.00,0.00,0.0,11.2
2003-02-10,73,27.9,0.00,4.20,3.01,10.0,11.4
2003-02-11,71,20.4,0.00,0.00,0.07,0.0,16.0
2003-02-12,73,19.9,0.00,0.80,0.70,2.0,20.4
2003-02-13,3,13.3,0.00,0.00,0.00,0.0,16.7
2003-02-14,3,14.6,0.00,0.00,0.00,0.0,11.6
2003-02-15,71,20.0,0.00,0.00,0.21,0.0,10.8
2003-02-16,73,12.3,0.00,4.20,3.15,9.0,14.1
2003-02-17,75,22.4,0.30,40.70,28.28,24.0,23.3
2003-02-18,73,25.9,0.00,0.50,0.56,2.0,15.4
2003-02-19,3,25.0,0.00,0.00,0.00,0.0,10.1
2003-02-20,3,30.8,0.00,0.00,0.00,0.0,8.9
2003-02-21,53,28.9,1.40,1.40,0.00,4.0,9.2
2003-02-22,63,35.2,26.60,26.60,0.00,19.0,14.8
2003-02-23,63,39.5,10.40,10.40,0.00,12.0,21.4
2003-02-24,3,24.9,0.00,0.00,0.00,0.0,19.9
2003-02-25,3,22.7,0.00,0.00,0.00,0.0,12.5
2003-02-26,71,15.4,0.00,0.00,0.21,0.0,9.8
2003-02-27,3,21.2,0.00,0.00,0.00,0.0,9.6
2003-02-28,71,28.2,0.00,0.10,0.42,1.0,11.1
2003-03-01,71,31.0,0.90,1.10,0.14,3.0,9.5
2003-03-02,61,36.6,11.70,11.70,0.00,11.0,13.0
2003-03-03,3,20.1,0.00,0.00,0.00,0.0,18.9
2003-03-04,3,25.9,0.00,0.00,0.00,0.0,12.1
2003-03-05,61,39.0,7.50,7.50,0.00,8.0,12.5
2003-03-06,75,30.8,2.50,11.50,6.30,14.0,13.9
2003-03-07,3,20.0,0.00,0.00,0.00,0.0,9.2
2003-03-08,3,31.3,0.00,0.00,0.00,0.0,14.6
2003-03-09,51,39.2,0.40,0.40,0.00,2.0,16.4
2003-03-10,3,20.6,0.00,0.00,0.00,0.0,15.7
2003-03-11,3,28.5,0.00,0.00,0.00,0.0,13.2
2003-03-12,3,37.6,0.00,0.00,0.00,0.0,10.4
2003-03-13,73,35.8,2.70,3.90,0.84,8.0,10.9
2003-03-14,3,28.6,0.00,0.00,0.00,0.0,12.4
2003-03-15,3,37.4,0.00,0.00,0.00,0.0,10.1
2003-03-16,3,45.2,0.00,0.00,0.00,0.0,9.4
2003-03-17,3,50.8,0.00,0.00,0.00,0.0,6.0
2003-03-18,3,48.8,0.00,0.00,0.00,0.0,9.6
2003-03-19,3,37.1,0.00,0.00,0.00,0.0,11.2
2003-03-20,63,40.0,12.10,12.10,0.00,8.0,20.2
2003-03-21,63,54.5,15.20,15.20,0.00,13.0,20.3
2003-03-22,51,54.3,0.30,0.30,0.00,1.0,10.5
2003-03-23,3,47.2,0.00,0.00,0.00,0.0,11.0
2003-03-24,3,45.0,0.00,0.00,0.00,0.0,8.1
2003-03-25,1,44.8,0.00,0.00,0.00,0.0,12.8
2003-03-26,61,50.9,8.20,8.20,0.00,6.0,11.6
2003-03-27,51,46.9,0.10,0.10,0.00,1.0,9.9
2003-03-28,51,46.5,0.10,0.10,0.00,1.0,11.9
2003-03-29,63,56.4,10.00,10.00,0.00,6.0,18.1
2003-03-30,73,42.4,7.50,8.20,0.49,16.0,16.0
2003-03-31,71,35.5,0.00,0.30,0.21,3.0,22.4
2003-04-01,71,36.4,2.40,2.50,0.14,6.0,12.7
2003-04-02,51,43.5,0.70,0.70,0.00,3.0,11.1
2003-04-03,3,44.0,0.00,0.00,0.00,0.0,10.4
2003-04-04,3,40.1,0.00,0.00,0.00,0.0,14.4
2003-04-05,53,39.9,1.90,1.90,0.00,5.0,14.0
2003-04-06,3,39.6,0.00,0.00,0.00,0.0,16.0
2003-04-07,75,34.0,0.80,12.40,8.12,13.0,18.3
2003-04-08,71,34.1,0.20,0.30,0.07,2.0,17.6
2003-04-09,55,36.6,8.80,8.80,0.00,12.0,13.8
2003-04-10,3,39.7,0.00,0.00,0.00,0.0,14.6
2003-04-11,61,40.1,7.00,7.00,0.00,14.0,19.1
2003-04-12,61,49.4,8.60,8.60,0.00,12.0,14.8
2003-04-13,1,48.3,0.00,0.00,0.00,0.0,13.3
2003-04-14,0,45.2,0.00,0.00,0.00,0.0,11.7
2003-04-15,2,58.0,0.00,0.00,0.00,0.0,13.3
2003-04-16,3,66.1,0.00,0.00,0.00,0.0,19.0
2003-04-17,51,42.0,0.50,0.50,0.00,3.0,15.9
2003-04-18,51,40.3,0.20,0.20,0.00,1.0,14.4
2003-04-19,0,46.6,0.00,0.00,0.00,0.0,9.6
2003-04-20,3,48.2,0.00,0.00,0.00,0.0,7.6
2003-04-21,51,46.8,0.20,0.20,0.00,1.0,10.0
2003-04-22,63,50.2,15.30,15.30,0.00,12.0,6.7
2003-04-23,3,46.2,0.00,0.00,0.00,0.0,17.9
2003-04-24,2,46.7,0.00,0.00,0.00,0.0,16.8
2003-04-25,3,49.6,0.00,0.00,0.00,0.0,11.7
2003-04-26,61,51.9,6.40,6.40,0.00,12.0,16.2
2003-04-27,3,56.6,0.00,0.00,0.00,0.0,10.3
2003-04-28,0,59.3,0.00,0.00,0.00,0.0,11.6
2003-04-29,51,61.2,0.60,0.60,0.00,2.0,12.6
2003-04-30,3,54.8,0.00,0.00,0.00,0.0,10.4
2003-05-01,53,58.2,1.70,1.70,0.00,4.0,11.6
2003-05-02,55,61.0,2.80,2.80,0.00,5.0,15.8
2003-05-03,3,54.6,0.00,0.00,0.00,0.0,15.9
2003-05-04,3,52.1,0.00,0.00,0.00,0.0,6.3
2003-05-05,61,50.5,4.60,4.60,0.00,4.0,8.7
2003-05-06,53,53.2,1.00,1.00,0.00,3.0,7.2
2003-05-07,51,61.3,0.10,0.10,0.00,1.0,8.0
2003-05-08,55,55.4,3.90,3.90,0.00,10.0,7.8
2003-05-09,53,57.2,1.40,1.40,0.00,4.0,7.4
2003-05-10,3,58.6,0.00,0.00,0.00,0.0,7.9
2003-05-11,63,56.2,8.10,8.10,0.00,8.0,13.2
2003-05-12,3,58.9,0.00,0.00,0.00,0.0,18.3
2003-05-13,3,54.4,0.00,0.00,0.00,0.0,16.2
2003-05-14,51,55.1,0.20,0.20,0.00,2.0,10.8
2003-05-15,3,55.6,0.00,0.00,0.00,0.0,12.1
2003-05-16,3,52.9,0.00,0.00,0.00,0.0,18.3
2003-05-17,3,50.3,0.00,0.00,0.00,0.0,14.0
2003-05-18,2,51.9,0.00,0.00,0.00,0.0,7.2
2003-05-19,0,58.8,0.00,0.00,0.00,0.0,5.5
2003-05-20,3,61.8,0.00,0.00,0.00,0.0,9.7
2003-05-21,53,57.0,6.50,6.50,0.00,17.0,7.8
2003-05-22,51,55.0,0.80,0.80,0.00,3.0,12.1
2003-05-23,55,53.8,4.20,4.20,0.00,9.0,11.5
2003-05-24,53,55.0,5.10,5.10,0.00,11.0,14.6
2003-05-25,55,56.4,2.70,2.70,0.00,7.0,6.5
2003-05-26,65,53.4,39.40,39.40,0.00,15.0,17.1
2003-05-27,51,56.9,0.60,0.60,0.00,5.0,7.5
2003-05-28,55,57.9,7.10,7.10,0.00,16.0,9.8
2003-05-29,3,62.0,0.00,0.00,0.00,0.0,10.0
2003-05-30,61,64.5,3.40,3.40,0.00,2.0,8.0
2003-05-31,61,61.0,7.80,7.80,0.00,11.0,12.0
2003-06-01,63,58.8,25.70,25.70,0.00,17.0,16.5
2003-06-02,3,60.0,0.00,0.00,0.00,0.0,14.9
2003-06-03,55,60.0,3.50,3.50,0.00,9.0,8.4
2003-06-04,63,55.3,31.70,31.70,0.00,17.0,13.7
2003-06-05,61,61.1,4.20,4.20,0.00,8.0,10.8
2003-06-06,3,63.7,0.00,0.00,0.00,0.0,10.7
2003-06-07,61,59.2,12.20,12.20,0.00,12.0,10.8
2003-06-08,3,61.4,0.00,0.00,0.00,0.0,9.1
2003-06-09,3,62.9,0.00,0.00,0.00,0.0,10.3
2003-06-10,3,67.3,0.00,0.00,0.00,0.0,10.9
2003-06-11,51,68.1,1.30,1.30,0.00,6.0,8.7
2003-06-12,55,71.1,5.70,5.70,0.00,10.0,5.8
2003-06-13,63,64.4,22.50,22.50,0.00,14.0,11.4
2003-06-14,63,69.2,12.30,12.30,0.00,12.0,9.3
2003-06-15,51,70.5,0.10,0.10,0.00,1.0,9.6
2003-06-16,3,61.9,0.00,0.00,0.00,0.0,12.7
2003-06-17,3,58.0,0.00,0.00,0.00,0.0,7.7
2003-06-18,63,62.2,21.60,21.60,0.00,13.0,6.7
2003-06-19,51,65.4,0.80,0.80,0.00,5.0,5.6
2003-06-20,61,64.7,4.10,4.10,0.00,12.0,11.3
2003-06-21,63,61.4,21.10,21.10,0.00,17.0,13.5
2003-06-22,63,62.8,11.20,11.20,0.00,12.0,10.6
2003-06-23,3,71.7,0.00,0.00,0.00,0.0,8.1
2003-06-24,2,75.5,0.00,0.00,0.00,0.0,5.4
2003-06-25,3,78.4,0.00,0.00,0.00,0.0,7.7
2003-06-26,2,81.1,0.00,0.00,0.00,0.0,6.5
2003-06-27,1,79.8,0.00,0.00,0.00,0.0,9.6
2003-06-28,3,72.7,0.00,0.00,0.00,0.0,11.1
2003-06-29,3,72.8,0.00,0.00,0.00,0.0,11.1
2003-06-30,61,76.2,2.70,2.70,0.00,2.0,8.4
2003-07-01,3,73.4,0.00,0.00,0.00,0.0,8.3
2003-07-02,3,74.1,0.00,0.00,0.00,0.0,10.3
2003-07-03,61,69.6,4.60,4.60,0.00,8.0,12.5
2003-07-04,3,77.5,0.00,0.00,0.00,0.0,9.2
2003-07-05,51,81.7,0.20,0.20,0.00,1.0,12.0
2003-07-06,3,81.2,0.00,0.00,0.00,0.0,9.1
2003-07-07,63,78.6,10.60,10.60,0.00,5.0,8.5
2003-07-08,3,80.4,0.00,0.00,0.00,0.0,9.1
2003-07-09,63,74.7,10.60,10.60,0.00,7.0,11.1
2003-07-10,53,68.9,2.10,2.10,0.00,8.0,13.2
2003-07-11,61,74.3,5.40,5.40,0.00,9.0,11.2
2003-07-12,2,74.6,0.00,0.00,0.00,0.0,13.6
2003-07-13,3,72.6,0.00,0.00,0.00,0.0,7.9
2003-07-14,3,70.0,0.00,0.00,0.00,0.0,9.0
2003-07-15,3,71.5,0.00,0.00,0.00,0.0,9.6
2003-07-16,51,75.2,1.50,1.50,0.00,7.0,14.3
2003-07-17,2,74.7,0.00,0.00,0.00,0.0,10.6
2003-07-18,53,75.3,0.90,0.90,0.00,3.0,7.7
2003-07-19,53,74.3,0.70,0.70,0.00,2.0,7.4
2003-07-20,3,74.5,0.00,0.00,0.00,0.0,10.9
2003-07-21,55,75.4,1.70,1.70,0.00,6.0,17.3
2003-07-22,63,76.6,8.80,8.80,0.00,6.0,11.6
2003-07-23,61,74.5,7.80,7.80,0.00,13.0,9.6
2003-07-24,61,74.7,5.70,5.70,0.00,7.0,12.8
2003-07-25,2,74.5,0.00,0.00,0.00,0.0,7.3
2003-07-26,3,76.1,0.00,0.00,0.00,0.0,9.9
2003-07-27,3,80.4,0.00,0.00,0.00,0.0,16.9
2003-07-28,55,77.3,2.10,2.10,0.00,4.0,15.4
2003-07-29,61,72.2,2.40,2.40,0.00,3.0,8.0
2003-07-30,3,71.5,0.00,0.00,0.00,0.0,9.0
2003-07-31,3,71.4,0.00,0.00,0.00,0.0,11.2
2003-08-01,63,74.1,11.00,11.00,0.00,16.0,12.6
2003-08-02,61,76.6,3.50,3.50,0.00,11.0,10.6
2003-08-03,61,76.3,13.60,13.60,0.00,13.0,14.2
2003-08-04,63,75.0,16.10,16.10,0.00,18.0,11.2
2003-08-05,63,74.2,13.50,13.50,0.00,18.0,9.6
2003-08-06,63,73.7,8.60,8.60,0.00,8.0,10.0
2003-08-07,65,73.2,28.60,28.60,0.00,13.0,7.7
2003-08-08,65,75.4,12.80,12.80,0.00,9.0,11.7
2003-08-09,61,74.3,4.50,4.50,0.00,12.0,9.2
2003-08-10,63,74.7,10.90,10.90,0.00,13.0,10.7
2003-08-11,61,74.9,7.00,7.00,0.00,16.0,9.1
2003-08-12,53,76.2,1.80,1.80,0.00,7.0,7.8
2003-08-13,53,77.9,1.20,1.20,0.00,2.0,6.5
2003-08-14,3,79.9,0.00,0.00,0.00,0.0,7.1
2003-08-15,3,78.1,0.00,0.00,0.00,0.0,7.8
2003-08-16,63,76.5,9.90,9.90,0.00,7.0,8.8
2003-08-17,55,72.7,4.30,4.30,0.00,10.0,8.6
2003-08-18,51,70.7,1.10,1.10,0.00,4.0,5.2
2003-08-19,2,73.6,0.00,0.00,0.00,0.0,8.1
2003-08-20,3,76.0,0.00,0.00,0.00,0.0,8.2
2003-08-21,3,77.6,0.00,0.00,0.00,0.0,9.5
2003-08-22,53,79.6,0.70,0.70,0.00,2.0,10.2
2003-08-23,3,73.5,0.00,0.00,0.00,0.0,12.0
2003-08-24,3,67.5,0.00,0.00,0.00,0.0,11.4
2003-08-25,3,72.4,0.00,0.00,0.00,0.0,9.7
2003-08-26,3,74.5,0.00,0.00,0.00,0.0,9.0
2003-08-27,3,77.9,0.00,0.00,0.00,0.0,10.8
2003-08-28,3,73.9,0.00,0.00,0.00,0.0,8.4
2003-08-29,55,72.8,4.10,4.10,0.00,6.0,12.4
2003-08-30,63,74.8,8.90,8.90,0.00,10.0,10.2
2003-08-31,3,66.5,0.00,0.00,0.00,0.0,10.4
2003-09-01,61,66.6,8.20,8.20,0.00,13.0,8.1
2003-09-02,63,64.6,33.40,33.40,0.00,15.0,14.9
2003-09-03,61,66.5,6.20,6.20,0.00,13.0,12.5
2003-09-04,61,71.7,12.50,12.50,0.00,15.0,9.4
2003-09-05,3,69.1,0.00,0.00,0.00,0.0,8.9
2003-09-06,3,66.3,0.00,0.00,0.00,0.0,10.6
2003-09-07,3,67.7,0.00,0.00,0.00,0.0,5.1
2003-09-08,3,67.9,0.00,0.00,0.00,0.0,8.9
2003-09-09,3,65.2,0.00,0.00,0.00,0.0,12.9
2003-09-10,1,64.4,0.00,0.00,0.00,0.0,7.0
2003-09-11,3,66.7,0.00,0.00,0.00,0.0,10.9
2003-09-12,3,64.8,0.00,0.00,0.00,0.0,15.0
2003-09-13,53,68.5,6.30,6.30,0.00,17.0,15.7
2003-09-14,55,71.7,4.60,4.60,0.00,15.0,11.3
2003-09-15,65,70.9,19.40,19.40,0.00,11.0,9.6
2003-09-16,65,69.8,21.80,21.80,0.00,3.0,9.3
2003-09-17,3,66.6,0.00,0.00,0.00,0.0,11.0
2003-09-18,55,66.8,3.10,3.10,0.00,6.0,24.6
2003-09-19,63,73.4,14.50,14.50,0.00,9.0,24.7
2003-09-20,3,71.3,0.00,0.00,0.00,0.0,8.1
2003-09-21,1,66.8,0.00,0.00,0.00,0.0,10.1
2003-09-22,51,67.5,0.10,0.10,0.00,1.0,14.9
2003-09-23,63,68.9,16.20,16.20,0.00,15.0,19.9
2003-09-24,0,63.2,0.00,0.00,0.00,0.0,9.0
2003-09-25,2,67.4,0.00,0.00,0.00,0.0,13.0
2003-09-26,51,66.4,0.70,0.70,0.00,3.0,7.7
2003-09-27,53,70.4,3.50,3.50,0.00,11.0,12.5
2003-09-28,63,67.0,21.20,21.20,0.00,18.0,9.8
2003-09-29,2,60.3,0.00,0.00,0.00,0.0,11.4
2003-09-30,3,56.0,0.00,0.00,0.00,0.0,9.0
2003-10-01,3,54.9,0.00,0.00,0.00,0.0,6.4
2003-10-02,51,52.3,0.30,0.30,0.00,1.0,16.3
2003-10-03,1,48.1,0.00,0.00,0.00,0.0,12.6
2003-10-04,3,55.4,0.00,0.00,0.00,0.0,14.2
2003-10-05,3,50.8,0.00,0.00,0.00,0.0,12.1
2003-10-06,3,50.9,0.00,0.00,0.00,0.0,7.6
2003-10-07,1,53.2,0.00,0.00,0.00,0.0,7.1
2003-10-08,2,59.0,0.00,0.00,0.00,0.0,8.3
2003-10-09,3,62.7,0.00,0.00,0.00,0.0,6.9
2003-10-10,3,61.4,0.00,0.00,0.00,0.0,11.7
2003-10-11,3,61.8,0.00,0.00,0.00,0.0,14.2
2003-10-12,61,59.5,10.70,10.70,0.00,10.0,14.8
2003-10-13,3,59.5,0.00,0.00,0.00,0.0,12.2
2003-10-14,51,58.5,0.30,0.30,0.00,1.0,19.6
2003-10-15,63,57.5,18.30,18.30,0.00,6.0,26.2
2003-10-16,3,54.3,0.00,0.00,0.00,0.0,15.8
2003-10-17,55,52.3,3.50,3.50,0.00,7.0,8.7
2003-10-18,61,49.5,3.90,3.90,0.00,4.0,8.9
2003-10-19,55,48.3,2.30,2.30,0.00,3.0,12.6
2003-10-20,3,47.5,0.00,0.00,0.00,0.0,11.9
2003-10-21,61,60.0,2.10,2.10,0.00,2.0,16.1
2003-10-22,3,48.5,0.00,0.00,0.00,0.0,13.2
2003-10-23,3,41.2,0.00,0.00,0.00,0.0,17.3
2003-10-24,3,42.3,0.00,0.00,0.00,0.0,14.7
2003-10-25,3,50.3,0.00,0.00,0.00,0.0,13.7
2003-10-26,53,60.7,2.60,2.60,0.00,15.0,14.1
2003-10-27,63,61.3,31.30,31.30,0.00,19.0,19.9
2003-10-28,53,51.2,0.90,0.90,0.00,2.0,12.1
2003-10-29,65,53.3,48.20,48.20,0.00,17.0,13.6
2003-10-30,0,49.6,0.00,0.00,0.00,0.0,11.7
2003-10-31,3,55.0,0.00,0.00,0.00,0.0,10.4
2003-11-01,3,60.2,0.00,0.00,0.00,0.0,8.3
2003-11-02,3,60.5,0.00,0.00,0.00,0.0,6.5
2003-11-03,1,63.9,0.00,0.00,0.00,0.0,9.2
2003-11-04,3,57.8,0.00,0.00,0.00,0.0,14.6
2003-11-05,61,59.4,6.50,6.50,0.00,10.0,13.3
2003-11-06,61,56.8,10.40,10.40,0.00,13.0,8.5
2003-11-07,51,51.9,1.60,1.60,0.00,6.0,10.1
2003-11-08,3,41.7,0.00,0.00,0.00,0.0,15.2
2003-11-09,1,35.4,0.00,0.00,0.00,0.0,8.8
2003-11-10,3,37.4,0.00,0.00,0.00,0.0,6.9
2003-11-11,51,43.4,1.30,1.30,0.00,8.0,11.4
2003-11-12,61,50.1,10.70,10.70,0.00,9.0,11.5
2003-11-13,53,48.3,1.40,1.40,0.00,3.0,28.6
2003-11-14,3,38.4,0.00,0.00,0.00,0.0,28.2
2003-11-15,1,39.6,0.00,0.00,0.00,0.0,15.4
2003-11-16,3,40.7,0.00,0.00,0.00,0.0,5.6
2003-11-17,51,47.2,1.10,1.10,0.00,4.0,7.6
2003-11-18,3,49.2,0.00,0.00,0.00,0.0,13.3
2003-11-19,63,58.6,13.80,13.80,0.00,11.0,24.3
2003-11-20,65,49.4,32.40,32.40,0.00,10.0,24.3
2003-11-21,0,47.9,0.00,0.00,0.00,0.0,12.1
2003-11-22,2,49.1,0.00,0.00,0.00,0.0,9.4
2003-11-23,3,46.5,0.00,0.00,0.00,0.0,6.2
2003-11-24,51,48.4,0.10,0.10,0.00,1.0,12.4
2003-11-25,53,41.5,1.30,1.30,0.00,2.0,18.3
2003-11-26,3,39.7,0.00,0.00,0.00,0.0,7.1
2003-11-27,3,44.4,0.00,0.00,0.00,0.0,5.6
2003-11-28,61,53.9,9.20,9.20,0.00,11.0,22.2
2003-11-29,55,42.8,1.40,1.40,0.00,2.0,26.7
2003-11-30,3,41.2,0.00,0.00,0.00,0.0,15.8
2003-12-01,3,42.9,0.00,0.00,0.00,0.0,19.4
2003-12-02,71,32.0,0.10,0.20,0.07,1.0,20.2
2003-12-03,2,25.7,0.00,0.00,0.00,0.0,17.1
2003-12-04,3,30.0,0.00,0.00,0.00,0.0,10.4
2003-12-05,75,31.3,0.90,15.20,10.01,14.0,19.3
2003-12-06,75,27.4,0.50,20.30,13.86,24.0,26.0
2003-12-07,73,25.1,0.00,1.10,1.05,5.0,18.9
2003-12-08,3,22.3,0.00,0.00,0.00,0.0,13.9
2003-12-09,3,26.5,0.00,0.00,0.00,0.0,6.3
2003-12-10,3,38.2,0.00,0.00,0.00,0.0,17.1
2003-12-11,65,49.8,33.70,33.70,0.00,10.0,23.4
2003-12-12,3,35.8,0.00,0.00,0.00,0.0,19.3
2003-12-13,3,29.9,0.00,0.00,0.00,0.0,10.3
2003-12-14,75,34.4,27.70,35.50,5.53,16.0,22.9
2003-12-15,71,35.3,7.00,7.10,0.14,8.0,24.0
2003-12-16,3,35.3,0.00,0.00,0.00,0.0,13.7
2003-12-17,63,45.0,21.70,21.70,0.00,15.0,20.1
2003-12-18,3,32.0,0.00,0.00,0.00,0.0,19.0
2003-12-19,3,30.2,0.00,0.00,0.00,0.0,11.2
2003-12-20,3,30.9,0.00,0.00,0.00,0.0,13.3
2003-12-21,3,30.1,0.00,0.00,0.00,0.0,14.5
2003-12-22,3,37.7,0.00,0.00,0.00,0.0,11.8
2003-12-23,53,44.7,0.50,0.50,0.00,1.0,12.1
2003-12-24,63,50.9,30.60,30.60,0.00,14.0,18.5
2003-12-25,51,38.3,0.30,0.30,0.00,1.0,14.2
2003-12-26,3,34.7,0.00,0.00,0.00,0.0,18.4
2003-12-27,1,38.1,0.00,0.00,0.00,0.0,15.4
2003-12-28,3,34.9,0.00,0.00,0.00,0.0,7.5
2003-12-29,1,37.8,0.00,0.00,0.00,0.0,8.6
2003-12-30,53,43.4,1.40,1.40,0.00,3.0,18.3
2003-12-31,3,37.3,0.00,0.00,0.00,0.0,15.3
2004-01-01,3,37.2,0.00,0.00,0.00,0.0,14.4
2004-01-02,51,39.2,0.40,0.40,0.00,2.0,6.5
2004-01-03,51,47.0,0.30,0.30,0.00,2.0,8.2
2004-01-04,53,46.9,3.70,3.70,0.00,11.0,10.4
2004-01-05,55,38.4,10.80,10.80,0.00,20.0,12.9
2004-01-06,3,33.9,0.00,0.00,0.00,0.0,17.7
2004-01-07,3,22.9,0.00,0.00,0.00,0.0,20.9
2004-01-08,3,25.5,0.00,0.00,0.00,0.0,14.5
2004-01-09,3,18.7,0.00,0.00,0.00,0.0,14.4
2004-01-10,3,9.6,0.00,0.00,0.00,0.0,11.8
2004-01-11,3,16.8,0.00,0.00,0.00,0.0,12.3
2004-01-12,73,31.7,0.00,2.20,1.61,6.0,12.4
2004-01-13,51,30.9,0.20,0.20,0.00,2.0,18.0
2004-01-14,73,13.7,0.00,0.50,0.42,2.0,16.9
2004-01-15,73,9.3,0.00,4.90,3.50,11.0,17.6
2004-01-16,1,7.1,0.00,0.00,0.00,0.0,18.4
2004-01-17,3,21.7,0.00,0.00,0.00,0.0,15.6
2004-01-18,75,30.7,1.30,13.80,8.82,20.0,15.4
2004-01-19,2,20.3,0.00,0.00,0.00,0.0,17.0
2004-01-20,2,17.0,0.00,0.00,0.00,0.0,18.4
2004-01-21,0,14.4,0.00,0.00,0.00,0.0,12.7
2004-01-22,3,23.9,0.00,0.00,0.00,0.0,15.2
2004-01-23,3,12.1,0.00,0.00,0.00,0.0,16.5
2004-01-24,3,11.9,0.00,0.00,0.00,0.0,13.9
2004-01-25,3,9.3,0.00,0.00,0.00,0.0,13.7
2004-01-26,71,16.6,0.00,0.90,0.91,6.0,9.8
2004-01-27,75,21.5,0.20,5.80,4.48,16.0,12.9
2004-01-28,75,23.2,0.00,8.60,6.09,11.0,16.4
2004-01-29,3,17.1,0.00,0.00,0.00,0.0,17.3
2004-01-30,3,11.0,0.00,0.00,0.00,0.0,13.1
2004-01-31,3,13.2,0.00,0.00,0.00,0.0,14.5
2004-02-01,0,14.7,0.00,0.00,0.00,0.0,11.6
2004-02-02,3,18.4,0.00,0.00,0.00,0.0,8.1
2004-02-03,73,31.1,17.80,18.10,0.21,9.0,21.5
2004-02-04,0,32.6,0.00,0.00,0.00,0.0,13.4
2004-02-05,3,24.5,0.00,0.00,0.00,0.0,9.6
2004-02-06,73,33.8,23.20,28.00,3.43,20.0,12.3
2004-02-07,55,36.2,3.90,3.90,0.00,11.0,13.9
2004-02-08,2,21.9,0.00,0.00,0.00,0.0,16.5
2004-02-09,3,29.1,0.00,0.00,0.00,0.0,14.7
2004-02-10,51,35.8,0.10,0.10,0.00,1.0,9.9
2004-02-11,3,29.5,0.00,0.00,0.00,0.0,14.7
2004-02-12,3,30.6,0.00,0.00,0.00,0.0,7.8
2004-02-13,3,32.6,0.00,0.00,0.00,0.0,12.5
2004-02-14,3,34.3,0.00,0.00,0.00,0.0,13.3
2004-02-15,3,26.0,0.00,0.00,0.00,0.0,14.8
2004-02-16,1,21.0,0.00,0.00,0.00,0.0,10.3
2004-02-17,71,27.6,0.00,0.10,0.07,1.0,10.1
2004-02-18,73,32.4,0.00,1.10,0.84,4.0,13.8
2004-02-19,3,33.6,0.00,0.00,0.00,0.0,17.1
2004-02-20,53,33.1,0.60,0.60,0.00,2.0,11.9
2004-02-21,53,39.4,1.40,1.40,0.00,4.0,14.4
2004-02-22,3,35.2,0.00,0.00,0.00,0.0,17.6
2004-02-23,0,33.5,0.00,0.00,0.00,0.0,8.1
2004-02-24,73,31.5,0.00,2.30,1.75,8.0,6.3
2004-02-25,1,30.7,0.00,0.00,0.00,0.0,13.2
2004-02-26,3,33.1,0.00,0.00,0.00,0.0,9.6
2004-02-27,3,34.1,0.00,0.00,0.00,0.0,11.5
2004-02-28,1,38.3,0.00,0.00,0.00,0.0,10.6
2004-02-29,3,42.1,0.00,0.00,0.00,0.0,9.8
2004-03-01,3,44.4,0.00,0.00,0.00,0.0,9.6
2004-03-02,53,50.5,1.00,1.00,0.00,2.0,12.8
2004-03-03,3,48.0,0.00,0.00,0.00,0.0,13.4
2004-03-04,53,45.0,3.40,3.40,0.00,9.0,6.2
2004-03-05,53,43.8,1.40,1.40,0.00,4.0,9.8
2004-03-06,63,56.2,18.30,18.30,0.00,14.0,13.7
2004-03-07,3,42.4,0.00,0.00,0.00,0.0,14.5
2004-03-08,73,35.8,4.50,8.80,3.01,19.0,11.3
2004-03-09,71,35.9,1.60,2.10,0.49,9.0,9.9
2004-03-10,3,37.2,0.00,0.00,0.00,0.0,14.7
2004-03-11,3,41.7,0.00,0.00,0.00,0.0,14.8
2004-03-12,3,39.4,0.00,0.00,0.00,0.0,21.5
2004-03-13,3,34.9,0.00,0.00,0.00,0.0,17.0
2004-03-14,3,33.9,0.00,0.00,0.00,0.0,13.9
2004-03-15,3,45.8,0.00,0.00,0.00,0.0,13.4
2004-03-16,75,33.8,0.70,11.70,7.70,12.0,19.2
2004-03-17,73,30.1,0.20,1.50,1.40,8.0,14.5
2004-03-18,71,31.7,0.00,1.50,1.26,9.0,7.4
2004-03-19,75,33.9,1.10,13.00,8.33,12.0,16.3
2004-03-20,51,36.4,1.00,1.00,0.00,4.0,16.3
2004-03-21,61,41.6,6.10,6.10,0.00,7.0,18.9
2004-03-22,3,30.5,0.00,0.00,0.00,0.0,16.6
2004-03-23,0,33.4,0.00,0.00,0.00,0.0,14.0
2004-03-24,3,41.6,0.00,0.00,0.00,0.0,12.9
2004-03-25,53,45.4,1.90,1.90,0.00,6.0,10.5
2004-03-26,51,51.7,0.50,0.50,0.00,3.0,9.8
2004-03-27,55,56.2,3.20,3.20,0.00,5.0,15.0
2004-03-28,3,47.5,0.00,0.00,0.00,0.0,13.5
2004-03-29,1,40.2,0.00,0.00,0.00,0.0,11.5
2004-03-30,3,37.9,0.00,0.00,0.00,0.0,9.2
2004-03-31,63,42.5,21.00,21.00,0.00,17.0,13.6
2004-04-01,55,45.3,5.30,5.30,0.00,12.0,14.7
2004-04-02,51,44.2,0.20,0.20,0.00,2.0,11.8
2004-04-03,51,43.7,1.90,1.90,0.00,8.0,8.6
2004-04-04,61,43.0,10.10,10.10,0.00,13.0,18.9
2004-04-05,3,35.7,0.00,0.00,0.00,0.0,21.1
2004-04-06,3,39.8,0.00,0.00,0.00,0.0,18.3
2004-04-07,3,48.7,0.00,0.00,0.00,0.0,10.7
2004-04-08,51,43.6,1.20,1.20,0.00,6.0,9.7
2004-04-09,51,48.9,0.30,0.30,0.00,2.0,13.0
2004-04-10,3,47.1,0.00,0.00,0.00,0.0,10.8
2004-04-11,53,43.0,2.20,2.20,0.00,5.0,8.7
2004-04-12,61,43.1,8.50,8.50,0.00,9.0,16.3
2004-04-13,63,47.6,28.50,28.50,0.00,19.0,18.3
2004-04-14,53,53.8,4.70,4.70,0.00,17.0,18.9
2004-04-15,51,48.5,2.00,2.00,0.00,8.0,16.6
2004-04-16,0,47.3,0.00,0.00,0.00,0.0,12.2
2004-04-17,3,55.9,0.00,0.00,0.00,0.0,11.3
2004-04-18,3,57.0,0.00,0.00,0.00,0.0,12.9
2004-04-19,3,62.8,0.00,0.00,0.00,0.0,15.5
2004-04-20,3,62.0,0.00,0.00,0.00,0.0,12.9
2004-04-21,53,51.0,0.90,0.90,0.00,3.0,14.7
2004-04-22,51,62.7,0.80,0.80,0.00,4.0,8.6
2004-04-23,61,53.9,5.80,5.80,0.00,9.0,14.0
2004-04-24,63,55.1,7.30,7.30,0.00,5.0,13.8
2004-04-25,55,47.5,1.70,1.70,0.00,3.0,11.6
2004-04-26,63,54.6,33.00,33.00,0.00,23.0,10.8
2004-04-27,61,57.0,3.00,3.00,0.00,4.0,11.7
2004-04-28,53,48.1,1.80,1.80,0.00,4.0,15.1
2004-04-29,51,57.1,0.10,0.10,0.00,1.0,13.6
2004-04-30,3,60.1,0.00,0.00,0.00,0.0,13.4
2004-05-01,3,62.0,0.00,0.00,0.00,0.0,13.0
2004-05-02,51,61.6,1.00,1.00,0.00,4.0,17.0
2004-05-03,61,55.4,13.90,13.90,0.00,16.0,17.0
2004-05-04,51,50.3,0.80,0.80,0.00,3.0,15.4
2004-05-05,53,54.0,1.10,1.10,0.00,3.0,12.1
2004-05-06,3,56.1,0.00,0.00,0.00,0.0,9.8
2004-05-07,53,65.9,0.60,0.60,0.00,2.0,13.9
2004-05-08,51,52.8,0.40,0.40,0.00,1.0,13.5
2004-05-09,61,56.7,4.70,4.70,0.00,6.0,8.3
2004-05-10,55,60.0,1.70,1.70,0.00,2.0,7.9
2004-05-11,63,68.9,8.50,8.50,0.00,6.0,6.5
2004-05-12,51,73.0,0.40,0.40,0.00,1.0,7.9
2004-05-13,51,68.4,0.80,0.80,0.00,2.0,13.4
2004-05-14,3,60.7,0.00,0.00,0.00,0.0,10.1
2004-05-15,1,73.2,0.00,0.00,0.00,0.0,10.0
2004-05-16,51,68.3,0.30,0.30,0.00,2.0,7.1
2004-05-17,51,61.8,0.10,0.10,0.00,1.0,9.8
2004-05-18,51,70.0,0.20,0.20,0.00,2.0,13.8
2004-05-19,55,66.4,4.80,4.80,0.00,11.0,9.8
2004-05-20,3,61.0,0.00,0.00,0.00,0.0,10.1
2004-05-21,51,67.7,0.10,0.10,0.00,1.0,8.6
2004-05-22,53,70.4,1.30,1.30,0.00,3.0,11.0
2004-05-23,53,74.6,0.80,0.80,0.00,2.0,10.7
2004-05-24,63,73.6,8.30,8.30,0.00,3.0,10.4
2004-05-25,3,67.5,0.00,0.00,0.00,0.0,14.7
2004-05-26,55,59.5,2.80,2.80,0.00,4.0,13.9
2004-05-27,61,62.6,4.00,4.00,0.00,5.0,10.1
2004-05-28,55,66.4,6.60,6.60,0.00,13.0,10.6
2004-05-29,2,59.7,0.00,0.00,0.00,0.0,15.2
2004-05-30,1,60.4,0.00,0.00,0.00,0.0,9.0
2004-05-31,61,60.3,5.90,5.90,0.00,9.0,11.9
2004-06-01,63,61.2,6.10,6.10,0.00,8.0,9.7
2004-06-02,61,66.8,1.90,1.90,0.00,3.0,11.4
2004-06-03,2,66.4,0.00,0.00,0.00,0.0,8.1
2004-06-04,3,62.9,0.00,0.00,0.00,0.0,9.0
2004-06-05,55,59.7,4.70,4.70,0.00,12.0,13.0
2004-06-06,3,58.8,0.00,0.00,0.00,0.0,13.3
2004-06-07,3,67.0,0.00,0.00,0.00,0.0,8.3
2004-06-08,3,73.4,0.00,0.00,0.00,0.0,10.6
2004-06-09,3,78.4,0.00,0.00,0.00,0.0,11.3
2004-06-10,63,73.0,10.00,10.00,0.00,7.0,8.1
2004-06-11,51,64.5,0.40,0.40,0.00,4.0,7.4
2004-06-12,3,64.1,0.00,0.00,0.00,0.0,9.4
2004-06-13,3,65.0,0.00,0.00,0.00,0.0,14.6
2004-06-14,53,71.1,2.10,2.10,0.00,6.0,11.6
2004-06-15,61,77.0,4.10,4.10,0.00,6.0,11.6
2004-06-16,53,76.1,0.80,0.80,0.00,2.0,8.1
2004-06-17,61,76.8,4.40,4.40,0.00,9.0,8.1
2004-06-18,51,78.0,0.40,0.40,0.00,2.0,8.1
2004-06-19,3,74.6,0.00,0.00,0.00,0.0,15.6
2004-06-20,3,66.2,0.00,0.00,0.00,0.0,14.7
2004-06-21,3,69.0,0.00,0.00,0.00,0.0,14.2
2004-06-22,53,72.0,1.70,1.70,0.00,5.0,10.8
2004-06-23,3,74.6,0.00,0.00,0.00,0.0,9.8
2004-06-24,3,73.1,0.00,0.00,0.00,0.0,12.6
2004-06-25,61,71.5,7.60,7.60,0.00,9.0,9.6
2004-06-26,53,71.9,1.70,1.70,0.00,4.0,12.8
2004-06-27,3,69.3,0.00,0.00,0.00,0.0,12.2
2004-06-28,3,70.1,0.00,0.00,0.00,0.0,7.0
2004-06-29,61,70.0,5.20,5.20,0.00,3.0,8.2
2004-06-30,1,72.5,0.00,0.00,0.00,0.0,9.0
2004-07-01,1,73.3,0.00,0.00,0.00,0.0,12.8
2004-07-02,51,77.4,0.10,0.10,0.00,1.0,7.8
2004-07-03,2,74.4,0.00,0.00,0.00,0.0,9.7
2004-07-04,3,73.9,0.00,0.00,0.00,0.0,11.8
2004-07-05,61,76.6,5.50,5.50,0.00,9.0,11.5
2004-07-06,3,74.6,0.00,0.00,0.00,0.0,14.0
2004-07-07,3,73.7,0.00,0.00,0.00,0.0,11.7
2004-07-08,51,78.7,0.90,0.90,0.00,6.0,11.7
2004-07-09,3,75.1,0.00,0.00,0.00,0.0,12.9
2004-07-10,3,74.9,0.00,0.00,0.00,0.0,7.9
2004-07-11,3,75.3,0.00,0.00,0.00,0.0,10.8
2004-07-12,65,70.5,47.50,47.50,0.00,12.0,14.5
2004-07-13,65,66.4,60.80,60.80,0.00,7.0,18.5
2004-07-14,51,69.2,0.90,0.90,0.00,3.0,8.6
2004-07-15,51,72.0,0.80,0.80,0.00,4.0,13.8
2004-07-16,3,71.5,0.00,0.00,0.00,0.0,11.3
2004-07-17,3,73.9,0.00,0.00,0.00,0.0,9.5
2004-07-18,61,70.7,11.10,11.10,0.00,11.0,9.2
2004-07-19,51,72.8,1.20,1.20,0.00,6.0,8.5
2004-07-20,1,74.9,0.00,0.00,0.00,0.0,6.7
2004-07-21,1,75.9,0.00,0.00,0.00,0.0,7.1
2004-07-22,51,76.6,0.10,0.10,0.00,1.0,9.9
2004-07-23,61,75.3,9.80,9.80,0.00,10.0,12.5
2004-07-24,61,71.1,9.60,9.60,0.00,18.0,9.6
2004-07-25,51,68.6,0.60,0.60,0.00,3.0,10.9
2004-07-26,3,70.2,0.00,0.00,0.00,0.0,7.6
2004-07-27,63,70.2,15.20,15.20,0.00,9.0,11.4
2004-07-28,63,71.2,14.60,14.60,0.00,21.0,5.4
2004-07-29,3,73.3,0.00,0.00,0.00,0.0,8.4
2004-07-30,61,75.7,2.90,2.90,0.00,7.0,12.5
2004-07-31,51,78.2,0.90,0.90,0.00,5.0,13.8
2004-08-01,63,76.1,10.50,10.50,0.00,11.0,11.0
2004-08-02,51,76.3,0.30,0.30,0.00,3.0,5.6
2004-08-03,51,75.9,0.20,0.20,0.00,1.0,7.8
2004-08-04,51,77.0,0.70,0.70,0.00,2.0,6.6
2004-08-05,63,71.2,6.60,6.60,0.00,8.0,13.0
2004-08-06,3,65.8,0.00,0.00,0.00,0.0,12.4
2004-08-07,51,63.3,0.50,0.50,0.00,4.0,9.7
2004-08-08,51,67.0,0.10,0.10,0.00,1.0,9.2
2004-08-09,2,71.3,0.00,0.00,0.00,0.0,8.6
2004-08-10,2,72.7,0.00,0.00,0.00,0.0,14.3
2004-08-11,61,75.2,3.60,3.60,0.00,5.0,13.1
2004-08-12,61,73.5,4.60,4.60,0.00,8.0,12.3
2004-08-13,61,73.0,8.40,8.40,0.00,13.0,11.4
2004-08-14,53,71.3,4.50,4.50,0.00,8.0,7.0
2004-08-15,65,70.8,45.30,45.30,0.00,12.0,7.4
2004-08-16,61,68.8,18.10,18.10,0.00,21.0,6.3
2004-08-17,3,68.8,0.00,0.00,0.00,0.0,7.7
2004-08-18,53,70.9,2.10,2.10,0.00,5.0,9.4
2004-08-19,3,75.8,0.00,0.00,0.00,0.0,12.1
2004-08-20,3,78.5,0.00,0.00,0.00,0.0,11.1
2004-08-21,63,74.4,15.60,15.60,0.00,5.0,12.0
2004-08-22,1,66.8,0.00,0.00,0.00,0.0,10.2
2004-08-23,0,70.2,0.00,0.00,0.00,0.0,7.5
2004-08-24,3,70.5,0.00,0.00,0.00,0.0,10.3
2004-08-25,1,67.8,0.00,0.00,0.00,0.0,8.5
2004-08-26,3,68.0,0.00,0.00,0.00,0.0,7.3
2004-08-27,3,72.2,0.00,0.00,0.00,0.0,10.1
2004-08-28,51,76.8,0.40,0.40,0.00,2.0,9.5
2004-08-29,2,76.6,0.00,0.00,0.00,0.0,11.7
2004-08-30,61,75.6,7.10,7.10,0.00,10.0,10.0
2004-08-31,55,75.3,5.60,5.60,0.00,10.0,13.9
2004-09-01,2,71.8,0.00,0.00,0.00,0.0,9.7
2004-09-02,2,69.1,0.00,0.00,0.00,0.0,9.2
2004-09-03,3,70.7,0.00,0.00,0.00,0.0,7.4
2004-09-04,3,73.1,0.00,0.00,0.00,0.0,6.3
2004-09-05,51,68.0,0.10,0.10,0.00,1.0,13.4
2004-09-06,3,66.5,0.00,0.00,0.00,0.0,11.3
2004-09-07,51,72.6,0.10,0.10,0.00,1.0,6.7
2004-09-08,61,71.4,22.50,22.50,0.00,21.0,13.4
2004-09-09,53,74.7,4.10,4.10,0.00,15.0,21.0
2004-09-10,3,70.6,0.00,0.00,0.00,0.0,12.9
2004-09-11,3,66.6,0.00,0.00,0.00,0.0,7.6
2004-09-12,3,68.2,0.00,0.00,0.00,0.0,6.0
2004-09-13,2,71.8,0.00,0.00,0.00,0.0,8.0
2004-09-14,3,67.1,0.00,0.00,0.00,0.0,10.8
2004-09-15,55,66.4,3.10,3.10,0.00,9.0,8.7
2004-09-16,53,70.7,1.70,1.70,0.00,3.0,7.1
2004-09-17,55,70.5,1.60,1.60,0.00,3.0,8.4
2004-09-18,63,66.2,46.60,46.60,0.00,17.0,22.3
2004-09-19,1,57.2,0.00,0.00,0.00,0.0,16.1
2004-09-20,1,58.4,0.00,0.00,0.00,0.0,10.8
2004-09-21,3,65.2,0.00,0.00,0.00,0.0,6.5
2004-09-22,1,67.9,0.00,0.00,0.00,0.0,8.6
2004-09-23,3,70.3,0.00,0.00,0.00,0.0,8.8
2004-09-24,3,65.1,0.00,0.00,0.00,0.0,6.7
2004-09-25,3,65.5,0.00,0.00,0.00,0.0,8.1
2004-09-26,3,68.3,0.00,0.00,0.00,0.0,7.9
2004-09-27,51,66.4,0.20,0.20,0.00,1.0,7.0
2004-09-28,65,67.1,54.10,54.10,0.00,21.0,18.4
2004-09-29,63,62.6,45.50,45.50,0.00,10.0,25.5
2004-09-30,55,61.4,2.00,2.00,0.00,6.0,6.6
2004-10-01,0,60.9,0.00,0.00,0.00,0.0,7.3
2004-10-02,55,62.1,2.40,2.40,0.00,6.0,11.3
2004-10-03,3,59.7,0.00,0.00,0.00,0.0,12.5
2004-10-04,1,60.5,0.00,0.00,0.00,0.0,9.8
2004-10-05,3,54.8,0.00,0.00,0.00,0.0,13.0
2004-10-06,0,53.2,0.00,0.00,0.00,0.0,7.8
2004-10-07,0,58.7,0.00,0.00,0.00,0.0,6.4
2004-10-08,3,62.6,0.00,0.00,0.00,0.0,8.7
2004-10-09,3,61.6,0.00,0.00,0.00,0.0,9.5
2004-10-10,3,59.4,0.00,0.00,0.00,0.0,14.1
2004-10-11,3,53.8,0.00,0.00,0.00,0.0,16.2
2004-10-12,2,53.5,0.00,0.00,0.00,0.0,14.0
2004-10-13,3,55.0,0.00,0.00,0.00,0.0,6.7
2004-10-14,51,58.1,1.20,1.20,0.00,5.0,10.7
2004-10-15,61,59.6,11.90,11.90,0.00,10.0,13.8
2004-10-16,63,54.4,5.40,5.40,0.00,4.0,16.4
2004-10-17,3,49.2,0.00,0.00,0.00,0.0,18.3
2004-10-18,3,50.1,0.00,0.00,0.00,0.0,10.5
2004-10-19,63,51.5,18.40,18.40,0.00,17.0,15.5
2004-10-20,3,52.2,0.00,0.00,0.00,0.0,15.7
2004-10-21,53,51.0,1.60,1.60,0.00,4.0,10.9
2004-10-22,51,49.6,0.80,0.80,0.00,5.0,14.0
2004-10-23,3,48.1,0.00,0.00,0.00,0.0,11.8
2004-10-24,3,48.5,0.00,0.00,0.00,0.0,10.2
2004-10-25,3,50.3,0.00,0.00,0.00,0.0,6.7
2004-10-26,3,53.1,0.00,0.00,0.00,0.0,9.6
2004-10-27,3,52.2,0.00,0.00,0.00,0.0,8.8
2004-10-28,3,48.3,0.00,0.00,0.00,0.0,10.0
2004-10-29,55,50.4,1.00,1.00,0.00,1.0,7.1
2004-10-30,51,57.6,0.90,0.90,0.00,5.0,9.9
2004-10-31,51,63.1,0.50,0.50,0.00,2.0,14.3
2004-11-01,2,53.9,0.00,0.00,0.00,0.0,14.6
2004-11-02,3,51.5,0.00,0.00,0.00,0.0,10.0
2004-11-03,51,53.2,0.70,0.70,0.00,3.0,18.6
2004-11-04,63,45.8,21.40,21.40,0.00,9.0,10.8
2004-11-05,51,49.4,0.40,0.40,0.00,1.0,24.8
2004-11-06,3,47.9,0.00,0.00,0.00,0.0,16.3
2004-11-07,2,52.4,0.00,0.00,0.00,0.0,12.3
2004-11-08,2,46.1,0.00,0.00,0.00,0.0,16.3
2004-11-09,3,36.9,0.00,0.00,0.00,0.0,12.0
2004-11-10,1,35.5,0.00,0.00,0.00,0.0,10.6
2004-11-11,3,45.2,0.00,0.00,0.00,0.0,11.7
2004-11-12,61,41.2,17.80,17.80,0.00,16.0,14.6
2004-11-13,73,37.5,10.50,12.00,1.05,10.0,16.7
2004-11-14,0,37.0,0.00,0.00,0.00,0.0,13.6
2004-11-15,1,42.5,0.00,0.00,0.00,0.0,9.8
2004-11-16,3,43.2,0.00,0.00,0.00,0.0,8.7
2004-11-17,1,42.6,0.00,0.00,0.00,0.0,6.1
2004-11-18,3,45.1,0.00,0.00,0.00,0.0,5.9
2004-11-19,3,52.6,0.00,0.00,0.00,0.0,6.7
2004-11-20,53,47.4,4.70,4.70,0.00,12.0,8.7
2004-11-21,61,50.6,3.20,3.20,0.00,3.0,6.1
2004-11-22,53,49.0,4.90,4.90,0.00,14.0,3.8
2004-11-23,51,47.6,0.20,0.20,0.00,1.0,6.2
2004-11-24,61,52.6,4.50,4.50,0.00,8.0,16.6
2004-11-25,61,55.3,5.80,5.80,0.00,12.0,19.6
2004-11-26,3,37.6,0.00,0.00,0.00,0.0,17.4
2004-11-27,3,42.8,0.00,0.00,0.00,0.0,15.7
2004-11-28,63,52.6,23.50,23.50,0.00,10.0,26.5
2004-11-29,3,42.0,0.00,0.00,0.00,0.0,15.7
2004-11-30,3,40.4,0.00,0.00,0.00,0.0,5.1
2004-12-01,63,48.3,26.70,26.70,0.00,14.0,25.1
2004-12-02,3,40.0,0.00,0.00,0.00,0.0,14.9
2004-12-03,2,38.8,0.00,0.00,0.00,0.0,16.5
2004-12-04,3,34.6,0.00,0.00,0.00,0.0,13.3
2004-12-05,1,42.1,0.00,0.00,0.00,0.0,13.7
2004-12-06,55,39.5,4.50,4.50,0.00,9.0,15.1
2004-12-07,61,47.1,10.10,10.10,0.00,15.0,14.2
2004-12-08,3,51.2,0.00,0.00,0.00,0.0,16.4
2004-12-09,55,41.8,5.20,5.20,0.00,6.0,11.3
2004-12-10,63,46.3,23.30,23.30,0.00,17.0,16.3
2004-12-11,51,47.1,1.30,1.30,0.00,5.0,11.6
2004-12-12,3,40.8,0.00,0.00,0.00,0.0,13.5
2004-12-13,51,41.8,1.00,1.00,0.00,3.0,15.2
2004-12-14,3,32.7,0.00,0.00,0.00,0.0,14.3
2004-12-15,3,27.2,0.00,0.00,0.00,0.0,12.5
2004-12-16,3,30.9,0.00,0.00,0.00,0.0,12.1
2004-12-17,3,35.4,0.00,0.00,0.00,0.0,14.1
2004-12-18,3,33.7,0.00,0.00,0.00,0.0,7.9
2004-12-19,73,35.9,2.80,3.60,0.56,7.0,17.8
2004-12-20,73,17.1,0.10,1.70,1.19,6.0,21.2
2004-12-21,3,24.1,0.00,0.00,0.00,0.0,12.9
2004-12-22,3,36.3,0.00,0.00,0.00,0.0,10.7
2004-12-23,63,49.5,23.10,23.10,0.00,12.0,27.8
2004-12-24,51,32.9,0.20,0.20,0.00,1.0,15.8
2004-12-25,2,26.3,0.00,0.00,0.00,0.0,8.9
2004-12-26,73,27.7,0.00,2.70,1.96,8.0,14.8
2004-12-27,73,23.5,0.00,2.20,1.68,9.0,18.1
2004-12-28,3,22.4,0.00,0.00,0.00,0.0,12.7
2004-12-29,3,34.3,0.00,0.00,0.00,0.0,12.8
2004-12-30,3,34.5,0.00,0.00,0.00,0.0,5.8
2004-12-31,3,41.2,0.00,0.00,0.00,0.0,12.8
2005-01-01,3,45.2,0.00,0.00,0.00,0.0,12.1
2005-01-02,3,37.5,0.00,0.00,0.00,0.0,10.4
2005-01-03,55,47.6,3.00,3.00,0.00,6.0,8.9
2005-01-04,61,43.8,7.10,7.10,0.00,8.0,9.7
2005-01-05,73,36.0,9.40,11.70,1.61,18.0,9.3
2005-01-06,73,36.5,10.10,13.30,2.24,16.0,16.1
2005-01-07,3,36.2,0.00,0.00,0.00,0.0,13.8
2005-01-08,61,36.1,10.00,10.00,0.00,14.0,10.8
2005-01-09,3,32.6,0.00,0.00,0.00,0.0,10.4
2005-01-10,3,38.6,0.00,0.00,0.00,0.0,12.2
2005-01-11,73,33.8,2.90,5.30,1.75,10.0,12.3
2005-01-12,73,39.1,3.50,4.40,0.63,6.0,14.2
2005-01-13,3,49.3,0.00,0.00,0.00,0.0,18.8
2005-01-14,73,46.7,22.30,23.50,0.84,13.0,24.3
2005-01-15,3,30.0,0.00,0.00,0.00,0.0,10.0
2005-01-16,3,28.3,0.00,0.00,0.00,0.0,12.2
2005-01-17,71,25.4,0.00,0.60,0.56,3.0,16.5
2005-01-18,3,15.1,0.00,0.00,0.00,0.0,18.8
2005-01-19,71,19.2,0.00,1.60,1.19,9.0,13.8
2005-01-20,71,24.8,0.00,0.00,0.07,0.0,14.8
2005-01-21,3,13.9,0.00,0.00,0.00,0.0,12.3
2005-01-22,75,19.1,2.30,22.70,14.28,11.0,15.7
2005-01-23,75,18.5,1.10,10.80,6.86,13.0,25.7
2005-01-24,3,8.9,0.00,0.00,0.00,0.0,16.9
2005-01-25,3,18.7,0.00,0.00,0.00,0.0,12.2
2005-01-26,73,29.1,0.30,3.70,2.52,8.0,16.1
2005-01-27,1,9.1,0.00,0.00,0.00,0.0,17.0
2005-01-28,0,5.2,0.00,0.00,0.00,0.0,11.6
2005-01-29,3,14.4,0.00,0.00,0.00,0.0,6.7
2005-01-30,71,25.7,0.00,0.40,0.35,3.0,12.9
2005-01-31,0,22.6,0.00,0.00,0.00,0.0,13.0
2005-02-01,3,21.9,0.00,0.00,0.00,0.0,7.2
2005-02-02,0,21.8,0.00,0.00,0.00,0.0,8.0
2005-02-03,73,25.6,1.40,1.80,0.28,6.0,8.4
2005-02-04,75,34.6,0.60,6.10,3.85,9.0,13.0
2005-02-05,0,33.2,0.00,0.00,0.00,0.0,11.4
2005-02-06,3,32.2,0.00,0.00,0.00,0.0,8.8
2005-02-07,3,32.9,0.00,0.00,0.00,0.0,6.2
2005-02-08,3,36.5,0.00,0.00,0.00,0.0,6.4
2005-02-09,55,40.2,2.60,2.60,0.00,4.0,9.7
2005-02-10,53,36.9,6.40,6.40,0.00,15.0,16.5
2005-02-11,3,30.7,0.00,0.00,0.00,0.0,18.9
2005-02-12,3,31.4,0.00,0.00,0.00,0.0,14.5
2005-02-13,3,31.3,0.00,0.00,0.00,0.0,12.4
2005-02-14,61,36.4,11.90,11.90,0.00,10.0,22.2
2005-02-15,63,46.3,10.30,10.30,0.00,4.0,23.1
2005-02-16,61,42.6,4.10,4.10,0.00,4.0,16.9
2005-02-17,3,33.1,0.00,0.00,0.00,0.0,11.7
2005-02-18,71,27.5,0.00,0.00,0.14,0.0,19.3
2005-02-19,0,22.9,0.00,0.00,0.00,0.0,15.2
2005-02-20,73,28.5,0.00,0.30,0.28,1.0,9.1
2005-02-21,75,33.3,0.80,11.80,7.70,13.0,14.2
2005-02-22,51,33.8,0.10,0.10,0.00,1.0,8.7
2005-02-23,73,31.7,0.00,1.00,0.77,4.0,14.0
2005-02-24,73,26.9,0.00,4.30,3.08,8.0,12.9
2005-02-25,73,24.9,0.00,2.80,2.03,6.0,12.2
2005-02-26,51,24.4,0.10,0.10,0.00,1.0,10.2
2005-02-27,3,25.1,0.00,0.00,0.00,0.0,10.4
2005-02-28,75,30.1,0.00,8.50,5.95,11.0,18.8
2005-03-01,75,30.9,0.00,6.60,4.69,10.0,14.4
2005-03-02,71,29.3,0.00,0.00,0.07,0.0,18.0
2005-03-03,3,22.2,0.00,0.00,0.00,0.0,17.5
2005-03-04,3,19.9,0.00,0.00,0.00,0.0,12.3
2005-03-05,0,26.0,0.00,0.00,0.00,0.0,9.2
2005-03-06,3,30.1,0.00,0.00,0.00,0.0,14.9
2005-03-07,51,41.0,0.20,0.20,0.00,1.0,17.3
2005-03-08,75,34.3,6.30,14.10,5.53,14.0,24.3
2005-03-09,3,17.8,0.00,0.00,0.00,0.0,23.9
2005-03-10,3,21.3,0.00,0.00,0.00,0.0,11.8
2005-03-11,51,32.5,0.70,0.70,0.00,3.0,14.9
2005-03-12,75,32.5,0.30,5.20,3.50,8.0,14.6
2005-03-13,3,30.7,0.00,0.00,0.00,0.0,10.6
2005-03-14,3,31.8,0.00,0.00,0.00,0.0,12.4
2005-03-15,0,33.5,0.00,0.00,0.00,0.0,15.8
2005-03-16,3,34.7,0.00,0.00,0.00,0.0,12.5
2005-03-17,3,34.5,0.00,0.00,0.00,0.0,7.8
2005-03-18,3,37.6,0.00,0.00,0.00,0.0,10.3
2005-03-19,3,36.0,0.00,0.00,0.00,0.0,7.4
2005-03-20,53,37.3,3.00,3.00,0.00,11.0,7.5
2005-03-21,51,41.2,1.70,1.70,0.00,8.0,10.7
2005-03-22,3,40.5,0.00,0.00,0.00,0.0,10.4
2005-03-23,75,36.7,7.60,14.20,4.62,13.0,20.3
2005-03-24,75,37.2,0.20,4.20,2.94,8.0,16.5
2005-03-25,3,39.7,0.00,0.00,0.00,0.0,9.2
2005-03-26,3,37.3,0.00,0.00,0.00,0.0,8.4
2005-03-27,3,41.2,0.00,0.00,0.00,0.0,10.0
2005-03-28,63,43.4,44.00,44.00,0.00,23.0,12.2
2005-03-29,51,47.1,0.40,0.40,0.00,1.0,16.4
2005-03-30,3,47.2,0.00,0.00,0.00,0.0,12.1
2005-03-31,3,41.8,0.00,0.00,0.00,0.0,13.0
2005-04-01,61,44.8,2.40,2.40,0.00,4.0,8.6
2005-04-02,63,47.9,55.60,55.60,0.00,23.0,26.7
2005-04-03,51,43.8,1.80,1.80,0.00,8.0,20.0
2005-04-04,3,45.1,0.00,0.00,0.00,0.0,16.9
2005-04-05,3,49.7,0.00,0.00,0.00,0.0,11.8
2005-04-06,3,53.4,0.00,0.00,0.00,0.0,7.0
2005-04-07,55,58.9,2.00,2.00,0.00,2.0,14.7
2005-04-08,63,54.0,10.80,10.80,0.00,9.0,11.5
2005-04-09,1,47.6,0.00,0.00,0.00,0.0,11.0
2005-04-10,1,51.2,0.00,0.00,0.00,0.0,6.9
2005-04-11,3,47.6,0.00,0.00,0.00,0.0,13.8
2005-04-12,1,43.9,0.00,0.00,0.00,0.0,11.4
2005-04-13,0,44.2,0.00,0.00,0.00,0.0,10.1
2005-04-14,1,46.5,0.00,0.00,0.00,0.0,11.4
2005-04-15,1,44.4,0.00,0.00,0.00,0.0,15.5
2005-04-16,0,44.5,0.00,0.00,0.00,0.0,10.3
2005-04-17,0,52.5,0.00,0.00,0.00,0.0,10.2
2005-04-18,2,57.9,0.00,0.00,0.00,0.0,8.8
2005-04-19,0,59.3,0.00,0.00,0.00,0.0,10.3
2005-04-20,3,67.8,0.00,0.00,0.00,0.0,12.0
2005-04-21,51,57.3,0.20,0.20,0.00,1.0,15.6
2005-04-22,51,48.2,0.30,0.30,0.00,2.0,12.2
2005-04-23,63,53.8,29.00,29.00,0.00,18.0,18.2
2005-04-24,61,51.3,4.10,4.10,0.00,8.0,16.5
2005-04-25,51,47.0,0.50,0.50,0.00,3.0,17.1
2005-04-26,3,52.8,0.00,0.00,0.00,0.0,16.5
2005-04-27,63,54.7,20.50,20.50,0.00,16.0,11.9
2005-04-28,51,53.3,0.40,0.40,0.00,1.0,19.0
2005-04-29,3,50.3,0.00,0.00,0.00,0.0,10.8
2005-04-30,61,53.5,12.50,12.50,0.00,16.0,13.1
2005-05-01,53,56.3,3.70,3.70,0.00,10.0,11.4
2005-05-02,53,51.6,2.00,2.00,0.00,5.0,15.9
2005-05-03,51,49.2,0.10,0.10,0.00,1.0,10.0
2005-05-04,3,50.9,0.00,0.00,0.00,0.0,10.3
2005-05-05,3,50.2,0.00,0.00,0.00,0.0,9.0
2005-05-06,61,48.6,3.80,3.80,0.00,6.0,14.6
2005-05-07,61,50.3,4.10,4.10,0.00,6.0,16.1
2005-05-08,3,52.1,0.00,0.00,0.00,0.0,17.5
2005-05-09,3,54.6,0.00,0.00,0.00,0.0,8.8
2005-05-10,2,54.6,0.00,0.00,0.00,0.0,9.9
2005-05-11,2,59.5,0.00,0.00,0.00,0.0,9.4
2005-05-12,3,61.0,0.00,0.00,0.00,0.0,14.6
2005-05-13,3,51.4,0.00,0.00,0.00,0.0,11.0
2005-05-14,3,59.6,0.00,0.00,0.00,0.0,11.3
2005-05-15,53,66.5,1.30,1.30,0.00,4.0,10.3
2005-05-16,51,60.5,0.30,0.30,0.00,2.0,9.4
2005-05-17,3,57.8,0.00,0.00,0.00,0.0,8.1
2005-05-18,3,57.8,0.00,0.00,0.00,0.0,8.5
2005-05-19,3,57.0,0.00,0.00,0.00,0.0,10.0
2005-05-20,53,51.7,5.30,5.30,0.00,11.0,10.0
2005-05-21,55,56.8,1.60,1.60,0.00,2.0,10.1
2005-05-22,53,54.6,3.00,3.00,0.00,9.0,7.6
2005-05-23,3,55.2,0.00,0.00,0.00,0.0,3.8
2005-05-24,53,53.2,3.20,3.20,0.00,11.0,17.3
2005-05-25,61,49.4,14.00,14.00,0.00,21.0,18.7
2005-05-26,61,54.4,5.20,5.20,0.00,6.0,19.7
2005-05-27,3,63.2,0.00,0.00,0.00,0.0,10.6
2005-05-28,51,63.5,0.90,0.90,0.00,3.0,10.8
2005-05-29,2,63.8,0.00,0.00,0.00,0.0,10.7
2005-05-30,51,63.9,0.30,0.30,0.00,1.0,7.5
2005-05-31,2,63.1,0.00,0.00,0.00,0.0,9.0
2005-06-01,3,57.6,0.00,0.00,0.00,0.0,10.3
2005-06-02,3,56.8,0.00,0.00,0.00,0.0,8.6
2005-06-03,55,58.8,4.90,4.90,0.00,10.0,7.1
2005-06-04,61,67.7,7.50,7.50,0.00,10.0,8.7
2005-06-05,1,73.1,0.00,0.00,0.00,0.0,8.5
2005-06-06,3,72.8,0.00,0.00,0.00,0.0,12.5
2005-06-07,55,75.8,2.20,2.20,0.00,4.0,10.9
2005-06-08,3,75.9,0.00,0.00,0.00,0.0,9.6
2005-06-09,2,75.0,0.00,0.00,0.00,0.0,11.7
2005-06-10,61,73.2,3.50,3.50,0.00,5.0,13.1
2005-06-11,51,75.7,1.20,1.20,0.00,5.0,12.1
2005-06-12,3,78.6,0.00,0.00,0.00,0.0,11.1
2005-06-13,51,80.0,0.10,0.10,0.00,1.0,11.1
2005-06-14,1,84.6,0.00,0.00,0.00,0.0,14.1
2005-06-15,51,75.0,0.40,0.40,0.00,2.0,13.4
2005-06-16,63,69.6,7.50,7.50,0.00,5.0,11.8
2005-06-17,53,67.6,0.60,0.60,0.00,1.0,11.8
2005-06-18,3,67.8,0.00,0.00,0.00,0.0,8.2
2005-06-19,51,64.5,1.30,1.30,0.00,9.0,10.8
2005-06-20,2,64.2,0.00,0.00,0.00,0.0,9.2
2005-06-21,1,69.6,0.00,0.00,0.00,0.0,13.4
2005-06-22,63,72.3,2.60,2.60,0.00,1.0,11.2
2005-06-23,3,68.2,0.00,0.00,0.00,0.0,11.8
2005-06-24,3,72.7,0.00,0.00,0.00,0.0,14.0
2005-06-25,3,77.8,0.00,0.00,0.00,0.0,15.3
2005-06-26,3,78.9,0.00,0.00,0.00,0.0,12.3
2005-06-27,61,72.3,10.80,10.80,0.00,11.0,10.2
2005-06-28,61,76.3,6.40,6.40,0.00,11.0,11.2
2005-06-29,63,75.6,15.30,15.30,0.00,11.0,13.1
2005-06-30,61,72.6,17.40,17.40,0.00,19.0,7.9
2005-07-01,53,74.0,1.10,1.10,0.00,2.0,11.4
2005-07-02,3,74.6,0.00,0.00,0.00,0.0,8.3
2005-07-03,3,70.2,0.00,0.00,0.00,0.0,8.9
2005-07-04,3,69.4,0.00,0.00,0.00,0.0,9.2
2005-07-05,53,72.4,1.40,1.40,0.00,5.0,11.0
2005-07-06,61,73.9,8.60,8.60,0.00,11.0,8.5
2005-07-07,51,69.8,0.10,0.10,0.00,1.0,10.7
2005-07-08,65,64.4,42.00,42.00,0.00,17.0,16.2
2005-07-09,51,70.6,0.10,0.10,0.00,1.0,11.8
2005-07-10,1,76.6,0.00,0.00,0.00,0.0,12.2
2005-07-11,1,78.4,0.00,0.00,0.00,0.0,10.0
2005-07-12,3,74.0,0.00,0.00,0.00,0.0,9.9
2005-07-13,51,71.0,0.60,0.60,0.00,4.0,8.2
2005-07-14,3,74.7,0.00,0.00,0.00,0.0,9.7
2005-07-15,51,76.2,0.70,0.70,0.00,4.0,7.8
2005-07-16,51,75.0,0.80,0.80,0.00,5.0,9.9
2005-07-17,55,76.1,2.50,2.50,0.00,6.0,9.9
2005-07-18,63,79.1,9.90,9.90,0.00,6.0,9.4
2005-07-19,53,82.4,1.40,1.40,0.00,3.0,8.2
2005-07-20,1,82.4,0.00,0.00,0.00,0.0,6.2
2005-07-21,1,80.5,0.00,0.00,0.00,0.0,6.0
2005-07-22,3,81.6,0.00,0.00,0.00,0.0,6.5
2005-07-23,2,79.3,0.00,0.00,0.00,0.0,11.7
2005-07-24,3,76.9,0.00,0.00,0.00,0.0,10.4
2005-07-25,55,78.9,1.70,1.70,0.00,4.0,16.6
2005-07-26,3,82.0,0.00,0.00,0.00,0.0,12.7
2005-07-27,51,85.9,0.30,0.30,0.00,2.0,11.9
2005-07-28,3,74.7,0.00,0.00,0.00,0.0,12.9
2005-07-29,3,75.6,0.00,0.00,0.00,0.0,12.9
2005-07-30,3,75.6,0.00,0.00,0.00,0.0,8.6
2005-07-31,53,73.7,0.80,0.80,0.00,2.0,9.8
2005-08-01,3,75.4,0.00,0.00,0.00,0.0,10.5
2005-08-02,1,82.1,0.00,0.00,0.00,0.0,9.3
2005-08-03,2,83.7,0.00,0.00,0.00,0.0,8.3
2005-08-04,55,82.5,1.20,1.20,0.00,1.0,10.2
2005-08-05,3,85.6,0.00,0.00,0.00,0.0,12.8
2005-08-06,3,79.4,0.00,0.00,0.00,0.0,7.5
2005-08-07,3,77.2,0.00,0.00,0.00,0.0,10.3
2005-08-08,61,77.3,7.20,7.20,0.00,8.0,6.2
2005-08-09,53,76.2,0.70,0.70,0.00,2.0,8.3
2005-08-10,51,77.8,0.20,0.20,0.00,1.0,8.4
2005-08-11,3,83.0,0.00,0.00,0.00,0.0,7.6
2005-08-12,51,83.0,0.20,0.20,0.00,1.0,10.5
2005-08-13,53,85.9,0.80,0.80,0.00,1.0,11.9
2005-08-14,53,85.3,0.50,0.50,0.00,1.0,12.9
2005-08-15,53,76.8,3.50,3.50,0.00,11.0,10.2
2005-08-16,61,72.5,3.00,3.00,0.00,4.0,6.0
2005-08-17,3,77.4,0.00,0.00,0.00,0.0,7.8
2005-08-18,3,73.7,0.00,0.00,0.00,0.0,9.5
2005-08-19,51,74.6,0.10,0.10,0.00,1.0,10.9
2005-08-20,3,76.5,0.00,0.00,0.00,0.0,9.0
2005-08-21,51,82.1,0.20,0.20,0.00,1.0,8.5
2005-08-22,3,81.0,0.00,0.00,0.00,0.0,10.2
2005-08-23,3,74.5,0.00,0.00,0.00,0.0,7.8
2005-08-24,3,73.9,0.00,0.00,0.00,0.0,11.4
2005-08-25,3,72.4,0.00,0.00,0.00,0.0,10.2
2005-08-26,3,73.0,0.00,0.00,0.00,0.0,12.0
2005-08-27,3,74.0,0.00,0.00,0.00,0.0,13.9
2005-08-28,53,74.6,1.20,1.20,0.00,5.0,9.3
2005-08-29,3,76.2,0.00,0.00,0.00,0.0,10.1
2005-08-30,53,76.8,2.60,2.60,0.00,16.0,11.8
2005-08-31,53,80.2,4.60,4.60,0.00,18.0,19.4
2005-09-01,3,75.8,0.00,0.00,0.00,0.0,12.6
2005-09-02,3,76.6,0.00,0.00,0.00,0.0,9.0
2005-09-03,3,74.6,0.00,0.00,0.00,0.0,12.7
2005-09-04,1,74.2,0.00,0.00,0.00,0.0,9.0
2005-09-05,3,71.8,0.00,0.00,0.00,0.0,11.3
2005-09-06,0,70.3,0.00,0.00,0.00,0.0,9.9
2005-09-07,0,69.9,0.00,0.00,0.00,0.0,10.4
2005-09-08,2,72.3,0.00,0.00,0.00,0.0,10.7
2005-09-09,3,73.1,0.00,0.00,0.00,0.0,9.6
2005-09-10,0,70.6,0.00,0.00,0.00,0.0,8.1
2005-09-11,1,69.3,0.00,0.00,0.00,0.0,10.3
2005-09-12,0,76.8,0.00,0.00,0.00,0.0,10.7
2005-09-13,0,77.8,0.00,0.00,0.00,0.0,10.5
2005-09-14,51,74.4,1.50,1.50,0.00,7.0,12.2
2005-09-15,53,76.0,4.30,4.30,0.00,14.0,6.9
2005-09-16,53,75.3,2.90,2.90,0.00,11.0,10.2
2005-09-17,53,75.8,1.80,1.80,0.00,6.0,9.0
2005-09-18,3,74.0,0.00,0.00,0.00,0.0,8.2
2005-09-19,3,75.0,0.00,0.00,0.00,0.0,8.7
2005-09-20,3,75.9,0.00,0.00,0.00,0.0,15.5
2005-09-21,0,73.2,0.00,0.00,0.00,0.0,9.9
2005-09-22,0,72.6,0.00,0.00,0.00,0.0,13.7
2005-09-23,3,76.3,0.00,0.00,0.00,0.0,13.7
2005-09-24,3,66.4,0.00,0.00,0.00,0.0,13.4
2005-09-25,3,65.9,0.00,0.00,0.00,0.0,11.7
2005-09-26,61,72.0,4.90,4.90,0.00,6.0,16.7
2005-09-27,51,68.7,0.20,0.20,0.00,1.0,15.0
2005-09-28,3,64.3,0.00,0.00,0.00,0.0,13.3
2005-09-29,61,67.2,2.00,2.00,0.00,4.0,22.0
2005-09-30,3,58.4,0.00,0.00,0.00,0.0,11.2
2005-10-01,0,61.1,0.00,0.00,0.00,0.0,7.3
2005-10-02,3,64.1,0.00,0.00,0.00,0.0,6.8
2005-10-03,3,65.0,0.00,0.00,0.00,0.0,7.6
2005-10-04,2,66.5,0.00,0.00,0.00,0.0,6.1
2005-10-05,3,67.8,0.00,0.00,0.00,0.0,6.4
2005-10-06,3,68.7,0.00,0.00,0.00,0.0,7.9
2005-10-07,61,70.9,6.20,6.20,0.00,11.0,14.4
2005-10-08,65,72.0,80.90,80.90,0.00,24.0,20.0
2005-10-09,53,59.5,0.60,0.60,0.00,1.0,12.3
2005-10-10,55,60.5,3.20,3.20,0.00,5.0,8.9
2005-10-11,61,60.0,9.10,9.10,0.00,15.0,14.8
2005-10-12,65,56.1,68.80,68.80,0.00,24.0,20.8
2005-10-13,63,59.9,26.80,26.80,0.00,20.0,21.9
2005-10-14,63,61.6,102.00,102.00,0.00,24.0,17.0
2005-10-15,61,62.4,4.30,4.30,0.00,3.0,18.1
2005-10-16,3,57.0,0.00,0.00,0.00,0.0,22.2
2005-10-17,2,55.6,0.00,0.00,0.00,0.0,18.3
2005-10-18,51,57.5,0.60,0.60,0.00,2.0,15.0
2005-10-19,3,57.6,0.00,0.00,0.00,0.0,13.6
2005-10-20,3,54.6,0.00,0.00,0.00,0.0,11.7
2005-10-21,51,52.7,0.10,0.10,0.00,1.0,3.7
2005-10-22,61,52.5,23.60,23.60,0.00,20.0,17.0
2005-10-23,61,49.8,3.90,3.90,0.00,5.0,16.3
2005-10-24,61,47.6,9.80,9.80,0.00,6.0,20.3
2005-10-25,63,46.9,23.90,23.90,0.00,24.0,27.4
2005-10-26,51,44.9,2.20,2.20,0.00,7.0,19.2
2005-10-27,3,44.2,0.00,0.00,0.00,0.0,10.9
2005-10-28,3,43.4,0.00,0.00,0.00,0.0,7.2
2005-10-29,3,42.7,0.00,0.00,0.00,0.0,14.0
2005-10-30,2,50.9,0.00,0.00,0.00,0.0,13.2
2005-10-31,2,51.7,0.00,0.00,0.00,0.0,8.4
2005-11-01,3,53.6,0.00,0.00,0.00,0.0,12.9
2005-11-02,53,50.9,0.60,0.60,0.00,2.0,14.9
2005-11-03,2,50.5,0.00,0.00,0.00,0.0,18.4
2005-11-04,3,54.5,0.00,0.00,0.00,0.0,11.5
2005-11-05,3,56.9,0.00,0.00,0.00,0.0,7.6
2005-11-06,53,57.1,1.20,1.20,0.00,2.0,17.2
2005-11-07,3,54.2,0.00,0.00,0.00,0.0,14.3
2005-11-08,3,51.9,0.00,0.00,0.00,0.0,9.6
2005-11-09,61,52.5,1.90,1.90,0.00,2.0,15.2
2005-11-10,63,52.3,10.60,10.60,0.00,7.0,18.0
2005-11-11,3,41.8,0.00,0.00,0.00,0.0,14.9
2005-11-12,1,43.7,0.00,0.00,0.00,0.0,8.3
2005-11-13,3,50.5,0.00,0.00,0.00,0.0,12.8
2005-11-14,51,55.4,0.40,0.40,0.00,1.0,10.0
2005-11-15,51,56.1,0.50,0.50,0.00,2.0,12.1
2005-11-16,61,62.1,7.10,7.10,0.00,5.0,21.6
2005-11-17,61,43.8,2.90,2.90,0.00,4.0,13.3
2005-11-18,1,35.9,0.00,0.00,0.00,0.0,11.4
2005-11-19,3,36.7,0.00,0.00,0.00,0.0,8.2
2005-11-20,2,42.5,0.00,0.00,0.00,0.0,9.4
2005-11-21,61,44.2,5.40,5.40,0.00,6.0,7.8
2005-11-22,63,42.5,22.80,22.80,0.00,18.0,21.8
2005-11-23,3,32.8,0.00,0.00,0.00,0.0,18.6
2005-11-24,71,38.9,2.00,2.20,0.14,6.0,22.9
2005-11-25,2,27.1,0.00,0.00,0.00,0.0,20.4
2005-11-26,3,32.0,0.00,0.00,0.00,0.0,6.8
2005-11-27,3,41.1,0.00,0.00,0.00,0.0,6.3
2005-11-28,51,52.1,0.90,0.90,0.00,3.0,11.5
2005-11-29,55,58.5,3.50,3.50,0.00,10.0,21.6
2005-11-30,63,55.7,17.00,17.00,0.00,8.0,20.8
2005-12-01,3,41.2,0.00,0.00,0.00,0.0,12.1
2005-12-02,3,37.2,0.00,0.00,0.00,0.0,20.4
2005-12-03,3,31.9,0.00,0.00,0.00,0.0,17.5
2005-12-04,75,31.4,0.90,8.10,5.04,9.0,10.1
2005-12-05,73,29.0,0.00,0.80,0.63,4.0,7.5
2005-12-06,73,30.8,0.00,3.90,2.80,9.0,12.9
2005-12-07,3,24.8,0.00,0.00,0.00,0.0,19.0
2005-12-08,3,22.6,0.00,0.00,0.00,0.0,13.3
2005-12-09,75,31.3,9.10,17.80,6.09,10.0,19.6
2005-12-10,3,24.4,0.00,0.00,0.00,0.0,10.2
2005-12-11,3,27.4,0.00,0.00,0.00,0.0,10.6
2005-12-12,2,25.4,0.00,0.00,0.00,0.0,10.9
2005-12-13,0,17.0,0.00,0.00,0.00,0.0,12.1
2005-12-14,3,14.8,0.00,0.00,0.00,0.0,11.9
2005-12-15,53,24.8,0.80,0.80,0.00,2.0,14.9
2005-12-16,63,43.1,21.80,21.80,0.00,11.0,24.0
2005-12-17,3,32.6,0.00,0.00,0.00,0.0,10.1
2005-12-18,3,31.6,0.00,0.00,0.00,0.0,6.9
2005-12-19,71,30.0,0.00,0.00,0.07,0.0,13.7
2005-12-20,2,26.6,0.00,0.00,0.00,0.0,12.5
2005-12-21,3,27.3,0.00,0.00,0.00,0.0,12.3
2005-12-22,3,29.5,0.00,0.00,0.00,0.0,11.2
2005-12-23,3,36.4,0.00,0.00,0.00,0.0,12.4
2005-12-24,3,38.4,0.00,0.00,0.00,0.0,7.8
2005-12-25,63,42.4,17.10,17.10,0.00,8.0,11.9
2005-12-26,63,43.8,6.20,6.20,0.00,9.0,17.0
2005-12-27,2,36.2,0.00,0.00,0.00,0.0,17.2
2005-12-28,3,37.8,0.00,0.00,0.00,0.0,10.1
2005-12-29,63,44.0,14.10,14.10,0.00,13.0,11.0
2005-12-30,51,38.5,0.20,0.20,0.00,1.0,15.7
2005-12-31,73,32.8,2.10,4.70,1.82,9.0,7.5
2006-01-01,71,34.0,0.00,0.10,0.07,1.0,6.5
2006-01-02,61,36.6,7.50,7.50,0.00,7.0,15.2
2006-01-03,71,37.0,18.90,19.00,0.07,22.0,21.9
2006-01-04,3,33.4,0.00,0.00,0.00,0.0,13.4
2006-01-05,51,40.5,1.60,1.60,0.00,8.0,10.7
2006-01-06,3,35.2,0.00,0.00,0.00,0.0,11.9
2006-01-07,3,28.9,0.00,0.00,0.00,0.0,11.9
2006-01-08,71,35.3,0.10,0.40,0.21,2.0,9.4
2006-01-09,3,45.6,0.00,0.00,0.00,0.0,12.1
2006-01-10,3,38.4,0.00,0.00,0.00,0.0,9.1
2006-01-11,53,42.6,1.40,1.40,0.00,6.0,15.1
2006-01-12,61,46.2,2.10,2.10,0.00,2.0,14.2
2006-01-13,3,43.0,0.00,0.00,0.00,0.0,10.5
2006-01-14,61,49.7,24.70,24.70,0.00,24.0,27.3
2006-01-15,75,25.0,3.30,8.50,3.71,10.0,28.8
2006-01-16,3,22.4,0.00,0.00,0.00,0.0,15.3
2006-01-17,3,31.0,0.00,0.00,0.00,0.0,16.3
2006-01-18,63,46.7,20.70,20.70,0.00,16.0,30.3
2006-01-19,3,36.6,0.00,0.00,0.00,0.0,16.4
2006-01-20,3,43.5,0.00,0.00,0.00,0.0,12.2
2006-01-21,3,45.8,0.00,0.00,0.00,0.0,19.3
2006-01-22,3,34.1,0.00,0.00,0.00,0.0,11.4
2006-01-23,73,37.2,21.70,23.10,0.98,16.0,10.8
2006-01-24,3,35.6,0.00,0.00,0.00,0.0,9.7
2006-01-25,53,37.2,1.20,1.20,0.00,2.0,16.4
2006-01-26,2,30.9,0.00,0.00,0.00,0.0,17.9
2006-01-27,0,30.7,0.00,0.00,0.00,0.0,12.4
2006-01-28,3,39.3,0.00,0.00,0.00,0.0,11.7
2006-01-29,53,41.4,2.60,2.60,0.00,5.0,15.8
2006-01-30,3,45.9,0.00,0.00,0.00,0.0,12.0
2006-01-31,55,39.3,7.80,7.80,0.00,17.0,13.3
2006-02-01,3,37.5,0.00,0.00,0.00,0.0,12.7
2006-02-02,3,38.9,0.00,0.00,0.00,0.0,10.7
2006-02-03,63,50.0,14.10,14.10,0.00,7.0,21.3
2006-02-04,63,43.5,12.10,12.10,0.00,8.0,17.5
2006-02-05,61,45.5,7.10,7.10,0.00,7.0,18.1
2006-02-06,3,35.4,0.00,0.00,0.00,0.0,22.8
2006-02-07,3,35.1,0.00,0.00,0.00,0.0,15.4
2006-02-08,3,31.2,0.00,0.00,0.00,0.0,8.2
2006-02-09,3,29.3,0.00,0.00,0.00,0.0,11.4
2006-02-10,3,30.2,0.00,0.00,0.00,0.0,11.3
2006-02-11,73,32.8,0.00,2.90,2.17,7.0,17.9
2006-02-12,75,26.1,0.00,18.00,12.60,19.0,24.2
2006-02-13,3,22.4,0.00,0.00,0.00,0.0,13.7
2006-02-14,3,27.2,0.00,0.00,0.00,0.0,11.4
2006-02-15,3,31.8,0.00,0.00,0.00,0.0,7.9
2006-02-16,3,37.1,0.00,0.00,0.00,0.0,12.2
2006-02-17,53,44.8,1.30,1.30,0.00,4.0,23.2
2006-02-18,3,29.0,0.00,0.00,0.00,0.0,18.0
2006-02-19,1,21.9,0.00,0.00,0.00,0.0,18.2
2006-02-20,3,27.3,0.00,0.00,0.00,0.0,9.8
2006-02-21,2,31.3,0.00,0.00,0.00,0.0,14.1
2006-02-22,3,33.9,0.00,0.00,0.00,0.0,10.3
2006-02-23,51,36.4,0.50,0.50,0.00,2.0,8.0
2006-02-24,51,33.1,0.40,0.40,0.00,3.0,25.7
2006-02-25,71,33.8,0.30,0.70,0.28,2.0,20.7
2006-02-26,3,24.3,0.00,0.00,0.00,0.0,20.0
2006-02-27,3,23.0,0.00,0.00,0.00,0.0,18.8
2006-02-28,3,26.3,0.00,0.00,0.00,0.0,14.8
2006-03-01,3,29.7,0.00,0.00,0.00,0.0,11.4
2006-03-02,73,30.8,3.90,8.60,3.36,10.0,12.2
2006-03-03,1,26.7,0.00,0.00,0.00,0.0,21.5
2006-03-04,2,29.6,0.00,0.00,0.00,0.0,18.4
2006-03-05,2,34.4,0.00,0.00,0.00,0.0,14.9
2006-03-06,3,32.7,0.00,0.00,0.00,0.0,8.9
2006-03-07,3,33.5,0.00,0.00,0.00,0.0,9.4
2006-03-08,3,34.3,0.00,0.00,0.00,0.0,8.5
2006-03-09,3,44.2,0.00,0.00,0.00,0.0,13.5
2006-03-10,51,57.1,0.30,0.30,0.00,1.0,18.2
2006-03-11,3,49.5,0.00,0.00,0.00,0.0,12.6
2006-03-12,61,49.4,8.90,8.90,0.00,8.0,9.0
2006-03-13,3,51.4,0.00,0.00,0.00,0.0,8.5
2006-03-14,53,53.3,2.90,2.90,0.00,6.0,19.6
2006-03-15,3,39.2,0.00,0.00,0.00,0.0,23.1
2006-03-16,3,38.3,0.00,0.00,0.00,0.0,15.5
2006-03-17,3,36.0,0.00,0.00,0.00,0.0,12.6
2006-03-18,3,34.5,0.00,0.00,0.00,0.0,17.6
2006-03-19,3,34.1,0.00,0.00,0.00,0.0,16.4
2006-03-20,3,33.4,0.00,0.00,0.00,0.0,16.5
2006-03-21,3,33.2,0.00,0.00,0.00,0.0,12.8
2006-03-22,3,37.1,0.00,0.00,0.00,0.0,14.6
2006-03-23,3,39.6,0.00,0.00,0.00,0.0,12.8
2006-03-24,3,40.2,0.00,0.00,0.00,0.0,8.8
2006-03-25,3,40.1,0.00,0.00,0.00,0.0,12.4
2006-03-26,51,42.2,1.50,1.50,0.00,9.0,11.7
2006-03-27,3,44.6,0.00,0.00,0.00,0.0,11.3
2006-03-28,3,42.2,0.00,0.00,0.00,0.0,8.6
2006-03-29,2,45.0,0.00,0.00,0.00,0.0,8.6
2006-03-30,3,49.1,0.00,0.00,0.00,0.0,9.5
2006-03-31,3,53.9,0.00,0.00,0.00,0.0,14.0
2006-04-01,61,59.0,4.50,4.50,0.00,7.0,14.1
2006-04-02,3,54.0,0.00,0.00,0.00,0.0,13.0
2006-04-03,63,46.6,18.10,18.10,0.00,11.0,13.6
2006-04-04,63,48.0,7.10,7.10,0.00,7.0,18.3
2006-04-05,53,41.6,1.90,1.90,0.00,7.0,13.9
2006-04-06,3,42.7,0.00,0.00,0.00,0.0,12.0
2006-04-07,53,48.7,3.20,3.20,0.00,8.0,14.2
2006-04-08,63,43.9,16.30,16.30,0.00,14.0,13.9
2006-04-09,3,44.4,0.00,0.00,0.00,0.0,13.1
2006-04-10,1,46.4,0.00,0.00,0.00,0.0,9.4
2006-04-11,3,50.1,0.00,0.00,0.00,0.0,11.4
2006-04-12,3,52.3,0.00,0.00,0.00,0.0,14.7
2006-04-13,53,60.4,3.40,3.40,0.00,8.0,14.7
2006-04-14,55,54.2,5.50,5.50,0.00,10.0,6.4
2006-04-15,53,61.5,0.50,0.50,0.00,1.0,10.8
2006-04-16,2,55.4,0.00,0.00,0.00,0.0,12.4
2006-04-17,3,51.5,0.00,0.00,0.00,0.0,11.9
2006-04-18,1,55.4,0.00,0.00,0.00,0.0,12.1
2006-04-19,3,57.9,0.00,0.00,0.00,0.0,13.6
2006-04-20,3,63.1,0.00,0.00,0.00,0.0,13.4
2006-04-21,3,50.4,0.00,0.00,0.00,0.0,14.2
2006-04-22,63,44.5,21.00,21.00,0.00,20.0,19.2
2006-04-23,65,53.5,76.00,76.00,0.00,16.0,18.4
2006-04-24,51,52.0,0.60,0.60,0.00,3.0,8.7
2006-04-25,3,55.0,0.00,0.00,0.00,0.0,16.8
2006-04-26,3,48.6,0.00,0.00,0.00,0.0,12.3
2006-04-27,2,55.1,0.00,0.00,0.00,0.0,8.8
2006-04-28,2,51.9,0.00,0.00,0.00,0.0,12.7
2006-04-29,0,50.0,0.00,0.00,0.00,0.0,10.5
2006-04-30,0,52.3,0.00,0.00,0.00,0.0,10.8
2006-05-01,1,54.8,0.00,0.00,0.00,0.0,14.4
2006-05-02,3,53.5,0.00,0.00,0.00,0.0,10.4
2006-05-03,51,55.7,1.00,1.00,0.00,4.0,11.8
2006-05-04,3,62.9,0.00,0.00,0.00,0.0,9.3
2006-05-05,3,66.1,0.00,0.00,0.00,0.0,9.2
2006-05-06,3,61.7,0.00,0.00,0.00,0.0,14.5
2006-05-07,3,54.5,0.00,0.00,0.00,0.0,13.6
2006-05-08,3,54.5,0.00,0.00,0.00,0.0,12.6
2006-05-09,3,56.2,0.00,0.00,0.00,0.0,14.2
2006-05-10,51,57.3,0.30,0.30,0.00,2.0,10.9
2006-05-11,3,56.8,0.00,0.00,0.00,0.0,17.7
2006-05-12,63,59.8,26.90,26.90,0.00,13.0,19.8
2006-05-13,3,58.8,0.00,0.00,0.00,0.0,11.1
2006-05-14,3,55.1,0.00,0.00,0.00,0.0,10.2
2006-05-15,61,54.6,9.30,9.30,0.00,7.0,14.8
2006-05-16,61,56.8,14.20,14.20,0.00,15.0,10.7
2006-05-17,51,59.9,0.10,0.10,0.00,1.0,11.7
2006-05-18,51,61.9,0.10,0.10,0.00,1.0,11.7
2006-05-19,63,57.1,19.00,19.00,0.00,14.0,12.2
2006-05-20,3,58.0,0.00,0.00,0.00,0.0,14.6
2006-05-21,53,57.4,1.00,1.00,0.00,4.0,16.5
2006-05-22,2,54.1,0.00,0.00,0.00,0.0,16.3
2006-05-23,3,54.3,0.00,0.00,0.00,0.0,15.6
2006-05-24,3,59.4,0.00,0.00,0.00,0.0,9.5
2006-05-25,51,62.6,0.50,0.50,0.00,2.0,11.6
2006-05-26,55,65.7,1.60,1.60,0.00,3.0,7.0
2006-05-27,51,70.2,1.20,1.20,0.00,6.0,8.0
2006-05-28,3,69.0,0.00,0.00,0.00,0.0,11.7
2006-05-29,3,71.3,0.00,0.00,0.00,0.0,10.0
2006-05-30,2,71.8,0.00,0.00,0.00,0.0,9.3
2006-05-31,3,68.1,0.00,0.00,0.00,0.0,9.5
2006-06-01,63,74.4,10.20,10.20,0.00,5.0,12.2
2006-06-02,63,72.9,14.40,14.40,0.00,12.0,7.5
2006-06-03,63,66.7,24.90,24.90,0.00,20.0,10.7
2006-06-04,51,61.0,0.60,0.60,0.00,5.0,12.2
2006-06-05,51,63.6,0.30,0.30,0.00,3.0,5.4
2006-06-06,3,64.7,0.00,0.00,0.00,0.0,9.4
2006-06-07,63,59.6,25.90,25.90,0.00,24.0,17.7
2006-06-08,55,61.1,3.90,3.90,0.00,13.0,10.2
2006-06-09,51,65.1,0.40,0.40,0.00,2.0,10.6
2006-06-10,51,59.7,0.70,0.70,0.00,3.0,20.3
2006-06-11,3,60.4,0.00,0.00,0.00,0.0,15.0
2006-06-12,3,63.9,0.00,0.00,0.00,0.0,9.7
2006-06-13,3,69.0,0.00,0.00,0.00,0.0,8.6
2006-06-14,51,67.5,0.40,0.40,0.00,2.0,7.2
2006-06-15,51,68.8,0.20,0.20,0.00,1.0,11.7
2006-06-16,3,71.3,0.00,0.00,0.00,0.0,7.8
2006-06-17,3,74.0,0.00,0.00,0.00,0.0,11.4
2006-06-18,2,78.6,0.00,0.00,0.00,0.0,11.7
2006-06-19,53,78.8,2.60,2.60,0.00,5.0,15.4
2006-06-20,63,76.1,5.10,5.10,0.00,2.0,9.7
2006-06-21,3,73.0,0.00,0.00,0.00,0.0,9.6
2006-06-22,3,77.2,0.00,0.00,0.00,0.0,9.4
2006-06-23,63,77.3,14.60,14.60,0.00,10.0,10.2
2006-06-24,63,72.0,58.70,58.70,0.00,24.0,7.7
2006-06-25,63,70.0,36.00,36.00,0.00,22.0,10.3
2006-06-26,55,72.4,2.40,2.40,0.00,6.0,15.6
2006-06-27,51,73.8,0.70,0.70,0.00,4.0,17.2
2006-06-28,63,75.2,16.80,16.80,0.00,12.0,24.6
2006-06-29,53,75.7,0.70,0.70,0.00,1.0,10.7
2006-06-30,3,72.3,0.00,0.00,0.00,0.0,9.8
2006-07-01,3,73.4,0.00,0.00,0.00,0.0,12.0
2006-07-02,3,78.5,0.00,0.00,0.00,0.0,13.3
2006-07-03,51,77.5,2.10,2.10,0.00,8.0,12.0
2006-07-04,53,78.7,1.60,1.60,0.00,5.0,10.2
2006-07-05,53,74.4,2.80,2.80,0.00,9.0,9.6
2006-07-06,63,70.6,15.60,15.60,0.00,9.0,10.7
2006-07-07,3,70.8,0.00,0.00,0.00,0.0,9.5
2006-07-08,3,73.0,0.00,0.00,0.00,0.0,5.2
2006-07-09,3,74.2,0.00,0.00,0.00,0.0,12.5
2006-07-10,2,74.3,0.00,0.00,0.00,0.0,11.2
2006-07-11,3,78.2,0.00,0.00,0.00,0.0,12.4
2006-07-12,61,77.2,7.60,7.60,0.00,9.0,11.0
2006-07-13,61,76.5,4.90,4.90,0.00,8.0,13.2
2006-07-14,3,74.9,0.00,0.00,0.00,0.0,8.7
2006-07-15,51,74.8,0.30,0.30,0.00,2.0,7.2
2006-07-16,1,80.5,0.00,0.00,0.00,0.0,7.7
2006-07-17,1,84.1,0.00,0.00,0.00,0.0,7.2
2006-07-18,51,85.5,0.30,0.30,0.00,1.0,6.9
2006-07-19,3,78.6,0.00,0.00,0.00,0.0,11.3
2006-07-20,63,75.3,3.20,3.20,0.00,4.0,14.4
2006-07-21,55,79.0,3.70,3.70,0.00,8.0,11.2
2006-07-22,63,76.3,17.00,17.00,0.00,17.0,15.4
2006-07-23,51,73.5,0.10,0.10,0.00,1.0,8.1
2006-07-24,2,75.0,0.00,0.00,0.00,0.0,11.0
2006-07-25,3,74.9,0.00,0.00,0.00,0.0,12.8
2006-07-26,3,76.3,0.00,0.00,0.00,0.0,10.1
2006-07-27,51,79.1,0.20,0.20,0.00,1.0,13.3
2006-07-28,63,80.0,6.30,6.30,0.00,5.0,14.0
2006-07-29,3,81.1,0.00,0.00,0.00,0.0,8.6
2006-07-30,3,82.0,0.00,0.00,0.00,0.0,8.8
2006-07-31,3,81.2,0.00,0.00,0.00,0.0,10.1
2006-08-01,2,87.3,0.00,0.00,0.00,0.0,9.7
2006-08-02,63,88.7,2.50,2.50,0.00,1.0,10.1
2006-08-03,2,88.9,0.00,0.00,0.00,0.0,10.3
2006-08-04,51,83.7,0.60,0.60,0.00,2.0,10.3
2006-08-05,0,80.6,0.00,0.00,0.00,0.0,9.0
2006-08-06,51,76.5,0.80,0.80,0.00,5.0,11.7
2006-08-07,51,79.9,0.60,0.60,0.00,3.0,11.9
2006-08-08,3,79.8,0.00,0.00,0.00,0.0,10.6
2006-08-09,1,74.8,0.00,0.00,0.00,0.0,10.3
2006-08-10,2,76.8,0.00,0.00,0.00,0.0,10.8
2006-08-11,1,73.8,0.00,0.00,0.00,0.0,12.4
2006-08-12,2,71.2,0.00,0.00,0.00,0.0,9.7
2006-08-13,3,72.0,0.00,0.00,0.00,0.0,7.9
2006-08-14,3,75.0,0.00,0.00,0.00,0.0,14.4
2006-08-15,61,77.2,4.30,4.30,0.00,7.0,14.8
2006-08-16,3,76.0,0.00,0.00,0.00,0.0,6.5
2006-08-17,3,75.2,0.00,0.00,0.00,0.0,10.4
2006-08-18,3,73.3,0.00,0.00,0.00,0.0,7.5
2006-08-19,51,73.8,0.80,0.80,0.00,4.0,11.6
2006-08-20,55,79.7,4.30,4.30,0.00,7.0,14.0
2006-08-21,3,76.1,0.00,0.00,0.00,0.0,11.7
2006-08-22,3,76.1,0.00,0.00,0.00,0.0,9.4
2006-08-23,2,77.1,0.00,0.00,0.00,0.0,7.2
2006-08-24,53,74.0,0.50,0.50,0.00,1.0,7.7
2006-08-25,55,71.8,2.20,2.20,0.00,6.0,10.5
2006-08-26,63,67.8,21.00,21.00,0.00,12.0,13.0
2006-08-27,61,68.2,21.50,21.50,0.00,18.0,13.7
2006-08-28,63,73.2,22.60,22.60,0.00,10.0,10.9
2006-08-29,61,67.9,12.10,12.10,0.00,14.0,11.4
2006-08-30,53,67.1,2.70,2.70,0.00,8.0,11.1
2006-08-31,3,65.4,0.00,0.00,0.00,0.0,12.1
2006-09-01,53,64.5,2.00,2.00,0.00,4.0,19.5
2006-09-02,63,64.1,37.70,37.70,0.00,24.0,28.0
2006-09-03,61,69.7,4.30,4.30,0.00,5.0,15.5
2006-09-04,3,66.8,0.00,0.00,0.00,0.0,9.6
2006-09-05,63,64.3,15.30,15.30,0.00,8.0,6.7
2006-09-06,51,66.2,0.30,0.30,0.00,1.0,7.2
2006-09-07,2,67.6,0.00,0.00,0.00,0.0,4.7
2006-09-08,3,69.7,0.00,0.00,0.00,0.0,8.4
2006-09-09,1,71.0,0.00,0.00,0.00,0.0,8.1
2006-09-10,3,66.2,0.00,0.00,0.00,0.0,9.5
2006-09-11,3,62.2,0.00,0.00,0.00,0.0,12.7
2006-09-12,3,59.5,0.00,0.00,0.00,0.0,9.8
2006-09-13,3,61.8,0.00,0.00,0.00,0.0,10.3
2006-09-14,61,65.5,12.00,12.00,0.00,17.0,10.2
2006-09-15,61,66.6,16.60,16.60,0.00,21.0,14.1
2006-09-16,63,67.5,12.10,12.10,0.00,10.0,10.6
2006-09-17,1,68.8,0.00,0.00,0.00,0.0,6.7
2006-09-18,3,68.9,0.00,0.00,0.00,0.0,9.3
2006-09-19,55,69.9,4.80,4.80,0.00,9.0,9.4
2006-09-20,3,64.1,0.00,0.00,0.00,0.0,12.8
2006-09-21,3,59.1,0.00,0.00,0.00,0.0,12.3
2006-09-22,3,61.5,0.00,0.00,0.00,0.0,9.8
2006-09-23,53,67.7,4.20,4.20,0.00,8.0,13.1
2006-09-24,53,72.7,1.80,1.80,0.00,4.0,14.0
2006-09-25,3,64.9,0.00,0.00,0.00,0.0,11.5
2006-09-26,2,63.3,0.00,0.00,0.00,0.0,9.6
2006-09-27,51,62.5,0.30,0.30,0.00,2.0,7.1
2006-09-28,1,64.5,0.00,0.00,0.00,0.0,13.5
2006-09-29,53,60.8,5.50,5.50,0.00,12.0,15.1
2006-09-30,3,58.1,0.00,0.00,0.00,0.0,11.3
2006-10-01,61,62.0,8.70,8.70,0.00,15.0,12.1
2006-10-02,3,58.9,0.00,0.00,0.00,0.0,9.8
2006-10-03,3,64.6,0.00,0.00,0.00,0.0,9.1
2006-10-04,51,68.5,0.10,0.10,0.00,1.0,11.9
2006-10-05,61,60.9,4.70,4.70,0.00,4.0,15.5
2006-10-06,53,55.3,1.10,1.10,0.00,5.0,17.7
2006-10-07,53,55.4,4.10,4.10,0.00,7.0,16.1
2006-10-08,0,57.6,0.00,0.00,0.00,0.0,6.7
2006-10-09,0,62.4,0.00,0.00,0.00,0.0,6.5
2006-10-10,1,63.2,0.00,0.00,0.00,0.0,9.6
2006-10-11,65,61.1,28.30,28.30,0.00,7.0,14.1
2006-10-12,55,63.1,3.10,3.10,0.00,5.0,17.4
2006-10-13,3,48.7,0.00,0.00,0.00,0.0,16.7
2006-10-14,2,48.8,0.00,0.00,0.00,0.0,15.4
2006-10-15,3,48.0,0.00,0.00,0.00,0.0,12.4
2006-10-16,3,52.1,0.00,0.00,0.00,0.0,6.8
2006-10-17,61,55.4,12.80,12.80,0.00,11.0,17.2
2006-10-18,61,64.3,4.70,4.70,0.00,4.0,15.9
2006-10-19,51,60.5,0.20,0.20,0.00,1.0,9.9
2006-10-20,63,58.3,8.50,8.50,0.00,13.0,25.6
2006-10-21,2,49.1,0.00,0.00,0.00,0.0,17.5
2006-10-22,3,52.3,0.00,0.00,0.00,0.0,12.8
2006-10-23,51,49.8,0.40,0.40,0.00,2.0,16.1
2006-10-24,51,45.2,0.20,0.20,0.00,1.0,17.6
2006-10-25,3,46.0,0.00,0.00,0.00,0.0,19.5
2006-10-26,3,44.0,0.00,0.00,0.00,0.0,13.7
2006-10-27,55,42.9,2.90,2.90,0.00,4.0,10.7
2006-10-28,63,55.5,38.50,38.50,0.00,15.0,27.7
2006-10-29,2,47.0,0.00,0.00,0.00,0.0,25.1
2006-10-30,1,48.2,0.00,0.00,0.00,0.0,14.2
2006-10-31,3,54.3,0.00,0.00,0.00,0.0,11.7
2006-11-01,53,58.7,1.40,1.40,0.00,4.0,10.0
2006-11-02,61,48.4,5.20,5.20,0.00,8.0,12.5
2006-11-03,3,41.2,0.00,0.00,0.00,0.0,14.1
2006-11-04,2,38.7,0.00,0.00,0.00,0.0,8.9
2006-11-05,3,41.1,0.00,0.00,0.00,0.0,5.1
2006-11-06,3,43.3,0.00,0.00,0.00,0.0,7.0
2006-11-07,3,49.9,0.00,0.00,0.00,0.0,7.4
2006-11-08,63,56.3,29.40,29.40,0.00,24.0,16.2
2006-11-09,51,58.4,0.10,0.10,0.00,1.0,12.1
2006-11-10,2,53.9,0.00,0.00,0.00,0.0,11.4
2006-11-11,3,54.7,0.00,0.00,0.00,0.0,11.8
2006-11-12,61,57.1,10.40,10.40,0.00,11.0,14.5
2006-11-13,55,56.6,11.70,11.70,0.00,19.0,18.7
2006-11-14,55,55.2,3.40,3.40,0.00,5.0,15.2
2006-11-15,3,58.4,0.00,0.00,0.00,0.0,7.9
2006-11-16,63,62.5,14.90,14.90,0.00,10.0,26.1
2006-11-17,63,58.6,4.10,4.10,0.00,3.0,25.6
2006-11-18,3,47.3,0.00,0.00,0.00,0.0,10.5
2006-11-19,3,45.3,0.00,0.00,0.00,0.0,8.6
2006-11-20,3,41.5,0.00,0.00,0.00,0.0,8.9
2006-11-21,3,38.8,0.00,0.00,0.00,0.0,10.0
2006-11-22,55,42.4,2.90,2.90,0.00,5.0,19.1
2006-11-23,61,42.5,30.40,30.40,0.00,24.0,20.1
2006-11-24,61,46.4,4.60,4.60,0.00,5.0,16.8
2006-11-25,1,42.9,0.00,0.00,0.00,0.0,9.1
2006-11-26,3,45.1,0.00,0.00,0.00,0.0,7.3
2006-11-27,3,47.4,0.00,0.00,0.00,0.0,6.5
2006-11-28,3,48.7,0.00,0.00,0.00,0.0,11.3
2006-11-29,3,52.4,0.00,0.00,0.00,0.0,8.2
2006-11-30,3,58.5,0.00,0.00,0.00,0.0,14.0
2006-12-01,55,62.8,5.00,5.00,0.00,10.0,26.7
2006-12-02,3,44.5,0.00,0.00,0.00,0.0,20.3
2006-12-03,3,38.5,0.00,0.00,0.00,0.0,10.2
2006-12-04,51,36.6,0.40,0.40,0.00,2.0,17.6
2006-12-05,3,31.3,0.00,0.00,0.00,0.0,14.3
2006-12-06,2,36.0,0.00,0.00,0.00,0.0,16.0
2006-12-07,3,42.1,0.00,0.00,0.00,0.0,18.8
2006-12-08,71,25.8,0.00,0.00,0.21,0.0,26.6
2006-12-09,1,29.8,0.00,0.00,0.00,0.0,12.5
2006-12-10,2,37.9,0.00,0.00,0.00,0.0,12.5
2006-12-11,3,41.4,0.00,0.00,0.00,0.0,9.0
2006-12-12,3,41.8,0.00,0.00,0.00,0.0,8.4
2006-12-13,55,49.4,2.70,2.70,0.00,7.0,10.3
2006-12-14,3,46.2,0.00,0.00,0.00,0.0,9.2
2006-12-15,3,46.4,0.00,0.00,0.00,0.0,11.3
2006-12-16,1,42.9,0.00,0.00,0.00,0.0,12.9
2006-12-17,3,43.6,0.00,0.00,0.00,0.0,10.9
2006-12-18,51,50.6,0.80,0.80,0.00,3.0,10.8
2006-12-19,3,39.3,0.00,0.00,0.00,0.0,10.3
2006-12-20,3,35.6,0.00,0.00,0.00,0.0,10.5
2006-12-21,3,39.9,0.00,0.00,0.00,0.0,11.5
2006-12-22,61,40.2,5.10,5.10,0.00,8.0,10.8
2006-12-23,63,52.5,22.70,22.70,0.00,10.0,14.4
2006-12-24,1,43.9,0.00,0.00,0.00,0.0,16.8
2006-12-25,61,39.4,5.80,5.80,0.00,6.0,16.8
2006-12-26,53,47.7,1.60,1.60,0.00,4.0,17.5
2006-12-27,3,39.8,0.00,0.00,0.00,0.0,17.0
2006-12-28,3,37.6,0.00,0.00,0.00,0.0,10.4
2006-12-29,3,38.5,0.00,0.00,0.00,0.0,7.9
2006-12-30,3,39.8,0.00,0.00,0.00,0.0,12.5
2006-12-31,3,36.1,0.00,0.00,0.00,0.0,11.1
2007-01-01,63,49.9,26.90,26.90,0.00,18.0,15.7
2007-01-02,2,41.8,0.00,0.00,0.00,0.0,17.3
2007-01-03,3,38.5,0.00,0.00,0.00,0.0,12.7
2007-01-04,3,43.6,0.00,0.00,0.00,0.0,11.2
2007-01-05,53,54.0,1.10,1.10,0.00,4.0,12.9
2007-01-06,61,60.8,7.00,7.00,0.00,8.0,16.3
2007-01-07,55,46.1,1.30,1.30,0.00,2.0,12.3
2007-01-08,63,50.0,30.30,30.30,0.00,15.0,19.2
2007-01-09,3,37.7,0.00,0.00,0.00,0.0,16.4
2007-01-10,3,32.7,0.00,0.00,0.00,0.0,19.3
2007-01-11,3,30.4,0.00,0.00,0.00,0.0,12.4
2007-01-12,3,40.3,0.00,0.00,0.00,0.0,12.8
2007-01-13,53,47.9,4.30,4.30,0.00,13.0,9.7
2007-01-14,53,44.4,5.30,5.30,0.00,15.0,10.3
2007-01-15,53,46.5,3.10,3.10,0.00,11.0,13.3
2007-01-16,53,42.0,1.20,1.20,0.00,5.0,16.4
2007-01-17,0,24.6,0.00,0.00,0.00,0.0,18.2
2007-01-18,71,31.4,2.80,3.20,0.28,7.0,9.9
2007-01-19,73,35.2,0.20,1.40,0.91,6.0,19.1
2007-01-20,2,28.6,0.00,0.00,0.00,0.0,25.3
2007-01-21,3,24.8,0.00,0.00,0.00,0.0,16.5
2007-01-22,71,29.9,0.00,0.00,0.21,0.0,4.5
2007-01-23,3,30.6,0.00,0.00,0.00,0.0,10.1
2007-01-24,3,31.9,0.00,0.00,0.00,0.0,10.1
2007-01-25,73,28.7,0.00,0.50,0.35,2.0,15.8
2007-01-26,3,16.8,0.00,0.00,0.00,0.0,21.6
2007-01-27,3,30.1,0.00,0.00,0.00,0.0,7.7
2007-01-28,51,35.0,1.00,1.00,0.00,5.0,6.8
2007-01-29,73,26.1,0.00,1.50,1.12,6.0,18.4
2007-01-30,71,27.0,0.10,0.40,0.21,2.0,13.8
2007-01-31,3,28.0,0.00,0.00,0.00,0.0,16.3
2007-02-01,3,29.5,0.00,0.00,0.00,0.0,12.6
2007-02-02,71,34.5,4.10,4.60,0.42,8.0,9.0
2007-02-03,2,27.8,0.00,0.00,0.00,0.0,15.9
2007-02-04,2,22.4,0.00,0.00,0.00,0.0,18.1
2007-02-05,3,14.2,0.00,0.00,0.00,0.0,21.2
2007-02-06,3,16.4,0.00,0.00,0.00,0.0,15.8
2007-02-07,3,19.0,0.00,0.00,0.00,0.0,15.1
2007-02-08,3,20.5,0.00,0.00,0.00,0.0,21.1
2007-02-09,3,23.1,0.00,0.00,0.00,0.0,18.5
2007-02-10,3,25.5,0.00,0.00,0.00,0.0,13.0
2007-02-11,3,24.7,0.00,0.00,0.00,0.0,10.7
2007-02-12,3,29.9,0.00,0.00,0.00,0.0,10.7
2007-02-13,73,26.2,0.00,0.80,0.56,3.0,13.5
2007-02-14,73,25.7,29.30,33.70,3.15,21.0,26.8
2007-02-15,71,15.8,0.00,0.00,0.07,0.0,20.8
2007-02-16,2,17.4,0.00,0.00,0.00,0.0,19.8
2007-02-17,3,23.8,0.00,0.00,0.00,0.0,13.6
2007-02-18,3,27.2,0.00,0.00,0.00,0.0,16.8
2007-02-19,3,18.4,0.00,0.00,0.00,0.0,17.9
2007-02-20,3,37.8,0.00,0.00,0.00,0.0,11.5
2007-02-21,55,38.4,2.80,2.80,0.00,4.0,8.9
2007-02-22,55,35.7,3.40,3.40,0.00,7.0,12.5
2007-02-23,3,31.4,0.00,0.00,0.00,0.0,19.9
2007-02-24,0,26.9,0.00,0.00,0.00,0.0,17.3
2007-02-25,75,30.6,0.00,2.50,1.82,3.0,12.0
2007-02-26,75,32.2,0.20,11.10,7.98,11.0,12.5
2007-02-27,3,34.4,0.00,0.00,0.00,0.0,4.2
2007-02-28,3,32.5,0.00,0.00,0.00,0.0,9.9
2007-03-01,3,33.3,0.00,0.00,0.00,0.0,12.8
2007-03-02,65,47.4,42.00,42.00,0.00,14.0,19.8
2007-03-03,51,40.3,0.30,0.30,0.00,1.0,13.3
2007-03-04,3,34.1,0.00,0.00,0.00,0.0,17.1
2007-03-05,71,32.0,0.80,0.90,0.07,4.0,20.2
2007-03-06,3,15.6,0.00,0.00,0.00,0.0,23.3
2007-03-07,73,18.0,0.00,1.60,1.26,8.0,11.2
2007-03-08,3,23.2,0.00,0.00,0.00,0.0,18.4
2007-03-09,3,22.6,0.00,0.00,0.00,0.0,9.3
2007-03-10,3,39.6,0.00,0.00,0.00,0.0,13.7
2007-03-11,61,42.4,5.30,5.30,0.00,6.0,11.8
2007-03-12,3,39.3,0.00,0.00,0.00,0.0,8.8
2007-03-13,3,43.3,0.00,0.00,0.00,0.0,10.2
2007-03-14,51,53.6,0.40,0.40,0.00,2.0,12.2
2007-03-15,55,49.8,4.10,4.10,0.00,8.0,15.3
2007-03-16,75,31.5,30.90,45.80,10.43,24.0,22.3
2007-03-17,71,30.2,11.00,11.30,0.21,6.0,18.8
2007-03-18,3,27.9,0.00,0.00,0.00,0.0,18.6
2007-03-19,73,28.2,0.80,1.40,0.42,4.0,14.6
2007-03-20,3,40.5,0.00,0.00,0.00,0.0,16.0
2007-03-21,3,31.5,0.00,0.00,0.00,0.0,11.1
2007-03-22,55,49.9,3.00,3.00,0.00,4.0,15.6
2007-03-23,53,53.0,3.40,3.40,0.00,6.0,12.3
2007-03-24,61,44.5,4.40,4.40,0.00,7.0,10.6
2007-03-25,51,42.9,0.20,0.20,0.00,1.0,8.7
2007-03-26,3,42.6,0.00,0.00,0.00,0.0,13.9
2007-03-27,3,58.8,0.00,0.00,0.00,0.0,11.1
2007-03-28,3,52.3,0.00,0.00,0.00,0.0,10.7
2007-03-29,1,43.6,0.00,0.00,0.00,0.0,16.5
2007-03-30,3,47.1,0.00,0.00,0.00,0.0,10.3
2007-03-31,3,43.3,0.00,0.00,0.00,0.0,9.3
2007-04-01,53,42.4,3.90,3.90,0.00,7.0,9.6
2007-04-02,53,46.9,1.10,1.10,0.00,3.0,9.6
2007-04-03,3,47.0,0.00,0.00,0.00,0.0,13.8
2007-04-04,63,40.8,18.70,18.70,0.00,15.0,16.0
2007-04-05,3,40.3,0.00,0.00,0.00,0.0,19.4
2007-04-06,3,36.3,0.00,0.00,0.00,0.0,13.3
2007-04-07,3,35.1,0.00,0.00,0.00,0.0,11.9
2007-04-08,3,35.7,0.00,0.00,0.00,0.0,17.5
2007-04-09,3,38.0,0.00,0.00,0.00,0.0,11.8
2007-04-10,3,38.7,0.00,0.00,0.00,0.0,12.8
2007-04-11,3,39.8,0.00,0.00,0.00,0.0,9.4
2007-04-12,63,42.2,30.50,30.50,0.00,11.0,20.0
2007-04-13,3,43.9,0.00,0.00,0.00,0.0,21.1
2007-04-14,3,44.6,0.00,0.00,0.00,0.0,13.0
2007-04-15,65,46.1,85.40,85.40,0.00,23.0,21.5
2007-04-16,63,46.5,10.70,10.70,0.00,16.0,12.5
2007-04-17,51,43.2,2.40,2.40,0.00,12.0,18.0
2007-04-18,3,44.5,0.00,0.00,0.00,0.0,15.3
2007-04-19,51,46.0,1.30,1.30,0.00,9.0,11.9
2007-04-20,3,49.2,0.00,0.00,0.00,0.0,9.2
2007-04-21,3,55.3,0.00,0.00,0.00,0.0,6.5
2007-04-22,1,56.2,0.00,0.00,0.00,0.0,7.9
2007-04-23,2,62.3,0.00,0.00,0.00,0.0,15.9
2007-04-24,3,64.9,0.00,0.00,0.00,0.0,15.5
2007-04-25,61,53.0,7.00,7.00,0.00,7.0,9.5
2007-04-26,53,49.1,0.80,0.80,0.00,3.0,10.0
2007-04-27,63,52.0,21.90,21.90,0.00,19.0,8.4
2007-04-28,51,58.4,0.20,0.20,0.00,1.0,9.9
2007-04-29,51,56.4,1.00,1.00,0.00,5.0,13.8
2007-04-30,51,59.1,0.40,0.40,0.00,2.0,17.2
2007-05-01,55,56.2,1.80,1.80,0.00,3.0,10.1
2007-05-02,63,55.7,10.30,10.30,0.00,10.0,10.4
2007-05-03,3,55.8,0.00,0.00,0.00,0.0,9.9
2007-05-04,3,56.1,0.00,0.00,0.00,0.0,10.5
2007-05-05,3,56.0,0.00,0.00,0.00,0.0,8.4
2007-05-06,51,50.9,0.10,0.10,0.00,1.0,18.6
2007-05-07,3,50.3,0.00,0.00,0.00,0.0,8.0
2007-05-08,3,54.8,0.00,0.00,0.00,0.0,10.2
2007-05-09,3,62.2,0.00,0.00,0.00,0.0,11.4
2007-05-10,51,64.6,0.20,0.20,0.00,1.0,8.7
2007-05-11,61,65.5,8.80,8.80,0.00,7.0,6.4
2007-05-12,3,61.5,0.00,0.00,0.00,0.0,11.6
2007-05-13,61,57.3,4.10,4.10,0.00,6.0,11.7
2007-05-14,3,56.5,0.00,0.00,0.00,0.0,12.4
2007-05-15,3,66.8,0.00,0.00,0.00,0.0,16.1
2007-05-16,63,71.1,10.90,10.90,0.00,7.0,15.5
2007-05-17,51,58.8,0.20,0.20,0.00,1.0,10.2
2007-05-18,53,51.5,5.30,5.30,0.00,13.0,14.9
2007-05-19,53,53.5,4.40,4.40,0.00,10.0,10.8
2007-05-20,53,61.1,2.40,2.40,0.00,5.0,12.6
2007-05-21,3,60.0,0.00,0.00,0.00,0.0,11.2
2007-05-22,2,59.2,0.00,0.00,0.00,0.0,8.7
2007-05-23,3,60.7,0.00,0.00,0.00,0.0,13.3
2007-05-24,2,68.0,0.00,0.00,0.00,0.0,10.9
2007-05-25,0,74.1,0.00,0.00,0.00,0.0,11.0
2007-05-26,51,75.5,0.10,0.10,0.00,1.0,9.0
2007-05-27,3,72.1,0.00,0.00,0.00,0.0,10.3
2007-05-28,53,75.4,1.40,1.40,0.00,3.0,8.9
2007-05-29,1,68.9,0.00,0.00,0.00,0.0,8.7
2007-05-30,1,70.6,0.00,0.00,0.00,0.0,9.2
2007-05-31,51,74.0,0.10,0.10,0.00,1.0,11.5
2007-06-01,3,76.1,0.00,0.00,0.00,0.0,11.5
2007-06-02,61,77.2,1.60,1.60,0.00,1.0,11.9
2007-06-03,61,69.6,7.50,7.50,0.00,7.0,17.9
2007-06-04,61,64.7,14.70,14.70,0.00,15.0,17.7
2007-06-05,1,72.6,0.00,0.00,0.00,0.0,14.7
2007-06-06,51,63.9,0.60,0.60,0.00,3.0,15.3
2007-06-07,3,64.2,0.00,0.00,0.00,0.0,11.5
2007-06-08,3,69.5,0.00,0.00,0.00,0.0,10.7
2007-06-09,61,69.8,4.40,4.40,0.00,7.0,12.4
2007-06-10,3,66.1,0.00,0.00,0.00,0.0,5.8
2007-06-11,51,72.3,0.30,0.30,0.00,1.0,7.2
2007-06-12,61,72.5,3.00,3.00,0.00,3.0,10.4
2007-06-13,55,64.4,5.00,5.00,0.00,9.0,12.7
2007-06-14,51,60.8,0.10,0.10,0.00,1.0,12.5
2007-06-15,3,62.7,0.00,0.00,0.00,0.0,7.6
2007-06-16,3,68.0,0.00,0.00,0.00,0.0,9.6
2007-06-17,3,76.7,0.00,0.00,0.00,0.0,8.4
2007-06-18,3,74.2,0.00,0.00,0.00,0.0,10.7
2007-06-19,3,72.6,0.00,0.00,0.00,0.0,14.0
2007-06-20,63,72.6,14.50,14.50,0.00,11.0,10.0
2007-06-21,51,71.0,0.30,0.30,0.00,1.0,10.2
2007-06-22,2,69.2,0.00,0.00,0.00,0.0,17.4
2007-06-23,2,66.5,0.00,0.00,0.00,0.0,11.3
2007-06-24,3,69.2,0.00,0.00,0.00,0.0,8.3
2007-06-25,3,72.2,0.00,0.00,0.00,0.0,11.6
2007-06-26,3,78.9,0.00,0.00,0.00,0.0,11.7
2007-06-27,55,81.6,1.50,1.50,0.00,2.0,13.1
2007-06-28,61,80.4,1.60,1.60,0.00,2.0,11.1
2007-06-29,51,74.0,0.10,0.10,0.00,1.0,9.0
2007-06-30,3,73.2,0.00,0.00,0.00,0.0,7.5
2007-07-01,3,70.1,0.00,0.00,0.00,0.0,11.0
2007-07-02,3,67.8,0.00,0.00,0.00,0.0,11.8
2007-07-03,3,69.7,0.00,0.00,0.00,0.0,12.3
2007-07-04,63,68.4,8.90,8.90,0.00,11.0,17.3
2007-07-05,61,72.1,13.30,13.30,0.00,17.0,13.9
2007-07-06,55,75.1,3.00,3.00,0.00,5.0,9.7
2007-07-07,3,74.9,0.00,0.00,0.00,0.0,9.2
2007-07-08,3,78.9,0.00,0.00,0.00,0.0,12.0
2007-07-09,3,82.5,0.00,0.00,0.00,0.0,10.6
2007-07-10,3,81.7,0.00,0.00,0.00,0.0,12.1
2007-07-11,53,77.6,2.00,2.00,0.00,5.0,10.4
2007-07-12,3,75.0,0.00,0.00,0.00,0.0,12.8
2007-07-13,3,75.0,0.00,0.00,0.00,0.0,11.4
2007-07-14,3,74.5,0.00,0.00,0.00,0.0,12.7
2007-07-15,3,79.8,0.00,0.00,0.00,0.0,14.3
2007-07-16,51,76.0,1.00,1.00,0.00,3.0,9.7
2007-07-17,3,76.6,0.00,0.00,0.00,0.0,8.6
2007-07-18,61,74.9,7.90,7.90,0.00,12.0,8.0
2007-07-19,53,76.3,2.90,2.90,0.00,4.0,13.0
2007-07-20,51,75.7,0.30,0.30,0.00,3.0,14.5
2007-07-21,3,72.2,0.00,0.00,0.00,0.0,11.2
2007-07-22,3,73.4,0.00,0.00,0.00,0.0,10.2
2007-07-23,63,67.9,32.90,32.90,0.00,15.0,17.7
2007-07-24,3,70.3,0.00,0.00,0.00,0.0,10.4
2007-07-25,3,73.5,0.00,0.00,0.00,0.0,7.7
2007-07-26,3,74.3,0.00,0.00,0.00,0.0,7.6
2007-07-27,51,74.7,1.00,1.00,0.00,3.0,11.9
2007-07-28,51,76.8,1.80,1.80,0.00,7.0,7.4
2007-07-29,63,75.8,12.50,12.50,0.00,8.0,4.0
2007-07-30,61,76.4,4.90,4.90,0.00,8.0,5.6
2007-07-31,2,77.6,0.00,0.00,0.00,0.0,7.7
2007-08-01,1,79.9,0.00,0.00,0.00,0.0,5.4
2007-08-02,0,81.9,0.00,0.00,0.00,0.0,9.7
2007-08-03,51,82.0,0.30,0.30,0.00,2.0,11.7
2007-08-04,3,82.3,0.00,0.00,0.00,0.0,9.6
2007-08-05,3,76.2,0.00,0.00,0.00,0.0,10.2
2007-08-06,61,78.0,4.80,4.80,0.00,7.0,12.0
2007-08-07,3,81.5,0.00,0.00,0.00,0.0,9.1
2007-08-08,63,84.0,9.50,9.50,0.00,9.0,13.5
2007-08-09,53,75.9,0.70,0.70,0.00,2.0,10.8
2007-08-10,63,67.0,25.00,25.00,0.00,20.0,17.6
2007-08-11,3,68.8,0.00,0.00,0.00,0.0,10.8
2007-08-12,2,75.3,0.00,0.00,0.00,0.0,7.7
2007-08-13,3,77.0,0.00,0.00,0.00,0.0,12.7
2007-08-14,0,73.1,0.00,0.00,0.00,0.0,11.4
2007-08-15,3,76.2,0.00,0.00,0.00,0.0,10.2
2007-08-16,55,78.7,1.40,1.40,0.00,3.0,8.7
2007-08-17,63,76.7,13.50,13.50,0.00,6.0,10.4
2007-08-18,3,67.7,0.00,0.00,0.00,0.0,18.4
2007-08-19,61,67.9,8.10,8.10,0.00,7.0,6.5
2007-08-20,61,64.8,10.70,10.70,0.00,19.0,13.1
2007-08-21,63,60.6,21.10,21.10,0.00,19.0,13.1
2007-08-22,51,63.5,0.20,0.20,0.00,2.0,9.6
2007-08-23,3,68.3,0.00,0.00,0.00,0.0,5.4
2007-08-24,3,73.3,0.00,0.00,0.00,0.0,9.0
2007-08-25,3,78.2,0.00,0.00,0.00,0.0,10.3
2007-08-26,53,78.1,1.10,1.10,0.00,3.0,8.3
2007-08-27,2,73.6,0.00,0.00,0.00,0.0,7.9
2007-08-28,51,72.9,0.10,0.10,0.00,1.0,7.6
2007-08-29,2,73.1,0.00,0.00,0.00,0.0,9.7
2007-08-30,2,72.8,0.00,0.00,0.00,0.0,10.4
2007-08-31,51,73.4,0.20,0.20,0.00,2.0,10.4
2007-09-01,1,71.0,0.00,0.00,0.00,0.0,11.7
2007-09-02,0,67.5,0.00,0.00,0.00,0.0,9.3
2007-09-03,2,72.5,0.00,0.00,0.00,0.0,11.1
2007-09-04,1,75.3,0.00,0.00,0.00,0.0,9.6
2007-09-05,3,70.9,0.00,0.00,0.00,0.0,8.6
2007-09-06,3,71.9,0.00,0.00,0.00,0.0,11.6
2007-09-07,3,76.0,0.00,0.00,0.00,0.0,13.4
2007-09-08,2,77.6,0.00,0.00,0.00,0.0,14.3
2007-09-09,3,75.8,0.00,0.00,0.00,0.0,10.8
2007-09-10,53,75.1,1.90,1.90,0.00,7.0,6.0
2007-09-11,63,72.9,16.60,16.60,0.00,13.0,13.7
2007-09-12,3,68.5,0.00,0.00,0.00,0.0,14.1
2007-09-13,3,66.3,0.00,0.00,0.00,0.0,7.8
2007-09-14,3,67.3,0.00,0.00,0.00,0.0,11.0
2007-09-15,53,65.5,3.10,3.10,0.00,8.0,14.8
2007-09-16,3,58.8,0.00,0.00,0.00,0.0,10.2
2007-09-17,3,59.8,0.00,0.00,0.00,0.0,7.6
2007-09-18,0,60.2,0.00,0.00,0.00,0.0,9.1
2007-09-19,1,61.8,0.00,0.00,0.00,0.0,6.1
2007-09-20,3,67.5,0.00,0.00,0.00,0.0,8.8
2007-09-21,3,69.6,0.00,0.00,0.00,0.0,7.3
2007-09-22,53,69.3,0.50,0.50,0.00,1.0,9.1
2007-09-23,0,71.7,0.00,0.00,0.00,0.0,10.0
2007-09-24,3,68.0,0.00,0.00,0.00,0.0,9.0
2007-09-25,0,71.8,0.00,0.00,0.00,0.0,11.5
2007-09-26,1,76.5,0.00,0.00,0.00,0.0,11.5
2007-09-27,3,74.4,0.00,0.00,0.00,0.0,13.6
2007-09-28,51,71.0,0.10,0.10,0.00,1.0,12.7
2007-09-29,0,66.4,0.00,0.00,0.00,0.0,14.9
2007-09-30,3,63.6,0.00,0.00,0.00,0.0,9.1
2007-10-01,3,62.5,0.00,0.00,0.00,0.0,9.1
2007-10-02,51,65.4,0.30,0.30,0.00,3.0,10.0
2007-10-03,51,69.7,0.90,0.90,0.00,3.0,8.2
2007-10-04,3,72.4,0.00,0.00,0.00,0.0,7.9
2007-10-05,3,71.5,0.00,0.00,0.00,0.0,7.7
2007-10-06,2,72.9,0.00,0.00,0.00,0.0,8.8
2007-10-07,51,72.2,0.10,0.10,0.00,1.0,9.6
2007-10-08,3,75.1,0.00,0.00,0.00,0.0,13.5
2007-10-09,51,69.2,0.70,0.70,0.00,2.0,15.2
2007-10-10,63,67.1,6.90,6.90,0.00,11.0,9.4
2007-10-11,63,64.3,16.20,16.20,0.00,10.0,15.1
2007-10-12,53,56.5,1.40,1.40,0.00,5.0,20.6
2007-10-13,3,53.3,0.00,0.00,0.00,0.0,11.5
2007-10-14,3,54.7,0.00,0.00,0.00,0.0,14.2
2007-10-15,3,56.5,0.00,0.00,0.00,0.0,10.3
2007-10-16,3,58.6,0.00,0.00,0.00,0.0,5.4
2007-10-17,3,64.0,0.00,0.00,0.00,0.0,7.5
2007-10-18,3,66.8,0.00,0.00,0.00,0.0,9.6
2007-10-19,61,69.0,12.40,12.40,0.00,12.0,16.8
2007-10-20,53,65.4,1.20,1.20,0.00,3.0,15.8
2007-10-21,0,62.4,0.00,0.00,0.00,0.0,11.8
2007-10-22,3,63.9,0.00,0.00,0.00,0.0,12.4
2007-10-23,3,69.1,0.00,0.00,0.00,0.0,18.7
2007-10-24,55,62.8,6.70,6.70,0.00,12.0,13.0
2007-10-25,61,54.6,6.80,6.80,0.00,11.0,13.2
2007-10-26,55,56.8,5.30,5.30,0.00,14.0,14.5
2007-10-27,63,63.7,20.70,20.70,0.00,17.0,20.6
2007-10-28,1,52.6,0.00,0.00,0.00,0.0,15.8
2007-10-29,3,46.1,0.00,0.00,0.00,0.0,9.6
2007-10-30,2,50.5,0.00,0.00,0.00,0.0,8.1
2007-10-31,3,53.1,0.00,0.00,0.00,0.0,13.3
2007-11-01,3,57.0,0.00,0.00,0.00,0.0,12.2
2007-11-02,3,49.1,0.00,0.00,0.00,0.0,13.6
2007-11-03,53,47.7,2.10,2.10,0.00,7.0,19.5
2007-11-04,3,48.9,0.00,0.00,0.00,0.0,13.3
2007-11-05,3,48.1,0.00,0.00,0.00,0.0,14.7
2007-11-06,61,50.3,8.20,8.20,0.00,10.0,16.2
2007-11-07,3,43.9,0.00,0.00,0.00,0.0,14.9
2007-11-08,3,39.6,0.00,0.00,0.00,0.0,7.7
2007-11-09,55,42.4,5.20,5.20,0.00,8.0,7.0
2007-11-10,61,42.4,9.50,9.50,0.00,8.0,14.0
2007-11-11,0,38.8,0.00,0.00,0.00,0.0,10.1
2007-11-12,3,43.9,0.00,0.00,0.00,0.0,8.4
2007-11-13,53,50.4,2.90,2.90,0.00,8.0,9.5
2007-11-14,3,49.4,0.00,0.00,0.00,0.0,13.4
2007-11-15,61,50.9,9.10,9.10,0.00,13.0,16.8
2007-11-16,3,42.4,0.00,0.00,0.00,0.0,20.7
2007-11-17,3,39.8,0.00,0.00,0.00,0.0,12.7
2007-11-18,3,41.1,0.00,0.00,0.00,0.0,9.9
2007-11-19,53,40.9,3.70,3.70,0.00,13.0,14.1
2007-11-20,55,43.0,2.70,2.70,0.00,7.0,11.0
2007-11-21,3,48.0,0.00,0.00,0.00,0.0,7.2
2007-11-22,51,55.8,0.30,0.30,0.00,2.0,17.6
2007-11-23,3,36.9,0.00,0.00,0.00,0.0,17.9
2007-11-24,3,32.1,0.00,0.00,0.00,0.0,10.0
2007-11-25,3,37.9,0.00,0.00,0.00,0.0,8.3
2007-11-26,61,46.3,13.70,13.70,0.00,18.0,17.8
2007-11-27,61,52.0,3.60,3.60,0.00,5.0,20.7
2007-11-28,3,39.5,0.00,0.00,0.00,0.0,14.0
2007-11-29,3,43.9,0.00,0.00,0.00,0.0,13.1
2007-11-30,3,37.6,0.00,0.00,0.00,0.0,13.5
2007-12-01,3,33.2,0.00,0.00,0.00,0.0,15.4
2007-12-02,71,31.3,1.90,2.40,0.63,12.0,7.4
2007-12-03,63,41.1,9.00,9.00,0.00,7.0,20.2
2007-12-04,71,31.1,0.00,0.10,0.21,1.0,24.1
2007-12-05,71,28.9,0.00,0.80,0.63,6.0,12.6
2007-12-06,3,27.1,0.00,0.00,0.00,0.0,13.5
2007-12-07,71,29.7,0.00,0.20,0.14,2.0,7.8
2007-12-08,3,35.1,0.00,0.00,0.00,0.0,7.7
2007-12-09,61,34.1,6.10,6.10,0.00,7.0,6.5
2007-12-10,61,38.4,10.10,10.10,0.00,16.0,6.2
2007-12-11,51,37.1,0.70,0.70,0.00,4.0,12.9
2007-12-12,51,45.3,0.60,0.60,0.00,3.0,16.6
2007-12-13,75,33.1,10.40,19.00,6.02,13.0,11.8
2007-12-14,3,34.6,0.00,0.00,0.00,0.0,11.3
2007-12-15,71,27.9,0.00,0.00,0.07,0.0,14.3
2007-12-16,73,37.8,20.00,21.20,0.84,16.0,24.2
2007-12-17,2,28.4,0.00,0.00,0.00,0.0,24.2
2007-12-18,3,30.3,0.00,0.00,0.00,0.0,9.2
2007-12-19,51,35.0,0.40,0.40,0.00,3.0,9.0
2007-12-20,3,35.2,0.00,0.00,0.00,0.0,10.9
2007-12-21,51,35.2,0.50,0.50,0.00,4.0,13.6
2007-12-22,3,39.1,0.00,0.00,0.00,0.0,11.1
2007-12-23,63,50.2,22.10,22.10,0.00,12.0,25.3
2007-12-24,51,40.8,0.30,0.30,0.00,1.0,17.0
2007-12-25,3,36.6,0.00,0.00,0.00,0.0,9.0
2007-12-26,73,34.2,5.60,7.30,1.19,5.0,14.7
2007-12-27,51,36.3,0.40,0.40,0.00,1.0,15.2
2007-12-28,51,39.3,0.20,0.20,0.00,1.0,9.4
2007-12-29,63,46.4,14.70,14.70,0.00,11.0,16.5
2007-12-30,55,36.7,4.00,4.00,0.00,5.0,12.1
2007-12-31,61,38.3,6.60,6.60,0.00,7.0,16.9
2008-01-01,53,38.6,2.00,2.00,0.00,3.0,18.9
2008-01-02,3,29.0,0.00,0.00,0.00,0.0,18.8
2008-01-03,1,17.4,0.00,0.00,0.00,0.0,18.1
2008-01-04,3,26.0,0.00,0.00,0.00,0.0,13.0
2008-01-05,51,32.1,0.10,0.10,0.00,1.0,8.8
2008-01-06,51,38.5,1.00,1.00,0.00,3.0,7.8
2008-01-07,3,46.4,0.00,0.00,0.00,0.0,7.6
2008-01-08,3,51.1,0.00,0.00,0.00,0.0,12.3
2008-01-09,55,52.9,1.60,1.60,0.00,2.0,19.4
2008-01-10,3,40.3,0.00,0.00,0.00,0.0,10.3
2008-01-11,61,48.0,15.00,15.00,0.00,14.0,15.7
2008-01-12,3,41.3,0.00,0.00,0.00,0.0,8.1
2008-01-13,71,37.6,1.80,1.90,0.07,2.0,13.6
2008-01-14,75,36.1,6.00,12.20,4.34,13.0,14.3
2008-01-15,71,34.3,0.90,1.80,0.63,6.0,13.2
2008-01-16,3,32.4,0.00,0.00,0.00,0.0,13.5
2008-01-17,73,32.5,1.80,3.80,1.40,6.0,12.1
2008-01-18,53,40.2,4.00,4.00,0.00,8.0,13.7
2008-01-19,3,33.1,0.00,0.00,0.00,0.0,9.3
2008-01-20,71,26.6,0.00,0.00,0.49,0.0,18.6
2008-01-21,0,21.3,0.00,0.00,0.00,0.0,16.8
2008-01-22,51,30.3,0.80,0.80,0.00,4.0,17.0
2008-01-23,1,32.0,0.00,0.00,0.00,0.0,11.6
2008-01-24,71,28.5,0.00,0.00,0.21,0.0,13.5
2008-01-25,0,26.0,0.00,0.00,0.00,0.0,14.3
2008-01-26,3,27.4,0.00,0.00,0.00,0.0,9.6
2008-01-27,71,31.3,0.00,0.00,0.42,0.0,11.7
2008-01-28,0,31.5,0.00,0.00,0.00,0.0,13.7
2008-01-29,3,32.4,0.00,0.00,0.00,0.0,6.6
2008-01-30,61,38.9,3.00,3.00,0.00,3.0,21.4
2008-01-31,3,30.3,0.00,0.00,0.00,0.0,9.0
2008-02-01,63,37.8,24.60,24.60,0.00,13.0,19.1
2008-02-02,3,39.0,0.00,0.00,0.00,0.0,19.1
2008-02-03,3,37.0,0.00,0.00,0.00,0.0,5.5
2008-02-04,75,36.0,2.00,3.90,1.33,5.0,9.2
2008-02-05,55,47.1,5.50,5.50,0.00,11.0,11.0
2008-02-06,63,53.1,9.10,9.10,0.00,12.0,16.5
2008-02-07,55,43.4,3.00,3.00,0.00,5.0,12.6
2008-02-08,3,36.6,0.00,0.00,0.00,0.0,9.1
2008-02-09,51,36.8,1.20,1.20,0.00,6.0,9.1
2008-02-10,51,34.2,0.50,0.50,0.00,3.0,23.4
2008-02-11,1,18.2,0.00,0.00,0.00,0.0,23.9
2008-02-12,75,23.5,0.40,7.00,4.62,9.0,12.0
2008-02-13,73,42.5,53.30,55.10,1.26,20.0,23.0
2008-02-14,71,33.1,0.80,1.30,0.35,7.0,16.0
2008-02-15,3,36.7,0.00,0.00,0.00,0.0,13.6
2008-02-16,2,29.0,0.00,0.00,0.00,0.0,12.0
2008-02-17,61,35.0,3.50,3.50,0.00,4.0,19.0
2008-02-18,63,52.8,20.60,20.60,0.00,15.0,21.4
2008-02-19,3,35.7,0.00,0.00,0.00,0.0,21.6
2008-02-20,3,28.7,0.00,0.00,0.00,0.0,15.9
2008-02-21,3,26.6,0.00,0.00,0.00,0.0,11.3
2008-02-22,75,30.8,3.30,14.20,7.63,21.0,12.1
2008-02-23,71,31.3,0.10,0.10,0.07,1.0,8.4
2008-02-24,3,24.7,0.00,0.00,0.00,0.0,10.6
2008-02-25,3,32.0,0.00,0.00,0.00,0.0,6.8
2008-02-26,63,37.5,12.40,12.40,0.00,7.0,15.0
2008-02-27,3,36.6,0.00,0.00,0.00,0.0,15.7
2008-02-28,2,22.9,0.00,0.00,0.00,0.0,15.7
2008-02-29,73,24.1,0.00,0.60,0.42,2.0,11.8
2008-03-01,73,38.2,3.90,5.70,1.26,9.0,16.8
2008-03-02,3,32.8,0.00,0.00,0.00,0.0,14.9
2008-03-03,3,39.3,0.00,0.00,0.00,0.0,14.2
2008-03-04,55,52.0,2.70,2.70,0.00,6.0,15.5
2008-03-05,63,49.1,19.70,19.70,0.00,10.0,24.4
2008-03-06,3,37.8,0.00,0.00,0.00,0.0,9.2
2008-03-07,63,39.5,12.30,12.30,0.00,6.0,14.5
2008-03-08,63,47.7,32.70,32.70,0.00,15.0,27.2
2008-03-09,0,34.9,0.00,0.00,0.00,0.0,24.1
2008-03-10,3,34.9,0.00,0.00,0.00,0.0,13.7
2008-03-11,51,38.1,0.30,0.30,0.00,3.0,9.7
2008-03-12,3,41.3,0.00,0.00,0.00,0.0,18.2
2008-03-13,3,36.1,0.00,0.00,0.00,0.0,12.5
2008-03-14,51,43.1,0.40,0.40,0.00,2.0,10.3
2008-03-15,53,44.7,2.90,2.90,0.00,8.0,14.1
2008-03-16,51,41.2,1.00,1.00,0.00,6.0,15.8
2008-03-17,3,37.3,0.00,0.00,0.00,0.0,15.7
2008-03-18,51,36.3,0.10,0.10,0.00,1.0,11.3
2008-03-19,61,46.9,22.40,22.40,0.00,24.0,13.3
2008-03-20,61,47.7,6.60,6.60,0.00,6.0,22.8
2008-03-21,3,37.7,0.00,0.00,0.00,0.0,20.9
2008-03-22,71,38.6,0.00,0.10,0.14,1.0,12.7
2008-03-23,0,36.4,0.00,0.00,0.00,0.0,11.0
2008-03-24,3,36.8,0.00,0.00,0.00,0.0,8.3
2008-03-25,51,36.5,0.10,0.10,0.00,1.0,14.4
2008-03-26,51,48.0,0.10,0.10,0.00,1.0,17.5
2008-03-27,53,42.2,1.10,1.10,0.00,3.0,6.7
2008-03-28,53,44.4,1.80,1.80,0.00,7.0,9.3
2008-03-29,2,38.1,0.00,0.00,0.00,0.0,14.2
2008-03-30,3,34.7,0.00,0.00,0.00,0.0,9.3
2008-03-31,51,43.4,2.30,2.30,0.00,10.0,15.0
2008-04-01,55,57.8,2.90,2.90,0.00,10.0,18.8
2008-04-02,53,44.2,0.50,0.50,0.00,1.0,18.0
2008-04-03,3,39.5,0.00,0.00,0.00,0.0,12.3
2008-04-04,61,48.3,14.90,14.90,0.00,15.0,11.5
2008-04-05,53,52.8,1.20,1.20,0.00,4.0,11.3
2008-04-06,3,45.6,0.00,0.00,0.00,0.0,15.4
2008-04-07,3,43.0,0.00,0.00,0.00,0.0,14.8
2008-04-08,3,44.6,0.00,0.00,0.00,0.0,11.2
2008-04-09,3,45.8,0.00,0.00,0.00,0.0,8.5
2008-04-10,3,56.7,0.00,0.00,0.00,0.0,7.0
2008-04-11,53,51.2,1.80,1.80,0.00,4.0,11.5
2008-04-12,61,62.0,4.10,4.10,0.00,8.0,13.1
2008-04-13,51,51.6,0.40,0.40,0.00,3.0,13.0
2008-04-14,3,45.5,0.00,0.00,0.00,0.0,12.1
2008-04-15,2,46.2,0.00,0.00,0.00,0.0,10.4
2008-04-16,2,49.6,0.00,0.00,0.00,0.0,9.1
2008-04-17,0,53.9,0.00,0.00,0.00,0.0,7.6
2008-04-18,2,59.0,0.00,0.00,0.00,0.0,9.0
2008-04-19,3,57.1,0.00,0.00,0.00,0.0,11.3
2008-04-20,3,54.7,0.00,0.00,0.00,0.0,14.1
2008-04-21,3,53.5,0.00,0.00,0.00,0.0,13.0
2008-04-22,1,55.1,0.00,0.00,0.00,0.0,8.5
2008-04-23,3,60.7,0.00,0.00,0.00,0.0,10.2
2008-04-24,3,64.5,0.00,0.00,0.00,0.0,9.6
2008-04-25,3,58.4,0.00,0.00,0.00,0.0,9.0
2008-04-26,3,53.8,0.00,0.00,0.00,0.0,14.8
2008-04-27,51,49.9,1.00,1.00,0.00,7.0,9.1
2008-04-28,63,53.7,32.50,32.50,0.00,20.0,16.0
2008-04-29,53,53.2,2.20,2.20,0.00,6.0,16.2
2008-04-30,3,47.5,0.00,0.00,0.00,0.0,13.2
2008-05-01,3,49.8,0.00,0.00,0.00,0.0,10.4
2008-05-02,61,53.8,3.30,3.30,0.00,5.0,10.3
2008-05-03,53,52.5,1.70,1.70,0.00,2.0,12.9
2008-05-04,53,58.6,2.50,2.50,0.00,6.0,10.9
2008-05-05,3,57.4,0.00,0.00,0.00,0.0,8.0
2008-05-06,3,61.1,0.00,0.00,0.00,0.0,6.1
2008-05-07,3,60.7,0.00,0.00,0.00,0.0,12.2
2008-05-08,61,64.7,7.60,7.60,0.00,12.0,13.4
2008-05-09,65,52.7,28.60,28.60,0.00,17.0,19.3
2008-05-10,3,55.5,0.00,0.00,0.00,0.0,12.3
2008-05-11,3,52.6,0.00,0.00,0.00,0.0,17.5
2008-05-12,61,48.2,9.40,9.40,0.00,13.0,22.5
2008-05-13,3,56.4,0.00,0.00,0.00,0.0,14.7
2008-05-14,3,56.0,0.00,0.00,0.00,0.0,10.5
2008-05-15,51,59.3,0.90,0.90,0.00,3.0,8.1
2008-05-16,63,55.2,16.70,16.70,0.00,20.0,16.0
2008-05-17,53,59.3,2.70,2.70,0.00,6.0,17.4
2008-05-18,55,58.3,3.20,3.20,0.00,7.0,11.0
2008-05-19,51,53.7,0.20,0.20,0.00,2.0,18.8
2008-05-20,61,50.1,8.20,8.20,0.00,9.0,9.0
2008-05-21,51,55.3,0.20,0.20,0.00,2.0,11.3
2008-05-22,53,53.8,1.60,1.60,0.00,5.0,15.3
2008-05-23,3,57.7,0.00,0.00,0.00,0.0,14.2
2008-05-24,3,59.5,0.00,0.00,0.00,0.0,10.2
2008-05-25,3,62.2,0.00,0.00,0.00,0.0,10.5
2008-05-26,3,65.4,0.00,0.00,0.00,0.0,15.2
2008-05-27,63,70.2,10.20,10.20,0.00,10.0,14.2
2008-05-28,3,59.4,0.00,0.00,0.00,0.0,15.0
2008-05-29,0,61.4,0.00,0.00,0.00,0.0,11.4
2008-05-30,3,65.6,0.00,0.00,0.00,0.0,12.2
2008-05-31,55,69.0,2.40,2.40,0.00,4.0,13.9
2008-06-01,2,72.2,0.00,0.00,0.00,0.0,13.4
2008-06-02,3,68.3,0.00,0.00,0.00,0.0,9.3
2008-06-03,3,69.8,0.00,0.00,0.00,0.0,14.6
2008-06-04,63,65.3,39.50,39.50,0.00,14.0,13.6
2008-06-05,63,67.1,18.60,18.60,0.00,5.0,8.6
2008-06-06,51,64.1,0.10,0.10,0.00,1.0,9.9
2008-06-07,3,76.3,0.00,0.00,0.00,0.0,9.5
2008-06-08,3,81.9,0.00,0.00,0.00,0.0,10.1
2008-06-09,2,83.3,0.00,0.00,0.00,0.0,8.7
2008-06-10,51,82.9,0.20,0.20,0.00,1.0,11.4
2008-06-11,61,77.2,2.10,2.10,0.00,2.0,8.9
2008-06-12,3,74.9,0.00,0.00,0.00,0.0,8.2
2008-06-13,2,72.7,0.00,0.00,0.00,0.0,9.9
2008-06-14,55,76.4,1.80,1.80,0.00,2.0,9.3
2008-06-15,51,74.4,2.00,2.00,0.00,9.0,10.6
2008-06-16,63,72.3,3.50,3.50,0.00,4.0,13.0
2008-06-17,3,70.0,0.00,0.00,0.00,0.0,9.8
2008-06-18,55,66.4,1.90,1.90,0.00,3.0,8.8
2008-06-19,3,66.1,0.00,0.00,0.00,0.0,9.3
2008-06-20,2,69.9,0.00,0.00,0.00,0.0,10.0
2008-06-21,1,72.6,0.00,0.00,0.00,0.0,10.1
2008-06-22,63,73.3,3.50,3.50,0.00,5.0,13.1
2008-06-23,61,72.8,5.90,5.90,0.00,10.0,7.6
2008-06-24,63,72.2,4.00,4.00,0.00,4.0,12.0
2008-06-25,3,72.3,0.00,0.00,0.00,0.0,8.6
2008-06-26,63,73.3,5.90,5.90,0.00,5.0,10.7
2008-06-27,51,77.1,0.60,0.60,0.00,3.0,8.1
2008-06-28,3,78.5,0.00,0.00,0.00,0.0,11.7
2008-06-29,51,78.4,0.30,0.30,0.00,2.0,12.0
2008-06-30,3,77.7,0.00,0.00,0.00,0.0,9.0
2008-07-01,53,76.9,0.60,0.60,0.00,1.0,8.5
2008-07-02,2,76.3,0.00,0.00,0.00,0.0,10.0
2008-07-03,3,79.4,0.00,0.00,0.00,0.0,13.6
2008-07-04,55,74.9,3.60,3.60,0.00,6.0,5.7
2008-07-05,61,72.4,10.80,10.80,0.00,13.0,6.7
2008-07-06,51,72.8,0.10,0.10,0.00,1.0,7.5
2008-07-07,51,75.0,0.30,0.30,0.00,1.0,8.1
2008-07-08,2,79.3,0.00,0.00,0.00,0.0,12.7
2008-07-09,53,78.5,2.20,2.20,0.00,5.0,12.8
2008-07-10,3,77.4,0.00,0.00,0.00,0.0,10.7
2008-07-11,3,75.3,0.00,0.00,0.00,0.0,7.5
2008-07-12,3,76.3,0.00,0.00,0.00,0.0,12.1
2008-07-13,3,75.7,0.00,0.00,0.00,0.0,13.2
2008-07-14,53,73.8,3.00,3.00,0.00,9.0,7.9
2008-07-15,2,77.3,0.00,0.00,0.00,0.0,6.1
2008-07-16,1,79.0,0.00,0.00,0.00,0.0,7.8
2008-07-17,3,80.5,0.00,0.00,0.00,0.0,6.9
2008-07-18,3,84.1,0.00,0.00,0.00,0.0,9.1
2008-07-19,55,85.4,1.20,1.20,0.00,1.0,11.1
2008-07-20,51,83.9,0.40,0.40,0.00,1.0,15.6
2008-07-21,3,83.0,0.00,0.00,0.00,0.0,11.4
2008-07-22,61,79.2,3.40,3.40,0.00,4.0,10.0
2008-07-23,63,75.7,15.10,15.10,0.00,13.0,11.5
2008-07-24,63,73.1,25.70,25.70,0.00,15.0,11.6
2008-07-25,2,74.3,0.00,0.00,0.00,0.0,7.6
2008-07-26,2,75.5,0.00,0.00,0.00,0.0,13.2
2008-07-27,55,74.6,3.80,3.80,0.00,11.0,11.2
2008-07-28,3,74.9,0.00,0.00,0.00,0.0,7.3
2008-07-29,3,78.1,0.00,0.00,0.00,0.0,8.0
2008-07-30,53,77.2,0.70,0.70,0.00,1.0,7.8
2008-07-31,61,80.1,2.00,2.00,0.00,3.0,9.7
2008-08-01,2,78.8,0.00,0.00,0.00,0.0,4.9
2008-08-02,61,76.4,4.30,4.30,0.00,7.0,8.3
2008-08-03,2,74.3,0.00,0.00,0.00,0.0,11.4
2008-08-04,51,75.2,0.10,0.10,0.00,1.0,9.7
2008-08-05,3,74.8,0.00,0.00,0.00,0.0,9.8
2008-08-06,63,78.3,6.20,6.20,0.00,7.0,10.4
2008-08-07,51,76.1,0.20,0.20,0.00,1.0,9.0
2008-08-08,63,72.1,5.00,5.00,0.00,3.0,10.6
2008-08-09,3,71.7,0.00,0.00,0.00,0.0,10.2
2008-08-10,63,72.0,17.70,17.70,0.00,5.0,12.0
2008-08-11,63,66.8,10.40,10.40,0.00,13.0,9.6
2008-08-12,51,69.3,1.00,1.00,0.00,4.0,10.6
2008-08-13,3,70.6,0.00,0.00,0.00,0.0,9.6
2008-08-14,63,73.0,6.40,6.40,0.00,7.0,8.0
2008-08-15,61,71.1,8.30,8.30,0.00,11.0,6.8
2008-08-16,51,71.5,1.00,1.00,0.00,5.0,8.5
2008-08-17,3,72.6,0.00,0.00,0.00,0.0,7.3
2008-08-18,3,75.8,0.00,0.00,0.00,0.0,11.0
2008-08-19,55,74.8,1.30,1.30,0.00,2.0,10.7
2008-08-20,0,67.2,0.00,0.00,0.00,0.0,10.7
2008-08-21,0,69.5,0.00,0.00,0.00,0.0,7.1
2008-08-22,0,70.7,0.00,0.00,0.00,0.0,8.9
2008-08-23,3,71.1,0.00,0.00,0.00,0.0,7.9
2008-08-24,51,72.5,0.10,0.10,0.00,1.0,11.0
2008-08-25,61,75.6,1.30,1.30,0.00,1.0,11.9
2008-08-26,3,70.6,0.00,0.00,0.00,0.0,11.5
2008-08-27,3,68.1,0.00,0.00,0.00,0.0,9.6
2008-08-28,3,71.1,0.00,0.00,0.00,0.0,8.1
2008-08-29,61,69.9,4.10,4.10,0.00,6.0,8.5
2008-08-30,55,73.5,5.80,5.80,0.00,11.0,5.7
2008-08-31,0,74.9,0.00,0.00,0.00,0.0,9.5
2008-09-01,0,73.2,0.00,0.00,0.00,0.0,7.8
2008-09-02,3,74.5,0.00,0.00,0.00,0.0,8.3
2008-09-03,53,74.0,0.80,0.80,0.00,2.0,9.7
2008-09-04,3,77.6,0.00,0.00,0.00,0.0,10.8
2008-09-05,55,76.9,1.00,1.00,0.00,1.0,13.7
2008-09-06,65,75.3,50.10,50.10,0.00,19.0,18.3
2008-09-07,53,72.6,0.70,0.70,0.00,2.0,23.8
2008-09-08,3,71.2,0.00,0.00,0.00,0.0,9.3
2008-09-09,51,71.1,1.90,1.90,0.00,8.0,12.2
2008-09-10,3,66.9,0.00,0.00,0.00,0.0,9.7
2008-09-11,3,65.5,0.00,0.00,0.00,0.0,8.1
2008-09-12,63,66.2,19.40,19.40,0.00,9.0,12.1
2008-09-13,51,71.2,0.60,0.60,0.00,4.0,7.6
2008-09-14,53,76.3,1.10,1.10,0.00,3.0,15.1
2008-09-15,3,76.3,0.00,0.00,0.00,0.0,16.8
2008-09-16,3,65.9,0.00,0.00,0.00,0.0,10.3
2008-09-17,3,65.3,0.00,0.00,0.00,0.0,7.8
2008-09-18,3,64.9,0.00,0.00,0.00,0.0,12.2
2008-09-19,3,59.3,0.00,0.00,0.00,0.0,12.0
2008-09-20,3,60.4,0.00,0.00,0.00,0.0,7.4
2008-09-21,3,65.0,0.00,0.00,0.00,0.0,7.0
2008-09-22,3,65.2,0.00,0.00,0.00,0.0,11.5
2008-09-23,0,62.0,0.00,0.00,0.00,0.0,10.6
2008-09-24,3,60.8,0.00,0.00,0.00,0.0,9.8
2008-09-25,53,61.0,0.60,0.60,0.00,1.0,18.6
2008-09-26,65,62.5,47.40,47.40,0.00,15.0,19.8
2008-09-27,63,65.7,27.00,27.00,0.00,12.0,9.4
2008-09-28,61,68.2,10.40,10.40,0.00,12.0,4.0
2008-09-29,51,67.3,1.20,1.20,0.00,5.0,11.3
2008-09-30,3,63.6,0.00,0.00,0.00,0.0,6.9
2008-10-01,51,64.2,0.80,0.80,0.00,5.0,7.9
2008-10-02,3,57.8,0.00,0.00,0.00,0.0,16.0
2008-10-03,3,56.8,0.00,0.00,0.00,0.0,17.9
2008-10-04,3,54.9,0.00,0.00,0.00,0.0,6.8
2008-10-05,53,58.5,4.20,4.20,0.00,10.0,6.7
2008-10-06,3,55.2,0.00,0.00,0.00,0.0,9.9
2008-10-07,0,53.1,0.00,0.00,0.00,0.0,9.1
2008-10-08,51,55.2,0.20,0.20,0.00,1.0,10.5
2008-10-09,61,64.0,4.90,4.90,0.00,6.0,12.0
2008-10-10,3,61.8,0.00,0.00,0.00,0.0,9.3
2008-10-11,1,58.6,0.00,0.00,0.00,0.0,8.6
2008-10-12,3,58.8,0.00,0.00,0.00,0.0,7.0
2008-10-13,3,63.3,0.00,0.00,0.00,0.0,8.8
2008-10-14,3,62.5,0.00,0.00,0.00,0.0,10.6
2008-10-15,3,63.0,0.00,0.00,0.00,0.0,8.1
2008-10-16,51,65.7,0.40,0.40,0.00,2.0,13.0
2008-10-17,1,55.3,0.00,0.00,0.00,0.0,12.1
2008-10-18,3,50.8,0.00,0.00,0.00,0.0,13.7
2008-10-19,3,48.2,0.00,0.00,0.00,0.0,16.0
2008-10-20,2,48.9,0.00,0.00,0.00,0.0,9.6
2008-10-21,3,50.4,0.00,0.00,0.00,0.0,17.8
2008-10-22,3,46.7,0.00,0.00,0.00,0.0,18.7
2008-10-23,1,45.4,0.00,0.00,0.00,0.0,11.0
2008-10-24,3,48.1,0.00,0.00,0.00,0.0,8.1
2008-10-25,63,60.0,20.10,20.10,0.00,14.0,27.1
2008-10-26,63,55.0,6.60,6.60,0.00,3.0,11.4
2008-10-27,3,53.3,0.00,0.00,0.00,0.0,11.0
2008-10-28,63,44.0,59.40,59.40,0.00,20.0,22.5
2008-10-29,51,42.2,0.40,0.40,0.00,4.0,19.5
2008-10-30,2,40.6,0.00,0.00,0.00,0.0,13.9
2008-10-31,0,46.1,0.00,0.00,0.00,0.0,12.0
2008-11-01,3,53.0,0.00,0.00,0.00,0.0,11.5
2008-11-02,3,44.5,0.00,0.00,0.00,0.0,11.9
2008-11-03,3,50.7,0.00,0.00,0.00,0.0,8.6
2008-11-04,3,53.7,0.00,0.00,0.00,0.0,4.6
2008-11-05,55,56.1,3.60,3.60,0.00,8.0,19.8
2008-11-06,51,58.3,1.20,1.20,0.00,7.0,21.5
2008-11-07,3,59.0,0.00,0.00,0.00,0.0,9.5
2008-11-08,61,58.2,6.30,6.30,0.00,10.0,12.3
2008-11-09,51,51.3,0.20,0.20,0.00,1.0,12.8
2008-11-10,3,45.4,0.00,0.00,0.00,0.0,13.7
2008-11-11,3,41.7,0.00,0.00,0.00,0.0,10.1
2008-11-12,3,42.5,0.00,0.00,0.00,0.0,5.5
2008-11-13,61,50.7,6.80,6.80,0.00,11.0,12.3
2008-11-14,51,57.7,0.50,0.50,0.00,2.0,11.0
2008-11-15,63,61.0,22.20,22.20,0.00,13.0,22.0
2008-11-16,53,49.3,2.20,2.20,0.00,5.0,20.4
2008-11-17,3,40.4,0.00,0.00,0.00,0.0,15.3
2008-11-18,3,35.6,0.00,0.00,0.00,0.0,16.8
2008-11-19,3,30.5,0.00,0.00,0.00,0.0,16.2
2008-11-20,3,32.3,0.00,0.00,0.00,0.0,10.9
2008-11-21,3,30.9,0.00,0.00,0.00,0.0,14.9
2008-11-22,71,27.5,0.00,0.10,0.21,1.0,21.3
2008-11-23,2,29.2,0.00,0.00,0.00,0.0,12.5
2008-11-24,3,38.2,0.00,0.00,0.00,0.0,12.1
2008-11-25,61,42.1,15.20,15.20,0.00,15.0,13.4
2008-11-26,3,37.3,0.00,0.00,0.00,0.0,12.9
2008-11-27,3,35.6,0.00,0.00,0.00,0.0,10.7
2008-11-28,3,38.3,0.00,0.00,0.00,0.0,14.9
2008-11-29,3,35.7,0.00,0.00,0.00,0.0,10.5
2008-11-30,61,39.0,11.10,11.10,0.00,15.0,19.1
2008-12-01,61,49.1,6.20,6.20,0.00,6.0,17.1
2008-12-02,3,39.8,0.00,0.00,0.00,0.0,13.2
2008-12-03,0,34.0,0.00,0.00,0.00,0.0,9.4
2008-12-04,51,40.7,1.00,1.00,0.00,5.0,12.4
2008-12-05,3,35.2,0.00,0.00,0.00,0.0,9.6
2008-12-06,71,31.0,0.00,0.30,0.21,2.0,6.8
2008-12-07,73,31.2,0.40,1.30,0.63,4.0,21.9
2008-12-08,2,23.8,0.00,0.00,0.00,0.0,19.2
2008-12-09,51,39.2,0.10,0.10,0.00,1.0,18.1
2008-12-10,61,53.7,17.00,17.00,0.00,19.0,20.0
2008-12-11,63,38.6,31.80,31.80,0.00,22.0,17.0
2008-12-12,65,40.7,34.90,34.90,0.00,9.0,17.8
2008-12-13,1,29.9,0.00,0.00,0.00,0.0,13.9
2008-12-14,3,34.3,0.00,0.00,0.00,0.0,13.0
2008-12-15,51,52.3,0.10,0.10,0.00,1.0,17.4
2008-12-16,73,40.7,5.50,7.60,1.47,20.0,14.8
2008-12-17,73,39.0,7.20,8.40,0.84,11.0,10.8
2008-12-18,3,34.9,0.00,0.00,0.00,0.0,6.5
2008-12-19,75,33.0,4.50,17.30,9.03,10.0,17.1
2008-12-20,71,25.1,0.40,1.90,1.68,13.0,14.1
2008-12-21,71,33.8,8.90,9.60,0.70,12.0,19.2
2008-12-22,2,17.6,0.00,0.00,0.00,0.0,22.8
2008-12-23,3,20.5,0.00,0.00,0.00,0.0,13.5
2008-12-24,71,40.5,10.70,10.80,0.07,18.0,22.9
2008-12-25,55,41.0,3.00,3.00,0.00,5.0,24.2
2008-12-26,71,32.9,0.50,0.60,0.07,4.0,7.3
2008-12-27,51,43.6,0.80,0.80,0.00,3.0,8.9
2008-12-28,51,55.0,0.10,0.10,0.00,1.0,18.6
2008-12-29,3,38.6,0.00,0.00,0.00,0.0,11.6
2008-12-30,2,37.2,0.00,0.00,0.00,0.0,19.6
2008-12-31,73,29.6,1.00,2.60,1.19,8.0,23.6
2009-01-01,3,20.3,0.00,0.00,0.00,0.0,22.6
2009-01-02,73,28.2,0.00,1.20,0.91,4.0,13.2
2009-01-03,1,31.1,0.00,0.00,0.00,0.0,17.0
2009-01-04,3,31.0,0.00,0.00,0.00,0.0,13.8
2009-01-05,3,38.3,0.00,0.00,0.00,0.0,8.6
2009-01-06,73,31.3,0.70,2.30,1.19,7.0,9.5
2009-01-07,63,37.5,34.40,34.40,0.00,20.0,16.1
2009-01-08,3,34.4,0.00,0.00,0.00,0.0,21.5
2009-01-09,3,29.0,0.00,0.00,0.00,0.0,16.7
2009-01-10,73,26.7,0.10,6.10,4.27,12.0,12.4
2009-01-11,71,28.8,3.70,4.10,0.28,9.0,12.9
2009-01-12,3,21.8,0.00,0.00,0.00,0.0,10.9
2009-01-13,3,30.4,0.00,0.00,0.00,0.0,12.8
2009-01-14,3,22.4,0.00,0.00,0.00,0.0,18.4
2009-01-15,73,17.9,0.00,1.00,0.84,5.0,12.5
2009-01-16,3,9.8,0.00,0.00,0.00,0.0,11.9
2009-01-17,3,10.3,0.00,0.00,0.00,0.0,9.6
2009-01-18,73,27.8,0.20,4.10,2.73,17.0,7.9
2009-01-19,73,27.8,0.00,1.40,1.12,7.0,6.1
2009-01-20,3,18.8,0.00,0.00,0.00,0.0,11.6
2009-01-21,3,15.3,0.00,0.00,0.00,0.0,12.5
2009-01-22,3,22.1,0.00,0.00,0.00,0.0,13.3
2009-01-23,3,32.0,0.00,0.00,0.00,0.0,11.2
2009-01-24,3,30.2,0.00,0.00,0.00,0.0,16.5
2009-01-25,3,19.9,0.00,0.00,0.00,0.0,11.8
2009-01-26,3,22.1,0.00,0.00,0.00,0.0,7.4
2009-01-27,3,26.2,0.00,0.00,0.00,0.0,6.4
2009-01-28,75,34.9,15.40,25.00,6.79,20.0,20.1
2009-01-29,0,27.4,0.00,0.00,0.00,0.0,15.5
2009-01-30,71,28.5,0.00,0.00,0.07,0.0,12.1
2009-01-31,2,21.7,0.00,0.00,0.00,0.0,18.2
2009-02-01,3,34.0,0.00,0.00,0.00,0.0,12.7
2009-02-02,3,37.9,0.00,0.00,0.00,0.0,12.1
2009-02-03,73,31.9,0.00,5.00,3.85,16.0,14.7
2009-02-04,71,20.7,0.00,0.10,0.21,1.0,13.2
2009-02-05,1,13.3,0.00,0.00,0.00,0.0,15.5
2009-02-06,3,18.6,0.00,0.00,0.00,0.0,7.9
2009-02-07,3,33.8,0.00,0.00,0.00,0.0,12.4
2009-02-08,3,43.5,0.00,0.00,0.00,0.0,15.9
2009-02-09,3,34.5,0.00,0.00,0.00,0.0,9.0
2009-02-10,3,38.1,0.00,0.00,0.00,0.0,7.5
2009-02-11,3,47.3,0.00,0.00,0.00,0.0,11.4
2009-02-12,61,47.5,2.20,2.20,0.00,2.0,26.7
2009-02-13,2,37.3,0.00,0.00,0.00,0.0,19.2
2009-02-14,3,33.4,0.00,0.00,0.00,0.0,10.0
2009-02-15,3,33.1,0.00,0.00,0.00,0.0,12.4
2009-02-16,3,31.0,0.00,0.00,0.00,0.0,10.5
2009-02-17,2,30.9,0.00,0.00,0.00,0.0,11.7
2009-02-18,71,33.7,10.10,10.50,0.28,9.0,17.5
2009-02-19,51,40.6,0.70,0.70,0.00,3.0,19.3
2009-02-20,3,27.9,0.00,0.00,0.00,0.0,23.0
2009-02-21,2,31.4,0.00,0.00,0.00,0.0,14.3
2009-02-22,53,36.8,4.00,4.00,0.00,10.0,15.8
2009-02-23,3,28.8,0.00,0.00,0.00,0.0,20.8
2009-02-24,2,26.6,0.00,0.00,0.00,0.0,16.2
2009-02-25,3,30.1,0.00,0.00,0.00,0.0,7.8
2009-02-26,3,37.4,0.00,0.00,0.00,0.0,7.4
2009-02-27,61,47.3,4.70,4.70,0.00,5.0,20.3
2009-02-28,53,39.4,1.30,1.30,0.00,2.0,15.0
2009-03-01,73,32.8,0.00,2.80,2.24,10.0,13.8
2009-03-02,75,23.3,0.00,19.60,13.86,15.0,19.6
2009-03-03,3,14.4,0.00,0.00,0.00,0.0,14.0
2009-03-04,1,15.1,0.00,0.00,0.00,0.0,8.6
2009-03-05,3,26.9,0.00,0.00,0.00,0.0,11.2
2009-03-06,51,39.1,0.40,0.40,0.00,2.0,11.3
2009-03-07,3,49.9,0.00,0.00,0.00,0.0,11.9
2009-03-08,53,53.9,3.00,3.00,0.00,6.0,14.3
2009-03-09,61,43.3,9.40,9.40,0.00,13.0,11.9
2009-03-10,3,38.9,0.00,0.00,0.00,0.0,8.8
2009-03-11,51,48.4,1.50,1.50,0.00,7.0,13.9
2009-03-12,3,36.7,0.00,0.00,0.00,0.0,14.9
2009-03-13,3,32.0,0.00,0.00,0.00,0.0,8.8
2009-03-14,3,37.7,0.00,0.00,0.00,0.0,8.7
2009-03-15,3,41.6,0.00,0.00,0.00,0.0,7.1
2009-03-16,3,40.4,0.00,0.00,0.00,0.0,10.5
2009-03-17,3,40.0,0.00,0.00,0.00,0.0,8.9
2009-03-18,3,45.0,0.00,0.00,0.00,0.0,13.8
2009-03-19,53,43.1,2.40,2.40,0.00,5.0,10.7
2009-03-20,51,38.7,0.30,0.30,0.00,2.0,10.2
2009-03-21,3,35.6,0.00,0.00,0.00,0.0,9.2
2009-03-22,3,40.9,0.00,0.00,0.00,0.0,12.9
2009-03-23,3,34.4,0.00,0.00,0.00,0.0,18.2
2009-03-24,0,35.4,0.00,0.00,0.00,0.0,16.6
2009-03-25,3,38.1,0.00,0.00,0.00,0.0,9.0
2009-03-26,55,40.8,4.60,4.60,0.00,9.0,8.9
2009-03-27,53,48.7,0.60,0.60,0.00,1.0,8.1
2009-03-28,51,48.2,1.40,1.40,0.00,5.0,11.0
2009-03-29,63,49.0,20.40,20.40,0.00,16.0,11.3
2009-03-30,3,47.3,0.00,0.00,0.00,0.0,21.4
2009-03-31,3,44.2,0.00,0.00,0.00,0.0,12.0
2009-04-01,53,44.3,1.60,1.60,0.00,5.0,14.1
2009-04-02,51,50.4,0.90,0.90,0.00,5.0,7.4
2009-04-03,63,52.9,11.90,11.90,0.00,12.0,18.2
2009-04-04,3,49.8,0.00,0.00,0.00,0.0,22.5
2009-04-05,2,50.2,0.00,0.00,0.00,0.0,17.1
2009-04-06,61,49.1,8.80,8.80,0.00,9.0,12.3
2009-04-07,51,43.8,0.50,0.50,0.00,2.0,15.2
2009-04-08,51,41.0,0.30,0.30,0.00,2.0,15.5
2009-04-09,3,45.8,0.00,0.00,0.00,0.0,10.1
2009-04-10,51,47.9,1.30,1.30,0.00,5.0,10.0
2009-04-11,61,45.5,13.70,13.70,0.00,13.0,17.4
2009-04-12,3,40.7,0.00,0.00,0.00,0.0,19.0
2009-04-13,3,42.7,0.00,0.00,0.00,0.0,11.2
2009-04-14,55,43.5,5.70,5.70,0.00,13.0,12.2
2009-04-15,51,46.5,0.60,0.60,0.00,3.0,16.1
2009-04-16,3,46.1,0.00,0.00,0.00,0.0,10.9
2009-04-17,2,50.6,0.00,0.00,0.00,0.0,8.9
2009-04-18,2,59.3,0.00,0.00,0.00,0.0,10.0
2009-04-19,3,52.0,0.00,0.00,0.00,0.0,10.5
2009-04-20,63,46.2,13.50,13.50,0.00,10.0,20.9
2009-04-21,61,53.0,3.60,3.60,0.00,6.0,11.9
2009-04-22,53,49.1,3.60,3.60,0.00,8.0,11.8
2009-04-23,51,48.5,0.50,0.50,0.00,3.0,16.4
2009-04-24,1,52.3,0.00,0.00,0.00,0.0,11.2
2009-04-25,2,64.6,0.00,0.00,0.00,0.0,12.3
2009-04-26,3,71.3,0.00,0.00,0.00,0.0,11.3
2009-04-27,3,66.5,0.00,0.00,0.00,0.0,11.1
2009-04-28,3,74.3,0.00,0.00,0.00,0.0,13.4
2009-04-29,51,56.6,1.20,1.20,0.00,4.0,14.5
2009-04-30,3,51.9,0.00,0.00,0.00,0.0,10.9
2009-05-01,61,61.1,9.60,9.60,0.00,16.0,16.6
2009-05-02,61,60.4,3.30,3.30,0.00,8.0,10.5
2009-05-03,61,53.9,10.40,10.40,0.00,15.0,6.2
2009-05-04,61,53.0,13.00,13.00,0.00,19.0,10.6
2009-05-05,53,52.9,4.70,4.70,0.00,14.0,11.6
2009-05-06,63,54.2,8.80,8.80,0.00,8.0,9.0
2009-05-07,63,62.6,15.50,15.50,0.00,17.0,13.1
2009-05-08,3,62.4,0.00,0.00,0.00,0.0,10.3
2009-05-09,61,67.6,6.20,6.20,0.00,5.0,14.1
2009-05-10,2,61.2,0.00,0.00,0.00,0.0,17.8
2009-05-11,3,55.0,0.00,0.00,0.00,0.0,12.7
2009-05-12,3,57.3,0.00,0.00,0.00,0.0,8.4
2009-05-13,3,56.5,0.00,0.00,0.00,0.0,11.0
2009-05-14,55,60.3,4.80,4.80,0.00,8.0,20.4
2009-05-15,55,63.8,1.60,1.60,0.00,3.0,9.7
2009-05-16,51,62.0,0.80,0.80,0.00,4.0,12.4
2009-05-17,61,57.9,6.30,6.30,0.00,9.0,17.3
2009-05-18,3,51.9,0.00,0.00,0.00,0.0,11.9
2009-05-19,3,54.3,0.00,0.00,0.00,0.0,9.9
2009-05-20,3,63.3,0.00,0.00,0.00,0.0,11.5
2009-05-21,0,67.2,0.00,0.00,0.00,0.0,12.2
2009-05-22,3,69.6,0.00,0.00,0.00,0.0,10.3
2009-05-23,3,65.5,0.00,0.00,0.00,0.0,11.8
2009-05-24,61,70.3,3.80,3.80,0.00,3.0,12.7
2009-05-25,3,69.9,0.00,0.00,0.00,0.0,7.6
2009-05-26,61,57.6,4.00,4.00,0.00,7.0,15.1
2009-05-27,53,59.4,1.70,1.70,0.00,3.0,10.3
2009-05-28,51,60.0,0.30,0.30,0.00,3.0,11.4
2009-05-29,53,62.4,2.90,2.90,0.00,7.0,9.8
2009-05-30,53,68.2,0.90,0.90,0.00,2.0,9.2
2009-05-31,2,67.3,0.00,0.00,0.00,0.0,13.7
2009-06-01,3,60.1,0.00,0.00,0.00,0.0,13.5
2009-06-02,51,68.8,0.80,0.80,0.00,4.0,10.4
2009-06-03,55,63.7,8.10,8.10,0.00,13.0,7.4
2009-06-04,63,61.5,12.10,12.10,0.00,8.0,6.7
2009-06-05,55,58.4,14.30,14.30,0.00,22.0,13.3
2009-06-06,51,64.4,0.20,0.20,0.00,1.0,10.2
2009-06-07,3,69.0,0.00,0.00,0.00,0.0,10.1
2009-06-08,53,68.4,0.50,0.50,0.00,1.0,8.6
2009-06-09,61,66.4,10.40,10.40,0.00,12.0,8.3
2009-06-10,3,65.2,0.00,0.00,0.00,0.0,7.5
2009-06-11,55,63.3,4.80,4.80,0.00,11.0,9.7
2009-06-12,63,71.3,11.60,11.60,0.00,16.0,10.2
2009-06-13,51,67.7,1.00,1.00,0.00,5.0,9.6
2009-06-14,51,65.1,1.70,1.70,0.00,9.0,8.0
2009-06-15,55,62.0,5.00,5.00,0.00,11.0,9.5
2009-06-16,51,61.4,0.40,0.40,0.00,3.0,9.4
2009-06-17,3,60.5,0.00,0.00,0.00,0.0,10.7
2009-06-18,63,63.8,41.90,41.90,0.00,22.0,15.5
2009-06-19,51,69.6,1.20,1.20,0.00,6.0,7.3
2009-06-20,63,66.1,25.80,25.80,0.00,10.0,7.8
2009-06-21,61,67.1,10.50,10.50,0.00,19.0,12.8
2009-06-22,51,68.5,0.50,0.50,0.00,2.0,14.6
2009-06-23,51,69.4,0.80,0.80,0.00,4.0,10.1
2009-06-24,61,68.7,4.80,4.80,0.00,8.0,6.6
2009-06-25,3,69.9,0.00,0.00,0.00,0.0,7.9
2009-06-26,61,74.1,3.10,3.10,0.00,3.0,7.8
2009-06-27,51,71.9,1.10,1.10,0.00,5.0,9.1
2009-06-28,3,70.7,0.00,0.00,0.00,0.0,9.7
2009-06-29,51,72.7,0.10,0.10,0.00,1.0,9.1
2009-06-30,3,72.9,0.00,0.00,0.00,0.0,13.6
2009-07-01,61,71.8,4.20,4.20,0.00,10.0,8.7
2009-07-02,61,71.9,7.70,7.70,0.00,14.0,8.1
2009-07-03,61,71.0,2.10,2.10,0.00,3.0,8.3
2009-07-04,3,70.7,0.00,0.00,0.00,0.0,13.6
2009-07-05,3,68.8,0.00,0.00,0.00,0.0,8.6
2009-07-06,1,71.7,0.00,0.00,0.00,0.0,9.3
2009-07-07,61,71.4,7.00,7.00,0.00,7.0,9.0
2009-07-08,2,68.4,0.00,0.00,0.00,0.0,9.9
2009-07-09,3,65.6,0.00,0.00,0.00,0.0,9.7
2009-07-10,3,66.5,0.00,0.00,0.00,0.0,8.6
2009-07-11,3,68.8,0.00,0.00,0.00,0.0,14.9
2009-07-12,61,73.3,3.20,3.20,0.00,4.0,9.8
2009-07-13,51,69.4,0.20,0.20,0.00,1.0,9.5
2009-07-14,3,70.7,0.00,0.00,0.00,0.0,8.4
2009-07-15,3,71.8,0.00,0.00,0.00,0.0,10.3
2009-07-16,53,76.8,0.90,0.90,0.00,2.0,10.0
2009-07-17,63,76.0,3.60,3.60,0.00,3.0,8.9
2009-07-18,63,75.3,11.20,11.20,0.00,4.0,9.8
2009-07-19,3,71.9,0.00,0.00,0.00,0.0,9.9
2009-07-20,53,72.4,0.50,0.50,0.00,1.0,7.9
2009-07-21,63,68.5,32.90,32.90,0.00,20.0,11.7
2009-07-22,51,72.2,0.20,0.20,0.00,1.0,7.6
2009-07-23,63,70.0,29.50,29.50,0.00,10.0,16.9
2009-07-24,61,70.6,3.40,3.40,0.00,3.0,12.4
2009-07-25,51,73.1,0.30,0.30,0.00,1.0,12.7
2009-07-26,61,76.8,6.90,6.90,0.00,10.0,11.0
2009-07-27,53,75.8,1.50,1.50,0.00,5.0,11.5
2009-07-28,51,76.1,0.30,0.30,0.00,1.0,10.9
2009-07-29,55,76.1,3.60,3.60,0.00,7.0,13.6
2009-07-30,55,77.8,4.10,4.10,0.00,6.0,12.6
2009-07-31,65,75.2,33.40,33.40,0.00,16.0,10.2
2009-08-01,3,72.9,0.00,0.00,0.00,0.0,8.1
2009-08-02,61,72.8,6.70,6.70,0.00,10.0,11.0
2009-08-03,51,74.6,0.40,0.40,0.00,3.0,6.3
2009-08-04,3,75.3,0.00,0.00,0.00,0.0,11.7
2009-08-05,63,76.7,3.30,3.30,0.00,2.0,8.7
2009-08-06,3,71.6,0.00,0.00,0.00,0.0,9.9
2009-08-07,3,71.4,0.00,0.00,0.00,0.0,12.4
2009-08-08,3,69.3,0.00,0.00,0.00,0.0,7.6
2009-08-09,53,73.4,2.80,2.80,0.00,7.0,9.0
2009-08-10,55,80.6,3.40,3.40,0.00,4.0,9.3
2009-08-11,3,79.8,0.00,0.00,0.00,0.0,7.9
2009-08-12,61,74.0,6.20,6.20,0.00,9.0,10.1
2009-08-13,55,70.5,8.10,8.10,0.00,14.0,9.3
2009-08-14,51,74.1,0.20,0.20,0.00,1.0,7.8
2009-08-15,1,75.9,0.00,0.00,0.00,0.0,9.5
2009-08-16,1,77.7,0.00,0.00,0.00,0.0,8.7
2009-08-17,1,80.4,0.00,0.00,0.00,0.0,8.7
2009-08-18,2,79.6,0.00,0.00,0.00,0.0,12.8
2009-08-19,51,79.6,0.30,0.30,0.00,2.0,10.0
2009-08-20,51,80.3,0.20,0.20,0.00,1.0,9.9
2009-08-21,61,81.3,4.00,4.00,0.00,6.0,14.8
2009-08-22,63,77.2,21.40,21.40,0.00,17.0,9.5
2009-08-23,63,75.2,7.40,7.40,0.00,11.0,7.9
2009-08-24,3,75.4,0.00,0.00,0.00,0.0,8.6
2009-08-25,2,74.6,0.00,0.00,0.00,0.0,7.1
2009-08-26,53,77.4,0.90,0.90,0.00,3.0,11.7
2009-08-27,53,72.3,0.90,0.90,0.00,2.0,8.9
2009-08-28,63,68.3,30.20,30.20,0.00,21.0,11.9
2009-08-29,63,71.1,35.10,35.10,0.00,16.0,9.2
2009-08-30,53,73.4,1.50,1.50,0.00,4.0,9.4
2009-08-31,3,66.0,0.00,0.00,0.00,0.0,9.8
2009-09-01,1,64.5,0.00,0.00,0.00,0.0,10.3
2009-09-02,2,66.0,0.00,0.00,0.00,0.0,6.2
2009-09-03,3,66.4,0.00,0.00,0.00,0.0,7.0
2009-09-04,3,70.4,0.00,0.00,0.00,0.0,8.8
2009-09-05,3,73.0,0.00,0.00,0.00,0.0,6.0
2009-09-06,3,67.8,0.00,0.00,0.00,0.0,11.4
2009-09-07,3,66.2,0.00,0.00,0.00,0.0,9.4
2009-09-08,3,67.7,0.00,0.00,0.00,0.0,5.3
2009-09-09,3,68.1,0.00,0.00,0.00,0.0,14.5
2009-09-10,61,63.1,1.70,1.70,0.00,2.0,17.3
2009-09-11,61,62.7,21.60,21.60,0.00,23.0,22.9
2009-09-12,51,66.8,3.50,3.50,0.00,17.0,7.9
2009-09-13,3,70.3,0.00,0.00,0.00,0.0,8.8
2009-09-14,3,68.6,0.00,0.00,0.00,0.0,8.1
2009-09-15,3,68.8,0.00,0.00,0.00,0.0,7.1
2009-09-16,51,64.8,1.10,1.10,0.00,6.0,12.2
2009-09-17,53,60.3,1.60,1.60,0.00,4.0,12.5
2009-09-18,2,62.9,0.00,0.00,0.00,0.0,11.7
2009-09-19,0,61.3,0.00,0.00,0.00,0.0,10.4
2009-09-20,3,62.8,0.00,0.00,0.00,0.0,7.0
2009-09-21,3,62.9,0.00,0.00,0.00,0.0,8.8
2009-09-22,3,66.3,0.00,0.00,0.00,0.0,7.4
2009-09-23,51,70.4,0.50,0.50,0.00,3.0,9.8
2009-09-24,53,73.1,2.70,2.70,0.00,6.0,10.6
2009-09-25,3,63.7,0.00,0.00,0.00,0.0,12.3
2009-09-26,3,58.8,0.00,0.00,0.00,0.0,10.1
2009-09-27,61,64.5,16.60,16.60,0.00,15.0,14.0
2009-09-28,53,64.9,1.40,1.40,0.00,3.0,18.8
2009-09-29,3,60.3,0.00,0.00,0.00,0.0,19.4
2009-09-30,3,56.7,0.00,0.00,0.00,0.0,14.0
2009-10-01,3,52.0,0.00,0.00,0.00,0.0,10.2
2009-10-02,53,56.7,0.50,0.50,0.00,1.0,13.8
2009-10-03,55,65.0,8.30,8.30,0.00,20.0,12.5
2009-10-04,51,62.0,0.30,0.30,0.00,1.0,12.4
2009-10-05,2,58.2,0.00,0.00,0.00,0.0,13.3
2009-10-06,3,57.1,0.00,0.00,0.00,0.0,10.8
2009-10-07,55,62.0,6.20,6.20,0.00,7.0,23.5
2009-10-08,3,57.4,0.00,0.00,0.00,0.0,17.3
2009-10-09,55,62.2,2.40,2.40,0.00,5.0,13.8
2009-10-10,61,60.6,2.60,2.60,0.00,3.0,15.5
2009-10-11,3,54.3,0.00,0.00,0.00,0.0,10.7
2009-10-12,3,49.2,0.00,0.00,0.00,0.0,9.0
2009-10-13,3,54.2,0.00,0.00,0.00,0.0,14.4
2009-10-14,3,47.5,0.00,0.00,0.00,0.0,10.9
2009-10-15,63,44.3,19.00,19.00,0.00,14.0,18.7
2009-10-16,53,43.1,3.80,3.80,0.00,11.0,18.7
2009-10-17,53,46.6,1.60,1.60,0.00,7.0,13.7
2009-10-18,63,43.4,29.40,29.40,0.00,20.0,20.8
2009-10-19,0,45.3,0.00,0.00,0.00,0.0,9.8
2009-10-20,3,50.5,0.00,0.00,0.00,0.0,7.2
2009-10-21,3,55.1,0.00,0.00,0.00,0.0,5.9
2009-10-22,3,58.9,0.00,0.00,0.00,0.0,10.7
2009-10-23,53,53.8,1.80,1.80,0.00,4.0,16.5
2009-10-24,63,63.8,27.10,27.10,0.00,21.0,18.8
2009-10-25,61,55.7,2.70,2.70,0.00,2.0,11.9
2009-10-26,3,50.2,0.00,0.00,0.00,0.0,7.2
2009-10-27,63,52.6,20.90,20.90,0.00,15.0,12.4
2009-10-28,63,53.5,29.00,29.00,0.00,19.0,18.6
2009-10-29,3,51.6,0.00,0.00,0.00,0.0,12.5
2009-10-30,3,52.7,0.00,0.00,0.00,0.0,9.8
2009-10-31,55,63.1,3.30,3.30,0.00,5.0,18.8
2009-11-01,61,52.8,8.40,8.40,0.00,10.0,10.5
2009-11-02,3,49.1,0.00,0.00,0.00,0.0,11.5
2009-11-03,1,49.8,0.00,0.00,0.00,0.0,11.5
2009-11-04,3,44.9,0.00,0.00,0.00,0.0,11.1
2009-11-05,51,45.7,0.40,0.40,0.00,2.0,15.7
2009-11-06,3,42.1,0.00,0.00,0.00,0.0,16.0
2009-11-07,2,41.7,0.00,0.00,0.00,0.0,11.1
2009-11-08,1,52.0,0.00,0.00,0.00,0.0,9.3
2009-11-09,3,54.8,0.00,0.00,0.00,0.0,9.0
2009-11-10,3,55.4,0.00,0.00,0.00,0.0,10.3
2009-11-11,3,51.4,0.00,0.00,0.00,0.0,14.9
2009-11-12,53,47.1,2.90,2.90,0.00,10.0,19.7
2009-11-13,63,49.8,27.70,27.70,0.00,22.0,23.3
2009-11-14,61,55.3,13.30,13.30,0.00,17.0,21.4
2009-11-15,51,57.2,0.20,0.20,0.00,2.0,7.8
2009-11-16,3,52.0,0.00,0.00,0.00,0.0,11.6
2009-11-17,3,46.4,0.00,0.00,0.00,0.0,10.2
2009-11-18,3,46.6,0.00,0.00,0.00,0.0,9.3
2009-11-19,51,52.1,0.10,0.10,0.00,1.0,11.5
2009-11-20,63,54.7,21.10,21.10,0.00,10.0,13.7
2009-11-21,3,47.0,0.00,0.00,0.00,0.0,8.7
2009-11-22,3,46.6,0.00,0.00,0.00,0.0,12.6
2009-11-23,51,47.3,0.10,0.10,0.00,1.0,14.6
2009-11-24,51,50.0,1.20,1.20,0.00,4.0,12.9
2009-11-25,51,49.8,0.70,0.70,0.00,3.0,7.6
2009-11-26,3,50.9,0.00,0.00,0.00,0.0,6.5
2009-11-27,51,46.6,0.30,0.30,0.00,2.0,19.7
2009-11-28,3,45.2,0.00,0.00,0.00,0.0,22.8
2009-11-29,3,45.1,0.00,0.00,0.00,0.0,10.4
2009-11-30,55,47.9,6.20,6.20,0.00,13.0,13.0
2009-12-01,3,39.4,0.00,0.00,0.00,0.0,14.8
2009-12-02,55,45.0,3.30,3.30,0.00,5.0,16.1
2009-12-03,63,57.3,23.80,23.80,0.00,9.0,23.3
2009-12-04,3,45.2,0.00,0.00,0.00,0.0,9.4
2009-12-05,73,39.2,14.00,18.50,3.15,14.0,14.9
2009-12-06,53,35.0,0.70,0.70,0.00,2.0,15.6
2009-12-07,3,34.8,0.00,0.00,0.00,0.0,9.1
2009-12-08,3,36.1,0.00,0.00,0.00,0.0,12.0
2009-12-09,73,46.6,40.50,41.60,0.77,15.0,25.1
2009-12-10,3,37.6,0.00,0.00,0.00,0.0,20.2
2009-12-11,3,26.7,0.00,0.00,0.00,0.0,20.6
2009-12-12,3,29.7,0.00,0.00,0.00,0.0,13.9
2009-12-13,63,37.9,17.60,17.60,0.00,9.0,19.6
2009-12-14,3,39.2,0.00,0.00,0.00,0.0,13.0
2009-12-15,3,44.2,0.00,0.00,0.00,0.0,8.9
2009-12-16,2,33.3,0.00,0.00,0.00,0.0,15.5
2009-12-17,3,27.1,0.00,0.00,0.00,0.0,17.2
2009-12-18,3,24.7,0.00,0.00,0.00,0.0,11.0
2009-12-19,75,27.1,0.00,10.80,7.56,16.0,19.5
2009-12-20,75,24.9,0.00,8.20,5.81,11.0,20.1
2009-12-21,0,25.9,0.00,0.00,0.00,0.0,15.0
2009-12-22,3,23.3,0.00,0.00,0.00,0.0,14.0
2009-12-23,0,17.5,0.00,0.00,0.00,0.0,10.8
2009-12-24,2,21.8,0.00,0.00,0.00,0.0,10.8
2009-12-25,55,34.9,1.80,1.80,0.00,3.0,15.9
2009-12-26,61,44.8,15.90,15.90,0.00,18.0,22.3
2009-12-27,63,46.6,16.60,16.60,0.00,7.0,20.7
2009-12-28,3,34.7,0.00,0.00,0.00,0.0,16.1
2009-12-29,3,23.2,0.00,0.00,0.00,0.0,25.0
2009-12-30,3,24.6,0.00,0.00,0.00,0.0,14.3
2009-12-31,75,30.0,0.40,4.60,2.94,8.0,6.8
2010-01-01,73,33.7,0.70,1.80,0.77,5.0,6.3
2010-01-02,71,26.5,0.10,1.10,0.91,6.0,20.0
2010-01-03,71,18.8,0.00,0.00,0.35,0.0,25.0
2010-01-04,3,23.7,0.00,0.00,0.00,0.0,15.7
2010-01-05,1,24.1,0.00,0.00,0.00,0.0,12.5
2010-01-06,3,27.2,0.00,0.00,0.00,0.0,14.4
2010-01-07,3,30.1,0.00,0.00,0.00,0.0,13.8
2010-01-08,71,29.5,0.00,0.60,0.56,4.0,15.0
2010-01-09,0,22.4,0.00,0.00,0.00,0.0,13.0
2010-01-10,0,20.5,0.00,0.00,0.00,0.0,11.2
2010-01-11,3,25.0,0.00,0.00,0.00,0.0,8.6
2010-01-12,3,28.4,0.00,0.00,0.00,0.0,14.3
2010-01-13,3,27.3,0.00,0.00,0.00,0.0,12.5
2010-01-14,3,31.0,0.00,0.00,0.00,0.0,7.2
2010-01-15,3,35.6,0.00,0.00,0.00,0.0,8.8
2010-01-16,3,36.0,0.00,0.00,0.00,0.0,9.9
2010-01-17,61,35.2,8.40,8.40,0.00,9.0,20.6
2010-01-18,61,40.6,3.10,3.10,0.00,5.0,21.6
2010-01-19,3,39.0,0.00,0.00,0.00,0.0,8.1
2010-01-20,3,33.9,0.00,0.00,0.00,0.0,11.2
2010-01-21,3,31.3,0.00,0.00,0.00,0.0,8.0
2010-01-22,3,33.6,0.00,0.00,0.00,0.0,11.5
2010-01-23,3,30.4,0.00,0.00,0.00,0.0,8.7
2010-01-24,3,38.0,0.00,0.00,0.00,0.0,13.2
2010-01-25,63,51.6,28.80,28.80,0.00,12.0,29.9
2010-01-26,53,38.9,1.60,1.60,0.00,6.0,17.2
2010-01-27,3,32.7,0.00,0.00,0.00,0.0,12.1
2010-01-28,71,31.8,0.00,0.30,0.35,2.0,21.0
2010-01-29,3,20.3,0.00,0.00,0.00,0.0,19.6
2010-01-30,71,18.1,0.00,0.00,0.42,0.0,13.9
2010-01-31,3,22.9,0.00,0.00,0.00,0.0,11.7
2010-02-01,3,27.5,0.00,0.00,0.00,0.0,13.4
2010-02-02,71,28.4,0.00,0.10,0.14,1.0,8.4
2010-02-03,73,32.2,0.00,3.10,2.24,9.0,10.5
2010-02-04,3,29.2,0.00,0.00,0.00,0.0,13.2
2010-02-05,3,31.3,0.00,0.00,0.00,0.0,6.4
2010-02-06,75,26.0,0.00,10.80,7.77,15.0,19.3
2010-02-07,0,20.5,0.00,0.00,0.00,0.0,15.0
2010-02-08,0,22.2,0.00,0.00,0.00,0.0,15.7
2010-02-09,71,27.0,0.00,0.20,0.21,1.0,10.3
2010-02-10,75,32.1,0.20,31.50,21.91,24.0,23.1
2010-02-11,73,29.6,0.00,1.10,0.77,3.0,20.2
2010-02-12,2,20.4,0.00,0.00,0.00,0.0,13.0
2010-02-13,3,20.9,0.00,0.00,0.00,0.0,14.8
2010-02-14,3,26.5,0.00,0.00,0.00,0.0,15.8
2010-02-15,71,27.1,0.10,0.40,0.28,2.0,13.0
2010-02-16,73,32.0,1.80,10.40,6.02,21.0,16.0
2010-02-17,3,26.3,0.00,0.00,0.00,0.0,15.0
2010-02-18,3,30.7,0.00,0.00,0.00,0.0,13.8
2010-02-19,2,32.6,0.00,0.00,0.00,0.0,15.2
2010-02-20,0,33.1,0.00,0.00,0.00,0.0,11.4
2010-02-21,1,31.9,0.00,0.00,0.00,0.0,14.0
2010-02-22,3,30.6,0.00,0.00,0.00,0.0,9.3
2010-02-23,73,35.6,8.90,12.70,2.66,23.0,16.0
2010-02-24,61,37.0,12.50,12.50,0.00,12.0,14.8
2010-02-25,75,33.7,10.90,43.30,22.68,21.0,22.4
2010-02-26,75,29.4,0.10,19.30,13.51,18.0,23.5
2010-02-27,3,27.1,0.00,0.00,0.00,0.0,8.5
2010-02-28,3,30.2,0.00,0.00,0.00,0.0,11.1
2010-03-01,3,35.6,0.00,0.00,0.00,0.0,16.4
2010-03-02,51,33.8,0.70,0.70,0.00,4.0,9.0
2010-03-03,73,35.5,2.30,6.40,2.87,14.0,18.2
2010-03-04,3,35.6,0.00,0.00,0.00,0.0,12.5
2010-03-05,71,35.3,0.00,0.60,0.56,4.0,11.7
2010-03-06,0,33.9,0.00,0.00,0.00,0.0,12.1
2010-03-07,0,36.3,0.00,0.00,0.00,0.0,11.4
2010-03-08,0,40.1,0.00,0.00,0.00,0.0,11.4
2010-03-09,2,43.6,0.00,0.00,0.00,0.0,10.8
2010-03-10,3,41.5,0.00,0.00,0.00,0.0,7.3
2010-03-11,51,44.0,0.10,0.10,0.00,1.0,10.6
2010-03-12,55,42.4,9.20,9.20,0.00,15.0,20.9
2010-03-13,63,43.8,66.70,66.70,0.00,24.0,32.6
2010-03-14,63,45.6,8.80,8.80,0.00,12.0,25.7
2010-03-15,53,42.1,6.80,6.80,0.00,17.0,18.4
2010-03-16,51,47.3,0.30,0.30,0.00,2.0,17.1
2010-03-17,1,47.4,0.00,0.00,0.00,0.0,8.0
2010-03-18,1,49.3,0.00,0.00,0.00,0.0,7.9
2010-03-19,2,52.2,0.00,0.00,0.00,0.0,8.5
2010-03-20,3,55.1,0.00,0.00,0.00,0.0,8.8
2010-03-21,3,51.5,0.00,0.00,0.00,0.0,8.4
2010-03-22,63,52.5,12.00,12.00,0.00,17.0,14.4
2010-03-23,63,49.9,17.50,17.50,0.00,17.0,15.1
2010-03-24,3,48.5,0.00,0.00,0.00,0.0,19.9
2010-03-25,3,51.2,0.00,0.00,0.00,0.0,14.2
2010-03-26,71,42.9,6.60,6.70,0.07,13.0,17.5
2010-03-27,3,34.3,0.00,0.00,0.00,0.0,12.3
2010-03-28,55,40.4,2.30,2.30,0.00,5.0,20.3
2010-03-29,63,50.6,67.20,67.20,0.00,24.0,20.3
2010-03-30,65,46.4,68.10,68.10,0.00,24.0,22.1
2010-03-31,51,48.9,0.80,0.80,0.00,5.0,13.5
2010-04-01,3,51.4,0.00,0.00,0.00,0.0,8.1
2010-04-02,3,50.2,0.00,0.00,0.00,0.0,8.6
2010-04-03,3,49.8,0.00,0.00,0.00,0.0,12.5
2010-04-04,3,57.7,0.00,0.00,0.00,0.0,5.8
2010-04-05,3,56.7,0.00,0.00,0.00,0.0,13.2
2010-04-06,51,60.4,0.50,0.50,0.00,2.0,7.8
2010-04-07,3,71.1,0.00,0.00,0.00,0.0,12.2
2010-04-08,3,67.3,0.00,0.00,0.00,0.0,17.8
2010-04-09,61,57.4,11.00,11.00,0.00,14.0,15.6
2010-04-10,3,49.0,0.00,0.00,0.00,0.0,17.0
2010-04-11,53,57.8,1.00,1.00,0.00,2.0,10.7
2010-04-12,3,55.3,0.00,0.00,0.00,0.0,9.4
2010-04-13,51,49.4,0.10,0.10,0.00,1.0,6.6
2010-04-14,0,51.8,0.00,0.00,0.00,0.0,9.9
2010-04-15,3,57.1,0.00,0.00,0.00,0.0,14.3
2010-04-16,53,50.5,2.20,2.20,0.00,4.0,13.9
2010-04-17,53,50.2,2.50,2.50,0.00,5.0,11.8
2010-04-18,3,48.0,0.00,0.00,0.00,0.0,12.5
2010-04-19,3,51.3,0.00,0.00,0.00,0.0,13.5
2010-04-20,3,54.7,0.00,0.00,0.00,0.0,9.2
2010-04-21,53,55.7,0.90,0.90,0.00,3.0,11.7
2010-04-22,53,57.0,1.40,1.40,0.00,5.0,10.7
2010-04-23,2,54.5,0.00,0.00,0.00,0.0,12.9
2010-04-24,3,54.5,0.00,0.00,0.00,0.0,12.3
2010-04-25,63,50.1,21.60,21.60,0.00,21.0,10.3
2010-04-26,53,50.2,9.30,9.30,0.00,21.0,11.3
2010-04-27,51,51.0,1.40,1.40,0.00,7.0,17.0
2010-04-28,51,47.7,0.20,0.20,0.00,1.0,21.3
2010-04-29,1,53.6,0.00,0.00,0.00,0.0,20.2
2010-04-30,3,59.4,0.00,0.00,0.00,0.0,8.8
2010-05-01,3,67.6,0.00,0.00,0.00,0.0,9.7
2010-05-02,3,74.7,0.00,0.00,0.00,0.0,9.1
2010-05-03,61,72.8,7.00,7.00,0.00,8.0,15.8
2010-05-04,3,69.0,0.00,0.00,0.00,0.0,16.1
2010-05-05,0,64.6,0.00,0.00,0.00,0.0,14.3
2010-05-06,51,68.4,0.10,0.10,0.00,1.0,16.6
2010-05-07,3,60.6,0.00,0.00,0.00,0.0,12.3
2010-05-08,53,65.3,0.90,0.90,0.00,2.0,23.3
2010-05-09,3,49.6,0.00,0.00,0.00,0.0,21.9
2010-05-10,3,50.5,0.00,0.00,0.00,0.0,18.4
2010-05-11,51,50.1,0.40,0.40,0.00,1.0,9.2
2010-05-12,63,47.8,12.10,12.10,0.00,14.0,12.9
2010-05-13,3,54.1,0.00,0.00,0.00,0.0,11.0
2010-05-14,53,67.1,2.40,2.40,0.00,6.0,12.7
2010-05-15,3,65.6,0.00,0.00,0.00,0.0,14.9
2010-05-16,3,61.4,0.00,0.00,0.00,0.0,9.3
2010-05-17,3,62.8,0.00,0.00,0.00,0.0,6.0
2010-05-18,63,53.5,13.40,13.40,0.00,16.0,19.5
2010-05-19,3,57.0,0.00,0.00,0.00,0.0,16.7
2010-05-20,3,65.6,0.00,0.00,0.00,0.0,8.8
2010-05-21,3,67.5,0.00,0.00,0.00,0.0,9.8
2010-05-22,3,62.5,0.00,0.00,0.00,0.0,10.2
2010-05-23,51,64.1,0.20,0.20,0.00,1.0,10.8
2010-05-24,51,65.0,1.00,1.00,0.00,6.0,9.3
2010-05-25,3,67.1,0.00,0.00,0.00,0.0,9.3
2010-05-26,2,77.6,0.00,0.00,0.00,0.0,10.4
2010-05-27,3,69.6,0.00,0.00,0.00,0.0,14.0
2010-05-28,3,64.0,0.00,0.00,0.00,0.0,8.4
2010-05-29,3,67.8,0.00,0.00,0.00,0.0,9.0
2010-05-30,3,75.6,0.00,0.00,0.00,0.0,10.6
2010-05-31,3,73.2,0.00,0.00,0.00,0.0,13.4
2010-06-01,63,75.3,6.80,6.80,0.00,5.0,13.8
2010-06-02,3,73.8,0.00,0.00,0.00,0.0,10.8
2010-06-03,63,77.3,3.70,3.70,0.00,1.0,10.4
2010-06-04,3,78.4,0.00,0.00,0.00,0.0,9.6
2010-06-05,3,81.3,0.00,0.00,0.00,0.0,13.2
2010-06-06,61,78.8,1.60,1.60,0.00,3.0,19.6
2010-06-07,3,66.7,0.00,0.00,0.00,0.0,14.7
2010-06-08,2,66.1,0.00,0.00,0.00,0.0,14.8
2010-06-09,63,62.7,18.90,18.90,0.00,10.0,13.1
2010-06-10,61,67.7,4.20,4.20,0.00,6.0,11.8
2010-06-11,3,64.4,0.00,0.00,0.00,0.0,9.0
2010-06-12,3,68.9,0.00,0.00,0.00,0.0,12.4
2010-06-13,53,72.7,2.60,2.60,0.00,7.0,7.2
2010-06-14,51,70.8,0.20,0.20,0.00,1.0,4.7
2010-06-15,3,70.7,0.00,0.00,0.00,0.0,10.3
2010-06-16,51,68.7,0.50,0.50,0.00,2.0,12.5
2010-06-17,51,71.8,0.10,0.10,0.00,1.0,16.1
2010-06-18,1,72.7,0.00,0.00,0.00,0.0,8.5
2010-06-19,2,71.6,0.00,0.00,0.00,0.0,15.0
2010-06-20,51,80.5,0.20,0.20,0.00,1.0,9.5
2010-06-21,3,81.2,0.00,0.00,0.00,0.0,10.2
2010-06-22,61,76.9,5.20,5.20,0.00,5.0,9.7
2010-06-23,55,81.0,1.50,1.50,0.00,2.0,12.1
2010-06-24,53,83.8,0.60,0.60,0.00,1.0,16.9
2010-06-25,3,77.9,0.00,0.00,0.00,0.0,9.8
2010-06-26,3,80.4,0.00,0.00,0.00,0.0,6.9
2010-06-27,3,82.8,0.00,0.00,0.00,0.0,8.8
2010-06-28,55,86.0,1.80,1.80,0.00,4.0,14.1
2010-06-29,3,82.9,0.00,0.00,0.00,0.0,12.5
2010-06-30,1,73.5,0.00,0.00,0.00,0.0,12.8
2010-07-01,3,70.9,0.00,0.00,0.00,0.0,13.6
2010-07-02,3,72.0,0.00,0.00,0.00,0.0,10.4
2010-07-03,3,76.7,0.00,0.00,0.00,0.0,6.4
2010-07-04,3,84.8,0.00,0.00,0.00,0.0,9.7
2010-07-05,3,86.0,0.00,0.00,0.00,0.0,7.9
2010-07-06,1,90.1,0.00,0.00,0.00,0.0,7.4
2010-07-07,2,87.7,0.00,0.00,0.00,0.0,12.5
2010-07-08,51,79.2,1.10,1.10,0.00,5.0,10.0
2010-07-09,51,78.8,0.10,0.10,0.00,1.0,11.0
2010-07-10,63,77.7,3.50,3.50,0.00,8.0,6.0
2010-07-11,53,80.3,0.90,0.90,0.00,2.0,8.3
2010-07-12,3,80.9,0.00,0.00,0.00,0.0,14.9
2010-07-13,61,77.3,13.80,13.80,0.00,17.0,13.8
2010-07-14,63,75.4,19.30,19.30,0.00,15.0,6.4
2010-07-15,51,76.5,0.60,0.60,0.00,4.0,9.2
2010-07-16,3,80.8,0.00,0.00,0.00,0.0,10.8
2010-07-17,3,82.7,0.00,0.00,0.00,0.0,9.9
2010-07-18,3,83.1,0.00,0.00,0.00,0.0,10.1
2010-07-19,61,81.8,2.80,2.80,0.00,4.0,10.8
2010-07-20,3,80.7,0.00,0.00,0.00,0.0,6.9
2010-07-21,61,82.7,1.50,1.50,0.00,2.0,10.0
2010-07-22,3,81.0,0.00,0.00,0.00,0.0,15.5
2010-07-23,53,80.9,0.60,0.60,0.00,1.0,11.1
2010-07-24,51,87.1,0.40,0.40,0.00,1.0,10.6
2010-07-25,63,81.4,11.60,11.60,0.00,8.0,11.6
2010-07-26,2,76.4,0.00,0.00,0.00,0.0,14.0
2010-07-27,1,78.1,0.00,0.00,0.00,0.0,8.9
2010-07-28,51,79.9,0.10,0.10,0.00,1.0,11.6
2010-07-29,53,81.3,1.70,1.70,0.00,4.0,12.7
2010-07-30,3,75.8,0.00,0.00,0.00,0.0,11.7
2010-07-31,3,74.7,0.00,0.00,0.00,0.0,8.8
2010-08-01,53,74.0,1.80,1.80,0.00,5.0,8.5
2010-08-02,3,74.9,0.00,0.00,0.00,0.0,11.4
2010-08-03,3,77.1,0.00,0.00,0.00,0.0,14.1
2010-08-04,51,81.0,0.20,0.20,0.00,2.0,10.7
2010-08-05,51,84.2,0.20,0.20,0.00,2.0,14.2
2010-08-06,3,81.4,0.00,0.00,0.00,0.0,12.4
2010-08-07,51,76.7,0.10,0.10,0.00,1.0,10.2
2010-08-08,51,77.9,0.10,0.10,0.00,1.0,13.2
2010-08-09,3,80.9,0.00,0.00,0.00,0.0,12.5
2010-08-10,53,82.0,1.50,1.50,0.00,3.0,10.8
2010-08-11,3,82.0,0.00,0.00,0.00,0.0,8.2
2010-08-12,53,74.9,2.00,2.00,0.00,4.0,11.0
2010-08-13,51,73.5,0.10,0.10,0.00,1.0,10.1
2010-08-14,3,71.5,0.00,0.00,0.00,0.0,10.4
2010-08-15,61,72.3,8.60,8.60,0.00,9.0,12.4
2010-08-16,51,77.9,1.50,1.50,0.00,6.0,10.1
2010-08-17,53,79.0,2.00,2.00,0.00,5.0,9.4
2010-08-18,51,74.6,0.20,0.20,0.00,1.0,7.1
2010-08-19,3,76.3,0.00,0.00,0.00,0.0,9.3
2010-08-20,1,78.8,0.00,0.00,0.00,0.0,8.1
2010-08-21,3,74.6,0.00,0.00,0.00,0.0,9.0
2010-08-22,63,74.5,32.40,32.40,0.00,19.0,14.4
2010-08-23,53,69.9,3.30,3.30,0.00,12.0,14.6
2010-08-24,51,66.0,0.90,0.90,0.00,6.0,18.3
2010-08-25,53,67.2,5.60,5.60,0.00,12.0,12.7
2010-08-26,3,71.7,0.00,0.00,0.00,0.0,10.7
2010-08-27,1,68.3,0.00,0.00,0.00,0.0,9.7
2010-08-28,3,69.8,0.00,0.00,0.00,0.0,7.8
2010-08-29,0,77.0,0.00,0.00,0.00,0.0,6.6
2010-08-30,1,78.1,0.00,0.00,0.00,0.0,9.2
2010-08-31,1,81.8,0.00,0.00,0.00,0.0,6.7
2010-09-01,1,82.7,0.00,0.00,0.00,0.0,9.3
2010-09-02,3,82.4,0.00,0.00,0.00,0.0,13.6
2010-09-03,51,77.3,2.10,2.10,0.00,8.0,14.3
2010-09-04,3,75.2,0.00,0.00,0.00,0.0,18.9
2010-09-05,1,69.1,0.00,0.00,0.00,0.0,13.2
2010-09-06,3,70.4,0.00,0.00,0.00,0.0,10.5
2010-09-07,3,75.4,0.00,0.00,0.00,0.0,15.2
2010-09-08,51,78.6,0.20,0.20,0.00,2.0,16.0
2010-09-09,3,67.8,0.00,0.00,0.00,0.0,16.8
2010-09-10,51,66.6,0.10,0.10,0.00,1.0,12.3
2010-09-11,3,68.2,0.00,0.00,0.00,0.0,9.2
2010-09-12,61,65.5,4.60,4.60,0.00,4.0,13.0
2010-09-13,51,67.6,1.00,1.00,0.00,8.0,7.4
2010-09-14,1,68.1,0.00,0.00,0.00,0.0,14.9
2010-09-15,2,64.1,0.00,0.00,0.00,0.0,15.1
2010-09-16,55,65.8,4.50,4.50,0.00,6.0,16.3
2010-09-17,63,66.7,10.40,10.40,0.00,6.0,11.8
2010-09-18,51,63.5,0.40,0.40,0.00,4.0,7.2
2010-09-19,3,66.7,0.00,0.00,0.00,0.0,8.8
2010-09-20,1,66.0,0.00,0.00,0.00,0.0,14.5
2010-09-21,0,62.5,0.00,0.00,0.00,0.0,12.5
2010-09-22,61,72.7,2.40,2.40,0.00,2.0,11.8
2010-09-23,3,70.1,0.00,0.00,0.00,0.0,10.6
2010-09-24,3,74.2,0.00,0.00,0.00,0.0,12.0
2010-09-25,1,79.3,0.00,0.00,0.00,0.0,13.5
2010-09-26,51,68.4,0.10,0.10,0.00,1.0,13.2
2010-09-27,61,67.7,12.50,12.50,0.00,20.0,16.9
2010-09-28,63,71.7,15.10,15.10,0.00,19.0,15.9
2010-09-29,3,69.2,0.00,0.00,0.00,0.0,9.4
2010-09-30,63,72.1,16.10,16.10,0.00,16.0,23.3
2010-10-01,65,65.9,38.80,38.80,0.00,17.0,25.0
2010-10-02,0,59.1,0.00,0.00,0.00,0.0,14.1
2010-10-03,63,56.8,7.40,7.40,0.00,4.0,15.8
2010-10-04,63,54.7,18.20,18.20,0.00,21.0,16.9
2010-10-05,53,58.9,3.80,3.80,0.00,11.0,15.8
2010-10-06,51,57.5,0.30,0.30,0.00,2.0,10.0
2010-10-07,3,58.5,0.00,0.00,0.00,0.0,18.0
2010-10-08,0,60.2,0.00,0.00,0.00,0.0,13.0
2010-10-09,1,60.9,0.00,0.00,0.00,0.0,10.8
2010-10-10,0,56.4,0.00,0.00,0.00,0.0,10.4
2010-10-11,3,62.9,0.00,0.00,0.00,0.0,8.2
2010-10-12,63,61.2,10.90,10.90,0.00,14.0,9.2
2010-10-13,0,54.5,0.00,0.00,0.00,0.0,9.6
2010-10-14,63,55.8,12.10,12.10,0.00,9.0,9.7
2010-10-15,53,52.8,2.00,2.00,0.00,8.0,23.8
2010-10-16,51,52.5,0.50,0.50,0.00,2.0,22.7
2010-10-17,1,54.7,0.00,0.00,0.00,0.0,11.9
2010-10-18,51,52.9,0.70,0.70,0.00,3.0,12.3
2010-10-19,51,52.0,2.30,2.30,0.00,7.0,6.2
2010-10-20,3,52.1,0.00,0.00,0.00,0.0,7.3
2010-10-21,3,52.1,0.00,0.00,0.00,0.0,16.2
2010-10-22,3,46.8,0.00,0.00,0.00,0.0,17.8
2010-10-23,2,50.8,0.00,0.00,0.00,0.0,11.5
2010-10-24,51,56.5,0.20,0.20,0.00,1.0,6.0
2010-10-25,53,60.7,1.10,1.10,0.00,2.0,13.8
2010-10-26,51,65.3,0.10,0.10,0.00,1.0,12.9
2010-10-27,63,68.6,11.60,11.60,0.00,15.0,14.2
2010-10-28,3,65.8,0.00,0.00,0.00,0.0,12.3
2010-10-29,3,51.7,0.00,0.00,0.00,0.0,15.8
2010-10-30,3,48.7,0.00,0.00,0.00,0.0,15.3
2010-10-31,1,49.9,0.00,0.00,0.00,0.0,15.3
2010-11-01,0,42.1,0.00,0.00,0.00,0.0,10.9
2010-11-02,0,42.8,0.00,0.00,0.00,0.0,10.6
2010-11-03,3,45.8,0.00,0.00,0.00,0.0,8.1
2010-11-04,63,48.2,23.20,23.20,0.00,20.0,16.3
2010-11-05,51,47.2,1.80,1.80,0.00,7.0,12.6
2010-11-06,3,44.0,0.00,0.00,0.00,0.0,12.5
2010-11-07,3,42.4,0.00,0.00,0.00,0.0,13.9
2010-11-08,71,40.5,3.20,3.40,0.14,7.0,20.8
2010-11-09,3,45.7,0.00,0.00,0.00,0.0,16.7
2010-11-10,3,49.2,0.00,0.00,0.00,0.0,14.0
2010-11-11,0,44.9,0.00,0.00,0.00,0.0,13.2
2010-11-12,0,46.0,0.00,0.00,0.00,0.0,10.8
2010-11-13,1,48.3,0.00,0.00,0.00,0.0,7.6
2010-11-14,3,48.1,0.00,0.00,0.00,0.0,7.2
2010-11-15,3,50.1,0.00,0.00,0.00,0.0,6.3
2010-11-16,61,52.0,6.00,6.00,0.00,15.0,16.6
2010-11-17,61,56.0,14.00,14.00,0.00,11.0,21.9
2010-11-18,3,47.7,0.00,0.00,0.00,0.0,15.5
2010-11-19,3,41.8,0.00,0.00,0.00,0.0,11.5
2010-11-20,2,44.0,0.00,0.00,0.00,0.0,13.9
2010-11-21,3,40.4,0.00,0.00,0.00,0.0,8.8
2010-11-22,3,51.7,0.00,0.00,0.00,0.0,10.6
2010-11-23,3,53.3,0.00,0.00,0.00,0.0,12.3
2010-11-24,3,43.7,0.00,0.00,0.00,0.0,16.5
2010-11-25,53,38.8,3.60,3.60,0.00,10.0,8.9
2010-11-26,61,48.3,6.00,6.00,0.00,11.0,13.9
2010-11-27,3,37.3,0.00,0.00,0.00,0.0,18.3
2010-11-28,1,36.8,0.00,0.00,0.00,0.0,11.2
2010-11-29,3,39.3,0.00,0.00,0.00,0.0,6.8
2010-11-30,51,48.6,0.30,0.30,0.00,2.0,15.9
2010-12-01,63,53.4,28.40,28.40,0.00,17.0,28.2
2010-12-02,3,37.2,0.00,0.00,0.00,0.0,13.1
2010-12-03,3,35.5,0.00,0.00,0.00,0.0,10.0
2010-12-04,3,34.0,0.00,0.00,0.00,0.0,16.1
2010-12-05,3,32.0,0.00,0.00,0.00,0.0,17.7
2010-12-06,3,31.6,0.00,0.00,0.00,0.0,20.7
2010-12-07,3,31.1,0.00,0.00,0.00,0.0,18.3
2010-12-08,3,29.2,0.00,0.00,0.00,0.0,15.8
2010-12-09,3,25.7,0.00,0.00,0.00,0.0,14.5
2010-12-10,3,27.6,0.00,0.00,0.00,0.0,7.4
2010-12-11,3,33.1,0.00,0.00,0.00,0.0,6.7
2010-12-12,63,46.7,24.10,24.10,0.00,19.0,24.3
2010-12-13,71,38.8,4.50,5.40,0.63,16.0,16.8
2010-12-14,71,22.7,0.00,0.40,0.56,3.0,17.0
2010-12-15,3,23.4,0.00,0.00,0.00,0.0,17.1
2010-12-16,3,25.7,0.00,0.00,0.00,0.0,12.0
2010-12-17,1,26.3,0.00,0.00,0.00,0.0,10.6
2010-12-18,3,28.3,0.00,0.00,0.00,0.0,6.5
2010-12-19,3,29.2,0.00,0.00,0.00,0.0,9.9
2010-12-20,1,29.1,0.00,0.00,0.00,0.0,16.9
2010-12-21,3,30.7,0.00,0.00,0.00,0.0,17.7
2010-12-22,0,31.1,0.00,0.00,0.00,0.0,13.1
2010-12-23,3,30.9,0.00,0.00,0.00,0.0,19.8
2010-12-24,3,31.2,0.00,0.00,0.00,0.0,15.5
2010-12-25,3,29.4,0.00,0.00,0.00,0.0,8.5
2010-12-26,75,27.1,0.00,16.80,11.97,14.0,30.6
2010-12-27,75,21.3,0.00,10.20,7.14,11.0,28.6
2010-12-28,3,25.4,0.00,0.00,0.00,0.0,21.9
2010-12-29,2,24.8,0.00,0.00,0.00,0.0,10.1
2010-12-30,3,22.6,0.00,0.00,0.00,0.0,7.6
2010-12-31,3,28.9,0.00,0.00,0.00,0.0,7.4
2011-01-01,3,35.0,0.00,0.00,0.00,0.0,10.1
2011-01-02,53,40.6,2.70,2.70,0.00,11.0,12.3
2011-01-03,2,28.4,0.00,0.00,0.00,0.0,13.2
2011-01-04,3,28.8,0.00,0.00,0.00,0.0,9.7
2011-01-05,3,29.2,0.00,0.00,0.00,0.0,11.5
2011-01-06,3,27.8,0.00,0.00,0.00,0.0,4.8
2011-01-07,73,28.6,0.30,1.90,1.19,9.0,8.6
2011-01-08,71,25.1,0.00,0.80,0.70,6.0,10.1
2011-01-09,3,26.7,0.00,0.00,0.00,0.0,18.9
2011-01-10,3,25.6,0.00,0.00,0.00,0.0,15.2
2011-01-11,73,24.5,0.00,1.70,1.26,3.0,11.0
2011-01-12,75,26.5,0.00,15.70,11.06,9.0,16.8
2011-01-13,3,19.5,0.00,0.00,0.00,0.0,15.7
2011-01-14,3,14.5,0.00,0.00,0.00,0.0,8.5
2011-01-15,3,24.7,0.00,0.00,0.00,0.0,12.5
2011-01-16,3,25.8,0.00,0.00,0.00,0.0,12.7
2011-01-17,3,18.1,0.00,0.00,0.00,0.0,8.2
2011-01-18,75,36.4,15.60,23.70,5.74,17.0,16.8
2011-01-19,53,35.1,1.40,1.40,0.00,3.0,10.9
2011-01-20,3,27.8,0.00,0.00,0.00,0.0,10.7
2011-01-21,75,27.5,0.60,6.40,4.27,7.0,20.4
2011-01-22,3,13.8,0.00,0.00,0.00,0.0,14.2
2011-01-23,3,11.1,0.00,0.00,0.00,0.0,14.2
2011-01-24,3,7.2,0.00,0.00,0.00,0.0,10.1
2011-01-25,71,26.4,0.10,0.40,0.42,2.0,7.2
2011-01-26,75,27.5,0.50,12.10,8.19,14.0,21.8
2011-01-27,75,30.2,0.00,12.80,8.96,7.0,21.7
2011-01-28,3,26.9,0.00,0.00,0.00,0.0,6.9
2011-01-29,71,25.9,0.00,0.20,0.21,2.0,7.2
2011-01-30,3,25.1,0.00,0.00,0.00,0.0,7.6
2011-01-31,3,18.0,0.00,0.00,0.00,0.0,7.8
2011-02-01,73,27.2,2.80,5.60,1.96,13.0,11.7
2011-02-02,71,33.9,17.30,17.50,0.14,17.0,16.7
2011-02-03,3,23.4,0.00,0.00,0.00,0.0,12.7
2011-02-04,3,18.1,0.00,0.00,0.00,0.0,10.7
2011-02-05,71,31.0,4.90,5.00,0.14,14.0,21.2
2011-02-06,3,34.5,0.00,0.00,0.00,0.0,22.2
2011-02-07,51,31.7,0.60,0.60,0.00,3.0,7.6
2011-02-08,53,31.7,2.10,2.10,0.00,9.0,21.5
2011-02-09,3,19.4,0.00,0.00,0.00,0.0,15.3
2011-02-10,71,22.3,0.00,0.20,0.28,2.0,12.0
2011-02-11,2,21.8,0.00,0.00,0.00,0.0,10.7
2011-02-12,3,28.2,0.00,0.00,0.00,0.0,19.2
2011-02-13,3,32.1,0.00,0.00,0.00,0.0,15.8
2011-02-14,3,43.9,0.00,0.00,0.00,0.0,19.7
2011-02-15,3,27.6,0.00,0.00,0.00,0.0,19.9
2011-02-16,3,32.4,0.00,0.00,0.00,0.0,11.8
2011-02-17,3,45.3,0.00,0.00,0.00,0.0,8.7
2011-02-18,3,52.3,0.00,0.00,0.00,0.0,19.2
2011-02-19,3,36.0,0.00,0.00,0.00,0.0,24.5
2011-02-20,3,27.4,0.00,0.00,0.00,0.0,20.0
2011-02-21,73,31.5,0.00,2.90,2.17,10.0,13.0
2011-02-22,73,24.8,0.00,1.30,0.98,6.0,12.4
2011-02-23,0,30.1,0.00,0.00,0.00,0.0,9.0
2011-02-24,3,34.6,0.00,0.00,0.00,0.0,12.0
2011-02-25,63,41.4,29.80,29.80,0.00,20.0,24.1
2011-02-26,3,33.8,0.00,0.00,0.00,0.0,16.7
2011-02-27,71,40.8,0.00,0.10,0.07,1.0,11.4
2011-02-28,61,47.6,7.70,7.70,0.00,14.0,16.8
2011-03-01,3,36.1,0.00,0.00,0.00,0.0,14.5
2011-03-02,2,38.0,0.00,0.00,0.00,0.0,19.1
2011-03-03,3,25.8,0.00,0.00,0.00,0.0,16.2
2011-03-04,3,32.2,0.00,0.00,0.00,0.0,12.8
2011-03-05,3,46.5,0.00,0.00,0.00,0.0,16.8
2011-03-06,63,50.8,32.10,32.10,0.00,13.0,21.0
2011-03-07,71,40.3,21.50,21.50,0.07,8.0,22.9
2011-03-08,3,35.0,0.00,0.00,0.00,0.0,9.0
2011-03-09,3,35.3,0.00,0.00,0.00,0.0,15.2
2011-03-10,61,44.9,10.50,10.50,0.00,13.0,21.7
2011-03-11,63,49.8,27.70,27.70,0.00,9.0,26.3
2011-03-12,3,44.0,0.00,0.00,0.00,0.0,15.3
2011-03-13,3,43.5,0.00,0.00,0.00,0.0,15.4
2011-03-14,3,38.0,0.00,0.00,0.00,0.0,7.4
2011-03-15,3,36.8,0.00,0.00,0.00,0.0,10.7
2011-03-16,71,43.9,13.00,13.10,0.07,9.0,11.6
2011-03-17,3,48.6,0.00,0.00,0.00,0.0,10.1
2011-03-18,3,57.3,0.00,0.00,0.00,0.0,12.5
2011-03-19,3,45.6,0.00,0.00,0.00,0.0,14.3
2011-03-20,3,38.2,0.00,0.00,0.00,0.0,11.7
2011-03-21,73,41.5,10.60,11.90,0.91,14.0,12.8
2011-03-22,3,44.4,0.00,0.00,0.00,0.0,12.6
2011-03-23,73,35.9,6.80,12.60,4.06,22.0,14.0
2011-03-24,73,37.0,0.30,2.70,1.68,7.0,13.9
2011-03-25,3,34.3,0.00,0.00,0.00,0.0,12.7
2011-03-26,3,32.0,0.00,0.00,0.00,0.0,13.8
2011-03-27,3,34.0,0.00,0.00,0.00,0.0,13.9
2011-03-28,2,34.2,0.00,0.00,0.00,0.0,14.1
2011-03-29,3,37.6,0.00,0.00,0.00,0.0,15.0
2011-03-30,3,38.7,0.00,0.00,0.00,0.0,12.0
2011-03-31,53,38.4,4.20,4.20,0.00,15.0,12.1
2011-04-01,53,38.7,5.80,5.80,0.00,16.0,13.4
2011-04-02,3,43.0,0.00,0.00,0.00,0.0,14.3
2011-04-03,3,45.2,0.00,0.00,0.00,0.0,17.2
2011-04-04,53,51.6,1.40,1.40,0.00,4.0,13.6
2011-04-05,65,52.0,20.10,20.10,0.00,8.0,20.6
2011-04-06,55,43.6,3.90,3.90,0.00,6.0,15.1
2011-04-07,53,43.6,2.60,2.60,0.00,7.0,10.2
2011-04-08,51,41.5,2.20,2.20,0.00,8.0,7.3
2011-04-09,3,43.8,0.00,0.00,0.00,0.0,9.4
2011-04-10,3,46.9,0.00,0.00,0.00,0.0,10.3
2011-04-11,3,60.5,0.00,0.00,0.00,0.0,13.0
2011-04-12,61,56.1,9.20,9.20,0.00,13.0,19.2
2011-04-13,61,49.8,7.40,7.40,0.00,12.0,20.8
2011-04-14,3,54.6,0.00,0.00,0.00,0.0,9.7
2011-04-15,3,46.9,0.00,0.00,0.00,0.0,11.8
2011-04-16,63,45.8,16.60,16.60,0.00,11.0,25.3
2011-04-17,63,54.1,11.70,11.70,0.00,6.0,23.4
2011-04-18,3,50.7,0.00,0.00,0.00,0.0,11.9
2011-04-19,53,50.0,2.20,2.20,0.00,6.0,10.6
2011-04-20,3,55.7,0.00,0.00,0.00,0.0,11.8
2011-04-21,3,52.3,0.00,0.00,0.00,0.0,19.4
2011-04-22,51,42.6,0.20,0.20,0.00,1.0,9.5
2011-04-23,63,51.5,18.10,18.10,0.00,15.0,14.3
2011-04-24,61,64.8,12.70,12.70,0.00,10.0,11.1
2011-04-25,55,59.8,1.10,1.10,0.00,2.0,9.1
2011-04-26,3,65.5,0.00,0.00,0.00,0.0,16.6
2011-04-27,3,65.2,0.00,0.00,0.00,0.0,17.2
2011-04-28,63,66.6,6.50,6.50,0.00,9.0,20.6
2011-04-29,3,60.7,0.00,0.00,0.00,0.0,13.5
2011-04-30,3,55.1,0.00,0.00,0.00,0.0,9.9
2011-05-01,3,54.2,0.00,0.00,0.00,0.0,10.6
2011-05-02,3,55.1,0.00,0.00,0.00,0.0,10.0
2011-05-03,3,60.7,0.00,0.00,0.00,0.0,14.3
2011-05-04,61,54.8,8.50,8.50,0.00,9.0,13.3
2011-05-05,2,53.2,0.00,0.00,0.00,0.0,16.6
2011-05-06,3,55.4,0.00,0.00,0.00,0.0,13.7
2011-05-07,51,58.8,0.30,0.30,0.00,2.0,10.3
2011-05-08,2,59.1,0.00,0.00,0.00,0.0,7.3
2011-05-09,2,58.5,0.00,0.00,0.00,0.0,13.9
2011-05-10,3,58.5,0.00,0.00,0.00,0.0,12.5
2011-05-11,3,57.8,0.00,0.00,0.00,0.0,12.2
2011-05-12,3,58.0,0.00,0.00,0.00,0.0,10.4
2011-05-13,3,57.0,0.00,0.00,0.00,0.0,8.3
2011-05-14,51,58.0,1.10,1.10,0.00,4.0,10.4
2011-05-15,61,62.0,15.80,15.80,0.00,17.0,11.0
2011-05-16,53,60.5,8.70,8.70,0.00,20.0,14.9
2011-05-17,63,59.2,32.20,32.20,0.00,24.0,17.5
2011-05-18,63,61.8,31.60,31.60,0.00,23.0,14.6
2011-05-19,51,63.9,0.60,0.60,0.00,2.0,10.5
2011-05-20,61,61.0,2.30,2.30,0.00,5.0,7.2
2011-05-21,51,61.7,0.60,0.60,0.00,3.0,5.9
2011-05-22,3,57.5,0.00,0.00,0.00,0.0,10.0
2011-05-23,63,62.7,6.40,6.40,0.00,9.0,13.6
2011-05-24,63,72.1,3.60,3.60,0.00,3.0,10.6
2011-05-25,3,69.3,0.00,0.00,0.00,0.0,8.6
2011-05-26,3,69.1,0.00,0.00,0.00,0.0,12.2
2011-05-27,3,73.2,0.00,0.00,0.00,0.0,11.7
2011-05-28,55,70.9,1.10,1.10,0.00,1.0,12.1
2011-05-29,51,72.1,0.20,0.20,0.00,1.0,10.4
2011-05-30,63,76.9,11.00,11.00,0.00,6.0,9.9
2011-05-31,2,74.0,0.00,0.00,0.00,0.0,8.5
2011-06-01,3,76.2,0.00,0.00,0.00,0.0,13.1
2011-06-02,1,69.8,0.00,0.00,0.00,0.0,18.2
2011-06-03,3,64.1,0.00,0.00,0.00,0.0,14.1
2011-06-04,3,65.6,0.00,0.00,0.00,0.0,10.0
2011-06-05,3,61.8,0.00,0.00,0.00,0.0,11.1
2011-06-06,51,68.0,0.80,0.80,0.00,4.0,7.6
2011-06-07,3,75.1,0.00,0.00,0.00,0.0,9.2
2011-06-08,3,80.7,0.00,0.00,0.00,0.0,7.8
2011-06-09,53,82.6,2.00,2.00,0.00,4.0,9.9
2011-06-10,55,77.0,1.70,1.70,0.00,2.0,7.8
2011-06-11,55,68.7,3.00,3.00,0.00,8.0,13.0
2011-06-12,63,66.6,11.40,11.40,0.00,7.0,9.7
2011-06-13,53,66.9,3.50,3.50,0.00,11.0,8.1
2011-06-14,63,62.8,15.80,15.80,0.00,16.0,9.4
2011-06-15,3,67.9,0.00,0.00,0.00,0.0,9.3
2011-06-16,3,71.6,0.00,0.00,0.00,0.0,11.7
2011-06-17,63,69.1,20.10,20.10,0.00,20.0,13.5
2011-06-18,3,72.1,0.00,0.00,0.00,0.0,6.9
2011-06-19,3,71.9,0.00,0.00,0.00,0.0,8.2
2011-06-20,3,70.1,0.00,0.00,0.00,0.0,9.3
2011-06-21,3,71.8,0.00,0.00,0.00,0.0,8.4
2011-06-22,53,73.2,1.50,1.50,0.00,6.0,9.4
2011-06-23,63,70.4,13.70,13.70,0.00,7.0,10.3
2011-06-24,61,69.9,2.80,2.80,0.00,7.0,10.4
2011-06-25,51,71.8,0.30,0.30,0.00,2.0,8.3
2011-06-26,51,72.3,0.20,0.20,0.00,1.0,6.3
2011-06-27,3,72.6,0.00,0.00,0.00,0.0,8.1
2011-06-28,3,74.2,0.00,0.00,0.00,0.0,8.8
2011-06-29,53,74.5,1.20,1.20,0.00,3.0,12.0
2011-06-30,2,72.3,0.00,0.00,0.00,0.0,9.7
2011-07-01,3,72.1,0.00,0.00,0.00,0.0,5.7
2011-07-02,2,75.1,0.00,0.00,0.00,0.0,10.4
2011-07-03,61,72.6,10.10,10.10,0.00,13.0,8.6
2011-07-04,51,75.9,0.10,0.10,0.00,1.0,6.4
2011-07-05,3,77.3,0.00,0.00,0.00,0.0,6.6
2011-07-06,3,78.5,0.00,0.00,0.00,0.0,10.7
2011-07-07,61,79.8,1.90,1.90,0.00,2.0,8.2
2011-07-08,63,76.2,26.20,26.20,0.00,11.0,8.9
2011-07-09,63,76.7,13.50,13.50,0.00,3.0,9.0
2011-07-10,3,74.4,0.00,0.00,0.00,0.0,8.4
2011-07-11,2,79.5,0.00,0.00,0.00,0.0,13.2
2011-07-12,3,83.4,0.00,0.00,0.00,0.0,13.3
2011-07-13,3,79.2,0.00,0.00,0.00,0.0,14.2
2011-07-14,3,72.1,0.00,0.00,0.00,0.0,14.0
2011-07-15,2,74.4,0.00,0.00,0.00,0.0,9.6
2011-07-16,3,77.8,0.00,0.00,0.00,0.0,10.5
2011-07-17,1,79.4,0.00,0.00,0.00,0.0,11.3
2011-07-18,55,82.6,2.00,2.00,0.00,3.0,11.6
2011-07-19,51,80.4,0.40,0.40,0.00,1.0,7.3
2011-07-20,2,78.7,0.00,0.00,0.00,0.0,10.4
2011-07-21,1,84.9,0.00,0.00,0.00,0.0,15.2
2011-07-22,3,91.5,0.00,0.00,0.00,0.0,11.6
2011-07-23,3,90.7,0.00,0.00,0.00,0.0,6.7
2011-07-24,53,84.1,2.80,2.80,0.00,5.0,5.8
2011-07-25,55,75.1,4.80,4.80,0.00,6.0,12.0
2011-07-26,53,78.5,0.90,0.90,0.00,2.0,9.7
2011-07-27,3,77.0,0.00,0.00,0.00,0.0,9.7
2011-07-28,3,77.6,0.00,0.00,0.00,0.0,9.3
2011-07-29,53,78.6,2.10,2.10,0.00,4.0,9.8
2011-07-30,2,82.2,0.00,0.00,0.00,0.0,10.3
2011-07-31,2,79.3,0.00,0.00,0.00,0.0,7.8
2011-08-01,53,81.2,0.70,0.70,0.00,1.0,7.8
2011-08-02,2,81.8,0.00,0.00,0.00,0.0,9.5
2011-08-03,53,75.8,3.10,3.10,0.00,7.0,8.2
2011-08-04,53,74.2,1.80,1.80,0.00,6.0,8.4
2011-08-05,2,75.5,0.00,0.00,0.00,0.0,11.0
2011-08-06,61,75.5,5.00,5.00,0.00,5.0,14.0
2011-08-07,61,77.9,15.60,15.60,0.00,16.0,12.8
2011-08-08,2,79.9,0.00,0.00,0.00,0.0,9.1
2011-08-09,63,75.0,22.60,22.60,0.00,7.0,9.7
2011-08-10,51,75.8,0.40,0.40,0.00,2.0,11.2
2011-08-11,1,73.9,0.00,0.00,0.00,0.0,9.1
2011-08-12,3,72.9,0.00,0.00,0.00,0.0,7.1
2011-08-13,51,75.2,0.70,0.70,0.00,2.0,11.2
2011-08-14,63,71.3,58.10,58.10,0.00,24.0,12.2
2011-08-15,63,72.0,33.00,33.00,0.00,19.0,10.4
2011-08-16,51,69.7,1.40,1.40,0.00,8.0,8.8
2011-08-17,1,73.7,0.00,0.00,0.00,0.0,8.5
2011-08-18,63,73.7,8.40,8.40,0.00,6.0,11.9
2011-08-19,55,73.6,3.50,3.50,0.00,6.0,8.8
2011-08-20,2,73.6,0.00,0.00,0.00,0.0,7.5
2011-08-21,63,75.3,17.30,17.30,0.00,6.0,14.3
2011-08-22,51,71.5,0.20,0.20,0.00,1.0,11.4
2011-08-23,3,68.5,0.00,0.00,0.00,0.0,9.0
2011-08-24,2,70.3,0.00,0.00,0.00,0.0,15.6
2011-08-25,55,76.3,2.60,2.60,0.00,7.0,13.3
2011-08-26,51,75.6,0.40,0.40,0.00,1.0,6.1
2011-08-27,63,74.3,31.10,31.10,0.00,14.0,24.6
2011-08-28,65,71.9,75.90,75.90,0.00,14.0,31.8
2011-08-29,3,67.8,0.00,0.00,0.00,0.0,11.9
2011-08-30,2,68.9,0.00,0.00,0.00,0.0,5.8
2011-08-31,3,70.3,0.00,0.00,0.00,0.0,5.7
2011-09-01,3,70.9,0.00,0.00,0.00,0.0,8.6
2011-09-02,2,68.0,0.00,0.00,0.00,0.0,7.4
2011-09-03,2,71.5,0.00,0.00,0.00,0.0,9.3
2011-09-04,3,74.9,0.00,0.00,0.00,0.0,11.0
2011-09-05,51,74.9,0.30,0.30,0.00,2.0,14.2
2011-09-06,63,64.7,31.60,31.60,0.00,23.0,15.1
2011-09-07,53,69.1,6.90,6.90,0.00,22.0,16.0
2011-09-08,63,71.4,23.40,23.40,0.00,12.0,12.4
2011-09-09,3,73.9,0.00,0.00,0.00,0.0,9.2
2011-09-10,53,72.0,2.70,2.70,0.00,7.0,7.9
2011-09-11,51,67.8,0.30,0.30,0.00,1.0,9.2
2011-09-12,3,70.6,0.00,0.00,0.00,0.0,7.0
2011-09-13,1,71.9,0.00,0.00,0.00,0.0,10.6
2011-09-14,51,73.7,0.50,0.50,0.00,3.0,10.3
2011-09-15,61,68.0,4.00,4.00,0.00,7.0,17.7
2011-09-16,3,57.9,0.00,0.00,0.00,0.0,14.3
2011-09-17,3,58.2,0.00,0.00,0.00,0.0,10.0
2011-09-18,3,59.9,0.00,0.00,0.00,0.0,12.4
2011-09-19,3,59.3,0.00,0.00,0.00,0.0,8.9
2011-09-20,53,63.2,2.50,2.50,0.00,7.0,8.9
2011-09-21,51,66.4,0.50,0.50,0.00,3.0,8.1
2011-09-22,51,70.6,0.80,0.80,0.00,5.0,10.5
2011-09-23,63,68.7,27.60,27.60,0.00,15.0,10.3
2011-09-24,51,72.3,0.20,0.20,0.00,2.0,11.7
2011-09-25,3,71.6,0.00,0.00,0.00,0.0,6.3
2011-09-26,3,71.3,0.00,0.00,0.00,0.0,5.4
2011-09-27,51,69.4,0.20,0.20,0.00,1.0,8.4
2011-09-28,53,69.6,3.40,3.40,0.00,11.0,11.4
2011-09-29,63,69.4,16.60,16.60,0.00,13.0,13.1
2011-09-30,53,66.7,3.70,3.70,0.00,7.0,11.7
2011-10-01,63,61.0,13.40,13.40,0.00,17.0,12.1
2011-10-02,55,57.6,2.70,2.70,0.00,7.0,12.8
2011-10-03,55,52.7,5.00,5.00,0.00,7.0,8.4
2011-10-04,53,56.2,0.80,0.80,0.00,2.0,12.7
2011-10-05,1,61.1,0.00,0.00,0.00,0.0,13.1
2011-10-06,1,55.5,0.00,0.00,0.00,0.0,10.7
2011-10-07,0,55.1,0.00,0.00,0.00,0.0,8.6
2011-10-08,0,60.9,0.00,0.00,0.00,0.0,7.3
2011-10-09,0,66.5,0.00,0.00,0.00,0.0,6.9
2011-10-10,3,67.1,0.00,0.00,0.00,0.0,6.6
2011-10-11,3,64.9,0.00,0.00,0.00,0.0,10.1
2011-10-12,51,60.6,0.10,0.10,0.00,1.0,14.8
2011-10-13,3,63.0,0.00,0.00,0.00,0.0,15.0
2011-10-14,63,65.6,22.50,22.50,0.00,15.0,16.8
2011-10-15,2,58.9,0.00,0.00,0.00,0.0,20.4
2011-10-16,51,58.7,0.40,0.40,0.00,1.0,16.3
2011-10-17,3,60.2,0.00,0.00,0.00,0.0,14.6
2011-10-18,3,57.6,0.00,0.00,0.00,0.0,10.1
2011-10-19,63,61.7,30.00,30.00,0.00,18.0,21.2
2011-10-20,63,63.0,11.60,11.60,0.00,4.0,18.6
2011-10-21,3,53.7,0.00,0.00,0.00,0.0,14.7
2011-10-22,3,52.0,0.00,0.00,0.00,0.0,9.0
2011-10-23,3,52.4,0.00,0.00,0.00,0.0,6.7
2011-10-24,53,53.4,1.10,1.10,0.00,2.0,8.4
2011-10-25,51,53.1,0.20,0.20,0.00,1.0,14.8
2011-10-26,51,54.1,0.60,0.60,0.00,5.0,7.2
2011-10-27,61,50.3,11.20,11.20,0.00,17.0,17.5
2011-10-28,3,43.2,0.00,0.00,0.00,0.0,16.0
2011-10-29,75,40.6,21.70,29.80,5.67,15.0,22.5
2011-10-30,73,38.9,1.10,2.00,0.63,4.0,20.2
2011-10-31,3,43.0,0.00,0.00,0.00,0.0,6.7
2011-11-01,3,47.1,0.00,0.00,0.00,0.0,11.0
2011-11-02,0,45.6,0.00,0.00,0.00,0.0,5.6
2011-11-03,3,48.2,0.00,0.00,0.00,0.0,9.4
2011-11-04,3,46.3,0.00,0.00,0.00,0.0,15.8
2011-11-05,0,41.7,0.00,0.00,0.00,0.0,13.5
2011-11-06,0,44.4,0.00,0.00,0.00,0.0,7.9
2011-11-07,0,46.8,0.00,0.00,0.00,0.0,7.0
2011-11-08,0,52.8,0.00,0.00,0.00,0.0,5.9
2011-11-09,2,53.3,0.00,0.00,0.00,0.0,7.9
2011-11-10,51,57.0,0.50,0.50,0.00,2.0,12.5
2011-11-11,53,45.1,2.20,2.20,0.00,5.0,18.5
2011-11-12,1,44.7,0.00,0.00,0.00,0.0,14.0
2011-11-13,3,49.3,0.00,0.00,0.00,0.0,12.7
2011-11-14,3,56.7,0.00,0.00,0.00,0.0,14.8
2011-11-15,51,60.6,0.40,0.40,0.00,2.0,14.2
2011-11-16,63,54.7,21.10,21.10,0.00,17.0,7.8
2011-11-17,63,46.7,8.10,8.10,0.00,8.0,13.8
2011-11-18,1,39.2,0.00,0.00,0.00,0.0,14.2
2011-11-19,3,41.7,0.00,0.00,0.00,0.0,11.8
2011-11-20,3,52.5,0.00,0.00,0.00,0.0,12.8
2011-11-21,53,51.2,3.30,3.30,0.00,8.0,9.2
2011-11-22,61,48.6,12.50,12.50,0.00,14.0,15.7
2011-11-23,63,49.8,32.20,32.20,0.00,14.0,17.0
2011-11-24,3,43.1,0.00,0.00,0.00,0.0,13.7
2011-11-25,3,47.1,0.00,0.00,0.00,0.0,10.0
2011-11-26,3,48.7,0.00,0.00,0.00,0.0,8.1
2011-11-27,3,50.5,0.00,0.00,0.00,0.0,13.9
2011-11-28,3,57.0,0.00,0.00,0.00,0.0,13.3
2011-11-29,53,59.1,4.50,4.50,0.00,12.0,19.1
2011-11-30,55,48.3,1.70,1.70,0.00,3.0,13.5
2011-12-01,0,41.8,0.00,0.00,0.00,0.0,14.2
2011-12-02,2,43.2,0.00,0.00,0.00,0.0,11.2
2011-12-03,3,38.6,0.00,0.00,0.00,0.0,10.9
2011-12-04,3,44.5,0.00,0.00,0.00,0.0,8.1
2011-12-05,3,47.6,0.00,0.00,0.00,0.0,6.7
2011-12-06,61,57.0,8.20,8.20,0.00,16.0,12.7
2011-12-07,63,53.9,30.00,30.00,0.00,22.0,14.4
2011-12-08,73,39.9,14.90,15.50,0.42,6.0,24.7
2011-12-09,51,40.8,0.30,0.30,0.00,1.0,12.3
2011-12-10,51,39.2,0.30,0.30,0.00,1.0,12.0
2011-12-11,0,32.0,0.00,0.00,0.00,0.0,7.8
2011-12-12,3,34.6,0.00,0.00,0.00,0.0,4.8
2011-12-13,3,35.0,0.00,0.00,0.00,0.0,9.3
2011-12-14,3,39.0,0.00,0.00,0.00,0.0,7.3
2011-12-15,51,49.5,0.30,0.30,0.00,2.0,15.7
2011-12-16,3,46.5,0.00,0.00,0.00,0.0,18.2
2011-12-17,3,37.4,0.00,0.00,0.00,0.0,10.4
2011-12-18,3,29.1,0.00,0.00,0.00,0.0,10.2
2011-12-19,3,35.0,0.00,0.00,0.00,0.0,14.9
2011-12-20,51,40.7,0.50,0.50,0.00,3.0,11.8
2011-12-21,55,49.2,2.60,2.60,0.00,6.0,18.2
2011-12-22,53,50.4,1.10,1.10,0.00,2.0,19.8
2011-12-23,63,45.4,22.50,22.50,0.00,9.0,13.2
2011-12-24,3,33.4,0.00,0.00,0.00,0.0,10.1
2011-12-25,3,36.2,0.00,0.00,0.00,0.0,13.0
2011-12-26,51,38.1,0.20,0.20,0.00,2.0,15.4
2011-12-27,63,41.6,16.50,16.50,0.00,9.0,26.2
2011-12-28,3,41.2,0.00,0.00,0.00,0.0,19.8
2011-12-29,3,30.8,0.00,0.00,0.00,0.0,13.7
2011-12-30,3,39.3,0.00,0.00,0.00,0.0,8.8
2011-12-31,53,45.9,2.10,2.10,0.00,7.0,11.0
2012-01-01,61,42.6,2.80,2.80,0.00,3.0,13.4
2012-01-02,3,38.1,0.00,0.00,0.00,0.0,17.5
2012-01-03,3,27.5,0.00,0.00,0.00,0.0,16.9
2012-01-04,3,21.2,0.00,0.00,0.00,0.0,15.6
2012-01-05,3,30.9,0.00,0.00,0.00,0.0,13.5
2012-01-06,51,37.5,0.20,0.20,0.00,1.0,10.7
2012-01-07,2,42.9,0.00,0.00,0.00,0.0,10.4
2012-01-08,3,37.0,0.00,0.00,0.00,0.0,10.4
2012-01-09,3,32.3,0.00,0.00,0.00,0.0,6.9
2012-01-10,3,36.1,0.00,0.00,0.00,0.0,12.1
2012-01-11,51,37.3,0.20,0.20,0.00,1.0,12.4
2012-01-12,63,45.3,24.50,24.50,0.00,13.0,22.5
2012-01-13,53,38.5,1.90,1.90,0.00,6.0,24.5
2012-01-14,3,29.5,0.00,0.00,0.00,0.0,16.4
2012-01-15,3,21.6,0.00,0.00,0.00,0.0,14.4
2012-01-16,73,24.9,0.10,0.80,0.49,1.0,14.3
2012-01-17,73,39.9,5.20,6.50,0.91,14.0,16.0
2012-01-18,3,37.1,0.00,0.00,0.00,0.0,19.1
2012-01-19,3,28.1,0.00,0.00,0.00,0.0,10.6
2012-01-20,71,29.3,0.00,0.10,0.07,1.0,14.5
2012-01-21,75,27.7,0.30,10.20,7.00,13.0,15.3
2012-01-22,3,24.1,0.00,0.00,0.00,0.0,11.9
2012-01-23,55,41.2,4.80,4.80,0.00,6.0,14.0
2012-01-24,51,44.5,0.60,0.60,0.00,3.0,13.0
2012-01-25,3,36.5,0.00,0.00,0.00,0.0,10.2
2012-01-26,71,36.1,4.90,5.10,0.21,11.0,8.4
2012-01-27,63,49.2,12.20,12.20,0.00,14.0,17.1
2012-01-28,3,39.4,0.00,0.00,0.00,0.0,14.7
2012-01-29,3,36.4,0.00,0.00,0.00,0.0,14.5
2012-01-30,3,34.7,0.00,0.00,0.00,0.0,15.8
2012-01-31,3,42.6,0.00,0.00,0.00,0.0,11.8
2012-02-01,55,49.7,2.80,2.80,0.00,5.0,14.0
2012-02-02,3,41.0,0.00,0.00,0.00,0.0,11.2
2012-02-03,2,35.4,0.00,0.00,0.00,0.0,11.3
2012-02-04,3,36.4,0.00,0.00,0.00,0.0,8.1
2012-02-05,3,33.7,0.00,0.00,0.00,0.0,9.5
2012-02-06,0,36.3,0.00,0.00,0.00,0.0,13.2
2012-02-07,3,38.8,0.00,0.00,0.00,0.0,11.7
2012-02-08,73,33.1,0.40,1.90,1.12,6.0,7.5
2012-02-09,3,35.5,0.00,0.00,0.00,0.0,9.7
2012-02-10,3,36.1,0.00,0.00,0.00,0.0,10.1
2012-02-11,73,35.2,0.30,3.00,1.89,11.0,15.5
2012-02-12,3,27.7,0.00,0.00,0.00,0.0,20.2
2012-02-13,3,32.4,0.00,0.00,0.00,0.0,15.0
2012-02-14,51,37.1,0.10,0.10,0.00,1.0,9.3
2012-02-15,51,39.7,0.40,0.40,0.00,2.0,7.3
2012-02-16,53,37.0,3.50,3.50,0.00,10.0,7.5
2012-02-17,51,42.6,0.10,0.10,0.00,1.0,10.3
2012-02-18,51,38.1,0.60,0.60,0.00,3.0,12.4
2012-02-19,3,35.7,0.00,0.00,0.00,0.0,9.9
2012-02-20,3,35.5,0.00,0.00,0.00,0.0,13.6
2012-02-21,3,37.6,0.00,0.00,0.00,0.0,16.0
2012-02-22,53,44.4,0.60,0.60,0.00,1.0,11.9
2012-02-23,51,47.2,0.50,0.50,0.00,2.0,17.2
2012-02-24,73,40.4,10.50,11.60,0.77,13.0,14.8
2012-02-25,51,38.9,0.20,0.20,0.00,1.0,25.1
2012-02-26,0,35.2,0.00,0.00,0.00,0.0,18.0
2012-02-27,2,40.8,0.00,0.00,0.00,0.0,13.8
2012-02-28,3,41.1,0.00,0.00,0.00,0.0,13.9
2012-02-29,71,38.6,9.90,10.00,0.07,10.0,14.4
2012-03-01,63,40.1,12.10,12.10,0.00,8.0,13.9
2012-03-02,53,37.1,1.70,1.70,0.00,3.0,15.1
2012-03-03,55,48.4,5.60,5.60,0.00,13.0,14.8
2012-03-04,3,39.2,0.00,0.00,0.00,0.0,11.4
2012-03-05,3,35.6,0.00,0.00,0.00,0.0,12.6
2012-03-06,0,33.0,0.00,0.00,0.00,0.0,12.3
2012-03-07,3,44.6,0.00,0.00,0.00,0.0,13.6
2012-03-08,3,56.0,0.00,0.00,0.00,0.0,19.6
2012-03-09,61,45.9,3.90,3.90,0.00,5.0,20.4
2012-03-10,3,35.5,0.00,0.00,0.00,0.0,14.6
2012-03-11,0,42.4,0.00,0.00,0.00,0.0,12.0
2012-03-12,3,50.1,0.00,0.00,0.00,0.0,10.2
2012-03-13,53,57.7,2.70,2.70,0.00,7.0,11.4
2012-03-14,2,56.6,0.00,0.00,0.00,0.0,10.4
2012-03-15,3,44.9,0.00,0.00,0.00,0.0,11.0
2012-03-16,3,47.7,0.00,0.00,0.00,0.0,9.3
2012-03-17,3,49.7,0.00,0.00,0.00,0.0,8.7
2012-03-18,3,50.2,0.00,0.00,0.00,0.0,8.0
2012-03-19,2,56.4,0.00,0.00,0.00,0.0,10.4
2012-03-20,3,56.4,0.00,0.00,0.00,0.0,6.7
2012-03-21,3,56.4,0.00,0.00,0.00,0.0,5.3
2012-03-22,3,60.3,0.00,0.00,0.00,0.0,8.5
2012-03-23,3,59.9,0.00,0.00,0.00,0.0,9.7
2012-03-24,51,52.7,0.10,0.10,0.00,1.0,12.6
2012-03-25,51,48.1,1.30,1.30,0.00,4.0,12.9
2012-03-26,3,46.1,0.00,0.00,0.00,0.0,20.7
2012-03-27,2,39.8,0.00,0.00,0.00,0.0,14.9
2012-03-28,53,52.0,3.20,3.20,0.00,6.0,11.8
2012-03-29,51,50.6,0.20,0.20,0.00,1.0,16.0
2012-03-30,55,44.5,1.10,1.10,0.00,1.0,10.6
2012-03-31,61,42.4,8.30,8.30,0.00,17.0,13.2
2012-04-01,53,45.3,3.00,3.00,0.00,5.0,9.1
2012-04-02,55,47.1,3.40,3.40,0.00,5.0,18.9
2012-04-03,1,48.3,0.00,0.00,0.00,0.0,11.7
2012-04-04,3,54.0,0.00,0.00,0.00,0.0,15.4
2012-04-05,3,47.9,0.00,0.00,0.00,0.0,13.7
2012-04-06,2,46.5,0.00,0.00,0.00,0.0,12.5
2012-04-07,2,48.1,0.00,0.00,0.00,0.0,13.7
2012-04-08,3,51.9,0.00,0.00,0.00,0.0,14.8
2012-04-09,3,53.8,0.00,0.00,0.00,0.0,22.2
2012-04-10,3,51.2,0.00,0.00,0.00,0.0,13.7
2012-04-11,51,46.7,1.50,1.50,0.00,8.0,9.1
2012-04-12,51,49.8,0.40,0.40,0.00,3.0,12.4
2012-04-13,3,51.7,0.00,0.00,0.00,0.0,9.2
2012-04-14,3,56.9,0.00,0.00,0.00,0.0,11.7
2012-04-15,51,65.4,0.10,0.10,0.00,1.0,11.9
2012-04-16,3,70.4,0.00,0.00,0.00,0.0,12.4
2012-04-17,3,70.4,0.00,0.00,0.00,0.0,13.3
2012-04-18,3,56.4,0.00,0.00,0.00,0.0,12.8
2012-04-19,51,57.0,0.30,0.30,0.00,2.0,10.3
2012-04-20,51,57.2,0.20,0.20,0.00,1.0,10.4
2012-04-21,3,62.4,0.00,0.00,0.00,0.0,13.7
2012-04-22,63,52.5,31.30,31.30,0.00,15.0,21.5
2012-04-23,63,51.7,14.50,14.50,0.00,5.0,17.2
2012-04-24,3,48.7,0.00,0.00,0.00,0.0,18.0
2012-04-25,53,50.6,1.10,1.10,0.00,2.0,10.7
2012-04-26,51,52.5,0.40,0.40,0.00,2.0,10.8
2012-04-27,51,49.4,0.30,0.30,0.00,1.0,18.6
2012-04-28,3,47.9,0.00,0.00,0.00,0.0,12.5
2012-04-29,3,52.1,0.00,0.00,0.00,0.0,13.4
2012-04-30,51,50.0,0.30,0.30,0.00,1.0,11.2
2012-05-01,61,58.1,11.80,11.80,0.00,9.0,12.6
2012-05-02,61,51.2,4.20,4.20,0.00,7.0,9.0
2012-05-03,55,53.4,2.90,2.90,0.00,5.0,5.6
2012-05-04,51,62.5,0.40,0.40,0.00,1.0,7.3
2012-05-05,51,56.4,2.10,2.10,0.00,9.0,7.5
2012-05-06,3,55.8,0.00,0.00,0.00,0.0,7.5
2012-05-07,51,54.6,0.20,0.20,0.00,1.0,9.7
2012-05-08,51,59.6,1.70,1.70,0.00,7.0,17.3
2012-05-09,61,62.3,15.40,15.40,0.00,23.0,10.9
2012-05-10,61,58.8,11.30,11.30,0.00,11.0,16.2
2012-05-11,3,57.7,0.00,0.00,0.00,0.0,13.6
2012-05-12,3,61.9,0.00,0.00,0.00,0.0,8.0
2012-05-13,3,66.8,0.00,0.00,0.00,0.0,11.3
2012-05-14,3,64.6,0.00,0.00,0.00,0.0,11.5
2012-05-15,61,62.5,9.00,9.00,0.00,10.0,11.8
2012-05-16,51,67.1,0.10,0.10,0.00,1.0,8.8
2012-05-17,3,62.9,0.00,0.00,0.00,0.0,11.4
2012-05-18,2,59.7,0.00,0.00,0.00,0.0,8.7
2012-05-19,0,62.3,0.00,0.00,0.00,0.0,8.4
2012-05-20,2,63.6,0.00,0.00,0.00,0.0,12.1
2012-05-21,61,62.0,11.30,11.30,0.00,16.0,11.7
2012-05-22,61,62.7,15.50,15.50,0.00,16.0,10.4
2012-05-23,61,64.6,1.90,1.90,0.00,2.0,8.5
2012-05-24,51,65.1,0.30,0.30,0.00,1.0,10.8
2012-05-25,53,67.0,1.20,1.20,0.00,4.0,9.3
2012-05-26,55,73.6,2.20,2.20,0.00,3.0,8.1
2012-05-27,55,72.7,4.00,4.00,0.00,7.0,8.1
2012-05-28,3,76.5,0.00,0.00,0.00,0.0,8.0
2012-05-29,3,79.0,0.00,0.00,0.00,0.0,14.6
2012-05-30,61,72.4,8.70,8.70,0.00,11.0,8.3
2012-05-31,3,71.2,0.00,0.00,0.00,0.0,9.7
2012-06-01,51,65.5,0.20,0.20,0.00,1.0,17.5
2012-06-02,63,68.7,15.70,15.70,0.00,7.0,17.0
2012-06-03,3,65.6,0.00,0.00,0.00,0.0,14.6
2012-06-04,61,59.4,6.60,6.60,0.00,10.0,13.0
2012-06-05,3,58.1,0.00,0.00,0.00,0.0,10.9
2012-06-06,51,62.9,0.10,0.10,0.00,1.0,8.9
2012-06-07,1,65.9,0.00,0.00,0.00,0.0,6.8
2012-06-08,3,70.0,0.00,0.00,0.00,0.0,8.1
2012-06-09,3,71.2,0.00,0.00,0.00,0.0,8.1
2012-06-10,51,72.6,1.10,1.10,0.00,4.0,9.2
2012-06-11,51,68.5,0.80,0.80,0.00,4.0,12.5
2012-06-12,63,67.8,10.70,10.70,0.00,9.0,14.4
2012-06-13,63,67.2,23.20,23.20,0.00,16.0,11.1
2012-06-14,51,67.0,1.00,1.00,0.00,5.0,11.1
2012-06-15,2,67.0,0.00,0.00,0.00,0.0,8.5
2012-06-16,2,65.9,0.00,0.00,0.00,0.0,10.0
2012-06-17,51,62.7,0.10,0.10,0.00,1.0,8.6
2012-06-18,3,62.3,0.00,0.00,0.00,0.0,7.4
2012-06-19,51,68.0,0.40,0.40,0.00,1.0,8.5
2012-06-20,2,81.2,0.00,0.00,0.00,0.0,7.9
2012-06-21,1,85.9,0.00,0.00,0.00,0.0,8.6
2012-06-22,63,82.4,6.20,6.20,0.00,3.0,7.5
2012-06-23,55,77.4,1.90,1.90,0.00,4.0,8.7
2012-06-24,3,74.0,0.00,0.00,0.00,0.0,10.5
2012-06-25,65,72.5,18.50,18.50,0.00,11.0,10.5
2012-06-26,3,66.0,0.00,0.00,0.00,0.0,16.9
2012-06-27,1,71.4,0.00,0.00,0.00,0.0,13.2
2012-06-28,3,76.7,0.00,0.00,0.00,0.0,8.8
2012-06-29,51,83.9,0.20,0.20,0.00,2.0,8.7
2012-06-30,3,84.3,0.00,0.00,0.00,0.0,8.9
2012-07-01,61,82.5,2.30,2.30,0.00,2.0,11.3
2012-07-02,2,79.4,0.00,0.00,0.00,0.0,7.9
2012-07-03,3,79.3,0.00,0.00,0.00,0.0,10.4
2012-07-04,61,80.8,3.40,3.40,0.00,4.0,9.5
2012-07-05,3,84.8,0.00,0.00,0.00,0.0,10.5
2012-07-06,3,80.6,0.00,0.00,0.00,0.0,9.2
2012-07-07,61,87.0,2.50,2.50,0.00,4.0,11.7
2012-07-08,3,81.0,0.00,0.00,0.00,0.0,9.4
2012-07-09,3,78.7,0.00,0.00,0.00,0.0,11.0
2012-07-10,3,76.7,0.00,0.00,0.00,0.0,10.4
2012-07-11,3,75.8,0.00,0.00,0.00,0.0,10.2
2012-07-12,3,77.1,0.00,0.00,0.00,0.0,11.9
2012-07-13,3,79.4,0.00,0.00,0.00,0.0,9.0
2012-07-14,3,80.1,0.00,0.00,0.00,0.0,10.8
2012-07-15,63,79.5,6.00,6.00,0.00,3.0,9.6
2012-07-16,51,82.1,0.40,0.40,0.00,2.0,9.5
2012-07-17,3,85.3,0.00,0.00,0.00,0.0,13.1
2012-07-18,53,88.3,0.90,0.90,0.00,2.0,11.7
2012-07-19,53,76.2,2.10,2.10,0.00,8.0,11.7
2012-07-20,63,68.3,38.90,38.90,0.00,22.0,15.1
2012-07-21,51,69.3,0.10,0.10,0.00,1.0,8.8
2012-07-22,2,72.4,0.00,0.00,0.00,0.0,10.0
2012-07-23,51,77.2,0.20,0.20,0.00,2.0,11.7
2012-07-24,3,81.5,0.00,0.00,0.00,0.0,12.2
2012-07-25,3,76.1,0.00,0.00,0.00,0.0,13.1
2012-07-26,61,79.3,6.30,6.30,0.00,6.0,13.7
2012-07-27,61,80.5,3.50,3.50,0.00,2.0,10.6
2012-07-28,61,76.0,15.10,15.10,0.00,15.0,8.3
2012-07-29,55,72.8,6.70,6.70,0.00,16.0,7.9
2012-07-30,51,72.4,0.90,0.90,0.00,7.0,9.5
2012-07-31,3,72.2,0.00,0.00,0.00,0.0,7.7
2012-08-01,63,73.6,6.30,6.30,0.00,9.0,7.7
2012-08-02,3,77.0,0.00,0.00,0.00,0.0,8.5
2012-08-03,3,80.0,0.00,0.00,0.00,0.0,10.5
2012-08-04,3,80.3,0.00,0.00,0.00,0.0,11.5
2012-08-05,61,82.1,3.60,3.60,0.00,3.0,14.8
2012-08-06,61,79.1,4.00,4.00,0.00,8.0,11.6
2012-08-07,3,75.1,0.00,0.00,0.00,0.0,7.2
2012-08-08,3,77.9,0.00,0.00,0.00,0.0,7.6
2012-08-09,51,78.8,0.50,0.50,0.00,2.0,11.9
2012-08-10,61,77.2,6.20,6.20,0.00,11.0,10.7
2012-08-11,61,77.5,4.40,4.40,0.00,9.0,13.4
2012-08-12,61,77.1,4.50,4.50,0.00,7.0,9.0
2012-08-13,3,76.1,0.00,0.00,0.00,0.0,8.3
2012-08-14,63,74.9,4.50,4.50,0.00,5.0,10.5
2012-08-15,63,74.4,23.10,23.10,0.00,17.0,6.8
2012-08-16,53,75.2,1.70,1.70,0.00,3.0,7.9
2012-08-17,51,76.2,0.70,0.70,0.00,2.0,10.5
2012-08-18,61,71.8,13.30,13.30,0.00,12.0,8.8
2012-08-19,3,69.4,0.00,0.00,0.00,0.0,7.3
2012-08-20,3,71.9,0.00,0.00,0.00,0.0,5.9
2012-08-21,3,72.7,0.00,0.00,0.00,0.0,6.0
2012-08-22,3,73.6,0.00,0.00,0.00,0.0,6.5
2012-08-23,3,74.1,0.00,0.00,0.00,0.0,8.9
2012-08-24,3,74.9,0.00,0.00,0.00,0.0,6.9
2012-08-25,51,74.6,0.40,0.40,0.00,2.0,11.0
2012-08-26,2,73.4,0.00,0.00,0.00,0.0,8.7
2012-08-27,61,73.9,4.10,4.10,0.00,9.0,10.5
2012-08-28,61,77.2,5.20,5.20,0.00,6.0,12.5
2012-08-29,1,72.0,0.00,0.00,0.00,0.0,10.5
2012-08-30,1,72.6,0.00,0.00,0.00,0.0,8.1
2012-08-31,1,78.2,0.00,0.00,0.00,0.0,10.8
2012-09-01,3,78.4,0.00,0.00,0.00,0.0,10.6
2012-09-02,51,74.5,0.80,0.80,0.00,4.0,8.3
2012-09-03,61,72.2,2.10,2.10,0.00,4.0,10.6
2012-09-04,61,74.6,10.30,10.30,0.00,18.0,11.6
2012-09-05,63,76.4,15.10,15.10,0.00,18.0,14.5
2012-09-06,3,74.3,0.00,0.00,0.00,0.0,5.0
2012-09-07,61,75.2,3.60,3.60,0.00,5.0,8.6
2012-09-08,63,74.7,12.20,12.20,0.00,9.0,17.7
2012-09-09,55,68.9,3.50,3.50,0.00,8.0,9.1
2012-09-10,3,65.2,0.00,0.00,0.00,0.0,13.8
2012-09-11,3,62.6,0.00,0.00,0.00,0.0,8.5
2012-09-12,1,67.5,0.00,0.00,0.00,0.0,8.1
2012-09-13,0,68.1,0.00,0.00,0.00,0.0,8.4
2012-09-14,3,68.7,0.00,0.00,0.00,0.0,9.6
2012-09-15,51,67.1,0.20,0.20,0.00,1.0,13.2
2012-09-16,3,64.3,0.00,0.00,0.00,0.0,6.3
2012-09-17,3,66.2,0.00,0.00,0.00,0.0,10.7
2012-09-18,63,70.7,30.10,30.10,0.00,20.0,26.6
2012-09-19,63,64.5,10.90,10.90,0.00,5.0,15.7
2012-09-20,51,61.5,0.30,0.30,0.00,2.0,10.1
2012-09-21,3,64.3,0.00,0.00,0.00,0.0,7.6
2012-09-22,51,66.7,0.80,0.80,0.00,3.0,14.1
2012-09-23,51,62.8,0.30,0.30,0.00,1.0,12.4
2012-09-24,3,58.6,0.00,0.00,0.00,0.0,8.8
2012-09-25,3,61.2,0.00,0.00,0.00,0.0,12.8
2012-09-26,51,67.8,0.40,0.40,0.00,2.0,11.8
2012-09-27,61,66.7,4.10,4.10,0.00,5.0,6.9
2012-09-28,63,67.1,11.50,11.50,0.00,21.0,12.4
2012-09-29,53,60.4,2.50,2.50,0.00,8.0,7.2
2012-09-30,51,59.9,0.20,0.20,0.00,1.0,9.9
2012-10-01,3,60.1,0.00,0.00,0.00,0.0,12.1
2012-10-02,63,64.8,19.20,19.20,0.00,8.0,10.1
2012-10-03,53,68.4,1.30,1.30,0.00,5.0,4.8
2012-10-04,61,68.5,4.20,4.20,0.00,7.0,4.2
2012-10-05,1,67.1,0.00,0.00,0.00,0.0,7.2
2012-10-06,51,65.7,0.20,0.20,0.00,1.0,13.3
2012-10-07,55,52.5,4.50,4.50,0.00,8.0,10.1
2012-10-08,51,50.8,1.20,1.20,0.00,4.0,8.4
2012-10-09,51,56.3,1.00,1.00,0.00,5.0,13.1
2012-10-10,51,60.1,1.20,1.20,0.00,6.0,13.0
2012-10-11,1,52.9,0.00,0.00,0.00,0.0,14.2
2012-10-12,3,50.2,0.00,0.00,0.00,0.0,14.6
2012-10-13,3,46.0,0.00,0.00,0.00,0.0,11.2
2012-10-14,3,59.5,0.00,0.00,0.00,0.0,14.7
2012-10-15,61,64.5,7.90,7.90,0.00,8.0,14.5
2012-10-16,51,54.3,0.20,0.20,0.00,1.0,16.0
2012-10-17,3,51.6,0.00,0.00,0.00,0.0,7.1
2012-10-18,51,57.0,0.30,0.30,0.00,1.0,11.8
2012-10-19,63,63.8,31.40,31.40,0.00,15.0,15.7
2012-10-20,51,61.5,0.30,0.30,0.00,2.0,11.6
2012-10-21,2,55.2,0.00,0.00,0.00,0.0,12.1
2012-10-22,1,55.9,0.00,0.00,0.00,0.0,11.0
2012-10-23,61,57.0,1.60,1.60,0.00,1.0,6.7
2012-10-24,53,58.6,2.30,2.30,0.00,7.0,6.8
2012-10-25,51,58.7,1.10,1.10,0.00,3.0,6.5
2012-10-26,3,60.8,0.00,0.00,0.00,0.0,5.5
2012-10-27,3,59.8,0.00,0.00,0.00,0.0,10.3
2012-10-28,51,56.6,0.40,0.40,0.00,2.0,19.5
2012-10-29,63,56.4,20.80,20.80,0.00,18.0,42.6
2012-10-30,55,53.7,8.20,8.20,0.00,15.0,32.0
2012-10-31,51,48.6,1.00,1.00,0.00,4.0,11.7
2012-11-01,3,47.4,0.00,0.00,0.00,0.0,11.8
2012-11-02,3,47.7,0.00,0.00,0.00,0.0,14.5
2012-11-03,3,44.0,0.00,0.00,0.00,0.0,15.6
2012-11-04,3,43.3,0.00,0.00,0.00,0.0,11.3
2012-11-05,3,41.7,0.00,0.00,0.00,0.0,10.4
2012-11-06,3,37.3,0.00,0.00,0.00,0.0,9.2
2012-11-07,75,36.6,5.30,20.90,10.92,16.0,23.0
2012-11-08,75,37.6,0.70,6.70,4.20,12.0,20.7
2012-11-09,0,38.8,0.00,0.00,0.00,0.0,14.2
2012-11-10,3,44.7,0.00,0.00,0.00,0.0,6.7
2012-11-11,2,50.9,0.00,0.00,0.00,0.0,9.6
2012-11-12,3,54.6,0.00,0.00,0.00,0.0,12.9
2012-11-13,55,49.6,4.90,4.90,0.00,10.0,16.0
2012-11-14,1,40.4,0.00,0.00,0.00,0.0,11.6
2012-11-15,3,38.8,0.00,0.00,0.00,0.0,9.8
2012-11-16,3,39.3,0.00,0.00,0.00,0.0,8.3
2012-11-17,1,40.5,0.00,0.00,0.00,0.0,10.3
2012-11-18,3,41.4,0.00,0.00,0.00,0.0,8.7
2012-11-19,3,43.7,0.00,0.00,0.00,0.0,10.5
2012-11-20,3,42.3,0.00,0.00,0.00,0.0,6.9
2012-11-21,3,42.9,0.00,0.00,0.00,0.0,7.6
2012-11-22,1,43.3,0.00,0.00,0.00,0.0,7.6
2012-11-23,51,44.5,0.20,0.20,0.00,1.0,8.3
2012-11-24,51,40.9,0.20,0.20,0.00,1.0,18.7
2012-11-25,3,35.7,0.00,0.00,0.00,0.0,14.6
2012-11-26,3,36.9,0.00,0.00,0.00,0.0,10.8
2012-11-27,73,36.5,9.20,10.30,0.77,14.0,11.3
2012-11-28,3,35.9,0.00,0.00,0.00,0.0,10.3
2012-11-29,3,35.6,0.00,0.00,0.00,0.0,11.0
2012-11-30,3,37.9,0.00,0.00,0.00,0.0,12.0
2012-12-01,51,43.6,0.10,0.10,0.00,1.0,13.7
2012-12-02,53,44.3,1.50,1.50,0.00,4.0,9.4
2012-12-03,53,50.5,0.70,0.70,0.00,2.0,8.6
2012-12-04,3,52.6,0.00,0.00,0.00,0.0,10.3
2012-12-05,51,49.5,0.80,0.80,0.00,3.0,16.9
2012-12-06,3,34.4,0.00,0.00,0.00,0.0,12.4
2012-12-07,53,37.7,2.80,2.80,0.00,9.0,5.4
2012-12-08,63,45.8,10.30,10.30,0.00,9.0,5.9
2012-12-09,53,44.8,4.70,4.70,0.00,14.0,13.5
2012-12-10,53,54.5,5.70,5.70,0.00,14.0,12.5
2012-12-11,51,45.7,0.70,0.70,0.00,5.0,12.2
2012-12-12,3,38.1,0.00,0.00,0.00,0.0,5.3
2012-12-13,3,37.8,0.00,0.00,0.00,0.0,6.4
2012-12-14,3,36.4,0.00,0.00,0.00,0.0,9.8
2012-12-15,3,36.9,0.00,0.00,0.00,0.0,6.4
2012-12-16,53,44.6,2.70,2.70,0.00,8.0,14.6
2012-12-17,53,43.9,5.80,5.80,0.00,11.0,13.1
2012-12-18,63,49.2,12.10,12.10,0.00,7.0,14.9
2012-12-19,1,41.5,0.00,0.00,0.00,0.0,17.2
2012-12-20,51,37.6,0.60,0.60,0.00,2.0,12.9
2012-12-21,63,46.2,22.40,22.40,0.00,13.0,30.9
2012-12-22,3,36.0,0.00,0.00,0.00,0.0,24.7
2012-12-23,3,35.5,0.00,0.00,0.00,0.0,14.6
2012-12-24,73,33.8,1.90,2.40,0.35,4.0,7.9
2012-12-25,71,37.5,1.40,1.50,0.07,4.0,10.6
2012-12-26,75,33.6,14.00,18.50,3.15,10.0,26.1
2012-12-27,63,38.7,10.60,10.60,0.00,15.0,29.8
2012-12-28,3,31.7,0.00,0.00,0.00,0.0,15.7
2012-12-29,73,32.5,5.10,10.00,3.50,14.0,12.9
2012-12-30,3,29.5,0.00,0.00,0.00,0.0,21.0
2012-12-31,3,31.2,0.00,0.00,0.00,0.0,13.8
2013-01-01,3,35.0,0.00,0.00,0.00,0.0,14.0
2013-01-02,3,26.6,0.00,0.00,0.00,0.0,11.7
2013-01-03,3,27.6,0.00,0.00,0.00,0.0,10.5
2013-01-04,1,31.7,0.00,0.00,0.00,0.0,15.3
2013-01-05,3,33.4,0.00,0.00,0.00,0.0,12.9
2013-01-06,71,35.5,0.00,0.40,0.35,2.0,7.8
2013-01-07,0,35.4,0.00,0.00,0.00,0.0,10.1
2013-01-08,3,35.4,0.00,0.00,0.00,0.0,10.0
2013-01-09,3,39.8,0.00,0.00,0.00,0.0,15.3
2013-01-10,3,39.2,0.00,0.00,0.00,0.0,14.3
2013-01-11,61,37.8,10.00,10.00,0.00,9.0,8.5
2013-01-12,55,45.2,1.90,1.90,0.00,4.0,8.1
2013-01-13,3,44.5,0.00,0.00,0.00,0.0,7.2
2013-01-14,51,50.4,0.40,0.40,0.00,3.0,10.0
2013-01-15,55,38.0,3.80,3.80,0.00,7.0,8.5
2013-01-16,75,35.0,8.90,15.60,4.69,18.0,9.1
2013-01-17,71,37.9,0.00,0.10,0.07,1.0,9.1
2013-01-18,73,29.6,0.10,1.30,0.91,5.0,13.9
2013-01-19,2,36.7,0.00,0.00,0.00,0.0,17.5
2013-01-20,2,41.9,0.00,0.00,0.00,0.0,18.1
2013-01-21,71,30.2,0.00,0.30,0.42,2.0,12.7
2013-01-22,3,22.7,0.00,0.00,0.00,0.0,18.2
2013-01-23,3,17.0,0.00,0.00,0.00,0.0,15.6
2013-01-24,3,18.6,0.00,0.00,0.00,0.0,20.8
2013-01-25,73,19.3,0.00,1.10,0.77,5.0,14.4
2013-01-26,3,21.4,0.00,0.00,0.00,0.0,11.6
2013-01-27,3,23.4,0.00,0.00,0.00,0.0,10.1
2013-01-28,73,30.1,3.80,5.20,1.05,12.0,12.7
2013-01-29,51,39.6,0.10,0.10,0.00,1.0,9.1
2013-01-30,51,50.4,0.10,0.10,0.00,1.0,17.8
2013-01-31,63,45.3,16.10,16.10,0.00,9.0,34.4
2013-02-01,3,29.2,0.00,0.00,0.00,0.0,18.6
2013-02-02,73,25.1,0.00,0.50,0.42,2.0,14.1
2013-02-03,73,26.9,0.00,1.20,0.91,5.0,7.1
2013-02-04,3,25.7,0.00,0.00,0.00,0.0,15.8
2013-02-05,73,28.7,0.00,1.30,1.47,9.0,6.7
2013-02-06,71,31.4,0.00,0.10,0.28,1.0,12.4
2013-02-07,3,27.4,0.00,0.00,0.00,0.0,8.9
2013-02-08,75,34.4,10.30,41.30,21.70,17.0,21.5
2013-02-09,75,25.7,0.00,17.50,12.32,8.0,18.9
2013-02-10,3,16.8,0.00,0.00,0.00,0.0,11.9
2013-02-11,61,35.8,11.10,11.10,0.00,9.0,9.9
2013-02-12,53,35.3,0.60,0.60,0.00,1.0,13.8
2013-02-13,51,31.5,1.00,1.00,0.00,4.0,7.6
2013-02-14,73,32.7,0.10,1.00,0.63,3.0,7.8
2013-02-15,3,34.8,0.00,0.00,0.00,0.0,8.3
2013-02-16,73,33.3,0.40,1.00,0.77,4.0,12.8
2013-02-17,73,25.1,0.00,1.40,1.05,7.0,22.8
2013-02-18,3,21.6,0.00,0.00,0.00,0.0,20.8
2013-02-19,61,34.1,6.10,6.10,0.00,7.0,16.3
2013-02-20,3,30.6,0.00,0.00,0.00,0.0,19.3
2013-02-21,1,26.4,0.00,0.00,0.00,0.0,18.3
2013-02-22,71,29.2,0.00,0.10,0.07,1.0,15.7
2013-02-23,53,38.3,4.10,4.10,0.00,13.0,13.5
2013-02-24,51,38.5,0.10,0.10,0.00,1.0,13.7
2013-02-25,3,36.2,0.00,0.00,0.00,0.0,11.5
2013-02-26,51,37.2,0.80,0.80,0.00,3.0,18.1
2013-02-27,61,43.8,13.10,13.10,0.00,16.0,23.9
2013-02-28,51,40.5,0.90,0.90,0.00,4.0,8.8
2013-03-01,3,38.4,0.00,0.00,0.00,0.0,10.0
2013-03-02,71,35.0,0.00,0.10,0.28,1.0,10.5
2013-03-03,71,33.4,0.00,0.00,0.07,0.0,11.9
2013-03-04,0,32.5,0.00,0.00,0.00,0.0,16.4
2013-03-05,3,36.1,0.00,0.00,0.00,0.0,13.9
2013-03-06,73,36.7,3.50,4.50,0.70,12.0,24.0
2013-03-07,73,35.5,1.30,8.20,4.90,22.0,20.6
2013-03-08,73,34.2,0.60,11.20,7.42,20.0,15.9
2013-03-09,2,38.3,0.00,0.00,0.00,0.0,16.1
2013-03-10,2,36.1,0.00,0.00,0.00,0.0,8.1
2013-03-11,3,42.4,0.00,0.00,0.00,0.0,11.8
2013-03-12,63,49.6,19.00,19.00,0.00,14.0,20.9
2013-03-13,3,41.2,0.00,0.00,0.00,0.0,11.2
2013-03-14,3,34.7,0.00,0.00,0.00,0.0,21.1
2013-03-15,3,36.8,0.00,0.00,0.00,0.0,17.3
2013-03-16,73,35.0,0.10,2.50,1.68,7.0,8.9
2013-03-17,3,34.2,0.00,0.00,0.00,0.0,12.3
2013-03-18,75,31.8,0.60,6.60,4.27,7.0,16.6
2013-03-19,73,38.5,5.20,6.80,1.12,9.0,20.0
2013-03-20,3,36.3,0.00,0.00,0.00,0.0,17.6
2013-03-21,71,34.4,0.00,0.20,0.21,2.0,13.5
2013-03-22,3,34.0,0.00,0.00,0.00,0.0,14.6
2013-03-23,3,36.6,0.00,0.00,0.00,0.0,17.8
2013-03-24,3,36.8,0.00,0.00,0.00,0.0,10.6
2013-03-25,73,35.8,6.00,7.50,1.05,15.0,12.8
2013-03-26,3,39.7,0.00,0.00,0.00,0.0,8.7
2013-03-27,51,41.2,0.20,0.20,0.00,1.0,11.7
2013-03-28,51,41.4,0.50,0.50,0.00,4.0,11.3
2013-03-29,3,43.4,0.00,0.00,0.00,0.0,9.5
2013-03-30,3,44.1,0.00,0.00,0.00,0.0,8.1
2013-03-31,53,43.8,2.80,2.80,0.00,6.0,13.7
2013-04-01,53,48.2,0.70,0.70,0.00,3.0,15.0
2013-04-02,3,37.4,0.00,0.00,0.00,0.0,18.4
2013-04-03,3,37.5,0.00,0.00,0.00,0.0,17.6
2013-04-04,3,38.6,0.00,0.00,0.00,0.0,12.9
2013-04-05,3,46.1,0.00,0.00,0.00,0.0,15.4
2013-04-06,2,40.7,0.00,0.00,0.00,0.0,14.8
2013-04-07,3,45.3,0.00,0.00,0.00,0.0,17.3
2013-04-08,3,54.0,0.00,0.00,0.00,0.0,10.4
2013-04-09,3,63.9,0.00,0.00,0.00,0.0,13.7
2013-04-10,3,59.7,0.00,0.00,0.00,0.0,10.3
2013-04-11,53,54.3,1.60,1.60,0.00,6.0,11.8
2013-04-12,63,43.6,15.90,15.90,0.00,18.0,20.0
2013-04-13,51,47.5,0.20,0.20,0.00,2.0,10.7
2013-04-14,3,48.9,0.00,0.00,0.00,0.0,14.3
2013-04-15,3,46.4,0.00,0.00,0.00,0.0,9.2
2013-04-16,53,52.7,0.60,0.60,0.00,1.0,17.2
2013-04-17,51,58.6,0.90,0.90,0.00,5.0,12.2
2013-04-18,3,50.9,0.00,0.00,0.00,0.0,12.4
2013-04-19,51,61.7,0.20,0.20,0.00,2.0,20.3
2013-04-20,61,53.7,9.40,9.40,0.00,8.0,15.4
2013-04-21,3,44.5,0.00,0.00,0.00,0.0,14.3
2013-04-22,3,44.9,0.00,0.00,0.00,0.0,16.4
2013-04-23,3,44.8,0.00,0.00,0.00,0.0,13.9
2013-04-24,3,52.7,0.00,0.00,0.00,0.0,14.1
2013-04-25,51,54.8,0.40,0.40,0.00,2.0,16.3
2013-04-26,3,53.0,0.00,0.00,0.00,0.0,8.0
2013-04-27,2,53.6,0.00,0.00,0.00,0.0,9.6
2013-04-28,3,54.7,0.00,0.00,0.00,0.0,12.6
2013-04-29,3,53.5,0.00,0.00,0.00,0.0,9.2
2013-04-30,3,55.2,0.00,0.00,0.00,0.0,10.5
2013-05-01,0,52.8,0.00,0.00,0.00,0.0,11.1
2013-05-02,2,55.7,0.00,0.00,0.00,0.0,8.5
2013-05-03,3,54.0,0.00,0.00,0.00,0.0,11.0
2013-05-04,0,53.0,0.00,0.00,0.00,0.0,11.1
2013-05-05,2,50.1,0.00,0.00,0.00,0.0,9.3
2013-05-06,3,52.9,0.00,0.00,0.00,0.0,8.7
2013-05-07,3,57.1,0.00,0.00,0.00,0.0,9.3
2013-05-08,63,58.2,18.30,18.30,0.00,10.0,10.9
2013-05-09,61,58.5,6.70,6.70,0.00,9.0,6.4
2013-05-10,3,63.8,0.00,0.00,0.00,0.0,9.8
2013-05-11,63,64.5,14.40,14.40,0.00,16.0,13.5
2013-05-12,51,60.9,0.50,0.50,0.00,3.0,16.6
2013-05-13,3,50.4,0.00,0.00,0.00,0.0,13.6
2013-05-14,3,50.3,0.00,0.00,0.00,0.0,9.7
2013-05-15,51,57.6,0.50,0.50,0.00,3.0,13.7
2013-05-16,3,66.5,0.00,0.00,0.00,0.0,10.2
2013-05-17,3,62.8,0.00,0.00,0.00,0.0,10.4
2013-05-18,51,60.0,0.60,0.60,0.00,3.0,8.4
2013-05-19,51,58.3,2.90,2.90,0.00,13.0,11.9
2013-05-20,3,65.8,0.00,0.00,0.00,0.0,7.4
2013-05-21,3,72.9,0.00,0.00,0.00,0.0,11.3
2013-05-22,53,73.2,2.10,2.10,0.00,4.0,9.4
2013-05-23,61,69.9,12.80,12.80,0.00,14.0,14.8
2013-05-24,55,58.9,8.70,8.70,0.00,16.0,16.7
2013-05-25,53,48.8,12.90,12.90,0.00,20.0,21.7
2013-05-26,3,55.6,0.00,0.00,0.00,0.0,19.9
2013-05-27,3,59.1,0.00,0.00,0.00,0.0,9.0
2013-05-28,61,57.6,5.30,5.30,0.00,7.0,6.9
2013-05-29,51,68.8,0.30,0.30,0.00,2.0,9.2
2013-05-30,2,77.1,0.00,0.00,0.00,0.0,10.4
2013-05-31,3,77.8,0.00,0.00,0.00,0.0,10.7
2013-06-01,1,77.3,0.00,0.00,0.00,0.0,12.0
2013-06-02,53,77.3,2.50,2.50,0.00,5.0,15.0
2013-06-03,63,71.0,27.90,27.90,0.00,12.0,12.0
2013-06-04,3,65.4,0.00,0.00,0.00,0.0,12.5
2013-06-05,3,62.8,0.00,0.00,0.00,0.0,8.9
2013-06-06,53,62.4,0.90,0.90,0.00,2.0,11.9
2013-06-07,63,61.0,41.70,41.70,0.00,24.0,14.6
2013-06-08,61,66.4,8.50,8.50,0.00,6.0,15.8
2013-06-09,3,69.3,0.00,0.00,0.00,0.0,6.9
2013-06-10,63,65.5,24.70,24.70,0.00,14.0,13.9
2013-06-11,63,72.4,7.80,7.80,0.00,8.0,15.2
2013-06-12,3,68.6,0.00,0.00,0.00,0.0,16.0
2013-06-13,63,61.8,30.30,30.30,0.00,15.0,19.6
2013-06-14,61,61.9,6.60,6.60,0.00,11.0,19.7
2013-06-15,2,68.6,0.00,0.00,0.00,0.0,9.5
2013-06-16,3,70.3,0.00,0.00,0.00,0.0,12.4
2013-06-17,3,73.6,0.00,0.00,0.00,0.0,9.5
2013-06-18,53,70.4,3.00,3.00,0.00,8.0,8.4
2013-06-19,3,67.2,0.00,0.00,0.00,0.0,11.0
2013-06-20,3,66.9,0.00,0.00,0.00,0.0,10.8
2013-06-21,3,68.8,0.00,0.00,0.00,0.0,10.8
2013-06-22,3,69.7,0.00,0.00,0.00,0.0,11.6
2013-06-23,3,74.2,0.00,0.00,0.00,0.0,13.4
2013-06-24,53,79.9,0.70,0.70,0.00,1.0,10.8
2013-06-25,3,80.4,0.00,0.00,0.00,0.0,13.3
2013-06-26,55,79.6,3.50,3.50,0.00,6.0,12.0
2013-06-27,63,76.4,12.10,12.10,0.00,5.0,16.1
2013-06-28,63,76.8,10.50,10.50,0.00,12.0,14.7
2013-06-29,61,75.5,3.90,3.90,0.00,10.0,12.2
2013-06-30,53,74.6,0.80,0.80,0.00,2.0,14.2
2013-07-01,61,74.2,9.40,9.40,0.00,15.0,12.3
2013-07-02,61,75.8,4.60,4.60,0.00,11.0,11.9
2013-07-03,61,76.7,4.40,4.40,0.00,9.0,10.9
2013-07-04,3,79.8,0.00,0.00,0.00,0.0,11.1
2013-07-05,2,80.7,0.00,0.00,0.00,0.0,11.0
2013-07-06,3,82.9,0.00,0.00,0.00,0.0,10.9
2013-07-07,3,83.4,0.00,0.00,0.00,0.0,9.5
2013-07-08,3,80.6,0.00,0.00,0.00,0.0,9.9
2013-07-09,53,80.1,0.60,0.60,0.00,1.0,8.2
2013-07-10,63,79.1,10.80,10.80,0.00,6.0,13.0
2013-07-11,61,77.7,6.10,6.10,0.00,7.0,9.7
2013-07-12,53,73.2,4.40,4.40,0.00,10.0,13.5
2013-07-13,55,75.2,5.90,5.90,0.00,15.0,13.2
2013-07-14,51,80.0,0.20,0.20,0.00,2.0,8.9
2013-07-15,2,83.0,0.00,0.00,0.00,0.0,9.4
2013-07-16,1,83.0,0.00,0.00,0.00,0.0,8.6
2013-07-17,1,83.6,0.00,0.00,0.00,0.0,8.9
2013-07-18,51,86.6,0.20,0.20,0.00,1.0,8.4
2013-07-19,51,86.7,0.30,0.30,0.00,1.0,14.3
2013-07-20,63,84.0,10.70,10.70,0.00,5.0,14.3
2013-07-21,55,78.1,1.50,1.50,0.00,2.0,7.7
2013-07-22,53,77.1,2.10,2.10,0.00,7.0,9.0
2013-07-23,63,78.8,21.80,21.80,0.00,13.0,8.9
2013-07-24,3,77.0,0.00,0.00,0.00,0.0,12.1
2013-07-25,53,66.6,4.20,4.20,0.00,9.0,13.1
2013-07-26,51,71.5,0.10,0.10,0.00,1.0,10.4
2013-07-27,3,72.6,0.00,0.00,0.00,0.0,10.8
2013-07-28,51,72.4,0.40,0.40,0.00,2.0,11.3
2013-07-29,63,74.2,17.10,17.10,0.00,8.0,9.1
2013-07-30,3,71.7,0.00,0.00,0.00,0.0,8.8
2013-07-31,3,71.7,0.00,0.00,0.00,0.0,8.0
2013-08-01,61,70.2,10.40,10.40,0.00,10.0,11.2
2013-08-02,3,73.9,0.00,0.00,0.00,0.0,11.1
2013-08-03,53,70.3,2.70,2.70,0.00,7.0,9.9
2013-08-04,1,70.7,0.00,0.00,0.00,0.0,10.6
2013-08-05,3,68.5,0.00,0.00,0.00,0.0,9.7
2013-08-06,3,70.5,0.00,0.00,0.00,0.0,9.7
2013-08-07,3,70.3,0.00,0.00,0.00,0.0,11.8
2013-08-08,61,74.7,4.60,4.60,0.00,10.0,12.8
2013-08-09,61,75.7,7.30,7.30,0.00,15.0,14.3
2013-08-10,3,75.2,0.00,0.00,0.00,0.0,10.4
2013-08-11,3,71.6,0.00,0.00,0.00,0.0,8.8
2013-08-12,55,73.3,3.30,3.30,0.00,8.0,7.3
2013-08-13,63,72.7,12.80,12.80,0.00,8.0,6.8
2013-08-14,3,68.1,0.00,0.00,0.00,0.0,17.3
2013-08-15,2,66.9,0.00,0.00,0.00,0.0,8.5
2013-08-16,3,68.8,0.00,0.00,0.00,0.0,7.9
2013-08-17,3,70.0,0.00,0.00,0.00,0.0,5.9
2013-08-18,3,69.9,0.00,0.00,0.00,0.0,6.6
2013-08-19,51,71.6,0.20,0.20,0.00,1.0,8.1
2013-08-20,2,75.6,0.00,0.00,0.00,0.0,6.7
2013-08-21,3,77.2,0.00,0.00,0.00,0.0,7.4
2013-08-22,53,76.3,1.40,1.40,0.00,5.0,9.7
2013-08-23,3,75.3,0.00,0.00,0.00,0.0,10.9
2013-08-24,51,70.3,0.30,0.30,0.00,1.0,10.2
2013-08-25,3,71.3,0.00,0.00,0.00,0.0,10.4
2013-08-26,53,72.9,1.30,1.30,0.00,4.0,11.2
2013-08-27,53,76.8,2.00,2.00,0.00,4.0,13.5
2013-08-28,51,75.9,0.60,0.60,0.00,3.0,6.1
2013-08-29,51,72.7,0.20,0.20,0.00,2.0,8.4
2013-08-30,3,74.4,0.00,0.00,0.00,0.0,10.5
2013-08-31,51,77.1,0.20,0.20,0.00,1.0,11.3
2013-09-01,53,76.5,2.70,2.70,0.00,7.0,8.9
2013-09-02,61,75.5,4.50,4.50,0.00,8.0,7.5
2013-09-03,61,75.4,3.60,3.60,0.00,5.0,9.3
2013-09-04,0,71.9,0.00,0.00,0.00,0.0,9.4
2013-09-05,3,69.9,0.00,0.00,0.00,0.0,10.9
2013-09-06,2,63.1,0.00,0.00,0.00,0.0,10.5
2013-09-07,3,66.7,0.00,0.00,0.00,0.0,8.8
2013-09-08,51,70.8,0.10,0.10,0.00,1.0,12.7
2013-09-09,3,64.3,0.00,0.00,0.00,0.0,10.7
2013-09-10,51,75.3,0.50,0.50,0.00,2.0,12.7
2013-09-11,3,81.6,0.00,0.00,0.00,0.0,11.0
2013-09-12,63,78.7,8.30,8.30,0.00,6.0,13.0
2013-09-13,51,70.5,0.60,0.60,0.00,3.0,12.9
2013-09-14,3,61.7,0.00,0.00,0.00,0.0,11.5
2013-09-15,3,62.1,0.00,0.00,0.00,0.0,7.8
2013-09-16,51,63.7,0.60,0.60,0.00,3.0,13.5
2013-09-17,0,57.1,0.00,0.00,0.00,0.0,15.4
2013-09-18,0,60.1,0.00,0.00,0.00,0.0,6.8
2013-09-19,0,63.2,0.00,0.00,0.00,0.0,7.7
2013-09-20,0,64.6,0.00,0.00,0.00,0.0,10.3
2013-09-21,51,66.6,1.70,1.70,0.00,9.0,18.0
2013-09-22,63,64.7,18.70,18.70,0.00,7.0,12.9
2013-09-23,0,57.1,0.00,0.00,0.00,0.0,11.2
2013-09-24,1,58.3,0.00,0.00,0.00,0.0,9.5
2013-09-25,3,60.3,0.00,0.00,0.00,0.0,9.4
2013-09-26,51,61.0,0.30,0.30,0.00,2.0,7.5
2013-09-27,3,60.1,0.00,0.00,0.00,0.0,7.4
2013-09-28,2,63.1,0.00,0.00,0.00,0.0,7.9
2013-09-29,3,60.9,0.00,0.00,0.00,0.0,5.9
2013-09-30,3,60.6,0.00,0.00,0.00,0.0,5.6
2013-10-01,1,66.2,0.00,0.00,0.00,0.0,6.5
2013-10-02,0,69.7,0.00,0.00,0.00,0.0,10.1
2013-10-03,3,68.3,0.00,0.00,0.00,0.0,7.0
2013-10-04,3,71.7,0.00,0.00,0.00,0.0,6.4
2013-10-05,3,69.1,0.00,0.00,0.00,0.0,7.8
2013-10-06,51,68.4,0.10,0.10,0.00,1.0,12.4
2013-10-07,63,67.9,9.50,9.50,0.00,11.0,22.4
2013-10-08,3,60.2,0.00,0.00,0.00,0.0,10.6
2013-10-09,3,58.3,0.00,0.00,0.00,0.0,14.3
2013-10-10,63,57.3,21.70,21.70,0.00,19.0,16.5
2013-10-11,63,61.9,9.60,9.60,0.00,10.0,16.0
2013-10-12,3,62.1,0.00,0.00,0.00,0.0,16.0
2013-10-13,3,58.8,0.00,0.00,0.00,0.0,16.1
2013-10-14,3,57.1,0.00,0.00,0.00,0.0,7.8
2013-10-15,2,57.7,0.00,0.00,0.00,0.0,7.2
2013-10-16,51,60.5,0.10,0.10,0.00,1.0,7.8
2013-10-17,3,63.7,0.00,0.00,0.00,0.0,11.3
2013-10-18,51,60.9,0.30,0.30,0.00,2.0,14.3
2013-10-19,53,56.2,0.90,0.90,0.00,2.0,9.8
2013-10-20,51,54.9,0.20,0.20,0.00,1.0,13.5
2013-10-21,0,54.2,0.00,0.00,0.00,0.0,12.3
2013-10-22,3,56.2,0.00,0.00,0.00,0.0,9.6
2013-10-23,51,49.2,0.40,0.40,0.00,4.0,10.2
2013-10-24,51,46.4,0.20,0.20,0.00,2.0,15.5
2013-10-25,3,45.4,0.00,0.00,0.00,0.0,16.2
2013-10-26,2,46.0,0.00,0.00,0.00,0.0,16.6
2013-10-27,3,50.1,0.00,0.00,0.00,0.0,12.4
2013-10-28,3,48.7,0.00,0.00,0.00,0.0,11.8
2013-10-29,3,48.1,0.00,0.00,0.00,0.0,9.2
2013-10-30,3,53.7,0.00,0.00,0.00,0.0,6.8
2013-10-31,51,59.0,1.10,1.10,0.00,3.0,16.0
2013-11-01,53,64.5,2.30,2.30,0.00,6.0,22.6
2013-11-02,3,57.6,0.00,0.00,0.00,0.0,7.2
2013-11-03,3,47.1,0.00,0.00,0.00,0.0,13.5
2013-11-04,3,39.5,0.00,0.00,0.00,0.0,12.8
2013-11-05,3,46.5,0.00,0.00,0.00,0.0,8.4
2013-11-06,3,51.2,0.00,0.00,0.00,0.0,11.1
2013-11-07,53,54.0,2.50,2.50,0.00,8.0,14.1
2013-11-08,3,43.8,0.00,0.00,0.00,0.0,17.6
2013-11-09,3,42.0,0.00,0.00,0.00,0.0,10.9
2013-11-10,2,47.4,0.00,0.00,0.00,0.0,20.6
2013-11-11,3,45.7,0.00,0.00,0.00,0.0,15.1
2013-11-12,71,40.1,2.10,2.50,0.28,7.0,15.7
2013-11-13,0,33.2,0.00,0.00,0.00,0.0,13.3
2013-11-14,2,39.3,0.00,0.00,0.00,0.0,13.8
2013-11-15,3,43.2,0.00,0.00,0.00,0.0,10.1
2013-11-16,51,46.3,0.80,0.80,0.00,3.0,7.0
2013-11-17,3,54.0,0.00,0.00,0.00,0.0,10.6
2013-11-18,63,58.2,9.20,9.20,0.00,7.0,20.4
2013-11-19,3,43.3,0.00,0.00,0.00,0.0,18.0
2013-11-20,3,35.9,0.00,0.00,0.00,0.0,12.9
2013-11-21,3,39.9,0.00,0.00,0.00,0.0,8.0
2013-11-22,55,49.4,3.00,3.00,0.00,6.0,9.6
2013-11-23,51,43.2,0.10,0.10,0.00,1.0,18.3
2013-11-24,71,27.6,0.00,0.00,0.07,0.0,25.5
2013-11-25,3,28.1,0.00,0.00,0.00,0.0,17.6
2013-11-26,61,35.7,6.50,6.50,0.00,9.0,13.6
2013-11-27,63,47.2,52.80,52.80,0.00,21.0,24.9
2013-11-28,3,31.4,0.00,0.00,0.00,0.0,19.2
2013-11-29,3,31.3,0.00,0.00,0.00,0.0,8.0
2013-11-30,3,30.9,0.00,0.00,0.00,0.0,8.2
2013-12-01,3,38.7,0.00,0.00,0.00,0.0,6.9
2013-12-02,3,39.3,0.00,0.00,0.00,0.0,6.5
2013-12-03,3,39.7,0.00,0.00,0.00,0.0,6.7
2013-12-04,3,41.8,0.00,0.00,0.00,0.0,5.6
2013-12-05,3,51.7,0.00,0.00,0.00,0.0,7.9
2013-12-06,63,48.7,15.50,15.50,0.00,21.0,12.2
2013-12-07,63,36.6,8.50,8.50,0.00,6.0,12.1
2013-12-08,73,30.5,0.00,3.20,2.24,10.0,10.9
2013-12-09,73,38.2,6.80,8.40,1.12,14.0,14.6
2013-12-10,75,31.6,0.10,5.80,4.06,7.0,14.3
2013-12-11,2,26.0,0.00,0.00,0.00,0.0,13.9
2013-12-12,3,20.9,0.00,0.00,0.00,0.0,13.0
2013-12-13,3,24.2,0.00,0.00,0.00,0.0,16.0
2013-12-14,73,27.5,3.50,10.60,5.04,13.0,18.3
2013-12-15,71,36.0,20.10,20.30,0.14,6.0,21.4
2013-12-16,3,24.8,0.00,0.00,0.00,0.0,14.3
2013-12-17,73,28.3,2.80,7.00,3.01,13.0,10.5
2013-12-18,3,25.1,0.00,0.00,0.00,0.0,12.9
2013-12-19,3,30.6,0.00,0.00,0.00,0.0,11.1
2013-12-20,3,39.1,0.00,0.00,0.00,0.0,10.3
2013-12-21,51,50.4,0.50,0.50,0.00,2.0,12.6
2013-12-22,51,61.7,0.60,0.60,0.00,3.0,18.8
2013-12-23,63,54.6,19.00,19.00,0.00,16.0,12.4
2013-12-24,3,36.7,0.00,0.00,0.00,0.0,16.0
2013-12-25,3,26.0,0.00,0.00,0.00,0.0,15.4
2013-12-26,3,30.5,0.00,0.00,0.00,0.0,10.3
2013-12-27,3,30.9,0.00,0.00,0.00,0.0,10.7
2013-12-28,3,36.4,0.00,0.00,0.00,0.0,12.3
2013-12-29,63,38.7,25.30,25.30,0.00,10.0,16.0
2013-12-30,3,34.7,0.00,0.00,0.00,0.0,13.0
2013-12-31,3,27.1,0.00,0.00,0.00,0.0,13.7
2014-01-01,3,28.0,0.00,0.00,0.00,0.0,11.6
2014-01-02,73,28.2,0.20,4.10,3.01,10.0,17.8
2014-01-03,75,10.7,0.10,10.60,7.35,12.0,22.4
2014-01-04,2,9.8,0.00,0.00,0.00,0.0,8.9
2014-01-05,51,26.6,0.30,0.30,0.00,2.0,13.7
2014-01-06,61,43.3,8.50,8.50,0.00,14.0,20.2
2014-01-07,0,9.7,0.00,0.00,0.00,0.0,23.3
2014-01-08,3,15.6,0.00,0.00,0.00,0.0,12.7
2014-01-09,3,23.9,0.00,0.00,0.00,0.0,7.1
2014-01-10,71,31.6,1.80,2.10,0.28,5.0,5.4
2014-01-11,61,49.0,15.30,15.30,0.00,20.0,19.7
2014-01-12,3,40.4,0.00,0.00,0.00,0.0,14.7
2014-01-13,3,38.6,0.00,0.00,0.00,0.0,13.2
2014-01-14,61,43.8,11.30,11.30,0.00,14.0,11.8
2014-01-15,3,38.7,0.00,0.00,0.00,0.0,8.0
2014-01-16,3,37.6,0.00,0.00,0.00,0.0,8.1
2014-01-17,3,33.6,0.00,0.00,0.00,0.0,8.4
2014-01-18,55,35.2,3.40,3.40,0.00,6.0,12.3
2014-01-19,3,30.1,0.00,0.00,0.00,0.0,14.5
2014-01-20,3,36.3,0.00,0.00,0.00,0.0,15.1
2014-01-21,75,22.8,0.00,8.90,6.37,12.0,16.6
2014-01-22,71,8.7,0.00,1.40,1.12,8.0,18.1
2014-01-23,3,5.6,0.00,0.00,0.00,0.0,13.6
2014-01-24,3,6.4,0.00,0.00,0.00,0.0,12.7
2014-01-25,73,19.8,0.00,1.10,0.91,4.0,16.6
2014-01-26,71,16.7,0.00,0.10,0.14,1.0,14.3
2014-01-27,3,31.6,0.00,0.00,0.00,0.0,16.6
2014-01-28,3,15.0,0.00,0.00,0.00,0.0,11.9
2014-01-29,73,16.3,0.00,1.90,1.40,8.0,12.6
2014-01-30,3,15.9,0.00,0.00,0.00,0.0,9.0
2014-01-31,3,27.0,0.00,0.00,0.00,0.0,8.8
2014-02-01,3,33.9,0.00,0.00,0.00,0.0,8.9
2014-02-02,3,39.0,0.00,0.00,0.00,0.0,7.9
2014-02-03,75,33.0,1.10,27.70,18.62,17.0,11.9
2014-02-04,3,23.7,0.00,0.00,0.00,0.0,7.7
2014-02-05,75,30.8,14.90,25.50,7.56,16.0,17.0
2014-02-06,3,22.6,0.00,0.00,0.00,0.0,12.3
2014-02-07,3,17.8,0.00,0.00,0.00,0.0,10.3
2014-02-08,71,16.2,0.00,0.00,0.14,0.0,9.6
2014-02-09,73,17.6,0.00,2.30,1.61,5.0,7.5
2014-02-10,73,19.2,0.00,0.30,0.28,1.0,12.1
2014-02-11,0,9.7,0.00,0.00,0.00,0.0,9.5
2014-02-12,3,10.5,0.00,0.00,0.00,0.0,9.3
2014-02-13,75,31.2,10.90,40.80,21.00,19.0,24.7
2014-02-14,75,33.1,4.50,11.80,5.18,8.0,20.9
2014-02-15,73,29.2,0.10,4.90,3.43,10.0,18.1
2014-02-16,71,22.0,0.00,0.00,0.14,0.0,18.7
2014-02-17,3,18.6,0.00,0.00,0.00,0.0,13.7
2014-02-18,73,29.4,2.00,3.70,1.19,7.0,13.0
2014-02-19,61,32.6,5.40,5.40,0.00,6.0,14.1
2014-02-20,51,34.5,0.20,0.20,0.00,1.0,12.8
2014-02-21,63,40.8,4.70,4.70,0.00,7.0,19.4
2014-02-22,2,34.5,0.00,0.00,0.00,0.0,14.3
2014-02-23,3,37.7,0.00,0.00,0.00,0.0,9.9
2014-02-24,51,31.5,0.80,0.80,0.00,4.0,19.3
2014-02-25,71,23.5,0.00,0.00,0.14,0.0,17.5
2014-02-26,71,23.9,0.00,0.60,0.56,4.0,14.5
2014-02-27,71,22.8,0.00,0.30,0.28,2.0,18.4
2014-02-28,0,14.4,0.00,0.00,0.00,0.0,17.6
2014-03-01,3,26.4,0.00,0.00,0.00,0.0,8.7
2014-03-02,71,30.8,0.20,0.80,0.42,5.0,7.3
2014-03-03,73,21.1,0.00,3.50,2.59,9.0,13.5
2014-03-04,3,16.1,0.00,0.00,0.00,0.0,8.1
2014-03-05,3,28.4,0.00,0.00,0.00,0.0,10.4
2014-03-06,3,21.3,0.00,0.00,0.00,0.0,14.3
2014-03-07,3,30.5,0.00,0.00,0.00,0.0,10.7
2014-03-08,3,37.5,0.00,0.00,0.00,0.0,10.8
2014-03-09,51,35.1,0.50,0.50,0.00,3.0,12.8
2014-03-10,3,37.5,0.00,0.00,0.00,0.0,8.2
2014-03-11,3,46.2,0.00,0.00,0.00,0.0,9.7
2014-03-12,55,48.7,2.70,2.70,0.00,6.0,14.9
2014-03-13,51,24.4,0.10,0.10,0.00,1.0,22.8
2014-03-14,3,31.5,0.00,0.00,0.00,0.0,15.7
2014-03-15,3,46.3,0.00,0.00,0.00,0.0,18.2
2014-03-16,3,32.9,0.00,0.00,0.00,0.0,13.0
2014-03-17,71,28.6,0.00,0.70,0.63,5.0,12.8
2014-03-18,2,31.1,0.00,0.00,0.00,0.0,10.9
2014-03-19,63,36.2,10.10,10.10,0.00,7.0,13.8
2014-03-20,63,44.6,5.70,5.70,0.00,3.0,16.1
2014-03-21,2,39.6,0.00,0.00,0.00,0.0,16.2
2014-03-22,3,45.2,0.00,0.00,0.00,0.0,15.2
2014-03-23,3,35.7,0.00,0.00,0.00,0.0,13.7
2014-03-24,3,28.1,0.00,0.00,0.00,0.0,15.5
2014-03-25,73,30.6,0.00,0.90,0.70,4.0,9.9
2014-03-26,73,31.3,0.00,1.80,1.33,8.0,23.3
2014-03-27,3,31.4,0.00,0.00,0.00,0.0,15.4
2014-03-28,53,46.5,0.90,0.90,0.00,2.0,17.4
2014-03-29,63,44.2,25.50,25.50,0.00,14.0,16.2
2014-03-30,63,44.8,18.00,18.00,0.00,16.0,18.0
2014-03-31,73,41.7,4.90,6.30,0.98,13.0,16.7
2014-04-01,3,42.1,0.00,0.00,0.00,0.0,11.6
2014-04-02,53,43.9,1.50,1.50,0.00,3.0,8.3
2014-04-03,51,46.9,0.40,0.40,0.00,1.0,7.2
2014-04-04,53,41.9,5.10,5.10,0.00,16.0,16.3
2014-04-05,51,45.8,0.40,0.40,0.00,2.0,16.6
2014-04-06,3,42.7,0.00,0.00,0.00,0.0,10.5
2014-04-07,61,43.5,8.30,8.30,0.00,7.0,16.4
2014-04-08,55,53.5,4.40,4.40,0.00,11.0,16.6
2014-04-09,1,48.1,0.00,0.00,0.00,0.0,14.2
2014-04-10,0,47.2,0.00,0.00,0.00,0.0,15.0
2014-04-11,53,57.6,1.30,1.30,0.00,4.0,13.8
2014-04-12,53,55.5,1.30,1.30,0.00,4.0,11.4
2014-04-13,3,58.4,0.00,0.00,0.00,0.0,15.7
2014-04-14,3,61.8,0.00,0.00,0.00,0.0,17.9
2014-04-15,63,55.4,21.40,21.40,0.00,19.0,23.6
2014-04-16,73,39.6,1.70,4.20,1.75,4.0,18.3
2014-04-17,3,39.7,0.00,0.00,0.00,0.0,11.2
2014-04-18,3,40.4,0.00,0.00,0.00,0.0,9.4
2014-04-19,3,49.9,0.00,0.00,0.00,0.0,9.2
2014-04-20,3,46.8,0.00,0.00,0.00,0.0,13.5
2014-04-21,0,47.5,0.00,0.00,0.00,0.0,8.1
2014-04-22,53,54.9,0.80,0.80,0.00,2.0,9.4
2014-04-23,51,51.4,0.80,0.80,0.00,3.0,19.5
2014-04-24,1,48.4,0.00,0.00,0.00,0.0,18.1
2014-04-25,51,48.1,0.40,0.40,0.00,2.0,11.4
2014-04-26,63,50.9,19.20,19.20,0.00,15.0,10.3
2014-04-27,3,48.7,0.00,0.00,0.00,0.0,12.4
2014-04-28,3,50.4,0.00,0.00,0.00,0.0,9.4
2014-04-29,53,45.8,2.80,2.80,0.00,5.0,18.2
2014-04-30,63,46.1,34.00,34.00,0.00,24.0,19.1
2014-05-01,63,62.2,11.10,11.10,0.00,11.0,15.5
2014-05-02,51,58.6,0.20,0.20,0.00,1.0,13.0
2014-05-03,2,55.9,0.00,0.00,0.00,0.0,11.4
2014-05-04,51,55.4,0.20,0.20,0.00,1.0,19.4
2014-05-05,3,55.0,0.00,0.00,0.00,0.0,15.5
2014-05-06,3,54.9,0.00,0.00,0.00,0.0,9.4
2014-05-07,3,54.4,0.00,0.00,0.00,0.0,10.6
2014-05-08,61,53.7,10.70,10.70,0.00,9.0,7.6
2014-05-09,55,56.9,3.00,3.00,0.00,5.0,9.7
2014-05-10,53,66.1,2.70,2.70,0.00,7.0,14.8
2014-05-11,51,67.0,0.10,0.10,0.00,1.0,11.5
2014-05-12,3,67.9,0.00,0.00,0.00,0.0,9.0
2014-05-13,3,60.2,0.00,0.00,0.00,0.0,13.0
2014-05-14,3,56.1,0.00,0.00,0.00,0.0,9.3
2014-05-15,53,62.8,2.50,2.50,0.00,5.0,13.5
2014-05-16,61,63.4,9.30,9.30,0.00,13.0,19.6
2014-05-17,63,59.8,12.40,12.40,0.00,4.0,9.9
2014-05-18,2,56.7,0.00,0.00,0.00,0.0,9.6
2014-05-19,51,57.8,0.10,0.10,0.00,1.0,12.0
2014-05-20,3,62.7,0.00,0.00,0.00,0.0,10.4
2014-05-21,51,63.3,0.40,0.40,0.00,2.0,9.9
2014-05-22,63,60.6,11.80,11.80,0.00,7.0,8.6
2014-05-23,61,60.6,8.00,8.00,0.00,11.0,5.6
2014-05-24,61,60.3,4.10,4.10,0.00,12.0,7.3
2014-05-25,3,64.3,0.00,0.00,0.00,0.0,7.8
2014-05-26,3,70.1,0.00,0.00,0.00,0.0,10.9
2014-05-27,51,73.7,0.10,0.10,0.00,1.0,11.3
2014-05-28,53,59.3,2.10,2.10,0.00,6.0,12.8
2014-05-29,3,55.3,0.00,0.00,0.00,0.0,10.4
2014-05-30,51,61.5,0.20,0.20,0.00,1.0,6.5
2014-05-31,51,61.8,1.00,1.00,0.00,5.0,13.4
2014-06-01,3,62.5,0.00,0.00,0.00,0.0,9.0
2014-06-02,1,66.5,0.00,0.00,0.00,0.0,9.6
2014-06-03,53,71.4,1.30,1.30,0.00,4.0,10.0
2014-06-04,3,70.0,0.00,0.00,0.00,0.0,7.4
2014-06-05,63,65.7,19.80,19.80,0.00,15.0,12.9
2014-06-06,3,66.0,0.00,0.00,0.00,0.0,10.7
2014-06-07,1,68.1,0.00,0.00,0.00,0.0,7.7
2014-06-08,3,70.6,0.00,0.00,0.00,0.0,11.2
2014-06-09,61,66.7,7.80,7.80,0.00,15.0,7.4
2014-06-10,51,69.4,0.20,0.20,0.00,2.0,6.0
2014-06-11,53,65.3,0.50,0.50,0.00,1.0,13.3
2014-06-12,51,66.4,0.10,0.10,0.00,1.0,12.8
2014-06-13,63,69.3,19.80,19.80,0.00,12.0,10.5
2014-06-14,61,68.2,1.60,1.60,0.00,2.0,13.8
2014-06-15,3,67.1,0.00,0.00,0.00,0.0,11.0
2014-06-16,3,69.0,0.00,0.00,0.00,0.0,9.4
2014-06-17,3,75.4,0.00,0.00,0.00,0.0,9.9
2014-06-18,3,80.2,0.00,0.00,0.00,0.0,13.5
2014-06-19,63,70.7,8.40,8.40,0.00,9.0,9.3
2014-06-20,3,70.2,0.00,0.00,0.00,0.0,10.6
2014-06-21,3,67.5,0.00,0.00,0.00,0.0,10.9
2014-06-22,3,68.8,0.00,0.00,0.00,0.0,7.2
2014-06-23,3,70.5,0.00,0.00,0.00,0.0,11.1
2014-06-24,3,71.2,0.00,0.00,0.00,0.0,14.5
2014-06-25,53,74.9,1.50,1.50,0.00,8.0,13.5
2014-06-26,63,76.7,5.10,5.10,0.00,8.0,8.4
2014-06-27,51,71.7,0.40,0.40,0.00,3.0,12.3
2014-06-28,3,72.4,0.00,0.00,0.00,0.0,10.3
2014-06-29,3,71.8,0.00,0.00,0.00,0.0,11.6
2014-06-30,3,74.4,0.00,0.00,0.00,0.0,11.7
2014-07-01,3,78.8,0.00,0.00,0.00,0.0,15.0
2014-07-02,53,80.9,0.50,0.50,0.00,1.0,16.1
2014-07-03,61,78.8,5.70,5.70,0.00,10.0,12.2
2014-07-04,63,70.3,21.50,21.50,0.00,14.0,16.4
2014-07-05,1,70.8,0.00,0.00,0.00,0.0,16.5
2014-07-06,1,73.1,0.00,0.00,0.00,0.0,12.9
2014-07-07,3,78.7,0.00,0.00,0.00,0.0,14.9
2014-07-08,3,82.0,0.00,0.00,0.00,0.0,17.1
2014-07-09,51,79.2,0.30,0.30,0.00,2.0,15.1
2014-07-10,53,75.2,1.50,1.50,0.00,3.0,6.8
2014-07-11,3,75.3,0.00,0.00,0.00,0.0,8.1
2014-07-12,3,74.6,0.00,0.00,0.00,0.0,12.7
2014-07-13,51,76.7,0.10,0.10,0.00,1.0,15.0
2014-07-14,63,77.3,12.40,12.40,0.00,10.0,13.1
2014-07-15,63,77.3,26.10,26.10,0.00,16.0,12.2
2014-07-16,63,74.7,16.70,16.70,0.00,13.0,10.4
2014-07-17,3,72.4,0.00,0.00,0.00,0.0,7.3
2014-07-18,3,71.6,0.00,0.00,0.00,0.0,7.1
2014-07-19,3,70.7,0.00,0.00,0.00,0.0,7.7
2014-07-20,55,68.9,4.20,4.20,0.00,10.0,9.7
2014-07-21,2,71.9,0.00,0.00,0.00,0.0,8.1
2014-07-22,1,75.5,0.00,0.00,0.00,0.0,11.0
2014-07-23,3,78.2,0.00,0.00,0.00,0.0,12.4
2014-07-24,53,74.9,1.00,1.00,0.00,2.0,8.7
2014-07-25,3,72.7,0.00,0.00,0.00,0.0,9.6
2014-07-26,3,73.0,0.00,0.00,0.00,0.0,10.1
2014-07-27,61,76.5,4.40,4.40,0.00,8.0,9.4
2014-07-28,55,76.0,2.70,2.70,0.00,6.0,14.4
2014-07-29,3,70.1,0.00,0.00,0.00,0.0,13.0
2014-07-30,3,71.5,0.00,0.00,0.00,0.0,7.4
2014-07-31,3,73.1,0.00,0.00,0.00,0.0,11.2
2014-08-01,53,74.2,0.60,0.60,0.00,1.0,11.7
2014-08-02,63,70.0,10.90,10.90,0.00,10.0,12.0
2014-08-03,55,69.2,4.40,4.40,0.00,8.0,5.7
2014-08-04,51,73.5,0.30,0.30,0.00,1.0,7.6
2014-08-05,3,75.8,0.00,0.00,0.00,0.0,8.3
2014-08-06,51,75.3,0.30,0.30,0.00,1.0,7.8
2014-08-07,1,73.0,0.00,0.00,0.00,0.0,9.4
2014-08-08,2,72.3,0.00,0.00,0.00,0.0,7.7
2014-08-09,3,74.3,0.00,0.00,0.00,0.0,5.7
2014-08-10,3,76.7,0.00,0.00,0.00,0.0,5.9
2014-08-11,3,75.7,0.00,0.00,0.00,0.0,11.7
2014-08-12,61,72.8,7.80,7.80,0.00,12.0,14.2
2014-08-13,63,74.0,8.90,8.90,0.00,7.0,17.3
2014-08-14,3,69.5,0.00,0.00,0.00,0.0,10.7
2014-08-15,3,66.7,0.00,0.00,0.00,0.0,10.4
2014-08-16,3,69.3,0.00,0.00,0.00,0.0,11.5
2014-08-17,51,72.0,0.10,0.10,0.00,1.0,9.3
2014-08-18,3,70.2,0.00,0.00,0.00,0.0,8.8
2014-08-19,3,71.1,0.00,0.00,0.00,0.0,8.4
2014-08-20,3,72.4,0.00,0.00,0.00,0.0,8.8
2014-08-21,53,73.0,1.50,1.50,0.00,6.0,9.6
2014-08-22,51,71.1,0.80,0.80,0.00,4.0,9.4
2014-08-23,51,69.3,0.30,0.30,0.00,3.0,9.4
2014-08-24,2,69.9,0.00,0.00,0.00,0.0,8.5
2014-08-25,3,74.1,0.00,0.00,0.00,0.0,5.0
2014-08-26,2,76.0,0.00,0.00,0.00,0.0,8.7
2014-08-27,2,77.3,0.00,0.00,0.00,0.0,8.3
2014-08-28,2,75.0,0.00,0.00,0.00,0.0,12.8
2014-08-29,3,69.2,0.00,0.00,0.00,0.0,10.4
2014-08-30,3,71.1,0.00,0.00,0.00,0.0,11.3
2014-08-31,61,77.9,9.10,9.10,0.00,7.0,10.4
2014-09-01,53,77.9,0.80,0.80,0.00,2.0,8.1
2014-09-02,3,81.0,0.00,0.00,0.00,0.0,14.2
2014-09-03,3,77.7,0.00,0.00,0.00,0.0,14.0
2014-09-04,3,75.7,0.00,0.00,0.00,0.0,10.2
2014-09-05,51,76.1,0.20,0.20,0.00,1.0,10.3
2014-09-06,55,80.3,2.10,2.10,0.00,2.0,11.9
2014-09-07,53,72.6,1.30,1.30,0.00,3.0,10.1
2014-09-08,3,69.3,0.00,0.00,0.00,0.0,11.5
2014-09-09,51,68.5,0.50,0.50,0.00,4.0,12.9
2014-09-10,3,68.8,0.00,0.00,0.00,0.0,8.9
2014-09-11,3,74.5,0.00,0.00,0.00,0.0,14.5
2014-09-12,3,68.8,0.00,0.00,0.00,0.0,12.9
2014-09-13,63,64.3,9.50,9.50,0.00,8.0,13.1
2014-09-14,3,61.0,0.00,0.00,0.00,0.0,10.9
2014-09-15,3,61.6,0.00,0.00,0.00,0.0,8.6
2014-09-16,3,63.0,0.00,0.00,0.00,0.0,6.4
2014-09-17,3,63.2,0.00,0.00,0.00,0.0,6.0
2014-09-18,2,64.9,0.00,0.00,0.00,0.0,5.0
2014-09-19,3,60.4,0.00,0.00,0.00,0.0,12.4
2014-09-20,53,66.3,1.10,1.10,0.00,3.0,12.4
2014-09-21,55,70.4,3.30,3.30,0.00,12.0,8.0
2014-09-22,3,65.5,0.00,0.00,0.00,0.0,14.5
2014-09-23,2,59.7,0.00,0.00,0.00,0.0,9.0
2014-09-24,3,63.1,0.00,0.00,0.00,0.0,11.9
2014-09-25,61,61.3,6.40,6.40,0.00,13.0,15.7
2014-09-26,51,65.0,0.10,0.10,0.00,1.0,11.5
2014-09-27,0,67.6,0.00,0.00,0.00,0.0,8.5
2014-09-28,3,69.7,0.00,0.00,0.00,0.0,8.0
2014-09-29,3,69.4,0.00,0.00,0.00,0.0,7.5
2014-09-30,51,66.0,1.30,1.30,0.00,6.0,8.8
2014-10-01,53,61.5,2.90,2.90,0.00,9.0,12.5
2014-10-02,3,61.6,0.00,0.00,0.00,0.0,11.5
2014-10-03,3,61.0,0.00,0.00,0.00,0.0,9.0
2014-10-04,63,63.2,12.10,12.10,0.00,10.0,16.4
2014-10-05,1,53.5,0.00,0.00,0.00,0.0,14.0
2014-10-06,0,58.4,0.00,0.00,0.00,0.0,15.0
2014-10-07,51,65.9,0.40,0.40,0.00,1.0,16.0
2014-10-08,61,65.1,6.70,6.70,0.00,6.0,18.0
2014-10-09,3,60.2,0.00,0.00,0.00,0.0,15.4
2014-10-10,3,57.0,0.00,0.00,0.00,0.0,7.9
2014-10-11,63,54.5,14.10,14.10,0.00,11.0,11.6
2014-10-12,3,53.0,0.00,0.00,0.00,0.0,9.0
2014-10-13,3,58.2,0.00,0.00,0.00,0.0,9.3
2014-10-14,3,67.6,0.00,0.00,0.00,0.0,13.5
2014-10-15,61,70.3,5.10,5.10,0.00,4.0,15.6
2014-10-16,63,66.7,33.80,33.80,0.00,12.0,14.8
2014-10-17,2,62.4,0.00,0.00,0.00,0.0,11.1
2014-10-18,3,61.6,0.00,0.00,0.00,0.0,12.1
2014-10-19,3,50.9,0.00,0.00,0.00,0.0,16.9
2014-10-20,3,49.4,0.00,0.00,0.00,0.0,10.0
2014-10-21,61,57.6,2.10,2.10,0.00,5.0,9.5
2014-10-22,61,53.4,18.50,18.50,0.00,21.0,20.4
2014-10-23,61,50.8,4.40,4.40,0.00,13.0,21.3
2014-10-24,51,53.9,0.30,0.30,0.00,2.0,14.5
2014-10-25,3,55.2,0.00,0.00,0.00,0.0,13.9
2014-10-26,3,54.9,0.00,0.00,0.00,0.0,17.5
2014-10-27,3,52.6,0.00,0.00,0.00,0.0,10.7
2014-10-28,3,57.4,0.00,0.00,0.00,0.0,9.0
2014-10-29,61,59.8,3.90,3.90,0.00,3.0,11.3
2014-10-30,2,50.8,0.00,0.00,0.00,0.0,8.4
2014-10-31,51,49.1,0.20,0.20,0.00,1.0,14.6
2014-11-01,61,45.7,17.10,17.10,0.00,24.0,20.8
2014-11-02,51,42.4,1.10,1.10,0.00,4.0,23.6
2014-11-03,1,46.3,0.00,0.00,0.00,0.0,17.3
2014-11-04,3,52.2,0.00,0.00,0.00,0.0,11.7
2014-11-05,3,54.7,0.00,0.00,0.00,0.0,11.2
2014-11-06,55,49.5,9.90,9.90,0.00,16.0,6.9
2014-11-07,51,46.2,0.40,0.40,0.00,1.0,16.3
2014-11-08,3,40.6,0.00,0.00,0.00,0.0,12.4
2014-11-09,3,47.0,0.00,0.00,0.00,0.0,9.5
2014-11-10,3,47.6,0.00,0.00,0.00,0.0,6.8
2014-11-11,3,53.7,0.00,0.00,0.00,0.0,9.1
2014-11-12,51,56.2,0.10,0.10,0.00,1.0,10.7
2014-11-13,53,42.4,2.40,2.40,0.00,5.0,8.8
2014-11-14,55,37.8,3.80,3.80,0.00,6.0,13.7
2014-11-15,3,34.9,0.00,0.00,0.00,0.0,10.1
2014-11-16,3,37.2,0.00,0.00,0.00,0.0,5.4
2014-11-17,63,44.6,27.90,27.90,0.00,24.0,13.1
2014-11-18,2,33.0,0.00,0.00,0.00,0.0,19.5
2014-11-19,3,27.2,0.00,0.00,0.00,0.0,17.5
2014-11-20,3,36.3,0.00,0.00,0.00,0.0,13.1
2014-11-21,3,30.8,0.00,0.00,0.00,0.0,18.2
2014-11-22,51,32.4,0.10,0.10,0.00,1.0,13.5
2014-11-23,3,43.0,0.00,0.00,0.00,0.0,13.0
2014-11-24,63,59.4,12.50,12.50,0.00,10.0,25.8
2014-11-25,3,53.6,0.00,0.00,0.00,0.0,17.3
2014-11-26,73,39.2,20.70,26.50,4.06,16.0,18.1
2014-11-27,71,35.8,0.30,0.60,0.21,2.0,15.7
2014-11-28,3,30.7,0.00,0.00,0.00,0.0,14.9
2014-11-29,3,30.2,0.00,0.00,0.00,0.0,7.2
2014-11-30,3,44.4,0.00,0.00,0.00,0.0,11.5
2014-12-01,53,51.8,2.80,2.80,0.00,6.0,13.7
2014-12-02,55,39.5,3.00,3.00,0.00,5.0,15.3
2014-12-03,61,44.7,5.20,5.20,0.00,8.0,13.8
2014-12-04,3,36.5,0.00,0.00,0.00,0.0,11.2
2014-12-05,61,39.8,4.10,4.10,0.00,8.0,11.7
2014-12-06,61,44.7,22.20,22.20,0.00,22.0,16.8
2014-12-07,61,35.4,5.30,5.30,0.00,6.0,19.5
2014-12-08,3,30.7,0.00,0.00,0.00,0.0,15.9
2014-12-09,63,39.4,47.90,47.90,0.00,17.0,23.0
2014-12-10,73,36.4,1.30,2.40,0.98,13.0,15.6
2014-12-11,71,32.4,0.00,1.20,0.98,7.0,16.8
2014-12-12,3,31.1,0.00,0.00,0.00,0.0,12.0
2014-12-13,2,33.8,0.00,0.00,0.00,0.0,11.9
2014-12-14,3,36.5,0.00,0.00,0.00,0.0,9.9
2014-12-15,1,37.0,0.00,0.00,0.00,0.0,7.1
2014-12-16,61,41.0,3.90,3.90,0.00,5.0,7.5
2014-12-17,53,44.8,1.10,1.10,0.00,3.0,12.3
2014-12-18,3,37.3,0.00,0.00,0.00,0.0,16.6
2014-12-19,3,33.5,0.00,0.00,0.00,0.0,12.0
2014-12-20,3,30.4,0.00,0.00,0.00,0.0,7.5
2014-12-21,3,33.1,0.00,0.00,0.00,0.0,5.6
2014-12-22,51,39.5,0.50,0.50,0.00,3.0,10.9
2014-12-23,55,45.5,2.60,2.60,0.00,8.0,13.2
2014-12-24,61,49.4,15.60,15.60,0.00,17.0,14.2
2014-12-25,55,50.6,4.40,4.40,0.00,6.0,16.2
2014-12-26,2,40.0,0.00,0.00,0.00,0.0,9.6
2014-12-27,3,41.1,0.00,0.00,0.00,0.0,8.7
2014-12-28,51,45.1,0.50,0.50,0.00,3.0,9.6
2014-12-29,3,37.5,0.00,0.00,0.00,0.0,9.1
2014-12-30,3,29.9,0.00,0.00,0.00,0.0,9.7
2014-12-31,3,27.6,0.00,0.00,0.00,0.0,12.2
2015-01-01,1,29.6,0.00,0.00,0.00,0.0,15.1
2015-01-02,3,34.0,0.00,0.00,0.00,0.0,14.1
2015-01-03,75,34.5,12.00,14.40,1.68,10.0,13.7
2015-01-04,61,50.3,10.40,10.40,0.00,17.0,16.7
2015-01-05,51,34.6,0.20,0.20,0.00,1.0,18.7
2015-01-06,71,22.1,0.00,1.10,0.98,6.0,12.1
2015-01-07,71,19.6,0.00,0.00,0.07,0.0,20.7
2015-01-08,3,14.3,0.00,0.00,0.00,0.0,18.4
2015-01-09,73,25.5,0.00,0.80,0.56,4.0,17.7
2015-01-10,0,18.8,0.00,0.00,0.00,0.0,13.3
2015-01-11,3,24.5,0.00,0.00,0.00,0.0,10.9
2015-01-12,61,34.1,14.10,14.10,0.00,14.0,8.8
2015-01-13,71,26.2,0.90,1.30,0.28,3.0,14.8
2015-01-14,3,24.1,0.00,0.00,0.00,0.0,11.0
2015-01-15,2,27.4,0.00,0.00,0.00,0.0,9.2
2015-01-16,3,29.7,0.00,0.00,0.00,0.0,16.2
2015-01-17,3,22.1,0.00,0.00,0.00,0.0,13.3
2015-01-18,63,36.2,36.10,36.10,0.00,14.0,9.9
2015-01-19,3,33.8,0.00,0.00,0.00,0.0,16.2
2015-01-20,3,33.0,0.00,0.00,0.00,0.0,9.3
2015-01-21,71,28.1,0.00,0.60,0.42,4.0,6.7
2015-01-22,71,32.0,0.00,0.50,0.35,3.0,9.7
2015-01-23,3,30.3,0.00,0.00,0.00,0.0,9.1
2015-01-24,75,33.1,9.30,22.90,9.52,18.0,13.0
2015-01-25,3,30.0,0.00,0.00,0.00,0.0,13.5
2015-01-26,73,24.5,0.00,6.60,4.69,19.0,20.5
2015-01-27,75,21.8,0.00,14.60,10.29,15.0,20.4
2015-01-28,3,16.5,0.00,0.00,0.00,0.0,14.0
2015-01-29,71,16.2,0.20,0.40,0.14,2.0,8.7
2015-01-30,73,29.5,0.40,2.50,1.61,10.0,19.6
2015-01-31,0,13.2,0.00,0.00,0.00,0.0,20.4
2015-02-01,71,19.3,0.00,0.20,0.21,1.0,8.4
2015-02-02,75,29.9,16.20,26.70,7.35,21.0,17.0
2015-02-03,3,12.4,0.00,0.00,0.00,0.0,16.0
2015-02-04,3,24.5,0.00,0.00,0.00,0.0,10.4
2015-02-05,73,25.1,0.00,0.90,0.70,4.0,17.6
2015-02-06,3,9.4,0.00,0.00,0.00,0.0,12.7
2015-02-07,71,20.7,0.00,0.00,0.14,0.0,7.9
2015-02-08,51,33.1,0.10,0.10,0.00,1.0,11.1
2015-02-09,71,26.9,2.10,3.40,1.26,11.0,15.0
2015-02-10,71,27.5,0.00,0.10,0.21,1.0,14.6
2015-02-11,3,23.8,0.00,0.00,0.00,0.0,13.9
2015-02-12,71,27.1,0.10,0.30,0.14,2.0,17.4
2015-02-13,1,10.6,0.00,0.00,0.00,0.0,18.7
2015-02-14,73,19.8,0.00,1.10,0.84,5.0,12.2
2015-02-15,73,13.7,0.00,1.20,1.05,6.0,24.3
2015-02-16,3,7.4,0.00,0.00,0.00,0.0,18.1
2015-02-17,73,17.8,0.00,3.20,2.45,10.0,9.4
2015-02-18,3,18.5,0.00,0.00,0.00,0.0,8.1
2015-02-19,3,14.5,0.00,0.00,0.00,0.0,20.2
2015-02-20,0,5.6,0.00,0.00,0.00,0.0,17.6
2015-02-21,75,16.9,0.40,10.90,7.35,9.0,15.2
2015-02-22,73,33.2,4.70,8.60,2.73,12.0,8.1
2015-02-23,3,19.8,0.00,0.00,0.00,0.0,15.8
2015-02-24,3,8.5,0.00,0.00,0.00,0.0,11.4
2015-02-25,3,20.4,0.00,0.00,0.00,0.0,14.0
2015-02-26,73,21.1,0.00,1.00,0.77,5.0,12.3
2015-02-27,3,16.6,0.00,0.00,0.00,0.0,10.1
2015-02-28,1,15.0,0.00,0.00,0.00,0.0,9.4
2015-03-01,75,22.8,0.30,12.90,8.82,11.0,8.0
2015-03-02,71,29.9,0.30,0.50,0.14,2.0,17.3
2015-03-03,75,22.8,7.20,11.90,3.29,9.0,10.5
2015-03-04,61,37.7,7.20,7.20,0.00,13.0,14.5
2015-03-05,75,28.8,5.60,20.40,10.36,24.0,11.3
2015-03-06,71,13.8,0.00,0.00,0.07,0.0,13.2
2015-03-07,3,17.5,0.00,0.00,0.00,0.0,11.1
2015-03-08,3,31.5,0.00,0.00,0.00,0.0,13.7
2015-03-09,51,34.1,0.20,0.20,0.00,2.0,8.8
2015-03-10,61,37.2,6.90,6.90,0.00,7.0,7.1
2015-03-11,61,42.5,4.50,4.50,0.00,5.0,10.4
2015-03-12,0,35.6,0.00,0.00,0.00,0.0,15.2
2015-03-13,3,30.7,0.00,0.00,0.00,0.0,9.0
2015-03-14,63,39.0,23.10,23.10,0.00,20.0,10.5
2015-03-15,3,39.0,0.00,0.00,0.00,0.0,21.4
2015-03-16,3,36.7,0.00,0.00,0.00,0.0,12.0
2015-03-17,51,41.9,1.10,1.10,0.00,4.0,22.6
2015-03-18,3,31.3,0.00,0.00,0.00,0.0,20.6
2015-03-19,3,31.1,0.00,0.00,0.00,0.0,11.2
2015-03-20,75,31.4,0.00,10.80,7.63,12.0,11.9
2015-03-21,71,36.4,0.00,0.50,0.70,4.0,10.2
2015-03-22,2,34.5,0.00,0.00,0.00,0.0,15.4
2015-03-23,3,29.1,0.00,0.00,0.00,0.0,13.7
2015-03-24,3,32.4,0.00,0.00,0.00,0.0,6.8
2015-03-25,71,36.0,3.30,3.40,0.07,6.0,12.1
2015-03-26,61,49.1,10.30,10.30,0.00,12.0,16.6
2015-03-27,55,40.9,6.10,6.10,0.00,12.0,12.2
2015-03-28,71,35.0,0.00,0.10,0.21,1.0,15.3
2015-03-29,71,33.6,0.00,0.00,0.07,0.0,12.6
2015-03-30,71,40.6,0.00,0.00,0.14,0.0,14.6
2015-03-31,73,37.1,3.90,4.50,0.42,10.0,8.9
2015-04-01,3,39.1,0.00,0.00,0.00,0.0,12.6
2015-04-02,53,45.7,0.50,0.50,0.00,1.0,16.5
2015-04-03,61,55.7,7.60,7.60,0.00,10.0,15.3
2015-04-04,61,49.5,2.20,2.20,0.00,5.0,21.8
2015-04-05,51,46.0,0.10,0.10,0.00,1.0,16.3
2015-04-06,51,48.5,0.20,0.20,0.00,1.0,11.7
2015-04-07,53,50.7,3.20,3.20,0.00,10.0,11.2
2015-04-08,51,41.4,0.50,0.50,0.00,4.0,15.4
2015-04-09,51,39.7,0.40,0.40,0.00,2.0,12.3
2015-04-10,51,48.5,0.80,0.80,0.00,5.0,12.2
2015-04-11,3,50.8,0.00,0.00,0.00,0.0,14.8
2015-04-12,2,48.3,0.00,0.00,0.00,0.0,10.1
2015-04-13,3,51.8,0.00,0.00,0.00,0.0,14.7
2015-04-14,51,55.6,1.10,1.10,0.00,4.0,14.3
2015-04-15,3,55.3,0.00,0.00,0.00,0.0,10.8
2015-04-16,3,50.7,0.00,0.00,0.00,0.0,11.4
2015-04-17,61,57.9,3.50,3.50,0.00,5.0,11.7
2015-04-18,3,61.2,0.00,0.00,0.00,0.0,11.5
2015-04-19,3,50.4,0.00,0.00,0.00,0.0,11.3
2015-04-20,63,51.8,26.20,26.20,0.00,12.0,21.5
2015-04-21,63,56.6,6.80,6.80,0.00,3.0,13.0
2015-04-22,55,52.9,2.30,2.30,0.00,5.0,18.0
2015-04-23,51,44.8,0.50,0.50,0.00,2.0,18.2
2015-04-24,3,41.3,0.00,0.00,0.00,0.0,16.2
2015-04-25,3,45.0,0.00,0.00,0.00,0.0,10.9
2015-04-26,3,48.8,0.00,0.00,0.00,0.0,9.6
2015-04-27,51,50.3,0.20,0.20,0.00,2.0,12.4
2015-04-28,3,54.2,0.00,0.00,0.00,0.0,13.4
2015-04-29,3,58.7,0.00,0.00,0.00,0.0,11.5
2015-04-30,3,52.0,0.00,0.00,0.00,0.0,12.1
2015-05-01,3,49.8,0.00,0.00,0.00,0.0,8.1
2015-05-02,1,51.2,0.00,0.00,0.00,0.0,11.3
2015-05-03,2,57.3,0.00,0.00,0.00,0.0,9.6
2015-05-04,0,64.7,0.00,0.00,0.00,0.0,13.6
2015-05-05,3,68.8,0.00,0.00,0.00,0.0,12.3
2015-05-06,3,63.1,0.00,0.00,0.00,0.0,9.4
2015-05-07,0,62.2,0.00,0.00,0.00,0.0,9.6
2015-05-08,2,63.7,0.00,0.00,0.00,0.0,10.8
2015-05-09,51,59.7,0.20,0.20,0.00,1.0,7.9
2015-05-10,3,68.7,0.00,0.00,0.00,0.0,10.0
2015-05-11,3,69.8,0.00,0.00,0.00,0.0,11.9
2015-05-12,3,74.6,0.00,0.00,0.00,0.0,16.0
2015-05-13,3,61.3,0.00,0.00,0.00,0.0,16.8
2015-05-14,2,59.5,0.00,0.00,0.00,0.0,11.7
2015-05-15,3,61.8,0.00,0.00,0.00,0.0,13.7
2015-05-16,61,65.5,5.60,5.60,0.00,8.0,9.1
2015-05-17,63,71.6,7.00,7.00,0.00,6.0,6.1
2015-05-18,3,62.4,0.00,0.00,0.00,0.0,12.6
2015-05-19,61,64.5,7.50,7.50,0.00,10.0,8.4
2015-05-20,3,59.9,0.00,0.00,0.00,0.0,15.7
2015-05-21,3,54.3,0.00,0.00,0.00,0.0,8.6
2015-05-22,3,61.7,0.00,0.00,0.00,0.0,15.6
2015-05-23,2,57.4,0.00,0.00,0.00,0.0,12.2
2015-05-24,3,64.2,0.00,0.00,0.00,0.0,11.5
2015-05-25,3,70.8,0.00,0.00,0.00,0.0,13.9
2015-05-26,3,73.3,0.00,0.00,0.00,0.0,13.7
2015-05-27,51,73.8,0.30,0.30,0.00,2.0,14.4
2015-05-28,61,74.3,3.80,3.80,0.00,4.0,11.6
2015-05-29,3,69.7,0.00,0.00,0.00,0.0,10.2
2015-05-30,3,72.0,0.00,0.00,0.00,0.0,15.0
2015-05-31,61,73.2,6.40,6.40,0.00,7.0,12.5
2015-06-01,63,62.4,26.90,26.90,0.00,24.0,14.8
2015-06-02,61,53.9,23.90,23.90,0.00,24.0,12.4
2015-06-03,51,57.4,0.70,0.70,0.00,3.0,8.7
2015-06-04,51,56.9,0.50,0.50,0.00,2.0,9.7
2015-06-05,3,58.6,0.00,0.00,0.00,0.0,7.7
2015-06-06,53,65.8,2.40,2.40,0.00,5.0,11.4
2015-06-07,3,61.5,0.00,0.00,0.00,0.0,12.1
2015-06-08,53,66.7,1.70,1.70,0.00,5.0,15.9
2015-06-09,61,71.2,4.90,4.90,0.00,10.0,12.9
2015-06-10,2,69.7,0.00,0.00,0.00,0.0,10.4
2015-06-11,3,76.8,0.00,0.00,0.00,0.0,10.7
2015-06-12,3,76.5,0.00,0.00,0.00,0.0,11.1
2015-06-13,3,77.0,0.00,0.00,0.00,0.0,12.3
2015-06-14,51,73.5,0.30,0.30,0.00,1.0,11.5
2015-06-15,63,71.9,22.00,22.00,0.00,19.0,11.5
2015-06-16,63,71.2,5.10,5.10,0.00,6.0,10.7
2015-06-17,3,69.7,0.00,0.00,0.00,0.0,10.4
2015-06-18,3,65.7,0.00,0.00,0.00,0.0,8.6
2015-06-19,51,73.1,0.20,0.20,0.00,2.0,6.0
2015-06-20,53,68.4,2.10,2.10,0.00,7.0,10.7
2015-06-21,65,76.1,36.10,36.10,0.00,10.0,13.3
2015-06-22,3,76.2,0.00,0.00,0.00,0.0,11.0
2015-06-23,51,79.2,0.40,0.40,0.00,1.0,14.9
2015-06-24,3,73.7,0.00,0.00,0.00,0.0,10.9
2015-06-25,3,72.1,0.00,0.00,0.00,0.0,8.8
2015-06-26,51,72.1,0.10,0.10,0.00,1.0,9.6
2015-06-27,63,66.2,25.60,25.60,0.00,10.0,19.4
2015-06-28,65,67.9,30.20,30.20,0.00,11.0,18.0
2015-06-29,3,68.1,0.00,0.00,0.00,0.0,12.3
2015-06-30,3,71.1,0.00,0.00,0.00,0.0,14.1
2015-07-01,63,74.1,11.70,11.70,0.00,11.0,13.0
2015-07-02,51,70.1,0.20,0.20,0.00,2.0,6.0
2015-07-03,3,70.7,0.00,0.00,0.00,0.0,8.4
2015-07-04,53,70.6,1.70,1.70,0.00,4.0,8.4
2015-07-05,3,72.7,0.00,0.00,0.00,0.0,8.2
2015-07-06,3,72.7,0.00,0.00,0.00,0.0,8.1
2015-07-07,61,77.3,3.10,3.10,0.00,9.0,11.7
2015-07-08,63,77.6,6.80,6.80,0.00,7.0,9.9
2015-07-09,61,73.1,3.40,3.40,0.00,6.0,10.4
2015-07-10,51,75.1,0.30,0.30,0.00,1.0,13.4
2015-07-11,3,74.6,0.00,0.00,0.00,0.0,7.5
2015-07-12,3,76.6,0.00,0.00,0.00,0.0,7.0
2015-07-13,3,75.8,0.00,0.00,0.00,0.0,10.2
2015-07-14,53,73.4,3.90,3.90,0.00,9.0,10.8
2015-07-15,53,75.1,0.60,0.60,0.00,2.0,13.2
2015-07-16,3,70.8,0.00,0.00,0.00,0.0,14.3
2015-07-17,3,70.2,0.00,0.00,0.00,0.0,11.8
2015-07-18,53,76.0,2.10,2.10,0.00,6.0,11.7
2015-07-19,3,81.1,0.00,0.00,0.00,0.0,9.6
2015-07-20,51,83.8,0.40,0.40,0.00,3.0,9.7
2015-07-21,51,82.1,0.30,0.30,0.00,1.0,11.7
2015-07-22,3,76.7,0.00,0.00,0.00,0.0,13.5
2015-07-23,3,74.9,0.00,0.00,0.00,0.0,8.0
2015-07-24,3,74.8,0.00,0.00,0.00,0.0,6.4
2015-07-25,2,75.1,0.00,0.00,0.00,0.0,10.2
2015-07-26,3,78.5,0.00,0.00,0.00,0.0,13.6
2015-07-27,63,75.2,11.80,11.80,0.00,7.0,9.6
2015-07-28,3,79.2,0.00,0.00,0.00,0.0,6.7
2015-07-29,3,81.7,0.00,0.00,0.00,0.0,10.1
2015-07-30,61,79.5,6.90,6.90,0.00,10.0,14.3
2015-07-31,3,78.8,0.00,0.00,0.00,0.0,8.0
2015-08-01,51,78.9,0.20,0.20,0.00,1.0,11.7
2015-08-02,2,76.7,0.00,0.00,0.00,0.0,9.6
2015-08-03,3,79.9,0.00,0.00,0.00,0.0,13.6
2015-08-04,61,80.3,1.40,1.40,0.00,1.0,11.1
2015-08-05,3,77.9,0.00,0.00,0.00,0.0,10.8
2015-08-06,3,73.9,0.00,0.00,0.00,0.0,6.9
2015-08-07,3,74.6,0.00,0.00,0.00,0.0,8.1
2015-08-08,3,73.5,0.00,0.00,0.00,0.0,6.5
2015-08-09,3,74.0,0.00,0.00,0.00,0.0,8.3
2015-08-10,3,72.9,0.00,0.00,0.00,0.0,11.3
2015-08-11,63,72.8,30.90,30.90,0.00,16.0,13.3
2015-08-12,3,73.7,0.00,0.00,0.00,0.0,9.8
2015-08-13,1,72.6,0.00,0.00,0.00,0.0,7.1
2015-08-14,0,74.6,0.00,0.00,0.00,0.0,10.7
2015-08-15,1,78.0,0.00,0.00,0.00,0.0,10.6
2015-08-16,1,79.7,0.00,0.00,0.00,0.0,7.8
2015-08-17,2,81.5,0.00,0.00,0.00,0.0,8.5
2015-08-18,3,79.7,0.00,0.00,0.00,0.0,13.0
2015-08-19,51,77.6,0.10,0.10,0.00,1.0,12.2
2015-08-20,51,77.6,0.50,0.50,0.00,3.0,14.9
2015-08-21,61,77.7,4.10,4.10,0.00,11.0,9.2
2015-08-22,51,75.7,0.20,0.20,0.00,1.0,11.2
2015-08-23,51,73.6,1.30,1.30,0.00,5.0,8.7
2015-08-24,3,76.1,0.00,0.00,0.00,0.0,9.0
2015-08-25,55,77.1,5.20,5.20,0.00,9.0,9.6
2015-08-26,3,74.4,0.00,0.00,0.00,0.0,9.5
2015-08-27,3,72.6,0.00,0.00,0.00,0.0,7.9
2015-08-28,3,71.7,0.00,0.00,0.00,0.0,6.5
2015-08-29,3,73.7,0.00,0.00,0.00,0.0,10.7
2015-08-30,3,77.7,0.00,0.00,0.00,0.0,10.0
2015-08-31,3,80.8,0.00,0.00,0.00,0.0,9.7
2015-09-01,3,78.4,0.00,0.00,0.00,0.0,8.2
2015-09-02,3,77.9,0.00,0.00,0.00,0.0,9.9
2015-09-03,63,79.3,5.00,5.00,0.00,4.0,5.7
2015-09-04,51,76.4,0.20,0.20,0.00,1.0,11.7
2015-09-05,3,71.8,0.00,0.00,0.00,0.0,10.3
2015-09-06,3,71.8,0.00,0.00,0.00,0.0,9.3
2015-09-07,3,76.7,0.00,0.00,0.00,0.0,11.4
2015-09-08,3,81.3,0.00,0.00,0.00,0.0,11.6
2015-09-09,51,79.6,0.20,0.20,0.00,1.0,12.2
2015-09-10,63,73.6,22.30,22.30,0.00,19.0,9.8
2015-09-11,55,71.0,4.60,4.60,0.00,8.0,11.3
2015-09-12,63,70.5,12.10,12.10,0.00,12.0,13.1
2015-09-13,53,68.0,2.30,2.30,0.00,5.0,12.1
2015-09-14,3,64.5,0.00,0.00,0.00,0.0,15.4
2015-09-15,2,67.6,0.00,0.00,0.00,0.0,7.1
2015-09-16,3,70.6,0.00,0.00,0.00,0.0,5.8
2015-09-17,2,72.5,0.00,0.00,0.00,0.0,7.8
2015-09-18,0,71.3,0.00,0.00,0.00,0.0,8.5
2015-09-19,2,71.0,0.00,0.00,0.00,0.0,9.6
2015-09-20,2,69.7,0.00,0.00,0.00,0.0,12.8
2015-09-21,3,63.5,0.00,0.00,0.00,0.0,11.8
2015-09-22,3,65.1,0.00,0.00,0.00,0.0,10.4
2015-09-23,3,66.1,0.00,0.00,0.00,0.0,7.8
2015-09-24,2,67.6,0.00,0.00,0.00,0.0,8.7
2015-09-25,3,66.3,0.00,0.00,0.00,0.0,10.1
2015-09-26,3,63.5,0.00,0.00,0.00,0.0,12.5
2015-09-27,3,63.2,0.00,0.00,0.00,0.0,9.9
2015-09-28,51,68.4,0.10,0.10,0.00,1.0,7.2
2015-09-29,61,70.8,4.90,4.90,0.00,11.0,8.6
2015-09-30,63,69.8,25.00,25.00,0.00,12.0,16.3
2015-10-01,53,58.8,1.40,1.40,0.00,7.0,16.0
2015-10-02,63,51.9,30.90,30.90,0.00,24.0,19.5
2015-10-03,53,52.2,2.30,2.30,0.00,10.0,21.7
2015-10-04,51,55.8,0.10,0.10,0.00,1.0,17.0
2015-10-05,3,56.2,0.00,0.00,0.00,0.0,12.2
2015-10-06,3,58.7,0.00,0.00,0.00,0.0,6.1
2015-10-07,3,61.4,0.00,0.00,0.00,0.0,7.9
2015-10-08,3,60.1,0.00,0.00,0.00,0.0,7.6
2015-10-09,63,65.3,6.60,6.60,0.00,4.0,13.5
2015-10-10,3,56.0,0.00,0.00,0.00,0.0,15.3
2015-10-11,3,55.9,0.00,0.00,0.00,0.0,8.2
2015-10-12,0,59.3,0.00,0.00,0.00,0.0,9.1
2015-10-13,51,62.4,0.10,0.10,0.00,1.0,10.1
2015-10-14,3,59.6,0.00,0.00,0.00,0.0,10.6
2015-10-15,3,55.1,0.00,0.00,0.00,0.0,10.2
2015-10-16,2,55.4,0.00,0.00,0.00,0.0,12.0
2015-10-17,2,49.0,0.00,0.00,0.00,0.0,13.5
2015-10-18,51,42.3,0.10,0.10,0.00,1.0,13.7
2015-10-19,2,42.1,0.00,0.00,0.00,0.0,14.1
2015-10-20,51,54.5,0.50,0.50,0.00,2.0,14.9
2015-10-21,3,59.4,0.00,0.00,0.00,0.0,10.4
2015-10-22,51,60.9,0.20,0.20,0.00,1.0,12.0
2015-10-23,3,54.3,0.00,0.00,0.00,0.0,12.5
2015-10-24,3,49.0,0.00,0.00,0.00,0.0,8.5
2015-10-25,3,57.6,0.00,0.00,0.00,0.0,12.7
2015-10-26,3,49.8,0.00,0.00,0.00,0.0,10.8
2015-10-27,3,49.4,0.00,0.00,0.00,0.0,8.3
2015-10-28,63,58.8,15.50,15.50,0.00,14.0,21.4
2015-10-29,63,63.9,10.90,10.90,0.00,7.0,20.3
2015-10-30,1,51.8,0.00,0.00,0.00,0.0,12.2
2015-10-31,3,46.6,0.00,0.00,0.00,0.0,9.5
2015-11-01,51,55.3,0.20,0.20,0.00,1.0,12.0
2015-11-02,3,55.2,0.00,0.00,0.00,0.0,9.1
2015-11-03,3,56.6,0.00,0.00,0.00,0.0,6.4
2015-11-04,0,56.1,0.00,0.00,0.00,0.0,7.5
2015-11-05,51,60.0,0.30,0.30,0.00,2.0,5.4
2015-11-06,51,65.7,0.40,0.40,0.00,2.0,14.8
2015-11-07,3,59.8,0.00,0.00,0.00,0.0,10.1
2015-11-08,3,50.3,0.00,0.00,0.00,0.0,13.3
2015-11-09,3,50.6,0.00,0.00,0.00,0.0,5.4
2015-11-10,53,54.4,2.50,2.50,0.00,9.0,17.3
2015-11-11,61,51.7,5.90,5.90,0.00,12.0,17.4
2015-11-12,55,53.5,3.90,3.90,0.00,9.0,13.2
2015-11-13,3,51.5,0.00,0.00,0.00,0.0,18.8
2015-11-14,3,43.8,0.00,0.00,0.00,0.0,18.5
2015-11-15,2,45.4,0.00,0.00,0.00,0.0,11.7
2015-11-16,0,52.3,0.00,0.00,0.00,0.0,10.4
2015-11-17,2,45.0,0.00,0.00,0.00,0.0,12.8
2015-11-18,3,50.9,0.00,0.00,0.00,0.0,12.6
2015-11-19,63,59.4,20.50,20.50,0.00,9.0,18.0
2015-11-20,63,53.7,6.50,6.50,0.00,4.0,13.1
2015-11-21,3,44.8,0.00,0.00,0.00,0.0,11.5
2015-11-22,51,48.8,0.80,0.80,0.00,5.0,13.5
2015-11-23,3,38.1,0.00,0.00,0.00,0.0,15.0
2015-11-24,3,36.3,0.00,0.00,0.00,0.0,8.4
2015-11-25,0,39.5,0.00,0.00,0.00,0.0,5.8
2015-11-26,3,49.1,0.00,0.00,0.00,0.0,7.2
2015-11-27,3,51.4,0.00,0.00,0.00,0.0,10.8
2015-11-28,53,51.4,2.00,2.00,0.00,7.0,9.7
2015-11-29,3,42.5,0.00,0.00,0.00,0.0,12.0
2015-11-30,3,40.0,0.00,0.00,0.00,0.0,12.2
2015-12-01,55,47.1,11.30,11.30,0.00,21.0,13.6
2015-12-02,53,50.4,8.60,8.60,0.00,17.0,10.5
2015-12-03,3,47.0,0.00,0.00,0.00,0.0,17.3
2015-12-04,3,43.0,0.00,0.00,0.00,0.0,11.5
2015-12-05,0,40.3,0.00,0.00,0.00,0.0,5.7
2015-12-06,3,41.1,0.00,0.00,0.00,0.0,6.3
2015-12-07,3,42.6,0.00,0.00,0.00,0.0,8.7
2015-12-08,51,42.4,0.10,0.10,0.00,1.0,12.1
2015-12-09,3,45.0,0.00,0.00,0.00,0.0,11.0
2015-12-10,51,49.4,0.20,0.20,0.00,2.0,11.3
2015-12-11,3,49.9,0.00,0.00,0.00,0.0,11.0
2015-12-12,3,52.9,0.00,0.00,0.00,0.0,9.7
2015-12-13,3,53.9,0.00,0.00,0.00,0.0,8.8
2015-12-14,61,56.5,4.40,4.40,0.00,4.0,15.4
2015-12-15,53,57.1,2.40,2.40,0.00,6.0,17.5
2015-12-16,3,46.5,0.00,0.00,0.00,0.0,10.5
2015-12-17,63,51.6,17.80,17.80,0.00,10.0,10.3
2015-12-18,51,46.8,0.30,0.30,0.00,2.0,13.0
2015-12-19,3,36.4,0.00,0.00,0.00,0.0,18.2
2015-12-20,3,35.3,0.00,0.00,0.00,0.0,13.2
2015-12-21,3,43.8,0.00,0.00,0.00,0.0,14.0
2015-12-22,61,53.4,9.60,9.60,0.00,8.0,14.4
2015-12-23,63,52.9,20.10,20.10,0.00,12.0,12.3
2015-12-24,63,64.1,4.80,4.80,0.00,5.0,16.2
2015-12-25,61,57.2,4.70,4.70,0.00,6.0,5.5
2015-12-26,51,50.1,0.20,0.20,0.00,1.0,12.7
2015-12-27,55,53.8,6.00,6.00,0.00,8.0,15.2
2015-12-28,51,40.1,0.30,0.30,0.00,2.0,20.1
2015-12-29,61,43.6,12.70,12.70,0.00,15.0,19.4
2015-12-30,53,44.8,0.60,0.60,0.00,1.0,9.5
2015-12-31,55,45.7,2.80,2.80,0.00,5.0,10.5
2016-01-01,3,38.2,0.00,0.00,0.00,0.0,14.6
2016-01-02,2,34.3,0.00,0.00,0.00,0.0,11.9
2016-01-03,2,36.0,0.00,0.00,0.00,0.0,13.4
2016-01-04,2,28.1,0.00,0.00,0.00,0.0,18.8
2016-01-05,1,21.6,0.00,0.00,0.00,0.0,18.2
2016-01-06,0,27.6,0.00,0.00,0.00,0.0,7.6
2016-01-07,3,32.7,0.00,0.00,0.00,0.0,5.9
2016-01-08,3,36.9,0.00,0.00,0.00,0.0,10.8
2016-01-09,51,42.7,0.50,0.50,0.00,2.0,11.6
2016-01-10,63,51.2,29.00,29.00,0.00,13.0,20.8
2016-01-11,2,32.2,0.00,0.00,0.00,0.0,17.7
2016-01-12,3,31.4,0.00,0.00,0.00,0.0,17.1
2016-01-13,3,26.3,0.00,0.00,0.00,0.0,20.4
2016-01-14,71,29.0,0.00,0.10,0.14,1.0,12.6
2016-01-15,51,39.5,0.10,0.10,0.00,1.0,7.5
2016-01-16,63,42.4,11.70,11.70,0.00,10.0,12.1
2016-01-17,73,33.7,0.00,2.60,1.89,7.0,9.2
2016-01-18,3,25.2,0.00,0.00,0.00,0.0,20.4
2016-01-19,3,21.9,0.00,0.00,0.00,0.0,23.3
2016-01-20,3,29.3,0.00,0.00,0.00,0.0,16.0
2016-01-21,3,29.0,0.00,0.00,0.00,0.0,12.7
2016-01-22,71,25.7,0.00,0.30,0.21,2.0,12.2
2016-01-23,75,26.8,0.00,45.70,31.99,24.0,28.2
2016-01-24,73,21.1,0.00,1.00,0.84,4.0,20.4
2016-01-25,3,23.2,0.00,0.00,0.00,0.0,7.2
2016-01-26,3,32.6,0.00,0.00,0.00,0.0,12.2
2016-01-27,51,34.0,1.00,1.00,0.00,6.0,9.8
2016-01-28,3,26.6,0.00,0.00,0.00,0.0,6.5
2016-01-29,51,30.0,0.10,0.10,0.00,1.0,13.5
2016-01-30,3,26.8,0.00,0.00,0.00,0.0,12.8
2016-01-31,3,33.9,0.00,0.00,0.00,0.0,10.9
2016-02-01,3,40.3,0.00,0.00,0.00,0.0,10.0
2016-02-02,3,34.6,0.00,0.00,0.00,0.0,7.6
2016-02-03,61,45.3,14.20,14.20,0.00,11.0,19.3
2016-02-04,55,50.6,2.40,2.40,0.00,6.0,15.4
2016-02-05,75,34.2,3.30,18.20,10.43,15.0,17.0
2016-02-06,3,29.6,0.00,0.00,0.00,0.0,9.6
2016-02-07,3,32.3,0.00,0.00,0.00,0.0,11.4
2016-02-08,73,31.8,0.10,2.70,2.10,13.0,17.2
2016-02-09,71,28.7,0.00,0.80,0.77,5.0,9.4
2016-02-10,71,32.4,0.00,0.50,0.63,4.0,13.1
2016-02-11,71,23.7,0.00,0.00,0.14,0.0,22.7
2016-02-12,71,18.3,0.00,0.00,0.07,0.0,17.7
2016-02-13,3,14.3,0.00,0.00,0.00,0.0,22.6
2016-02-14,3,6.9,0.00,0.00,0.00,0.0,18.3
2016-02-15,73,24.9,3.50,7.50,2.87,11.0,10.9
2016-02-16,63,47.1,25.30,25.30,0.00,13.0,25.6
2016-02-17,3,35.2,0.00,0.00,0.00,0.0,13.3
2016-02-18,1,29.9,0.00,0.00,0.00,0.0,13.2
2016-02-19,73,29.0,0.10,0.50,0.28,2.0,10.2
2016-02-20,3,46.1,0.00,0.00,0.00,0.0,16.0
2016-02-21,51,44.8,0.80,0.80,0.00,3.0,14.7
2016-02-22,53,39.2,1.90,1.90,0.00,3.0,9.3
2016-02-23,71,36.2,6.30,6.80,0.35,12.0,17.7
2016-02-24,63,46.8,22.70,22.70,0.00,20.0,28.7
2016-02-25,63,48.2,6.20,6.20,0.00,4.0,28.5
2016-02-26,3,34.1,0.00,0.00,0.00,0.0,18.5
2016-02-27,3,31.8,0.00,0.00,0.00,0.0,11.2
2016-02-28,3,42.9,0.00,0.00,0.00,0.0,13.7
2016-02-29,53,48.8,0.80,0.80,0.00,2.0,15.1
2016-03-01,53,41.7,1.10,1.10,0.00,2.0,14.3
2016-03-02,61,42.8,5.10,5.10,0.00,6.0,20.2
2016-03-03,3,30.9,0.00,0.00,0.00,0.0,12.2
2016-03-04,73,32.9,0.00,4.00,2.94,13.0,14.7
2016-03-05,3,32.2,0.00,0.00,0.00,0.0,11.1
2016-03-06,3,34.9,0.00,0.00,0.00,0.0,6.6
2016-03-07,3,42.1,0.00,0.00,0.00,0.0,15.6
2016-03-08,3,46.7,0.00,0.00,0.00,0.0,8.6
2016-03-09,3,54.4,0.00,0.00,0.00,0.0,12.0
2016-03-10,3,62.3,0.00,0.00,0.00,0.0,10.6
2016-03-11,55,56.2,3.70,3.70,0.00,8.0,12.9
2016-03-12,3,46.6,0.00,0.00,0.00,0.0,10.2
2016-03-13,3,50.7,0.00,0.00,0.00,0.0,9.7
2016-03-14,55,44.3,5.20,5.20,0.00,16.0,18.7
2016-03-15,3,47.4,0.00,0.00,0.00,0.0,18.2
2016-03-16,53,49.5,0.70,0.70,0.00,2.0,9.1
2016-03-17,51,49.8,0.40,0.40,0.00,1.0,13.6
2016-03-18,51,48.4,0.10,0.10,0.00,1.0,17.5
2016-03-19,3,39.9,0.00,0.00,0.00,0.0,8.9
2016-03-20,73,36.0,0.60,2.10,1.05,5.0,12.7
2016-03-21,73,39.1,0.20,4.20,2.80,8.0,16.8
2016-03-22,3,41.8,0.00,0.00,0.00,0.0,13.9
2016-03-23,3,54.3,0.00,0.00,0.00,0.0,14.1
2016-03-24,3,47.3,0.00,0.00,0.00,0.0,14.4
2016-03-25,61,59.3,4.00,4.00,0.00,6.0,15.5
2016-03-26,3,43.6,0.00,0.00,0.00,0.0,12.9
2016-03-27,3,43.9,0.00,0.00,0.00,0.0,10.8
2016-03-28,53,48.5,3.10,3.10,0.00,10.0,21.4
2016-03-29,2,45.3,0.00,0.00,0.00,0.0,21.1
2016-03-30,3,42.0,0.00,0.00,0.00,0.0,15.5
2016-03-31,3,56.3,0.00,0.00,0.00,0.0,20.2
2016-04-01,53,63.1,2.50,2.50,0.00,5.0,17.9
2016-04-02,61,51.9,10.00,10.00,0.00,12.0,11.3
2016-04-03,71,39.3,4.20,4.60,0.28,7.0,28.2
2016-04-04,73,41.4,12.90,13.80,0.63,18.0,14.0
2016-04-05,71,33.2,0.00,0.00,0.14,0.0,17.1
2016-04-06,3,37.7,0.00,0.00,0.00,0.0,18.9
2016-04-07,63,51.5,10.50,10.50,0.00,8.0,22.6
2016-04-08,51,45.1,0.20,0.20,0.00,1.0,17.7
2016-04-09,53,38.4,3.30,3.30,0.00,9.0,16.7
2016-04-10,3,39.2,0.00,0.00,0.00,0.0,16.9
2016-04-11,51,49.1,0.30,0.30,0.00,1.0,15.3
2016-04-12,61,51.3,6.10,6.10,0.00,6.0,16.7
2016-04-13,2,43.7,0.00,0.00,0.00,0.0,9.4
2016-04-14,2,46.1,0.00,0.00,0.00,0.0,9.2
2016-04-15,0,47.7,0.00,0.00,0.00,0.0,7.9
2016-04-16,3,49.0,0.00,0.00,0.00,0.0,9.6
2016-04-17,0,51.4,0.00,0.00,0.00,0.0,8.1
2016-04-18,3,58.2,0.00,0.00,0.00,0.0,10.0
2016-04-19,3,58.4,0.00,0.00,0.00,0.0,14.2
2016-04-20,0,52.8,0.00,0.00,0.00,0.0,12.7
2016-04-21,3,56.4,0.00,0.00,0.00,0.0,12.4
2016-04-22,55,64.7,2.60,2.60,0.00,6.0,9.1
2016-04-23,53,61.5,2.40,2.40,0.00,7.0,10.8
2016-04-24,0,53.6,0.00,0.00,0.00,0.0,10.1
2016-04-25,3,55.9,0.00,0.00,0.00,0.0,8.1
2016-04-26,63,56.7,8.60,8.60,0.00,7.0,11.0
2016-04-27,51,50.9,0.20,0.20,0.00,1.0,10.6
2016-04-28,53,48.9,1.20,1.20,0.00,4.0,9.6
2016-04-29,53,48.7,1.50,1.50,0.00,4.0,12.2
2016-04-30,51,50.5,0.20,0.20,0.00,1.0,9.3
2016-05-01,55,48.5,5.00,5.00,0.00,9.0,10.1
2016-05-02,61,52.4,5.30,5.30,0.00,6.0,7.8
2016-05-03,63,52.3,25.00,25.00,0.00,12.0,10.2
2016-05-04,61,49.6,5.50,5.50,0.00,8.0,12.3
2016-05-05,3,49.6,0.00,0.00,0.00,0.0,14.3
2016-05-06,61,49.9,9.80,9.80,0.00,14.0,20.6
2016-05-07,51,52.1,1.70,1.70,0.00,10.0,10.1
2016-05-08,61,53.9,3.70,3.70,0.00,5.0,18.2
2016-05-09,3,57.0,0.00,0.00,0.00,0.0,16.5
2016-05-10,3,53.1,0.00,0.00,0.00,0.0,10.2
2016-05-11,3,58.3,0.00,0.00,0.00,0.0,8.3
2016-05-12,3,60.7,0.00,0.00,0.00,0.0,8.1
2016-05-13,61,58.7,9.70,9.70,0.00,9.0,7.5
2016-05-14,53,60.8,1.40,1.40,0.00,3.0,13.2
2016-05-15,51,52.8,0.20,0.20,0.00,2.0,19.0
2016-05-16,3,51.6,0.00,0.00,0.00,0.0,22.2
2016-05-17,3,54.8,0.00,0.00,0.00,0.0,12.3
2016-05-18,3,55.6,0.00,0.00,0.00,0.0,8.6
2016-05-19,3,58.1,0.00,0.00,0.00,0.0,9.7
2016-05-20,3,61.4,0.00,0.00,0.00,0.0,9.2
2016-05-21,51,57.5,0.20,0.20,0.00,2.0,8.5
2016-05-22,53,58.5,2.90,2.90,0.00,7.0,10.3
2016-05-23,51,61.4,0.20,0.20,0.00,1.0,7.1
2016-05-24,61,62.3,13.10,13.10,0.00,17.0,10.7
2016-05-25,1,70.4,0.00,0.00,0.00,0.0,10.0
2016-05-26,3,73.5,0.00,0.00,0.00,0.0,10.3
2016-05-27,51,73.8,0.20,0.20,0.00,1.0,12.0
2016-05-28,3,76.8,0.00,0.00,0.00,0.0,11.4
2016-05-29,51,74.6,0.40,0.40,0.00,1.0,12.8
2016-05-30,61,71.7,10.00,10.00,0.00,15.0,10.2
2016-05-31,3,73.7,0.00,0.00,0.00,0.0,8.9
2016-06-01,3,70.8,0.00,0.00,0.00,0.0,10.6
2016-06-02,3,65.4,0.00,0.00,0.00,0.0,9.4
2016-06-03,61,64.7,6.80,6.80,0.00,11.0,6.3
2016-06-04,53,70.5,0.70,0.70,0.00,2.0,8.2
2016-06-05,61,68.1,8.10,8.10,0.00,12.0,11.5
2016-06-06,3,73.5,0.00,0.00,0.00,0.0,11.2
2016-06-07,3,74.2,0.00,0.00,0.00,0.0,12.0
2016-06-08,63,61.9,10.70,10.70,0.00,5.0,18.9
2016-06-09,1,62.1,0.00,0.00,0.00,0.0,18.8
2016-06-10,3,64.5,0.00,0.00,0.00,0.0,12.4
2016-06-11,3,71.2,0.00,0.00,0.00,0.0,12.3
2016-06-12,1,74.4,0.00,0.00,0.00,0.0,19.7
2016-06-13,3,65.8,0.00,0.00,0.00,0.0,16.0
2016-06-14,1,68.4,0.00,0.00,0.00,0.0,10.2
2016-06-15,3,72.4,0.00,0.00,0.00,0.0,10.8
2016-06-16,51,70.7,0.20,0.20,0.00,1.0,6.4
2016-06-17,53,69.1,0.80,0.80,0.00,2.0,10.2
2016-06-18,3,71.1,0.00,0.00,0.00,0.0,11.3
2016-06-19,3,72.7,0.00,0.00,0.00,0.0,13.4
2016-06-20,3,73.4,0.00,0.00,0.00,0.0,12.2
2016-06-21,61,78.7,3.70,3.70,0.00,2.0,12.4
2016-06-22,2,76.1,0.00,0.00,0.00,0.0,13.3
2016-06-23,53,73.6,1.50,1.50,0.00,4.0,5.7
2016-06-24,2,72.6,0.00,0.00,0.00,0.0,10.7
2016-06-25,2,72.1,0.00,0.00,0.00,0.0,8.4
2016-06-26,3,73.5,0.00,0.00,0.00,0.0,12.2
2016-06-27,61,72.9,2.50,2.50,0.00,5.0,14.7
2016-06-28,61,71.2,13.10,13.10,0.00,19.0,11.4
2016-06-29,53,74.9,1.20,1.20,0.00,4.0,6.8
2016-06-30,3,74.4,0.00,0.00,0.00,0.0,10.6
2016-07-01,53,73.9,2.20,2.20,0.00,7.0,15.5
2016-07-02,3,72.2,0.00,0.00,0.00,0.0,13.6
2016-07-03,3,72.1,0.00,0.00,0.00,0.0,10.2
2016-07-04,53,73.3,1.00,1.00,0.00,2.0,12.9
2016-07-05,61,76.5,10.10,10.10,0.00,10.0,7.4
2016-07-06,3,81.2,0.00,0.00,0.00,0.0,9.1
2016-07-07,55,82.0,1.90,1.90,0.00,2.0,9.2
2016-07-08,61,77.3,6.50,6.50,0.00,6.0,12.1
2016-07-09,61,69.8,10.90,10.90,0.00,10.0,10.3
2016-07-10,53,73.5,2.40,2.40,0.00,8.0,10.1
2016-07-11,3,71.5,0.00,0.00,0.00,0.0,9.2
2016-07-12,3,72.3,0.00,0.00,0.00,0.0,12.8
2016-07-13,51,75.3,0.20,0.20,0.00,1.0,13.9
2016-07-14,61,79.0,5.40,5.40,0.00,9.0,12.8
2016-07-15,55,82.6,1.20,1.20,0.00,1.0,8.5
2016-07-16,61,79.7,2.50,2.50,0.00,3.0,9.6
2016-07-17,3,81.0,0.00,0.00,0.00,0.0,7.8
2016-07-18,53,81.9,1.90,1.90,0.00,4.0,12.0
2016-07-19,3,77.8,0.00,0.00,0.00,0.0,14.2
2016-07-20,3,74.5,0.00,0.00,0.00,0.0,6.4
2016-07-21,3,78.3,0.00,0.00,0.00,0.0,13.9
2016-07-22,51,83.5,0.20,0.20,0.00,1.0,13.2
2016-07-23,1,86.6,0.00,0.00,0.00,0.0,13.2
2016-07-24,3,81.5,0.00,0.00,0.00,0.0,12.5
2016-07-25,61,80.9,5.90,5.90,0.00,8.0,9.3
2016-07-26,3,82.0,0.00,0.00,0.00,0.0,9.9
2016-07-27,3,80.1,0.00,0.00,0.00,0.0,7.2
2016-07-28,51,81.5,0.10,0.10,0.00,1.0,12.1
2016-07-29,63,77.2,27.60,27.60,0.00,11.0,11.8
2016-07-30,61,76.3,10.10,10.10,0.00,11.0,9.2
2016-07-31,63,74.3,17.70,17.70,0.00,23.0,10.2
2016-08-01,51,73.3,0.50,0.50,0.00,4.0,7.9
2016-08-02,51,71.6,1.50,1.50,0.00,6.0,9.7
2016-08-03,1,70.4,0.00,0.00,0.00,0.0,7.8
2016-08-04,2,72.0,0.00,0.00,0.00,0.0,8.5
2016-08-05,3,73.2,0.00,0.00,0.00,0.0,10.6
2016-08-06,51,77.7,1.30,1.30,0.00,7.0,10.0
2016-08-07,2,77.6,0.00,0.00,0.00,0.0,9.5
2016-08-08,3,76.1,0.00,0.00,0.00,0.0,6.5
2016-08-09,3,77.0,0.00,0.00,0.00,0.0,10.6
2016-08-10,63,78.5,14.30,14.30,0.00,14.0,10.2
2016-08-11,63,81.3,5.60,5.60,0.00,10.0,9.1
2016-08-12,53,83.8,1.00,1.00,0.00,2.0,11.5
2016-08-13,53,84.7,0.70,0.70,0.00,2.0,10.8
2016-08-14,3,85.7,0.00,0.00,0.00,0.0,10.1
2016-08-15,51,83.1,0.20,0.20,0.00,1.0,5.7
2016-08-16,61,80.5,7.70,7.70,0.00,11.0,12.8
2016-08-17,51,81.3,0.20,0.20,0.00,2.0,15.2
2016-08-18,51,79.0,0.30,0.30,0.00,2.0,4.9
2016-08-19,51,79.0,0.40,0.40,0.00,2.0,8.5
2016-08-20,51,78.0,1.50,1.50,0.00,7.0,11.7
2016-08-21,61,77.6,7.60,7.60,0.00,8.0,13.1
2016-08-22,55,72.8,1.60,1.60,0.00,2.0,14.3
2016-08-23,0,70.9,0.00,0.00,0.00,0.0,5.9
2016-08-24,2,75.3,0.00,0.00,0.00,0.0,10.6
2016-08-25,3,76.3,0.00,0.00,0.00,0.0,13.3
2016-08-26,51,81.5,0.10,0.10,0.00,1.0,8.1
2016-08-27,3,78.1,0.00,0.00,0.00,0.0,8.3
2016-08-28,2,77.0,0.00,0.00,0.00,0.0,11.0
2016-08-29,3,80.6,0.00,0.00,0.00,0.0,8.1
2016-08-30,3,75.8,0.00,0.00,0.00,0.0,9.7
2016-08-31,3,78.2,0.00,0.00,0.00,0.0,9.4
2016-09-01,61,74.9,6.50,6.50,0.00,12.0,8.8
2016-09-02,3,72.4,0.00,0.00,0.00,0.0,11.0
2016-09-03,3,69.4,0.00,0.00,0.00,0.0,12.6
2016-09-04,2,70.0,0.00,0.00,0.00,0.0,12.1
2016-09-05,3,71.3,0.00,0.00,0.00,0.0,15.5
2016-09-06,53,73.8,2.10,2.10,0.00,6.0,19.9
2016-09-07,51,75.1,0.80,0.80,0.00,5.0,15.6
2016-09-08,3,76.7,0.00,0.00,0.00,0.0,8.8
2016-09-09,55,81.8,2.00,2.00,0.00,4.0,9.4
2016-09-10,61,80.1,2.90,2.90,0.00,3.0,12.5
2016-09-11,51,77.3,0.80,0.80,0.00,2.0,13.5
2016-09-12,2,68.2,0.00,0.00,0.00,0.0,10.1
2016-09-13,3,70.0,0.00,0.00,0.00,0.0,11.0
2016-09-14,3,77.0,0.00,0.00,0.00,0.0,11.4
2016-09-15,2,68.0,0.00,0.00,0.00,0.0,13.5
2016-09-16,2,65.6,0.00,0.00,0.00,0.0,10.5
2016-09-17,3,68.1,0.00,0.00,0.00,0.0,11.1
2016-09-18,51,74.9,0.40,0.40,0.00,3.0,10.6
2016-09-19,63,71.4,19.00,19.00,0.00,18.0,9.0
2016-09-20,51,73.2,0.10,0.10,0.00,1.0,6.9
2016-09-21,3,73.6,0.00,0.00,0.00,0.0,7.3
2016-09-22,2,70.7,0.00,0.00,0.00,0.0,6.9
2016-09-23,3,72.3,0.00,0.00,0.00,0.0,6.3
2016-09-24,53,64.3,4.80,4.80,0.00,11.0,14.9
2016-09-25,0,60.6,0.00,0.00,0.00,0.0,8.8
2016-09-26,3,62.7,0.00,0.00,0.00,0.0,11.3
2016-09-27,61,66.6,8.20,8.20,0.00,9.0,10.3
2016-09-28,51,63.3,1.10,1.10,0.00,4.0,15.1
2016-09-29,51,61.6,1.80,1.80,0.00,6.0,17.8
2016-09-30,61,59.1,12.70,12.70,0.00,16.0,19.6
2016-10-01,51,60.2,0.70,0.70,0.00,5.0,16.8
2016-10-02,51,61.2,0.80,0.80,0.00,3.0,9.3
2016-10-03,3,64.9,0.00,0.00,0.00,0.0,4.9
2016-10-04,53,62.8,1.20,1.20,0.00,2.0,11.6
2016-10-05,1,59.4,0.00,0.00,0.00,0.0,10.4
2016-10-06,3,60.5,0.00,0.00,0.00,0.0,6.0
2016-10-07,3,60.8,0.00,0.00,0.00,0.0,7.4
2016-10-08,55,62.6,4.20,4.20,0.00,9.0,5.9
2016-10-09,61,57.1,20.10,20.10,0.00,17.0,19.0
2016-10-10,0,53.6,0.00,0.00,0.00,0.0,15.8
2016-10-11,3,52.5,0.00,0.00,0.00,0.0,7.5
2016-10-12,3,58.3,0.00,0.00,0.00,0.0,6.3
2016-10-13,51,59.4,0.20,0.20,0.00,1.0,11.3
2016-10-14,1,54.0,0.00,0.00,0.00,0.0,11.6
2016-10-15,0,53.7,0.00,0.00,0.00,0.0,7.3
2016-10-16,3,59.0,0.00,0.00,0.00,0.0,10.4
2016-10-17,51,67.1,0.60,0.60,0.00,2.0,9.9
2016-10-18,2,69.2,0.00,0.00,0.00,0.0,13.0
2016-10-19,1,72.0,0.00,0.00,0.00,0.0,12.7
2016-10-20,3,64.5,0.00,0.00,0.00,0.0,12.7
2016-10-21,55,67.3,5.60,5.60,0.00,11.0,10.3
2016-10-22,63,51.4,23.80,23.80,0.00,20.0,20.1
2016-10-23,3,52.4,0.00,0.00,0.00,0.0,23.0
2016-10-24,53,53.7,2.10,2.10,0.00,4.0,15.9
2016-10-25,2,47.6,0.00,0.00,0.00,0.0,17.1
2016-10-26,3,43.6,0.00,0.00,0.00,0.0,10.4
2016-10-27,61,47.5,16.00,16.00,0.00,16.0,15.7
2016-10-28,53,47.8,1.20,1.20,0.00,2.0,20.0
2016-10-29,3,49.9,0.00,0.00,0.00,0.0,13.2
2016-10-30,63,62.7,8.60,8.60,0.00,6.0,11.6
2016-10-31,3,48.8,0.00,0.00,0.00,0.0,14.3
2016-11-01,3,49.2,0.00,0.00,0.00,0.0,7.5
2016-11-02,3,57.2,0.00,0.00,0.00,0.0,8.1
2016-11-03,51,60.4,0.70,0.70,0.00,2.0,14.2
2016-11-04,3,52.2,0.00,0.00,0.00,0.0,11.6
2016-11-05,2,49.6,0.00,0.00,0.00,0.0,10.1
2016-11-06,3,49.8,0.00,0.00,0.00,0.0,14.2
2016-11-07,2,44.9,0.00,0.00,0.00,0.0,10.5
2016-11-08,3,49.5,0.00,0.00,0.00,0.0,7.0
2016-11-09,51,51.3,1.60,1.60,0.00,8.0,13.2
2016-11-10,3,47.6,0.00,0.00,0.00,0.0,14.7
2016-11-11,1,49.8,0.00,0.00,0.00,0.0,17.9
2016-11-12,1,41.2,0.00,0.00,0.00,0.0,13.2
2016-11-13,3,45.7,0.00,0.00,0.00,0.0,10.5
2016-11-14,3,47.9,0.00,0.00,0.00,0.0,9.5
2016-11-15,63,47.4,22.50,22.50,0.00,13.0,15.5
2016-11-16,3,50.5,0.00,0.00,0.00,0.0,9.5
2016-11-17,0,49.8,0.00,0.00,0.00,0.0,11.5
2016-11-18,0,49.7,0.00,0.00,0.00,0.0,9.1
2016-11-19,53,50.2,0.80,0.80,0.00,1.0,9.4
2016-11-20,73,39.5,9.50,10.60,0.77,9.0,23.2
2016-11-21,71,36.6,0.00,0.00,0.07,0.0,23.8
2016-11-22,3,36.2,0.00,0.00,0.00,0.0,21.1
2016-11-23,3,36.8,0.00,0.00,0.00,0.0,12.5
2016-11-24,53,44.0,0.70,0.70,0.00,2.0,7.2
2016-11-25,51,47.6,1.80,1.80,0.00,7.0,5.1
2016-11-26,3,44.8,0.00,0.00,0.00,0.0,10.4
2016-11-27,3,40.7,0.00,0.00,0.00,0.0,12.1
2016-11-28,3,40.1,0.00,0.00,0.00,0.0,7.9
2016-11-29,63,52.8,22.10,22.10,0.00,11.0,18.9
2016-11-30,63,52.3,16.50,16.50,0.00,13.0,14.5
2016-12-01,61,51.1,6.70,6.70,0.00,6.0,20.3
2016-12-02,3,42.5,0.00,0.00,0.00,0.0,14.8
2016-12-03,3,40.8,0.00,0.00,0.00,0.0,18.9
2016-12-04,3,38.5,0.00,0.00,0.00,0.0,9.1
2016-12-05,71,40.9,7.00,7.10,0.07,9.0,11.8
2016-12-06,61,38.8,5.40,5.40,0.00,5.0,12.1
2016-12-07,55,42.0,4.60,4.60,0.00,9.0,13.0
2016-12-08,3,37.8,0.00,0.00,0.00,0.0,13.5
2016-12-09,2,33.4,0.00,0.00,0.00,0.0,20.0
2016-12-10,3,30.1,0.00,0.00,0.00,0.0,12.6
2016-12-11,71,29.6,0.00,0.60,0.49,3.0,7.3
2016-12-12,61,39.5,11.70,11.70,0.00,10.0,12.3
2016-12-13,3,34.8,0.00,0.00,0.00,0.0,10.9
2016-12-14,3,35.1,0.00,0.00,0.00,0.0,11.8
2016-12-15,71,25.9,0.00,0.10,0.14,1.0,23.7
2016-12-16,3,22.8,0.00,0.00,0.00,0.0,19.8
2016-12-17,75,32.0,10.00,15.90,4.20,14.0,9.2
2016-12-18,61,45.0,4.50,4.50,0.00,10.0,18.4
2016-12-19,3,26.6,0.00,0.00,0.00,0.0,11.8
2016-12-20,3,25.6,0.00,0.00,0.00,0.0,8.4
2016-12-21,3,31.8,0.00,0.00,0.00,0.0,10.0
2016-12-22,3,35.9,0.00,0.00,0.00,0.0,13.1
2016-12-23,3,36.4,0.00,0.00,0.00,0.0,11.2
2016-12-24,61,38.6,10.10,10.10,0.00,8.0,11.1
2016-12-25,2,36.9,0.00,0.00,0.00,0.0,9.9
2016-12-26,51,38.1,0.50,0.50,0.00,5.0,11.1
2016-12-27,55,50.7,1.20,1.20,0.00,2.0,19.5
2016-12-28,3,34.8,0.00,0.00,0.00,0.0,11.9
2016-12-29,61,35.8,11.90,11.90,0.00,9.0,13.4
2016-12-30,2,34.0,0.00,0.00,0.00,0.0,16.5
2016-12-31,3,35.1,0.00,0.00,0.00,0.0,18.2
2017-01-01,51,41.0,0.30,0.30,0.00,1.0,15.1
2017-01-02,53,37.6,5.50,5.50,0.00,13.0,12.5
2017-01-03,55,42.5,5.70,5.70,0.00,12.0,15.8
2017-01-04,51,43.4,0.70,0.70,0.00,3.0,20.0
2017-01-05,71,30.2,0.00,0.10,0.07,1.0,22.2
2017-01-06,73,29.8,0.00,1.90,1.33,9.0,10.0
2017-01-07,73,22.7,0.00,9.60,6.72,17.0,17.2
2017-01-08,3,17.1,0.00,0.00,0.00,0.0,16.0
2017-01-09,3,14.6,0.00,0.00,0.00,0.0,11.3
2017-01-10,3,26.9,0.00,0.00,0.00,0.0,17.4
2017-01-11,61,44.4,4.50,4.50,0.00,6.0,19.6
2017-01-12,63,54.5,8.20,8.20,0.00,10.0,16.6
2017-01-13,51,44.8,0.20,0.20,0.00,1.0,17.5
2017-01-14,73,29.9,0.00,1.20,0.84,8.0,11.4
2017-01-15,3,31.8,0.00,0.00,0.00,0.0,8.7
2017-01-16,3,30.9,0.00,0.00,0.00,0.0,8.2
2017-01-17,55,39.0,3.80,3.80,0.00,9.0,10.6
2017-01-18,51,40.2,0.70,0.70,0.00,5.0,10.6
2017-01-19,3,41.3,0.00,0.00,0.00,0.0,8.6
2017-01-20,53,39.7,2.60,2.60,0.00,7.0,6.9
2017-01-21,51,44.2,0.10,0.10,0.00,1.0,8.1
2017-01-22,51,45.5,0.30,0.30,0.00,3.0,16.2
2017-01-23,63,39.3,13.90,13.90,0.00,16.0,27.2
2017-01-24,63,37.6,24.50,24.50,0.00,22.0,31.1
2017-01-25,51,40.8,0.10,0.10,0.00,1.0,18.7
2017-01-26,53,44.2,1.70,1.70,0.00,5.0,21.3
2017-01-27,51,39.7,0.10,0.10,0.00,1.0,19.7
2017-01-28,3,35.2,0.00,0.00,0.00,0.0,19.7
2017-01-29,3,36.4,0.00,0.00,0.00,0.0,15.1
2017-01-30,3,31.9,0.00,0.00,0.00,0.0,15.4
2017-01-31,73,28.2,0.00,2.60,1.82,6.0,11.4
2017-02-01,3,39.3,0.00,0.00,0.00,0.0,18.2
2017-02-02,3,35.3,0.00,0.00,0.00,0.0,17.4
2017-02-03,3,28.8,0.00,0.00,0.00,0.0,14.5
2017-02-04,3,27.3,0.00,0.00,0.00,0.0,16.6
2017-02-05,3,35.5,0.00,0.00,0.00,0.0,14.5
2017-02-06,3,38.2,0.00,0.00,0.00,0.0,12.5
2017-02-07,53,40.2,2.60,2.60,0.00,7.0,10.1
2017-02-08,53,51.1,0.50,0.50,0.00,1.0,15.0
2017-02-09,75,28.0,0.20,28.10,19.53,13.0,25.4
2017-02-10,71,22.2,0.00,0.20,0.14,2.0,17.9
2017-02-11,73,34.5,0.20,1.20,0.70,3.0,9.2
2017-02-12,73,33.6,7.10,8.50,0.98,15.0,12.5
2017-02-13,51,33.6,0.10,0.10,0.00,1.0,27.2
2017-02-14,3,30.9,0.00,0.00,0.00,0.0,13.3
2017-02-15,51,36.9,0.20,0.20,0.00,2.0,16.6
2017-02-16,3,31.6,0.00,0.00,0.00,0.0,21.5
2017-02-17,3,32.2,0.00,0.00,0.00,0.0,15.6
2017-02-18,3,42.9,0.00,0.00,0.00,0.0,13.9
2017-02-19,3,52.5,0.00,0.00,0.00,0.0,13.6
2017-02-20,1,44.7,0.00,0.00,0.00,0.0,13.2
2017-02-21,3,37.2,0.00,0.00,0.00,0.0,12.5
2017-02-22,51,43.2,0.40,0.40,0.00,1.0,9.9
2017-02-23,3,46.7,0.00,0.00,0.00,0.0,12.5
2017-02-24,53,53.0,1.20,1.20,0.00,3.0,16.8
2017-02-25,63,50.6,7.70,7.70,0.00,4.0,19.4
2017-02-26,2,39.5,0.00,0.00,0.00,0.0,19.2
2017-02-27,3,40.3,0.00,0.00,0.00,0.0,16.4
2017-02-28,51,46.5,1.10,1.10,0.00,3.0,10.4
2017-03-01,51,56.2,2.10,2.10,0.00,8.0,28.4
2017-03-02,3,47.2,0.00,0.00,0.00,0.0,28.0
2017-03-03,71,32.9,0.30,0.40,0.07,2.0,19.4
2017-03-04,3,24.4,0.00,0.00,0.00,0.0,26.1
2017-03-05,0,23.5,0.00,0.00,0.00,0.0,15.3
2017-03-06,3,31.2,0.00,0.00,0.00,0.0,9.8
2017-03-07,53,45.9,4.10,4.10,0.00,10.0,16.7
2017-03-08,51,52.3,0.80,0.80,0.00,4.0,18.3
2017-03-09,3,52.1,0.00,0.00,0.00,0.0,20.6
2017-03-10,75,35.6,0.20,8.50,5.88,10.0,20.3
2017-03-11,3,23.4,0.00,0.00,0.00,0.0,22.0
2017-03-12,3,24.9,0.00,0.00,0.00,0.0,17.0
2017-03-13,71,25.7,0.00,0.10,0.07,1.0,10.4
2017-03-14,75,30.6,8.10,43.00,24.43,20.0,33.2
2017-03-15,71,22.4,0.00,0.60,0.42,6.0,21.3
2017-03-16,3,26.7,0.00,0.00,0.00,0.0,17.3
2017-03-17,3,30.7,0.00,0.00,0.00,0.0,12.8
2017-03-18,53,32.3,2.10,2.10,0.00,6.0,14.4
2017-03-19,3,37.5,0.00,0.00,0.00,0.0,16.7
2017-03-20,3,38.6,0.00,0.00,0.00,0.0,12.9
2017-03-21,3,45.8,0.00,0.00,0.00,0.0,10.1
2017-03-22,3,33.0,0.00,0.00,0.00,0.0,26.6
2017-03-23,0,30.1,0.00,0.00,0.00,0.0,14.5
2017-03-24,3,41.6,0.00,0.00,0.00,0.0,16.6
2017-03-25,53,50.4,2.60,2.60,0.00,6.0,12.5
2017-03-26,51,40.6,0.20,0.20,0.00,2.0,14.9
2017-03-27,61,46.2,4.90,4.90,0.00,9.0,11.1
2017-03-28,61,45.1,7.80,7.80,0.00,14.0,10.3
2017-03-29,51,47.9,0.30,0.30,0.00,2.0,14.6
2017-03-30,55,41.1,1.70,1.70,0.00,2.0,11.9
2017-03-31,63,40.8,22.20,22.20,0.00,23.0,24.0
2017-04-01,53,41.7,1.40,1.40,0.00,5.0,19.7
2017-04-02,3,47.4,0.00,0.00,0.00,0.0,17.1
2017-04-03,3,47.3,0.00,0.00,0.00,0.0,12.2
2017-04-04,63,51.4,16.20,16.20,0.00,13.0,21.2
2017-04-05,3,48.6,0.00,0.00,0.00,0.0,12.8
2017-04-06,65,46.1,26.80,26.80,0.00,13.0,28.2
2017-04-07,53,45.8,1.50,1.50,0.00,6.0,19.1
2017-04-08,1,45.1,0.00,0.00,0.00,0.0,19.1
2017-04-09,3,46.4,0.00,0.00,0.00,0.0,15.2
2017-04-10,3,52.6,0.00,0.00,0.00,0.0,16.9
2017-04-11,3,56.9,0.00,0.00,0.00,0.0,11.4
2017-04-12,51,60.2,0.60,0.60,0.00,3.0,11.1
2017-04-13,3,53.4,0.00,0.00,0.00,0.0,16.6
2017-04-14,3,49.4,0.00,0.00,0.00,0.0,10.1
2017-04-15,51,50.5,0.10,0.10,0.00,1.0,16.8
2017-04-16,51,66.8,0.40,0.40,0.00,2.0,17.7
2017-04-17,51,64.9,0.10,0.10,0.00,1.0,16.6
2017-04-18,3,52.0,0.00,0.00,0.00,0.0,15.2
2017-04-19,61,47.0,2.40,2.40,0.00,3.0,15.3
2017-04-20,53,53.6,2.50,2.50,0.00,7.0,11.1
2017-04-21,63,51.7,8.80,8.80,0.00,11.0,13.5
2017-04-22,53,51.5,3.20,3.20,0.00,12.0,8.1
2017-04-23,3,50.3,0.00,0.00,0.00,0.0,11.0
2017-04-24,51,50.0,0.30,0.30,0.00,2.0,10.1
2017-04-25,61,52.5,11.10,11.10,0.00,19.0,19.6
2017-04-26,61,57.4,7.90,7.90,0.00,12.0,16.1
2017-04-27,3,57.4,0.00,0.00,0.00,0.0,9.8
2017-04-28,3,63.1,0.00,0.00,0.00,0.0,14.7
2017-04-29,63,68.9,13.60,13.60,0.00,3.0,17.7
2017-04-30,51,57.5,0.20,0.20,0.00,1.0,15.9
2017-05-01,51,58.2,0.10,0.10,0.00,1.0,22.2
2017-05-02,53,66.2,1.00,1.00,0.00,5.0,22.3
2017-05-03,3,57.4,0.00,0.00,0.00,0.0,18.4
2017-05-04,3,51.2,0.00,0.00,0.00,0.0,14.6
2017-05-05,63,54.9,29.60,29.60,0.00,17.0,21.8
2017-05-06,61,58.0,4.80,4.80,0.00,8.0,24.9
2017-05-07,51,51.9,0.60,0.60,0.00,3.0,15.9
2017-05-08,53,50.2,0.90,0.90,0.00,4.0,17.0
2017-05-09,51,51.0,0.30,0.30,0.00,2.0,11.2
2017-05-10,3,51.9,0.00,0.00,0.00,0.0,9.0
2017-05-11,3,52.1,0.00,0.00,0.00,0.0,9.4
2017-05-12,3,51.3,0.00,0.00,0.00,0.0,12.0
2017-05-13,63,49.5,29.10,29.10,0.00,20.0,18.1
2017-05-14,61,54.6,5.30,5.30,0.00,9.0,18.0
2017-05-15,3,57.8,0.00,0.00,0.00,0.0,23.5
2017-05-16,3,63.1,0.00,0.00,0.00,0.0,12.2
2017-05-17,3,66.7,0.00,0.00,0.00,0.0,14.3
2017-05-18,3,74.7,0.00,0.00,0.00,0.0,15.5
2017-05-19,51,76.8,0.50,0.50,0.00,2.0,14.6
2017-05-20,51,59.1,0.20,0.20,0.00,2.0,14.1
2017-05-21,3,56.2,0.00,0.00,0.00,0.0,11.4
2017-05-22,63,57.1,13.90,13.90,0.00,14.0,11.2
2017-05-23,3,61.3,0.00,0.00,0.00,0.0,9.4
2017-05-24,53,59.3,1.40,1.40,0.00,4.0,10.5
2017-05-25,63,57.4,13.10,13.10,0.00,16.0,17.5
2017-05-26,61,63.0,6.80,6.80,0.00,11.0,14.6
2017-05-27,51,62.3,0.20,0.20,0.00,1.0,9.5
2017-05-28,51,60.6,0.40,0.40,0.00,3.0,12.7
2017-05-29,55,57.6,5.20,5.20,0.00,13.0,11.1
2017-05-30,51,57.2,0.20,0.20,0.00,2.0,13.8
2017-05-31,61,62.3,2.00,2.00,0.00,4.0,12.5
2017-06-01,3,67.1,0.00,0.00,0.00,0.0,13.5
2017-06-02,3,63.3,0.00,0.00,0.00,0.0,14.1
2017-06-03,53,60.8,1.00,1.00,0.00,3.0,16.5
2017-06-04,51,60.6,0.30,0.30,0.00,3.0,14.5
2017-06-05,53,63.7,3.40,3.40,0.00,10.0,11.8
2017-06-06,55,56.5,1.60,1.60,0.00,4.0,11.7
2017-06-07,51,57.8,0.20,0.20,0.00,1.0,10.6
2017-06-08,3,58.6,0.00,0.00,0.00,0.0,10.4
2017-06-09,61,64.6,1.90,1.90,0.00,3.0,12.6
2017-06-10,3,69.8,0.00,0.00,0.00,0.0,17.7
2017-06-11,2,75.5,0.00,0.00,0.00,0.0,15.9
2017-06-12,1,77.4,0.00,0.00,0.00,0.0,15.5
2017-06-13,51,78.6,0.30,0.30,0.00,1.0,16.4
2017-06-14,55,71.7,2.90,2.90,0.00,8.0,11.1
2017-06-15,3,65.3,0.00,0.00,0.00,0.0,12.8
2017-06-16,51,65.7,0.70,0.70,0.00,6.0,13.0
2017-06-17,61,67.7,3.90,3.90,0.00,9.0,13.3
2017-06-18,55,72.0,3.60,3.60,0.00,9.0,20.6
2017-06-19,63,74.7,11.20,11.20,0.00,9.0,24.4
2017-06-20,65,74.8,17.50,17.50,0.00,5.0,14.6
2017-06-21,61,73.9,2.20,2.20,0.00,4.0,13.6
2017-06-22,3,71.2,0.00,0.00,0.00,0.0,12.9
2017-06-23,53,76.7,1.60,1.60,0.00,6.0,17.0
2017-06-24,63,77.5,15.00,15.00,0.00,11.0,16.7
2017-06-25,2,72.3,0.00,0.00,0.00,0.0,12.3
2017-06-26,3,69.4,0.00,0.00,0.00,0.0,16.6
2017-06-27,61,66.6,5.60,5.60,0.00,7.0,10.6
2017-06-28,3,67.5,0.00,0.00,0.00,0.0,14.5
2017-06-29,51,70.1,0.10,0.10,0.00,1.0,24.5
2017-06-30,51,75.1,0.10,0.10,0.00,1.0,21.0
2017-07-01,53,73.5,2.00,2.00,0.00,6.0,19.0
2017-07-02,3,76.5,0.00,0.00,0.00,0.0,13.5
2017-07-03,3,76.8,0.00,0.00,0.00,0.0,14.2
2017-07-04,51,75.1,0.20,0.20,0.00,2.0,7.7
2017-07-05,3,73.3,0.00,0.00,0.00,0.0,14.6
2017-07-06,53,71.0,1.90,1.90,0.00,6.0,9.5
2017-07-07,65,71.3,74.00,74.00,0.00,18.0,11.6
2017-07-08,3,75.7,0.00,0.00,0.00,0.0,13.3
2017-07-09,1,72.1,0.00,0.00,0.00,0.0,12.2
2017-07-10,51,72.4,0.30,0.30,0.00,1.0,17.8
2017-07-11,53,76.2,3.00,3.00,0.00,6.0,12.5
2017-07-12,53,78.8,2.60,2.60,0.00,8.0,13.1
2017-07-13,53,79.5,2.50,2.50,0.00,5.0,11.3
2017-07-14,61,69.3,8.50,8.50,0.00,14.0,11.5
2017-07-15,51,74.4,0.20,0.20,0.00,2.0,7.6
2017-07-16,1,73.9,0.00,0.00,0.00,0.0,9.6
2017-07-17,53,74.9,0.70,0.70,0.00,1.0,13.1
2017-07-18,3,75.9,0.00,0.00,0.00,0.0,11.9
2017-07-19,51,78.8,0.10,0.10,0.00,1.0,13.2
2017-07-20,51,80.6,0.10,0.10,0.00,1.0,12.8
2017-07-21,3,80.5,0.00,0.00,0.00,0.0,12.7
2017-07-22,61,78.9,3.20,3.20,0.00,3.0,9.6
2017-07-23,63,74.3,15.90,15.90,0.00,12.0,11.2
2017-07-24,65,69.4,57.80,57.80,0.00,14.0,26.0
2017-07-25,63,66.3,11.50,11.50,0.00,10.0,9.3
2017-07-26,3,68.4,0.00,0.00,0.00,0.0,9.8
2017-07-27,53,70.5,1.70,1.70,0.00,6.0,11.2
2017-07-28,61,73.7,3.80,3.80,0.00,9.0,6.1
2017-07-29,63,69.3,10.20,10.20,0.00,11.0,18.2
2017-07-30,1,69.3,0.00,0.00,0.00,0.0,9.7
2017-07-31,2,72.1,0.00,0.00,0.00,0.0,8.9
2017-08-01,2,75.0,0.00,0.00,0.00,0.0,8.1
2017-08-02,61,73.3,4.40,4.40,0.00,6.0,9.0
2017-08-03,3,73.1,0.00,0.00,0.00,0.0,11.2
2017-08-04,61,74.2,3.60,3.60,0.00,6.0,15.1
2017-08-05,61,74.2,6.80,6.80,0.00,9.0,13.6
2017-08-06,3,69.5,0.00,0.00,0.00,0.0,11.4
2017-08-07,63,67.2,25.20,25.20,0.00,13.0,16.9
2017-08-08,51,69.8,0.20,0.20,0.00,2.0,10.5
2017-08-09,1,71.3,0.00,0.00,0.00,0.0,8.1
2017-08-10,3,71.9,0.00,0.00,0.00,0.0,9.4
2017-08-11,3,71.1,0.00,0.00,0.00,0.0,12.3
2017-08-12,63,71.4,15.80,15.80,0.00,10.0,11.4
2017-08-13,3,75.3,0.00,0.00,0.00,0.0,9.5
2017-08-14,3,73.2,0.00,0.00,0.00,0.0,7.6
2017-08-15,61,72.6,7.20,7.20,0.00,11.0,9.1
2017-08-16,3,75.3,0.00,0.00,0.00,0.0,9.0
2017-08-17,3,72.3,0.00,0.00,0.00,0.0,11.2
2017-08-18,63,76.3,17.00,17.00,0.00,15.0,16.6
2017-08-19,53,77.4,1.00,1.00,0.00,2.0,11.7
2017-08-20,2,75.0,0.00,0.00,0.00,0.0,12.4
2017-08-21,3,74.3,0.00,0.00,0.00,0.0,16.1
2017-08-22,3,77.5,0.00,0.00,0.00,0.0,20.2
2017-08-23,63,75.8,6.80,6.80,0.00,4.0,14.7
2017-08-24,3,71.2,0.00,0.00,0.00,0.0,6.9
2017-08-25,51,69.5,0.30,0.30,0.00,3.0,9.5
2017-08-26,1,67.9,0.00,0.00,0.00,0.0,8.1
2017-08-27,3,66.7,0.00,0.00,0.00,0.0,8.7
2017-08-28,3,67.0,0.00,0.00,0.00,0.0,15.5
2017-08-29,61,64.9,10.60,10.60,0.00,10.0,14.0
2017-08-30,61,68.2,3.90,3.90,0.00,5.0,13.4
2017-08-31,3,70.9,0.00,0.00,0.00,0.0,13.2
2017-09-01,3,62.5,0.00,0.00,0.00,0.0,13.7
2017-09-02,63,60.5,9.50,9.50,0.00,5.0,11.5
2017-09-03,63,65.7,16.90,16.90,0.00,15.0,17.9
2017-09-04,3,68.1,0.00,0.00,0.00,0.0,17.5
2017-09-05,3,72.8,0.00,0.00,0.00,0.0,19.3
2017-09-06,63,67.4,20.70,20.70,0.00,16.0,13.2
2017-09-07,61,66.0,3.20,3.20,0.00,5.0,13.3
2017-09-08,2,64.0,0.00,0.00,0.00,0.0,12.7
2017-09-09,3,61.0,0.00,0.00,0.00,0.0,13.2
2017-09-10,3,62.5,0.00,0.00,0.00,0.0,11.5
2017-09-11,3,64.2,0.00,0.00,0.00,0.0,7.9
2017-09-12,3,66.4,0.00,0.00,0.00,0.0,8.5
2017-09-13,51,68.3,0.20,0.20,0.00,1.0,13.6
2017-09-14,61,71.4,4.20,4.20,0.00,5.0,9.8
2017-09-15,3,71.3,0.00,0.00,0.00,0.0,7.7
2017-09-16,51,70.9,0.50,0.50,0.00,2.0,7.8
2017-09-17,51,70.5,0.30,0.30,0.00,2.0,8.8
2017-09-18,51,70.3,1.30,1.30,0.00,7.0,9.7
2017-09-19,55,71.6,2.50,2.50,0.00,5.0,21.9
2017-09-20,3,73.0,0.00,0.00,0.00,0.0,19.9
2017-09-21,3,73.7,0.00,0.00,0.00,0.0,13.7
2017-09-22,3,71.5,0.00,0.00,0.00,0.0,15.6
2017-09-23,1,73.6,0.00,0.00,0.00,0.0,11.9
2017-09-24,0,74.1,0.00,0.00,0.00,0.0,7.9
2017-09-25,3,72.8,0.00,0.00,0.00,0.0,10.2
2017-09-26,3,71.2,0.00,0.00,0.00,0.0,9.6
2017-09-27,51,74.3,0.70,0.70,0.00,3.0,9.6
2017-09-28,3,71.7,0.00,0.00,0.00,0.0,16.7
2017-09-29,3,61.4,0.00,0.00,0.00,0.0,12.8
2017-09-30,61,59.3,3.00,3.00,0.00,6.0,18.9
2017-10-01,2,57.5,0.00,0.00,0.00,0.0,10.1
2017-10-02,1,59.8,0.00,0.00,0.00,0.0,8.2
2017-10-03,3,60.0,0.00,0.00,0.00,0.0,10.6
2017-10-04,3,62.7,0.00,0.00,0.00,0.0,15.9
2017-10-05,53,70.4,1.10,1.10,0.00,2.0,12.7
2017-10-06,51,70.0,0.40,0.40,0.00,1.0,10.5
2017-10-07,3,69.6,0.00,0.00,0.00,0.0,19.4
2017-10-08,61,73.0,10.00,10.00,0.00,15.0,18.2
2017-10-09,63,72.2,18.90,18.90,0.00,17.0,25.3
2017-10-10,3,71.0,0.00,0.00,0.00,0.0,12.3
2017-10-11,53,66.5,2.20,2.20,0.00,5.0,14.0
2017-10-12,53,59.9,2.30,2.30,0.00,7.0,16.0
2017-10-13,51,60.0,0.10,0.10,0.00,1.0,12.1
2017-10-14,51,66.0,0.20,0.20,0.00,2.0,9.0
2017-10-15,3,68.1,0.00,0.00,0.00,0.0,14.0
2017-10-16,53,59.3,1.90,1.90,0.00,7.0,15.4
2017-10-17,0,50.4,0.00,0.00,0.00,0.0,10.7
2017-10-18,0,57.7,0.00,0.00,0.00,0.0,9.3
2017-10-19,3,60.5,0.00,0.00,0.00,0.0,12.0
2017-10-20,2,62.0,0.00,0.00,0.00,0.0,12.7
2017-10-21,3,60.5,0.00,0.00,0.00,0.0,8.1
2017-10-22,3,60.2,0.00,0.00,0.00,0.0,7.9
2017-10-23,51,65.6,0.50,0.50,0.00,4.0,19.5
2017-10-24,65,68.1,35.40,35.40,0.00,15.0,25.6
2017-10-25,51,61.9,0.40,0.40,0.00,1.0,10.3
2017-10-26,61,55.1,6.10,6.10,0.00,8.0,15.1
2017-10-27,0,53.0,0.00,0.00,0.00,0.0,11.0
2017-10-28,3,60.7,0.00,0.00,0.00,0.0,19.4
2017-10-29,63,64.3,63.90,63.90,0.00,23.0,29.8
2017-10-30,53,54.5,3.00,3.00,0.00,6.0,25.4
2017-10-31,1,51.2,0.00,0.00,0.00,0.0,17.9
2017-11-01,3,50.7,0.00,0.00,0.00,0.0,11.9
2017-11-02,3,63.6,0.00,0.00,0.00,0.0,14.1
2017-11-03,3,63.5,0.00,0.00,0.00,0.0,16.6
2017-11-04,3,50.8,0.00,0.00,0.00,0.0,12.1
2017-11-05,55,58.1,1.90,1.90,0.00,4.0,13.5
2017-11-06,61,60.7,3.30,3.30,0.00,7.0,16.0
2017-11-07,61,45.6,12.10,12.10,0.00,8.0,16.9
2017-11-08,55,43.8,2.50,2.50,0.00,4.0,16.2
2017-11-09,51,47.0,0.10,0.10,0.00,1.0,8.8
2017-11-10,3,38.5,0.00,0.00,0.00,0.0,22.2
2017-11-11,3,30.2,0.00,0.00,0.00,0.0,14.5
2017-11-12,3,37.0,0.00,0.00,0.00,0.0,5.3
2017-11-13,53,42.0,3.30,3.30,0.00,8.0,11.6
2017-11-14,3,40.2,0.00,0.00,0.00,0.0,10.4
2017-11-15,3,43.6,0.00,0.00,0.00,0.0,11.0
2017-11-16,61,51.5,4.10,4.10,0.00,8.0,21.3
2017-11-17,3,42.1,0.00,0.00,0.00,0.0,18.6
2017-11-18,55,44.3,2.80,2.80,0.00,7.0,17.0
2017-11-19,63,51.2,12.00,12.00,0.00,7.0,25.4
2017-11-20,3,41.1,0.00,0.00,0.00,0.0,19.3
2017-11-21,3,48.4,0.00,0.00,0.00,0.0,15.9
2017-11-22,63,48.7,7.30,7.30,0.00,7.0,18.4
2017-11-23,1,35.7,0.00,0.00,0.00,0.0,13.6
2017-11-24,0,39.8,0.00,0.00,0.00,0.0,8.8
2017-11-25,3,46.4,0.00,0.00,0.00,0.0,11.1
2017-11-26,3,44.0,0.00,0.00,0.00,0.0,17.5
2017-11-27,3,41.9,0.00,0.00,0.00,0.0,17.1
2017-11-28,3,42.8,0.00,0.00,0.00,0.0,14.4
2017-11-29,1,50.3,0.00,0.00,0.00,0.0,15.5
2017-11-30,3,43.9,0.00,0.00,0.00,0.0,12.5
2017-12-01,51,45.9,0.50,0.50,0.00,3.0,13.1
2017-12-02,3,39.7,0.00,0.00,0.00,0.0,6.0
2017-12-03,51,42.8,0.30,0.30,0.00,2.0,7.5
2017-12-04,3,42.4,0.00,0.00,0.00,0.0,10.4
2017-12-05,63,54.6,7.60,7.60,0.00,10.0,21.6
2017-12-06,61,46.3,2.60,2.60,0.00,4.0,18.8
2017-12-07,3,40.4,0.00,0.00,0.00,0.0,16.7
2017-12-08,3,36.2,0.00,0.00,0.00,0.0,10.6
2017-12-09,75,33.5,0.10,10.70,7.42,20.0,11.4
2017-12-10,73,32.4,0.00,0.40,0.28,2.0,13.6
2017-12-11,71,35.4,0.00,0.20,0.14,2.0,11.8
2017-12-12,51,42.9,0.60,0.60,0.00,5.0,19.1
2017-12-13,3,25.9,0.00,0.00,0.00,0.0,27.2
2017-12-14,73,28.0,0.00,1.90,1.33,8.0,16.1
2017-12-15,73,24.4,0.00,3.00,2.10,7.0,10.8
2017-12-16,3,31.9,0.00,0.00,0.00,0.0,19.1
2017-12-17,3,32.5,0.00,0.00,0.00,0.0,9.0
2017-12-18,51,39.2,0.80,0.80,0.00,6.0,9.6
2017-12-19,3,46.6,0.00,0.00,0.00,0.0,19.5
2017-12-20,3,41.8,0.00,0.00,0.00,0.0,18.2
2017-12-21,3,33.1,0.00,0.00,0.00,0.0,9.2
2017-12-22,51,39.5,0.10,0.10,0.00,1.0,10.1
2017-12-23,63,46.8,19.10,19.10,0.00,21.0,18.8
2017-12-24,73,37.7,0.50,1.00,0.35,3.0,15.7
2017-12-25,55,36.0,5.40,5.40,0.00,9.0,27.5
2017-12-26,3,25.7,0.00,0.00,0.00,0.0,17.2
2017-12-27,3,22.1,0.00,0.00,0.00,0.0,13.3
2017-12-28,0,16.3,0.00,0.00,0.00,0.0,17.9
2017-12-29,3,17.0,0.00,0.00,0.00,0.0,12.7
2017-12-30,71,20.3,0.00,1.30,0.91,7.0,12.6
2017-12-31,3,15.3,0.00,0.00,0.00,0.0,17.4
2018-01-01,2,12.3,0.00,0.00,0.00,0.0,15.7
2018-01-02,1,18.5,0.00,0.00,0.00,0.0,14.5
2018-01-03,3,21.0,0.00,0.00,0.00,0.0,10.9
2018-01-04,75,24.1,0.00,26.00,18.20,19.0,34.7
2018-01-05,3,11.0,0.00,0.00,0.00,0.0,23.7
2018-01-06,0,6.8,0.00,0.00,0.00,0.0,19.0
2018-01-07,3,6.6,0.00,0.00,0.00,0.0,14.7
2018-01-08,73,24.0,0.10,1.00,0.63,4.0,14.9
2018-01-09,3,32.5,0.00,0.00,0.00,0.0,15.0
2018-01-10,3,26.8,0.00,0.00,0.00,0.0,8.7
2018-01-11,3,41.3,0.00,0.00,0.00,0.0,10.7
2018-01-12,63,51.6,23.50,23.50,0.00,15.0,23.7
2018-01-13,63,37.6,9.10,9.10,0.00,9.0,23.2
2018-01-14,3,19.2,0.00,0.00,0.00,0.0,14.9
2018-01-15,3,23.5,0.00,0.00,0.00,0.0,13.6
2018-01-16,3,30.8,0.00,0.00,0.00,0.0,7.1
2018-01-17,73,32.7,3.10,6.00,2.03,14.0,12.4
2018-01-18,3,24.4,0.00,0.00,0.00,0.0,15.5
2018-01-19,3,30.5,0.00,0.00,0.00,0.0,12.1
2018-01-20,1,39.9,0.00,0.00,0.00,0.0,17.0
2018-01-21,3,39.4,0.00,0.00,0.00,0.0,8.1
2018-01-22,55,43.4,2.10,2.10,0.00,9.0,9.6
2018-01-23,63,48.2,11.10,11.10,0.00,12.0,25.9
2018-01-24,3,37.3,0.00,0.00,0.00,0.0,17.5
2018-01-25,2,27.1,0.00,0.00,0.00,0.0,16.4
2018-01-26,1,28.0,0.00,0.00,0.00,0.0,10.5
2018-01-27,3,42.7,0.00,0.00,0.00,0.0,18.1
2018-01-28,53,47.9,4.30,4.30,0.00,12.0,16.6
2018-01-29,71,40.2,0.50,0.60,0.07,5.0,15.3
2018-01-30,73,31.7,0.00,2.50,1.75,12.0,17.3
2018-01-31,3,25.2,0.00,0.00,0.00,0.0,15.8
2018-02-01,3,37.4,0.00,0.00,0.00,0.0,11.8
2018-02-02,73,28.5,5.40,6.50,0.77,10.0,21.4
2018-02-03,3,23.4,0.00,0.00,0.00,0.0,14.6
2018-02-04,63,37.3,17.40,17.40,0.00,10.0,16.7
2018-02-05,71,31.9,1.80,1.90,0.07,3.0,21.7
2018-02-06,3,29.5,0.00,0.00,0.00,0.0,5.4
2018-02-07,73,35.5,20.40,21.90,1.05,15.0,24.8
2018-02-08,3,29.1,0.00,0.00,0.00,0.0,17.1
2018-02-09,71,29.4,0.00,0.10,0.07,1.0,15.7
2018-02-10,63,43.3,18.70,18.70,0.00,12.0,13.0
2018-02-11,63,50.2,33.80,33.80,0.00,23.0,22.0
2018-02-12,53,44.8,1.50,1.50,0.00,6.0,16.8
2018-02-13,3,29.7,0.00,0.00,0.00,0.0,13.2
2018-02-14,51,40.0,0.60,0.60,0.00,2.0,11.1
2018-02-15,61,48.9,6.60,6.60,0.00,7.0,11.5
2018-02-16,61,50.2,8.80,8.80,0.00,15.0,18.8
2018-02-17,75,33.3,1.40,9.70,5.81,5.0,16.5
2018-02-18,75,34.9,0.60,3.30,1.89,3.0,14.4
2018-02-19,53,40.2,1.30,1.30,0.00,4.0,14.3
2018-02-20,51,52.8,0.20,0.20,0.00,2.0,13.7
2018-02-21,63,60.0,6.60,6.60,0.00,3.0,15.5
2018-02-22,53,44.2,4.90,4.90,0.00,13.0,13.8
2018-02-23,53,38.3,4.10,4.10,0.00,12.0,12.9
2018-02-24,53,46.6,1.70,1.70,0.00,8.0,12.6
2018-02-25,63,43.1,17.40,17.40,0.00,16.0,18.6
2018-02-26,3,44.3,0.00,0.00,0.00,0.0,11.5
2018-02-27,1,40.3,0.00,0.00,0.00,0.0,15.3
2018-02-28,3,44.5,0.00,0.00,0.00,0.0,11.7
2018-03-01,61,48.9,2.90,2.90,0.00,4.0,12.0
2018-03-02,75,38.6,31.20,51.10,13.93,22.0,32.7
2018-03-03,3,40.7,0.00,0.00,0.00,0.0,24.6
2018-03-04,3,39.5,0.00,0.00,0.00,0.0,19.3
2018-03-05,71,36.0,0.00,0.10,0.07,1.0,17.7
2018-03-06,73,36.2,0.10,0.70,0.42,1.0,11.4
2018-03-07,75,35.0,7.70,34.90,19.04,24.0,26.9
2018-03-08,71,35.7,0.10,0.50,0.28,3.0,16.4
2018-03-09,71,34.5,0.00,0.20,0.14,2.0,20.3
2018-03-10,3,35.1,0.00,0.00,0.00,0.0,19.4
2018-03-11,2,35.1,0.00,0.00,0.00,0.0,12.0
2018-03-12,71,36.0,1.00,1.30,0.21,4.0,14.2
2018-03-13,75,35.6,1.00,9.60,6.02,16.0,20.9
2018-03-14,73,33.5,0.10,1.60,1.05,7.0,20.0
2018-03-15,71,36.6,0.10,0.20,0.07,2.0,19.7
2018-03-16,3,33.5,0.00,0.00,0.00,0.0,24.8
2018-03-17,3,35.7,0.00,0.00,0.00,0.0,18.6
2018-03-18,0,32.7,0.00,0.00,0.00,0.0,16.1
2018-03-19,3,35.7,0.00,0.00,0.00,0.0,9.8
2018-03-20,73,32.5,0.10,0.70,0.42,4.0,11.9
2018-03-21,75,34.0,0.30,25.80,17.85,21.0,19.1
2018-03-22,75,36.2,0.00,5.20,3.71,8.0,17.9
2018-03-23,3,35.6,0.00,0.00,0.00,0.0,11.8
2018-03-24,3,38.2,0.00,0.00,0.00,0.0,13.0
2018-03-25,71,37.4,0.20,0.40,0.14,4.0,14.0
2018-03-26,0,35.9,0.00,0.00,0.00,0.0,11.9
2018-03-27,3,34.7,0.00,0.00,0.00,0.0,7.4
2018-03-28,53,41.7,2.60,2.60,0.00,11.0,8.1
2018-03-29,51,46.8,0.90,0.90,0.00,5.0,10.0
2018-03-30,61,52.4,5.40,5.40,0.00,13.0,15.3
2018-03-31,3,42.4,0.00,0.00,0.00,0.0,18.5
2018-04-01,3,48.0,0.00,0.00,0.00,0.0,18.1
2018-04-02,75,35.4,0.00,12.30,8.61,8.0,11.1
2018-04-03,61,38.4,4.20,4.20,0.00,9.0,11.9
2018-04-04,61,48.7,1.90,1.90,0.00,4.0,26.6
2018-04-05,3,38.3,0.00,0.00,0.00,0.0,21.6
2018-04-06,71,42.5,2.00,2.20,0.14,6.0,19.5
2018-04-07,3,42.6,0.00,0.00,0.00,0.0,14.0
2018-04-08,3,37.0,0.00,0.00,0.00,0.0,16.8
2018-04-09,3,35.9,0.00,0.00,0.00,0.0,13.5
2018-04-10,51,41.3,1.40,1.40,0.00,7.0,11.3
2018-04-11,3,39.4,0.00,0.00,0.00,0.0,14.8
2018-04-12,53,47.6,0.80,0.80,0.00,3.0,22.8
2018-04-13,51,60.5,0.20,0.20,0.00,2.0,18.2
2018-04-14,3,60.0,0.00,0.00,0.00,0.0,19.7
2018-04-15,61,41.9,4.50,4.50,0.00,8.0,20.0
2018-04-16,63,49.2,33.70,33.70,0.00,13.0,37.1
2018-04-17,51,42.7,0.30,0.30,0.00,3.0,17.9
2018-04-18,3,43.3,0.00,0.00,0.00,0.0,16.1
2018-04-19,63,43.9,11.40,11.40,0.00,14.0,15.7
2018-04-20,3,41.9,0.00,0.00,0.00,0.0,17.8
2018-04-21,3,46.0,0.00,0.00,0.00,0.0,12.2
2018-04-22,3,47.8,0.00,0.00,0.00,0.0,13.5
2018-04-23,3,47.3,0.00,0.00,0.00,0.0,12.0
2018-04-24,53,50.0,1.40,1.40,0.00,3.0,13.6
2018-04-25,63,53.2,18.70,18.70,0.00,17.0,18.6
2018-04-26,51,58.1,0.30,0.30,0.00,3.0,15.5
2018-04-27,55,52.0,4.90,4.90,0.00,8.0,14.4
2018-04-28,55,50.8,2.50,2.50,0.00,3.0,11.7
2018-04-29,51,51.6,1.80,1.80,0.00,9.0,18.4
2018-04-30,51,46.9,0.90,0.90,0.00,6.0,19.6
2018-05-01,3,58.1,0.00,0.00,0.00,0.0,12.6
2018-05-02,3,67.7,0.00,0.00,0.00,0.0,15.4
2018-05-03,3,70.9,0.00,0.00,0.00,0.0,15.4
2018-05-04,3,68.9,0.00,0.00,0.00,0.0,21.6
2018-05-05,3,63.5,0.00,0.00,0.00,0.0,16.3
2018-05-06,53,58.8,1.20,1.20,0.00,3.0,12.3
2018-05-07,3,59.0,0.00,0.00,0.00,0.0,10.5
2018-05-08,3,55.7,0.00,0.00,0.00,0.0,9.8
2018-05-09,3,55.8,0.00,0.00,0.00,0.0,9.2
2018-05-10,53,55.8,0.50,0.50,0.00,1.0,18.2
2018-05-11,3,63.7,0.00,0.00,0.00,0.0,12.3
2018-05-12,63,56.1,9.50,9.50,0.00,9.0,11.1
2018-05-13,61,52.8,5.00,5.00,0.00,12.0,12.4
2018-05-14,61,56.4,5.10,5.10,0.00,7.0,11.5
2018-05-15,53,66.6,1.20,1.20,0.00,6.0,15.0
2018-05-16,55,60.2,9.20,9.20,0.00,15.0,12.6
2018-05-17,63,60.1,23.40,23.40,0.00,15.0,8.6
2018-05-18,3,59.5,0.00,0.00,0.00,0.0,15.2
2018-05-19,61,54.6,14.60,14.60,0.00,20.0,17.2
2018-05-20,53,69.2,1.60,1.60,0.00,9.0,15.7
2018-05-21,3,62.4,0.00,0.00,0.00,0.0,10.3
2018-05-22,61,58.1,4.50,4.50,0.00,4.0,9.2
2018-05-23,55,66.3,1.80,1.80,0.00,3.0,10.9
2018-05-24,0,68.3,0.00,0.00,0.00,0.0,15.2
2018-05-25,3,70.1,0.00,0.00,0.00,0.0,13.2
2018-05-26,53,73.0,0.60,0.60,0.00,2.0,13.5
2018-05-27,63,61.7,18.20,18.20,0.00,13.0,16.4
2018-05-28,3,58.7,0.00,0.00,0.00,0.0,12.0
2018-05-29,3,68.5,0.00,0.00,0.00,0.0,10.5
2018-05-30,3,63.2,0.00,0.00,0.00,0.0,13.0
2018-05-31,51,63.2,1.80,1.80,0.00,9.0,10.3
2018-06-01,61,66.4,5.80,5.80,0.00,10.0,7.5
2018-06-02,63,73.1,10.50,10.50,0.00,8.0,9.9
2018-06-03,61,59.6,5.20,5.20,0.00,7.0,18.6
2018-06-04,53,58.8,3.60,3.60,0.00,9.0,12.9
2018-06-05,51,63.8,0.20,0.20,0.00,1.0,14.6
2018-06-06,51,60.8,0.60,0.60,0.00,4.0,10.3
2018-06-07,3,60.1,0.00,0.00,0.00,0.0,11.7
2018-06-08,3,65.1,0.00,0.00,0.00,0.0,10.4
2018-06-09,51,68.9,0.40,0.40,0.00,3.0,8.6
2018-06-10,53,63.7,3.30,3.30,0.00,12.0,9.4
2018-06-11,53,60.7,2.40,2.40,0.00,6.0,12.2
2018-06-12,3,61.1,0.00,0.00,0.00,0.0,16.8
2018-06-13,53,66.9,2.70,2.70,0.00,7.0,13.5
2018-06-14,51,73.0,0.20,0.20,0.00,2.0,17.6
2018-06-15,51,66.1,0.10,0.10,0.00,1.0,13.5
2018-06-16,3,68.6,0.00,0.00,0.00,0.0,15.4
2018-06-17,3,71.5,0.00,0.00,0.00,0.0,12.6
2018-06-18,51,73.5,0.50,0.50,0.00,2.0,18.6
2018-06-19,63,79.0,7.10,7.10,0.00,7.0,15.4
2018-06-20,3,70.3,0.00,0.00,0.00,0.0,12.5
2018-06-21,61,70.9,5.10,5.10,0.00,8.0,9.4
2018-06-22,53,67.1,0.70,0.70,0.00,1.0,13.7
2018-06-23,63,65.6,13.90,13.90,0.00,19.0,12.9
2018-06-24,61,70.8,3.30,3.30,0.00,8.0,16.2
2018-06-25,3,72.1,0.00,0.00,0.00,0.0,15.7
2018-06-26,3,66.8,0.00,0.00,0.00,0.0,12.6
2018-06-27,61,68.7,3.80,3.80,0.00,7.0,16.8
2018-06-28,63,73.0,16.90,16.90,0.00,18.0,16.6
2018-06-29,51,76.2,0.30,0.30,0.00,2.0,8.1
2018-06-30,3,76.6,0.00,0.00,0.00,0.0,10.2
2018-07-01,3,79.6,0.00,0.00,0.00,0.0,9.4
2018-07-02,2,78.7,0.00,0.00,0.00,0.0,10.8
2018-07-03,51,77.2,0.20,0.20,0.00,2.0,8.6
2018-07-04,61,76.9,3.10,3.10,0.00,5.0,9.0
2018-07-05,3,77.4,0.00,0.00,0.00,0.0,15.2
2018-07-06,61,76.3,8.20,8.20,0.00,8.0,13.9
2018-07-07,3,67.9,0.00,0.00,0.00,0.0,14.3
2018-07-08,1,69.0,0.00,0.00,0.00,0.0,9.8
2018-07-09,0,71.9,0.00,0.00,0.00,0.0,15.4
2018-07-10,2,75.9,0.00,0.00,0.00,0.0,16.1
2018-07-11,55,75.3,4.10,4.10,0.00,9.0,9.1
2018-07-12,3,72.5,0.00,0.00,0.00,0.0,11.8
2018-07-13,3,71.8,0.00,0.00,0.00,0.0,13.4
2018-07-14,3,75.9,0.00,0.00,0.00,0.0,18.3
2018-07-15,63,75.4,5.30,5.30,0.00,11.0,9.8
2018-07-16,53,78.4,0.80,0.80,0.00,2.0,14.8
2018-07-17,63,76.3,16.60,16.60,0.00,12.0,14.1
2018-07-18,51,75.8,0.30,0.30,0.00,1.0,13.5
2018-07-19,0,71.6,0.00,0.00,0.00,0.0,10.1
2018-07-20,3,71.8,0.00,0.00,0.00,0.0,12.7
2018-07-21,61,70.3,8.40,8.40,0.00,6.0,21.7
2018-07-22,65,75.0,30.20,30.20,0.00,18.0,24.2
2018-07-23,63,75.3,21.50,21.50,0.00,19.0,17.4
2018-07-24,61,76.2,8.00,8.00,0.00,16.0,19.4
2018-07-25,63,74.0,25.70,25.70,0.00,21.0,17.3
2018-07-26,51,75.6,1.20,1.20,0.00,9.0,10.3
2018-07-27,51,76.5,0.60,0.60,0.00,2.0,14.4
2018-07-28,55,76.0,1.80,1.80,0.00,6.0,10.3
2018-07-29,3,74.4,0.00,0.00,0.00,0.0,9.2
2018-07-30,53,72.8,1.50,1.50,0.00,5.0,9.2
2018-07-31,3,72.3,0.00,0.00,0.00,0.0,9.6
2018-08-01,61,77.1,4.70,4.70,0.00,10.0,15.1
2018-08-02,61,78.4,6.80,6.80,0.00,13.0,12.5
2018-08-03,63,77.3,10.80,10.80,0.00,17.0,14.8
2018-08-04,63,77.3,22.20,22.20,0.00,10.0,13.8
2018-08-05,1,79.1,0.00,0.00,0.00,0.0,10.4
2018-08-06,2,80.4,0.00,0.00,0.00,0.0,11.3
2018-08-07,61,79.2,3.30,3.30,0.00,3.0,15.9
2018-08-08,55,78.5,3.30,3.30,0.00,8.0,10.1
2018-08-09,55,79.9,2.10,2.10,0.00,6.0,9.6
2018-08-10,51,77.2,0.40,0.40,0.00,1.0,9.8
2018-08-11,65,75.0,18.30,18.30,0.00,17.0,7.5
2018-08-12,63,74.5,12.80,12.80,0.00,17.0,8.3
2018-08-13,61,73.3,12.20,12.20,0.00,21.0,9.9
2018-08-14,63,73.9,8.20,8.20,0.00,9.0,12.2
2018-08-15,3,77.7,0.00,0.00,0.00,0.0,11.0
2018-08-16,3,79.3,0.00,0.00,0.00,0.0,11.0
2018-08-17,53,78.6,1.40,1.40,0.00,4.0,15.9
2018-08-18,63,77.3,10.80,10.80,0.00,15.0,12.3
2018-08-19,63,69.8,19.40,19.40,0.00,19.0,12.8
2018-08-20,51,69.6,1.60,1.60,0.00,10.0,10.8
2018-08-21,51,70.8,0.30,0.30,0.00,3.0,12.7
2018-08-22,63,76.0,9.60,9.60,0.00,12.0,13.4
2018-08-23,61,70.6,1.50,1.50,0.00,2.0,10.8
2018-08-24,0,70.5,0.00,0.00,0.00,0.0,10.3
2018-08-25,3,71.0,0.00,0.00,0.00,0.0,9.0
2018-08-26,2,72.2,0.00,0.00,0.00,0.0,16.3
2018-08-27,3,77.2,0.00,0.00,0.00,0.0,9.6
2018-08-28,3,81.6,0.00,0.00,0.00,0.0,13.7
2018-08-29,1,83.2,0.00,0.00,0.00,0.0,10.1
2018-08-30,51,82.4,0.20,0.20,0.00,2.0,10.5
2018-08-31,51,73.2,0.30,0.30,0.00,3.0,16.8
2018-09-01,63,70.9,4.90,4.90,0.00,4.0,12.6
2018-09-02,3,72.2,0.00,0.00,0.00,0.0,11.9
2018-09-03,51,77.1,0.10,0.10,0.00,1.0,10.5
2018-09-04,3,81.0,0.00,0.00,0.00,0.0,6.5
2018-09-05,3,77.6,0.00,0.00,0.00,0.0,11.3
2018-09-06,55,79.2,1.80,1.80,0.00,3.0,11.9
2018-09-07,53,74.0,2.80,2.80,0.00,13.0,10.9
2018-09-08,63,66.9,7.60,7.60,0.00,16.0,12.6
2018-09-09,61,60.3,20.30,20.30,0.00,24.0,16.1
2018-09-10,61,61.6,23.70,23.70,0.00,24.0,17.3
2018-09-11,63,71.3,6.10,6.10,0.00,6.0,11.6
2018-09-12,61,73.2,8.10,8.10,0.00,9.0,7.0
2018-09-13,63,72.7,21.60,21.60,0.00,13.0,10.9
2018-09-14,3,70.4,0.00,0.00,0.00,0.0,11.9
2018-09-15,51,69.6,0.10,0.10,0.00,1.0,6.7
2018-09-16,3,70.6,0.00,0.00,0.00,0.0,9.4
2018-09-17,53,71.7,2.20,2.20,0.00,7.0,11.6
2018-09-18,65,73.3,46.10,46.10,0.00,16.0,16.8
2018-09-19,51,71.8,1.10,1.10,0.00,8.0,10.7
2018-09-20,51,67.1,0.60,0.60,0.00,5.0,9.2
2018-09-21,51,69.8,0.20,0.20,0.00,2.0,19.2
2018-09-22,63,69.0,11.60,11.60,0.00,3.0,15.4
2018-09-23,53,62.6,4.20,4.20,0.00,13.0,8.0
2018-09-24,3,63.1,0.00,0.00,0.00,0.0,20.4
2018-09-25,63,67.7,37.30,37.30,0.00,24.0,23.3
2018-09-26,63,73.1,17.60,17.60,0.00,9.0,18.6
2018-09-27,61,66.1,3.10,3.10,0.00,4.0,13.5
2018-09-28,65,63.6,37.70,37.70,0.00,11.0,17.4
2018-09-29,3,64.5,0.00,0.00,0.00,0.0,8.1
2018-09-30,3,61.6,0.00,0.00,0.00,0.0,8.1
2018-10-01,51,67.9,0.20,0.20,0.00,2.0,11.9
2018-10-02,63,69.1,14.30,14.30,0.00,10.0,16.3
2018-10-03,61,69.8,2.50,2.50,0.00,3.0,11.8
2018-10-04,53,67.9,1.20,1.20,0.00,3.0,14.1
2018-10-05,3,64.4,0.00,0.00,0.00,0.0,13.0
2018-10-06,51,65.9,0.10,0.10,0.00,1.0,11.8
2018-10-07,51,72.2,0.60,0.60,0.00,6.0,10.9
2018-10-08,51,67.2,0.80,0.80,0.00,8.0,13.5
2018-10-09,51,70.9,0.50,0.50,0.00,5.0,11.5
2018-10-10,51,71.6,0.40,0.40,0.00,4.0,13.3
2018-10-11,61,72.5,9.00,9.00,0.00,13.0,19.5
2018-10-12,63,60.7,9.60,9.60,0.00,8.0,21.0
2018-10-13,55,52.0,3.80,3.80,0.00,8.0,14.5
2018-10-14,3,52.0,0.00,0.00,0.00,0.0,8.3
2018-10-15,53,62.0,4.80,4.80,0.00,13.0,18.9
2018-10-16,61,53.5,3.50,3.50,0.00,3.0,19.2
2018-10-17,3,53.6,0.00,0.00,0.00,0.0,21.9
2018-10-18,1,45.4,0.00,0.00,0.00,0.0,16.7
2018-10-19,3,50.1,0.00,0.00,0.00,0.0,15.1
2018-10-20,61,57.1,5.50,5.50,0.00,10.0,16.5
2018-10-21,51,45.7,0.10,0.10,0.00,1.0,22.6
2018-10-22,3,45.4,0.00,0.00,0.00,0.0,12.5
2018-10-23,51,54.0,0.10,0.10,0.00,1.0,13.2
2018-10-24,3,48.7,0.00,0.00,0.00,0.0,20.0
2018-10-25,3,44.5,0.00,0.00,0.00,0.0,13.3
2018-10-26,3,44.8,0.00,0.00,0.00,0.0,12.9
2018-10-27,63,50.8,42.40,42.40,0.00,24.0,26.2
2018-10-28,51,50.0,0.80,0.80,0.00,5.0,12.8
2018-10-29,53,52.2,3.30,3.30,0.00,8.0,17.5
2018-10-30,0,46.6,0.00,0.00,0.00,0.0,15.0
2018-10-31,3,52.1,0.00,0.00,0.00,0.0,19.7
2018-11-01,3,59.7,0.00,0.00,0.00,0.0,15.6
2018-11-02,61,65.2,8.50,8.50,0.00,13.0,22.7
2018-11-03,61,57.6,5.90,5.90,0.00,10.0,25.3
2018-11-04,3,46.5,0.00,0.00,0.00,0.0,9.2
2018-11-05,61,51.9,6.60,6.60,0.00,10.0,18.6
2018-11-06,61,55.9,11.20,11.20,0.00,12.0,24.4
2018-11-07,3,56.0,0.00,0.00,0.00,0.0,14.9
2018-11-08,3,49.2,0.00,0.00,0.00,0.0,12.9
2018-11-09,63,46.5,17.50,17.50,0.00,9.0,17.1
2018-11-10,51,44.2,0.70,0.70,0.00,4.0,22.7
2018-11-11,1,38.2,0.00,0.00,0.00,0.0,13.1
2018-11-12,3,41.2,0.00,0.00,0.00,0.0,6.9
2018-11-13,63,48.0,19.40,19.40,0.00,13.0,17.6
2018-11-14,3,37.4,0.00,0.00,0.00,0.0,18.4
2018-11-15,75,33.2,7.30,23.30,11.20,10.0,22.8
2018-11-16,75,41.0,9.20,10.80,1.12,11.0,27.6
2018-11-17,3,40.8,0.00,0.00,0.00,0.0,15.0
2018-11-18,73,39.9,0.10,0.60,0.35,1.0,9.0
2018-11-19,3,45.6,0.00,0.00,0.00,0.0,6.5
2018-11-20,53,43.1,1.10,1.10,0.00,4.0,15.0
2018-11-21,3,38.4,0.00,0.00,0.00,0.0,19.9
2018-11-22,1,23.2,0.00,0.00,0.00,0.0,19.3
2018-11-23,2,24.2,0.00,0.00,0.00,0.0,10.8
2018-11-24,63,40.7,9.70,9.70,0.00,6.0,16.1
2018-11-25,63,47.8,27.60,27.60,0.00,7.0,24.4
2018-11-26,63,47.3,19.70,19.70,0.00,13.0,26.3
2018-11-27,53,41.8,0.80,0.80,0.00,3.0,22.5
2018-11-28,3,38.2,0.00,0.00,0.00,0.0,25.4
2018-11-29,3,40.1,0.00,0.00,0.00,0.0,22.5
2018-11-30,71,37.3,2.00,2.10,0.07,4.0,8.9
2018-12-01,53,38.6,2.50,2.50,0.00,5.0,9.1
2018-12-02,63,52.9,20.00,20.00,0.00,22.0,16.4
2018-12-03,3,51.5,0.00,0.00,0.00,0.0,17.7
2018-12-04,3,36.9,0.00,0.00,0.00,0.0,15.9
2018-12-05,3,30.3,0.00,0.00,0.00,0.0,10.7
2018-12-06,3,33.5,0.00,0.00,0.00,0.0,15.0
2018-12-07,3,34.0,0.00,0.00,0.00,0.0,15.0
2018-12-08,3,28.9,0.00,0.00,0.00,0.0,13.0
2018-12-09,3,29.7,0.00,0.00,0.00,0.0,5.7
2018-12-10,3,31.0,0.00,0.00,0.00,0.0,11.8
2018-12-11,2,31.1,0.00,0.00,0.00,0.0,12.3
2018-12-12,3,33.7,0.00,0.00,0.00,0.0,11.7
2018-12-13,71,36.9,1.20,1.40,0.14,7.0,13.9
2018-12-14,53,45.6,1.40,1.40,0.00,5.0,11.6
2018-12-15,53,47.7,4.40,4.40,0.00,10.0,14.8
2018-12-16,61,40.6,20.50,20.50,0.00,21.0,18.8
2018-12-17,71,39.7,1.70,1.80,0.07,5.0,20.9
2018-12-18,3,32.5,0.00,0.00,0.00,0.0,20.4
2018-12-19,3,31.4,0.00,0.00,0.00,0.0,10.1
2018-12-20,61,39.6,5.00,5.00,0.00,8.0,13.5
2018-12-21,65,54.2,50.50,50.50,0.00,18.0,28.6
2018-12-22,61,44.8,2.60,2.60,0.00,3.0,22.4
2018-12-23,3,37.6,0.00,0.00,0.00,0.0,15.7
2018-12-24,73,37.9,0.60,2.20,1.12,11.0,13.1
2018-12-25,3,34.8,0.00,0.00,0.00,0.0,13.1
2018-12-26,3,34.1,0.00,0.00,0.00,0.0,13.0
2018-12-27,3,36.0,0.00,0.00,0.00,0.0,10.7
2018-12-28,63,50.1,29.80,29.80,0.00,19.0,24.0
2018-12-29,3,48.4,0.00,0.00,0.00,0.0,17.6
2018-12-30,73,35.2,0.00,0.30,0.21,1.0,9.5
2018-12-31,63,39.8,16.30,16.30,0.00,9.0,19.5
2019-01-01,63,50.4,10.10,10.10,0.00,5.0,23.3
2019-01-02,3,35.8,0.00,0.00,0.00,0.0,11.1
2019-01-03,51,40.9,0.30,0.30,0.00,3.0,16.1
2019-01-04,3,38.1,0.00,0.00,0.00,0.0,13.3
2019-01-05,63,43.3,15.60,15.60,0.00,20.0,15.5
2019-01-06,51,39.9,0.20,0.20,0.00,2.0,20.3
2019-01-07,71,28.5,0.00,0.10,0.07,1.0,15.3
2019-01-08,53,41.7,1.90,1.90,0.00,10.0,14.3
2019-01-09,61,41.2,3.90,3.90,0.00,4.0,24.3
2019-01-10,3,31.7,0.00,0.00,0.00,0.0,25.0
2019-01-11,3,25.7,0.00,0.00,0.00,0.0,19.3
2019-01-12,3,26.6,0.00,0.00,0.00,0.0,9.7
2019-01-13,71,28.1,0.00,1.00,0.70,8.0,10.6
2019-01-14,3,26.8,0.00,0.00,0.00,0.0,12.5
2019-01-15,3,29.1,0.00,0.00,0.00,0.0,7.1
2019-01-16,3,32.4,0.00,0.00,0.00,0.0,15.3
2019-01-17,3,28.1,0.00,0.00,0.00,0.0,12.4
2019-01-18,73,34.0,0.10,2.00,1.33,9.0,8.4
2019-01-19,55,33.3,2.20,2.20,0.00,3.0,17.2
2019-01-20,63,35.9,32.40,32.40,0.00,15.0,22.6
2019-01-21,3,10.1,0.00,0.00,0.00,0.0,25.7
2019-01-22,3,20.1,0.00,0.00,0.00,0.0,18.5
2019-01-23,3,37.6,0.00,0.00,0.00,0.0,16.6
2019-01-24,63,48.1,33.70,33.70,0.00,17.0,32.5
2019-01-25,3,31.9,0.00,0.00,0.00,0.0,23.5
2019-01-26,3,27.3,0.00,0.00,0.00,0.0,10.1
2019-01-27,3,38.6,0.00,0.00,0.00,0.0,23.3
2019-01-28,3,28.8,0.00,0.00,0.00,0.0,11.9
2019-01-29,71,33.3,4.00,4.20,0.14,8.0,18.0
2019-01-30,73,22.3,0.20,1.40,0.84,6.0,27.3
2019-01-31,0,9.9,0.00,0.00,0.00,0.0,17.6
2019-02-01,3,16.3,0.00,0.00,0.00,0.0,10.4
2019-02-02,3,24.0,0.00,0.00,0.00,0.0,16.3
2019-02-03,2,34.9,0.00,0.00,0.00,0.0,11.7
2019-02-04,2,38.1,0.00,0.00,0.00,0.0,8.1
2019-02-05,3,44.3,0.00,0.00,0.00,0.0,9.4
2019-02-06,61,37.5,5.50,5.50,0.00,5.0,13.4
2019-02-07,63,41.9,8.10,8.10,0.00,7.0,12.2
2019-02-08,53,42.7,5.30,5.30,0.00,13.0,24.4
2019-02-09,3,27.6,0.00,0.00,0.00,0.0,23.7
2019-02-10,3,28.1,0.00,0.00,0.00,0.0,9.2
2019-02-11,71,32.5,0.00,0.40,0.28,4.0,5.9
2019-02-12,75,31.4,12.60,18.10,3.85,16.0,21.1
2019-02-13,55,37.0,3.80,3.80,0.00,6.0,21.0
2019-02-14,3,35.3,0.00,0.00,0.00,0.0,13.4
2019-02-15,3,46.5,0.00,0.00,0.00,0.0,17.4
2019-02-16,3,37.3,0.00,0.00,0.00,0.0,16.3
2019-02-17,51,29.8,0.40,0.40,0.00,2.0,11.9
2019-02-18,55,35.9,5.40,5.40,0.00,10.0,20.2
2019-02-19,3,28.1,0.00,0.00,0.00,0.0,14.0
2019-02-20,75,28.5,2.50,9.90,5.18,12.0,11.3
2019-02-21,63,40.5,8.30,8.30,0.00,5.0,13.1
2019-02-22,3,38.1,0.00,0.00,0.00,0.0,11.6
2019-02-23,53,34.2,1.00,1.00,0.00,2.0,8.3
2019-02-24,63,45.3,18.90,18.90,0.00,15.0,27.5
2019-02-25,3,36.5,0.00,0.00,0.00,0.0,31.6
2019-02-26,3,29.3,0.00,0.00,0.00,0.0,18.0
2019-02-27,71,26.0,0.00,0.30,0.21,3.0,12.1
2019-02-28,73,31.4,0.00,0.40,0.28,2.0,16.7
2019-03-01,73,31.5,0.00,1.70,1.19,6.0,9.2
2019-03-02,75,34.1,0.10,10.30,7.14,11.0,13.4
2019-03-03,75,35.6,1.10,8.30,5.04,6.0,8.8
2019-03-04,75,32.9,1.10,20.40,13.51,8.0,14.4
2019-03-05,2,22.5,0.00,0.00,0.00,0.0,12.0
2019-03-06,3,22.2,0.00,0.00,0.00,0.0,17.6
2019-03-07,71,24.6,0.00,0.10,0.07,1.0,17.8
2019-03-08,3,29.5,0.00,0.00,0.00,0.0,12.4
2019-03-09,3,34.2,0.00,0.00,0.00,0.0,8.5
2019-03-10,71,41.5,13.50,13.60,0.07,10.0,21.9
2019-03-11,3,44.7,0.00,0.00,0.00,0.0,17.5
2019-03-12,3,36.2,0.00,0.00,0.00,0.0,16.5
2019-03-13,3,34.6,0.00,0.00,0.00,0.0,10.8
2019-03-14,3,43.7,0.00,0.00,0.00,0.0,17.5
2019-03-15,63,54.2,9.40,9.40,0.00,6.0,19.5
2019-03-16,3,45.8,0.00,0.00,0.00,0.0,20.5
2019-03-17,3,35.9,0.00,0.00,0.00,0.0,15.1
2019-03-18,3,34.6,0.00,0.00,0.00,0.0,11.9
2019-03-19,51,36.2,0.10,0.10,0.00,1.0,12.8
2019-03-20,3,39.1,0.00,0.00,0.00,0.0,13.6
2019-03-21,63,44.0,14.70,14.70,0.00,19.0,18.5
2019-03-22,63,43.8,15.40,15.40,0.00,15.0,25.5
2019-03-23,71,39.2,0.20,0.40,0.14,4.0,22.5
2019-03-24,3,43.8,0.00,0.00,0.00,0.0,12.8
2019-03-25,51,47.0,1.20,1.20,0.00,5.0,11.1
2019-03-26,3,37.5,0.00,0.00,0.00,0.0,14.5
2019-03-27,3,35.2,0.00,0.00,0.00,0.0,9.9
2019-03-28,3,39.5,0.00,0.00,0.00,0.0,18.0
2019-03-29,51,48.3,0.40,0.40,0.00,4.0,10.3
2019-03-30,3,49.7,0.00,0.00,0.00,0.0,20.8
2019-03-31,61,49.9,4.90,4.90,0.00,6.0,20.8
2019-04-01,2,37.9,0.00,0.00,0.00,0.0,19.5
2019-04-02,51,39.5,1.50,1.50,0.00,6.0,15.8
2019-04-03,51,49.2,1.50,1.50,0.00,5.0,24.2
2019-04-04,3,46.3,0.00,0.00,0.00,0.0,14.6
2019-04-05,61,39.0,7.20,7.20,0.00,13.0,12.5
2019-04-06,51,49.2,0.80,0.80,0.00,3.0,10.1
2019-04-07,3,49.2,0.00,0.00,0.00,0.0,12.6
2019-04-08,63,58.5,10.20,10.20,0.00,7.0,15.4
2019-04-09,51,47.9,0.70,0.70,0.00,2.0,14.0
2019-04-10,3,48.4,0.00,0.00,0.00,0.0,16.5
2019-04-11,3,42.7,0.00,0.00,0.00,0.0,9.8
2019-04-12,61,52.1,6.70,6.70,0.00,8.0,21.3
2019-04-13,61,59.7,10.70,10.70,0.00,10.0,19.2
2019-04-14,53,56.9,1.30,1.30,0.00,6.0,19.0
2019-04-15,65,55.3,16.90,16.90,0.00,10.0,26.8
2019-04-16,3,51.8,0.00,0.00,0.00,0.0,19.5
2019-04-17,53,50.0,0.80,0.80,0.00,2.0,11.3
2019-04-18,53,52.8,1.40,1.40,0.00,6.0,20.6
2019-04-19,63,59.7,6.40,6.40,0.00,7.0,25.5
2019-04-20,63,57.0,19.20,19.20,0.00,14.0,23.6
2019-04-21,3,53.7,0.00,0.00,0.00,0.0,15.4
2019-04-22,55,55.7,5.50,5.50,0.00,11.0,14.7
2019-04-23,51,58.5,0.10,0.10,0.00,1.0,13.5
2019-04-24,51,61.6,0.10,0.10,0.00,1.0,14.8
2019-04-25,53,51.4,2.10,2.10,0.00,5.0,9.3
2019-04-26,61,55.3,17.70,17.70,0.00,19.0,20.8
2019-04-27,61,51.3,3.10,3.10,0.00,6.0,25.9
2019-04-28,61,48.1,2.60,2.60,0.00,4.0,12.6
2019-04-29,51,46.8,0.30,0.30,0.00,2.0,11.7
2019-04-30,61,52.8,5.20,5.20,0.00,8.0,9.0
2019-05-01,51,50.7,1.00,1.00,0.00,6.0,13.2
2019-05-02,55,56.6,2.60,2.60,0.00,5.0,13.7
2019-05-03,63,52.2,3.50,3.50,0.00,3.0,9.6
2019-05-04,63,56.1,11.00,11.00,0.00,11.0,7.0
2019-05-05,63,54.0,32.50,32.50,0.00,23.0,14.3
2019-05-06,55,55.3,1.60,1.60,0.00,3.0,13.4
2019-05-07,53,55.4,1.10,1.10,0.00,3.0,14.6
2019-05-08,61,56.9,3.80,3.80,0.00,5.0,10.6
2019-05-09,3,52.6,0.00,0.00,0.00,0.0,15.7
2019-05-10,53,60.1,0.70,0.70,0.00,3.0,17.2
2019-05-11,63,61.0,6.00,6.00,0.00,4.0,11.9
2019-05-12,63,48.8,26.30,26.30,0.00,23.0,18.4
2019-05-13,63,47.2,15.50,15.50,0.00,14.0,15.4
2019-05-14,61,48.0,6.70,6.70,0.00,10.0,9.0
2019-05-15,51,54.1,0.90,0.90,0.00,5.0,14.1
2019-05-16,51,57.8,1.30,1.30,0.00,8.0,9.8
2019-05-17,61,62.3,2.60,2.60,0.00,3.0,10.1
2019-05-18,3,60.3,0.00,0.00,0.00,0.0,11.6
2019-05-19,51,61.3,0.10,0.10,0.00,1.0,20.6
2019-05-20,53,72.2,0.70,0.70,0.00,3.0,15.5
2019-05-21,3,61.8,0.00,0.00,0.00,0.0,17.9
2019-05-22,3,61.6,0.00,0.00,0.00,0.0,13.4
2019-05-23,53,62.1,1.70,1.70,0.00,5.0,15.2
2019-05-24,3,68.4,0.00,0.00,0.00,0.0,22.5
2019-05-25,3,59.1,0.00,0.00,0.00,0.0,16.9
2019-05-26,55,69.8,3.70,3.70,0.00,7.0,13.9
2019-05-27,3,70.0,0.00,0.00,0.00,0.0,11.6
2019-05-28,61,64.2,4.20,4.20,0.00,7.0,19.7
2019-05-29,61,64.1,3.40,3.40,0.00,6.0,14.7
2019-05-30,63,60.8,13.90,13.90,0.00,7.0,11.0
2019-05-31,51,69.0,1.00,1.00,0.00,7.0,11.0
2019-06-01,3,66.3,0.00,0.00,0.00,0.0,12.2
2019-06-02,61,68.4,3.50,3.50,0.00,6.0,14.6
2019-06-03,2,63.2,0.00,0.00,0.00,0.0,16.4
2019-06-04,3,59.9,0.00,0.00,0.00,0.0,18.4
2019-06-05,63,68.2,8.60,8.60,0.00,4.0,17.8
2019-06-06,63,73.9,11.00,11.00,0.00,8.0,13.9
2019-06-07,3,67.6,0.00,0.00,0.00,0.0,9.7
2019-06-08,3,67.2,0.00,0.00,0.00,0.0,15.0
2019-06-09,3,63.5,0.00,0.00,0.00,0.0,15.5
2019-06-10,61,63.8,13.40,13.40,0.00,18.0,17.6
2019-06-11,63,68.9,11.00,11.00,0.00,10.0,18.6
2019-06-12,3,63.6,0.00,0.00,0.00,0.0,12.7
2019-06-13,63,62.4,31.30,31.30,0.00,10.0,19.4
2019-06-14,53,64.7,1.20,1.20,0.00,4.0,18.5
2019-06-15,51,66.2,0.10,0.10,0.00,1.0,21.5
2019-06-16,53,70.2,3.70,3.70,0.00,10.0,13.5
2019-06-17,53,70.2,4.10,4.10,0.00,13.0,6.9
2019-06-18,61,68.3,8.70,8.70,0.00,23.0,9.0
2019-06-19,63,66.8,15.00,15.00,0.00,14.0,10.3
2019-06-20,63,69.9,18.30,18.30,0.00,15.0,9.8
2019-06-21,63,69.5,18.20,18.20,0.00,15.0,17.3
2019-06-22,1,69.0,0.00,0.00,0.00,0.0,15.5
2019-06-23,3,70.9,0.00,0.00,0.00,0.0,12.3
2019-06-24,3,70.8,0.00,0.00,0.00,0.0,11.0
2019-06-25,63,70.9,16.10,16.10,0.00,10.0,13.0
2019-06-26,3,74.4,0.00,0.00,0.00,0.0,10.6
2019-06-27,3,76.6,0.00,0.00,0.00,0.0,6.5
2019-06-28,3,75.1,0.00,0.00,0.00,0.0,9.4
2019-06-29,53,76.8,1.50,1.50,0.00,5.0,14.1
2019-06-30,51,75.4,0.30,0.30,0.00,3.0,17.9
2019-07-01,3,73.0,0.00,0.00,0.00,0.0,13.7
2019-07-02,3,76.2,0.00,0.00,0.00,0.0,10.9
2019-07-03,53,77.5,0.80,0.80,0.00,4.0,8.2
2019-07-04,3,74.9,0.00,0.00,0.00,0.0,9.4
2019-07-05,51,73.6,0.30,0.30,0.00,2.0,12.5
2019-07-06,55,78.1,3.50,3.50,0.00,12.0,13.2
2019-07-07,53,75.5,2.50,2.50,0.00,9.0,11.7
2019-07-08,55,70.9,5.20,5.20,0.00,10.0,6.0
2019-07-09,3,75.2,0.00,0.00,0.00,0.0,12.1
2019-07-10,3,77.2,0.00,0.00,0.00,0.0,16.0
2019-07-11,63,75.8,7.90,7.90,0.00,7.0,16.8
2019-07-12,63,78.2,10.60,10.60,0.00,7.0,14.7
2019-07-13,0,75.4,0.00,0.00,0.00,0.0,14.9
2019-07-14,3,80.2,0.00,0.00,0.00,0.0,15.0
2019-07-15,3,74.9,0.00,0.00,0.00,0.0,12.3
2019-07-16,3,77.4,0.00,0.00,0.00,0.0,15.9
2019-07-17,63,80.6,9.30,9.30,0.00,5.0,13.2
2019-07-18,63,76.4,16.80,16.80,0.00,15.0,10.7
2019-07-19,3,78.3,0.00,0.00,0.00,0.0,12.8
2019-07-20,51,86.1,0.10,0.10,0.00,1.0,11.4
2019-07-21,3,86.6,0.00,0.00,0.00,0.0,12.7
2019-07-22,63,80.6,9.00,9.00,0.00,13.0,12.3
2019-07-23,63,72.5,29.20,29.20,0.00,21.0,10.4
2019-07-24,55,73.3,3.40,3.40,0.00,12.0,7.9
2019-07-25,2,74.7,0.00,0.00,0.00,0.0,8.6
2019-07-26,51,74.9,0.10,0.10,0.00,1.0,6.8
2019-07-27,1,74.9,0.00,0.00,0.00,0.0,12.4
2019-07-28,51,77.9,0.60,0.60,0.00,2.0,14.8
2019-07-29,2,79.5,0.00,0.00,0.00,0.0,12.8
2019-07-30,2,80.5,0.00,0.00,0.00,0.0,14.3
2019-07-31,63,78.5,6.40,6.40,0.00,5.0,9.9
2019-08-01,3,78.4,0.00,0.00,0.00,0.0,8.3
2019-08-02,51,76.9,0.10,0.10,0.00,1.0,8.8
2019-08-03,61,76.3,2.30,2.30,0.00,5.0,10.6
2019-08-04,61,78.3,1.90,1.90,0.00,3.0,8.0
2019-08-05,3,75.3,0.00,0.00,0.00,0.0,9.6
2019-08-06,53,75.1,1.00,1.00,0.00,3.0,9.4
2019-08-07,63,75.5,11.00,11.00,0.00,9.0,16.3
2019-08-08,61,75.3,2.00,2.00,0.00,5.0,12.3
2019-08-09,51,75.1,0.40,0.40,0.00,3.0,15.9
2019-08-10,3,74.1,0.00,0.00,0.00,0.0,14.5
2019-08-11,3,71.5,0.00,0.00,0.00,0.0,15.1
2019-08-12,3,73.9,0.00,0.00,0.00,0.0,19.5
2019-08-13,63,74.7,8.60,8.60,0.00,14.0,10.2
2019-08-14,63,73.3,16.00,16.00,0.00,13.0,5.9
2019-08-15,51,72.9,0.20,0.20,0.00,2.0,11.2
2019-08-16,51,72.8,0.20,0.20,0.00,1.0,11.3
2019-08-17,61,75.1,3.80,3.80,0.00,8.0,8.3
2019-08-18,65,76.4,11.10,11.10,0.00,6.0,9.5
2019-08-19,51,78.0,0.10,0.10,0.00,1.0,11.0
2019-08-20,3,77.3,0.00,0.00,0.00,0.0,8.8
2019-08-21,61,78.2,4.80,4.80,0.00,7.0,13.6
2019-08-22,55,79.4,1.90,1.90,0.00,5.0,11.7
2019-08-23,61,70.9,11.90,11.90,0.00,10.0,10.2
2019-08-24,3,69.1,0.00,0.00,0.00,0.0,10.7
2019-08-25,51,68.8,0.10,0.10,0.00,1.0,14.4
2019-08-26,3,66.2,0.00,0.00,0.00,0.0,10.0
2019-08-27,3,66.3,0.00,0.00,0.00,0.0,7.7
2019-08-28,63,69.4,15.80,15.80,0.00,17.0,8.6
2019-08-29,3,72.6,0.00,0.00,0.00,0.0,13.5
2019-08-30,2,71.9,0.00,0.00,0.00,0.0,15.4
2019-08-31,3,72.5,0.00,0.00,0.00,0.0,8.9
2019-09-01,3,69.0,0.00,0.00,0.00,0.0,12.9
2019-09-02,63,71.3,10.30,10.30,0.00,10.0,14.9
2019-09-03,2,71.3,0.00,0.00,0.00,0.0,9.0
2019-09-04,53,74.2,1.40,1.40,0.00,4.0,13.4
2019-09-05,3,68.5,0.00,0.00,0.00,0.0,11.6
2019-09-06,53,65.0,2.20,2.20,0.00,5.0,17.7
2019-09-07,63,65.9,5.40,5.40,0.00,5.0,15.1
2019-09-08,51,67.6,0.10,0.10,0.00,1.0,10.5
2019-09-09,51,69.3,1.10,1.10,0.00,6.0,8.9
2019-09-10,51,69.9,0.60,0.60,0.00,4.0,13.2
2019-09-11,3,74.2,0.00,0.00,0.00,0.0,13.0
2019-09-12,53,73.5,3.70,3.70,0.00,12.0,13.3
2019-09-13,3,63.7,0.00,0.00,0.00,0.0,14.0
2019-09-14,55,70.1,1.70,1.70,0.00,3.0,19.3
2019-09-15,51,72.6,0.80,0.80,0.00,4.0,7.7
2019-09-16,53,70.6,1.30,1.30,0.00,4.0,6.0
2019-09-17,3,67.3,0.00,0.00,0.00,0.0,10.5
2019-09-18,51,62.3,0.10,0.10,0.00,1.0,11.0
2019-09-19,1,59.1,0.00,0.00,0.00,0.0,9.9
2019-09-20,3,64.8,0.00,0.00,0.00,0.0,9.1
2019-09-21,3,68.3,0.00,0.00,0.00,0.0,8.2
2019-09-22,3,70.3,0.00,0.00,0.00,0.0,14.4
2019-09-23,3,75.2,0.00,0.00,0.00,0.0,19.0
2019-09-24,61,70.4,3.50,3.50,0.00,4.0,14.4
2019-09-25,2,65.6,0.00,0.00,0.00,0.0,13.4
2019-09-26,61,68.0,2.30,2.30,0.00,3.0,18.6
2019-09-27,3,64.5,0.00,0.00,0.00,0.0,9.8
2019-09-28,3,69.7,0.00,0.00,0.00,0.0,18.6
2019-09-29,3,71.5,0.00,0.00,0.00,0.0,12.3
2019-09-30,3,64.9,0.00,0.00,0.00,0.0,11.7
2019-10-01,51,69.4,0.30,0.30,0.00,1.0,15.2
2019-10-02,61,77.9,3.60,3.60,0.00,5.0,15.8
2019-10-03,61,59.4,12.10,12.10,0.00,23.0,14.5
2019-10-04,51,60.5,0.70,0.70,0.00,5.0,19.8
2019-10-05,3,52.4,0.00,0.00,0.00,0.0,12.5
2019-10-06,51,65.4,1.80,1.80,0.00,10.0,19.3
2019-10-07,53,69.8,2.40,2.40,0.00,10.0,21.8
2019-10-08,53,61.0,1.20,1.20,0.00,6.0,12.7
2019-10-09,63,55.9,12.10,12.10,0.00,16.0,15.6
2019-10-10,51,59.1,0.40,0.40,0.00,2.0,17.3
2019-10-11,3,58.1,0.00,0.00,0.00,0.0,20.6
2019-10-12,3,59.2,0.00,0.00,0.00,0.0,12.8
2019-10-13,51,58.5,0.20,0.20,0.00,1.0,9.7
2019-10-14,51,61.5,0.20,0.20,0.00,2.0,11.5
2019-10-15,3,56.0,0.00,0.00,0.00,0.0,9.7
2019-10-16,63,60.8,26.20,26.20,0.00,14.0,36.3
2019-10-17,51,54.0,0.40,0.40,0.00,4.0,29.1
2019-10-18,3,52.8,0.00,0.00,0.00,0.0,18.8
2019-10-19,3,50.2,0.00,0.00,0.00,0.0,8.3
2019-10-20,61,53.6,11.60,11.60,0.00,11.0,11.6
2019-10-21,55,56.1,1.60,1.60,0.00,3.0,12.7
2019-10-22,61,57.8,6.30,6.30,0.00,9.0,18.0
2019-10-23,61,60.2,4.40,4.40,0.00,4.0,14.8
2019-10-24,0,54.7,0.00,0.00,0.00,0.0,13.2
2019-10-25,3,55.9,0.00,0.00,0.00,0.0,10.8
2019-10-26,51,56.7,0.10,0.10,0.00,1.0,9.5
2019-10-27,63,60.8,24.60,24.60,0.00,13.0,24.3
2019-10-28,3,57.4,0.00,0.00,0.00,0.0,10.3
2019-10-29,53,57.8,2.60,2.60,0.00,15.0,10.4
2019-10-30,51,61.1,1.30,1.30,0.00,6.0,7.3
2019-10-31,63,65.1,12.10,12.10,0.00,17.0,32.6
2019-11-01,63,51.6,6.90,6.90,0.00,4.0,32.6
2019-11-02,3,45.7,0.00,0.00,0.00,0.0,10.4
2019-11-03,3,46.5,0.00,0.00,0.00,0.0,12.2
2019-11-04,3,47.7,0.00,0.00,0.00,0.0,13.4
2019-11-05,55,54.8,2.00,2.00,0.00,6.0,11.3
2019-11-06,2,48.1,0.00,0.00,0.00,0.0,10.3
2019-11-07,55,50.8,3.20,3.20,0.00,5.0,13.2
2019-11-08,51,36.5,0.20,0.20,0.00,2.0,21.4
2019-11-09,3,33.9,0.00,0.00,0.00,0.0,10.2
2019-11-10,3,44.0,0.00,0.00,0.00,0.0,10.8
2019-11-11,3,50.2,0.00,0.00,0.00,0.0,14.3
2019-11-12,73,42.6,2.90,4.20,0.91,11.0,18.7
2019-11-13,2,27.8,0.00,0.00,0.00,0.0,17.9
2019-11-14,3,34.9,0.00,0.00,0.00,0.0,11.9
2019-11-15,3,41.0,0.00,0.00,0.00,0.0,13.4
2019-11-16,1,35.9,0.00,0.00,0.00,0.0,17.0
2019-11-17,3,36.2,0.00,0.00,0.00,0.0,17.3
2019-11-18,63,39.5,7.20,7.20,0.00,14.0,14.9
2019-11-19,61,43.3,5.10,5.10,0.00,7.0,8.5
2019-11-20,3,40.8,0.00,0.00,0.00,0.0,14.3
2019-11-21,51,43.0,0.10,0.10,0.00,1.0,10.6
2019-11-22,61,46.6,3.60,3.60,0.00,4.0,19.7
2019-11-23,53,38.9,0.90,0.90,0.00,1.0,12.1
2019-11-24,63,44.0,21.70,21.70,0.00,19.0,20.8
2019-11-25,2,43.0,0.00,0.00,0.00,0.0,13.1
2019-11-26,3,46.5,0.00,0.00,0.00,0.0,7.6
2019-11-27,53,50.0,1.30,1.30,0.00,5.0,18.5
2019-11-28,51,45.5,0.20,0.20,0.00,1.0,24.8
2019-11-29,3,34.7,0.00,0.00,0.00,0.0,15.6
2019-11-30,3,33.8,0.00,0.00,0.00,0.0,12.0
2019-12-01,73,33.2,13.00,15.10,1.47,14.0,20.7
2019-12-02,75,36.0,3.90,13.20,6.51,24.0,23.0
2019-12-03,73,32.6,0.00,2.20,1.54,8.0,18.5
2019-12-04,3,35.7,0.00,0.00,0.00,0.0,10.8
2019-12-05,3,37.5,0.00,0.00,0.00,0.0,20.9
2019-12-06,3,39.8,0.00,0.00,0.00,0.0,17.3
2019-12-07,3,33.0,0.00,0.00,0.00,0.0,14.9
2019-12-08,3,32.4,0.00,0.00,0.00,0.0,13.0
2019-12-09,63,50.1,26.60,26.60,0.00,21.0,23.2
2019-12-10,61,53.7,8.80,8.80,0.00,16.0,17.9
2019-12-11,75,36.0,3.40,9.30,4.13,12.0,16.2
2019-12-12,3,29.7,0.00,0.00,0.00,0.0,15.6
2019-12-13,63,45.1,15.40,15.40,0.00,14.0,13.2
2019-12-14,63,52.4,33.50,33.50,0.00,16.0,20.3
2019-12-15,3,42.5,0.00,0.00,0.00,0.0,21.5
2019-12-16,73,34.6,1.10,1.60,0.35,3.0,11.7
2019-12-17,73,33.9,22.30,24.10,1.26,22.0,12.9
2019-12-18,71,32.4,0.00,0.20,0.14,2.0,20.0
2019-12-19,2,21.6,0.00,0.00,0.00,0.0,22.3
2019-12-20,1,26.2,0.00,0.00,0.00,0.0,11.7
2019-12-21,3,26.8,0.00,0.00,0.00,0.0,9.0
2019-12-22,2,34.4,0.00,0.00,0.00,0.0,12.6
2019-12-23,3,40.6,0.00,0.00,0.00,0.0,12.2
2019-12-24,3,39.0,0.00,0.00,0.00,0.0,12.6
2019-12-25,3,35.1,0.00,0.00,0.00,0.0,5.5
2019-12-26,51,38.6,0.10,0.10,0.00,1.0,11.0
2019-12-27,51,47.2,0.20,0.20,0.00,1.0,10.9
2019-12-28,3,42.6,0.00,0.00,0.00,0.0,11.5
2019-12-29,61,38.3,5.00,5.00,0.00,9.0,10.8
2019-12-30,63,41.7,30.10,30.10,0.00,23.0,23.6
2019-12-31,53,39.5,0.70,0.70,0.00,3.0,15.8
2020-01-01,3,36.8,0.00,0.00,0.00,0.0,19.1
2020-01-02,3,37.7,0.00,0.00,0.00,0.0,10.8
2020-01-03,55,44.6,5.30,5.30,0.00,12.0,8.5
2020-01-04,53,46.9,6.60,6.60,0.00,18.0,15.3
2020-01-05,53,37.4,1.20,1.20,0.00,4.0,26.3
2020-01-06,73,37.7,0.00,1.10,0.77,4.0,17.5
2020-01-07,73,37.5,0.50,1.50,0.70,5.0,13.3
2020-01-08,71,34.5,0.00,0.10,0.07,1.0,21.9
2020-01-09,3,28.4,0.00,0.00,0.00,0.0,17.3
2020-01-10,3,43.3,0.00,0.00,0.00,0.0,12.4
2020-01-11,51,55.0,0.10,0.10,0.00,1.0,21.7
2020-01-12,61,57.7,2.20,2.20,0.00,3.0,29.0
2020-01-13,51,42.1,0.30,0.30,0.00,3.0,11.5
2020-01-14,51,40.6,0.30,0.30,0.00,2.0,10.2
2020-01-15,3,43.2,0.00,0.00,0.00,0.0,10.8
2020-01-16,53,43.1,3.20,3.20,0.00,8.0,26.2
2020-01-17,3,26.5,0.00,0.00,0.00,0.0,21.3
2020-01-18,75,27.6,3.60,8.80,3.64,10.0,17.9
2020-01-19,53,37.9,1.40,1.40,0.00,4.0,16.6
2020-01-20,3,25.2,0.00,0.00,0.00,0.0,17.2
2020-01-21,2,25.5,0.00,0.00,0.00,0.0,10.7
2020-01-22,1,29.0,0.00,0.00,0.00,0.0,6.0
2020-01-23,3,33.3,0.00,0.00,0.00,0.0,6.3
2020-01-24,3,37.9,0.00,0.00,0.00,0.0,9.8
2020-01-25,63,43.2,23.00,23.00,0.00,9.0,27.4
2020-01-26,3,40.0,0.00,0.00,0.00,0.0,14.5
2020-01-27,3,38.6,0.00,0.00,0.00,0.0,15.5
2020-01-28,3,37.8,0.00,0.00,0.00,0.0,14.9
2020-01-29,3,33.5,0.00,0.00,0.00,0.0,12.5
2020-01-30,3,29.2,0.00,0.00,0.00,0.0,9.2
2020-01-31,53,36.9,1.00,1.00,0.00,3.0,8.2
2020-02-01,51,37.2,0.30,0.30,0.00,2.0,4.4
2020-02-02,71,37.7,2.80,3.20,0.28,16.0,13.7
2020-02-03,51,43.0,0.50,0.50,0.00,2.0,12.5
2020-02-04,51,46.1,1.90,1.90,0.00,8.0,11.5
2020-02-05,51,41.1,0.80,0.80,0.00,4.0,13.7
2020-02-06,63,41.8,18.60,18.60,0.00,22.0,12.7
2020-02-07,71,42.9,10.10,10.20,0.07,17.0,32.3
2020-02-08,3,34.1,0.00,0.00,0.00,0.0,17.9
2020-02-09,51,36.3,0.30,0.30,0.00,3.0,13.3
2020-02-10,55,43.3,7.90,7.90,0.00,16.0,16.4
2020-02-11,61,44.2,9.30,9.30,0.00,18.0,12.3
2020-02-12,51,40.3,0.30,0.30,0.00,2.0,15.4
2020-02-13,61,40.5,19.50,19.50,0.00,18.0,14.2
2020-02-14,3,30.6,0.00,0.00,0.00,0.0,16.8
2020-02-15,3,22.5,0.00,0.00,0.00,0.0,14.6
2020-02-16,3,35.3,0.00,0.00,0.00,0.0,12.5
2020-02-17,3,38.3,0.00,0.00,0.00,0.0,9.7
2020-02-18,53,41.1,1.80,1.80,0.00,8.0,12.9
2020-02-19,3,41.2,0.00,0.00,0.00,0.0,16.2
2020-02-20,3,31.6,0.00,0.00,0.00,0.0,11.7
2020-02-21,0,27.0,0.00,0.00,0.00,0.0,12.9
2020-02-22,1,35.7,0.00,0.00,0.00,0.0,14.5
2020-02-23,1,38.9,0.00,0.00,0.00,0.0,10.6
2020-02-24,3,41.3,0.00,0.00,0.00,0.0,11.0
2020-02-25,61,45.5,2.70,2.70,0.00,10.0,7.9
2020-02-26,51,45.2,0.20,0.20,0.00,2.0,15.7
2020-02-27,63,40.7,9.70,9.70,0.00,7.0,27.4
2020-02-28,3,33.7,0.00,0.00,0.00,0.0,22.2
2020-02-29,71,30.4,0.00,0.20,0.14,2.0,19.6
2020-03-01,2,32.2,0.00,0.00,0.00,0.0,14.9
2020-03-02,3,43.4,0.00,0.00,0.00,0.0,20.4
2020-03-03,61,48.4,4.60,4.60,0.00,9.0,16.7
2020-03-04,63,48.0,4.50,4.50,0.00,2.0,22.5
2020-03-05,3,41.9,0.00,0.00,0.00,0.0,13.1
2020-03-06,53,40.7,4.00,4.00,0.00,11.0,14.1
2020-03-07,51,38.2,0.40,0.40,0.00,2.0,18.1
2020-03-08,3,41.6,0.00,0.00,0.00,0.0,12.8
2020-03-09,3,51.2,0.00,0.00,0.00,0.0,13.4
2020-03-10,63,55.0,4.80,4.80,0.00,2.0,16.9
2020-03-11,3,47.1,0.00,0.00,0.00,0.0,16.7
2020-03-12,53,42.3,0.70,0.70,0.00,3.0,13.6
2020-03-13,61,54.9,11.50,11.50,0.00,13.0,22.6
2020-03-14,51,47.3,0.10,0.10,0.00,1.0,17.2
2020-03-15,51,44.0,0.30,0.30,0.00,3.0,11.6
2020-03-16,3,37.4,0.00,0.00,0.00,0.0,14.1
2020-03-17,73,45.5,6.70,7.30,0.42,9.0,13.0
2020-03-18,3,43.4,0.00,0.00,0.00,0.0,11.2
2020-03-19,63,47.7,19.70,19.70,0.00,10.0,13.2
2020-03-20,61,57.7,2.10,2.10,0.00,5.0,20.2
2020-03-21,3,47.7,0.00,0.00,0.00,0.0,17.7
2020-03-22,3,36.8,0.00,0.00,0.00,0.0,14.9
2020-03-23,63,38.8,25.60,25.60,0.00,16.0,24.2
2020-03-24,3,43.2,0.00,0.00,0.00,0.0,14.5
2020-03-25,51,42.0,0.10,0.10,0.00,1.0,17.5
2020-03-26,3,42.6,0.00,0.00,0.00,0.0,13.7
2020-03-27,51,53.1,0.30,0.30,0.00,2.0,11.3
2020-03-28,61,47.0,13.60,13.60,0.00,14.0,13.6
2020-03-29,61,49.7,2.40,2.40,0.00,8.0,14.1
2020-03-30,53,45.3,3.00,3.00,0.00,6.0,9.4
2020-03-31,53,42.7,2.20,2.20,0.00,5.0,10.1
2020-04-01,3,44.4,0.00,0.00,0.00,0.0,14.7
2020-04-02,3,47.2,0.00,0.00,0.00,0.0,21.5
2020-04-03,55,46.5,9.00,9.00,0.00,19.0,22.8
2020-04-04,51,48.6,0.80,0.80,0.00,3.0,12.1
2020-04-05,3,49.1,0.00,0.00,0.00,0.0,10.5
2020-04-06,53,52.2,1.20,1.20,0.00,4.0,10.9
2020-04-07,53,51.9,0.60,0.60,0.00,1.0,13.8
2020-04-08,63,54.2,5.20,5.20,0.00,4.0,12.4
2020-04-09,63,49.8,13.10,13.10,0.00,9.0,25.3
2020-04-10,71,43.7,1.20,1.30,0.07,6.0,25.2
2020-04-11,3,44.6,0.00,0.00,0.00,0.0,18.3
2020-04-12,3,47.6,0.00,0.00,0.00,0.0,21.3
2020-04-13,63,57.8,43.70,43.70,0.00,19.0,42.8
2020-04-14,51,50.0,0.20,0.20,0.00,2.0,18.9
2020-04-15,53,45.6,1.60,1.60,0.00,6.0,16.8
2020-04-16,3,44.0,0.00,0.00,0.00,0.0,17.8
2020-04-17,51,41.6,1.50,1.50,0.00,7.0,14.4
2020-04-18,55,43.7,6.50,6.50,0.00,16.0,18.2
2020-04-19,3,47.8,0.00,0.00,0.00,0.0,16.5
2020-04-20,3,49.2,0.00,0.00,0.00,0.0,13.2
2020-04-21,63,48.5,10.00,10.00,0.00,9.0,24.9
2020-04-22,3,41.3,0.00,0.00,0.00,0.0,19.8
2020-04-23,51,41.4,0.20,0.20,0.00,2.0,7.5
2020-04-24,63,45.8,18.20,18.20,0.00,18.0,16.7
2020-04-25,3,48.2,0.00,0.00,0.00,0.0,11.2
2020-04-26,61,47.0,8.90,8.90,0.00,17.0,20.2
2020-04-27,51,43.4,1.30,1.30,0.00,12.0,16.9
2020-04-28,3,47.7,0.00,0.00,0.00,0.0,12.8
2020-04-29,51,48.7,1.40,1.40,0.00,7.0,18.5
2020-04-30,63,55.2,17.40,17.40,0.00,18.0,28.2
2020-05-01,63,57.3,11.40,11.40,0.00,14.0,15.6
2020-05-02,3,59.6,0.00,0.00,0.00,0.0,15.8
2020-05-03,63,63.3,5.50,5.50,0.00,4.0,12.5
2020-05-04,53,59.7,1.10,1.10,0.00,3.0,20.3
2020-05-05,3,51.1,0.00,0.00,0.00,0.0,13.5
2020-05-06,53,47.9,2.70,2.70,0.00,9.0,12.4
2020-05-07,51,52.8,0.20,0.20,0.00,1.0,14.6
2020-05-08,61,48.0,7.60,7.60,0.00,14.0,9.6
2020-05-09,71,41.0,3.80,4.00,0.14,6.0,23.8
2020-05-10,3,49.4,0.00,0.00,0.00,0.0,20.0
2020-05-11,53,51.5,1.00,1.00,0.00,4.0,15.5
2020-05-12,3,49.0,0.00,0.00,0.00,0.0,19.3
2020-05-13,3,48.5,0.00,0.00,0.00,0.0,14.9
2020-05-14,3,51.3,0.00,0.00,0.00,0.0,16.7
2020-05-15,61,65.5,2.50,2.50,0.00,4.0,15.9
2020-05-16,51,65.9,0.30,0.30,0.00,2.0,13.9
2020-05-17,3,55.0,0.00,0.00,0.00,0.0,12.8
2020-05-18,3,58.2,0.00,0.00,0.00,0.0,12.9
2020-05-19,3,57.2,0.00,0.00,0.00,0.0,19.3
2020-05-20,3,53.7,0.00,0.00,0.00,0.0,16.9
2020-05-21,3,51.5,0.00,0.00,0.00,0.0,10.9
2020-05-22,53,60.4,1.40,1.40,0.00,5.0,10.8
2020-05-23,63,60.3,12.90,12.90,0.00,15.0,17.7
2020-05-24,3,56.7,0.00,0.00,0.00,0.0,12.2
2020-05-25,51,58.9,0.20,0.20,0.00,2.0,8.5
2020-05-26,3,60.8,0.00,0.00,0.00,0.0,10.0
2020-05-27,3,61.7,0.00,0.00,0.00,0.0,9.2
2020-05-28,55,63.4,1.90,1.90,0.00,5.0,14.6
2020-05-29,53,65.1,1.70,1.70,0.00,7.0,20.1
2020-05-30,63,70.8,8.50,8.50,0.00,3.0,13.9
2020-05-31,3,62.3,0.00,0.00,0.00,0.0,20.1
2020-06-01,51,59.0,0.20,0.20,0.00,2.0,15.9
2020-06-02,3,63.6,0.00,0.00,0.00,0.0,15.5
2020-06-03,61,70.0,7.70,7.70,0.00,8.0,12.8
2020-06-04,3,70.7,0.00,0.00,0.00,0.0,14.5
2020-06-05,63,68.5,17.40,17.40,0.00,17.0,11.8
2020-06-06,53,74.8,3.00,3.00,0.00,6.0,15.3
2020-06-07,3,68.0,0.00,0.00,0.00,0.0,15.3
2020-06-08,3,65.7,0.00,0.00,0.00,0.0,14.1
2020-06-09,3,69.9,0.00,0.00,0.00,0.0,16.9
2020-06-10,53,71.3,0.60,0.60,0.00,1.0,18.1
2020-06-11,65,70.9,32.40,32.40,0.00,11.0,18.6
2020-06-12,3,72.9,0.00,0.00,0.00,0.0,12.1
2020-06-13,1,66.2,0.00,0.00,0.00,0.0,13.6
2020-06-14,2,61.3,0.00,0.00,0.00,0.0,13.1
2020-06-15,3,63.1,0.00,0.00,0.00,0.0,10.8
2020-06-16,3,64.5,0.00,0.00,0.00,0.0,14.9
2020-06-17,3,64.9,0.00,0.00,0.00,0.0,13.7
2020-06-18,51,67.0,0.40,0.40,0.00,3.0,10.1
2020-06-19,51,68.1,0.50,0.50,0.00,4.0,11.2
2020-06-20,3,70.2,0.00,0.00,0.00,0.0,12.3
2020-06-21,51,71.3,0.60,0.60,0.00,3.0,11.9
2020-06-22,3,75.3,0.00,0.00,0.00,0.0,13.6
2020-06-23,51,73.8,0.10,0.10,0.00,1.0,17.5
2020-06-24,51,78.9,0.10,0.10,0.00,1.0,18.0
2020-06-25,3,74.2,0.00,0.00,0.00,0.0,12.7
2020-06-26,3,75.2,0.00,0.00,0.00,0.0,15.9
2020-06-27,61,74.4,5.70,5.70,0.00,6.0,15.5
2020-06-28,53,75.0,1.70,1.70,0.00,6.0,11.7
2020-06-29,53,76.0,1.20,1.20,0.00,3.0,13.4
2020-06-30,65,71.1,17.20,17.20,0.00,11.0,8.9
2020-07-01,51,72.2,1.50,1.50,0.00,6.0,11.2
2020-07-02,51,76.6,0.10,0.10,0.00,1.0,10.3
2020-07-03,63,79.0,6.50,6.50,0.00,5.0,9.4
2020-07-04,63,73.7,7.20,7.20,0.00,5.0,10.7
2020-07-05,3,77.4,0.00,0.00,0.00,0.0,12.2
2020-07-06,3,78.4,0.00,0.00,0.00,0.0,12.7
2020-07-07,51,75.2,0.80,0.80,0.00,5.0,13.9
2020-07-08,51,76.8,0.40,0.40,0.00,2.0,16.8
2020-07-09,3,77.3,0.00,0.00,0.00,0.0,11.2
2020-07-10,65,74.7,28.90,28.90,0.00,16.0,26.1
2020-07-11,63,77.3,5.70,5.70,0.00,11.0,22.1
2020-07-12,3,79.2,0.00,0.00,0.00,0.0,12.5
2020-07-13,51,78.5,0.40,0.40,0.00,2.0,12.5
2020-07-14,3,77.3,0.00,0.00,0.00,0.0,9.7
2020-07-15,51,73.3,0.90,0.90,0.00,5.0,11.1
2020-07-16,3,71.5,0.00,0.00,0.00,0.0,13.2
2020-07-17,55,74.7,4.10,4.10,0.00,10.0,14.1
2020-07-18,3,79.1,0.00,0.00,0.00,0.0,11.0
2020-07-19,3,79.5,0.00,0.00,0.00,0.0,19.0
2020-07-20,3,85.5,0.00,0.00,0.00,0.0,12.0
2020-07-21,2,80.9,0.00,0.00,0.00,0.0,12.8
2020-07-22,61,81.2,4.40,4.40,0.00,6.0,15.1
2020-07-23,61,78.8,6.40,6.40,0.00,7.0,11.2
2020-07-24,63,75.8,7.70,7.70,0.00,8.0,11.8
2020-07-25,51,77.7,0.20,0.20,0.00,1.0,10.7
2020-07-26,51,81.6,0.10,0.10,0.00,1.0,13.9
2020-07-27,3,83.3,0.00,0.00,0.00,0.0,12.2
2020-07-28,55,84.9,1.00,1.00,0.00,1.0,14.3
2020-07-29,51,80.0,0.20,0.20,0.00,2.0,12.9
2020-07-30,3,81.8,0.00,0.00,0.00,0.0,16.2
2020-07-31,61,75.4,14.10,14.10,0.00,16.0,7.5
2020-08-01,3,77.0,0.00,0.00,0.00,0.0,12.0
2020-08-02,61,78.7,4.90,4.90,0.00,7.0,17.9
2020-08-03,55,80.3,1.80,1.80,0.00,2.0,15.4
2020-08-04,63,77.3,12.90,12.90,0.00,13.0,39.4
2020-08-05,2,78.1,0.00,0.00,0.00,0.0,13.3
2020-08-06,53,72.3,2.30,2.30,0.00,5.0,9.3
2020-08-07,55,74.2,2.40,2.40,0.00,5.0,11.0
2020-08-08,63,73.6,10.90,10.90,0.00,14.0,8.1
2020-08-09,51,75.6,0.40,0.40,0.00,2.0,14.3
2020-08-10,1,79.1,0.00,0.00,0.00,0.0,13.2
2020-08-11,51,77.9,0.10,0.10,0.00,1.0,16.9
2020-08-12,63,79.1,7.20,7.20,0.00,8.0,9.7
2020-08-13,63,75.7,11.20,11.20,0.00,14.0,6.5
2020-08-14,3,77.2,0.00,0.00,0.00,0.0,12.1
2020-08-15,3,74.7,0.00,0.00,0.00,0.0,13.7
2020-08-16,61,68.9,14.50,14.50,0.00,16.0,17.0
2020-08-17,61,69.9,4.60,4.60,0.00,4.0,15.2
2020-08-18,63,73.8,5.70,5.70,0.00,3.0,11.7
2020-08-19,61,70.6,7.10,7.10,0.00,10.0,8.2
2020-08-20,51,70.1,0.30,0.30,0.00,1.0,8.5
2020-08-21,3,73.4,0.00,0.00,0.00,0.0,15.5
2020-08-22,51,77.1,0.10,0.10,0.00,1.0,11.5
2020-08-23,3,75.5,0.00,0.00,0.00,0.0,11.5
2020-08-24,51,78.3,0.20,0.20,0.00,2.0,11.7
2020-08-25,51,80.6,0.30,0.30,0.00,2.0,17.3
2020-08-26,3,73.5,0.00,0.00,0.00,0.0,16.0
2020-08-27,53,78.0,1.80,1.80,0.00,7.0,19.2
2020-08-28,51,76.9,0.50,0.50,0.00,2.0,13.4
2020-08-29,63,75.0,20.20,20.20,0.00,11.0,14.3
2020-08-30,51,71.7,0.10,0.10,0.00,1.0,18.5
2020-08-31,3,68.4,0.00,0.00,0.00,0.0,8.6
2020-09-01,53,72.1,1.40,1.40,0.00,5.0,11.7
2020-09-02,63,73.9,13.10,13.10,0.00,11.0,11.4
2020-09-03,63,77.0,17.20,17.20,0.00,13.0,15.2
2020-09-04,51,76.1,0.20,0.20,0.00,1.0,10.7
2020-09-05,3,70.0,0.00,0.00,0.00,0.0,11.1
2020-09-06,3,71.5,0.00,0.00,0.00,0.0,14.1
2020-09-07,3,71.7,0.00,0.00,0.00,0.0,15.3
2020-09-08,3,71.0,0.00,0.00,0.00,0.0,10.2
2020-09-09,51,72.4,0.70,0.70,0.00,4.0,8.5
2020-09-10,63,74.9,15.80,15.80,0.00,19.0,9.0
2020-09-11,53,72.6,1.30,1.30,0.00,4.0,12.8
2020-09-12,3,65.0,0.00,0.00,0.00,0.0,14.4
2020-09-13,51,69.7,0.60,0.60,0.00,6.0,13.1
2020-09-14,3,70.5,0.00,0.00,0.00,0.0,12.9
2020-09-15,0,59.4,0.00,0.00,0.00,0.0,13.9
2020-09-16,2,64.0,0.00,0.00,0.00,0.0,17.2
2020-09-17,51,68.1,0.30,0.30,0.00,3.0,9.7
2020-09-18,51,64.7,0.70,0.70,0.00,3.0,16.9
2020-09-19,0,56.4,0.00,0.00,0.00,0.0,17.2
2020-09-20,2,55.9,0.00,0.00,0.00,0.0,13.6
2020-09-21,0,55.9,0.00,0.00,0.00,0.0,11.9
2020-09-22,0,59.5,0.00,0.00,0.00,0.0,14.8
2020-09-23,0,66.7,0.00,0.00,0.00,0.0,15.4
2020-09-24,3,65.4,0.00,0.00,0.00,0.0,11.6
2020-09-25,3,66.0,0.00,0.00,0.00,0.0,9.7
2020-09-26,55,66.7,1.50,1.50,0.00,3.0,11.8
2020-09-27,51,70.2,0.10,0.10,0.00,1.0,10.1
2020-09-28,51,70.3,0.10,0.10,0.00,1.0,16.1
2020-09-29,63,70.2,10.70,10.70,0.00,14.0,17.3
2020-09-30,65,67.1,27.20,27.20,0.00,6.0,28.3
2020-10-01,3,65.2,0.00,0.00,0.00,0.0,11.9
2020-10-02,53,59.8,4.30,4.30,0.00,10.0,10.8
2020-10-03,0,57.1,0.00,0.00,0.00,0.0,8.7
2020-10-04,61,57.8,1.60,1.60,0.00,1.0,9.7
2020-10-05,3,60.3,0.00,0.00,0.00,0.0,8.9
2020-10-06,51,62.0,0.10,0.10,0.00,1.0,12.3
2020-10-07,51,65.4,0.40,0.40,0.00,2.0,20.5
2020-10-08,0,58.8,0.00,0.00,0.00,0.0,18.2
2020-10-09,3,58.4,0.00,0.00,0.00,0.0,13.6
2020-10-10,3,65.7,0.00,0.00,0.00,0.0,14.4
2020-10-11,51,64.1,0.50,0.50,0.00,4.0,14.8
2020-10-12,63,54.6,30.70,30.70,0.00,24.0,18.3
2020-10-13,61,58.1,4.50,4.50,0.00,14.0,18.6
2020-10-14,1,58.6,0.00,0.00,0.00,0.0,10.9
2020-10-15,3,62.1,0.00,0.00,0.00,0.0,23.9
2020-10-16,63,58.3,20.60,20.60,0.00,17.0,15.0
2020-10-17,61,51.9,8.40,8.40,0.00,6.0,15.0
2020-10-18,3,54.4,0.00,0.00,0.00,0.0,15.7
2020-10-19,3,58.2,0.00,0.00,0.00,0.0,11.0
2020-10-20,51,62.7,0.20,0.20,0.00,2.0,7.2
2020-10-21,53,62.2,1.30,1.30,0.00,3.0,9.3
2020-10-22,3,65.4,0.00,0.00,0.00,0.0,6.8
2020-10-23,51,64.0,0.30,0.30,0.00,3.0,8.4
2020-10-24,51,62.5,0.30,0.30,0.00,3.0,13.7
2020-10-25,51,49.5,0.80,0.80,0.00,5.0,12.0
2020-10-26,51,58.2,0.40,0.40,0.00,4.0,14.7
2020-10-27,51,57.7,0.60,0.60,0.00,3.0,10.4
2020-10-28,53,56.7,2.70,2.70,0.00,9.0,10.4
2020-10-29,63,52.4,33.90,33.90,0.00,15.0,20.0
2020-10-30,71,41.9,18.60,18.70,0.07,16.0,21.2
2020-10-31,3,40.2,0.00,0.00,0.00,0.0,9.2
2020-11-01,63,50.9,9.50,9.50,0.00,9.0,18.7
2020-11-02,51,41.4,0.10,0.10,0.00,1.0,28.2
2020-11-03,3,46.8,0.00,0.00,0.00,0.0,21.5
2020-11-04,2,51.4,0.00,0.00,0.00,0.0,14.5
2020-11-05,3,55.8,0.00,0.00,0.00,0.0,12.3
2020-11-06,3,57.7,0.00,0.00,0.00,0.0,8.9
2020-11-07,2,57.8,0.00,0.00,0.00,0.0,7.7
2020-11-08,2,56.8,0.00,0.00,0.00,0.0,6.8
2020-11-09,0,55.6,0.00,0.00,0.00,0.0,6.6
2020-11-10,2,59.4,0.00,0.00,0.00,0.0,12.5
2020-11-11,63,63.6,19.10,19.10,0.00,10.0,13.0
2020-11-12,61,56.2,15.30,15.30,0.00,20.0,16.8
2020-11-13,55,49.3,5.40,5.40,0.00,13.0,10.1
2020-11-14,3,45.7,0.00,0.00,0.00,0.0,13.0
2020-11-15,63,50.5,6.40,6.40,0.00,4.0,35.0
2020-11-16,51,48.5,0.30,0.30,0.00,1.0,18.0
2020-11-17,51,42.3,1.10,1.10,0.00,4.0,17.7
2020-11-18,3,33.4,0.00,0.00,0.00,0.0,17.7
2020-11-19,3,38.2,0.00,0.00,0.00,0.0,14.9
2020-11-20,3,50.3,0.00,0.00,0.00,0.0,13.6
2020-11-21,3,52.3,0.00,0.00,0.00,0.0,11.0
2020-11-22,51,48.9,0.30,0.30,0.00,2.0,17.3
2020-11-23,63,51.4,20.00,20.00,0.00,13.0,20.9
2020-11-24,3,41.6,0.00,0.00,0.00,0.0,12.8
2020-11-25,51,48.3,0.40,0.40,0.00,1.0,11.2
2020-11-26,63,57.1,15.90,15.90,0.00,13.0,18.8
2020-11-27,2,51.7,0.00,0.00,0.00,0.0,10.7
2020-11-28,3,47.8,0.00,0.00,0.00,0.0,12.4
2020-11-29,3,43.9,0.00,0.00,0.00,0.0,8.9
2020-11-30,63,55.8,34.90,34.90,0.00,15.0,32.7
2020-12-01,51,50.0,0.90,0.90,0.00,5.0,20.9
2020-12-02,3,39.8,0.00,0.00,0.00,0.0,20.6
2020-12-03,3,41.2,0.00,0.00,0.00,0.0,13.7
2020-12-04,53,46.7,3.90,3.90,0.00,10.0,14.7
2020-12-05,63,43.2,29.10,29.10,0.00,17.0,23.9
2020-12-06,2,36.5,0.00,0.00,0.00,0.0,19.5
2020-12-07,3,33.8,0.00,0.00,0.00,0.0,11.2
2020-12-08,3,32.7,0.00,0.00,0.00,0.0,14.5
2020-12-09,71,34.4,0.20,0.30,0.07,2.0,15.4
2020-12-10,2,40.2,0.00,0.00,0.00,0.0,13.5
2020-12-11,3,43.5,0.00,0.00,0.00,0.0,11.4
2020-12-12,53,48.6,1.60,1.60,0.00,6.0,14.8
2020-12-13,3,51.3,0.00,0.00,0.00,0.0,14.0
2020-12-14,61,38.6,7.90,7.90,0.00,10.0,12.4
2020-12-15,3,34.0,0.00,0.00,0.00,0.0,12.6
2020-12-16,75,29.3,0.00,12.60,8.82,8.0,25.1
2020-12-17,75,29.2,3.00,23.10,14.07,12.0,26.6
2020-12-18,3,23.5,0.00,0.00,0.00,0.0,11.1
2020-12-19,3,22.0,0.00,0.00,0.00,0.0,8.9
2020-12-20,71,31.7,0.90,1.20,0.21,5.0,7.3
2020-12-21,3,34.4,0.00,0.00,0.00,0.0,9.2
2020-12-22,51,36.9,0.20,0.20,0.00,2.0,14.6
2020-12-23,3,36.4,0.00,0.00,0.00,0.0,12.1
2020-12-24,55,53.2,2.90,2.90,0.00,5.0,29.4
2020-12-25,63,49.7,46.00,46.00,0.00,16.0,39.5
2020-12-26,2,27.7,0.00,0.00,0.00,0.0,18.7
2020-12-27,3,29.4,0.00,0.00,0.00,0.0,11.4
2020-12-28,3,42.8,0.00,0.00,0.00,0.0,14.3
2020-12-29,3,35.0,0.00,0.00,0.00,0.0,18.4
2020-12-30,3,33.8,0.00,0.00,0.00,0.0,15.6
2020-12-31,63,43.8,9.60,9.60,0.00,9.0,19.6
2021-01-01,61,35.2,6.30,6.30,0.00,5.0,13.1
2021-01-02,61,43.5,4.60,4.60,0.00,6.0,21.2
2021-01-03,73,36.3,6.90,7.20,0.21,13.0,14.6
2021-01-04,53,37.6,1.50,1.50,0.00,6.0,11.4
2021-01-05,3,36.9,0.00,0.00,0.00,0.0,8.1
2021-01-06,3,35.4,0.00,0.00,0.00,0.0,14.5
2021-01-07,1,33.8,0.00,0.00,0.00,0.0,11.7
2021-01-08,3,31.9,0.00,0.00,0.00,0.0,15.2
2021-01-09,3,30.5,0.00,0.00,0.00,0.0,18.0
2021-01-10,3,31.8,0.00,0.00,0.00,0.0,12.0
2021-01-11,3,29.9,0.00,0.00,0.00,0.0,6.3
2021-01-12,2,33.5,0.00,0.00,0.00,0.0,6.5
2021-01-13,3,34.0,0.00,0.00,0.00,0.0,10.4
2021-01-14,3,38.5,0.00,0.00,0.00,0.0,5.8
2021-01-15,55,39.3,1.80,1.80,0.00,6.0,20.8
2021-01-16,63,43.3,23.10,23.10,0.00,12.0,27.1
2021-01-17,3,38.6,0.00,0.00,0.00,0.0,22.5
2021-01-18,51,38.6,0.10,0.10,0.00,1.0,16.6
2021-01-19,3,35.4,0.00,0.00,0.00,0.0,18.6
2021-01-20,73,33.1,0.00,0.80,0.56,4.0,20.0
2021-01-21,3,32.0,0.00,0.00,0.00,0.0,14.2
2021-01-22,3,37.3,0.00,0.00,0.00,0.0,17.6
2021-01-23,3,28.3,0.00,0.00,0.00,0.0,23.1
2021-01-24,3,26.5,0.00,0.00,0.00,0.0,17.9
2021-01-25,3,29.4,0.00,0.00,0.00,0.0,11.6
2021-01-26,73,32.9,2.90,4.90,1.40,11.0,13.9
2021-01-27,53,35.0,0.70,0.70,0.00,2.0,15.6
2021-01-28,3,28.0,0.00,0.00,0.00,0.0,21.3
2021-01-29,3,20.1,0.00,0.00,0.00,0.0,25.5
2021-01-30,0,22.8,0.00,0.00,0.00,0.0,14.3
2021-01-31,73,23.4,0.00,1.80,1.26,6.0,13.1
2021-02-01,75,31.0,0.50,36.90,25.48,24.0,30.5
2021-02-02,73,33.2,0.30,3.50,2.24,13.0,24.7
2021-02-03,71,31.2,0.00,0.10,0.07,1.0,14.8
2021-02-04,3,30.7,0.00,0.00,0.00,0.0,12.0
2021-02-05,71,36.2,1.50,1.70,0.14,5.0,15.9
2021-02-06,3,32.5,0.00,0.00,0.00,0.0,15.8
2021-02-07,75,29.9,0.00,9.30,6.51,10.0,16.6
2021-02-08,3,19.5,0.00,0.00,0.00,0.0,15.3
2021-02-09,71,26.7,1.30,1.90,0.42,10.0,11.7
2021-02-10,71,24.9,0.00,0.10,0.07,1.0,8.9
2021-02-11,73,27.3,0.00,5.50,3.85,10.0,7.7
2021-02-12,3,21.4,0.00,0.00,0.00,0.0,10.8
2021-02-13,73,24.5,0.80,1.90,0.77,8.0,10.3
2021-02-14,51,31.5,0.20,0.20,0.00,2.0,9.6
2021-02-15,51,32.4,1.70,1.70,0.00,12.0,10.0
2021-02-16,63,43.3,18.50,18.50,0.00,11.0,25.7
2021-02-17,3,27.1,0.00,0.00,0.00,0.0,16.1
2021-02-18,75,27.4,0.10,13.90,9.66,14.0,13.2
2021-02-19,73,30.2,0.50,5.60,3.57,22.0,11.1
2021-02-20,3,28.6,0.00,0.00,0.00,0.0,13.4
2021-02-21,3,24.0,0.00,0.00,0.00,0.0,11.7
2021-02-22,71,33.1,14.00,14.20,0.14,8.0,16.6
2021-02-23,51,37.9,0.50,0.50,0.00,3.0,17.7
2021-02-24,3,40.5,0.00,0.00,0.00,0.0,22.9
2021-02-25,3,42.0,0.00,0.00,0.00,0.0,17.5
2021-02-26,3,34.9,0.00,0.00,0.00,0.0,10.0
2021-02-27,61,44.1,10.10,10.10,0.00,12.0,18.8
2021-02-28,61,40.7,5.10,5.10,0.00,9.0,14.7
2021-03-01,61,43.4,9.00,9.00,0.00,15.0,25.0
2021-03-02,1,26.9,0.00,0.00,0.00,0.0,23.4
2021-03-03,3,38.3,0.00,0.00,0.00,0.0,14.1
2021-03-04,3,36.4,0.00,0.00,0.00,0.0,22.0
2021-03-05,1,28.6,0.00,0.00,0.00,0.0,20.1
2021-03-06,3,30.5,0.00,0.00,0.00,0.0,16.2
2021-03-07,3,30.8,0.00,0.00,0.00,0.0,11.1
2021-03-08,2,31.3,0.00,0.00,0.00,0.0,9.3
2021-03-09,3,46.5,0.00,0.00,0.00,0.0,14.0
2021-03-10,3,40.9,0.00,0.00,0.00,0.0,11.7
2021-03-11,3,48.8,0.00,0.00,0.00,0.0,14.4
2021-03-12,51,57.0,0.40,0.40,0.00,2.0,17.0
2021-03-13,0,40.6,0.00,0.00,0.00,0.0,21.3
2021-03-14,2,41.3,0.00,0.00,0.00,0.0,26.4
2021-03-15,3,29.3,0.00,0.00,0.00,0.0,20.3
2021-03-16,51,31.4,0.10,0.10,0.00,1.0,9.7
2021-03-17,71,40.3,0.00,0.10,0.07,1.0,7.5
2021-03-18,63,43.5,16.60,16.60,0.00,14.0,16.2
2021-03-19,71,36.3,4.80,5.00,0.14,6.0,21.0
2021-03-20,0,37.8,0.00,0.00,0.00,0.0,8.9
2021-03-21,1,41.6,0.00,0.00,0.00,0.0,9.1
2021-03-22,2,43.2,0.00,0.00,0.00,0.0,9.4
2021-03-23,3,46.4,0.00,0.00,0.00,0.0,10.7
2021-03-24,65,48.8,27.40,27.40,0.00,8.0,14.1
2021-03-25,53,52.4,1.90,1.90,0.00,4.0,10.4
2021-03-26,51,58.6,0.90,0.90,0.00,5.0,26.8
2021-03-27,3,52.2,0.00,0.00,0.00,0.0,14.5
2021-03-28,63,52.2,19.20,19.20,0.00,14.0,22.8
2021-03-29,51,47.2,0.30,0.30,0.00,1.0,23.8
2021-03-30,3,45.0,0.00,0.00,0.00,0.0,17.2
2021-03-31,63,51.8,20.70,20.70,0.00,10.0,21.5
2021-04-01,63,45.8,10.10,10.10,0.00,12.0,18.7
2021-04-02,3,33.8,0.00,0.00,0.00,0.0,16.6
2021-04-03,3,38.9,0.00,0.00,0.00,0.0,10.8
2021-04-04,3,47.4,0.00,0.00,0.00,0.0,11.2
2021-04-05,2,53.0,0.00,0.00,0.00,0.0,17.7
2021-04-06,1,52.0,0.00,0.00,0.00,0.0,13.1
2021-04-07,51,51.7,0.10,0.10,0.00,1.0,10.1
2021-04-08,3,51.8,0.00,0.00,0.00,0.0,10.6
2021-04-09,3,47.5,0.00,0.00,0.00,0.0,9.9
2021-04-10,53,52.8,1.40,1.40,0.00,3.0,9.1
2021-04-11,63,52.8,19.10,19.10,0.00,15.0,18.4
2021-04-12,61,47.1,14.40,14.40,0.00,21.0,14.8
2021-04-13,55,51.3,3.30,3.30,0.00,5.0,9.8
2021-04-14,3,54.7,0.00,0.00,0.00,0.0,10.9
2021-04-15,61,51.3,14.20,14.20,0.00,13.0,13.4
2021-04-16,55,46.1,3.30,3.30,0.00,7.0,16.1
2021-04-17,53,47.8,0.60,0.60,0.00,2.0,11.7
2021-04-18,3,50.0,0.00,0.00,0.00,0.0,11.4
2021-04-19,3,51.9,0.00,0.00,0.00,0.0,8.9
2021-04-20,3,55.6,0.00,0.00,0.00,0.0,20.1
2021-04-21,63,52.7,5.40,5.40,0.00,6.0,20.1
2021-04-22,3,41.1,0.00,0.00,0.00,0.0,22.1
2021-04-23,3,48.5,0.00,0.00,0.00,0.0,19.4
2021-04-24,3,53.9,0.00,0.00,0.00,0.0,15.9
2021-04-25,63,53.0,13.50,13.50,0.00,11.0,13.3
2021-04-26,2,49.0,0.00,0.00,0.00,0.0,18.1
2021-04-27,51,48.7,0.20,0.20,0.00,1.0,9.9
2021-04-28,3,59.8,0.00,0.00,0.00,0.0,10.4
2021-04-29,61,59.9,4.20,4.20,0.00,12.0,16.5
2021-04-30,51,60.8,0.80,0.80,0.00,6.0,24.6
2021-05-01,3,51.6,0.00,0.00,0.00,0.0,21.6
2021-05-02,3,64.6,0.00,0.00,0.00,0.0,15.8
2021-05-03,61,58.7,3.70,3.70,0.00,5.0,11.1
2021-05-04,63,58.0,12.80,12.80,0.00,7.0,14.5
2021-05-05,63,55.1,11.10,11.10,0.00,14.0,15.5
2021-05-06,3,55.4,0.00,0.00,0.00,0.0,14.9
2021-05-07,3,53.0,0.00,0.00,0.00,0.0,11.4
2021-05-08,51,49.7,1.80,1.80,0.00,6.0,12.4
2021-05-09,61,50.5,8.10,8.10,0.00,9.0,17.2
2021-05-10,53,53.0,2.90,2.90,0.00,6.0,14.0
2021-05-11,53,54.4,0.60,0.60,0.00,1.0,17.3
2021-05-12,51,53.8,0.30,0.30,0.00,3.0,12.5
2021-05-13,2,55.6,0.00,0.00,0.00,0.0,11.9
2021-05-14,1,58.8,0.00,0.00,0.00,0.0,11.0
2021-05-15,3,60.2,0.00,0.00,0.00,0.0,10.1
2021-05-16,3,60.5,0.00,0.00,0.00,0.0,7.6
2021-05-17,2,61.1,0.00,0.00,0.00,0.0,12.3
2021-05-18,3,64.5,0.00,0.00,0.00,0.0,15.2
2021-05-19,3,69.5,0.00,0.00,0.00,0.0,15.3
2021-05-20,3,61.2,0.00,0.00,0.00,0.0,11.4
2021-05-21,3,60.8,0.00,0.00,0.00,0.0,14.3
2021-05-22,3,75.4,0.00,0.00,0.00,0.0,13.3
2021-05-23,3,77.9,0.00,0.00,0.00,0.0,18.2
2021-05-24,3,61.3,0.00,0.00,0.00,0.0,15.0
2021-05-25,3,61.3,0.00,0.00,0.00,0.0,17.5
2021-05-26,61,69.2,1.80,1.80,0.00,3.0,18.8
2021-05-27,61,72.9,3.20,3.20,0.00,4.0,14.6
2021-05-28,63,59.1,16.60,16.60,0.00,8.0,17.8
2021-05-29,63,50.2,26.70,26.70,0.00,23.0,20.5
2021-05-30,61,50.7,13.90,13.90,0.00,23.0,18.0
2021-05-31,51,57.0,0.80,0.80,0.00,5.0,13.8
2021-06-01,3,61.2,0.00,0.00,0.00,0.0,13.5
2021-06-02,3,61.4,0.00,0.00,0.00,0.0,11.9
2021-06-03,61,62.3,7.60,7.60,0.00,9.0,12.4
2021-06-04,61,67.9,6.00,6.00,0.00,13.0,12.4
2021-06-05,3,74.4,0.00,0.00,0.00,0.0,12.0
2021-06-06,1,75.9,0.00,0.00,0.00,0.0,15.0
2021-06-07,3,74.0,0.00,0.00,0.00,0.0,12.7
2021-06-08,53,73.6,2.70,2.70,0.00,7.0,10.3
2021-06-09,51,77.2,0.10,0.10,0.00,1.0,9.3
2021-06-10,3,71.9,0.00,0.00,0.00,0.0,16.2
2021-06-11,55,63.7,1.20,1.20,0.00,3.0,11.5
2021-06-12,51,64.6,0.60,0.60,0.00,5.0,11.9
2021-06-13,3,64.9,0.00,0.00,0.00,0.0,12.4
2021-06-14,63,65.9,14.10,14.10,0.00,11.0,13.5
2021-06-15,55,70.1,2.30,2.30,0.00,8.0,11.4
2021-06-16,2,67.4,0.00,0.00,0.00,0.0,13.6
2021-06-17,3,65.7,0.00,0.00,0.00,0.0,9.6
2021-06-18,3,68.0,0.00,0.00,0.00,0.0,19.7
2021-06-19,55,74.2,3.20,3.20,0.00,7.0,13.8
2021-06-20,3,72.1,0.00,0.00,0.00,0.0,14.8
2021-06-21,3,73.8,0.00,0.00,0.00,0.0,19.9
2021-06-22,63,70.3,9.90,9.90,0.00,9.0,15.4
2021-06-23,3,64.5,0.00,0.00,0.00,0.0,11.7
2021-06-24,3,65.1,0.00,0.00,0.00,0.0,13.3
2021-06-25,3,67.3,0.00,0.00,0.00,0.0,13.8
2021-06-26,51,71.3,0.30,0.30,0.00,2.0,18.6
2021-06-27,51,74.5,0.10,0.10,0.00,1.0,19.6
2021-06-28,3,77.7,0.00,0.00,0.00,0.0,18.5
2021-06-29,51,80.4,0.10,0.10,0.00,1.0,16.9
2021-06-30,51,82.2,0.20,0.20,0.00,1.0,16.6
2021-07-01,63,76.8,20.50,20.50,0.00,11.0,7.4
2021-07-02,63,72.1,17.60,17.60,0.00,22.0,12.9
2021-07-03,63,64.1,24.30,24.30,0.00,18.0,13.6
2021-07-04,51,68.0,2.40,2.40,0.00,11.0,8.6
2021-07-05,51,72.7,0.10,0.10,0.00,1.0,17.1
2021-07-06,53,78.0,1.40,1.40,0.00,3.0,15.7
2021-07-07,55,78.0,1.20,1.20,0.00,2.0,14.4
2021-07-08,63,75.5,9.90,9.90,0.00,9.0,10.1
2021-07-09,63,75.9,37.00,37.00,0.00,16.0,25.3
2021-07-10,53,73.6,3.20,3.20,0.00,11.0,9.9
2021-07-11,61,72.1,3.50,3.50,0.00,9.0,10.8
2021-07-12,61,76.1,5.90,5.90,0.00,10.0,11.4
2021-07-13,61,72.9,2.70,2.70,0.00,6.0,12.0
2021-07-14,53,75.9,1.10,1.10,0.00,2.0,9.6
2021-07-15,3,77.4,0.00,0.00,0.00,0.0,9.4
2021-07-16,3,79.7,0.00,0.00,0.00,0.0,13.2
2021-07-17,63,78.5,6.60,6.60,0.00,3.0,11.6
2021-07-18,65,77.1,15.20,15.20,0.00,15.0,12.4
2021-07-19,51,75.0,0.50,0.50,0.00,3.0,8.4
2021-07-20,1,77.2,0.00,0.00,0.00,0.0,11.2
2021-07-21,63,75.5,5.20,5.20,0.00,5.0,9.7
2021-07-22,3,72.7,0.00,0.00,0.00,0.0,11.3
2021-07-23,2,72.4,0.00,0.00,0.00,0.0,7.5
2021-07-24,3,72.6,0.00,0.00,0.00,0.0,11.2
2021-07-25,61,74.6,8.60,8.60,0.00,10.0,19.5
2021-07-26,3,78.4,0.00,0.00,0.00,0.0,9.8
2021-07-27,2,76.4,0.00,0.00,0.00,0.0,15.0
2021-07-28,51,73.9,0.40,0.40,0.00,3.0,9.6
2021-07-29,65,73.2,23.60,23.60,0.00,16.0,20.6
2021-07-30,1,74.6,0.00,0.00,0.00,0.0,16.9
2021-07-31,1,67.8,0.00,0.00,0.00,0.0,13.0
2021-08-01,61,70.6,2.30,2.30,0.00,6.0,12.7
2021-08-02,2,71.9,0.00,0.00,0.00,0.0,12.8
2021-08-03,3,69.4,0.00,0.00,0.00,0.0,6.1
2021-08-04,53,69.7,1.70,1.70,0.00,4.0,9.2
2021-08-05,51,70.9,0.10,0.10,0.00,1.0,9.8
2021-08-06,2,74.6,0.00,0.00,0.00,0.0,14.1
2021-08-07,3,75.5,0.00,0.00,0.00,0.0,18.1
2021-08-08,63,69.6,18.20,18.20,0.00,22.0,12.4
2021-08-09,51,73.2,2.00,2.00,0.00,12.0,12.8
2021-08-10,61,74.5,4.90,4.90,0.00,10.0,13.6
2021-08-11,51,78.1,1.20,1.20,0.00,7.0,15.9
2021-08-12,3,80.6,0.00,0.00,0.00,0.0,16.1
2021-08-13,3,82.7,0.00,0.00,0.00,0.0,14.2
2021-08-14,63,81.2,6.20,6.20,0.00,7.0,10.6
2021-08-15,3,74.5,0.00,0.00,0.00,0.0,11.0
2021-08-16,3,73.2,0.00,0.00,0.00,0.0,10.7
2021-08-17,53,75.2,2.00,2.00,0.00,4.0,13.0
2021-08-18,51,76.3,1.30,1.30,0.00,6.0,15.6
2021-08-19,63,80.5,5.30,5.30,0.00,9.0,18.8
2021-08-20,51,76.7,0.60,0.60,0.00,5.0,8.4
2021-08-21,51,76.1,0.50,0.50,0.00,3.0,9.9
2021-08-22,63,74.1,48.30,48.30,0.00,20.0,15.2
2021-08-23,65,76.2,29.70,29.70,0.00,20.0,19.8
2021-08-24,0,78.8,0.00,0.00,0.00,0.0,9.2
2021-08-25,3,78.1,0.00,0.00,0.00,0.0,6.5
2021-08-26,1,79.7,0.00,0.00,0.00,0.0,11.0
2021-08-27,51,81.4,0.50,0.50,0.00,2.0,6.3
2021-08-28,55,73.1,6.70,6.70,0.00,17.0,17.3
2021-08-29,51,71.7,0.60,0.60,0.00,5.0,9.3
2021-08-30,53,76.6,2.10,2.10,0.00,6.0,9.3
2021-08-31,3,77.1,0.00,0.00,0.00,0.0,6.7
2021-09-01,65,72.2,60.00,60.00,0.00,18.0,27.7
2021-09-02,65,67.3,24.20,24.20,0.00,5.0,25.7
2021-09-03,3,65.2,0.00,0.00,0.00,0.0,10.1
2021-09-04,3,67.3,0.00,0.00,0.00,0.0,11.7
2021-09-05,51,69.8,1.00,1.00,0.00,5.0,16.4
2021-09-06,51,73.4,0.80,0.80,0.00,6.0,13.2
2021-09-07,0,69.9,0.00,0.00,0.00,0.0,12.1
2021-09-08,51,73.6,0.50,0.50,0.00,3.0,21.5
2021-09-09,63,70.6,28.10,28.10,0.00,16.0,19.1
2021-09-10,3,67.7,0.00,0.00,0.00,0.0,15.8
2021-09-11,3,66.2,0.00,0.00,0.00,0.0,13.5
2021-09-12,3,73.8,0.00,0.00,0.00,0.0,13.3
2021-09-13,53,77.5,1.10,1.10,0.00,3.0,14.5
2021-09-14,51,71.8,0.30,0.30,0.00,1.0,11.0
2021-09-15,3,74.8,0.00,0.00,0.00,0.0,19.9
2021-09-16,53,71.7,3.40,3.40,0.00,13.0,13.6
2021-09-17,51,71.9,2.30,2.30,0.00,10.0,12.9
2021-09-18,51,73.1,0.40,0.40,0.00,4.0,7.7
2021-09-19,2,69.1,0.00,0.00,0.00,0.0,13.4
2021-09-20,51,67.4,0.30,0.30,0.00,3.0,10.8
2021-09-21,51,69.0,0.30,0.30,0.00,2.0,11.0
2021-09-22,53,73.3,2.20,2.20,0.00,10.0,18.0
2021-09-23,63,74.4,12.30,12.30,0.00,11.0,24.1
2021-09-24,63,65.9,22.70,22.70,0.00,9.0,10.3
2021-09-25,3,64.8,0.00,0.00,0.00,0.0,5.9
2021-09-26,3,65.3,0.00,0.00,0.00,0.0,15.3
2021-09-27,3,68.3,0.00,0.00,0.00,0.0,16.9
2021-09-28,63,68.3,18.30,18.30,0.00,8.0,12.0
2021-09-29,51,60.6,0.10,0.10,0.00,1.0,13.7
2021-09-30,51,59.8,0.10,0.10,0.00,1.0,10.5
2021-10-01,0,58.2,0.00,0.00,0.00,0.0,8.3
2021-10-02,3,62.6,0.00,0.00,0.00,0.0,11.9
2021-10-03,3,66.6,0.00,0.00,0.00,0.0,8.6
2021-10-04,63,68.2,14.50,14.50,0.00,14.0,11.5
2021-10-05,51,63.8,0.20,0.20,0.00,2.0,11.1
2021-10-06,3,64.7,0.00,0.00,0.00,0.0,5.7
2021-10-07,51,65.2,0.60,0.60,0.00,4.0,7.7
2021-10-08,3,65.8,0.00,0.00,0.00,0.0,9.4
2021-10-09,51,64.0,0.40,0.40,0.00,3.0,17.2
2021-10-10,63,64.3,5.00,5.00,0.00,8.0,16.4
2021-10-11,3,65.8,0.00,0.00,0.00,0.0,17.1
2021-10-12,3,63.9,0.00,0.00,0.00,0.0,8.4
2021-10-13,51,64.5,0.40,0.40,0.00,4.0,7.7
2021-10-14,3,67.3,0.00,0.00,0.00,0.0,10.9
2021-10-15,3,67.0,0.00,0.00,0.00,0.0,11.9
2021-10-16,63,68.4,9.50,9.50,0.00,6.0,22.8
2021-10-17,53,57.7,0.80,0.80,0.00,3.0,15.6
2021-10-18,1,54.0,0.00,0.00,0.00,0.0,21.5
2021-10-19,0,56.5,0.00,0.00,0.00,0.0,17.0
2021-10-20,3,64.5,0.00,0.00,0.00,0.0,13.2
2021-10-21,3,63.1,0.00,0.00,0.00,0.0,16.1
2021-10-22,3,64.3,0.00,0.00,0.00,0.0,13.0
2021-10-23,51,55.4,0.10,0.10,0.00,1.0,9.2
2021-10-24,51,54.4,0.20,0.20,0.00,1.0,9.4
2021-10-25,63,66.0,8.60,8.60,0.00,8.0,15.7
2021-10-26,65,61.9,75.90,75.90,0.00,19.0,27.4
2021-10-27,61,56.7,9.40,9.40,0.00,6.0,23.5
2021-10-28,3,53.2,0.00,0.00,0.00,0.0,11.3
2021-10-29,65,53.6,16.80,16.80,0.00,5.0,26.3
2021-10-30,61,61.1,7.50,7.50,0.00,15.0,28.8
2021-10-31,63,58.9,10.00,10.00,0.00,9.0,14.3
2021-11-01,3,54.1,0.00,0.00,0.00,0.0,14.4
2021-11-02,51,49.1,1.30,1.30,0.00,8.0,10.1
2021-11-03,3,45.1,0.00,0.00,0.00,0.0,10.4
2021-11-04,3,43.6,0.00,0.00,0.00,0.0,7.5
2021-11-05,0,43.2,0.00,0.00,0.00,0.0,10.1
2021-11-06,2,43.1,0.00,0.00,0.00,0.0,6.8
2021-11-07,3,44.5,0.00,0.00,0.00,0.0,6.4
2021-11-08,3,51.6,0.00,0.00,0.00,0.0,11.4
2021-11-09,3,53.0,0.00,0.00,0.00,0.0,6.8
2021-11-10,61,54.7,1.80,1.80,0.00,2.0,13.6
2021-11-11,51,51.2,0.20,0.20,0.00,2.0,18.6
2021-11-12,63,60.7,11.90,11.90,0.00,10.0,26.1
2021-11-13,63,49.5,6.10,6.10,0.00,3.0,23.4
2021-11-14,53,43.8,0.60,0.60,0.00,2.0,15.4
2021-11-15,53,43.4,1.10,1.10,0.00,6.0,20.8
2021-11-16,3,42.1,0.00,0.00,0.00,0.0,15.8
2021-11-17,3,46.7,0.00,0.00,0.00,0.0,14.0
2021-11-18,51,58.3,0.10,0.10,0.00,1.0,16.5
2021-11-19,63,44.9,6.00,6.00,0.00,4.0,19.2
2021-11-20,3,40.4,0.00,0.00,0.00,0.0,9.2
2021-11-21,53,48.8,1.10,1.10,0.00,4.0,14.7
2021-11-22,51,48.6,1.80,1.80,0.00,9.0,15.0
2021-11-23,2,36.4,0.00,0.00,0.00,0.0,17.6
2021-11-24,3,36.2,0.00,0.00,0.00,0.0,14.7
2021-11-25,3,43.7,0.00,0.00,0.00,0.0,8.6
2021-11-26,55,43.5,8.30,8.30,0.00,11.0,19.5
2021-11-27,3,36.2,0.00,0.00,0.00,0.0,20.9
2021-11-28,73,36.4,0.00,1.30,0.91,5.0,7.6
2021-11-29,3,38.3,0.00,0.00,0.00,0.0,13.9
2021-11-30,51,35.8,0.10,0.10,0.00,1.0,12.3
2021-12-01,51,41.0,0.30,0.30,0.00,2.0,11.2
2021-12-02,53,52.6,2.40,2.40,0.00,8.0,20.1
2021-12-03,51,42.7,0.10,0.10,0.00,1.0,18.2
2021-12-04,3,40.9,0.00,0.00,0.00,0.0,9.9
2021-12-05,3,40.7,0.00,0.00,0.00,0.0,12.4
2021-12-06,61,55.3,3.40,3.40,0.00,8.0,25.7
2021-12-07,3,39.3,0.00,0.00,0.00,0.0,21.3
2021-12-08,53,37.6,1.30,1.30,0.00,6.0,9.6
2021-12-09,3,34.3,0.00,0.00,0.00,0.0,13.8
2021-12-10,71,42.7,0.00,0.10,0.07,1.0,9.5
2021-12-11,63,55.3,9.40,9.40,0.00,10.0,23.4
2021-12-12,61,45.0,2.00,2.00,0.00,2.0,25.3
2021-12-13,3,42.9,0.00,0.00,0.00,0.0,13.7
2021-12-14,3,43.3,0.00,0.00,0.00,0.0,13.0
2021-12-15,61,44.8,5.00,5.00,0.00,7.0,15.0
2021-12-16,51,54.8,0.10,0.10,0.00,1.0,16.2
2021-12-17,3,53.7,0.00,0.00,0.00,0.0,16.4
2021-12-18,61,44.0,4.50,4.50,0.00,13.0,8.8
2021-12-19,51,39.9,0.50,0.50,0.00,4.0,18.1
2021-12-20,2,30.1,0.00,0.00,0.00,0.0,11.5
2021-12-21,51,35.9,0.40,0.40,0.00,2.0,10.8
2021-12-22,61,40.6,6.20,6.20,0.00,8.0,18.9
2021-12-23,3,32.0,0.00,0.00,0.00,0.0,14.6
2021-12-24,71,35.5,0.30,0.90,0.42,7.0,8.0
2021-12-25,53,45.2,4.00,4.00,0.00,13.0,9.7
2021-12-26,51,44.3,0.30,0.30,0.00,3.0,15.3
2021-12-27,73,35.2,0.90,2.70,1.26,6.0,11.4
2021-12-28,53,43.3,0.90,0.90,0.00,3.0,9.5
2021-12-29,63,43.2,10.90,10.90,0.00,10.0,9.2
2021-12-30,55,44.9,2.80,2.80,0.00,8.0,6.6
2021-12-31,53,47.9,0.90,0.90,0.00,2.0,10.1
2022-01-01,63,50.6,14.40,14.40,0.00,19.0,9.2
2022-01-02,65,50.4,21.80,21.80,0.00,6.0,16.4
2022-01-03,73,30.1,0.10,2.50,1.68,9.0,17.4
2022-01-04,3,26.5,0.00,0.00,0.00,0.0,12.8
2022-01-05,61,38.3,4.40,4.40,0.00,5.0,15.0
2022-01-06,3,36.2,0.00,0.00,0.00,0.0,15.0
2022-01-07,75,29.5,0.00,11.80,8.33,10.0,16.8
2022-01-08,1,22.1,0.00,0.00,0.00,0.0,15.9
2022-01-09,53,35.2,4.70,4.70,0.00,12.0,16.8
2022-01-10,3,30.1,0.00,0.00,0.00,0.0,18.4
2022-01-11,2,19.6,0.00,0.00,0.00,0.0,19.6
2022-01-12,3,30.3,0.00,0.00,0.00,0.0,16.4
2022-01-13,3,35.1,0.00,0.00,0.00,0.0,6.7
2022-01-14,3,35.7,0.00,0.00,0.00,0.0,24.1
2022-01-15,3,17.1,0.00,0.00,0.00,0.0,20.1
2022-01-16,73,23.3,3.60,3.90,0.21,4.0,22.4
2022-01-17,71,40.4,31.60,31.80,0.14,12.0,29.5
2022-01-18,3,30.9,0.00,0.00,0.00,0.0,21.5
2022-01-19,3,38.0,0.00,0.00,0.00,0.0,16.7
2022-01-20,73,35.0,5.10,7.10,1.40,11.0,14.3
2022-01-21,3,18.3,0.00,0.00,0.00,0.0,16.2
2022-01-22,3,21.7,0.00,0.00,0.00,0.0,12.2
2022-01-23,71,29.3,0.00,0.40,0.28,3.0,9.7
2022-01-24,71,30.1,0.00,0.20,0.14,2.0,12.3
2022-01-25,3,36.4,0.00,0.00,0.00,0.0,12.8
2022-01-26,0,23.2,0.00,0.00,0.00,0.0,13.7
2022-01-27,3,24.2,0.00,0.00,0.00,0.0,13.7
2022-01-28,73,30.7,0.00,2.50,1.82,13.0,12.4
2022-01-29,75,17.2,0.00,23.40,16.38,21.0,23.4
2022-01-30,3,13.9,0.00,0.00,0.00,0.0,16.6
2022-01-31,3,14.5,0.00,0.00,0.00,0.0,7.8
2022-02-01,3,22.7,0.00,0.00,0.00,0.0,8.2
2022-02-02,3,33.7,0.00,0.00,0.00,0.0,8.1
2022-02-03,53,41.5,9.80,9.80,0.00,17.0,16.6
2022-02-04,71,40.3,18.10,18.20,0.07,24.0,20.7
2022-02-05,73,25.2,0.00,1.10,0.77,5.0,18.5
2022-02-06,3,23.5,0.00,0.00,0.00,0.0,9.6
2022-02-07,71,33.9,8.20,8.40,0.14,18.0,10.5
2022-02-08,61,37.5,7.10,7.10,0.00,5.0,16.1
2022-02-09,0,33.3,0.00,0.00,0.00,0.0,12.3
2022-02-10,3,41.7,0.00,0.00,0.00,0.0,19.9
2022-02-11,3,41.3,0.00,0.00,0.00,0.0,20.9
2022-02-12,3,50.6,0.00,0.00,0.00,0.0,20.4
2022-02-13,73,32.7,0.10,7.80,5.39,19.0,11.7
2022-02-14,3,18.7,0.00,0.00,0.00,0.0,16.6
2022-02-15,3,19.5,0.00,0.00,0.00,0.0,8.9
2022-02-16,3,35.8,0.00,0.00,0.00,0.0,15.8
2022-02-17,53,50.4,0.80,0.80,0.00,1.0,25.1
2022-02-18,63,44.4,15.30,15.30,0.00,9.0,28.5
2022-02-19,71,30.0,0.00,0.20,0.14,2.0,25.3
2022-02-20,3,27.0,0.00,0.00,0.00,0.0,18.7
2022-02-21,3,37.8,0.00,0.00,0.00,0.0,13.7
2022-02-22,63,45.8,7.30,7.30,0.00,12.0,31.6
2022-02-23,51,56.4,0.40,0.40,0.00,3.0,20.9
2022-02-24,51,32.0,0.10,0.10,0.00,1.0,15.2
2022-02-25,71,35.7,21.20,21.50,0.21,13.0,21.6
2022-02-26,3,28.8,0.00,0.00,0.00,0.0,17.3
2022-02-27,3,35.7,0.00,0.00,0.00,0.0,20.9
2022-02-28,3,30.1,0.00,0.00,0.00,0.0,16.5
2022-03-01,51,37.4,0.10,0.10,0.00,1.0,14.8
2022-03-02,51,42.2,0.10,0.10,0.00,1.0,11.6
2022-03-03,61,38.6,3.80,3.80,0.00,6.0,16.5
2022-03-04,3,27.2,0.00,0.00,0.00,0.0,13.6
2022-03-05,3,34.3,0.00,0.00,0.00,0.0,12.3
2022-03-06,53,54.2,2.60,2.60,0.00,5.0,19.8
2022-03-07,63,59.7,2.90,2.90,0.00,2.0,29.1
2022-03-08,51,42.3,0.30,0.30,0.00,1.0,22.8
2022-03-09,73,36.3,9.30,14.30,3.50,15.0,14.6
2022-03-10,3,37.2,0.00,0.00,0.00,0.0,8.5
2022-03-11,3,40.2,0.00,0.00,0.00,0.0,11.9
2022-03-12,75,36.0,16.60,21.10,3.15,12.0,25.3
2022-03-13,71,28.4,0.00,0.20,0.14,2.0,24.7
2022-03-14,3,40.5,0.00,0.00,0.00,0.0,14.5
2022-03-15,3,47.2,0.00,0.00,0.00,0.0,14.8
2022-03-16,3,48.6,0.00,0.00,0.00,0.0,11.9
2022-03-17,61,49.2,7.10,7.10,0.00,8.0,13.0
2022-03-18,3,51.4,0.00,0.00,0.00,0.0,13.1
2022-03-19,51,52.0,0.60,0.60,0.00,2.0,17.7
2022-03-20,3,52.7,0.00,0.00,0.00,0.0,19.0
2022-03-21,3,49.9,0.00,0.00,0.00,0.0,20.3
2022-03-22,3,47.7,0.00,0.00,0.00,0.0,15.6
2022-03-23,51,40.6,0.50,0.50,0.00,2.0,15.6
2022-03-24,63,46.2,25.40,25.40,0.00,18.0,21.1
2022-03-25,63,49.7,8.00,8.00,0.00,4.0,17.7
2022-03-26,71,46.7,2.60,2.70,0.07,4.0,13.9
2022-03-27,51,39.7,0.20,0.20,0.00,2.0,17.9
2022-03-28,3,27.8,0.00,0.00,0.00,0.0,20.3
2022-03-29,3,30.6,0.00,0.00,0.00,0.0,19.8
2022-03-30,3,35.0,0.00,0.00,0.00,0.0,12.5
2022-03-31,63,53.7,7.40,7.40,0.00,6.0,28.6
2022-04-01,63,52.2,6.50,6.50,0.00,9.0,21.8
2022-04-02,3,42.5,0.00,0.00,0.00,0.0,19.1
2022-04-03,61,43.2,2.90,2.90,0.00,5.0,15.2
2022-04-04,3,45.5,0.00,0.00,0.00,0.0,14.7
2022-04-05,53,44.0,1.50,1.50,0.00,3.0,9.8
2022-04-06,61,49.3,19.00,19.00,0.00,14.0,21.8
2022-04-07,63,48.0,28.20,28.20,0.00,15.0,26.8
2022-04-08,65,52.9,25.90,25.90,0.00,4.0,15.2
2022-04-09,61,49.3,4.60,4.60,0.00,10.0,15.5
2022-04-10,3,45.4,0.00,0.00,0.00,0.0,19.8
2022-04-11,3,44.7,0.00,0.00,0.00,0.0,15.2
2022-04-12,53,54.9,2.00,2.00,0.00,4.0,12.4
2022-04-13,3,54.6,0.00,0.00,0.00,0.0,11.2
2022-04-14,51,64.9,0.50,0.50,0.00,2.0,14.3
2022-04-15,53,55.0,1.00,1.00,0.00,2.0,22.8
2022-04-16,63,55.4,4.80,4.80,0.00,3.0,23.5
2022-04-17,51,45.5,0.80,0.80,0.00,5.0,20.6
2022-04-18,63,43.0,7.20,7.20,0.00,5.0,20.5
2022-04-19,65,47.6,29.30,29.30,0.00,10.0,29.3
2022-04-20,3,47.1,0.00,0.00,0.00,0.0,18.1
2022-04-21,51,47.9,0.30,0.30,0.00,1.0,19.8
2022-04-22,3,56.3,0.00,0.00,0.00,0.0,15.1
2022-04-23,3,50.3,0.00,0.00,0.00,0.0,8.6
2022-04-24,3,50.5,0.00,0.00,0.00,0.0,16.9
2022-04-25,3,50.2,0.00,0.00,0.00,0.0,13.9
2022-04-26,53,55.3,2.60,2.60,0.00,10.0,8.9
2022-04-27,53,50.6,0.80,0.80,0.00,2.0,20.4
2022-04-28,3,45.7,0.00,0.00,0.00,0.0,22.2
2022-04-29,0,48.8,0.00,0.00,0.00,0.0,17.9
2022-04-30,3,51.5,0.00,0.00,0.00,0.0,12.1
2022-05-01,51,51.7,0.20,0.20,0.00,1.0,11.1
2022-05-02,53,53.4,2.20,2.20,0.00,10.0,12.7
2022-05-03,3,52.2,0.00,0.00,0.00,0.0,14.7
2022-05-04,63,56.7,5.40,5.40,0.00,8.0,12.1
2022-05-05,3,59.6,0.00,0.00,0.00,0.0,11.2
2022-05-06,63,53.8,20.60,20.60,0.00,17.0,10.3
2022-05-07,61,48.0,24.40,24.40,0.00,23.0,19.8
2022-05-08,51,49.0,1.70,1.70,0.00,8.0,19.5
2022-05-09,3,53.7,0.00,0.00,0.00,0.0,17.6
2022-05-10,3,56.8,0.00,0.00,0.00,0.0,17.4
2022-05-11,3,58.3,0.00,0.00,0.00,0.0,15.6
2022-05-12,3,59.7,0.00,0.00,0.00,0.0,8.9
2022-05-13,51,60.9,1.10,1.10,0.00,8.0,11.0
2022-05-14,61,60.4,7.60,7.60,0.00,12.0,9.1
2022-05-15,61,60.9,1.90,1.90,0.00,3.0,13.0
2022-05-16,63,63.3,7.30,7.30,0.00,5.0,16.4
2022-05-17,51,64.3,0.30,0.30,0.00,2.0,21.7
2022-05-18,3,59.4,0.00,0.00,0.00,0.0,14.4
2022-05-19,63,58.7,16.70,16.70,0.00,13.0,10.6
2022-05-20,63,60.4,4.80,4.80,0.00,4.0,12.8
2022-05-21,3,69.7,0.00,0.00,0.00,0.0,15.2
2022-05-22,3,74.4,0.00,0.00,0.00,0.0,14.1
2022-05-23,3,66.7,0.00,0.00,0.00,0.0,14.5
2022-05-24,3,59.9,0.00,0.00,0.00,0.0,14.3
2022-05-25,3,57.1,0.00,0.00,0.00,0.0,12.0
2022-05-26,3,59.2,0.00,0.00,0.00,0.0,15.0
2022-05-27,65,64.0,14.50,14.50,0.00,9.0,18.0
2022-05-28,63,67.8,15.20,15.20,0.00,16.0,12.5
2022-05-29,3,65.3,0.00,0.00,0.00,0.0,10.0
2022-05-30,3,69.2,0.00,0.00,0.00,0.0,15.2
2022-05-31,3,77.8,0.00,0.00,0.00,0.0,14.4
2022-06-01,63,63.6,10.00,10.00,0.00,4.0,13.7
2022-06-02,63,67.7,7.80,7.80,0.00,7.0,10.9
2022-06-03,53,66.8,1.40,1.40,0.00,5.0,9.8
2022-06-04,2,66.4,0.00,0.00,0.00,0.0,11.5
2022-06-05,3,64.6,0.00,0.00,0.00,0.0,11.7
2022-06-06,3,66.8,0.00,0.00,0.00,0.0,14.1
2022-06-07,53,67.5,1.50,1.50,0.00,4.0,20.4
2022-06-08,51,72.0,0.90,0.90,0.00,5.0,18.5
2022-06-09,61,73.2,6.10,6.10,0.00,7.0,20.8
2022-06-10,3,68.5,0.00,0.00,0.00,0.0,12.3
2022-06-11,53,68.6,0.80,0.80,0.00,2.0,9.9
2022-06-12,61,66.5,8.40,8.40,0.00,6.0,18.7
2022-06-13,63,72.8,8.90,8.90,0.00,7.0,9.9
2022-06-14,3,70.9,0.00,0.00,0.00,0.0,12.9
2022-06-15,3,70.0,0.00,0.00,0.00,0.0,16.5
2022-06-16,63,68.0,6.60,6.60,0.00,4.0,19.8
2022-06-17,51,78.1,0.20,0.20,0.00,1.0,20.5
2022-06-18,3,67.5,0.00,0.00,0.00,0.0,20.2
2022-06-19,3,64.3,0.00,0.00,0.00,0.0,20.5
2022-06-20,3,68.0,0.00,0.00,0.00,0.0,11.8
2022-06-21,53,68.9,0.70,0.70,0.00,2.0,9.5
2022-06-22,53,65.0,5.30,5.30,0.00,10.0,15.0
2022-06-23,51,66.7,0.20,0.20,0.00,1.0,10.9
2022-06-24,3,68.1,0.00,0.00,0.00,0.0,12.6
2022-06-25,2,74.8,0.00,0.00,0.00,0.0,13.5
2022-06-26,3,74.9,0.00,0.00,0.00,0.0,19.5
2022-06-27,63,73.7,10.70,10.70,0.00,10.0,15.4
2022-06-28,3,70.9,0.00,0.00,0.00,0.0,13.0
2022-06-29,3,72.4,0.00,0.00,0.00,0.0,19.5
2022-06-30,3,75.2,0.00,0.00,0.00,0.0,13.0
2022-07-01,51,77.1,0.10,0.10,0.00,1.0,23.0
2022-07-02,63,77.2,10.80,10.80,0.00,10.0,13.3
2022-07-03,61,76.4,1.90,1.90,0.00,1.0,12.9
2022-07-04,3,74.1,0.00,0.00,0.00,0.0,14.5
2022-07-05,55,74.3,1.50,1.50,0.00,3.0,20.6
2022-07-06,51,80.8,0.20,0.20,0.00,1.0,12.7
2022-07-07,3,74.8,0.00,0.00,0.00,0.0,13.9
2022-07-08,51,72.6,0.20,0.20,0.00,2.0,11.2
2022-07-09,3,74.8,0.00,0.00,0.00,0.0,14.6
2022-07-10,3,72.0,0.00,0.00,0.00,0.0,14.8
2022-07-11,0,72.5,0.00,0.00,0.00,0.0,20.4
2022-07-12,51,76.7,0.30,0.30,0.00,2.0,22.7
2022-07-13,3,79.8,0.00,0.00,0.00,0.0,16.1
2022-07-14,51,78.5,0.70,0.70,0.00,2.0,11.8
2022-07-15,51,75.5,0.40,0.40,0.00,1.0,11.6
2022-07-16,61,73.6,9.50,9.50,0.00,14.0,11.8
2022-07-17,63,74.7,9.40,9.40,0.00,7.0,11.0
2022-07-18,55,76.8,3.80,3.80,0.00,8.0,19.9
2022-07-19,3,80.1,0.00,0.00,0.00,0.0,16.1
2022-07-20,1,81.9,0.00,0.00,0.00,0.0,17.2
2022-07-21,61,82.9,1.60,1.60,0.00,2.0,13.8
2022-07-22,1,82.1,0.00,0.00,0.00,0.0,15.6
2022-07-23,3,83.2,0.00,0.00,0.00,0.0,14.4
2022-07-24,3,84.1,0.00,0.00,0.00,0.0,17.9
2022-07-25,63,81.8,13.40,13.40,0.00,5.0,14.8
2022-07-26,51,76.1,0.30,0.30,0.00,1.0,14.1
2022-07-27,3,75.5,0.00,0.00,0.00,0.0,15.9
2022-07-28,63,79.1,5.50,5.50,0.00,2.0,15.3
2022-07-29,51,79.3,0.20,0.20,0.00,1.0,11.6
2022-07-30,53,79.9,1.40,1.40,0.00,4.0,14.3
2022-07-31,3,75.8,0.00,0.00,0.00,0.0,11.3
2022-08-01,63,73.3,12.40,12.40,0.00,13.0,13.1
2022-08-02,51,77.8,0.10,0.10,0.00,1.0,13.0
2022-08-03,3,78.2,0.00,0.00,0.00,0.0,13.2
2022-08-04,3,79.9,0.00,0.00,0.00,0.0,16.5
2022-08-05,3,80.7,0.00,0.00,0.00,0.0,13.9
2022-08-06,3,80.1,0.00,0.00,0.00,0.0,16.6
2022-08-07,65,80.8,13.40,13.40,0.00,5.0,18.2
2022-08-08,55,81.6,1.90,1.90,0.00,2.0,20.6
2022-08-09,61,84.7,1.60,1.60,0.00,2.0,12.5
2022-08-10,53,79.0,0.90,0.90,0.00,2.0,14.3
2022-08-11,61,77.7,2.40,2.40,0.00,3.0,12.3
2022-08-12,3,77.0,0.00,0.00,0.00,0.0,13.4
2022-08-13,3,72.3,0.00,0.00,0.00,0.0,9.9
2022-08-14,3,71.8,0.00,0.00,0.00,0.0,16.6
2022-08-15,51,72.7,0.10,0.10,0.00,1.0,10.8
2022-08-16,53,72.5,0.80,0.80,0.00,2.0,13.3
2022-08-17,61,71.9,2.20,2.20,0.00,1.0,7.8
2022-08-18,1,73.7,0.00,0.00,0.00,0.0,18.6
2022-08-19,3,76.1,0.00,0.00,0.00,0.0,15.3
2022-08-20,3,77.7,0.00,0.00,0.00,0.0,12.6
2022-08-21,51,75.0,0.30,0.30,0.00,3.0,13.0
2022-08-22,63,73.5,14.50,14.50,0.00,15.0,11.3
2022-08-23,63,74.7,3.60,3.60,0.00,2.0,10.1
2022-08-24,2,76.4,0.00,0.00,0.00,0.0,12.4
2022-08-25,3,77.2,0.00,0.00,0.00,0.0,13.0
2022-08-26,61,77.4,3.40,3.40,0.00,3.0,15.2
2022-08-27,51,77.1,0.30,0.30,0.00,3.0,9.4
2022-08-28,51,75.1,0.20,0.20,0.00,1.0,13.1
2022-08-29,51,76.5,0.40,0.40,0.00,3.0,15.4
2022-08-30,61,77.4,2.20,2.20,0.00,2.0,18.0
2022-08-31,55,76.6,1.20,1.20,0.00,3.0,13.6
2022-09-01,2,76.4,0.00,0.00,0.00,0.0,12.0
2022-09-02,2,69.0,0.00,0.00,0.00,0.0,10.8
2022-09-03,3,71.1,0.00,0.00,0.00,0.0,11.2
2022-09-04,55,75.6,1.40,1.40,0.00,3.0,11.7
2022-09-05,63,75.0,6.50,6.50,0.00,8.0,14.8
2022-09-06,63,70.9,37.90,37.90,0.00,21.0,14.7
2022-09-07,51,69.3,1.00,1.00,0.00,8.0,13.3
2022-09-08,3,69.4,0.00,0.00,0.00,0.0,11.4
2022-09-09,0,68.3,0.00,0.00,0.00,0.0,7.8
2022-09-10,3,70.6,0.00,0.00,0.00,0.0,9.7
2022-09-11,63,70.7,11.70,11.70,0.00,10.0,9.8
2022-09-12,63,74.2,8.90,8.90,0.00,7.0,10.5
2022-09-13,63,72.9,22.30,22.30,0.00,18.0,13.1
2022-09-14,1,70.1,0.00,0.00,0.00,0.0,13.8
2022-09-15,2,66.8,0.00,0.00,0.00,0.0,13.1
2022-09-16,3,64.1,0.00,0.00,0.00,0.0,7.6
2022-09-17,3,67.1,0.00,0.00,0.00,0.0,10.9
2022-09-18,3,72.6,0.00,0.00,0.00,0.0,13.0
2022-09-19,61,73.5,1.70,1.70,0.00,2.0,14.5
2022-09-20,3,71.7,0.00,0.00,0.00,0.0,12.2
2022-09-21,3,69.0,0.00,0.00,0.00,0.0,13.2
2022-09-22,63,68.3,7.20,7.20,0.00,7.0,16.9
2022-09-23,0,56.4,0.00,0.00,0.00,0.0,21.1
2022-09-24,3,58.1,0.00,0.00,0.00,0.0,15.3
2022-09-25,55,64.0,2.00,2.00,0.00,4.0,17.8
2022-09-26,51,66.0,0.10,0.10,0.00,1.0,15.6
2022-09-27,3,64.1,0.00,0.00,0.00,0.0,13.5
2022-09-28,3,61.3,0.00,0.00,0.00,0.0,11.9
2022-09-29,3,60.3,0.00,0.00,0.00,0.0,13.2
2022-09-30,51,58.1,0.30,0.30,0.00,1.0,11.6
2022-10-01,63,58.9,19.30,19.30,0.00,14.0,19.8
2022-10-02,63,56.0,19.10,19.10,0.00,13.0,19.6
2022-10-03,63,51.1,20.50,20.50,0.00,21.0,17.6
2022-10-04,65,52.5,95.70,95.70,0.00,23.0,21.4
2022-10-05,65,58.1,37.60,37.60,0.00,9.0,18.8
2022-10-06,51,61.1,0.10,0.10,0.00,1.0,8.8
2022-10-07,3,63.9,0.00,0.00,0.00,0.0,11.0
2022-10-08,53,53.7,0.70,0.70,0.00,2.0,12.6
2022-10-09,2,52.1,0.00,0.00,0.00,0.0,13.4
2022-10-10,3,56.0,0.00,0.00,0.00,0.0,8.9
2022-10-11,0,57.7,0.00,0.00,0.00,0.0,11.1
2022-10-12,3,58.6,0.00,0.00,0.00,0.0,14.8
2022-10-13,61,65.0,7.10,7.10,0.00,6.0,16.7
2022-10-14,65,58.8,15.60,15.60,0.00,6.0,16.3
2022-10-15,0,57.0,0.00,0.00,0.00,0.0,15.9
2022-10-16,3,56.4,0.00,0.00,0.00,0.0,8.7
2022-10-17,61,59.0,5.80,5.80,0.00,13.0,13.3
2022-10-18,53,51.8,1.30,1.30,0.00,4.0,11.2
2022-10-19,3,48.3,0.00,0.00,0.00,0.0,17.1
2022-10-20,1,51.2,0.00,0.00,0.00,0.0,15.9
2022-10-21,0,52.8,0.00,0.00,0.00,0.0,9.5
2022-10-22,3,53.6,0.00,0.00,0.00,0.0,6.3
2022-10-23,63,55.9,26.20,26.20,0.00,12.0,13.3
2022-10-24,65,59.2,31.60,31.60,0.00,20.0,12.3
2022-10-25,65,64.7,18.00,18.00,0.00,10.0,9.5
2022-10-26,51,65.3,0.30,0.30,0.00,3.0,11.9
2022-10-27,0,58.4,0.00,0.00,0.00,0.0,15.6
2022-10-28,3,49.3,0.00,0.00,0.00,0.0,11.4
2022-10-29,1,48.2,0.00,0.00,0.00,0.0,8.1
2022-10-30,3,49.8,0.00,0.00,0.00,0.0,7.3
2022-10-31,63,57.7,4.70,4.70,0.00,6.0,7.3
2022-11-01,63,61.1,14.30,14.30,0.00,10.0,10.3
2022-11-02,0,59.3,0.00,0.00,0.00,0.0,10.4
2022-11-03,1,53.6,0.00,0.00,0.00,0.0,6.7
2022-11-04,3,57.2,0.00,0.00,0.00,0.0,9.9
2022-11-05,3,64.8,0.00,0.00,0.00,0.0,16.1
2022-11-06,3,66.7,0.00,0.00,0.00,0.0,16.6
2022-11-07,53,67.6,1.00,1.00,0.00,4.0,17.3
2022-11-08,2,50.9,0.00,0.00,0.00,0.0,14.2
2022-11-09,3,45.4,0.00,0.00,0.00,0.0,11.8
2022-11-10,3,53.4,0.00,0.00,0.00,0.0,8.3
2022-11-11,63,62.1,10.80,10.80,0.00,14.0,26.6
2022-11-12,55,65.7,2.50,2.50,0.00,7.0,26.3
2022-11-13,61,51.4,3.60,3.60,0.00,7.0,17.7
2022-11-14,1,40.9,0.00,0.00,0.00,0.0,14.3
2022-11-15,61,40.8,6.70,6.70,0.00,6.0,17.0
2022-11-16,63,46.6,13.40,13.40,0.00,8.0,17.2
2022-11-17,3,40.8,0.00,0.00,0.00,0.0,20.0
2022-11-18,71,38.8,0.00,0.20,0.14,1.0,20.0
2022-11-19,3,35.8,0.00,0.00,0.00,0.0,14.5
2022-11-20,51,34.4,0.10,0.10,0.00,1.0,22.7
2022-11-21,3,33.7,0.00,0.00,0.00,0.0,16.9
2022-11-22,1,41.7,0.00,0.00,0.00,0.0,15.2
2022-11-23,0,43.3,0.00,0.00,0.00,0.0,9.0
2022-11-24,3,43.1,0.00,0.00,0.00,0.0,9.5
2022-11-25,55,47.6,2.50,2.50,0.00,6.0,15.9
2022-11-26,3,45.8,0.00,0.00,0.00,0.0,15.2
2022-11-27,63,50.3,15.70,15.70,0.00,9.0,25.5
2022-11-28,3,50.0,0.00,0.00,0.00,0.0,18.7
2022-11-29,3,38.1,0.00,0.00,0.00,0.0,8.9
2022-11-30,63,49.4,11.20,11.20,0.00,9.0,29.4
2022-12-01,3,38.4,0.00,0.00,0.00,0.0,19.0
2022-12-02,3,36.0,0.00,0.00,0.00,0.0,8.6
2022-12-03,63,52.1,12.40,12.40,0.00,10.0,22.9
2022-12-04,3,39.5,0.00,0.00,0.00,0.0,15.8
2022-12-05,3,36.5,0.00,0.00,0.00,0.0,7.1
2022-12-06,63,50.3,10.00,10.00,0.00,11.0,16.5
2022-12-07,65,55.2,19.40,19.40,0.00,12.0,16.2
2022-12-08,3,48.7,0.00,0.00,0.00,0.0,12.7
2022-12-09,2,38.1,0.00,0.00,0.00,0.0,12.1
2022-12-10,3,35.3,0.00,0.00,0.00,0.0,11.9
2022-12-11,71,38.2,10.20,10.30,0.07,11.0,14.6
2022-12-12,73,33.8,0.10,2.00,1.33,6.0,14.5
2022-12-13,0,30.2,0.00,0.00,0.00,0.0,11.6
2022-12-14,3,32.8,0.00,0.00,0.00,0.0,14.9
2022-12-15,73,37.4,17.30,17.70,0.28,10.0,21.7
2022-12-16,63,42.5,11.20,11.20,0.00,21.0,24.9
2022-12-17,51,39.5,0.20,0.20,0.00,2.0,16.1
2022-12-18,3,34.1,0.00,0.00,0.00,0.0,14.8
2022-12-19,0,32.8,0.00,0.00,0.00,0.0,16.1
2022-12-20,3,32.5,0.00,0.00,0.00,0.0,12.5
2022-12-21,3,30.8,0.00,0.00,0.00,0.0,6.1
2022-12-22,55,38.5,7.10,7.10,0.00,11.0,19.2
2022-12-23,73,39.1,13.20,13.70,0.35,13.0,32.4
2022-12-24,3,13.1,0.00,0.00,0.00,0.0,24.6
2022-12-25,1,21.3,0.00,0.00,0.00,0.0,18.2
2022-12-26,3,24.0,0.00,0.00,0.00,0.0,14.8
2022-12-27,3,30.0,0.00,0.00,0.00,0.0,10.1
2022-12-28,3,35.2,0.00,0.00,0.00,0.0,11.0
2022-12-29,3,38.4,0.00,0.00,0.00,0.0,8.8
2022-12-30,3,42.5,0.00,0.00,0.00,0.0,8.7
2022-12-31,61,48.7,7.90,7.90,0.00,13.0,9.4
2023-01-01,55,48.8,2.40,2.40,0.00,3.0,12.0
2023-01-02,51,45.7,0.40,0.40,0.00,2.0,6.1
2023-01-03,63,49.9,7.80,7.80,0.00,8.0,12.2
2023-01-04,55,54.6,2.60,2.60,0.00,4.0,13.4
2023-01-05,51,50.6,0.30,0.30,0.00,2.0,8.9
2023-01-06,61,43.5,6.00,6.00,0.00,14.0,12.4
2023-01-07,3,39.0,0.00,0.00,0.00,0.0,13.1
2023-01-08,3,34.9,0.00,0.00,0.00,0.0,8.6
2023-01-09,53,38.6,1.50,1.50,0.00,6.0,12.4
2023-01-10,3,36.9,0.00,0.00,0.00,0.0,9.6
2023-01-11,3,34.4,0.00,0.00,0.00,0.0,9.5
2023-01-12,65,43.9,34.80,34.80,0.00,13.0,18.8
2023-01-13,63,49.0,5.50,5.50,0.00,10.0,24.5
2023-01-14,3,33.5,0.00,0.00,0.00,0.0,19.7
2023-01-15,3,32.4,0.00,0.00,0.00,0.0,22.9
2023-01-16,3,33.8,0.00,0.00,0.00,0.0,17.3
2023-01-17,51,36.6,0.40,0.40,0.00,1.0,7.6
2023-01-18,53,44.3,0.60,0.60,0.00,2.0,17.6
2023-01-19,63,40.2,18.50,18.50,0.00,15.0,14.2
2023-01-20,61,42.5,2.00,2.00,0.00,4.0,20.5
2023-01-21,51,37.1,0.30,0.30,0.00,2.0,14.1
2023-01-22,61,35.6,6.20,6.20,0.00,5.0,13.8
2023-01-23,71,37.3,15.60,15.90,0.21,20.0,16.7
2023-01-24,3,36.8,0.00,0.00,0.00,0.0,18.7
2023-01-25,63,37.4,12.90,12.90,0.00,10.0,28.3
2023-01-26,63,46.0,12.60,12.60,0.00,8.0,28.2
2023-01-27,3,36.8,0.00,0.00,0.00,0.0,12.3
2023-01-28,3,41.3,0.00,0.00,0.00,0.0,15.6
2023-01-29,3,43.0,0.00,0.00,0.00,0.0,14.2
2023-01-30,3,43.0,0.00,0.00,0.00,0.0,9.3
2023-01-31,73,38.3,1.20,1.90,0.49,5.0,12.0
2023-02-01,73,31.3,0.00,1.10,0.77,6.0,9.5
2023-02-02,3,31.7,0.00,0.00,0.00,0.0,13.1
2023-02-03,3,24.5,0.00,0.00,0.00,0.0,26.6
2023-02-04,3,14.8,0.00,0.00,0.00,0.0,27.0
2023-02-05,3,35.5,0.00,0.00,0.00,0.0,14.1
2023-02-06,3,39.9,0.00,0.00,0.00,0.0,19.4
2023-02-07,75,33.5,2.00,3.50,1.05,2.0,15.0
2023-02-08,73,41.2,1.20,1.60,0.28,1.0,14.9
2023-02-09,3,41.9,0.00,0.00,0.00,0.0,17.5
2023-02-10,3,52.7,0.00,0.00,0.00,0.0,19.1
2023-02-11,3,39.0,0.00,0.00,0.00,0.0,17.1
2023-02-12,73,38.1,0.20,0.60,0.28,1.0,10.6
2023-02-13,53,43.9,0.80,0.80,0.00,3.0,16.2
2023-02-14,3,43.6,0.00,0.00,0.00,0.0,15.9
2023-02-15,3,49.6,0.00,0.00,0.00,0.0,18.8
2023-02-16,61,53.7,2.60,2.60,0.00,4.0,12.4
2023-02-17,63,50.0,15.10,15.10,0.00,11.0,26.1
2023-02-18,3,33.5,0.00,0.00,0.00,0.0,18.8
2023-02-19,53,40.3,0.50,0.50,0.00,1.0,20.4
2023-02-20,51,48.5,0.40,0.40,0.00,2.0,12.4
2023-02-21,61,41.0,4.20,4.20,0.00,8.0,11.4
2023-02-22,71,37.6,3.70,3.90,0.14,10.0,9.1
2023-02-23,51,41.3,0.60,0.60,0.00,3.0,12.2
2023-02-24,3,39.6,0.00,0.00,0.00,0.0,22.1
2023-02-25,71,26.8,0.00,0.40,0.28,4.0,13.1
2023-02-26,3,36.1,0.00,0.00,0.00,0.0,19.1
2023-02-27,75,34.9,0.10,3.30,2.24,4.0,16.5
2023-02-28,75,35.1,5.80,14.10,5.81,18.0,20.2
2023-03-01,73,36.1,0.90,2.00,0.77,6.0,13.4
2023-03-02,51,45.1,1.00,1.00,0.00,5.0,17.5
2023-03-03,55,38.7,2.20,2.20,0.00,5.0,21.5
2023-03-04,65,42.5,48.70,48.70,0.00,10.0,27.5
2023-03-05,3,42.3,0.00,0.00,0.00,0.0,17.9
2023-03-06,3,42.7,0.00,0.00,0.00,0.0,15.4
2023-03-07,73,38.9,0.10,2.30,1.54,5.0,23.6
2023-03-08,2,36.7,0.00,0.00,0.00,0.0,19.7
2023-03-09,3,39.5,0.00,0.00,0.00,0.0,15.1
2023-03-10,63,38.3,6.20,6.20,0.00,5.0,9.6
2023-03-11,73,40.2,15.40,16.60,0.84,17.0,16.6
2023-03-12,3,38.0,0.00,0.00,0.00,0.0,10.8
2023-03-13,63,41.1,16.00,16.00,0.00,23.0,17.1
2023-03-14,73,35.9,18.80,23.10,3.01,22.0,30.2
2023-03-15,3,38.1,0.00,0.00,0.00,0.0,24.3
2023-03-16,3,41.6,0.00,0.00,0.00,0.0,13.0
2023-03-17,3,47.4,0.00,0.00,0.00,0.0,14.0
2023-03-18,53,46.2,1.20,1.20,0.00,5.0,17.0
2023-03-19,3,34.4,0.00,0.00,0.00,0.0,17.8
2023-03-20,0,36.4,0.00,0.00,0.00,0.0,15.2
2023-03-21,3,44.0,0.00,0.00,0.00,0.0,13.0
2023-03-22,3,45.0,0.00,0.00,0.00,0.0,17.0
2023-03-23,55,51.0,2.00,2.00,0.00,4.0,13.0
2023-03-24,51,47.3,0.70,0.70,0.00,4.0,13.1
2023-03-25,61,42.9,11.10,11.10,0.00,11.0,22.1
2023-03-26,3,49.1,0.00,0.00,0.00,0.0,16.0
2023-03-27,71,45.3,3.80,3.90,0.07,5.0,15.0
2023-03-28,53,43.2,1.20,1.20,0.00,3.0,12.4
2023-03-29,3,41.4,0.00,0.00,0.00,0.0,15.5
2023-03-30,3,37.9,0.00,0.00,0.00,0.0,19.0
2023-03-31,3,43.1,0.00,0.00,0.00,0.0,16.9
2023-04-01,63,57.0,13.80,13.80,0.00,11.0,17.4
2023-04-02,51,44.6,0.20,0.20,0.00,1.0,24.0
2023-04-03,3,43.3,0.00,0.00,0.00,0.0,23.9
2023-04-04,3,53.0,0.00,0.00,0.00,0.0,15.9
2023-04-05,51,52.6,0.20,0.20,0.00,2.0,15.8
2023-04-06,61,58.9,5.90,5.90,0.00,4.0,12.3
2023-04-07,61,52.0,1.40,1.40,0.00,2.0,14.4
2023-04-08,3,42.5,0.00,0.00,0.00,0.0,12.0
2023-04-09,3,43.3,0.00,0.00,0.00,0.0,14.7
2023-04-10,0,46.5,0.00,0.00,0.00,0.0,12.4
2023-04-11,3,57.7,0.00,0.00,0.00,0.0,17.6
2023-04-12,3,67.9,0.00,0.00,0.00,0.0,16.6
2023-04-13,0,68.4,0.00,0.00,0.00,0.0,12.8
2023-04-14,3,67.4,0.00,0.00,0.00,0.0,16.6
2023-04-15,65,60.4,24.50,24.50,0.00,4.0,10.9
2023-04-16,3,58.3,0.00,0.00,0.00,0.0,11.4
2023-04-17,63,57.7,9.00,9.00,0.00,3.0,15.4
2023-04-18,3,52.8,0.00,0.00,0.00,0.0,24.6
2023-04-19,3,50.2,0.00,0.00,0.00,0.0,16.5
2023-04-20,3,49.6,0.00,0.00,0.00,0.0,9.5
2023-04-21,3,53.7,0.00,0.00,0.00,0.0,15.3
2023-04-22,61,56.7,4.30,4.30,0.00,5.0,18.7
2023-04-23,63,57.9,24.70,24.70,0.00,15.0,12.9
2023-04-24,3,50.2,0.00,0.00,0.00,0.0,15.4
2023-04-25,51,50.2,0.20,0.20,0.00,2.0,10.4
2023-04-26,53,49.7,1.00,1.00,0.00,2.0,12.5
2023-04-27,53,51.1,1.00,1.00,0.00,4.0,10.4
2023-04-28,61,49.7,4.00,4.00,0.00,7.0,16.0
2023-04-29,63,51.8,44.00,44.00,0.00,23.0,21.5
2023-04-30,63,55.5,15.70,15.70,0.00,15.0,19.7
2023-05-01,53,54.8,1.20,1.20,0.00,5.0,24.3
2023-05-02,55,51.0,2.80,2.80,0.00,9.0,17.8
2023-05-03,53,49.1,1.40,1.40,0.00,8.0,10.1
2023-05-04,53,49.8,1.40,1.40,0.00,9.0,10.1
2023-05-05,51,52.0,0.20,0.20,0.00,2.0,8.6
2023-05-06,3,56.9,0.00,0.00,0.00,0.0,11.2
2023-05-07,53,59.3,1.60,1.60,0.00,2.0,13.7
2023-05-08,3,64.3,0.00,0.00,0.00,0.0,14.5
2023-05-09,3,56.4,0.00,0.00,0.00,0.0,12.5
2023-05-10,2,56.6,0.00,0.00,0.00,0.0,15.0
2023-05-11,3,62.3,0.00,0.00,0.00,0.0,12.9
2023-05-12,3,67.2,0.00,0.00,0.00,0.0,10.8
2023-05-13,3,70.8,0.00,0.00,0.00,0.0,10.3
2023-05-14,3,61.7,0.00,0.00,0.00,0.0,13.9
2023-05-15,3,60.9,0.00,0.00,0.00,0.0,14.4
2023-05-16,3,66.1,0.00,0.00,0.00,0.0,15.0
2023-05-17,3,59.3,0.00,0.00,0.00,0.0,16.6
2023-05-18,0,51.4,0.00,0.00,0.00,0.0,13.1
2023-05-19,3,57.8,0.00,0.00,0.00,0.0,18.6
2023-05-20,63,60.0,32.70,32.70,0.00,16.0,13.7
2023-05-21,51,62.9,0.90,0.90,0.00,3.0,16.2
2023-05-22,51,61.5,0.20,0.20,0.00,1.0,11.9
2023-05-23,3,57.1,0.00,0.00,0.00,0.0,13.5
2023-05-24,3,58.0,0.00,0.00,0.00,0.0,16.9
2023-05-25,3,58.1,0.00,0.00,0.00,0.0,16.4
2023-05-26,2,59.5,0.00,0.00,0.00,0.0,7.7
2023-05-27,3,60.9,0.00,0.00,0.00,0.0,10.4
2023-05-28,3,61.5,0.00,0.00,0.00,0.0,12.5
2023-05-29,3,63.6,0.00,0.00,0.00,0.0,19.4
2023-05-30,0,58.6,0.00,0.00,0.00,0.0,13.9
2023-05-31,1,59.2,0.00,0.00,0.00,0.0,9.5
2023-06-01,3,63.5,0.00,0.00,0.00,0.0,9.5
2023-06-02,3,68.0,0.00,0.00,0.00,0.0,8.8
2023-06-03,63,64.1,4.70,4.70,0.00,3.0,13.1
2023-06-04,51,58.7,0.20,0.20,0.00,2.0,15.9
2023-06-05,3,62.6,0.00,0.00,0.00,0.0,15.3
2023-06-06,61,66.5,1.80,1.80,0.00,2.0,15.2
2023-06-07,51,63.5,0.10,0.10,0.00,1.0,18.6
2023-06-08,2,61.6,0.00,0.00,0.00,0.0,10.8
2023-06-09,51,61.4,0.30,0.30,0.00,3.0,10.1
2023-06-10,51,64.4,0.10,0.10,0.00,1.0,10.4
2023-06-11,51,68.6,0.10,0.10,0.00,1.0,14.7
2023-06-12,61,68.3,4.20,4.20,0.00,6.0,15.2
2023-06-13,3,70.2,0.00,0.00,0.00,0.0,14.4
2023-06-14,61,65.4,5.60,5.60,0.00,7.0,16.0
2023-06-15,51,68.5,0.50,0.50,0.00,3.0,14.2
2023-06-16,63,66.0,10.30,10.30,0.00,6.0,11.9
2023-06-17,51,67.8,0.20,0.20,0.00,2.0,19.9
2023-06-18,3,68.9,0.00,0.00,0.00,0.0,12.6
2023-06-19,51,67.6,0.40,0.40,0.00,2.0,12.7
2023-06-20,3,66.0,0.00,0.00,0.00,0.0,14.2
2023-06-21,3,64.4,0.00,0.00,0.00,0.0,17.3
2023-06-22,51,65.0,0.10,0.10,0.00,1.0,14.9
2023-06-23,63,67.2,7.00,7.00,0.00,6.0,13.3
2023-06-24,63,69.8,17.00,17.00,0.00,11.0,13.3
2023-06-25,55,71.7,1.90,1.90,0.00,5.0,9.7
2023-06-26,65,70.2,18.50,18.50,0.00,9.0,13.5
2023-06-27,61,70.4,3.00,3.00,0.00,7.0,17.2
2023-06-28,53,71.8,2.50,2.50,0.00,14.0,12.8
2023-06-29,3,70.4,0.00,0.00,0.00,0.0,14.4
2023-06-30,51,71.7,0.10,0.10,0.00,1.0,11.3
2023-07-01,3,71.1,0.00,0.00,0.00,0.0,13.1
2023-07-02,63,73.7,18.60,18.60,0.00,13.0,13.2
2023-07-03,61,76.4,4.80,4.80,0.00,7.0,12.8
2023-07-04,61,75.3,9.90,9.90,0.00,12.0,12.5
2023-07-05,3,76.7,0.00,0.00,0.00,0.0,11.0
2023-07-06,1,76.3,0.00,0.00,0.00,0.0,12.2
2023-07-07,51,76.2,0.50,0.50,0.00,4.0,11.5
2023-07-08,51,76.3,0.90,0.90,0.00,8.0,9.2
2023-07-09,61,73.3,13.40,13.40,0.00,14.0,10.2
2023-07-10,53,76.0,1.80,1.80,0.00,9.0,10.5
2023-07-11,0,74.7,0.00,0.00,0.00,0.0,12.3
2023-07-12,3,78.3,0.00,0.00,0.00,0.0,15.4
2023-07-13,3,77.8,0.00,0.00,0.00,0.0,21.2
2023-07-14,61,76.5,4.60,4.60,0.00,10.0,15.2
2023-07-15,63,76.1,7.10,7.10,0.00,8.0,14.4
2023-07-16,63,75.3,33.00,33.00,0.00,21.0,17.9
2023-07-17,55,76.8,1.40,1.40,0.00,2.0,12.3
2023-07-18,63,76.4,4.50,4.50,0.00,4.0,12.8
2023-07-19,51,73.4,0.50,0.50,0.00,3.0,7.9
2023-07-20,51,74.6,0.40,0.40,0.00,3.0,8.0
2023-07-21,53,75.0,3.30,3.30,0.00,10.0,12.6
2023-07-22,3,74.3,0.00,0.00,0.00,0.0,8.8
2023-07-23,51,74.4,0.40,0.40,0.00,3.0,11.7
2023-07-24,3,74.9,0.00,0.00,0.00,0.0,15.3
2023-07-25,63,73.9,10.70,10.70,0.00,8.0,10.6
2023-07-26,3,74.4,0.00,0.00,0.00,0.0,13.1
2023-07-27,3,80.0,0.00,0.00,0.00,0.0,16.8
2023-07-28,3,80.0,0.00,0.00,0.00,0.0,13.6
2023-07-29,61,81.0,3.40,3.40,0.00,4.0,15.9
2023-07-30,3,70.9,0.00,0.00,0.00,0.0,16.6
2023-07-31,3,71.2,0.00,0.00,0.00,0.0,16.5
2023-08-01,2,71.6,0.00,0.00,0.00,0.0,9.0
2023-08-02,3,68.9,0.00,0.00,0.00,0.0,11.2
2023-08-03,51,70.7,0.90,0.90,0.00,4.0,19.1
2023-08-04,51,72.1,1.30,1.30,0.00,7.0,16.8
2023-08-05,51,74.3,0.40,0.40,0.00,4.0,11.9
2023-08-06,3,73.2,0.00,0.00,0.00,0.0,13.7
2023-08-07,65,74.6,39.40,39.40,0.00,13.0,22.0
2023-08-08,65,75.0,23.70,23.70,0.00,6.0,19.5
2023-08-09,51,75.5,0.10,0.10,0.00,1.0,15.6
2023-08-10,65,71.4,28.50,28.50,0.00,9.0,13.3
2023-08-11,51,73.9,0.40,0.40,0.00,3.0,11.7
2023-08-12,61,72.0,4.30,4.30,0.00,5.0,13.9
2023-08-13,61,76.3,3.10,3.10,0.00,6.0,8.9
2023-08-14,51,75.0,0.20,0.20,0.00,2.0,10.3
2023-08-15,63,76.0,13.00,13.00,0.00,7.0,12.9
2023-08-16,63,72.9,15.60,15.60,0.00,14.0,9.9
2023-08-17,53,73.4,2.00,2.00,0.00,8.0,14.8
2023-08-18,63,75.0,9.70,9.70,0.00,7.0,16.3
2023-08-19,3,69.5,0.00,0.00,0.00,0.0,12.8
2023-08-20,3,71.6,0.00,0.00,0.00,0.0,11.4
2023-08-21,51,76.7,0.40,0.40,0.00,3.0,7.3
2023-08-22,3,71.8,0.00,0.00,0.00,0.0,14.9
2023-08-23,3,68.5,0.00,0.00,0.00,0.0,8.9
2023-08-24,63,71.1,4.40,4.40,0.00,6.0,17.4
2023-08-25,63,73.7,9.50,9.50,0.00,10.0,15.2
2023-08-26,51,74.2,0.70,0.70,0.00,6.0,9.4
2023-08-27,51,73.1,0.60,0.60,0.00,4.0,9.4
2023-08-28,51,70.5,0.30,0.30,0.00,2.0,11.9
2023-08-29,51,72.2,0.20,0.20,0.00,2.0,10.0
2023-08-30,55,76.1,2.00,2.00,0.00,5.0,12.8
2023-08-31,3,68.9,0.00,0.00,0.00,0.0,15.0
2023-09-01,0,65.8,0.00,0.00,0.00,0.0,10.0
2023-09-02,3,66.7,0.00,0.00,0.00,0.0,15.0
2023-09-03,51,75.1,0.20,0.20,0.00,2.0,10.0
2023-09-04,61,78.1,1.50,1.50,0.00,2.0,7.0
2023-09-05,3,80.4,0.00,0.00,0.00,0.0,7.3
2023-09-06,3,80.4,0.00,0.00,0.00,0.0,11.9
2023-09-07,63,80.2,6.30,6.30,0.00,2.0,10.6
2023-09-08,61,76.0,2.40,2.40,0.00,2.0,13.8
2023-09-09,63,74.5,7.60,7.60,0.00,4.0,7.9
2023-09-10,65,72.3,34.40,34.40,0.00,13.0,8.6
2023-09-11,63,72.7,13.00,13.00,0.00,12.0,6.3
2023-09-12,51,73.2,0.20,0.20,0.00,1.0,10.2
2023-09-13,63,73.0,17.70,17.70,0.00,13.0,11.0
2023-09-14,3,68.5,0.00,0.00,0.00,0.0,10.8
2023-09-15,3,63.2,0.00,0.00,0.00,0.0,14.7
2023-09-16,3,66.2,0.00,0.00,0.00,0.0,14.3
2023-09-17,55,64.3,1.30,1.30,0.00,2.0,7.9
2023-09-18,63,66.5,22.60,22.60,0.00,15.0,13.2
2023-09-19,1,64.6,0.00,0.00,0.00,0.0,13.9
2023-09-20,3,63.2,0.00,0.00,0.00,0.0,9.6
2023-09-21,3,62.4,0.00,0.00,0.00,0.0,8.1
2023-09-22,3,63.2,0.00,0.00,0.00,0.0,17.1
2023-09-23,63,60.5,24.10,24.10,0.00,16.0,21.2
2023-09-24,63,64.2,18.10,18.10,0.00,18.0,19.9
2023-09-25,63,62.2,10.30,10.30,0.00,19.0,19.2
2023-09-26,63,60.2,9.80,9.80,0.00,12.0,17.7
2023-09-27,3,58.2,0.00,0.00,0.00,0.0,10.6
2023-09-28,51,59.9,0.40,0.40,0.00,2.0,12.1
2023-09-29,65,60.3,69.20,69.20,0.00,23.0,15.5
2023-09-30,53,61.7,1.20,1.20,0.00,4.0,13.9
2023-10-01,1,65.9,0.00,0.00,0.00,0.0,11.0
2023-10-02,51,66.6,0.10,0.10,0.00,1.0,9.0
2023-10-03,3,64.9,0.00,0.00,0.00,0.0,8.1
2023-10-04,3,67.1,0.00,0.00,0.00,0.0,8.1
2023-10-05,3,63.6,0.00,0.00,0.00,0.0,10.5
2023-10-06,53,67.1,3.30,3.30,0.00,15.0,11.2
2023-10-07,65,63.2,43.60,43.60,0.00,20.0,18.6
2023-10-08,3,55.5,0.00,0.00,0.00,0.0,17.0
2023-10-09,51,53.7,0.20,0.20,0.00,2.0,15.4
2023-10-10,3,57.4,0.00,0.00,0.00,0.0,13.1
2023-10-11,3,58.6,0.00,0.00,0.00,0.0,7.7
2023-10-12,2,57.4,0.00,0.00,0.00,0.0,5.9
2023-10-13,3,55.2,0.00,0.00,0.00,0.0,10.1
2023-10-14,63,51.6,11.70,11.70,0.00,12.0,12.0
2023-10-15,51,54.1,1.20,1.20,0.00,5.0,16.1
2023-10-16,51,53.1,0.50,0.50,0.00,3.0,11.2
2023-10-17,51,54.1,0.40,0.40,0.00,4.0,8.6
2023-10-18,3,54.9,0.00,0.00,0.00,0.0,5.2
2023-10-19,3,56.3,0.00,0.00,0.00,0.0,12.8
2023-10-20,63,60.9,27.40,27.40,0.00,17.0,21.4
2023-10-21,61,58.4,5.80,5.80,0.00,11.0,19.0
2023-10-22,3,52.8,0.00,0.00,0.00,0.0,18.7
2023-10-23,2,50.8,0.00,0.00,0.00,0.0,16.1
2023-10-24,3,52.6,0.00,0.00,0.00,0.0,11.0
2023-10-25,3,58.4,0.00,0.00,0.00,0.0,10.1
2023-10-26,3,61.7,0.00,0.00,0.00,0.0,10.6
2023-10-27,51,63.4,0.10,0.10,0.00,1.0,11.4
2023-10-28,3,68.8,0.00,0.00,0.00,0.0,10.9
2023-10-29,63,55.9,7.30,7.30,0.00,11.0,11.4
2023-10-30,51,58.6,1.00,1.00,0.00,7.0,16.5
2023-10-31,51,48.9,0.30,0.30,0.00,3.0,11.9
2023-11-01,51,44.2,2.50,2.50,0.00,14.0,14.5
2023-11-02,2,40.8,0.00,0.00,0.00,0.0,9.5
2023-11-03,1,46.8,0.00,0.00,0.00,0.0,13.9
2023-11-04,3,49.5,0.00,0.00,0.00,0.0,9.5
2023-11-05,51,51.2,0.10,0.10,0.00,1.0,8.3
2023-11-06,51,47.8,0.10,0.10,0.00,1.0,12.4
2023-11-07,63,58.5,6.80,6.80,0.00,3.0,13.5
2023-11-08,3,45.8,0.00,0.00,0.00,0.0,13.9
2023-11-09,51,50.7,0.60,0.60,0.00,2.0,12.8
2023-11-10,51,47.4,0.20,0.20,0.00,2.0,11.6
2023-11-11,3,45.5,0.00,0.00,0.00,0.0,12.0
2023-11-12,3,37.9,0.00,0.00,0.00,0.0,8.8
2023-11-13,3,39.2,0.00,0.00,0.00,0.0,8.2
2023-11-14,2,44.0,0.00,0.00,0.00,0.0,17.0
2023-11-15,3,42.5,0.00,0.00,0.00,0.0,12.2
2023-11-16,3,49.6,0.00,0.00,0.00,0.0,8.4
2023-11-17,3,54.1,0.00,0.00,0.00,0.0,14.8
2023-11-18,51,51.3,1.00,1.00,0.00,4.0,16.8
2023-11-19,1,43.8,0.00,0.00,0.00,0.0,13.4
2023-11-20,3,38.3,0.00,0.00,0.00,0.0,12.1
2023-11-21,61,40.9,7.30,7.30,0.00,7.0,24.5
2023-11-22,63,52.6,21.80,21.80,0.00,9.0,29.0
2023-11-23,3,46.8,0.00,0.00,0.00,0.0,15.7
2023-11-24,3,42.1,0.00,0.00,0.00,0.0,15.6
2023-11-25,3,33.2,0.00,0.00,0.00,0.0,12.7
2023-11-26,63,41.4,5.80,5.80,0.00,7.0,25.5
2023-11-27,61,46.4,4.60,4.60,0.00,5.0,29.0
2023-11-28,1,34.0,0.00,0.00,0.00,0.0,19.0
2023-11-29,3,30.7,0.00,0.00,0.00,0.0,16.0
2023-11-30,3,39.2,0.00,0.00,0.00,0.0,12.6
2023-12-01,63,44.2,6.80,6.80,0.00,6.0,11.4
2023-12-02,3,49.9,0.00,0.00,0.00,0.0,9.4
2023-12-03,63,49.2,17.60,17.60,0.00,21.0,15.0
2023-12-04,3,45.9,0.00,0.00,0.00,0.0,14.0
2023-12-05,3,39.3,0.00,0.00,0.00,0.0,10.6
2023-12-06,3,35.9,0.00,0.00,0.00,0.0,13.9
2023-12-07,3,33.4,0.00,0.00,0.00,0.0,12.4
2023-12-08,3,39.0,0.00,0.00,0.00,0.0,8.3
2023-12-09,3,48.5,0.00,0.00,0.00,0.0,10.9
2023-12-10,63,54.2,27.80,27.80,0.00,11.0,25.9
2023-12-11,63,43.3,27.70,27.70,0.00,12.0,22.8
2023-12-12,0,37.0,0.00,0.00,0.00,0.0,13.5
2023-12-13,1,38.4,0.00,0.00,0.00,0.0,13.7
2023-12-14,2,33.9,0.00,0.00,0.00,0.0,9.6
2023-12-15,1,41.0,0.00,0.00,0.00,0.0,12.4
2023-12-16,3,44.3,0.00,0.00,0.00,0.0,9.9
2023-12-17,65,50.9,24.50,24.50,0.00,10.0,17.9
2023-12-18,65,53.3,63.60,63.60,0.00,17.0,35.1
2023-12-19,3,38.1,0.00,0.00,0.00,0.0,16.2
2023-12-20,0,33.9,0.00,0.00,0.00,0.0,13.2
2023-12-21,1,33.8,0.00,0.00,0.00,0.0,14.0
2023-12-22,3,29.0,0.00,0.00,0.00,0.0,7.2
2023-12-23,51,34.7,0.40,0.40,0.00,2.0,6.5
2023-12-24,3,40.8,0.00,0.00,0.00,0.0,5.0
2023-12-25,3,43.0,0.00,0.00,0.00,0.0,5.0
2023-12-26,3,42.0,0.00,0.00,0.00,0.0,5.6
2023-12-27,55,45.9,3.80,3.80,0.00,13.0,10.6
2023-12-28,63,50.5,29.40,29.40,0.00,19.0,19.5
2023-12-29,51,48.9,0.70,0.70,0.00,5.0,11.8
2023-12-30,51,42.0,0.20,0.20,0.00,1.0,17.9
2023-12-31,3,38.0,0.00,0.00,0.00,0.0,10.2
2024-01-01,3,39.0,0.00,0.00,0.00,0.0,10.0
2024-01-02,0,32.3,0.00,0.00,0.00,0.0,9.3
2024-01-03,3,35.4,0.00,0.00,0.00,0.0,9.3
2024-01-04,3,36.1,0.00,0.00,0.00,0.0,17.1
2024-01-05,3,29.5,0.00,0.00,0.00,0.0,17.2
2024-01-06,73,32.1,9.90,10.90,0.70,8.0,19.5
2024-01-07,73,36.4,6.90,7.80,0.63,15.0,18.0
2024-01-08,1,35.0,0.00,0.00,0.00,0.0,11.7
2024-01-09,63,40.5,26.60,26.60,0.00,12.0,38.9
2024-01-10,65,48.8,35.50,35.50,0.00,8.0,32.6
2024-01-11,3,40.8,0.00,0.00,0.00,0.0,16.1
2024-01-12,51,40.0,0.30,0.30,0.00,2.0,18.6
2024-01-13,63,48.7,22.40,22.40,0.00,14.0,26.8
2024-01-14,71,33.1,0.20,0.50,0.21,2.0,28.6
2024-01-15,73,26.3,0.00,1.00,0.70,3.0,9.7
2024-01-16,73,28.4,3.70,9.00,3.71,19.0,17.1
2024-01-17,0,20.8,0.00,0.00,0.00,0.0,17.0
2024-01-18,71,27.2,0.00,0.30,0.21,3.0,13.6
2024-01-19,73,28.4,0.00,2.80,2.03,14.0,12.1
2024-01-20,3,21.4,0.00,0.00,0.00,0.0,17.4
2024-01-21,3,23.4,0.00,0.00,0.00,0.0,16.4
2024-01-22,3,28.4,0.00,0.00,0.00,0.0,13.1
2024-01-23,53,34.4,1.20,1.20,0.00,4.0,14.0
2024-01-24,51,39.8,3.00,3.00,0.00,17.0,10.5
2024-01-25,61,50.6,7.20,7.20,0.00,15.0,15.4
2024-01-26,53,43.6,4.10,4.10,0.00,14.0,15.5
2024-01-27,3,41.5,0.00,0.00,0.00,0.0,8.3
2024-01-28,63,38.8,22.00,22.00,0.00,21.0,19.2
2024-01-29,51,37.1,0.90,0.90,0.00,7.0,18.8
2024-01-30,3,33.0,0.00,0.00,0.00,0.0,10.1
2024-01-31,51,36.2,0.30,0.30,0.00,3.0,10.0
2024-02-01,51,36.8,0.30,0.30,0.00,1.0,11.1
2024-02-02,55,38.9,7.10,7.10,0.00,15.0,13.3
2024-02-03,1,33.9,0.00,0.00,0.00,0.0,15.9
2024-02-04,0,33.6,0.00,0.00,0.00,0.0,9.4
2024-02-05,0,33.7,0.00,0.00,0.00,0.0,14.2
2024-02-06,0,31.3,0.00,0.00,0.00,0.0,10.6
2024-02-07,3,35.2,0.00,0.00,0.00,0.0,8.2
2024-02-08,3,35.7,0.00,0.00,0.00,0.0,9.3
2024-02-09,3,42.5,0.00,0.00,0.00,0.0,15.0
2024-02-10,3,47.2,0.00,0.00,0.00,0.0,11.3
2024-02-11,3,45.0,0.00,0.00,0.00,0.0,11.1
2024-02-12,51,38.6,0.10,0.10,0.00,1.0,6.9
2024-02-13,75,33.8,2.10,29.10,18.90,16.0,18.0
2024-02-14,1,30.2,0.00,0.00,0.00,0.0,19.5
2024-02-15,73,30.6,0.00,0.40,0.28,1.0,16.6
2024-02-16,3,35.0,0.00,0.00,0.00,0.0,21.0
2024-02-17,75,31.0,0.00,6.20,4.34,13.0,14.8
2024-02-18,0,29.2,0.00,0.00,0.00,0.0,19.0
2024-02-19,0,32.0,0.00,0.00,0.00,0.0,13.7
2024-02-20,1,27.9,0.00,0.00,0.00,0.0,9.3
2024-02-21,3,31.7,0.00,0.00,0.00,0.0,10.0
2024-02-22,73,34.3,0.70,1.20,0.35,4.0,14.9
2024-02-23,53,42.4,3.10,3.10,0.00,12.0,10.1
2024-02-24,3,36.7,0.00,0.00,0.00,0.0,12.5
2024-02-25,3,28.2,0.00,0.00,0.00,0.0,12.2
2024-02-26,73,38.4,0.30,0.80,0.35,1.0,11.4
2024-02-27,63,45.1,6.00,6.00,0.00,5.0,22.2
2024-02-28,63,52.2,9.30,9.30,0.00,17.0,28.4
2024-02-29,53,34.2,0.70,0.70,0.00,1.0,23.9
2024-03-01,3,33.3,0.00,0.00,0.00,0.0,13.4
2024-03-02,63,44.9,29.90,29.90,0.00,15.0,21.6
2024-03-03,3,51.5,0.00,0.00,0.00,0.0,11.9
2024-03-04,3,46.2,0.00,0.00,0.00,0.0,14.2
2024-03-05,63,44.6,16.50,16.50,0.00,17.0,13.8
2024-03-06,65,45.5,34.80,34.80,0.00,11.0,14.4
2024-03-07,61,50.1,5.50,5.50,0.00,12.0,16.3
2024-03-08,3,42.2,0.00,0.00,0.00,0.0,12.8
2024-03-09,65,41.7,23.80,23.80,0.00,10.0,24.1
2024-03-10,63,45.7,14.10,14.10,0.00,10.0,21.8
2024-03-11,3,41.1,0.00,0.00,0.00,0.0,28.5
2024-03-12,3,48.9,0.00,0.00,0.00,0.0,19.0
2024-03-13,3,46.4,0.00,0.00,0.00,0.0,11.8
2024-03-14,3,50.3,0.00,0.00,0.00,0.0,11.4
2024-03-15,3,58.8,0.00,0.00,0.00,0.0,15.5
2024-03-16,51,46.8,0.10,0.10,0.00,1.0,19.2
2024-03-17,53,51.8,0.70,0.70,0.00,1.0,19.9
2024-03-18,3,44.3,0.00,0.00,0.00,0.0,13.0
2024-03-19,71,38.6,0.30,0.40,0.07,2.0,17.5
2024-03-20,63,44.1,3.90,3.90,0.00,4.0,21.2
2024-03-21,3,33.7,0.00,0.00,0.00,0.0,20.0
2024-03-22,3,33.2,0.00,0.00,0.00,0.0,11.4
2024-03-23,65,44.4,59.40,59.40,0.00,15.0,25.4
2024-03-24,3,36.6,0.00,0.00,0.00,0.0,21.4
2024-03-25,2,39.6,0.00,0.00,0.00,0.0,13.6
2024-03-26,3,41.8,0.00,0.00,0.00,0.0,13.9
2024-03-27,3,45.2,0.00,0.00,0.00,0.0,9.2
2024-03-28,63,46.8,28.00,28.00,0.00,24.0,12.8
2024-03-29,51,45.3,0.70,0.70,0.00,3.0,22.4
2024-03-30,51,46.4,0.10,0.10,0.00,1.0,18.5
2024-03-31,51,51.1,0.40,0.40,0.00,2.0,13.6
2024-04-01,53,47.0,2.70,2.70,0.00,6.0,7.7
2024-04-02,63,45.4,18.50,18.50,0.00,17.0,16.8
2024-04-03,63,43.0,27.50,27.50,0.00,19.0,29.3
2024-04-04,63,42.3,6.20,6.20,0.00,8.0,23.9
2024-04-05,3,41.7,0.00,0.00,0.00,0.0,18.6
2024-04-06,51,44.0,0.40,0.40,0.00,3.0,19.7
2024-04-07,3,45.0,0.00,0.00,0.00,0.0,15.7
2024-04-08,3,46.9,0.00,0.00,0.00,0.0,10.4
2024-04-09,3,54.7,0.00,0.00,0.00,0.0,13.7
2024-04-10,3,51.8,0.00,0.00,0.00,0.0,10.6
2024-04-11,63,52.9,8.50,8.50,0.00,11.0,21.3
2024-04-12,63,57.8,12.80,12.80,0.00,9.0,27.9
2024-04-13,53,49.4,1.80,1.80,0.00,8.0,23.7
2024-04-14,53,53.3,1.10,1.10,0.00,3.0,21.5
2024-04-15,3,62.6,0.00,0.00,0.00,0.0,16.9
2024-04-16,1,56.6,0.00,0.00,0.00,0.0,13.1
2024-04-17,61,50.6,3.80,3.80,0.00,5.0,14.1
2024-04-18,63,47.3,8.20,8.20,0.00,15.0,17.3
2024-04-19,3,46.9,0.00,0.00,0.00,0.0,12.8
2024-04-20,63,53.5,4.90,4.90,0.00,4.0,17.0
2024-04-21,3,45.9,0.00,0.00,0.00,0.0,14.2
2024-04-22,3,47.8,0.00,0.00,0.00,0.0,10.8
2024-04-23,3,47.0,0.00,0.00,0.00,0.0,16.8
2024-04-24,61,55.6,4.10,4.10,0.00,4.0,12.7
2024-04-25,3,45.1,0.00,0.00,0.00,0.0,13.9
2024-04-26,1,45.7,0.00,0.00,0.00,0.0,12.8
2024-04-27,51,47.1,0.50,0.50,0.00,2.0,15.0
2024-04-28,51,55.7,0.60,0.60,0.00,2.0,9.8
2024-04-29,51,64.6,0.50,0.50,0.00,3.0,12.5
2024-04-30,63,57.2,6.40,6.40,0.00,1.0,10.7
2024-05-01,51,56.1,0.60,0.60,0.00,4.0,11.9
2024-05-02,3,59.0,0.00,0.00,0.00,0.0,16.6
2024-05-03,3,54.8,0.00,0.00,0.00,0.0,14.7
2024-05-04,3,51.8,0.00,0.00,0.00,0.0,13.5
2024-05-05,55,51.1,6.30,6.30,0.00,14.0,15.6
2024-05-06,51,60.1,0.40,0.40,0.00,3.0,9.0
2024-05-07,3,64.3,0.00,0.00,0.00,0.0,13.1
2024-05-08,3,68.2,0.00,0.00,0.00,0.0,20.6
2024-05-09,3,62.3,0.00,0.00,0.00,0.0,11.3
2024-05-10,61,50.7,10.20,10.20,0.00,18.0,16.7
2024-05-11,3,51.4,0.00,0.00,0.00,0.0,13.0
2024-05-12,61,50.2,6.00,6.00,0.00,7.0,9.4
2024-05-13,3,54.1,0.00,0.00,0.00,0.0,17.4
2024-05-14,53,58.7,1.50,1.50,0.00,3.0,15.5
2024-05-15,61,59.3,10.10,10.10,0.00,21.0,19.0
2024-05-16,63,61.3,5.80,5.80,0.00,18.0,24.5
2024-05-17,3,62.0,0.00,0.00,0.00,0.0,11.9
2024-05-18,53,60.3,3.00,3.00,0.00,8.0,8.1
2024-05-19,3,60.3,0.00,0.00,0.00,0.0,12.8
2024-05-20,3,58.4,0.00,0.00,0.00,0.0,11.4
2024-05-21,3,61.3,0.00,0.00,0.00,0.0,12.9
2024-05-22,3,65.6,0.00,0.00,0.00,0.0,15.7
2024-05-23,61,69.1,3.70,3.70,0.00,3.0,10.5
2024-05-24,3,70.3,0.00,0.00,0.00,0.0,14.3
2024-05-25,3,65.4,0.00,0.00,0.00,0.0,11.3
2024-05-26,53,64.8,0.60,0.60,0.00,2.0,10.1
2024-05-27,65,65.0,24.90,24.90,0.00,16.0,17.8
2024-05-28,51,71.1,0.20,0.20,0.00,1.0,16.2
2024-05-29,63,65.0,7.20,7.20,0.00,6.0,9.9
2024-05-30,61,63.8,3.60,3.60,0.00,3.0,13.6
2024-05-31,3,64.7,0.00,0.00,0.00,0.0,12.4
2024-06-01,3,67.4,0.00,0.00,0.00,0.0,13.0
2024-06-02,3,67.5,0.00,0.00,0.00,0.0,13.0
2024-06-03,51,70.5,0.20,0.20,0.00,1.0,9.1
2024-06-04,3,66.7,0.00,0.00,0.00,0.0,11.4
2024-06-05,63,67.2,6.60,6.60,0.00,6.0,14.0
2024-06-06,63,72.1,26.60,26.60,0.00,18.0,23.8
2024-06-07,51,71.8,0.50,0.50,0.00,2.0,14.3
2024-06-08,2,68.9,0.00,0.00,0.00,0.0,17.1
2024-06-09,3,69.1,0.00,0.00,0.00,0.0,15.6
2024-06-10,3,66.4,0.00,0.00,0.00,0.0,11.7
2024-06-11,51,64.7,0.80,0.80,0.00,5.0,7.8
2024-06-12,51,66.0,0.30,0.30,0.00,2.0,12.8
2024-06-13,3,68.5,0.00,0.00,0.00,0.0,20.5
2024-06-14,63,71.0,7.90,7.90,0.00,7.0,13.3
2024-06-15,3,71.3,0.00,0.00,0.00,0.0,14.7
2024-06-16,3,65.9,0.00,0.00,0.00,0.0,12.5
2024-06-17,3,70.2,0.00,0.00,0.00,0.0,20.6
2024-06-18,3,72.9,0.00,0.00,0.00,0.0,17.5
2024-06-19,3,72.8,0.00,0.00,0.00,0.0,16.7
2024-06-20,3,74.8,0.00,0.00,0.00,0.0,14.2
2024-06-21,3,77.7,0.00,0.00,0.00,0.0,15.5
2024-06-22,63,76.6,3.80,3.80,0.00,5.0,12.8
2024-06-23,51,78.9,0.20,0.20,0.00,2.0,19.3
2024-06-24,3,77.3,0.00,0.00,0.00,0.0,25.2
2024-06-25,3,76.8,0.00,0.00,0.00,0.0,21.0
2024-06-26,51,78.3,0.10,0.10,0.00,1.0,18.6
2024-06-27,63,75.3,7.70,7.70,0.00,6.0,13.4
2024-06-28,3,67.3,0.00,0.00,0.00,0.0,13.9
2024-06-29,53,71.7,0.60,0.60,0.00,2.0,21.7
2024-06-30,65,77.6,26.40,26.40,0.00,13.0,13.7
2024-07-01,51,71.6,0.20,0.20,0.00,2.0,16.0
2024-07-02,3,71.1,0.00,0.00,0.00,0.0,11.2
2024-07-03,3,70.2,0.00,0.00,0.00,0.0,16.8
2024-07-04,55,72.3,1.30,1.30,0.00,2.0,13.6
2024-07-05,51,75.3,0.40,0.40,0.00,2.0,12.3
2024-07-06,53,76.6,0.60,0.60,0.00,2.0,14.1
2024-07-07,51,79.0,0.20,0.20,0.00,1.0,8.2
2024-07-08,51,77.2,0.20,0.20,0.00,2.0,9.8
2024-07-09,51,75.9,0.40,0.40,0.00,3.0,14.4
2024-07-10,51,77.7,0.40,0.40,0.00,2.0,25.3
2024-07-11,63,78.7,5.90,5.90,0.00,4.0,18.6
2024-07-12,53,76.0,2.30,2.30,0.00,7.0,12.0
2024-07-13,63,75.3,10.40,10.40,0.00,10.0,9.0
2024-07-14,51,77.0,0.10,0.10,0.00,1.0,10.3
2024-07-15,61,78.6,1.80,1.80,0.00,2.0,14.1
2024-07-16,61,82.0,2.10,2.10,0.00,4.0,18.2
2024-07-17,65,79.1,21.40,21.40,0.00,6.0,14.7
2024-07-18,51,78.2,0.40,0.40,0.00,1.0,9.2
2024-07-19,1,74.5,0.00,0.00,0.00,0.0,10.7
2024-07-20,51,74.4,0.30,0.30,0.00,1.0,14.0
2024-07-21,53,76.7,1.00,1.00,0.00,2.0,13.3
2024-07-22,55,75.6,1.70,1.70,0.00,3.0,12.1
2024-07-23,53,75.5,2.20,2.20,0.00,14.0,8.7
2024-07-24,63,75.9,4.00,4.00,0.00,4.0,9.9
2024-07-25,55,77.4,1.30,1.30,0.00,2.0,8.8
2024-07-26,3,75.1,0.00,0.00,0.00,0.0,13.5
2024-07-27,3,75.3,0.00,0.00,0.00,0.0,11.6
2024-07-28,3,75.4,0.00,0.00,0.00,0.0,12.8
2024-07-29,55,75.7,2.50,2.50,0.00,4.0,14.8
2024-07-30,3,77.0,0.00,0.00,0.00,0.0,24.0
2024-07-31,61,77.5,4.60,4.60,0.00,11.0,15.7
2024-08-01,2,79.3,0.00,0.00,0.00,0.0,12.8
2024-08-02,63,78.6,7.00,7.00,0.00,7.0,16.2
2024-08-03,55,78.9,4.40,4.40,0.00,9.0,17.4
2024-08-04,63,75.8,11.50,11.50,0.00,10.0,11.5
2024-08-05,3,78.9,0.00,0.00,0.00,0.0,14.9
2024-08-06,65,78.0,40.80,40.80,0.00,14.0,10.4
2024-08-07,63,71.0,16.90,16.90,0.00,14.0,13.3
2024-08-08,55,70.0,3.50,3.50,0.00,11.0,17.6
2024-08-09,63,77.0,11.40,11.40,0.00,14.0,28.0
2024-08-10,61,77.9,2.60,2.60,0.00,3.0,11.6
2024-08-11,51,73.0,0.60,0.60,0.00,3.0,9.3
2024-08-12,51,71.7,0.70,0.70,0.00,6.0,12.8
2024-08-13,3,71.0,0.00,0.00,0.00,0.0,8.6
2024-08-14,51,73.7,0.50,0.50,0.00,4.0,9.2
2024-08-15,1,75.3,0.00,0.00,0.00,0.0,7.1
2024-08-16,3,74.6,0.00,0.00,0.00,0.0,10.6
2024-08-17,55,73.7,1.90,1.90,0.00,7.0,14.7
2024-08-18,63,73.4,15.60,15.60,0.00,17.0,16.4
2024-08-19,63,73.6,19.50,19.50,0.00,12.0,12.5
2024-08-20,51,67.0,0.30,0.30,0.00,1.0,14.0
2024-08-21,1,64.7,0.00,0.00,0.00,0.0,12.5
2024-08-22,3,66.7,0.00,0.00,0.00,0.0,11.9
2024-08-23,1,69.5,0.00,0.00,0.00,0.0,12.6
2024-08-24,3,71.1,0.00,0.00,0.00,0.0,15.0
2024-08-25,51,72.7,0.10,0.10,0.00,1.0,12.9
2024-08-26,51,72.5,0.20,0.20,0.00,2.0,13.0
2024-08-27,51,72.0,0.10,0.10,0.00,1.0,13.2
2024-08-28,51,80.1,0.10,0.10,0.00,1.0,10.9
2024-08-29,63,73.4,5.50,5.50,0.00,7.0,13.3
2024-08-30,61,69.3,2.90,2.90,0.00,4.0,13.2
2024-08-31,3,71.5,0.00,0.00,0.00,0.0,10.5
2024-09-01,51,75.0,1.40,1.40,0.00,8.0,10.3
2024-09-02,3,72.1,0.00,0.00,0.00,0.0,13.7
2024-09-03,0,64.8,0.00,0.00,0.00,0.0,12.6
2024-09-04,0,65.7,0.00,0.00,0.00,0.0,10.6
2024-09-05,1,66.3,0.00,0.00,0.00,0.0,12.9
2024-09-06,51,68.4,0.20,0.20,0.00,2.0,10.8
2024-09-07,65,68.1,11.30,11.30,0.00,11.0,17.0
2024-09-08,0,62.6,0.00,0.00,0.00,0.0,13.5
2024-09-09,3,65.7,0.00,0.00,0.00,0.0,13.3
2024-09-10,1,68.6,0.00,0.00,0.00,0.0,8.9
2024-09-11,3,66.0,0.00,0.00,0.00,0.0,9.7
2024-09-12,3,66.9,0.00,0.00,0.00,0.0,9.8
2024-09-13,3,67.2,0.00,0.00,0.00,0.0,9.4
2024-09-14,51,70.4,0.10,0.10,0.00,1.0,7.2
2024-09-15,2,69.2,0.00,0.00,0.00,0.0,14.0
2024-09-16,3,65.9,0.00,0.00,0.00,0.0,10.2
2024-09-17,3,68.2,0.00,0.00,0.00,0.0,11.4
2024-09-18,3,69.6,0.00,0.00,0.00,0.0,10.3
2024-09-19,3,74.1,0.00,0.00,0.00,0.0,11.5
2024-09-20,51,71.8,0.10,0.10,0.00,1.0,12.7
2024-09-21,3,67.9,0.00,0.00,0.00,0.0,12.4
2024-09-22,3,65.8,0.00,0.00,0.00,0.0,10.3
2024-09-23,51,63.7,0.20,0.20,0.00,1.0,10.2
2024-09-24,51,63.5,0.10,0.10,0.00,1.0,12.5
2024-09-25,3,65.1,0.00,0.00,0.00,0.0,14.9
2024-09-26,61,69.1,5.10,5.10,0.00,11.0,13.3
2024-09-27,53,68.9,0.70,0.70,0.00,3.0,8.3
2024-09-28,63,65.1,7.80,7.80,0.00,11.0,18.5
2024-09-29,51,63.2,1.20,1.20,0.00,8.0,13.1
2024-09-30,3,64.7,0.00,0.00,0.00,0.0,11.4
2024-10-01,3,63.5,0.00,0.00,0.00,0.0,11.2
2024-10-02,3,61.8,0.00,0.00,0.00,0.0,9.1
2024-10-03,3,63.5,0.00,0.00,0.00,0.0,9.2
2024-10-04,51,63.3,0.20,0.20,0.00,1.0,10.4
2024-10-05,51,66.5,0.20,0.20,0.00,2.0,11.7
2024-10-06,3,61.3,0.00,0.00,0.00,0.0,13.2
2024-10-07,61,66.7,2.10,2.10,0.00,5.0,12.7
2024-10-08,3,60.5,0.00,0.00,0.00,0.0,9.5
2024-10-09,3,59.4,0.00,0.00,0.00,0.0,11.5
2024-10-10,0,54.5,0.00,0.00,0.00,0.0,14.5
2024-10-11,0,56.9,0.00,0.00,0.00,0.0,13.6
2024-10-12,2,64.2,0.00,0.00,0.00,0.0,15.7
2024-10-13,3,62.6,0.00,0.00,0.00,0.0,20.5
2024-10-14,3,58.6,0.00,0.00,0.00,0.0,23.9
2024-10-15,51,50.2,0.10,0.10,0.00,1.0,13.9
2024-10-16,3,50.3,0.00,0.00,0.00,0.0,13.0
2024-10-17,3,49.7,0.00,0.00,0.00,0.0,14.9
2024-10-18,0,54.4,0.00,0.00,0.00,0.0,11.6
2024-10-19,0,55.3,0.00,0.00,0.00,0.0,6.9
2024-10-20,2,57.7,0.00,0.00,0.00,0.0,9.8
2024-10-21,0,62.5,0.00,0.00,0.00,0.0,10.2
2024-10-22,0,65.0,0.00,0.00,0.00,0.0,7.9
2024-10-23,3,62.8,0.00,0.00,0.00,0.0,16.9
2024-10-24,51,61.7,0.40,0.40,0.00,1.0,16.0
2024-10-25,3,53.4,0.00,0.00,0.00,0.0,11.9
2024-10-26,2,57.1,0.00,0.00,0.00,0.0,17.2
2024-10-27,3,50.7,0.00,0.00,0.00,0.0,12.7
2024-10-28,2,49.9,0.00,0.00,0.00,0.0,9.1
2024-10-29,51,57.5,0.80,0.80,0.00,6.0,17.0
2024-10-30,51,61.8,0.10,0.10,0.00,1.0,9.6
2024-10-31,3,65.8,0.00,0.00,0.00,0.0,15.0
2024-11-01,51,69.8,0.30,0.30,0.00,2.0,20.0
2024-11-02,2,54.5,0.00,0.00,0.00,0.0,12.3
2024-11-03,2,46.1,0.00,0.00,0.00,0.0,10.1
2024-11-04,3,50.5,0.00,0.00,0.00,0.0,12.3
2024-11-05,3,60.6,0.00,0.00,0.00,0.0,13.6
2024-11-06,2,69.2,0.00,0.00,0.00,0.0,15.0
2024-11-07,3,65.5,0.00,0.00,0.00,0.0,15.3
2024-11-08,2,57.0,0.00,0.00,0.00,0.0,20.7
2024-11-09,3,48.3,0.00,0.00,0.00,0.0,18.1
2024-11-10,53,50.1,0.90,0.90,0.00,2.0,16.6
2024-11-11,61,61.6,3.60,3.60,0.00,7.0,18.4
2024-11-12,1,50.0,0.00,0.00,0.00,0.0,18.5
2024-11-13,1,41.9,0.00,0.00,0.00,0.0,11.1
2024-11-14,3,42.1,0.00,0.00,0.00,0.0,7.3
2024-11-15,3,47.4,0.00,0.00,0.00,0.0,9.5
2024-11-16,0,51.9,0.00,0.00,0.00,0.0,11.1
2024-11-17,3,53.0,0.00,0.00,0.00,0.0,8.8
2024-11-18,3,55.2,0.00,0.00,0.00,0.0,10.3
2024-11-19,3,52.3,0.00,0.00,0.00,0.0,7.9
2024-11-20,3,53.6,0.00,0.00,0.00,0.0,9.1
2024-11-21,65,48.7,48.70,48.70,0.00,21.0,13.3
2024-11-22,63,40.0,12.40,12.40,0.00,21.0,18.5
2024-11-23,51,42.8,1.00,1.00,0.00,5.0,15.6
2024-11-24,3,47.2,0.00,0.00,0.00,0.0,15.6
2024-11-25,3,45.0,0.00,0.00,0.00,0.0,7.6
2024-11-26,55,53.0,2.50,2.50,0.00,3.0,10.1
2024-11-27,3,44.4,0.00,0.00,0.00,0.0,6.5
2024-11-28,63,46.5,19.30,19.30,0.00,13.0,14.5
2024-11-29,3,40.1,0.00,0.00,0.00,0.0,12.0
2024-11-30,2,33.4,0.00,0.00,0.00,0.0,11.3
2024-12-01,3,31.3,0.00,0.00,0.00,0.0,12.1
2024-12-02,3,32.6,0.00,0.00,0.00,0.0,6.9
2024-12-03,1,34.3,0.00,0.00,0.00,0.0,9.0
2024-12-04,51,34.6,0.10,0.10,0.00,1.0,14.2
2024-12-05,73,37.1,3.00,4.30,0.91,9.0,18.9
2024-12-06,3,30.8,0.00,0.00,0.00,0.0,13.2
2024-12-07,3,34.0,0.00,0.00,0.00,0.0,10.0
2024-12-08,3,43.7,0.00,0.00,0.00,0.0,13.8
2024-12-09,61,45.5,7.30,7.30,0.00,7.0,9.7
2024-12-10,63,47.8,4.30,4.30,0.00,4.0,11.7
2024-12-11,63,55.0,39.60,39.60,0.00,22.0,21.8
2024-12-12,51,35.9,0.10,0.10,0.00,1.0,16.3
2024-12-13,0,28.9,0.00,0.00,0.00,0.0,8.7
2024-12-14,3,28.7,0.00,0.00,0.00,0.0,6.5
2024-12-15,71,33.3,0.40,0.50,0.07,2.0,6.3
2024-12-16,71,45.1,19.50,19.70,0.14,18.0,15.2
2024-12-17,61,52.7,4.10,4.10,0.00,6.0,13.6
2024-12-18,61,44.8,4.60,4.60,0.00,5.0,9.9
2024-12-19,55,41.0,3.10,3.10,0.00,4.0,10.8
2024-12-20,71,35.2,1.40,1.60,0.14,11.0,10.2
2024-12-21,73,27.9,0.00,3.80,2.66,11.0,13.9
2024-12-22,1,16.7,0.00,0.00,0.00,0.0,11.1
2024-12-23,3,16.8,0.00,0.00,0.00,0.0,7.6
2024-12-24,73,30.9,0.00,1.70,1.19,3.0,7.8
2024-12-25,3,29.4,0.00,0.00,0.00,0.0,7.1
2024-12-26,3,26.4,0.00,0.00,0.00,0.0,6.5
2024-12-27,3,29.3,0.00,0.00,0.00,0.0,5.0
2024-12-28,55,42.9,6.90,6.90,0.00,18.0,6.9
2024-12-29,55,49.4,5.30,5.30,0.00,10.0,17.8
2024-12-30,63,52.4,8.40,8.40,0.00,8.0,19.0
2024-12-31,63,44.4,5.10,5.10,0.00,2.0,13.2
2025-01-01,63,46.2,7.20,7.20,0.00,2.0,16.0
2025-01-02,3,37.2,0.00,0.00,0.00,0.0,16.3
2025-01-03,3,33.2,0.00,0.00,0.00,0.0,11.6
2025-01-04,3,29.9,0.00,0.00,0.00,0.0,17.4
2025-01-05,3,28.7,0.00,0.00,0.00,0.0,13.8
2025-01-06,73,28.2,0.00,1.70,1.19,7.0,11.9
2025-01-07,71,23.2,0.00,0.10,0.07,1.0,22.4
2025-01-08,3,25.0,0.00,0.00,0.00,0.0,17.6
2025-01-09,3,25.1,0.00,0.00,0.00,0.0,18.5
2025-01-10,3,31.4,0.00,0.00,0.00,0.0,14.4
2025-01-11,73,30.5,0.00,1.60,1.12,6.0,11.5
2025-01-12,3,33.6,0.00,0.00,0.00,0.0,10.4
2025-01-13,3,35.5,0.00,0.00,0.00,0.0,12.4
2025-01-14,3,29.6,0.00,0.00,0.00,0.0,14.6
2025-01-15,3,26.5,0.00,0.00,0.00,0.0,15.0
2025-01-16,71,27.2,0.00,0.40,0.28,4.0,7.7
2025-01-17,3,31.8,0.00,0.00,0.00,0.0,9.4
2025-01-18,53,40.3,2.10,2.10,0.00,5.0,13.6
2025-01-19,75,34.1,0.00,6.60,4.62,9.0,13.5
2025-01-20,3,20.0,0.00,0.00,0.00,0.0,12.2
2025-01-21,71,13.2,0.00,0.50,0.35,5.0,8.0
2025-01-22,3,12.8,0.00,0.00,0.00,0.0,8.7
2025-01-23,3,18.4,0.00,0.00,0.00,0.0,7.2
2025-01-24,2,23.0,0.00,0.00,0.00,0.0,7.5
2025-01-25,3,21.7,0.00,0.00,0.00,0.0,9.0
2025-01-26,3,32.7,0.00,0.00,0.00,0.0,10.2
2025-01-27,3,32.3,0.00,0.00,0.00,0.0,13.4
2025-01-28,3,34.5,0.00,0.00,0.00,0.0,14.6
2025-01-29,51,41.0,0.10,0.10,0.00,1.0,18.5
2025-01-30,3,29.7,0.00,0.00,0.00,0.0,11.9
2025-01-31,61,42.1,8.50,8.50,0.00,17.0,11.0
2025-02-01,61,34.7,4.50,4.50,0.00,5.0,13.6
2025-02-02,75,25.6,0.40,5.30,3.43,3.0,9.9
2025-02-03,73,36.7,0.50,1.40,0.63,2.0,11.3
2025-02-04,51,39.9,0.20,0.20,0.00,1.0,15.0
2025-02-05,3,30.2,0.00,0.00,0.00,0.0,10.7
2025-02-06,75,35.7,4.00,7.70,2.66,14.0,13.8
2025-02-07,3,35.8,0.00,0.00,0.00,0.0,15.3
2025-02-08,75,29.4,0.20,6.40,4.34,4.0,10.3
2025-02-09,75,33.0,4.00,6.40,1.68,9.0,9.6
2025-02-10,3,29.3,0.00,0.00,0.00,0.0,9.2
2025-02-11,73,26.3,0.00,1.90,1.33,5.0,5.1
2025-02-12,73,32.2,0.10,5.00,3.43,12.0,10.1
2025-02-13,71,40.7,6.50,6.60,0.07,13.0,13.0
2025-02-14,3,30.9,0.00,0.00,0.00,0.0,13.2
2025-02-15,73,31.3,4.30,7.10,1.96,9.0,10.0
2025-02-16,63,40.7,36.10,36.10,0.00,21.0,21.2
2025-02-17,3,30.1,0.00,0.00,0.00,0.0,19.7
2025-02-18,3,23.3,0.00,0.00,0.00,0.0,14.1
2025-02-19,3,23.3,0.00,0.00,0.00,0.0,11.8
2025-02-20,71,23.8,0.00,0.90,0.63,7.0,13.9
2025-02-21,3,25.5,0.00,0.00,0.00,0.0,14.3
2025-02-22,3,28.2,0.00,0.00,0.00,0.0,10.7
2025-02-23,3,36.9,0.00,0.00,0.00,0.0,8.6
2025-02-24,3,38.3,0.00,0.00,0.00,0.0,15.0
2025-02-25,3,44.0,0.00,0.00,0.00,0.0,10.2
2025-02-26,51,46.1,0.10,0.10,0.00,1.0,12.4
2025-02-27,53,48.0,2.50,2.50,0.00,9.0,11.1
2025-02-28,3,44.1,0.00,0.00,0.00,0.0,11.3
2025-03-01,3,46.0,0.00,0.00,0.00,0.0,17.4
2025-03-02,3,26.3,0.00,0.00,0.00,0.0,13.1
2025-03-03,3,29.6,0.00,0.00,0.00,0.0,10.1
2025-03-04,3,39.4,0.00,0.00,0.00,0.0,13.0
2025-03-05,65,48.0,31.70,31.70,0.00,7.0,21.0
2025-03-06,63,49.3,6.30,6.30,0.00,3.0,23.5
2025-03-07,3,39.3,0.00,0.00,0.00,0.0,18.9
2025-03-08,3,39.3,0.00,0.00,0.00,0.0,14.7
2025-03-09,3,39.4,0.00,0.00,0.00,0.0,15.0
2025-03-10,2,46.9,0.00,0.00,0.00,0.0,10.0
2025-03-11,1,47.3,0.00,0.00,0.00,0.0,10.3
2025-03-12,3,45.2,0.00,0.00,0.00,0.0,9.8
2025-03-13,3,42.3,0.00,0.00,0.00,0.0,9.4
2025-03-14,3,42.2,0.00,0.00,0.00,0.0,6.1
2025-03-15,51,43.4,0.90,0.90,0.00,8.0,8.3
2025-03-16,63,50.9,11.70,11.70,0.00,4.0,21.6
2025-03-17,63,52.5,35.30,35.30,0.00,13.0,21.6
2025-03-18,3,44.2,0.00,0.00,0.00,0.0,12.5
2025-03-19,3,45.7,0.00,0.00,0.00,0.0,8.2
2025-03-20,63,45.2,6.80,6.80,0.00,5.0,10.9
2025-03-21,61,44.1,4.30,4.30,0.00,6.0,17.4
2025-03-22,51,46.9,0.10,0.10,0.00,1.0,15.5
2025-03-23,3,37.5,0.00,0.00,0.00,0.0,12.6
2025-03-24,63,45.1,16.70,16.70,0.00,15.0,13.7
2025-03-25,3,49.4,0.00,0.00,0.00,0.0,14.5
2025-03-26,51,43.4,0.20,0.20,0.00,1.0,9.6
2025-03-27,1,40.7,0.00,0.00,0.00,0.0,11.0
2025-03-28,51,48.0,0.40,0.40,0.00,1.0,10.2
2025-03-29,63,60.2,7.30,7.30,0.00,7.0,12.2
2025-03-30,51,46.1,0.10,0.10,0.00,1.0,7.6
2025-03-31,63,54.6,13.30,13.30,0.00,12.0,14.1
2025-04-01,63,48.4,8.20,8.20,0.00,5.0,15.4
2025-04-02,3,40.4,0.00,0.00,0.00,0.0,12.1
2025-04-03,55,57.9,3.10,3.10,0.00,9.0,13.6
2025-04-04,63,64.1,7.70,7.70,0.00,7.0,12.4
2025-04-05,61,48.8,2.80,2.80,0.00,6.0,13.7
2025-04-06,61,50.1,2.90,2.90,0.00,6.0,9.9
2025-04-07,61,43.7,9.60,9.60,0.00,16.0,7.8
2025-04-08,3,40.7,0.00,0.00,0.00,0.0,17.2
2025-04-09,2,37.6,0.00,0.00,0.00,0.0,11.7
2025-04-10,51,42.1,0.50,0.50,0.00,4.0,10.7
2025-04-11,61,43.7,9.70,9.70,0.00,15.0,11.6
2025-04-12,71,39.6,15.50,15.90,0.28,20.0,15.2
2025-04-13,51,47.8,0.60,0.60,0.00,5.0,13.5
2025-04-14,3,50.0,0.00,0.00,0.00,0.0,8.2
2025-04-15,63,55.4,7.20,7.20,0.00,3.0,14.3
2025-04-16,3,46.3,0.00,0.00,0.00,0.0,16.2
2025-04-17,1,49.7,0.00,0.00,0.00,0.0,9.7
2025-04-18,3,51.6,0.00,0.00,0.00,0.0,16.2
2025-04-19,51,69.6,0.50,0.50,0.00,3.0,14.6
2025-04-20,3,63.4,0.00,0.00,0.00,0.0,13.5
2025-04-21,51,51.1,0.30,0.30,0.00,2.0,9.6
2025-04-22,51,62.7,0.30,0.30,0.00,3.0,11.4
2025-04-23,3,60.7,0.00,0.00,0.00,0.0,10.2
2025-04-24,3,62.3,0.00,0.00,0.00,0.0,13.2
2025-04-25,3,62.0,0.00,0.00,0.00,0.0,12.1
2025-04-26,65,61.7,25.10,25.10,0.00,15.0,14.2
2025-04-27,3,53.2,0.00,0.00,0.00,0.0,18.3
2025-04-28,2,59.6,0.00,0.00,0.00,0.0,10.4
2025-04-29,3,61.1,0.00,0.00,0.00,0.0,14.4
2025-04-30,3,70.1,0.00,0.00,0.00,0.0,12.3
2025-05-01,51,58.3,0.30,0.30,0.00,1.0,9.0
2025-05-02,63,64.6,4.90,4.90,0.00,6.0,12.0
2025-05-03,65,65.3,14.30,14.30,0.00,4.0,11.4
2025-05-04,63,60.0,15.90,15.90,0.00,14.0,10.8
2025-05-05,63,59.1,13.20,13.20,0.00,14.0,11.2
2025-05-06,65,58.9,29.10,29.10,0.00,10.0,13.0
2025-05-07,53,61.4,0.60,0.60,0.00,2.0,9.0
2025-05-08,3,63.9,0.00,0.00,0.00,0.0,6.5
2025-05-09,63,58.7,16.50,16.50,0.00,14.0,9.0
2025-05-10,3,59.7,0.00,0.00,0.00,0.0,14.8
2025-05-11,3,64.6,0.00,0.00,0.00,0.0,6.6
2025-05-12,3,59.6,0.00,0.00,0.00,0.0,6.7
2025-05-13,55,61.4,3.20,3.20,0.00,10.0,9.3
2025-05-14,63,60.3,25.10,25.10,0.00,18.0,12.7
2025-05-15,51,62.6,0.70,0.70,0.00,6.0,6.2
2025-05-16,51,61.4,0.50,0.50,0.00,2.0,9.4
2025-05-17,53,67.2,1.10,1.10,0.00,2.0,12.5
2025-05-18,51,66.8,0.30,0.30,0.00,2.0,14.6
2025-05-19,2,61.1,0.00,0.00,0.00,0.0,13.5
2025-05-20,3,57.1,0.00,0.00,0.00,0.0,10.3
2025-05-21,61,53.8,5.90,5.90,0.00,12.0,13.8
2025-05-22,63,51.0,21.70,21.70,0.00,19.0,13.4
2025-05-23,55,53.2,2.20,2.20,0.00,9.0,8.5
2025-05-24,51,56.1,0.20,0.20,0.00,2.0,12.2
2025-05-25,51,59.1,0.30,0.30,0.00,3.0,11.2
2025-05-26,3,60.8,0.00,0.00,0.00,0.0,6.2
2025-05-27,3,63.1,0.00,0.00,0.00,0.0,9.0
2025-05-28,63,59.1,12.80,12.80,0.00,10.0,7.3
2025-05-29,51,61.7,1.70,1.70,0.00,9.0,9.5
2025-05-30,51,63.0,0.80,0.80,0.00,5.0,8.1
2025-05-31,65,61.2,34.40,34.40,0.00,14.0,17.2
2025-06-01,3,58.2,0.00,0.00,0.00,0.0,13.1
2025-06-02,3,60.4,0.00,0.00,0.00,0.0,9.2
2025-06-03,1,64.8,0.00,0.00,0.00,0.0,8.1
2025-06-04,3,68.2,0.00,0.00,0.00,0.0,12.8
2025-06-05,3,75.2,0.00,0.00,0.00,0.0,9.5
2025-06-06,3,74.5,0.00,0.00,0.00,0.0,10.4
2025-06-07,53,69.2,2.80,2.80,0.00,10.0,6.6
2025-06-08,53,66.3,0.80,0.80,0.00,3.0,10.8
2025-06-09,53,63.6,3.50,3.50,0.00,15.0,10.3
2025-06-10,63,67.1,15.30,15.30,0.00,7.0,6.8
2025-06-11,3,72.7,0.00,0.00,0.00,0.0,11.1
2025-06-12,3,80.1,0.00,0.00,0.00,0.0,8.9
2025-06-13,51,73.5,0.20,0.20,0.00,1.0,9.0
2025-06-14,53,64.1,5.60,5.60,0.00,15.0,9.4
2025-06-15,61,61.7,5.00,5.00,0.00,7.0,5.9
2025-06-16,53,63.2,2.20,2.20,0.00,10.0,8.2
2025-06-17,63,65.2,5.40,5.40,0.00,9.0,7.7
2025-06-18,63,68.4,17.50,17.50,0.00,9.0,6.3
2025-06-19,51,75.5,0.40,0.40,0.00,2.0,12.0
2025-06-20,51,75.3,0.30,0.30,0.00,2.0,12.8
2025-06-21,51,77.8,0.10,0.10,0.00,1.0,10.4
2025-06-22,51,83.1,0.40,0.40,0.00,2.0,13.3
2025-06-23,51,84.0,0.10,0.10,0.00,1.0,8.3
2025-06-24,3,90.8,0.00,0.00,0.00,0.0,7.0
2025-06-25,51,90.9,0.40,0.40,0.00,2.0,7.1
2025-06-26,51,78.1,0.40,0.40,0.00,1.0,9.6
2025-06-27,63,67.5,4.00,4.00,0.00,2.0,10.4
2025-06-28,53,73.6,1.30,1.30,0.00,7.0,7.7
2025-06-29,3,81.4,0.00,0.00,0.00,0.0,8.3
2025-06-30,3,79.1,0.00,0.00,0.00,0.0,8.4
2025-07-01,61,79.8,8.30,8.30,0.00,14.0,10.4
2025-07-02,61,75.4,6.80,6.80,0.00,13.0,7.0
2025-07-03,61,78.0,1.30,1.30,0.00,1.0,8.2
2025-07-04,1,74.6,0.00,0.00,0.00,0.0,7.0
2025-07-05,3,75.9,0.00,0.00,0.00,0.0,10.5
2025-07-06,3,77.4,0.00,0.00,0.00,0.0,13.4
2025-07-07,53,77.8,1.40,1.40,0.00,5.0,13.1
2025-07-08,65,80.9,19.60,19.60,0.00,8.0,11.1
2025-07-09,53,79.1,1.00,1.00,0.00,3.0,7.1
2025-07-10,63,74.8,18.60,18.60,0.00,10.0,6.8
2025-07-11,51,75.5,0.10,0.10,0.00,1.0,8.1
2025-07-12,3,76.2,0.00,0.00,0.00,0.0,9.1
2025-07-13,51,76.5,0.90,0.90,0.00,4.0,8.7
2025-07-14,63,77.4,13.40,13.40,0.00,11.0,10.5
2025-07-15,63,76.3,9.90,9.90,0.00,12.0,6.8
2025-07-16,61,78.9,3.00,3.00,0.00,6.0,9.4
2025-07-17,63,82.7,6.30,6.30,0.00,5.0,11.8
2025-07-18,3,80.6,0.00,0.00,0.00,0.0,10.5
2025-07-19,53,77.4,0.50,0.50,0.00,1.0,9.3
2025-07-20,65,79.7,13.70,13.70,0.00,15.0,8.4
2025-07-21,61,79.6,3.10,3.10,0.00,4.0,8.2
2025-07-22,51,73.9,0.30,0.30,0.00,3.0,9.2
2025-07-23,3,75.4,0.00,0.00,0.00,0.0,10.4
2025-07-24,3,76.4,0.00,0.00,0.00,0.0,12.9
2025-07-25,63,83.8,4.40,4.40,0.00,4.0,9.7
2025-07-26,3,78.5,0.00,0.00,0.00,0.0,9.9
2025-07-27,61,77.0,2.80,2.80,0.00,8.0,8.8
2025-07-28,1,84.2,0.00,0.00,0.00,0.0,7.1
2025-07-29,3,84.8,0.00,0.00,0.00,0.0,9.3
2025-07-30,61,86.2,1.90,1.90,0.00,2.0,8.5
2025-07-31,65,79.2,17.40,17.40,0.00,15.0,12.6
2025-08-01,51,68.6,0.80,0.80,0.00,5.0,11.6
2025-08-02,3,71.0,0.00,0.00,0.00,0.0,6.5
2025-08-03,2,72.5,0.00,0.00,0.00,0.0,7.9
2025-08-04,3,76.3,0.00,0.00,0.00,0.0,10.4
2025-08-05,51,76.6,0.20,0.20,0.00,2.0,8.0
2025-08-06,53,74.1,1.30,1.30,0.00,3.0,9.1
2025-08-07,53,72.2,0.90,0.90,0.00,2.0,10.5
2025-08-08,0,71.9,0.00,0.00,0.00,0.0,9.7
2025-08-09,2,72.6,0.00,0.00,0.00,0.0,8.0
2025-08-10,3,76.1,0.00,0.00,0.00,0.0,10.4
2025-08-11,3,77.0,0.00,0.00,0.00,0.0,8.8
2025-08-12,3,76.9,0.00,0.00,0.00,0.0,10.3
2025-08-13,55,77.5,1.60,1.60,0.00,2.0,11.2
2025-08-14,51,78.5,0.40,0.40,0.00,4.0,5.9
2025-08-15,1,79.7,0.00,0.00,0.00,0.0,9.4
2025-08-16,51,76.7,0.40,0.40,0.00,4.0,8.8
2025-08-17,65,78.5,11.70,11.70,0.00,6.0,11.9
2025-08-18,3,71.4,0.00,0.00,0.00,0.0,11.6
2025-08-19,3,69.0,0.00,0.00,0.00,0.0,9.5
2025-08-20,53,68.9,2.60,2.60,0.00,10.0,12.8
2025-08-21,53,66.1,1.40,1.40,0.00,4.0,15.9
2025-08-22,0,71.1,0.00,0.00,0.00,0.0,9.4
2025-08-23,2,72.5,0.00,0.00,0.00,0.0,14.8
2025-08-24,53,72.8,2.00,2.00,0.00,3.0,11.8
2025-08-25,51,76.6,0.30,0.30,0.00,2.0,11.5
2025-08-26,51,72.7,0.10,0.10,0.00,1.0,10.8
2025-08-27,51,70.3,0.20,0.20,0.00,2.0,9.3
2025-08-28,51,69.7,0.50,0.50,0.00,2.0,15.4
2025-08-29,51,71.8,0.60,0.60,0.00,4.0,10.2
2025-08-30,1,68.6,0.00,0.00,0.00,0.0,8.5
2025-08-31,3,69.0,0.00,0.00,0.00,0.0,9.1
2025-09-01,3,71.0,0.00,0.00,0.00,0.0,8.5
2025-09-02,2,69.1,0.00,0.00,0.00,0.0,9.0
2025-09-03,1,68.0,0.00,0.00,0.00,0.0,8.2
2025-09-04,53,69.8,1.10,1.10,0.00,2.0,13.9
2025-09-05,61,72.1,4.80,4.80,0.00,4.0,14.7
2025-09-06,63,73.8,14.50,14.50,0.00,12.0,13.0
2025-09-07,63,65.4,11.70,11.70,0.00,16.0,6.9
2025-09-08,3,64.3,0.00,0.00,0.00,0.0,7.6
2025-09-09,3,64.6,0.00,0.00,0.00,0.0,7.5
2025-09-10,61,65.4,3.40,3.40,0.00,3.0,10.7
2025-09-11,3,70.2,0.00,0.00,0.00,0.0,7.2
2025-09-12,3,69.5,0.00,0.00,0.00,0.0,6.6
2025-09-13,51,68.6,0.30,0.30,0.00,2.0,9.3
2025-09-14,51,70.7,0.50,0.50,0.00,4.0,7.0
2025-09-15,51,71.4,0.10,0.10,0.00,1.0,8.5
2025-09-16,3,68.8,0.00,0.00,0.00,0.0,9.2
2025-09-17,65,66.4,21.90,21.90,0.00,13.0,10.1
2025-09-18,51,71.0,0.10,0.10,0.00,1.0,8.1
2025-09-19,0,75.4,0.00,0.00,0.00,0.0,8.3
2025-09-20,3,67.7,0.00,0.00,0.00,0.0,8.8
2025-09-21,3,64.1,0.00,0.00,0.00,0.0,8.7
2025-09-22,3,63.9,0.00,0.00,0.00,0.0,8.2
2025-09-23,63,70.7,3.50,3.50,0.00,2.0,9.5
2025-09-24,63,71.5,5.00,5.00,0.00,5.0,8.1
2025-09-25,65,71.2,36.50,36.50,0.00,20.0,12.7
2025-09-26,3,72.4,0.00,0.00,0.00,0.0,7.4
2025-09-27,3,69.6,0.00,0.00,0.00,0.0,5.1
2025-09-28,55,70.9,4.40,4.40,0.00,6.0,6.3
2025-09-29,3,69.6,0.00,0.00,0.00,0.0,7.7
2025-09-30,3,69.2,0.00,0.00,0.00,0.0,7.2
2025-10-01,2,62.2,0.00,0.00,0.00,0.0,10.6
2025-10-02,3,58.7,0.00,0.00,0.00,0.0,6.7
2025-10-03,3,60.1,0.00,0.00,0.00,0.0,9.7
2025-10-04,3,65.9,0.00,0.00,0.00,0.0,7.3
2025-10-05,2,69.2,0.00,0.00,0.00,0.0,7.5
2025-10-06,2,67.6,0.00,0.00,0.00,0.0,10.0
2025-10-07,3,69.2,0.00,0.00,0.00,0.0,15.1
2025-10-08,61,66.7,8.20,8.20,0.00,11.0,13.0
2025-10-09,0,54.1,0.00,0.00,0.00,0.0,10.3
2025-10-10,3,53.6,0.00,0.00,0.00,0.0,7.6
2025-10-11,53,59.8,2.50,2.50,0.00,5.0,11.6
2025-10-12,63,59.5,14.10,14.10,0.00,13.0,16.9
2025-10-13,65,58.0,45.40,45.40,0.00,20.0,19.1
2025-10-14,3,57.9,0.00,0.00,0.00,0.0,13.9
2025-10-15,51,60.0,0.20,0.20,0.00,2.0,9.8
2025-10-16,3,51.9,0.00,0.00,0.00,0.0,11.8
2025-10-17,2,52.7,0.00,0.00,0.00,0.0,9.4
2025-10-18,3,54.5,0.00,0.00,0.00,0.0,6.9
2025-10-19,3,63.2,0.00,0.00,0.00,0.0,17.7
2025-10-20,61,61.5,5.20,5.20,0.00,6.0,19.8
2025-10-21,51,57.6,0.30,0.30,0.00,1.0,13.5
2025-10-22,63,58.5,12.10,12.10,0.00,6.0,13.3
2025-10-23,2,54.1,0.00,0.00,0.00,0.0,10.2
2025-10-24,2,51.6,0.00,0.00,0.00,0.0,8.6
2025-10-25,3,51.4,0.00,0.00,0.00,0.0,8.1
