latitude,longitude,elevation,utc_offset_seconds,timezone,timezone_abbreviation
40.738136,-74.04254,1.0,-14400,America/New_York,GMT-4

time,weather_code (wmo code),temperature_2m_mean (°F),temperature_2m_max (°F),temperature_2m_min (°F),apparent_temperature_mean (°F),apparent_temperature_max (°F),apparent_temperature_min (°F),wind_speed_10m_max (mp/h),wind_gusts_10m_max (mp/h),wind_direction_10m_dominant (°),sunrise (iso8601),sunset (iso8601),daylight_duration (s),sunshine_duration (s),precipitation_sum (mm),rain_sum (mm),snowfall_sum (cm),precipitation_hours (h)
2015-01-01,1,29.6,36.7,24.4,19.2,25.4,14.5,13.2,26.8,235,2015-01-01T08:20,2015-01-01T17:39,33525.93,29236.59,0.00,0.00,0.00,0.0
2015-01-02,3,34.0,41.8,28.1,25.1,32.5,21.0,12.4,23.0,259,2015-01-02T08:20,2015-01-02T17:39,33570.76,29150.96,0.00,0.00,0.00,0.0
2015-01-03,75,33.9,44.5,26.4,27.0,39.6,19.7,9.8,19.9,83,2015-01-03T08:20,2015-01-03T17:40,33619.79,6444.89,16.50,12.10,3.08,10.0
2015-01-04,61,49.6,56.4,44.3,45.6,53.5,40.2,13.9,29.1,234,2015-01-04T08:20,2015-01-04T17:41,33672.91,0.00,7.20,7.20,0.00,13.0
2015-01-05,3,34.5,45.2,25.2,23.7,37.5,13.8,16.6,31.1,286,2015-01-05T08:20,2015-01-05T17:42,33729.98,29161.29,0.00,0.00,0.00,0.0
2015-01-06,73,22.1,24.5,20.2,13.1,15.8,9.7,10.6,21.3,273,2015-01-06T08:20,2015-01-06T17:43,33790.88,2786.08,1.20,0.00,1.05,6.0
2015-01-07,3,19.4,24.7,9.9,7.4,12.8,-3.7,18.3,37.6,289,2015-01-07T08:20,2015-01-07T17:44,33855.48,29642.03,0.00,0.00,0.00,0.0
2015-01-08,3,14.3,21.4,8.3,3.0,10.4,-5.1,16.1,30.9,270,2015-01-08T08:20,2015-01-08T17:45,33923.66,29650.48,0.00,0.00,0.00,0.0
2015-01-09,73,25.3,33.3,16.9,14.6,20.7,6.6,15.4,33.3,235,2015-01-09T08:19,2015-01-09T17:46,33995.27,19859.59,0.90,0.00,0.63,4.0
2015-01-10,0,18.8,23.0,14.6,8.5,12.1,4.1,10.9,22.4,269,2015-01-10T08:19,2015-01-10T17:47,34070.20,30137.60,0.00,0.00,0.00,0.0
2015-01-11,3,24.6,35.7,16.1,15.8,26.0,7.0,9.3,17.4,214,2015-01-11T08:19,2015-01-11T17:48,34148.32,28977.10,0.00,0.00,0.00,0.0
2015-01-12,61,33.9,36.5,29.8,27.6,31.5,22.5,7.8,17.4,244,2015-01-12T08:19,2015-01-12T17:49,34229.51,0.00,12.40,12.40,0.00,14.0
2015-01-13,71,26.2,34.9,17.6,16.7,28.8,8.4,12.3,23.3,0,2015-01-13T08:18,2015-01-13T17:50,34313.63,30302.51,1.10,0.80,0.21,3.0
2015-01-14,3,23.9,32.0,17.2,15.3,24.2,7.1,8.4,15.2,24,2015-01-14T08:18,2015-01-14T17:51,34400.57,18409.40,0.00,0.00,0.00,0.0
2015-01-15,2,27.6,34.4,22.8,19.7,25.3,15.7,8.1,15.4,292,2015-01-15T08:18,2015-01-15T17:52,34490.19,30338.47,0.00,0.00,0.00,0.0
2015-01-16,3,29.9,40.8,21.1,19.6,29.5,9.6,14.2,26.8,285,2015-01-16T08:17,2015-01-16T17:54,34582.37,30679.45,0.00,0.00,0.00,0.0
2015-01-17,3,22.3,28.8,16.9,13.1,19.7,7.5,10.9,21.5,291,2015-01-17T08:17,2015-01-17T17:55,34677.00,30681.21,0.00,0.00,0.00,0.0
2015-01-18,63,35.3,43.8,26.2,29.7,39.8,18.2,7.0,15.0,212,2015-01-18T08:16,2015-01-18T17:56,34773.96,0.00,34.10,34.10,0.00,14.0
2015-01-19,3,33.7,41.6,29.0,24.9,31.1,20.4,14.1,28.9,276,2015-01-19T08:16,2015-01-19T17:57,34873.11,26920.64,0.00,0.00,0.00,0.0
2015-01-20,3,33.1,41.4,27.3,25.7,33.5,19.9,7.4,13.9,280,2015-01-20T08:15,2015-01-20T17:58,34974.72,28987.99,0.00,0.00,0.00,0.0
2015-01-21,71,28.1,34.4,22.0,20.7,27.1,13.9,5.1,8.9,16,2015-01-21T08:15,2015-01-21T17:59,35079.82,20074.90,0.10,0.00,0.28,1.0
2015-01-22,71,32.1,40.2,27.2,25.0,33.1,19.4,7.7,16.1,314,2015-01-22T08:14,2015-01-22T18:00,35188.30,30705.18,0.40,0.00,0.28,3.0
2015-01-23,3,30.5,38.6,23.9,22.9,30.3,16.4,7.5,13.6,261,2015-01-23T08:13,2015-01-23T18:02,35300.01,31181.83,0.00,0.00,0.00,0.0
2015-01-24,75,33.1,35.9,31.0,26.0,29.3,22.3,10.1,20.4,334,2015-01-24T08:12,2015-01-24T18:03,35414.72,77.89,21.80,6.10,11.06,15.0
2015-01-25,3,30.2,38.8,25.0,21.8,30.0,17.3,11.0,21.3,282,2015-01-25T08:12,2015-01-25T18:04,35532.27,31836.50,0.00,0.00,0.00,0.0
2015-01-26,73,24.1,26.8,21.9,13.5,16.7,11.6,16.4,31.3,34,2015-01-26T08:11,2015-01-26T18:05,35652.46,2274.35,5.80,0.00,4.20,19.0
2015-01-27,75,22.0,26.2,18.5,10.8,16.3,6.4,16.3,30.0,350,2015-01-27T08:10,2015-01-27T18:06,35775.14,2013.64,12.10,0.00,8.54,15.0
2015-01-28,3,17.0,26.8,10.5,7.2,17.8,0.6,10.4,18.8,318,2015-01-28T08:09,2015-01-28T18:08,35900.11,32390.08,0.00,0.00,0.00,0.0
2015-01-29,71,16.1,30.8,3.8,8.0,24.7,-5.8,7.3,11.6,2,2015-01-29T08:08,2015-01-29T18:09,36027.20,24427.22,0.40,0.00,0.35,2.0
2015-01-30,73,29.2,35.1,15.5,20.4,26.2,2.3,16.2,31.8,302,2015-01-30T08:08,2015-01-30T18:10,36156.26,20858.01,2.50,0.00,1.89,10.0
2015-01-31,0,13.5,21.7,6.5,1.6,10.5,-6.2,16.9,31.3,307,2015-01-31T08:07,2015-01-31T18:11,36287.10,32809.99,0.00,0.00,0.00,0.0
2015-02-01,73,18.8,33.3,6.1,11.0,26.7,-3.3,6.9,11.6,249,2015-02-01T08:06,2015-02-01T18:13,36419.57,28122.96,0.30,0.00,0.35,1.0
2015-02-02,75,29.7,36.6,16.4,20.7,28.8,4.5,14.3,30.0,25,2015-02-02T08:05,2015-02-02T18:14,36553.51,53.00,26.90,15.20,8.26,20.0
2015-02-03,3,12.3,22.1,4.2,2.8,12.8,-4.4,13.6,27.1,275,2015-02-03T08:04,2015-02-03T18:15,36688.75,32626.17,0.00,0.00,0.00,0.0
2015-02-04,3,23.9,37.1,8.3,15.9,30.4,-1.3,7.2,13.9,212,2015-02-04T08:03,2015-02-04T18:16,36825.16,31709.70,0.00,0.00,0.00,0.0
2015-02-05,73,25.0,33.0,9.4,15.2,26.7,-1.4,15.5,29.5,319,2015-02-05T08:02,2015-02-05T18:18,36962.57,19926.33,0.90,0.00,0.70,4.0
2015-02-06,71,9.3,22.8,-2.6,-0.4,13.1,-11.9,11.1,21.3,265,2015-02-06T08:00,2015-02-06T18:19,37100.84,33686.84,0.00,0.00,0.07,0.0
2015-02-07,71,20.1,33.2,7.8,12.3,26.8,-1.1,7.2,11.2,228,2015-02-07T07:59,2015-02-07T18:20,37239.82,18680.66,0.00,0.00,0.14,0.0
2015-02-08,51,32.9,38.6,27.5,26.2,32.4,20.9,8.4,15.0,61,2015-02-08T07:58,2015-02-08T18:21,37379.37,9511.22,0.10,0.10,0.00,1.0
2015-02-09,73,26.7,32.3,24.5,17.3,24.4,14.4,11.8,24.2,33,2015-02-09T07:57,2015-02-09T18:23,37519.79,0.00,3.90,2.20,1.40,15.0
2015-02-10,71,27.5,34.8,22.8,18.1,26.6,12.5,11.6,22.6,13,2015-02-10T07:56,2015-02-10T18:24,37662.34,25438.17,0.30,0.00,0.35,2.0
2015-02-11,3,23.7,29.1,17.8,14.7,22.0,7.7,11.4,20.1,23,2015-02-11T07:55,2015-02-11T18:25,37806.96,34441.46,0.00,0.00,0.00,0.0
2015-02-12,71,26.7,37.0,18.8,18.5,30.2,6.5,14.6,29.1,260,2015-02-12T07:54,2015-02-12T18:26,37953.48,23675.46,0.40,0.30,0.07,2.0
2015-02-13,1,10.2,17.7,3.8,-1.0,7.6,-7.7,15.7,28.9,299,2015-02-13T07:52,2015-02-13T18:27,38101.76,34742.37,0.00,0.00,0.00,0.0
2015-02-14,73,18.8,31.0,7.4,10.5,22.5,-2.4,8.5,18.3,206,2015-02-14T07:51,2015-02-14T18:29,38251.63,14818.31,1.00,0.00,0.77,5.0
2015-02-15,73,13.3,22.1,1.3,-0.1,13.0,-11.8,20.7,41.2,309,2015-02-15T07:50,2015-02-15T18:30,38402.93,30902.90,1.40,0.00,1.19,6.0
2015-02-16,3,7.3,18.1,-1.9,-3.4,8.5,-13.9,14.2,27.1,296,2015-02-16T07:48,2015-02-16T18:31,38555.52,29196.74,0.00,0.00,0.00,0.0
2015-02-17,73,17.4,24.5,11.8,9.5,17.3,4.2,7.4,16.1,356,2015-02-17T07:47,2015-02-17T18:32,38709.25,26084.95,3.00,0.00,2.31,10.0
2015-02-18,3,17.2,27.4,7.0,9.6,21.8,-1.3,6.0,11.0,331,2015-02-18T07:46,2015-02-18T18:33,38863.97,35163.42,0.00,0.00,0.00,0.0
2015-02-19,3,14.3,19.4,6.8,2.7,7.8,-4.7,17.9,34.4,283,2015-02-19T07:44,2015-02-19T18:35,39019.54,35386.43,0.00,0.00,0.00,0.0
2015-02-20,0,5.4,16.2,-2.9,-5.9,5.8,-14.9,15.0,29.1,277,2015-02-20T07:43,2015-02-20T18:36,39175.81,35592.25,0.00,0.00,0.00,0.0
2015-02-21,75,15.9,29.0,0.2,6.8,22.2,-9.6,11.3,22.6,202,2015-02-21T07:41,2015-02-21T18:37,39332.66,13828.71,10.30,0.00,7.21,9.0
2015-02-22,75,33.0,41.7,27.2,27.4,36.1,19.9,6.3,11.4,248,2015-02-22T07:40,2015-02-22T18:38,39489.95,25803.99,7.20,1.80,3.78,11.0
2015-02-23,3,19.8,29.0,4.9,9.7,21.2,-4.5,13.4,25.5,315,2015-02-23T07:39,2015-02-23T18:39,39647.53,25577.24,0.00,0.00,0.00,0.0
2015-02-24,3,8.0,19.1,-3.3,-0.8,10.3,-13.0,8.9,16.8,225,2015-02-24T07:37,2015-02-24T18:41,39805.29,35699.81,0.00,0.00,0.00,0.0
2015-02-25,3,19.6,33.8,5.2,10.8,24.1,-4.3,12.2,23.3,267,2015-02-25T07:36,2015-02-25T18:42,39963.09,36281.89,0.00,0.00,0.00,0.0
2015-02-26,71,21.0,26.3,17.6,12.1,18.7,8.3,10.1,20.6,14,2015-02-26T07:34,2015-02-26T18:43,40120.80,21355.18,0.80,0.00,0.56,5.0
2015-02-27,3,16.2,27.1,8.1,7.7,18.5,-0.6,7.8,15.0,319,2015-02-27T07:33,2015-02-27T18:44,40278.30,36940.32,0.00,0.00,0.00,0.0
2015-02-28,1,14.1,25.4,0.4,5.8,18.2,-8.9,6.7,13.0,295,2015-02-28T07:31,2015-02-28T18:45,40435.46,37093.22,0.00,0.00,0.00,0.0
2015-03-01,75,22.0,29.2,15.1,14.7,21.0,6.6,6.7,12.1,235,2015-03-01T07:30,2015-03-01T18:46,40592.58,0.00,11.70,0.30,8.05,11.0
2015-03-02,71,29.9,35.6,21.0,21.3,24.7,12.3,15.4,31.3,293,2015-03-02T07:28,2015-03-02T18:47,40750.86,34891.92,0.30,0.20,0.07,1.0
2015-03-03,73,22.3,35.0,11.1,14.1,26.9,1.9,9.7,21.3,214,2015-03-03T07:27,2015-03-03T18:49,40910.27,16971.81,10.60,6.40,2.94,9.0
2015-03-04,55,37.8,40.5,36.3,31.6,35.4,27.4,12.8,24.4,236,2015-03-04T07:25,2015-03-04T18:50,41070.70,2319.40,4.90,4.90,0.00,13.0
2015-03-05,75,28.6,36.2,20.4,20.8,30.0,10.5,9.7,18.3,320,2015-03-05T07:24,2015-03-05T18:51,41232.03,0.00,18.80,5.30,9.52,23.0
2015-03-06,71,13.8,21.5,4.7,5.5,16.3,-4.3,10.8,19.5,304,2015-03-06T07:22,2015-03-06T18:52,41394.14,37832.95,0.00,0.00,0.07,0.0
2015-03-07,3,17.2,34.3,1.8,8.6,26.4,-7.8,9.8,19.2,240,2015-03-07T07:20,2015-03-07T18:53,41556.91,37061.89,0.00,0.00,0.00,0.0
2015-03-08,3,31.2,43.2,21.3,23.9,35.4,13.8,12.7,25.3,262,2015-03-08T07:19,2015-03-08T18:54,41720.25,37866.91,0.00,0.00,0.00,0.0
2015-03-09,51,34.0,45.5,22.8,27.5,40.7,14.6,7.3,14.1,262,2015-03-09T07:17,2015-03-09T18:55,41884.02,34168.00,0.10,0.10,0.00,1.0
2015-03-10,61,37.2,43.8,29.9,32.0,39.1,24.1,5.8,11.9,142,2015-03-10T07:15,2015-03-10T18:56,42048.11,19956.49,6.30,6.30,0.00,7.0
2015-03-11,55,42.4,52.4,33.7,36.9,47.0,26.1,9.1,17.7,281,2015-03-11T07:14,2015-03-11T18:58,42212.42,38432.16,3.40,3.40,0.00,5.0
2015-03-12,0,35.9,42.4,25.8,26.5,32.9,17.7,14.6,27.3,319,2015-03-12T07:12,2015-03-12T18:59,42376.84,39094.37,0.00,0.00,0.00,0.0
2015-03-13,3,31.3,38.9,23.1,23.8,32.4,15.0,7.8,15.2,133,2015-03-13T07:11,2015-03-13T19:00,42541.25,36193.79,0.00,0.00,0.00,0.0
2015-03-14,61,38.4,43.7,33.8,33.2,40.5,26.6,6.7,10.7,208,2015-03-14T07:09,2015-03-14T19:01,42705.55,0.00,20.50,20.50,0.00,20.0
2015-03-15,3,38.9,43.8,33.8,29.6,34.8,24.5,19.2,36.5,301,2015-03-15T07:07,2015-03-15T19:02,42869.62,36164.71,0.00,0.00,0.00,0.0
2015-03-16,3,37.1,47.0,26.1,30.9,43.0,18.8,10.2,20.6,272,2015-03-16T07:06,2015-03-16T19:03,43033.36,36462.77,0.00,0.00,0.00,0.0
2015-03-17,51,41.8,54.1,29.9,33.9,46.4,18.9,19.6,36.7,297,2015-03-17T07:04,2015-03-17T19:04,43196.67,27692.79,0.80,0.80,0.00,3.0
2015-03-18,3,31.0,37.6,24.5,19.9,25.0,16.4,18.8,35.8,313,2015-03-18T07:02,2015-03-18T19:05,43359.42,40190.35,0.00,0.00,0.00,0.0
2015-03-19,3,29.6,40.2,21.2,21.2,31.3,12.1,10.3,20.6,315,2015-03-19T07:01,2015-03-19T19:06,43521.52,40353.64,0.00,0.00,0.00,0.0
2015-03-20,75,30.7,36.0,26.0,23.2,28.7,18.6,9.1,17.7,69,2015-03-20T06:59,2015-03-20T19:07,43682.84,0.00,11.00,0.00,7.77,13.0
2015-03-21,71,36.7,47.2,29.0,31.0,41.4,22.0,7.9,16.6,291,2015-03-21T06:57,2015-03-21T19:08,43843.66,35825.26,0.10,0.00,0.42,1.0
2015-03-22,2,33.9,39.8,23.7,25.2,33.0,14.3,14.0,27.3,313,2015-03-22T06:56,2015-03-22T19:09,44005.07,40838.93,0.00,0.00,0.00,0.0
2015-03-23,3,26.6,36.7,17.3,17.5,27.8,7.4,11.6,22.6,323,2015-03-23T06:54,2015-03-23T19:10,44167.09,41000.95,0.00,0.00,0.00,0.0
2015-03-24,3,31.6,41.8,24.9,24.8,35.5,16.8,5.1,8.9,343,2015-03-24T06:53,2015-03-24T19:11,44329.59,41163.20,0.00,0.00,0.00,0.0
2015-03-25,71,35.6,44.5,27.5,29.7,38.9,21.2,10.6,19.5,159,2015-03-25T06:51,2015-03-25T19:13,44492.49,28045.13,2.00,1.90,0.07,3.0
2015-03-26,63,48.6,59.2,35.6,45.8,57.9,30.7,12.7,35.3,217,2015-03-26T06:49,2015-03-26T19:14,44655.70,14564.85,7.90,7.90,0.00,9.0
2015-03-27,55,40.8,47.5,34.8,35.2,43.1,27.4,10.1,21.7,333,2015-03-27T06:48,2015-03-27T19:15,44819.09,2938.91,6.50,6.50,0.00,10.0
2015-03-28,71,35.1,40.0,29.2,25.5,30.1,18.6,13.1,24.6,333,2015-03-28T06:46,2015-03-28T19:16,44982.58,28598.96,0.00,0.00,0.07,0.0
2015-03-29,3,33.7,43.8,26.4,25.1,36.9,15.8,10.9,22.6,312,2015-03-29T06:44,2015-03-29T19:17,45146.07,41974.81,0.00,0.00,0.00,0.0
2015-03-30,71,40.8,52.1,30.9,32.6,43.9,21.8,14.2,28.2,237,2015-03-30T06:43,2015-03-30T19:18,45309.45,22849.71,0.10,0.00,0.14,1.0
2015-03-31,73,37.1,43.7,29.9,30.8,37.3,23.0,7.7,19.7,292,2015-03-31T06:41,2015-03-31T19:19,45472.62,20141.63,5.30,4.60,0.49,11.0
2015-04-01,3,39.3,50.7,30.1,31.9,42.9,21.2,11.0,19.9,317,2015-04-01T06:39,2015-04-01T19:20,45635.49,42458.45,0.00,0.00,0.00,0.0
2015-04-02,53,46.1,61.2,28.7,39.6,54.7,22.0,13.7,28.6,213,2015-04-02T06:38,2015-04-02T19:21,45797.94,39345.19,0.90,0.90,0.00,2.0
2015-04-03,61,55.8,59.4,50.8,53.1,59.8,43.5,12.7,28.9,223,2015-04-03T06:36,2015-04-03T19:22,45959.87,1555.99,5.40,5.40,0.00,10.0
2015-04-04,55,49.6,58.3,38.4,41.7,54.3,31.8,20.1,38.7,295,2015-04-04T06:34,2015-04-04T19:23,46121.17,42936.28,1.90,1.90,0.00,4.0
2015-04-05,3,46.2,59.3,33.8,39.0,52.8,26.3,16.9,31.1,259,2015-04-05T06:33,2015-04-05T19:24,46281.74,41696.07,0.00,0.00,0.00,0.0
2015-04-06,51,49.2,62.5,33.2,45.1,61.6,26.9,8.0,15.2,119,2015-04-06T06:31,2015-04-06T19:25,46441.47,43156.19,0.30,0.30,0.00,1.0
2015-04-07,53,50.9,60.2,43.0,47.4,58.1,37.3,9.7,18.8,64,2015-04-07T06:29,2015-04-07T19:26,46600.24,18912.79,3.40,3.40,0.00,12.0
2015-04-08,51,41.6,44.8,39.8,34.1,36.5,31.7,12.7,27.3,67,2015-04-08T06:28,2015-04-08T19:27,46757.94,414.24,0.50,0.50,0.00,3.0
2015-04-09,51,39.7,44.4,37.6,33.1,38.7,30.5,9.4,18.3,60,2015-04-09T06:26,2015-04-09T19:28,46914.45,388.90,0.20,0.20,0.00,2.0
2015-04-10,51,48.5,57.5,39.3,44.9,56.1,32.5,10.1,21.3,188,2015-04-10T06:25,2015-04-10T19:29,47070.03,0.00,0.70,0.70,0.00,4.0
2015-04-11,3,50.9,56.5,43.4,44.2,50.7,36.4,12.9,26.4,296,2015-04-11T06:23,2015-04-11T19:30,47225.71,43200.00,0.00,0.00,0.00,0.0
2015-04-12,2,48.9,62.8,35.0,44.1,60.7,29.2,6.7,15.2,247,2015-04-12T06:22,2015-04-12T19:31,47381.52,43357.61,0.00,0.00,0.00,0.0
2015-04-13,3,52.8,65.9,39.8,48.3,63.6,34.7,11.2,20.1,188,2015-04-13T06:20,2015-04-13T19:32,47537.32,37878.56,0.00,0.00,0.00,0.0
2015-04-14,51,55.9,62.2,51.5,53.0,59.2,47.5,11.1,19.9,235,2015-04-14T06:19,2015-04-14T19:33,47693.02,435.17,1.00,1.00,0.00,4.0
2015-04-15,3,55.7,66.8,45.7,50.0,61.7,38.7,10.4,21.5,341,2015-04-15T06:17,2015-04-15T19:35,47848.52,41300.20,0.00,0.00,0.00,0.0
2015-04-16,3,51.3,59.5,42.1,45.9,55.4,36.8,8.8,16.6,115,2015-04-16T06:15,2015-04-16T19:36,48003.71,43200.00,0.00,0.00,0.00,0.0
2015-04-17,61,58.2,67.5,50.8,55.6,67.3,45.9,9.8,23.7,232,2015-04-17T06:14,2015-04-17T19:37,48158.47,24730.06,3.60,3.60,0.00,6.0
2015-04-18,3,61.7,74.7,46.7,59.5,74.2,43.1,11.4,23.9,304,2015-04-18T06:12,2015-04-18T19:38,48312.70,44178.68,0.00,0.00,0.00,0.0
2015-04-19,3,51.1,56.3,44.9,45.4,53.9,38.3,10.6,20.8,84,2015-04-19T06:11,2015-04-19T19:39,48466.29,41125.94,0.00,0.00,0.00,0.0
2015-04-20,63,52.0,60.0,45.0,47.6,60.9,37.8,17.5,38.5,100,2015-04-20T06:09,2015-04-20T19:40,48619.12,9040.29,26.80,26.80,0.00,14.0
2015-04-21,63,56.7,64.4,48.2,53.0,59.7,43.8,12.8,24.4,265,2015-04-21T06:08,2015-04-21T19:41,48771.07,42301.03,6.90,6.90,0.00,5.0
2015-04-22,61,53.0,66.2,42.1,48.2,60.7,37.3,14.8,31.5,216,2015-04-22T06:06,2015-04-22T19:42,48922.03,35373.55,4.00,4.00,0.00,4.0
2015-04-23,51,44.9,50.2,39.8,35.5,40.5,31.6,17.4,33.6,282,2015-04-23T06:05,2015-04-23T19:43,49071.86,43925.63,0.40,0.40,0.00,2.0
2015-04-24,3,41.5,48.5,35.3,31.3,37.2,25.4,15.4,29.8,313,2015-04-24T06:04,2015-04-24T19:44,49220.45,33891.44,0.00,0.00,0.00,0.0
2015-04-25,3,45.3,57.9,34.1,39.0,52.4,26.4,9.2,20.1,292,2015-04-25T06:02,2015-04-25T19:45,49367.67,44877.27,0.00,0.00,0.00,0.0
2015-04-26,3,49.0,57.3,39.8,43.4,53.0,33.6,8.7,17.7,356,2015-04-26T06:01,2015-04-26T19:46,49513.38,36252.96,0.00,0.00,0.00,0.0
2015-04-27,3,50.4,58.9,41.5,43.5,50.6,35.0,11.6,21.5,315,2015-04-27T05:59,2015-04-27T19:47,49657.45,44987.30,0.00,0.00,0.00,0.0
2015-04-28,3,54.6,65.8,47.0,48.0,60.7,39.3,11.8,27.5,338,2015-04-28T05:58,2015-04-28T19:48,49799.76,44901.07,0.00,0.00,0.00,0.0
2015-04-29,2,59.1,72.3,48.6,55.4,69.9,43.0,9.3,19.9,318,2015-04-29T05:57,2015-04-29T19:49,49940.15,46052.96,0.00,0.00,0.00,0.0
2015-04-30,3,52.4,60.3,45.4,47.8,56.2,40.6,11.0,21.7,80,2015-04-30T05:56,2015-04-30T19:50,50078.84,45157.32,0.00,0.00,0.00,0.0
2015-05-01,3,50.2,56.7,46.1,46.0,53.3,42.1,6.5,16.6,90,2015-05-01T05:54,2015-05-01T19:51,50216.84,31805.82,0.00,0.00,0.00,0.0
2015-05-02,1,52.1,64.3,44.3,49.7,64.5,41.7,10.6,19.7,155,2015-05-02T05:53,2015-05-02T19:52,50354.12,46530.51,0.00,0.00,0.00,0.0
2015-05-03,2,58.0,73.9,43.4,56.0,74.9,39.8,7.6,14.8,188,2015-05-03T05:52,2015-05-03T19:53,50490.59,46961.09,0.00,0.00,0.00,0.0
2015-05-04,1,65.3,79.4,48.8,62.6,78.4,45.8,10.7,18.8,212,2015-05-04T05:51,2015-05-04T19:54,50626.10,47263.46,0.00,0.00,0.00,0.0
2015-05-05,3,69.3,79.1,59.0,69.1,80.6,57.4,9.4,18.1,245,2015-05-05T05:49,2015-05-05T19:55,50760.56,45822.14,0.00,0.00,0.00,0.0
2015-05-06,3,63.5,67.6,55.4,61.5,66.0,54.8,8.0,15.2,32,2015-05-06T05:48,2015-05-06T19:56,50893.85,37241.27,0.00,0.00,0.00,0.0
2015-05-07,1,62.9,75.0,50.6,62.1,76.7,48.7,8.4,16.3,169,2015-05-07T05:47,2015-05-07T19:58,51025.82,47638.49,0.00,0.00,0.00,0.0
2015-05-08,2,64.7,79.8,52.1,64.6,83.9,51.2,9.8,17.7,175,2015-05-08T05:46,2015-05-08T19:59,51156.38,47760.65,0.00,0.00,0.00,0.0
2015-05-09,3,60.3,65.8,53.5,60.5,66.8,51.4,6.5,13.9,92,2015-05-09T05:45,2015-05-09T20:00,51285.38,3797.06,0.00,0.00,0.00,0.0
2015-05-10,3,69.3,80.9,60.5,71.6,84.5,62.3,9.3,19.9,209,2015-05-10T05:44,2015-05-10T20:01,51412.69,34411.27,0.00,0.00,0.00,0.0
2015-05-11,51,70.5,80.2,64.7,73.2,83.6,67.4,9.6,20.8,194,2015-05-11T05:43,2015-05-11T20:02,51538.19,30790.75,0.60,0.60,0.00,4.0
2015-05-12,3,74.7,85.1,64.9,74.6,84.9,63.7,15.2,32.9,259,2015-05-12T05:42,2015-05-12T20:03,51661.73,42552.70,0.00,0.00,0.00,0.0
2015-05-13,3,61.1,66.4,54.8,53.8,58.9,47.9,15.8,31.1,316,2015-05-13T05:40,2015-05-13T20:04,51783.18,44181.68,0.00,0.00,0.00,0.0
2015-05-14,2,59.5,69.6,49.1,54.5,67.3,42.9,10.3,19.7,321,2015-05-14T05:39,2015-05-14T20:05,51902.40,48455.59,0.00,0.00,0.00,0.0
2015-05-15,3,61.9,72.5,51.5,57.5,70.3,47.5,10.2,21.0,207,2015-05-15T05:39,2015-05-15T20:06,52019.25,44421.91,0.00,0.00,0.00,0.0
2015-05-16,61,66.0,78.3,55.6,66.6,80.3,52.6,7.7,13.9,188,2015-05-16T05:38,2015-05-16T20:07,52133.57,30795.17,6.30,6.30,0.00,8.0
2015-05-17,63,71.9,80.6,62.5,76.3,89.0,65.7,4.9,13.4,270,2015-05-17T05:37,2015-05-17T20:07,52245.23,43300.71,6.30,6.30,0.00,4.0
2015-05-18,3,62.8,68.1,57.8,62.7,71.5,56.7,10.1,22.1,98,2015-05-18T05:36,2015-05-18T20:08,52354.06,25065.93,0.00,0.00,0.00,0.0
2015-05-19,55,64.8,77.4,57.6,66.4,80.0,57.1,7.2,13.9,209,2015-05-19T05:35,2015-05-19T20:09,52459.93,21648.35,5.80,5.80,0.00,9.0
2015-05-20,3,60.0,67.1,53.7,54.1,65.6,47.9,14.1,28.4,316,2015-05-20T05:34,2015-05-20T20:10,52562.96,44323.12,0.00,0.00,0.00,0.0
2015-05-21,3,54.5,59.3,49.2,50.0,54.8,44.9,7.2,16.3,231,2015-05-21T05:33,2015-05-21T20:11,52664.00,29493.17,0.00,0.00,0.00,0.0
2015-05-22,3,61.8,71.2,52.7,56.6,66.7,48.4,15.9,29.8,294,2015-05-22T05:33,2015-05-22T20:12,52762.99,49251.12,0.00,0.00,0.00,0.0
2015-05-23,2,57.5,66.8,48.8,51.7,62.3,41.1,10.6,22.1,300,2015-05-23T05:32,2015-05-23T20:13,52859.85,49340.31,0.00,0.00,0.00,0.0
2015-05-24,3,64.5,77.7,50.2,60.6,75.5,44.5,8.7,18.1,230,2015-05-24T05:31,2015-05-24T20:14,52954.48,48241.28,0.00,0.00,0.00,0.0
2015-05-25,3,71.3,83.6,57.8,70.7,84.4,57.6,11.1,21.5,208,2015-05-25T05:31,2015-05-25T20:15,53046.77,49263.21,0.00,0.00,0.00,0.0
2015-05-26,3,74.0,86.4,63.6,74.3,91.1,62.3,10.5,20.6,202,2015-05-26T05:30,2015-05-26T20:16,53136.62,49194.52,0.00,0.00,0.00,0.0
2015-05-27,63,74.4,85.5,66.4,77.3,91.0,68.1,12.1,27.7,201,2015-05-27T05:29,2015-05-27T20:16,53223.91,45704.58,3.30,3.30,0.00,4.0
2015-05-28,63,74.7,86.4,66.0,79.0,93.2,69.7,9.2,19.9,227,2015-05-28T05:29,2015-05-28T20:17,53308.57,42021.55,3.80,3.80,0.00,4.0
2015-05-29,3,70.0,80.0,60.7,71.4,85.3,60.5,8.5,19.2,86,2015-05-29T05:28,2015-05-29T20:18,53390.46,49738.68,0.00,0.00,0.00,0.0
2015-05-30,3,72.6,83.6,62.9,74.5,88.4,64.5,11.9,23.5,190,2015-05-30T05:28,2015-05-30T20:19,53469.48,49782.94,0.00,0.00,0.00,0.0
2015-05-31,61,73.5,84.8,67.7,76.2,90.0,68.8,10.0,21.3,192,2015-05-31T05:27,2015-05-31T20:20,53545.54,45213.42,7.80,7.80,0.00,7.0
2015-06-01,63,62.6,71.1,55.1,62.3,74.0,52.0,12.1,25.3,72,2015-06-01T05:27,2015-06-01T20:20,53618.50,4103.01,25.30,25.30,0.00,24.0
2015-06-02,63,53.7,54.8,52.4,51.1,52.9,48.4,10.7,27.5,37,2015-06-02T05:26,2015-06-02T20:21,53688.28,0.00,25.10,25.10,0.00,24.0
2015-06-03,51,57.7,66.3,53.2,55.9,67.9,50.7,7.0,18.8,78,2015-06-03T05:26,2015-06-03T20:22,53754.76,33250.68,0.50,0.50,0.00,2.0
2015-06-04,51,57.0,61.7,54.2,54.4,58.5,51.4,8.2,18.3,90,2015-06-04T05:26,2015-06-04T20:23,53817.82,16002.94,0.50,0.50,0.00,4.0
2015-06-05,51,58.7,63.7,54.6,58.2,65.4,51.9,6.9,14.1,81,2015-06-05T05:25,2015-06-05T20:23,53877.38,7868.57,0.30,0.30,0.00,1.0
2015-06-06,53,65.8,74.0,57.0,64.9,74.0,55.4,11.9,23.3,3,2015-06-06T05:25,2015-06-06T20:24,53933.31,50058.22,2.40,2.40,0.00,6.0
2015-06-07,3,61.7,71.0,51.3,60.0,72.6,48.9,11.5,21.9,153,2015-06-07T05:25,2015-06-07T20:24,53985.50,50091.57,0.00,0.00,0.00,0.0
2015-06-08,53,67.4,76.6,59.5,66.7,78.1,55.5,11.9,30.2,189,2015-06-08T05:24,2015-06-08T20:25,54033.87,48791.16,1.30,1.30,0.00,4.0
2015-06-09,53,71.4,79.8,65.2,73.9,83.6,66.8,11.4,30.4,222,2015-06-09T05:24,2015-06-09T20:26,54078.41,34645.75,2.60,2.60,0.00,8.0
2015-06-10,3,70.0,79.8,58.6,71.7,82.5,59.3,8.9,15.0,239,2015-06-10T05:24,2015-06-10T20:26,54119.52,46874.11,0.00,0.00,0.00,0.0
2015-06-11,3,77.1,88.2,67.0,80.4,93.2,67.4,9.1,18.8,238,2015-06-11T05:24,2015-06-11T20:27,54157.20,50211.02,0.00,0.00,0.00,0.0
2015-06-12,3,77.3,84.4,67.8,83.0,93.5,71.8,9.5,17.9,175,2015-06-12T05:24,2015-06-12T20:27,54191.43,49397.07,0.00,0.00,0.00,0.0
2015-06-13,3,77.3,83.4,72.2,79.6,86.0,73.6,11.6,24.6,318,2015-06-13T05:24,2015-06-13T20:28,54222.18,50264.27,0.00,0.00,0.00,0.0
2015-06-14,53,74.3,83.8,65.3,77.9,91.0,68.3,10.5,21.7,171,2015-06-14T05:24,2015-06-14T20:28,54249.42,48523.23,0.50,0.50,0.00,1.0
2015-06-15,63,72.2,83.8,66.8,77.3,95.3,69.6,9.0,19.7,128,2015-06-15T05:24,2015-06-15T20:28,54273.15,17845.28,21.70,21.70,0.00,16.0
2015-06-16,63,71.5,79.7,65.3,76.0,88.5,67.9,9.2,21.0,275,2015-06-16T05:24,2015-06-16T20:29,54293.34,19291.86,8.90,8.90,0.00,6.0
2015-06-17,3,70.1,77.0,65.4,71.2,82.9,66.1,9.5,19.0,46,2015-06-17T05:24,2015-06-17T20:29,54309.98,32400.00,0.00,0.00,0.00,0.0
2015-06-18,3,66.1,69.5,64.1,66.4,69.9,64.2,7.6,16.6,166,2015-06-18T05:24,2015-06-18T20:29,54323.05,14849.54,0.00,0.00,0.00,0.0
2015-06-19,51,73.3,82.5,65.3,76.7,86.4,66.5,6.5,16.3,307,2015-06-19T05:24,2015-06-19T20:30,54332.54,41627.33,0.30,0.30,0.00,2.0
2015-06-20,53,68.5,69.8,65.0,70.2,73.7,64.5,9.2,22.1,73,2015-06-20T05:24,2015-06-20T20:30,54338.43,3602.21,0.90,0.90,0.00,3.0
2015-06-21,65,76.1,85.7,70.0,80.4,88.1,74.3,12.9,29.3,253,2015-06-21T05:25,2015-06-21T20:30,54340.71,32610.41,39.20,39.20,0.00,11.0
2015-06-22,3,76.1,84.6,68.1,78.8,86.9,70.1,10.8,18.3,285,2015-06-22T05:25,2015-06-22T20:31,54339.39,50400.00,0.00,0.00,0.00,0.0
2015-06-23,3,79.3,89.6,70.1,83.8,96.0,72.8,13.1,25.1,228,2015-06-23T05:25,2015-06-23T20:31,54334.44,39029.49,0.00,0.00,0.00,0.0
2015-06-24,3,73.8,81.7,65.4,74.8,84.9,65.5,10.3,22.4,320,2015-06-24T05:25,2015-06-24T20:31,54325.87,50400.00,0.00,0.00,0.00,0.0
2015-06-25,3,72.2,81.1,62.0,73.7,83.9,62.9,7.0,13.2,255,2015-06-25T05:26,2015-06-25T20:31,54313.67,35818.85,0.00,0.00,0.00,0.0
2015-06-26,51,72.3,76.9,67.9,74.8,79.7,71.0,7.7,14.3,57,2015-06-26T05:26,2015-06-26T20:31,54297.85,47137.81,0.10,0.10,0.00,1.0
2015-06-27,65,65.9,69.7,62.8,65.8,70.1,60.1,15.0,36.0,92,2015-06-27T05:26,2015-06-27T20:31,54278.38,3984.12,35.00,35.00,0.00,11.0
2015-06-28,65,67.6,72.3,63.7,69.0,77.0,62.7,12.8,35.6,20,2015-06-28T05:27,2015-06-28T20:31,54255.29,18084.24,33.30,33.30,0.00,11.0
2015-06-29,3,68.0,73.9,61.4,67.2,74.6,60.2,11.6,21.9,256,2015-06-29T05:27,2015-06-29T20:31,54228.49,39682.39,0.00,0.00,0.00,0.0
2015-06-30,51,71.3,79.0,62.2,73.6,82.4,63.4,12.1,25.5,168,2015-06-30T05:28,2015-06-30T20:31,54197.73,50400.00,0.30,0.30,0.00,1.0
2015-07-01,61,74.1,81.2,68.7,77.7,84.6,72.1,12.5,24.4,243,2015-07-01T05:28,2015-07-01T20:31,54163.06,43200.00,11.20,11.20,0.00,11.0
2015-07-02,3,70.2,76.7,63.7,73.5,81.8,65.9,5.0,11.6,270,2015-07-02T05:29,2015-07-02T20:31,54124.59,36416.89,0.00,0.00,0.00,0.0
2015-07-03,3,70.9,79.5,63.9,72.6,83.0,63.3,8.5,16.6,336,2015-07-03T05:29,2015-07-03T20:31,54082.38,46800.00,0.00,0.00,0.00,0.0
2015-07-04,53,70.5,74.3,65.9,72.9,76.4,69.9,8.3,17.4,55,2015-07-04T05:30,2015-07-04T20:30,54036.55,40829.48,1.50,1.50,0.00,3.0
2015-07-05,3,72.9,81.9,63.7,77.0,87.5,66.7,5.5,13.0,234,2015-07-05T05:30,2015-07-05T20:30,53987.17,50268.51,0.00,0.00,0.00,0.0
2015-07-06,51,72.9,79.8,65.9,77.5,84.6,69.9,6.8,14.1,171,2015-07-06T05:31,2015-07-06T20:30,53934.35,30380.63,0.30,0.30,0.00,2.0
2015-07-07,63,77.4,84.8,72.4,84.1,90.7,78.3,8.4,19.5,187,2015-07-07T05:32,2015-07-07T20:30,53878.16,40993.21,4.50,4.50,0.00,7.0
2015-07-08,63,77.5,84.8,72.5,83.9,93.7,75.6,9.2,20.8,244,2015-07-08T05:32,2015-07-08T20:29,53818.71,42934.68,8.00,8.00,0.00,7.0
2015-07-09,55,73.1,79.1,70.7,77.5,86.3,73.5,8.1,28.9,60,2015-07-09T05:33,2015-07-09T20:29,53756.10,27230.09,3.10,3.10,0.00,7.0
2015-07-10,51,75.1,82.5,68.4,77.8,85.2,70.0,11.9,23.0,320,2015-07-10T05:34,2015-07-10T20:28,53690.41,50092.07,0.10,0.10,0.00,1.0
2015-07-11,3,74.7,83.4,65.8,77.4,89.7,66.5,7.2,15.2,2,2015-07-11T05:34,2015-07-11T20:28,53621.74,48945.59,0.00,0.00,0.00,0.0
2015-07-12,51,76.8,86.2,65.4,80.8,91.3,68.9,5.0,14.1,233,2015-07-12T05:35,2015-07-12T20:28,53550.18,49265.09,0.10,0.10,0.00,1.0
2015-07-13,3,76.0,83.9,69.1,79.7,89.8,72.3,8.9,18.8,161,2015-07-13T05:36,2015-07-13T20:27,53475.83,46653.88,0.00,0.00,0.00,0.0
2015-07-14,61,73.3,78.9,66.1,79.0,86.5,70.0,9.0,17.7,134,2015-07-14T05:37,2015-07-14T20:27,53398.77,38188.98,6.60,6.60,0.00,10.0
2015-07-15,61,74.9,80.3,70.9,80.4,88.9,70.6,11.6,21.3,356,2015-07-15T05:37,2015-07-15T20:26,53319.12,6936.23,1.80,1.80,0.00,2.0
2015-07-16,3,71.0,78.2,64.2,70.1,81.5,60.6,12.2,23.0,21,2015-07-16T05:38,2015-07-16T20:25,53236.94,49675.57,0.00,0.00,0.00,0.0
2015-07-17,3,70.3,79.4,60.6,71.4,82.2,61.8,9.3,20.8,190,2015-07-17T05:39,2015-07-17T20:25,53152.35,45997.65,0.00,0.00,0.00,0.0
2015-07-18,53,76.1,83.9,69.0,80.5,91.2,69.6,10.1,19.5,203,2015-07-18T05:40,2015-07-18T20:24,53065.43,39639.97,2.80,2.80,0.00,8.0
2015-07-19,3,81.3,91.6,72.1,89.1,99.9,79.2,7.4,17.7,231,2015-07-19T05:41,2015-07-19T20:23,52976.00,47474.77,0.00,0.00,0.00,0.0
2015-07-20,51,84.0,92.1,77.0,90.8,100.1,83.4,7.4,15.4,262,2015-07-20T05:41,2015-07-20T20:23,52883.32,48432.72,0.20,0.20,0.00,1.0
2015-07-21,51,81.9,90.6,73.0,85.5,94.1,77.8,10.2,19.2,276,2015-07-21T05:42,2015-07-21T20:22,52787.47,42617.85,0.30,0.30,0.00,1.0
2015-07-22,3,76.3,83.7,68.0,74.0,81.4,66.2,13.0,25.1,309,2015-07-22T05:43,2015-07-22T20:21,52688.61,49169.82,0.00,0.00,0.00,0.0
2015-07-23,3,74.2,83.1,64.7,73.4,82.1,64.6,8.6,16.8,300,2015-07-23T05:44,2015-07-23T20:20,52586.87,46592.85,0.00,0.00,0.00,0.0
2015-07-24,3,74.4,82.8,63.4,74.7,85.2,63.6,5.2,12.8,305,2015-07-24T05:45,2015-07-24T20:19,52482.40,46955.73,0.00,0.00,0.00,0.0
2015-07-25,3,74.8,84.1,63.4,76.2,87.1,64.3,8.9,19.7,142,2015-07-25T05:46,2015-07-25T20:19,52375.34,48880.02,0.00,0.00,0.00,0.0
2015-07-26,3,78.1,87.7,68.9,80.3,91.2,70.7,10.8,21.3,206,2015-07-26T05:47,2015-07-26T20:18,52265.83,48007.18,0.00,0.00,0.00,0.0
2015-07-27,63,75.1,81.0,69.6,79.8,86.1,73.2,8.1,15.9,196,2015-07-27T05:48,2015-07-27T20:17,52154.00,39427.47,18.30,18.30,0.00,10.0
2015-07-28,3,79.3,88.7,70.1,85.6,96.9,76.1,5.7,14.3,217,2015-07-28T05:48,2015-07-28T20:16,52040.01,48568.93,0.00,0.00,0.00,0.0
2015-07-29,3,81.6,91.1,70.3,86.6,97.2,75.4,8.3,14.8,230,2015-07-29T05:49,2015-07-29T20:15,51923.97,48461.05,0.00,0.00,0.00,0.0
2015-07-30,63,79.4,88.5,74.4,86.4,95.2,81.7,10.9,22.8,225,2015-07-30T05:50,2015-07-30T20:14,51806.02,35961.34,8.90,8.90,0.00,6.0
2015-07-31,3,78.6,87.7,69.5,81.5,89.2,72.2,8.6,16.8,291,2015-07-31T05:51,2015-07-31T20:13,51686.29,48239.73,0.00,0.00,0.00,0.0
2015-08-01,51,78.4,86.9,71.1,79.1,87.6,72.3,10.6,22.1,260,2015-08-01T05:52,2015-08-01T20:12,51564.91,48126.51,0.70,0.70,0.00,2.0
2015-08-02,3,76.4,85.8,65.0,77.9,87.2,66.3,7.1,13.4,239,2015-08-02T05:53,2015-08-02T20:11,51442.00,45829.84,0.00,0.00,0.00,0.0
2015-08-03,3,79.3,88.4,69.4,80.7,90.1,71.6,11.7,22.1,218,2015-08-03T05:54,2015-08-03T20:09,51317.68,46289.98,0.00,0.00,0.00,0.0
2015-08-04,55,79.5,89.5,71.8,82.1,91.5,74.7,10.5,27.1,244,2015-08-04T05:55,2015-08-04T20:08,51192.07,47598.58,1.20,1.20,0.00,1.0
2015-08-05,3,77.4,86.7,67.5,77.5,84.9,70.9,11.0,21.3,295,2015-08-05T05:56,2015-08-05T20:07,51065.29,45861.66,0.00,0.00,0.00,0.0
2015-08-06,3,73.4,81.8,63.0,73.7,80.8,63.4,7.1,15.2,316,2015-08-06T05:57,2015-08-06T20:06,50937.46,32144.94,0.00,0.00,0.00,0.0
2015-08-07,3,74.2,81.6,65.9,75.9,83.7,67.0,7.5,14.8,45,2015-08-07T05:58,2015-08-07T20:05,50808.69,41375.82,0.00,0.00,0.00,0.0
2015-08-08,3,73.0,81.7,64.7,75.0,83.7,67.4,4.5,13.6,71,2015-08-08T05:59,2015-08-08T20:04,50678.75,30755.82,0.00,0.00,0.00,0.0
2015-08-09,3,73.6,82.2,65.3,75.0,82.2,67.9,7.1,16.8,68,2015-08-09T06:00,2015-08-09T20:02,50546.70,44148.13,0.00,0.00,0.00,0.0
2015-08-10,3,72.5,80.5,65.0,74.6,82.1,68.4,9.9,19.5,159,2015-08-10T06:01,2015-08-10T20:01,50412.57,32985.37,0.00,0.00,0.00,0.0
2015-08-11,63,72.5,79.2,69.8,76.4,85.4,71.8,12.0,28.0,199,2015-08-11T06:02,2015-08-11T20:00,50276.52,17349.82,30.20,30.20,0.00,16.0
2015-08-12,3,73.7,81.8,66.3,74.8,81.5,68.3,8.8,16.1,301,2015-08-12T06:03,2015-08-12T19:58,50138.67,46496.74,0.00,0.00,0.00,0.0
2015-08-13,1,72.5,81.7,63.3,73.6,82.2,64.7,6.5,12.8,302,2015-08-13T06:04,2015-08-13T19:57,49999.18,46639.35,0.00,0.00,0.00,0.0
2015-08-14,0,74.6,84.8,62.6,76.2,87.8,63.6,6.7,19.0,233,2015-08-14T06:05,2015-08-14T19:56,49858.16,46378.30,0.00,0.00,0.00,0.0
2015-08-15,1,78.2,88.8,68.1,81.3,93.6,70.3,7.7,14.8,227,2015-08-15T06:06,2015-08-15T19:54,49715.74,45063.14,0.00,0.00,0.00,0.0
2015-08-16,2,79.9,89.0,70.0,84.1,93.1,74.2,5.8,15.2,251,2015-08-16T06:07,2015-08-16T19:53,49572.05,44925.55,0.00,0.00,0.00,0.0
2015-08-17,2,81.6,91.0,71.8,85.7,95.8,76.7,6.0,16.3,236,2015-08-17T06:08,2015-08-17T19:52,49427.23,44681.39,0.00,0.00,0.00,0.0
2015-08-18,51,79.8,88.7,74.0,84.2,95.3,78.5,10.2,20.1,195,2015-08-18T06:09,2015-08-18T19:50,49281.38,43703.97,0.30,0.30,0.00,1.0
2015-08-19,51,77.4,84.4,71.4,82.3,89.6,76.4,11.0,19.7,157,2015-08-19T06:10,2015-08-19T19:49,49134.62,44011.87,0.10,0.10,0.00,1.0
2015-08-20,51,77.4,83.3,72.9,82.2,86.3,79.2,14.1,27.3,143,2015-08-20T06:11,2015-08-20T19:47,48987.07,39413.98,1.20,1.20,0.00,5.0
2015-08-21,53,77.6,83.9,72.8,82.3,89.4,78.7,10.1,18.6,355,2015-08-21T06:12,2015-08-21T19:46,48838.85,41015.03,2.50,2.50,0.00,6.0
2015-08-22,51,75.4,82.9,67.4,75.3,85.7,65.4,9.7,20.1,353,2015-08-22T06:13,2015-08-22T19:44,48690.06,44344.10,0.20,0.20,0.00,1.0
2015-08-23,51,73.1,81.0,65.3,76.4,86.1,66.9,7.4,12.8,43,2015-08-23T06:14,2015-08-23T19:43,48540.82,36786.22,1.10,1.10,0.00,5.0
2015-08-24,3,76.0,84.7,69.3,80.8,90.5,74.9,7.7,18.1,187,2015-08-24T06:15,2015-08-24T19:41,48391.23,42580.00,0.00,0.00,0.00,0.0
2015-08-25,55,77.1,85.1,71.1,81.4,88.4,74.8,9.1,16.3,227,2015-08-25T06:16,2015-08-25T19:40,48241.39,36000.00,5.00,5.00,0.00,9.0
2015-08-26,3,74.2,82.1,65.1,73.2,81.4,65.6,9.0,18.6,293,2015-08-26T06:17,2015-08-26T19:38,48091.43,29685.54,0.00,0.00,0.00,0.0
2015-08-27,3,72.4,79.4,66.5,71.4,78.2,66.0,7.5,15.2,310,2015-08-27T06:18,2015-08-27T19:37,47941.41,25533.47,0.00,0.00,0.00,0.0
2015-08-28,3,71.3,79.2,62.3,71.9,80.4,63.0,5.8,13.4,314,2015-08-28T06:19,2015-08-28T19:35,47791.13,37398.54,0.00,0.00,0.00,0.0
2015-08-29,3,73.5,83.9,62.3,75.0,85.8,64.2,8.5,17.9,231,2015-08-29T06:20,2015-08-29T19:34,47639.56,32254.66,0.00,0.00,0.00,0.0
2015-08-30,3,77.5,87.6,67.1,80.2,90.5,70.1,8.4,16.1,230,2015-08-30T06:21,2015-08-30T19:32,47486.73,42071.62,0.00,0.00,0.00,0.0
2015-08-31,3,80.3,89.2,73.1,82.4,89.8,76.5,9.0,17.0,259,2015-08-31T06:22,2015-08-31T19:30,47332.77,38217.02,0.00,0.00,0.00,0.0
2015-09-01,3,78.1,87.3,69.7,82.3,92.8,73.4,6.5,15.4,311,2015-09-01T06:23,2015-09-01T19:29,47177.79,43236.12,0.00,0.00,0.00,0.0
2015-09-02,3,78.1,87.2,69.6,84.0,92.9,75.6,6.8,14.3,198,2015-09-02T06:24,2015-09-02T19:27,47021.89,43200.00,0.00,0.00,0.00,0.0
2015-09-03,63,79.2,90.2,69.1,85.0,96.1,73.4,5.8,12.8,344,2015-09-03T06:25,2015-09-03T19:26,46865.18,42544.03,6.30,6.30,0.00,4.0
2015-09-04,51,76.2,81.0,71.4,80.8,84.4,74.2,10.2,21.7,72,2015-09-04T06:26,2015-09-04T19:24,46707.77,42534.24,0.90,0.90,0.00,5.0
2015-09-05,3,71.9,78.6,65.8,73.1,81.0,67.8,7.8,15.9,96,2015-09-05T06:27,2015-09-05T19:22,46549.76,42942.59,0.00,0.00,0.00,0.0
2015-09-06,3,71.9,81.7,62.3,74.1,84.7,64.4,8.3,16.6,179,2015-09-06T06:28,2015-09-06T19:21,46391.25,42844.18,0.00,0.00,0.00,0.0
2015-09-07,3,76.7,88.5,64.8,78.8,91.5,67.2,8.2,15.0,220,2015-09-07T06:28,2015-09-07T19:19,46232.34,42745.28,0.00,0.00,0.00,0.0
2015-09-08,3,81.3,92.6,71.3,84.6,97.1,74.6,8.4,15.2,222,2015-09-08T06:29,2015-09-08T19:17,46073.14,42645.99,0.00,0.00,0.00,0.0
2015-09-09,51,79.7,88.2,71.8,85.2,94.1,77.5,8.4,18.1,204,2015-09-09T06:30,2015-09-09T19:16,45913.74,39600.00,0.40,0.40,0.00,1.0
2015-09-10,63,73.1,78.5,70.4,78.9,86.8,75.2,7.6,18.3,31,2015-09-10T06:31,2015-09-10T19:14,45754.24,4527.93,37.70,37.70,0.00,18.0
2015-09-11,55,70.9,76.6,65.2,73.0,79.0,66.3,10.0,23.7,10,2015-09-11T06:32,2015-09-11T19:12,45594.73,31047.72,4.80,4.80,0.00,8.0
2015-09-12,63,70.2,75.8,64.5,73.6,79.2,67.6,10.6,21.0,141,2015-09-12T06:33,2015-09-12T19:11,45435.31,28143.11,10.80,10.80,0.00,11.0
2015-09-13,55,67.8,72.1,62.6,69.6,73.9,60.1,9.5,17.7,252,2015-09-13T06:34,2015-09-13T19:09,45276.07,16236.43,2.40,2.40,0.00,4.0
2015-09-14,3,64.3,73.0,57.4,60.6,69.0,52.9,13.7,26.2,279,2015-09-14T06:35,2015-09-14T19:07,45117.12,41925.22,0.00,0.00,0.00,0.0
2015-09-15,2,67.1,79.3,56.1,67.3,80.8,54.8,6.5,13.2,281,2015-09-15T06:36,2015-09-15T19:05,44958.53,41768.10,0.00,0.00,0.00,0.0
2015-09-16,3,70.3,82.1,58.9,72.6,85.6,59.2,5.3,11.4,296,2015-09-16T06:37,2015-09-16T19:04,44800.40,41611.22,0.00,0.00,0.00,0.0
2015-09-17,3,72.2,83.7,60.8,74.3,86.1,62.6,5.7,13.6,228,2015-09-17T06:38,2015-09-17T19:02,44642.49,41453.98,0.00,0.00,0.00,0.0
2015-09-18,0,71.1,82.1,61.3,72.8,84.6,62.4,7.3,13.0,184,2015-09-18T06:39,2015-09-18T19:01,44483.77,41295.63,0.00,0.00,0.00,0.0
2015-09-19,2,70.9,80.3,62.3,73.6,81.5,65.1,7.8,16.3,185,2015-09-19T06:40,2015-09-19T18:59,44324.25,40920.91,0.00,0.00,0.00,0.0
2015-09-20,2,69.5,74.8,63.6,68.3,73.7,58.2,11.4,23.9,352,2015-09-20T06:41,2015-09-20T18:57,44164.03,40976.02,0.00,0.00,0.00,0.0
2015-09-21,51,63.4,69.2,57.2,59.8,66.6,52.8,9.7,21.3,46,2015-09-21T06:42,2015-09-21T18:55,44003.22,33050.55,0.10,0.10,0.00,1.0
2015-09-22,3,64.8,69.8,61.3,62.9,67.3,58.4,8.6,19.9,47,2015-09-22T06:43,2015-09-22T18:54,43841.93,20863.81,0.00,0.00,0.00,0.0
2015-09-23,3,65.9,75.9,57.4,65.1,74.6,56.6,6.3,13.0,25,2015-09-23T06:44,2015-09-23T18:52,43680.24,40490.75,0.00,0.00,0.00,0.0
2015-09-24,3,67.0,77.7,56.0,66.3,76.6,54.2,7.9,16.1,38,2015-09-24T06:45,2015-09-24T18:50,43518.25,39884.07,0.00,0.00,0.00,0.0
2015-09-25,3,66.0,71.3,61.7,64.8,69.3,61.6,8.6,18.6,66,2015-09-25T06:46,2015-09-25T18:49,43356.07,36866.23,0.00,0.00,0.00,0.0
2015-09-26,3,63.3,67.9,60.0,61.0,64.0,57.6,10.5,22.8,71,2015-09-26T06:47,2015-09-26T18:47,43193.80,33457.51,0.00,0.00,0.00,0.0
2015-09-27,3,62.9,69.6,56.7,62.0,68.5,54.4,7.4,15.2,71,2015-09-27T06:48,2015-09-27T18:45,43031.53,24265.49,0.00,0.00,0.00,0.0
2015-09-28,51,68.0,76.8,59.8,70.8,79.9,60.9,5.9,13.2,81,2015-09-28T06:49,2015-09-28T18:44,42869.36,33797.55,0.10,0.10,0.00,1.0
2015-09-29,63,70.6,78.4,65.3,76.0,83.1,68.8,6.5,19.7,144,2015-09-29T06:50,2015-09-29T18:42,42707.39,13820.60,6.60,6.60,0.00,13.0
2015-09-30,63,69.8,78.0,60.1,71.4,82.4,54.6,13.9,28.2,356,2015-09-30T06:51,2015-09-30T18:40,42545.72,15730.35,23.70,23.70,0.00,13.0
2015-10-01,51,58.6,60.5,56.7,53.5,57.4,50.7,13.9,25.9,21,2015-10-01T06:52,2015-10-01T18:38,42384.45,0.00,1.30,1.30,0.00,10.0
2015-10-02,61,51.3,58.0,49.1,45.1,53.5,41.8,15.9,31.1,29,2015-10-02T06:53,2015-10-02T18:37,42223.68,0.00,27.20,27.20,0.00,24.0
2015-10-03,53,51.5,53.6,49.7,44.1,47.6,42.3,17.7,34.0,40,2015-10-03T06:54,2015-10-03T18:35,42063.51,0.00,2.20,2.20,0.00,9.0
2015-10-04,51,55.7,59.7,53.7,49.8,54.8,47.5,15.0,29.1,52,2015-10-04T06:55,2015-10-04T18:34,41904.05,25707.40,0.10,0.10,0.00,1.0
2015-10-05,3,56.1,62.2,51.1,52.4,60.2,46.4,9.6,19.2,25,2015-10-05T06:56,2015-10-05T18:32,41745.39,33824.70,0.00,0.00,0.00,0.0
2015-10-06,3,58.7,69.6,48.3,57.1,68.6,46.0,5.8,11.6,338,2015-10-06T06:57,2015-10-06T18:30,41587.64,38145.27,0.00,0.00,0.00,0.0
2015-10-07,3,61.4,70.9,54.7,60.4,70.7,52.9,6.3,12.5,327,2015-10-07T06:58,2015-10-07T18:29,41430.53,36988.77,0.00,0.00,0.00,0.0
2015-10-08,3,60.1,66.3,54.1,59.4,66.1,52.7,5.9,11.4,100,2015-10-08T06:59,2015-10-08T18:27,41272.95,29164.77,0.00,0.00,0.00,0.0
2015-10-09,63,65.0,75.4,56.7,65.3,77.1,56.2,10.5,25.1,219,2015-10-09T07:00,2015-10-09T18:26,41114.93,35780.06,6.90,6.90,0.00,4.0
2015-10-10,3,56.1,61.6,51.0,52.0,58.9,45.8,12.4,23.9,340,2015-10-10T07:01,2015-10-10T18:24,40956.56,37723.09,0.00,0.00,0.00,0.0
2015-10-11,3,55.7,66.9,45.3,52.5,63.1,42.3,7.2,15.9,226,2015-10-11T07:03,2015-10-11T18:22,40797.97,37559.31,0.00,0.00,0.00,0.0
2015-10-12,0,59.3,73.0,48.1,57.5,71.4,45.0,7.0,13.6,210,2015-10-12T07:04,2015-10-12T18:21,40639.27,37395.19,0.00,0.00,0.00,0.0
2015-10-13,3,62.1,72.6,54.1,61.4,72.0,52.5,8.9,20.1,222,2015-10-13T07:05,2015-10-13T18:19,40480.57,33618.74,0.00,0.00,0.00,0.0
2015-10-14,3,59.5,65.6,53.7,56.5,61.9,50.7,8.9,18.1,273,2015-10-14T07:06,2015-10-14T18:18,40322.00,26717.22,0.00,0.00,0.00,0.0
2015-10-15,3,54.9,61.8,47.4,50.4,56.7,43.9,8.7,16.8,270,2015-10-15T07:07,2015-10-15T18:16,40163.68,31850.34,0.00,0.00,0.00,0.0
2015-10-16,2,55.3,62.4,50.6,49.8,56.6,45.4,10.5,23.0,271,2015-10-16T07:08,2015-10-16T18:15,40005.71,35513.45,0.00,0.00,0.00,0.0
2015-10-17,2,49.0,54.8,43.1,41.5,45.8,34.8,11.9,24.8,299,2015-10-17T07:09,2015-10-17T18:13,39848.22,36495.76,0.00,0.00,0.00,0.0
2015-10-18,2,42.3,48.0,37.3,33.7,37.6,30.2,13.0,27.5,321,2015-10-18T07:10,2015-10-18T18:12,39691.34,36370.08,0.00,0.00,0.00,0.0
2015-10-19,1,42.0,50.8,32.8,34.8,43.2,26.3,11.9,20.1,266,2015-10-19T07:11,2015-10-19T18:10,39535.20,36142.46,0.00,0.00,0.00,0.0
2015-10-20,2,54.5,68.2,44.4,48.0,62.6,35.5,12.3,21.3,234,2015-10-20T07:12,2015-10-20T18:09,39379.90,35535.19,0.00,0.00,0.00,0.0
2015-10-21,3,59.5,72.9,48.6,57.2,71.3,45.3,8.7,13.9,222,2015-10-21T07:13,2015-10-21T18:07,39225.60,35520.20,0.00,0.00,0.00,0.0
2015-10-22,53,60.8,74.0,49.4,57.8,69.8,46.4,9.8,18.6,225,2015-10-22T07:15,2015-10-22T18:06,39072.41,35143.10,0.50,0.50,0.00,1.0
2015-10-23,2,54.4,61.3,46.7,48.0,59.8,40.0,10.7,21.3,352,2015-10-23T07:16,2015-10-23T18:04,38920.49,35210.44,0.00,0.00,0.00,0.0
2015-10-24,3,48.9,54.4,41.2,43.6,49.3,35.2,7.1,15.0,91,2015-10-24T07:17,2015-10-24T18:03,38769.95,14576.56,0.00,0.00,0.00,0.0
2015-10-25,51,57.4,65.2,52.1,53.1,62.0,45.5,11.2,21.0,266,2015-10-25T07:18,2015-10-25T18:02,38620.94,5029.11,0.10,0.10,0.00,1.0
2015-10-26,3,49.6,57.1,42.6,44.7,51.6,38.1,8.1,17.2,355,2015-10-26T07:19,2015-10-26T18:00,38473.60,34389.76,0.00,0.00,0.00,0.0
2015-10-27,3,49.0,57.3,40.7,44.4,52.4,35.7,6.7,12.3,68,2015-10-27T07:20,2015-10-27T17:59,38327.65,17707.59,0.00,0.00,0.00,0.0
2015-10-28,63,58.4,65.5,51.6,54.6,64.0,47.2,17.0,43.4,113,2015-10-28T07:21,2015-10-28T17:58,38181.88,0.00,17.70,17.70,0.00,16.0
2015-10-29,63,64.0,68.6,55.8,61.0,67.8,48.0,16.0,45.9,235,2015-10-29T07:23,2015-10-29T17:56,38036.30,27712.76,8.10,8.10,0.00,7.0
2015-10-30,1,52.0,58.6,45.4,45.1,51.7,38.2,10.4,21.0,299,2015-10-30T07:24,2015-10-30T17:55,37891.05,34123.49,0.00,0.00,0.00,0.0
2015-10-31,3,46.4,53.6,37.4,41.5,48.8,32.3,7.6,15.0,286,2015-10-31T07:25,2015-10-31T17:54,37746.28,32942.56,0.00,0.00,0.00,0.0
2015-11-01,51,55.2,63.2,47.5,51.3,59.4,42.7,10.3,21.5,219,2015-11-01T07:26,2015-11-01T17:53,37602.12,18000.00,0.20,0.20,0.00,1.0
2015-11-02,3,55.1,63.6,48.3,52.6,60.9,45.6,7.2,12.8,272,2015-11-02T07:27,2015-11-02T17:51,37458.72,19786.32,0.00,0.00,0.00,0.0
2015-11-03,3,56.3,70.4,44.3,54.2,69.2,41.4,5.5,11.9,270,2015-11-03T07:28,2015-11-03T17:50,37316.22,33620.18,0.00,0.00,0.00,0.0
2015-11-04,0,55.9,66.8,47.2,54.1,65.4,44.2,6.0,12.1,81,2015-11-04T07:30,2015-11-04T17:49,37174.78,33383.46,0.00,0.00,0.00,0.0
2015-11-05,3,59.8,68.5,50.7,60.8,71.4,49.3,5.7,11.2,210,2015-11-05T07:31,2015-11-05T17:48,37034.54,25291.55,0.00,0.00,0.00,0.0
2015-11-06,3,65.9,71.8,62.2,67.3,70.8,64.4,12.7,24.6,219,2015-11-06T07:32,2015-11-06T17:47,36895.67,7259.01,0.00,0.00,0.00,0.0
2015-11-07,3,59.7,64.9,53.6,57.2,66.1,47.7,7.8,15.9,297,2015-11-07T07:33,2015-11-07T17:46,36758.32,13490.02,0.00,0.00,0.00,0.0
2015-11-08,3,50.4,56.0,44.7,44.5,49.8,38.9,10.9,20.6,307,2015-11-08T07:34,2015-11-08T17:45,36622.64,32795.26,0.00,0.00,0.00,0.0
2015-11-09,3,50.3,57.8,43.7,46.5,52.2,40.4,4.6,11.0,217,2015-11-09T07:35,2015-11-09T17:44,36488.82,29897.27,0.00,0.00,0.00,0.0
2015-11-10,51,54.2,59.5,49.6,50.2,54.9,46.7,13.8,27.3,58,2015-11-10T07:37,2015-11-10T17:43,36357.01,3617.71,1.20,1.20,0.00,6.0
2015-11-11,55,51.7,57.4,48.4,47.6,54.5,43.2,12.3,26.4,354,2015-11-11T07:38,2015-11-11T17:42,36227.39,3209.51,3.70,3.70,0.00,9.0
2015-11-12,55,53.0,56.5,48.4,50.2,53.9,45.8,12.1,27.1,176,2015-11-12T07:39,2015-11-12T17:41,36100.12,0.00,3.80,3.80,0.00,7.0
2015-11-13,3,51.5,56.0,46.2,42.6,45.9,35.4,17.0,32.9,268,2015-11-13T07:40,2015-11-13T17:40,35975.40,31916.24,0.00,0.00,0.00,0.0
2015-11-14,3,44.0,47.3,39.7,34.3,36.8,32.1,16.1,32.4,290,2015-11-14T07:41,2015-11-14T17:39,35853.40,23332.19,0.00,0.00,0.00,0.0
2015-11-15,2,45.5,57.3,36.0,38.6,50.4,29.5,10.3,19.7,252,2015-11-15T07:43,2015-11-15T17:38,35734.30,31811.85,0.00,0.00,0.00,0.0
2015-11-16,0,52.5,65.0,43.5,47.9,61.9,38.9,8.8,16.3,290,2015-11-16T07:44,2015-11-16T17:37,35617.88,31681.65,0.00,0.00,0.00,0.0
2015-11-17,2,44.9,49.0,39.9,38.5,43.1,32.8,10.1,19.2,59,2015-11-17T07:45,2015-11-17T17:36,35502.95,31602.08,0.00,0.00,0.00,0.0
2015-11-18,3,50.8,57.0,43.0,46.2,51.5,38.5,9.6,19.5,111,2015-11-18T07:46,2015-11-18T17:36,35389.54,20913.07,0.00,0.00,0.00,0.0
2015-11-19,63,59.3,64.1,55.0,56.3,61.1,51.5,13.8,32.2,147,2015-11-19T07:47,2015-11-19T17:35,35277.80,5516.74,21.80,21.80,0.00,9.0
2015-11-20,61,53.6,60.5,43.4,48.8,61.2,35.9,10.5,26.2,305,2015-11-20T07:48,2015-11-20T17:34,35167.86,31328.37,3.60,3.60,0.00,3.0
2015-11-21,3,44.6,49.0,39.9,38.3,43.5,32.5,8.8,16.8,50,2015-11-21T07:49,2015-11-21T17:34,35059.88,31216.97,0.00,0.00,0.00,0.0
2015-11-22,51,48.5,52.4,43.7,42.7,48.7,34.1,11.6,20.8,308,2015-11-22T07:51,2015-11-22T17:33,34954.00,8563.86,0.50,0.50,0.00,2.0
2015-11-23,3,38.2,42.6,33.0,28.4,32.6,24.6,12.5,25.1,318,2015-11-23T07:52,2015-11-23T17:32,34850.36,31076.02,0.00,0.00,0.00,0.0
2015-11-24,3,35.9,44.9,27.7,29.0,37.7,21.0,6.7,14.5,261,2015-11-24T07:53,2015-11-24T17:32,34749.12,30995.33,0.00,0.00,0.00,0.0
2015-11-25,2,39.3,47.2,31.7,33.7,41.2,26.0,4.8,10.1,33,2015-11-25T07:54,2015-11-25T17:31,34650.43,30922.49,0.00,0.00,0.00,0.0
2015-11-26,3,48.8,59.4,40.1,45.0,56.8,34.2,5.9,9.6,145,2015-11-26T07:55,2015-11-26T17:31,34554.44,30850.39,0.00,0.00,0.00,0.0
2015-11-27,3,50.9,62.9,39.9,47.6,60.4,35.1,8.8,18.6,223,2015-11-27T07:56,2015-11-27T17:30,34461.31,30779.16,0.00,0.00,0.00,0.0
2015-11-28,53,51.6,56.9,46.1,49.1,56.3,41.4,8.0,15.0,306,2015-11-28T07:57,2015-11-28T17:30,34371.20,0.00,1.70,1.70,0.00,5.0
2015-11-29,3,42.6,47.6,37.7,36.0,41.0,28.8,9.9,17.9,9,2015-11-29T07:58,2015-11-29T17:30,34284.27,24961.54,0.00,0.00,0.00,0.0
2015-11-30,3,39.7,45.4,33.2,32.6,38.8,25.3,10.1,19.5,38,2015-11-30T07:59,2015-11-30T17:29,34200.68,23257.03,0.00,0.00,0.00,0.0
2015-12-01,55,46.5,48.7,44.3,41.6,44.3,38.8,9.7,20.1,72,2015-12-01T08:00,2015-12-01T17:29,34120.59,0.00,12.90,12.90,0.00,22.0
2015-12-02,53,50.1,55.2,45.8,48.6,53.2,43.2,8.4,23.0,130,2015-12-02T08:01,2015-12-02T17:29,34044.15,0.00,9.60,9.60,0.00,18.0
2015-12-03,3,47.0,54.8,42.0,39.6,52.6,34.0,15.2,28.9,284,2015-12-03T08:02,2015-12-03T17:29,33971.55,30258.80,0.00,0.00,0.00,0.0
2015-12-04,3,43.2,50.1,37.0,37.0,44.1,31.2,9.0,18.6,293,2015-12-04T08:03,2015-12-04T17:28,33902.94,29808.22,0.00,0.00,0.00,0.0
2015-12-05,0,39.9,49.7,32.5,34.8,45.4,26.5,4.9,11.4,289,2015-12-05T08:04,2015-12-05T17:28,33838.48,30111.12,0.00,0.00,0.00,0.0
2015-12-06,3,40.7,51.6,32.5,35.8,46.9,27.5,5.6,12.3,249,2015-12-06T08:05,2015-12-06T17:28,33778.08,30044.18,0.00,0.00,0.00,0.0
2015-12-07,3,42.4,53.0,34.4,37.5,48.7,28.7,7.8,13.2,282,2015-12-07T08:06,2015-12-07T17:28,33721.01,29058.81,0.00,0.00,0.00,0.0
2015-12-08,3,42.3,46.9,38.4,36.8,42.7,31.3,9.9,17.7,1,2015-12-08T08:07,2015-12-08T17:28,33667.27,26999.76,0.00,0.00,0.00,0.0
2015-12-09,3,44.5,51.3,37.9,39.8,45.4,33.0,8.2,14.1,171,2015-12-09T08:08,2015-12-09T17:28,33616.93,27144.18,0.00,0.00,0.00,0.0
2015-12-10,51,49.0,56.9,43.5,46.1,55.4,39.8,7.7,13.4,213,2015-12-10T08:09,2015-12-10T17:28,33570.04,28840.73,0.10,0.10,0.00,1.0
2015-12-11,3,49.6,60.0,41.6,46.3,58.1,37.4,8.9,14.1,218,2015-12-11T08:09,2015-12-11T17:28,33526.68,25732.81,0.00,0.00,0.00,0.0
2015-12-12,3,53.1,61.4,45.5,51.1,61.2,42.3,7.8,13.0,232,2015-12-12T08:10,2015-12-12T17:28,33486.88,22453.80,0.00,0.00,0.00,0.0
2015-12-13,3,54.1,63.3,49.6,52.7,63.8,47.1,6.5,11.6,44,2015-12-13T08:11,2015-12-13T17:29,33450.72,26394.34,0.00,0.00,0.00,0.0
2015-12-14,61,56.6,61.4,51.8,55.6,61.3,48.8,11.3,33.1,151,2015-12-14T08:12,2015-12-14T17:29,33418.27,5247.49,4.30,4.30,0.00,4.0
2015-12-15,53,57.2,63.2,50.8,51.7,63.1,44.5,15.8,29.3,277,2015-12-15T08:13,2015-12-15T17:29,33389.55,29297.99,1.90,1.90,0.00,3.0
2015-12-16,3,46.6,50.1,41.2,41.4,44.8,35.8,9.0,18.8,32,2015-12-16T08:13,2015-12-16T17:29,33364.64,25799.97,0.00,0.00,0.00,0.0
2015-12-17,63,51.1,55.3,46.1,49.1,55.2,42.7,6.5,10.5,122,2015-12-17T08:14,2015-12-17T17:30,33343.58,0.00,19.00,19.00,0.00,9.0
2015-12-18,51,46.7,53.0,38.0,41.1,51.8,28.7,10.8,21.7,304,2015-12-18T08:15,2015-12-18T17:30,33326.44,5641.12,0.10,0.10,0.00,1.0
2015-12-19,3,36.5,40.0,33.6,25.8,28.2,23.1,16.1,32.4,268,2015-12-19T08:15,2015-12-19T17:30,33313.25,25745.62,0.00,0.00,0.00,0.0
2015-12-20,3,35.3,41.5,30.1,27.4,33.8,22.4,10.5,21.9,259,2015-12-20T08:16,2015-12-20T17:31,33304.08,29243.95,0.00,0.00,0.00,0.0
2015-12-21,3,43.5,51.5,32.9,36.7,46.3,24.8,11.0,21.9,214,2015-12-21T08:16,2015-12-21T17:31,33298.96,3600.00,0.00,0.00,0.00,0.0
2015-12-22,61,53.2,57.6,49.5,50.8,56.8,46.4,12.5,29.5,217,2015-12-22T08:17,2015-12-22T17:32,33297.93,0.00,7.20,7.20,0.00,8.0
2015-12-23,63,52.9,61.3,49.4,51.4,61.6,47.4,8.3,28.9,102,2015-12-23T08:17,2015-12-23T17:32,33301.04,0.00,21.30,21.30,0.00,12.0
2015-12-24,63,64.2,68.6,57.1,64.7,69.1,57.1,12.9,37.6,222,2015-12-24T08:18,2015-12-24T17:33,33308.33,106.18,4.00,4.00,0.00,3.0
2015-12-25,61,57.3,64.0,52.6,58.0,65.9,52.3,5.8,7.6,272,2015-12-25T08:18,2015-12-25T17:33,33319.84,10469.10,3.80,3.80,0.00,4.0
2015-12-26,3,50.2,55.4,48.3,44.9,55.7,42.7,10.9,21.7,41,2015-12-26T08:18,2015-12-26T17:34,33335.64,0.00,0.00,0.00,0.00,0.0
2015-12-27,61,53.6,60.7,46.5,50.8,59.6,39.7,12.9,27.5,257,2015-12-27T08:19,2015-12-27T17:35,33355.86,0.00,4.80,4.80,0.00,7.0
2015-12-28,51,40.1,44.6,38.1,31.3,37.3,27.0,17.2,28.9,33,2015-12-28T08:19,2015-12-28T17:35,33380.44,20046.32,0.30,0.30,0.00,2.0
2015-12-29,61,43.2,50.7,37.8,37.1,47.3,28.2,15.2,37.1,61,2015-12-29T08:19,2015-12-29T17:36,33409.27,0.00,10.70,10.70,0.00,14.0
2015-12-30,61,44.5,48.6,39.5,40.7,46.4,34.9,7.3,12.8,109,2015-12-30T08:19,2015-12-30T17:37,33442.27,0.00,1.70,1.70,0.00,1.0
2015-12-31,61,45.5,49.8,39.3,40.5,48.0,33.2,9.0,19.2,302,2015-12-31T08:20,2015-12-31T17:38,33479.36,22860.13,2.40,2.40,0.00,4.0
2016-01-01,3,38.1,43.4,33.5,30.0,34.1,24.1,13.1,25.7,271,2016-01-01T08:20,2016-01-01T17:38,33520.42,26979.23,0.00,0.00,0.00,0.0
2016-01-02,3,34.3,39.9,29.7,25.9,31.1,21.7,9.6,19.5,263,2016-01-02T08:20,2016-01-02T17:39,33565.36,29199.20,0.00,0.00,0.00,0.0
2016-01-03,3,35.8,44.1,30.6,27.6,34.8,22.4,11.9,23.7,249,2016-01-03T08:20,2016-01-03T17:40,33614.11,29213.19,0.00,0.00,0.00,0.0
2016-01-04,2,28.0,31.6,18.2,17.0,23.2,4.5,16.3,31.8,333,2016-01-04T08:20,2016-01-04T17:41,33666.54,29149.52,0.00,0.00,0.00,0.0
2016-01-05,0,21.5,29.8,14.3,11.2,21.5,1.7,16.0,31.3,349,2016-01-05T08:20,2016-01-05T17:42,33722.57,29485.39,0.00,0.00,0.00,0.0
2016-01-06,0,27.5,38.4,21.1,19.4,29.9,13.2,6.3,15.0,233,2016-01-06T08:20,2016-01-06T17:43,33782.10,29582.52,0.00,0.00,0.00,0.0
2016-01-07,3,32.2,42.1,23.3,25.9,36.2,16.1,5.3,12.3,268,2016-01-07T08:20,2016-01-07T17:44,33845.02,27543.93,0.00,0.00,0.00,0.0
2016-01-08,3,36.4,43.1,30.0,29.8,37.3,22.4,7.9,15.0,41,2016-01-08T08:20,2016-01-08T17:45,33911.25,18204.43,0.00,0.00,0.00,0.0
2016-01-09,51,42.2,47.4,36.9,36.9,42.8,30.3,8.4,16.1,60,2016-01-09T08:19,2016-01-09T17:46,33980.67,5011.85,0.10,0.10,0.00,1.0
2016-01-10,65,51.0,57.3,40.8,45.4,54.3,29.9,17.9,50.6,146,2016-01-10T08:19,2016-01-10T17:47,34053.19,2759.53,31.20,31.20,0.00,12.0
2016-01-11,2,32.3,38.5,26.3,21.2,27.4,17.3,15.0,29.3,268,2016-01-11T08:19,2016-01-11T17:48,34128.71,30197.06,0.00,0.00,0.00,0.0
2016-01-12,3,31.0,42.4,22.2,22.2,32.2,13.7,14.1,26.8,205,2016-01-12T08:19,2016-01-12T17:49,34207.13,21647.65,0.00,0.00,0.00,0.0
2016-01-13,3,26.3,30.3,23.6,13.9,17.9,9.9,17.5,35.6,275,2016-01-13T08:18,2016-01-13T17:50,34288.36,30348.00,0.00,0.00,0.00,0.0
2016-01-14,71,28.9,37.1,22.4,19.9,28.0,12.5,10.8,21.5,255,2016-01-14T08:18,2016-01-14T17:51,34372.28,29207.92,0.10,0.00,0.14,1.0
2016-01-15,51,39.0,48.0,30.3,33.8,43.9,23.5,5.6,10.5,118,2016-01-15T08:18,2016-01-15T17:52,34459.13,25308.90,0.20,0.20,0.00,1.0
2016-01-16,61,42.1,50.4,36.7,36.0,43.4,31.1,12.4,20.4,302,2016-01-16T08:17,2016-01-16T17:53,34549.82,13852.93,8.10,8.10,0.00,10.0
2016-01-17,73,33.5,39.7,28.3,26.5,32.7,21.8,7.2,12.8,333,2016-01-17T08:17,2016-01-17T17:54,34644.23,0.00,1.90,0.00,1.40,6.0
2016-01-18,2,25.1,28.4,20.0,13.0,20.3,7.1,18.1,36.9,286,2016-01-18T08:16,2016-01-18T17:55,34742.19,30892.18,0.00,0.00,0.00,0.0
2016-01-19,3,21.9,28.1,16.8,9.0,14.3,4.5,20.0,38.7,284,2016-01-19T08:16,2016-01-19T17:57,34843.52,31056.28,0.00,0.00,0.00,0.0
2016-01-20,3,29.2,37.1,24.5,20.5,29.2,12.8,13.1,25.9,300,2016-01-20T08:15,2016-01-20T17:58,34948.03,27780.75,0.00,0.00,0.00,0.0
2016-01-21,3,29.1,36.1,25.3,20.2,25.5,15.9,11.1,21.0,316,2016-01-21T08:15,2016-01-21T17:59,35055.54,31326.18,0.00,0.00,0.00,0.0
2016-01-22,71,25.9,29.9,21.1,17.0,21.3,11.9,9.8,16.8,354,2016-01-22T08:14,2016-01-22T18:00,35165.89,18846.70,0.30,0.00,0.21,2.0
2016-01-23,75,26.5,27.8,25.0,13.4,18.4,11.5,23.4,45.4,29,2016-01-23T08:13,2016-01-23T18:01,35278.89,0.00,43.90,0.00,30.73,24.0
2016-01-24,73,21.0,26.1,14.6,10.9,17.7,5.3,16.3,31.5,335,2016-01-24T08:13,2016-01-24T18:03,35394.37,30357.88,1.10,0.00,0.77,4.0
2016-01-25,3,22.8,32.0,15.2,15.4,25.4,6.9,6.7,10.3,253,2016-01-25T08:12,2016-01-25T18:04,35512.18,30450.32,0.00,0.00,0.00,0.0
2016-01-26,3,31.9,41.2,22.9,24.3,33.9,14.7,9.8,17.2,215,2016-01-26T08:11,2016-01-26T18:05,35632.13,29087.00,0.00,0.00,0.00,0.0
2016-01-27,51,34.1,38.7,23.6,27.1,31.5,16.0,8.1,14.3,284,2016-01-27T08:10,2016-01-27T18:06,35754.08,28696.96,0.30,0.30,0.00,3.0
2016-01-28,3,25.9,35.3,17.4,19.1,29.1,11.0,5.8,9.6,239,2016-01-28T08:09,2016-01-28T18:08,35877.85,31454.02,0.00,0.00,0.00,0.0
2016-01-29,51,29.8,38.3,21.3,21.9,30.0,13.4,11.1,22.8,291,2016-01-29T08:09,2016-01-29T18:09,36003.30,32502.29,0.20,0.20,0.00,2.0
2016-01-30,3,26.8,34.6,16.7,18.5,26.4,8.4,9.9,19.5,240,2016-01-30T08:08,2016-01-30T18:10,36130.26,32640.03,0.00,0.00,0.00,0.0
2016-01-31,3,33.7,42.6,25.7,26.9,36.8,18.4,8.6,15.2,213,2016-01-31T08:07,2016-01-31T18:11,36258.60,31771.66,0.00,0.00,0.00,0.0
2016-02-01,3,40.5,47.0,35.6,34.5,42.1,29.1,7.8,14.5,265,2016-02-01T08:06,2016-02-01T18:12,36388.15,22283.76,0.00,0.00,0.00,0.0
2016-02-02,3,34.3,47.7,26.3,27.8,42.6,18.7,6.7,10.5,329,2016-02-02T08:05,2016-02-02T18:14,36518.77,33060.21,0.00,0.00,0.00,0.0
2016-02-03,63,44.9,54.4,29.8,39.2,51.3,22.5,14.9,35.8,164,2016-02-03T08:04,2016-02-03T18:15,36650.32,0.00,14.10,14.10,0.00,10.0
2016-02-04,51,50.6,54.1,44.1,46.5,51.7,37.2,9.7,19.7,286,2016-02-04T08:03,2016-02-04T18:16,36783.09,11101.04,0.70,0.70,0.00,3.0
2016-02-05,75,34.3,42.6,26.3,25.2,35.6,17.3,13.5,25.9,337,2016-02-05T08:02,2016-02-05T18:17,36918.33,14059.95,16.70,3.90,8.96,15.0
2016-02-06,3,29.8,37.0,21.8,22.0,28.8,13.8,8.2,15.9,231,2016-02-06T08:01,2016-02-06T18:19,37055.95,31643.66,0.00,0.00,0.00,0.0
2016-02-07,3,32.3,42.6,23.9,25.6,36.7,16.5,9.0,14.8,183,2016-02-07T08:00,2016-02-07T18:20,37195.80,31936.15,0.00,0.00,0.00,0.0
2016-02-08,71,32.0,34.3,27.4,23.3,26.1,19.8,14.4,26.8,34,2016-02-08T07:59,2016-02-08T18:21,37337.70,4160.36,1.10,0.00,1.26,8.0
2016-02-09,71,28.9,33.5,25.8,21.9,27.9,17.5,7.7,17.0,70,2016-02-09T07:57,2016-02-09T18:22,37481.47,25602.20,0.90,0.00,0.77,6.0
2016-02-10,71,32.4,37.9,27.9,24.5,28.3,18.1,11.4,21.0,258,2016-02-10T07:56,2016-02-10T18:23,37626.96,26405.46,0.70,0.00,0.70,6.0
2016-02-11,71,23.8,27.2,18.6,11.3,17.7,5.8,20.7,39.6,287,2016-02-11T07:55,2016-02-11T18:25,37774.00,31437.08,0.00,0.00,0.07,0.0
2016-02-12,3,18.5,25.0,9.4,8.7,15.6,0.1,14.9,26.4,266,2016-02-12T07:54,2016-02-12T18:26,37922.43,23847.22,0.00,0.00,0.00,0.0
2016-02-13,3,14.2,19.1,4.4,1.9,8.4,-9.2,19.6,38.5,298,2016-02-13T07:52,2016-02-13T18:27,38072.11,34723.50,0.00,0.00,0.00,0.0
2016-02-14,3,7.2,15.1,-1.4,-3.6,6.4,-13.5,15.1,25.9,312,2016-02-14T07:51,2016-02-14T18:28,38222.88,34814.36,0.00,0.00,0.00,0.0
2016-02-15,73,24.4,38.6,13.7,16.8,33.3,5.9,8.6,16.3,96,2016-02-15T07:50,2016-02-15T18:30,38374.59,10180.71,6.50,2.10,3.22,10.0
2016-02-16,63,46.6,53.1,34.4,39.6,46.0,27.1,20.2,60.0,184,2016-02-16T07:49,2016-02-16T18:31,38527.08,0.00,20.10,20.10,0.00,12.0
2016-02-17,3,35.3,43.0,29.4,27.3,34.3,21.8,11.0,20.4,286,2016-02-17T07:47,2016-02-17T18:32,38680.23,30242.22,0.00,0.00,0.00,0.0
2016-02-18,2,29.9,35.3,24.9,20.4,24.9,15.7,11.4,23.9,328,2016-02-18T07:46,2016-02-18T18:33,38833.89,35265.24,0.00,0.00,0.00,0.0
2016-02-19,73,29.0,35.6,21.5,21.0,27.3,13.6,9.1,20.8,141,2016-02-19T07:45,2016-02-19T18:34,38987.93,22459.46,0.50,0.00,0.35,2.0
2016-02-20,3,46.1,59.1,34.6,38.4,52.6,26.6,13.5,25.3,216,2016-02-20T07:43,2016-02-20T18:36,39142.20,35464.54,0.00,0.00,0.00,0.0
2016-02-21,53,44.7,53.0,34.8,39.4,49.5,29.0,11.7,20.4,285,2016-02-21T07:42,2016-02-21T18:37,39296.57,26575.66,1.00,1.00,0.00,3.0
2016-02-22,53,39.2,49.4,29.9,33.4,44.0,23.0,7.3,15.4,356,2016-02-22T07:40,2016-02-22T18:38,39450.91,35719.30,1.80,1.80,0.00,3.0
2016-02-23,71,35.8,41.3,31.8,27.4,33.4,22.9,14.4,28.6,55,2016-02-23T07:39,2016-02-23T18:39,39605.09,0.00,6.20,5.70,0.35,13.0
2016-02-24,63,46.5,57.5,36.4,40.1,50.9,27.8,22.2,56.8,109,2016-02-24T07:38,2016-02-24T18:40,39759.40,0.00,22.80,22.80,0.00,22.0
2016-02-25,61,48.3,57.8,38.5,40.9,54.1,27.8,22.5,55.3,224,2016-02-25T07:36,2016-02-25T18:41,39915.08,15675.72,3.90,3.90,0.00,6.0
2016-02-26,3,34.2,38.4,28.4,23.0,27.5,19.0,16.7,33.8,299,2016-02-26T07:35,2016-02-26T18:43,40072.10,36686.28,0.00,0.00,0.00,0.0
2016-02-27,3,31.8,40.3,23.6,23.1,31.6,14.6,10.3,19.5,266,2016-02-27T07:33,2016-02-27T18:44,40230.32,36725.23,0.00,0.00,0.00,0.0
2016-02-28,3,43.2,57.9,32.7,35.1,50.1,23.5,12.0,22.1,228,2016-02-28T07:32,2016-02-28T18:45,40389.63,36992.25,0.00,0.00,0.00,0.0
2016-02-29,53,49.1,57.2,43.6,41.8,50.2,34.6,14.2,25.7,238,2016-02-29T07:30,2016-02-29T18:46,40549.89,33039.23,0.90,0.90,0.00,2.0
2016-03-01,51,42.0,48.0,34.9,34.6,41.4,27.8,11.7,20.4,143,2016-03-01T07:29,2016-03-01T18:47,40710.98,36000.00,0.40,0.40,0.00,1.0
2016-03-02,61,42.8,52.6,30.2,33.2,47.0,19.8,18.6,37.6,278,2016-03-02T07:27,2016-03-02T18:48,40872.77,31954.14,4.70,4.70,0.00,5.0
2016-03-03,3,31.1,36.0,25.7,22.7,29.7,15.3,10.1,19.7,303,2016-03-03T07:25,2016-03-03T18:49,41035.15,35588.74,0.00,0.00,0.00,0.0
2016-03-04,73,32.9,36.9,30.2,24.6,28.0,21.3,11.9,23.5,36,2016-03-04T07:24,2016-03-04T18:51,41198.00,14414.19,3.50,0.00,2.59,12.0
2016-03-05,3,32.3,38.6,26.3,24.7,32.2,17.7,8.3,16.6,342,2016-03-05T07:22,2016-03-05T18:52,41361.18,37755.30,0.00,0.00,0.00,0.0
2016-03-06,3,34.8,42.4,26.1,28.5,36.5,18.9,5.6,13.2,341,2016-03-06T07:21,2016-03-06T18:53,41524.61,35002.76,0.00,0.00,0.00,0.0
2016-03-07,3,42.1,57.0,29.4,35.1,50.5,22.4,14.0,26.4,221,2016-03-07T07:19,2016-03-07T18:54,41688.14,38064.95,0.00,0.00,0.00,0.0
2016-03-08,3,47.4,60.4,37.3,43.2,57.4,32.2,7.4,14.1,139,2016-03-08T07:17,2016-03-08T18:55,41851.68,38009.55,0.00,0.00,0.00,0.0
2016-03-09,3,55.3,73.1,39.3,52.0,71.9,34.3,9.4,16.1,206,2016-03-09T07:16,2016-03-09T18:56,42015.11,38409.78,0.00,0.00,0.00,0.0
2016-03-10,3,62.9,75.5,52.7,61.1,73.7,49.7,8.0,16.6,248,2016-03-10T07:14,2016-03-10T18:57,42178.30,36364.07,0.00,0.00,0.00,0.0
2016-03-11,53,56.3,62.3,45.8,52.6,60.7,39.1,11.5,25.3,320,2016-03-11T07:13,2016-03-11T18:58,42341.16,33501.16,3.40,3.40,0.00,7.0
2016-03-12,3,47.2,58.7,36.1,42.0,53.1,30.5,8.6,15.4,236,2016-03-12T07:11,2016-03-12T18:59,42503.57,38101.27,0.00,0.00,0.00,0.0
2016-03-13,3,51.0,58.7,43.5,46.4,55.0,39.0,8.2,14.8,292,2016-03-13T07:09,2016-03-13T19:01,42665.41,20607.01,0.00,0.00,0.00,0.0
2016-03-14,53,44.3,47.7,42.2,36.4,43.0,33.6,16.2,29.3,70,2016-03-14T07:08,2016-03-14T19:02,42826.57,0.00,4.60,4.60,0.00,15.0
2016-03-15,51,47.4,53.8,43.7,42.3,51.5,35.8,15.0,27.5,16,2016-03-15T07:06,2016-03-15T19:03,42987.32,0.00,0.30,0.30,0.00,2.0
2016-03-16,51,50.0,61.2,42.6,47.3,59.6,39.6,8.4,17.4,133,2016-03-16T07:05,2016-03-16T19:04,43148.80,35864.20,0.60,0.60,0.00,2.0
2016-03-17,51,50.1,59.9,40.5,45.2,54.7,36.5,14.1,28.9,259,2016-03-17T07:03,2016-03-17T19:05,43310.99,39300.20,0.40,0.40,0.00,2.0
2016-03-18,2,48.7,56.1,42.5,40.1,46.1,34.7,17.1,35.6,290,2016-03-18T07:01,2016-03-18T19:06,43473.79,40305.39,0.00,0.00,0.00,0.0
2016-03-19,3,40.2,45.4,31.8,33.6,38.9,25.4,8.2,16.8,341,2016-03-19T07:00,2016-03-19T19:07,43637.10,23997.17,0.00,0.00,0.00,0.0
2016-03-20,73,36.1,40.4,31.9,27.6,32.0,22.0,10.8,22.8,50,2016-03-20T06:58,2016-03-20T19:08,43800.82,33643.12,2.30,0.80,1.05,5.0
2016-03-21,73,39.3,48.8,32.9,30.8,38.5,26.3,16.4,32.2,307,2016-03-21T06:56,2016-03-21T19:09,43964.85,39444.17,2.90,0.00,2.10,7.0
2016-03-22,3,42.1,54.4,30.9,33.7,46.0,22.4,13.3,24.2,249,2016-03-22T06:55,2016-03-22T19:10,44129.08,40962.60,0.00,0.00,0.00,0.0
2016-03-23,3,54.5,67.7,45.1,48.6,62.5,36.9,11.0,20.4,233,2016-03-23T06:53,2016-03-23T19:11,44293.43,36071.61,0.00,0.00,0.00,0.0
2016-03-24,3,47.6,56.1,41.3,41.7,52.0,34.8,12.2,23.0,76,2016-03-24T06:51,2016-03-24T19:12,44457.77,41290.78,0.00,0.00,0.00,0.0
2016-03-25,61,59.5,70.9,49.6,56.7,71.3,43.3,12.2,27.3,238,2016-03-25T06:50,2016-03-25T19:13,44622.02,25899.81,3.80,3.80,0.00,7.0
2016-03-26,3,44.0,51.5,36.7,37.6,48.5,29.1,12.0,21.9,45,2016-03-26T06:48,2016-03-26T19:14,44786.06,41617.58,0.00,0.00,0.00,0.0
2016-03-27,3,44.2,50.2,40.0,39.2,46.4,34.9,9.4,18.1,120,2016-03-27T06:46,2016-03-27T19:15,44949.80,27645.19,0.00,0.00,0.00,0.0
2016-03-28,51,48.6,58.6,43.0,42.6,52.3,34.8,19.1,37.4,299,2016-03-28T06:45,2016-03-28T19:17,45113.14,13543.14,2.90,2.90,0.00,9.0
2016-03-29,2,45.6,51.9,39.3,34.6,41.8,29.2,18.9,37.4,302,2016-03-29T06:43,2016-03-29T19:18,45275.96,42103.47,0.00,0.00,0.00,0.0
2016-03-30,3,42.6,53.3,30.4,35.4,47.9,23.9,12.6,23.7,205,2016-03-30T06:41,2016-03-30T19:19,45438.17,42263.88,0.00,0.00,0.00,0.0
2016-03-31,3,56.9,69.7,43.3,50.6,64.6,34.4,20.0,34.9,203,2016-03-31T06:40,2016-03-31T19:20,45599.65,39188.10,0.00,0.00,0.00,0.0
2016-04-01,55,63.9,73.8,58.9,63.1,73.5,54.7,13.8,28.0,212,2016-04-01T06:38,2016-04-01T19:21,45760.30,17484.35,3.00,3.00,0.00,6.0
2016-04-02,61,52.4,58.4,47.7,49.0,56.9,41.7,9.2,19.9,220,2016-04-02T06:36,2016-04-02T19:22,45920.00,19612.92,7.90,7.90,0.00,10.0
2016-04-03,71,39.4,47.0,33.7,28.6,41.8,19.4,25.7,48.8,294,2016-04-03T06:35,2016-04-03T19:23,46078.65,42894.98,4.70,4.40,0.21,7.0
2016-04-04,73,41.4,52.7,33.1,35.4,50.7,23.5,12.4,28.6,56,2016-04-04T06:33,2016-04-04T19:24,46236.49,3670.30,14.40,13.50,0.70,17.0
2016-04-05,71,33.3,40.9,26.1,23.3,31.7,13.8,15.2,30.2,353,2016-04-05T06:32,2016-04-05T19:25,46394.59,43141.67,0.00,0.00,0.07,0.0
2016-04-06,3,37.8,46.9,26.3,29.9,38.6,19.0,16.0,30.4,183,2016-04-06T06:30,2016-04-06T19:26,46552.95,43200.00,0.00,0.00,0.00,0.0
2016-04-07,63,51.5,56.5,45.1,45.4,51.2,37.6,18.1,42.7,189,2016-04-07T06:28,2016-04-07T19:27,46711.45,17492.91,9.50,9.50,0.00,9.0
2016-04-08,51,45.2,48.9,40.1,36.8,40.4,33.7,16.6,31.8,263,2016-04-08T06:27,2016-04-08T19:28,46870.00,40445.30,0.30,0.30,0.00,1.0
2016-04-09,53,38.1,42.6,33.3,31.2,35.7,25.7,15.0,26.4,14,2016-04-09T06:25,2016-04-09T19:29,47028.50,4074.56,3.70,3.70,0.00,9.0
2016-04-10,3,39.4,48.6,30.1,31.4,42.6,21.7,14.1,27.5,279,2016-04-10T06:24,2016-04-10T19:30,47186.84,43340.20,0.00,0.00,0.00,0.0
2016-04-11,51,49.3,61.0,40.0,43.0,55.5,32.4,12.0,23.0,188,2016-04-11T06:22,2016-04-11T19:31,47344.93,21600.00,0.60,0.60,0.00,2.0
2016-04-12,61,51.5,55.7,43.0,45.9,53.4,35.1,12.3,26.8,261,2016-04-12T06:20,2016-04-12T19:32,47502.65,11959.15,5.70,5.70,0.00,6.0
2016-04-13,2,43.9,53.1,33.8,38.5,50.3,27.6,7.7,19.2,13,2016-04-13T06:19,2016-04-13T19:33,47659.89,43506.87,0.00,0.00,0.00,0.0
2016-04-14,1,46.3,56.9,35.5,41.4,54.3,29.1,7.6,16.6,51,2016-04-14T06:17,2016-04-14T19:34,47816.54,43638.66,0.00,0.00,0.00,0.0
2016-04-15,0,48.0,59.0,35.5,44.2,56.9,30.3,6.2,12.8,98,2016-04-15T06:16,2016-04-15T19:35,47972.50,43790.27,0.00,0.00,0.00,0.0
2016-04-16,3,49.4,62.5,36.8,44.3,57.3,31.8,8.1,18.1,58,2016-04-16T06:14,2016-04-16T19:36,48127.65,43988.79,0.00,0.00,0.00,0.0
2016-04-17,0,51.9,68.1,37.0,48.6,67.0,31.6,6.5,10.3,298,2016-04-17T06:13,2016-04-17T19:37,48281.87,44265.10,0.00,0.00,0.00,0.0
2016-04-18,3,59.0,74.9,43.1,56.0,75.2,38.4,8.3,13.9,315,2016-04-18T06:11,2016-04-18T19:39,48435.04,44239.08,0.00,0.00,0.00,0.0
2016-04-19,3,58.7,68.2,50.4,53.2,63.2,43.8,13.1,25.9,321,2016-04-19T06:10,2016-04-19T19:40,48587.04,43549.41,0.00,0.00,0.00,0.0
2016-04-20,0,53.4,63.9,44.5,47.7,60.6,38.8,11.5,19.7,340,2016-04-20T06:08,2016-04-20T19:41,48737.75,44937.89,0.00,0.00,0.00,0.0
2016-04-21,3,56.7,70.5,41.7,52.2,65.7,36.8,10.7,20.6,220,2016-04-21T06:07,2016-04-21T19:42,48887.04,44664.54,0.00,0.00,0.00,0.0
2016-04-22,55,64.9,77.3,53.5,65.0,78.7,52.4,6.8,18.3,228,2016-04-22T06:05,2016-04-22T19:43,49034.79,36812.59,3.40,3.40,0.00,6.0
2016-04-23,53,61.6,68.0,54.0,59.3,65.7,47.1,9.4,24.4,346,2016-04-23T06:04,2016-04-23T19:44,49180.84,41772.56,2.00,2.00,0.00,8.0
2016-04-24,0,54.2,64.3,45.2,48.5,59.5,38.3,9.0,18.1,348,2016-04-24T06:03,2016-04-24T19:45,49325.45,45560.55,0.00,0.00,0.00,0.0
2016-04-25,3,56.4,66.8,46.9,54.3,67.2,44.1,6.2,14.8,105,2016-04-25T06:01,2016-04-25T19:46,49469.62,44464.11,0.00,0.00,0.00,0.0
2016-04-26,63,57.4,74.9,48.8,55.9,75.6,43.3,9.5,30.2,61,2016-04-26T06:00,2016-04-26T19:47,49613.35,41530.38,6.80,6.80,0.00,7.0
2016-04-27,3,51.3,57.8,46.4,46.8,53.2,41.2,8.7,18.6,207,2016-04-27T05:59,2016-04-27T19:48,49756.51,39120.02,0.00,0.00,0.00,0.0
2016-04-28,53,49.0,56.0,44.0,43.4,51.5,37.6,8.6,17.0,78,2016-04-28T05:57,2016-04-28T19:49,49899.01,17628.19,1.20,1.20,0.00,5.0
2016-04-29,53,48.8,53.6,45.6,43.1,45.8,41.3,10.3,21.0,98,2016-04-29T05:56,2016-04-29T19:50,50040.72,15086.39,2.50,2.50,0.00,5.0
2016-04-30,51,50.8,59.8,45.3,46.6,57.1,40.3,8.1,16.6,108,2016-04-30T05:55,2016-04-30T19:51,50181.53,43473.89,0.10,0.10,0.00,1.0
2016-05-01,55,48.5,49.7,47.2,44.2,45.3,42.6,9.2,18.6,114,2016-05-01T05:53,2016-05-01T19:52,50321.31,0.00,4.70,4.70,0.00,10.0
2016-05-02,63,52.4,58.9,46.6,50.7,59.3,43.3,6.1,25.1,118,2016-05-02T05:52,2016-05-02T19:53,50459.94,197.73,6.20,6.20,0.00,5.0
2016-05-03,63,52.4,54.0,50.5,50.1,53.7,48.0,8.3,18.1,67,2016-05-03T05:51,2016-05-03T19:54,50597.30,0.00,24.40,24.40,0.00,12.0
2016-05-04,61,49.6,51.7,47.9,45.4,47.4,42.8,10.4,19.9,66,2016-05-04T05:50,2016-05-04T19:55,50733.26,726.46,4.70,4.70,0.00,7.0
2016-05-05,3,49.8,54.6,46.2,44.3,50.2,40.5,12.7,24.2,35,2016-05-05T05:48,2016-05-05T19:56,50867.68,0.00,0.00,0.00,0.00,0.0
2016-05-06,61,49.9,52.8,47.6,44.5,48.0,42.6,18.4,35.1,67,2016-05-06T05:47,2016-05-06T19:57,51000.43,0.00,10.70,10.70,0.00,14.0
2016-05-07,51,52.2,58.2,48.6,49.7,57.3,44.6,8.4,18.1,75,2016-05-07T05:46,2016-05-07T19:58,51131.38,9358.37,1.80,1.80,0.00,10.0
2016-05-08,61,53.9,63.5,47.5,49.2,55.6,42.7,16.5,31.5,276,2016-05-08T05:45,2016-05-08T19:59,51260.39,31588.17,2.90,2.90,0.00,5.0
2016-05-09,3,56.9,70.3,44.4,51.8,63.0,38.0,16.5,30.6,258,2016-05-09T05:44,2016-05-09T20:00,51387.31,44947.08,0.00,0.00,0.00,0.0
2016-05-10,3,53.2,61.4,43.4,48.2,55.8,39.0,8.8,20.8,280,2016-05-10T05:43,2016-05-10T20:01,51512.01,36696.67,0.00,0.00,0.00,0.0
2016-05-11,3,58.6,70.8,45.5,56.4,71.1,41.8,7.8,13.4,262,2016-05-11T05:42,2016-05-11T20:02,51634.32,44894.83,0.00,0.00,0.00,0.0
2016-05-12,3,61.3,73.6,48.7,60.5,75.2,46.6,7.3,13.0,106,2016-05-12T05:41,2016-05-12T20:03,51754.11,48182.36,0.00,0.00,0.00,0.0
2016-05-13,61,58.9,63.8,52.2,59.4,65.8,50.5,5.5,18.1,185,2016-05-13T05:40,2016-05-13T20:04,51871.22,13137.41,8.70,8.70,0.00,8.0
2016-05-14,53,61.2,69.5,50.9,60.0,69.8,48.6,11.5,22.6,234,2016-05-14T05:39,2016-05-14T20:05,51985.81,39247.84,1.20,1.20,0.00,5.0
2016-05-15,51,52.8,56.5,47.8,44.2,52.7,38.5,17.5,36.0,281,2016-05-15T05:38,2016-05-15T20:06,52098.78,45705.69,0.30,0.30,0.00,2.0
2016-05-16,3,51.7,64.8,41.6,42.6,56.1,32.2,20.7,38.5,278,2016-05-16T05:37,2016-05-16T20:07,52210.09,48740.97,0.00,0.00,0.00,0.0
2016-05-17,51,54.9,64.0,49.4,50.1,58.0,43.7,10.4,20.4,235,2016-05-17T05:36,2016-05-17T20:08,52319.66,14915.38,0.10,0.10,0.00,1.0
2016-05-18,3,55.8,64.9,47.6,52.3,64.2,43.3,7.4,15.2,59,2016-05-18T05:35,2016-05-18T20:09,52427.35,36589.63,0.00,0.00,0.00,0.0
2016-05-19,3,58.8,68.0,52.0,57.1,66.3,50.5,6.7,10.5,196,2016-05-19T05:34,2016-05-19T20:10,52533.06,40422.95,0.00,0.00,0.00,0.0
2016-05-20,3,61.7,73.2,48.8,59.0,75.1,45.3,8.4,18.3,305,2016-05-20T05:34,2016-05-20T20:11,52636.68,46857.79,0.00,0.00,0.00,0.0
2016-05-21,51,57.7,60.7,53.5,55.0,57.3,52.0,7.8,15.4,116,2016-05-21T05:33,2016-05-21T20:12,52738.09,0.00,0.30,0.30,0.00,3.0
2016-05-22,53,58.6,66.9,52.6,56.3,65.3,48.7,9.1,16.3,15,2016-05-22T05:32,2016-05-22T20:13,52837.18,20087.52,2.30,2.30,0.00,5.0
2016-05-23,53,61.8,73.1,50.9,61.4,73.9,49.7,7.1,19.0,133,2016-05-23T05:31,2016-05-23T20:14,52933.82,47352.10,0.60,0.60,0.00,1.0
2016-05-24,61,62.6,72.9,57.1,63.1,73.9,55.7,8.6,21.3,292,2016-05-24T05:31,2016-05-24T20:15,53027.90,25581.47,10.10,10.10,0.00,15.0
2016-05-25,0,70.6,85.9,52.8,69.7,86.0,50.9,8.4,14.5,260,2016-05-25T05:30,2016-05-25T20:15,53119.30,49578.47,0.00,0.00,0.00,0.0
2016-05-26,3,74.2,86.8,61.0,75.0,89.9,60.5,7.8,17.0,216,2016-05-26T05:29,2016-05-26T20:16,53207.89,49640.37,0.00,0.00,0.00,0.0
2016-05-27,55,74.7,85.3,65.0,78.7,93.9,67.3,9.3,20.6,189,2016-05-27T05:29,2016-05-27T20:17,53293.55,49489.21,1.80,1.80,0.00,4.0
2016-05-28,3,77.6,88.1,68.2,81.2,94.0,70.2,8.8,15.9,216,2016-05-28T05:28,2016-05-28T20:18,53376.16,49731.08,0.00,0.00,0.00,0.0
2016-05-29,51,75.5,85.7,68.5,78.1,88.7,70.9,11.5,21.5,189,2016-05-29T05:28,2016-05-29T20:19,53455.60,47664.93,0.30,0.30,0.00,1.0
2016-05-30,61,72.5,80.2,67.2,77.1,85.8,70.9,8.6,18.8,200,2016-05-30T05:27,2016-05-30T20:19,53531.73,27378.09,7.10,7.10,0.00,10.0
2016-05-31,51,74.4,82.9,68.7,78.9,89.0,73.1,7.3,17.0,181,2016-05-31T05:27,2016-05-31T20:20,53604.43,46191.17,0.40,0.40,0.00,2.0
2016-06-01,3,71.5,80.3,63.2,73.2,83.0,63.3,9.6,18.6,90,2016-06-01T05:26,2016-06-01T20:21,53673.58,49897.31,0.00,0.00,0.00,0.0
2016-06-02,3,65.9,73.3,60.1,66.9,77.9,60.0,8.7,18.8,103,2016-06-02T05:26,2016-06-02T20:22,53739.05,45368.38,0.00,0.00,0.00,0.0
2016-06-03,61,64.9,68.3,62.7,67.2,72.1,63.8,5.6,13.2,143,2016-06-03T05:26,2016-06-03T20:22,53800.89,0.00,9.10,9.10,0.00,12.0
2016-06-04,53,71.1,79.8,64.5,75.1,87.2,67.1,6.6,14.5,191,2016-06-04T05:25,2016-06-04T20:23,53859.63,31618.94,0.70,0.70,0.00,1.0
2016-06-05,63,68.5,72.2,65.0,71.6,78.0,67.3,9.7,23.7,162,2016-06-05T05:25,2016-06-05T20:24,53915.26,0.00,10.30,10.30,0.00,13.0
2016-06-06,3,73.5,82.2,64.9,74.4,82.3,66.2,10.8,21.7,246,2016-06-06T05:25,2016-06-06T20:24,53967.73,49513.57,0.00,0.00,0.00,0.0
2016-06-07,3,74.2,83.1,67.2,73.9,82.7,63.6,12.4,26.2,264,2016-06-07T05:24,2016-06-07T20:25,54016.99,50111.06,0.00,0.00,0.00,0.0
2016-06-08,63,61.9,68.8,55.8,57.0,67.0,49.5,16.8,33.3,298,2016-06-08T05:24,2016-06-08T20:25,54062.98,34308.03,10.70,10.70,0.00,5.0
2016-06-09,1,62.3,71.9,53.9,55.6,64.8,47.8,17.3,33.6,297,2016-06-09T05:24,2016-06-09T20:26,54105.67,50174.60,0.00,0.00,0.00,0.0
2016-06-10,3,64.5,75.6,54.9,59.8,71.6,48.6,11.4,25.1,307,2016-06-10T05:24,2016-06-10T20:26,54145.00,50204.59,0.00,0.00,0.00,0.0
2016-06-11,51,71.2,86.5,55.3,71.6,89.9,53.2,10.5,31.1,240,2016-06-11T05:24,2016-06-11T20:27,54180.93,46931.80,0.30,0.30,0.00,1.0
2016-06-12,1,74.3,80.7,61.9,71.8,79.4,53.9,18.2,34.4,300,2016-06-12T05:24,2016-06-12T20:27,54213.40,50260.60,0.00,0.00,0.00,0.0
2016-06-13,3,65.6,75.7,57.2,60.4,73.0,51.1,14.5,30.0,320,2016-06-13T05:24,2016-06-13T20:28,54242.39,44332.74,0.00,0.00,0.00,0.0
2016-06-14,2,68.0,79.5,57.0,64.8,76.9,53.3,9.2,19.2,321,2016-06-14T05:24,2016-06-14T20:28,54267.85,50310.78,0.00,0.00,0.00,0.0
2016-06-15,3,72.2,84.2,57.5,71.5,85.1,56.4,6.7,15.9,256,2016-06-15T05:24,2016-06-15T20:29,54289.73,47053.17,0.00,0.00,0.00,0.0
2016-06-16,51,70.6,75.1,65.2,72.7,77.1,66.8,4.8,14.8,161,2016-06-16T05:24,2016-06-16T20:29,54308.00,40877.26,0.10,0.10,0.00,1.0
2016-06-17,55,69.3,77.0,61.5,69.0,79.0,60.9,10.0,19.5,111,2016-06-17T05:24,2016-06-17T20:29,54322.60,47828.58,1.40,1.40,0.00,2.0
2016-06-18,3,71.0,84.1,57.1,70.6,85.2,56.7,8.4,18.8,180,2016-06-18T05:24,2016-06-18T20:30,54333.53,47942.05,0.00,0.00,0.00,0.0
2016-06-19,3,73.0,86.2,63.7,73.5,91.4,63.7,12.4,23.9,155,2016-06-19T05:24,2016-06-19T20:30,54340.74,50400.00,0.00,0.00,0.00,0.0
2016-06-20,3,73.9,84.6,62.3,76.3,89.5,64.4,10.2,19.9,160,2016-06-20T05:25,2016-06-20T20:30,54344.19,50400.00,0.00,0.00,0.00,0.0
2016-06-21,63,78.6,88.2,69.9,80.5,92.3,71.6,10.8,21.3,263,2016-06-21T05:25,2016-06-21T20:30,54343.85,47573.38,3.80,3.80,0.00,2.0
2016-06-22,2,75.8,86.5,67.2,76.1,83.9,70.1,13.8,27.3,298,2016-06-22T05:25,2016-06-22T20:31,54339.70,50400.00,0.00,0.00,0.00,0.0
2016-06-23,61,73.6,81.8,66.8,76.0,86.0,66.7,5.0,12.3,168,2016-06-23T05:25,2016-06-23T20:31,54331.67,29269.66,3.10,3.10,0.00,4.0
2016-06-24,3,72.7,80.1,64.8,74.8,82.0,66.9,9.6,19.9,99,2016-06-24T05:26,2016-06-24T20:31,54319.69,50400.00,0.00,0.00,0.00,0.0
2016-06-25,3,72.2,82.2,63.3,73.1,84.8,65.3,7.9,17.4,108,2016-06-25T05:26,2016-06-25T20:31,54303.80,50400.00,0.00,0.00,0.00,0.0
2016-06-26,3,73.7,85.4,64.5,74.7,88.2,65.9,11.0,21.0,179,2016-06-26T05:26,2016-06-26T20:31,54284.07,50400.00,0.00,0.00,0.00,0.0
2016-06-27,61,73.0,82.9,62.7,74.6,86.3,63.3,11.7,22.1,190,2016-06-27T05:27,2016-06-27T20:31,54260.55,43200.00,4.40,4.40,0.00,5.0
2016-06-28,63,71.3,74.9,68.9,76.0,78.6,73.1,8.8,19.7,160,2016-06-28T05:27,2016-06-28T20:31,54233.30,306.04,11.80,11.80,0.00,17.0
2016-06-29,53,74.8,82.7,68.6,78.4,86.1,71.2,7.1,14.3,316,2016-06-29T05:28,2016-06-29T20:31,54202.40,48407.48,1.60,1.60,0.00,4.0
2016-06-30,3,74.5,83.7,65.0,76.1,86.8,66.2,7.1,14.8,268,2016-06-30T05:28,2016-06-30T20:31,54167.91,41967.36,0.00,0.00,0.00,0.0
2016-07-01,55,73.8,79.7,67.4,77.9,83.4,70.8,12.2,28.4,182,2016-07-01T05:29,2016-07-01T20:31,54129.89,39693.12,4.50,4.50,0.00,7.0
2016-07-02,3,71.9,78.5,65.5,70.5,76.4,63.6,12.6,25.1,296,2016-07-02T05:29,2016-07-02T20:31,54088.43,50400.00,0.00,0.00,0.00,0.0
2016-07-03,3,72.0,81.5,61.1,71.4,82.4,60.9,8.1,17.2,257,2016-07-03T05:30,2016-07-03T20:30,54043.58,37621.89,0.00,0.00,0.00,0.0
2016-07-04,61,73.2,83.0,63.7,74.9,85.8,66.0,10.1,21.0,207,2016-07-04T05:30,2016-07-04T20:30,53995.42,37174.31,1.70,1.70,0.00,2.0
2016-07-05,61,76.4,86.4,68.5,81.5,90.4,72.5,7.3,17.7,290,2016-07-05T05:31,2016-07-05T20:30,53944.02,36000.00,7.50,7.50,0.00,8.0
2016-07-06,3,81.4,90.2,69.8,86.6,95.5,75.2,6.5,13.6,222,2016-07-06T05:31,2016-07-06T20:30,53889.45,50274.35,0.00,0.00,0.00,0.0
2016-07-07,53,82.2,90.5,73.7,89.0,96.8,81.3,7.9,17.4,220,2016-07-07T05:32,2016-07-07T20:29,53831.79,46555.24,1.80,1.80,0.00,3.0
2016-07-08,63,77.2,86.8,68.9,83.0,96.6,72.3,10.2,19.7,89,2016-07-08T05:33,2016-07-08T20:29,53771.10,41857.50,15.20,15.20,0.00,8.0
2016-07-09,63,69.8,73.9,67.6,72.8,77.0,69.7,8.5,21.0,119,2016-07-09T05:33,2016-07-09T20:29,53707.48,27.27,10.20,10.20,0.00,9.0
2016-07-10,55,73.5,80.6,67.0,76.3,81.6,69.7,11.2,20.1,302,2016-07-10T05:34,2016-07-10T20:28,53640.97,49665.39,1.90,1.90,0.00,3.0
2016-07-11,3,71.5,78.1,64.4,72.6,79.4,65.4,8.2,17.0,356,2016-07-11T05:35,2016-07-11T20:28,53571.67,46142.40,0.00,0.00,0.00,0.0
2016-07-12,3,72.5,80.7,63.5,75.9,84.5,66.6,10.3,20.8,189,2016-07-12T05:36,2016-07-12T20:27,53499.64,49916.50,0.00,0.00,0.00,0.0
2016-07-13,51,75.5,83.7,67.9,79.8,89.9,72.0,11.4,21.5,193,2016-07-13T05:36,2016-07-13T20:27,53424.74,39175.05,0.20,0.20,0.00,1.0
2016-07-14,61,79.0,88.3,73.1,86.5,96.4,79.0,10.2,27.1,189,2016-07-14T05:37,2016-07-14T20:26,53346.31,31707.23,6.60,6.60,0.00,8.0
2016-07-15,3,82.3,89.9,74.3,87.5,95.1,80.9,7.5,14.1,246,2016-07-15T05:38,2016-07-15T20:26,53264.45,49700.50,0.00,0.00,0.00,0.0
2016-07-16,63,79.4,88.6,72.2,84.7,94.6,75.9,8.2,16.1,214,2016-07-16T05:39,2016-07-16T20:25,53179.29,44625.26,6.20,6.20,0.00,4.0
2016-07-17,3,80.7,89.5,72.2,86.6,95.3,78.8,6.9,13.6,250,2016-07-17T05:39,2016-07-17T20:24,53090.97,49540.98,0.00,0.00,0.00,0.0
2016-07-18,61,81.7,93.5,73.8,86.1,97.3,77.1,10.7,21.3,237,2016-07-18T05:40,2016-07-18T20:24,52999.62,43155.37,1.60,1.60,0.00,2.0
2016-07-19,3,77.4,83.7,69.9,77.7,82.7,70.5,12.7,23.3,316,2016-07-19T05:41,2016-07-19T20:23,52905.39,49370.08,0.00,0.00,0.00,0.0
2016-07-20,3,74.2,83.1,65.3,75.5,86.0,66.7,5.4,18.1,22,2016-07-20T05:42,2016-07-20T20:22,52808.41,49280.65,0.00,0.00,0.00,0.0
2016-07-21,3,78.2,88.2,67.7,80.6,91.8,71.3,10.2,21.9,221,2016-07-21T05:43,2016-07-21T20:21,52708.82,49188.72,0.00,0.00,0.00,0.0
2016-07-22,3,83.1,95.3,71.9,86.1,98.2,75.1,12.0,24.8,234,2016-07-22T05:44,2016-07-22T20:20,52606.73,49094.42,0.00,0.00,0.00,0.0
2016-07-23,1,85.7,94.7,76.0,86.9,95.2,78.7,11.6,21.3,292,2016-07-23T05:45,2016-07-23T20:20,52502.30,48997.85,0.00,0.00,0.00,0.0
2016-07-24,3,81.4,91.8,69.5,84.6,96.6,72.7,8.9,21.5,266,2016-07-24T05:46,2016-07-24T20:19,52395.64,48899.11,0.00,0.00,0.00,0.0
2016-07-25,63,80.8,92.9,74.0,87.6,101.7,80.1,7.8,20.1,225,2016-07-25T05:46,2016-07-25T20:18,52286.88,34796.30,15.80,15.80,0.00,8.0
2016-07-26,3,81.7,91.0,72.3,86.3,94.5,77.6,10.6,19.2,302,2016-07-26T05:47,2016-07-26T20:17,52176.15,48695.62,0.00,0.00,0.00,0.0
2016-07-27,3,80.0,88.9,70.0,84.4,95.5,74.1,5.7,17.9,285,2016-07-27T05:48,2016-07-27T20:16,52063.58,48591.07,0.00,0.00,0.00,0.0
2016-07-28,51,81.6,89.9,74.1,88.6,95.5,82.6,10.3,21.3,211,2016-07-28T05:49,2016-07-28T20:15,51949.27,42099.72,0.30,0.30,0.00,2.0
2016-07-29,63,77.2,84.3,71.3,82.7,88.9,76.5,9.2,19.7,38,2016-07-29T05:50,2016-07-29T20:14,51833.36,37425.64,24.80,24.80,0.00,11.0
2016-07-30,63,76.0,82.6,72.1,83.7,90.4,79.3,7.4,14.8,153,2016-07-30T05:51,2016-07-30T20:13,51715.95,30504.60,17.20,17.20,0.00,14.0
2016-07-31,61,74.1,77.2,72.6,80.4,83.9,78.9,7.6,18.3,106,2016-07-31T05:52,2016-07-31T20:12,51597.16,9564.86,13.20,13.20,0.00,23.0
2016-08-01,51,73.3,77.3,70.7,78.6,82.0,75.8,7.3,16.8,80,2016-08-01T05:53,2016-08-01T20:11,51477.11,14783.09,0.60,0.60,0.00,5.0
2016-08-02,51,71.7,75.5,67.9,74.9,78.1,71.5,8.0,17.4,63,2016-08-02T05:54,2016-08-02T20:10,51355.58,31376.69,0.90,0.90,0.00,5.0
2016-08-03,2,70.4,77.2,62.8,73.2,81.3,65.3,7.3,14.8,99,2016-08-03T05:55,2016-08-03T20:09,51231.65,47814.75,0.00,0.00,0.00,0.0
2016-08-04,3,72.0,79.3,64.3,75.5,84.7,67.3,7.6,16.8,151,2016-08-04T05:56,2016-08-04T20:08,51105.38,47696.35,0.00,0.00,0.00,0.0
2016-08-05,3,73.4,81.2,64.4,76.3,85.1,67.4,8.3,16.8,207,2016-08-05T05:57,2016-08-05T20:06,50976.91,46075.72,0.00,0.00,0.00,0.0
2016-08-06,53,77.7,86.9,71.3,83.5,95.9,73.3,8.5,17.9,240,2016-08-06T05:58,2016-08-06T20:05,50846.40,26414.52,1.90,1.90,0.00,6.0
2016-08-07,3,77.3,86.6,68.1,79.1,88.8,70.5,9.0,17.4,313,2016-08-07T05:59,2016-08-07T20:04,50713.97,47328.56,0.00,0.00,0.00,0.0
2016-08-08,3,76.0,85.8,66.0,78.8,89.2,68.5,4.9,15.4,315,2016-08-08T06:00,2016-08-08T20:03,50579.77,47202.18,0.00,0.00,0.00,0.0
2016-08-09,3,76.7,85.1,68.5,80.6,88.3,73.3,9.4,18.8,181,2016-08-09T06:01,2016-08-09T20:01,50443.92,47074.11,0.00,0.00,0.00,0.0
2016-08-10,63,78.4,85.2,73.7,86.2,94.2,79.5,7.4,22.6,197,2016-08-10T06:02,2016-08-10T20:00,50306.57,32048.01,14.70,14.70,0.00,12.0
2016-08-11,63,81.1,89.3,76.4,90.2,99.5,84.3,7.7,19.2,231,2016-08-11T06:03,2016-08-11T19:59,50167.84,36229.14,7.20,7.20,0.00,12.0
2016-08-12,61,83.7,93.9,76.8,92.0,102.2,84.5,10.6,22.1,239,2016-08-12T06:04,2016-08-12T19:57,50027.85,43288.97,2.60,2.60,0.00,2.0
2016-08-13,55,84.7,92.7,78.9,95.3,105.5,89.4,8.8,19.0,225,2016-08-13T06:05,2016-08-13T19:56,49886.73,41967.67,2.70,2.70,0.00,4.0
2016-08-14,3,85.4,93.3,79.2,93.7,102.1,88.4,9.9,22.8,261,2016-08-14T06:06,2016-08-14T19:55,49744.61,44610.18,0.00,0.00,0.00,0.0
2016-08-15,51,83.0,90.2,77.3,90.7,96.6,86.1,7.0,14.1,311,2016-08-15T06:07,2016-08-15T19:53,49601.59,44255.97,0.20,0.20,0.00,1.0
2016-08-16,63,80.2,84.7,76.6,88.6,93.3,85.7,10.4,24.4,202,2016-08-16T06:08,2016-08-16T19:52,49457.80,32685.87,11.50,11.50,0.00,10.0
2016-08-17,51,81.1,86.2,76.7,85.3,88.8,81.0,12.7,24.4,279,2016-08-17T06:09,2016-08-17T19:50,49313.35,42597.07,0.10,0.10,0.00,1.0
2016-08-18,53,78.7,84.5,73.9,84.7,90.1,79.6,4.6,11.2,294,2016-08-18T06:10,2016-08-18T19:49,49168.35,36309.43,1.00,1.00,0.00,3.0
2016-08-19,51,78.7,84.0,74.0,84.4,90.5,79.4,7.5,14.1,10,2016-08-19T06:11,2016-08-19T19:48,49022.91,43916.54,0.30,0.30,0.00,1.0
2016-08-20,53,78.0,83.0,73.0,84.4,89.3,80.0,8.9,19.9,109,2016-08-20T06:12,2016-08-20T19:46,48877.13,43555.42,2.00,2.00,0.00,5.0
2016-08-21,61,77.2,84.5,71.7,82.6,87.8,77.4,10.8,20.8,157,2016-08-21T06:13,2016-08-21T19:45,48731.13,33853.52,7.00,7.00,0.00,9.0
2016-08-22,53,72.6,78.7,66.8,71.7,80.9,64.9,12.7,24.8,319,2016-08-22T06:14,2016-08-22T19:43,48584.66,44146.69,0.90,0.90,0.00,2.0
2016-08-23,0,70.7,80.7,59.2,71.7,82.3,59.7,4.5,13.9,284,2016-08-23T06:15,2016-08-23T19:42,48436.73,43966.13,0.00,0.00,0.00,0.0
2016-08-24,2,75.1,85.3,64.3,77.7,89.0,66.5,8.3,16.6,221,2016-08-24T06:16,2016-08-24T19:40,48287.37,43789.54,0.00,0.00,0.00,0.0
2016-08-25,3,76.1,85.5,66.8,79.3,89.0,69.3,10.6,20.4,204,2016-08-25T06:16,2016-08-25T19:39,48136.70,34458.77,0.00,0.00,0.00,0.0
2016-08-26,3,81.1,90.4,74.0,85.9,94.0,78.5,8.2,16.6,295,2016-08-26T06:17,2016-08-26T19:37,47984.84,43236.92,0.00,0.00,0.00,0.0
2016-08-27,3,77.7,86.2,69.2,79.8,90.2,70.7,7.2,15.0,67,2016-08-27T06:18,2016-08-27T19:36,47831.91,43442.05,0.00,0.00,0.00,0.0
2016-08-28,3,76.7,86.0,69.2,80.5,91.0,73.7,9.9,21.9,161,2016-08-28T06:19,2016-08-28T19:34,47678.02,43365.25,0.00,0.00,0.00,0.0
2016-08-29,3,80.1,90.4,71.9,82.1,93.3,74.8,9.4,16.8,311,2016-08-29T06:20,2016-08-29T19:32,47523.28,43200.00,0.00,0.00,0.00,0.0
2016-08-30,3,75.4,83.3,67.7,77.7,87.6,69.0,8.1,19.5,103,2016-08-30T06:21,2016-08-30T19:31,47367.80,43295.19,0.00,0.00,0.00,0.0
2016-08-31,3,78.0,86.3,71.4,82.9,90.4,77.6,7.4,16.1,208,2016-08-31T06:22,2016-08-31T19:29,47211.68,42491.79,0.00,0.00,0.00,0.0
2016-09-01,55,74.7,78.4,70.7,79.9,82.9,74.5,6.9,14.8,290,2016-09-01T06:23,2016-09-01T19:27,47055.04,16539.63,5.70,5.70,0.00,13.0
2016-09-02,3,72.2,79.4,66.5,71.4,79.4,65.3,10.1,19.2,4,2016-09-02T06:24,2016-09-02T19:26,46897.97,39934.78,0.00,0.00,0.00,0.0
2016-09-03,3,69.2,74.0,65.9,69.3,71.7,66.9,10.9,22.1,54,2016-09-03T06:25,2016-09-03T19:24,46740.57,14198.07,0.00,0.00,0.00,0.0
2016-09-04,2,69.7,78.6,62.8,69.2,77.0,62.2,10.2,21.7,37,2016-09-04T06:26,2016-09-04T19:23,46582.96,42960.48,0.00,0.00,0.00,0.0
2016-09-05,3,71.1,83.0,63.5,68.7,80.5,60.9,12.0,19.7,7,2016-09-05T06:27,2016-09-05T19:21,46425.22,17663.09,0.00,0.00,0.00,0.0
2016-09-06,51,73.9,80.3,69.9,72.0,78.0,64.6,16.6,34.4,9,2016-09-06T06:28,2016-09-06T19:19,46267.45,23388.74,0.80,0.80,0.00,4.0
2016-09-07,51,75.1,81.8,69.8,77.9,85.0,72.1,12.6,22.6,27,2016-09-07T06:29,2016-09-07T19:18,46109.75,32586.07,0.30,0.30,0.00,2.0
2016-09-08,3,77.2,87.0,67.6,83.1,93.1,72.8,6.8,13.4,214,2016-09-08T06:30,2016-09-08T19:16,45952.22,36105.59,0.00,0.00,0.00,0.0
2016-09-09,53,82.0,89.4,74.5,89.0,96.5,81.7,7.5,14.5,257,2016-09-09T06:31,2016-09-09T19:14,45794.95,35186.49,1.20,1.20,0.00,3.0
2016-09-10,63,80.4,90.0,74.2,88.0,97.3,80.9,9.3,23.5,153,2016-09-10T06:32,2016-09-10T19:13,45638.03,38073.14,5.30,5.30,0.00,3.0
2016-09-11,53,77.3,81.2,69.3,78.5,83.8,65.7,11.9,24.8,285,2016-09-11T06:33,2016-09-11T19:11,45481.22,42278.24,1.30,1.30,0.00,3.0
2016-09-12,2,68.2,76.0,59.5,67.2,77.8,58.1,8.8,18.8,57,2016-09-12T06:34,2016-09-12T19:09,45323.49,42129.59,0.00,0.00,0.00,0.0
2016-09-13,3,70.0,82.2,60.1,71.2,82.8,61.5,8.8,19.7,201,2016-09-13T06:35,2016-09-13T19:08,45164.88,36251.81,0.00,0.00,0.00,0.0
2016-09-14,3,76.9,89.7,66.8,78.1,90.9,68.0,10.3,22.4,274,2016-09-14T06:36,2016-09-14T19:06,45005.48,41125.10,0.00,0.00,0.00,0.0
2016-09-15,2,67.7,73.1,61.6,65.1,72.4,58.5,11.5,21.9,38,2016-09-15T06:37,2016-09-15T19:04,44845.39,41655.12,0.00,0.00,0.00,0.0
2016-09-16,3,65.3,72.0,59.0,64.7,70.1,60.1,9.4,18.6,136,2016-09-16T06:38,2016-09-16T19:03,44684.71,41495.23,0.00,0.00,0.00,0.0
2016-09-17,3,68.0,77.3,57.8,69.0,78.5,58.0,9.9,19.0,166,2016-09-17T06:39,2016-09-17T19:01,44523.55,31717.90,0.00,0.00,0.00,0.0
2016-09-18,51,74.7,83.5,67.8,78.6,87.1,71.2,9.5,20.6,206,2016-09-18T06:40,2016-09-18T18:59,44362.00,32559.96,0.70,0.70,0.00,5.0
2016-09-19,61,71.2,73.0,69.3,77.9,79.6,75.8,6.3,14.3,189,2016-09-19T06:41,2016-09-19T18:57,44200.16,0.00,16.10,16.10,0.00,17.0
2016-09-20,3,73.1,80.0,68.6,78.4,85.4,73.5,7.3,13.9,38,2016-09-20T06:42,2016-09-20T18:56,44038.13,24781.45,0.00,0.00,0.00,0.0
2016-09-21,3,73.3,81.8,65.8,75.7,82.1,68.6,6.5,14.5,9,2016-09-21T06:43,2016-09-21T18:54,43876.01,32912.63,0.00,0.00,0.00,0.0
2016-09-22,3,70.6,81.2,61.6,71.6,82.1,62.3,6.5,13.0,81,2016-09-22T06:44,2016-09-22T18:52,43713.88,40524.48,0.00,0.00,0.00,0.0
2016-09-23,3,72.5,85.3,60.4,75.4,87.2,63.0,5.4,14.8,241,2016-09-23T06:45,2016-09-23T18:51,43551.86,39224.68,0.00,0.00,0.00,0.0
2016-09-24,53,64.1,70.6,58.7,62.1,71.7,56.2,13.1,25.1,21,2016-09-24T06:46,2016-09-24T18:49,43390.02,29563.74,3.60,3.60,0.00,10.0
2016-09-25,0,60.4,68.7,52.5,56.9,64.6,49.4,7.3,15.0,353,2016-09-25T06:47,2016-09-25T18:47,43228.48,39819.34,0.00,0.00,0.00,0.0
2016-09-26,3,62.6,70.7,52.7,59.7,67.0,49.5,9.3,21.0,147,2016-09-26T06:48,2016-09-26T18:46,43067.32,38400.93,0.00,0.00,0.00,0.0
2016-09-27,61,66.4,73.1,61.5,67.5,72.0,62.7,7.7,18.8,219,2016-09-27T06:49,2016-09-27T18:44,42906.64,21572.14,6.20,6.20,0.00,7.0
2016-09-28,51,63.0,71.4,55.6,61.6,69.2,55.3,13.0,24.8,59,2016-09-28T06:50,2016-09-28T18:42,42746.55,24246.86,1.20,1.20,0.00,4.0
2016-09-29,53,61.2,65.1,58.6,57.4,60.8,54.4,14.9,29.1,61,2016-09-29T06:51,2016-09-29T18:41,42587.14,1689.47,3.40,3.40,0.00,8.0
2016-09-30,61,58.5,60.1,56.9,54.8,56.9,51.9,15.5,31.5,43,2016-09-30T06:52,2016-09-30T18:39,42428.50,0.00,13.60,13.60,0.00,13.0
2016-10-01,51,60.0,63.4,57.6,57.8,62.8,53.8,13.6,23.0,39,2016-10-01T06:53,2016-10-01T18:37,42270.38,0.00,0.20,0.20,0.00,1.0
2016-10-02,51,60.9,63.3,58.5,61.7,65.6,57.9,7.4,16.3,48,2016-10-02T06:54,2016-10-02T18:36,42111.69,52.93,0.50,0.50,0.00,3.0
2016-10-03,3,64.8,72.0,59.1,66.5,73.7,61.1,4.7,8.1,301,2016-10-03T06:55,2016-10-03T18:34,41952.45,37132.38,0.00,0.00,0.00,0.0
2016-10-04,3,62.6,67.1,58.8,61.9,66.0,59.1,10.1,19.7,55,2016-10-04T06:56,2016-10-04T18:32,41792.77,24230.04,0.00,0.00,0.00,0.0
2016-10-05,0,59.4,65.8,53.1,57.4,63.8,50.0,7.6,18.3,66,2016-10-05T06:57,2016-10-05T18:31,41632.75,38161.21,0.00,0.00,0.00,0.0
2016-10-06,3,60.4,70.6,52.9,60.6,71.0,52.1,5.7,11.2,95,2016-10-06T06:58,2016-10-06T18:29,41472.51,36305.51,0.00,0.00,0.00,0.0
2016-10-07,3,60.6,71.5,52.4,60.9,70.0,52.1,6.5,11.6,103,2016-10-07T06:59,2016-10-07T18:28,41312.15,31647.18,0.00,0.00,0.00,0.0
2016-10-08,55,62.2,68.5,55.4,64.6,71.8,55.0,4.6,11.0,60,2016-10-08T07:00,2016-10-08T18:26,41151.79,0.00,3.30,3.30,0.00,9.0
2016-10-09,61,57.0,62.7,54.0,52.7,65.2,46.1,15.4,31.8,357,2016-10-09T07:01,2016-10-09T18:24,40991.54,211.30,13.20,13.20,0.00,15.0
2016-10-10,0,53.6,62.2,47.9,46.7,54.8,40.2,12.9,28.6,342,2016-10-10T07:02,2016-10-10T18:23,40831.50,37593.61,0.00,0.00,0.00,0.0
2016-10-11,3,52.2,60.8,43.9,48.5,58.7,38.8,6.5,13.9,57,2016-10-11T07:03,2016-10-11T18:21,40671.79,37428.58,0.00,0.00,0.00,0.0
2016-10-12,3,58.1,64.4,51.4,56.7,62.2,50.0,5.7,10.7,125,2016-10-12T07:04,2016-10-12T18:20,40512.52,36384.58,0.00,0.00,0.00,0.0
2016-10-13,51,58.9,68.0,51.2,57.5,65.6,50.4,10.6,19.0,275,2016-10-13T07:05,2016-10-13T18:18,40353.82,27129.17,0.40,0.40,0.00,2.0
2016-10-14,2,54.0,61.6,47.4,49.2,57.1,42.5,9.7,18.8,354,2016-10-14T07:07,2016-10-14T18:16,40195.79,36935.30,0.00,0.00,0.00,0.0
2016-10-15,0,53.4,63.2,43.6,50.1,61.0,39.1,6.8,13.9,117,2016-10-15T07:08,2016-10-15T18:15,40038.56,36771.90,0.00,0.00,0.00,0.0
2016-10-16,3,58.7,70.7,48.1,56.8,69.5,45.1,9.2,17.0,225,2016-10-16T07:09,2016-10-16T18:13,39882.25,36413.13,0.00,0.00,0.00,0.0
2016-10-17,53,67.2,78.7,59.6,68.3,80.3,59.0,8.3,14.8,244,2016-10-17T07:10,2016-10-17T18:12,39726.97,35245.61,0.70,0.70,0.00,2.0
2016-10-18,1,69.5,80.5,60.8,70.9,81.4,62.1,10.2,18.3,205,2016-10-18T07:11,2016-10-18T18:10,39572.87,35868.32,0.00,0.00,0.00,0.0
2016-10-19,1,72.1,82.9,64.0,72.5,83.3,61.6,10.3,17.4,281,2016-10-19T07:12,2016-10-19T18:09,39420.06,35367.39,0.00,0.00,0.00,0.0
2016-10-20,51,64.5,70.0,58.6,64.1,70.3,56.2,11.1,22.6,90,2016-10-20T07:13,2016-10-20T18:08,39268.67,16700.99,0.20,0.20,0.00,1.0
2016-10-21,53,67.3,69.7,65.6,71.5,75.4,69.2,8.1,18.6,139,2016-10-21T07:14,2016-10-21T18:06,39118.43,13720.41,5.40,5.40,0.00,8.0
2016-10-22,63,51.0,64.2,47.0,44.6,66.2,39.2,16.6,33.8,297,2016-10-22T07:15,2016-10-22T18:05,38968.13,3703.09,28.00,28.00,0.00,20.0
2016-10-23,3,52.5,60.7,45.5,44.1,52.5,37.1,19.9,39.1,271,2016-10-23T07:16,2016-10-23T18:03,38817.80,35056.18,0.00,0.00,0.00,0.0
2016-10-24,53,53.7,60.8,48.5,47.9,53.1,40.9,13.2,26.6,296,2016-10-24T07:18,2016-10-24T18:02,38667.57,34797.56,2.30,2.30,0.00,5.0
2016-10-25,3,47.7,52.6,43.4,39.5,42.1,36.0,14.9,30.4,299,2016-10-25T07:19,2016-10-25T18:01,38517.58,34698.88,0.00,0.00,0.00,0.0
2016-10-26,3,43.5,50.5,38.0,36.3,42.4,31.2,9.2,19.5,322,2016-10-26T07:20,2016-10-26T17:59,38367.95,33979.23,0.00,0.00,0.00,0.0
2016-10-27,61,47.0,56.3,42.1,41.7,56.3,35.1,11.5,28.0,94,2016-10-27T07:21,2016-10-27T17:58,38218.83,0.00,14.50,14.50,0.00,16.0
2016-10-28,53,47.8,56.8,42.0,40.0,56.1,34.5,17.7,34.4,308,2016-10-28T07:22,2016-10-28T17:57,38070.35,34132.63,0.60,0.60,0.00,1.0
2016-10-29,3,49.9,63.3,37.1,44.4,58.4,31.8,11.1,21.0,240,2016-10-29T07:23,2016-10-29T17:55,37922.66,29664.95,0.00,0.00,0.00,0.0
2016-10-30,63,63.0,74.0,55.1,63.0,76.4,52.5,9.2,26.4,278,2016-10-30T07:25,2016-10-30T17:54,37775.91,30998.44,8.70,8.70,0.00,6.0
2016-10-31,3,48.8,54.0,42.4,42.6,47.8,36.9,12.3,23.9,345,2016-10-31T07:26,2016-10-31T17:53,37630.23,33803.36,0.00,0.00,0.00,0.0
2016-11-01,3,48.8,57.6,39.3,44.4,53.2,33.9,6.4,12.3,129,2016-11-01T07:27,2016-11-01T17:52,37485.78,32792.53,0.00,0.00,0.00,0.0
2016-11-02,3,57.2,69.1,48.7,55.5,69.1,45.4,6.9,12.1,230,2016-11-02T07:28,2016-11-02T17:50,37342.71,32784.48,0.00,0.00,0.00,0.0
2016-11-03,51,60.5,70.3,54.4,59.0,69.0,50.4,12.3,24.2,271,2016-11-03T07:29,2016-11-03T17:49,37201.19,25093.75,0.40,0.40,0.00,2.0
2016-11-04,3,52.5,58.6,46.0,47.0,51.8,38.9,9.9,20.6,323,2016-11-04T07:30,2016-11-04T17:48,37061.36,33455.28,0.00,0.00,0.00,0.0
2016-11-05,2,49.6,62.5,39.8,44.5,57.7,33.7,9.4,18.1,291,2016-11-05T07:32,2016-11-05T17:47,36923.40,32828.02,0.00,0.00,0.00,0.0
2016-11-06,3,50.1,56.1,43.3,43.2,47.3,35.7,12.2,25.7,335,2016-11-06T07:33,2016-11-06T17:46,36787.46,32917.41,0.00,0.00,0.00,0.0
2016-11-07,2,45.2,52.8,38.9,38.7,46.6,32.1,8.6,18.8,359,2016-11-07T07:34,2016-11-07T17:45,36653.72,32904.23,0.00,0.00,0.00,0.0
2016-11-08,3,49.3,64.4,36.8,44.8,60.3,31.6,6.7,12.5,278,2016-11-08T07:35,2016-11-08T17:44,36522.35,32641.89,0.00,0.00,0.00,0.0
2016-11-09,53,51.2,57.4,46.1,48.1,55.5,42.5,11.0,22.6,319,2016-11-09T07:36,2016-11-09T17:43,36393.53,6581.89,3.30,3.30,0.00,9.0
2016-11-10,3,47.6,55.7,40.1,40.7,48.5,33.8,12.5,21.9,298,2016-11-10T07:37,2016-11-10T17:42,36267.00,32095.34,0.00,0.00,0.00,0.0
2016-11-11,1,50.0,59.8,40.7,41.1,51.4,31.1,15.8,31.1,294,2016-11-11T07:39,2016-11-11T17:41,36141.55,32086.33,0.00,0.00,0.00,0.0
2016-11-12,1,41.3,49.6,34.9,33.4,41.6,27.1,11.0,19.7,304,2016-11-12T07:40,2016-11-12T17:40,36017.20,32066.94,0.00,0.00,0.00,0.0
2016-11-13,3,45.8,59.5,36.4,38.3,51.7,29.3,9.0,17.0,256,2016-11-13T07:41,2016-11-13T17:39,35894.11,31979.40,0.00,0.00,0.00,0.0
2016-11-14,3,47.9,60.9,35.8,41.8,54.3,29.6,8.0,15.4,244,2016-11-14T07:42,2016-11-14T17:38,35772.41,28085.32,0.00,0.00,0.00,0.0
2016-11-15,63,47.1,48.4,45.4,42.2,44.5,39.3,13.2,27.5,351,2016-11-15T07:43,2016-11-15T17:37,35652.25,2278.23,23.10,23.10,0.00,13.0
2016-11-16,3,50.6,60.7,43.5,45.4,56.0,37.7,7.8,16.1,265,2016-11-16T07:45,2016-11-16T17:37,35533.79,31533.05,0.00,0.00,0.00,0.0
2016-11-17,0,50.0,60.4,44.3,44.8,54.3,38.9,10.0,24.8,320,2016-11-17T07:46,2016-11-17T17:36,35417.18,31499.43,0.00,0.00,0.00,0.0
2016-11-18,0,49.7,63.2,39.1,45.6,60.1,33.9,6.6,12.3,333,2016-11-18T07:47,2016-11-18T17:35,35302.58,31421.03,0.00,0.00,0.00,0.0
2016-11-19,53,50.0,60.4,41.0,46.7,57.5,36.5,8.4,24.4,85,2016-11-19T07:48,2016-11-19T17:34,35190.14,31311.46,1.50,1.50,0.00,2.0
2016-11-20,73,39.5,45.8,36.2,28.6,38.8,24.2,19.5,38.5,275,2016-11-20T07:49,2016-11-20T17:34,35080.04,18604.16,10.20,9.30,0.63,11.0
2016-11-21,3,36.7,39.8,34.7,24.3,27.0,22.1,20.4,43.6,284,2016-11-21T07:50,2016-11-21T17:33,34972.43,13730.57,0.00,0.00,0.00,0.0
2016-11-22,3,36.3,40.9,33.7,25.5,28.8,23.1,18.0,35.6,297,2016-11-22T07:52,2016-11-22T17:33,34867.49,31087.96,0.00,0.00,0.00,0.0
2016-11-23,3,36.9,45.1,31.2,29.2,37.7,23.4,9.9,20.4,311,2016-11-23T07:53,2016-11-23T17:32,34765.37,31007.45,0.00,0.00,0.00,0.0
2016-11-24,53,43.7,51.5,36.8,38.6,46.9,30.7,6.2,12.3,58,2016-11-24T07:54,2016-11-24T17:31,34666.26,17698.85,0.70,0.70,0.00,2.0
2016-11-25,51,47.3,53.3,42.7,44.6,50.7,39.7,4.1,8.3,343,2016-11-25T07:55,2016-11-25T17:31,34570.32,17755.15,1.40,1.40,0.00,7.0
2016-11-26,51,44.7,50.4,38.9,39.4,43.6,32.3,8.9,19.2,325,2016-11-26T07:56,2016-11-26T17:31,34477.74,30794.23,0.20,0.20,0.00,1.0
2016-11-27,3,40.7,48.4,35.3,33.5,39.7,28.6,10.8,20.6,301,2016-11-27T07:57,2016-11-27T17:30,34388.68,30720.15,0.00,0.00,0.00,0.0
2016-11-28,3,39.7,50.4,30.7,34.0,44.4,24.3,6.0,11.9,233,2016-11-28T07:58,2016-11-28T17:30,34303.34,30625.90,0.00,0.00,0.00,0.0
2016-11-29,63,52.2,57.4,39.3,48.9,57.3,34.0,13.2,37.6,177,2016-11-29T07:59,2016-11-29T17:29,34221.88,0.00,19.40,19.40,0.00,10.0
2016-11-30,63,52.1,56.8,49.9,49.9,56.5,46.8,12.3,31.3,65,2016-11-30T08:00,2016-11-30T17:29,34144.16,0.00,18.90,18.90,0.00,13.0
2016-12-01,61,50.9,58.8,41.9,44.9,58.9,32.8,16.0,31.3,272,2016-12-01T08:01,2016-12-01T17:29,34069.31,24741.65,7.40,7.40,0.00,5.0
2016-12-02,3,42.7,50.0,37.8,34.0,40.8,29.6,13.6,26.2,266,2016-12-02T08:02,2016-12-02T17:29,33997.32,29770.21,0.00,0.00,0.00,0.0
2016-12-03,3,41.0,45.7,37.8,31.7,35.3,28.7,16.6,30.6,298,2016-12-03T08:03,2016-12-03T17:28,33928.30,24623.96,0.00,0.00,0.00,0.0
2016-12-04,3,38.6,44.6,35.2,31.6,37.7,28.4,7.7,16.1,324,2016-12-04T08:04,2016-12-04T17:28,33862.33,29904.99,0.00,0.00,0.00,0.0
2016-12-05,71,40.5,47.5,36.0,34.8,40.5,30.3,9.9,21.5,259,2016-12-05T08:05,2016-12-05T17:28,33799.51,14053.87,6.10,5.90,0.14,8.0
2016-12-06,61,38.4,44.4,30.9,32.2,37.5,25.0,10.2,18.1,41,2016-12-06T08:06,2016-12-06T17:28,33739.93,18973.34,5.50,5.50,0.00,6.0
2016-12-07,55,41.7,44.7,38.7,37.0,40.5,33.8,10.5,19.9,10,2016-12-07T08:07,2016-12-07T17:28,33683.69,0.00,4.00,4.00,0.00,8.0
2016-12-08,3,37.5,44.3,32.4,30.0,36.1,24.1,11.6,23.0,262,2016-12-08T08:08,2016-12-08T17:28,33630.87,19382.79,0.00,0.00,0.00,0.0
2016-12-09,3,33.5,38.8,29.6,22.5,25.6,20.3,17.7,33.3,289,2016-12-09T08:08,2016-12-09T17:28,33581.57,29826.48,0.00,0.00,0.00,0.0
2016-12-10,3,29.9,34.9,26.2,21.3,26.3,18.0,10.6,21.3,281,2016-12-10T08:09,2016-12-10T17:28,33535.88,24011.07,0.00,0.00,0.00,0.0
2016-12-11,71,29.3,35.0,23.7,22.0,27.0,16.8,6.4,16.3,221,2016-12-11T08:10,2016-12-11T17:28,33493.89,20128.87,0.60,0.00,0.42,4.0
2016-12-12,61,38.7,46.3,31.8,32.7,40.9,25.9,10.0,25.1,246,2016-12-12T08:11,2016-12-12T17:29,33455.70,3454.39,10.70,10.70,0.00,9.0
2016-12-13,3,34.8,40.8,29.0,28.2,33.8,22.6,8.7,15.4,254,2016-12-13T08:12,2016-12-13T17:29,33421.37,23307.02,0.00,0.00,0.00,0.0
2016-12-14,3,34.8,41.6,29.9,27.4,31.8,21.5,10.8,20.8,277,2016-12-14T08:12,2016-12-14T17:29,33391.02,28877.96,0.00,0.00,0.00,0.0
2016-12-15,71,25.8,31.8,20.8,12.5,22.1,5.7,20.7,42.5,284,2016-12-15T08:13,2016-12-15T17:29,33364.71,29454.54,0.00,0.00,0.07,0.0
2016-12-16,3,22.7,27.1,18.7,12.2,17.9,7.0,16.6,35.1,262,2016-12-16T08:14,2016-12-16T17:30,33342.53,29292.04,0.00,0.00,0.00,0.0
2016-12-17,75,31.3,36.2,25.1,25.0,30.8,16.0,6.8,19.9,203,2016-12-17T08:14,2016-12-17T17:30,33324.57,2997.86,14.00,7.10,5.04,11.0
2016-12-18,61,44.5,55.8,30.1,38.1,51.5,20.9,15.7,35.3,248,2016-12-18T08:15,2016-12-18T17:30,33310.90,0.00,4.50,4.50,0.00,9.0
2016-12-19,3,26.5,29.5,23.2,17.1,20.6,12.2,10.7,22.1,349,2016-12-19T08:16,2016-12-19T17:31,33301.61,27162.10,0.00,0.00,0.00,0.0
2016-12-20,3,25.4,32.0,19.1,17.4,24.1,10.9,6.3,11.9,286,2016-12-20T08:16,2016-12-20T17:31,33296.73,29314.44,0.00,0.00,0.00,0.0
2016-12-21,3,31.9,41.4,26.3,24.2,34.8,16.9,8.5,14.8,255,2016-12-21T08:17,2016-12-21T17:31,33296.14,22507.98,0.00,0.00,0.00,0.0
2016-12-22,3,35.8,46.0,27.7,28.7,39.4,21.1,10.4,18.8,265,2016-12-22T08:17,2016-12-22T17:32,33299.79,18604.02,0.00,0.00,0.00,0.0
2016-12-23,3,36.4,45.2,30.3,29.5,38.5,23.2,8.5,17.7,262,2016-12-23T08:17,2016-12-23T17:33,33307.62,29092.25,0.00,0.00,0.00,0.0
2016-12-24,61,38.3,43.3,34.7,32.4,38.1,28.1,9.1,17.9,239,2016-12-24T08:18,2016-12-24T17:33,33319.59,4548.54,9.10,9.10,0.00,8.0
2016-12-25,2,36.6,48.5,28.0,30.1,43.5,21.2,7.8,15.2,330,2016-12-25T08:18,2016-12-25T17:34,33335.65,28971.36,0.00,0.00,0.00,0.0
2016-12-26,3,37.6,47.4,29.1,31.1,42.9,21.2,8.1,16.6,91,2016-12-26T08:18,2016-12-26T17:34,33355.75,13534.34,0.00,0.00,0.00,0.0
2016-12-27,53,50.6,58.2,36.7,45.2,53.7,30.0,16.5,30.2,244,2016-12-27T08:19,2016-12-27T17:35,33379.81,14725.98,0.80,0.80,0.00,1.0
2016-12-28,3,34.6,41.0,29.9,27.5,32.0,23.6,10.3,19.9,306,2016-12-28T08:19,2016-12-28T17:36,33407.79,29025.77,0.00,0.00,0.00,0.0
2016-12-29,61,35.1,43.8,26.9,28.6,39.6,20.2,10.8,22.6,200,2016-12-29T08:19,2016-12-29T17:37,33439.63,0.00,10.20,10.20,0.00,10.0
2016-12-30,2,34.0,40.6,30.7,24.5,29.6,21.5,14.5,30.9,263,2016-12-30T08:19,2016-12-30T17:37,33475.27,29087.73,0.00,0.00,0.00,0.0
2016-12-31,3,34.9,41.4,27.8,25.6,31.6,19.3,15.5,26.4,212,2016-12-31T08:20,2016-12-31T17:38,33514.64,26646.42,0.00,0.00,0.00,0.0
2017-01-01,51,40.3,45.6,31.3,31.9,37.3,24.7,14.4,23.5,270,2017-01-01T08:20,2017-01-01T17:39,33557.68,29096.85,0.10,0.10,0.00,1.0
2017-01-02,53,35.7,39.7,30.6,28.7,32.7,23.9,12.8,21.3,50,2017-01-02T08:20,2017-01-02T17:40,33604.31,0.00,5.80,5.80,0.00,13.0
2017-01-03,61,40.8,43.4,38.7,32.8,36.3,29.9,17.6,29.1,40,2017-01-03T08:20,2017-01-03T17:41,33654.49,0.00,7.00,7.00,0.00,9.0
2017-01-04,53,43.0,49.7,35.4,35.0,42.1,22.8,20.2,38.7,265,2017-01-04T08:20,2017-01-04T17:42,33708.14,18151.53,0.80,0.80,0.00,2.0
2017-01-05,3,29.8,33.7,25.1,19.3,23.0,14.6,16.7,29.1,257,2017-01-05T08:20,2017-01-05T17:43,33765.18,17906.97,0.00,0.00,0.00,0.0
2017-01-06,73,29.7,33.6,25.2,21.5,24.8,16.8,9.6,19.2,321,2017-01-06T08:20,2017-01-06T17:44,33825.56,28800.00,1.80,0.00,1.26,9.0
2017-01-07,73,22.9,24.4,20.7,12.1,15.4,8.9,15.1,26.2,360,2017-01-07T08:20,2017-01-07T17:45,33889.20,0.00,7.20,0.00,5.04,17.0
2017-01-08,71,16.7,22.6,11.8,5.9,11.0,2.0,16.0,27.3,295,2017-01-08T08:20,2017-01-08T17:46,33956.04,29612.23,0.10,0.00,0.07,1.0
2017-01-09,3,13.3,20.0,3.4,4.2,11.6,-6.4,9.1,15.2,249,2017-01-09T08:19,2017-01-09T17:47,34026.25,26089.46,0.00,0.00,0.00,0.0
2017-01-10,51,25.1,38.5,9.2,17.4,29.2,-0.7,13.3,34.7,194,2017-01-10T08:19,2017-01-10T17:48,34100.60,12988.66,0.40,0.40,0.00,1.0
2017-01-11,61,43.1,50.9,38.5,36.1,47.1,29.6,19.0,39.6,210,2017-01-11T08:19,2017-01-11T17:49,34178.97,28961.71,4.80,4.80,0.00,6.0
2017-01-12,61,53.8,61.1,43.7,47.5,54.6,37.6,18.4,36.0,221,2017-01-12T08:19,2017-01-12T17:50,34261.18,16471.79,7.60,7.60,0.00,10.0
2017-01-13,3,44.2,59.3,32.2,35.6,53.4,22.4,17.1,29.8,316,2017-01-13T08:18,2017-01-13T17:51,34347.08,29992.62,0.00,0.00,0.00,0.0
2017-01-14,71,29.9,32.4,25.3,22.3,25.9,15.9,8.6,15.7,63,2017-01-14T08:18,2017-01-14T17:52,34436.49,12759.03,1.00,0.10,0.63,8.0
2017-01-15,3,32.0,39.9,27.1,24.4,31.9,19.7,8.9,17.2,311,2017-01-15T08:17,2017-01-15T17:53,34529.23,30498.98,0.00,0.00,0.00,0.0
2017-01-16,3,31.4,41.3,23.6,24.2,32.8,16.6,8.1,14.5,255,2017-01-16T08:17,2017-01-16T17:54,34625.16,30222.46,0.00,0.00,0.00,0.0
2017-01-17,55,38.1,41.3,35.1,32.0,36.0,28.0,8.9,22.1,155,2017-01-17T08:16,2017-01-17T17:55,34724.10,631.56,5.70,5.70,0.00,10.0
2017-01-18,51,39.1,40.1,37.8,33.0,35.0,30.8,9.8,17.0,10,2017-01-18T08:16,2017-01-18T17:56,34825.89,0.00,0.50,0.50,0.00,4.0
2017-01-19,3,40.9,50.1,35.7,35.4,43.2,30.7,8.7,17.0,315,2017-01-19T08:15,2017-01-19T17:58,34930.37,30605.40,0.00,0.00,0.00,0.0
2017-01-20,53,39.4,44.2,33.2,34.2,38.1,27.4,6.5,13.4,104,2017-01-20T08:15,2017-01-20T17:59,35037.37,8387.74,3.10,3.10,0.00,7.0
2017-01-21,51,44.3,53.2,40.5,40.1,48.9,35.5,8.1,14.8,231,2017-01-21T08:14,2017-01-21T18:00,35146.75,19674.64,0.10,0.10,0.00,1.0
2017-01-22,51,44.4,48.2,41.3,39.8,44.5,35.0,17.3,28.2,48,2017-01-22T08:13,2017-01-22T18:01,35258.34,0.00,0.30,0.30,0.00,3.0
2017-01-23,63,38.8,43.0,35.4,26.4,32.6,22.3,25.4,51.2,54,2017-01-23T08:13,2017-01-23T18:02,35372.01,0.00,14.20,14.20,0.00,17.0
2017-01-24,63,37.0,38.9,35.2,25.5,28.6,23.4,26.7,46.5,3,2017-01-24T08:12,2017-01-24T18:04,35487.58,0.00,34.10,34.10,0.00,24.0
2017-01-25,53,40.9,51.6,33.3,31.8,44.4,22.0,17.6,30.0,291,2017-01-25T08:11,2017-01-25T18:05,35604.93,31713.96,0.70,0.70,0.00,3.0
2017-01-26,53,44.2,51.1,40.2,36.4,45.0,29.9,18.8,33.8,256,2017-01-26T08:11,2017-01-26T18:06,35723.89,16528.47,1.60,1.60,0.00,4.0
2017-01-27,51,39.6,44.0,35.1,28.6,31.6,24.1,19.0,32.9,266,2017-01-27T08:10,2017-01-27T18:07,35844.34,24065.61,0.10,0.10,0.00,1.0
2017-01-28,3,35.0,39.6,29.8,24.4,28.2,19.2,17.9,32.0,259,2017-01-28T08:09,2017-01-28T18:08,35966.12,20555.67,0.00,0.00,0.00,0.0
2017-01-29,3,35.7,43.7,31.0,27.0,31.4,23.5,15.1,26.8,252,2017-01-29T08:08,2017-01-29T18:10,36089.54,32595.45,0.00,0.00,0.00,0.0
2017-01-30,3,31.7,37.7,26.7,22.7,25.6,18.2,14.9,27.1,320,2017-01-30T08:07,2017-01-30T18:11,36215.77,27416.99,0.00,0.00,0.00,0.0
2017-01-31,73,28.2,33.6,23.3,20.7,25.0,16.1,11.7,30.0,89,2017-01-31T08:06,2017-01-31T18:12,36344.73,13653.08,1.20,0.00,0.84,5.0
2017-02-01,3,38.6,47.4,27.4,29.1,35.2,20.0,17.8,32.0,258,2017-02-01T08:05,2017-02-01T18:13,36476.25,33014.21,0.00,0.00,0.00,0.0
2017-02-02,3,35.1,43.8,28.0,26.1,31.0,20.9,16.9,30.6,280,2017-02-02T08:04,2017-02-02T18:15,36610.15,30126.38,0.00,0.00,0.00,0.0
2017-02-03,3,29.0,34.8,22.2,19.8,24.7,14.8,11.5,19.5,291,2017-02-03T08:03,2017-02-03T18:16,36746.25,24695.91,0.00,0.00,0.00,0.0
2017-02-04,3,27.2,34.5,21.5,16.4,23.2,10.5,15.5,25.9,280,2017-02-04T08:02,2017-02-04T18:17,36884.37,33454.18,0.00,0.00,0.00,0.0
2017-02-05,51,34.7,44.3,27.5,25.4,35.0,19.7,12.7,34.2,231,2017-02-05T08:01,2017-02-05T18:18,37024.34,21063.24,0.10,0.10,0.00,1.0
2017-02-06,3,37.7,47.1,29.7,29.9,38.2,22.2,10.1,19.5,268,2017-02-06T08:00,2017-02-06T18:19,37166.01,33756.66,0.00,0.00,0.00,0.0
2017-02-07,61,37.5,41.0,32.8,31.7,35.0,27.5,10.9,19.0,54,2017-02-07T07:59,2017-02-07T18:21,37309.20,1059.37,4.20,4.20,0.00,8.0
2017-02-08,53,49.6,59.8,38.5,43.8,53.7,32.9,13.7,23.0,306,2017-02-08T07:58,2017-02-08T18:22,37453.76,33794.92,0.70,0.70,0.00,2.0
2017-02-09,75,27.7,40.1,18.0,14.8,31.1,4.0,22.7,40.0,341,2017-02-09T07:56,2017-02-09T18:23,37599.52,3343.08,23.50,0.20,16.31,13.0
2017-02-10,71,21.4,28.5,13.7,11.2,19.3,2.2,14.1,28.6,259,2017-02-10T07:55,2017-02-10T18:24,37746.34,34377.04,0.20,0.00,0.14,2.0
2017-02-11,73,33.4,41.2,27.0,26.9,34.4,19.2,7.6,10.7,228,2017-02-11T07:54,2017-02-11T18:26,37894.07,32162.17,0.80,0.00,0.56,4.0
2017-02-12,73,32.5,36.6,29.8,25.0,31.3,20.4,12.2,22.6,49,2017-02-12T07:53,2017-02-12T18:27,38042.54,0.00,10.60,8.70,1.33,15.0
2017-02-13,3,33.6,36.7,28.6,21.2,26.9,16.9,22.9,40.3,301,2017-02-13T07:51,2017-02-13T18:28,38191.64,31413.76,0.00,0.00,0.00,0.0
2017-02-14,3,30.7,39.0,23.7,23.0,31.8,16.2,13.9,24.4,251,2017-02-14T07:50,2017-02-14T18:29,38341.20,34874.47,0.00,0.00,0.00,0.0
2017-02-15,51,35.5,45.9,28.7,28.4,40.2,21.5,15.7,28.2,258,2017-02-15T07:49,2017-02-15T18:31,38491.09,33418.38,0.50,0.50,0.00,2.0
2017-02-16,3,31.4,36.0,26.9,19.1,22.2,15.4,21.1,36.9,302,2017-02-16T07:48,2017-02-16T18:32,38641.16,35044.41,0.00,0.00,0.00,0.0
2017-02-17,3,32.2,42.1,25.4,21.9,31.4,14.4,14.0,26.6,296,2017-02-17T07:46,2017-02-17T18:33,38791.30,35124.20,0.00,0.00,0.00,0.0
2017-02-18,3,42.5,60.1,27.0,35.0,52.0,20.2,13.1,23.0,226,2017-02-18T07:45,2017-02-18T18:34,38941.79,35246.70,0.00,0.00,0.00,0.0
2017-02-19,3,52.9,65.9,44.2,46.6,59.1,39.0,11.4,19.7,283,2017-02-19T07:44,2017-02-19T18:35,39093.88,35381.78,0.00,0.00,0.00,0.0
2017-02-20,1,44.6,52.1,37.3,35.6,43.6,27.7,13.8,24.4,339,2017-02-20T07:42,2017-02-20T18:36,39247.54,35528.66,0.00,0.00,0.00,0.0
2017-02-21,3,37.0,44.1,28.4,29.3,36.7,20.5,12.3,22.6,139,2017-02-21T07:41,2017-02-21T18:38,39402.63,31663.63,0.00,0.00,0.00,0.0
2017-02-22,51,44.5,55.1,36.9,39.4,50.0,31.1,8.3,16.1,204,2017-02-22T07:39,2017-02-22T18:39,39559.01,20985.30,0.20,0.20,0.00,2.0
2017-02-23,3,48.8,64.7,38.4,45.1,60.2,33.1,12.4,21.9,206,2017-02-23T07:38,2017-02-23T18:40,39716.54,21415.57,0.00,0.00,0.00,0.0
2017-02-24,53,56.9,67.4,50.1,53.7,65.8,46.7,15.2,25.3,182,2017-02-24T07:36,2017-02-24T18:41,39875.08,35612.99,0.90,0.90,0.00,2.0
2017-02-25,63,53.5,57.6,47.7,48.9,52.7,39.5,17.2,30.6,164,2017-02-25T07:35,2017-02-25T18:42,40034.50,26720.07,9.50,9.50,0.00,4.0
2017-02-26,2,39.5,45.2,33.7,29.1,37.6,23.8,17.4,29.5,296,2017-02-26T07:33,2017-02-26T18:43,40194.69,36268.99,0.00,0.00,0.00,0.0
2017-02-27,3,40.8,53.7,30.8,32.4,44.3,22.9,13.8,25.1,228,2017-02-27T07:32,2017-02-27T18:45,40355.50,34184.21,0.00,0.00,0.00,0.0
2017-02-28,51,46.8,58.8,37.3,42.5,56.2,30.7,10.5,19.7,134,2017-02-28T07:30,2017-02-28T18:46,40516.80,30139.72,0.70,0.70,0.00,3.0
2017-03-01,61,58.9,71.7,49.6,54.7,65.5,47.0,26.4,44.5,214,2017-03-01T07:29,2017-03-01T18:47,40678.49,6548.56,4.50,4.50,0.00,10.0
2017-03-02,3,47.2,61.2,36.5,34.3,52.9,26.1,26.9,47.0,280,2017-03-02T07:27,2017-03-02T18:48,40840.43,37283.50,0.00,0.00,0.00,0.0
2017-03-03,51,33.0,39.3,25.9,21.3,26.5,12.3,17.1,34.4,298,2017-03-03T07:26,2017-03-03T18:49,41002.50,36039.87,0.30,0.30,0.00,3.0
2017-03-04,3,24.6,31.5,18.2,11.2,14.9,4.1,24.2,43.8,314,2017-03-04T07:24,2017-03-04T18:50,41164.59,33948.47,0.00,0.00,0.00,0.0
2017-03-05,0,23.5,37.0,14.8,12.5,27.1,2.1,16.0,28.9,329,2017-03-05T07:23,2017-03-05T18:51,41326.57,37735.12,0.00,0.00,0.00,0.0
2017-03-06,3,31.5,39.7,22.1,23.7,32.1,14.3,10.6,19.7,153,2017-03-06T07:21,2017-03-06T18:53,41488.33,36744.25,0.00,0.00,0.00,0.0
2017-03-07,61,45.6,53.5,38.0,40.6,47.6,30.9,13.8,22.1,171,2017-03-07T07:19,2017-03-07T18:54,41649.75,0.00,6.70,6.70,0.00,14.0
2017-03-08,51,52.7,58.8,45.6,44.7,48.0,38.5,18.2,35.8,241,2017-03-08T07:18,2017-03-08T18:55,41810.70,27058.35,0.80,0.80,0.00,4.0
2017-03-09,3,52.1,57.6,47.0,40.9,45.6,35.7,19.9,35.6,271,2017-03-09T07:16,2017-03-09T18:56,41971.10,38302.40,0.00,0.00,0.00,0.0
2017-03-10,75,36.1,45.6,26.3,26.1,36.3,12.6,18.0,29.5,347,2017-03-10T07:15,2017-03-10T18:57,42131.18,11496.97,8.40,0.20,5.74,12.0
2017-03-11,3,23.6,31.3,17.7,11.3,16.4,6.8,21.3,37.4,298,2017-03-11T07:13,2017-03-11T18:58,42292.13,34036.03,0.00,0.00,0.00,0.0
2017-03-12,3,25.0,33.3,19.1,14.1,21.4,9.3,17.7,31.1,304,2017-03-12T07:11,2017-03-12T18:59,42453.94,39050.42,0.00,0.00,0.00,0.0
2017-03-13,71,26.1,32.7,19.4,17.6,26.0,10.5,9.7,18.3,314,2017-03-13T07:10,2017-03-13T19:00,42616.48,37461.04,0.10,0.00,0.07,1.0
2017-03-14,75,29.2,32.5,22.3,15.3,21.4,9.0,30.9,59.3,360,2017-03-14T07:08,2017-03-14T19:01,42779.66,0.00,46.70,2.70,30.80,20.0
2017-03-15,71,22.5,26.1,17.7,9.7,12.6,5.9,21.4,35.1,282,2017-03-15T07:07,2017-03-15T19:02,42943.37,31721.16,0.60,0.00,0.42,6.0
2017-03-16,3,26.5,35.1,19.1,16.2,25.3,7.9,15.0,25.5,278,2017-03-16T07:05,2017-03-16T19:03,43107.50,39935.91,0.00,0.00,0.00,0.0
2017-03-17,3,29.7,39.8,20.5,21.5,34.8,10.7,11.3,19.2,266,2017-03-17T07:03,2017-03-17T19:05,43271.95,40101.84,0.00,0.00,0.00,0.0
2017-03-18,71,30.9,36.7,18.9,22.9,29.7,10.4,13.8,22.8,46,2017-03-18T07:02,2017-03-18T19:06,43436.63,10933.97,2.50,2.30,0.14,6.0
2017-03-19,3,35.0,41.7,30.1,26.4,34.6,20.0,13.6,23.0,11,2017-03-19T07:00,2017-03-19T19:07,43601.41,39298.80,0.00,0.00,0.00,0.0
2017-03-20,3,37.4,51.5,25.2,29.7,44.2,17.0,11.2,20.6,324,2017-03-20T06:58,2017-03-20T19:08,43766.21,40599.02,0.00,0.00,0.00,0.0
2017-03-21,3,45.9,57.5,35.8,39.5,51.0,28.3,11.2,17.9,291,2017-03-21T06:57,2017-03-21T19:09,43930.91,34992.43,0.00,0.00,0.00,0.0
2017-03-22,3,32.7,40.2,23.8,20.4,34.7,11.4,24.8,45.0,319,2017-03-22T06:55,2017-03-22T19:10,44095.41,40928.93,0.00,0.00,0.00,0.0
2017-03-23,0,30.3,42.6,20.1,21.1,33.3,9.5,13.8,23.9,314,2017-03-23T06:53,2017-03-23T19:11,44259.61,41093.11,0.00,0.00,0.00,0.0
2017-03-24,3,41.4,54.5,28.5,32.7,45.0,21.2,15.5,28.4,218,2017-03-24T06:52,2017-03-24T19:12,44423.39,28364.35,0.00,0.00,0.00,0.0
2017-03-25,51,48.9,60.7,41.4,43.5,59.2,34.0,16.7,33.8,346,2017-03-25T06:50,2017-03-25T19:13,44586.67,19087.53,1.80,1.80,0.00,6.0
2017-03-26,51,40.4,44.2,36.9,32.6,35.1,28.4,13.9,24.4,74,2017-03-26T06:48,2017-03-26T19:14,44749.33,1825.13,0.30,0.30,0.00,3.0
2017-03-27,61,45.2,54.6,39.6,41.6,52.6,33.5,8.2,20.4,45,2017-03-27T06:47,2017-03-27T19:15,44911.25,0.00,9.50,9.50,0.00,10.0
2017-03-28,61,44.8,49.3,40.5,40.5,46.5,34.5,10.0,18.1,49,2017-03-28T06:45,2017-03-28T19:16,45072.34,0.00,12.30,12.30,0.00,20.0
2017-03-29,51,48.3,58.5,39.7,41.2,52.2,33.0,14.3,26.2,345,2017-03-29T06:43,2017-03-29T19:17,45232.48,39860.00,0.20,0.20,0.00,1.0
2017-03-30,51,41.4,50.4,32.4,34.8,48.1,24.3,11.0,19.2,29,2017-03-30T06:42,2017-03-30T19:18,45391.93,39060.69,0.10,0.10,0.00,1.0
2017-03-31,63,40.1,42.3,37.7,32.2,35.1,27.6,21.7,36.5,87,2017-03-31T06:40,2017-03-31T19:19,45551.75,0.00,27.10,27.10,0.00,23.0
2017-04-01,55,41.9,47.9,37.5,32.1,38.5,26.3,20.5,34.2,10,2017-04-01T06:38,2017-04-01T19:20,45711.96,24398.23,1.10,1.10,0.00,2.0
2017-04-02,3,47.7,60.2,35.8,40.5,53.2,28.6,15.7,28.0,315,2017-04-02T06:37,2017-04-02T19:21,45872.45,41709.16,0.00,0.00,0.00,0.0
2017-04-03,3,48.2,59.4,36.0,42.2,55.2,30.4,13.1,23.7,152,2017-04-03T06:35,2017-04-03T19:23,46033.11,39801.16,0.00,0.00,0.00,0.0
2017-04-04,63,49.9,54.5,45.6,45.3,51.1,39.1,17.9,41.6,90,2017-04-04T06:34,2017-04-04T19:24,46193.85,1534.69,17.90,17.90,0.00,13.0
2017-04-05,3,50.5,62.8,44.0,46.6,61.7,37.5,12.0,21.5,151,2017-04-05T06:32,2017-04-05T19:25,46354.58,43127.05,0.00,0.00,0.00,0.0
2017-04-06,65,46.1,57.6,40.2,38.5,49.2,31.8,24.7,49.2,111,2017-04-06T06:30,2017-04-06T19:26,46515.18,3588.15,25.40,25.40,0.00,13.0
2017-04-07,51,45.7,49.9,39.8,36.0,41.0,27.7,18.8,32.0,264,2017-04-07T06:29,2017-04-07T19:27,46675.55,22654.30,0.80,0.80,0.00,5.0
2017-04-08,2,45.2,55.9,37.0,35.3,45.3,27.1,17.3,30.9,298,2017-04-08T06:27,2017-04-08T19:28,46835.60,43203.75,0.00,0.00,0.00,0.0
2017-04-09,3,49.6,63.7,35.8,43.8,59.0,29.0,10.4,20.1,227,2017-04-09T06:25,2017-04-09T19:29,46995.21,43200.00,0.00,0.00,0.00,0.0
2017-04-10,3,58.0,71.0,42.9,53.6,69.7,37.8,11.7,20.1,198,2017-04-10T06:24,2017-04-10T19:30,47154.28,43200.00,0.00,0.00,0.00,0.0
2017-04-11,3,63.4,75.0,53.7,61.4,76.1,49.8,10.8,20.6,198,2017-04-11T06:22,2017-04-11T19:31,47312.70,43236.93,0.00,0.00,0.00,0.0
2017-04-12,51,62.4,72.9,51.8,60.6,71.5,50.1,10.7,19.7,304,2017-04-12T06:21,2017-04-12T19:32,47470.35,32092.97,0.40,0.40,0.00,2.0
2017-04-13,3,53.6,63.1,44.5,46.6,57.4,36.4,15.7,27.3,330,2017-04-13T06:19,2017-04-13T19:33,47627.12,41774.73,0.00,0.00,0.00,0.0
2017-04-14,3,50.7,60.9,41.7,45.4,59.4,35.8,11.5,23.7,162,2017-04-14T06:18,2017-04-14T19:34,47782.91,38247.59,0.00,0.00,0.00,0.0
2017-04-15,53,52.5,58.7,42.2,47.0,53.9,36.7,14.4,25.9,182,2017-04-15T06:16,2017-04-15T19:35,47937.59,37202.22,0.60,0.60,0.00,1.0
2017-04-16,51,68.6,82.3,56.8,65.7,79.9,54.0,18.2,33.3,241,2017-04-16T06:15,2017-04-16T19:36,48091.03,43454.11,0.50,0.50,0.00,2.0
2017-04-17,51,64.9,71.0,56.9,60.4,66.3,49.5,14.8,25.7,309,2017-04-17T06:13,2017-04-17T19:37,48243.12,31301.79,0.10,0.10,0.00,1.0
2017-04-18,3,52.9,63.0,46.2,46.7,61.2,40.5,16.3,29.8,64,2017-04-18T06:12,2017-04-18T19:38,48393.75,44197.08,0.00,0.00,0.00,0.0
2017-04-19,53,47.3,49.6,44.1,40.4,43.7,38.5,16.5,29.1,142,2017-04-19T06:10,2017-04-19T19:39,48543.11,38692.45,1.20,1.20,0.00,4.0
2017-04-20,53,55.0,65.4,48.8,52.7,64.4,45.6,11.4,18.8,119,2017-04-20T06:09,2017-04-20T19:40,48692.29,22082.14,2.40,2.40,0.00,9.0
2017-04-21,61,51.7,57.0,48.6,48.6,55.6,44.4,10.3,19.2,78,2017-04-21T06:07,2017-04-21T19:41,48841.23,2036.59,6.10,6.10,0.00,10.0
2017-04-22,53,52.1,55.5,49.1,49.4,52.8,42.1,12.0,19.5,8,2017-04-22T06:06,2017-04-22T19:42,48989.86,0.00,3.10,3.10,0.00,11.0
2017-04-23,3,51.6,62.7,43.1,47.1,63.7,36.9,10.1,19.7,11,2017-04-23T06:04,2017-04-23T19:43,49138.04,40969.02,0.00,0.00,0.00,0.0
2017-04-24,51,51.2,55.4,45.7,47.9,51.5,42.4,7.4,13.2,125,2017-04-24T06:03,2017-04-24T19:45,49285.68,5322.96,0.30,0.30,0.00,2.0
2017-04-25,61,51.6,53.5,49.5,44.5,47.6,41.9,21.5,36.9,55,2017-04-25T06:02,2017-04-25T19:46,49432.64,0.00,11.20,11.20,0.00,19.0
2017-04-26,61,56.9,62.2,51.9,54.0,61.6,45.2,17.0,29.5,37,2017-04-26T06:00,2017-04-26T19:47,49578.83,200.48,5.90,5.90,0.00,11.0
2017-04-27,3,59.4,66.9,54.6,58.7,67.1,52.8,11.7,21.7,151,2017-04-27T05:59,2017-04-27T19:48,49724.12,26483.06,0.00,0.00,0.00,0.0
2017-04-28,51,66.1,78.9,54.1,67.4,84.1,52.9,12.7,23.3,197,2017-04-28T05:58,2017-04-28T19:49,49868.39,45396.12,0.20,0.20,0.00,1.0
2017-04-29,63,70.3,82.2,59.1,70.4,82.2,58.1,19.3,33.3,271,2017-04-29T05:56,2017-04-29T19:50,50011.51,35444.06,8.90,8.90,0.00,3.0
2017-04-30,51,58.0,65.5,50.8,52.1,62.9,44.3,15.4,27.5,79,2017-04-30T05:55,2017-04-30T19:51,50153.35,10349.57,0.70,0.70,0.00,3.0
2017-05-01,51,60.7,72.6,51.2,59.3,74.7,47.4,17.2,28.9,145,2017-05-01T05:54,2017-05-01T19:52,50293.80,25197.94,0.50,0.50,0.00,3.0
2017-05-02,51,67.8,73.4,58.6,63.2,73.3,53.8,23.7,41.2,241,2017-05-02T05:52,2017-05-02T19:53,50432.70,39246.19,0.70,0.70,0.00,5.0
2017-05-03,3,57.5,61.3,51.2,49.4,52.7,45.5,19.6,34.4,299,2017-05-03T05:51,2017-05-03T19:54,50569.94,41194.38,0.00,0.00,0.00,0.0
2017-05-04,3,52.2,59.5,43.9,46.3,54.2,39.6,15.2,28.2,119,2017-05-04T05:50,2017-05-04T19:55,50705.36,42513.84,0.00,0.00,0.00,0.0
2017-05-05,63,55.4,61.9,50.8,51.1,59.9,45.0,19.3,37.4,111,2017-05-05T05:49,2017-05-05T19:56,50838.84,0.00,32.50,32.50,0.00,20.0
2017-05-06,61,60.5,66.0,53.1,56.4,61.4,47.2,19.2,36.0,175,2017-05-06T05:47,2017-05-06T19:57,50970.21,34528.69,4.50,4.50,0.00,7.0
2017-05-07,51,51.8,56.6,47.4,45.0,49.8,40.6,14.6,27.7,249,2017-05-07T05:46,2017-05-07T19:58,51099.36,37050.51,0.40,0.40,0.00,4.0
2017-05-08,3,50.3,57.0,43.1,43.3,50.9,37.0,17.3,31.5,291,2017-05-08T05:45,2017-05-08T19:59,51226.10,42936.38,0.00,0.00,0.00,0.0
2017-05-09,51,51.7,60.3,44.2,46.3,55.9,38.1,14.1,26.8,349,2017-05-09T05:44,2017-05-09T20:00,51350.63,36344.21,0.20,0.20,0.00,2.0
2017-05-10,3,53.6,62.6,46.6,50.1,59.2,43.0,9.5,18.8,36,2017-05-10T05:43,2017-05-10T20:01,51473.91,46226.28,0.00,0.00,0.00,0.0
2017-05-11,3,53.2,60.6,46.5,49.1,57.8,40.7,9.1,16.3,62,2017-05-11T05:42,2017-05-11T20:02,51595.90,45246.00,0.00,0.00,0.00,0.0
2017-05-12,3,52.2,58.0,45.6,48.1,53.0,42.2,12.3,22.6,129,2017-05-12T05:41,2017-05-12T20:03,51716.50,28048.97,0.00,0.00,0.00,0.0
2017-05-13,63,49.7,51.1,47.7,44.0,48.0,40.0,16.7,28.4,65,2017-05-13T05:40,2017-05-13T20:04,51835.58,0.00,33.60,33.60,0.00,20.0
2017-05-14,61,54.7,64.8,46.3,48.8,59.9,38.9,15.4,30.4,320,2017-05-14T05:39,2017-05-14T20:05,51953.04,37031.12,4.90,4.90,0.00,9.0
2017-05-15,3,58.1,65.8,50.5,49.7,56.4,42.7,22.0,38.9,311,2017-05-15T05:38,2017-05-15T20:06,52068.75,45010.26,0.00,0.00,0.00,0.0
2017-05-16,3,63.5,75.8,49.8,61.0,73.4,46.3,11.4,21.0,282,2017-05-16T05:37,2017-05-16T20:07,52182.58,45115.70,0.00,0.00,0.00,0.0
2017-05-17,3,72.4,87.3,55.7,72.9,90.7,53.9,13.2,23.7,229,2017-05-17T05:36,2017-05-17T20:08,52294.42,48819.16,0.00,0.00,0.00,0.0
2017-05-18,3,79.1,89.4,68.8,80.7,92.4,70.4,14.7,25.9,228,2017-05-18T05:35,2017-05-18T20:09,52404.15,46778.96,0.00,0.00,0.00,0.0
2017-05-19,53,77.7,85.5,67.6,79.5,90.5,63.9,15.4,28.0,272,2017-05-19T05:35,2017-05-19T20:10,52511.62,49019.70,1.00,1.00,0.00,2.0
2017-05-20,51,59.7,64.4,54.3,54.9,59.4,51.5,14.9,25.9,49,2017-05-20T05:34,2017-05-20T20:11,52616.73,12257.09,0.20,0.20,0.00,1.0
2017-05-21,3,57.4,63.5,50.7,53.4,59.5,47.8,13.3,24.8,154,2017-05-21T05:33,2017-05-21T20:12,52719.33,49211.00,0.00,0.00,0.00,0.0
2017-05-22,63,57.4,60.4,54.6,55.9,62.6,51.5,9.4,18.1,143,2017-05-22T05:32,2017-05-22T20:13,52819.29,0.00,16.00,16.00,0.00,15.0
2017-05-23,3,62.4,69.2,58.3,61.7,68.4,57.2,7.9,16.1,13,2017-05-23T05:31,2017-05-23T20:13,52916.47,28267.48,0.00,0.00,0.00,0.0
2017-05-24,55,60.3,67.2,57.2,58.5,63.7,55.2,10.6,20.4,75,2017-05-24T05:31,2017-05-24T20:14,53010.74,23840.32,1.80,1.80,0.00,4.0
2017-05-25,61,57.5,61.3,54.5,54.2,59.2,49.7,16.8,28.6,72,2017-05-25T05:30,2017-05-25T20:15,53101.97,0.00,17.50,17.50,0.00,19.0
2017-05-26,61,63.5,72.6,55.0,61.4,71.5,52.1,15.5,30.0,309,2017-05-26T05:29,2017-05-26T20:16,53190.01,35439.75,6.50,6.50,0.00,10.0
2017-05-27,51,64.2,71.2,56.9,63.8,71.1,56.3,7.9,15.0,310,2017-05-27T05:29,2017-05-27T20:17,53274.73,34159.20,0.20,0.20,0.00,1.0
2017-05-28,51,61.9,67.9,55.9,61.2,68.7,56.2,13.8,25.9,126,2017-05-28T05:28,2017-05-28T20:18,53355.98,47651.91,0.70,0.70,0.00,3.0
2017-05-29,55,57.9,59.9,55.8,56.1,59.4,54.0,9.2,16.6,102,2017-05-29T05:28,2017-05-29T20:18,53433.85,1936.45,5.60,5.60,0.00,17.0
2017-05-30,53,57.8,59.6,55.6,55.0,58.0,53.6,13.2,27.3,144,2017-05-30T05:27,2017-05-30T20:19,53508.99,1222.59,0.70,0.70,0.00,2.0
2017-05-31,61,63.7,73.6,57.6,64.9,74.7,57.0,8.8,18.1,155,2017-05-31T05:27,2017-05-31T20:20,53581.38,28757.80,3.80,3.80,0.00,7.0
2017-06-01,2,67.1,76.9,57.4,66.2,76.1,57.4,14.7,26.2,265,2017-06-01T05:26,2017-06-01T20:21,53650.95,49882.95,0.00,0.00,0.00,0.0
2017-06-02,51,64.7,73.8,54.6,60.9,68.6,52.3,18.0,31.3,296,2017-06-02T05:26,2017-06-02T20:21,53717.62,49922.74,0.30,0.30,0.00,2.0
2017-06-03,53,60.9,70.8,52.2,57.3,65.0,50.0,14.9,30.2,302,2017-06-03T05:26,2017-06-03T20:22,53781.33,38757.88,1.80,1.80,0.00,5.0
2017-06-04,51,61.2,70.2,51.5,59.2,69.4,48.8,11.1,19.5,130,2017-06-04T05:25,2017-06-04T20:23,53842.00,23392.28,0.50,0.50,0.00,4.0
2017-06-05,61,64.3,72.1,58.1,66.1,75.3,58.9,10.0,17.7,92,2017-06-05T05:25,2017-06-05T20:23,53899.56,2616.80,3.70,3.70,0.00,7.0
2017-06-06,53,57.1,60.3,53.1,54.2,59.1,48.1,11.8,19.0,50,2017-06-06T05:25,2017-06-06T20:24,53953.93,1048.59,1.00,1.00,0.00,4.0
2017-06-07,51,58.4,65.7,51.3,55.3,64.7,47.5,10.7,20.1,18,2017-06-07T05:25,2017-06-07T20:25,54005.06,30887.21,0.40,0.40,0.00,2.0
2017-06-08,3,59.6,68.3,51.1,58.3,70.0,48.6,10.4,21.0,121,2017-06-08T05:24,2017-06-08T20:25,54052.86,33144.59,0.00,0.00,0.00,0.0
2017-06-09,53,65.2,76.5,50.7,63.9,76.9,48.3,12.2,26.2,283,2017-06-09T05:24,2017-06-09T20:26,54097.26,50172.12,0.80,0.80,0.00,1.0
2017-06-10,3,72.2,82.8,58.5,71.8,82.6,57.6,13.8,26.2,242,2017-06-10T05:24,2017-06-10T20:26,54138.20,50202.56,0.00,0.00,0.00,0.0
2017-06-11,2,78.9,89.9,66.7,80.9,94.6,67.1,10.5,19.0,239,2017-06-11T05:24,2017-06-11T20:27,54175.62,50231.44,0.00,0.00,0.00,0.0
2017-06-12,1,80.1,92.6,67.1,84.2,97.1,70.0,10.4,17.2,241,2017-06-12T05:24,2017-06-12T20:27,54209.44,50258.68,0.00,0.00,0.00,0.0
2017-06-13,53,81.7,93.9,70.2,85.5,96.9,72.4,11.2,20.4,264,2017-06-13T05:24,2017-06-13T20:28,54239.59,50284.20,1.00,1.00,0.00,2.0
2017-06-14,53,73.4,79.6,66.0,75.5,83.2,66.1,11.8,22.1,59,2017-06-14T05:24,2017-06-14T20:28,54266.03,39772.20,4.40,4.40,0.00,11.0
2017-06-15,3,66.8,72.1,62.1,65.7,70.4,62.6,13.8,26.2,142,2017-06-15T05:24,2017-06-15T20:29,54288.68,50329.75,0.00,0.00,0.00,0.0
2017-06-16,53,66.3,72.4,61.6,67.4,77.3,61.3,12.4,21.9,113,2017-06-16T05:24,2017-06-16T20:29,54307.48,6300.81,1.30,1.30,0.00,6.0
2017-06-17,63,68.3,72.9,65.5,72.1,76.7,67.8,12.3,22.6,119,2017-06-17T05:24,2017-06-17T20:29,54322.37,3380.48,7.90,7.90,0.00,10.0
2017-06-18,63,75.5,81.8,68.0,80.6,86.7,73.7,14.2,26.8,179,2017-06-18T05:24,2017-06-18T20:30,54333.33,42407.00,13.50,13.50,0.00,9.0
2017-06-19,63,77.1,83.7,70.9,81.1,87.7,74.5,16.6,34.2,210,2017-06-19T05:24,2017-06-19T20:30,54340.44,37994.22,20.10,20.10,0.00,12.0
2017-06-20,53,74.9,82.8,68.4,76.0,81.2,70.4,15.2,28.2,247,2017-06-20T05:24,2017-06-20T20:30,54343.73,50287.88,1.50,1.50,0.00,3.0
2017-06-21,61,74.3,80.7,67.9,75.7,81.7,70.5,15.2,27.5,255,2017-06-21T05:25,2017-06-21T20:30,54343.23,50400.00,2.80,2.80,0.00,4.0
2017-06-22,3,72.6,79.2,62.7,75.7,83.1,64.4,11.8,22.4,186,2017-06-22T05:25,2017-06-22T20:31,54338.98,49032.85,0.00,0.00,0.00,0.0
2017-06-23,53,78.2,83.9,72.4,82.4,87.7,77.5,17.6,32.0,223,2017-06-23T05:25,2017-06-23T20:31,54331.00,37822.99,2.50,2.50,0.00,9.0
2017-06-24,63,77.6,83.6,71.8,80.0,83.2,73.5,16.2,33.8,269,2017-06-24T05:25,2017-06-24T20:31,54319.34,39600.00,21.50,21.50,0.00,9.0
2017-06-25,51,74.1,80.6,64.7,75.2,81.4,66.8,10.9,23.3,255,2017-06-25T05:26,2017-06-25T20:31,54304.03,50400.00,0.10,0.10,0.00,1.0
2017-06-26,3,70.4,77.6,63.4,69.1,76.3,62.3,14.5,27.3,254,2017-06-26T05:26,2017-06-26T20:31,54285.10,50400.00,0.00,0.00,0.00,0.0
2017-06-27,63,67.1,73.3,61.9,67.4,75.7,61.6,9.2,23.7,244,2017-06-27T05:27,2017-06-27T20:31,54262.60,45525.48,9.20,9.20,0.00,8.0
2017-06-28,3,68.2,77.1,58.5,66.3,74.8,57.5,14.7,25.7,283,2017-06-28T05:27,2017-06-28T20:31,54236.58,50400.00,0.00,0.00,0.00,0.0
2017-06-29,51,72.6,82.0,62.6,71.9,82.6,61.5,18.3,31.1,203,2017-06-29T05:28,2017-06-29T20:31,54207.07,50400.00,0.10,0.10,0.00,1.0
2017-06-30,53,78.8,87.9,72.2,80.6,91.4,71.5,14.6,25.3,210,2017-06-30T05:28,2017-06-30T20:31,54174.12,44651.45,0.80,0.80,0.00,3.0
2017-07-01,55,77.1,81.1,72.0,81.7,86.1,77.0,14.0,31.1,197,2017-07-01T05:28,2017-07-01T20:31,54137.78,39717.10,2.20,2.20,0.00,7.0
2017-07-02,51,77.9,87.3,70.0,82.0,90.0,74.4,10.2,18.8,251,2017-07-02T05:29,2017-07-02T20:31,54098.09,50400.00,0.30,0.30,0.00,1.0
2017-07-03,63,78.2,88.8,67.9,81.9,92.3,70.4,10.3,20.1,273,2017-07-03T05:30,2017-07-03T20:30,54055.11,50387.48,2.80,2.80,0.00,1.0
2017-07-04,3,76.2,82.1,69.1,79.2,86.8,69.9,8.7,17.4,60,2017-07-04T05:30,2017-07-04T20:30,54008.87,50355.94,0.00,0.00,0.00,0.0
2017-07-05,3,75.1,83.7,68.5,76.6,85.6,70.5,13.9,25.3,113,2017-07-05T05:31,2017-07-05T20:30,53959.44,50323.51,0.00,0.00,0.00,0.0
2017-07-06,53,71.6,75.7,68.6,73.8,75.9,71.0,9.9,18.3,135,2017-07-06T05:31,2017-07-06T20:30,53906.86,10805.26,2.60,2.60,0.00,6.0
2017-07-07,65,71.9,78.9,67.7,76.2,84.5,69.9,11.5,22.1,29,2017-07-07T05:32,2017-07-07T20:29,53851.18,21489.38,59.80,59.80,0.00,18.0
2017-07-08,3,76.1,85.8,68.5,79.9,87.4,71.3,15.1,29.5,252,2017-07-08T05:33,2017-07-08T20:29,53792.28,43006.65,0.00,0.00,0.00,0.0
2017-07-09,3,73.1,81.1,64.0,73.1,81.4,64.0,13.2,22.4,287,2017-07-09T05:33,2017-07-09T20:29,53729.63,50127.28,0.00,0.00,0.00,0.0
2017-07-10,53,73.3,80.4,63.2,75.0,83.0,63.9,13.0,25.5,202,2017-07-10T05:34,2017-07-10T20:28,53663.32,45906.48,1.20,1.20,0.00,5.0
2017-07-11,61,77.1,83.5,70.2,83.0,89.1,75.8,12.3,28.2,227,2017-07-11T05:35,2017-07-11T20:28,53593.47,37407.77,4.50,4.50,0.00,9.0
2017-07-12,63,79.6,87.7,73.1,86.0,95.9,79.6,11.0,29.1,249,2017-07-12T05:35,2017-07-12T20:27,53520.21,46845.18,6.40,6.40,0.00,6.0
2017-07-13,61,80.6,91.8,74.1,86.7,96.5,80.7,13.2,26.2,245,2017-07-13T05:36,2017-07-13T20:27,53443.66,33488.70,3.20,3.20,0.00,6.0
2017-07-14,61,69.8,74.4,66.0,73.2,79.0,68.0,10.9,20.8,102,2017-07-14T05:37,2017-07-14T20:26,53363.95,671.91,7.70,7.70,0.00,14.0
2017-07-15,51,75.0,83.7,69.0,79.2,86.7,72.3,10.6,18.8,332,2017-07-15T05:38,2017-07-15T20:26,53281.20,36515.87,0.30,0.30,0.00,2.0
2017-07-16,2,74.8,83.2,66.6,79.3,90.2,69.8,11.3,19.9,224,2017-07-16T05:38,2017-07-16T20:25,53195.54,49637.54,0.00,0.00,0.00,0.0
2017-07-17,51,75.9,82.1,69.4,81.8,88.7,74.8,14.5,26.2,172,2017-07-17T05:39,2017-07-17T20:24,53107.10,47126.42,0.10,0.10,0.00,1.0
2017-07-18,53,76.7,83.8,70.0,83.5,92.8,77.2,10.8,21.7,168,2017-07-18T05:40,2017-07-18T20:24,53015.99,43807.27,1.10,1.10,0.00,3.0
2017-07-19,3,81.0,90.0,72.5,87.8,95.5,79.7,11.0,20.4,232,2017-07-19T05:41,2017-07-19T20:23,52922.33,49386.04,0.00,0.00,0.00,0.0
2017-07-20,51,82.3,93.3,73.0,89.9,98.9,80.1,11.9,21.5,242,2017-07-20T05:42,2017-07-20T20:22,52826.26,49297.42,0.10,0.10,0.00,1.0
2017-07-21,3,81.9,92.2,74.7,88.2,96.7,81.1,10.3,19.9,276,2017-07-21T05:43,2017-07-21T20:21,52727.88,48517.18,0.00,0.00,0.00,0.0
2017-07-22,61,80.0,86.5,73.6,85.4,92.7,79.0,10.1,19.2,171,2017-07-22T05:44,2017-07-22T20:21,52627.32,40052.59,4.20,4.20,0.00,3.0
2017-07-23,63,74.9,77.3,73.1,80.3,84.5,76.6,12.0,21.3,121,2017-07-23T05:44,2017-07-23T20:20,52524.69,15030.82,19.50,19.50,0.00,14.0
2017-07-24,65,69.5,72.9,63.9,70.4,76.1,61.9,19.5,37.6,55,2017-07-24T05:45,2017-07-24T20:19,52420.09,20845.79,37.60,37.60,0.00,14.0
2017-07-25,65,66.4,71.0,62.8,67.4,72.5,62.9,9.4,21.9,63,2017-07-25T05:46,2017-07-25T20:18,52313.67,3609.27,22.20,22.20,0.00,8.0
2017-07-26,3,69.2,73.7,64.8,70.5,77.3,66.6,10.0,19.7,129,2017-07-26T05:47,2017-07-26T20:17,52205.50,46698.42,0.00,0.00,0.00,0.0
2017-07-27,51,70.7,76.9,63.5,74.5,82.2,65.9,9.3,17.9,197,2017-07-27T05:48,2017-07-27T20:16,52095.72,25436.00,1.20,1.20,0.00,8.0
2017-07-28,53,74.6,81.0,68.3,80.7,87.7,74.1,6.4,12.8,40,2017-07-28T05:49,2017-07-28T20:15,51984.11,28259.15,0.90,0.90,0.00,3.0
2017-07-29,63,70.2,75.1,63.4,68.0,77.3,60.3,17.5,30.6,24,2017-07-29T05:50,2017-07-29T20:14,51869.79,13626.89,6.50,6.50,0.00,9.0
2017-07-30,0,69.9,79.3,60.8,69.8,80.3,57.9,11.5,21.0,5,2017-07-30T05:51,2017-07-30T20:13,51752.84,48301.52,0.00,0.00,0.00,0.0
2017-07-31,3,73.3,84.4,60.2,77.1,91.2,61.6,6.9,12.1,228,2017-07-31T05:52,2017-07-31T20:12,51633.41,48190.12,0.00,0.00,0.00,0.0
2017-08-01,2,76.4,84.9,66.3,81.8,93.1,69.7,6.0,16.6,243,2017-08-01T05:53,2017-08-01T20:11,51511.65,48057.46,0.00,0.00,0.00,0.0
2017-08-02,63,73.4,81.5,69.9,79.8,89.4,75.7,7.7,22.1,211,2017-08-02T05:54,2017-08-02T20:10,51387.70,34366.12,9.40,9.40,0.00,7.0
2017-08-03,3,73.7,81.9,67.3,79.9,90.2,73.0,11.4,22.4,144,2017-08-03T05:55,2017-08-03T20:09,51261.68,41692.81,0.00,0.00,0.00,0.0
2017-08-04,63,74.5,79.2,69.4,78.8,85.5,73.7,15.5,28.0,161,2017-08-04T05:56,2017-08-04T20:08,51133.77,46725.58,13.10,13.10,0.00,8.0
2017-08-05,63,74.0,79.9,68.7,76.1,80.6,66.3,13.2,22.4,260,2017-08-05T05:57,2017-08-05T20:07,51004.07,34997.85,13.20,13.20,0.00,6.0
2017-08-06,3,69.9,78.9,62.5,68.6,78.3,60.2,11.3,20.8,290,2017-08-06T05:58,2017-08-06T20:05,50872.73,41084.91,0.00,0.00,0.00,0.0
2017-08-07,65,66.3,68.7,63.3,68.6,72.1,64.6,10.1,19.7,104,2017-08-07T05:59,2017-08-07T20:04,50739.88,0.00,32.40,32.40,0.00,13.0
2017-08-08,51,70.1,76.0,64.9,72.1,78.6,66.8,9.7,18.3,346,2017-08-08T06:00,2017-08-08T20:03,50605.65,30873.06,0.30,0.30,0.00,2.0
2017-08-09,1,71.7,80.4,61.4,74.2,86.8,62.5,8.1,15.4,246,2017-08-09T06:01,2017-08-09T20:02,50470.16,46870.25,0.00,0.00,0.00,0.0
2017-08-10,3,72.3,81.9,62.6,75.7,86.5,64.5,10.3,19.0,182,2017-08-10T06:02,2017-08-10T20:00,50333.53,44801.31,0.00,0.00,0.00,0.0
2017-08-11,51,71.2,78.0,64.2,73.5,80.9,66.6,12.7,23.0,170,2017-08-11T06:02,2017-08-11T19:59,50195.89,40471.23,0.30,0.30,0.00,2.0
2017-08-12,63,71.6,75.3,66.9,75.9,79.0,71.0,10.5,17.4,163,2017-08-12T06:03,2017-08-12T19:58,50057.36,9192.89,11.60,11.60,0.00,11.0
2017-08-13,3,74.6,83.2,67.9,78.0,85.6,71.6,10.4,19.0,307,2017-08-13T06:04,2017-08-13T19:56,49918.04,44744.99,0.00,0.00,0.00,0.0
2017-08-14,51,73.1,78.8,66.5,77.3,81.8,69.8,7.4,14.3,149,2017-08-14T06:05,2017-08-14T19:55,49778.06,25153.14,0.30,0.30,0.00,2.0
2017-08-15,63,72.6,75.9,70.3,78.3,82.3,73.6,9.5,18.3,181,2017-08-15T06:06,2017-08-15T19:54,49637.52,91.24,12.40,12.40,0.00,12.0
2017-08-16,3,76.2,85.5,68.1,81.2,89.9,71.7,8.5,17.0,317,2017-08-16T06:07,2017-08-16T19:52,49496.54,43890.25,0.00,0.00,0.00,0.0
2017-08-17,3,72.5,78.4,67.0,75.6,84.7,68.7,11.5,21.7,98,2017-08-17T06:08,2017-08-17T19:51,49354.88,43559.57,0.00,0.00,0.00,0.0
2017-08-18,61,76.5,83.3,73.3,82.9,90.0,78.2,15.7,31.8,194,2017-08-18T06:09,2017-08-18T19:49,49211.54,5011.22,12.70,12.70,0.00,15.0
2017-08-19,51,78.0,85.3,72.3,83.6,89.9,77.3,9.1,17.2,249,2017-08-19T06:10,2017-08-19T19:48,49066.58,43354.25,0.30,0.30,0.00,3.0
2017-08-20,2,75.1,82.8,68.8,76.4,83.5,69.7,11.6,20.8,301,2017-08-20T06:11,2017-08-20T19:47,48920.12,44197.91,0.00,0.00,0.00,0.0
2017-08-21,3,75.3,84.5,65.6,78.4,87.9,67.7,15.7,27.7,210,2017-08-21T06:12,2017-08-21T19:45,48772.29,43649.20,0.00,0.00,0.00,0.0
2017-08-22,51,79.6,89.0,71.9,84.6,94.3,78.4,15.7,31.3,211,2017-08-22T06:13,2017-08-22T19:44,48623.19,43203.52,0.50,0.50,0.00,4.0
2017-08-23,63,75.7,82.3,68.4,78.1,83.0,70.3,12.0,32.2,294,2017-08-23T06:14,2017-08-23T19:42,48472.97,38570.45,8.00,8.00,0.00,3.0
2017-08-24,3,71.2,79.9,64.6,71.3,80.0,64.6,10.1,17.7,325,2017-08-24T06:15,2017-08-24T19:41,48321.73,43454.22,0.00,0.00,0.00,0.0
2017-08-25,51,69.5,76.5,62.3,69.5,76.9,61.9,10.4,17.7,336,2017-08-25T06:16,2017-08-25T19:39,48169.58,42329.96,0.10,0.10,0.00,1.0
2017-08-26,1,67.9,75.2,62.3,67.5,75.0,62.0,7.7,15.2,13,2017-08-26T06:17,2017-08-26T19:37,48016.64,43383.91,0.00,0.00,0.00,0.0
2017-08-27,3,66.9,75.0,60.1,66.7,74.6,59.9,9.6,17.4,61,2017-08-27T06:18,2017-08-27T19:36,47863.02,43292.09,0.00,0.00,0.00,0.0
2017-08-28,3,67.2,74.1,62.1,66.1,71.9,62.7,14.1,25.1,82,2017-08-28T06:19,2017-08-28T19:34,47708.83,43222.17,0.00,0.00,0.00,0.0
2017-08-29,55,65.0,69.3,62.7,63.5,66.3,61.4,14.1,23.9,56,2017-08-29T06:20,2017-08-29T19:33,47554.16,0.00,5.20,5.20,0.00,9.0
2017-08-30,61,68.1,77.5,60.8,66.9,77.4,59.2,14.0,25.9,341,2017-08-30T06:21,2017-08-30T19:31,47399.14,40969.90,2.90,2.90,0.00,6.0
2017-08-31,3,70.7,80.7,62.9,69.9,80.1,60.8,12.5,23.9,292,2017-08-31T06:22,2017-08-31T19:29,47243.85,39806.36,0.00,0.00,0.00,0.0
2017-09-01,3,62.5,70.3,54.8,57.8,65.9,49.3,14.6,24.8,327,2017-09-01T06:23,2017-09-01T19:28,47088.41,43226.09,0.00,0.00,0.00,0.0
2017-09-02,63,60.5,66.7,54.3,57.6,62.7,51.2,9.4,17.7,72,2017-09-02T06:24,2017-09-02T19:26,46932.90,15259.65,10.80,10.80,0.00,4.0
2017-09-03,63,64.0,68.9,59.2,63.5,70.8,58.0,13.6,25.9,343,2017-09-03T06:25,2017-09-03T19:25,46777.43,6888.40,16.30,16.30,0.00,12.0
2017-09-04,3,69.5,81.0,59.6,67.7,79.4,57.5,13.9,23.3,230,2017-09-04T06:26,2017-09-04T19:23,46622.09,42987.15,0.00,0.00,0.00,0.0
2017-09-05,51,74.4,84.0,67.0,76.8,87.6,67.4,13.6,24.6,204,2017-09-05T06:27,2017-09-05T19:21,46466.98,42892.32,0.10,0.10,0.00,1.0
2017-09-06,63,66.4,69.3,63.0,68.7,75.1,64.1,13.0,28.4,346,2017-09-06T06:28,2017-09-06T19:20,46311.86,10513.61,20.60,20.60,0.00,18.0
2017-09-07,61,65.6,72.0,61.2,64.4,70.6,59.2,13.3,27.1,257,2017-09-07T06:29,2017-09-07T19:18,46155.71,42700.43,3.40,3.40,0.00,10.0
2017-09-08,51,63.5,71.1,56.4,60.4,68.7,53.6,11.8,22.8,271,2017-09-08T06:30,2017-09-08T19:16,45998.56,42602.83,0.10,0.10,0.00,1.0
2017-09-09,3,61.3,69.7,54.9,57.9,67.6,51.2,13.1,23.3,337,2017-09-09T06:31,2017-09-09T19:15,45840.51,41333.66,0.00,0.00,0.00,0.0
2017-09-10,1,62.4,70.3,55.7,59.2,67.1,51.9,11.5,21.9,1,2017-09-10T06:32,2017-09-10T19:13,45681.66,42404.86,0.00,0.00,0.00,0.0
2017-09-11,3,64.6,76.3,54.0,63.8,75.5,52.7,8.1,16.1,353,2017-09-11T06:33,2017-09-11T19:11,45522.13,42304.69,0.00,0.00,0.00,0.0
2017-09-12,3,66.6,78.8,57.6,68.0,81.3,58.1,7.6,13.9,268,2017-09-12T06:34,2017-09-12T19:10,45362.01,39277.28,0.00,0.00,0.00,0.0
2017-09-13,3,68.6,80.0,57.6,70.4,81.4,57.3,11.0,19.7,212,2017-09-13T06:35,2017-09-13T19:08,45201.39,42008.05,0.00,0.00,0.00,0.0
2017-09-14,53,71.6,78.2,65.8,75.3,79.4,69.8,11.7,28.0,214,2017-09-14T06:36,2017-09-14T19:06,45040.39,30068.22,1.30,1.30,0.00,5.0
2017-09-15,51,71.3,78.9,63.4,75.7,82.7,66.2,6.4,13.6,208,2017-09-15T06:37,2017-09-15T19:05,44879.09,40361.27,0.30,0.30,0.00,2.0
2017-09-16,51,71.7,78.8,66.4,77.1,85.1,70.7,8.3,16.1,92,2017-09-16T06:38,2017-09-16T19:03,44717.60,39564.88,0.70,0.70,0.00,3.0
2017-09-17,51,71.4,78.7,67.3,76.6,83.4,72.3,8.5,17.4,128,2017-09-17T06:39,2017-09-17T19:01,44556.01,34191.11,0.70,0.70,0.00,4.0
2017-09-18,51,70.4,75.7,66.6,73.4,78.0,69.9,11.3,20.4,56,2017-09-18T06:40,2017-09-18T19:00,44394.42,19159.42,0.30,0.30,0.00,3.0
2017-09-19,51,71.8,78.0,67.5,71.5,76.3,68.0,18.5,32.2,26,2017-09-19T06:41,2017-09-19T18:58,44232.92,33507.45,0.50,0.50,0.00,2.0
2017-09-20,3,72.9,77.8,68.0,72.2,77.3,66.5,17.9,33.1,1,2017-09-20T06:42,2017-09-20T18:56,44071.61,13716.76,0.00,0.00,0.00,0.0
2017-09-21,3,73.8,80.3,68.8,74.4,80.8,69.9,12.6,22.8,357,2017-09-21T06:43,2017-09-21T18:54,43910.57,30341.93,0.00,0.00,0.00,0.0
2017-09-22,3,71.7,79.2,65.1,68.9,76.0,61.2,15.3,27.1,356,2017-09-22T06:44,2017-09-22T18:53,43749.93,40349.76,0.00,0.00,0.00,0.0
2017-09-23,1,73.8,84.0,66.0,72.6,81.6,63.9,11.4,20.8,359,2017-09-23T06:45,2017-09-23T18:51,43589.74,40361.38,0.00,0.00,0.00,0.0
2017-09-24,0,76.0,89.0,66.6,79.6,93.7,67.9,7.2,14.1,13,2017-09-24T06:46,2017-09-24T18:49,43430.13,39836.89,0.00,0.00,0.00,0.0
2017-09-25,2,75.9,85.8,68.8,81.6,93.7,73.9,10.2,17.4,105,2017-09-25T06:47,2017-09-25T18:48,43271.18,39546.68,0.00,0.00,0.00,0.0
2017-09-26,3,72.4,81.9,68.1,77.3,88.3,72.1,9.8,19.2,112,2017-09-26T06:48,2017-09-26T18:46,43112.63,36000.00,0.00,0.00,0.00,0.0
2017-09-27,51,74.8,84.4,69.5,81.1,91.1,75.0,7.7,16.8,56,2017-09-27T06:49,2017-09-27T18:44,42953.43,24607.43,0.40,0.40,0.00,1.0
2017-09-28,1,71.0,76.9,61.2,68.4,80.0,54.1,16.5,29.3,336,2017-09-28T06:50,2017-09-28T18:43,42793.59,39111.75,0.00,0.00,0.00,0.0
2017-09-29,3,61.4,67.7,54.8,58.3,64.0,52.9,12.4,23.7,319,2017-09-29T06:51,2017-09-29T18:41,42633.22,37838.20,0.00,0.00,0.00,0.0
2017-09-30,51,59.4,63.5,54.5,54.8,62.1,49.8,17.4,31.3,349,2017-09-30T06:52,2017-09-30T18:39,42472.42,38516.19,0.50,0.50,0.00,2.0
2017-10-01,0,57.7,67.2,50.4,55.0,65.4,47.4,8.8,16.8,355,2017-10-01T06:53,2017-10-01T18:38,42311.30,38647.71,0.00,0.00,0.00,0.0
2017-10-02,0,59.6,70.3,51.6,57.2,68.0,48.7,8.5,16.3,20,2017-10-02T06:54,2017-10-02T18:36,42149.96,38512.50,0.00,0.00,0.00,0.0
2017-10-03,3,60.7,67.0,53.2,58.8,64.0,51.4,10.8,20.6,128,2017-10-03T06:55,2017-10-03T18:34,41988.50,38342.41,0.00,0.00,0.00,0.0
2017-10-04,3,63.5,76.2,52.2,61.5,73.6,50.6,12.3,21.0,223,2017-10-04T06:56,2017-10-04T18:33,41827.03,38239.93,0.00,0.00,0.00,0.0
2017-10-05,53,70.8,85.2,62.2,70.8,84.3,60.1,12.3,22.8,242,2017-10-05T06:57,2017-10-05T18:31,41665.66,27940.44,2.20,2.20,0.00,5.0
2017-10-06,51,70.0,81.6,62.8,73.1,81.6,65.2,9.0,16.1,237,2017-10-06T06:58,2017-10-06T18:29,41504.48,34836.61,0.20,0.20,0.00,1.0
2017-10-07,51,70.1,77.6,62.6,72.2,79.9,66.0,18.0,31.1,165,2017-10-07T06:59,2017-10-07T18:28,41343.62,37255.59,0.10,0.10,0.00,1.0
2017-10-08,61,73.4,77.4,70.6,76.7,81.8,72.3,15.2,31.3,204,2017-10-08T07:00,2017-10-08T18:26,41183.16,1084.19,5.80,5.80,0.00,13.0
2017-10-09,61,72.8,74.2,71.4,77.0,81.0,72.5,20.9,35.8,191,2017-10-09T07:01,2017-10-09T18:25,41023.25,0.00,18.20,18.20,0.00,19.0
2017-10-10,3,70.9,79.4,62.9,73.1,81.0,64.5,11.6,19.9,311,2017-10-10T07:02,2017-10-10T18:23,40863.96,37627.29,0.00,0.00,0.00,0.0
2017-10-11,53,66.9,72.5,63.1,67.8,73.3,61.8,12.2,20.4,59,2017-10-11T07:03,2017-10-11T18:21,40705.42,13659.72,1.70,1.70,0.00,5.0
2017-10-12,51,60.0,62.5,57.1,55.6,60.7,51.8,15.8,28.0,67,2017-10-12T07:04,2017-10-12T18:20,40547.74,370.68,1.60,1.60,0.00,8.0
2017-10-13,51,59.7,64.2,54.9,56.5,62.3,50.2,10.7,20.1,72,2017-10-13T07:05,2017-10-13T18:18,40391.04,21285.46,0.30,0.30,0.00,3.0
2017-10-14,51,65.5,72.3,61.2,67.2,76.1,61.6,7.9,15.0,12,2017-10-14T07:06,2017-10-14T18:17,40235.43,14071.43,0.60,0.60,0.00,6.0
2017-10-15,51,68.1,74.8,63.8,69.0,72.9,66.6,15.6,26.6,217,2017-10-15T07:07,2017-10-15T18:15,40081.04,22588.35,0.40,0.40,0.00,4.0
2017-10-16,61,58.8,69.4,49.2,53.0,69.6,41.4,16.3,28.4,318,2017-10-16T07:08,2017-10-16T18:14,39927.59,2596.52,3.00,3.00,0.00,6.0
2017-10-17,0,50.5,58.0,43.9,45.0,52.8,37.9,10.7,19.2,301,2017-10-17T07:10,2017-10-17T18:12,39773.90,36496.66,0.00,0.00,0.00,0.0
2017-10-18,0,57.3,70.2,47.5,53.7,67.1,42.3,8.4,14.3,229,2017-10-18T07:11,2017-10-18T18:11,39620.00,36211.36,0.00,0.00,0.00,0.0
2017-10-19,3,59.7,70.3,50.9,55.5,63.6,48.2,12.5,22.8,225,2017-10-19T07:12,2017-10-19T18:09,39466.02,35891.71,0.00,0.00,0.00,0.0
2017-10-20,2,62.1,71.5,56.0,57.0,64.4,51.6,12.4,22.6,299,2017-10-20T07:13,2017-10-20T18:08,39312.09,35774.07,0.00,0.00,0.00,0.0
2017-10-21,3,60.6,75.2,49.8,57.6,71.0,46.2,7.5,13.2,253,2017-10-21T07:14,2017-10-21T18:07,39158.32,34506.49,0.00,0.00,0.00,0.0
2017-10-22,3,60.3,70.6,51.3,58.4,66.6,47.7,8.3,15.7,182,2017-10-22T07:15,2017-10-22T18:05,39004.84,34666.33,0.00,0.00,0.00,0.0
2017-10-23,51,64.3,71.1,56.2,63.9,70.5,55.3,17.8,29.3,152,2017-10-23T07:16,2017-10-23T18:04,38851.79,23046.22,0.40,0.40,0.00,3.0
2017-10-24,63,68.0,74.3,63.9,65.9,70.6,63.6,24.6,49.0,164,2017-10-24T07:17,2017-10-24T18:02,38699.30,7940.96,25.10,25.10,0.00,13.0
2017-10-25,51,61.3,65.9,57.2,59.6,65.2,52.3,9.5,17.2,295,2017-10-25T07:19,2017-10-25T18:01,38547.52,18674.56,0.10,0.10,0.00,1.0
2017-10-26,53,55.0,57.7,50.4,48.8,51.2,44.2,15.4,25.7,296,2017-10-26T07:20,2017-10-26T18:00,38396.57,17728.01,3.60,3.60,0.00,8.0
2017-10-27,1,52.5,61.7,44.5,47.7,56.2,39.2,9.4,17.9,224,2017-10-27T07:21,2017-10-27T17:58,38246.58,34453.74,0.00,0.00,0.00,0.0
2017-10-28,3,58.6,67.5,48.6,55.4,62.1,45.0,17.2,28.9,179,2017-10-28T07:22,2017-10-28T17:57,38097.73,34299.94,0.00,0.00,0.00,0.0
2017-10-29,65,63.3,64.8,61.2,61.4,63.2,54.7,30.3,52.1,132,2017-10-29T07:23,2017-10-29T17:56,37950.14,0.00,53.70,53.70,0.00,21.0
2017-10-30,53,53.7,62.8,48.0,45.6,56.5,38.2,23.5,52.6,259,2017-10-30T07:24,2017-10-30T17:54,37803.95,27112.29,3.40,3.40,0.00,7.0
2017-10-31,2,50.2,55.7,45.1,42.5,45.5,38.4,17.4,30.9,259,2017-10-31T07:25,2017-10-31T17:53,37659.33,33903.82,0.00,0.00,0.00,0.0
2017-11-01,3,50.0,60.3,40.9,45.6,57.7,35.5,10.5,17.0,87,2017-11-01T07:27,2017-11-01T17:52,37516.44,1001.76,0.00,0.00,0.00,0.0
2017-11-02,3,62.0,69.2,53.5,61.9,69.1,52.2,10.8,18.6,183,2017-11-02T07:28,2017-11-02T17:51,37375.42,32996.91,0.00,0.00,0.00,0.0
2017-11-03,3,62.9,74.0,52.7,61.0,73.0,44.9,15.3,29.8,266,2017-11-03T07:29,2017-11-03T17:49,37236.45,32476.18,0.00,0.00,0.00,0.0
2017-11-04,3,50.2,54.7,46.1,44.7,49.7,40.1,11.8,23.0,37,2017-11-04T07:30,2017-11-04T17:48,37099.67,32400.00,0.00,0.00,0.00,0.0
2017-11-05,55,57.0,61.3,52.3,54.9,61.2,47.7,11.7,19.2,106,2017-11-05T07:31,2017-11-05T17:47,36964.84,0.00,2.10,2.10,0.00,3.0
2017-11-06,51,59.8,64.0,47.8,57.8,64.4,40.4,13.5,26.8,242,2017-11-06T07:32,2017-11-06T17:46,36830.71,0.00,2.10,2.10,0.00,12.0
2017-11-07,61,44.8,50.2,40.5,37.4,43.2,31.4,15.6,26.8,8,2017-11-07T07:34,2017-11-07T17:45,36697.30,14236.39,10.40,10.40,0.00,8.0
2017-11-08,55,43.4,48.4,39.2,36.6,43.5,30.3,15.9,27.7,23,2017-11-08T07:35,2017-11-08T17:44,36564.78,22071.12,1.70,1.70,0.00,3.0
2017-11-09,3,46.9,52.8,40.1,42.3,48.6,35.5,9.6,15.7,103,2017-11-09T07:36,2017-11-09T17:43,36433.27,17345.13,0.00,0.00,0.00,0.0
2017-11-10,3,37.9,51.7,26.1,26.8,46.1,14.1,20.7,36.7,314,2017-11-10T07:37,2017-11-10T17:42,36302.93,32476.55,0.00,0.00,0.00,0.0
2017-11-11,3,30.9,37.8,25.3,21.7,29.8,13.7,12.8,23.7,344,2017-11-11T07:38,2017-11-11T17:41,36173.91,31929.62,0.00,0.00,0.00,0.0
2017-11-12,3,37.7,45.3,30.4,31.6,39.3,22.9,5.5,13.4,70,2017-11-12T07:40,2017-11-12T17:40,36046.38,28261.19,0.00,0.00,0.00,0.0
2017-11-13,53,41.5,45.2,37.3,35.6,37.8,31.6,11.6,20.4,12,2017-11-13T07:41,2017-11-13T17:39,35920.48,5026.57,3.30,3.30,0.00,8.0
2017-11-14,3,40.3,46.8,35.1,33.4,40.2,27.5,10.6,19.0,4,2017-11-14T07:42,2017-11-14T17:38,35796.38,30634.63,0.00,0.00,0.00,0.0
2017-11-15,3,42.5,48.4,35.6,37.1,43.8,29.5,7.9,13.0,55,2017-11-15T07:43,2017-11-15T17:38,35674.25,29257.14,0.00,0.00,0.00,0.0
2017-11-16,55,50.3,55.8,44.1,43.4,47.7,34.4,18.2,33.1,243,2017-11-16T07:44,2017-11-16T17:37,35554.24,21845.21,4.00,4.00,0.00,10.0
2017-11-17,3,42.0,47.0,35.9,31.9,36.5,27.8,17.8,30.2,300,2017-11-17T07:46,2017-11-17T17:36,35436.53,31552.32,0.00,0.00,0.00,0.0
2017-11-18,53,42.4,50.0,32.5,36.1,44.3,25.6,11.8,25.3,199,2017-11-18T07:47,2017-11-18T17:35,35321.30,0.00,3.10,3.10,0.00,9.0
2017-11-19,63,50.3,57.6,42.1,41.4,49.1,32.8,23.8,45.6,261,2017-11-19T07:48,2017-11-19T17:35,35208.71,27156.65,8.00,8.00,0.00,8.0
2017-11-20,3,40.6,46.8,34.7,30.5,34.9,26.2,17.9,32.2,268,2017-11-20T07:49,2017-11-20T17:34,35098.96,30050.80,0.00,0.00,0.00,0.0
2017-11-21,3,46.3,56.2,39.1,38.4,47.9,30.3,15.5,27.5,216,2017-11-21T07:50,2017-11-21T17:33,34992.21,31170.01,0.00,0.00,0.00,0.0
2017-11-22,61,46.1,51.6,36.2,39.2,47.5,26.4,18.4,32.0,302,2017-11-22T07:51,2017-11-22T17:33,34888.65,14407.45,4.30,4.30,0.00,5.0
2017-11-23,1,35.6,42.5,30.6,27.8,35.3,22.5,11.5,19.9,295,2017-11-23T07:52,2017-11-23T17:32,34788.47,31033.00,0.00,0.00,0.00,0.0
2017-11-24,0,38.8,48.3,30.6,32.4,40.9,23.9,8.1,14.5,233,2017-11-24T07:53,2017-11-24T17:32,34691.86,30956.36,0.00,0.00,0.00,0.0
2017-11-25,3,44.5,54.9,35.4,38.4,48.5,29.7,10.2,19.2,229,2017-11-25T07:54,2017-11-25T17:31,34598.63,30887.50,0.00,0.00,0.00,0.0
2017-11-26,3,43.7,48.6,36.5,35.5,40.9,29.5,15.7,28.6,295,2017-11-26T07:56,2017-11-26T17:31,34507.77,30818.83,0.00,0.00,0.00,0.0
2017-11-27,3,41.6,50.0,36.7,33.0,39.9,27.8,16.5,29.1,286,2017-11-27T07:57,2017-11-27T17:30,34419.30,30750.36,0.00,0.00,0.00,0.0
2017-11-28,3,42.0,51.7,31.5,35.3,44.5,25.5,12.9,22.1,147,2017-11-28T07:58,2017-11-28T17:30,34333.32,30659.44,0.00,0.00,0.00,0.0
2017-11-29,3,49.4,60.5,40.5,41.8,52.0,33.8,15.1,24.8,265,2017-11-29T07:59,2017-11-29T17:30,34249.97,30207.79,0.00,0.00,0.00,0.0
2017-11-30,3,42.4,51.7,34.2,36.5,44.4,27.1,11.2,20.4,123,2017-11-30T08:00,2017-11-30T17:29,34169.35,24783.29,0.00,0.00,0.00,0.0
2017-12-01,51,45.5,51.8,37.4,39.3,43.7,31.9,11.4,21.0,316,2017-12-01T08:01,2017-12-01T17:29,34091.59,30392.32,0.60,0.60,0.00,2.0
2017-12-02,3,39.5,46.3,32.6,34.3,42.0,26.5,5.3,8.5,37,2017-12-02T08:02,2017-12-02T17:29,34016.80,27467.17,0.00,0.00,0.00,0.0
2017-12-03,3,41.8,50.6,35.1,37.4,46.1,29.8,4.2,9.8,27,2017-12-03T08:03,2017-12-03T17:29,33945.10,17736.71,0.00,0.00,0.00,0.0
2017-12-04,3,40.3,48.7,31.6,35.3,43.9,25.4,9.5,15.2,84,2017-12-04T08:04,2017-12-04T17:28,33876.62,28977.54,0.00,0.00,0.00,0.0
2017-12-05,63,53.7,60.1,48.5,48.1,55.3,41.5,16.6,27.3,175,2017-12-05T08:05,2017-12-05T17:28,33811.47,4030.74,10.00,10.00,0.00,12.0
2017-12-06,53,45.6,56.4,39.5,36.8,53.2,30.1,19.3,32.4,258,2017-12-06T08:06,2017-12-06T17:28,33749.78,18469.81,1.50,1.50,0.00,3.0
2017-12-07,3,39.3,44.1,35.2,30.1,33.8,26.8,16.5,29.3,256,2017-12-07T08:07,2017-12-07T17:28,33691.66,29948.62,0.00,0.00,0.00,0.0
2017-12-08,3,35.6,38.0,31.5,27.7,29.9,23.6,8.1,14.5,251,2017-12-08T08:08,2017-12-08T17:28,33637.23,621.09,0.00,0.00,0.00,0.0
2017-12-09,73,33.3,35.1,31.1,25.5,28.3,23.2,10.8,19.2,349,2017-12-09T08:08,2017-12-09T17:28,33586.63,0.00,9.70,0.00,6.79,18.0
2017-12-10,71,31.9,36.9,27.0,23.5,28.4,18.4,10.8,19.5,261,2017-12-10T08:09,2017-12-10T17:28,33539.96,26634.31,0.30,0.00,0.21,2.0
2017-12-11,71,34.7,41.4,30.6,27.1,33.3,22.7,9.4,18.1,246,2017-12-11T08:10,2017-12-11T17:28,33497.34,29412.81,0.20,0.00,0.14,2.0
2017-12-12,51,41.2,49.5,30.9,33.4,43.6,18.6,17.4,29.3,230,2017-12-12T08:11,2017-12-12T17:28,33458.89,2889.76,0.60,0.60,0.00,5.0
2017-12-13,3,25.5,31.0,20.2,11.8,17.7,6.5,24.0,44.7,283,2017-12-13T08:12,2017-12-13T17:29,33424.73,29465.15,0.00,0.00,0.00,0.0
2017-12-14,73,27.5,33.4,23.3,18.1,21.7,13.4,15.3,27.1,310,2017-12-14T08:12,2017-12-14T17:29,33394.96,28599.82,1.80,0.10,1.19,7.0
2017-12-15,73,24.4,28.3,20.6,16.7,21.7,12.9,8.4,15.2,273,2017-12-15T08:13,2017-12-15T17:29,33369.59,11820.22,2.10,0.00,1.47,6.0
2017-12-16,3,31.0,41.0,23.3,20.9,29.8,13.2,17.4,32.0,256,2017-12-16T08:14,2017-12-16T17:29,33348.24,25791.38,0.00,0.00,0.00,0.0
2017-12-17,3,32.5,36.2,28.8,25.7,30.7,20.1,7.7,13.0,22,2017-12-17T08:14,2017-12-17T17:30,33330.91,3392.04,0.00,0.00,0.00,0.0
2017-12-18,51,38.2,46.9,31.5,32.6,43.6,24.5,8.4,13.6,15,2017-12-18T08:15,2017-12-18T17:30,33317.57,25504.59,0.80,0.80,0.00,6.0
2017-12-19,3,46.0,53.3,39.1,38.0,43.7,32.7,17.7,29.8,248,2017-12-19T08:15,2017-12-19T17:30,33308.22,26635.65,0.00,0.00,0.00,0.0
2017-12-20,3,41.2,47.7,32.1,31.9,38.4,24.2,15.9,27.7,291,2017-12-20T08:16,2017-12-20T17:31,33302.85,25730.78,0.00,0.00,0.00,0.0
2017-12-21,3,33.4,39.4,29.0,25.8,31.7,20.6,8.1,13.6,327,2017-12-21T08:16,2017-12-21T17:31,33301.45,29110.87,0.00,0.00,0.00,0.0
2017-12-22,3,37.3,46.9,29.6,31.3,41.5,22.4,8.2,15.4,62,2017-12-22T08:17,2017-12-22T17:32,33304.00,3477.61,0.00,0.00,0.00,0.0
2017-12-23,63,44.7,55.9,37.9,39.4,49.8,32.7,18.0,30.6,319,2017-12-23T08:17,2017-12-23T17:32,33310.48,0.00,17.30,17.30,0.00,21.0
2017-12-24,73,37.2,41.6,33.8,29.0,33.8,25.1,15.7,25.7,20,2017-12-24T08:18,2017-12-24T17:33,33320.88,24955.52,1.00,0.10,0.63,3.0
2017-12-25,71,34.4,38.6,26.9,22.9,32.2,14.3,25.8,44.7,278,2017-12-25T08:18,2017-12-25T17:34,33335.18,27082.79,5.90,5.80,0.07,10.0
2017-12-26,3,25.3,28.1,22.0,14.6,16.6,12.1,14.0,26.2,268,2017-12-26T08:18,2017-12-26T17:34,33353.35,28935.50,0.00,0.00,0.00,0.0
2017-12-27,3,22.0,25.4,18.6,11.6,14.8,7.0,12.0,20.4,307,2017-12-27T08:19,2017-12-27T17:35,33375.37,28861.65,0.00,0.00,0.00,0.0
2017-12-28,0,16.3,19.4,13.5,4.0,6.4,1.1,15.8,29.5,310,2017-12-28T08:19,2017-12-28T17:36,33401.21,29077.19,0.00,0.00,0.00,0.0
2017-12-29,3,17.3,24.4,12.9,7.1,13.2,2.0,11.9,21.9,303,2017-12-29T08:19,2017-12-29T17:37,33430.85,28800.00,0.00,0.00,0.00,0.0
2017-12-30,71,20.0,25.8,15.1,11.1,15.8,7.2,10.1,20.1,249,2017-12-30T08:20,2017-12-30T17:37,33464.26,14168.55,1.00,0.00,0.70,7.0
2017-12-31,3,15.1,19.3,9.7,3.4,8.9,-1.8,16.1,29.5,308,2017-12-31T08:20,2017-12-31T17:38,33501.41,24198.23,0.00,0.00,0.00,0.0
2018-01-01,3,12.4,20.5,6.8,1.3,8.2,-4.2,13.4,25.3,306,2018-01-01T08:20,2018-01-01T17:39,33542.25,29142.94,0.00,0.00,0.00,0.0
2018-01-02,2,18.2,27.0,11.6,6.9,15.3,0.6,12.3,23.7,260,2018-01-02T08:20,2018-01-02T17:40,33586.77,29155.92,0.00,0.00,0.00,0.0
2018-01-03,3,19.9,28.3,10.2,11.1,19.3,1.3,7.9,14.5,205,2018-01-03T08:20,2018-01-03T17:41,33634.93,29267.53,0.00,0.00,0.00,0.0
2018-01-04,75,23.2,24.5,19.4,8.0,14.6,2.2,32.6,54.8,336,2018-01-04T08:20,2018-01-04T17:41,33686.88,0.00,20.10,0.00,14.07,19.0
2018-01-05,2,10.5,17.8,7.1,-3.3,2.4,-7.4,21.5,35.3,287,2018-01-05T08:20,2018-01-05T17:42,33743.15,29445.00,0.00,0.00,0.00,0.0
2018-01-06,1,6.3,9.3,4.0,-6.3,-4.5,-7.8,17.1,28.6,287,2018-01-06T08:20,2018-01-06T17:43,33803.66,29542.82,0.00,0.00,0.00,0.0
2018-01-07,3,5.8,14.5,-4.7,-4.2,2.9,-14.4,13.1,21.3,258,2018-01-07T08:20,2018-01-07T17:44,33868.26,29421.78,0.00,0.00,0.00,0.0
2018-01-08,73,21.5,29.4,13.7,11.6,20.9,2.4,13.2,21.5,223,2018-01-08T08:20,2018-01-08T17:45,33936.79,20425.96,1.00,0.10,0.63,3.0
2018-01-09,3,31.8,38.9,23.8,23.4,31.3,15.6,12.8,20.6,278,2018-01-09T08:19,2018-01-09T17:46,34009.11,29664.19,0.00,0.00,0.00,0.0
2018-01-10,3,25.3,36.4,12.5,17.8,29.8,3.3,8.7,11.4,358,2018-01-10T08:19,2018-01-10T17:47,34085.07,29517.08,0.00,0.00,0.00,0.0
2018-01-11,3,40.4,52.6,32.4,35.0,48.8,25.6,8.8,14.8,197,2018-01-11T08:19,2018-01-11T17:48,34164.52,18562.50,0.00,0.00,0.00,0.0
2018-01-12,63,53.4,58.4,45.6,48.6,54.5,40.4,21.9,43.8,180,2018-01-12T08:19,2018-01-12T17:49,34247.30,0.00,28.90,28.90,0.00,15.0
2018-01-13,63,36.9,57.2,19.2,26.6,53.2,6.4,18.4,42.7,305,2018-01-13T08:18,2018-01-13T17:51,34333.28,26423.53,8.80,8.80,0.00,8.0
2018-01-14,3,18.9,25.9,15.0,7.4,14.4,3.8,14.8,25.3,353,2018-01-14T08:18,2018-01-14T17:52,34422.31,30468.51,0.00,0.00,0.00,0.0
2018-01-15,3,22.5,29.2,15.9,12.3,19.3,4.3,12.6,23.3,37,2018-01-15T08:17,2018-01-15T17:53,34514.24,27699.39,0.00,0.00,0.00,0.0
2018-01-16,3,30.4,39.8,24.3,23.8,32.6,16.7,7.9,13.9,87,2018-01-16T08:17,2018-01-16T17:54,34608.93,7070.89,0.00,0.00,0.00,0.0
2018-01-17,73,31.3,34.8,21.5,23.0,27.0,9.8,13.0,21.5,329,2018-01-17T08:17,2018-01-17T17:55,34706.23,973.71,6.50,2.70,2.66,14.0
2018-01-18,1,24.0,32.9,16.9,13.7,22.2,6.1,15.8,28.2,311,2018-01-18T08:16,2018-01-18T17:56,34806.02,30878.06,0.00,0.00,0.00,0.0
2018-01-19,3,29.6,39.5,22.1,20.6,29.5,13.7,11.2,21.0,253,2018-01-19T08:16,2018-01-19T17:57,34908.15,30461.97,0.00,0.00,0.00,0.0
2018-01-20,2,39.2,49.5,30.7,29.8,39.8,22.3,16.0,27.7,250,2018-01-20T08:15,2018-01-20T17:59,35012.47,31055.35,0.00,0.00,0.00,0.0
2018-01-21,3,40.0,50.6,30.0,34.0,45.0,23.6,6.7,12.5,264,2018-01-21T08:14,2018-01-21T18:00,35118.86,29562.51,0.00,0.00,0.00,0.0
2018-01-22,51,43.5,48.2,39.7,39.2,44.6,33.8,7.9,13.6,103,2018-01-22T08:14,2018-01-22T18:01,35227.19,6332.11,0.50,0.50,0.00,4.0
2018-01-23,63,48.4,57.1,40.1,42.2,52.8,32.9,21.8,47.2,209,2018-01-23T08:13,2018-01-23T18:02,35337.31,8157.57,7.50,7.50,0.00,10.0
2018-01-24,2,36.8,40.8,27.2,26.8,32.3,16.9,16.4,28.0,294,2018-01-24T08:12,2018-01-24T18:03,35449.51,31141.33,0.00,0.00,0.00,0.0
2018-01-25,2,27.1,34.8,22.0,16.9,22.9,12.8,15.2,27.5,316,2018-01-25T08:12,2018-01-25T18:04,35564.89,31958.60,0.00,0.00,0.00,0.0
2018-01-26,1,27.6,35.1,20.1,19.8,27.1,11.9,8.2,14.3,180,2018-01-26T08:11,2018-01-26T18:06,35683.38,32063.19,0.00,0.00,0.00,0.0
2018-01-27,3,41.0,53.1,28.8,32.7,43.2,21.7,16.8,29.3,215,2018-01-27T08:10,2018-01-27T18:07,35804.78,30391.49,0.00,0.00,0.00,0.0
2018-01-28,53,47.4,51.4,41.6,42.8,47.3,35.6,14.9,24.2,260,2018-01-28T08:09,2018-01-28T18:08,35928.90,0.00,4.10,4.10,0.00,12.0
2018-01-29,51,39.5,44.1,35.3,30.8,35.4,26.6,14.4,25.7,38,2018-01-29T08:08,2018-01-29T18:09,36055.57,14491.58,0.50,0.50,0.00,5.0
2018-01-30,73,31.9,38.9,24.0,22.3,30.0,11.1,17.0,28.6,338,2018-01-30T08:07,2018-01-30T18:11,36184.61,10533.78,2.00,0.10,1.33,14.0
2018-01-31,3,25.1,32.6,18.0,14.5,22.2,7.5,16.0,27.3,267,2018-01-31T08:06,2018-01-31T18:12,36315.82,30232.57,0.00,0.00,0.00,0.0
2018-02-01,51,37.3,46.4,29.6,29.2,38.1,20.0,10.4,19.2,208,2018-02-01T08:05,2018-02-01T18:13,36449.05,18104.06,0.10,0.10,0.00,1.0
2018-02-02,71,28.1,37.6,17.1,16.5,32.7,4.4,20.5,36.5,313,2018-02-02T08:04,2018-02-02T18:14,36584.14,31568.78,5.40,4.80,0.42,8.0
2018-02-03,3,23.3,32.4,16.4,12.3,20.4,4.1,13.5,23.7,240,2018-02-03T08:03,2018-02-03T18:15,36720.89,33278.37,0.00,0.00,0.00,0.0
2018-02-04,63,35.4,43.5,26.8,28.2,39.7,16.3,12.1,20.6,195,2018-02-04T08:02,2018-02-04T18:17,36859.16,615.01,17.30,17.30,0.00,10.0
2018-02-05,61,30.9,38.7,21.9,21.3,30.4,14.0,20.3,37.4,304,2018-02-05T08:01,2018-02-05T18:18,36998.79,31198.46,1.50,1.50,0.00,2.0
2018-02-06,3,28.7,38.2,20.8,21.3,30.6,13.1,6.3,13.2,245,2018-02-06T08:00,2018-02-06T18:19,37139.60,22281.90,0.00,0.00,0.00,0.0
2018-02-07,75,33.7,48.5,25.9,25.9,40.5,17.4,16.5,40.9,63,2018-02-07T07:59,2018-02-07T18:20,37281.46,0.00,25.00,22.20,1.96,15.0
2018-02-08,51,28.5,34.4,23.4,18.6,23.6,12.7,15.5,27.3,305,2018-02-08T07:58,2018-02-08T18:22,37424.22,34033.25,0.10,0.10,0.00,1.0
2018-02-09,71,28.8,36.2,19.7,20.3,27.4,11.8,12.5,21.9,208,2018-02-09T07:57,2018-02-09T18:23,37567.72,20433.06,0.10,0.00,0.07,1.0
2018-02-10,63,41.8,49.3,35.1,36.9,46.4,27.4,8.8,17.0,199,2018-02-10T07:56,2018-02-10T18:24,37711.81,8505.07,10.70,10.70,0.00,9.0
2018-02-11,63,48.7,60.0,40.1,45.3,58.1,37.0,18.7,43.6,231,2018-02-11T07:54,2018-02-11T18:25,37856.37,0.00,34.30,34.30,0.00,23.0
2018-02-12,51,44.1,59.7,32.1,36.1,57.4,21.2,15.5,27.7,314,2018-02-12T07:53,2018-02-12T18:27,38001.23,10759.98,0.50,0.50,0.00,4.0
2018-02-13,3,29.7,36.3,23.9,21.1,28.8,14.4,12.5,21.0,7,2018-02-13T07:52,2018-02-13T18:28,38146.71,34766.16,0.00,0.00,0.00,0.0
2018-02-14,51,40.3,51.7,32.9,33.6,44.4,26.6,13.6,24.4,223,2018-02-14T07:51,2018-02-14T18:29,38294.07,32411.06,0.80,0.80,0.00,3.0
2018-02-15,63,49.5,60.8,41.9,45.4,58.4,37.5,12.6,23.0,223,2018-02-15T07:49,2018-02-15T18:30,38443.25,13465.96,7.30,7.30,0.00,6.0
2018-02-16,61,49.7,56.8,36.9,44.3,51.7,25.3,17.4,29.3,293,2018-02-16T07:48,2018-02-16T18:31,38594.11,0.00,9.70,9.70,0.00,16.0
2018-02-17,75,32.8,38.3,24.8,24.1,29.9,17.7,15.7,26.8,39,2018-02-17T07:47,2018-02-17T18:33,38746.49,24295.36,9.70,0.70,6.30,6.0
2018-02-18,75,35.3,42.9,29.2,28.2,35.7,22.8,13.6,22.4,303,2018-02-18T07:45,2018-02-18T18:34,38900.25,35222.93,2.50,0.30,1.54,3.0
2018-02-19,55,39.6,48.8,27.3,33.4,43.5,19.9,10.9,20.6,167,2018-02-19T07:44,2018-02-19T18:35,39055.25,20869.04,2.30,2.30,0.00,6.0
2018-02-20,51,54.4,66.4,46.8,50.3,62.8,43.2,13.3,23.7,227,2018-02-20T07:43,2018-02-20T18:36,39211.33,18040.67,0.30,0.30,0.00,2.0
2018-02-21,63,62.4,73.9,54.9,60.1,71.9,50.2,17.7,31.1,233,2018-02-21T07:41,2018-02-21T18:37,39368.36,22033.57,11.40,11.40,0.00,3.0
2018-02-22,55,43.2,53.5,37.0,35.8,48.8,29.8,13.4,23.0,28,2018-02-22T07:40,2018-02-22T18:39,39526.21,0.00,7.40,7.40,0.00,16.0
2018-02-23,55,37.7,40.4,35.9,31.4,35.8,28.3,9.5,16.1,88,2018-02-23T07:38,2018-02-23T18:40,39684.74,0.00,7.00,7.00,0.00,12.0
2018-02-24,53,46.1,53.8,40.6,41.1,48.2,34.5,11.6,18.8,306,2018-02-24T07:37,2018-02-24T18:41,39843.82,18629.32,3.20,3.20,0.00,9.0
2018-02-25,63,42.4,44.0,41.0,37.1,40.5,33.5,15.0,24.8,57,2018-02-25T07:35,2018-02-25T18:42,40003.31,0.00,19.10,19.10,0.00,16.0
2018-02-26,3,44.8,52.8,37.9,38.6,45.5,31.1,10.3,18.6,297,2018-02-26T07:34,2018-02-26T18:43,40163.10,15667.52,0.00,0.00,0.00,0.0
2018-02-27,1,42.5,54.9,32.2,35.5,48.9,24.9,9.7,17.2,268,2018-02-27T07:32,2018-02-27T18:44,40323.05,36707.43,0.00,0.00,0.00,0.0
2018-02-28,3,46.7,59.1,36.0,39.2,51.3,29.3,12.6,23.5,224,2018-02-28T07:31,2018-02-28T18:46,40483.04,36728.89,0.00,0.00,0.00,0.0
2018-03-01,63,49.6,60.3,39.4,44.9,55.7,34.0,10.7,17.7,109,2018-03-01T07:29,2018-03-01T18:47,40642.94,15103.98,5.50,5.50,0.00,4.0
2018-03-02,75,38.4,44.5,35.8,25.9,38.4,18.4,31.7,53.9,346,2018-03-02T07:28,2018-03-02T18:48,40802.64,0.00,49.70,29.20,14.35,22.0
2018-03-03,3,40.9,46.9,37.4,28.3,34.9,23.2,23.0,40.7,349,2018-03-03T07:26,2018-03-03T18:49,40962.01,33907.06,0.00,0.00,0.00,0.0
2018-03-04,3,39.3,44.7,32.2,27.7,33.0,19.6,18.7,33.8,344,2018-03-04T07:25,2018-03-04T18:50,41120.93,34795.63,0.00,0.00,0.00,0.0
2018-03-05,3,36.0,42.3,29.2,25.2,31.5,17.7,19.1,34.2,349,2018-03-05T07:23,2018-03-05T18:51,41279.69,28092.96,0.00,0.00,0.00,0.0
2018-03-06,51,36.6,44.0,28.6,29.2,37.7,21.7,11.5,20.4,107,2018-03-06T07:22,2018-03-06T18:52,41439.47,36511.70,0.20,0.20,0.00,1.0
2018-03-07,75,34.8,37.8,33.6,24.4,29.5,20.1,25.6,45.4,27,2018-03-07T07:20,2018-03-07T18:53,41600.26,686.23,34.20,6.20,19.60,24.0
2018-03-08,3,35.0,40.5,29.5,26.0,32.0,20.7,15.1,30.0,293,2018-03-08T07:18,2018-03-08T18:54,41761.93,37144.42,0.00,0.00,0.00,0.0
2018-03-09,3,33.9,42.4,25.5,23.3,30.2,15.7,19.4,34.7,266,2018-03-09T07:17,2018-03-09T18:56,41924.38,36722.38,0.00,0.00,0.00,0.0
2018-03-10,3,34.7,41.3,27.3,24.0,29.5,17.0,18.4,33.1,275,2018-03-10T07:15,2018-03-10T18:57,42087.49,26228.84,0.00,0.00,0.00,0.0
2018-03-11,1,34.9,44.0,26.3,26.4,36.6,17.9,12.6,23.3,307,2018-03-11T07:14,2018-03-11T18:58,42251.16,38730.33,0.00,0.00,0.00,0.0
2018-03-12,51,35.6,43.8,26.8,27.2,35.1,18.7,11.9,22.1,38,2018-03-12T07:12,2018-03-12T18:59,42415.28,18645.70,1.10,1.10,0.00,6.0
2018-03-13,73,36.2,42.0,31.5,25.2,29.4,20.9,20.2,34.2,326,2018-03-13T07:10,2018-03-13T19:00,42579.73,16111.41,8.20,0.90,5.11,15.0
2018-03-14,73,33.4,41.3,26.2,22.0,29.6,15.2,18.1,36.5,263,2018-03-14T07:09,2018-03-14T19:01,42744.41,33508.23,1.40,0.00,0.98,5.0
2018-03-15,3,36.6,45.4,29.3,25.3,33.3,17.9,18.1,32.2,274,2018-03-15T07:07,2018-03-15T19:02,42909.21,33290.48,0.00,0.00,0.00,0.0
2018-03-16,3,33.2,38.4,28.2,21.4,24.3,18.6,23.5,41.8,298,2018-03-16T07:05,2018-03-16T19:03,43074.02,38537.74,0.00,0.00,0.00,0.0
2018-03-17,3,35.7,49.3,24.7,25.3,38.7,14.7,17.6,31.3,285,2018-03-17T07:04,2018-03-17T19:04,43238.74,40068.38,0.00,0.00,0.00,0.0
2018-03-18,0,33.3,42.1,23.1,24.1,32.0,14.3,14.6,28.2,329,2018-03-18T07:02,2018-03-18T19:05,43403.25,40234.24,0.00,0.00,0.00,0.0
2018-03-19,3,35.8,45.3,27.6,27.9,37.5,19.5,10.0,19.7,351,2018-03-19T07:00,2018-03-19T19:06,43567.46,40399.53,0.00,0.00,0.00,0.0
2018-03-20,71,32.3,36.5,25.7,22.8,26.8,16.1,12.2,21.3,41,2018-03-20T06:59,2018-03-20T19:08,43731.25,6397.44,0.50,0.00,0.35,5.0
2018-03-21,75,34.3,37.0,32.7,23.3,25.8,21.2,17.2,29.5,21,2018-03-21T06:57,2018-03-21T19:09,43894.52,0.00,24.10,0.00,16.87,21.0
2018-03-22,73,36.7,43.2,32.2,27.6,36.2,20.7,16.6,28.0,328,2018-03-22T06:55,2018-03-22T19:10,44057.15,35040.90,3.10,0.00,2.17,7.0
2018-03-23,3,36.3,44.5,27.5,28.8,40.2,19.3,12.2,20.6,324,2018-03-23T06:54,2018-03-23T19:11,44219.05,29768.39,0.00,0.00,0.00,0.0
2018-03-24,3,38.9,48.5,28.7,29.4,40.4,19.1,13.3,24.4,328,2018-03-24T06:52,2018-03-24T19:12,44380.09,36725.04,0.00,0.00,0.00,0.0
2018-03-25,71,37.1,45.6,29.4,28.2,37.8,19.5,15.4,29.5,39,2018-03-25T06:50,2018-03-25T19:13,44540.54,41373.86,0.40,0.20,0.14,4.0
2018-03-26,0,36.3,46.9,28.5,28.9,41.6,20.8,12.0,23.5,72,2018-03-26T06:49,2018-03-26T19:14,44701.49,41533.98,0.00,0.00,0.00,0.0
2018-03-27,51,35.8,42.2,26.5,29.1,36.0,19.5,6.8,15.0,130,2018-03-27T06:47,2018-03-27T19:15,44862.93,21999.04,0.20,0.20,0.00,1.0
2018-03-28,53,42.3,48.6,37.0,37.5,44.1,31.5,7.7,14.5,226,2018-03-28T06:45,2018-03-28T19:16,45024.78,675.62,3.70,3.70,0.00,10.0
2018-03-29,53,48.0,53.8,44.8,44.7,49.5,41.7,9.0,17.9,143,2018-03-29T06:44,2018-03-29T19:17,45186.92,16817.36,1.50,1.50,0.00,5.0
2018-03-30,53,53.0,62.2,42.9,47.9,59.8,33.3,15.6,27.5,281,2018-03-30T06:42,2018-03-30T19:18,45349.26,4921.30,3.90,3.90,0.00,9.0
2018-03-31,3,43.4,53.1,33.9,34.5,48.9,26.3,17.3,30.2,227,2018-03-31T06:41,2018-03-31T19:19,45511.70,42336.43,0.00,0.00,0.00,0.0
2018-04-01,3,48.0,57.8,39.4,40.0,50.3,31.6,16.2,30.0,258,2018-04-01T06:39,2018-04-01T19:20,45674.14,22502.93,0.00,0.00,0.00,0.0
2018-04-02,75,35.4,42.7,30.3,28.4,37.6,23.0,11.2,19.9,38,2018-04-02T06:37,2018-04-02T19:21,45836.49,19391.42,12.90,0.00,9.10,9.0
2018-04-03,61,37.0,42.4,27.9,31.3,38.4,20.4,10.1,30.4,104,2018-04-03T06:36,2018-04-03T19:22,45998.63,0.00,8.50,8.50,0.00,10.0
2018-04-04,55,48.7,68.6,39.4,41.2,63.0,26.6,24.8,47.4,258,2018-04-04T06:34,2018-04-04T19:23,46160.46,25051.39,1.40,1.40,0.00,2.0
2018-04-05,3,38.1,46.4,31.1,26.2,33.4,19.6,21.0,36.9,288,2018-04-05T06:32,2018-04-05T19:24,46321.89,41728.60,0.00,0.00,0.00,0.0
2018-04-06,73,42.9,57.9,30.4,35.3,47.4,23.3,19.0,32.2,199,2018-04-06T06:31,2018-04-06T19:25,46482.80,14854.67,2.10,1.30,0.56,6.0
2018-04-07,51,42.8,48.0,37.9,34.2,41.6,28.2,14.3,24.4,331,2018-04-07T06:29,2018-04-07T19:26,46643.09,29435.21,0.10,0.10,0.00,1.0
2018-04-08,3,37.0,44.3,29.8,26.9,35.3,20.1,16.5,29.3,336,2018-04-08T06:27,2018-04-08T19:28,46802.66,37559.10,0.00,0.00,0.00,0.0
2018-04-09,3,36.4,45.6,28.4,28.5,39.2,20.7,14.7,26.4,231,2018-04-09T06:26,2018-04-09T19:29,46961.37,37287.79,0.00,0.00,0.00,0.0
2018-04-10,51,41.2,48.6,35.5,34.0,39.1,28.1,11.4,20.8,297,2018-04-10T06:24,2018-04-10T19:30,47119.14,23072.72,1.40,1.40,0.00,7.0
2018-04-11,51,40.0,47.9,29.2,33.5,41.4,22.5,11.1,21.0,185,2018-04-11T06:23,2018-04-11T19:31,47275.83,38164.36,0.10,0.10,0.00,1.0
2018-04-12,51,48.9,56.7,39.2,42.4,52.6,31.5,16.7,35.6,187,2018-04-12T06:21,2018-04-12T19:32,47431.34,27660.77,0.30,0.30,0.00,2.0
2018-04-13,51,66.0,79.2,55.5,60.5,75.1,49.0,16.8,28.2,223,2018-04-13T06:20,2018-04-13T19:33,47585.55,38648.17,0.30,0.30,0.00,2.0
2018-04-14,3,63.3,76.3,47.3,60.2,78.7,38.6,16.1,30.0,127,2018-04-14T06:18,2018-04-14T19:34,47738.68,43366.88,0.00,0.00,0.00,0.0
2018-04-15,61,41.5,45.0,37.3,31.1,36.6,26.1,19.7,34.9,64,2018-04-15T06:17,2018-04-15T19:35,47891.80,0.00,5.90,5.90,0.00,10.0
2018-04-16,65,48.8,61.2,38.4,39.5,53.5,29.6,31.2,59.7,113,2018-04-16T06:15,2018-04-16T19:36,48044.89,25200.00,45.70,45.70,0.00,14.0
2018-04-17,51,42.6,48.3,37.6,33.3,37.6,29.9,17.7,30.4,268,2018-04-17T06:14,2018-04-17T19:37,48197.84,13252.23,0.20,0.20,0.00,2.0
2018-04-18,3,43.6,54.7,33.7,35.1,46.6,24.3,14.8,27.7,263,2018-04-18T06:12,2018-04-18T19:38,48350.55,43837.90,0.00,0.00,0.00,0.0
2018-04-19,61,43.7,46.2,38.2,37.0,41.5,28.2,16.3,27.3,325,2018-04-19T06:11,2018-04-19T19:39,48502.92,6061.71,6.90,6.90,0.00,11.0
2018-04-20,3,41.8,52.5,33.4,31.7,43.0,23.3,17.0,32.4,312,2018-04-20T06:09,2018-04-20T19:40,48654.83,44245.29,0.00,0.00,0.00,0.0
2018-04-21,3,47.1,59.9,35.0,39.8,52.5,27.1,12.3,23.7,312,2018-04-21T06:08,2018-04-21T19:41,48806.16,44424.99,0.00,0.00,0.00,0.0
2018-04-22,3,49.6,63.3,36.0,43.4,59.7,29.7,13.0,22.1,295,2018-04-22T06:06,2018-04-22T19:42,48956.81,45071.37,0.00,0.00,0.00,0.0
2018-04-23,3,48.9,62.3,38.7,44.1,60.7,32.7,12.1,22.8,119,2018-04-23T06:05,2018-04-23T19:43,49106.66,45246.03,0.00,0.00,0.00,0.0
2018-04-24,55,51.6,59.7,42.2,46.6,54.9,36.5,14.7,27.3,140,2018-04-24T06:03,2018-04-24T19:44,49255.59,38307.07,2.20,2.20,0.00,3.0
2018-04-25,63,54.3,58.7,50.0,51.3,56.9,45.3,13.3,25.5,104,2018-04-25T06:02,2018-04-25T19:45,49403.47,0.00,20.20,20.20,0.00,20.0
2018-04-26,53,58.7,69.3,50.5,54.5,63.0,46.6,15.1,28.2,287,2018-04-26T06:00,2018-04-26T19:46,49550.18,45222.37,1.20,1.20,0.00,4.0
2018-04-27,53,51.8,55.6,47.1,48.7,53.2,43.3,11.7,19.7,51,2018-04-27T05:59,2018-04-27T19:47,49695.61,105.23,4.00,4.00,0.00,10.0
2018-04-28,61,52.3,64.5,44.6,49.4,63.2,41.2,14.1,25.7,170,2018-04-28T05:58,2018-04-28T19:49,49839.61,36673.81,3.00,3.00,0.00,3.0
2018-04-29,53,51.3,59.2,46.3,44.6,51.7,38.9,18.0,32.2,311,2018-04-29T05:56,2018-04-29T19:50,49982.05,40568.03,1.70,1.70,0.00,6.0
2018-04-30,51,46.9,50.8,42.7,38.8,43.5,33.9,19.8,35.6,298,2018-04-30T05:55,2018-04-30T19:51,50122.80,14313.40,1.00,1.00,0.00,6.0
2018-05-01,3,59.0,75.4,42.3,54.1,70.8,36.3,11.6,21.5,275,2018-05-01T05:54,2018-05-01T19:52,50261.73,46472.04,0.00,0.00,0.00,0.0
2018-05-02,3,69.7,83.1,54.5,65.0,79.8,48.4,14.7,25.1,241,2018-05-02T05:53,2018-05-02T19:53,50398.68,46334.73,0.00,0.00,0.00,0.0
2018-05-03,3,73.5,87.8,60.3,72.3,87.6,56.9,16.2,30.4,236,2018-05-03T05:51,2018-05-03T19:54,50533.52,45070.35,0.00,0.00,0.00,0.0
2018-05-04,3,73.1,83.1,60.8,74.8,85.5,63.2,18.7,31.3,210,2018-05-04T05:50,2018-05-04T19:55,50666.45,40283.38,0.00,0.00,0.00,0.0
2018-05-05,3,65.6,74.1,57.6,60.6,69.6,51.3,16.2,27.3,281,2018-05-05T05:49,2018-05-05T19:56,50798.46,33427.65,0.00,0.00,0.00,0.0
2018-05-06,53,60.0,64.1,54.9,57.3,59.4,54.2,14.4,25.7,51,2018-05-06T05:48,2018-05-06T19:57,50929.51,0.00,0.80,0.80,0.00,3.0
2018-05-07,51,60.6,71.5,52.2,59.2,71.0,50.6,8.9,16.3,46,2018-05-07T05:47,2018-05-07T19:58,51059.50,44063.37,0.10,0.10,0.00,1.0
2018-05-08,1,57.9,69.2,49.5,56.8,71.9,48.1,9.4,19.7,136,2018-05-08T05:46,2018-05-08T19:59,51188.31,47679.03,0.00,0.00,0.00,0.0
2018-05-09,3,58.7,70.4,48.8,57.7,73.3,46.7,11.7,22.4,144,2018-05-09T05:44,2018-05-09T20:00,51315.82,47109.49,0.00,0.00,0.00,0.0
2018-05-10,55,57.7,66.7,50.5,56.1,67.6,48.8,14.2,26.4,157,2018-05-10T05:43,2018-05-10T20:01,51441.91,35665.03,2.00,2.00,0.00,4.0
2018-05-11,3,63.7,70.3,58.4,60.3,66.4,54.2,11.4,22.6,322,2018-05-11T05:42,2018-05-11T20:02,51566.46,46706.19,0.00,0.00,0.00,0.0
2018-05-12,63,56.7,62.2,51.5,53.2,60.5,45.8,12.0,37.1,59,2018-05-12T05:41,2018-05-12T20:03,51689.34,8762.25,8.20,8.20,0.00,11.0
2018-05-13,61,53.3,55.2,51.7,50.3,52.0,47.5,11.2,19.7,67,2018-05-13T05:40,2018-05-13T20:04,51810.42,0.00,6.30,6.30,0.00,11.0
2018-05-14,63,57.8,66.2,51.8,57.3,66.4,50.5,10.0,18.1,172,2018-05-14T05:39,2018-05-14T20:05,51929.57,16121.68,5.10,5.10,0.00,6.0
2018-05-15,61,71.2,86.7,58.8,73.3,90.5,58.3,16.7,32.4,229,2018-05-15T05:38,2018-05-15T20:06,52046.65,39081.95,2.90,2.90,0.00,4.0
2018-05-16,55,60.8,64.8,57.5,60.2,65.2,56.9,10.8,19.2,58,2018-05-16T05:37,2018-05-16T20:07,52161.54,0.00,11.30,11.30,0.00,15.0
2018-05-17,63,61.1,69.0,55.6,62.2,72.4,53.8,8.7,16.8,17,2018-05-17T05:36,2018-05-17T20:08,52274.08,492.84,16.10,16.10,0.00,12.0
2018-05-18,3,60.4,62.7,54.9,55.8,63.4,48.1,17.4,30.0,61,2018-05-18T05:36,2018-05-18T20:09,52384.15,481.42,0.00,0.00,0.00,0.0
2018-05-19,61,54.6,58.7,51.6,51.8,59.8,46.8,12.8,21.9,77,2018-05-19T05:35,2018-05-19T20:10,52491.60,0.00,16.70,16.70,0.00,20.0
2018-05-20,61,70.3,81.0,59.4,71.4,82.6,60.6,16.9,28.4,246,2018-05-20T05:34,2018-05-20T20:11,52596.28,37192.46,2.60,2.60,0.00,7.0
2018-05-21,3,64.5,74.7,54.9,64.5,79.0,53.6,9.7,17.2,282,2018-05-21T05:33,2018-05-21T20:11,52698.05,49191.04,0.00,0.00,0.00,0.0
2018-05-22,63,59.8,67.5,55.6,59.1,66.5,54.6,10.3,19.0,165,2018-05-22T05:32,2018-05-22T20:12,52796.76,12369.63,4.60,4.60,0.00,4.0
2018-05-23,63,67.4,78.9,54.8,67.8,79.0,54.9,10.9,22.4,309,2018-05-23T05:32,2018-05-23T20:13,52892.27,45872.45,4.70,4.70,0.00,5.0
2018-05-24,0,69.6,79.1,61.2,68.0,82.2,57.7,11.2,18.6,295,2018-05-24T05:31,2018-05-24T20:14,52984.68,49454.53,0.00,0.00,0.00,0.0
2018-05-25,3,73.0,84.6,61.2,71.6,83.6,58.0,13.7,23.9,238,2018-05-25T05:30,2018-05-25T20:15,53074.75,49537.32,0.00,0.00,0.00,0.0
2018-05-26,63,75.2,86.1,67.5,78.6,92.5,69.4,12.4,21.3,234,2018-05-26T05:30,2018-05-26T20:16,53162.46,49612.59,3.90,3.90,0.00,3.0
2018-05-27,63,62.2,71.2,56.5,60.8,74.7,52.6,18.1,31.5,57,2018-05-27T05:29,2018-05-27T20:17,53247.72,0.00,16.90,16.90,0.00,13.0
2018-05-28,3,60.2,69.0,56.0,59.1,69.3,52.7,10.8,19.5,129,2018-05-28T05:29,2018-05-28T20:17,53330.44,17277.11,0.00,0.00,0.00,0.0
2018-05-29,3,72.6,85.3,62.3,77.1,95.1,62.0,8.5,16.1,218,2018-05-29T05:28,2018-05-29T20:18,53410.53,44495.04,0.00,0.00,0.00,0.0
2018-05-30,3,65.8,73.3,58.5,67.2,75.9,57.8,12.2,23.7,116,2018-05-30T05:27,2018-05-30T20:19,53487.89,32698.51,0.00,0.00,0.00,0.0
2018-05-31,61,64.7,67.2,61.2,65.8,68.9,61.7,10.0,19.0,121,2018-05-31T05:27,2018-05-31T20:20,53562.43,0.00,3.50,3.50,0.00,9.0
2018-06-01,61,69.2,78.7,63.8,73.9,86.0,65.5,7.5,16.6,130,2018-06-01T05:27,2018-06-01T20:21,53634.08,25180.34,7.60,7.60,0.00,13.0
2018-06-02,53,74.4,83.1,66.1,79.6,90.8,69.9,11.4,21.5,14,2018-06-02T05:26,2018-06-02T20:21,53702.72,28460.98,2.40,2.40,0.00,6.0
2018-06-03,63,61.2,67.8,53.8,57.7,69.9,49.8,15.2,27.7,96,2018-06-03T05:26,2018-06-03T20:22,53768.27,27779.52,10.10,10.10,0.00,7.0
2018-06-04,61,59.8,69.9,53.1,58.2,71.3,49.1,11.5,23.0,42,2018-06-04T05:25,2018-06-04T20:23,53830.63,26616.63,6.90,6.90,0.00,9.0
2018-06-05,51,64.8,72.9,54.3,62.6,70.1,52.5,16.4,37.6,281,2018-06-05T05:25,2018-06-05T20:23,53889.71,46800.00,0.40,0.40,0.00,2.0
2018-06-06,51,62.2,68.5,56.7,61.3,69.6,55.4,10.1,17.4,138,2018-06-06T05:25,2018-06-06T20:24,53945.43,36963.35,0.60,0.60,0.00,6.0
2018-06-07,51,62.0,66.5,57.3,60.9,64.7,57.4,11.8,22.1,166,2018-06-07T05:25,2018-06-07T20:25,53997.69,43599.50,0.20,0.20,0.00,2.0
2018-06-08,51,68.9,79.3,56.4,70.4,83.0,55.6,9.3,18.3,238,2018-06-08T05:24,2018-06-08T20:25,54046.40,50136.29,0.50,0.50,0.00,4.0
2018-06-09,51,70.7,79.2,63.4,72.3,83.3,64.7,8.8,15.9,5,2018-06-09T05:24,2018-06-09T20:26,54091.46,46800.00,0.50,0.50,0.00,4.0
2018-06-10,53,64.0,68.0,59.4,64.0,69.7,60.3,8.9,15.2,78,2018-06-10T05:24,2018-06-10T20:26,54132.80,0.00,3.70,3.70,0.00,14.0
2018-06-11,53,62.0,69.1,57.0,61.3,71.5,56.0,11.8,21.9,116,2018-06-11T05:24,2018-06-11T20:27,54170.32,37375.60,1.70,1.70,0.00,5.0
2018-06-12,3,62.3,69.8,52.9,60.5,70.7,51.4,16.7,29.5,183,2018-06-12T05:24,2018-06-12T20:27,54203.94,50250.28,0.00,0.00,0.00,0.0
2018-06-13,53,68.1,74.9,60.2,68.9,78.5,58.0,12.8,23.9,215,2018-06-13T05:24,2018-06-13T20:28,54233.66,6955.58,2.00,2.00,0.00,7.0
2018-06-14,51,73.3,80.9,65.3,71.5,77.6,63.4,16.4,30.4,283,2018-06-14T05:24,2018-06-14T20:28,54259.73,50297.56,0.10,0.10,0.00,1.0
2018-06-15,3,67.4,77.3,60.0,65.4,73.5,57.8,13.7,25.1,355,2018-06-15T05:24,2018-06-15T20:29,54282.15,50319.45,0.00,0.00,0.00,0.0
2018-06-16,3,70.5,82.5,57.8,71.3,84.7,57.7,7.6,13.0,276,2018-06-16T05:24,2018-06-16T20:29,54300.94,48338.41,0.00,0.00,0.00,0.0
2018-06-17,3,73.8,85.6,61.4,75.7,89.5,63.1,11.6,20.6,193,2018-06-17T05:24,2018-06-17T20:29,54316.09,50359.38,0.00,0.00,0.00,0.0
2018-06-18,53,79.3,89.7,67.7,83.0,95.1,69.4,13.2,21.9,221,2018-06-18T05:24,2018-06-18T20:30,54327.60,45833.04,0.50,0.50,0.00,1.0
2018-06-19,61,79.6,87.4,69.4,82.8,92.1,71.8,13.5,23.0,314,2018-06-19T05:24,2018-06-19T20:30,54335.49,46601.49,4.00,4.00,0.00,5.0
2018-06-20,51,72.2,78.3,65.5,73.6,79.0,66.2,12.1,21.3,107,2018-06-20T05:24,2018-06-20T20:30,54339.75,46800.00,0.40,0.40,0.00,1.0
2018-06-21,63,73.7,83.2,68.0,77.5,86.4,71.1,10.6,19.5,18,2018-06-21T05:25,2018-06-21T20:30,54340.41,34382.39,9.00,9.00,0.00,8.0
2018-06-22,3,68.7,73.7,65.0,69.6,76.7,65.1,12.6,24.6,103,2018-06-22T05:25,2018-06-22T20:31,54337.45,26175.47,0.00,0.00,0.00,0.0
2018-06-23,61,65.9,71.5,60.5,66.8,75.7,59.0,11.4,21.7,69,2018-06-23T05:25,2018-06-23T20:31,54330.90,6307.75,11.00,11.00,0.00,18.0
2018-06-24,55,72.8,81.2,63.2,76.6,86.3,66.4,14.9,29.1,216,2018-06-24T05:25,2018-06-24T20:31,54320.77,38391.71,4.30,4.30,0.00,13.0
2018-06-25,3,72.2,79.6,63.9,72.3,78.0,64.9,15.5,27.5,328,2018-06-25T05:26,2018-06-25T20:31,54307.08,50400.00,0.00,0.00,0.00,0.0
2018-06-26,3,67.6,73.2,60.6,67.1,75.9,57.5,13.7,25.1,137,2018-06-26T05:26,2018-06-26T20:31,54289.84,50400.00,0.00,0.00,0.00,0.0
2018-06-27,61,68.4,73.3,62.4,68.8,74.2,64.0,16.0,27.5,176,2018-06-27T05:27,2018-06-27T20:31,54269.07,6139.98,6.50,6.50,0.00,6.0
2018-06-28,63,74.3,83.3,68.8,79.1,90.1,70.9,13.6,23.9,206,2018-06-28T05:27,2018-06-28T20:31,54244.78,39600.00,17.60,17.60,0.00,20.0
2018-06-29,3,78.0,89.2,67.8,81.8,92.8,70.3,9.8,18.6,309,2018-06-29T05:27,2018-06-29T20:31,54217.02,50400.00,0.00,0.00,0.00,0.0
2018-06-30,3,78.0,89.2,66.5,81.7,93.9,67.8,11.3,19.9,213,2018-06-30T05:28,2018-06-30T20:31,54185.78,50400.00,0.00,0.00,0.00,0.0
2018-07-01,3,81.8,91.9,72.0,89.1,101.3,77.0,8.4,15.0,229,2018-07-01T05:28,2018-07-01T20:31,54151.11,50400.00,0.00,0.00,0.00,0.0
2018-07-02,2,80.2,91.1,71.5,87.6,100.5,77.2,13.2,23.9,172,2018-07-02T05:29,2018-07-02T20:31,54113.02,50400.00,0.00,0.00,0.00,0.0
2018-07-03,51,80.3,88.7,73.9,90.0,101.5,81.8,8.1,16.8,142,2018-07-03T05:29,2018-07-03T20:31,54071.39,36442.62,0.60,0.60,0.00,4.0
2018-07-04,63,78.5,84.6,75.1,87.1,94.6,82.7,6.9,14.1,165,2018-07-04T05:30,2018-07-04T20:30,54025.88,14077.83,10.40,10.40,0.00,10.0
2018-07-05,51,79.2,85.1,74.4,86.9,93.0,82.9,13.7,25.1,187,2018-07-05T05:30,2018-07-05T20:30,53976.54,43200.00,0.10,0.10,0.00,1.0
2018-07-06,61,76.8,79.2,70.8,80.4,86.1,67.6,13.2,23.7,261,2018-07-06T05:31,2018-07-06T20:30,53923.48,461.93,6.10,6.10,0.00,10.0
2018-07-07,3,68.5,75.7,62.2,66.3,77.3,58.6,13.4,23.5,50,2018-07-07T05:32,2018-07-07T20:29,53866.81,50253.16,0.00,0.00,0.00,0.0
2018-07-08,1,69.8,79.2,59.4,71.0,84.7,59.6,11.1,21.0,173,2018-07-08T05:32,2018-07-08T20:29,53806.63,50198.16,0.00,0.00,0.00,0.0
2018-07-09,0,73.0,84.2,62.6,75.0,87.6,64.0,14.9,26.2,196,2018-07-09T05:33,2018-07-09T20:29,53743.06,50140.04,0.00,0.00,0.00,0.0
2018-07-10,53,78.2,89.0,66.6,81.2,93.6,67.6,15.8,27.7,213,2018-07-10T05:34,2018-07-10T20:28,53676.21,50078.86,0.90,0.90,0.00,2.0
2018-07-11,53,76.3,84.1,69.2,79.2,85.4,72.1,11.6,21.5,22,2018-07-11T05:34,2018-07-11T20:28,53606.18,49847.18,1.40,1.40,0.00,6.0
2018-07-12,3,73.8,82.0,68.0,75.9,85.3,69.9,11.2,21.3,150,2018-07-12T05:35,2018-07-12T20:27,53533.09,49947.75,0.00,0.00,0.00,0.0
2018-07-13,3,73.4,80.1,65.1,75.1,83.4,67.8,13.9,24.4,179,2018-07-13T05:36,2018-07-13T20:27,53457.03,49878.00,0.00,0.00,0.00,0.0
2018-07-14,3,78.0,88.9,67.2,78.3,91.8,67.9,17.7,30.9,210,2018-07-14T05:37,2018-07-14T20:26,53378.13,49805.58,0.00,0.00,0.00,0.0
2018-07-15,63,76.4,83.9,69.2,80.9,89.8,73.0,9.6,17.9,232,2018-07-15T05:38,2018-07-15T20:26,53296.49,22651.70,10.70,10.70,0.00,13.0
2018-07-16,51,80.3,88.3,72.3,87.2,96.7,78.6,15.0,26.6,201,2018-07-16T05:38,2018-07-16T20:25,53212.21,49653.08,0.40,0.40,0.00,2.0
2018-07-17,65,78.0,86.8,73.5,84.9,93.4,80.1,12.7,29.5,214,2018-07-17T05:39,2018-07-17T20:25,53125.41,25876.31,37.90,37.90,0.00,16.0
2018-07-18,3,75.8,85.1,66.6,76.3,84.6,66.1,12.8,23.5,348,2018-07-18T05:40,2018-07-18T20:24,53036.19,49491.00,0.00,0.00,0.00,0.0
2018-07-19,0,72.1,79.9,64.1,72.5,83.7,63.1,9.6,18.3,78,2018-07-19T05:41,2018-07-19T20:23,52944.64,49406.59,0.00,0.00,0.00,0.0
2018-07-20,2,71.7,79.1,64.3,73.6,82.8,66.9,13.4,24.6,162,2018-07-20T05:42,2018-07-20T20:22,52850.89,49320.06,0.00,0.00,0.00,0.0
2018-07-21,63,70.3,76.2,65.4,69.7,74.7,65.5,18.1,30.6,97,2018-07-21T05:43,2018-07-21T20:22,52755.03,38871.05,11.60,11.60,0.00,6.0
2018-07-22,63,74.9,80.5,69.3,76.6,83.8,67.6,21.4,43.6,141,2018-07-22T05:43,2018-07-22T20:21,52657.16,39319.18,23.00,23.00,0.00,18.0
2018-07-23,61,75.2,78.8,72.5,79.1,82.1,75.3,17.0,31.1,147,2018-07-23T05:44,2018-07-23T20:20,52557.10,18962.22,15.10,15.10,0.00,23.0
2018-07-24,61,76.3,80.4,72.9,79.8,83.8,76.1,20.5,36.0,154,2018-07-24T05:45,2018-07-24T20:19,52454.02,37417.91,8.20,8.20,0.00,17.0
2018-07-25,63,74.0,75.8,71.8,78.1,80.9,75.7,15.2,27.7,164,2018-07-25T05:46,2018-07-25T20:18,52348.01,84.76,25.60,25.60,0.00,22.0
2018-07-26,53,76.7,84.6,71.1,82.7,89.9,76.2,8.1,18.6,229,2018-07-26T05:47,2018-07-26T20:17,52239.21,29952.62,1.80,1.80,0.00,8.0
2018-07-27,55,77.5,84.6,69.8,84.5,91.8,75.7,12.4,23.0,201,2018-07-27T05:48,2018-07-27T20:17,52127.78,42179.33,4.00,4.00,0.00,7.0
2018-07-28,61,76.3,83.0,70.4,83.2,91.1,76.8,11.6,21.7,221,2018-07-28T05:49,2018-07-28T20:16,52013.86,47931.76,2.50,2.50,0.00,5.0
2018-07-29,3,75.1,82.3,67.8,78.0,85.3,69.5,9.1,17.0,315,2018-07-29T05:50,2018-07-29T20:15,51897.59,48436.31,0.00,0.00,0.00,0.0
2018-07-30,51,73.3,79.2,66.6,77.3,82.4,69.8,8.2,15.2,132,2018-07-30T05:51,2018-07-30T20:14,51779.12,13693.36,0.90,0.90,0.00,4.0
2018-07-31,3,73.2,78.4,67.0,77.0,82.8,71.2,10.2,19.9,131,2018-07-31T05:52,2018-07-31T20:12,51658.59,47092.29,0.00,0.00,0.00,0.0
2018-08-01,61,77.7,84.6,72.9,83.8,90.5,78.3,14.7,31.5,186,2018-08-01T05:53,2018-08-01T20:11,51536.12,33138.46,7.00,7.00,0.00,16.0
2018-08-02,61,78.6,83.7,74.6,85.2,91.2,81.6,12.4,31.3,223,2018-08-02T05:53,2018-08-02T20:10,51411.86,42296.38,5.90,5.90,0.00,15.0
2018-08-03,61,77.7,83.8,73.4,84.5,91.1,81.0,15.2,31.5,203,2018-08-03T05:54,2018-08-03T20:09,51285.94,39868.09,5.10,5.10,0.00,16.0
2018-08-04,65,77.4,86.3,72.0,83.6,90.7,78.0,9.8,18.1,263,2018-08-04T05:55,2018-08-04T20:08,51158.48,31688.86,29.60,29.60,0.00,14.0
2018-08-05,1,80.0,90.0,70.6,87.6,97.3,76.9,11.0,19.5,242,2018-08-05T05:56,2018-08-05T20:07,51029.62,47619.39,0.00,0.00,0.00,0.0
2018-08-06,2,82.1,91.0,72.9,89.7,99.0,79.5,9.0,16.1,227,2018-08-06T05:57,2018-08-06T20:06,50899.47,47402.48,0.00,0.00,0.00,0.0
2018-08-07,53,80.2,87.0,75.0,87.8,96.1,80.2,15.1,27.7,214,2018-08-07T05:58,2018-08-07T20:04,50768.17,37660.39,1.70,1.70,0.00,5.0
2018-08-08,61,79.4,86.9,72.8,88.4,99.1,80.3,9.3,19.2,224,2018-08-08T05:59,2018-08-08T20:03,50635.82,34942.24,7.10,7.10,0.00,10.0
2018-08-09,53,79.9,85.9,74.2,86.2,90.5,80.0,9.8,19.5,295,2018-08-09T06:00,2018-08-09T20:02,50502.54,42417.89,1.70,1.70,0.00,9.0
2018-08-10,51,77.9,86.5,68.5,83.2,91.4,72.7,9.8,18.6,238,2018-08-10T06:01,2018-08-10T20:01,50368.45,44805.56,0.20,0.20,0.00,2.0
2018-08-11,63,75.5,77.7,72.5,83.0,85.5,79.6,8.5,20.6,114,2018-08-11T06:02,2018-08-11T19:59,50233.66,9358.75,12.50,12.50,0.00,19.0
2018-08-12,61,74.7,79.9,71.2,80.6,84.9,75.1,10.3,19.7,41,2018-08-12T06:03,2018-08-12T19:58,50097.95,39949.08,9.90,9.90,0.00,18.0
2018-08-13,61,72.8,76.5,70.4,78.5,84.0,75.4,10.8,19.5,45,2018-08-13T06:04,2018-08-13T19:57,49960.33,9561.82,18.00,18.00,0.00,21.0
2018-08-14,55,73.4,80.1,67.3,78.3,85.4,72.3,14.7,25.9,242,2018-08-14T06:05,2018-08-14T19:55,49820.86,40368.85,3.40,3.40,0.00,10.0
2018-08-15,51,77.9,87.3,69.3,81.8,90.6,71.8,11.3,20.8,279,2018-08-15T06:06,2018-08-15T19:54,49679.68,44488.05,0.10,0.10,0.00,1.0
2018-08-16,3,80.5,89.7,71.7,86.5,95.3,77.6,9.4,16.8,270,2018-08-16T06:07,2018-08-16T19:53,49536.90,44585.38,0.00,0.00,0.00,0.0
2018-08-17,63,79.0,83.7,73.5,86.2,92.2,79.7,12.0,29.1,210,2018-08-17T06:08,2018-08-17T19:51,49392.65,33250.84,5.90,5.90,0.00,9.0
2018-08-18,63,77.3,84.5,71.1,83.4,90.5,73.3,13.0,26.4,264,2018-08-18T06:09,2018-08-18T19:50,49247.09,23854.50,13.20,13.20,0.00,13.0
2018-08-19,63,70.0,71.4,69.0,72.5,76.5,70.8,12.8,23.3,31,2018-08-19T06:10,2018-08-19T19:48,49100.30,6107.29,20.30,20.30,0.00,18.0
2018-08-20,51,69.7,74.6,64.8,72.0,77.1,66.4,11.3,20.4,49,2018-08-20T06:11,2018-08-20T19:47,48952.42,21610.41,1.20,1.20,0.00,8.0
2018-08-21,61,70.9,74.6,66.5,73.2,75.5,68.7,13.5,23.9,118,2018-08-21T06:12,2018-08-21T19:45,48803.57,23326.82,3.20,3.20,0.00,4.0
2018-08-22,61,75.9,82.8,71.2,79.0,85.2,72.0,11.9,25.1,252,2018-08-22T06:13,2018-08-22T19:44,48653.86,43187.48,11.30,11.30,0.00,9.0
2018-08-23,55,70.6,76.1,65.7,70.1,75.3,64.4,11.5,21.5,323,2018-08-23T06:14,2018-08-23T19:42,48503.40,43703.90,1.00,1.00,0.00,1.0
2018-08-24,0,70.7,81.1,60.4,72.6,83.5,60.9,11.2,20.6,202,2018-08-24T06:15,2018-08-24T19:41,48352.30,43708.43,0.00,0.00,0.00,0.0
2018-08-25,3,70.7,77.0,63.7,72.8,79.7,65.6,9.5,17.9,171,2018-08-25T06:16,2018-08-25T19:39,48200.69,40650.99,0.00,0.00,0.00,0.0
2018-08-26,51,73.5,83.5,63.0,76.9,87.5,65.3,11.0,20.8,215,2018-08-26T06:17,2018-08-26T19:38,48048.65,43288.70,0.20,0.20,0.00,1.0
2018-08-27,3,78.1,86.5,69.7,84.9,95.2,75.1,10.3,19.0,216,2018-08-27T06:18,2018-08-27T19:36,47896.29,43200.00,0.00,0.00,0.00,0.0
2018-08-28,3,83.5,93.8,74.5,90.9,101.2,82.6,10.4,20.4,239,2018-08-28T06:19,2018-08-28T19:35,47743.73,43200.00,0.00,0.00,0.00,0.0
2018-08-29,1,84.2,93.0,76.2,91.1,99.1,84.0,13.0,25.7,239,2018-08-29T06:20,2018-08-29T19:33,47591.06,43226.04,0.00,0.00,0.00,0.0
2018-08-30,51,81.9,88.0,76.5,87.7,92.2,81.9,10.1,19.2,326,2018-08-30T06:21,2018-08-30T19:31,47438.37,43200.00,0.20,0.20,0.00,2.0
2018-08-31,53,73.2,76.3,69.0,75.3,79.2,71.9,15.3,26.4,92,2018-08-31T06:22,2018-08-31T19:30,47285.77,6991.84,2.20,2.20,0.00,7.0
2018-09-01,53,71.1,76.7,67.4,73.2,79.6,70.5,12.3,23.7,112,2018-09-01T06:23,2018-09-01T19:28,47133.01,39873.88,2.20,2.20,0.00,3.0
2018-09-02,3,72.8,78.8,65.6,77.4,85.9,69.4,12.0,21.9,154,2018-09-02T06:24,2018-09-02T19:27,46979.09,43200.00,0.00,0.00,0.00,0.0
2018-09-03,51,79.2,86.7,73.3,87.7,95.8,80.4,10.3,19.9,211,2018-09-03T06:25,2018-09-03T19:25,46824.04,34207.85,0.20,0.20,0.00,2.0
2018-09-04,3,81.9,89.1,75.3,90.5,98.0,82.5,6.4,13.0,324,2018-09-04T06:26,2018-09-04T19:24,46667.96,43016.92,0.00,0.00,0.00,0.0
2018-09-05,2,79.6,85.0,75.5,87.7,94.0,83.7,11.8,21.5,159,2018-09-05T06:27,2018-09-05T19:22,46510.97,42919.92,0.00,0.00,0.00,0.0
2018-09-06,55,80.7,90.6,74.7,88.7,99.9,82.1,12.0,26.2,216,2018-09-06T06:28,2018-09-06T19:20,46353.17,34827.41,2.60,2.60,0.00,4.0
2018-09-07,61,73.9,76.8,69.4,79.1,85.1,74.4,10.1,17.9,41,2018-09-07T06:29,2018-09-07T19:19,46194.66,2314.94,6.00,6.00,0.00,15.0
2018-09-08,61,66.7,70.2,60.3,67.0,74.6,59.2,12.0,21.9,18,2018-09-08T06:30,2018-09-08T19:17,46035.55,1702.53,7.40,7.40,0.00,14.0
2018-09-09,61,59.6,62.8,56.2,57.2,62.3,52.3,13.3,22.1,43,2018-09-09T06:31,2018-09-09T19:15,45875.95,0.00,20.10,20.10,0.00,24.0
2018-09-10,63,61.0,64.0,57.7,58.5,63.2,54.4,16.1,31.1,56,2018-09-10T06:32,2018-09-10T19:13,45715.93,0.00,26.60,26.60,0.00,24.0
2018-09-11,63,70.0,77.3,63.7,74.6,84.3,64.0,11.0,22.6,7,2018-09-11T06:33,2018-09-11T19:12,45555.62,9126.90,11.10,11.10,0.00,8.0
2018-09-12,63,73.4,78.3,68.7,80.8,86.9,74.7,7.8,14.8,95,2018-09-12T06:34,2018-09-12T19:10,45395.10,7081.32,13.40,13.40,0.00,14.0
2018-09-13,65,72.6,76.9,69.6,77.0,80.9,73.3,10.7,19.2,52,2018-09-13T06:35,2018-09-13T19:08,45234.48,20713.61,38.50,38.50,0.00,11.0
2018-09-14,51,71.0,75.8,68.4,74.2,79.2,71.3,9.3,16.6,90,2018-09-14T06:36,2018-09-14T19:07,45073.84,13897.58,1.00,1.00,0.00,6.0
2018-09-15,51,70.6,76.8,65.3,75.3,81.9,69.2,6.2,11.6,123,2018-09-15T06:37,2018-09-15T19:05,44913.29,41510.31,0.20,0.20,0.00,2.0
2018-09-16,3,71.3,80.7,65.0,76.8,89.7,70.1,9.1,17.7,174,2018-09-16T06:38,2018-09-16T19:03,44752.91,38646.74,0.00,0.00,0.00,0.0
2018-09-17,53,71.9,76.3,67.0,76.5,80.2,71.7,12.0,24.2,160,2018-09-17T06:38,2018-09-17T19:02,44592.81,10111.78,4.30,4.30,0.00,14.0
2018-09-18,63,73.2,77.5,69.1,77.9,86.4,73.9,13.4,22.8,222,2018-09-18T06:39,2018-09-18T19:00,44433.07,8000.63,27.70,27.70,0.00,16.0
2018-09-19,51,72.5,81.0,66.4,75.5,82.2,69.3,10.8,20.6,15,2018-09-19T06:40,2018-09-19T18:58,44273.80,39745.11,0.80,0.80,0.00,4.0
2018-09-20,53,67.3,69.8,64.7,69.0,71.5,65.5,7.8,14.8,118,2018-09-20T06:41,2018-09-20T18:57,44115.08,13610.42,3.50,3.50,0.00,13.0
2018-09-21,3,69.9,74.5,67.4,69.8,72.6,68.1,15.4,26.4,179,2018-09-21T06:42,2018-09-21T18:55,43956.65,7860.31,0.00,0.00,0.00,0.0
2018-09-22,61,68.8,72.3,62.2,67.5,74.9,60.8,15.5,27.5,324,2018-09-22T06:43,2018-09-22T18:53,43797.49,33435.61,4.20,4.20,0.00,3.0
2018-09-23,51,62.2,65.7,59.2,61.7,67.2,56.7,8.4,14.5,34,2018-09-23T06:44,2018-09-23T18:52,43637.60,0.00,3.10,3.10,0.00,15.0
2018-09-24,51,62.8,68.3,58.3,59.6,64.6,55.0,15.7,27.3,68,2018-09-24T06:45,2018-09-24T18:50,43477.09,28652.14,0.20,0.20,0.00,2.0
2018-09-25,65,65.8,71.2,57.7,66.3,75.4,54.9,19.1,34.0,122,2018-09-25T06:46,2018-09-25T18:48,43316.06,0.00,52.90,52.90,0.00,23.0
2018-09-26,63,73.9,80.1,69.1,78.3,84.1,72.4,14.3,26.6,196,2018-09-26T06:47,2018-09-26T18:47,43154.61,36000.00,10.30,10.30,0.00,12.0
2018-09-27,61,65.7,71.1,59.6,64.4,72.3,56.7,14.7,24.4,13,2018-09-27T06:48,2018-09-27T18:45,42992.85,31647.93,4.00,4.00,0.00,6.0
2018-09-28,65,62.3,67.5,57.7,60.7,68.0,52.7,20.4,47.2,27,2018-09-28T06:49,2018-09-28T18:43,42830.87,23970.82,37.60,37.60,0.00,10.0
2018-09-29,3,64.1,72.6,56.9,63.7,73.5,56.5,9.1,16.6,305,2018-09-29T06:50,2018-09-29T18:41,42668.77,38580.94,0.00,0.00,0.00,0.0
2018-09-30,3,61.5,68.5,54.7,60.7,68.2,52.4,8.8,17.0,148,2018-09-30T06:51,2018-09-30T18:40,42506.67,38505.84,0.00,0.00,0.00,0.0
2018-10-01,51,68.0,77.4,59.9,70.1,80.6,61.3,12.9,23.9,221,2018-10-01T06:52,2018-10-01T18:38,42344.64,27423.57,0.40,0.40,0.00,3.0
2018-10-02,65,69.3,77.4,63.1,72.7,79.7,65.4,10.3,18.3,186,2018-10-02T06:53,2018-10-02T18:36,42182.82,24553.44,27.40,27.40,0.00,9.0
2018-10-03,51,69.4,76.4,63.1,70.9,76.6,65.2,12.4,21.0,289,2018-10-03T06:54,2018-10-03T18:35,42021.29,38317.96,0.10,0.10,0.00,1.0
2018-10-04,61,69.1,78.7,60.4,72.4,82.2,62.3,11.8,21.9,221,2018-10-04T06:56,2018-10-04T18:33,41860.14,37284.43,1.70,1.70,0.00,3.0
2018-10-05,3,63.8,69.0,57.8,62.1,69.6,54.1,13.4,23.9,18,2018-10-05T06:57,2018-10-05T18:31,41699.50,38190.91,0.00,0.00,0.00,0.0
2018-10-06,51,65.9,68.1,64.0,66.8,68.5,65.4,12.0,21.0,167,2018-10-06T06:58,2018-10-06T18:30,41539.47,632.60,0.70,0.70,0.00,4.0
2018-10-07,51,72.3,80.1,66.8,76.3,85.6,68.2,10.9,18.6,237,2018-10-07T06:59,2018-10-07T18:28,41380.14,10800.00,0.10,0.10,0.00,1.0
2018-10-08,51,66.5,68.4,64.5,67.5,71.1,65.0,12.3,21.5,74,2018-10-08T07:00,2018-10-08T18:27,41221.64,0.00,0.70,0.70,0.00,6.0
2018-10-09,51,71.2,77.6,66.9,75.2,81.9,70.4,10.0,18.6,188,2018-10-09T07:01,2018-10-09T18:25,41064.07,22246.12,0.60,0.60,0.00,5.0
2018-10-10,51,72.2,78.0,69.4,77.0,81.3,74.2,10.4,23.7,196,2018-10-10T07:02,2018-10-10T18:23,40907.53,26914.04,0.60,0.60,0.00,6.0
2018-10-11,61,72.6,78.0,69.8,77.1,80.8,73.7,18.5,32.9,199,2018-10-11T07:03,2018-10-11T18:22,40751.75,7506.20,11.80,11.80,0.00,15.0
2018-10-12,63,60.5,70.0,51.8,55.3,75.4,47.7,21.5,36.9,327,2018-10-12T07:04,2018-10-12T18:20,40595.62,32016.21,7.20,7.20,0.00,6.0
2018-10-13,53,52.0,56.9,48.0,46.8,50.0,42.2,13.7,25.3,289,2018-10-13T07:05,2018-10-13T18:19,40439.12,12238.75,3.70,3.70,0.00,7.0
2018-10-14,3,51.7,58.3,44.8,47.6,53.0,40.5,9.1,17.2,250,2018-10-14T07:06,2018-10-14T18:17,40282.41,22521.41,0.00,0.00,0.00,0.0
2018-10-15,61,60.3,68.4,49.3,58.2,65.7,46.1,17.8,34.0,214,2018-10-15T07:07,2018-10-15T18:16,40125.57,2413.08,6.10,6.10,0.00,12.0
2018-10-16,55,53.2,64.9,47.3,46.0,61.5,38.8,17.8,30.6,291,2018-10-16T07:08,2018-10-16T18:14,39968.74,33560.86,1.70,1.70,0.00,3.0
2018-10-17,51,52.8,61.6,46.2,45.2,51.9,39.6,19.7,33.6,265,2018-10-17T07:09,2018-10-17T18:13,39812.04,36467.82,0.10,0.10,0.00,1.0
2018-10-18,2,45.3,50.0,41.2,36.7,39.9,33.1,15.3,28.0,302,2018-10-18T07:10,2018-10-18T18:11,39655.59,36341.91,0.00,0.00,0.00,0.0
2018-10-19,51,49.1,58.6,40.0,42.7,50.7,34.0,13.0,23.5,232,2018-10-19T07:12,2018-10-19T18:10,39499.51,34127.24,0.40,0.40,0.00,1.0
2018-10-20,61,56.2,63.1,48.6,51.6,57.8,45.5,14.8,27.1,243,2018-10-20T07:13,2018-10-20T18:08,39343.93,27663.35,2.60,2.60,0.00,7.0
2018-10-21,51,45.5,49.6,39.8,36.1,46.5,31.0,21.5,38.3,319,2018-10-21T07:14,2018-10-21T18:07,39188.98,26309.88,0.40,0.40,0.00,3.0
2018-10-22,3,44.8,51.4,38.4,37.9,43.7,31.2,11.1,21.0,238,2018-10-22T07:15,2018-10-22T18:05,39034.79,31693.31,0.00,0.00,0.00,0.0
2018-10-23,51,52.7,62.7,44.3,47.7,56.5,40.2,12.6,22.4,254,2018-10-23T07:16,2018-10-23T18:04,38881.48,32600.36,0.20,0.20,0.00,1.0
2018-10-24,3,48.8,55.9,43.3,39.6,44.3,35.0,19.2,34.2,311,2018-10-24T07:17,2018-10-24T18:03,38729.20,34835.72,0.00,0.00,0.00,0.0
2018-10-25,3,44.4,51.3,39.4,36.8,42.7,31.9,12.2,23.0,314,2018-10-25T07:18,2018-10-25T18:01,38578.08,34809.81,0.00,0.00,0.00,0.0
2018-10-26,3,44.1,50.7,36.7,38.7,47.3,31.1,11.0,18.8,36,2018-10-26T07:19,2018-10-26T18:00,38428.27,31712.29,0.00,0.00,0.00,0.0
2018-10-27,63,48.3,53.3,43.5,40.1,45.1,34.0,23.4,41.2,36,2018-10-27T07:21,2018-10-27T17:58,38279.90,0.00,44.80,44.80,0.00,24.0
2018-10-28,53,49.1,53.4,44.7,44.1,48.1,39.4,11.2,22.6,249,2018-10-28T07:22,2018-10-28T17:57,38133.12,18315.86,1.30,1.30,0.00,5.0
2018-10-29,53,51.2,57.3,46.6,45.2,49.2,40.0,15.2,27.3,254,2018-10-29T07:23,2018-10-29T17:56,37988.07,29492.82,2.10,2.10,0.00,8.0
2018-10-30,0,46.5,54.9,41.0,39.3,46.6,34.0,13.6,24.6,290,2018-10-30T07:24,2018-10-30T17:55,37844.92,34093.21,0.00,0.00,0.00,0.0
2018-10-31,3,52.4,63.3,41.0,47.9,57.9,35.7,13.8,24.8,196,2018-10-31T07:25,2018-10-31T17:53,37703.39,33171.11,0.00,0.00,0.00,0.0
2018-11-01,51,60.0,68.7,51.9,58.2,69.1,50.0,15.0,24.6,206,2018-11-01T07:26,2018-11-01T17:52,37562.23,30427.16,0.10,0.10,0.00,1.0
2018-11-02,61,66.8,70.3,62.7,65.1,70.4,61.7,19.2,38.5,200,2018-11-02T07:27,2018-11-02T17:51,37421.48,76.73,9.00,9.00,0.00,17.0
2018-11-03,61,57.1,64.9,47.1,51.0,65.2,41.0,22.6,47.0,248,2018-11-03T07:29,2018-11-03T17:50,37281.29,22901.28,8.10,8.10,0.00,7.0
2018-11-04,3,46.4,53.1,40.0,41.4,49.5,34.8,6.5,13.2,295,2018-11-04T07:30,2018-11-04T17:49,37141.79,33475.38,0.00,0.00,0.00,0.0
2018-11-05,61,50.4,53.4,44.6,45.2,47.9,40.2,13.7,23.3,73,2018-11-05T07:31,2018-11-05T17:48,37003.13,0.00,5.90,5.90,0.00,11.0
2018-11-06,63,54.1,62.5,49.3,51.7,59.7,45.4,16.7,44.1,205,2018-11-06T07:32,2018-11-06T17:47,36865.45,0.00,14.00,14.00,0.00,11.0
2018-11-07,3,55.5,62.7,47.2,49.4,55.1,42.6,14.5,25.5,243,2018-11-07T07:33,2018-11-07T17:45,36728.93,32253.41,0.00,0.00,0.00,0.0
2018-11-08,3,48.9,55.4,43.6,42.5,49.0,36.6,11.3,19.0,321,2018-11-08T07:35,2018-11-08T17:44,36593.69,31574.09,0.00,0.00,0.00,0.0
2018-11-09,63,45.6,50.7,39.6,39.4,45.0,33.1,13.6,25.3,57,2018-11-09T07:36,2018-11-09T17:43,36459.91,4145.06,14.50,14.50,0.00,9.0
2018-11-10,51,43.5,50.6,34.5,34.3,47.1,25.2,21.2,37.4,285,2018-11-10T07:37,2018-11-10T17:42,36327.76,32568.96,1.10,1.10,0.00,5.0
2018-11-11,0,38.2,46.2,32.2,30.4,38.2,24.8,10.8,21.0,287,2018-11-11T07:38,2018-11-11T17:41,36197.38,32257.97,0.00,0.00,0.00,0.0
2018-11-12,51,40.7,47.8,32.5,35.1,41.2,26.4,7.4,15.0,206,2018-11-12T07:39,2018-11-12T17:40,36068.96,28389.50,0.10,0.10,0.00,1.0
2018-11-13,63,46.5,51.6,43.2,40.2,49.5,33.2,16.6,29.5,332,2018-11-13T07:41,2018-11-13T17:39,35942.64,0.00,19.20,19.20,0.00,13.0
2018-11-14,3,37.3,42.7,32.9,26.3,33.4,23.6,17.4,31.8,317,2018-11-14T07:42,2018-11-14T17:39,35818.63,31659.70,0.00,0.00,0.00,0.0
2018-11-15,75,33.3,37.7,29.8,23.6,27.0,19.5,21.8,36.9,54,2018-11-15T07:43,2018-11-15T17:38,35697.09,0.00,21.10,6.00,10.57,10.0
2018-11-16,75,39.5,43.2,35.8,29.3,35.2,21.7,26.6,50.8,335,2018-11-16T07:44,2018-11-16T17:37,35578.19,28800.00,11.00,9.20,1.26,11.0
2018-11-17,3,40.1,47.7,33.9,31.9,39.1,25.4,13.0,24.8,264,2018-11-17T07:45,2018-11-17T17:36,35462.13,28440.31,0.00,0.00,0.00,0.0
2018-11-18,73,39.3,42.8,34.9,33.4,37.4,27.7,7.8,14.1,349,2018-11-18T07:46,2018-11-18T17:35,35349.09,10886.10,1.10,0.30,0.56,2.0
2018-11-19,3,44.3,53.2,37.3,40.3,50.1,32.3,6.4,10.5,269,2018-11-19T07:47,2018-11-19T17:35,35239.26,27544.82,0.00,0.00,0.00,0.0
2018-11-20,53,42.5,47.3,38.3,36.0,39.4,30.8,15.0,25.7,321,2018-11-20T07:49,2018-11-20T17:34,35132.43,20874.43,0.60,0.60,0.00,2.0
2018-11-21,51,37.9,46.0,30.0,28.1,34.1,17.0,18.8,32.4,273,2018-11-21T07:50,2018-11-21T17:33,35027.46,31197.23,0.20,0.20,0.00,1.0
2018-11-22,3,23.2,27.4,19.4,10.4,13.8,6.9,17.6,31.8,325,2018-11-22T07:51,2018-11-22T17:33,34924.41,31152.29,0.00,0.00,0.00,0.0
2018-11-23,2,23.8,31.3,17.6,14.8,23.0,6.6,12.0,22.4,300,2018-11-23T07:52,2018-11-23T17:32,34823.39,31059.38,0.00,0.00,0.00,0.0
2018-11-24,63,37.7,46.8,27.1,31.4,41.4,20.2,12.5,22.4,62,2018-11-24T07:53,2018-11-24T17:32,34724.53,11389.91,9.10,9.10,0.00,6.0
2018-11-25,65,46.9,54.8,40.2,40.6,50.4,32.3,21.7,37.1,342,2018-11-25T07:54,2018-11-25T17:31,34627.97,25200.00,28.10,28.10,0.00,7.0
2018-11-26,65,45.5,52.0,38.3,38.6,44.3,33.4,21.6,37.6,89,2018-11-26T07:55,2018-11-26T17:31,34533.86,1092.42,27.80,27.80,0.00,14.0
2018-11-27,53,41.3,45.6,37.4,31.4,38.7,27.0,20.4,37.1,274,2018-11-27T07:56,2018-11-27T17:30,34442.32,17955.25,1.60,1.60,0.00,4.0
2018-11-28,3,38.3,41.7,35.1,26.7,29.6,24.1,23.3,40.7,285,2018-11-28T07:57,2018-11-28T17:30,34353.50,17042.11,0.00,0.00,0.00,0.0
2018-11-29,3,40.3,44.0,37.2,30.4,32.4,28.6,19.7,35.1,307,2018-11-29T07:59,2018-11-29T17:30,34267.53,29855.81,0.00,0.00,0.00,0.0
2018-11-30,73,37.3,41.1,31.9,32.1,36.0,25.7,7.4,19.9,275,2018-11-30T08:00,2018-11-30T17:29,34184.57,9274.37,1.80,1.40,0.28,3.0
2018-12-01,53,38.3,44.0,30.4,32.7,39.0,24.0,6.7,12.8,39,2018-12-01T08:01,2018-12-01T17:29,34104.75,26890.75,2.80,2.80,0.00,5.0
2018-12-02,63,51.4,58.6,41.4,48.4,58.8,35.8,11.9,21.7,137,2018-12-02T08:02,2018-12-02T17:29,34028.23,0.00,16.90,16.90,0.00,21.0
2018-12-03,3,51.0,55.4,44.2,44.6,50.7,36.5,16.7,28.6,264,2018-12-03T08:03,2018-12-03T17:29,33955.14,29352.96,0.00,0.00,0.00,0.0
2018-12-04,3,36.8,43.4,29.7,27.4,35.4,22.2,15.0,27.1,322,2018-12-04T08:04,2018-12-04T17:28,33885.62,30037.37,0.00,0.00,0.00,0.0
2018-12-05,3,30.3,36.3,25.0,22.7,28.8,18.1,9.9,18.6,11,2018-12-05T08:05,2018-12-05T17:28,33819.84,20533.08,0.00,0.00,0.00,0.0
2018-12-06,3,33.2,39.8,26.7,24.1,29.1,18.3,14.0,24.8,258,2018-12-06T08:06,2018-12-06T17:28,33757.92,29624.61,0.00,0.00,0.00,0.0
2018-12-07,3,33.2,37.4,24.2,23.8,26.7,16.6,14.4,26.4,288,2018-12-07T08:06,2018-12-07T17:28,33700.03,29957.49,0.00,0.00,0.00,0.0
2018-12-08,3,28.7,35.6,23.3,20.7,26.8,16.1,12.3,22.8,281,2018-12-08T08:07,2018-12-08T17:28,33646.30,20491.74,0.00,0.00,0.00,0.0
2018-12-09,3,29.6,35.1,24.4,22.5,26.7,17.3,7.3,15.2,263,2018-12-09T08:08,2018-12-09T17:28,33596.88,19277.31,0.00,0.00,0.00,0.0
2018-12-10,3,31.0,39.1,25.5,22.6,30.0,17.9,11.0,21.9,8,2018-12-10T08:09,2018-12-10T17:28,33551.71,29724.94,0.00,0.00,0.00,0.0
2018-12-11,1,30.7,38.4,25.0,23.4,31.1,18.1,11.7,19.7,320,2018-12-11T08:10,2018-12-11T17:28,33510.23,29700.25,0.00,0.00,0.00,0.0
2018-12-12,3,34.4,41.6,29.0,26.4,33.2,20.3,10.6,21.5,302,2018-12-12T08:10,2018-12-12T17:28,33472.41,23408.93,0.00,0.00,0.00,0.0
2018-12-13,71,34.7,41.1,29.1,26.9,34.9,21.0,13.6,23.3,62,2018-12-13T08:11,2018-12-13T17:28,33438.30,7100.28,1.00,0.70,0.21,8.0
2018-12-14,53,43.5,50.1,37.2,38.3,44.4,31.4,10.8,18.8,118,2018-12-14T08:12,2018-12-14T17:29,33407.92,5797.59,1.10,1.10,0.00,4.0
2018-12-15,53,45.9,49.4,42.8,40.9,43.8,37.9,14.3,23.0,26,2018-12-15T08:13,2018-12-15T17:29,33381.30,0.00,4.80,4.80,0.00,11.0
2018-12-16,73,39.6,45.9,35.3,29.6,36.4,26.1,18.7,31.3,35,2018-12-16T08:13,2018-12-16T17:29,33358.48,0.00,21.30,20.50,0.56,21.0
2018-12-17,71,39.8,46.3,35.8,31.0,36.4,26.7,18.7,31.5,303,2018-12-17T08:14,2018-12-17T17:30,33339.48,19963.87,1.60,1.40,0.14,4.0
2018-12-18,3,32.4,37.8,27.2,21.1,27.7,17.3,18.2,30.9,314,2018-12-18T08:15,2018-12-18T17:30,33324.32,29299.77,0.00,0.00,0.00,0.0
2018-12-19,3,31.0,41.0,23.4,23.4,32.3,16.1,9.0,16.6,251,2018-12-19T08:15,2018-12-19T17:30,33313.03,29164.32,0.00,0.00,0.00,0.0
2018-12-20,61,37.5,49.9,28.0,31.7,45.2,20.8,11.1,17.9,124,2018-12-20T08:16,2018-12-20T17:31,33305.64,20062.88,6.90,6.90,0.00,8.0
2018-12-21,63,54.1,57.9,50.4,49.0,54.4,44.7,23.6,49.4,152,2018-12-21T08:16,2018-12-21T17:31,33302.15,603.67,43.20,43.20,0.00,16.0
2018-12-22,61,44.5,51.1,39.5,35.7,47.0,29.5,20.5,35.8,278,2018-12-22T08:17,2018-12-22T17:32,33302.59,21549.76,3.00,3.00,0.00,3.0
2018-12-23,3,37.5,43.2,32.3,29.8,35.9,25.0,14.0,24.2,290,2018-12-23T08:17,2018-12-23T17:32,33306.97,28910.23,0.00,0.00,0.00,0.0
2018-12-24,73,37.7,44.7,33.5,30.6,35.7,25.7,12.3,21.7,280,2018-12-24T08:18,2018-12-24T17:33,33315.31,18414.91,2.40,0.70,1.19,11.0
2018-12-25,3,34.6,40.9,29.7,25.9,31.3,20.7,12.3,23.7,295,2018-12-25T08:18,2018-12-25T17:34,33327.62,27108.99,0.00,0.00,0.00,0.0
2018-12-26,3,33.9,43.1,27.0,26.5,34.8,20.2,11.8,21.0,283,2018-12-26T08:18,2018-12-26T17:34,33343.91,19883.68,0.00,0.00,0.00,0.0
2018-12-27,3,35.7,39.7,32.6,28.5,33.6,25.0,9.5,15.7,10,2018-12-27T08:19,2018-12-27T17:35,33364.19,28957.43,0.00,0.00,0.00,0.0
2018-12-28,63,49.9,56.3,40.9,44.8,54.2,32.6,17.2,38.7,181,2018-12-28T08:19,2018-12-28T17:36,33388.45,0.00,28.70,28.70,0.00,20.0
2018-12-29,51,48.1,54.8,36.1,41.3,52.3,29.8,16.9,29.3,285,2018-12-29T08:19,2018-12-29T17:36,33416.72,28993.32,0.10,0.10,0.00,1.0
2018-12-30,73,35.6,41.9,31.3,29.1,35.3,23.9,8.6,15.4,332,2018-12-30T08:19,2018-12-30T17:37,33449.11,14295.17,0.40,0.00,0.28,2.0
2018-12-31,63,38.1,45.2,30.8,31.8,37.7,25.2,16.3,26.8,155,2018-12-31T08:20,2018-12-31T17:38,33485.91,8165.06,19.10,19.10,0.00,9.0
2019-01-01,63,49.9,58.3,40.1,41.7,51.5,32.0,22.1,39.8,278,2019-01-01T08:20,2019-01-01T17:39,33527.06,16687.35,7.50,7.50,0.00,4.0
2019-01-02,3,36.0,39.1,31.6,28.8,33.4,23.9,9.9,16.8,10,2019-01-02T08:20,2019-01-02T17:39,33572.44,18708.15,0.00,0.00,0.00,0.0
2019-01-03,3,40.3,45.0,32.8,32.8,36.4,26.4,16.0,28.2,273,2019-01-03T08:20,2019-01-03T17:40,33621.92,21817.70,0.00,0.00,0.00,0.0
2019-01-04,3,37.2,46.8,30.1,30.0,38.8,22.8,12.7,22.6,231,2019-01-04T08:20,2019-01-04T17:41,33675.39,24447.59,0.00,0.00,0.00,0.0
2019-01-05,63,42.1,44.4,39.2,35.8,39.1,31.7,14.8,25.3,10,2019-01-05T08:20,2019-01-05T17:42,33732.72,0.00,20.00,20.00,0.00,18.0
2019-01-06,51,39.7,48.6,32.7,30.5,38.8,22.2,19.5,34.0,302,2019-01-06T08:20,2019-01-06T17:43,33793.79,28530.51,0.20,0.20,0.00,1.0
2019-01-07,71,28.8,32.9,22.9,19.8,24.9,13.6,11.9,20.1,346,2019-01-07T08:20,2019-01-07T17:44,33858.49,22451.67,0.20,0.10,0.07,2.0
2019-01-08,51,39.8,46.8,32.4,34.5,41.5,23.1,9.6,16.3,190,2019-01-08T08:20,2019-01-08T17:45,33926.68,11635.86,0.30,0.30,0.00,3.0
2019-01-09,61,40.5,45.0,33.7,29.8,36.4,22.0,21.9,39.1,279,2019-01-09T08:19,2019-01-09T17:46,33998.23,25330.18,3.00,3.00,0.00,4.0
2019-01-10,3,31.8,33.9,28.7,19.0,20.8,15.5,22.8,40.5,301,2019-01-10T08:19,2019-01-10T17:47,34073.05,18212.24,0.00,0.00,0.00,0.0
2019-01-11,3,25.8,30.2,21.9,13.7,16.6,10.0,17.6,30.4,314,2019-01-11T08:19,2019-01-11T17:48,34151.00,29964.36,0.00,0.00,0.00,0.0
2019-01-12,3,27.0,36.3,20.8,18.6,28.2,11.3,7.3,13.6,319,2019-01-12T08:19,2019-01-12T17:49,34231.96,29360.56,0.00,0.00,0.00,0.0
2019-01-13,71,27.9,32.4,25.2,18.5,22.3,15.3,10.5,20.1,32,2019-01-13T08:18,2019-01-13T17:50,34315.80,26010.55,0.80,0.00,0.56,6.0
2019-01-14,3,25.9,34.2,21.2,16.0,25.0,9.9,13.3,23.0,7,2019-01-14T08:18,2019-01-14T17:51,34402.40,30096.39,0.00,0.00,0.00,0.0
2019-01-15,3,29.1,38.8,23.4,21.4,30.4,15.7,6.5,14.8,320,2019-01-15T08:18,2019-01-15T17:53,34491.66,29671.05,0.00,0.00,0.00,0.0
2019-01-16,3,31.6,40.5,24.6,22.8,29.5,16.8,14.1,25.5,259,2019-01-16T08:17,2019-01-16T17:54,34583.45,30075.67,0.00,0.00,0.00,0.0
2019-01-17,3,28.0,32.4,22.5,19.7,24.2,14.3,11.5,19.5,349,2019-01-17T08:17,2019-01-17T17:55,34677.65,21840.25,0.00,0.00,0.00,0.0
2019-01-18,73,32.7,38.5,28.9,26.1,33.1,20.6,7.4,12.8,3,2019-01-18T08:16,2019-01-18T17:56,34774.14,12335.47,1.50,0.00,1.05,8.0
2019-01-19,73,32.2,38.1,26.8,24.4,29.5,19.2,12.7,20.8,72,2019-01-19T08:16,2019-01-19T17:57,34873.18,16607.27,3.00,1.70,0.91,3.0
2019-01-20,75,33.0,49.5,13.0,22.7,46.6,-1.5,21.0,40.9,357,2019-01-20T08:15,2019-01-20T17:58,34975.79,6186.55,30.90,28.70,1.54,14.0
2019-01-21,3,8.6,12.2,3.8,-5.7,-1.3,-10.4,22.3,38.9,298,2019-01-21T08:15,2019-01-21T17:59,35081.86,30636.11,0.00,0.00,0.00,0.0
2019-01-22,3,19.9,29.1,11.6,9.8,21.4,-0.2,13.5,23.9,298,2019-01-22T08:14,2019-01-22T18:00,35191.19,30650.64,0.00,0.00,0.00,0.0
2019-01-23,3,35.4,45.8,27.0,26.4,38.8,16.4,14.2,23.7,203,2019-01-23T08:13,2019-01-23T18:02,35303.61,13983.66,0.00,0.00,0.00,0.0
2019-01-24,63,47.9,54.7,34.6,39.3,49.4,23.0,27.6,54.6,210,2019-01-24T08:12,2019-01-24T18:03,35418.94,0.00,33.10,33.10,0.00,19.0
2019-01-25,3,31.1,37.5,26.1,20.7,25.2,16.7,21.8,37.4,266,2019-01-25T08:12,2019-01-25T18:04,35536.98,28953.61,0.00,0.00,0.00,0.0
2019-01-26,3,27.2,34.4,20.7,18.8,24.9,12.5,8.3,17.4,230,2019-01-26T08:11,2019-01-26T18:05,35657.56,31944.90,0.00,0.00,0.00,0.0
2019-01-27,3,37.7,48.9,27.1,28.8,37.6,19.7,18.1,32.0,191,2019-01-27T08:10,2019-01-27T18:07,35780.51,27782.53,0.00,0.00,0.00,0.0
2019-01-28,3,28.2,36.1,22.4,19.0,28.0,14.5,11.8,20.6,353,2019-01-28T08:09,2019-01-28T18:08,35905.65,31376.68,0.00,0.00,0.00,0.0
2019-01-29,73,31.6,40.2,21.2,23.9,31.4,13.6,14.5,23.9,141,2019-01-29T08:08,2019-01-29T18:09,36032.81,0.00,5.10,4.80,0.21,10.0
2019-01-30,71,21.6,33.3,7.0,8.9,25.2,-7.5,24.8,42.7,270,2019-01-30T08:07,2019-01-30T18:10,36161.82,27791.73,0.60,0.10,0.35,3.0
2019-01-31,0,9.6,17.2,2.6,-2.6,4.7,-10.0,15.8,28.9,271,2019-01-31T08:07,2019-01-31T18:12,36292.52,32815.89,0.00,0.00,0.00,0.0
2019-02-01,3,16.5,23.4,10.9,7.0,14.6,0.8,8.4,14.3,274,2019-02-01T08:06,2019-02-01T18:13,36424.76,21531.04,0.00,0.00,0.00,0.0
2019-02-02,3,24.1,36.4,15.1,14.4,24.8,7.2,14.8,26.8,241,2019-02-02T08:05,2019-02-02T18:14,36558.36,32420.26,0.00,0.00,0.00,0.0
2019-02-03,2,35.3,50.3,25.6,28.3,43.7,18.8,11.4,19.0,219,2019-02-03T08:04,2019-02-03T18:15,36693.19,33248.58,0.00,0.00,0.00,0.0
2019-02-04,0,38.8,53.2,28.5,32.9,48.6,21.5,9.0,18.3,206,2019-02-04T08:03,2019-02-04T18:17,36829.07,33394.88,0.00,0.00,0.00,0.0
2019-02-05,3,45.2,64.0,33.0,40.1,60.6,26.9,8.5,15.9,255,2019-02-05T08:02,2019-02-05T18:18,36965.88,32181.72,0.00,0.00,0.00,0.0
2019-02-06,63,37.6,44.6,30.1,30.6,37.5,21.6,11.0,28.2,70,2019-02-06T08:00,2019-02-06T18:19,37103.45,27017.56,6.50,6.50,0.00,5.0
2019-02-07,63,41.3,46.5,36.6,35.7,41.9,30.2,10.5,17.2,39,2019-02-07T07:59,2019-02-07T18:20,37241.65,5227.09,7.00,7.00,0.00,6.0
2019-02-08,61,42.4,52.2,32.6,34.2,42.8,17.6,21.0,36.2,262,2019-02-08T07:58,2019-02-08T18:21,37380.78,16262.43,8.30,8.30,0.00,12.0
2019-02-09,2,27.5,33.5,23.2,15.0,20.2,10.4,20.4,36.9,305,2019-02-09T07:57,2019-02-09T18:23,37522.09,34137.62,0.00,0.00,0.00,0.0
2019-02-10,3,28.0,37.6,20.8,19.7,28.3,12.9,8.4,16.8,272,2019-02-10T07:56,2019-02-10T18:24,37665.51,34290.70,0.00,0.00,0.00,0.0
2019-02-11,71,32.4,37.5,28.8,25.3,29.9,21.6,6.8,15.0,13,2019-02-11T07:55,2019-02-11T18:25,37810.90,14404.06,0.40,0.00,0.28,4.0
2019-02-12,75,29.9,33.5,26.7,19.8,25.0,15.9,15.8,27.3,61,2019-02-12T07:54,2019-02-12T18:26,37958.09,0.00,16.90,11.40,3.85,16.0
2019-02-13,53,36.1,42.6,29.7,25.8,29.8,19.3,21.1,36.2,273,2019-02-13T07:52,2019-02-13T18:27,38106.91,21522.35,2.70,2.70,0.00,5.0
2019-02-14,3,34.7,45.0,27.2,26.0,36.1,17.5,12.1,22.4,247,2019-02-14T07:51,2019-02-14T18:29,38257.21,34825.92,0.00,0.00,0.00,0.0
2019-02-15,51,47.1,55.9,37.8,40.0,47.8,30.2,15.5,25.5,195,2019-02-15T07:50,2019-02-15T18:30,38408.85,20098.18,0.20,0.20,0.00,2.0
2019-02-16,3,36.7,47.0,29.0,27.2,38.4,20.5,14.8,26.8,323,2019-02-16T07:48,2019-02-16T18:31,38561.67,35000.45,0.00,0.00,0.00,0.0
2019-02-17,51,30.0,35.9,22.6,21.8,29.5,14.0,9.6,19.2,48,2019-02-17T07:47,2019-02-17T18:32,38715.52,35079.48,0.50,0.50,0.00,2.0
2019-02-18,73,34.9,44.6,27.0,26.5,34.3,15.6,19.0,33.3,314,2019-02-18T07:46,2019-02-18T18:34,38870.27,10841.03,4.90,3.90,0.70,10.0
2019-02-19,3,27.9,36.9,22.5,19.0,27.1,12.9,12.2,22.1,315,2019-02-19T07:44,2019-02-19T18:35,39025.75,35295.72,0.00,0.00,0.00,0.0
2019-02-20,75,27.8,30.9,25.1,19.8,23.8,17.2,10.0,17.4,77,2019-02-20T07:43,2019-02-20T18:36,39181.86,0.00,9.80,1.60,5.74,12.0
2019-02-21,71,39.5,53.1,31.3,32.6,44.6,23.4,12.3,21.7,291,2019-02-21T07:41,2019-02-21T18:37,39338.43,34742.88,8.90,8.70,0.14,5.0
2019-02-22,3,38.2,45.0,33.2,29.9,36.1,25.1,11.3,20.8,322,2019-02-22T07:40,2019-02-22T18:38,39495.36,28246.26,0.00,0.00,0.00,0.0
2019-02-23,53,34.1,40.2,27.9,27.0,33.1,20.4,8.0,16.1,65,2019-02-23T07:38,2019-02-23T18:39,39652.48,21109.32,1.10,1.10,0.00,3.0
2019-02-24,63,44.1,49.7,35.8,36.8,44.5,29.6,24.9,42.3,230,2019-02-24T07:37,2019-02-24T18:41,39809.69,4946.40,20.90,20.90,0.00,13.0
2019-02-25,3,36.1,42.3,28.7,20.9,27.3,14.9,28.4,48.1,279,2019-02-25T07:36,2019-02-25T18:42,39966.85,32708.73,0.00,0.00,0.00,0.0
2019-02-26,3,29.1,38.5,23.7,17.6,26.1,12.5,17.4,32.0,301,2019-02-26T07:34,2019-02-26T18:43,40123.84,36308.49,0.00,0.00,0.00,0.0
2019-02-27,71,26.1,29.1,22.5,16.7,20.5,12.4,11.9,23.5,72,2019-02-27T07:33,2019-02-27T18:44,40280.52,16170.58,0.40,0.00,0.28,4.0
2019-02-28,71,30.7,37.1,25.5,22.0,27.9,16.3,17.2,31.5,358,2019-02-28T07:31,2019-02-28T18:45,40437.20,35834.64,0.30,0.00,0.21,2.0
2019-03-01,73,31.0,37.3,25.8,23.3,30.3,17.3,8.3,16.1,54,2019-03-01T07:30,2019-03-01T18:46,40595.07,7985.16,2.00,0.00,1.40,6.0
2019-03-02,75,34.3,38.1,30.5,26.9,32.6,21.1,12.4,21.0,5,2019-03-02T07:28,2019-03-02T18:48,40754.12,24504.46,10.40,0.10,7.28,10.0
2019-03-03,75,35.5,42.0,30.0,28.4,35.8,23.0,8.9,16.8,335,2019-03-03T07:27,2019-03-03T18:49,40914.23,27158.38,8.60,0.50,5.67,6.0
2019-03-04,75,32.2,36.2,23.5,23.7,28.5,15.2,13.8,22.8,331,2019-03-04T07:25,2019-03-04T18:50,41075.27,30805.21,17.90,0.00,12.53,7.0
2019-03-05,2,21.0,29.6,4.7,12.2,20.6,-5.1,9.8,18.6,275,2019-03-05T07:24,2019-03-05T18:51,41237.13,37637.81,0.00,0.00,0.00,0.0
2019-03-06,3,21.2,27.0,14.7,9.9,14.1,3.9,17.0,30.9,287,2019-03-06T07:22,2019-03-06T18:52,41399.68,29710.38,0.00,0.00,0.00,0.0
2019-03-07,71,24.1,33.6,15.7,14.3,22.0,6.5,16.9,30.6,273,2019-03-07T07:20,2019-03-07T18:53,41562.82,33389.19,0.20,0.00,0.14,2.0
2019-03-08,3,28.6,36.5,19.5,21.4,28.8,12.1,9.3,18.1,177,2019-03-08T07:19,2019-03-08T18:54,41726.42,36042.05,0.00,0.00,0.00,0.0
2019-03-09,3,34.4,46.5,24.7,28.0,42.7,17.8,8.6,14.5,181,2019-03-09T07:17,2019-03-09T18:55,41890.38,38177.81,0.00,0.00,0.00,0.0
2019-03-10,73,39.6,48.6,34.4,32.8,46.0,25.7,15.5,28.2,80,2019-03-10T07:15,2019-03-10T18:56,42054.57,1218.64,14.70,13.60,0.77,10.0
2019-03-11,3,44.0,52.0,36.2,35.2,42.5,28.3,16.4,29.3,276,2019-03-11T07:14,2019-03-11T18:58,42218.89,38618.23,0.00,0.00,0.00,0.0
2019-03-12,3,35.9,41.4,29.8,25.4,29.8,19.9,16.3,29.5,315,2019-03-12T07:12,2019-03-12T18:59,42383.23,38905.91,0.00,0.00,0.00,0.0
2019-03-13,3,34.8,43.4,24.0,27.6,37.3,16.8,11.8,21.3,162,2019-03-13T07:11,2019-03-13T19:00,42547.48,33467.69,0.00,0.00,0.00,0.0
2019-03-14,3,44.0,51.8,34.1,37.2,44.5,27.7,14.0,24.4,160,2019-03-14T07:09,2019-03-14T19:01,42711.52,38675.16,0.00,0.00,0.00,0.0
2019-03-15,65,59.9,71.8,49.7,55.4,67.7,42.7,19.7,34.4,211,2019-03-15T07:07,2019-03-15T19:02,42875.25,29102.32,19.60,19.60,0.00,6.0
2019-03-16,3,45.5,55.4,38.0,35.2,49.6,26.5,19.6,34.4,290,2019-03-16T07:06,2019-03-16T19:03,43038.55,36956.05,0.00,0.00,0.00,0.0
2019-03-17,3,35.9,42.8,28.8,26.5,33.8,20.4,13.3,24.8,297,2019-03-17T07:04,2019-03-17T19:04,43201.32,40030.97,0.00,0.00,0.00,0.0
2019-03-18,3,35.2,45.1,25.2,27.7,36.1,18.1,9.7,19.2,301,2019-03-18T07:02,2019-03-18T19:05,43363.45,36536.27,0.00,0.00,0.00,0.0
2019-03-19,3,36.9,47.2,26.2,30.0,39.3,19.3,9.4,18.6,282,2019-03-19T07:01,2019-03-19T19:06,43524.82,38745.10,0.00,0.00,0.00,0.0
2019-03-20,3,39.3,49.3,28.9,32.1,42.9,22.4,16.5,29.3,179,2019-03-20T06:59,2019-03-20T19:07,43685.70,39880.83,0.00,0.00,0.00,0.0
2019-03-21,61,43.0,48.3,37.4,36.7,40.9,32.0,15.1,29.5,78,2019-03-21T06:57,2019-03-21T19:08,43847.20,0.00,14.70,14.70,0.00,19.0
2019-03-22,63,43.2,49.2,39.2,32.4,36.6,26.7,24.2,41.6,326,2019-03-22T06:56,2019-03-22T19:09,44009.32,14951.30,18.10,18.10,0.00,14.0
2019-03-23,71,39.4,47.9,32.0,26.7,35.0,17.4,21.4,36.7,295,2019-03-23T06:54,2019-03-23T19:10,44171.96,34959.84,0.40,0.10,0.21,4.0
2019-03-24,3,43.6,56.7,29.2,35.5,47.4,21.6,13.4,23.5,255,2019-03-24T06:53,2019-03-24T19:12,44335.01,27986.39,0.00,0.00,0.00,0.0
2019-03-25,51,46.5,50.1,41.9,39.5,42.8,33.7,10.1,18.3,318,2019-03-25T06:51,2019-03-25T19:13,44498.38,5309.65,1.20,1.20,0.00,5.0
2019-03-26,3,37.8,46.8,28.0,27.7,37.1,16.0,14.2,25.9,3,2019-03-26T06:49,2019-03-26T19:14,44661.97,41494.30,0.00,0.00,0.00,0.0
2019-03-27,3,35.7,43.0,27.9,27.6,38.7,19.5,10.1,19.9,82,2019-03-27T06:48,2019-03-27T19:15,44825.68,41657.03,0.00,0.00,0.00,0.0
2019-03-28,3,39.2,48.1,28.2,31.7,40.9,21.0,16.7,29.8,182,2019-03-28T06:46,2019-03-28T19:16,44989.40,41684.79,0.00,0.00,0.00,0.0
2019-03-29,51,48.7,55.3,41.7,44.3,52.3,35.4,9.1,16.3,213,2019-03-29T06:44,2019-03-29T19:17,45153.04,2268.90,0.60,0.60,0.00,5.0
2019-03-30,3,52.6,61.4,44.1,46.9,56.3,39.8,19.9,33.6,160,2019-03-30T06:42,2019-03-30T19:18,45316.48,34855.60,0.00,0.00,0.00,0.0
2019-03-31,61,51.7,64.3,40.3,44.6,58.9,30.4,15.0,30.6,247,2019-03-31T06:41,2019-03-31T19:19,45479.64,18926.49,4.30,4.30,0.00,5.0
2019-04-01,3,37.8,46.0,30.6,26.9,35.1,18.8,20.1,35.6,305,2019-04-01T06:39,2019-04-01T19:20,45642.40,42465.29,0.00,0.00,0.00,0.0
2019-04-02,51,39.8,47.7,29.8,32.0,39.9,22.1,15.6,28.6,121,2019-04-02T06:37,2019-04-02T19:21,45804.66,28509.54,0.90,0.90,0.00,5.0
2019-04-03,51,49.4,62.9,36.3,40.0,50.6,28.7,24.0,41.2,289,2019-04-03T06:36,2019-04-03T19:22,45966.31,42784.21,0.80,0.80,0.00,5.0
2019-04-04,3,46.6,57.9,36.2,38.1,48.6,29.2,17.5,32.0,316,2019-04-04T06:34,2019-04-04T19:23,46127.25,42942.32,0.00,0.00,0.00,0.0
2019-04-05,61,39.1,42.2,35.3,31.5,34.4,27.1,11.2,19.9,75,2019-04-05T06:33,2019-04-05T19:24,46287.37,1315.23,6.90,6.90,0.00,13.0
2019-04-06,51,50.4,67.5,39.0,45.9,64.1,33.6,9.2,19.0,334,2019-04-06T06:31,2019-04-06T19:25,46446.55,40522.19,0.40,0.40,0.00,3.0
2019-04-07,3,50.7,60.5,40.4,46.3,56.3,36.1,12.0,23.3,153,2019-04-07T06:29,2019-04-07T19:26,46604.68,36110.75,0.00,0.00,0.00,0.0
2019-04-08,63,61.8,76.7,50.1,59.2,74.1,46.2,15.6,33.1,226,2019-04-08T06:28,2019-04-08T19:27,46761.65,29602.34,10.00,10.00,0.00,8.0
2019-04-09,53,48.0,52.2,43.7,43.1,47.4,40.0,13.3,30.4,102,2019-04-09T06:26,2019-04-09T19:28,46917.70,37265.28,0.80,0.80,0.00,2.0
2019-04-10,3,49.0,58.0,41.0,40.9,48.6,34.6,16.2,29.3,319,2019-04-10T06:25,2019-04-10T19:29,47073.88,43200.00,0.00,0.00,0.00,0.0
2019-04-11,3,43.5,50.4,37.1,36.8,48.3,30.5,9.3,17.2,75,2019-04-11T06:23,2019-04-11T19:30,47230.19,36957.02,0.00,0.00,0.00,0.0
2019-04-12,63,54.0,66.5,43.9,49.3,64.1,38.4,20.2,34.7,149,2019-04-12T06:22,2019-04-12T19:31,47386.53,21878.30,12.30,12.30,0.00,8.0
2019-04-13,63,63.9,73.7,58.3,62.6,73.7,54.9,13.2,28.6,209,2019-04-13T06:20,2019-04-13T19:33,47542.80,21600.00,12.60,12.60,0.00,9.0
2019-04-14,61,59.9,65.4,53.4,59.2,66.5,52.5,15.1,24.6,170,2019-04-14T06:18,2019-04-14T19:34,47698.88,20288.58,2.60,2.60,0.00,4.0
2019-04-15,63,57.2,66.4,45.4,49.5,63.4,33.0,24.6,46.5,257,2019-04-15T06:17,2019-04-15T19:35,47854.68,30942.92,17.20,17.20,0.00,10.0
2019-04-16,3,52.1,63.4,41.2,42.5,54.8,31.3,18.0,32.7,283,2019-04-16T06:15,2019-04-16T19:36,48010.09,43703.23,0.00,0.00,0.00,0.0
2019-04-17,51,51.1,58.1,46.4,45.5,56.2,40.4,13.6,22.6,108,2019-04-17T06:14,2019-04-17T19:37,48164.99,34054.95,0.60,0.60,0.00,2.0
2019-04-18,53,54.6,61.6,47.8,49.2,57.1,41.5,15.3,27.5,142,2019-04-18T06:12,2019-04-18T19:38,48319.29,15176.56,1.70,1.70,0.00,7.0
2019-04-19,63,65.7,75.7,59.7,62.1,73.6,54.8,20.8,40.5,188,2019-04-19T06:11,2019-04-19T19:39,48472.86,32922.32,6.10,6.10,0.00,10.0
2019-04-20,61,60.5,63.9,54.2,56.1,61.9,49.3,20.8,43.2,168,2019-04-20T06:09,2019-04-20T19:40,48625.58,276.77,10.70,10.70,0.00,13.0
2019-04-21,51,56.1,62.2,49.7,53.3,59.3,48.0,13.0,24.2,137,2019-04-21T06:08,2019-04-21T19:41,48777.34,37323.26,0.10,0.10,0.00,1.0
2019-04-22,61,56.4,63.1,49.5,53.7,60.0,45.8,14.7,27.1,359,2019-04-22T06:06,2019-04-22T19:42,48928.03,12249.10,7.40,7.40,0.00,13.0
2019-04-23,51,60.5,73.5,50.4,58.6,75.7,47.6,14.8,26.4,212,2019-04-23T06:05,2019-04-23T19:43,49077.51,43154.25,0.20,0.20,0.00,2.0
2019-04-24,51,62.0,67.8,53.1,57.7,62.2,50.6,13.8,25.7,289,2019-04-24T06:04,2019-04-24T19:44,49225.66,44814.62,0.20,0.20,0.00,2.0
2019-04-25,53,52.7,60.3,45.9,49.0,58.9,41.1,10.6,21.3,128,2019-04-25T06:02,2019-04-25T19:45,49372.35,32400.00,2.30,2.30,0.00,6.0
2019-04-26,61,56.4,62.1,50.9,53.3,58.1,47.9,17.4,36.5,132,2019-04-26T06:01,2019-04-26T19:46,49517.46,4461.98,16.60,16.60,0.00,20.0
2019-04-27,61,51.3,55.0,46.2,41.4,47.3,38.0,25.1,43.4,290,2019-04-27T05:59,2019-04-27T19:47,49660.84,39761.39,2.90,2.90,0.00,5.0
2019-04-28,55,48.0,52.3,42.8,42.4,46.3,37.4,13.0,22.8,356,2019-04-28T05:58,2019-04-28T19:48,49802.36,9895.42,1.70,1.70,0.00,5.0
2019-04-29,51,47.4,55.4,38.3,41.4,52.7,31.2,12.2,23.0,155,2019-04-29T05:57,2019-04-29T19:49,49942.23,38355.55,0.10,0.10,0.00,1.0
2019-04-30,55,54.6,67.3,47.9,52.4,64.3,44.0,8.0,20.4,68,2019-04-30T05:56,2019-04-30T19:50,50081.48,12977.13,3.70,3.70,0.00,6.0
2019-05-01,51,51.4,54.3,48.4,47.3,49.5,46.2,12.5,23.5,115,2019-05-01T05:54,2019-05-01T19:51,50220.07,197.95,1.60,1.60,0.00,6.0
2019-05-02,61,58.5,73.7,50.5,58.1,80.6,47.8,12.1,24.8,142,2019-05-02T05:53,2019-05-02T19:52,50357.88,40081.27,5.70,5.70,0.00,7.0
2019-05-03,51,52.8,56.7,49.4,50.6,55.4,45.9,7.9,15.2,103,2019-05-03T05:52,2019-05-03T19:53,50494.82,0.00,0.60,0.60,0.00,4.0
2019-05-04,61,58.5,68.3,52.1,59.0,69.8,51.6,6.8,13.2,107,2019-05-04T05:51,2019-05-04T19:54,50630.75,19518.62,11.60,11.60,0.00,13.0
2019-05-05,63,54.4,56.7,52.1,51.1,57.2,45.9,15.3,26.2,52,2019-05-05T05:49,2019-05-05T19:56,50765.56,0.00,36.00,36.00,0.00,24.0
2019-05-06,53,57.4,70.0,49.6,54.5,69.0,45.8,13.0,21.9,32,2019-05-06T05:48,2019-05-06T19:57,50899.13,39484.70,0.90,0.90,0.00,3.0
2019-05-07,61,57.9,65.6,50.5,56.3,65.4,48.7,12.4,24.4,162,2019-05-07T05:47,2019-05-07T19:58,51031.32,44140.64,4.40,4.40,0.00,3.0
2019-05-08,53,57.9,67.6,51.3,55.3,66.7,48.2,10.9,20.6,55,2019-05-08T05:46,2019-05-08T19:59,51162.02,42792.64,1.00,1.00,0.00,3.0
2019-05-09,3,53.6,58.4,49.5,48.1,51.7,44.2,14.5,26.4,100,2019-05-09T05:45,2019-05-09T20:00,51291.09,19177.26,0.00,0.00,0.00,0.0
2019-05-10,55,64.3,73.7,53.7,62.7,73.9,48.2,13.9,23.3,175,2019-05-10T05:44,2019-05-10T20:01,51418.39,18447.29,2.00,2.00,0.00,6.0
2019-05-11,61,61.4,67.6,52.7,58.9,68.1,46.5,12.9,23.7,326,2019-05-11T05:43,2019-05-11T20:02,51543.80,39075.34,4.50,4.50,0.00,4.0
2019-05-12,63,48.9,54.9,45.1,42.2,54.9,37.5,19.2,35.1,62,2019-05-12T05:41,2019-05-12T20:03,51667.17,0.00,29.20,29.20,0.00,24.0
2019-05-13,63,47.7,52.3,45.0,42.2,46.3,38.2,12.7,23.5,65,2019-05-13T05:40,2019-05-13T20:04,51788.36,3600.00,20.50,20.50,0.00,16.0
2019-05-14,53,48.7,54.2,45.1,44.6,50.5,40.7,9.3,19.2,331,2019-05-14T05:39,2019-05-14T20:05,51907.23,2136.17,4.00,4.00,0.00,11.0
2019-05-15,51,55.5,67.9,43.3,50.0,64.5,37.6,14.5,26.2,314,2019-05-15T05:38,2019-05-15T20:06,52023.63,47119.38,0.40,0.40,0.00,4.0
2019-05-16,51,60.6,70.0,49.4,58.1,67.9,46.9,9.4,21.9,294,2019-05-16T05:38,2019-05-16T20:07,52137.41,47782.66,0.40,0.40,0.00,2.0
2019-05-17,53,66.0,76.8,53.8,65.1,77.7,51.4,11.2,23.0,230,2019-05-17T05:37,2019-05-17T20:08,52248.43,40729.62,0.90,0.90,0.00,3.0
2019-05-18,3,62.6,73.8,53.0,59.9,73.3,48.9,10.6,19.5,320,2019-05-18T05:36,2019-05-18T20:08,52356.52,48875.98,0.00,0.00,0.00,0.0
2019-05-19,51,64.6,74.3,54.2,64.1,73.6,52.2,17.0,29.8,169,2019-05-19T05:35,2019-05-19T20:09,52461.83,47410.76,0.70,0.70,0.00,3.0
2019-05-20,53,74.2,83.2,66.7,75.0,83.9,66.5,16.4,37.1,236,2019-05-20T05:34,2019-05-20T20:10,52565.21,47249.64,1.80,1.80,0.00,5.0
2019-05-21,3,61.7,68.4,54.8,54.8,62.1,48.1,17.3,30.4,317,2019-05-21T05:33,2019-05-21T20:11,52666.63,49162.46,0.00,0.00,0.00,0.0
2019-05-22,3,62.4,72.8,51.0,58.9,71.8,46.1,11.7,19.7,317,2019-05-22T05:33,2019-05-22T20:12,52765.98,46643.98,0.00,0.00,0.00,0.0
2019-05-23,53,66.0,77.8,58.5,64.3,78.1,54.4,14.6,25.1,213,2019-05-23T05:32,2019-05-23T20:13,52863.16,36434.13,2.10,2.10,0.00,6.0
2019-05-24,3,68.4,74.4,60.6,64.2,69.2,58.0,21.5,38.9,311,2019-05-24T05:31,2019-05-24T20:14,52958.07,48559.95,0.00,0.00,0.00,0.0
2019-05-25,3,60.6,67.1,54.1,57.1,65.0,53.3,18.1,32.0,164,2019-05-25T05:31,2019-05-25T20:15,53050.61,49515.66,0.00,0.00,0.00,0.0
2019-05-26,55,71.6,85.6,59.5,72.9,89.6,56.7,13.2,25.9,258,2019-05-26T05:30,2019-05-26T20:16,53140.65,43193.17,2.00,2.00,0.00,4.0
2019-05-27,3,70.8,78.6,61.1,70.5,78.5,58.5,10.6,19.9,343,2019-05-27T05:29,2019-05-27T20:16,53228.11,49652.11,0.00,0.00,0.00,0.0
2019-05-28,61,65.6,71.1,61.2,64.8,73.9,59.4,19.1,33.6,150,2019-05-28T05:29,2019-05-28T20:17,53312.85,21218.55,6.50,6.50,0.00,7.0
2019-05-29,53,65.1,69.4,56.8,65.9,73.9,56.1,13.0,23.3,145,2019-05-29T05:28,2019-05-29T20:18,53394.79,20848.96,2.70,2.70,0.00,5.0
2019-05-30,63,62.3,68.0,56.0,63.2,69.1,56.8,11.0,24.4,149,2019-05-30T05:28,2019-05-30T20:19,53473.80,17460.18,14.10,14.10,0.00,8.0
2019-05-31,51,70.5,78.3,63.6,72.1,79.2,64.8,9.2,18.1,276,2019-05-31T05:27,2019-05-31T20:20,53549.78,49830.88,0.50,0.50,0.00,4.0
2019-06-01,3,68.1,78.4,60.9,69.5,84.4,60.5,12.1,22.8,134,2019-06-01T05:27,2019-06-01T20:20,53622.61,49708.41,0.00,0.00,0.00,0.0
2019-06-02,53,70.2,79.5,62.6,72.6,81.8,64.8,12.8,27.3,237,2019-06-02T05:26,2019-06-02T20:21,53692.19,42173.77,2.10,2.10,0.00,7.0
2019-06-03,2,63.1,69.2,56.2,58.9,63.6,52.3,16.8,30.2,302,2019-06-03T05:26,2019-06-03T20:22,53758.39,49952.62,0.00,0.00,0.00,0.0
2019-06-04,3,61.4,70.7,52.2,57.6,66.7,48.2,12.4,22.4,276,2019-06-04T05:26,2019-06-04T20:23,53821.11,49990.38,0.00,0.00,0.00,0.0
2019-06-05,61,69.9,79.4,62.0,69.6,83.2,56.3,14.5,25.7,207,2019-06-05T05:25,2019-06-05T20:23,53880.23,32494.40,3.90,3.90,0.00,6.0
2019-06-06,63,74.4,81.5,67.9,77.9,85.8,70.4,13.1,21.9,290,2019-06-06T05:25,2019-06-06T20:24,53935.65,49779.42,15.80,15.80,0.00,7.0
2019-06-07,3,69.4,78.2,63.5,71.1,79.6,65.8,10.4,20.4,31,2019-06-07T05:25,2019-06-07T20:24,53987.25,48739.67,0.00,0.00,0.00,0.0
2019-06-08,3,69.0,79.0,60.2,68.8,80.8,60.1,13.5,25.1,78,2019-06-08T05:24,2019-06-08T20:25,54035.07,50125.46,0.00,0.00,0.00,0.0
2019-06-09,3,65.1,74.3,56.6,62.4,71.3,55.5,15.5,28.0,98,2019-06-09T05:24,2019-06-09T20:26,54079.51,50156.05,0.00,0.00,0.00,0.0
2019-06-10,61,63.6,68.8,56.7,63.5,71.8,54.2,15.7,26.4,89,2019-06-10T05:24,2019-06-10T20:26,54120.57,0.00,15.40,15.40,0.00,18.0
2019-06-11,61,69.0,74.6,62.1,67.6,74.5,58.9,18.1,32.4,313,2019-06-11T05:24,2019-06-11T20:27,54158.21,36234.53,8.70,8.70,0.00,10.0
2019-06-12,3,64.3,72.1,55.0,61.8,72.0,52.8,14.3,25.9,142,2019-06-12T05:24,2019-06-12T20:27,54192.42,50241.59,0.00,0.00,0.00,0.0
2019-06-13,63,62.6,67.2,59.3,61.1,68.4,54.5,20.4,36.0,74,2019-06-13T05:24,2019-06-13T20:28,54223.17,26487.37,22.80,22.80,0.00,10.0
2019-06-14,51,64.6,72.9,57.9,60.9,65.5,54.1,17.8,31.3,263,2019-06-14T05:24,2019-06-14T20:28,54250.43,50292.67,0.70,0.70,0.00,4.0
2019-06-15,3,68.8,80.7,54.9,66.8,78.5,52.9,15.3,27.3,222,2019-06-15T05:24,2019-06-15T20:28,54274.19,48460.02,0.00,0.00,0.00,0.0
2019-06-16,53,72.8,80.6,63.6,74.1,84.3,64.4,13.0,27.3,219,2019-06-16T05:24,2019-06-16T20:29,54294.40,28800.00,3.20,3.20,0.00,12.0
2019-06-17,53,70.9,74.8,67.4,75.8,79.8,71.0,7.6,19.2,318,2019-06-17T05:24,2019-06-17T20:29,54311.06,10761.71,5.20,5.20,0.00,14.0
2019-06-18,63,70.5,77.0,66.7,75.4,83.1,70.8,9.2,21.5,155,2019-06-18T05:24,2019-06-18T20:30,54324.16,7024.40,10.90,10.90,0.00,22.0
2019-06-19,61,67.8,70.2,64.4,71.6,73.8,67.9,10.5,21.3,107,2019-06-19T05:24,2019-06-19T20:30,54333.66,6279.32,11.70,11.70,0.00,15.0
2019-06-20,63,72.0,79.5,66.7,77.3,85.9,70.3,9.6,21.9,175,2019-06-20T05:24,2019-06-20T20:30,54339.55,20738.67,10.90,10.90,0.00,16.0
2019-06-21,63,69.6,75.7,66.0,70.0,78.2,62.3,16.4,28.4,324,2019-06-21T05:25,2019-06-21T20:30,54341.84,24444.71,15.90,15.90,0.00,15.0
2019-06-22,1,69.0,75.9,60.7,65.6,73.7,57.0,15.1,26.6,315,2019-06-22T05:25,2019-06-22T20:31,54340.48,50400.00,0.00,0.00,0.00,0.0
2019-06-23,3,71.3,80.7,59.9,70.4,81.7,57.4,11.4,19.9,300,2019-06-23T05:25,2019-06-23T20:31,54335.48,50400.00,0.00,0.00,0.00,0.0
2019-06-24,3,72.4,83.4,61.1,75.0,85.1,62.3,8.6,17.7,226,2019-06-24T05:25,2019-06-24T20:31,54326.84,39178.18,0.00,0.00,0.00,0.0
2019-06-25,61,74.3,81.9,69.0,81.3,92.2,74.2,7.3,17.0,172,2019-06-25T05:26,2019-06-25T20:31,54314.54,19504.52,9.00,9.00,0.00,14.0
2019-06-26,51,77.6,86.8,69.1,81.5,90.3,69.8,11.5,19.5,304,2019-06-26T05:26,2019-06-26T20:31,54298.57,50400.00,0.20,0.20,0.00,1.0
2019-06-27,3,78.2,87.1,67.9,81.7,91.0,71.5,10.8,19.9,319,2019-06-27T05:26,2019-06-27T20:31,54278.94,50400.00,0.00,0.00,0.00,0.0
2019-06-28,51,77.4,86.3,67.5,81.3,92.9,71.6,8.4,14.8,162,2019-06-28T05:27,2019-06-28T20:31,54255.57,50400.00,0.30,0.30,0.00,2.0
2019-06-29,53,78.8,88.4,71.4,84.4,95.5,77.8,12.0,24.2,246,2019-06-29T05:27,2019-06-29T20:31,54228.22,45858.22,1.40,1.40,0.00,7.0
2019-06-30,3,75.5,81.1,70.5,75.0,79.5,67.4,18.0,34.2,309,2019-06-30T05:28,2019-06-30T20:31,54196.97,50400.00,0.00,0.00,0.00,0.0
2019-07-01,3,74.4,85.2,63.4,74.6,86.6,62.3,11.0,21.3,314,2019-07-01T05:28,2019-07-01T20:31,54161.90,50400.00,0.00,0.00,0.00,0.0
2019-07-02,51,76.8,86.0,65.8,80.2,90.1,67.6,10.9,24.2,267,2019-07-02T05:29,2019-07-02T20:31,54123.09,44846.19,0.40,0.40,0.00,3.0
2019-07-03,51,78.7,84.1,72.4,85.3,91.0,79.3,6.3,13.9,248,2019-07-03T05:29,2019-07-03T20:31,54080.62,50400.00,0.70,0.70,0.00,6.0
2019-07-04,3,78.4,86.2,70.8,85.4,93.6,76.6,11.0,20.8,145,2019-07-04T05:30,2019-07-04T20:30,54034.59,50377.03,0.00,0.00,0.00,0.0
2019-07-05,51,75.3,81.3,68.8,81.2,87.9,73.5,13.0,24.6,148,2019-07-05T05:30,2019-07-05T20:30,53985.07,25047.58,0.40,0.40,0.00,4.0
2019-07-06,63,79.5,86.7,75.3,87.7,94.2,82.4,11.7,25.9,229,2019-07-06T05:31,2019-07-06T20:30,53932.18,30166.98,8.50,8.50,0.00,12.0
2019-07-07,53,76.5,82.4,72.3,81.4,88.5,77.5,11.6,21.5,67,2019-07-07T05:32,2019-07-07T20:30,53875.97,44958.84,2.30,2.30,0.00,9.0
2019-07-08,61,71.8,76.5,69.3,76.1,79.0,73.2,5.8,13.6,161,2019-07-08T05:32,2019-07-08T20:29,53816.55,21570.20,11.20,11.20,0.00,10.0
2019-07-09,3,77.5,88.6,67.4,82.3,92.3,71.6,7.5,14.1,291,2019-07-09T05:33,2019-07-09T20:29,53754.00,50150.34,0.00,0.00,0.00,0.0
2019-07-10,3,78.9,88.3,69.5,84.2,93.5,74.6,13.9,26.4,211,2019-07-10T05:34,2019-07-10T20:28,53688.43,50090.27,0.00,0.00,0.00,0.0
2019-07-11,63,76.8,83.1,71.4,81.2,87.9,76.8,15.6,28.2,171,2019-07-11T05:34,2019-07-11T20:28,53619.91,31009.70,8.60,8.60,0.00,10.0
2019-07-12,61,78.1,86.6,72.5,82.4,90.5,75.5,14.9,25.7,291,2019-07-12T05:35,2019-07-12T20:28,53548.54,49961.96,3.00,3.00,0.00,5.0
2019-07-13,0,76.8,86.9,68.1,80.3,91.1,70.4,10.7,19.7,279,2019-07-13T05:36,2019-07-13T20:27,53474.40,49893.89,0.00,0.00,0.00,0.0
2019-07-14,3,80.0,87.9,71.6,82.4,91.9,75.4,14.0,25.7,293,2019-07-14T05:37,2019-07-14T20:27,53397.59,49823.29,0.00,0.00,0.00,0.0
2019-07-15,3,76.7,87.2,66.5,78.8,88.7,67.6,8.6,15.9,300,2019-07-15T05:37,2019-07-15T20:26,53318.19,49750.27,0.00,0.00,0.00,0.0
2019-07-16,51,80.0,91.8,68.5,84.1,96.4,72.8,13.3,23.0,209,2019-07-16T05:38,2019-07-16T20:25,53236.30,49674.87,0.10,0.10,0.00,1.0
2019-07-17,63,82.0,91.3,74.8,89.8,100.2,81.6,10.1,23.5,224,2019-07-17T05:39,2019-07-17T20:25,53152.01,38886.93,17.10,17.10,0.00,9.0
2019-07-18,63,77.2,83.4,71.8,85.3,93.1,75.5,11.2,22.8,71,2019-07-18T05:40,2019-07-18T20:24,53065.13,23500.68,11.40,11.40,0.00,17.0
2019-07-19,51,80.9,91.8,71.3,88.6,99.4,77.2,9.8,19.0,238,2019-07-19T05:41,2019-07-19T20:23,52974.95,47114.89,0.10,0.10,0.00,1.0
2019-07-20,51,85.9,95.4,78.0,94.9,106.6,86.7,12.0,22.1,262,2019-07-20T05:41,2019-07-20T20:23,52881.54,49347.93,0.70,0.70,0.00,2.0
2019-07-21,51,86.0,94.1,77.7,94.2,102.9,85.3,12.7,26.4,271,2019-07-21T05:42,2019-07-21T20:22,52785.06,48041.40,0.10,0.10,0.00,1.0
2019-07-22,63,80.3,85.8,75.4,89.0,95.4,83.4,13.2,25.9,142,2019-07-22T05:43,2019-07-22T20:21,52685.64,32610.53,27.50,27.50,0.00,16.0
2019-07-23,63,72.1,75.8,68.4,76.2,83.4,70.4,11.4,28.2,354,2019-07-23T05:44,2019-07-23T20:20,52583.44,3162.02,24.10,24.10,0.00,21.0
2019-07-24,53,73.9,80.1,68.5,77.3,81.7,72.8,7.7,19.2,12,2019-07-24T05:45,2019-07-24T20:19,52478.59,47581.37,1.20,1.20,0.00,6.0
2019-07-25,2,75.4,83.6,68.6,78.8,84.9,71.8,6.9,14.3,312,2019-07-25T05:46,2019-07-25T20:19,52371.23,48876.29,0.00,0.00,0.00,0.0
2019-07-26,1,75.7,83.3,66.0,79.7,88.3,69.0,8.3,14.1,224,2019-07-26T05:47,2019-07-26T20:18,52261.51,48774.60,0.00,0.00,0.00,0.0
2019-07-27,2,75.9,83.0,69.4,80.2,88.9,73.5,11.1,20.1,181,2019-07-27T05:48,2019-07-27T20:17,52149.55,48670.73,0.00,0.00,0.00,0.0
2019-07-28,3,79.5,89.4,71.1,83.5,92.6,74.7,11.2,20.4,234,2019-07-28T05:49,2019-07-28T20:16,52035.49,48564.80,0.00,0.00,0.00,0.0
2019-07-29,53,80.0,89.7,70.9,85.5,95.1,75.1,11.0,21.5,232,2019-07-29T05:49,2019-07-29T20:15,51919.47,48456.94,0.70,0.70,0.00,2.0
2019-07-30,51,81.6,89.5,74.3,89.1,98.6,81.4,12.4,22.8,202,2019-07-30T05:50,2019-07-30T20:14,51801.61,48347.25,0.40,0.40,0.00,1.0
2019-07-31,65,78.5,86.2,72.7,85.7,96.0,79.5,9.1,17.2,238,2019-07-31T05:51,2019-07-31T20:13,51682.05,36874.61,12.00,12.00,0.00,4.0
2019-08-01,3,78.5,85.3,72.0,83.5,90.9,79.4,6.5,13.4,307,2019-08-01T05:52,2019-08-01T20:12,51560.89,46234.51,0.00,0.00,0.00,0.0
2019-08-02,51,77.7,83.8,72.5,82.3,88.2,78.1,10.5,18.8,160,2019-08-02T05:53,2019-08-02T20:11,51438.29,46642.63,0.10,0.10,0.00,1.0
2019-08-03,51,75.8,82.3,69.8,82.3,89.2,75.9,11.2,21.9,184,2019-08-03T05:54,2019-08-03T20:09,51314.34,45698.90,1.70,1.70,0.00,10.0
2019-08-04,55,78.5,87.5,70.6,84.0,90.6,76.9,5.6,16.3,331,2019-08-04T05:55,2019-08-04T20:08,51189.16,47737.88,2.00,2.00,0.00,5.0
2019-08-05,3,75.5,81.1,69.3,79.1,86.1,69.9,9.7,18.6,91,2019-08-05T05:56,2019-08-05T20:07,51062.88,45464.16,0.00,0.00,0.00,0.0
2019-08-06,53,75.3,80.0,70.4,81.1,84.2,77.1,10.0,19.0,143,2019-08-06T05:57,2019-08-06T20:06,50935.62,24044.45,1.00,1.00,0.00,5.0
2019-08-07,63,75.0,83.2,70.3,80.7,89.6,75.3,12.0,25.9,199,2019-08-07T05:58,2019-08-07T20:05,50807.13,25652.17,17.40,17.40,0.00,13.0
2019-08-08,53,75.2,85.0,66.6,79.4,88.4,71.2,13.2,24.6,247,2019-08-08T05:59,2019-08-08T20:04,50676.48,46424.74,1.00,1.00,0.00,3.0
2019-08-09,51,75.7,84.2,68.7,77.5,83.7,70.9,10.7,20.4,287,2019-08-09T06:00,2019-08-09T20:02,50543.72,46774.59,0.30,0.30,0.00,2.0
2019-08-10,3,73.5,81.3,65.4,72.2,79.7,65.1,13.9,25.1,306,2019-08-10T06:01,2019-08-10T20:01,50409.00,43960.15,0.00,0.00,0.00,0.0
2019-08-11,3,71.6,81.9,60.8,71.7,80.6,60.6,9.4,17.4,300,2019-08-11T06:02,2019-08-11T20:00,50272.43,46552.49,0.00,0.00,0.00,0.0
2019-08-12,3,73.9,85.8,62.4,75.2,87.7,63.6,15.9,28.0,224,2019-08-12T06:03,2019-08-12T19:58,50134.18,45744.61,0.00,0.00,0.00,0.0
2019-08-13,63,74.5,77.7,71.1,79.8,83.5,75.1,8.6,14.3,221,2019-08-13T06:04,2019-08-13T19:57,49994.36,13027.21,8.00,8.00,0.00,14.0
2019-08-14,61,74.1,78.3,69.8,81.1,86.2,76.0,7.0,14.1,44,2019-08-14T06:05,2019-08-14T19:56,49853.10,35881.38,10.10,10.10,0.00,12.0
2019-08-15,51,73.6,80.6,69.4,78.6,86.8,74.8,10.6,20.4,111,2019-08-15T06:06,2019-08-15T19:54,49710.53,43913.79,1.10,1.10,0.00,5.0
2019-08-16,53,73.2,78.5,68.0,78.2,84.2,72.4,9.5,18.6,124,2019-08-16T06:07,2019-08-16T19:53,49566.78,36757.84,0.90,0.90,0.00,2.0
2019-08-17,61,75.7,82.2,70.7,83.3,91.5,77.8,8.3,17.0,119,2019-08-17T06:08,2019-08-17T19:52,49421.96,41197.55,2.80,2.80,0.00,8.0
2019-08-18,65,76.6,82.4,72.1,84.8,90.2,79.8,8.6,17.7,166,2019-08-18T06:09,2019-08-18T19:50,49276.20,31527.55,13.50,13.50,0.00,9.0
2019-08-19,61,79.3,88.9,72.6,87.2,96.9,79.7,8.8,22.1,234,2019-08-19T06:10,2019-08-19T19:49,49129.62,41809.25,1.90,1.90,0.00,3.0
2019-08-20,3,77.9,84.5,72.3,83.2,91.6,77.8,9.3,17.4,153,2019-08-20T06:11,2019-08-20T19:47,48982.32,43267.88,0.00,0.00,0.00,0.0
2019-08-21,63,79.3,87.7,74.3,86.1,92.6,82.9,16.0,29.5,207,2019-08-21T06:12,2019-08-21T19:46,48834.41,41287.25,7.50,7.50,0.00,7.0
2019-08-22,63,80.2,89.4,73.3,86.8,94.2,80.0,10.3,19.0,251,2019-08-22T06:13,2019-08-22T19:44,48686.01,43363.33,5.30,5.30,0.00,4.0
2019-08-23,63,70.6,74.4,65.6,74.1,82.8,67.2,11.5,19.5,325,2019-08-23T06:14,2019-08-23T19:43,48537.23,3764.86,16.80,16.80,0.00,11.0
2019-08-24,3,69.0,75.1,62.8,67.7,74.5,61.5,10.3,19.9,7,2019-08-24T06:15,2019-08-24T19:41,48388.17,40931.66,0.00,0.00,0.00,0.0
2019-08-25,3,68.8,74.8,64.0,67.0,71.6,62.7,14.7,25.9,55,2019-08-25T06:16,2019-08-25T19:40,48238.93,43311.74,0.00,0.00,0.00,0.0
2019-08-26,3,65.8,73.8,58.9,65.3,75.5,56.6,10.9,19.9,57,2019-08-26T06:17,2019-08-26T19:38,48089.62,40512.34,0.00,0.00,0.00,0.0
2019-08-27,3,66.9,70.8,61.9,68.2,71.1,63.4,8.1,15.4,125,2019-08-27T06:18,2019-08-27T19:37,47939.98,17994.43,0.00,0.00,0.00,0.0
2019-08-28,61,69.6,74.3,64.7,73.9,79.2,68.1,8.9,17.7,55,2019-08-28T06:19,2019-08-28T19:35,47789.04,18188.16,11.30,11.30,0.00,17.0
2019-08-29,3,72.5,81.8,64.5,73.0,81.3,64.7,13.1,22.6,312,2019-08-29T06:20,2019-08-29T19:34,47636.82,43294.64,0.00,0.00,0.00,0.0
2019-08-30,2,73.3,87.3,60.6,73.7,88.0,60.5,13.0,23.5,250,2019-08-30T06:21,2019-08-30T19:32,47483.43,43295.28,0.00,0.00,0.00,0.0
2019-08-31,3,72.9,81.7,66.6,73.1,81.7,66.3,9.4,16.6,355,2019-08-31T06:22,2019-08-31T19:30,47328.98,43200.00,0.00,0.00,0.00,0.0
2019-09-01,3,69.5,76.2,63.4,69.2,76.6,62.8,12.7,22.4,106,2019-09-01T06:23,2019-09-01T19:29,47173.59,42658.69,0.00,0.00,0.00,0.0
2019-09-02,61,71.4,77.7,68.4,74.6,82.9,69.6,10.9,26.4,182,2019-09-02T06:24,2019-09-02T19:27,47017.36,22252.40,8.40,8.40,0.00,10.0
2019-09-03,3,71.5,79.5,64.5,74.4,84.3,67.0,8.4,15.2,39,2019-09-03T06:25,2019-09-03T19:25,46860.41,43133.55,0.00,0.00,0.00,0.0
2019-09-04,53,74.8,88.2,65.0,78.2,88.8,67.6,16.9,29.5,228,2019-09-04T06:26,2019-09-04T19:24,46702.83,42012.35,1.80,1.80,0.00,3.0
2019-09-05,3,68.8,75.3,63.0,69.4,77.2,62.4,12.8,21.9,29,2019-09-05T06:27,2019-09-05T19:22,46544.73,36501.78,0.00,0.00,0.00,0.0
2019-09-06,53,65.1,68.7,60.6,63.0,67.2,56.5,18.3,31.5,43,2019-09-06T06:28,2019-09-06T19:21,46386.20,1066.97,1.70,1.70,0.00,4.0
2019-09-07,63,65.5,75.8,56.8,63.1,72.1,53.1,13.8,24.4,324,2019-09-07T06:28,2019-09-07T19:19,46227.36,42741.08,8.10,8.10,0.00,5.0
2019-09-08,3,68.3,78.8,59.6,68.8,78.4,59.2,9.9,17.0,281,2019-09-08T06:29,2019-09-08T19:17,46068.29,39754.29,0.00,0.00,0.00,0.0
2019-09-09,53,68.9,75.6,62.0,70.2,78.8,60.5,8.6,15.4,61,2019-09-09T06:30,2019-09-09T19:15,45909.10,42542.58,1.50,1.50,0.00,7.0
2019-09-10,51,69.7,74.9,64.1,72.3,77.1,67.6,13.4,24.6,159,2019-09-10T06:31,2019-09-10T19:14,45749.88,39954.02,0.60,0.60,0.00,6.0
2019-09-11,51,76.8,89.6,66.8,80.4,96.8,68.4,13.9,25.5,228,2019-09-11T06:32,2019-09-11T19:12,45590.73,42343.63,0.10,0.10,0.00,1.0
2019-09-12,61,72.7,78.8,63.0,77.0,84.4,60.9,12.5,21.5,12,2019-09-12T06:33,2019-09-12T19:10,45431.73,25186.48,7.80,7.80,0.00,11.0
2019-09-13,3,63.6,67.8,58.0,60.6,63.6,56.3,12.8,23.3,87,2019-09-13T06:34,2019-09-13T19:09,45273.00,39210.85,0.00,0.00,0.00,0.0
2019-09-14,3,68.9,74.4,62.0,69.1,75.1,60.9,16.7,28.9,175,2019-09-14T06:35,2019-09-14T19:07,45114.61,30773.50,0.00,0.00,0.00,0.0
2019-09-15,51,72.4,81.2,67.1,75.8,83.5,70.2,5.6,13.6,287,2019-09-15T06:36,2019-09-15T19:05,44956.66,41766.43,0.50,0.50,0.00,3.0
2019-09-16,51,70.6,76.6,66.7,74.0,80.9,69.0,7.1,20.1,360,2019-09-16T06:37,2019-09-16T19:04,44798.90,25273.71,0.80,0.80,0.00,4.0
2019-09-17,3,66.6,74.1,59.8,65.3,71.4,59.3,11.1,19.9,22,2019-09-17T06:38,2019-09-17T19:02,44640.30,41451.60,0.00,0.00,0.00,0.0
2019-09-18,51,62.0,68.3,55.2,59.7,63.7,52.7,10.2,19.0,43,2019-09-18T06:39,2019-09-18T19:00,44480.89,40458.68,0.30,0.30,0.00,2.0
2019-09-19,0,59.5,68.4,51.4,57.5,67.0,47.9,6.1,12.8,28,2019-09-19T06:40,2019-09-19T18:59,44320.76,41132.66,0.00,0.00,0.00,0.0
2019-09-20,3,63.8,77.2,52.0,61.7,75.2,49.2,8.1,16.3,270,2019-09-20T06:41,2019-09-20T18:57,44160.02,40971.90,0.00,0.00,0.00,0.0
2019-09-21,3,68.1,81.0,57.5,69.2,82.8,56.9,6.3,11.2,257,2019-09-21T06:42,2019-09-21T18:55,43998.77,40810.38,0.00,0.00,0.00,0.0
2019-09-22,3,71.0,81.6,59.4,72.3,84.9,59.6,12.7,22.1,196,2019-09-22T06:43,2019-09-22T18:54,43837.11,40632.12,0.00,0.00,0.00,0.0
2019-09-23,51,77.4,88.1,69.7,79.3,89.8,71.6,12.9,23.7,215,2019-09-23T06:44,2019-09-23T18:52,43675.13,39744.37,0.10,0.10,0.00,1.0
2019-09-24,51,69.7,77.2,61.2,68.4,77.1,59.6,15.5,27.3,298,2019-09-24T06:45,2019-09-24T18:50,43512.93,40202.71,0.70,0.70,0.00,3.0
2019-09-25,3,65.4,77.4,55.6,64.9,76.9,54.4,12.5,21.9,246,2019-09-25T06:46,2019-09-25T18:49,43350.63,39995.09,0.00,0.00,0.00,0.0
2019-09-26,53,68.1,82.7,59.9,69.0,83.8,60.2,11.8,25.7,242,2019-09-26T06:47,2019-09-26T18:47,43188.31,31566.21,0.70,0.70,0.00,3.0
2019-09-27,3,63.8,71.9,55.0,63.8,72.2,54.4,9.6,16.8,214,2019-09-27T06:48,2019-09-27T18:45,43026.07,39323.88,0.00,0.00,0.00,0.0
2019-09-28,3,70.2,81.0,61.7,72.5,82.9,62.9,12.4,22.4,196,2019-09-28T06:49,2019-09-28T18:43,42864.02,38981.99,0.00,0.00,0.00,0.0
2019-09-29,3,69.9,76.3,62.7,69.3,75.6,59.1,11.6,21.5,3,2019-09-29T06:50,2019-09-29T18:42,42702.25,38830.18,0.00,0.00,0.00,0.0
2019-09-30,51,64.2,68.9,60.5,61.3,67.3,55.0,10.8,19.5,85,2019-09-30T06:51,2019-09-30T18:40,42540.86,26004.23,0.20,0.20,0.00,1.0
2019-10-01,51,70.5,82.3,61.9,71.2,84.2,62.7,12.7,21.5,212,2019-10-01T06:52,2019-10-01T18:38,42379.96,36406.79,0.30,0.30,0.00,1.0
2019-10-02,61,76.8,90.2,64.0,79.6,91.5,61.1,16.1,27.3,276,2019-10-02T06:53,2019-10-02T18:37,42219.63,33619.97,2.30,2.30,0.00,6.0
2019-10-03,61,58.1,61.2,55.3,55.0,59.7,50.9,14.7,25.3,53,2019-10-03T06:54,2019-10-03T18:35,42059.99,0.00,10.00,10.00,0.00,23.0
2019-10-04,51,59.8,65.4,51.2,55.5,60.7,45.0,18.8,33.3,333,2019-10-04T06:55,2019-10-04T18:33,41901.14,38311.12,0.60,0.60,0.00,4.0
2019-10-05,3,52.0,58.1,45.7,46.8,55.6,39.2,10.5,19.0,47,2019-10-05T06:56,2019-10-05T18:32,41743.18,38244.45,0.00,0.00,0.00,0.0
2019-10-06,53,64.4,70.2,55.8,62.1,68.0,53.3,14.8,24.8,180,2019-10-06T06:57,2019-10-06T18:30,41585.84,3905.16,2.10,2.10,0.00,9.0
2019-10-07,61,69.9,77.7,60.4,69.1,78.6,59.1,18.6,31.8,207,2019-10-07T06:58,2019-10-07T18:29,41428.02,21243.59,4.60,4.60,0.00,7.0
2019-10-08,53,60.8,65.4,58.0,57.2,60.4,53.2,12.7,21.9,25,2019-10-08T06:59,2019-10-08T18:27,41269.73,2456.65,2.10,2.10,0.00,8.0
2019-10-09,63,55.8,58.2,53.1,50.3,52.5,48.3,14.9,25.5,19,2019-10-09T07:00,2019-10-09T18:26,41111.10,2340.55,13.30,13.30,0.00,16.0
2019-10-10,51,59.5,68.6,52.3,52.9,62.0,45.9,16.1,28.4,14,2019-10-10T07:02,2019-10-10T18:24,40952.22,37718.48,0.60,0.60,0.00,3.0
2019-10-11,3,58.2,63.0,53.4,50.2,55.0,45.1,17.4,29.8,16,2019-10-11T07:03,2019-10-11T18:22,40793.21,24703.08,0.00,0.00,0.00,0.0
2019-10-12,3,59.3,68.2,52.2,56.6,68.4,47.4,11.8,19.7,345,2019-10-12T07:04,2019-10-12T18:21,40634.20,34824.56,0.00,0.00,0.00,0.0
2019-10-13,51,58.1,64.0,50.9,55.8,62.1,48.1,9.4,15.9,307,2019-10-13T07:05,2019-10-13T18:19,40475.28,36617.40,0.10,0.10,0.00,1.0
2019-10-14,51,61.9,72.3,53.6,60.3,67.1,52.9,10.9,19.7,265,2019-10-14T07:06,2019-10-14T18:18,40316.58,35455.55,0.20,0.20,0.00,2.0
2019-10-15,3,55.7,62.1,48.6,52.2,59.2,44.4,9.2,16.8,322,2019-10-15T07:07,2019-10-15T18:16,40158.21,36896.16,0.00,0.00,0.00,0.0
2019-10-16,63,59.6,65.7,53.5,55.7,61.1,41.8,31.0,53.7,127,2019-10-16T07:08,2019-10-16T18:15,40000.30,6344.76,28.70,28.70,0.00,15.0
2019-10-17,51,53.7,57.0,50.2,42.7,46.1,39.2,27.4,51.9,275,2019-10-17T07:09,2019-10-17T18:13,39842.96,20539.26,0.50,0.50,0.00,4.0
2019-10-18,3,52.4,59.0,46.6,44.6,49.9,40.7,17.6,30.9,308,2019-10-18T07:10,2019-10-18T18:11,39686.31,36261.50,0.00,0.00,0.00,0.0
2019-10-19,3,50.1,60.0,41.7,46.1,55.3,37.1,6.6,11.4,261,2019-10-19T07:11,2019-10-19T18:10,39530.49,36037.77,0.00,0.00,0.00,0.0
2019-10-20,61,52.9,59.7,44.2,50.4,58.8,40.3,10.4,17.7,53,2019-10-20T07:12,2019-10-20T18:09,39375.61,1367.17,10.80,10.80,0.00,12.0
2019-10-21,55,55.9,65.7,49.5,52.2,62.5,43.9,11.6,21.3,22,2019-10-21T07:13,2019-10-21T18:07,39221.81,35608.82,2.30,2.30,0.00,3.0
2019-10-22,63,57.2,62.2,52.1,54.3,60.4,49.0,17.1,28.4,104,2019-10-22T07:15,2019-10-22T18:06,39069.22,0.00,6.80,6.80,0.00,10.0
2019-10-23,61,59.5,64.4,52.2,54.9,62.2,46.4,14.0,24.8,277,2019-10-23T07:16,2019-10-23T18:04,38917.97,35207.76,4.10,4.10,0.00,3.0
2019-10-24,1,54.4,64.4,44.3,49.6,59.1,39.2,11.6,19.7,221,2019-10-24T07:17,2019-10-24T18:03,38768.20,35098.43,0.00,0.00,0.00,0.0
2019-10-25,3,55.3,62.5,47.3,53.2,60.3,43.4,7.9,13.0,212,2019-10-25T07:18,2019-10-25T18:02,38620.04,27892.47,0.00,0.00,0.00,0.0
2019-10-26,51,56.3,61.8,50.2,53.3,58.3,47.2,8.1,16.3,10,2019-10-26T07:19,2019-10-26T18:00,38473.22,26171.16,0.10,0.10,0.00,1.0
2019-10-27,65,60.4,69.5,55.5,57.7,71.4,52.0,21.2,47.2,138,2019-10-27T07:20,2019-10-27T17:59,38326.52,8829.18,29.20,29.20,0.00,13.0
2019-10-28,3,57.5,63.9,51.9,54.6,61.7,48.0,10.6,17.7,26,2019-10-28T07:21,2019-10-28T17:58,38179.97,29965.93,0.00,0.00,0.00,0.0
2019-10-29,51,57.4,61.0,54.3,56.1,60.0,52.2,8.6,15.9,75,2019-10-29T07:23,2019-10-29T17:56,38033.71,63.66,2.10,2.10,0.00,17.0
2019-10-30,51,60.4,65.5,55.6,61.3,66.3,54.9,7.2,14.1,36,2019-10-30T07:24,2019-10-30T17:55,37887.86,1332.81,0.80,0.80,0.00,6.0
2019-10-31,63,65.7,69.7,60.3,64.2,68.7,59.5,24.7,41.2,182,2019-10-31T07:25,2019-10-31T17:54,37742.58,0.00,22.20,22.20,0.00,19.0
2019-11-01,63,51.3,70.1,44.3,42.6,64.1,34.6,28.6,61.1,270,2019-11-01T07:26,2019-11-01T17:53,37598.01,33910.30,5.70,5.70,0.00,4.0
2019-11-02,3,45.7,51.1,38.2,40.6,46.7,33.1,7.0,15.4,305,2019-11-02T07:27,2019-11-02T17:51,37454.28,21606.89,0.00,0.00,0.00,0.0
2019-11-03,3,46.0,52.1,40.3,38.9,44.0,34.4,11.5,20.1,277,2019-11-03T07:28,2019-11-03T17:50,37311.55,28436.57,0.00,0.00,0.00,0.0
2019-11-04,3,47.0,55.1,37.1,41.1,47.0,31.6,12.5,21.3,192,2019-11-04T07:30,2019-11-04T17:49,37169.98,33081.08,0.00,0.00,0.00,0.0
2019-11-05,51,52.0,59.6,45.0,48.7,57.6,40.9,9.4,15.4,243,2019-11-05T07:31,2019-11-05T17:48,37029.70,7032.48,0.60,0.60,0.00,3.0
2019-11-06,1,47.3,53.1,42.3,41.5,46.5,37.0,9.5,18.3,274,2019-11-06T07:32,2019-11-06T17:47,36890.89,33265.51,0.00,0.00,0.00,0.0
2019-11-07,61,48.6,57.2,41.8,43.0,52.5,35.5,13.1,22.4,243,2019-11-07T07:33,2019-11-07T17:46,36753.70,8665.95,4.00,4.00,0.00,7.0
2019-11-08,51,36.1,41.3,30.9,25.3,32.3,22.0,19.8,35.6,322,2019-11-08T07:34,2019-11-08T17:45,36618.30,32959.61,0.10,0.10,0.00,1.0
2019-11-09,3,33.2,40.6,26.1,25.8,32.2,19.4,8.7,15.7,253,2019-11-09T07:35,2019-11-09T17:43,36484.84,32536.09,0.00,0.00,0.00,0.0
2019-11-10,3,41.1,52.0,32.4,34.7,44.8,25.9,9.5,17.9,228,2019-11-10T07:37,2019-11-10T17:42,36353.52,24481.95,0.00,0.00,0.00,0.0
2019-11-11,3,48.2,57.4,39.4,44.6,54.2,34.0,8.0,13.0,201,2019-11-11T07:38,2019-11-11T17:41,36224.49,32001.87,0.00,0.00,0.00,0.0
2019-11-12,73,41.3,54.0,27.3,32.5,47.9,15.7,16.3,29.8,300,2019-11-12T07:39,2019-11-12T17:41,36097.93,0.00,3.80,2.90,0.63,10.0
2019-11-13,3,28.2,34.2,23.6,17.3,23.5,11.5,16.2,30.9,316,2019-11-13T07:40,2019-11-13T17:40,35974.02,32099.13,0.00,0.00,0.00,0.0
2019-11-14,3,34.4,43.2,26.7,27.3,35.3,19.4,8.9,17.9,196,2019-11-14T07:41,2019-11-14T17:39,35852.94,29930.88,0.00,0.00,0.00,0.0
2019-11-15,3,39.9,50.7,30.3,32.7,42.2,24.0,12.6,20.8,265,2019-11-15T07:42,2019-11-15T17:38,35734.47,31665.08,0.00,0.00,0.00,0.0
2019-11-16,1,35.7,40.2,30.1,24.6,30.4,17.6,17.5,30.9,24,2019-11-16T07:44,2019-11-16T17:37,35617.40,31777.25,0.00,0.00,0.00,0.0
2019-11-17,3,34.8,39.9,27.7,24.2,29.1,17.2,16.6,28.9,30,2019-11-17T07:45,2019-11-17T17:36,35501.78,3990.92,0.00,0.00,0.00,0.0
2019-11-18,63,38.9,41.2,36.9,31.0,35.5,28.4,13.0,21.9,2,2019-11-18T07:46,2019-11-18T17:36,35387.73,0.00,8.80,8.80,0.00,14.0
2019-11-19,61,43.8,52.1,38.8,39.0,46.5,34.3,7.7,15.9,300,2019-11-19T07:47,2019-11-19T17:35,35275.41,31365.79,4.10,4.10,0.00,6.0
2019-11-20,3,41.7,47.2,37.9,34.5,38.9,31.5,11.7,21.3,335,2019-11-20T07:48,2019-11-20T17:34,35164.95,22989.91,0.00,0.00,0.00,0.0
2019-11-21,3,43.5,51.7,35.1,37.5,46.9,29.4,10.6,17.7,291,2019-11-21T07:49,2019-11-21T17:34,35056.52,30936.90,0.00,0.00,0.00,0.0
2019-11-22,61,45.5,52.9,38.2,37.5,45.9,29.2,17.8,30.9,256,2019-11-22T07:51,2019-11-22T17:33,34950.26,5288.17,3.00,3.00,0.00,4.0
2019-11-23,55,38.5,44.8,31.2,31.4,37.7,24.7,9.3,17.7,262,2019-11-23T07:52,2019-11-23T17:32,34846.31,30172.28,1.20,1.20,0.00,2.0
2019-11-24,63,42.0,45.6,38.7,34.3,39.1,30.1,17.6,31.5,334,2019-11-24T07:53,2019-11-24T17:32,34744.85,774.96,23.60,23.60,0.00,19.0
2019-11-25,3,42.5,51.5,35.6,35.8,45.6,27.5,12.0,19.9,251,2019-11-25T07:54,2019-11-25T17:31,34646.01,30920.50,0.00,0.00,0.00,0.0
2019-11-26,3,44.8,56.9,35.0,39.9,52.2,28.9,7.2,14.1,220,2019-11-26T07:55,2019-11-26T17:31,34549.97,30848.38,0.00,0.00,0.00,0.0
2019-11-27,53,49.1,57.7,37.4,44.4,52.8,32.5,15.5,34.0,205,2019-11-27T07:56,2019-11-27T17:30,34456.89,11494.23,1.10,1.10,0.00,3.0
2019-11-28,3,45.1,53.1,36.5,33.2,43.8,24.4,23.3,39.4,305,2019-11-28T07:57,2019-11-28T17:30,34366.92,19560.91,0.00,0.00,0.00,0.0
2019-11-29,3,34.6,41.9,29.7,25.0,33.0,19.7,17.1,29.5,334,2019-11-29T07:58,2019-11-29T17:30,34280.24,30600.55,0.00,0.00,0.00,0.0
2019-11-30,3,34.8,43.1,28.8,26.8,35.1,20.7,10.0,18.1,343,2019-11-30T07:59,2019-11-30T17:29,34197.00,29691.22,0.00,0.00,0.00,0.0
2019-12-01,73,32.0,38.7,27.0,22.7,27.9,18.1,21.6,36.5,45,2019-12-01T08:00,2019-12-01T17:29,34117.38,0.00,17.20,13.30,2.73,14.0
2019-12-02,75,34.7,37.4,32.4,24.2,27.8,20.8,19.6,36.5,3,2019-12-02T08:01,2019-12-02T17:29,34041.53,0.00,15.00,3.30,8.19,24.0
2019-12-03,73,32.8,38.1,28.9,22.0,26.5,19.6,17.2,30.0,313,2019-12-03T08:02,2019-12-03T17:29,33969.63,28678.65,2.50,0.00,1.75,8.0
2019-12-04,3,35.3,40.4,28.0,28.0,32.8,20.2,9.3,17.9,256,2019-12-04T08:03,2019-12-04T17:28,33901.86,9042.85,0.00,0.00,0.00,0.0
2019-12-05,3,37.0,41.8,32.7,27.4,31.4,24.8,19.5,33.3,284,2019-12-05T08:04,2019-12-05T17:28,33838.09,20725.97,0.00,0.00,0.00,0.0
2019-12-06,3,38.9,48.2,28.5,30.1,38.7,22.1,16.6,28.4,245,2019-12-06T08:05,2019-12-06T17:28,33777.57,23955.93,0.00,0.00,0.00,0.0
2019-12-07,3,32.7,37.2,27.2,23.6,26.9,20.1,14.1,27.3,322,2019-12-07T08:06,2019-12-07T17:28,33720.31,28730.14,0.00,0.00,0.00,0.0
2019-12-08,3,32.2,40.5,23.7,24.9,30.8,16.7,11.4,20.4,180,2019-12-08T08:07,2019-12-08T17:28,33666.38,28686.53,0.00,0.00,0.00,0.0
2019-12-09,63,46.9,52.5,39.7,42.3,48.7,33.4,17.4,38.9,206,2019-12-09T08:08,2019-12-09T17:28,33615.83,0.00,21.40,21.40,0.00,18.0
2019-12-10,55,52.6,56.7,43.5,47.7,52.5,35.3,17.6,29.1,240,2019-12-10T08:09,2019-12-10T17:28,33568.74,1822.13,8.80,8.80,0.00,17.0
2019-12-11,75,36.0,41.7,31.9,27.7,34.1,20.4,14.4,24.2,291,2019-12-11T08:09,2019-12-11T17:28,33525.17,12891.65,8.40,3.60,3.36,12.0
2019-12-12,3,29.7,34.7,25.4,21.0,28.1,16.6,13.6,23.3,310,2019-12-12T08:10,2019-12-12T17:28,33485.19,29719.35,0.00,0.00,0.00,0.0
2019-12-13,61,39.4,49.9,30.6,34.3,45.6,25.0,9.7,16.3,71,2019-12-13T08:11,2019-12-13T17:29,33448.86,0.00,14.60,14.60,0.00,12.0
2019-12-14,63,50.0,55.7,45.3,45.2,50.7,35.8,17.4,29.5,281,2019-12-14T08:12,2019-12-14T17:29,33416.26,3600.00,22.10,22.10,0.00,17.0
2019-12-15,3,42.1,47.5,34.8,31.9,36.8,27.2,20.1,35.1,267,2019-12-15T08:13,2019-12-15T17:29,33387.42,27287.40,0.00,0.00,0.00,0.0
2019-12-16,73,34.4,36.0,31.2,27.8,30.5,24.6,8.1,15.2,306,2019-12-16T08:13,2019-12-16T17:29,33362.42,36.63,1.30,0.20,0.77,3.0
2019-12-17,73,33.2,33.9,31.2,25.2,26.9,21.8,13.5,38.7,28,2019-12-17T08:14,2019-12-17T17:30,33341.32,0.00,25.10,22.30,1.96,22.0
2019-12-18,71,32.2,38.6,24.3,21.9,26.7,11.3,19.1,33.1,287,2019-12-18T08:15,2019-12-18T17:30,33324.17,29297.85,0.30,0.00,0.21,2.0
2019-12-19,2,21.5,27.2,16.4,9.0,14.5,2.8,21.2,36.0,298,2019-12-19T08:15,2019-12-19T17:30,33311.03,29231.59,0.00,0.00,0.00,0.0
2019-12-20,0,26.1,34.9,22.0,16.5,24.7,11.8,10.9,20.1,316,2019-12-20T08:16,2019-12-20T17:31,33301.94,29242.05,0.00,0.00,0.00,0.0
2019-12-21,3,26.7,32.9,21.9,19.3,25.5,13.0,9.2,15.7,7,2019-12-21T08:16,2019-12-21T17:31,33296.97,24490.60,0.00,0.00,0.00,0.0
2019-12-22,1,33.2,47.7,24.8,25.3,38.8,17.5,11.2,19.5,246,2019-12-22T08:17,2019-12-22T17:32,33296.16,29170.42,0.00,0.00,0.00,0.0
2019-12-23,3,39.9,52.9,31.2,32.7,45.8,23.9,10.9,19.5,240,2019-12-23T08:17,2019-12-23T17:32,33299.55,29100.09,0.00,0.00,0.00,0.0
2019-12-24,3,38.2,45.5,32.3,30.1,36.5,23.6,13.3,23.9,348,2019-12-24T08:18,2019-12-24T17:33,33307.20,29034.26,0.00,0.00,0.00,0.0
2019-12-25,3,33.4,43.2,26.2,27.1,37.6,19.3,6.2,12.8,6,2019-12-25T08:18,2019-12-25T17:33,33319.17,29139.37,0.00,0.00,0.00,0.0
2019-12-26,51,37.2,44.9,29.2,31.3,38.9,23.8,7.4,14.8,43,2019-12-26T08:18,2019-12-26T17:34,33335.54,23483.72,0.30,0.30,0.00,3.0
2019-12-27,51,45.9,50.1,42.3,41.0,45.2,37.9,10.1,16.8,208,2019-12-27T08:19,2019-12-27T17:35,33356.24,9493.31,0.10,0.10,0.00,1.0
2019-12-28,3,42.7,48.2,35.0,36.8,41.6,29.0,11.7,21.3,311,2019-12-28T08:19,2019-12-28T17:35,33381.21,28902.91,0.00,0.00,0.00,0.0
2019-12-29,55,37.4,42.3,31.6,31.3,37.0,24.5,7.8,13.2,55,2019-12-29T08:19,2019-12-29T17:36,33410.34,8219.74,4.80,4.80,0.00,10.0
2019-12-30,61,40.3,41.9,37.9,31.9,35.1,28.1,17.6,32.7,53,2019-12-30T08:19,2019-12-30T17:37,33443.55,0.00,22.70,22.70,0.00,23.0
2019-12-31,51,39.3,44.2,36.1,32.5,36.9,28.3,14.6,25.9,298,2019-12-31T08:20,2019-12-31T17:38,33480.77,12852.25,0.20,0.20,0.00,2.0
2020-01-01,3,36.4,40.2,31.3,26.5,32.0,23.1,17.5,30.9,271,2020-01-01T08:20,2020-01-01T17:38,33521.89,14262.91,0.00,0.00,0.00,0.0
2020-01-02,3,36.6,48.4,28.3,29.2,41.0,20.8,10.7,19.5,228,2020-01-02T08:20,2020-01-02T17:39,33566.84,25439.16,0.00,0.00,0.00,0.0
2020-01-03,53,44.0,49.1,36.3,39.5,45.1,29.5,7.7,12.1,235,2020-01-03T08:20,2020-01-03T17:40,33615.52,3947.57,4.00,4.00,0.00,12.0
2020-01-04,53,46.1,50.4,42.3,42.6,47.3,33.4,15.5,25.7,298,2020-01-04T08:20,2020-01-04T17:41,33667.84,0.00,6.20,6.20,0.00,19.0
2020-01-05,53,37.1,41.6,29.7,25.9,30.3,22.5,23.0,40.9,308,2020-01-05T08:20,2020-01-05T17:42,33723.71,25571.97,0.90,0.90,0.00,3.0
2020-01-06,73,37.3,46.1,31.5,28.7,35.1,24.6,16.1,28.6,248,2020-01-06T08:20,2020-01-06T17:43,33783.04,24867.40,1.30,0.00,0.91,4.0
2020-01-07,71,36.9,43.2,31.1,29.4,37.2,23.0,11.8,20.6,255,2020-01-07T08:20,2020-01-07T17:44,33845.72,21600.00,0.80,0.60,0.14,5.0
2020-01-08,71,34.1,41.4,29.4,23.5,28.7,17.2,20.6,41.2,277,2020-01-08T08:20,2020-01-08T17:45,33911.68,29515.89,0.10,0.00,0.07,1.0
2020-01-09,3,28.4,33.3,23.4,19.3,26.8,12.7,14.4,24.6,295,2020-01-09T08:19,2020-01-09T17:46,33980.81,29060.71,0.00,0.00,0.00,0.0
2020-01-10,3,41.2,52.3,30.3,33.7,45.1,21.9,15.4,25.3,222,2020-01-10T08:19,2020-01-10T17:47,34053.02,11888.93,0.00,0.00,0.00,0.0
2020-01-11,51,57.2,65.3,46.4,51.3,58.6,42.3,21.2,36.5,204,2020-01-11T08:19,2020-01-11T17:48,34128.23,22545.56,0.20,0.20,0.00,2.0
2020-01-12,61,58.8,66.1,44.4,51.6,58.8,37.4,28.3,59.5,233,2020-01-12T08:19,2020-01-12T17:49,34206.32,27025.32,2.70,2.70,0.00,5.0
2020-01-13,51,41.0,48.3,34.4,35.5,46.5,27.1,11.5,18.8,34,2020-01-13T08:18,2020-01-13T17:50,34287.22,2171.02,0.20,0.20,0.00,2.0
2020-01-14,51,39.8,44.4,34.1,34.7,38.6,29.6,9.5,17.7,84,2020-01-14T08:18,2020-01-14T17:51,34371.14,294.04,0.30,0.30,0.00,2.0
2020-01-15,51,42.6,49.2,37.6,37.0,43.1,31.5,10.0,19.2,286,2020-01-15T08:18,2020-01-15T17:52,34458.96,30185.75,0.10,0.10,0.00,1.0
2020-01-16,53,42.5,47.8,34.7,32.7,39.4,21.8,24.1,45.9,290,2020-01-16T08:17,2020-01-16T17:53,34550.57,29269.63,1.80,1.80,0.00,9.0
2020-01-17,3,26.7,33.7,22.6,13.8,19.3,9.2,21.7,37.8,327,2020-01-17T08:17,2020-01-17T17:54,34645.79,30735.48,0.00,0.00,0.00,0.0
2020-01-18,75,26.6,36.7,21.0,17.7,27.8,11.4,15.1,25.1,206,2020-01-18T08:16,2020-01-18T17:55,34744.45,1714.77,8.40,0.60,5.46,10.0
2020-01-19,53,37.3,45.0,30.1,27.8,34.2,20.2,17.8,29.1,280,2020-01-19T08:16,2020-01-19T17:57,34846.35,24281.85,1.50,1.50,0.00,4.0
2020-01-20,3,25.2,30.7,19.5,13.7,18.9,7.7,16.2,29.3,330,2020-01-20T08:15,2020-01-20T17:58,34951.32,31077.53,0.00,0.00,0.00,0.0
2020-01-21,3,26.0,34.4,20.4,17.3,24.9,10.6,10.8,18.6,328,2020-01-21T08:15,2020-01-21T17:59,35059.20,31250.14,0.00,0.00,0.00,0.0
2020-01-22,2,28.2,37.6,22.6,21.0,30.4,15.5,5.8,10.5,260,2020-01-22T08:14,2020-01-22T18:00,35169.80,31347.25,0.00,0.00,0.00,0.0
2020-01-23,3,32.3,44.9,24.3,25.1,37.2,16.6,6.1,11.2,240,2020-01-23T08:13,2020-01-23T18:01,35282.95,25880.32,0.00,0.00,0.00,0.0
2020-01-24,3,37.4,49.5,27.4,30.9,42.6,20.6,7.9,15.0,72,2020-01-24T08:13,2020-01-24T18:03,35398.50,30180.95,0.00,0.00,0.00,0.0
2020-01-25,63,41.4,49.7,33.9,33.3,44.3,26.3,21.3,41.6,85,2020-01-25T08:12,2020-01-25T18:04,35516.26,0.00,25.50,25.50,0.00,9.0
2020-01-26,3,39.4,46.5,33.7,31.6,36.6,27.2,14.1,25.5,263,2020-01-26T08:11,2020-01-26T18:05,35636.08,26867.06,0.00,0.00,0.00,0.0
2020-01-27,3,38.1,45.4,31.5,29.8,36.0,22.8,13.9,24.8,255,2020-01-27T08:10,2020-01-27T18:06,35757.80,19033.23,0.00,0.00,0.00,0.0
2020-01-28,3,37.6,42.1,31.5,28.4,32.0,23.7,13.9,25.1,308,2020-01-28T08:09,2020-01-28T18:08,35881.26,11366.53,0.00,0.00,0.00,0.0
2020-01-29,3,33.4,40.2,28.0,24.5,30.7,20.4,11.8,20.8,333,2020-01-29T08:09,2020-01-29T18:09,36006.31,31819.04,0.00,0.00,0.00,0.0
2020-01-30,3,28.8,34.6,22.4,20.9,28.5,12.3,10.1,17.4,22,2020-01-30T08:08,2020-01-30T18:10,36132.79,31106.44,0.00,0.00,0.00,0.0
2020-01-31,53,36.1,43.8,27.4,30.5,37.9,20.9,7.4,14.8,83,2020-01-31T08:07,2020-01-31T18:11,36260.57,15074.53,1.00,1.00,0.00,3.0
2020-02-01,51,36.8,42.3,30.8,32.5,38.5,25.2,4.1,9.6,359,2020-02-01T08:06,2020-02-01T18:12,36389.48,0.00,0.40,0.40,0.00,3.0
2020-02-02,73,37.3,43.3,33.1,30.5,34.6,27.9,12.6,22.8,271,2020-02-02T08:05,2020-02-02T18:14,36519.39,13891.37,3.20,2.30,0.63,17.0
2020-02-03,71,42.6,54.7,32.4,36.6,47.3,26.0,11.5,21.7,245,2020-02-03T08:04,2020-02-03T18:15,36650.59,32364.74,0.50,0.40,0.07,2.0
2020-02-04,53,45.0,55.9,37.1,40.7,51.4,31.9,10.9,18.1,255,2020-02-04T08:03,2020-02-04T18:16,36784.31,5599.87,2.30,2.30,0.00,8.0
2020-02-05,51,41.2,48.6,38.4,34.4,46.3,30.8,13.2,21.5,10,2020-02-05T08:02,2020-02-05T18:17,36920.48,0.00,0.80,0.80,0.00,6.0
2020-02-06,63,40.1,44.1,36.1,34.7,41.1,29.5,11.9,19.7,62,2020-02-06T08:01,2020-02-06T18:19,37058.93,0.00,16.10,16.10,0.00,21.0
2020-02-07,73,41.3,57.5,34.0,32.8,49.6,22.5,28.9,50.3,267,2020-02-07T08:00,2020-02-07T18:20,37199.49,19133.07,10.20,9.60,0.42,17.0
2020-02-08,3,33.9,41.0,28.0,23.9,30.3,18.4,16.3,28.9,272,2020-02-08T07:59,2020-02-08T18:21,37341.99,27373.08,0.00,0.00,0.00,0.0
2020-02-09,3,34.8,44.1,28.4,28.6,39.1,21.7,8.2,15.4,51,2020-02-09T07:57,2020-02-09T18:22,37486.25,32448.21,0.00,0.00,0.00,0.0
2020-02-10,61,42.2,48.3,37.3,35.1,40.0,29.7,15.8,26.8,211,2020-02-10T07:56,2020-02-10T18:23,37632.11,209.05,9.80,9.80,0.00,19.0
2020-02-11,61,43.4,45.9,41.0,39.6,43.1,36.1,10.1,17.7,336,2020-02-11T07:55,2020-02-11T18:25,37779.43,2840.47,9.10,9.10,0.00,17.0
2020-02-12,51,40.1,45.3,33.9,32.0,37.7,24.5,14.5,23.9,263,2020-02-12T07:54,2020-02-12T18:26,37928.03,26987.28,0.30,0.30,0.00,2.0
2020-02-13,61,40.0,44.1,36.3,34.6,40.4,29.2,13.3,22.4,288,2020-02-13T07:52,2020-02-13T18:27,38077.77,0.00,19.60,19.60,0.00,18.0
2020-02-14,3,30.3,37.7,20.0,19.2,28.9,8.1,16.9,30.2,319,2020-02-14T07:51,2020-02-14T18:28,38228.50,34817.15,0.00,0.00,0.00,0.0
2020-02-15,3,22.3,29.4,15.7,12.9,20.2,5.9,13.0,23.0,190,2020-02-15T07:50,2020-02-15T18:30,38380.06,34441.82,0.00,0.00,0.00,0.0
2020-02-16,3,35.0,46.1,26.6,27.0,37.8,16.9,10.4,18.3,225,2020-02-16T07:49,2020-02-16T18:31,38532.32,23049.94,0.00,0.00,0.00,0.0
2020-02-17,3,38.8,49.9,30.2,32.4,43.9,23.5,9.5,15.2,328,2020-02-17T07:47,2020-02-17T18:32,38685.13,35100.86,0.00,0.00,0.00,0.0
2020-02-18,51,40.4,49.0,33.2,34.0,45.9,24.5,11.0,18.8,82,2020-02-18T07:46,2020-02-18T18:33,38838.36,531.72,1.30,1.30,0.00,6.0
2020-02-19,3,41.0,46.8,31.4,32.4,39.0,23.5,15.4,28.0,309,2020-02-19T07:44,2020-02-19T18:34,38991.86,35322.07,0.00,0.00,0.00,0.0
2020-02-20,3,31.7,38.1,26.4,23.0,27.9,16.7,12.1,22.6,319,2020-02-20T07:43,2020-02-20T18:36,39145.50,32126.99,0.00,0.00,0.00,0.0
2020-02-21,0,27.4,35.5,20.7,18.2,27.1,11.3,12.0,21.0,332,2020-02-21T07:42,2020-02-21T18:37,39299.14,35619.70,0.00,0.00,0.00,0.0
2020-02-22,1,35.3,48.2,26.0,26.0,37.7,16.8,13.7,24.8,249,2020-02-22T07:40,2020-02-22T18:38,39452.67,35782.79,0.00,0.00,0.00,0.0
2020-02-23,1,39.8,53.7,27.4,31.7,43.9,19.5,11.3,20.8,241,2020-02-23T07:39,2020-02-23T18:39,39606.36,36023.13,0.00,0.00,0.00,0.0
2020-02-24,3,42.0,55.5,29.9,35.6,48.9,22.7,9.2,17.4,194,2020-02-24T07:38,2020-02-24T18:40,39761.45,33611.16,0.00,0.00,0.00,0.0
2020-02-25,61,45.5,50.4,40.4,41.6,47.4,35.5,7.3,11.6,191,2020-02-25T07:36,2020-02-25T18:41,39917.93,2914.53,2.70,2.70,0.00,11.0
2020-02-26,51,45.3,50.8,42.0,40.7,46.1,36.1,13.0,21.0,74,2020-02-26T07:35,2020-02-26T18:43,40075.64,1625.83,0.10,0.10,0.00,1.0
2020-02-27,63,40.1,47.7,30.6,27.8,41.0,17.4,24.8,43.4,263,2020-02-27T07:33,2020-02-27T18:44,40234.48,36815.60,12.10,12.10,0.00,8.0
2020-02-28,3,33.2,41.2,27.5,21.4,26.8,15.1,21.6,39.1,256,2020-02-28T07:32,2020-02-28T18:45,40394.29,36810.18,0.00,0.00,0.00,0.0
2020-02-29,3,30.2,36.9,25.2,19.1,23.0,15.4,19.0,33.8,283,2020-02-29T07:30,2020-02-29T18:46,40554.97,36356.90,0.00,0.00,0.00,0.0
2020-03-01,2,32.3,44.6,24.0,22.7,34.1,13.5,14.1,26.6,292,2020-03-01T07:29,2020-03-01T18:47,40716.39,37253.50,0.00,0.00,0.00,0.0
2020-03-02,3,43.7,56.7,29.7,36.1,50.5,22.3,18.2,30.0,199,2020-03-02T07:27,2020-03-02T18:48,40878.42,36154.82,0.00,0.00,0.00,0.0
2020-03-03,61,49.3,56.7,44.0,44.3,52.5,38.7,15.9,30.2,199,2020-03-03T07:25,2020-03-03T18:49,41040.94,21600.00,6.60,6.60,0.00,10.0
2020-03-04,63,47.9,55.9,41.4,38.0,43.4,31.6,21.3,38.5,271,2020-03-04T07:24,2020-03-04T18:51,41203.84,37568.70,3.30,3.30,0.00,2.0
2020-03-05,3,42.0,51.3,34.6,34.6,44.9,26.0,12.2,21.0,288,2020-03-05T07:22,2020-03-05T18:52,41366.99,36509.04,0.00,0.00,0.00,0.0
2020-03-06,53,39.6,45.1,32.8,32.9,38.2,27.0,13.3,23.0,46,2020-03-06T07:21,2020-03-06T18:53,41530.29,8616.85,4.20,4.20,0.00,11.0
2020-03-07,51,39.2,47.2,34.2,29.2,35.2,24.3,17.4,31.8,340,2020-03-07T07:19,2020-03-07T18:54,41693.62,34427.25,0.50,0.50,0.00,2.0
2020-03-08,2,42.1,57.2,27.9,33.7,48.0,20.4,13.3,24.2,256,2020-03-08T07:17,2020-03-08T18:55,41856.85,38236.16,0.00,0.00,0.00,0.0
2020-03-09,3,52.6,68.5,38.7,44.5,60.3,31.6,13.3,23.5,230,2020-03-09T07:16,2020-03-09T18:56,42019.89,38496.65,0.00,0.00,0.00,0.0
2020-03-10,51,54.7,60.9,47.6,48.2,54.2,40.5,17.4,29.8,228,2020-03-10T07:14,2020-03-10T18:57,42182.61,7656.74,0.30,0.30,0.00,3.0
2020-03-11,3,47.3,54.9,37.2,41.6,50.3,31.5,16.4,27.1,332,2020-03-11T07:13,2020-03-11T18:58,42344.89,34674.12,0.00,0.00,0.00,0.0
2020-03-12,51,42.8,48.5,35.6,37.1,42.1,30.7,11.4,19.0,95,2020-03-12T07:11,2020-03-12T18:59,42506.64,9662.62,0.70,0.70,0.00,3.0
2020-03-13,61,54.9,67.7,44.9,47.7,60.7,38.4,21.9,36.5,224,2020-03-13T07:09,2020-03-13T19:01,42667.74,20988.19,10.60,10.60,0.00,12.0
2020-03-14,51,47.2,54.8,39.4,38.4,46.7,29.8,14.1,23.7,306,2020-03-14T07:08,2020-03-14T19:02,42828.46,37497.35,0.10,0.10,0.00,1.0
2020-03-15,51,44.6,52.6,36.7,37.9,45.9,30.8,8.4,16.3,3,2020-03-15T07:06,2020-03-15T19:03,42989.93,38222.59,0.30,0.30,0.00,3.0
2020-03-16,3,37.5,44.2,29.1,28.7,37.6,19.4,13.8,25.3,80,2020-03-16T07:04,2020-03-16T19:04,43152.14,37678.18,0.00,0.00,0.00,0.0
2020-03-17,73,44.8,54.1,38.9,39.6,47.7,31.6,11.9,21.0,213,2020-03-17T07:03,2020-03-17T19:05,43315.00,20743.24,6.20,5.20,0.70,9.0
2020-03-18,3,43.5,50.4,33.6,36.9,45.9,27.2,11.6,21.5,176,2020-03-18T07:01,2020-03-18T19:06,43478.40,36349.10,0.00,0.00,0.00,0.0
2020-03-19,63,47.2,54.9,40.8,42.5,53.4,32.7,13.0,22.6,67,2020-03-19T07:00,2020-03-19T19:07,43642.23,13645.66,17.90,17.90,0.00,10.0
2020-03-20,61,58.6,74.8,44.8,54.5,69.2,41.5,22.8,37.8,224,2020-03-20T06:58,2020-03-20T19:08,43806.39,16243.82,3.80,3.80,0.00,6.0
2020-03-21,3,47.4,63.1,40.0,38.9,58.7,30.2,16.4,28.6,352,2020-03-21T06:56,2020-03-21T19:09,43970.79,35523.65,0.00,0.00,0.00,0.0
2020-03-22,3,36.9,43.1,31.4,27.2,36.2,20.3,13.6,24.8,58,2020-03-22T06:55,2020-03-22T19:10,44135.31,35471.20,0.00,0.00,0.00,0.0
2020-03-23,73,37.5,41.9,36.0,28.4,34.5,26.5,17.1,33.1,61,2020-03-23T06:53,2020-03-23T19:11,44299.87,0.00,29.60,27.80,1.26,16.0
2020-03-24,3,44.0,57.6,33.5,37.5,51.8,26.8,13.2,23.5,345,2020-03-24T06:51,2020-03-24T19:12,44464.34,41297.38,0.00,0.00,0.00,0.0
2020-03-25,51,41.8,46.5,37.6,33.9,38.4,29.7,16.6,29.5,54,2020-03-25T06:49,2020-03-25T19:13,44628.63,6746.77,0.50,0.50,0.00,3.0
2020-03-26,3,44.2,57.2,33.3,38.5,52.2,27.6,13.2,23.9,200,2020-03-26T06:48,2020-03-26T19:14,44792.64,41624.19,0.00,0.00,0.00,0.0
2020-03-27,51,53.9,65.0,46.0,48.3,59.5,40.1,10.4,19.9,312,2020-03-27T06:46,2020-03-27T19:16,44956.25,39313.01,0.20,0.20,0.00,2.0
2020-03-28,63,46.4,50.3,42.3,40.7,45.6,35.1,10.9,21.5,60,2020-03-28T06:44,2020-03-28T19:17,45119.37,614.28,15.40,15.40,0.00,14.0
2020-03-29,61,47.9,53.4,44.8,42.3,49.7,37.5,14.7,24.4,44,2020-03-29T06:43,2020-03-29T19:18,45281.89,0.00,3.40,3.40,0.00,11.0
2020-03-30,61,46.1,53.6,39.7,42.1,51.0,35.5,8.6,29.5,101,2020-03-30T06:41,2020-03-30T19:19,45443.70,32936.61,5.00,5.00,0.00,8.0
2020-03-31,51,43.1,47.6,40.4,37.5,42.4,33.7,10.8,18.3,88,2020-03-31T06:40,2020-03-31T19:20,45604.68,6292.67,2.10,2.10,0.00,9.0
2020-04-01,3,44.8,54.9,36.9,37.4,45.9,28.5,11.9,22.1,24,2020-04-01T06:38,2020-04-01T19:21,45764.74,39514.07,0.00,0.00,0.00,0.0
2020-04-02,3,47.2,56.7,37.0,36.2,45.4,26.6,21.4,37.4,326,2020-04-02T06:36,2020-04-02T19:22,45923.75,36547.44,0.00,0.00,0.00,0.0
2020-04-03,73,47.2,50.8,42.8,38.1,41.7,33.3,18.5,31.5,343,2020-04-03T06:35,2020-04-03T19:23,46081.98,33.86,9.20,8.70,0.35,17.0
2020-04-04,51,49.4,58.4,45.0,43.9,53.5,38.5,12.2,23.0,24,2020-04-04T06:33,2020-04-04T19:24,46240.47,12466.33,0.70,0.70,0.00,4.0
2020-04-05,3,50.6,61.1,42.3,47.2,57.8,38.5,10.9,21.9,176,2020-04-05T06:32,2020-04-05T19:25,46399.24,35190.02,0.00,0.00,0.00,0.0
2020-04-06,53,53.6,63.8,45.8,48.6,58.8,41.4,10.8,19.0,330,2020-04-06T06:30,2020-04-06T19:26,46558.17,43200.00,1.40,1.40,0.00,3.0
2020-04-07,51,53.2,63.2,45.5,47.2,60.6,39.4,13.9,26.4,219,2020-04-07T06:28,2020-04-07T19:27,46717.18,43200.00,0.30,0.30,0.00,1.0
2020-04-08,63,55.5,66.5,47.7,52.0,64.6,43.9,11.3,21.9,324,2020-04-08T06:27,2020-04-08T19:28,46876.15,41753.62,5.60,5.60,0.00,5.0
2020-04-09,61,50.2,61.9,44.1,43.6,57.3,35.3,20.9,46.5,249,2020-04-09T06:25,2020-04-09T19:29,47035.00,20610.96,9.60,9.60,0.00,8.0
2020-04-10,71,43.7,48.9,38.6,31.2,35.4,26.5,24.3,47.0,285,2020-04-10T06:24,2020-04-10T19:30,47193.60,41989.43,1.40,1.30,0.07,4.0
2020-04-11,3,44.6,52.6,36.3,34.6,42.7,25.9,17.8,32.0,284,2020-04-11T06:22,2020-04-11T19:31,47351.86,37285.72,0.00,0.00,0.00,0.0
2020-04-12,3,49.5,60.2,36.3,43.1,53.2,30.0,17.9,30.9,161,2020-04-12T06:20,2020-04-12T19:32,47509.68,36058.91,0.00,0.00,0.00,0.0
2020-04-13,63,59.1,66.1,54.3,51.7,61.0,45.9,31.6,68.2,192,2020-04-13T06:19,2020-04-13T19:33,47666.93,5714.07,41.50,41.50,0.00,19.0
2020-04-14,3,50.7,56.5,43.6,43.9,51.9,34.6,14.7,26.2,303,2020-04-14T06:17,2020-04-14T19:34,47823.52,38221.04,0.00,0.00,0.00,0.0
2020-04-15,51,45.7,52.0,40.5,37.8,44.4,31.9,15.7,29.8,301,2020-04-15T06:16,2020-04-15T19:35,47979.32,32438.96,1.50,1.50,0.00,6.0
2020-04-16,51,43.6,48.5,38.4,33.7,36.7,29.6,17.3,31.3,287,2020-04-16T06:14,2020-04-16T19:36,48134.23,43236.88,0.20,0.20,0.00,2.0
2020-04-17,53,41.1,50.9,31.5,33.8,41.5,24.9,13.1,24.4,259,2020-04-17T06:13,2020-04-17T19:38,48288.12,29522.41,1.70,1.70,0.00,7.0
2020-04-18,55,43.7,48.0,39.3,37.2,41.6,30.8,16.2,29.3,356,2020-04-18T06:11,2020-04-18T19:39,48440.88,8507.12,8.10,8.10,0.00,15.0
2020-04-19,3,48.1,60.3,35.1,39.8,51.2,27.7,19.6,34.2,233,2020-04-19T06:10,2020-04-19T19:40,48592.39,36971.59,0.00,0.00,0.00,0.0
2020-04-20,3,49.1,53.8,43.2,42.2,47.8,37.2,13.4,23.9,354,2020-04-20T06:08,2020-04-20T19:41,48742.51,11126.38,0.00,0.00,0.00,0.0
2020-04-21,63,48.4,60.3,41.1,41.2,53.4,30.6,17.3,44.1,240,2020-04-21T06:07,2020-04-21T19:42,48891.13,32394.78,6.90,6.90,0.00,9.0
2020-04-22,3,41.5,49.5,33.7,30.4,36.9,24.7,19.7,34.4,293,2020-04-22T06:05,2020-04-22T19:43,49038.11,45285.77,0.00,0.00,0.00,0.0
2020-04-23,51,42.2,50.1,34.0,36.0,45.0,27.3,9.4,18.1,182,2020-04-23T06:04,2020-04-23T19:44,49183.66,21673.48,0.30,0.30,0.00,2.0
2020-04-24,63,45.4,48.6,41.1,39.3,44.6,35.8,16.0,27.7,26,2020-04-24T06:03,2020-04-24T19:45,49328.84,0.00,15.60,15.60,0.00,17.0
2020-04-25,3,49.2,62.3,37.6,44.7,62.5,32.3,11.3,21.5,163,2020-04-25T06:01,2020-04-25T19:46,49473.61,44797.50,0.00,0.00,0.00,0.0
2020-04-26,55,46.6,49.5,43.2,39.5,43.0,34.8,22.8,38.9,48,2020-04-26T06:00,2020-04-26T19:47,49617.87,0.00,8.80,8.80,0.00,17.0
2020-04-27,51,43.6,47.2,40.3,34.9,37.8,31.8,16.8,29.1,358,2020-04-27T05:59,2020-04-27T19:48,49761.50,0.00,1.40,1.40,0.00,10.0
2020-04-28,3,49.3,64.0,36.5,43.8,57.6,30.2,13.9,25.1,317,2020-04-28T05:57,2020-04-28T19:49,49904.39,41694.32,0.00,0.00,0.00,0.0
2020-04-29,53,48.3,56.9,39.8,42.2,49.2,35.6,16.0,28.6,97,2020-04-29T05:56,2020-04-29T19:50,50046.41,15388.34,1.50,1.50,0.00,6.0
2020-04-30,63,55.3,60.2,49.3,47.3,52.3,41.6,27.0,52.6,136,2020-04-30T05:55,2020-04-30T19:51,50187.46,13763.63,24.60,24.60,0.00,21.0
2020-05-01,63,57.6,65.7,52.3,55.5,65.7,50.0,13.1,30.4,314,2020-05-01T05:53,2020-05-01T19:52,50327.42,38528.64,10.80,10.80,0.00,15.0
2020-05-02,3,59.8,71.1,48.5,53.5,65.7,41.9,16.6,28.0,306,2020-05-02T05:52,2020-05-02T19:53,50466.14,46371.04,0.00,0.00,0.00,0.0
2020-05-03,63,64.1,76.6,52.4,60.9,74.1,48.5,11.8,22.4,240,2020-05-03T05:51,2020-05-03T19:54,50603.52,42145.11,4.70,4.70,0.00,3.0
2020-05-04,51,59.6,68.6,48.9,53.7,65.5,41.8,19.7,35.6,316,2020-05-04T05:50,2020-05-04T19:55,50739.41,43943.50,0.50,0.50,0.00,3.0
2020-05-05,3,51.5,59.4,44.4,44.6,54.3,36.1,13.3,24.4,303,2020-05-05T05:48,2020-05-05T19:56,50873.69,42571.88,0.00,0.00,0.00,0.0
2020-05-06,53,48.1,53.2,44.0,42.6,45.6,39.1,12.0,21.5,74,2020-05-06T05:47,2020-05-06T19:57,51006.21,8528.70,3.40,3.40,0.00,8.0
2020-05-07,3,53.3,63.0,42.3,46.3,54.2,35.7,14.4,25.1,295,2020-05-07T05:46,2020-05-07T19:58,51136.85,46118.70,0.00,0.00,0.00,0.0
2020-05-08,61,47.9,52.1,42.3,42.9,47.7,37.6,8.6,15.2,324,2020-05-08T05:45,2020-05-08T19:59,51265.46,7588.01,9.50,9.50,0.00,13.0
2020-05-09,71,40.9,46.9,33.4,28.9,35.4,20.8,22.8,40.7,298,2020-05-09T05:44,2020-05-09T20:00,51391.89,47812.81,2.40,2.00,0.28,5.0
2020-05-10,3,49.3,61.2,37.0,40.1,51.1,27.9,18.9,33.6,249,2020-05-10T05:43,2020-05-10T20:01,51516.00,47114.43,0.00,0.00,0.00,0.0
2020-05-11,55,50.9,59.4,42.9,44.9,54.6,37.0,15.9,30.0,251,2020-05-11T05:42,2020-05-11T20:02,51637.64,37569.11,2.50,2.50,0.00,5.0
2020-05-12,3,49.1,59.1,41.2,40.2,48.8,33.2,19.0,33.3,297,2020-05-12T05:41,2020-05-12T20:03,51756.66,47497.21,0.00,0.00,0.00,0.0
2020-05-13,3,49.3,60.9,37.0,42.0,52.0,30.6,15.6,28.6,310,2020-05-13T05:40,2020-05-13T20:04,51873.23,48428.53,0.00,0.00,0.00,0.0
2020-05-14,3,53.2,61.7,39.0,48.5,59.0,33.2,11.6,21.3,158,2020-05-14T05:39,2020-05-14T20:05,51988.25,47471.70,0.00,0.00,0.00,0.0
2020-05-15,61,68.9,82.3,54.9,67.4,82.4,53.4,14.6,32.9,236,2020-05-15T05:38,2020-05-15T20:06,52101.70,42380.83,3.80,3.80,0.00,5.0
2020-05-16,53,66.9,74.6,60.1,65.3,75.6,57.4,14.3,24.2,318,2020-05-16T05:37,2020-05-16T20:07,52213.46,48744.21,1.20,1.20,0.00,6.0
2020-05-17,3,56.6,62.1,50.9,53.1,60.0,48.3,11.4,22.1,131,2020-05-17T05:36,2020-05-17T20:08,52323.43,48831.11,0.00,0.00,0.00,0.0
2020-05-18,3,59.1,69.0,50.9,55.6,67.4,48.1,12.5,20.8,71,2020-05-18T05:35,2020-05-18T20:09,52431.48,42905.82,0.00,0.00,0.00,0.0
2020-05-19,3,57.9,65.3,51.3,50.2,56.8,45.0,19.9,35.3,66,2020-05-19T05:34,2020-05-19T20:10,52537.52,46317.64,0.00,0.00,0.00,0.0
2020-05-20,3,54.5,63.4,46.7,48.5,59.7,42.8,13.0,24.4,87,2020-05-20T05:34,2020-05-20T20:11,52641.40,43886.90,0.00,0.00,0.00,0.0
2020-05-21,1,53.0,61.2,43.1,50.1,61.1,38.9,10.4,21.9,140,2020-05-21T05:33,2020-05-21T20:12,52743.04,49233.05,0.00,0.00,0.00,0.0
2020-05-22,61,61.9,72.1,53.1,61.7,73.0,51.6,12.1,21.9,172,2020-05-22T05:32,2020-05-22T20:13,52842.28,37088.51,3.10,3.10,0.00,4.0
2020-05-23,55,61.5,68.9,54.1,61.8,72.1,48.7,17.3,31.5,59,2020-05-23T05:31,2020-05-23T20:14,52939.02,4932.08,12.10,12.10,0.00,18.0
2020-05-24,3,57.4,66.3,50.6,53.5,67.4,43.1,11.9,21.7,69,2020-05-24T05:31,2020-05-24T20:15,53033.13,49237.72,0.00,0.00,0.00,0.0
2020-05-25,3,59.9,68.3,54.9,59.6,70.2,52.1,7.6,15.0,83,2020-05-25T05:30,2020-05-25T20:15,53124.50,23803.42,0.00,0.00,0.00,0.0
2020-05-26,3,62.6,71.7,55.4,64.1,75.5,55.8,9.5,18.8,157,2020-05-26T05:29,2020-05-26T20:16,53212.98,37847.30,0.00,0.00,0.00,0.0
2020-05-27,3,63.9,72.4,58.8,65.0,75.3,59.5,12.2,23.3,158,2020-05-27T05:29,2020-05-27T20:17,53298.45,26916.73,0.00,0.00,0.00,0.0
2020-05-28,51,66.4,73.6,60.8,67.5,75.0,62.0,17.0,30.2,157,2020-05-28T05:28,2020-05-28T20:18,53380.80,21895.61,0.90,0.90,0.00,6.0
2020-05-29,51,72.3,78.9,64.6,75.3,83.2,65.6,12.6,28.0,178,2020-05-29T05:28,2020-05-29T20:19,53459.88,33665.96,1.00,1.00,0.00,5.0
2020-05-30,63,72.5,79.4,68.1,72.5,78.4,64.8,12.0,21.3,285,2020-05-30T05:27,2020-05-30T20:20,53535.56,48645.53,4.60,4.60,0.00,2.0
2020-05-31,2,61.9,69.3,55.2,54.9,62.8,48.4,18.5,32.9,329,2020-05-31T05:27,2020-05-31T20:20,53607.72,49860.71,0.00,0.00,0.00,0.0
2020-06-01,51,59.0,67.7,48.7,53.5,62.5,43.9,14.0,27.1,315,2020-06-01T05:26,2020-06-01T20:21,53676.23,48513.58,0.30,0.30,0.00,2.0
2020-06-02,3,64.0,71.2,54.1,60.6,67.7,51.0,14.6,26.2,243,2020-06-02T05:26,2020-06-02T20:22,53741.15,41993.06,0.00,0.00,0.00,0.0
2020-06-03,61,70.8,84.2,59.4,72.3,86.6,58.6,13.5,32.0,251,2020-06-03T05:26,2020-06-03T20:22,53803.03,40366.34,8.30,8.30,0.00,9.0
2020-06-04,3,73.4,84.8,63.1,75.7,86.6,65.7,13.5,25.1,210,2020-06-04T05:25,2020-06-04T20:23,53861.84,50011.37,0.00,0.00,0.00,0.0
2020-06-05,63,71.5,76.0,68.8,76.0,82.0,72.1,10.3,23.5,209,2020-06-05T05:25,2020-06-05T20:24,53917.56,0.00,22.70,22.70,0.00,17.0
2020-06-06,55,76.0,85.3,69.3,78.9,90.1,64.9,14.7,24.2,285,2020-06-06T05:25,2020-06-06T20:24,53970.11,46441.71,4.10,4.10,0.00,8.0
2020-06-07,3,68.3,76.6,61.1,64.4,72.8,56.4,17.4,30.4,329,2020-06-07T05:24,2020-06-07T20:25,54019.45,50115.28,0.00,0.00,0.00,0.0
2020-06-08,3,67.1,78.1,56.9,65.4,75.9,53.2,10.3,19.0,310,2020-06-08T05:24,2020-06-08T20:25,54065.52,50147.81,0.00,0.00,0.00,0.0
2020-06-09,3,73.6,87.2,58.0,74.0,88.4,57.8,11.2,20.4,228,2020-06-09T05:24,2020-06-09T20:26,54108.27,50179.15,0.00,0.00,0.00,0.0
2020-06-10,3,73.8,80.8,67.0,76.1,85.6,69.8,16.7,29.5,151,2020-06-10T05:24,2020-06-10T20:27,54147.65,49199.68,0.00,0.00,0.00,0.0
2020-06-11,65,75.5,83.5,72.6,78.9,87.1,74.4,16.3,29.8,201,2020-06-11T05:24,2020-06-11T20:27,54183.61,26742.87,21.70,21.70,0.00,10.0
2020-06-12,3,75.0,83.7,66.6,75.4,83.1,66.8,12.0,21.5,306,2020-06-12T05:24,2020-06-12T20:28,54216.10,50265.23,0.00,0.00,0.00,0.0
2020-06-13,1,66.4,73.4,59.2,62.6,72.5,53.6,14.7,24.8,344,2020-06-13T05:24,2020-06-13T20:28,54245.08,50291.00,0.00,0.00,0.00,0.0
2020-06-14,2,62.5,72.1,54.1,59.9,74.2,48.6,13.0,25.5,40,2020-06-14T05:24,2020-06-14T20:28,54270.50,50315.18,0.00,0.00,0.00,0.0
2020-06-15,3,64.7,73.3,58.5,63.2,71.1,58.2,11.5,21.5,90,2020-06-15T05:24,2020-06-15T20:29,54292.32,50337.68,0.00,0.00,0.00,0.0
2020-06-16,3,65.9,75.9,57.6,64.7,74.3,57.9,13.5,25.5,79,2020-06-16T05:24,2020-06-16T20:29,54310.48,50358.42,0.00,0.00,0.00,0.0
2020-06-17,3,66.4,76.6,58.4,66.7,79.3,58.5,11.5,21.7,89,2020-06-17T05:24,2020-06-17T20:30,54324.96,50367.80,0.00,0.00,0.00,0.0
2020-06-18,53,68.3,74.7,64.0,70.9,77.7,65.9,9.8,19.7,129,2020-06-18T05:24,2020-06-18T20:30,54335.71,22394.42,2.00,2.00,0.00,6.0
2020-06-19,51,70.9,77.2,65.9,74.5,81.1,69.5,10.9,21.0,184,2020-06-19T05:24,2020-06-19T20:30,54342.70,40123.76,0.80,0.80,0.00,6.0
2020-06-20,53,73.4,81.1,65.8,78.2,87.3,69.9,11.3,22.1,196,2020-06-20T05:25,2020-06-20T20:30,54345.88,43736.77,0.60,0.60,0.00,1.0
2020-06-21,51,74.7,82.0,67.1,80.0,88.5,72.4,11.6,22.1,191,2020-06-21T05:25,2020-06-21T20:31,54345.23,49976.34,0.20,0.20,0.00,2.0
2020-06-22,2,77.9,87.3,69.0,83.1,94.4,74.0,13.4,25.1,201,2020-06-22T05:25,2020-06-22T20:31,54340.69,50400.00,0.00,0.00,0.00,0.0
2020-06-23,3,76.2,82.5,69.0,80.3,86.5,73.5,15.8,28.4,171,2020-06-23T05:25,2020-06-23T20:31,54332.21,50400.00,0.00,0.00,0.00,0.0
2020-06-24,51,78.4,86.6,71.1,80.5,86.1,72.1,14.8,27.5,260,2020-06-24T05:26,2020-06-24T20:31,54319.83,43200.00,0.10,0.10,0.00,1.0
2020-06-25,3,74.7,83.9,65.5,75.3,85.3,66.9,14.5,25.7,213,2020-06-25T05:26,2020-06-25T20:31,54303.61,45488.89,0.00,0.00,0.00,0.0
2020-06-26,51,75.9,87.0,65.7,77.1,85.8,68.4,9.1,19.9,279,2020-06-26T05:26,2020-06-26T20:31,54283.61,50400.00,0.10,0.10,0.00,1.0
2020-06-27,63,74.2,80.1,65.5,77.2,83.4,67.3,15.1,32.4,238,2020-06-27T05:27,2020-06-27T20:31,54259.88,22397.50,5.90,5.90,0.00,6.0
2020-06-28,53,75.9,84.3,68.4,82.4,91.8,73.3,10.8,23.3,223,2020-06-28T05:27,2020-06-28T20:31,54232.47,50400.00,2.50,2.50,0.00,7.0
2020-06-29,51,75.9,84.7,68.6,79.3,87.4,71.4,11.6,23.7,348,2020-06-29T05:28,2020-06-29T20:31,54201.47,50400.00,0.70,0.70,0.00,4.0
2020-06-30,63,72.3,78.3,66.7,75.8,82.8,67.7,8.7,16.1,5,2020-06-30T05:28,2020-06-30T20:31,54166.92,43187.59,11.30,11.30,0.00,11.0
2020-07-01,63,73.1,80.3,67.8,78.5,87.8,72.3,7.2,18.3,318,2020-07-01T05:29,2020-07-01T20:31,54128.88,44206.29,7.20,7.20,0.00,10.0
2020-07-02,3,78.0,89.6,68.2,83.0,92.8,72.4,8.5,20.1,325,2020-07-02T05:29,2020-07-02T20:31,54087.44,50400.00,0.00,0.00,0.00,0.0
2020-07-03,63,79.7,89.3,72.0,84.9,95.8,76.3,7.7,18.6,0,2020-07-03T05:30,2020-07-03T20:30,54042.64,48529.65,13.50,13.50,0.00,6.0
2020-07-04,63,75.1,84.4,69.6,79.6,89.2,73.3,11.3,21.9,83,2020-07-04T05:30,2020-07-04T20:30,53994.56,39830.61,5.60,5.60,0.00,7.0
2020-07-05,51,79.1,90.9,71.2,84.4,98.7,75.5,13.9,24.4,208,2020-07-05T05:31,2020-07-05T20:30,53943.26,50313.97,0.10,0.10,0.00,1.0
2020-07-06,51,79.4,91.3,70.1,83.8,98.1,72.9,11.3,19.9,134,2020-07-06T05:32,2020-07-06T20:30,53888.82,50273.68,0.40,0.40,0.00,2.0
2020-07-07,51,75.6,80.5,72.3,79.6,83.5,75.0,13.6,25.3,128,2020-07-07T05:32,2020-07-07T20:29,53831.30,43538.01,1.90,1.90,0.00,10.0
2020-07-08,51,77.6,83.2,73.4,84.2,89.5,80.3,12.6,22.8,183,2020-07-08T05:33,2020-07-08T20:29,53770.78,32768.03,1.10,1.10,0.00,9.0
2020-07-09,3,78.1,85.9,71.8,85.2,93.3,79.0,12.8,23.5,168,2020-07-09T05:33,2020-07-09T20:29,53707.31,49875.91,0.00,0.00,0.00,0.0
2020-07-10,65,74.3,76.3,72.9,78.3,82.0,74.2,23.9,40.9,93,2020-07-10T05:34,2020-07-10T20:28,53640.98,4118.72,37.70,37.70,0.00,16.0
2020-07-11,63,77.3,83.3,72.8,82.5,89.9,74.5,20.0,34.7,205,2020-07-11T05:35,2020-07-11T20:28,53571.85,35975.72,9.50,9.50,0.00,10.0
2020-07-12,3,78.8,88.2,69.9,80.7,90.8,70.7,13.3,23.3,260,2020-07-12T05:36,2020-07-12T20:27,53499.77,49916.54,0.00,0.00,0.00,0.0
2020-07-13,53,78.8,88.5,70.8,82.4,90.7,75.1,11.1,19.2,279,2020-07-13T05:36,2020-07-13T20:27,53424.13,49557.68,1.20,1.20,0.00,5.0
2020-07-14,51,76.4,83.2,68.4,78.4,84.6,70.2,9.3,19.5,317,2020-07-14T05:37,2020-07-14T20:26,53345.00,49774.53,0.10,0.10,0.00,1.0
2020-07-15,51,73.8,78.0,68.9,77.4,85.3,72.7,11.5,20.4,113,2020-07-15T05:38,2020-07-15T20:26,53262.52,49698.78,0.70,0.70,0.00,6.0
2020-07-16,3,72.0,75.7,69.3,72.7,76.7,69.2,14.0,24.6,142,2020-07-16T05:39,2020-07-16T20:25,53176.82,44553.16,0.00,0.00,0.00,0.0
2020-07-17,55,75.8,85.2,68.9,80.3,92.2,69.2,10.0,18.6,182,2020-07-17T05:39,2020-07-17T20:24,53088.05,30105.68,4.40,4.40,0.00,12.0
2020-07-18,3,79.6,91.2,70.0,85.3,97.3,74.1,10.9,19.7,295,2020-07-18T05:40,2020-07-18T20:24,52996.34,49453.96,0.00,0.00,0.00,0.0
2020-07-19,3,81.9,93.2,71.7,86.6,97.8,76.2,18.3,31.1,192,2020-07-19T05:41,2020-07-19T20:23,52901.83,49366.89,0.00,0.00,0.00,0.0
2020-07-20,3,86.0,96.9,78.4,91.4,100.4,82.0,12.5,22.4,265,2020-07-20T05:42,2020-07-20T20:22,52804.64,47402.24,0.00,0.00,0.00,0.0
2020-07-21,3,80.7,89.6,72.0,85.2,96.2,76.4,13.3,24.8,161,2020-07-21T05:43,2020-07-21T20:21,52704.92,49185.22,0.00,0.00,0.00,0.0
2020-07-22,61,81.6,89.6,75.0,89.5,98.5,81.8,13.3,23.5,186,2020-07-22T05:44,2020-07-22T20:20,52602.78,43038.27,3.40,3.40,0.00,4.0
2020-07-23,63,79.0,88.4,74.0,86.3,95.5,80.5,11.8,23.9,234,2020-07-23T05:45,2020-07-23T20:20,52498.36,36064.53,8.50,8.50,0.00,7.0
2020-07-24,63,75.8,79.0,73.0,82.3,84.6,77.9,11.9,21.3,34,2020-07-24T05:46,2020-07-24T20:19,52391.78,10771.74,22.10,22.10,0.00,7.0
2020-07-25,3,78.4,86.2,70.5,85.4,92.3,77.2,9.3,16.8,216,2020-07-25T05:47,2020-07-25T20:18,52283.16,48794.96,0.00,0.00,0.00,0.0
2020-07-26,3,83.0,94.0,73.8,86.9,95.1,79.3,13.9,24.2,257,2020-07-26T05:47,2020-07-26T20:17,52172.64,45355.10,0.00,0.00,0.00,0.0
2020-07-27,3,84.4,96.3,71.2,86.8,99.1,73.3,12.3,21.5,253,2020-07-27T05:48,2020-07-27T20:16,52060.33,48588.11,0.00,0.00,0.00,0.0
2020-07-28,55,84.5,93.9,77.6,90.0,101.9,82.4,12.5,22.6,262,2020-07-28T05:49,2020-07-28T20:15,51946.35,47350.74,1.80,1.80,0.00,5.0
2020-07-29,3,81.2,88.7,73.6,87.7,95.0,80.8,11.4,21.7,169,2020-07-29T05:50,2020-07-29T20:14,51830.81,48374.57,0.00,0.00,0.00,0.0
2020-07-30,3,82.5,90.9,73.7,87.6,96.7,78.0,8.0,22.1,228,2020-07-30T05:51,2020-07-30T20:13,51713.84,37139.24,0.00,0.00,0.00,0.0
2020-07-31,61,76.5,81.1,72.2,82.7,87.5,77.2,6.6,14.3,63,2020-07-31T05:52,2020-07-31T20:12,51595.54,18142.31,13.60,13.60,0.00,14.0
2020-08-01,3,77.7,85.5,68.3,82.0,91.2,72.5,12.7,22.4,176,2020-08-01T05:53,2020-08-01T20:11,51475.70,46505.24,0.00,0.00,0.00,0.0
2020-08-02,61,79.8,84.6,74.6,86.6,93.1,82.2,12.8,29.5,177,2020-08-02T05:54,2020-08-02T20:10,51353.40,25552.77,4.40,4.40,0.00,7.0
2020-08-03,61,81.1,89.2,74.9,85.4,92.8,77.5,12.9,21.5,224,2020-08-03T05:55,2020-08-03T20:09,51228.71,43097.26,2.30,2.30,0.00,2.0
2020-08-04,65,76.5,80.4,74.0,78.8,83.6,69.2,37.5,64.9,171,2020-08-04T05:56,2020-08-04T20:08,51101.77,18761.67,21.10,21.10,0.00,13.0
2020-08-05,2,78.6,87.6,71.4,82.4,89.7,75.3,12.1,21.9,251,2020-08-05T05:57,2020-08-05T20:06,50972.73,47571.79,0.00,0.00,0.00,0.0
2020-08-06,61,72.4,78.1,66.3,75.9,81.6,69.1,8.6,17.7,65,2020-08-06T05:58,2020-08-06T20:05,50841.72,32745.69,2.60,2.60,0.00,4.0
2020-08-07,55,75.0,81.4,71.3,79.7,86.0,76.5,8.6,17.7,89,2020-08-07T05:59,2020-08-07T20:04,50708.89,36100.11,2.70,2.70,0.00,7.0
2020-08-08,63,74.5,79.9,69.5,80.7,88.4,74.5,8.4,16.3,95,2020-08-08T06:00,2020-08-08T20:03,50574.38,44816.46,13.10,13.10,0.00,10.0
2020-08-09,51,77.3,84.8,69.6,83.5,91.0,76.1,11.9,21.0,203,2020-08-09T06:01,2020-08-09T20:01,50438.30,46104.48,0.50,0.50,0.00,3.0
2020-08-10,1,80.5,88.9,72.6,88.0,97.2,80.0,11.2,21.3,207,2020-08-10T06:02,2020-08-10T20:00,50300.81,45797.00,0.00,0.00,0.00,0.0
2020-08-11,53,80.2,85.0,75.4,87.6,93.2,83.8,13.8,26.8,193,2020-08-11T06:03,2020-08-11T19:59,50162.02,45256.79,0.70,0.70,0.00,3.0
2020-08-12,63,80.6,87.7,74.3,89.7,98.9,82.8,7.2,16.1,243,2020-08-12T06:04,2020-08-12T19:57,50022.05,41130.19,7.60,7.60,0.00,5.0
2020-08-13,61,76.3,78.4,74.8,83.4,87.1,78.7,8.3,15.2,56,2020-08-13T06:05,2020-08-13T19:56,49881.03,7058.67,5.40,5.40,0.00,14.0
2020-08-14,51,78.3,85.7,72.2,83.3,88.4,79.3,11.4,21.0,69,2020-08-14T06:06,2020-08-14T19:55,49739.08,44256.06,0.20,0.20,0.00,1.0
2020-08-15,51,75.0,84.3,70.2,77.4,85.1,72.5,10.8,20.8,61,2020-08-15T06:07,2020-08-15T19:53,49596.32,24260.13,0.30,0.30,0.00,2.0
2020-08-16,61,68.8,71.4,66.6,69.2,73.2,67.3,16.2,28.9,36,2020-08-16T06:08,2020-08-16T19:52,49452.86,4061.93,13.40,13.40,0.00,17.0
2020-08-17,63,70.0,79.0,62.3,72.8,83.7,64.3,14.5,26.6,199,2020-08-17T06:09,2020-08-17T19:50,49308.81,42905.55,6.00,6.00,0.00,6.0
2020-08-18,3,74.3,83.4,65.5,77.8,83.7,69.5,8.1,15.4,265,2020-08-18T06:10,2020-08-18T19:49,49164.29,44017.24,0.00,0.00,0.00,0.0
2020-08-19,61,70.5,75.3,66.6,74.6,81.3,69.5,7.1,18.1,12,2020-08-19T06:11,2020-08-19T19:48,49019.39,25008.56,5.50,5.50,0.00,8.0
2020-08-20,3,70.2,78.6,62.5,72.0,81.5,63.0,8.4,15.9,343,2020-08-20T06:12,2020-08-20T19:46,48874.24,44198.19,0.00,0.00,0.00,0.0
2020-08-21,3,74.3,83.9,64.8,76.5,85.2,66.5,12.0,22.1,230,2020-08-21T06:13,2020-08-21T19:45,48728.59,43200.00,0.00,0.00,0.00,0.0
2020-08-22,61,77.7,86.3,70.8,82.7,92.6,75.1,10.4,19.5,232,2020-08-22T06:14,2020-08-22T19:43,48581.45,39606.35,2.60,2.60,0.00,3.0
2020-08-23,3,76.3,83.4,69.2,82.6,90.6,75.1,10.1,18.8,195,2020-08-23T06:15,2020-08-23T19:42,48432.85,43367.17,0.00,0.00,0.00,0.0
2020-08-24,51,79.0,89.4,71.4,85.6,93.5,78.3,9.7,20.6,236,2020-08-24T06:16,2020-08-24T19:40,48282.92,43283.23,0.10,0.10,0.00,1.0
2020-08-25,51,80.1,91.8,73.0,83.8,94.4,73.5,18.1,30.6,280,2020-08-25T06:17,2020-08-25T19:39,48131.77,43368.80,0.30,0.30,0.00,1.0
2020-08-26,3,72.8,79.2,67.0,70.3,75.3,65.3,15.0,26.8,313,2020-08-26T06:18,2020-08-26T19:37,47979.52,43446.60,0.00,0.00,0.00,0.0
2020-08-27,53,77.6,92.5,67.2,80.4,92.9,68.7,17.6,31.1,251,2020-08-27T06:18,2020-08-27T19:36,47826.28,41130.66,1.50,1.50,0.00,6.0
2020-08-28,51,76.6,89.1,69.4,80.7,91.3,73.7,15.8,30.4,258,2020-08-28T06:19,2020-08-28T19:34,47672.16,39911.78,0.60,0.60,0.00,3.0
2020-08-29,63,75.2,78.3,72.3,80.8,83.6,78.5,13.2,22.4,222,2020-08-29T06:20,2020-08-29T19:32,47517.29,17109.45,21.00,21.00,0.00,10.0
2020-08-30,51,71.3,78.4,64.8,69.3,75.2,64.3,15.9,28.0,309,2020-08-30T06:21,2020-08-30T19:31,47361.74,43295.16,0.10,0.10,0.00,1.0
2020-08-31,3,68.1,74.1,60.7,68.4,73.9,60.9,9.0,16.6,89,2020-08-31T06:22,2020-08-31T19:29,47205.64,30887.10,0.00,0.00,0.00,0.0
2020-09-01,51,72.0,77.3,68.1,74.3,78.3,71.2,11.7,22.4,122,2020-09-01T06:23,2020-09-01T19:27,47049.09,36135.58,0.20,0.20,0.00,2.0
2020-09-02,61,73.4,77.4,68.1,78.5,83.7,70.6,10.1,18.6,144,2020-09-02T06:24,2020-09-02T19:26,46892.19,5454.48,10.40,10.40,0.00,12.0
2020-09-03,63,77.1,85.5,73.3,81.8,90.9,76.9,14.9,27.5,196,2020-09-03T06:25,2020-09-03T19:24,46735.03,38803.47,22.90,22.90,0.00,11.0
2020-09-04,3,75.8,84.1,67.3,79.4,87.2,69.6,10.2,18.8,298,2020-09-04T06:26,2020-09-04T19:23,46577.73,42957.93,0.00,0.00,0.00,0.0
2020-09-05,3,70.0,78.4,62.0,70.0,77.6,62.8,11.7,19.9,283,2020-09-05T06:27,2020-09-05T19:21,46420.37,42860.82,0.00,0.00,0.00,0.0
2020-09-06,3,71.0,80.1,62.7,71.5,82.9,62.8,12.6,21.9,203,2020-09-06T06:28,2020-09-06T19:19,46263.06,42763.63,0.00,0.00,0.00,0.0
2020-09-07,2,70.5,77.2,62.5,72.5,79.0,63.7,15.7,28.6,167,2020-09-07T06:29,2020-09-07T19:18,46105.88,42666.46,0.00,0.00,0.00,0.0
2020-09-08,3,71.6,80.9,63.0,76.3,87.8,66.2,10.5,19.0,154,2020-09-08T06:30,2020-09-08T19:16,45948.93,42569.41,0.00,0.00,0.00,0.0
2020-09-09,51,72.8,79.9,66.6,78.4,85.3,71.1,7.5,14.8,104,2020-09-09T06:31,2020-09-09T19:14,45792.30,10652.00,0.60,0.60,0.00,3.0
2020-09-10,63,75.7,81.2,72.0,83.4,89.0,78.8,9.0,17.9,172,2020-09-10T06:32,2020-09-10T19:13,45635.75,11213.16,17.20,17.20,0.00,18.0
2020-09-11,51,71.7,76.5,63.8,73.0,81.8,62.2,13.2,24.4,12,2020-09-11T06:33,2020-09-11T19:11,45478.27,42061.66,0.70,0.70,0.00,5.0
2020-09-12,3,65.0,70.2,61.2,63.6,69.3,60.5,11.6,21.0,85,2020-09-12T06:34,2020-09-12T19:09,45319.87,42125.82,0.00,0.00,0.00,0.0
2020-09-13,61,68.6,73.8,61.6,69.5,74.4,61.4,13.2,23.5,151,2020-09-13T06:35,2020-09-13T19:08,45160.65,23076.31,1.50,1.50,0.00,3.0
2020-09-14,3,69.8,77.1,60.8,68.2,75.3,55.0,13.8,24.4,328,2020-09-14T06:36,2020-09-14T19:06,45000.72,41809.37,0.00,0.00,0.00,0.0
2020-09-15,0,59.5,66.4,53.0,56.2,66.3,47.7,11.5,19.5,22,2020-09-15T06:37,2020-09-15T19:04,44840.19,41649.86,0.00,0.00,0.00,0.0
2020-09-16,3,63.2,72.2,53.7,61.7,71.2,52.3,13.8,23.9,198,2020-09-16T06:38,2020-09-16T19:03,44679.15,41489.62,0.00,0.00,0.00,0.0
2020-09-17,3,67.0,72.4,61.6,68.9,75.3,62.4,9.1,17.4,208,2020-09-17T06:39,2020-09-17T19:01,44517.70,14003.66,0.00,0.00,0.00,0.0
2020-09-18,3,63.4,68.0,58.6,59.0,68.9,49.4,15.9,28.4,4,2020-09-18T06:40,2020-09-18T18:59,44355.94,36062.87,0.00,0.00,0.00,0.0
2020-09-19,0,55.8,62.8,49.5,48.7,57.4,41.9,17.7,30.6,10,2020-09-19T06:41,2020-09-19T18:57,44193.97,41005.54,0.00,0.00,0.00,0.0
2020-09-20,3,55.3,62.3,49.5,49.0,56.2,42.7,12.4,23.3,26,2020-09-20T06:42,2020-09-20T18:56,44031.88,40753.39,0.00,0.00,0.00,0.0
2020-09-21,0,55.7,65.3,47.6,51.1,60.4,42.2,10.7,20.8,27,2020-09-21T06:43,2020-09-21T18:54,43869.77,40680.95,0.00,0.00,0.00,0.0
2020-09-22,0,59.1,72.2,48.6,53.8,65.6,43.2,12.8,22.8,328,2020-09-22T06:44,2020-09-22T18:52,43707.75,40518.39,0.00,0.00,0.00,0.0
2020-09-23,0,65.7,79.2,53.8,62.2,75.1,49.7,15.0,26.6,299,2020-09-23T06:45,2020-09-23T18:51,43545.89,40355.78,0.00,0.00,0.00,0.0
2020-09-24,3,65.8,76.5,55.2,65.1,75.8,53.5,10.0,17.2,250,2020-09-24T06:46,2020-09-24T18:49,43384.32,23384.71,0.00,0.00,0.00,0.0
2020-09-25,3,65.8,76.8,56.3,67.1,79.6,55.9,8.4,15.4,198,2020-09-25T06:47,2020-09-25T18:47,43223.11,39035.12,0.00,0.00,0.00,0.0
2020-09-26,55,66.4,73.1,59.6,68.4,73.9,59.8,11.2,21.3,143,2020-09-26T06:48,2020-09-26T18:46,43062.37,29822.62,1.30,1.30,0.00,3.0
2020-09-27,51,70.1,77.7,63.6,74.3,82.2,66.4,11.1,19.5,134,2020-09-27T06:49,2020-09-27T18:44,42902.18,34032.64,0.30,0.30,0.00,2.0
2020-09-28,51,70.7,75.2,67.4,73.1,76.1,69.5,13.6,24.2,172,2020-09-28T06:50,2020-09-28T18:42,42742.66,32648.30,1.60,1.60,0.00,7.0
2020-09-29,61,69.6,74.8,65.0,72.1,77.5,67.9,14.3,30.0,168,2020-09-29T06:51,2020-09-29T18:41,42583.90,20411.51,12.30,12.30,0.00,13.0
2020-09-30,65,66.4,70.5,60.6,63.7,72.8,57.2,18.6,35.1,233,2020-09-30T06:52,2020-09-30T18:39,42425.64,32696.80,29.20,29.20,0.00,8.0
2020-10-01,3,64.5,72.0,57.9,61.8,68.3,56.1,11.1,19.5,247,2020-10-01T06:53,2020-10-01T18:37,42266.79,38412.07,0.00,0.00,0.00,0.0
2020-10-02,55,59.5,65.2,55.8,57.3,61.1,50.8,10.5,19.0,281,2020-10-02T06:54,2020-10-02T18:36,42107.38,18496.94,4.30,4.30,0.00,11.0
2020-10-03,1,57.1,65.7,50.2,53.9,62.6,47.1,7.9,15.2,317,2020-10-03T06:55,2020-10-03T18:34,41947.51,38326.13,0.00,0.00,0.00,0.0
2020-10-04,53,57.7,65.8,49.6,55.4,63.3,47.3,8.1,16.1,57,2020-10-04T06:56,2020-10-04T18:32,41787.29,38224.80,0.50,0.50,0.00,1.0
2020-10-05,3,59.6,67.6,52.2,58.1,65.4,49.7,8.4,17.2,22,2020-10-05T06:57,2020-10-05T18:31,41626.82,37542.20,0.00,0.00,0.00,0.0
2020-10-06,51,61.5,68.4,52.5,59.5,64.2,51.4,11.5,21.0,226,2020-10-06T06:58,2020-10-06T18:29,41466.22,38093.54,0.20,0.20,0.00,1.0
2020-10-07,51,64.6,76.1,56.0,59.8,68.9,53.3,19.0,32.4,252,2020-10-07T06:59,2020-10-07T18:27,41305.59,32948.68,0.20,0.20,0.00,1.0
2020-10-08,0,58.1,64.2,50.7,51.4,55.8,46.7,18.1,31.5,304,2020-10-08T07:00,2020-10-08T18:26,41145.05,37916.89,0.00,0.00,0.00,0.0
2020-10-09,3,57.9,67.4,48.7,54.8,65.0,45.3,12.9,21.7,220,2020-10-09T07:01,2020-10-09T18:24,40984.70,36704.59,0.00,0.00,0.00,0.0
2020-10-10,3,65.2,75.0,57.1,61.6,72.3,51.7,15.5,26.8,219,2020-10-10T07:02,2020-10-10T18:23,40824.66,36037.58,0.00,0.00,0.00,0.0
2020-10-11,51,63.5,66.9,59.4,61.7,64.7,56.4,13.7,22.4,30,2020-10-11T07:03,2020-10-11T18:21,40665.04,14540.85,0.60,0.60,0.00,4.0
2020-10-12,61,54.8,58.7,52.6,49.9,55.6,47.7,16.6,29.5,64,2020-10-12T07:04,2020-10-12T18:19,40505.95,0.00,23.70,23.70,0.00,24.0
2020-10-13,63,57.4,59.5,55.3,53.8,57.9,49.2,17.0,28.4,11,2020-10-13T07:06,2020-10-13T18:18,40347.50,2153.03,10.50,10.50,0.00,16.0
2020-10-14,1,58.3,69.1,48.7,54.6,64.7,45.4,10.7,19.2,259,2020-10-14T07:07,2020-10-14T18:16,40189.83,36929.19,0.00,0.00,0.00,0.0
2020-10-15,3,61.7,72.2,52.7,59.0,68.3,50.5,17.0,28.9,189,2020-10-15T07:08,2020-10-15T18:15,40033.04,36766.24,0.00,0.00,0.00,0.0
2020-10-16,63,57.5,63.3,51.0,55.4,64.1,45.7,14.7,24.4,316,2020-10-16T07:09,2020-10-16T18:13,39877.27,0.00,23.80,23.80,0.00,16.0
2020-10-17,55,51.9,59.8,45.4,46.5,53.5,40.2,11.2,20.6,323,2020-10-17T07:10,2020-10-17T18:12,39722.62,36442.98,3.80,3.80,0.00,5.0
2020-10-18,3,54.2,62.7,45.1,50.0,56.2,40.8,15.3,27.3,124,2020-10-18T07:11,2020-10-18T18:10,39569.23,36270.67,0.00,0.00,0.00,0.0
2020-10-19,3,58.1,64.3,48.7,56.3,61.7,46.5,10.8,19.2,130,2020-10-19T07:12,2020-10-19T18:09,39417.22,34442.27,0.00,0.00,0.00,0.0
2020-10-20,3,62.1,70.9,55.7,63.2,73.3,55.0,7.0,12.3,174,2020-10-20T07:13,2020-10-20T18:08,39266.32,27703.87,0.00,0.00,0.00,0.0
2020-10-21,51,62.5,68.0,57.8,64.8,71.2,58.2,8.3,16.3,162,2020-10-21T07:14,2020-10-21T18:06,39115.34,14986.22,0.30,0.30,0.00,2.0
2020-10-22,3,65.2,70.1,61.8,68.5,73.6,64.3,6.5,13.0,148,2020-10-22T07:15,2020-10-22T18:05,38964.30,8031.35,0.00,0.00,0.00,0.0
2020-10-23,51,64.0,68.4,61.2,65.9,69.4,62.0,9.1,17.4,143,2020-10-23T07:17,2020-10-23T18:03,38813.33,20154.55,0.30,0.30,0.00,3.0
2020-10-24,51,62.0,70.4,50.2,59.8,69.6,42.4,13.4,23.5,281,2020-10-24T07:18,2020-10-24T18:02,38662.56,16889.19,0.40,0.40,0.00,4.0
2020-10-25,51,48.9,51.8,45.0,42.4,46.3,37.1,11.2,19.7,25,2020-10-25T07:19,2020-10-25T18:01,38512.11,10756.57,1.10,1.10,0.00,6.0
2020-10-26,51,56.9,62.2,51.4,54.8,62.2,48.0,13.2,22.6,76,2020-10-26T07:20,2020-10-26T17:59,38362.14,0.00,1.70,1.70,0.00,14.0
2020-10-27,51,57.5,60.2,54.9,55.7,60.0,51.8,9.2,16.1,328,2020-10-27T07:21,2020-10-27T17:58,38212.77,21570.99,0.80,0.80,0.00,4.0
2020-10-28,53,56.0,61.8,52.8,54.3,60.9,50.9,8.1,16.1,312,2020-10-28T07:22,2020-10-28T17:57,38064.14,3762.20,2.90,2.90,0.00,9.0
2020-10-29,63,51.8,54.8,47.6,47.5,53.9,39.5,20.1,33.6,32,2020-10-29T07:23,2020-10-29T17:55,37916.40,0.00,37.60,37.60,0.00,15.0
2020-10-30,63,42.2,47.3,37.8,34.4,40.3,28.5,20.7,35.6,16,2020-10-30T07:25,2020-10-30T17:54,37769.70,673.59,18.60,18.60,0.00,16.0
2020-10-31,3,39.9,45.0,32.4,33.2,39.3,25.7,10.3,17.9,315,2020-10-31T07:26,2020-10-31T17:53,37624.17,33763.38,0.00,0.00,0.00,0.0
2020-11-01,63,49.1,57.2,40.6,43.0,51.0,35.5,19.1,32.7,209,2020-11-01T07:27,2020-11-01T17:52,37479.97,14841.71,7.90,7.90,0.00,9.0
2020-11-02,51,41.1,44.1,37.7,29.3,34.5,26.4,26.4,46.1,286,2020-11-02T07:28,2020-11-02T17:50,37337.25,33729.68,0.50,0.50,0.00,5.0
2020-11-03,3,46.5,54.3,39.6,37.4,46.2,28.6,17.0,29.8,271,2020-11-03T07:29,2020-11-03T17:49,37196.18,29822.34,0.00,0.00,0.00,0.0
2020-11-04,2,49.6,62.2,39.6,44.6,57.6,33.3,11.8,19.7,164,2020-11-04T07:30,2020-11-04T17:48,37056.89,33453.46,0.00,0.00,0.00,0.0
2020-11-05,3,54.3,66.2,45.1,50.4,61.6,41.3,12.3,21.7,218,2020-11-05T07:32,2020-11-05T17:47,36919.58,32734.32,0.00,0.00,0.00,0.0
2020-11-06,3,57.1,68.9,49.5,54.2,65.4,46.7,9.8,18.3,232,2020-11-06T07:33,2020-11-06T17:46,36784.39,28681.40,0.00,0.00,0.00,0.0
2020-11-07,2,57.9,71.5,46.5,55.0,69.2,42.6,6.6,11.6,262,2020-11-07T07:34,2020-11-07T17:45,36651.51,32903.36,0.00,0.00,0.00,0.0
2020-11-08,2,56.7,71.2,46.4,54.4,71.7,42.1,6.8,9.6,288,2020-11-08T07:35,2020-11-08T17:44,36521.09,32721.52,0.00,0.00,0.00,0.0
2020-11-09,0,56.3,71.1,46.5,54.5,71.1,42.6,6.6,9.4,257,2020-11-09T07:36,2020-11-09T17:43,36392.89,32547.14,0.00,0.00,0.00,0.0
2020-11-10,3,60.4,71.4,53.0,59.6,71.3,51.3,9.1,17.0,214,2020-11-10T07:37,2020-11-10T17:42,36265.69,32166.55,0.00,0.00,0.00,0.0
2020-11-11,63,64.5,71.7,60.1,65.7,72.5,59.6,12.2,20.8,204,2020-11-11T07:39,2020-11-11T17:41,36139.51,4031.69,14.60,14.60,0.00,11.0
2020-11-12,61,56.1,65.6,47.7,53.1,68.2,42.1,14.8,29.8,355,2020-11-12T07:40,2020-11-12T17:40,36014.50,0.00,11.00,11.00,0.00,19.0
2020-11-13,55,48.3,52.4,43.2,44.3,50.2,38.9,10.1,17.2,358,2020-11-13T07:41,2020-11-13T17:39,35890.80,969.05,3.60,3.60,0.00,11.0
2020-11-14,3,45.7,52.6,40.0,39.3,43.9,34.8,11.8,21.0,308,2020-11-14T07:42,2020-11-14T17:38,35768.57,31835.37,0.00,0.00,0.00,0.0
2020-11-15,61,49.8,63.6,36.7,42.2,52.7,30.7,29.2,58.6,165,2020-11-15T07:43,2020-11-15T17:37,35647.96,21038.69,6.00,6.00,0.00,4.0
2020-11-16,51,48.1,52.8,40.9,39.4,45.4,35.1,16.1,28.4,267,2020-11-16T07:45,2020-11-16T17:37,35529.12,31663.13,0.10,0.10,0.00,1.0
2020-11-17,53,41.6,47.9,37.1,33.9,41.5,26.9,14.4,27.3,294,2020-11-17T07:46,2020-11-17T17:36,35412.22,25075.44,1.30,1.30,0.00,3.0
2020-11-18,3,33.6,36.0,29.6,22.9,24.6,20.5,16.4,29.5,317,2020-11-18T07:47,2020-11-18T17:35,35297.41,31453.48,0.00,0.00,0.00,0.0
2020-11-19,3,36.8,45.4,27.5,28.4,36.2,20.1,13.9,24.6,219,2020-11-19T07:48,2020-11-19T17:34,35184.87,31339.69,0.00,0.00,0.00,0.0
2020-11-20,3,48.9,58.9,41.6,41.6,52.8,34.1,12.4,20.8,223,2020-11-20T07:49,2020-11-20T17:34,35074.74,31234.66,0.00,0.00,0.00,0.0
2020-11-21,3,52.0,60.5,44.2,46.3,55.2,39.4,10.7,19.0,307,2020-11-21T07:50,2020-11-21T17:33,34967.21,30190.37,0.00,0.00,0.00,0.0
2020-11-22,51,47.1,55.1,40.7,40.1,49.1,32.0,16.0,26.6,54,2020-11-22T07:52,2020-11-22T17:33,34862.45,0.00,0.10,0.10,0.00,1.0
2020-11-23,63,50.7,57.4,41.3,43.6,54.0,32.8,19.6,33.8,289,2020-11-23T07:53,2020-11-23T17:32,34760.62,18006.34,15.90,15.90,0.00,12.0
2020-11-24,3,41.9,47.5,37.6,34.4,39.8,29.3,11.6,20.1,300,2020-11-24T07:54,2020-11-24T17:31,34661.92,26268.95,0.00,0.00,0.00,0.0
2020-11-25,51,46.5,53.5,39.6,41.5,49.5,34.9,11.2,19.0,191,2020-11-25T07:55,2020-11-25T17:31,34566.50,17688.79,0.40,0.40,0.00,1.0
2020-11-26,63,55.5,63.1,49.1,53.0,62.9,46.1,12.2,29.1,219,2020-11-26T07:56,2020-11-26T17:30,34474.55,16461.63,12.70,12.70,0.00,12.0
2020-11-27,2,51.1,61.1,44.1,47.1,57.6,40.0,8.9,15.7,278,2020-11-27T07:57,2020-11-27T17:30,34386.27,30717.47,0.00,0.00,0.00,0.0
2020-11-28,3,47.6,55.8,40.6,42.1,48.9,35.2,11.4,20.4,304,2020-11-28T07:58,2020-11-28T17:30,34301.82,25879.64,0.00,0.00,0.00,0.0
2020-11-29,3,43.0,52.0,35.7,37.1,44.8,29.8,7.9,15.0,238,2020-11-29T07:59,2020-11-29T17:29,34221.05,30535.08,0.00,0.00,0.00,0.0
2020-11-30,65,54.3,62.1,40.5,48.5,59.0,34.8,32.3,64.9,153,2020-11-30T08:00,2020-11-30T17:29,34143.06,0.00,35.80,35.80,0.00,16.0
2020-12-01,53,49.1,58.7,38.3,42.2,57.4,27.5,18.4,33.1,227,2020-12-01T08:01,2020-12-01T17:29,34067.85,28752.02,0.90,0.90,0.00,5.0
2020-12-02,3,39.3,44.8,35.1,28.7,32.3,25.3,19.5,34.7,249,2020-12-02T08:02,2020-12-02T17:29,33995.52,14475.74,0.00,0.00,0.00,0.0
2020-12-03,51,40.6,49.9,33.2,32.1,40.8,24.9,12.4,20.6,241,2020-12-03T08:03,2020-12-03T17:28,33926.17,30209.03,0.10,0.10,0.00,1.0
2020-12-04,53,45.2,52.9,40.3,38.6,44.6,34.1,13.1,21.9,217,2020-12-04T08:04,2020-12-04T17:28,33859.89,14463.08,3.90,3.90,0.00,9.0
2020-12-05,63,42.8,44.8,38.8,34.5,42.0,27.8,21.4,36.7,332,2020-12-05T08:05,2020-12-05T17:28,33796.79,10649.51,22.40,22.40,0.00,16.0
2020-12-06,3,36.6,39.3,33.3,25.3,26.9,23.8,19.3,34.0,301,2020-12-06T08:06,2020-12-06T17:28,33736.96,29285.19,0.00,0.00,0.00,0.0
2020-12-07,3,33.8,40.0,29.0,26.1,31.9,22.0,9.8,17.7,301,2020-12-07T08:07,2020-12-07T17:28,33680.51,25621.88,0.00,0.00,0.00,0.0
2020-12-08,3,33.0,38.7,29.8,23.6,27.6,20.6,14.0,25.3,333,2020-12-08T08:08,2020-12-08T17:28,33627.52,25348.33,0.00,0.00,0.00,0.0
2020-12-09,71,33.9,39.6,28.3,25.4,29.3,21.4,13.1,23.9,257,2020-12-09T08:09,2020-12-09T17:28,33578.09,12286.13,0.50,0.20,0.21,2.0
2020-12-10,2,39.9,49.1,32.5,32.2,40.3,26.3,12.5,22.6,294,2020-12-10T08:09,2020-12-10T17:28,33532.33,28944.14,0.00,0.00,0.00,0.0
2020-12-11,3,40.5,52.4,31.7,34.9,47.0,25.0,8.2,16.1,221,2020-12-11T08:10,2020-12-11T17:28,33490.33,29598.11,0.00,0.00,0.00,0.0
2020-12-12,51,46.5,55.0,36.7,43.0,53.4,30.6,8.1,13.4,187,2020-12-12T08:11,2020-12-12T17:29,33452.18,2020.79,0.80,0.80,0.00,4.0
2020-12-13,51,49.8,58.8,42.5,44.9,54.5,36.5,12.8,21.9,246,2020-12-13T08:12,2020-12-13T17:29,33417.97,29300.39,0.10,0.10,0.00,1.0
2020-12-14,53,38.2,40.5,35.6,32.0,34.8,28.5,12.4,20.8,336,2020-12-14T08:12,2020-12-14T17:29,33387.79,0.00,6.70,6.70,0.00,11.0
2020-12-15,3,33.8,39.1,29.2,24.5,29.4,20.5,11.8,22.4,309,2020-12-15T08:13,2020-12-15T17:29,33361.75,29371.50,0.00,0.00,0.00,0.0
2020-12-16,75,29.0,33.5,25.0,18.1,22.5,12.9,21.0,39.8,43,2020-12-16T08:14,2020-12-16T17:29,33339.92,1849.57,12.30,0.00,8.61,8.0
2020-12-17,75,27.9,33.3,24.3,15.5,21.3,8.6,26.8,45.6,6,2020-12-17T08:14,2020-12-17T17:30,33322.39,2972.42,17.90,0.40,12.25,12.0
2020-12-18,3,23.5,29.1,18.9,14.6,21.6,10.5,11.1,18.8,354,2020-12-18T08:15,2020-12-18T17:30,33309.26,26356.53,0.00,0.00,0.00,0.0
2020-12-19,3,21.0,29.3,15.1,13.3,22.6,6.4,9.0,14.3,325,2020-12-19T08:16,2020-12-19T17:31,33300.53,22487.37,0.00,0.00,0.00,0.0
2020-12-20,71,30.3,38.1,19.0,24.3,34.2,10.8,5.9,8.5,217,2020-12-20T08:16,2020-12-20T17:31,33296.07,4881.19,0.80,0.20,0.42,4.0
2020-12-21,3,34.1,38.2,30.5,28.4,33.1,24.8,7.7,12.5,270,2020-12-21T08:17,2020-12-21T17:31,33295.80,24954.54,0.00,0.00,0.00,0.0
2020-12-22,3,36.0,42.4,30.7,28.6,34.2,24.8,13.2,22.6,277,2020-12-22T08:17,2020-12-22T17:32,33299.70,24469.49,0.00,0.00,0.00,0.0
2020-12-23,3,34.5,38.2,24.2,27.6,32.6,15.7,9.2,15.4,231,2020-12-23T08:17,2020-12-23T17:33,33307.72,29092.12,0.00,0.00,0.00,0.0
2020-12-24,61,50.9,58.3,37.9,42.5,47.7,31.4,28.4,48.5,166,2020-12-24T08:18,2020-12-24T17:33,33319.81,15319.70,4.90,4.90,0.00,7.0
2020-12-25,63,48.8,58.7,30.5,39.4,53.9,17.7,35.7,70.5,184,2020-12-25T08:18,2020-12-25T17:34,33335.93,0.00,35.80,35.80,0.00,16.0
2020-12-26,0,27.3,32.0,23.3,15.5,20.7,10.6,16.8,29.5,258,2020-12-26T08:19,2020-12-26T17:34,33356.04,28880.36,0.00,0.00,0.00,0.0
2020-12-27,3,29.5,37.3,24.0,21.7,29.6,14.5,10.5,17.9,245,2020-12-27T08:19,2020-12-27T17:35,33380.07,29019.62,0.00,0.00,0.00,0.0
2020-12-28,3,40.2,49.4,31.4,33.1,42.5,24.1,11.7,20.8,212,2020-12-28T08:19,2020-12-28T17:36,33407.98,19174.80,0.00,0.00,0.00,0.0
2020-12-29,3,34.6,38.8,27.0,24.8,31.1,19.5,17.2,30.4,306,2020-12-29T08:19,2020-12-29T17:37,33439.71,27658.41,0.00,0.00,0.00,0.0
2020-12-30,3,32.9,39.4,25.7,24.5,30.8,18.7,13.6,23.7,217,2020-12-30T08:20,2020-12-30T17:37,33475.21,18576.36,0.00,0.00,0.00,0.0
2020-12-31,63,42.8,47.7,34.1,35.7,40.9,26.2,18.5,30.6,269,2020-12-31T08:20,2020-12-31T17:38,33514.42,138.14,9.70,9.70,0.00,10.0
2021-01-01,63,34.0,38.9,27.9,27.2,32.5,21.1,10.6,18.3,43,2021-01-01T08:20,2021-01-01T17:39,33557.28,14626.50,8.10,8.10,0.00,6.0
2021-01-02,61,42.0,50.3,35.0,34.2,40.4,27.9,19.4,33.1,305,2021-01-02T08:20,2021-01-02T17:40,33603.74,26684.53,4.10,4.10,0.00,7.0
2021-01-03,71,35.1,38.9,30.3,27.3,31.2,22.7,15.2,25.5,36,2021-01-03T08:20,2021-01-03T17:41,33653.73,0.00,6.50,6.40,0.07,13.0
2021-01-04,71,37.4,44.3,33.6,30.7,38.3,26.4,11.2,19.2,4,2021-01-04T08:20,2021-01-04T17:42,33707.18,16642.34,1.50,1.30,0.14,6.0
2021-01-05,3,36.9,41.4,34.1,30.5,34.7,27.1,7.6,13.6,353,2021-01-05T08:20,2021-01-05T17:43,33764.05,17661.53,0.00,0.00,0.00,0.0
2021-01-06,3,35.5,41.0,30.4,26.6,30.0,24.2,14.3,25.5,326,2021-01-06T08:20,2021-01-06T17:44,33824.26,29280.09,0.00,0.00,0.00,0.0
2021-01-07,1,34.4,43.2,29.3,25.2,34.0,20.3,11.2,20.4,324,2021-01-07T08:20,2021-01-07T17:45,33887.75,29582.66,0.00,0.00,0.00,0.0
2021-01-08,3,32.1,42.0,25.9,23.6,34.6,17.6,13.4,21.9,353,2021-01-08T08:20,2021-01-08T17:46,33954.71,26275.51,0.00,0.00,0.00,0.0
2021-01-09,3,30.9,36.0,25.1,20.2,27.8,14.0,17.9,31.8,357,2021-01-09T08:19,2021-01-09T17:46,34025.85,22463.62,0.00,0.00,0.00,0.0
2021-01-10,3,32.5,41.9,27.1,24.3,33.8,18.8,10.7,20.1,346,2021-01-10T08:19,2021-01-10T17:48,34101.04,30028.93,0.00,0.00,0.00,0.0
2021-01-11,3,29.4,36.3,24.3,22.6,29.5,17.5,6.3,9.8,282,2021-01-11T08:19,2021-01-11T17:49,34180.14,345.11,0.00,0.00,0.00,0.0
2021-01-12,2,33.0,43.0,27.4,26.2,36.8,20.5,7.2,12.8,285,2021-01-12T08:19,2021-01-12T17:50,34262.97,30262.45,0.00,0.00,0.00,0.0
2021-01-13,3,33.5,43.6,25.6,26.6,34.8,18.6,10.2,18.1,259,2021-01-13T08:18,2021-01-13T17:51,34349.37,28823.09,0.00,0.00,0.00,0.0
2021-01-14,3,37.9,48.6,31.2,32.5,44.9,25.2,6.5,11.0,277,2021-01-14T08:18,2021-01-14T17:52,34439.18,26361.63,0.00,0.00,0.00,0.0
2021-01-15,61,38.7,46.5,30.8,31.2,37.8,24.1,17.5,28.9,75,2021-01-15T08:17,2021-01-15T17:53,34532.22,7404.23,2.60,2.60,0.00,4.0
2021-01-16,63,42.5,47.1,35.8,35.3,40.3,26.6,23.3,42.5,320,2021-01-16T08:17,2021-01-16T17:54,34628.34,11430.31,21.80,21.80,0.00,10.0
2021-01-17,3,38.4,45.9,32.4,27.9,34.2,21.8,19.9,36.2,257,2021-01-17T08:16,2021-01-17T17:55,34727.38,30666.17,0.00,0.00,0.00,0.0
2021-01-18,3,37.8,44.4,32.7,29.1,34.7,24.9,14.8,31.1,256,2021-01-18T08:16,2021-01-18T17:56,34829.17,30605.29,0.00,0.00,0.00,0.0
2021-01-19,3,34.9,41.1,29.5,25.4,29.1,21.1,17.2,30.4,263,2021-01-19T08:15,2021-01-19T17:58,34933.56,23325.42,0.00,0.00,0.00,0.0
2021-01-20,73,32.4,40.5,26.1,23.1,29.5,17.7,19.0,33.3,299,2021-01-20T08:15,2021-01-20T17:59,35040.40,29092.77,1.00,0.00,0.70,5.0
2021-01-21,3,31.5,42.2,23.6,23.2,33.0,16.2,13.3,24.4,214,2021-01-21T08:14,2021-01-21T18:00,35149.53,29184.50,0.00,0.00,0.00,0.0
2021-01-22,3,36.9,44.6,30.9,27.2,32.6,23.0,17.1,29.5,271,2021-01-22T08:13,2021-01-22T18:01,35260.81,31426.79,0.00,0.00,0.00,0.0
2021-01-23,3,28.2,32.0,24.3,15.7,23.9,12.1,22.0,38.7,305,2021-01-23T08:13,2021-01-23T18:02,35374.07,27923.24,0.00,0.00,0.00,0.0
2021-01-24,3,26.7,32.8,22.4,14.9,20.5,9.2,16.9,30.0,306,2021-01-24T08:12,2021-01-24T18:04,35489.19,31890.33,0.00,0.00,0.00,0.0
2021-01-25,3,29.8,38.7,23.7,21.6,32.6,15.1,7.8,15.2,327,2021-01-25T08:11,2021-01-25T18:05,35606.01,26233.36,0.00,0.00,0.00,0.0
2021-01-26,73,32.2,35.0,29.7,24.2,28.0,21.6,11.4,19.0,53,2021-01-26T08:11,2021-01-26T18:06,35724.39,644.38,4.50,0.60,2.73,12.0
2021-01-27,51,34.6,40.1,28.4,26.3,30.9,19.4,14.8,26.2,329,2021-01-27T08:10,2021-01-27T18:07,35844.20,26072.36,0.60,0.60,0.00,3.0
2021-01-28,3,27.5,32.6,20.7,15.2,19.1,7.2,21.3,37.1,330,2021-01-28T08:09,2021-01-28T18:08,35965.71,26650.54,0.00,0.00,0.00,0.0
2021-01-29,3,20.2,25.2,15.8,6.0,9.4,1.0,23.9,42.5,318,2021-01-29T08:08,2021-01-29T18:10,36090.12,32596.13,0.00,0.00,0.00,0.0
2021-01-30,0,23.0,34.1,16.3,12.5,23.2,5.4,13.6,23.3,320,2021-01-30T08:07,2021-01-30T18:11,36217.34,32734.09,0.00,0.00,0.00,0.0
2021-01-31,73,22.8,27.3,18.3,13.7,19.4,8.8,13.3,22.4,42,2021-01-31T08:06,2021-01-31T18:12,36347.18,1866.23,2.60,0.10,1.82,9.0
2021-02-01,75,29.3,33.5,24.6,15.4,19.5,11.6,28.4,50.8,33,2021-02-01T08:05,2021-02-01T18:13,36479.46,0.00,38.60,0.00,27.02,24.0
2021-02-02,73,32.2,35.0,29.0,19.6,23.1,14.6,25.4,39.8,358,2021-02-02T08:04,2021-02-02T18:15,36614.00,0.00,4.10,0.10,2.80,18.0
2021-02-03,71,31.4,34.9,28.5,22.5,26.0,19.0,13.0,21.0,320,2021-02-03T08:03,2021-02-03T18:16,36750.64,10875.58,0.10,0.00,0.07,1.0
2021-02-04,3,30.7,38.5,26.1,22.1,30.8,17.2,12.3,19.9,295,2021-02-04T08:02,2021-02-04T18:17,36889.18,33459.43,0.00,0.00,0.00,0.0
2021-02-05,73,35.0,41.4,26.9,27.8,35.8,19.6,12.5,19.9,212,2021-02-05T08:01,2021-02-05T18:18,37029.48,24627.70,2.20,1.60,0.42,4.0
2021-02-06,3,31.6,39.8,23.4,22.6,29.4,15.4,17.6,28.6,255,2021-02-06T08:00,2021-02-06T18:20,37171.36,33762.46,0.00,0.00,0.00,0.0
2021-02-07,75,29.3,32.5,23.9,21.0,24.5,17.0,14.7,24.8,6,2021-02-07T07:59,2021-02-07T18:21,37314.66,0.00,7.70,0.10,5.32,10.0
2021-02-08,3,19.6,26.1,12.8,10.4,18.9,3.3,13.6,22.6,289,2021-02-08T07:58,2021-02-08T18:22,37459.22,34070.65,0.00,0.00,0.00,0.0
2021-02-09,73,25.0,34.0,14.6,17.3,28.3,6.6,10.9,17.2,3,2021-02-09T07:56,2021-02-09T18:23,37604.88,2296.08,2.00,0.80,0.84,11.0
2021-02-10,71,25.2,32.6,15.8,17.5,25.7,7.2,7.7,12.1,319,2021-02-10T07:55,2021-02-10T18:24,37751.50,30955.31,0.10,0.00,0.07,1.0
2021-02-11,73,27.2,33.0,23.3,19.5,25.4,15.6,9.9,17.7,357,2021-02-11T07:54,2021-02-11T18:26,37898.91,28408.61,4.50,0.00,3.15,9.0
2021-02-12,3,21.3,27.5,11.5,13.0,20.3,3.0,9.0,14.8,5,2021-02-12T07:53,2021-02-12T18:27,38046.99,23740.14,0.00,0.00,0.00,0.0
2021-02-13,71,24.0,27.5,18.8,14.8,19.0,8.2,11.7,18.3,23,2021-02-13T07:51,2021-02-13T18:28,38195.58,12357.68,1.30,0.60,0.49,9.0
2021-02-14,51,31.0,36.8,27.5,23.8,31.6,18.7,9.6,15.4,16,2021-02-14T07:50,2021-02-14T18:29,38344.54,7754.18,0.50,0.50,0.00,4.0
2021-02-15,51,30.9,33.3,27.8,22.7,26.6,17.9,11.4,18.3,13,2021-02-15T07:49,2021-02-15T18:31,38493.73,0.00,1.30,1.30,0.00,12.0
2021-02-16,65,40.8,47.7,31.1,33.4,42.6,20.1,16.2,37.4,232,2021-02-16T07:48,2021-02-16T18:32,38643.01,25941.83,31.30,31.30,0.00,11.0
2021-02-17,3,24.9,30.3,20.1,15.4,22.4,10.6,14.1,23.9,314,2021-02-17T07:46,2021-02-17T18:33,38792.68,35160.52,0.00,0.00,0.00,0.0
2021-02-18,75,25.5,27.9,23.1,16.3,18.2,14.2,12.9,21.7,30,2021-02-18T07:45,2021-02-18T18:34,38944.00,0.00,13.20,0.00,9.24,14.0
2021-02-19,73,29.3,31.5,26.2,20.9,24.1,16.9,11.2,18.8,15,2021-02-19T07:44,2021-02-19T18:35,39096.93,0.00,5.40,0.00,3.78,21.0
2021-02-20,3,28.5,32.4,22.6,19.0,22.9,12.7,11.7,19.7,301,2021-02-20T07:42,2021-02-20T18:36,39251.32,20240.23,0.00,0.00,0.00,0.0
2021-02-21,3,24.2,33.3,17.2,15.6,25.5,7.8,9.5,16.6,285,2021-02-21T07:41,2021-02-21T18:38,39407.03,35750.52,0.00,0.00,0.00,0.0
2021-02-22,75,30.3,36.9,18.5,22.2,29.4,9.9,15.0,25.3,219,2021-02-22T07:39,2021-02-22T18:39,39563.93,231.68,13.90,8.00,4.13,8.0
2021-02-23,51,36.5,42.9,29.5,28.3,34.8,21.5,13.5,23.9,260,2021-02-23T07:38,2021-02-23T18:40,39721.89,13540.94,0.60,0.60,0.00,4.0
2021-02-24,3,40.5,52.4,30.8,32.6,44.3,23.8,14.4,26.2,222,2021-02-24T07:36,2021-02-24T18:41,39880.76,36144.53,0.00,0.00,0.00,0.0
2021-02-25,3,41.2,46.9,30.2,31.6,36.8,23.0,16.3,28.4,298,2021-02-25T07:35,2021-02-25T18:42,40040.41,36497.86,0.00,0.00,0.00,0.0
2021-02-26,3,34.7,43.6,26.7,27.5,37.9,19.3,9.9,16.8,184,2021-02-26T07:33,2021-02-26T18:44,40200.73,35927.69,0.00,0.00,0.00,0.0
2021-02-27,61,43.1,53.8,35.6,37.0,48.9,28.3,12.2,21.0,199,2021-02-27T07:32,2021-02-27T18:45,40361.58,7913.36,11.50,11.50,0.00,11.0
2021-02-28,61,40.3,46.6,33.1,34.0,40.6,27.0,12.0,20.4,76,2021-02-28T07:30,2021-02-28T18:46,40522.83,0.00,5.20,5.20,0.00,10.0
2021-03-01,55,42.5,48.6,35.6,35.0,41.6,22.5,24.1,40.3,300,2021-03-01T07:29,2021-03-01T18:47,40684.37,7200.00,7.70,7.70,0.00,14.0
2021-03-02,1,26.5,32.8,19.7,13.9,19.8,6.0,21.5,36.5,302,2021-03-02T07:27,2021-03-02T18:48,40846.07,37357.69,0.00,0.00,0.00,0.0
2021-03-03,2,37.9,51.7,27.1,29.3,42.3,18.1,13.5,24.6,262,2021-03-03T07:26,2021-03-03T18:49,41007.81,37431.97,0.00,0.00,0.00,0.0
2021-03-04,3,36.1,42.9,27.8,25.6,31.4,15.3,20.9,36.7,310,2021-03-04T07:24,2021-03-04T18:50,41169.48,33950.91,0.00,0.00,0.00,0.0
2021-03-05,0,28.3,36.4,20.7,16.3,23.1,9.1,18.8,34.0,301,2021-03-05T07:23,2021-03-05T18:51,41330.95,37681.79,0.00,0.00,0.00,0.0
2021-03-06,3,30.0,35.1,23.6,20.2,22.9,15.8,15.3,28.0,302,2021-03-06T07:21,2021-03-06T18:53,41492.11,27736.65,0.00,0.00,0.00,0.0
2021-03-07,2,30.8,40.5,23.3,22.0,31.6,14.3,10.3,20.1,312,2021-03-07T07:19,2021-03-07T18:54,41652.84,37975.00,0.00,0.00,0.00,0.0
2021-03-08,3,31.3,43.3,20.7,23.0,34.8,12.6,9.1,18.6,305,2021-03-08T07:18,2021-03-08T18:55,41813.02,38287.99,0.00,0.00,0.00,0.0
2021-03-09,3,46.3,61.4,32.9,38.0,54.3,24.3,14.1,24.8,273,2021-03-09T07:16,2021-03-09T18:56,41972.93,37805.69,0.00,0.00,0.00,0.0
2021-03-10,3,40.7,51.3,30.5,34.4,45.8,24.0,12.6,23.7,107,2021-03-10T07:15,2021-03-10T18:57,42133.74,38656.77,0.00,0.00,0.00,0.0
2021-03-11,3,52.0,68.5,37.1,46.7,64.3,31.4,11.2,21.0,202,2021-03-11T07:13,2021-03-11T18:58,42295.43,34340.29,0.00,0.00,0.00,0.0
2021-03-12,51,57.0,66.3,50.0,50.1,58.9,40.9,16.2,26.4,272,2021-03-12T07:11,2021-03-12T18:59,42457.89,37325.58,0.10,0.10,0.00,1.0
2021-03-13,0,40.6,49.6,29.8,30.4,38.7,18.1,19.2,32.2,303,2021-03-13T07:10,2021-03-13T19:00,42621.02,39443.57,0.00,0.00,0.00,0.0
2021-03-14,3,41.1,50.8,31.4,29.5,38.9,18.5,25.2,43.8,302,2021-03-14T07:08,2021-03-14T19:01,42784.71,39609.46,0.00,0.00,0.00,0.0
2021-03-15,3,29.7,37.7,21.6,17.7,26.4,9.1,20.9,35.8,327,2021-03-15T07:07,2021-03-15T19:02,42948.84,39775.56,0.00,0.00,0.00,0.0
2021-03-16,71,31.5,36.9,25.5,23.5,29.6,17.2,9.5,18.8,102,2021-03-16T07:05,2021-03-16T19:04,43113.32,24060.21,0.10,0.00,0.07,1.0
2021-03-17,3,39.5,46.6,33.0,33.5,40.9,25.3,8.3,16.6,100,2021-03-17T07:03,2021-03-17T19:05,43278.04,24304.23,0.00,0.00,0.00,0.0
2021-03-18,63,43.0,46.0,39.7,37.5,41.7,31.3,17.4,30.2,42,2021-03-18T07:02,2021-03-18T19:06,43442.89,0.00,17.70,17.70,0.00,15.0
2021-03-19,73,35.8,42.7,28.1,23.3,30.0,12.9,22.1,38.9,8,2021-03-19T07:00,2021-03-19T19:07,43607.79,40439.92,3.60,3.00,0.42,5.0
2021-03-20,0,38.8,55.2,25.9,32.4,50.7,18.4,9.2,15.9,279,2021-03-20T06:58,2021-03-20T19:08,43772.59,40605.46,0.00,0.00,0.00,0.0
2021-03-21,1,42.9,59.6,31.5,37.0,56.2,24.4,8.3,17.0,37,2021-03-21T06:56,2021-03-21T19:09,43937.23,40770.58,0.00,0.00,0.00,0.0
2021-03-22,0,43.5,56.2,30.8,38.9,53.9,24.8,9.1,18.3,121,2021-03-22T06:55,2021-03-22T19:10,44101.57,40935.16,0.00,0.00,0.00,0.0
2021-03-23,3,46.4,61.5,35.1,42.4,62.0,29.1,8.2,17.0,81,2021-03-23T06:53,2021-03-23T19:11,44265.54,40415.30,0.00,0.00,0.00,0.0
2021-03-24,65,48.9,56.2,39.8,45.1,52.2,35.8,11.2,19.7,96,2021-03-24T06:51,2021-03-24T19:12,44429.00,1026.85,29.70,29.70,0.00,11.0
2021-03-25,53,54.1,67.6,48.4,52.3,68.7,45.0,10.8,22.1,119,2021-03-25T06:50,2021-03-25T19:13,44591.86,32698.19,1.80,1.80,0.00,4.0
2021-03-26,55,61.9,78.7,50.1,56.2,72.3,45.4,25.5,42.3,233,2021-03-26T06:48,2021-03-26T19:14,44754.01,28817.10,1.90,1.90,0.00,6.0
2021-03-27,3,53.6,64.2,44.5,48.1,61.4,39.2,14.4,25.7,242,2021-03-27T06:47,2021-03-27T19:15,44915.34,39219.74,0.00,0.00,0.00,0.0
2021-03-28,63,54.0,66.7,46.6,49.7,62.5,41.1,19.6,43.2,183,2021-03-28T06:45,2021-03-28T19:16,45075.74,0.00,16.70,16.70,0.00,14.0
2021-03-29,3,47.2,53.3,39.8,36.7,44.1,30.2,22.7,40.7,292,2021-03-29T06:43,2021-03-29T19:17,45235.46,42063.90,0.00,0.00,0.00,0.0
2021-03-30,3,46.0,55.1,33.6,39.1,47.9,27.3,18.3,32.2,162,2021-03-30T06:42,2021-03-30T19:18,45395.60,42222.15,0.00,0.00,0.00,0.0
2021-03-31,61,54.0,62.7,45.9,49.8,57.1,40.8,17.6,30.9,173,2021-03-31T06:40,2021-03-31T19:19,45556.14,15866.25,13.40,13.40,0.00,10.0
2021-04-01,63,46.0,52.6,37.9,37.2,51.6,28.0,18.6,32.2,323,2021-04-01T06:38,2021-04-01T19:20,45716.98,21284.45,6.80,6.80,0.00,10.0
2021-04-02,3,34.1,38.9,26.4,22.9,28.8,13.4,16.8,31.5,324,2021-04-02T06:37,2021-04-02T19:22,45878.02,29479.05,0.00,0.00,0.00,0.0
2021-04-03,3,39.6,52.2,28.6,31.3,44.1,19.4,10.6,21.0,304,2021-04-03T06:35,2021-04-03T19:23,46039.17,42855.88,0.00,0.00,0.00,0.0
2021-04-04,3,49.4,61.1,38.9,43.8,56.4,31.8,11.9,19.2,290,2021-04-04T06:34,2021-04-04T19:24,46200.32,43013.98,0.00,0.00,0.00,0.0
2021-04-05,2,53.4,65.1,42.9,44.0,55.6,33.6,17.2,30.2,313,2021-04-05T06:32,2021-04-05T19:25,46361.38,43130.46,0.00,0.00,0.00,0.0
2021-04-06,1,52.6,65.6,41.6,44.9,57.7,32.8,13.9,23.0,320,2021-04-06T06:30,2021-04-06T19:26,46522.23,43191.64,0.00,0.00,0.00,0.0
2021-04-07,55,54.0,68.4,44.5,49.1,66.4,37.7,10.2,21.7,20,2021-04-07T06:29,2021-04-07T19:27,46682.78,38392.12,1.20,1.20,0.00,2.0
2021-04-08,3,53.2,64.7,41.8,49.6,64.1,37.9,11.5,21.3,169,2021-04-08T06:27,2021-04-08T19:28,46842.91,43200.00,0.00,0.00,0.00,0.0
2021-04-09,3,48.2,54.6,42.7,44.3,50.2,39.0,9.7,19.9,141,2021-04-09T06:25,2021-04-09T19:29,47002.53,31833.05,0.00,0.00,0.00,0.0
2021-04-10,53,54.1,62.1,46.8,52.2,59.6,44.1,9.2,19.0,161,2021-04-10T06:24,2021-04-10T19:30,47161.52,36295.23,1.30,1.30,0.00,5.0
2021-04-11,63,54.0,58.8,48.1,51.8,57.9,43.8,14.7,24.8,82,2021-04-11T06:22,2021-04-11T19:31,47319.78,0.00,27.70,27.70,0.00,16.0
2021-04-12,61,46.7,48.7,44.6,41.5,45.3,36.9,14.1,23.7,43,2021-04-12T06:21,2021-04-12T19:32,47477.18,0.00,12.70,12.70,0.00,22.0
2021-04-13,61,52.1,65.7,43.1,47.7,61.0,37.9,8.6,17.2,17,2021-04-13T06:19,2021-04-13T19:33,47633.61,42027.28,4.70,4.70,0.00,5.0
2021-04-14,3,55.4,68.5,42.9,52.4,65.0,38.9,12.8,22.8,227,2021-04-14T06:18,2021-04-14T19:34,47788.96,32360.59,0.00,0.00,0.00,0.0
2021-04-15,63,52.0,55.8,46.4,49.5,55.7,41.4,11.7,19.2,166,2021-04-15T06:16,2021-04-15T19:35,47943.11,2546.54,15.00,15.00,0.00,15.0
2021-04-16,53,46.4,54.5,39.1,39.4,46.9,32.9,15.8,30.2,305,2021-04-16T06:15,2021-04-16T19:36,48095.93,35529.96,1.90,1.90,0.00,7.0
2021-04-17,51,47.9,54.1,41.5,42.6,48.8,37.2,11.7,20.1,314,2021-04-17T06:13,2021-04-17T19:37,48247.30,20341.07,0.30,0.30,0.00,3.0
2021-04-18,3,51.5,60.3,42.2,46.6,55.8,36.7,8.8,17.9,285,2021-04-18T06:12,2021-04-18T19:38,48397.46,41118.12,0.00,0.00,0.00,0.0
2021-04-19,3,52.9,63.0,42.9,49.4,61.4,38.5,10.1,18.8,210,2021-04-19T06:10,2021-04-19T19:39,48547.43,38208.45,0.00,0.00,0.00,0.0
2021-04-20,3,58.1,71.3,44.1,52.7,65.9,39.8,16.7,33.3,224,2021-04-20T06:09,2021-04-20T19:40,48697.22,44284.27,0.00,0.00,0.00,0.0
2021-04-21,61,53.8,65.4,39.6,46.8,62.6,28.6,19.3,34.9,258,2021-04-21T06:07,2021-04-21T19:41,48846.71,40267.98,2.20,2.20,0.00,5.0
2021-04-22,3,41.2,47.1,35.0,29.4,35.0,23.1,21.5,37.6,289,2021-04-22T06:06,2021-04-22T19:42,48995.80,36121.99,0.00,0.00,0.00,0.0
2021-04-23,3,48.7,60.5,36.0,39.6,50.0,27.5,18.7,34.2,273,2021-04-23T06:04,2021-04-23T19:44,49144.37,45353.06,0.00,0.00,0.00,0.0
2021-04-24,3,55.8,68.5,41.8,49.8,65.4,36.0,18.0,30.6,223,2021-04-24T06:03,2021-04-24T19:45,49292.30,38322.50,0.00,0.00,0.00,0.0
2021-04-25,63,54.0,62.5,47.8,49.4,57.1,43.8,12.2,21.9,343,2021-04-25T06:02,2021-04-25T19:46,49439.50,15837.47,13.00,13.00,0.00,11.0
2021-04-26,2,49.0,57.6,39.0,39.6,47.8,30.7,17.6,31.3,312,2021-04-26T06:00,2021-04-26T19:47,49585.84,45916.91,0.00,0.00,0.00,0.0
2021-04-27,71,49.9,58.7,39.5,44.5,53.8,33.5,10.2,21.3,153,2021-04-27T05:59,2021-04-27T19:48,49731.19,44312.61,0.60,0.40,0.14,1.0
2021-04-28,3,62.5,81.2,47.1,61.8,82.8,44.5,10.9,20.8,139,2021-04-28T05:57,2021-04-28T19:49,49875.43,40454.79,0.00,0.00,0.00,0.0
2021-04-29,55,64.6,73.7,55.0,64.3,75.8,54.1,16.9,29.8,200,2021-04-29T05:56,2021-04-29T19:50,50018.45,5404.19,2.90,2.90,0.00,8.0
2021-04-30,51,61.0,67.7,46.6,52.2,65.9,34.7,24.9,48.8,289,2021-04-30T05:55,2021-04-30T19:51,50160.11,46403.55,0.40,0.40,0.00,3.0
2021-05-01,3,52.0,63.9,41.6,42.7,56.1,29.5,20.5,36.0,303,2021-05-01T05:54,2021-05-01T19:52,50300.28,46827.52,0.00,0.00,0.00,0.0
2021-05-02,3,65.3,79.8,52.8,59.8,78.2,44.8,15.0,26.4,248,2021-05-02T05:52,2021-05-02T19:53,50438.83,42188.21,0.00,0.00,0.00,0.0
2021-05-03,61,58.1,61.6,53.3,55.6,60.3,51.1,9.1,27.7,52,2021-05-03T05:51,2021-05-03T19:54,50575.62,3600.00,6.20,6.20,0.00,6.0
2021-05-04,63,59.2,72.6,52.8,57.7,75.6,49.3,14.1,25.5,76,2021-05-04T05:50,2021-05-04T19:55,50710.52,25473.24,10.90,10.90,0.00,6.0
2021-05-05,61,55.0,60.3,52.0,52.9,60.0,47.7,14.1,25.3,19,2021-05-05T05:49,2021-05-05T19:56,50843.38,926.09,9.20,9.20,0.00,16.0
2021-05-06,3,55.8,63.8,48.2,49.4,59.6,41.8,14.7,26.6,314,2021-05-06T05:47,2021-05-06T19:57,50974.05,43639.79,0.00,0.00,0.00,0.0
2021-05-07,3,53.9,62.2,46.6,49.3,61.5,40.5,10.4,20.6,78,2021-05-07T05:46,2021-05-07T19:58,51102.39,44584.18,0.00,0.00,0.00,0.0
2021-05-08,55,50.4,53.2,46.5,46.3,50.3,42.2,12.5,23.3,145,2021-05-08T05:45,2021-05-08T19:59,51228.59,23271.54,2.70,2.70,0.00,9.0
2021-05-09,61,51.1,62.9,42.9,46.3,57.5,38.4,12.7,24.2,246,2021-05-09T05:44,2021-05-09T20:00,51353.59,28873.51,8.30,8.30,0.00,8.0
2021-05-10,53,52.7,59.7,47.1,47.7,54.3,41.6,12.6,37.4,339,2021-05-10T05:43,2021-05-10T20:01,51477.38,16246.77,2.90,2.90,0.00,7.0
2021-05-11,51,54.5,62.9,47.0,47.9,55.2,40.8,16.8,29.5,291,2021-05-11T05:42,2021-05-11T20:02,51599.84,45780.68,0.30,0.30,0.00,2.0
2021-05-12,2,53.8,64.8,43.1,47.7,60.0,34.8,12.6,24.6,317,2021-05-12T05:41,2021-05-12T20:03,51720.85,48287.24,0.00,0.00,0.00,0.0
2021-05-13,2,57.3,67.2,45.8,52.6,65.4,40.0,10.3,17.2,311,2021-05-13T05:40,2021-05-13T20:04,51840.30,48398.28,0.00,0.00,0.00,0.0
2021-05-14,1,60.0,72.1,46.0,56.4,71.6,41.8,9.8,15.7,268,2021-05-14T05:39,2021-05-14T20:05,51958.07,48507.62,0.00,0.00,0.00,0.0
2021-05-15,3,62.0,73.4,47.5,58.8,73.6,44.3,8.3,16.1,215,2021-05-15T05:38,2021-05-15T20:06,52074.04,48615.14,0.00,0.00,0.00,0.0
2021-05-16,3,62.1,71.7,50.7,58.4,69.8,47.4,13.9,24.6,259,2021-05-16T05:37,2021-05-16T20:07,52188.07,40934.89,0.00,0.00,0.00,0.0
2021-05-17,3,62.5,73.8,49.8,60.1,74.0,47.0,11.8,23.3,221,2021-05-17T05:36,2021-05-17T20:08,52300.04,48824.31,0.00,0.00,0.00,0.0
2021-05-18,3,67.3,80.2,52.5,64.6,77.7,49.4,9.2,16.3,254,2021-05-18T05:35,2021-05-18T20:09,52409.83,48361.41,0.00,0.00,0.00,0.0
2021-05-19,3,70.2,84.1,56.0,68.1,82.3,54.0,11.9,22.6,342,2021-05-19T05:35,2021-05-19T20:10,52517.30,49024.89,0.00,0.00,0.00,0.0
2021-05-20,3,62.4,71.4,54.9,59.8,68.4,53.7,12.5,23.0,144,2021-05-20T05:34,2021-05-20T20:11,52622.33,49004.20,0.00,0.00,0.00,0.0
2021-05-21,3,64.0,74.0,53.7,62.1,73.9,51.6,12.2,23.3,172,2021-05-21T05:33,2021-05-21T20:12,52724.77,49215.94,0.00,0.00,0.00,0.0
2021-05-22,3,75.8,88.0,62.7,75.1,86.4,61.0,13.3,22.6,300,2021-05-22T05:32,2021-05-22T20:13,52824.49,39466.51,0.00,0.00,0.00,0.0
2021-05-23,3,77.8,89.4,67.8,77.1,86.7,64.3,17.4,31.5,322,2021-05-23T05:31,2021-05-23T20:14,52921.35,48382.54,0.00,0.00,0.00,0.0
2021-05-24,3,61.4,66.7,57.4,56.1,61.9,51.9,14.1,27.1,123,2021-05-24T05:31,2021-05-24T20:14,53015.21,34990.05,0.00,0.00,0.00,0.0
2021-05-25,3,63.9,71.4,56.2,61.0,70.1,53.2,16.2,29.5,181,2021-05-25T05:30,2021-05-25T20:15,53105.94,37928.96,0.00,0.00,0.00,0.0
2021-05-26,61,74.0,85.3,63.9,75.3,90.5,63.9,15.7,28.2,210,2021-05-26T05:29,2021-05-26T20:16,53193.39,49203.70,1.80,1.80,0.00,2.0
2021-05-27,61,73.5,82.5,66.0,72.2,80.4,62.3,13.3,24.2,316,2021-05-27T05:29,2021-05-27T20:17,53277.41,49674.46,2.60,2.60,0.00,3.0
2021-05-28,63,59.3,66.6,51.3,53.6,61.1,44.2,16.7,28.9,62,2021-05-28T05:28,2021-05-28T20:18,53358.11,27330.46,25.50,25.50,0.00,8.0
2021-05-29,63,50.2,52.5,47.7,41.9,44.8,39.1,20.2,35.1,39,2021-05-29T05:28,2021-05-29T20:18,53436.15,0.00,28.10,28.10,0.00,22.0
2021-05-30,61,50.3,53.3,47.7,43.6,47.6,41.1,18.8,32.0,23,2021-05-30T05:27,2021-05-30T20:19,53511.51,0.00,14.10,14.10,0.00,24.0
2021-05-31,51,57.7,69.4,49.5,53.8,69.0,43.8,13.3,23.9,319,2021-05-31T05:27,2021-05-31T20:20,53584.11,27127.09,0.80,0.80,0.00,5.0
2021-06-01,3,62.8,75.4,49.7,61.5,74.1,47.1,11.5,19.5,222,2021-06-01T05:26,2021-06-01T20:21,53653.88,36003.41,0.00,0.00,0.00,0.0
2021-06-02,3,63.6,71.6,55.2,63.1,73.9,53.9,10.6,20.8,177,2021-06-02T05:26,2021-06-02T20:21,53720.75,30540.28,0.00,0.00,0.00,0.0
2021-06-03,63,64.5,72.9,56.2,66.4,77.5,56.1,8.1,23.9,163,2021-06-03T05:26,2021-06-03T20:22,53784.63,16002.42,13.80,13.80,0.00,11.0
2021-06-04,61,70.0,78.3,64.3,73.0,82.0,65.3,10.6,24.8,235,2021-06-04T05:25,2021-06-04T20:23,53845.46,18534.35,5.10,5.10,0.00,11.0
2021-06-05,2,75.9,89.3,63.4,78.3,92.7,65.3,13.2,26.8,247,2021-06-05T05:25,2021-06-05T20:23,53903.14,50040.39,0.00,0.00,0.00,0.0
2021-06-06,1,78.8,89.1,68.9,82.5,94.9,69.7,10.1,18.6,218,2021-06-06T05:25,2021-06-06T20:24,53957.62,50076.32,0.00,0.00,0.00,0.0
2021-06-07,51,78.0,87.1,70.0,83.6,94.0,74.3,10.6,21.3,204,2021-06-07T05:25,2021-06-07T20:25,54008.81,43441.80,0.30,0.30,0.00,3.0
2021-06-08,61,77.8,86.9,71.9,85.4,95.3,78.2,10.1,19.7,215,2021-06-08T05:24,2021-06-08T20:25,54056.64,32316.90,5.80,5.80,0.00,8.0
2021-06-09,53,78.6,87.3,71.1,85.9,96.4,76.9,7.2,17.7,285,2021-06-09T05:24,2021-06-09T20:26,54101.04,48523.07,1.40,1.40,0.00,5.0
2021-06-10,51,73.0,80.2,63.0,73.5,82.5,61.4,14.7,26.2,81,2021-06-10T05:24,2021-06-10T20:26,54141.93,50206.48,0.20,0.20,0.00,2.0
2021-06-11,51,64.3,69.9,60.2,63.2,68.1,57.4,9.3,17.9,95,2021-06-11T05:24,2021-06-11T20:27,54179.24,19689.38,0.50,0.50,0.00,2.0
2021-06-12,51,65.8,71.0,61.5,66.2,72.0,62.8,9.4,18.1,110,2021-06-12T05:24,2021-06-12T20:27,54212.91,27307.88,0.40,0.40,0.00,2.0
2021-06-13,51,66.2,75.0,59.1,66.5,78.5,60.2,11.9,21.7,182,2021-06-13T05:24,2021-06-13T20:28,54242.85,39589.36,0.10,0.10,0.00,1.0
2021-06-14,63,66.9,70.9,64.2,67.6,70.6,65.0,13.9,30.9,153,2021-06-14T05:24,2021-06-14T20:28,54269.02,35165.55,17.80,17.80,0.00,11.0
2021-06-15,53,70.2,78.3,63.8,71.6,79.8,63.3,11.1,20.6,298,2021-06-15T05:24,2021-06-15T20:29,54291.32,46732.14,0.60,0.60,0.00,2.0
2021-06-16,2,67.6,74.5,60.1,64.9,71.6,58.0,12.7,23.7,319,2021-06-16T05:24,2021-06-16T20:29,54309.72,50351.49,0.00,0.00,0.00,0.0
2021-06-17,3,66.0,75.7,54.8,63.7,74.1,52.1,8.4,17.4,316,2021-06-17T05:24,2021-06-17T20:29,54324.17,50369.14,0.00,0.00,0.00,0.0
2021-06-18,3,70.0,82.0,56.6,68.5,81.2,54.6,12.8,23.3,212,2021-06-18T05:24,2021-06-18T20:30,54334.80,39829.09,0.00,0.00,0.00,0.0
2021-06-19,53,76.1,90.7,67.6,77.7,92.8,66.7,14.2,23.9,240,2021-06-19T05:24,2021-06-19T20:30,54341.63,35257.49,2.00,2.00,0.00,6.0
2021-06-20,51,73.9,85.1,63.6,77.3,87.9,65.8,13.4,24.6,208,2021-06-20T05:24,2021-06-20T20:30,54344.70,50400.00,0.30,0.30,0.00,3.0
2021-06-21,51,76.9,82.6,71.4,81.9,88.9,77.3,17.0,30.0,179,2021-06-21T05:25,2021-06-21T20:30,54344.01,49458.39,0.50,0.50,0.00,3.0
2021-06-22,63,69.6,76.6,59.8,71.1,82.4,56.4,15.1,26.2,305,2021-06-22T05:25,2021-06-22T20:31,54339.61,15295.41,8.80,8.80,0.00,10.0
2021-06-23,3,64.7,74.3,54.8,61.8,71.8,51.4,10.7,19.0,310,2021-06-23T05:25,2021-06-23T20:31,54331.53,50400.00,0.00,0.00,0.00,0.0
2021-06-24,3,65.7,73.5,56.9,64.9,74.1,55.9,12.9,24.2,141,2021-06-24T05:26,2021-06-24T20:31,54319.80,50400.00,0.00,0.00,0.00,0.0
2021-06-25,3,67.6,76.1,61.1,69.0,78.9,61.2,14.2,25.5,144,2021-06-25T05:26,2021-06-25T20:31,54304.45,50400.00,0.00,0.00,0.00,0.0
2021-06-26,53,73.4,79.8,65.9,76.9,85.2,69.2,15.7,30.9,179,2021-06-26T05:26,2021-06-26T20:31,54285.50,47198.73,1.80,1.80,0.00,9.0
2021-06-27,51,78.6,85.2,72.3,83.3,92.8,76.2,12.2,25.9,196,2021-06-27T05:27,2021-06-27T20:31,54263.01,40473.55,0.50,0.50,0.00,4.0
2021-06-28,3,82.0,91.1,73.8,87.5,98.8,77.4,14.3,24.4,212,2021-06-28T05:27,2021-06-28T20:31,54237.02,50400.00,0.00,0.00,0.00,0.0
2021-06-29,1,83.9,92.8,75.7,90.7,102.7,79.8,14.4,26.2,231,2021-06-29T05:28,2021-06-29T20:31,54207.55,50400.00,0.00,0.00,0.00,0.0
2021-06-30,2,86.1,96.3,77.4,91.8,101.4,83.2,11.8,22.1,243,2021-06-30T05:28,2021-06-30T20:31,54174.66,50400.00,0.00,0.00,0.00,0.0
2021-07-01,65,77.4,84.0,71.9,83.8,89.7,78.0,8.4,21.0,274,2021-07-01T05:29,2021-07-01T20:31,54138.38,27748.89,22.90,22.90,0.00,12.0
2021-07-02,63,72.2,76.5,68.4,77.9,83.7,73.6,6.3,13.9,258,2021-07-02T05:29,2021-07-02T20:31,54098.76,9091.12,28.00,28.00,0.00,23.0
2021-07-03,63,64.4,67.6,62.3,64.0,66.5,60.4,16.8,29.5,42,2021-07-03T05:30,2021-07-03T20:30,54055.84,19480.75,16.70,16.70,0.00,21.0
2021-07-04,51,69.0,77.6,60.7,71.2,79.0,62.4,7.4,16.1,275,2021-07-04T05:30,2021-07-04T20:30,54009.68,50355.29,1.70,1.70,0.00,14.0
2021-07-05,51,73.4,79.9,64.9,77.8,86.8,68.9,14.0,22.8,151,2021-07-05T05:31,2021-07-05T20:30,53960.30,50323.27,0.20,0.20,0.00,2.0
2021-07-06,51,80.0,92.5,72.0,84.1,96.5,72.9,18.5,31.1,230,2021-07-06T05:31,2021-07-06T20:30,53907.78,50051.84,0.60,0.60,0.00,3.0
2021-07-07,55,80.7,89.8,72.1,88.4,98.6,78.8,12.1,24.4,211,2021-07-07T05:32,2021-07-07T20:29,53851.97,50239.17,1.00,1.00,0.00,1.0
2021-07-08,63,76.8,82.8,71.1,84.0,91.3,72.6,14.8,32.4,129,2021-07-08T05:33,2021-07-08T20:29,53792.38,28945.55,12.20,12.20,0.00,11.0
2021-07-09,65,77.0,86.5,71.8,81.7,91.4,72.5,20.9,35.1,338,2021-07-09T05:33,2021-07-09T20:29,53729.09,28214.49,37.20,37.20,0.00,16.0
2021-07-10,51,74.3,79.1,70.1,79.3,84.6,73.2,9.7,18.6,2,2021-07-10T05:34,2021-07-10T20:28,53662.23,50065.66,1.00,1.00,0.00,8.0
2021-07-11,53,73.0,77.0,68.4,77.8,81.9,73.4,10.8,23.5,140,2021-07-11T05:35,2021-07-11T20:28,53591.92,22533.20,2.50,2.50,0.00,11.0
2021-07-12,65,77.2,83.7,72.6,85.4,96.6,78.2,8.1,18.8,131,2021-07-12T05:35,2021-07-12T20:27,53518.28,23392.73,16.20,16.20,0.00,13.0
2021-07-13,53,73.7,78.9,70.5,79.1,85.6,75.1,8.5,16.6,99,2021-07-13T05:36,2021-07-13T20:27,53441.43,15457.24,1.80,1.80,0.00,10.0
2021-07-14,53,77.4,87.5,71.3,84.7,95.3,76.0,9.2,21.9,186,2021-07-14T05:37,2021-07-14T20:26,53361.50,38386.69,1.30,1.30,0.00,3.0
2021-07-15,51,78.8,85.4,70.6,86.2,94.6,76.7,9.3,17.2,209,2021-07-15T05:38,2021-07-15T20:26,53278.60,49713.91,0.10,0.10,0.00,1.0
2021-07-16,51,82.4,90.9,74.5,89.8,98.3,81.2,8.1,20.1,235,2021-07-16T05:38,2021-07-16T20:25,53192.86,49635.11,0.40,0.40,0.00,3.0
2021-07-17,63,80.8,87.8,74.7,89.9,97.4,82.2,13.9,25.1,205,2021-07-17T05:39,2021-07-17T20:24,53104.40,46414.09,8.70,8.70,0.00,6.0
2021-07-18,65,77.9,83.7,74.3,82.7,86.8,77.0,12.7,24.4,232,2021-07-18T05:40,2021-07-18T20:24,53013.34,44843.76,15.00,15.00,0.00,11.0
2021-07-19,51,75.7,82.4,70.2,79.5,87.9,72.7,8.2,18.8,307,2021-07-19T05:41,2021-07-19T20:23,52919.80,47450.97,0.20,0.20,0.00,1.0
2021-07-20,1,78.6,88.4,70.5,84.5,94.4,75.2,10.8,19.2,281,2021-07-20T05:42,2021-07-20T20:22,52823.89,49295.25,0.00,0.00,0.00,0.0
2021-07-21,63,75.7,83.0,70.4,80.5,88.5,73.8,9.2,18.1,315,2021-07-21T05:43,2021-07-21T20:21,52725.72,45604.61,5.30,5.30,0.00,5.0
2021-07-22,3,72.9,80.7,64.5,73.9,82.5,65.5,9.7,16.6,329,2021-07-22T05:44,2021-07-22T20:21,52625.43,48199.08,0.00,0.00,0.00,0.0
2021-07-23,1,72.9,79.9,63.9,74.1,82.4,63.7,7.7,16.6,341,2021-07-23T05:45,2021-07-23T20:20,52523.10,49017.24,0.00,0.00,0.00,0.0
2021-07-24,3,73.3,80.7,65.2,76.0,85.7,68.6,10.7,18.8,159,2021-07-24T05:45,2021-07-24T20:19,52418.86,43132.24,0.00,0.00,0.00,0.0
2021-07-25,63,76.2,84.2,68.4,79.7,89.9,70.8,12.8,25.9,199,2021-07-25T05:46,2021-07-25T20:18,52312.83,33045.93,7.90,7.90,0.00,8.0
2021-07-26,3,79.5,89.8,71.5,84.7,93.6,76.7,8.4,13.9,290,2021-07-26T05:47,2021-07-26T20:17,52205.09,45400.50,0.00,0.00,0.00,0.0
2021-07-27,51,77.5,87.5,67.5,81.2,93.1,70.2,15.1,25.5,192,2021-07-27T05:48,2021-07-27T20:16,52095.46,48620.44,0.10,0.10,0.00,1.0
2021-07-28,51,74.5,81.0,69.2,77.6,84.1,72.1,11.0,21.0,9,2021-07-28T05:49,2021-07-28T20:15,51983.06,48515.91,1.10,1.10,0.00,5.0
2021-07-29,65,72.8,78.3,68.1,76.6,80.7,72.4,16.9,32.4,182,2021-07-29T05:50,2021-07-29T20:14,51867.97,26919.82,32.20,32.20,0.00,14.0
2021-07-30,1,74.3,82.8,67.4,74.7,81.7,63.7,15.7,27.3,312,2021-07-30T05:51,2021-07-30T20:13,51750.34,48299.18,0.00,0.00,0.00,0.0
2021-07-31,2,68.1,79.1,58.5,67.3,80.1,57.6,13.8,25.1,302,2021-07-31T05:52,2021-07-31T20:12,51630.31,48187.22,0.00,0.00,0.00,0.0
2021-08-01,51,71.0,76.0,62.1,72.0,75.1,63.2,13.5,24.8,167,2021-08-01T05:53,2021-08-01T20:11,51508.03,46790.12,0.70,0.70,0.00,6.0
2021-08-02,3,71.2,80.3,63.6,71.3,79.1,63.9,12.2,23.0,315,2021-08-02T05:54,2021-08-02T20:10,51383.64,47956.82,0.00,0.00,0.00,0.0
2021-08-03,3,69.2,76.1,60.8,69.7,76.2,60.9,7.0,12.1,16,2021-08-03T05:55,2021-08-03T20:09,51257.29,9083.37,0.00,0.00,0.00,0.0
2021-08-04,53,70.4,76.5,64.1,72.4,76.8,65.8,8.7,16.1,60,2021-08-04T05:56,2021-08-04T20:08,51129.11,5881.00,0.80,0.80,0.00,2.0
2021-08-05,51,71.4,81.1,63.9,73.9,85.0,65.9,8.8,17.0,6,2021-08-05T05:57,2021-08-05T20:07,50999.24,32321.17,0.10,0.10,0.00,1.0
2021-08-06,3,75.3,84.2,63.3,78.0,89.5,65.0,13.5,24.2,187,2021-08-06T05:58,2021-08-06T20:05,50867.81,47473.38,0.00,0.00,0.00,0.0
2021-08-07,3,76.8,85.9,67.8,78.5,88.9,71.1,16.5,28.2,197,2021-08-07T05:59,2021-08-07T20:04,50734.95,40166.99,0.00,0.00,0.00,0.0
2021-08-08,63,70.2,73.4,66.5,72.5,76.0,69.3,12.7,22.1,33,2021-08-08T06:00,2021-08-08T20:03,50600.77,24446.76,13.20,13.20,0.00,17.0
2021-08-09,51,73.7,80.0,68.8,77.7,85.4,70.6,11.6,21.5,32,2021-08-09T06:01,2021-08-09T20:02,50465.43,35196.76,0.70,0.70,0.00,6.0
2021-08-10,61,75.7,81.5,69.1,82.5,88.3,75.0,11.3,21.5,170,2021-08-10T06:02,2021-08-10T20:00,50329.02,41077.52,5.90,5.90,0.00,11.0
2021-08-11,55,80.5,89.7,73.9,88.1,97.4,81.5,13.7,25.5,209,2021-08-11T06:03,2021-08-11T19:59,50191.67,44021.80,3.40,3.40,0.00,9.0
2021-08-12,3,83.4,95.7,73.8,89.7,100.9,80.0,13.2,27.3,220,2021-08-12T06:04,2021-08-12T19:58,50053.51,45015.37,0.00,0.00,0.00,0.0
2021-08-13,3,83.7,91.9,77.0,91.1,102.2,84.0,12.5,22.6,211,2021-08-13T06:05,2021-08-13T19:56,49914.64,43914.05,0.00,0.00,0.00,0.0
2021-08-14,61,81.4,89.1,76.1,87.9,98.2,77.7,11.5,19.5,285,2021-08-14T06:06,2021-08-14T19:55,49775.17,40568.83,5.20,5.20,0.00,6.0
2021-08-15,3,75.1,82.3,69.1,76.2,85.4,67.7,11.3,20.4,28,2021-08-15T06:06,2021-08-15T19:54,49635.22,44024.32,0.00,0.00,0.00,0.0
2021-08-16,3,73.7,80.3,68.5,76.6,83.6,71.5,11.2,19.9,120,2021-08-16T06:07,2021-08-16T19:52,49494.55,28865.17,0.00,0.00,0.00,0.0
2021-08-17,61,75.3,79.6,72.0,78.7,82.0,75.4,13.5,24.4,156,2021-08-17T06:08,2021-08-17T19:51,49352.18,22643.71,2.30,2.30,0.00,3.0
2021-08-18,61,76.4,81.0,70.4,81.9,86.5,76.4,16.3,28.6,151,2021-08-18T06:09,2021-08-18T19:49,49208.15,20366.59,1.90,1.90,0.00,5.0
2021-08-19,55,80.0,87.2,74.7,84.3,90.1,79.8,16.0,30.2,223,2021-08-19T06:10,2021-08-19T19:48,49062.59,38359.45,8.30,8.30,0.00,12.0
2021-08-20,53,76.7,80.5,72.2,82.8,87.0,76.8,7.5,12.3,312,2021-08-20T06:11,2021-08-20T19:47,48915.61,6943.28,1.80,1.80,0.00,8.0
2021-08-21,53,76.8,81.2,72.1,83.9,86.7,79.3,9.7,18.3,115,2021-08-21T06:12,2021-08-21T19:45,48767.35,18777.25,1.20,1.20,0.00,7.0
2021-08-22,65,73.9,74.9,72.7,79.5,81.4,76.8,12.1,20.6,296,2021-08-22T06:13,2021-08-22T19:44,48617.92,0.00,67.30,67.30,0.00,21.0
2021-08-23,65,76.7,83.9,71.9,81.0,89.3,73.0,17.9,30.0,231,2021-08-23T06:14,2021-08-23T19:42,48467.44,35662.98,35.10,35.10,0.00,19.0
2021-08-24,1,79.1,88.1,71.8,84.9,92.9,77.2,8.8,16.8,294,2021-08-24T06:15,2021-08-24T19:40,48316.03,43534.11,0.00,0.00,0.00,0.0
2021-08-25,3,79.0,88.8,68.7,85.8,96.2,73.2,6.2,10.5,273,2021-08-25T06:16,2021-08-25T19:39,48163.80,43533.88,0.00,0.00,0.00,0.0
2021-08-26,51,80.7,89.9,73.1,89.0,99.9,79.7,10.1,18.1,225,2021-08-26T06:17,2021-08-26T19:37,48010.86,43447.62,0.10,0.10,0.00,1.0
2021-08-27,53,81.4,90.8,74.7,90.7,101.4,83.0,6.2,12.5,301,2021-08-27T06:18,2021-08-27T19:36,47857.31,43292.20,1.60,1.60,0.00,2.0
2021-08-28,53,73.8,79.2,68.6,76.8,88.4,69.1,15.4,27.5,63,2021-08-28T06:19,2021-08-28T19:34,47703.27,15328.12,3.30,3.30,0.00,16.0
2021-08-29,53,71.7,76.5,67.0,75.9,82.5,69.6,8.6,16.1,87,2021-08-29T06:20,2021-08-29T19:33,47548.83,2234.52,2.00,2.00,0.00,7.0
2021-08-30,63,76.8,84.1,71.4,83.7,90.9,78.3,10.0,20.4,232,2021-08-30T06:21,2021-08-30T19:31,47394.11,32895.37,5.20,5.20,0.00,7.0
2021-08-31,3,76.8,84.4,70.7,82.0,88.6,77.1,10.4,18.1,303,2021-08-31T06:22,2021-08-31T19:29,47239.20,32470.68,0.00,0.00,0.00,0.0
2021-09-01,65,71.0,74.3,65.5,73.9,78.5,58.4,28.1,51.9,41,2021-09-01T06:23,2021-09-01T19:28,47084.19,0.00,111.50,111.50,0.00,18.0
2021-09-02,65,67.4,76.5,59.8,63.8,73.2,54.9,26.0,50.3,344,2021-09-02T06:24,2021-09-02T19:26,46929.20,43175.47,22.40,22.40,0.00,5.0
2021-09-03,3,65.3,72.0,58.1,63.9,70.7,56.9,9.5,18.3,322,2021-09-03T06:25,2021-09-03T19:25,46774.31,37544.14,0.00,0.00,0.00,0.0
2021-09-04,3,67.7,77.4,59.1,68.6,79.4,59.2,9.9,16.3,282,2021-09-04T06:26,2021-09-04T19:23,46619.63,42711.58,0.00,0.00,0.00,0.0
2021-09-05,53,69.9,76.6,63.0,72.5,80.3,64.1,9.6,23.5,204,2021-09-05T06:27,2021-09-05T19:21,46464.90,20807.69,1.20,1.20,0.00,7.0
2021-09-06,3,73.0,81.1,66.8,75.3,80.6,69.6,12.5,22.6,271,2021-09-06T06:28,2021-09-06T19:20,46309.13,42795.66,0.00,0.00,0.00,0.0
2021-09-07,1,69.8,79.3,60.3,71.2,79.6,61.1,8.3,15.2,262,2021-09-07T06:29,2021-09-07T19:18,46152.32,42698.45,0.00,0.00,0.00,0.0
2021-09-08,51,74.2,80.2,68.1,75.9,81.5,68.9,16.4,32.4,187,2021-09-08T06:30,2021-09-08T19:16,45994.61,42027.29,0.60,0.60,0.00,5.0
2021-09-09,63,70.5,73.5,68.1,75.4,77.5,70.9,11.5,25.1,267,2021-09-09T06:31,2021-09-09T19:15,45836.08,391.82,19.40,19.40,0.00,15.0
2021-09-10,3,67.6,73.8,61.5,65.2,69.8,60.2,15.7,28.4,315,2021-09-10T06:32,2021-09-10T19:13,45676.83,42401.30,0.00,0.00,0.00,0.0
2021-09-11,3,67.0,77.1,56.5,66.4,75.2,55.7,10.3,19.7,246,2021-09-11T06:33,2021-09-11T19:11,45516.98,42300.78,0.00,0.00,0.00,0.0
2021-09-12,2,73.8,84.6,65.7,73.9,84.2,64.1,15.7,27.7,233,2021-09-12T06:34,2021-09-12T19:10,45356.61,42161.65,0.00,0.00,0.00,0.0
2021-09-13,53,77.4,84.8,71.6,80.3,88.5,72.6,13.2,22.4,275,2021-09-13T06:35,2021-09-13T19:08,45195.84,37534.91,1.60,1.60,0.00,2.0
2021-09-14,51,72.2,78.8,67.2,75.8,82.4,71.1,11.7,21.3,136,2021-09-14T06:36,2021-09-14T19:06,45034.75,41717.73,0.10,0.10,0.00,1.0
2021-09-15,53,77.0,86.4,69.8,81.1,89.4,74.6,14.3,24.4,193,2021-09-15T06:37,2021-09-15T19:05,44873.45,41682.72,0.80,0.80,0.00,3.0
2021-09-16,55,71.2,75.7,67.2,73.8,76.8,69.5,13.0,23.7,37,2021-09-16T06:38,2021-09-16T19:03,44712.03,18792.22,4.00,4.00,0.00,10.0
2021-09-17,51,71.6,75.2,68.8,74.7,78.4,70.4,12.8,23.9,53,2021-09-17T06:39,2021-09-17T19:01,44550.59,14618.90,1.60,1.60,0.00,11.0
2021-09-18,51,74.0,81.7,67.2,78.4,86.0,71.4,9.5,15.9,350,2021-09-18T06:40,2021-09-18T18:59,44389.21,41065.52,0.40,0.40,0.00,4.0
2021-09-19,2,69.2,74.9,62.9,68.7,73.9,62.2,11.7,21.7,1,2021-09-19T06:41,2021-09-19T18:58,44228.00,41039.84,0.00,0.00,0.00,0.0
2021-09-20,51,66.3,73.4,59.7,67.1,74.6,61.0,10.7,19.9,114,2021-09-20T06:42,2021-09-20T18:56,44067.05,40878.97,0.30,0.30,0.00,3.0
2021-09-21,51,68.7,74.0,62.8,70.2,74.8,64.1,9.9,19.2,109,2021-09-21T06:43,2021-09-21T18:54,43906.46,38024.17,0.10,0.10,0.00,1.0
2021-09-22,61,73.1,77.6,67.9,76.5,80.2,72.8,18.7,33.1,154,2021-09-22T06:44,2021-09-22T18:53,43746.31,28158.45,4.90,4.90,0.00,12.0
2021-09-23,63,74.0,79.4,64.3,74.2,77.2,65.4,25.4,44.3,156,2021-09-23T06:45,2021-09-23T18:51,43586.71,32525.98,18.40,18.40,0.00,14.0
2021-09-24,63,66.1,72.8,60.4,65.7,70.7,59.6,9.6,18.1,276,2021-09-24T06:46,2021-09-24T18:49,43427.75,37380.89,26.20,26.20,0.00,9.0
2021-09-25,3,65.4,73.3,57.6,66.3,76.7,57.2,4.8,10.5,330,2021-09-25T06:47,2021-09-25T18:48,43269.16,39049.21,0.00,0.00,0.00,0.0
2021-09-26,3,65.2,71.1,60.5,61.6,65.7,57.1,15.1,26.8,295,2021-09-26T06:48,2021-09-26T18:46,43109.89,39647.64,0.00,0.00,0.00,0.0
2021-09-27,3,68.2,79.2,58.9,64.5,74.7,54.7,15.8,27.1,234,2021-09-27T06:49,2021-09-27T18:44,42949.96,39104.90,0.00,0.00,0.00,0.0
2021-09-28,63,67.9,72.9,62.2,67.6,74.6,58.8,12.0,24.6,264,2021-09-28T06:50,2021-09-28T18:43,42789.48,21283.09,15.30,15.30,0.00,10.0
2021-09-29,51,60.7,68.8,53.2,56.4,63.9,48.6,13.8,25.1,331,2021-09-29T06:51,2021-09-29T18:41,42628.55,38045.28,0.10,0.10,0.00,1.0
2021-09-30,3,60.2,66.7,56.2,56.7,61.1,53.1,12.9,22.6,330,2021-09-30T06:52,2021-09-30T18:39,42467.27,27694.19,0.00,0.00,0.00,0.0
2021-10-01,1,58.2,67.5,49.9,55.3,63.9,46.7,7.8,15.0,304,2021-10-01T06:53,2021-10-01T18:38,42305.75,38583.97,0.00,0.00,0.00,0.0
2021-10-02,3,62.3,75.5,51.9,60.4,73.3,50.2,11.0,20.6,253,2021-10-02T06:54,2021-10-02T18:36,42144.09,38456.47,0.00,0.00,0.00,0.0
2021-10-03,3,66.6,79.2,55.8,67.7,79.1,55.5,8.4,16.3,219,2021-10-03T06:55,2021-10-03T18:34,41982.39,38300.71,0.00,0.00,0.00,0.0
2021-10-04,63,67.4,70.6,62.6,70.1,73.5,61.8,12.0,26.2,57,2021-10-04T06:56,2021-10-04T18:33,41820.77,5182.63,22.80,22.80,0.00,16.0
2021-10-05,3,63.2,68.4,59.8,63.2,69.8,59.6,9.9,17.7,42,2021-10-05T06:57,2021-10-05T18:31,41659.33,8276.92,0.00,0.00,0.00,0.0
2021-10-06,3,64.6,69.3,61.5,66.8,71.9,62.6,4.3,8.9,30,2021-10-06T06:58,2021-10-06T18:29,41498.18,7146.71,0.00,0.00,0.00,0.0
2021-10-07,51,66.1,72.9,61.4,69.0,75.4,63.1,6.8,11.6,201,2021-10-07T06:59,2021-10-07T18:28,41337.42,32618.65,0.40,0.40,0.00,4.0
2021-10-08,3,65.9,75.6,57.6,67.8,79.0,57.9,7.9,13.2,97,2021-10-08T07:00,2021-10-08T18:26,41177.16,37876.69,0.00,0.00,0.00,0.0
2021-10-09,51,64.0,69.0,60.0,61.7,65.6,58.4,13.9,25.3,69,2021-10-09T07:01,2021-10-09T18:25,41017.52,21890.96,0.40,0.40,0.00,4.0
2021-10-10,53,63.8,66.5,62.2,61.6,64.4,59.8,17.5,31.1,48,2021-10-10T07:02,2021-10-10T18:23,40858.59,0.00,2.80,2.80,0.00,8.0
2021-10-11,3,65.2,71.2,62.0,63.6,69.4,59.7,17.3,30.4,38,2021-10-11T07:03,2021-10-11T18:21,40700.52,25658.47,0.00,0.00,0.00,0.0
2021-10-12,3,64.2,71.2,60.2,65.3,72.5,60.3,8.0,14.8,79,2021-10-12T07:04,2021-10-12T18:20,40543.39,34257.59,0.00,0.00,0.00,0.0
2021-10-13,51,64.9,71.5,59.5,67.3,72.8,61.1,8.0,14.3,196,2021-10-13T07:05,2021-10-13T18:18,40387.32,8341.00,0.10,0.10,0.00,1.0
2021-10-14,3,67.3,77.5,60.0,68.3,76.3,61.1,10.4,18.6,329,2021-10-14T07:06,2021-10-14T18:17,40232.45,36794.16,0.00,0.00,0.00,0.0
2021-10-15,3,67.8,77.5,59.4,69.1,78.6,60.1,11.5,18.3,180,2021-10-15T07:07,2021-10-15T18:15,40078.48,36003.64,0.00,0.00,0.00,0.0
2021-10-16,63,68.7,76.7,59.6,68.5,75.0,56.6,17.3,28.6,195,2021-10-16T07:09,2021-10-16T18:14,39924.27,31095.40,17.80,17.80,0.00,8.0
2021-10-17,51,57.6,63.9,52.6,51.8,56.2,46.6,15.2,25.9,293,2021-10-17T07:10,2021-10-17T18:12,39769.83,36492.29,0.20,0.20,0.00,2.0
2021-10-18,2,54.1,61.2,48.9,46.1,50.2,43.2,20.8,35.6,296,2021-10-18T07:11,2021-10-18T18:11,39615.28,36105.71,0.00,0.00,0.00,0.0
2021-10-19,0,56.7,66.9,47.4,49.8,58.6,40.9,15.4,26.4,272,2021-10-19T07:12,2021-10-19T18:09,39460.74,35887.67,0.00,0.00,0.00,0.0
2021-10-20,3,64.8,76.2,57.2,60.3,72.4,50.5,13.1,21.3,272,2021-10-20T07:13,2021-10-20T18:08,39306.35,33241.83,0.00,0.00,0.00,0.0
2021-10-21,3,63.3,74.0,53.8,61.4,71.3,51.8,11.0,18.1,208,2021-10-21T07:14,2021-10-21T18:06,39152.22,35378.43,0.00,0.00,0.00,0.0
2021-10-22,3,63.8,69.0,58.2,61.2,65.9,55.1,11.1,18.1,266,2021-10-22T07:15,2021-10-22T18:05,38998.49,34391.01,0.00,0.00,0.00,0.0
2021-10-23,51,55.7,61.6,51.5,51.8,57.9,46.5,9.3,15.4,329,2021-10-23T07:16,2021-10-23T18:04,38845.29,18752.32,0.40,0.40,0.00,2.0
2021-10-24,53,54.0,60.4,45.7,50.8,57.1,42.5,8.1,15.2,244,2021-10-24T07:17,2021-10-24T18:02,38692.74,30846.66,0.70,0.70,0.00,1.0
2021-10-25,63,65.6,74.2,57.6,66.1,75.6,57.8,12.5,20.6,176,2021-10-25T07:19,2021-10-25T18:01,38540.99,24907.91,10.90,10.90,0.00,8.0
2021-10-26,65,60.8,63.2,57.1,58.7,62.5,52.0,19.4,32.4,89,2021-10-26T07:20,2021-10-26T17:59,38390.17,1857.86,78.80,78.80,0.00,16.0
2021-10-27,61,57.5,61.6,54.3,49.9,53.0,46.8,22.7,39.8,359,2021-10-27T07:21,2021-10-27T17:58,38240.43,26736.22,6.80,6.80,0.00,6.0
2021-10-28,3,53.3,59.7,47.0,49.3,57.7,42.6,12.5,20.6,27,2021-10-28T07:22,2021-10-28T17:57,38091.91,33676.29,0.00,0.00,0.00,0.0
2021-10-29,63,53.3,58.1,48.3,46.0,49.7,42.4,23.6,40.9,77,2021-10-29T07:23,2021-10-29T17:56,37944.75,4840.97,9.30,9.30,0.00,5.0
2021-10-30,61,60.4,64.5,54.8,57.4,61.7,47.4,25.4,42.3,118,2021-10-30T07:24,2021-10-30T17:54,37799.10,30971.31,6.70,6.70,0.00,14.0
2021-10-31,63,58.7,65.5,54.9,55.7,59.9,51.3,13.8,23.3,266,2021-10-31T07:26,2021-10-31T17:53,37655.11,33580.68,5.90,5.90,0.00,9.0
2021-11-01,3,53.6,58.7,46.7,47.9,51.0,42.6,13.6,23.7,279,2021-11-01T07:27,2021-11-01T17:52,37512.95,33829.22,0.00,0.00,0.00,0.0
2021-11-02,51,49.3,53.1,45.2,44.4,47.5,40.2,9.1,17.2,271,2021-11-02T07:28,2021-11-02T17:51,37372.76,6646.99,0.70,0.70,0.00,5.0
2021-11-03,51,44.9,52.2,38.8,38.9,44.2,33.8,10.7,19.5,304,2021-11-03T07:29,2021-11-03T17:49,37234.71,33674.53,0.10,0.10,0.00,1.0
2021-11-04,3,44.0,50.2,37.4,38.6,45.0,32.6,6.4,12.3,14,2021-11-04T07:30,2021-11-04T17:48,37098.54,28056.17,0.00,0.00,0.00,0.0
2021-11-05,0,44.0,51.7,38.5,37.7,44.1,32.3,9.6,18.6,1,2021-11-05T07:31,2021-11-05T17:47,36962.99,33417.05,0.00,0.00,0.00,0.0
2021-11-06,0,44.7,51.4,37.9,39.6,45.9,32.2,5.9,11.6,41,2021-11-06T07:32,2021-11-06T17:46,36828.12,33126.02,0.00,0.00,0.00,0.0
2021-11-07,3,45.0,53.9,37.4,40.0,49.0,32.3,6.9,13.2,359,2021-11-07T07:34,2021-11-07T17:45,36694.05,32235.55,0.00,0.00,0.00,0.0
2021-11-08,3,51.7,62.3,44.4,46.0,57.5,36.8,11.9,21.5,356,2021-11-08T07:35,2021-11-08T17:44,36560.95,32750.23,0.00,0.00,0.00,0.0
2021-11-09,3,53.5,67.6,43.2,50.5,65.0,39.0,6.3,11.9,281,2021-11-09T07:36,2021-11-09T17:43,36428.95,32495.55,0.00,0.00,0.00,0.0
2021-11-10,51,55.0,63.7,46.4,50.5,57.7,41.0,14.0,23.9,319,2021-11-10T07:37,2021-11-10T17:42,36298.20,32473.82,0.40,0.40,0.00,2.0
2021-11-11,51,50.6,59.6,39.6,45.7,55.0,34.2,15.6,24.6,85,2021-11-11T07:38,2021-11-11T17:41,36168.87,26378.05,0.40,0.40,0.00,3.0
2021-11-12,63,59.8,65.8,48.1,55.3,62.6,43.3,25.3,44.1,174,2021-11-12T07:40,2021-11-12T17:40,36041.11,11031.70,16.10,16.10,0.00,9.0
2021-11-13,63,48.9,61.5,41.3,42.1,53.7,31.7,23.5,40.5,234,2021-11-13T07:41,2021-11-13T17:39,35915.08,22895.06,3.80,3.80,0.00,3.0
2021-11-14,53,43.3,47.7,37.8,35.5,40.6,30.6,12.8,21.5,232,2021-11-14T07:42,2021-11-14T17:38,35790.95,17328.64,0.70,0.70,0.00,2.0
2021-11-15,53,42.5,48.1,36.1,34.6,38.5,30.9,19.3,33.1,268,2021-11-15T07:43,2021-11-15T17:38,35668.87,16346.56,1.10,1.10,0.00,6.0
2021-11-16,3,41.9,49.7,36.0,33.7,40.0,27.9,13.2,22.8,274,2021-11-16T07:44,2021-11-16T17:37,35549.03,31633.30,0.00,0.00,0.00,0.0
2021-11-17,3,45.7,54.7,33.2,40.7,50.4,26.9,13.4,22.6,171,2021-11-17T07:46,2021-11-17T17:36,35431.59,29204.80,0.00,0.00,0.00,0.0
2021-11-18,61,56.6,66.6,49.6,52.6,62.3,45.9,14.9,24.4,224,2021-11-18T07:47,2021-11-18T17:35,35316.73,31397.99,2.60,2.60,0.00,2.0
2021-11-19,55,44.7,50.1,39.1,35.5,42.9,30.6,18.5,31.5,296,2021-11-19T07:48,2021-11-19T17:35,35204.63,31324.85,3.00,3.00,0.00,3.0
2021-11-20,3,40.1,44.6,32.9,33.9,38.2,27.0,9.7,16.1,218,2021-11-20T07:49,2021-11-20T17:34,35095.48,31244.20,0.00,0.00,0.00,0.0
2021-11-21,53,47.4,54.0,41.1,42.8,48.5,36.2,12.7,20.1,202,2021-11-21T07:50,2021-11-21T17:33,34989.43,25245.70,0.70,0.70,0.00,2.0
2021-11-22,51,47.7,52.9,37.0,41.5,48.4,27.5,14.6,26.4,287,2021-11-22T07:51,2021-11-22T17:33,34886.70,256.39,1.40,1.40,0.00,5.0
2021-11-23,73,36.5,42.4,31.9,26.0,30.5,22.7,17.8,30.4,319,2021-11-23T07:52,2021-11-23T17:32,34787.47,31035.34,0.50,0.10,0.28,2.0
2021-11-24,3,36.4,45.2,29.7,27.9,37.2,20.8,11.3,18.8,306,2021-11-24T07:53,2021-11-24T17:32,34691.55,30959.20,0.00,0.00,0.00,0.0
2021-11-25,3,43.2,52.9,34.4,37.1,46.6,28.5,7.3,13.4,240,2021-11-25T07:54,2021-11-25T17:31,34597.90,30889.72,0.00,0.00,0.00,0.0
2021-11-26,61,42.9,45.9,35.6,34.9,41.3,25.0,18.4,33.3,279,2021-11-26T07:56,2021-11-26T17:31,34506.53,17840.61,8.40,8.40,0.00,12.0
2021-11-27,3,36.3,40.7,33.4,25.5,28.3,23.0,18.9,33.6,294,2021-11-27T07:57,2021-11-27T17:30,34417.57,29915.70,0.00,0.00,0.00,0.0
2021-11-28,73,36.2,40.6,33.1,30.5,36.2,25.6,6.8,12.5,207,2021-11-28T07:58,2021-11-28T17:30,34331.14,14052.52,2.00,0.00,1.40,9.0
2021-11-29,51,37.8,43.2,31.4,29.8,33.0,24.2,13.4,23.3,312,2021-11-29T07:59,2021-11-29T17:29,34247.37,30564.60,0.30,0.30,0.00,2.0
2021-11-30,51,34.8,41.1,27.9,27.8,33.0,21.6,11.8,21.0,247,2021-11-30T08:00,2021-11-30T17:29,34166.36,11481.46,0.20,0.20,0.00,2.0
2021-12-01,51,40.2,48.0,34.4,33.1,40.4,26.1,10.3,17.2,253,2021-12-01T08:01,2021-12-01T17:29,34088.27,29647.05,0.10,0.10,0.00,1.0
2021-12-02,53,50.6,57.0,42.8,44.4,51.4,38.2,17.5,28.0,217,2021-12-02T08:02,2021-12-02T17:29,34013.18,18200.93,2.10,2.10,0.00,8.0
2021-12-03,3,42.4,49.4,34.4,33.2,39.7,28.0,17.2,31.5,301,2021-12-03T08:03,2021-12-03T17:28,33941.25,30225.78,0.00,0.00,0.00,0.0
2021-12-04,3,40.3,47.7,33.2,34.1,40.4,27.1,8.5,15.9,228,2021-12-04T08:04,2021-12-04T17:28,33872.61,28663.35,0.00,0.00,0.00,0.0
2021-12-05,3,40.3,46.2,32.5,33.9,40.5,25.9,9.4,15.7,339,2021-12-05T08:05,2021-12-05T17:28,33807.35,26673.01,0.00,0.00,0.00,0.0
2021-12-06,61,54.5,61.9,47.6,48.6,54.9,40.2,22.4,39.8,201,2021-12-06T08:06,2021-12-06T17:28,33745.62,19760.61,5.50,5.50,0.00,10.0
2021-12-07,51,38.9,48.3,33.9,30.5,39.2,26.0,17.6,29.1,283,2021-12-07T08:07,2021-12-07T17:28,33687.55,29378.71,0.10,0.10,0.00,1.0
2021-12-08,51,37.3,41.1,33.4,31.7,36.7,27.8,9.1,14.5,351,2021-12-08T08:08,2021-12-08T17:28,33633.27,3205.85,0.50,0.50,0.00,2.0
2021-12-09,3,34.7,39.1,29.2,26.5,32.0,21.1,12.2,20.1,293,2021-12-09T08:08,2021-12-09T17:28,33582.88,25501.29,0.00,0.00,0.00,0.0
2021-12-10,3,42.0,47.8,35.6,36.4,42.9,29.5,6.6,13.0,187,2021-12-10T08:09,2021-12-10T17:28,33536.53,21435.78,0.00,0.00,0.00,0.0
2021-12-11,63,54.1,63.9,41.4,49.6,58.4,37.5,22.2,39.1,208,2021-12-11T08:10,2021-12-11T17:28,33494.33,0.00,6.00,6.00,0.00,6.0
2021-12-12,53,44.6,55.3,38.6,34.8,45.5,30.2,21.3,36.5,285,2021-12-12T08:11,2021-12-12T17:28,33456.40,29577.00,0.90,0.90,0.00,2.0
2021-12-13,3,42.4,51.1,36.1,33.2,41.9,26.8,12.5,21.7,243,2021-12-13T08:12,2021-12-13T17:29,33422.88,28653.72,0.00,0.00,0.00,0.0
2021-12-14,3,43.1,51.3,36.5,35.8,44.6,29.7,11.8,18.6,323,2021-12-14T08:12,2021-12-14T17:29,33393.73,29121.01,0.00,0.00,0.00,0.0
2021-12-15,51,43.3,51.1,35.0,37.4,46.6,28.6,14.2,24.6,104,2021-12-15T08:13,2021-12-15T17:29,33368.56,24860.12,1.00,1.00,0.00,6.0
2021-12-16,3,53.6,58.7,50.3,47.4,51.2,44.2,15.0,25.3,224,2021-12-16T08:14,2021-12-16T17:29,33347.35,23075.54,0.00,0.00,0.00,0.0
2021-12-17,3,53.3,58.0,43.5,46.5,51.1,36.3,13.7,22.4,261,2021-12-17T08:14,2021-12-17T17:30,33330.09,28909.15,0.00,0.00,0.00,0.0
2021-12-18,61,42.4,44.8,40.5,37.1,41.2,34.2,7.9,14.8,37,2021-12-18T08:15,2021-12-18T17:30,33316.79,0.00,3.70,3.70,0.00,11.0
2021-12-19,51,39.3,45.6,29.7,30.0,41.5,19.1,17.1,28.9,327,2021-12-19T08:15,2021-12-19T17:30,33307.43,20972.16,0.40,0.40,0.00,3.0
2021-12-20,2,30.2,35.8,24.5,22.1,27.5,16.6,11.1,19.5,295,2021-12-20T08:16,2021-12-20T17:31,33302.03,29246.65,0.00,0.00,0.00,0.0
2021-12-21,51,34.9,42.5,28.6,28.4,37.6,21.1,8.6,14.8,238,2021-12-21T08:16,2021-12-21T17:31,33300.55,24264.69,0.10,0.10,0.00,1.0
2021-12-22,61,40.1,47.1,32.6,31.7,36.2,21.9,16.6,28.0,314,2021-12-22T08:17,2021-12-22T17:32,33303.01,25200.00,4.10,4.10,0.00,7.0
2021-12-23,3,32.5,36.6,28.5,23.7,28.3,19.1,12.2,21.5,299,2021-12-23T08:17,2021-12-23T17:32,33309.38,29032.57,0.00,0.00,0.00,0.0
2021-12-24,75,35.1,42.9,29.7,28.9,37.7,23.2,9.2,14.8,57,2021-12-24T08:18,2021-12-24T17:33,33319.66,21600.00,2.00,0.00,1.40,4.0
2021-12-25,53,42.2,48.7,33.3,37.8,44.6,27.4,8.9,13.9,282,2021-12-25T08:18,2021-12-25T17:34,33333.83,0.00,4.70,4.70,0.00,14.0
2021-12-26,51,43.9,48.3,38.2,36.2,42.7,30.6,14.6,23.3,317,2021-12-26T08:19,2021-12-26T17:34,33351.87,21608.15,0.20,0.20,0.00,2.0
2021-12-27,73,34.5,37.3,30.0,27.7,30.8,23.8,8.5,14.1,6,2021-12-27T08:19,2021-12-27T17:35,33373.77,0.00,1.70,0.90,0.56,5.0
2021-12-28,51,41.7,47.7,37.4,36.7,41.9,30.9,8.1,13.2,268,2021-12-28T08:19,2021-12-28T17:36,33399.50,11064.33,0.40,0.40,0.00,2.0
2021-12-29,63,42.2,46.5,40.2,37.7,42.8,34.5,7.7,14.1,43,2021-12-29T08:19,2021-12-29T17:37,33429.04,1532.80,10.60,10.60,0.00,8.0
2021-12-30,53,44.0,47.9,41.4,40.6,45.9,36.4,6.9,11.4,19,2021-12-30T08:20,2021-12-30T17:37,33462.38,5578.46,3.10,3.10,0.00,8.0
2021-12-31,53,47.9,52.6,44.5,45.0,48.9,41.3,9.4,17.2,192,2021-12-31T08:20,2021-12-31T17:38,33499.47,203.70,1.20,1.20,0.00,3.0
2022-01-01,63,49.7,53.4,45.9,47.7,51.9,42.9,8.0,16.1,168,2022-01-01T08:20,2022-01-01T17:39,33540.30,0.00,17.40,17.40,0.00,20.0
2022-01-02,65,49.6,57.1,37.4,44.9,52.9,27.3,16.5,30.4,315,2022-01-02T08:20,2022-01-02T17:40,33584.84,0.00,17.90,17.90,0.00,7.0
2022-01-03,73,30.3,36.2,24.9,18.8,26.4,13.7,19.2,34.7,359,2022-01-03T08:20,2022-01-03T17:41,33633.22,0.00,1.90,0.00,1.33,7.0
2022-01-04,3,26.8,33.7,20.7,17.7,25.1,10.4,13.3,22.4,292,2022-01-04T08:20,2022-01-04T17:41,33685.97,29293.44,0.00,0.00,0.00,0.0
2022-01-05,51,36.1,45.1,28.8,28.8,37.4,19.2,14.3,22.8,217,2022-01-05T08:20,2022-01-05T17:42,33742.98,168.56,0.30,0.30,0.00,3.0
2022-01-06,3,35.8,40.0,32.4,27.5,30.6,25.2,12.3,23.0,268,2022-01-06T08:20,2022-01-06T17:43,33804.10,26523.51,0.00,0.00,0.00,0.0
2022-01-07,75,29.3,32.1,22.4,19.1,24.5,12.5,15.8,26.6,314,2022-01-07T08:20,2022-01-07T17:44,33869.20,24937.32,9.00,0.00,6.30,11.0
2022-01-08,1,21.9,27.9,16.5,12.8,20.2,8.2,12.9,23.0,276,2022-01-08T08:19,2022-01-08T17:45,33938.11,29684.29,0.00,0.00,0.00,0.0
2022-01-09,53,33.1,39.6,23.5,24.5,32.5,14.4,14.9,25.1,221,2022-01-09T08:19,2022-01-09T17:46,34010.72,3600.00,5.00,5.00,0.00,12.0
2022-01-10,3,29.9,39.9,25.3,18.9,31.6,14.0,16.3,28.0,295,2022-01-10T08:19,2022-01-10T17:47,34086.87,29963.97,0.00,0.00,0.00,0.0
2022-01-11,2,19.8,25.0,17.0,8.4,13.3,3.6,17.4,29.1,317,2022-01-11T08:19,2022-01-11T17:48,34166.42,29943.58,0.00,0.00,0.00,0.0
2022-01-12,3,28.7,40.9,19.2,19.0,30.7,9.5,13.7,24.2,214,2022-01-12T08:19,2022-01-12T17:49,34249.22,30108.30,0.00,0.00,0.00,0.0
2022-01-13,3,34.1,45.0,26.6,27.8,38.5,19.4,6.2,11.2,226,2022-01-13T08:18,2022-01-13T17:50,34335.14,22820.85,0.00,0.00,0.00,0.0
2022-01-14,3,35.3,41.7,24.4,25.1,29.2,11.7,22.6,38.0,358,2022-01-14T08:18,2022-01-14T17:52,34424.02,27909.07,0.00,0.00,0.00,0.0
2022-01-15,3,18.0,23.2,12.6,7.0,13.0,0.8,14.2,26.8,344,2022-01-15T08:17,2022-01-15T17:53,34515.75,30026.88,0.00,0.00,0.00,0.0
2022-01-16,75,20.6,36.2,8.8,10.6,24.9,-0.9,18.6,29.5,33,2022-01-16T08:17,2022-01-16T17:54,34610.16,10045.85,4.60,1.90,1.89,4.0
2022-01-17,71,38.8,49.1,32.9,27.6,34.4,21.2,33.6,58.8,188,2022-01-17T08:17,2022-01-17T17:55,34707.14,3600.00,35.80,35.60,0.14,12.0
2022-01-18,3,30.7,36.2,23.4,19.4,23.7,14.3,19.5,35.3,294,2022-01-18T08:16,2022-01-18T17:56,34806.54,28116.78,0.00,0.00,0.00,0.0
2022-01-19,3,35.5,46.3,24.7,27.0,36.6,17.9,15.4,26.2,210,2022-01-19T08:15,2022-01-19T17:57,34908.22,17130.39,0.00,0.00,0.00,0.0
2022-01-20,73,33.9,42.1,22.9,24.6,33.6,10.8,14.7,24.8,315,2022-01-20T08:15,2022-01-20T17:59,35012.07,15977.91,7.10,4.60,1.75,10.0
2022-01-21,3,17.9,23.3,12.1,6.0,11.5,0.0,14.5,24.6,3,2022-01-21T08:14,2022-01-21T18:00,35117.93,28340.17,0.00,0.00,0.00,0.0
2022-01-22,3,20.1,29.9,10.8,10.5,22.9,-0.5,12.3,20.6,2,2022-01-22T08:14,2022-01-22T18:01,35225.70,31479.81,0.00,0.00,0.00,0.0
2022-01-23,71,28.5,37.6,21.6,19.7,27.8,12.3,8.9,16.8,243,2022-01-23T08:13,2022-01-23T18:02,35335.63,23593.68,0.30,0.00,0.21,2.0
2022-01-24,71,30.0,33.1,27.4,22.9,25.7,19.7,9.4,19.2,278,2022-01-24T08:12,2022-01-24T18:03,35448.83,25553.99,0.20,0.00,0.14,2.0
2022-01-25,3,35.2,44.1,25.8,27.8,35.4,17.5,10.6,19.7,270,2022-01-25T08:12,2022-01-25T18:04,35565.20,27281.36,0.00,0.00,0.00,0.0
2022-01-26,0,23.0,27.1,18.6,12.6,16.0,8.9,13.4,24.4,330,2022-01-26T08:11,2022-01-26T18:06,35684.55,32063.03,0.00,0.00,0.00,0.0
2022-01-27,3,23.0,32.3,15.8,14.4,22.0,7.9,11.6,21.5,177,2022-01-27T08:10,2022-01-27T18:07,35806.71,32288.29,0.00,0.00,0.00,0.0
2022-01-28,73,30.3,33.8,27.1,23.1,27.6,18.2,12.2,19.2,262,2022-01-28T08:09,2022-01-28T18:08,35931.48,0.00,2.50,0.00,1.75,13.0
2022-01-29,75,17.2,29.3,9.8,3.0,18.6,-4.8,27.3,46.1,337,2022-01-29T08:08,2022-01-29T18:09,36058.68,0.00,18.60,0.00,13.09,19.0
2022-01-30,3,13.8,21.5,7.9,3.3,13.1,-6.0,18.0,29.5,289,2022-01-30T08:07,2022-01-30T18:11,36188.13,32592.15,0.00,0.00,0.00,0.0
2022-01-31,3,13.2,26.5,1.1,4.6,19.0,-8.4,8.3,10.7,22,2022-01-31T08:06,2022-01-31T18:12,36319.67,32587.55,0.00,0.00,0.00,0.0
2022-02-01,3,19.3,29.7,8.3,10.8,22.7,-1.4,7.7,12.1,31,2022-02-01T08:05,2022-02-01T18:13,36453.12,32989.50,0.00,0.00,0.00,0.0
2022-02-02,3,30.2,38.9,19.6,24.1,34.0,12.0,6.9,9.4,88,2022-02-02T08:04,2022-02-02T18:14,36588.30,27786.36,0.00,0.00,0.00,0.0
2022-02-03,61,41.5,49.5,36.7,36.9,45.0,31.4,9.7,14.3,193,2022-02-03T08:03,2022-02-03T18:15,36725.05,0.00,12.50,12.50,0.00,17.0
2022-02-04,71,39.7,53.6,28.8,31.8,48.2,20.1,18.0,39.8,313,2022-02-04T08:02,2022-02-04T18:17,36863.23,0.00,24.00,23.90,0.07,22.0
2022-02-05,71,25.1,29.4,20.3,13.5,20.2,9.7,17.3,30.6,322,2022-02-05T08:01,2022-02-05T18:18,37002.66,31810.67,0.40,0.00,0.28,3.0
2022-02-06,3,22.7,30.0,16.7,14.0,20.4,7.6,10.4,19.2,76,2022-02-06T08:00,2022-02-06T18:19,37143.18,33732.37,0.00,0.00,0.00,0.0
2022-02-07,73,32.3,37.2,24.2,25.2,30.3,15.6,9.0,15.0,7,2022-02-07T07:59,2022-02-07T18:20,37284.65,0.00,4.60,3.90,0.49,14.0
2022-02-08,61,37.2,47.0,30.2,28.6,37.4,20.6,15.2,25.5,301,2022-02-08T07:58,2022-02-08T18:22,37426.92,33262.36,4.30,4.30,0.00,5.0
2022-02-09,0,32.7,41.2,24.0,24.7,32.6,16.3,10.9,20.4,200,2022-02-09T07:57,2022-02-09T18:23,37569.84,34188.82,0.00,0.00,0.00,0.0
2022-02-10,51,40.0,52.5,31.7,32.0,43.0,24.5,20.0,32.7,243,2022-02-10T07:56,2022-02-10T18:24,37713.27,34341.78,0.10,0.10,0.00,1.0
2022-02-11,2,40.5,54.5,26.0,32.5,46.1,19.0,16.9,28.0,187,2022-02-11T07:54,2022-02-11T18:25,37857.05,34494.89,0.00,0.00,0.00,0.0
2022-02-12,3,50.2,56.7,43.3,41.6,49.0,34.4,15.8,25.9,251,2022-02-12T07:53,2022-02-12T18:27,38001.51,34301.09,0.00,0.00,0.00,0.0
2022-02-13,73,32.7,41.6,26.9,24.2,32.7,16.4,12.0,19.2,10,2022-02-13T07:52,2022-02-13T18:28,38147.89,0.00,5.70,0.00,3.99,18.0
2022-02-14,3,20.0,26.6,14.3,8.6,14.3,2.5,17.2,29.8,317,2022-02-14T07:51,2022-02-14T18:29,38296.15,34853.33,0.00,0.00,0.00,0.0
2022-02-15,3,22.9,32.1,16.0,13.9,22.6,6.5,8.4,16.6,279,2022-02-15T07:49,2022-02-15T18:30,38446.13,34936.64,0.00,0.00,0.00,0.0
2022-02-16,3,33.8,43.8,23.5,25.5,34.0,16.2,13.2,23.9,186,2022-02-16T07:48,2022-02-16T18:31,38597.69,25744.36,0.00,0.00,0.00,0.0
2022-02-17,61,52.7,63.1,42.1,44.6,55.0,33.5,20.7,34.7,202,2022-02-17T07:47,2022-02-17T18:33,38750.67,21707.30,1.90,1.90,0.00,2.0
2022-02-18,63,44.8,60.3,27.5,34.4,51.3,20.0,27.7,46.8,261,2022-02-18T07:45,2022-02-18T18:34,38904.92,32483.50,12.90,12.90,0.00,7.0
2022-02-19,71,29.8,39.1,22.5,18.7,26.3,11.7,22.6,38.5,262,2022-02-19T07:44,2022-02-19T18:35,39060.30,24611.57,0.40,0.00,0.28,3.0
2022-02-20,3,27.8,37.4,20.8,17.5,26.5,7.9,15.7,27.1,253,2022-02-20T07:42,2022-02-20T18:36,39216.68,35511.27,0.00,0.00,0.00,0.0
2022-02-21,3,37.4,50.4,29.0,30.0,43.4,20.1,12.3,20.8,193,2022-02-21T07:41,2022-02-21T18:37,39373.91,35670.02,0.00,0.00,0.00,0.0
2022-02-22,61,47.3,58.4,33.1,41.4,53.4,28.2,25.3,45.4,178,2022-02-22T07:40,2022-02-22T18:39,39531.85,13498.78,5.10,5.10,0.00,10.0
2022-02-23,51,56.5,66.7,39.1,50.2,61.0,27.7,18.5,32.9,258,2022-02-23T07:38,2022-02-23T18:40,39690.37,22267.87,0.10,0.10,0.00,1.0
2022-02-24,3,32.0,36.6,29.5,22.6,25.3,19.5,14.6,24.2,13,2022-02-24T07:37,2022-02-24T18:41,39849.35,9291.71,0.00,0.00,0.00,0.0
2022-02-25,73,34.5,44.6,28.8,25.6,34.0,15.6,18.7,32.0,348,2022-02-25T07:35,2022-02-25T18:42,40008.64,11215.45,20.00,17.20,1.96,13.0
2022-02-26,3,29.0,38.0,20.7,19.3,28.7,10.5,17.6,30.2,310,2022-02-26T07:34,2022-02-26T18:43,40168.13,31021.85,0.00,0.00,0.00,0.0
2022-02-27,3,35.3,47.1,25.8,24.9,34.8,17.1,20.6,34.9,261,2022-02-27T07:32,2022-02-27T18:44,40327.69,36708.05,0.00,0.00,0.00,0.0
2022-02-28,3,30.1,35.3,24.2,20.3,25.8,13.2,14.3,25.7,332,2022-02-28T07:31,2022-02-28T18:46,40487.18,36355.04,0.00,0.00,0.00,0.0
2022-03-01,51,36.1,43.2,25.9,28.2,36.5,18.1,15.3,24.4,173,2022-03-01T07:29,2022-03-01T18:47,40646.50,9428.25,0.20,0.20,0.00,2.0
2022-03-02,3,42.3,51.6,34.2,35.2,43.9,28.0,10.8,20.8,274,2022-03-02T07:28,2022-03-02T18:48,40805.52,37170.29,0.00,0.00,0.00,0.0
2022-03-03,61,38.1,42.3,27.4,28.0,33.4,15.8,15.8,27.1,307,2022-03-03T07:26,2022-03-03T18:49,40964.11,37374.31,3.50,3.50,0.00,5.0
2022-03-04,3,27.9,38.4,19.8,19.0,28.5,10.9,13.2,22.8,285,2022-03-04T07:25,2022-03-04T18:50,41122.56,37530.51,0.00,0.00,0.00,0.0
2022-03-05,51,34.5,42.3,24.4,26.9,34.8,16.5,12.5,20.6,176,2022-03-05T07:23,2022-03-05T18:51,41282.06,26648.78,0.10,0.10,0.00,1.0
2022-03-06,53,54.4,67.6,38.2,48.8,62.2,32.8,19.6,33.1,223,2022-03-06T07:21,2022-03-06T18:52,41442.58,12188.24,2.00,2.00,0.00,8.0
2022-03-07,63,63.9,74.0,52.4,59.2,67.8,49.4,24.1,45.2,229,2022-03-07T07:20,2022-03-07T18:53,41604.03,31102.59,3.60,3.60,0.00,4.0
2022-03-08,3,42.1,56.2,35.8,31.9,47.2,25.6,21.6,40.7,308,2022-03-08T07:18,2022-03-08T18:55,41766.27,37868.52,0.00,0.00,0.00,0.0
2022-03-09,75,36.3,39.4,34.3,29.0,32.7,25.9,11.9,19.7,68,2022-03-09T07:17,2022-03-09T18:56,41929.20,0.00,15.40,7.90,5.25,15.0
2022-03-10,3,37.6,48.3,29.1,31.9,43.5,22.5,7.9,14.3,278,2022-03-10T07:15,2022-03-10T18:57,42092.71,33215.83,0.00,0.00,0.00,0.0
2022-03-11,3,40.7,51.5,31.3,34.3,45.0,24.4,13.7,24.4,177,2022-03-11T07:13,2022-03-11T18:58,42256.69,38640.83,0.00,0.00,0.00,0.0
2022-03-12,75,34.9,44.3,24.9,25.5,40.2,10.6,23.0,39.1,315,2022-03-12T07:12,2022-03-12T18:59,42421.03,0.00,15.40,8.20,5.04,12.0
2022-03-13,71,28.5,37.8,21.6,16.6,25.0,7.0,21.4,36.5,266,2022-03-13T07:10,2022-03-13T19:00,42585.62,37350.99,0.20,0.00,0.14,2.0
2022-03-14,3,42.1,56.5,27.9,34.3,48.7,20.8,13.5,21.5,226,2022-03-14T07:08,2022-03-14T19:01,42750.35,39119.70,0.00,0.00,0.00,0.0
2022-03-15,3,49.4,60.9,38.2,43.2,57.0,31.1,13.8,22.4,212,2022-03-15T07:07,2022-03-15T19:02,42915.12,34722.73,0.00,0.00,0.00,0.0
2022-03-16,51,49.7,62.1,38.2,45.1,60.6,32.3,12.3,22.1,167,2022-03-16T07:05,2022-03-16T19:03,43079.81,39907.93,0.10,0.10,0.00,1.0
2022-03-17,61,47.1,54.1,39.5,43.1,50.9,35.3,11.5,19.5,37,2022-03-17T07:03,2022-03-17T19:04,43244.32,1172.89,6.60,6.60,0.00,13.0
2022-03-18,3,53.7,70.0,45.8,51.7,70.0,40.2,10.5,19.5,172,2022-03-18T07:02,2022-03-18T19:05,43408.55,37479.50,0.00,0.00,0.00,0.0
2022-03-19,63,55.1,64.4,44.7,52.5,63.3,39.3,11.7,19.2,145,2022-03-19T07:00,2022-03-19T19:06,43572.39,34693.93,3.30,3.30,0.00,2.0
2022-03-20,51,52.3,59.6,45.1,45.3,54.2,34.2,17.9,29.5,284,2022-03-20T06:59,2022-03-20T19:08,43735.73,20042.15,0.10,0.10,0.00,1.0
2022-03-21,3,50.1,60.9,41.5,41.1,49.8,32.1,18.8,32.4,301,2022-03-21T06:57,2022-03-21T19:09,43898.46,40732.06,0.00,0.00,0.00,0.0
2022-03-22,3,47.7,56.1,40.6,39.1,45.4,31.3,15.1,27.1,313,2022-03-22T06:55,2022-03-22T19:10,44060.46,34652.37,0.00,0.00,0.00,0.0
2022-03-23,61,41.0,46.8,35.2,32.7,38.5,27.1,13.0,22.1,76,2022-03-23T06:54,2022-03-23T19:11,44221.66,18322.54,3.00,3.00,0.00,3.0
2022-03-24,63,45.3,50.0,39.1,38.2,44.5,31.5,16.4,28.9,55,2022-03-24T06:52,2022-03-24T19:12,44382.27,0.00,23.10,23.10,0.00,15.0
2022-03-25,63,50.3,61.2,40.9,44.4,54.8,36.6,18.2,31.3,275,2022-03-25T06:50,2022-03-25T19:13,44543.43,36093.93,6.10,6.10,0.00,4.0
2022-03-26,73,46.8,50.8,41.2,39.5,45.1,31.6,12.7,23.9,251,2022-03-26T06:49,2022-03-26T19:14,44705.11,33150.27,5.80,5.00,0.56,6.0
2022-03-27,51,39.7,46.5,31.4,28.9,35.0,18.9,16.8,28.4,287,2022-03-27T06:47,2022-03-27T19:15,44867.22,23996.45,0.30,0.30,0.00,3.0
2022-03-28,71,27.8,33.0,23.0,14.2,18.9,10.3,20.0,34.7,302,2022-03-28T06:45,2022-03-28T19:16,45029.66,41859.68,0.10,0.00,0.07,1.0
2022-03-29,3,31.0,38.4,23.3,19.3,26.9,9.8,19.0,33.1,311,2022-03-29T06:44,2022-03-29T19:17,45192.32,42020.80,0.00,0.00,0.00,0.0
2022-03-30,3,35.1,42.8,26.3,27.2,34.4,18.6,11.2,19.0,208,2022-03-30T06:42,2022-03-30T19:18,45355.12,28972.18,0.00,0.00,0.00,0.0
2022-03-31,63,56.4,66.6,39.2,50.7,61.2,33.1,22.5,39.4,195,2022-03-31T06:40,2022-03-31T19:19,45517.95,9956.62,5.00,5.00,0.00,4.0
2022-04-01,55,52.0,59.8,42.3,44.9,58.1,31.6,21.5,37.8,278,2022-04-01T06:39,2022-04-01T19:20,45680.69,28469.25,1.90,1.90,0.00,6.0
2022-04-02,3,43.0,52.6,35.1,34.8,47.1,25.3,17.5,29.5,287,2022-04-02T06:37,2022-04-02T19:21,45843.26,42663.16,0.00,0.00,0.00,0.0
2022-04-03,61,43.0,47.9,38.7,37.5,43.1,30.6,14.1,22.8,273,2022-04-03T06:35,2022-04-03T19:22,46005.55,7802.07,3.50,3.50,0.00,6.0
2022-04-04,51,45.7,54.7,37.4,37.3,46.9,28.6,15.5,25.1,305,2022-04-04T06:34,2022-04-04T19:23,46167.45,36363.16,0.10,0.10,0.00,1.0
2022-04-05,53,44.5,54.3,34.8,39.1,47.5,29.6,10.7,19.2,120,2022-04-05T06:32,2022-04-05T19:24,46328.86,14393.78,1.90,1.90,0.00,3.0
2022-04-06,63,48.5,55.3,44.0,41.4,49.1,36.7,20.9,37.6,51,2022-04-06T06:31,2022-04-06T19:25,46489.68,9965.05,19.90,19.90,0.00,14.0
2022-04-07,65,48.0,52.7,43.2,41.2,46.4,36.9,24.0,39.6,101,2022-04-07T06:29,2022-04-07T19:27,46649.77,0.00,58.20,58.20,0.00,15.0
2022-04-08,65,53.6,62.6,45.0,47.7,55.8,37.5,13.9,25.3,252,2022-04-08T06:27,2022-04-08T19:28,46809.05,43200.00,13.80,13.80,0.00,4.0
2022-04-09,61,49.1,57.6,41.9,43.8,51.4,37.6,13.7,26.8,264,2022-04-09T06:26,2022-04-09T19:29,46967.39,43200.00,5.60,5.60,0.00,13.0
2022-04-10,3,45.5,50.4,39.0,35.5,39.0,30.6,19.4,33.3,308,2022-04-10T06:24,2022-04-10T19:30,47124.69,36152.43,0.00,0.00,0.00,0.0
2022-04-11,3,46.0,55.5,36.1,39.5,51.7,27.9,12.0,22.8,245,2022-04-11T06:23,2022-04-11T19:31,47280.82,43292.64,0.00,0.00,0.00,0.0
2022-04-12,55,55.4,69.7,46.1,51.3,65.5,40.2,12.2,22.4,279,2022-04-12T06:21,2022-04-12T19:32,47435.66,28800.00,1.60,1.60,0.00,3.0
2022-04-13,3,56.4,65.6,45.6,54.0,65.4,41.7,11.5,22.1,108,2022-04-13T06:20,2022-04-13T19:33,47589.46,32241.23,0.00,0.00,0.00,0.0
2022-04-14,51,68.3,84.0,57.9,66.5,83.5,53.8,16.9,27.7,250,2022-04-14T06:18,2022-04-14T19:34,47743.26,36376.58,0.10,0.10,0.00,1.0
2022-04-15,51,57.3,67.9,43.7,50.4,60.6,38.5,17.0,27.5,246,2022-04-15T06:17,2022-04-15T19:35,47897.06,43567.65,0.10,0.10,0.00,1.0
2022-04-16,61,57.7,68.2,45.6,50.7,64.0,39.7,16.1,28.2,219,2022-04-16T06:15,2022-04-16T19:36,48050.75,19741.75,4.10,4.10,0.00,6.0
2022-04-17,51,45.5,50.9,39.9,36.8,41.1,30.9,19.2,33.8,314,2022-04-17T06:13,2022-04-17T19:37,48204.24,43821.96,0.60,0.60,0.00,2.0
2022-04-18,63,43.1,50.7,35.1,35.1,43.7,29.3,18.7,30.6,89,2022-04-18T06:12,2022-04-18T19:38,48357.40,24135.24,7.00,7.00,0.00,5.0
2022-04-19,63,46.8,52.8,41.0,35.7,42.8,30.0,26.4,51.2,282,2022-04-19T06:11,2022-04-19T19:39,48510.14,36164.22,27.60,27.60,0.00,9.0
2022-04-20,3,47.5,57.6,38.5,39.5,51.5,28.8,16.6,29.3,282,2022-04-20T06:09,2022-04-20T19:40,48662.33,44423.00,0.00,0.00,0.00,0.0
2022-04-21,51,49.3,55.8,41.1,43.3,48.9,36.7,21.2,36.5,164,2022-04-21T06:08,2022-04-21T19:41,48813.88,25517.45,0.30,0.30,0.00,1.0
2022-04-22,3,56.4,65.4,47.5,50.9,59.5,43.0,13.8,24.8,302,2022-04-22T06:06,2022-04-22T19:42,48964.65,44546.71,0.00,0.00,0.00,0.0
2022-04-23,3,50.8,58.7,44.2,45.9,55.8,38.3,8.8,18.3,107,2022-04-23T06:05,2022-04-23T19:43,49114.54,20539.67,0.00,0.00,0.00,0.0
2022-04-24,3,52.0,60.5,45.2,46.7,54.1,41.1,15.8,28.6,115,2022-04-24T06:03,2022-04-24T19:44,49263.43,44373.69,0.00,0.00,0.00,0.0
2022-04-25,3,50.7,58.5,43.5,45.1,52.6,39.4,13.9,25.5,117,2022-04-25T06:02,2022-04-25T19:45,49411.19,38175.91,0.00,0.00,0.00,0.0
2022-04-26,61,55.6,61.8,50.2,54.1,61.0,45.8,7.8,15.0,72,2022-04-26T06:00,2022-04-26T19:46,49557.69,0.00,4.10,4.10,0.00,11.0
2022-04-27,53,50.4,56.3,41.5,40.9,55.0,31.3,19.8,33.8,303,2022-04-27T05:59,2022-04-27T19:48,49702.81,41712.35,0.80,0.80,0.00,1.0
2022-04-28,3,45.9,54.8,38.1,34.6,42.5,28.1,21.5,36.9,317,2022-04-28T05:58,2022-04-28T19:49,49846.41,44321.94,0.00,0.00,0.00,0.0
2022-04-29,0,49.1,60.1,38.2,38.9,49.9,27.6,17.6,31.3,317,2022-04-29T05:56,2022-04-29T19:50,49988.37,46498.58,0.00,0.00,0.00,0.0
2022-04-30,3,52.1,64.4,40.0,45.0,58.6,32.0,12.5,21.0,323,2022-04-30T05:55,2022-04-30T19:51,50128.55,46490.76,0.00,0.00,0.00,0.0
2022-05-01,53,53.3,66.0,42.1,48.9,64.3,36.4,11.1,20.8,141,2022-05-01T05:54,2022-05-01T19:52,50266.79,38399.05,1.00,1.00,0.00,2.0
2022-05-02,61,54.1,59.3,50.2,51.2,57.6,46.2,10.3,18.3,65,2022-05-02T05:53,2022-05-02T19:53,50402.98,3600.00,2.80,2.80,0.00,10.0
2022-05-03,3,53.3,65.6,45.5,49.6,65.3,42.3,14.1,26.2,89,2022-05-03T05:51,2022-05-03T19:54,50537.29,39421.20,0.00,0.00,0.00,0.0
2022-05-04,61,56.6,69.4,49.0,54.9,68.4,44.6,11.2,20.6,167,2022-05-04T05:50,2022-05-04T19:55,50670.74,17203.51,5.30,5.30,0.00,9.0
2022-05-05,3,61.0,71.8,52.5,59.3,73.0,48.8,11.0,19.9,10,2022-05-05T05:49,2022-05-05T19:56,50803.29,46688.29,0.00,0.00,0.00,0.0
2022-05-06,63,54.7,57.7,49.5,52.8,57.4,46.0,8.5,14.1,123,2022-05-06T05:48,2022-05-06T19:57,50934.83,0.00,21.70,21.70,0.00,17.0
2022-05-07,63,48.0,51.3,44.7,39.6,44.8,35.0,20.5,35.8,49,2022-05-07T05:47,2022-05-07T19:58,51065.24,0.00,28.60,28.60,0.00,23.0
2022-05-08,53,49.7,55.6,44.9,39.9,45.0,34.0,18.9,32.2,45,2022-05-08T05:46,2022-05-08T19:59,51194.40,10505.64,2.40,2.40,0.00,8.0
2022-05-09,3,54.3,66.1,43.0,45.9,60.2,32.7,15.1,27.1,34,2022-05-09T05:44,2022-05-09T20:00,51322.20,47915.70,0.00,0.00,0.00,0.0
2022-05-10,3,57.2,68.4,46.5,48.8,62.3,36.5,15.0,26.4,39,2022-05-10T05:43,2022-05-10T20:01,51448.52,42443.62,0.00,0.00,0.00,0.0
2022-05-11,3,58.7,70.5,48.1,53.1,68.2,39.4,14.5,26.2,42,2022-05-11T05:42,2022-05-11T20:02,51573.21,39831.70,0.00,0.00,0.00,0.0
2022-05-12,3,60.1,70.2,51.7,59.3,72.4,50.4,10.0,18.1,67,2022-05-12T05:41,2022-05-12T20:03,51696.16,18415.47,0.00,0.00,0.00,0.0
2022-05-13,51,61.8,70.9,57.3,62.6,73.6,56.1,8.7,16.6,83,2022-05-13T05:40,2022-05-13T20:04,51817.23,1530.12,1.80,1.80,0.00,11.0
2022-05-14,61,62.2,69.6,57.6,64.0,72.8,56.8,9.8,18.8,141,2022-05-14T05:39,2022-05-14T20:05,51936.30,4186.58,7.00,7.00,0.00,13.0
2022-05-15,53,64.7,76.9,58.3,66.5,80.2,58.8,13.0,24.6,175,2022-05-15T05:38,2022-05-15T20:06,52053.23,32364.66,1.00,1.00,0.00,3.0
2022-05-16,63,66.7,74.1,60.0,68.1,78.4,59.0,15.5,29.8,213,2022-05-16T05:37,2022-05-16T20:07,52167.88,32361.10,6.90,6.90,0.00,6.0
2022-05-17,1,64.4,74.1,53.3,59.2,66.8,51.1,20.2,34.9,285,2022-05-17T05:36,2022-05-17T20:08,52280.11,48805.57,0.00,0.00,0.00,0.0
2022-05-18,3,61.7,70.9,52.9,57.5,67.7,47.2,11.3,18.8,298,2022-05-18T05:36,2022-05-18T20:09,52389.77,46480.47,0.00,0.00,0.00,0.0
2022-05-19,63,60.5,71.8,54.9,59.5,71.5,52.6,8.3,15.7,160,2022-05-19T05:35,2022-05-19T20:10,52496.72,23939.92,14.10,14.10,0.00,11.0
2022-05-20,63,61.9,71.0,52.2,61.9,71.5,51.4,13.8,25.3,122,2022-05-20T05:34,2022-05-20T20:11,52600.82,35773.07,5.80,5.80,0.00,3.0
2022-05-21,3,74.0,90.2,61.5,79.3,100.5,63.6,12.9,22.4,173,2022-05-21T05:33,2022-05-21T20:12,52701.92,42177.98,0.00,0.00,0.00,0.0
2022-05-22,55,77.9,87.5,69.4,81.8,94.8,72.1,11.8,22.8,235,2022-05-22T05:32,2022-05-22T20:12,52799.87,48953.37,1.10,1.10,0.00,1.0
2022-05-23,3,67.0,72.9,60.4,63.1,70.2,55.2,14.0,23.0,357,2022-05-23T05:32,2022-05-23T20:13,52894.79,46697.64,0.00,0.00,0.00,0.0
2022-05-24,51,61.2,67.0,56.4,58.9,64.7,55.3,12.1,21.9,113,2022-05-24T05:31,2022-05-24T20:14,52987.45,24211.55,0.10,0.10,0.00,1.0
2022-05-25,3,58.7,66.7,52.4,56.3,66.2,50.7,11.9,21.3,135,2022-05-25T05:30,2022-05-25T20:15,53077.83,49103.09,0.00,0.00,0.00,0.0
2022-05-26,3,60.6,67.7,52.3,58.7,65.6,50.8,15.8,27.5,152,2022-05-26T05:30,2022-05-26T20:16,53165.83,44669.91,0.00,0.00,0.00,0.0
2022-05-27,63,67.8,75.1,61.7,69.3,77.9,61.6,14.7,31.5,175,2022-05-27T05:29,2022-05-27T20:17,53251.37,19779.36,12.30,12.30,0.00,10.0
2022-05-28,61,68.9,74.0,64.5,70.9,76.4,65.6,13.2,25.3,267,2022-05-28T05:29,2022-05-28T20:17,53334.34,44348.46,6.80,6.80,0.00,11.0
2022-05-29,3,67.1,76.6,57.3,67.4,77.1,57.0,10.9,18.8,244,2022-05-29T05:28,2022-05-29T20:18,53414.64,49752.31,0.00,0.00,0.00,0.0
2022-05-30,3,72.1,84.7,59.4,74.4,89.2,60.3,15.4,26.4,201,2022-05-30T05:27,2022-05-30T20:19,53492.20,49796.27,0.00,0.00,0.00,0.0
2022-05-31,3,81.1,93.0,70.1,83.8,96.8,71.4,10.6,19.2,283,2022-05-31T05:27,2022-05-31T20:20,53566.91,49699.38,0.00,0.00,0.00,0.0
2022-06-01,63,65.1,71.2,60.7,65.0,73.4,60.7,11.9,23.5,118,2022-06-01T05:27,2022-06-01T20:21,53638.67,41399.36,8.80,8.80,0.00,4.0
2022-06-02,61,69.7,80.8,61.2,73.0,85.7,60.8,8.5,17.0,202,2022-06-02T05:26,2022-06-02T20:21,53707.39,30785.71,7.50,7.50,0.00,8.0
2022-06-03,55,69.6,76.3,65.4,72.1,82.1,64.5,12.0,21.9,103,2022-06-03T05:26,2022-06-03T20:22,53772.96,41593.25,2.20,2.20,0.00,7.0
2022-06-04,1,68.4,80.0,56.6,68.4,81.6,55.1,14.3,25.5,220,2022-06-04T05:25,2022-06-04T20:23,53835.30,50000.65,0.00,0.00,0.00,0.0
2022-06-05,3,65.8,75.3,56.1,64.2,76.2,53.7,11.9,20.4,10,2022-06-05T05:25,2022-06-05T20:23,53894.30,50037.81,0.00,0.00,0.00,0.0
2022-06-06,3,68.1,79.2,56.1,66.2,78.9,54.5,14.6,26.8,191,2022-06-06T05:25,2022-06-06T20:24,53949.89,50073.52,0.00,0.00,0.00,0.0
2022-06-07,53,68.1,76.6,58.5,65.5,75.2,56.7,21.2,36.0,178,2022-06-07T05:25,2022-06-07T20:25,54001.94,36000.00,0.90,0.90,0.00,4.0
2022-06-08,51,73.6,85.3,67.0,75.7,85.4,65.7,13.9,26.8,223,2022-06-08T05:24,2022-06-08T20:25,54050.37,46540.25,0.40,0.40,0.00,4.0
2022-06-09,63,73.5,83.1,66.3,73.3,81.7,63.5,18.1,31.5,251,2022-06-09T05:24,2022-06-09T20:26,54095.08,42971.09,9.40,9.40,0.00,10.0
2022-06-10,3,69.3,79.5,59.4,67.7,76.8,58.3,14.6,24.2,292,2022-06-10T05:24,2022-06-10T20:26,54135.99,47442.29,0.00,0.00,0.00,0.0
2022-06-11,51,68.9,76.1,60.6,68.9,77.1,61.5,6.9,13.2,285,2022-06-11T05:24,2022-06-11T20:27,54172.99,23999.49,0.80,0.80,0.00,4.0
2022-06-12,61,66.8,73.3,61.2,67.9,73.3,62.1,15.3,27.5,177,2022-06-12T05:24,2022-06-12T20:27,54206.11,20025.67,8.30,8.30,0.00,12.0
2022-06-13,55,73.9,81.9,63.4,78.4,88.7,66.3,9.7,21.7,219,2022-06-13T05:24,2022-06-13T20:28,54235.61,50277.52,4.60,4.60,0.00,9.0
2022-06-14,3,72.9,82.5,66.4,73.2,85.6,64.8,14.7,25.1,21,2022-06-14T05:24,2022-06-14T20:28,54261.50,37609.71,0.00,0.00,0.00,0.0
2022-06-15,3,71.0,80.8,63.9,71.6,85.4,65.8,17.1,31.8,142,2022-06-15T05:24,2022-06-15T20:29,54283.80,50323.12,0.00,0.00,0.00,0.0
2022-06-16,63,68.4,73.9,64.0,68.1,73.4,63.6,18.7,30.9,171,2022-06-16T05:24,2022-06-16T20:29,54302.48,21464.18,13.10,13.10,0.00,5.0
2022-06-17,3,77.7,90.0,67.2,77.9,89.3,68.4,19.4,33.1,270,2022-06-17T05:24,2022-06-17T20:29,54317.55,50363.57,0.00,0.00,0.00,0.0
2022-06-18,3,67.0,71.8,60.4,60.6,68.7,54.1,19.8,34.7,320,2022-06-18T05:24,2022-06-18T20:30,54329.02,39355.08,0.00,0.00,0.00,0.0
2022-06-19,3,63.9,72.3,55.1,56.2,63.4,47.4,20.2,35.1,325,2022-06-19T05:24,2022-06-19T20:30,54336.86,50398.35,0.00,0.00,0.00,0.0
2022-06-20,3,67.9,80.0,55.9,64.1,76.4,51.6,11.8,19.5,309,2022-06-20T05:24,2022-06-20T20:30,54341.10,50400.00,0.00,0.00,0.00,0.0
2022-06-21,53,68.5,80.0,57.8,67.5,78.6,55.9,8.4,15.2,175,2022-06-21T05:25,2022-06-21T20:30,54341.74,19825.46,2.10,2.10,0.00,3.0
2022-06-22,53,65.8,69.1,62.8,65.0,69.1,59.9,15.8,27.7,128,2022-06-22T05:25,2022-06-22T20:31,54338.78,23373.36,2.70,2.70,0.00,11.0
2022-06-23,51,67.0,72.5,61.1,67.5,72.5,61.2,10.8,20.4,127,2022-06-23T05:25,2022-06-23T20:31,54332.22,45187.52,1.00,1.00,0.00,5.0
2022-06-24,51,69.8,79.0,59.0,72.3,83.5,60.5,13.2,23.7,191,2022-06-24T05:26,2022-06-24T20:31,54322.09,50400.00,0.60,0.60,0.00,5.0
2022-06-25,2,76.1,90.8,64.9,79.2,95.6,68.0,14.5,27.7,207,2022-06-25T05:26,2022-06-25T20:31,54308.40,50400.00,0.00,0.00,0.00,0.0
2022-06-26,3,77.1,87.8,68.4,77.9,89.9,71.2,20.2,34.2,187,2022-06-26T05:26,2022-06-26T20:31,54291.14,50400.00,0.00,0.00,0.00,0.0
2022-06-27,61,75.0,80.2,67.7,77.6,84.7,69.7,14.9,27.5,224,2022-06-27T05:27,2022-06-27T20:31,54270.35,17277.63,8.50,8.50,0.00,10.0
2022-06-28,51,72.7,82.5,66.9,72.0,82.0,63.1,9.9,17.7,333,2022-06-28T05:27,2022-06-28T20:31,54246.04,45431.82,0.20,0.20,0.00,1.0
2022-06-29,3,73.3,84.7,63.2,73.8,85.8,64.7,18.4,32.0,194,2022-06-29T05:27,2022-06-29T20:31,54218.21,50400.00,0.00,0.00,0.00,0.0
2022-06-30,2,75.9,89.3,63.8,76.9,90.2,64.1,14.3,24.6,266,2022-06-30T05:28,2022-06-30T20:31,54186.91,50400.00,0.00,0.00,0.00,0.0
2022-07-01,3,80.0,93.1,69.1,82.8,95.1,71.1,21.1,36.0,214,2022-07-01T05:28,2022-07-01T20:31,54152.14,50400.00,0.00,0.00,0.00,0.0
2022-07-02,63,78.7,86.8,73.7,83.0,91.5,77.4,13.0,25.3,227,2022-07-02T05:29,2022-07-02T20:31,54113.80,33997.38,14.60,14.60,0.00,7.0
2022-07-03,51,78.4,88.3,70.7,81.2,90.4,71.3,10.6,17.0,347,2022-07-03T05:29,2022-07-03T20:31,54071.55,32400.00,0.10,0.10,0.00,1.0
2022-07-04,3,75.8,86.5,64.8,74.7,87.2,62.6,11.9,22.1,293,2022-07-04T05:30,2022-07-04T20:30,54025.45,50367.11,0.00,0.00,0.00,0.0
2022-07-05,51,76.0,86.8,68.6,76.6,86.0,70.2,20.2,34.7,191,2022-07-05T05:31,2022-07-05T20:30,53975.60,28734.96,0.90,0.90,0.00,5.0
2022-07-06,51,80.4,89.6,71.6,83.0,90.7,75.0,13.3,23.7,298,2022-07-06T05:31,2022-07-06T20:30,53922.12,45248.80,0.10,0.10,0.00,1.0
2022-07-07,3,75.2,81.0,69.0,76.2,82.1,72.9,14.8,26.2,111,2022-07-07T05:32,2022-07-07T20:29,53865.11,37689.42,0.00,0.00,0.00,0.0
2022-07-08,51,74.8,84.5,67.6,79.4,89.2,72.1,10.6,20.8,171,2022-07-08T05:32,2022-07-08T20:29,53804.66,48419.46,1.40,1.40,0.00,8.0
2022-07-09,3,76.0,85.7,69.7,78.1,90.3,70.7,15.1,27.1,102,2022-07-09T05:33,2022-07-09T20:29,53740.88,47559.61,0.00,0.00,0.00,0.0
2022-07-10,3,73.2,81.4,65.9,72.8,84.7,62.6,14.4,26.2,108,2022-07-10T05:34,2022-07-10T20:28,53673.89,50076.74,0.00,0.00,0.00,0.0
2022-07-11,1,73.0,83.6,64.0,72.5,84.1,66.8,21.9,36.9,188,2022-07-11T05:35,2022-07-11T20:28,53603.78,50012.53,0.00,0.00,0.00,0.0
2022-07-12,51,79.8,93.4,67.4,80.7,94.6,67.1,22.5,36.9,221,2022-07-12T05:35,2022-07-12T20:27,53530.66,42871.46,0.60,0.60,0.00,2.0
2022-07-13,3,80.5,91.3,71.0,83.2,94.2,75.0,18.6,32.9,201,2022-07-13T05:36,2022-07-13T20:27,53454.64,49384.17,0.00,0.00,0.00,0.0
2022-07-14,51,79.8,89.1,71.2,83.0,96.0,75.7,12.9,23.3,329,2022-07-14T05:37,2022-07-14T20:26,53375.83,48132.58,0.30,0.30,0.00,1.0
2022-07-15,51,76.3,83.7,69.4,77.3,85.0,70.3,12.5,22.8,114,2022-07-15T05:38,2022-07-15T20:26,53294.32,49728.53,0.10,0.10,0.00,1.0
2022-07-16,63,74.6,82.3,68.8,79.7,87.9,72.3,11.0,21.5,151,2022-07-16T05:38,2022-07-16T20:25,53210.22,36073.44,13.10,13.10,0.00,9.0
2022-07-17,53,75.8,82.7,68.4,81.2,88.5,73.3,11.9,22.1,166,2022-07-17T05:39,2022-07-17T20:25,53123.63,35803.78,1.00,1.00,0.00,5.0
2022-07-18,63,77.7,86.5,72.8,83.3,90.6,79.8,15.3,30.2,200,2022-07-18T05:40,2022-07-18T20:24,53034.66,20468.07,13.00,13.00,0.00,11.0
2022-07-19,3,81.1,93.0,70.8,84.6,96.1,73.8,13.8,24.6,266,2022-07-19T05:41,2022-07-19T20:23,52943.40,49405.33,0.00,0.00,0.00,0.0
2022-07-20,1,83.1,93.5,72.8,88.0,101.2,77.1,12.8,22.1,209,2022-07-20T05:42,2022-07-20T20:22,52849.96,49319.07,0.00,0.00,0.00,0.0
2022-07-21,63,84.0,92.9,76.8,89.3,98.6,81.8,15.7,32.4,214,2022-07-21T05:43,2022-07-21T20:22,52754.44,49230.79,2.60,2.60,0.00,2.0
2022-07-22,2,81.9,93.9,71.2,86.4,98.7,75.5,18.0,31.1,209,2022-07-22T05:43,2022-07-22T20:21,52656.65,49140.35,0.00,0.00,0.00,0.0
2022-07-23,3,83.1,94.4,73.7,88.1,100.7,79.5,15.8,26.8,199,2022-07-23T05:44,2022-07-23T20:20,52555.79,49047.05,0.00,0.00,0.00,0.0
2022-07-24,3,86.3,97.1,75.6,88.8,100.0,80.5,18.2,30.0,233,2022-07-24T05:45,2022-07-24T20:19,52451.93,48049.48,0.00,0.00,0.00,0.0
2022-07-25,65,81.5,89.1,77.6,86.4,94.8,81.4,15.8,28.0,222,2022-07-25T05:46,2022-07-25T20:18,52345.24,33503.76,24.00,24.00,0.00,5.0
2022-07-26,51,76.9,84.4,68.4,77.9,85.2,69.8,13.1,23.5,273,2022-07-26T05:47,2022-07-26T20:17,52235.85,38384.66,0.10,0.10,0.00,1.0
2022-07-27,3,75.2,83.0,64.9,77.7,85.6,67.0,12.5,22.6,184,2022-07-27T05:48,2022-07-27T20:17,52123.92,39468.21,0.00,0.00,0.00,0.0
2022-07-28,53,79.2,87.5,72.3,85.4,95.7,78.1,15.6,28.4,196,2022-07-28T05:49,2022-07-28T20:16,52009.58,43645.99,1.30,1.30,0.00,3.0
2022-07-29,51,80.0,87.5,72.5,83.5,89.3,76.2,11.4,19.7,255,2022-07-29T05:50,2022-07-29T20:15,51892.99,22992.03,0.40,0.40,0.00,2.0
2022-07-30,53,79.9,90.2,72.2,81.0,87.5,75.6,13.7,24.6,315,2022-07-30T05:51,2022-07-30T20:13,51774.27,48321.55,0.80,0.80,0.00,2.0
2022-07-31,3,76.2,83.9,66.6,78.9,85.3,70.0,12.4,21.9,149,2022-07-31T05:52,2022-07-31T20:12,51653.56,38367.81,0.00,0.00,0.00,0.0
2022-08-01,63,74.4,79.6,69.8,78.3,83.9,72.2,13.9,24.2,201,2022-08-01T05:53,2022-08-01T20:11,51531.02,27593.20,7.40,7.40,0.00,10.0
2022-08-02,3,80.7,92.4,70.8,85.6,95.7,75.5,10.5,19.7,240,2022-08-02T05:54,2022-08-02T20:10,51406.75,47842.37,0.00,0.00,0.00,0.0
2022-08-03,3,78.5,90.8,70.7,82.1,94.5,72.5,13.8,25.7,210,2022-08-03T05:55,2022-08-03T20:09,51280.89,47860.94,0.00,0.00,0.00,0.0
2022-08-04,3,81.2,92.0,70.7,85.4,97.5,75.5,18.2,31.1,191,2022-08-04T05:56,2022-08-04T20:08,51153.57,47545.29,0.00,0.00,0.00,0.0
2022-08-05,51,82.7,91.5,73.9,88.4,99.0,78.8,8.7,18.8,222,2022-08-05T05:56,2022-08-05T20:07,51024.92,36594.34,0.40,0.40,0.00,1.0
2022-08-06,53,82.3,90.9,74.5,87.7,95.3,82.4,16.9,29.8,214,2022-08-06T05:57,2022-08-06T20:06,50895.06,45885.57,1.20,1.20,0.00,4.0
2022-08-07,63,83.3,94.0,74.9,88.5,95.5,80.6,17.0,31.1,225,2022-08-07T05:58,2022-08-07T20:04,50764.10,41813.59,5.10,5.10,0.00,8.0
2022-08-08,51,85.6,94.6,78.2,90.3,99.0,83.4,14.9,26.6,222,2022-08-08T05:59,2022-08-08T20:03,50632.16,46138.61,0.70,0.70,0.00,2.0
2022-08-09,63,86.5,99.8,79.5,93.3,105.8,85.7,12.2,29.5,251,2022-08-09T06:00,2022-08-09T20:02,50499.36,45184.89,7.10,7.10,0.00,4.0
2022-08-10,51,79.8,91.2,73.9,84.2,94.7,76.7,14.7,26.2,11,2022-08-10T06:01,2022-08-10T20:01,50365.82,43475.23,0.10,0.10,0.00,1.0
2022-08-11,53,79.8,90.4,73.9,84.5,91.0,78.0,8.4,15.9,335,2022-08-11T06:02,2022-08-11T19:59,50231.30,33575.46,0.80,0.80,0.00,1.0
2022-08-12,3,77.5,84.8,70.8,75.2,82.5,68.7,14.6,24.6,5,2022-08-12T06:03,2022-08-12T19:58,50094.83,44925.76,0.00,0.00,0.00,0.0
2022-08-13,1,72.1,81.1,64.3,69.3,79.6,62.3,13.8,24.2,10,2022-08-13T06:04,2022-08-13T19:57,49956.46,45464.47,0.00,0.00,0.00,0.0
2022-08-14,3,72.2,81.0,62.5,71.3,79.4,62.5,15.4,27.3,180,2022-08-14T06:05,2022-08-14T19:55,49816.32,45093.60,0.00,0.00,0.00,0.0
2022-08-15,51,73.0,81.7,64.8,73.8,82.9,65.6,10.6,21.0,161,2022-08-15T06:06,2022-08-15T19:54,49674.55,44248.19,0.10,0.10,0.00,1.0
2022-08-16,3,73.3,82.9,65.2,73.6,79.6,67.0,16.2,29.1,63,2022-08-16T06:07,2022-08-16T19:53,49531.29,44027.39,0.00,0.00,0.00,0.0
2022-08-17,51,72.9,81.0,65.3,73.6,79.4,66.3,12.2,19.5,9,2022-08-17T06:08,2022-08-17T19:51,49386.64,35961.52,0.20,0.20,0.00,1.0
2022-08-18,51,75.2,87.7,63.4,75.8,85.1,65.8,10.4,21.0,288,2022-08-18T06:09,2022-08-18T19:50,49240.74,44336.79,0.10,0.10,0.00,1.0
2022-08-19,3,76.5,89.2,64.4,76.9,90.2,65.0,17.4,30.9,194,2022-08-19T06:10,2022-08-19T19:48,49093.71,43865.23,0.00,0.00,0.00,0.0
2022-08-20,51,78.9,89.3,70.3,81.7,92.8,74.3,13.8,24.2,186,2022-08-20T06:11,2022-08-20T19:47,48945.68,44007.70,0.30,0.30,0.00,1.0
2022-08-21,3,75.6,82.4,68.4,79.5,86.5,73.1,13.8,24.6,151,2022-08-21T06:12,2022-08-21T19:45,48796.75,29830.82,0.00,0.00,0.00,0.0
2022-08-22,63,73.5,76.4,71.2,79.1,82.5,75.5,9.9,20.1,135,2022-08-22T06:13,2022-08-22T19:44,48647.05,17826.04,17.80,17.80,0.00,20.0
2022-08-23,63,75.7,84.7,69.9,80.9,91.2,74.8,9.7,18.6,222,2022-08-23T06:14,2022-08-23T19:42,48496.68,43200.00,5.80,5.80,0.00,4.0
2022-08-24,2,77.7,88.8,67.7,80.0,90.2,71.6,8.4,16.6,289,2022-08-24T06:15,2022-08-24T19:41,48345.75,43476.44,0.00,0.00,0.00,0.0
2022-08-25,3,78.1,89.3,67.2,80.4,93.7,70.5,12.8,21.5,229,2022-08-25T06:16,2022-08-25T19:39,48194.38,43451.92,0.00,0.00,0.00,0.0
2022-08-26,65,76.8,85.4,70.3,81.0,90.9,75.1,12.9,25.7,212,2022-08-26T06:17,2022-08-26T19:38,48042.67,40017.21,16.50,16.50,0.00,6.0
2022-08-27,2,77.4,85.7,68.9,81.5,89.8,72.9,8.5,16.8,22,2022-08-27T06:18,2022-08-27T19:36,47890.71,43291.75,0.00,0.00,0.00,0.0
2022-08-28,51,75.3,81.6,71.4,79.6,84.9,76.1,12.0,21.3,110,2022-08-28T06:19,2022-08-28T19:35,47738.63,33699.97,1.30,1.30,0.00,7.0
2022-08-29,51,76.7,83.7,70.5,82.2,89.8,76.6,15.8,28.0,173,2022-08-29T06:20,2022-08-29T19:33,47586.50,43200.00,0.20,0.20,0.00,2.0
2022-08-30,53,77.9,86.4,71.4,82.7,92.3,77.7,18.5,32.0,186,2022-08-30T06:21,2022-08-30T19:31,47434.44,43200.00,1.70,1.70,0.00,3.0
2022-08-31,53,76.2,84.4,69.6,77.0,83.8,69.1,14.2,25.1,293,2022-08-31T06:22,2022-08-31T19:30,47282.21,43234.25,0.60,0.60,0.00,2.0
2022-09-01,2,75.9,86.3,67.4,73.5,84.1,66.2,12.1,20.6,296,2022-09-01T06:23,2022-09-01T19:28,47128.79,43236.97,0.00,0.00,0.00,0.0
2022-09-02,3,69.1,77.4,60.8,68.7,80.2,58.9,9.7,17.7,70,2022-09-02T06:24,2022-09-02T19:27,46974.23,43238.82,0.00,0.00,0.00,0.0
2022-09-03,3,71.8,79.6,64.2,74.2,83.3,66.5,11.4,20.1,138,2022-09-03T06:25,2022-09-03T19:25,46818.62,36000.00,0.00,0.00,0.00,0.0
2022-09-04,53,76.1,86.8,68.9,80.9,92.1,73.1,7.8,18.3,209,2022-09-04T06:26,2022-09-04T19:23,46662.08,43015.09,1.30,1.30,0.00,6.0
2022-09-05,63,76.0,83.6,70.3,81.9,90.7,76.7,12.5,22.4,144,2022-09-05T06:27,2022-09-05T19:22,46504.71,28672.08,5.20,5.20,0.00,8.0
2022-09-06,63,70.9,72.6,68.8,74.9,78.9,69.9,14.0,23.7,118,2022-09-06T06:28,2022-09-06T19:20,46346.62,4590.31,31.80,31.80,0.00,21.0
2022-09-07,55,69.1,73.6,66.1,69.5,73.6,65.7,13.9,23.0,47,2022-09-07T06:29,2022-09-07T19:18,46187.91,6199.12,2.30,2.30,0.00,8.0
2022-09-08,51,69.6,75.5,64.8,70.7,75.1,65.9,10.6,19.5,29,2022-09-08T06:30,2022-09-08T19:17,46028.67,29569.37,0.10,0.10,0.00,1.0
2022-09-09,0,69.5,79.8,61.8,70.8,79.4,63.0,7.2,14.8,59,2022-09-09T06:31,2022-09-09T19:15,45869.02,42520.76,0.00,0.00,0.00,0.0
2022-09-10,3,70.7,81.8,60.1,72.6,82.7,60.7,9.1,16.6,207,2022-09-10T06:32,2022-09-10T19:13,45709.04,42420.30,0.00,0.00,0.00,0.0
2022-09-11,61,70.0,76.7,65.7,73.7,80.1,68.6,8.3,13.6,204,2022-09-11T06:33,2022-09-11T19:12,45548.83,2911.23,15.50,15.50,0.00,13.0
2022-09-12,63,73.9,82.6,69.3,79.1,87.8,73.8,9.7,17.2,222,2022-09-12T06:34,2022-09-12T19:10,45388.50,34920.11,10.20,10.20,0.00,8.0
2022-09-13,61,73.2,79.2,69.3,77.5,85.6,67.0,11.2,21.0,216,2022-09-13T06:35,2022-09-13T19:08,45228.13,36198.86,6.90,6.90,0.00,15.0
2022-09-14,3,69.9,80.7,60.9,69.4,78.3,60.4,12.2,22.4,283,2022-09-14T06:36,2022-09-14T19:07,45067.83,41875.91,0.00,0.00,0.00,0.0
2022-09-15,1,66.8,72.1,61.0,64.6,69.9,57.6,11.7,22.8,328,2022-09-15T06:37,2022-09-15T19:05,44907.67,41717.10,0.00,0.00,0.00,0.0
2022-09-16,3,64.4,75.8,53.8,63.4,73.2,52.1,7.6,14.1,335,2022-09-16T06:38,2022-09-16T19:03,44747.77,41558.32,0.00,0.00,0.00,0.0
2022-09-17,3,67.5,72.9,62.9,67.8,75.3,62.1,10.8,19.9,118,2022-09-17T06:39,2022-09-17T19:02,44588.20,41399.66,0.00,0.00,0.00,0.0
2022-09-18,3,73.0,84.6,63.3,73.4,83.7,63.9,12.9,22.4,233,2022-09-18T06:40,2022-09-18T19:00,44429.07,41241.21,0.00,0.00,0.00,0.0
2022-09-19,55,74.2,86.5,66.7,75.4,86.1,67.9,14.9,25.7,240,2022-09-19T06:41,2022-09-19T18:58,44270.46,34599.36,1.80,1.80,0.00,3.0
2022-09-20,2,71.1,78.9,64.6,71.6,76.6,66.8,12.2,20.6,298,2022-09-20T06:41,2022-09-20T18:57,44112.11,40161.06,0.00,0.00,0.00,0.0
2022-09-21,3,69.2,79.2,61.3,70.1,82.3,62.4,12.7,23.0,249,2022-09-21T06:42,2022-09-21T18:55,43953.01,39986.33,0.00,0.00,0.00,0.0
2022-09-22,63,68.0,78.0,58.5,66.6,78.9,52.6,16.7,28.0,274,2022-09-22T06:43,2022-09-22T18:53,43793.16,12413.44,7.50,7.50,0.00,6.0
2022-09-23,1,56.2,62.2,50.7,47.4,52.6,41.7,20.2,34.4,323,2022-09-23T06:44,2022-09-23T18:52,43632.67,40443.29,0.00,0.00,0.00,0.0
2022-09-24,3,58.2,69.7,49.6,53.3,66.1,41.7,11.9,22.4,295,2022-09-24T06:45,2022-09-24T18:50,43471.64,40175.01,0.00,0.00,0.00,0.0
2022-09-25,61,63.3,76.3,53.6,61.8,74.2,51.9,14.1,26.8,211,2022-09-25T06:46,2022-09-25T18:48,43310.17,13073.17,2.40,2.40,0.00,3.0
2022-09-26,3,65.2,75.0,56.4,61.8,69.1,54.2,16.2,27.5,240,2022-09-26T06:47,2022-09-26T18:46,43148.36,39479.77,0.00,0.00,0.00,0.0
2022-09-27,3,62.8,70.9,56.5,58.6,64.8,52.1,13.4,23.7,245,2022-09-27T06:48,2022-09-27T18:45,42986.31,35358.20,0.00,0.00,0.00,0.0
2022-09-28,3,60.8,70.2,51.0,56.6,65.0,47.2,11.8,21.5,298,2022-09-28T06:49,2022-09-28T18:43,42824.13,35473.91,0.00,0.00,0.00,0.0
2022-09-29,3,59.8,66.9,52.9,54.8,62.1,47.8,13.0,23.3,10,2022-09-29T06:50,2022-09-29T18:41,42661.92,36770.81,0.00,0.00,0.00,0.0
2022-09-30,51,57.3,62.5,51.6,52.6,57.7,46.1,10.8,19.9,36,2022-09-30T06:51,2022-09-30T18:40,42499.77,14957.16,0.10,0.10,0.00,1.0
2022-10-01,65,58.4,63.8,53.2,53.4,58.6,46.6,20.1,34.0,39,2022-10-01T06:52,2022-10-01T18:38,42337.79,4196.40,21.70,21.70,0.00,15.0
2022-10-02,63,55.8,59.4,51.3,47.7,54.0,41.3,19.9,32.9,33,2022-10-02T06:54,2022-10-02T18:36,42176.08,0.00,12.60,12.60,0.00,12.0
2022-10-03,63,50.9,53.8,48.6,42.3,45.4,40.6,18.9,32.2,28,2022-10-03T06:55,2022-10-03T18:35,42014.74,0.00,18.60,18.60,0.00,15.0
2022-10-04,65,51.5,55.3,47.2,43.9,50.0,37.7,19.8,37.6,17,2022-10-04T06:56,2022-10-04T18:33,41853.89,0.00,187.20,187.20,0.00,24.0
2022-10-05,63,57.4,61.1,54.6,53.7,59.0,48.8,17.8,29.5,15,2022-10-05T06:57,2022-10-05T18:31,41693.61,1302.79,7.70,7.70,0.00,9.0
2022-10-06,3,60.9,73.1,52.2,60.0,72.1,50.2,7.5,12.1,312,2022-10-06T06:58,2022-10-06T18:30,41534.02,38124.21,0.00,0.00,0.00,0.0
2022-10-07,51,63.5,75.6,53.1,62.1,74.0,51.9,10.6,17.9,273,2022-10-07T06:59,2022-10-07T18:28,41375.22,38059.74,0.20,0.20,0.00,1.0
2022-10-08,53,53.4,59.0,45.2,47.3,53.8,41.0,13.1,21.7,318,2022-10-08T07:00,2022-10-08T18:27,41217.33,35899.14,0.50,0.50,0.00,1.0
2022-10-09,1,51.7,61.9,43.1,46.3,54.5,38.1,12.2,22.1,257,2022-10-09T07:01,2022-10-09T18:25,41060.45,37830.65,0.00,0.00,0.00,0.0
2022-10-10,3,55.9,68.2,45.6,51.7,63.1,41.9,11.4,19.5,255,2022-10-10T07:02,2022-10-10T18:23,40904.31,36527.20,0.00,0.00,0.00,0.0
2022-10-11,0,56.2,67.6,45.9,53.7,66.2,42.7,9.3,15.9,230,2022-10-11T07:03,2022-10-11T18:22,40747.77,37507.80,0.00,0.00,0.00,0.0
2022-10-12,3,57.9,66.9,48.7,54.6,64.1,45.3,15.8,26.4,188,2022-10-12T07:04,2022-10-12T18:20,40590.86,37345.41,0.00,0.00,0.00,0.0
2022-10-13,61,63.5,70.0,56.0,62.3,67.3,54.8,17.5,29.3,163,2022-10-13T07:05,2022-10-13T18:19,40433.69,8828.17,5.60,5.60,0.00,9.0
2022-10-14,63,57.5,67.0,51.2,53.6,63.6,47.6,15.0,30.4,319,2022-10-14T07:06,2022-10-14T18:17,40276.38,33419.23,8.50,8.50,0.00,3.0
2022-10-15,1,56.7,66.6,46.1,53.0,62.2,42.5,15.7,26.2,172,2022-10-15T07:07,2022-10-15T18:16,40119.05,36855.70,0.00,0.00,0.00,0.0
2022-10-16,3,55.8,64.1,50.4,53.1,61.9,47.2,8.5,15.2,293,2022-10-16T07:08,2022-10-16T18:14,39961.82,34929.43,0.00,0.00,0.00,0.0
2022-10-17,55,58.8,66.3,51.6,57.0,63.4,49.0,11.2,21.5,202,2022-10-17T07:09,2022-10-17T18:13,39804.80,28579.12,4.10,4.10,0.00,11.0
2022-10-18,51,51.5,56.9,45.6,45.5,54.9,40.2,11.1,18.3,275,2022-10-18T07:10,2022-10-18T18:11,39648.14,35044.70,0.70,0.70,0.00,4.0
2022-10-19,3,47.3,54.4,40.2,39.8,43.9,34.2,16.8,29.8,241,2022-10-19T07:12,2022-10-19T18:10,39491.93,33911.38,0.00,0.00,0.00,0.0
2022-10-20,0,49.6,58.2,42.0,41.9,48.1,35.1,16.4,28.9,223,2022-10-20T07:13,2022-10-20T18:08,39336.32,35982.11,0.00,0.00,0.00,0.0
2022-10-21,0,51.5,61.1,43.0,47.2,56.6,38.6,7.1,12.8,216,2022-10-21T07:14,2022-10-21T18:07,39181.44,35671.24,0.00,0.00,0.00,0.0
2022-10-22,3,53.2,64.1,43.3,50.0,60.6,38.4,7.3,14.1,187,2022-10-22T07:15,2022-10-22T18:05,39027.41,33496.43,0.00,0.00,0.00,0.0
2022-10-23,63,55.4,60.1,50.1,51.6,56.0,47.2,12.9,20.8,29,2022-10-23T07:16,2022-10-23T18:04,38874.36,0.00,17.60,17.60,0.00,11.0
2022-10-24,63,57.7,61.9,54.0,55.4,61.4,50.3,12.9,23.9,32,2022-10-24T07:17,2022-10-24T18:02,38722.44,0.00,12.10,12.10,0.00,18.0
2022-10-25,53,64.1,69.5,58.9,66.5,73.0,58.4,8.0,15.2,110,2022-10-25T07:18,2022-10-25T18:01,38571.78,16579.14,2.60,2.60,0.00,8.0
2022-10-26,51,65.2,70.4,60.5,67.4,73.1,59.1,10.1,17.7,207,2022-10-26T07:19,2022-10-26T18:00,38422.53,19682.28,0.40,0.40,0.00,3.0
2022-10-27,0,58.0,63.7,50.9,52.5,58.4,43.3,15.9,27.5,331,2022-10-27T07:21,2022-10-27T17:58,38274.81,34407.92,0.00,0.00,0.00,0.0
2022-10-28,3,49.4,55.8,44.3,42.5,48.7,36.6,12.4,20.6,31,2022-10-28T07:22,2022-10-28T17:57,38128.80,32441.06,0.00,0.00,0.00,0.0
2022-10-29,1,49.0,58.2,41.5,44.5,53.0,37.2,7.2,14.8,27,2022-10-29T07:23,2022-10-29T17:56,37984.62,34228.39,0.00,0.00,0.00,0.0
2022-10-30,3,49.6,61.3,40.1,45.6,57.2,34.9,6.9,11.4,17,2022-10-30T07:24,2022-10-30T17:55,37842.02,34137.82,0.00,0.00,0.00,0.0
2022-10-31,63,56.4,63.5,50.7,55.2,60.7,48.4,8.3,16.1,216,2022-10-31T07:25,2022-10-31T17:53,37699.75,21913.76,6.60,6.60,0.00,4.0
2022-11-01,63,60.5,67.8,55.8,60.3,66.9,56.0,9.7,17.2,268,2022-11-01T07:26,2022-11-01T17:52,37557.85,19143.59,7.50,7.50,0.00,9.0
2022-11-02,0,59.0,68.4,51.3,56.7,66.8,49.0,10.1,18.6,351,2022-11-02T07:28,2022-11-02T17:51,37416.45,33757.82,0.00,0.00,0.00,0.0
2022-11-03,0,54.5,64.4,47.6,52.2,62.1,45.0,7.3,13.0,130,2022-11-03T07:29,2022-11-03T17:50,37275.70,33699.07,0.00,0.00,0.00,0.0
2022-11-04,3,57.1,67.7,46.8,56.5,68.0,45.0,8.3,14.8,197,2022-11-04T07:30,2022-11-04T17:49,37135.74,32680.42,0.00,0.00,0.00,0.0
2022-11-05,3,65.2,73.7,59.2,64.5,73.2,59.4,16.9,27.1,182,2022-11-05T07:31,2022-11-05T17:48,36996.73,32869.54,0.00,0.00,0.00,0.0
2022-11-06,63,68.3,74.9,64.2,67.9,75.3,62.8,13.8,25.3,193,2022-11-06T07:32,2022-11-06T17:46,36858.80,19650.55,2.80,2.80,0.00,2.0
2022-11-07,51,67.7,75.3,58.5,64.8,74.8,49.3,16.0,25.5,272,2022-11-07T07:33,2022-11-07T17:45,36722.11,32955.07,0.80,0.80,0.00,3.0
2022-11-08,2,51.3,56.5,46.5,42.8,48.1,38.9,14.6,24.2,356,2022-11-08T07:35,2022-11-08T17:44,36586.82,32850.78,0.00,0.00,0.00,0.0
2022-11-09,3,45.5,51.2,40.1,39.3,46.2,32.6,12.1,20.1,41,2022-11-09T07:36,2022-11-09T17:43,36453.09,32589.54,0.00,0.00,0.00,0.0
2022-11-10,3,52.5,63.5,44.5,49.5,59.9,40.6,8.2,15.7,220,2022-11-10T07:37,2022-11-10T17:42,36321.08,32344.82,0.00,0.00,0.00,0.0
2022-11-11,65,60.9,66.2,53.4,60.7,66.6,51.6,20.8,34.0,164,2022-11-11T07:38,2022-11-11T17:41,36190.95,0.00,25.30,25.30,0.00,14.0
2022-11-12,53,65.9,69.4,58.1,63.7,67.3,58.5,20.6,33.8,230,2022-11-12T07:39,2022-11-12T17:40,36062.88,32034.66,1.80,1.80,0.00,6.0
2022-11-13,55,51.3,57.6,43.1,44.7,57.5,33.8,16.9,29.3,316,2022-11-13T07:41,2022-11-13T17:39,35937.04,17593.46,2.90,2.90,0.00,6.0
2022-11-14,1,41.1,46.0,36.5,32.6,37.3,29.3,12.0,21.3,314,2022-11-14T07:42,2022-11-14T17:39,35813.59,31922.16,0.00,0.00,0.00,0.0
2022-11-15,61,40.2,46.1,35.0,33.3,40.3,28.5,14.6,23.7,34,2022-11-15T07:43,2022-11-15T17:38,35692.73,13579.67,6.00,6.00,0.00,7.0
2022-11-16,63,45.7,52.5,39.6,37.6,45.7,30.5,17.4,29.5,319,2022-11-16T07:44,2022-11-16T17:37,35574.62,25200.00,12.50,12.50,0.00,10.0
2022-11-17,3,40.5,47.2,36.0,30.7,34.7,26.7,19.4,32.9,268,2022-11-17T07:45,2022-11-17T17:36,35459.46,28648.72,0.00,0.00,0.00,0.0
2022-11-18,71,38.3,44.1,32.9,28.4,32.2,24.9,19.3,33.6,253,2022-11-18T07:46,2022-11-18T17:35,35347.42,31456.81,0.20,0.10,0.07,1.0
2022-11-19,2,35.1,40.2,29.4,26.2,29.5,21.3,12.2,22.4,249,2022-11-19T07:47,2022-11-19T17:35,35238.30,31413.66,0.00,0.00,0.00,0.0
2022-11-20,71,33.3,36.4,28.8,22.2,27.4,18.8,21.2,36.9,277,2022-11-20T07:49,2022-11-20T17:34,35130.97,31305.37,0.10,0.00,0.07,1.0
2022-11-21,3,32.9,39.7,26.0,23.3,28.9,17.8,14.0,22.8,231,2022-11-21T07:50,2022-11-21T17:33,35025.44,31228.60,0.00,0.00,0.00,0.0
2022-11-22,1,40.6,49.4,32.7,33.1,41.8,25.6,12.8,21.3,247,2022-11-22T07:51,2022-11-22T17:33,34921.85,31131.71,0.00,0.00,0.00,0.0
2022-11-23,0,42.8,53.4,35.0,35.9,46.3,28.3,8.1,15.7,295,2022-11-23T07:52,2022-11-23T17:32,34820.34,31058.18,0.00,0.00,0.00,0.0
2022-11-24,3,41.9,51.3,33.9,36.7,46.2,28.0,8.1,13.2,146,2022-11-24T07:53,2022-11-24T17:32,34721.05,30978.71,0.00,0.00,0.00,0.0
2022-11-25,61,46.1,53.9,40.7,39.7,48.0,35.3,16.1,27.5,263,2022-11-25T07:54,2022-11-25T17:31,34624.11,14400.00,3.80,3.80,0.00,6.0
2022-11-26,3,45.8,54.5,40.4,38.0,47.0,32.7,12.2,21.7,282,2022-11-26T07:55,2022-11-26T17:31,34529.68,30834.80,0.00,0.00,0.00,0.0
2022-11-27,63,48.6,57.2,41.5,42.9,54.3,35.3,16.9,27.3,216,2022-11-27T07:56,2022-11-27T17:30,34437.88,1097.77,12.20,12.20,0.00,10.0
2022-11-28,3,49.7,53.9,41.1,41.8,46.9,33.4,17.3,29.3,296,2022-11-28T07:58,2022-11-28T17:30,34348.87,25183.12,0.00,0.00,0.00,0.0
2022-11-29,3,38.1,43.4,32.7,32.2,37.3,26.7,8.7,14.8,353,2022-11-29T07:59,2022-11-29T17:30,34262.80,30581.52,0.00,0.00,0.00,0.0
2022-11-30,63,47.2,55.4,34.9,40.2,47.9,29.9,23.3,38.3,205,2022-11-30T08:00,2022-11-30T17:29,34179.80,0.00,14.90,14.90,0.00,10.0
2022-12-01,3,38.0,43.3,33.1,27.8,32.1,22.7,17.8,31.1,279,2022-12-01T08:01,2022-12-01T17:29,34100.04,30401.43,0.00,0.00,0.00,0.0
2022-12-02,3,35.0,41.4,26.9,28.3,34.0,20.0,6.8,14.3,228,2022-12-02T08:02,2022-12-02T17:29,34023.64,30316.79,0.00,0.00,0.00,0.0
2022-12-03,63,50.2,56.4,39.8,42.8,50.1,33.9,20.7,38.0,224,2022-12-03T08:03,2022-12-03T17:28,33950.79,1397.20,8.80,8.80,0.00,9.0
2022-12-04,3,39.5,44.7,32.8,31.8,36.9,25.8,14.4,23.3,304,2022-12-04T08:04,2022-12-04T17:28,33881.61,27119.21,0.00,0.00,0.00,0.0
2022-12-05,3,35.9,44.0,27.7,29.4,37.4,21.0,7.3,14.1,211,2022-12-05T08:05,2022-12-05T17:28,33816.26,30086.63,0.00,0.00,0.00,0.0
2022-12-06,61,47.3,54.7,33.4,42.9,50.7,28.6,14.0,24.4,143,2022-12-06T08:06,2022-12-06T17:28,33754.90,0.00,11.50,11.50,0.00,12.0
2022-12-07,61,55.2,58.4,52.7,53.5,59.4,48.0,14.2,24.2,206,2022-12-07T08:06,2022-12-07T17:28,33697.66,0.00,10.50,10.50,0.00,12.0
2022-12-08,3,48.5,53.1,42.9,42.0,48.3,35.8,12.7,21.0,329,2022-12-08T08:07,2022-12-08T17:28,33644.71,19357.17,0.00,0.00,0.00,0.0
2022-12-09,0,38.5,45.0,33.7,29.5,35.6,23.1,12.8,21.0,2,2022-12-09T08:08,2022-12-09T17:28,33595.98,29841.79,0.00,0.00,0.00,0.0
2022-12-10,3,34.9,40.8,29.7,26.1,32.7,20.0,11.5,20.8,32,2022-12-10T08:09,2022-12-10T17:28,33550.85,29791.78,0.00,0.00,0.00,0.0
2022-12-11,75,37.4,39.9,34.2,30.1,32.9,26.0,11.0,18.1,51,2022-12-11T08:10,2022-12-11T17:28,33509.32,0.00,10.70,7.80,2.03,13.0
2022-12-12,73,34.4,39.9,28.4,26.2,29.7,19.9,13.7,23.7,3,2022-12-12T08:10,2022-12-12T17:28,33471.43,26848.83,1.10,0.20,0.63,5.0
2022-12-13,0,30.7,41.1,24.3,22.3,33.4,15.5,9.2,15.9,327,2022-12-13T08:11,2022-12-13T17:28,33437.21,29567.74,0.00,0.00,0.00,0.0
2022-12-14,3,33.0,40.3,29.2,23.9,31.6,19.2,12.1,21.7,327,2022-12-14T08:12,2022-12-14T17:29,33406.70,29553.23,0.00,0.00,0.00,0.0
2022-12-15,63,36.0,40.8,29.7,27.4,32.7,20.7,18.7,32.9,55,2022-12-15T08:13,2022-12-15T17:29,33379.95,0.00,17.30,17.30,0.00,10.0
2022-12-16,73,41.1,44.1,38.5,31.4,34.1,29.4,21.7,35.6,30,2022-12-16T08:13,2022-12-16T17:29,33356.99,0.00,14.50,14.20,0.21,22.0
2022-12-17,51,39.1,44.8,34.0,30.1,33.9,26.3,15.4,26.4,277,2022-12-17T08:14,2022-12-17T17:30,33337.83,26215.87,0.30,0.30,0.00,2.0
2022-12-18,3,33.7,39.6,27.8,24.9,29.0,20.7,13.8,24.2,282,2022-12-18T08:15,2022-12-18T17:30,33322.53,27282.19,0.00,0.00,0.00,0.0
2022-12-19,1,32.8,38.7,28.3,22.5,27.4,18.2,14.5,25.5,287,2022-12-19T08:15,2022-12-19T17:30,33311.10,29234.46,0.00,0.00,0.00,0.0
2022-12-20,2,32.6,39.0,28.5,23.8,30.7,20.2,11.9,21.5,315,2022-12-20T08:16,2022-12-20T17:31,33303.57,29246.69,0.00,0.00,0.00,0.0
2022-12-21,3,30.9,37.8,25.2,24.3,31.8,18.3,5.8,10.7,351,2022-12-21T08:16,2022-12-21T17:31,33299.98,28913.48,0.00,0.00,0.00,0.0
2022-12-22,63,37.2,44.4,28.1,29.8,36.0,21.9,18.9,31.1,58,2022-12-22T08:17,2022-12-22T17:32,33300.34,900.45,9.50,9.50,0.00,11.0
2022-12-23,73,38.4,55.1,9.4,26.8,46.6,-7.0,28.6,50.3,207,2022-12-23T08:17,2022-12-23T17:32,33304.67,3344.59,23.00,22.40,0.42,15.0
2022-12-24,3,12.9,24.0,8.0,-1.5,9.7,-8.4,22.2,38.5,260,2022-12-24T08:18,2022-12-24T17:33,33313.00,29151.24,0.00,0.00,0.00,0.0
2022-12-25,0,20.9,29.4,14.2,8.9,17.3,1.0,15.7,27.5,248,2022-12-25T08:18,2022-12-25T17:34,33325.34,29102.79,0.00,0.00,0.00,0.0
2022-12-26,3,23.8,30.6,17.9,13.6,20.4,7.1,12.1,20.6,265,2022-12-26T08:18,2022-12-26T17:34,33341.70,29071.58,0.00,0.00,0.00,0.0
2022-12-27,3,29.4,37.4,23.4,20.9,28.2,14.4,9.3,17.0,251,2022-12-27T08:19,2022-12-27T17:35,33362.11,28965.69,0.00,0.00,0.00,0.0
2022-12-28,3,33.5,44.4,25.2,25.6,34.8,17.7,11.9,21.0,223,2022-12-28T08:19,2022-12-28T17:36,33386.58,28939.21,0.00,0.00,0.00,0.0
2022-12-29,3,37.4,47.7,30.5,30.4,40.7,23.6,9.9,18.3,224,2022-12-29T08:19,2022-12-29T17:36,33415.21,28874.14,0.00,0.00,0.00,0.0
2022-12-30,3,43.5,56.6,34.8,37.6,52.1,28.5,8.4,15.9,216,2022-12-30T08:19,2022-12-30T17:37,33448.26,28843.57,0.00,0.00,0.00,0.0
2022-12-31,61,47.9,52.2,42.9,44.9,50.6,38.1,8.2,16.6,211,2022-12-31T08:20,2022-12-31T17:38,33485.66,0.00,6.30,6.30,0.00,11.0
2023-01-01,55,48.3,53.7,41.1,43.4,49.6,35.4,10.8,19.0,280,2023-01-01T08:20,2023-01-01T17:39,33527.31,28894.60,2.10,2.10,0.00,3.0
2023-01-02,51,46.4,55.3,40.4,42.6,51.8,35.2,5.6,10.1,248,2023-01-02T08:20,2023-01-02T17:39,33573.07,18719.18,0.50,0.50,0.00,2.0
2023-01-03,63,49.4,55.3,43.5,46.5,52.8,39.8,12.0,20.1,193,2023-01-03T08:20,2023-01-03T17:40,33622.86,0.00,9.50,9.50,0.00,9.0
2023-01-04,53,55.8,64.6,49.4,54.2,65.0,47.3,11.3,18.1,215,2023-01-04T08:20,2023-01-04T17:41,33676.53,21600.00,2.30,2.30,0.00,5.0
2023-01-05,3,50.3,55.8,45.6,47.7,55.1,42.7,7.5,12.8,73,2023-01-05T08:20,2023-01-05T17:42,33733.98,7447.23,0.00,0.00,0.00,0.0
2023-01-06,61,43.3,47.8,38.1,38.3,42.0,30.3,10.1,16.1,308,2023-01-06T08:20,2023-01-06T17:43,33795.11,11757.86,9.60,9.60,0.00,14.0
2023-01-07,3,38.8,47.0,33.1,31.1,37.9,25.5,12.6,21.7,294,2023-01-07T08:20,2023-01-07T17:44,33859.77,16553.09,0.00,0.00,0.00,0.0
2023-01-08,3,34.6,39.8,28.0,27.6,34.0,21.2,8.5,13.6,293,2023-01-08T08:20,2023-01-08T17:45,33927.86,28432.17,0.00,0.00,0.00,0.0
2023-01-09,71,37.8,45.2,33.5,31.2,36.3,25.9,11.1,19.7,282,2023-01-09T08:19,2023-01-09T17:46,33999.27,25988.02,1.50,1.20,0.21,5.0
2023-01-10,3,37.0,43.5,32.4,29.9,36.0,24.7,9.0,16.3,286,2023-01-10T08:19,2023-01-10T17:47,34073.88,16781.97,0.00,0.00,0.00,0.0
2023-01-11,3,34.1,39.2,30.1,26.7,31.9,21.7,8.5,14.1,45,2023-01-11T08:19,2023-01-11T17:48,34151.56,21982.19,0.00,0.00,0.00,0.0
2023-01-12,63,41.7,49.7,31.2,36.0,47.1,24.2,13.0,20.8,116,2023-01-12T08:19,2023-01-12T17:49,34232.21,0.00,11.90,11.90,0.00,13.0
2023-01-13,51,48.9,55.0,37.8,41.9,50.3,27.0,16.8,28.6,246,2023-01-13T08:18,2023-01-13T17:50,34315.70,7200.00,1.60,1.60,0.00,9.0
2023-01-14,3,34.1,37.4,31.3,22.5,27.0,19.2,16.3,27.3,351,2023-01-14T08:18,2023-01-14T17:51,34401.92,0.00,0.00,0.00,0.00,0.0
2023-01-15,3,33.4,41.4,29.1,20.3,28.8,15.4,21.0,35.1,354,2023-01-15T08:18,2023-01-15T17:52,34490.77,30338.49,0.00,0.00,0.00,0.0
2023-01-16,1,35.0,46.9,27.9,24.7,38.4,15.2,16.3,27.7,337,2023-01-16T08:17,2023-01-16T17:54,34582.11,30235.90,0.00,0.00,0.00,0.0
2023-01-17,53,36.7,45.6,28.6,29.6,38.5,20.9,8.3,15.2,249,2023-01-17T08:17,2023-01-17T17:55,34675.86,13726.81,1.40,1.40,0.00,2.0
2023-01-18,53,44.2,51.6,37.5,37.1,42.9,31.2,15.8,27.3,281,2023-01-18T08:16,2023-01-18T17:56,34772.23,26464.98,1.70,1.70,0.00,4.0
2023-01-19,63,39.4,42.3,36.5,33.9,36.7,30.8,10.1,28.9,44,2023-01-19T08:16,2023-01-19T17:57,34872.23,0.00,23.50,23.50,0.00,15.0
2023-01-20,53,42.0,48.4,35.5,34.2,37.7,28.5,19.0,32.0,287,2023-01-20T08:15,2023-01-20T17:58,34975.77,21110.71,0.60,0.60,0.00,1.0
2023-01-21,51,37.2,43.2,28.8,29.3,35.8,22.0,12.4,21.9,318,2023-01-21T08:14,2023-01-21T17:59,35082.63,25200.00,0.20,0.20,0.00,2.0
2023-01-22,61,34.8,42.3,26.1,28.0,36.0,19.2,9.8,24.8,105,2023-01-22T08:14,2023-01-22T18:00,35192.66,16024.79,5.40,5.40,0.00,5.0
2023-01-23,73,36.6,37.7,34.4,27.9,30.4,24.5,15.5,25.5,331,2023-01-23T08:13,2023-01-23T18:02,35305.64,1000.81,16.90,16.50,0.28,20.0
2023-01-24,3,36.4,46.1,30.3,27.5,34.6,21.9,17.2,29.3,272,2023-01-24T08:12,2023-01-24T18:03,35421.42,27688.57,0.00,0.00,0.00,0.0
2023-01-25,73,36.2,51.3,27.9,28.7,41.2,21.3,27.8,51.9,118,2023-01-25T08:12,2023-01-25T18:04,35539.80,0.00,20.00,19.40,0.42,10.0
2023-01-26,63,45.7,53.6,37.5,36.2,50.1,28.5,22.4,44.5,256,2023-01-26T08:11,2023-01-26T18:05,35660.61,31375.11,14.50,14.50,0.00,8.0
2023-01-27,3,36.1,43.2,29.4,28.1,33.7,22.9,11.9,20.8,251,2023-01-27T08:10,2023-01-27T18:07,35783.69,28045.05,0.00,0.00,0.00,0.0
2023-01-28,3,40.1,51.8,30.7,31.8,42.0,22.5,14.8,26.4,230,2023-01-28T08:09,2023-01-28T18:08,35908.86,26916.09,0.00,0.00,0.00,0.0
2023-01-29,3,42.3,51.1,32.4,35.2,42.5,25.5,14.0,22.8,213,2023-01-29T08:08,2023-01-29T18:09,36035.94,9702.51,0.00,0.00,0.00,0.0
2023-01-30,3,43.2,53.2,36.6,38.1,48.0,31.3,8.2,14.1,227,2023-01-30T08:07,2023-01-30T18:10,36164.79,26784.27,0.00,0.00,0.00,0.0
2023-01-31,73,38.3,43.9,33.1,30.9,39.1,23.3,11.9,21.0,340,2023-01-31T08:07,2023-01-31T18:12,36295.23,1459.96,2.50,1.90,0.42,8.0
2023-02-01,73,31.1,37.9,26.3,22.5,29.0,17.6,10.3,17.4,346,2023-02-01T08:06,2023-02-01T18:13,36427.11,32099.59,1.60,0.00,1.12,5.0
2023-02-02,3,31.8,39.6,24.3,23.5,28.7,16.8,11.9,21.0,233,2023-02-02T08:05,2023-02-02T18:14,36560.28,32067.64,0.00,0.00,0.00,0.0
2023-02-03,3,24.3,32.7,13.0,10.0,22.3,-5.2,26.2,42.5,300,2023-02-03T08:04,2023-02-03T18:15,36694.58,33250.05,0.00,0.00,0.00,0.0
2023-02-04,3,15.0,25.2,2.5,2.7,14.5,-10.7,24.7,42.5,292,2023-02-04T08:03,2023-02-04T18:16,36829.87,33395.68,0.00,0.00,0.00,0.0
2023-02-05,3,34.6,48.6,23.7,25.4,38.6,13.5,11.9,20.8,213,2023-02-05T08:02,2023-02-05T18:18,36965.99,29314.56,0.00,0.00,0.00,0.0
2023-02-06,3,39.7,50.5,30.5,31.2,39.8,23.1,18.2,30.2,345,2023-02-06T08:00,2023-02-06T18:19,37102.81,29169.44,0.00,0.00,0.00,0.0
2023-02-07,71,32.9,38.8,24.9,24.6,30.8,16.2,13.4,23.7,126,2023-02-07T07:59,2023-02-07T18:20,37240.62,24573.21,2.60,2.40,0.14,2.0
2023-02-08,53,40.9,51.0,34.2,33.8,42.9,27.7,14.0,24.6,292,2023-02-08T07:58,2023-02-08T18:21,37380.67,33986.47,0.70,0.70,0.00,2.0
2023-02-09,3,40.6,52.2,29.0,34.6,47.1,22.6,13.0,23.3,157,2023-02-09T07:57,2023-02-09T18:23,37522.92,547.01,0.00,0.00,0.00,0.0
2023-02-10,3,52.3,57.6,43.0,45.1,50.2,34.5,17.5,29.3,263,2023-02-10T07:56,2023-02-10T18:24,37667.19,34292.50,0.00,0.00,0.00,0.0
2023-02-11,3,38.8,44.3,33.0,30.1,36.4,23.5,14.6,24.4,307,2023-02-11T07:55,2023-02-11T18:25,37813.31,34448.21,0.00,0.00,0.00,0.0
2023-02-12,73,37.3,44.5,31.2,31.1,38.3,25.0,11.6,18.3,37,2023-02-12T07:53,2023-02-12T18:26,37961.13,12908.42,0.80,0.20,0.42,1.0
2023-02-13,73,44.0,56.2,36.7,34.8,48.1,25.9,14.8,23.5,334,2023-02-13T07:52,2023-02-13T18:27,38110.48,34748.97,1.80,1.30,0.35,4.0
2023-02-14,3,43.5,52.7,36.8,34.7,44.9,26.7,14.4,23.7,288,2023-02-14T07:51,2023-02-14T18:29,38261.21,34831.12,0.00,0.00,0.00,0.0
2023-02-15,3,50.5,62.8,37.7,43.1,55.1,31.6,16.7,28.2,204,2023-02-15T07:50,2023-02-15T18:30,38413.17,29577.46,0.00,0.00,0.00,0.0
2023-02-16,61,55.0,66.8,48.8,51.0,64.9,43.2,10.9,19.0,226,2023-02-16T07:48,2023-02-16T18:31,38566.21,20147.54,2.90,2.90,0.00,3.0
2023-02-17,61,49.7,59.9,32.8,43.1,55.7,19.9,21.0,41.4,269,2023-02-17T07:47,2023-02-17T18:32,38720.18,747.39,8.10,8.10,0.00,9.0
2023-02-18,2,33.8,42.5,27.4,24.0,33.0,16.7,17.9,30.2,285,2023-02-18T07:45,2023-02-18T18:34,38874.95,35212.32,0.00,0.00,0.00,0.0
2023-02-19,3,39.4,46.8,31.5,31.6,38.7,24.7,18.5,30.6,187,2023-02-19T07:44,2023-02-19T18:35,39030.36,19242.29,0.00,0.00,0.00,0.0
2023-02-20,3,48.3,59.8,42.2,42.4,52.1,37.6,15.7,25.9,256,2023-02-20T07:43,2023-02-20T18:36,39186.28,14400.00,0.00,0.00,0.00,0.0
2023-02-21,73,40.1,47.2,35.8,34.1,42.5,28.6,11.0,25.7,32,2023-02-21T07:41,2023-02-21T18:37,39342.58,5644.65,7.10,6.50,0.42,7.0
2023-02-22,73,36.7,42.3,30.7,30.3,36.6,24.1,9.3,16.3,360,2023-02-22T07:40,2023-02-22T18:38,39499.11,9994.75,4.40,4.00,0.28,10.0
2023-02-23,51,40.4,46.1,36.9,34.0,40.7,29.4,10.0,17.2,63,2023-02-23T07:38,2023-02-23T18:39,39655.76,18246.33,0.60,0.60,0.00,2.0
2023-02-24,3,39.3,45.6,28.4,29.2,37.0,17.6,21.9,36.5,321,2023-02-24T07:37,2023-02-24T18:41,39812.38,36175.37,0.00,0.00,0.00,0.0
2023-02-25,71,26.8,32.6,22.2,18.5,25.8,12.9,12.3,21.9,347,2023-02-25T07:36,2023-02-25T18:42,39968.86,0.00,0.70,0.00,0.49,6.0
2023-02-26,3,36.2,50.5,25.3,27.9,39.7,18.5,21.6,37.6,247,2023-02-26T07:34,2023-02-26T18:43,40125.05,36478.30,0.00,0.00,0.00,0.0
2023-02-27,75,35.0,41.1,28.3,26.7,35.4,20.3,14.7,24.4,100,2023-02-27T07:33,2023-02-27T18:44,40281.25,33306.64,3.80,0.10,2.59,4.0
2023-02-28,75,34.0,36.0,31.2,26.5,30.5,23.1,15.4,26.2,47,2023-02-28T07:31,2023-02-28T18:45,40438.69,0.00,13.10,2.70,7.28,18.0
2023-03-01,75,35.7,42.7,27.7,28.4,36.9,20.1,13.7,26.8,106,2023-03-01T07:30,2023-03-01T18:46,40597.34,36550.64,3.40,0.90,1.75,5.0
2023-03-02,53,44.4,56.9,36.2,37.9,50.0,32.1,14.4,24.8,331,2023-03-02T07:28,2023-03-02T18:48,40757.06,19049.97,1.50,1.50,0.00,4.0
2023-03-03,61,38.1,45.7,29.4,30.2,37.8,23.2,18.9,30.4,76,2023-03-03T07:27,2023-03-03T18:49,40917.75,22620.33,2.80,2.80,0.00,5.0
2023-03-04,65,41.9,45.0,38.0,33.6,37.0,29.7,23.9,42.7,19,2023-03-04T07:25,2023-03-04T18:50,41079.27,3600.00,41.80,41.80,0.00,10.0
2023-03-05,3,42.1,54.2,31.5,34.1,44.1,25.1,17.0,29.5,305,2023-03-05T07:23,2023-03-05T18:51,41241.52,37465.31,0.00,0.00,0.00,0.0
2023-03-06,3,42.7,50.5,34.7,34.3,40.8,26.8,14.4,25.5,306,2023-03-06T07:22,2023-03-06T18:52,41404.38,37660.01,0.00,0.00,0.00,0.0
2023-03-07,73,38.8,45.6,34.2,28.2,34.6,22.1,22.6,38.9,318,2023-03-07T07:20,2023-03-07T18:53,41567.72,33570.54,2.70,0.20,1.75,7.0
2023-03-08,3,37.4,49.2,28.4,26.4,37.7,16.3,21.5,36.5,338,2023-03-08T07:19,2023-03-08T18:54,41731.45,37906.29,0.00,0.00,0.00,0.0
2023-03-09,3,40.0,51.0,31.3,31.1,41.7,21.6,13.8,24.2,342,2023-03-09T07:17,2023-03-09T18:55,41895.43,37406.07,0.00,0.00,0.00,0.0
2023-03-10,63,38.1,45.6,29.9,31.3,39.3,22.3,10.4,17.0,65,2023-03-10T07:15,2023-03-10T18:56,42059.56,20005.32,7.30,7.30,0.00,6.0
2023-03-11,75,39.8,44.8,35.3,31.7,36.3,26.0,16.0,28.2,13,2023-03-11T07:14,2023-03-11T18:58,42223.74,11575.85,13.10,11.20,1.33,14.0
2023-03-12,3,38.3,46.3,30.3,30.9,40.4,22.0,11.9,19.5,356,2023-03-12T07:12,2023-03-12T18:59,42387.84,30261.13,0.00,0.00,0.00,0.0
2023-03-13,61,40.5,42.8,38.7,34.0,35.6,32.0,12.8,20.8,67,2023-03-13T07:10,2023-03-13T19:00,42551.77,0.00,16.70,16.70,0.00,23.0
2023-03-14,73,36.0,38.3,34.2,23.5,29.8,20.2,27.5,47.2,296,2023-03-14T07:09,2023-03-14T19:01,42715.40,0.00,12.20,8.00,2.94,23.0
2023-03-15,3,38.1,44.9,33.7,24.5,31.0,19.3,24.1,40.7,308,2023-03-15T07:07,2023-03-15T19:02,42878.63,33077.45,0.00,0.00,0.00,0.0
2023-03-16,3,42.1,56.3,29.8,33.8,48.3,21.3,12.3,22.1,283,2023-03-16T07:06,2023-03-16T19:03,43041.36,38933.27,0.00,0.00,0.00,0.0
2023-03-17,3,47.5,58.0,36.7,41.4,51.3,30.0,13.8,21.7,201,2023-03-17T07:04,2023-03-17T19:04,43203.46,18236.39,0.00,0.00,0.00,0.0
2023-03-18,51,45.9,52.1,37.7,37.9,46.6,30.3,16.2,27.3,290,2023-03-18T07:02,2023-03-18T19:05,43364.83,40068.14,0.70,0.70,0.00,3.0
2023-03-19,3,34.3,38.9,27.2,23.2,28.3,16.0,17.0,30.2,279,2023-03-19T07:01,2023-03-19T19:06,43525.74,40357.99,0.00,0.00,0.00,0.0
2023-03-20,0,37.9,51.4,26.3,29.9,41.9,19.1,11.1,21.0,236,2023-03-20T06:59,2023-03-20T19:07,43687.30,40520.27,0.00,0.00,0.00,0.0
2023-03-21,3,45.6,60.6,30.5,37.9,51.7,23.6,12.5,23.3,242,2023-03-21T06:57,2023-03-21T19:08,43849.50,40682.96,0.00,0.00,0.00,0.0
2023-03-22,3,46.3,56.1,36.4,39.7,50.1,29.7,14.4,24.2,184,2023-03-22T06:56,2023-03-22T19:09,44012.24,29659.48,0.00,0.00,0.00,0.0
2023-03-23,61,51.5,59.1,41.6,47.1,55.7,36.7,15.2,25.1,230,2023-03-23T06:54,2023-03-23T19:10,44175.43,13393.94,2.80,2.80,0.00,4.0
2023-03-24,51,47.8,55.7,42.3,41.8,51.6,34.4,11.9,19.9,326,2023-03-24T06:52,2023-03-24T19:12,44338.95,18000.00,0.20,0.20,0.00,2.0
2023-03-25,63,42.3,45.7,37.5,34.8,39.8,31.4,19.5,31.8,72,2023-03-25T06:51,2023-03-25T19:13,44502.72,0.00,11.50,11.50,0.00,10.0
2023-03-26,3,49.0,59.3,38.0,41.7,52.0,32.4,15.2,26.8,272,2023-03-26T06:49,2023-03-26T19:14,44666.62,41498.89,0.00,0.00,0.00,0.0
2023-03-27,61,46.2,58.9,36.8,39.8,52.7,30.4,14.7,26.2,70,2023-03-27T06:47,2023-03-27T19:15,44830.57,30767.49,2.60,2.60,0.00,3.0
2023-03-28,51,44.0,52.3,37.8,37.6,46.2,32.4,13.1,24.2,350,2023-03-28T06:46,2023-03-28T19:16,44994.46,19435.37,0.60,0.60,0.00,3.0
2023-03-29,3,41.7,52.0,32.1,34.7,47.5,25.5,15.0,25.3,188,2023-03-29T06:44,2023-03-29T19:17,45158.18,41986.82,0.00,0.00,0.00,0.0
2023-03-30,51,38.1,45.8,29.6,28.2,36.9,18.0,17.7,30.0,309,2023-03-30T06:42,2023-03-30T19:18,45321.63,42148.58,0.10,0.10,0.00,1.0
2023-03-31,3,42.9,50.3,30.7,36.6,45.6,23.8,18.2,31.8,167,2023-03-31T06:41,2023-03-31T19:19,45484.71,21796.87,0.00,0.00,0.00,0.0
2023-04-01,63,58.9,67.6,49.5,54.3,63.6,46.3,16.6,32.7,225,2023-04-01T06:39,2023-04-01T19:20,45647.31,13789.95,10.10,10.10,0.00,13.0
2023-04-02,3,44.7,51.3,38.0,34.5,42.0,27.3,21.9,38.9,311,2023-04-02T06:37,2023-04-02T19:21,45809.33,42629.83,0.00,0.00,0.00,0.0
2023-04-03,3,44.9,56.3,31.9,37.7,48.3,24.7,19.2,33.1,157,2023-04-03T06:36,2023-04-03T19:22,45970.66,42788.56,0.00,0.00,0.00,0.0
2023-04-04,3,56.1,65.8,42.9,54.2,65.9,39.3,10.4,20.1,168,2023-04-04T06:34,2023-04-04T19:23,46131.19,38117.73,0.00,0.00,0.00,0.0
2023-04-05,51,53.3,56.7,49.0,49.4,54.6,43.8,12.7,21.7,74,2023-04-05T06:33,2023-04-05T19:24,46290.81,294.95,0.40,0.40,0.00,4.0
2023-04-06,61,62.1,79.9,51.3,61.8,78.1,50.2,11.6,21.3,253,2023-04-06T06:31,2023-04-06T19:25,46449.40,39600.00,3.30,3.30,0.00,5.0
2023-04-07,3,52.3,57.3,44.5,44.0,53.6,33.7,13.6,23.0,319,2023-04-07T06:29,2023-04-07T19:26,46606.86,6083.74,0.00,0.00,0.00,0.0
2023-04-08,3,43.1,50.9,35.3,36.2,47.7,28.3,12.3,20.6,314,2023-04-08T06:28,2023-04-08T19:27,46763.43,34193.01,0.00,0.00,0.00,0.0
2023-04-09,3,43.7,53.3,34.3,37.3,50.3,28.2,15.0,26.8,136,2023-04-09T06:26,2023-04-09T19:28,46920.16,43200.00,0.00,0.00,0.00,0.0
2023-04-10,0,48.6,64.3,36.1,43.5,61.0,30.8,11.7,21.3,214,2023-04-10T06:25,2023-04-10T19:29,47077.07,43200.00,0.00,0.00,0.00,0.0
2023-04-11,3,58.9,73.6,43.8,51.1,65.4,36.6,16.1,28.2,249,2023-04-11T06:23,2023-04-11T19:30,47234.03,40327.97,0.00,0.00,0.00,0.0
2023-04-12,3,69.0,81.7,60.2,62.8,76.1,51.1,15.0,27.3,282,2023-04-12T06:22,2023-04-12T19:31,47390.95,35749.15,0.00,0.00,0.00,0.0
2023-04-13,0,71.9,88.2,53.7,68.1,85.1,50.0,12.8,21.5,266,2023-04-13T06:20,2023-04-13T19:33,47547.73,43361.85,0.00,0.00,0.00,0.0
2023-04-14,3,71.8,85.5,57.1,68.9,85.2,52.4,11.9,21.3,212,2023-04-14T06:18,2023-04-14T19:34,47704.25,43366.13,0.00,0.00,0.00,0.0
2023-04-15,63,63.9,69.9,58.4,64.0,71.2,59.1,12.1,23.0,160,2023-04-15T06:17,2023-04-15T19:35,47860.41,25843.79,5.00,5.00,0.00,6.0
2023-04-16,3,60.6,69.9,54.3,60.3,71.6,51.8,11.0,21.3,136,2023-04-16T06:15,2023-04-16T19:36,48016.11,32457.37,0.00,0.00,0.00,0.0
2023-04-17,63,58.2,68.3,53.1,54.4,65.2,47.1,15.2,26.8,232,2023-04-17T06:14,2023-04-17T19:37,48171.23,21694.71,3.10,3.10,0.00,5.0
2023-04-18,51,52.4,58.2,45.0,42.5,47.6,35.8,22.7,42.3,267,2023-04-18T06:12,2023-04-18T19:38,48325.65,37905.72,0.10,0.10,0.00,1.0
2023-04-19,3,50.8,63.7,39.9,43.7,56.4,34.1,15.2,28.6,284,2023-04-19T06:11,2023-04-19T19:39,48479.27,43749.86,0.00,0.00,0.00,0.0
2023-04-20,3,51.0,60.8,42.6,46.4,59.5,37.2,10.1,19.2,98,2023-04-20T06:09,2023-04-20T19:40,48631.95,43930.61,0.00,0.00,0.00,0.0
2023-04-21,3,55.8,66.5,46.8,52.2,63.3,43.7,14.9,26.8,107,2023-04-21T06:08,2023-04-21T19:41,48783.59,44297.93,0.00,0.00,0.00,0.0
2023-04-22,63,57.9,67.7,50.0,54.4,66.8,46.5,19.0,32.4,115,2023-04-22T06:06,2023-04-22T19:42,48934.06,39073.76,15.70,15.70,0.00,6.0
2023-04-23,63,58.5,66.7,52.4,55.0,62.6,45.2,12.8,22.4,289,2023-04-23T06:05,2023-04-23T19:43,49083.24,28773.89,18.40,18.40,0.00,14.0
2023-04-24,3,52.4,61.3,43.5,46.6,56.2,37.8,11.8,22.6,287,2023-04-24T06:04,2023-04-24T19:44,49230.98,44977.26,0.00,0.00,0.00,0.0
2023-04-25,51,50.8,59.5,42.2,45.4,53.2,36.7,8.2,15.9,316,2023-04-25T06:02,2023-04-25T19:45,49377.18,43693.88,0.30,0.30,0.00,3.0
2023-04-26,53,50.1,57.2,43.2,45.6,53.6,38.9,13.7,24.6,138,2023-04-26T06:01,2023-04-26T19:46,49521.68,37593.50,0.90,0.90,0.00,3.0
2023-04-27,51,51.3,56.5,45.4,47.6,52.4,41.8,10.4,20.4,146,2023-04-27T05:59,2023-04-27T19:47,49664.36,35145.16,0.70,0.70,0.00,6.0
2023-04-28,61,49.8,55.7,44.4,44.1,48.4,40.4,14.5,25.3,82,2023-04-28T05:58,2023-04-28T19:48,49805.42,3384.38,6.10,6.10,0.00,8.0
2023-04-29,63,51.5,54.2,47.9,45.8,51.0,40.5,19.1,32.4,74,2023-04-29T05:57,2023-04-29T19:49,49945.89,0.00,59.50,59.50,0.00,23.0
2023-04-30,63,55.1,59.0,51.1,52.2,57.5,45.8,17.1,28.6,72,2023-04-30T05:55,2023-04-30T19:50,50085.75,541.66,22.20,22.20,0.00,15.0
2023-05-01,53,54.9,60.4,45.8,47.2,57.4,36.8,24.0,40.0,242,2023-05-01T05:54,2023-05-01T19:51,50224.89,44891.93,1.80,1.80,0.00,7.0
2023-05-02,51,50.9,56.4,47.3,44.5,47.7,41.4,16.7,28.9,241,2023-05-02T05:53,2023-05-02T19:52,50363.18,30021.62,0.80,0.80,0.00,4.0
2023-05-03,51,49.2,54.8,42.5,44.1,49.2,37.5,9.2,17.4,258,2023-05-03T05:52,2023-05-03T19:53,50500.51,40324.72,0.70,0.70,0.00,7.0
2023-05-04,53,50.5,58.2,43.6,46.2,53.9,38.0,10.1,17.9,6,2023-05-04T05:50,2023-05-04T19:55,50636.77,39163.44,1.70,1.70,0.00,8.0
2023-05-05,63,53.0,63.0,44.6,50.3,61.4,41.1,7.4,15.2,341,2023-05-05T05:49,2023-05-05T19:56,50771.84,45945.89,3.50,3.50,0.00,3.0
2023-05-06,3,57.8,70.1,44.1,54.1,66.2,40.4,11.8,21.5,313,2023-05-06T05:48,2023-05-06T19:57,50905.57,45133.04,0.00,0.00,0.00,0.0
2023-05-07,3,61.6,75.0,48.9,58.5,74.1,44.3,13.7,24.4,268,2023-05-07T05:47,2023-05-07T19:58,51037.86,42241.78,0.00,0.00,0.00,0.0
2023-05-08,3,64.9,74.8,55.3,62.2,71.5,53.6,13.2,23.7,323,2023-05-08T05:46,2023-05-08T19:59,51168.57,47771.97,0.00,0.00,0.00,0.0
2023-05-09,3,57.6,66.9,49.7,53.0,66.7,45.3,13.5,24.4,55,2023-05-09T05:45,2023-05-09T20:00,51297.57,44934.09,0.00,0.00,0.00,0.0
2023-05-10,1,57.9,70.3,45.0,55.2,68.8,41.3,12.3,22.4,243,2023-05-10T05:44,2023-05-10T20:01,51424.73,48011.15,0.00,0.00,0.00,0.0
2023-05-11,3,64.3,77.9,49.4,61.7,78.8,46.2,13.5,24.2,242,2023-05-11T05:42,2023-05-11T20:02,51549.90,48127.79,0.00,0.00,0.00,0.0
2023-05-12,3,70.2,85.4,55.6,69.1,84.0,53.1,9.5,16.8,236,2023-05-12T05:41,2023-05-12T20:03,51672.95,48242.33,0.00,0.00,0.00,0.0
2023-05-13,3,71.8,81.5,63.9,69.1,80.2,57.5,12.3,21.3,305,2023-05-13T05:40,2023-05-13T20:04,51793.73,19739.38,0.00,0.00,0.00,0.0
2023-05-14,3,63.8,73.4,54.9,58.6,69.8,48.5,13.7,22.4,354,2023-05-14T05:39,2023-05-14T20:05,51912.10,46864.76,0.00,0.00,0.00,0.0
2023-05-15,3,63.7,77.8,49.6,57.9,73.2,44.5,11.6,19.0,290,2023-05-15T05:38,2023-05-15T20:06,52027.91,48571.91,0.00,0.00,0.00,0.0
2023-05-16,3,68.7,82.1,55.2,62.7,74.0,50.0,15.5,25.7,248,2023-05-16T05:38,2023-05-16T20:07,52141.00,46965.51,0.00,0.00,0.00,0.0
2023-05-17,3,59.4,65.9,51.3,51.6,62.1,43.0,16.4,28.9,336,2023-05-17T05:37,2023-05-17T20:08,52251.24,48778.66,0.00,0.00,0.00,0.0
2023-05-18,0,52.1,57.8,44.5,46.3,54.4,38.4,13.7,25.3,136,2023-05-18T05:36,2023-05-18T20:08,52358.77,48878.21,0.00,0.00,0.00,0.0
2023-05-19,3,58.9,67.4,51.1,54.4,63.6,48.5,20.5,35.6,163,2023-05-19T05:35,2023-05-19T20:09,52464.43,46182.43,0.00,0.00,0.00,0.0
2023-05-20,63,60.6,63.9,56.7,60.8,67.6,53.7,9.9,19.0,125,2023-05-20T05:34,2023-05-20T20:10,52568.20,0.00,26.90,26.90,0.00,15.0
2023-05-21,53,63.3,71.5,55.6,59.7,67.3,50.6,14.3,25.1,318,2023-05-21T05:33,2023-05-21T20:11,52669.98,34739.24,0.60,0.60,0.00,2.0
2023-05-22,51,62.5,73.6,54.3,60.7,74.4,52.2,12.8,22.4,64,2023-05-22T05:33,2023-05-22T20:12,52769.66,49257.48,0.20,0.20,0.00,2.0
2023-05-23,3,58.3,67.2,52.2,56.2,68.4,50.9,13.4,25.1,122,2023-05-23T05:32,2023-05-23T20:13,52867.14,49347.16,0.00,0.00,0.00,0.0
2023-05-24,53,60.3,71.6,50.0,57.8,71.5,47.3,15.5,25.1,81,2023-05-24T05:31,2023-05-24T20:14,52962.30,43205.23,0.70,0.70,0.00,2.0
2023-05-25,3,58.6,66.7,50.4,52.5,62.3,42.2,16.1,26.6,10,2023-05-25T05:30,2023-05-25T20:15,53055.04,49519.74,0.00,0.00,0.00,0.0
2023-05-26,1,61.2,72.2,50.3,57.8,68.1,47.2,9.5,18.6,17,2023-05-26T05:30,2023-05-26T20:16,53145.24,49602.43,0.00,0.00,0.00,0.0
2023-05-27,3,63.1,76.0,50.0,60.1,76.6,45.9,12.5,21.7,162,2023-05-27T05:29,2023-05-27T20:17,53232.80,49654.61,0.00,0.00,0.00,0.0
2023-05-28,3,64.1,74.7,53.1,61.2,73.8,50.6,12.4,22.1,191,2023-05-28T05:29,2023-05-28T20:17,53317.61,49700.76,0.00,0.00,0.00,0.0
2023-05-29,3,65.5,76.6,57.0,62.5,78.0,55.2,17.7,30.6,111,2023-05-29T05:28,2023-05-29T20:18,53399.55,49745.91,0.00,0.00,0.00,0.0
2023-05-30,0,60.3,68.8,53.3,57.8,71.0,49.9,11.5,22.8,98,2023-05-30T05:28,2023-05-30T20:19,53478.49,49789.97,0.00,0.00,0.00,0.0
2023-05-31,1,61.1,72.9,51.5,60.5,74.9,50.0,9.5,18.3,117,2023-05-31T05:27,2023-05-31T20:20,53554.34,49832.88,0.00,0.00,0.00,0.0
2023-06-01,3,67.3,81.5,54.3,68.4,84.7,54.6,10.8,20.4,161,2023-06-01T05:27,2023-06-01T20:20,53626.97,49874.54,0.00,0.00,0.00,0.0
2023-06-02,3,72.4,87.5,59.4,73.6,92.5,58.2,10.6,20.8,152,2023-06-02T05:26,2023-06-02T20:21,53696.28,49914.86,0.00,0.00,0.00,0.0
2023-06-03,61,65.3,68.4,57.6,62.8,68.8,51.8,13.8,25.1,64,2023-06-03T05:26,2023-06-03T20:22,53762.13,13782.85,3.50,3.50,0.00,3.0
2023-06-04,51,60.1,70.8,51.0,54.7,62.8,47.4,15.5,26.4,21,2023-06-04T05:25,2023-06-04T20:23,53824.43,41732.02,0.10,0.10,0.00,1.0
2023-06-05,3,64.3,75.4,53.0,60.4,71.3,50.3,13.3,23.9,337,2023-06-05T05:25,2023-06-05T20:23,53883.04,34614.54,0.00,0.00,0.00,0.0
2023-06-06,51,67.4,78.6,58.5,62.9,76.7,54.3,21.1,35.3,321,2023-06-06T05:25,2023-06-06T20:24,53937.86,50061.00,0.20,0.20,0.00,1.0
2023-06-07,2,66.1,77.4,56.0,60.9,72.5,51.8,13.2,23.7,307,2023-06-07T05:25,2023-06-07T20:24,53988.93,50093.82,0.00,0.00,0.00,0.0
2023-06-08,2,62.4,72.5,51.4,59.5,68.3,48.3,12.0,22.6,296,2023-06-08T05:24,2023-06-08T20:25,54036.67,50125.78,0.00,0.00,0.00,0.0
2023-06-09,53,62.6,73.3,53.2,60.8,71.7,51.5,12.4,22.1,297,2023-06-09T05:24,2023-06-09T20:26,54081.10,49856.16,0.90,0.90,0.00,2.0
2023-06-10,51,66.5,79.6,54.3,64.7,77.0,52.7,11.2,21.7,298,2023-06-10T05:24,2023-06-10T20:26,54122.16,47804.06,0.20,0.20,0.00,2.0
2023-06-11,3,70.5,81.0,61.7,70.4,83.0,60.7,11.5,21.9,162,2023-06-11T05:24,2023-06-11T20:27,54159.85,49607.14,0.00,0.00,0.00,0.0
2023-06-12,63,69.9,75.4,66.8,70.3,76.1,66.8,16.8,29.3,150,2023-06-12T05:24,2023-06-12T20:27,54194.10,22748.18,8.50,8.50,0.00,7.0
2023-06-13,3,70.0,79.7,61.2,68.3,78.2,60.1,13.4,23.0,278,2023-06-13T05:24,2023-06-13T20:28,54224.90,50269.99,0.00,0.00,0.00,0.0
2023-06-14,63,65.4,76.6,58.9,63.9,77.0,57.6,15.0,27.1,212,2023-06-14T05:24,2023-06-14T20:28,54252.23,37186.53,9.50,9.50,0.00,7.0
2023-06-15,3,69.0,79.3,59.2,66.2,75.9,56.0,12.7,22.6,291,2023-06-15T05:24,2023-06-15T20:28,54276.04,47244.36,0.00,0.00,0.00,0.0
2023-06-16,63,66.8,78.7,59.4,67.3,77.8,60.0,11.7,21.9,172,2023-06-16T05:24,2023-06-16T20:29,54296.32,28493.64,10.80,10.80,0.00,6.0
2023-06-17,51,68.2,78.0,58.8,65.4,73.1,57.4,19.7,33.1,320,2023-06-17T05:24,2023-06-17T20:29,54313.03,50361.99,0.10,0.10,0.00,1.0
2023-06-18,3,70.8,79.9,60.5,68.2,76.9,57.2,11.9,21.9,312,2023-06-18T05:24,2023-06-18T20:30,54326.16,40477.95,0.00,0.00,0.00,0.0
2023-06-19,53,69.1,77.6,61.5,70.0,82.3,61.2,12.4,21.9,88,2023-06-19T05:24,2023-06-19T20:30,54335.70,48704.90,1.40,1.40,0.00,3.0
2023-06-20,3,67.3,74.5,61.8,66.7,74.7,62.2,13.2,24.4,100,2023-06-20T05:24,2023-06-20T20:30,54341.60,36260.38,0.00,0.00,0.00,0.0
2023-06-21,51,66.0,73.4,60.1,62.8,69.2,57.7,14.5,25.5,76,2023-06-21T05:25,2023-06-21T20:30,54343.86,33322.77,0.30,0.30,0.00,1.0
2023-06-22,51,64.9,70.1,60.0,62.2,71.5,55.7,15.5,27.1,54,2023-06-22T05:25,2023-06-22T20:31,54342.46,62.59,0.30,0.30,0.00,3.0
2023-06-23,63,67.9,73.4,62.9,69.8,74.7,64.8,13.6,23.9,121,2023-06-23T05:25,2023-06-23T20:31,54337.39,3195.95,12.40,12.40,0.00,9.0
2023-06-24,63,71.1,78.4,66.8,75.6,83.7,69.5,10.5,22.6,168,2023-06-24T05:25,2023-06-24T20:31,54328.64,35312.16,21.20,21.20,0.00,16.0
2023-06-25,53,73.6,83.6,65.7,79.2,91.7,69.3,11.1,20.4,182,2023-06-25T05:26,2023-06-25T20:31,54316.18,49559.37,1.90,1.90,0.00,6.0
2023-06-26,61,71.4,78.2,66.6,75.5,84.2,69.9,12.6,23.3,126,2023-06-26T05:26,2023-06-26T20:31,54300.02,23051.21,4.60,4.60,0.00,7.0
2023-06-27,65,71.3,79.6,67.1,75.9,84.8,70.2,11.7,22.1,171,2023-06-27T05:26,2023-06-27T20:31,54280.08,20008.10,18.70,18.70,0.00,12.0
2023-06-28,53,73.3,83.7,66.2,77.8,88.2,70.3,8.6,17.2,286,2023-06-28T05:27,2023-06-28T20:31,54256.17,40759.07,2.10,2.10,0.00,9.0
2023-06-29,3,72.4,83.7,61.4,73.9,84.0,62.6,8.9,17.2,311,2023-06-29T05:27,2023-06-29T20:31,54228.34,49970.01,0.00,0.00,0.00,0.0
2023-06-30,3,73.6,84.8,63.0,76.7,88.3,65.9,13.1,23.3,176,2023-06-30T05:28,2023-06-30T20:31,54196.68,50400.00,0.00,0.00,0.00,0.0
2023-07-01,3,72.7,80.6,64.0,74.0,82.0,66.1,15.3,27.5,168,2023-07-01T05:28,2023-07-01T20:31,54161.25,49177.14,0.00,0.00,0.00,0.0
2023-07-02,63,76.2,88.4,68.8,81.3,94.7,71.1,12.8,23.7,190,2023-07-02T05:29,2023-07-02T20:31,54122.15,34643.00,16.10,16.10,0.00,21.0
2023-07-03,65,78.2,88.2,72.4,84.9,95.5,77.9,10.4,17.9,238,2023-07-03T05:29,2023-07-03T20:31,54079.46,36570.01,17.80,17.80,0.00,8.0
2023-07-04,61,76.6,85.1,70.5,83.8,94.4,76.8,8.2,17.4,264,2023-07-04T05:30,2023-07-04T20:30,54033.26,47217.92,5.40,5.40,0.00,11.0
2023-07-05,3,79.5,90.3,70.1,87.1,99.9,76.9,9.4,16.8,174,2023-07-05T05:30,2023-07-05T20:30,53983.63,50159.03,0.00,0.00,0.00,0.0
2023-07-06,0,79.0,88.5,70.9,84.9,94.8,76.7,12.4,22.1,170,2023-07-06T05:31,2023-07-06T20:30,53930.66,50306.41,0.00,0.00,0.00,0.0
2023-07-07,51,77.6,85.6,71.5,84.7,94.6,78.5,11.4,22.1,148,2023-07-07T05:32,2023-07-07T20:30,53874.43,38426.64,0.60,0.60,0.00,5.0
2023-07-08,53,78.0,85.5,72.8,85.6,95.2,78.0,9.4,17.0,157,2023-07-08T05:32,2023-07-08T20:29,53815.04,36000.00,4.40,4.40,0.00,12.0
2023-07-09,63,74.0,80.7,71.0,80.1,85.8,75.6,9.3,19.9,150,2023-07-09T05:33,2023-07-09T20:29,53752.56,13032.95,18.50,18.50,0.00,15.0
2023-07-10,53,75.9,83.8,70.5,80.6,85.8,74.6,10.7,19.9,325,2023-07-10T05:34,2023-07-10T20:28,53687.09,45642.85,1.30,1.30,0.00,6.0
2023-07-11,0,76.8,89.3,63.0,80.1,94.0,63.7,6.6,11.4,286,2023-07-11T05:34,2023-07-11T20:28,53618.70,50026.26,0.00,0.00,0.00,0.0
2023-07-12,3,80.3,91.7,67.5,84.2,95.8,70.4,10.1,19.0,245,2023-07-12T05:35,2023-07-12T20:28,53547.49,49960.91,0.00,0.00,0.00,0.0
2023-07-13,51,80.7,89.6,70.5,84.6,91.7,74.1,15.1,25.7,186,2023-07-13T05:36,2023-07-13T20:27,53473.54,49892.98,0.20,0.20,0.00,2.0
2023-07-14,65,76.2,83.0,70.6,82.7,91.4,76.8,12.8,22.8,153,2023-07-14T05:37,2023-07-14T20:27,53396.95,31618.15,36.60,36.60,0.00,9.0
2023-07-15,63,76.7,85.3,69.0,84.6,97.3,74.7,10.4,20.4,148,2023-07-15T05:37,2023-07-15T20:26,53317.79,43134.84,8.00,8.00,0.00,11.0
2023-07-16,65,75.4,79.0,71.5,82.3,87.1,76.3,11.3,21.7,197,2023-07-16T05:38,2023-07-16T20:25,53236.15,5034.75,41.40,41.40,0.00,21.0
2023-07-17,51,78.2,89.4,68.3,84.7,95.8,73.1,10.9,19.9,211,2023-07-17T05:39,2023-07-17T20:25,53151.87,49596.93,0.10,0.10,0.00,1.0
2023-07-18,63,77.1,85.5,70.7,83.3,93.1,76.5,10.6,21.7,203,2023-07-18T05:40,2023-07-18T20:24,53064.23,47432.87,8.30,8.30,0.00,7.0
2023-07-19,55,73.6,81.8,66.0,79.0,88.5,68.8,6.8,14.5,233,2023-07-19T05:41,2023-07-19T20:23,52973.32,31014.88,3.80,3.80,0.00,6.0
2023-07-20,51,75.6,83.6,68.2,80.6,90.3,73.4,9.3,16.6,107,2023-07-20T05:41,2023-07-20T20:23,52879.29,43776.64,0.50,0.50,0.00,3.0
2023-07-21,53,76.0,85.4,71.5,81.6,90.6,75.9,9.7,20.6,198,2023-07-21T05:42,2023-07-21T20:22,52782.26,39170.75,3.50,3.50,0.00,9.0
2023-07-22,3,74.6,83.4,65.6,76.3,86.0,66.0,9.4,16.6,326,2023-07-22T05:43,2023-07-22T20:21,52682.40,49164.14,0.00,0.00,0.00,0.0
2023-07-23,51,75.2,86.4,63.4,77.5,89.7,64.8,12.0,20.4,258,2023-07-23T05:44,2023-07-23T20:20,52579.84,49069.36,0.50,0.50,0.00,3.0
2023-07-24,61,75.9,83.9,65.7,78.4,88.2,66.9,14.4,26.4,182,2023-07-24T05:45,2023-07-24T20:19,52474.71,48972.11,1.90,1.90,0.00,2.0
2023-07-25,63,74.0,83.8,66.8,80.0,91.7,71.3,9.4,19.2,218,2023-07-25T05:46,2023-07-25T20:19,52367.16,39642.41,9.00,9.00,0.00,8.0
2023-07-26,51,75.2,86.4,63.0,79.1,92.6,65.0,13.0,23.0,211,2023-07-26T05:47,2023-07-26T20:18,52257.32,48770.73,0.40,0.40,0.00,3.0
2023-07-27,51,81.2,93.2,72.3,86.5,97.5,76.4,17.1,32.7,223,2023-07-27T05:48,2023-07-27T20:17,52145.32,48666.84,0.70,0.70,0.00,4.0
2023-07-28,3,81.9,93.8,70.7,89.1,99.3,77.1,10.8,19.7,253,2023-07-28T05:49,2023-07-28T20:16,52031.30,48560.93,0.00,0.00,0.00,0.0
2023-07-29,61,82.3,93.2,74.2,86.7,96.7,72.5,20.4,32.4,262,2023-07-29T05:50,2023-07-29T20:15,51915.38,40778.24,4.30,4.30,0.00,4.0
2023-07-30,3,71.8,79.5,64.0,70.2,77.6,62.4,12.2,23.0,335,2023-07-30T05:50,2023-07-30T20:14,51797.70,43498.18,0.00,0.00,0.00,0.0
2023-07-31,2,73.0,85.3,60.2,73.4,86.5,59.9,9.2,18.3,316,2023-07-31T05:51,2023-07-31T20:13,51678.36,48232.43,0.00,0.00,0.00,0.0
2023-08-01,1,71.7,80.9,62.9,70.0,77.7,61.8,11.7,19.5,353,2023-08-01T05:52,2023-08-01T20:12,51557.51,48119.69,0.00,0.00,0.00,0.0
2023-08-02,3,69.9,82.1,58.4,69.0,80.4,57.4,10.5,18.6,356,2023-08-02T05:53,2023-08-02T20:11,51435.25,45015.79,0.00,0.00,0.00,0.0
2023-08-03,51,71.0,79.6,60.3,69.6,79.0,60.1,18.7,32.2,185,2023-08-03T05:54,2023-08-03T20:09,51311.71,46584.53,0.90,0.90,0.00,4.0
2023-08-04,51,73.8,81.7,65.4,74.7,81.6,67.7,13.2,24.2,215,2023-08-04T05:55,2023-08-04T20:08,51187.00,38932.62,0.90,0.90,0.00,4.0
2023-08-05,51,76.2,87.5,65.1,79.1,89.8,69.2,8.0,14.1,358,2023-08-05T05:56,2023-08-05T20:07,51061.23,39690.17,0.20,0.20,0.00,2.0
2023-08-06,3,75.7,86.0,64.8,76.8,88.1,65.6,13.5,23.5,149,2023-08-06T05:57,2023-08-06T20:06,50934.19,47535.96,0.00,0.00,0.00,0.0
2023-08-07,65,75.7,82.1,71.9,79.4,85.1,75.8,19.4,33.6,173,2023-08-07T05:58,2023-08-07T20:05,50804.92,29343.46,37.90,37.90,0.00,16.0
2023-08-08,65,75.2,81.0,71.1,76.8,83.3,70.1,19.0,31.5,260,2023-08-08T05:59,2023-08-08T20:04,50673.49,34629.14,15.20,15.20,0.00,5.0
2023-08-09,51,76.1,85.3,67.7,74.7,84.2,65.8,13.9,26.2,288,2023-08-09T06:00,2023-08-09T20:02,50540.02,47025.53,0.10,0.10,0.00,1.0
2023-08-10,63,71.8,78.1,66.0,75.9,83.3,69.0,9.3,16.8,214,2023-08-10T06:01,2023-08-10T20:01,50404.68,11947.04,11.90,11.90,0.00,9.0
2023-08-11,51,74.3,84.7,64.8,76.3,85.3,67.1,12.5,22.1,282,2023-08-11T06:02,2023-08-11T20:00,50267.59,46585.59,0.10,0.10,0.00,1.0
2023-08-12,63,73.1,82.8,63.0,76.9,88.5,65.5,10.3,20.6,171,2023-08-12T06:03,2023-08-12T19:58,50128.88,39516.02,8.60,8.60,0.00,7.0
2023-08-13,53,77.8,87.4,71.0,82.5,90.6,76.8,12.9,22.6,278,2023-08-13T06:04,2023-08-13T19:57,49988.69,45244.22,2.90,2.90,0.00,7.0
2023-08-14,55,76.3,87.8,65.9,80.0,90.9,69.3,12.7,22.8,211,2023-08-14T06:05,2023-08-14T19:56,49847.15,43789.90,1.30,1.30,0.00,4.0
2023-08-15,65,75.4,80.9,70.4,80.5,86.2,74.6,10.9,20.6,21,2023-08-15T06:06,2023-08-15T19:54,49704.38,28808.07,20.30,20.30,0.00,10.0
2023-08-16,55,73.5,80.1,69.6,79.2,87.5,73.1,9.0,17.9,114,2023-08-16T06:07,2023-08-16T19:53,49560.51,38582.70,4.00,4.00,0.00,9.0
2023-08-17,61,73.4,78.4,68.8,78.4,84.0,74.3,12.6,22.1,121,2023-08-17T06:08,2023-08-17T19:51,49415.66,38034.42,5.90,5.90,0.00,13.0
2023-08-18,61,74.9,80.7,67.5,76.4,81.8,65.2,15.7,25.9,260,2023-08-18T06:09,2023-08-18T19:50,49269.94,40478.75,3.10,3.10,0.00,3.0
2023-08-19,3,69.5,79.7,59.9,67.2,76.8,58.7,13.0,22.6,277,2023-08-19T06:10,2023-08-19T19:49,49123.47,44523.06,0.00,0.00,0.00,0.0
2023-08-20,3,73.0,86.0,59.5,74.3,86.7,60.4,8.9,16.8,261,2023-08-20T06:11,2023-08-20T19:47,48976.36,43857.00,0.00,0.00,0.00,0.0
2023-08-21,51,77.2,88.2,65.4,81.1,94.1,67.6,9.4,17.2,295,2023-08-21T06:12,2023-08-21T19:46,48828.74,42776.47,0.10,0.10,0.00,1.0
2023-08-22,3,72.1,79.2,64.5,70.3,78.7,60.7,14.1,23.7,4,2023-08-22T06:13,2023-08-22T19:44,48680.70,43353.61,0.00,0.00,0.00,0.0
2023-08-23,3,68.9,78.2,61.0,69.0,80.0,60.3,11.2,19.2,57,2023-08-23T06:14,2023-08-23T19:43,48532.34,36516.62,0.00,0.00,0.00,0.0
2023-08-24,53,70.6,76.2,67.4,71.7,74.2,68.8,16.4,28.0,160,2023-08-24T06:15,2023-08-24T19:41,48383.80,2227.95,2.20,2.20,0.00,8.0
2023-08-25,63,74.4,82.6,69.2,78.6,88.0,70.2,12.2,21.3,190,2023-08-25T06:16,2023-08-25T19:40,48235.14,27812.71,11.10,11.10,0.00,9.0
2023-08-26,51,76.6,86.5,68.0,82.1,91.9,73.4,9.2,17.2,350,2023-08-26T06:17,2023-08-26T19:38,48086.16,43200.00,0.40,0.40,0.00,2.0
2023-08-27,51,73.9,83.2,65.4,76.7,86.8,66.6,8.3,17.2,359,2023-08-27T06:18,2023-08-27T19:37,47935.83,43368.15,0.50,0.50,0.00,3.0
2023-08-28,51,71.1,77.2,66.2,74.3,78.9,70.8,11.5,19.9,115,2023-08-28T06:19,2023-08-28T19:35,47784.19,20221.69,1.10,1.10,0.00,4.0
2023-08-29,53,72.8,81.9,64.1,77.1,86.5,67.4,8.4,15.9,96,2023-08-29T06:20,2023-08-29T19:34,47631.37,39280.88,1.60,1.60,0.00,5.0
2023-08-30,53,76.1,85.5,70.0,78.9,86.5,67.4,12.9,22.1,291,2023-08-30T06:21,2023-08-30T19:32,47477.46,36301.15,0.70,0.70,0.00,3.0
2023-08-31,3,69.2,77.4,63.0,65.9,73.9,59.5,14.0,24.6,4,2023-08-31T06:22,2023-08-31T19:30,47322.59,43200.00,0.00,0.00,0.00,0.0
2023-09-01,0,66.2,76.2,56.8,64.3,75.2,53.8,8.5,14.8,42,2023-09-01T06:23,2023-09-01T19:29,47166.86,43293.71,0.00,0.00,0.00,0.0
2023-09-02,3,67.7,80.7,55.5,67.5,81.3,54.2,15.0,26.2,201,2023-09-02T06:24,2023-09-02T19:27,47010.37,43070.86,0.00,0.00,0.00,0.0
2023-09-03,51,77.6,90.4,64.6,79.8,93.1,65.6,10.4,20.1,274,2023-09-03T06:25,2023-09-03T19:25,46853.24,43130.48,0.30,0.30,0.00,2.0
2023-09-04,55,80.7,93.1,67.9,84.8,97.2,72.5,11.2,19.9,324,2023-09-04T06:26,2023-09-04T19:24,46695.57,41178.81,1.20,1.20,0.00,1.0
2023-09-05,3,82.8,95.8,72.0,89.0,100.7,76.9,8.8,15.9,354,2023-09-05T06:27,2023-09-05T19:22,46537.45,41671.95,0.00,0.00,0.00,0.0
2023-09-06,3,84.2,96.8,73.5,90.5,101.0,80.0,5.9,13.0,329,2023-09-06T06:28,2023-09-06T19:20,46378.99,42836.78,0.00,0.00,0.00,0.0
2023-09-07,63,82.1,95.6,71.0,87.2,101.5,76.4,11.5,21.7,221,2023-09-07T06:29,2023-09-07T19:19,46220.29,40510.55,3.80,3.80,0.00,2.0
2023-09-08,63,77.5,89.2,68.9,84.4,98.6,75.3,10.0,20.6,150,2023-09-08T06:30,2023-09-08T19:17,46061.44,31763.07,14.30,14.30,0.00,8.0
2023-09-09,63,74.9,84.8,69.5,81.5,92.6,73.9,7.9,17.7,88,2023-09-09T06:31,2023-09-09T19:15,45902.54,22195.36,8.50,8.50,0.00,9.0
2023-09-10,63,71.6,76.4,67.5,77.6,81.7,73.5,6.7,15.0,26,2023-09-10T06:31,2023-09-10T19:14,45743.69,9630.55,16.50,16.50,0.00,10.0
2023-09-11,61,73.3,81.9,68.0,79.4,88.9,73.0,6.5,13.9,43,2023-09-11T06:32,2023-09-11T19:12,45584.98,33047.02,4.40,4.40,0.00,12.0
2023-09-12,51,73.7,84.3,66.6,78.0,87.1,70.1,7.4,13.0,297,2023-09-12T06:33,2023-09-12T19:10,45426.50,41763.50,0.20,0.20,0.00,2.0
2023-09-13,63,72.3,80.1,67.7,77.3,84.7,72.7,7.4,15.4,242,2023-09-13T06:34,2023-09-13T19:09,45268.34,24869.70,17.10,17.10,0.00,14.0
2023-09-14,3,68.7,77.2,62.9,67.7,75.8,59.2,10.5,18.6,343,2023-09-14T06:35,2023-09-14T19:07,45110.61,41919.12,0.00,0.00,0.00,0.0
2023-09-15,3,63.3,70.8,56.7,58.4,66.6,51.3,14.5,25.1,1,2023-09-15T06:36,2023-09-15T19:05,44953.05,39814.57,0.00,0.00,0.00,0.0
2023-09-16,3,66.4,76.2,59.5,62.1,70.9,54.5,13.7,23.7,313,2023-09-16T06:37,2023-09-16T19:04,44794.63,36842.12,0.00,0.00,0.00,0.0
2023-09-17,51,65.3,75.8,53.4,64.8,76.8,50.5,9.2,15.4,237,2023-09-17T06:38,2023-09-17T19:02,44635.39,26300.11,0.50,0.50,0.00,4.0
2023-09-18,63,66.2,70.9,62.1,68.5,71.4,61.0,10.8,19.2,344,2023-09-18T06:39,2023-09-18T19:00,44475.42,2966.63,13.90,13.90,0.00,15.0
2023-09-19,0,64.4,74.4,56.3,61.9,70.5,54.3,13.4,23.7,290,2023-09-19T06:40,2023-09-19T18:59,44314.82,41126.56,0.00,0.00,0.00,0.0
2023-09-20,3,63.2,74.5,53.2,61.6,71.5,51.3,8.9,17.0,299,2023-09-20T06:41,2023-09-20T18:57,44153.69,39089.31,0.00,0.00,0.00,0.0
2023-09-21,3,62.4,73.2,53.0,61.4,73.5,50.4,8.1,16.6,6,2023-09-21T06:42,2023-09-21T18:55,43992.14,40803.63,0.00,0.00,0.00,0.0
2023-09-22,3,63.2,72.5,55.6,60.8,69.1,54.7,14.1,24.4,73,2023-09-22T06:43,2023-09-22T18:54,43830.25,35286.10,0.00,0.00,0.00,0.0
2023-09-23,65,59.4,61.2,56.7,54.6,56.8,50.6,19.5,32.9,42,2023-09-23T06:44,2023-09-23T18:52,43668.14,0.00,42.30,42.30,0.00,19.0
2023-09-24,63,63.2,67.8,61.0,59.9,64.2,55.8,19.8,34.4,58,2023-09-24T06:45,2023-09-24T18:50,43505.89,439.23,17.30,17.30,0.00,20.0
2023-09-25,63,61.2,63.3,58.0,58.3,62.9,53.8,19.2,31.8,40,2023-09-25T06:46,2023-09-25T18:48,43343.61,0.00,17.50,17.50,0.00,20.0
2023-09-26,61,59.6,62.8,56.3,55.6,58.6,52.8,15.3,26.4,41,2023-09-26T06:47,2023-09-26T18:47,43181.39,2533.43,8.50,8.50,0.00,13.0
2023-09-27,3,56.8,64.1,49.0,52.3,59.5,43.0,12.0,22.1,42,2023-09-27T06:48,2023-09-27T18:45,43019.33,38703.73,0.00,0.00,0.00,0.0
2023-09-28,51,57.9,65.9,51.4,55.4,63.6,47.4,10.9,19.5,34,2023-09-28T06:49,2023-09-28T18:43,42857.53,7200.00,0.10,0.10,0.00,1.0
2023-09-29,65,59.5,63.0,55.9,56.7,60.1,52.0,15.8,26.8,33,2023-09-29T06:50,2023-09-29T18:42,42696.09,6189.19,69.90,69.90,0.00,22.0
2023-09-30,53,61.6,71.2,55.6,60.0,70.0,52.6,12.7,21.7,5,2023-09-30T06:51,2023-09-30T18:40,42535.10,25480.23,1.00,1.00,0.00,3.0
2023-10-01,0,66.3,77.3,57.6,65.6,76.0,55.6,11.6,20.4,358,2023-10-01T06:52,2023-10-01T18:38,42374.66,38682.24,0.00,0.00,0.00,0.0
2023-10-02,3,67.9,77.9,60.6,68.4,78.6,60.1,10.0,18.1,4,2023-10-02T06:53,2023-10-02T18:37,42214.88,38488.98,0.00,0.00,0.00,0.0
2023-10-03,3,66.8,81.5,55.8,69.5,85.0,56.4,5.3,9.4,247,2023-10-03T06:54,2023-10-03T18:35,42055.86,37891.21,0.00,0.00,0.00,0.0
2023-10-04,3,68.3,82.2,58.9,71.3,89.2,60.4,7.8,14.3,198,2023-10-04T06:55,2023-10-04T18:33,41897.70,38308.81,0.00,0.00,0.00,0.0
2023-10-05,3,64.4,75.5,55.7,65.7,76.3,55.2,10.8,19.9,154,2023-10-05T06:56,2023-10-05T18:32,41740.12,38205.34,0.00,0.00,0.00,0.0
2023-10-06,53,67.9,72.6,63.8,70.8,75.4,65.7,9.3,17.9,116,2023-10-06T06:57,2023-10-06T18:30,41582.04,4884.76,2.60,2.60,0.00,11.0
2023-10-07,65,62.9,69.3,53.4,62.7,73.4,47.2,18.1,30.2,318,2023-10-07T06:58,2023-10-07T18:29,41423.46,6415.17,60.40,60.40,0.00,20.0
2023-10-08,3,55.3,62.6,49.1,48.2,54.9,42.5,15.2,27.3,256,2023-10-08T06:59,2023-10-08T18:27,41264.49,38011.73,0.00,0.00,0.00,0.0
2023-10-09,51,52.9,60.3,45.3,47.2,52.8,39.0,14.8,25.9,240,2023-10-09T07:00,2023-10-09T18:25,41105.27,30759.75,0.10,0.10,0.00,1.0
2023-10-10,3,56.2,64.6,46.3,52.5,58.4,43.3,12.2,21.9,238,2023-10-10T07:02,2023-10-10T18:24,40945.88,36809.04,0.00,0.00,0.00,0.0
2023-10-11,3,57.4,69.4,46.8,54.8,64.5,43.9,8.8,16.6,248,2023-10-11T07:03,2023-10-11T18:22,40786.45,37547.23,0.00,0.00,0.00,0.0
2023-10-12,3,57.0,70.1,45.1,54.6,67.7,41.8,6.8,12.5,298,2023-10-12T07:04,2023-10-12T18:21,40627.09,37382.44,0.00,0.00,0.00,0.0
2023-10-13,3,55.3,63.9,47.9,51.1,58.7,43.9,8.7,17.4,334,2023-10-13T07:05,2023-10-13T18:19,40467.92,37217.59,0.00,0.00,0.00,0.0
2023-10-14,63,51.1,53.6,49.1,47.6,50.9,45.2,10.4,17.4,22,2023-10-14T07:06,2023-10-14T18:18,40309.05,0.00,15.10,15.10,0.00,13.0
2023-10-15,53,53.9,62.1,49.3,47.3,54.3,42.7,15.4,26.8,337,2023-10-15T07:07,2023-10-15T18:16,40150.61,34713.22,1.20,1.20,0.00,4.0
2023-10-16,51,53.1,64.0,44.9,49.0,59.1,40.4,12.4,24.6,314,2023-10-16T07:08,2023-10-16T18:14,39992.70,36719.41,0.20,0.20,0.00,1.0
2023-10-17,51,54.1,62.5,46.9,50.9,59.0,43.2,7.5,14.1,343,2023-10-17T07:09,2023-10-17T18:13,39835.47,36378.09,0.60,0.60,0.00,5.0
2023-10-18,51,54.1,63.2,44.5,52.0,61.9,41.9,5.5,9.8,268,2023-10-18T07:10,2023-10-18T18:11,39679.02,35324.06,0.30,0.30,0.00,2.0
2023-10-19,3,55.1,64.7,45.1,51.8,61.0,41.7,12.2,21.3,192,2023-10-19T07:11,2023-10-19T18:10,39523.49,34936.48,0.00,0.00,0.00,0.0
2023-10-20,65,59.6,63.3,55.2,58.2,62.4,53.4,16.0,29.8,162,2023-10-20T07:12,2023-10-20T18:08,39369.00,728.43,27.20,27.20,0.00,19.0
2023-10-21,61,58.4,64.1,55.2,55.1,60.0,47.9,15.9,28.6,297,2023-10-21T07:14,2023-10-21T18:07,39215.69,13185.87,5.90,5.90,0.00,8.0
2023-10-22,3,52.8,57.2,48.6,44.8,48.2,39.8,17.1,29.3,290,2023-10-22T07:15,2023-10-22T18:06,39063.68,27275.96,0.00,0.00,0.00,0.0
2023-10-23,3,51.2,61.2,45.5,45.2,56.4,38.0,13.8,22.4,319,2023-10-23T07:16,2023-10-23T18:04,38913.11,35121.74,0.00,0.00,0.00,0.0
2023-10-24,3,51.3,64.1,39.9,47.9,60.2,35.5,7.4,15.0,199,2023-10-24T07:17,2023-10-24T18:03,38764.12,35017.61,0.00,0.00,0.00,0.0
2023-10-25,3,57.9,71.9,46.1,54.3,69.4,41.9,9.1,17.9,225,2023-10-25T07:18,2023-10-25T18:02,38616.44,33963.61,0.00,0.00,0.00,0.0
2023-10-26,3,62.9,78.9,49.0,60.8,78.3,45.7,8.9,13.9,233,2023-10-26T07:19,2023-10-26T18:00,38468.84,34399.93,0.00,0.00,0.00,0.0
2023-10-27,3,63.7,76.5,54.6,62.3,76.3,51.7,9.2,15.0,238,2023-10-27T07:20,2023-10-27T17:59,38321.35,21119.60,0.00,0.00,0.00,0.0
2023-10-28,3,69.3,80.9,61.5,69.1,80.1,59.9,11.6,19.9,278,2023-10-28T07:21,2023-10-28T17:58,38174.11,34138.09,0.00,0.00,0.00,0.0
2023-10-29,63,55.1,61.4,51.3,51.0,56.9,48.0,11.9,21.3,28,2023-10-29T07:23,2023-10-29T17:56,38027.25,847.01,6.90,6.90,0.00,9.0
2023-10-30,53,57.1,66.6,50.8,54.8,65.6,44.2,15.6,25.7,324,2023-10-30T07:24,2023-10-30T17:55,37880.91,9566.81,2.00,2.00,0.00,7.0
2023-10-31,51,48.7,51.3,44.2,42.9,46.6,38.4,11.2,18.8,1,2023-10-31T07:25,2023-10-31T17:54,37735.23,21600.00,0.20,0.20,0.00,2.0
2023-11-01,53,44.3,49.7,38.4,37.3,41.8,30.6,14.5,25.9,334,2023-11-01T07:26,2023-11-01T17:53,37590.36,22156.89,3.50,3.50,0.00,12.0
2023-11-02,3,40.0,49.6,31.7,33.4,42.3,25.6,7.6,15.9,278,2023-11-02T07:27,2023-11-02T17:51,37446.44,33797.68,0.00,0.00,0.00,0.0
2023-11-03,1,43.9,55.8,32.7,37.6,47.8,26.1,11.0,20.1,209,2023-11-03T07:28,2023-11-03T17:50,37303.62,33714.02,0.00,0.00,0.00,0.0
2023-11-04,3,47.7,59.2,38.7,43.0,54.5,33.4,6.8,12.1,222,2023-11-04T07:30,2023-11-04T17:49,37162.05,25218.75,0.00,0.00,0.00,0.0
2023-11-05,3,50.9,62.9,40.3,46.8,59.0,35.5,9.2,15.2,329,2023-11-05T07:31,2023-11-05T17:48,37021.89,26243.79,0.00,0.00,0.00,0.0
2023-11-06,51,46.7,54.0,39.3,41.6,50.2,33.2,7.9,12.8,47,2023-11-06T07:32,2023-11-06T17:47,36883.30,32984.59,0.10,0.10,0.00,1.0
2023-11-07,63,57.3,68.7,51.3,53.5,64.6,47.3,12.6,22.4,243,2023-11-07T07:33,2023-11-07T17:46,36746.44,15164.81,5.70,5.70,0.00,5.0
2023-11-08,3,45.6,51.7,40.3,38.4,45.9,32.8,12.0,20.4,336,2023-11-08T07:34,2023-11-08T17:44,36611.48,32188.53,0.00,0.00,0.00,0.0
2023-11-09,51,48.7,59.7,37.1,45.0,58.0,31.0,7.4,13.9,229,2023-11-09T07:36,2023-11-09T17:43,36478.57,14351.94,0.40,0.40,0.00,2.0
2023-11-10,51,46.9,51.5,42.3,41.5,46.2,35.9,10.1,16.6,257,2023-11-10T07:37,2023-11-10T17:42,36347.89,0.00,0.30,0.30,0.00,3.0
2023-11-11,3,45.3,54.2,39.4,38.7,45.9,32.9,11.2,20.6,314,2023-11-11T07:38,2023-11-11T17:41,36219.63,30525.57,0.00,0.00,0.00,0.0
2023-11-12,3,37.5,45.0,31.9,30.6,38.8,23.9,8.3,15.9,12,2023-11-12T07:39,2023-11-12T17:41,36093.95,32121.59,0.00,0.00,0.00,0.0
2023-11-13,3,37.9,48.3,28.4,31.6,41.0,22.2,8.5,15.4,248,2023-11-13T07:40,2023-11-13T17:40,35971.03,28211.21,0.00,0.00,0.00,0.0
2023-11-14,3,43.2,52.3,35.5,35.7,42.3,29.0,17.3,29.3,319,2023-11-14T07:41,2023-11-14T17:39,35850.64,31893.91,0.00,0.00,0.00,0.0
2023-11-15,3,41.1,51.7,30.2,35.3,45.0,23.8,9.1,16.6,243,2023-11-15T07:43,2023-11-15T17:38,35731.58,30641.77,0.00,0.00,0.00,0.0
2023-11-16,3,48.0,64.3,35.6,43.2,59.3,29.9,6.5,11.0,233,2023-11-16T07:44,2023-11-16T17:37,35613.89,31679.73,0.00,0.00,0.00,0.0
2023-11-17,3,53.0,67.4,40.0,48.9,62.5,34.6,11.5,19.7,206,2023-11-17T07:45,2023-11-17T17:36,35497.70,29222.68,0.00,0.00,0.00,0.0
2023-11-18,51,50.3,55.9,38.4,44.0,54.6,31.0,16.1,28.2,318,2023-11-18T07:46,2023-11-18T17:36,35383.15,24407.28,1.20,1.20,0.00,7.0
2023-11-19,1,43.1,54.6,34.2,35.8,45.5,27.5,13.0,22.4,269,2023-11-19T07:47,2023-11-19T17:35,35270.41,31401.31,0.00,0.00,0.00,0.0
2023-11-20,3,37.9,45.0,30.6,30.1,37.6,24.0,11.6,18.8,0,2023-11-20T07:48,2023-11-20T17:34,35159.61,31286.29,0.00,0.00,0.00,0.0
2023-11-21,61,39.1,47.4,29.9,30.5,38.2,21.4,18.5,30.0,89,2023-11-21T07:49,2023-11-21T17:34,35050.90,4525.36,7.90,7.90,0.00,8.0
2023-11-22,63,52.3,58.2,47.0,46.8,53.0,39.0,23.8,41.4,46,2023-11-22T07:51,2023-11-22T17:33,34944.45,25344.70,24.70,24.70,0.00,8.0
2023-11-23,3,46.7,52.3,41.4,39.5,45.1,33.9,13.0,22.1,300,2023-11-23T07:52,2023-11-23T17:32,34840.39,31069.77,0.00,0.00,0.00,0.0
2023-11-24,3,41.6,49.9,32.4,33.7,41.2,21.4,14.1,23.0,315,2023-11-24T07:53,2023-11-24T17:32,34738.91,30989.16,0.00,0.00,0.00,0.0
2023-11-25,3,33.0,39.8,26.7,26.2,33.9,19.1,9.8,19.5,336,2023-11-25T07:54,2023-11-25T17:31,34640.15,30916.46,0.00,0.00,0.00,0.0
2023-11-26,63,39.9,51.2,27.6,33.1,43.6,20.0,21.3,36.9,103,2023-11-26T07:55,2023-11-26T17:31,34544.28,18403.90,5.50,5.50,0.00,7.0
2023-11-27,63,45.6,55.2,37.3,37.9,49.8,27.4,23.3,39.4,258,2023-11-27T07:56,2023-11-27T17:30,34451.46,23860.98,4.40,4.40,0.00,4.0
2023-11-28,71,33.8,39.3,28.9,22.5,26.7,18.2,18.0,30.4,280,2023-11-28T07:57,2023-11-28T17:30,34361.86,30690.64,0.10,0.00,0.07,1.0
2023-11-29,3,30.0,36.9,24.3,20.5,26.8,16.0,13.0,21.5,254,2023-11-29T07:58,2023-11-29T17:30,34275.65,27621.35,0.00,0.00,0.00,0.0
2023-11-30,3,37.6,49.5,27.5,29.7,41.0,19.5,10.9,19.5,224,2023-11-30T07:59,2023-11-30T17:29,34192.98,30503.99,0.00,0.00,0.00,0.0
2023-12-01,61,41.1,46.3,31.8,35.8,42.0,25.0,8.9,14.5,212,2023-12-01T08:00,2023-12-01T17:29,34114.05,8903.67,5.30,5.30,0.00,7.0
2023-12-02,51,48.1,61.3,40.1,44.8,59.6,35.1,10.1,17.7,240,2023-12-02T08:01,2023-12-02T17:29,34039.01,27290.56,0.10,0.10,0.00,1.0
2023-12-03,63,47.6,50.4,42.5,43.9,46.8,39.6,11.9,19.7,67,2023-12-03T08:02,2023-12-03T17:28,33968.04,0.00,16.20,16.20,0.00,22.0
2023-12-04,3,45.4,51.8,40.8,38.8,43.6,32.8,13.1,22.8,264,2023-12-04T08:03,2023-12-04T17:28,33901.02,24498.58,0.00,0.00,0.00,0.0
2023-12-05,3,39.1,44.1,35.0,32.0,37.2,26.9,9.1,15.9,311,2023-12-05T08:04,2023-12-05T17:28,33837.15,16953.58,0.00,0.00,0.00,0.0
2023-12-06,51,34.9,41.3,28.3,27.1,32.8,21.6,13.9,23.7,336,2023-12-06T08:05,2023-12-06T17:28,33776.45,22024.93,0.10,0.10,0.00,1.0
2023-12-07,3,32.6,38.5,26.2,25.0,31.2,18.4,10.9,19.0,260,2023-12-07T08:06,2023-12-07T17:28,33719.00,10800.00,0.00,0.00,0.00,0.0
2023-12-08,3,37.6,48.6,28.7,32.0,42.2,21.4,6.8,13.6,212,2023-12-08T08:07,2023-12-08T17:28,33664.86,28329.88,0.00,0.00,0.00,0.0
2023-12-09,3,44.3,56.5,34.2,40.3,53.9,29.2,7.4,13.2,194,2023-12-09T08:08,2023-12-09T17:28,33614.11,29249.18,0.00,0.00,0.00,0.0
2023-12-10,63,53.4,62.8,41.3,50.3,61.8,36.2,18.1,34.9,191,2023-12-10T08:09,2023-12-10T17:28,33566.81,7200.00,28.10,28.10,0.00,12.0
2023-12-11,65,42.9,57.6,37.0,33.6,56.7,28.4,21.8,36.9,312,2023-12-11T08:10,2023-12-11T17:28,33523.06,22486.11,26.90,26.90,0.00,12.0
2023-12-12,1,36.1,43.4,28.1,27.8,34.2,20.6,11.2,19.0,242,2023-12-12T08:10,2023-12-12T17:28,33482.90,29686.15,0.00,0.00,0.00,0.0
2023-12-13,0,37.6,45.7,32.3,29.3,36.5,24.9,11.3,18.8,270,2023-12-13T08:11,2023-12-13T17:29,33446.42,29485.61,0.00,0.00,0.00,0.0
2023-12-14,3,33.1,40.5,26.4,25.2,32.0,19.2,8.1,15.9,276,2023-12-14T08:12,2023-12-14T17:29,33413.68,29300.17,0.00,0.00,0.00,0.0
2023-12-15,3,40.2,54.7,31.2,32.8,47.6,23.0,10.3,18.3,249,2023-12-15T08:13,2023-12-15T17:29,33384.76,29295.82,0.00,0.00,0.00,0.0
2023-12-16,3,43.1,53.0,37.5,37.0,47.1,31.0,7.8,15.2,14,2023-12-16T08:13,2023-12-16T17:29,33359.71,29053.74,0.00,0.00,0.00,0.0
2023-12-17,63,49.2,55.8,41.5,44.7,51.6,36.8,14.3,24.4,94,2023-12-17T08:14,2023-12-17T17:30,33338.61,0.00,16.80,16.80,0.00,11.0
2023-12-18,65,53.0,60.3,42.7,45.7,57.9,34.0,33.3,58.4,191,2023-12-18T08:15,2023-12-18T17:30,33321.50,5624.41,78.90,78.90,0.00,16.0
2023-12-19,3,37.5,43.2,30.6,28.0,32.4,20.6,14.9,25.9,289,2023-12-19T08:15,2023-12-19T17:30,33308.46,28757.67,0.00,0.00,0.00,0.0
2023-12-20,1,34.5,45.9,25.6,26.4,38.9,18.2,10.2,17.0,319,2023-12-20T08:16,2023-12-20T17:31,33299.55,29240.50,0.00,0.00,0.00,0.0
2023-12-21,1,33.8,40.1,27.3,24.6,29.4,17.2,13.0,22.8,358,2023-12-21T08:16,2023-12-21T17:31,33294.82,29178.11,0.00,0.00,0.00,0.0
2023-12-22,3,28.4,37.0,22.2,20.8,31.0,13.6,8.1,15.2,1,2023-12-22T08:17,2023-12-22T17:32,33294.32,28800.00,0.00,0.00,0.00,0.0
2023-12-23,51,33.4,43.0,26.1,27.6,37.1,19.6,6.0,10.1,54,2023-12-23T08:17,2023-12-23T17:32,33298.12,4535.65,0.50,0.50,0.00,2.0
2023-12-24,3,39.9,47.9,34.2,35.8,44.9,29.4,4.7,7.6,357,2023-12-24T08:18,2023-12-24T17:33,33306.27,9729.35,0.00,0.00,0.00,0.0
2023-12-25,3,42.8,53.1,34.5,38.7,50.2,29.5,5.4,12.1,46,2023-12-25T08:18,2023-12-25T17:33,33318.80,27799.55,0.00,0.00,0.00,0.0
2023-12-26,3,40.9,46.0,37.6,37.1,42.5,32.7,4.5,9.8,68,2023-12-26T08:18,2023-12-26T17:34,33335.66,0.00,0.00,0.00,0.00,0.0
2023-12-27,61,44.6,48.5,41.7,40.9,45.1,37.5,10.0,15.7,48,2023-12-27T08:19,2023-12-27T17:35,33356.77,0.00,5.20,5.20,0.00,14.0
2023-12-28,65,50.0,53.2,47.6,45.6,50.6,41.7,14.8,27.5,35,2023-12-28T08:19,2023-12-28T17:35,33382.04,0.00,40.10,40.10,0.00,21.0
2023-12-29,51,49.4,56.3,45.2,45.5,50.5,39.8,11.2,20.4,256,2023-12-29T08:19,2023-12-29T17:36,33411.41,27461.20,0.40,0.40,0.00,3.0
2023-12-30,51,41.8,46.6,34.5,34.2,40.5,26.2,16.5,28.2,275,2023-12-30T08:19,2023-12-30T17:37,33444.80,14887.14,0.10,0.10,0.00,1.0
2023-12-31,3,37.2,43.9,28.6,30.3,35.5,21.9,9.9,17.2,275,2023-12-31T08:20,2023-12-31T17:38,33482.12,14168.16,0.00,0.00,0.00,0.0
2024-01-01,3,38.5,45.9,32.5,32.4,40.0,25.0,8.9,14.1,313,2024-01-01T08:20,2024-01-01T17:38,33523.28,8808.19,0.00,0.00,0.00,0.0
2024-01-02,0,32.2,42.4,23.9,24.7,34.4,17.0,8.5,14.5,316,2024-01-02T08:20,2024-01-02T17:39,33568.21,29200.07,0.00,0.00,0.00,0.0
2024-01-03,3,34.8,46.0,28.0,27.7,38.2,21.0,8.9,16.6,272,2024-01-03T08:20,2024-01-03T17:40,33616.82,28904.64,0.00,0.00,0.00,0.0
2024-01-04,3,35.7,44.4,28.4,27.2,33.9,16.8,16.7,28.2,313,2024-01-04T08:20,2024-01-04T17:41,33669.03,21209.71,0.00,0.00,0.00,0.0
2024-01-05,3,29.0,37.8,22.5,20.1,29.1,13.6,12.7,21.7,289,2024-01-05T08:20,2024-01-05T17:42,33724.75,29371.21,0.00,0.00,0.00,0.0
2024-01-06,75,30.2,37.1,22.8,22.5,28.6,15.4,18.1,30.2,64,2024-01-06T08:20,2024-01-06T17:43,33783.88,0.00,11.00,3.40,5.32,8.0
2024-01-07,73,34.9,36.7,31.8,26.8,30.4,23.8,16.8,29.5,8,2024-01-07T08:20,2024-01-07T17:44,33846.35,558.07,7.30,5.90,0.98,14.0
2024-01-08,1,34.8,43.5,26.4,27.0,35.7,19.3,12.5,23.0,314,2024-01-08T08:20,2024-01-08T17:45,33912.06,29383.61,0.00,0.00,0.00,0.0
2024-01-09,63,37.9,54.9,24.0,29.6,41.6,18.0,35.6,59.7,126,2024-01-09T08:19,2024-01-09T17:46,33980.93,0.00,31.50,31.50,0.00,12.0
2024-01-10,65,48.8,57.0,41.5,39.0,51.1,32.3,30.2,61.7,238,2024-01-10T08:19,2024-01-10T17:47,34052.87,19014.74,28.20,28.20,0.00,5.0
2024-01-11,3,40.3,46.8,32.3,32.1,38.2,24.5,14.2,24.6,249,2024-01-11T08:19,2024-01-11T17:48,34127.78,29749.65,0.00,0.00,0.00,0.0
2024-01-12,53,39.4,46.8,28.7,32.4,40.9,21.4,13.7,23.5,131,2024-01-12T08:19,2024-01-12T17:49,34205.58,28962.48,0.80,0.80,0.00,2.0
2024-01-13,63,48.6,58.5,35.4,39.1,55.1,23.1,21.3,37.4,222,2024-01-13T08:18,2024-01-13T17:50,34286.49,21723.59,22.90,22.90,0.00,11.0
2024-01-14,71,32.5,43.5,25.3,20.6,30.7,14.7,22.6,41.8,248,2024-01-14T08:18,2024-01-14T17:51,34371.34,19645.68,0.50,0.10,0.28,3.0
2024-01-15,73,26.0,30.7,21.6,17.3,22.0,13.4,7.1,16.1,244,2024-01-15T08:18,2024-01-15T17:52,34460.04,20734.75,0.80,0.00,0.56,3.0
2024-01-16,73,27.2,30.6,21.9,18.6,21.8,10.5,14.4,23.9,349,2024-01-16T08:17,2024-01-16T17:53,34552.40,0.00,9.50,4.20,3.71,19.0
2024-01-17,0,20.5,24.7,16.1,9.1,12.0,5.6,14.8,26.4,271,2024-01-17T08:17,2024-01-17T17:54,34648.25,30737.08,0.00,0.00,0.00,0.0
2024-01-18,71,25.9,32.9,20.0,16.8,24.0,10.0,10.6,19.5,238,2024-01-18T08:16,2024-01-18T17:55,34747.40,2785.85,0.30,0.00,0.28,3.0
2024-01-19,73,27.8,30.6,24.0,19.7,21.5,16.3,10.2,18.3,15,2024-01-19T08:16,2024-01-19T17:57,34849.70,0.00,2.70,0.00,1.89,14.0
2024-01-20,3,21.2,26.1,17.5,9.4,14.9,6.2,16.3,27.7,305,2024-01-20T08:15,2024-01-20T17:58,34954.95,29582.85,0.00,0.00,0.00,0.0
2024-01-21,3,23.2,30.1,18.7,11.7,17.7,6.6,14.6,25.7,310,2024-01-21T08:15,2024-01-21T17:59,35063.00,31173.69,0.00,0.00,0.00,0.0
2024-01-22,3,27.7,38.7,19.7,18.7,28.2,11.7,10.9,18.8,243,2024-01-22T08:14,2024-01-22T18:00,35173.67,29402.80,0.00,0.00,0.00,0.0
2024-01-23,53,34.0,40.4,29.2,26.9,34.3,18.7,11.7,18.8,253,2024-01-23T08:13,2024-01-23T18:01,35286.79,1587.96,1.70,1.70,0.00,4.0
2024-01-24,51,37.3,42.2,32.4,32.6,38.8,26.8,6.5,8.1,114,2024-01-24T08:13,2024-01-24T18:03,35402.21,0.00,3.20,3.20,0.00,18.0
2024-01-25,55,48.1,52.6,41.4,44.6,50.7,36.9,13.2,21.7,266,2024-01-25T08:12,2024-01-25T18:04,35519.76,0.00,5.60,5.60,0.00,19.0
2024-01-26,53,43.3,47.1,37.9,38.8,44.7,34.2,9.7,16.6,60,2024-01-26T08:11,2024-01-26T18:05,35639.29,0.00,4.60,4.60,0.00,13.0
2024-01-27,3,41.8,47.6,37.1,36.7,43.0,31.4,8.1,15.7,357,2024-01-27T08:10,2024-01-27T18:06,35760.62,12562.40,0.00,0.00,0.00,0.0
2024-01-28,63,38.2,39.7,36.6,30.7,35.2,26.7,17.9,29.8,41,2024-01-28T08:09,2024-01-28T18:08,35883.63,0.00,21.30,21.30,0.00,23.0
2024-01-29,51,37.4,42.7,33.2,28.6,31.0,26.0,17.1,29.5,350,2024-01-29T08:09,2024-01-29T18:09,36008.15,20462.39,0.70,0.70,0.00,6.0
2024-01-30,3,32.9,39.9,25.1,25.5,33.0,17.6,7.5,14.5,64,2024-01-30T08:08,2024-01-30T18:10,36134.03,27167.11,0.00,0.00,0.00,0.0
2024-01-31,51,36.1,40.2,30.1,29.7,34.2,23.6,7.0,14.1,138,2024-01-31T08:07,2024-01-31T18:11,36261.14,4465.43,0.20,0.20,0.00,2.0
2024-02-01,51,36.2,48.4,26.1,29.6,41.6,19.3,12.3,22.1,244,2024-02-01T08:06,2024-02-01T18:12,36389.32,25431.87,0.60,0.60,0.00,2.0
2024-02-02,55,39.0,43.0,35.7,32.5,36.4,25.9,14.0,23.9,353,2024-02-02T08:05,2024-02-02T18:14,36518.88,1934.06,6.30,6.30,0.00,15.0
2024-02-03,2,34.2,43.0,26.5,24.5,33.3,17.1,15.0,24.4,3,2024-02-03T08:04,2024-02-03T18:15,36651.03,33202.82,0.00,0.00,0.00,0.0
2024-02-04,1,33.8,45.7,25.4,25.6,38.8,16.3,9.2,15.4,352,2024-02-04T08:03,2024-02-04T18:16,36785.70,33347.93,0.00,0.00,0.00,0.0
2024-02-05,0,33.8,44.9,26.3,23.9,35.5,17.0,17.5,28.0,3,2024-02-05T08:02,2024-02-05T18:17,36922.73,33495.36,0.00,0.00,0.00,0.0
2024-02-06,0,31.7,42.3,23.4,22.4,34.1,13.4,11.9,19.0,9,2024-02-06T08:01,2024-02-06T18:19,37061.91,33644.91,0.00,0.00,0.00,0.0
2024-02-07,2,35.0,46.8,25.5,27.6,40.2,17.2,7.9,14.3,5,2024-02-07T08:00,2024-02-07T18:20,37203.10,33796.36,0.00,0.00,0.00,0.0
2024-02-08,3,36.0,50.2,25.4,29.8,44.5,18.7,6.5,11.9,116,2024-02-08T07:58,2024-02-08T18:21,37346.12,33949.55,0.00,0.00,0.00,0.0
2024-02-09,3,41.6,52.6,33.9,36.0,46.6,28.3,9.3,18.3,179,2024-02-09T07:57,2024-02-09T18:22,37490.80,28484.15,0.00,0.00,0.00,0.0
2024-02-10,51,47.1,60.7,35.4,42.4,55.8,29.0,10.3,18.6,238,2024-02-10T07:56,2024-02-10T18:23,37636.98,19513.34,0.10,0.10,0.00,1.0
2024-02-11,3,44.5,48.4,38.7,38.7,42.3,32.0,9.7,17.2,313,2024-02-11T07:55,2024-02-11T18:25,37784.51,841.28,0.00,0.00,0.00,0.0
2024-02-12,51,39.3,48.6,29.0,33.4,43.6,23.0,7.0,12.1,360,2024-02-12T07:54,2024-02-12T18:26,37933.22,26128.83,0.10,0.10,0.00,1.0
2024-02-13,75,33.8,38.3,29.9,25.1,31.1,21.8,15.9,26.2,355,2024-02-13T07:52,2024-02-13T18:27,38082.96,14399.59,27.70,0.40,19.11,14.0
2024-02-14,2,28.7,32.8,24.4,18.1,21.6,13.6,16.0,27.5,295,2024-02-14T07:51,2024-02-14T18:28,38233.60,34817.17,0.00,0.00,0.00,0.0
2024-02-15,71,30.4,37.3,22.5,21.1,29.5,14.0,13.8,22.6,254,2024-02-15T07:50,2024-02-15T18:30,38384.96,29321.77,0.20,0.00,0.14,1.0
2024-02-16,3,34.5,41.3,28.6,24.0,30.3,16.8,19.4,33.6,288,2024-02-16T07:48,2024-02-16T18:31,38536.93,34990.02,0.00,0.00,0.00,0.0
2024-02-17,75,30.4,36.1,23.9,22.3,26.6,14.9,13.5,23.9,319,2024-02-17T07:47,2024-02-17T18:32,38689.34,25808.47,5.90,0.10,4.06,14.0
2024-02-18,0,28.7,41.1,20.8,18.7,29.5,11.5,18.2,31.1,240,2024-02-18T07:46,2024-02-18T18:33,38842.07,35231.79,0.00,0.00,0.00,0.0
2024-02-19,0,31.6,39.6,24.9,22.5,30.1,17.1,12.9,25.1,310,2024-02-19T07:44,2024-02-19T18:34,38994.97,35370.60,0.00,0.00,0.00,0.0
2024-02-20,1,27.3,36.4,20.6,19.1,30.4,11.4,8.1,13.2,59,2024-02-20T07:43,2024-02-20T18:36,39147.92,35468.09,0.00,0.00,0.00,0.0
2024-02-21,3,30.1,40.4,22.2,22.5,32.0,15.2,9.3,17.4,99,2024-02-21T07:42,2024-02-21T18:37,39300.77,31214.94,0.00,0.00,0.00,0.0
2024-02-22,51,34.0,44.4,23.0,27.2,36.4,16.7,12.3,22.1,168,2024-02-22T07:40,2024-02-22T18:38,39453.83,31299.21,0.30,0.30,0.00,3.0
2024-02-23,53,40.3,46.9,34.6,35.5,42.0,29.1,7.9,15.2,350,2024-02-23T07:39,2024-02-23T18:39,39608.34,5436.31,3.10,3.10,0.00,10.0
2024-02-24,3,36.2,42.2,27.0,26.8,31.3,17.0,13.3,24.8,327,2024-02-24T07:37,2024-02-24T18:40,39764.26,27401.00,0.00,0.00,0.00,0.0
2024-02-25,2,28.2,39.5,18.9,20.2,30.9,11.2,10.0,18.6,212,2024-02-25T07:36,2024-02-25T18:41,39921.47,36328.67,0.00,0.00,0.00,0.0
2024-02-26,75,38.2,52.8,28.3,31.7,46.7,20.1,8.4,16.8,201,2024-02-26T07:35,2024-02-26T18:43,40079.82,35855.85,2.90,0.50,1.68,2.0
2024-02-27,61,46.0,57.2,32.1,40.3,52.2,26.0,16.2,26.8,150,2024-02-27T07:33,2024-02-27T18:44,40239.20,32349.14,3.80,3.80,0.00,4.0
2024-02-28,63,56.7,63.0,50.4,52.0,59.2,39.8,21.2,38.9,204,2024-02-28T07:32,2024-02-28T18:45,40399.46,2666.25,15.70,15.70,0.00,19.0
2024-02-29,51,34.0,44.2,27.1,22.7,33.2,16.2,19.0,35.6,295,2024-02-29T07:30,2024-02-29T18:46,40560.50,30880.12,0.10,0.10,0.00,1.0
2024-03-01,3,33.6,42.8,24.3,25.7,35.6,16.2,12.6,22.8,189,2024-03-01T07:28,2024-03-01T18:47,40722.18,36757.05,0.00,0.00,0.00,0.0
2024-03-02,63,44.1,50.4,35.4,39.2,47.0,29.5,16.5,28.9,111,2024-03-02T07:27,2024-03-02T18:48,40884.38,0.00,28.10,28.10,0.00,16.0
2024-03-03,3,53.0,65.8,42.8,49.3,62.1,38.3,9.8,16.6,314,2024-03-03T07:25,2024-03-03T18:50,41046.98,36786.86,0.00,0.00,0.00,0.0
2024-03-04,3,46.9,58.0,38.8,42.1,54.3,34.2,13.5,24.6,91,2024-03-04T07:24,2024-03-04T18:51,41209.86,32952.00,0.00,0.00,0.00,0.0
2024-03-05,63,43.9,47.3,39.3,38.8,44.8,34.2,12.5,25.3,51,2024-03-05T07:22,2024-03-05T18:52,41372.91,0.00,20.30,20.30,0.00,15.0
2024-03-06,65,45.0,49.8,38.7,40.9,47.3,34.4,12.8,26.2,76,2024-03-06T07:21,2024-03-06T18:53,41536.00,0.00,33.20,33.20,0.00,10.0
2024-03-07,53,49.6,54.9,42.7,42.3,46.5,33.3,17.4,29.8,4,2024-03-07T07:19,2024-03-07T18:54,41699.03,10800.00,3.50,3.50,0.00,9.0
2024-03-08,3,43.0,54.5,33.6,36.0,49.7,26.3,13.5,22.8,36,2024-03-08T07:17,2024-03-08T18:55,41861.87,37967.84,0.00,0.00,0.00,0.0
2024-03-09,65,41.7,46.5,38.9,33.5,39.8,31.5,20.8,37.8,118,2024-03-09T07:16,2024-03-09T18:56,42024.41,0.00,28.70,28.70,0.00,11.0
2024-03-10,65,45.2,51.7,36.1,36.6,47.7,24.0,19.0,34.7,285,2024-03-10T07:14,2024-03-10T18:57,42186.55,19491.86,20.90,20.90,0.00,9.0
2024-03-11,3,41.2,50.4,34.0,28.0,35.7,20.8,28.5,47.6,298,2024-03-11T07:12,2024-03-11T18:58,42348.16,38596.70,0.00,0.00,0.00,0.0
2024-03-12,3,48.9,63.8,36.8,41.2,55.7,27.9,13.4,23.7,279,2024-03-12T07:11,2024-03-12T18:59,42509.13,38882.96,0.00,0.00,0.00,0.0
2024-03-13,3,47.9,59.9,36.6,43.1,54.7,31.7,9.3,18.3,139,2024-03-13T07:09,2024-03-13T19:01,42669.73,38973.88,0.00,0.00,0.00,0.0
2024-03-14,3,53.1,70.4,39.4,49.2,69.5,33.9,9.8,17.0,237,2024-03-14T07:08,2024-03-14T19:02,42831.11,39171.43,0.00,0.00,0.00,0.0
2024-03-15,53,59.1,71.1,47.0,53.9,66.9,43.0,15.0,28.6,285,2024-03-15T07:06,2024-03-15T19:03,42993.25,29947.31,0.80,0.80,0.00,1.0
2024-03-16,51,48.9,58.0,40.8,43.5,50.8,35.5,12.9,23.7,250,2024-03-16T07:04,2024-03-16T19:04,43156.05,39463.76,0.10,0.10,0.00,1.0
2024-03-17,51,51.8,60.6,45.2,44.2,51.0,38.4,17.9,32.0,257,2024-03-17T07:03,2024-03-17T19:05,43319.40,36549.82,0.40,0.40,0.00,2.0
2024-03-18,3,44.2,48.7,36.5,35.1,39.1,27.3,12.8,23.3,303,2024-03-18T07:01,2024-03-18T19:06,43483.21,35376.42,0.00,0.00,0.00,0.0
2024-03-19,71,38.6,45.7,32.6,28.7,34.2,23.7,17.3,30.6,282,2024-03-19T06:59,2024-03-19T19:07,43647.37,33890.41,0.50,0.30,0.14,3.0
2024-03-20,55,42.8,53.7,34.2,34.8,48.4,23.2,19.1,33.1,263,2024-03-20T06:58,2024-03-20T19:08,43811.78,31100.38,2.80,2.80,0.00,4.0
2024-03-21,3,33.6,42.2,25.6,22.6,30.1,15.3,18.8,33.3,296,2024-03-21T06:56,2024-03-21T19:09,43976.34,40809.70,0.00,0.00,0.00,0.0
2024-03-22,3,33.8,42.3,22.8,26.1,36.6,14.8,11.8,21.9,185,2024-03-22T06:54,2024-03-22T19:10,44140.93,39252.54,0.00,0.00,0.00,0.0
2024-03-23,65,42.5,50.2,34.2,35.6,47.7,20.6,20.7,38.7,11,2024-03-23T06:53,2024-03-23T19:11,44305.48,0.00,63.60,63.60,0.00,15.0
2024-03-24,0,36.9,47.7,27.9,26.6,38.9,17.8,20.8,34.2,3,2024-03-24T06:51,2024-03-24T19:12,44469.86,41302.86,0.00,0.00,0.00,0.0
2024-03-25,0,39.5,50.5,29.5,30.9,43.3,20.1,13.7,25.3,47,2024-03-25T06:49,2024-03-25T19:13,44633.98,41466.36,0.00,0.00,0.00,0.0
2024-03-26,3,42.3,50.1,32.4,35.0,44.2,23.1,11.7,22.8,50,2024-03-26T06:48,2024-03-26T19:14,44797.74,21100.32,0.00,0.00,0.00,0.0
2024-03-27,53,45.6,51.8,40.8,41.8,48.5,36.0,6.9,12.8,23,2024-03-27T06:46,2024-03-27T19:15,44961.02,0.00,0.60,0.60,0.00,1.0
2024-03-28,63,47.4,51.4,43.8,43.8,47.0,36.9,11.5,21.0,350,2024-03-28T06:44,2024-03-28T19:17,45123.73,0.00,21.50,21.50,0.00,24.0
2024-03-29,51,45.5,54.9,39.3,34.3,44.3,27.7,21.4,36.7,315,2024-03-29T06:43,2024-03-29T19:18,45285.75,39114.14,0.40,0.40,0.00,2.0
2024-03-30,51,46.8,58.5,36.5,38.1,49.1,27.3,15.1,26.2,279,2024-03-30T06:41,2024-03-30T19:19,45446.98,32697.35,0.10,0.10,0.00,1.0
2024-03-31,51,51.0,61.4,40.3,44.7,54.6,33.5,12.6,23.3,298,2024-03-31T06:39,2024-03-31T19:20,45607.32,42268.40,0.20,0.20,0.00,1.0
2024-04-01,53,47.4,54.9,42.1,43.5,52.8,36.7,8.2,15.2,32,2024-04-01T06:38,2024-04-01T19:21,45766.64,5193.35,3.30,3.30,0.00,8.0
2024-04-02,63,45.4,48.2,43.3,40.2,45.4,36.2,12.9,22.6,68,2024-04-02T06:36,2024-04-02T19:22,45925.20,0.00,19.00,19.00,0.00,16.0
2024-04-03,63,42.5,44.7,40.1,32.8,36.0,27.0,24.7,40.5,76,2024-04-03T06:35,2024-04-03T19:23,46084.07,0.00,25.60,25.60,0.00,19.0
2024-04-04,63,42.4,48.7,37.7,33.9,40.9,27.5,24.1,41.2,355,2024-04-04T06:33,2024-04-04T19:24,46243.25,17748.98,9.10,9.10,0.00,9.0
2024-04-05,3,41.9,49.4,35.1,32.8,37.7,27.9,17.7,31.1,299,2024-04-05T06:31,2024-04-05T19:25,46402.64,43144.96,0.00,0.00,0.00,0.0
2024-04-06,51,44.6,52.9,37.8,35.4,41.4,29.7,17.4,31.1,331,2024-04-06T06:30,2024-04-06T19:26,46562.12,32426.59,0.20,0.20,0.00,2.0
2024-04-07,51,45.0,57.9,35.0,37.2,47.9,28.0,15.0,26.4,356,2024-04-07T06:28,2024-04-07T19:27,46721.61,41468.62,0.10,0.10,0.00,1.0
2024-04-08,53,48.2,64.7,33.7,43.5,61.1,27.3,8.8,15.9,258,2024-04-08T06:27,2024-04-08T19:28,46880.99,40541.27,1.00,1.00,0.00,3.0
2024-04-09,3,57.6,75.4,41.0,54.3,74.8,36.5,11.3,18.3,232,2024-04-09T06:25,2024-04-09T19:29,47040.18,43200.00,0.00,0.00,0.00,0.0
2024-04-10,53,54.1,60.9,47.0,50.9,58.8,43.1,10.3,19.7,121,2024-04-10T06:23,2024-04-10T19:30,47199.05,31432.54,0.60,0.60,0.00,2.0
2024-04-11,61,54.6,63.0,48.9,50.8,60.2,45.5,18.2,30.4,132,2024-04-11T06:22,2024-04-11T19:31,47357.50,13077.97,6.50,6.50,0.00,12.0
2024-04-12,63,60.2,67.5,54.9,53.5,64.6,46.6,24.3,46.8,195,2024-04-12T06:20,2024-04-12T19:32,47515.43,28696.59,14.90,14.90,0.00,12.0
2024-04-13,53,49.5,54.0,46.0,39.6,46.1,35.8,22.0,35.3,267,2024-04-13T06:19,2024-04-13T19:33,47672.71,0.00,2.00,2.00,0.00,8.0
2024-04-14,53,57.7,72.1,42.9,50.5,65.5,35.4,14.8,27.7,239,2024-04-14T06:17,2024-04-14T19:34,47829.25,42563.77,0.90,0.90,0.00,2.0
2024-04-15,3,64.9,76.7,50.9,61.5,74.4,48.2,15.3,25.9,285,2024-04-15T06:16,2024-04-15T19:35,47984.93,43451.39,0.00,0.00,0.00,0.0
2024-04-16,0,57.9,69.2,44.7,52.7,63.7,39.1,11.5,22.8,317,2024-04-16T06:14,2024-04-16T19:36,48139.61,43902.98,0.00,0.00,0.00,0.0
2024-04-17,53,51.4,60.3,45.6,46.1,54.9,39.4,11.5,21.7,84,2024-04-17T06:13,2024-04-17T19:38,48293.20,22136.79,3.00,3.00,0.00,7.0
2024-04-18,63,47.6,49.0,42.3,41.1,44.1,38.3,15.5,27.7,57,2024-04-18T06:11,2024-04-18T19:39,48445.56,7200.00,6.20,6.20,0.00,13.0
2024-04-19,3,47.6,55.9,39.5,42.6,51.4,34.5,12.7,23.9,125,2024-04-19T06:10,2024-04-19T19:40,48596.57,37665.05,0.00,0.00,0.00,0.0
2024-04-20,53,55.4,68.4,47.2,50.2,63.4,37.3,17.9,31.3,274,2024-04-20T06:08,2024-04-20T19:41,48746.11,32642.77,2.30,2.30,0.00,6.0
2024-04-21,3,45.9,53.9,36.0,38.0,44.0,29.7,14.3,25.1,298,2024-04-21T06:07,2024-04-21T19:42,48894.03,25030.37,0.00,0.00,0.00,0.0
2024-04-22,3,47.8,59.2,36.0,41.5,54.0,29.4,10.6,21.0,308,2024-04-22T06:05,2024-04-22T19:43,49040.58,45205.79,0.00,0.00,0.00,0.0
2024-04-23,3,48.9,58.8,36.0,42.0,53.8,29.8,17.3,30.6,179,2024-04-23T06:04,2024-04-23T19:44,49186.78,45296.60,0.00,0.00,0.00,0.0
2024-04-24,61,56.4,70.7,47.7,50.7,66.9,41.3,19.9,34.4,278,2024-04-24T06:03,2024-04-24T19:45,49332.62,36629.05,1.60,1.60,0.00,1.0
2024-04-25,3,46.0,54.3,37.9,38.8,50.6,29.3,13.7,22.1,54,2024-04-25T06:01,2024-04-25T19:46,49477.99,45565.64,0.00,0.00,0.00,0.0
2024-04-26,2,46.6,58.4,35.2,41.3,57.4,29.5,11.9,21.7,155,2024-04-26T06:00,2024-04-26T19:47,49622.78,45750.57,0.00,0.00,0.00,0.0
2024-04-27,51,48.5,58.3,37.7,42.1,52.1,31.7,16.8,29.8,177,2024-04-27T05:58,2024-04-27T19:48,49766.86,35787.81,0.30,0.30,0.00,1.0
2024-04-28,51,59.7,73.2,48.0,58.8,75.5,43.1,10.1,20.4,190,2024-04-28T05:57,2024-04-28T19:49,49910.14,43651.55,0.60,0.60,0.00,2.0
2024-04-29,61,67.9,83.1,56.4,70.0,90.5,53.8,9.6,17.4,109,2024-04-29T05:56,2024-04-29T19:50,50052.48,45486.75,3.40,3.40,0.00,4.0
2024-04-30,55,60.0,73.4,52.4,58.6,76.0,49.1,9.1,17.9,81,2024-04-30T05:55,2024-04-30T19:51,50193.76,31034.20,2.20,2.20,0.00,2.0
2024-05-01,53,59.9,76.7,51.0,58.8,77.1,47.6,12.3,23.9,144,2024-05-01T05:53,2024-05-01T19:52,50333.87,45012.54,1.50,1.50,0.00,4.0
2024-05-02,3,65.2,82.2,50.6,63.7,85.9,48.2,14.1,23.9,234,2024-05-02T05:52,2024-05-02T19:53,50472.66,37375.87,0.00,0.00,0.00,0.0
2024-05-03,3,56.6,63.2,49.7,52.6,61.5,47.5,11.9,22.6,100,2024-05-03T05:51,2024-05-03T19:54,50610.03,42480.88,0.00,0.00,0.00,0.0
2024-05-04,3,53.0,62.0,46.3,49.0,58.5,43.7,13.2,24.8,123,2024-05-04T05:49,2024-05-04T19:55,50745.82,26065.07,0.00,0.00,0.00,0.0
2024-05-05,61,51.3,53.9,48.6,46.4,53.6,42.7,14.7,25.3,126,2024-05-05T05:48,2024-05-05T19:56,50879.92,0.00,8.60,8.60,0.00,15.0
2024-05-06,51,62.3,72.9,53.7,63.6,75.0,53.5,7.2,13.6,229,2024-05-06T05:47,2024-05-06T19:57,51012.18,9731.03,0.80,0.80,0.00,5.0
2024-05-07,3,66.6,79.2,54.1,65.3,79.7,51.1,9.5,18.1,328,2024-05-07T05:46,2024-05-07T19:58,51142.45,47747.35,0.00,0.00,0.00,0.0
2024-05-08,3,73.6,87.7,60.9,72.4,85.9,61.8,16.5,28.9,247,2024-05-08T05:45,2024-05-08T19:59,51270.59,40927.02,0.00,0.00,0.00,0.0
2024-05-09,3,63.6,70.0,57.9,60.8,67.0,54.0,10.3,19.7,3,2024-05-09T05:44,2024-05-09T20:00,51396.47,21513.58,0.00,0.00,0.00,0.0
2024-05-10,63,51.3,59.3,49.2,46.5,56.0,43.2,12.2,21.3,80,2024-05-10T05:43,2024-05-10T20:01,51519.92,145.18,12.90,12.90,0.00,18.0
2024-05-11,3,52.7,62.0,43.9,48.2,58.3,40.5,12.3,23.5,137,2024-05-11T05:42,2024-05-11T20:02,51640.80,42927.21,0.00,0.00,0.00,0.0
2024-05-12,61,51.2,56.4,47.7,47.4,52.6,44.7,9.2,18.6,177,2024-05-12T05:41,2024-05-12T20:03,51759.28,19851.44,7.60,7.60,0.00,13.0
2024-05-13,3,55.4,68.2,42.7,51.9,65.1,38.8,14.7,24.8,212,2024-05-13T05:40,2024-05-13T20:04,51876.28,46235.88,0.00,0.00,0.00,0.0
2024-05-14,61,61.5,72.8,49.2,60.1,72.2,46.6,13.2,22.6,181,2024-05-14T05:39,2024-05-14T20:05,51991.76,30579.24,3.20,3.20,0.00,6.0
2024-05-15,55,60.5,67.7,56.5,58.7,63.2,54.9,16.1,29.3,75,2024-05-15T05:38,2024-05-15T20:06,52105.62,14392.08,6.80,6.80,0.00,23.0
2024-05-16,53,61.9,66.4,59.1,58.2,64.2,54.2,19.5,32.9,18,2024-05-16T05:37,2024-05-16T20:07,52217.75,1701.15,4.80,4.80,0.00,22.0
2024-05-17,3,63.6,72.9,54.0,62.3,71.7,51.9,11.4,21.0,44,2024-05-17T05:36,2024-05-17T20:08,52328.02,24763.78,0.00,0.00,0.00,0.0
2024-05-18,51,62.1,73.2,55.9,61.7,73.3,55.1,9.8,17.9,78,2024-05-18T05:35,2024-05-18T20:09,52436.33,20919.32,2.20,2.20,0.00,8.0
2024-05-19,51,62.3,74.2,54.7,61.1,73.8,54.3,12.2,21.7,51,2024-05-19T05:34,2024-05-19T20:10,52542.56,34374.17,0.20,0.20,0.00,2.0
2024-05-20,3,61.6,75.0,51.4,61.8,79.6,50.3,11.8,22.1,147,2024-05-20T05:34,2024-05-20T20:11,52646.59,49144.20,0.00,0.00,0.00,0.0
2024-05-21,3,66.7,81.0,54.4,68.6,87.3,53.8,10.6,20.4,177,2024-05-21T05:33,2024-05-21T20:12,52748.29,49237.82,0.00,0.00,0.00,0.0
2024-05-22,3,71.8,83.6,60.5,73.0,87.9,60.7,14.2,25.7,197,2024-05-22T05:32,2024-05-22T20:13,52847.54,48977.95,0.00,0.00,0.00,0.0
2024-05-23,61,73.1,81.0,66.3,76.0,83.5,69.2,10.0,17.0,229,2024-05-23T05:31,2024-05-23T20:14,52944.22,28084.40,3.00,3.00,0.00,4.0
2024-05-24,3,72.8,85.0,60.6,73.0,83.2,61.3,9.6,17.7,289,2024-05-24T05:31,2024-05-24T20:15,53038.21,49504.05,0.00,0.00,0.00,0.0
2024-05-25,3,67.5,79.0,57.3,67.0,81.6,55.7,10.9,21.3,125,2024-05-25T05:30,2024-05-25T20:16,53129.37,49587.56,0.00,0.00,0.00,0.0
2024-05-26,51,68.2,79.1,60.4,71.0,84.1,62.3,9.9,19.5,139,2024-05-26T05:29,2024-05-26T20:16,53217.57,47017.36,0.20,0.20,0.00,2.0
2024-05-27,65,66.8,72.8,63.0,68.2,72.7,63.4,16.5,30.2,148,2024-05-27T05:29,2024-05-27T20:17,53302.69,11894.89,34.60,34.60,0.00,16.0
2024-05-28,3,71.8,81.0,64.2,71.8,79.8,63.3,16.6,28.6,266,2024-05-28T05:28,2024-05-28T20:18,53384.60,49735.34,0.00,0.00,0.00,0.0
2024-05-29,63,66.4,77.4,57.4,67.0,79.4,57.0,10.9,19.0,294,2024-05-29T05:28,2024-05-29T20:19,53463.15,46800.00,12.40,12.40,0.00,7.0
2024-05-30,61,63.9,71.2,57.3,61.5,68.8,55.7,13.5,23.9,338,2024-05-30T05:27,2024-05-30T20:20,53538.24,49819.77,2.20,2.20,0.00,3.0
2024-05-31,3,65.7,77.2,55.9,60.8,72.9,51.2,12.7,22.4,337,2024-05-31T05:27,2024-05-31T20:20,53609.71,48867.65,0.00,0.00,0.00,0.0
2024-06-01,3,69.6,82.8,55.8,66.7,82.4,51.5,9.9,17.2,310,2024-06-01T05:26,2024-06-01T20:21,53677.64,49898.86,0.00,0.00,0.00,0.0
2024-06-02,3,70.1,81.3,57.8,69.0,81.4,54.2,13.2,23.7,212,2024-06-02T05:26,2024-06-02T20:22,53742.60,40046.11,0.00,0.00,0.00,0.0
2024-06-03,51,74.8,86.3,63.8,77.1,91.0,65.5,9.5,17.7,192,2024-06-03T05:26,2024-06-03T20:22,53804.58,48169.68,0.20,0.20,0.00,2.0
2024-06-04,3,69.6,78.3,61.9,71.7,82.0,64.0,11.4,20.4,139,2024-06-04T05:25,2024-06-04T20:23,53863.51,50011.75,0.00,0.00,0.00,0.0
2024-06-05,63,68.7,79.4,58.6,71.4,83.2,59.2,14.6,25.9,170,2024-06-05T05:25,2024-06-05T20:24,53919.34,28313.48,6.60,6.60,0.00,5.0
2024-06-06,65,73.8,82.1,67.1,78.2,88.2,66.3,20.4,37.1,220,2024-06-06T05:25,2024-06-06T20:24,53972.01,34175.41,40.50,40.50,0.00,15.0
2024-06-07,51,73.7,83.6,63.8,73.8,82.3,64.2,14.5,24.8,277,2024-06-07T05:24,2024-06-07T20:25,54021.46,40400.19,0.50,0.50,0.00,2.0
2024-06-08,3,68.9,77.7,60.0,65.5,72.9,56.9,16.3,28.4,280,2024-06-08T05:24,2024-06-08T20:25,54067.64,48933.89,0.00,0.00,0.00,0.0
2024-06-09,51,68.9,77.9,58.4,66.7,74.7,58.2,16.8,29.1,280,2024-06-09T05:24,2024-06-09T20:26,54110.48,39649.69,0.10,0.10,0.00,1.0
2024-06-10,3,67.2,76.2,58.5,64.0,72.2,55.7,11.0,20.6,298,2024-06-10T05:24,2024-06-10T20:27,54149.95,42218.60,0.00,0.00,0.00,0.0
2024-06-11,51,66.2,74.2,57.2,65.6,74.1,56.8,7.1,14.8,311,2024-06-11T05:24,2024-06-11T20:27,54185.97,43545.89,1.10,1.10,0.00,5.0
2024-06-12,3,68.0,78.6,58.3,67.6,77.8,58.0,11.2,20.4,288,2024-06-12T05:24,2024-06-12T20:28,54218.50,46679.17,0.00,0.00,0.00,0.0
2024-06-13,3,71.5,84.5,57.3,71.0,86.5,56.9,19.4,33.1,186,2024-06-13T05:24,2024-06-13T20:28,54247.48,50292.87,0.00,0.00,0.00,0.0
2024-06-14,65,73.9,85.5,67.2,77.5,93.9,68.2,9.6,18.6,197,2024-06-14T05:24,2024-06-14T20:28,54272.88,34461.07,18.90,18.90,0.00,7.0
2024-06-15,3,71.5,81.5,63.0,70.4,79.4,60.9,14.0,23.9,340,2024-06-15T05:24,2024-06-15T20:29,54294.62,50339.32,0.00,0.00,0.00,0.0
2024-06-16,3,66.7,75.5,58.3,65.0,77.5,54.9,11.5,21.0,95,2024-06-16T05:24,2024-06-16T20:29,54312.69,50359.86,0.00,0.00,0.00,0.0
2024-06-17,3,73.2,85.4,61.2,74.6,88.5,62.7,16.0,28.4,178,2024-06-17T05:24,2024-06-17T20:30,54327.01,50378.50,0.00,0.00,0.00,0.0
2024-06-18,3,77.3,86.1,69.1,79.9,92.7,71.0,15.1,26.4,185,2024-06-18T05:24,2024-06-18T20:30,54337.57,50395.16,0.00,0.00,0.00,0.0
2024-06-19,3,77.1,88.2,67.8,79.1,95.0,70.2,15.6,27.7,182,2024-06-19T05:24,2024-06-19T20:30,54344.29,50400.00,0.00,0.00,0.00,0.0
2024-06-20,3,79.7,92.3,67.9,82.4,96.7,69.8,13.2,23.7,198,2024-06-20T05:25,2024-06-20T20:30,54347.15,50400.00,0.00,0.00,0.00,0.0
2024-06-21,3,82.4,96.2,73.0,85.9,102.6,73.9,13.2,27.3,198,2024-06-21T05:25,2024-06-21T20:31,54346.11,48514.57,0.00,0.00,0.00,0.0
2024-06-22,61,81.0,94.5,72.3,87.5,104.5,77.9,10.4,20.6,185,2024-06-22T05:25,2024-06-22T20:31,54341.14,46800.00,5.00,5.00,0.00,5.0
2024-06-23,51,84.9,97.5,72.9,87.5,98.2,77.1,16.6,29.8,216,2024-06-23T05:25,2024-06-23T20:31,54332.28,34538.85,0.10,0.10,0.00,1.0
2024-06-24,3,77.7,81.1,72.3,74.4,82.8,66.8,24.2,40.9,298,2024-06-24T05:26,2024-06-24T20:31,54319.59,50097.42,0.00,0.00,0.00,0.0
2024-06-25,3,79.7,93.1,68.4,77.2,93.4,63.6,14.7,26.2,283,2024-06-25T05:26,2024-06-25T20:31,54303.10,50400.00,0.00,0.00,0.00,0.0
2024-06-26,51,83.3,96.7,73.9,84.5,101.4,72.9,17.4,28.9,228,2024-06-26T05:26,2024-06-26T20:31,54282.88,46827.21,0.10,0.10,0.00,1.0
2024-06-27,63,77.6,86.9,71.1,79.1,85.5,66.9,11.9,21.9,314,2024-06-27T05:27,2024-06-27T20:31,54258.98,45678.50,10.60,10.60,0.00,5.0
2024-06-28,3,68.6,78.0,60.0,66.0,80.6,58.2,13.4,23.9,87,2024-06-28T05:27,2024-06-28T20:31,54231.45,50400.00,0.00,0.00,0.00,0.0
2024-06-29,53,73.8,80.6,64.3,74.5,80.2,65.6,21.2,36.7,167,2024-06-29T05:28,2024-06-29T20:31,54200.36,34583.23,1.70,1.70,0.00,6.0
2024-06-30,65,79.5,92.4,71.9,85.1,97.1,72.9,14.9,26.2,233,2024-06-30T05:28,2024-06-30T20:31,54165.77,30544.59,20.80,20.80,0.00,11.0
2024-07-01,51,71.7,80.6,61.9,68.8,77.1,59.4,15.3,28.0,350,2024-07-01T05:29,2024-07-01T20:31,54127.73,50400.00,0.10,0.10,0.00,1.0
2024-07-02,3,73.2,83.9,61.8,72.7,88.6,59.9,9.6,17.2,31,2024-07-02T05:29,2024-07-02T20:31,54086.30,47550.19,0.00,0.00,0.00,0.0
2024-07-03,3,73.2,82.8,63.1,71.9,82.4,63.4,17.4,30.6,182,2024-07-03T05:30,2024-07-03T20:30,54041.56,50377.70,0.00,0.00,0.00,0.0
2024-07-04,55,76.9,87.1,67.2,79.9,93.4,66.8,12.2,22.8,181,2024-07-04T05:30,2024-07-04T20:30,53993.55,48241.10,1.80,1.80,0.00,4.0
2024-07-05,53,80.6,90.2,72.0,87.9,99.5,79.0,11.3,21.0,167,2024-07-05T05:31,2024-07-05T20:30,53942.36,43132.17,1.70,1.70,0.00,5.0
2024-07-06,61,82.8,91.9,73.5,90.7,103.2,78.8,10.3,22.4,179,2024-07-06T05:32,2024-07-06T20:30,53888.02,46796.30,3.20,3.20,0.00,4.0
2024-07-07,55,82.4,90.9,75.1,89.1,98.9,79.2,9.9,18.1,15,2024-07-07T05:32,2024-07-07T20:29,53830.63,49915.41,1.60,1.60,0.00,4.0
2024-07-08,3,80.8,91.6,74.1,88.2,99.3,81.5,9.5,18.6,137,2024-07-08T05:33,2024-07-08T20:29,53770.25,48796.46,0.00,0.00,0.00,0.0
2024-07-09,51,80.8,88.1,72.6,88.4,96.8,80.1,15.5,27.3,162,2024-07-09T05:34,2024-07-09T20:29,53706.93,42619.35,0.20,0.20,0.00,2.0
2024-07-10,51,82.7,90.0,76.7,88.2,97.9,82.6,21.4,36.9,176,2024-07-10T05:34,2024-07-10T20:28,53640.75,50045.85,0.30,0.30,0.00,3.0
2024-07-11,63,82.7,94.4,75.7,86.1,93.6,79.5,17.5,32.4,213,2024-07-11T05:35,2024-07-11T20:28,53571.56,49103.48,5.60,5.60,0.00,4.0
2024-07-12,61,77.6,85.3,71.5,82.9,90.0,75.8,12.4,26.2,203,2024-07-12T05:36,2024-07-12T20:27,53498.77,33694.40,6.00,6.00,0.00,12.0
2024-07-13,65,77.9,87.6,71.1,85.2,96.8,74.9,10.6,19.7,220,2024-07-13T05:36,2024-07-13T20:27,53422.44,35833.80,27.50,27.50,0.00,12.0
2024-07-14,53,80.9,88.7,71.7,88.1,97.6,77.6,9.9,19.5,216,2024-07-14T05:37,2024-07-14T20:26,53342.72,49772.47,1.20,1.20,0.00,3.0
2024-07-15,51,84.0,95.6,73.8,90.8,101.5,81.6,12.9,27.1,217,2024-07-15T05:38,2024-07-15T20:26,53259.75,49696.27,0.50,0.50,0.00,2.0
2024-07-16,51,84.3,95.6,73.0,89.2,99.7,78.5,15.2,34.7,223,2024-07-16T05:39,2024-07-16T20:25,53173.66,49409.93,0.80,0.80,0.00,3.0
2024-07-17,65,81.5,90.0,75.2,89.7,98.8,83.1,11.3,25.5,203,2024-07-17T05:40,2024-07-17T20:24,53084.57,38230.52,33.70,33.70,0.00,7.0
2024-07-18,51,78.4,87.8,70.8,82.2,90.5,73.4,8.5,16.3,321,2024-07-18T05:40,2024-07-18T20:24,52992.63,31348.55,0.40,0.40,0.00,1.0
2024-07-19,2,75.1,84.3,64.6,75.0,84.8,63.0,9.7,17.4,334,2024-07-19T05:41,2024-07-19T20:23,52897.95,49363.33,0.00,0.00,0.00,0.0
2024-07-20,61,75.6,84.1,64.2,78.0,84.9,65.9,10.9,21.0,227,2024-07-20T05:42,2024-07-20T20:22,52800.68,25067.77,2.10,2.10,0.00,2.0
2024-07-21,51,78.9,88.8,67.7,82.7,94.7,71.5,13.4,23.5,213,2024-07-21T05:43,2024-07-21T20:21,52700.95,49181.56,0.10,0.10,0.00,1.0
2024-07-22,61,76.6,83.4,70.2,81.1,89.7,75.6,12.8,22.6,178,2024-07-22T05:44,2024-07-22T20:20,52598.87,15112.34,4.50,4.50,0.00,4.0
2024-07-23,55,76.4,85.5,70.2,83.6,92.7,77.2,5.3,13.6,84,2024-07-23T05:45,2024-07-23T20:20,52494.57,29536.74,3.30,3.30,0.00,14.0
2024-07-24,65,76.4,85.4,70.4,82.5,90.9,74.3,9.3,17.7,107,2024-07-24T05:46,2024-07-24T20:19,52388.17,19226.73,8.80,8.80,0.00,3.0
2024-07-25,3,77.3,87.5,69.4,80.9,90.0,71.2,10.1,18.1,282,2024-07-25T05:47,2024-07-25T20:18,52279.80,22673.08,0.00,0.00,0.00,0.0
2024-07-26,3,75.3,85.2,64.9,73.6,84.7,61.2,13.1,23.3,347,2024-07-26T05:47,2024-07-26T20:17,52169.57,45796.76,0.00,0.00,0.00,0.0
2024-07-27,3,76.0,86.3,64.0,76.8,86.5,64.2,9.3,15.9,3,2024-07-27T05:48,2024-07-27T20:16,52057.62,45927.48,0.00,0.00,0.00,0.0
2024-07-28,3,76.3,88.9,64.8,77.3,89.9,65.9,14.3,24.8,109,2024-07-28T05:49,2024-07-28T20:15,51944.03,31446.99,0.00,0.00,0.00,0.0
2024-07-29,63,77.2,85.4,71.1,82.0,89.8,77.3,11.1,20.8,169,2024-07-29T05:50,2024-07-29T20:14,51828.95,39592.57,4.00,4.00,0.00,3.0
2024-07-30,3,79.6,90.0,70.7,83.5,92.9,77.4,17.9,31.3,180,2024-07-30T05:51,2024-07-30T20:13,51712.46,45639.32,0.00,0.00,0.00,0.0
2024-07-31,63,79.1,89.9,74.0,84.7,94.8,79.1,11.3,22.4,203,2024-07-31T05:52,2024-07-31T20:12,51594.37,39483.13,9.90,9.90,0.00,12.0
2024-08-01,51,82.0,95.0,69.2,88.5,101.3,74.7,10.5,19.9,228,2024-08-01T05:53,2024-08-01T20:11,51473.75,48041.19,0.10,0.10,0.00,1.0
2024-08-02,63,81.3,91.7,74.8,89.0,98.6,81.9,13.4,27.1,183,2024-08-02T05:54,2024-08-02T20:10,51350.70,44141.69,10.00,10.00,0.00,10.0
2024-08-03,63,80.6,91.8,74.6,88.4,99.5,81.6,12.1,24.4,230,2024-08-03T05:55,2024-08-03T20:09,51225.34,44168.91,13.10,13.10,0.00,9.0
2024-08-04,65,76.4,83.1,73.8,82.8,89.2,80.2,8.9,18.6,228,2024-08-04T05:56,2024-08-04T20:07,51097.81,25124.69,13.70,13.70,0.00,11.0
2024-08-05,3,80.2,89.8,68.9,85.3,96.8,72.6,12.3,23.0,221,2024-08-05T05:57,2024-08-05T20:06,50968.28,46430.54,0.00,0.00,0.00,0.0
2024-08-06,65,78.7,90.9,72.0,85.4,100.5,76.2,9.9,21.0,225,2024-08-06T05:58,2024-08-06T20:05,50836.87,40354.99,37.50,37.50,0.00,13.0
2024-08-07,63,70.3,73.0,65.7,72.3,78.7,67.1,13.2,23.3,52,2024-08-07T05:59,2024-08-07T20:04,50703.72,2643.07,24.00,24.00,0.00,14.0
2024-08-08,53,69.4,74.4,64.9,71.2,76.2,66.7,15.1,25.7,75,2024-08-08T06:00,2024-08-08T20:03,50568.96,0.00,5.70,5.70,0.00,16.0
2024-08-09,63,76.9,83.6,72.0,80.2,84.2,75.3,27.5,47.4,170,2024-08-09T06:01,2024-08-09T20:01,50432.73,20696.49,23.70,23.70,0.00,22.0
2024-08-10,53,77.7,85.4,71.4,81.6,88.0,75.3,11.3,20.1,281,2024-08-10T06:02,2024-08-10T20:00,50295.16,46315.96,1.00,1.00,0.00,2.0
2024-08-11,3,73.9,81.8,66.6,74.7,84.1,67.6,12.2,20.8,287,2024-08-11T06:03,2024-08-11T19:59,50156.36,44530.88,0.00,0.00,0.00,0.0
2024-08-12,3,71.6,79.7,61.8,71.5,77.5,63.3,12.7,23.0,278,2024-08-12T06:04,2024-08-12T19:57,50016.48,44882.04,0.00,0.00,0.00,0.0
2024-08-13,3,71.1,81.0,61.9,71.4,80.5,60.9,9.1,17.9,323,2024-08-13T06:05,2024-08-13T19:56,49875.61,45257.68,0.00,0.00,0.00,0.0
2024-08-14,51,73.6,83.6,63.9,74.9,83.5,65.6,9.8,17.9,351,2024-08-14T06:06,2024-08-14T19:55,49733.89,44836.76,0.10,0.10,0.00,1.0
2024-08-15,2,75.4,86.8,63.2,77.8,88.8,65.9,7.2,13.0,323,2024-08-15T06:07,2024-08-15T19:53,49591.43,44704.03,0.00,0.00,0.00,0.0
2024-08-16,3,75.6,87.0,65.4,79.6,92.9,68.2,11.4,20.1,118,2024-08-16T06:08,2024-08-16T19:52,49448.35,44683.64,0.00,0.00,0.00,0.0
2024-08-17,63,74.3,79.9,69.7,78.0,82.4,75.3,15.1,26.4,141,2024-08-17T06:09,2024-08-17T19:50,49304.74,28448.28,4.60,4.60,0.00,5.0
2024-08-18,63,73.4,78.5,70.2,77.1,80.6,74.1,15.6,26.8,150,2024-08-18T06:10,2024-08-18T19:49,49160.73,13397.91,27.50,27.50,0.00,22.0
2024-08-19,65,73.4,83.5,68.8,78.5,90.6,68.7,12.3,20.8,279,2024-08-19T06:11,2024-08-19T19:48,49016.42,36447.11,29.70,29.70,0.00,16.0
2024-08-20,51,66.6,72.8,62.0,63.2,69.5,58.5,14.1,23.9,322,2024-08-20T06:12,2024-08-20T19:46,48871.58,40040.79,0.10,0.10,0.00,1.0
2024-08-21,1,64.5,73.1,55.6,61.2,69.0,53.0,13.0,21.7,303,2024-08-21T06:13,2024-08-21T19:45,48725.20,43996.92,0.00,0.00,0.00,0.0
2024-08-22,3,66.3,76.5,54.9,64.4,73.1,53.3,11.9,21.7,290,2024-08-22T06:14,2024-08-22T19:43,48577.32,43809.52,0.00,0.00,0.00,0.0
2024-08-23,2,69.3,81.7,56.3,69.5,81.2,56.4,8.7,17.2,284,2024-08-23T06:15,2024-08-23T19:42,48428.07,43800.59,0.00,0.00,0.00,0.0
2024-08-24,3,71.9,86.1,58.9,73.1,88.0,59.6,9.2,16.6,261,2024-08-24T06:16,2024-08-24T19:40,48277.57,43548.59,0.00,0.00,0.00,0.0
2024-08-25,51,73.6,86.5,61.7,75.0,89.5,63.1,10.7,18.8,223,2024-08-25T06:17,2024-08-25T19:39,48125.94,43200.00,0.20,0.20,0.00,2.0
2024-08-26,53,74.1,86.1,64.9,77.2,91.3,66.8,14.1,23.9,216,2024-08-26T06:18,2024-08-26T19:37,47973.28,43290.39,0.90,0.90,0.00,2.0
2024-08-27,3,74.2,86.0,64.2,77.9,91.4,67.5,12.5,21.9,167,2024-08-27T06:19,2024-08-27T19:35,47819.72,43292.80,0.00,0.00,0.00,0.0
2024-08-28,3,81.2,93.7,71.0,85.6,98.9,73.4,9.9,18.3,264,2024-08-28T06:20,2024-08-28T19:34,47665.36,43200.00,0.00,0.00,0.00,0.0
2024-08-29,61,74.2,80.8,68.5,75.8,85.1,69.3,11.9,19.9,74,2024-08-29T06:21,2024-08-29T19:32,47510.31,29878.62,4.60,4.60,0.00,7.0
2024-08-30,61,69.4,75.3,65.1,69.7,74.4,65.7,11.2,21.3,109,2024-08-30T06:21,2024-08-30T19:31,47354.69,36337.38,3.90,3.90,0.00,5.0
2024-08-31,51,71.4,78.6,64.2,74.2,81.0,66.9,11.0,20.1,156,2024-08-31T06:22,2024-08-31T19:29,47198.59,37905.05,0.90,0.90,0.00,4.0
2024-09-01,61,75.9,84.6,69.9,80.1,87.5,74.6,12.3,24.6,228,2024-09-01T06:23,2024-09-01T19:27,47042.11,27364.17,4.80,4.80,0.00,9.0
2024-09-02,3,71.5,79.4,63.9,69.4,79.1,57.8,12.3,20.4,337,2024-09-02T06:24,2024-09-02T19:26,46885.37,34714.03,0.00,0.00,0.00,0.0
2024-09-03,0,64.2,73.6,54.3,60.8,71.1,51.0,10.6,19.9,5,2024-09-03T06:25,2024-09-03T19:24,46728.45,43051.90,0.00,0.00,0.00,0.0
2024-09-04,0,65.3,77.4,54.4,64.0,78.7,52.5,8.7,17.7,131,2024-09-04T06:26,2024-09-04T19:22,46571.46,42955.33,0.00,0.00,0.00,0.0
2024-09-05,0,66.2,78.3,55.0,65.7,78.8,54.7,10.8,18.8,83,2024-09-05T06:27,2024-09-05T19:21,46414.50,42858.65,0.00,0.00,0.00,0.0
2024-09-06,51,68.2,80.0,58.5,69.3,82.8,58.1,11.0,19.2,70,2024-09-06T06:28,2024-09-06T19:19,46257.65,42689.28,0.10,0.10,0.00,1.0
2024-09-07,55,67.8,76.4,57.8,68.7,75.9,57.5,15.7,27.5,186,2024-09-07T06:29,2024-09-07T19:18,46101.02,25848.46,3.10,3.10,0.00,12.0
2024-09-08,0,61.8,71.5,52.8,57.3,65.5,49.8,13.1,23.5,285,2024-09-08T06:30,2024-09-08T19:16,45944.70,42568.86,0.00,0.00,0.00,0.0
2024-09-09,2,64.6,77.3,51.2,60.7,73.5,47.5,13.0,21.5,268,2024-09-09T06:31,2024-09-09T19:14,45788.45,42471.98,0.00,0.00,0.00,0.0
2024-09-10,0,67.4,79.2,56.9,65.4,78.2,54.3,9.0,17.2,313,2024-09-10T06:32,2024-09-10T19:13,45631.25,42374.00,0.00,0.00,0.00,0.0
2024-09-11,3,65.5,78.2,53.9,64.5,79.3,52.1,7.9,15.9,63,2024-09-11T06:33,2024-09-11T19:11,45473.12,42275.05,0.00,0.00,0.00,0.0
2024-09-12,3,67.3,79.5,58.9,69.2,81.6,60.6,10.1,18.6,164,2024-09-12T06:34,2024-09-12T19:09,45314.17,36547.88,0.00,0.00,0.00,0.0
2024-09-13,3,68.1,81.6,57.2,70.2,84.1,58.3,8.5,16.1,147,2024-09-13T06:35,2024-09-13T19:08,45154.50,41961.81,0.00,0.00,0.00,0.0
2024-09-14,3,71.4,85.5,59.0,73.7,87.1,59.5,8.7,16.6,67,2024-09-14T06:36,2024-09-14T19:06,44994.21,41802.77,0.00,0.00,0.00,0.0
2024-09-15,1,69.9,82.8,60.1,70.6,84.2,59.5,11.9,20.8,86,2024-09-15T06:37,2024-09-15T19:04,44833.39,41642.99,0.00,0.00,0.00,0.0
2024-09-16,3,66.2,78.5,55.8,66.6,78.4,55.6,8.9,16.6,69,2024-09-16T06:38,2024-09-16T19:02,44672.16,40557.97,0.00,0.00,0.00,0.0
2024-09-17,3,68.3,81.1,58.8,69.4,82.3,59.1,11.2,20.1,75,2024-09-17T06:39,2024-09-17T19:01,44510.59,41321.61,0.00,0.00,0.00,0.0
2024-09-18,3,69.4,75.1,64.4,69.8,73.5,66.3,10.9,19.0,44,2024-09-18T06:40,2024-09-18T18:59,44348.80,336.49,0.00,0.00,0.00,0.0
2024-09-19,3,73.2,85.7,61.6,72.8,83.8,60.8,10.8,19.7,8,2024-09-19T06:41,2024-09-19T18:57,44186.88,39714.25,0.00,0.00,0.00,0.0
2024-09-20,3,71.8,82.1,63.5,72.1,82.0,63.1,12.6,21.5,30,2024-09-20T06:42,2024-09-20T18:56,44024.92,40385.07,0.00,0.00,0.00,0.0
2024-09-21,3,68.7,81.0,59.9,67.0,78.3,58.7,11.2,20.8,30,2024-09-21T06:43,2024-09-21T18:54,43863.02,40674.20,0.00,0.00,0.00,0.0
2024-09-22,3,66.1,77.8,56.7,64.4,75.9,55.4,10.7,19.5,50,2024-09-22T06:44,2024-09-22T18:52,43701.27,40095.75,0.00,0.00,0.00,0.0
2024-09-23,51,63.2,70.2,56.0,60.9,66.9,54.5,10.5,19.7,59,2024-09-23T06:45,2024-09-23T18:51,43539.78,18196.20,0.10,0.10,0.00,1.0
2024-09-24,3,63.6,68.5,57.2,60.8,66.0,55.0,10.7,17.7,79,2024-09-24T06:46,2024-09-24T18:49,43378.63,12657.85,0.00,0.00,0.00,0.0
2024-09-25,53,64.5,69.5,61.1,62.2,66.6,58.9,12.9,22.1,95,2024-09-25T06:47,2024-09-25T18:47,43217.92,307.98,1.10,1.10,0.00,2.0
2024-09-26,55,68.8,74.2,63.0,71.9,79.0,63.3,11.0,21.0,152,2024-09-26T06:48,2024-09-26T18:45,43057.75,0.00,4.40,4.40,0.00,10.0
2024-09-27,53,69.0,72.3,65.7,71.5,76.8,67.0,9.6,17.2,65,2024-09-27T06:49,2024-09-27T18:44,42898.20,0.00,0.90,0.90,0.00,4.0
2024-09-28,63,64.4,68.2,61.1,63.8,68.3,59.0,12.3,21.9,60,2024-09-28T06:50,2024-09-28T18:42,42739.39,0.00,13.70,13.70,0.00,15.0
2024-09-29,51,63.2,65.7,61.9,62.1,64.5,59.6,11.0,19.0,60,2024-09-29T06:51,2024-09-29T18:41,42581.04,0.00,1.20,1.20,0.00,12.0
2024-09-30,3,64.7,73.4,58.0,63.8,70.6,57.4,11.5,21.3,56,2024-09-30T06:52,2024-09-30T18:39,42422.10,34852.05,0.00,0.00,0.00,0.0
2024-10-01,3,63.8,72.1,58.4,62.2,69.4,57.3,10.3,19.5,71,2024-10-01T06:53,2024-10-01T18:37,42262.56,34621.79,0.00,0.00,0.00,0.0
2024-10-02,3,61.6,69.4,55.6,60.6,68.3,54.4,8.9,14.5,74,2024-10-02T06:54,2024-10-02T18:36,42102.54,26785.91,0.00,0.00,0.00,0.0
2024-10-03,51,64.5,72.4,59.3,64.8,71.6,60.2,9.4,17.4,167,2024-10-03T06:55,2024-10-03T18:34,41942.15,32959.74,0.10,0.10,0.00,1.0
2024-10-04,51,63.7,74.3,54.4,63.9,74.4,54.0,10.5,19.5,193,2024-10-04T06:56,2024-10-04T18:32,41781.50,34620.50,0.20,0.20,0.00,1.0
2024-10-05,51,65.9,75.5,56.8,64.5,71.7,54.9,11.2,21.0,3,2024-10-05T06:57,2024-10-05T18:31,41620.68,38156.38,0.40,0.40,0.00,3.0
2024-10-06,3,61.1,71.5,50.3,59.1,70.1,47.6,10.7,19.0,140,2024-10-06T06:58,2024-10-06T18:29,41459.82,38091.85,0.00,0.00,0.00,0.0
2024-10-07,63,65.7,74.7,60.3,63.0,70.7,56.0,12.3,21.7,286,2024-10-07T06:59,2024-10-07T18:27,41299.02,32400.00,5.50,5.50,0.00,7.0
2024-10-08,3,60.0,69.8,51.0,55.4,64.1,47.6,10.4,19.9,297,2024-10-08T07:00,2024-10-08T18:26,41138.38,37170.70,0.00,0.00,0.00,0.0
2024-10-09,51,59.1,68.6,48.7,54.1,61.8,45.5,13.8,23.7,294,2024-10-09T07:01,2024-10-09T18:24,40978.02,35847.66,0.10,0.10,0.00,1.0
2024-10-10,1,54.4,64.7,46.0,46.9,55.7,40.2,13.2,24.2,326,2024-10-10T07:02,2024-10-10T18:23,40818.05,37579.73,0.00,0.00,0.00,0.0
2024-10-11,0,56.6,70.2,43.8,50.8,63.1,39.6,11.7,20.8,279,2024-10-11T07:03,2024-10-11T18:21,40658.59,37414.97,0.00,0.00,0.00,0.0
2024-10-12,2,63.7,73.8,54.3,57.7,67.4,49.1,14.9,27.1,291,2024-10-12T07:04,2024-10-12T18:19,40499.75,37250.62,0.00,0.00,0.00,0.0
2024-10-13,3,62.3,74.7,49.7,59.2,73.7,45.1,10.2,19.2,107,2024-10-13T07:06,2024-10-13T18:18,40341.64,35583.14,0.00,0.00,0.00,0.0
2024-10-14,3,56.6,67.3,47.6,50.7,64.1,39.1,22.5,39.1,296,2024-10-14T07:07,2024-10-14T18:16,40184.38,34589.17,0.00,0.00,0.00,0.0
2024-10-15,51,49.8,58.6,41.9,42.7,50.2,35.6,12.8,23.5,293,2024-10-15T07:08,2024-10-15T18:15,40028.10,36524.30,0.20,0.20,0.00,2.0
2024-10-16,3,50.0,60.1,41.9,42.2,51.3,35.4,13.7,24.2,315,2024-10-16T07:09,2024-10-16T18:13,39872.91,36599.73,0.00,0.00,0.00,0.0
2024-10-17,3,49.1,59.6,38.7,42.1,52.2,33.4,14.3,24.2,4,2024-10-17T07:10,2024-10-17T18:12,39718.94,33994.96,0.00,0.00,0.00,0.0
2024-10-18,0,54.1,67.3,44.4,46.9,58.4,37.1,12.7,23.5,358,2024-10-18T07:11,2024-10-18T18:10,39566.30,36268.46,0.00,0.00,0.00,0.0
2024-10-19,0,55.8,71.1,44.9,51.8,68.5,39.8,7.2,11.2,351,2024-10-19T07:12,2024-10-19T18:09,39414.74,35948.78,0.00,0.00,0.00,0.0
2024-10-20,2,58.0,76.5,42.6,53.8,71.1,37.5,6.8,11.2,257,2024-10-20T07:13,2024-10-20T18:07,39263.06,35828.52,0.00,0.00,0.00,0.0
2024-10-21,0,63.4,82.2,46.1,59.5,77.5,42.0,8.5,15.2,263,2024-10-21T07:14,2024-10-21T18:06,39111.27,35527.16,0.00,0.00,0.00,0.0
2024-10-22,0,66.2,82.1,55.1,64.6,81.0,53.3,7.8,15.2,160,2024-10-22T07:15,2024-10-22T18:05,38959.51,35155.42,0.00,0.00,0.00,0.0
2024-10-23,3,64.0,77.8,51.9,61.6,75.4,49.1,11.1,20.6,196,2024-10-23T07:17,2024-10-23T18:03,38807.91,35129.94,0.00,0.00,0.00,0.0
2024-10-24,53,61.5,69.5,53.1,55.9,62.0,46.5,16.0,28.2,341,2024-10-24T07:18,2024-10-24T18:02,38656.60,34639.33,0.60,0.60,0.00,1.0
2024-10-25,3,53.6,64.8,43.8,47.7,58.1,38.5,9.8,16.1,306,2024-10-25T07:19,2024-10-25T18:01,38505.71,34761.62,0.00,0.00,0.00,0.0
2024-10-26,3,56.5,65.1,49.5,49.3,55.4,44.7,15.4,27.3,306,2024-10-26T07:20,2024-10-26T17:59,38355.38,34393.65,0.00,0.00,0.00,0.0
2024-10-27,3,49.6,58.9,40.8,42.7,50.6,35.7,11.5,18.8,300,2024-10-27T07:21,2024-10-27T17:58,38205.75,34427.34,0.00,0.00,0.00,0.0
2024-10-28,2,48.9,61.4,37.4,43.5,55.7,32.2,9.4,16.8,146,2024-10-28T07:22,2024-10-28T17:57,38056.96,34220.68,0.00,0.00,0.00,0.0
2024-10-29,51,55.2,63.8,43.1,51.9,59.5,39.6,14.9,25.9,134,2024-10-29T07:24,2024-10-29T17:55,37909.16,28050.17,1.10,1.10,0.00,8.0
2024-10-30,3,63.3,78.8,52.1,61.7,76.0,50.5,8.6,16.6,229,2024-10-30T07:25,2024-10-30T17:54,37762.48,32269.02,0.00,0.00,0.00,0.0
2024-10-31,3,68.0,82.9,53.8,65.9,79.2,52.6,13.8,22.1,225,2024-10-31T07:26,2024-10-31T17:53,37617.10,32400.00,0.00,0.00,0.00,0.0
2024-11-01,51,70.1,80.1,59.3,64.6,72.3,52.9,18.9,32.2,257,2024-11-01T07:27,2024-11-01T17:51,37473.14,23002.79,0.30,0.30,0.00,1.0
2024-11-02,1,54.1,60.9,47.1,47.2,53.7,39.9,12.6,23.3,329,2024-11-02T07:28,2024-11-02T17:50,37330.77,33733.30,0.00,0.00,0.00,0.0
2024-11-03,3,45.7,56.0,38.8,38.3,48.1,31.3,9.0,17.7,11,2024-11-03T07:29,2024-11-03T17:49,37190.16,33651.02,0.00,0.00,0.00,0.0
2024-11-04,3,48.6,58.0,38.4,43.1,51.6,32.5,11.9,22.6,123,2024-11-04T07:31,2024-11-04T17:48,37051.45,29698.41,0.00,0.00,0.00,0.0
2024-11-05,3,60.3,72.8,47.9,57.7,69.2,45.1,13.2,23.7,223,2024-11-05T07:32,2024-11-05T17:47,36914.82,33100.75,0.00,0.00,0.00,0.0
2024-11-06,2,69.8,80.7,61.7,67.5,77.7,58.4,14.2,25.1,229,2024-11-06T07:33,2024-11-06T17:46,36780.43,32560.59,0.00,0.00,0.00,0.0
2024-11-07,3,64.7,73.7,54.7,61.9,68.1,49.0,13.2,23.9,311,2024-11-07T07:34,2024-11-07T17:45,36648.46,30842.13,0.00,0.00,0.00,0.0
2024-11-08,3,56.5,69.3,44.2,49.8,58.9,40.2,17.1,28.6,284,2024-11-08T07:35,2024-11-08T17:44,36518.66,32639.59,0.00,0.00,0.00,0.0
2024-11-09,3,47.9,55.6,40.3,39.2,46.5,32.6,14.6,27.3,331,2024-11-09T07:36,2024-11-09T17:43,36389.78,32544.29,0.00,0.00,0.00,0.0
2024-11-10,53,48.0,58.2,36.3,41.9,51.7,31.1,12.7,22.6,214,2024-11-10T07:38,2024-11-10T17:42,36261.86,11906.92,0.70,0.70,0.00,2.0
2024-11-11,61,60.7,70.1,51.9,55.9,63.2,48.1,15.9,28.0,248,2024-11-11T07:39,2024-11-11T17:41,36135.05,30751.22,3.30,3.30,0.00,6.0
2024-11-12,2,49.6,54.0,42.3,40.6,47.3,33.5,16.7,36.7,321,2024-11-12T07:40,2024-11-12T17:40,36009.49,32123.56,0.00,0.00,0.00,0.0
2024-11-13,2,41.4,48.6,34.7,33.6,41.2,27.2,8.4,20.1,10,2024-11-13T07:41,2024-11-13T17:39,35885.33,31973.19,0.00,0.00,0.00,0.0
2024-11-14,3,40.6,46.2,34.6,34.3,40.8,26.7,6.0,14.3,24,2024-11-14T07:42,2024-11-14T17:38,35762.73,21801.83,0.00,0.00,0.00,0.0
2024-11-15,3,47.1,58.7,37.7,40.8,52.3,31.2,9.0,19.7,324,2024-11-15T07:43,2024-11-15T17:37,35641.84,29914.21,0.00,0.00,0.00,0.0
2024-11-16,0,51.3,61.8,43.4,43.1,52.9,35.8,10.3,24.8,325,2024-11-16T07:45,2024-11-16T17:37,35522.82,31614.55,0.00,0.00,0.00,0.0
2024-11-17,3,52.6,64.6,43.9,46.0,58.2,37.1,9.0,19.2,311,2024-11-17T07:46,2024-11-17T17:36,35405.82,31449.90,0.00,0.00,0.00,0.0
2024-11-18,3,54.6,64.4,45.9,48.8,58.5,39.9,8.7,21.7,301,2024-11-18T07:47,2024-11-18T17:35,35291.02,31414.31,0.00,0.00,0.00,0.0
2024-11-19,3,51.7,58.7,42.9,46.4,53.3,38.6,8.1,18.3,319,2024-11-19T07:48,2024-11-19T17:34,35178.58,27091.21,0.00,0.00,0.00,0.0
2024-11-20,3,53.4,60.8,45.2,49.4,56.5,41.2,7.2,15.7,94,2024-11-20T07:49,2024-11-20T17:34,35068.66,28614.09,0.00,0.00,0.00,0.0
2024-11-21,63,47.7,54.1,39.7,43.0,49.7,33.2,10.9,23.0,358,2024-11-21T07:50,2024-11-21T17:33,34961.44,0.00,42.30,42.30,0.00,20.0
2024-11-22,71,38.5,41.1,36.0,30.8,33.0,27.8,15.4,34.2,225,2024-11-22T07:52,2024-11-22T17:32,34857.10,5304.80,14.90,14.80,0.07,24.0
2024-11-23,53,42.4,48.1,36.7,35.0,39.6,29.5,15.8,40.5,305,2024-11-23T07:53,2024-11-23T17:32,34755.79,31003.49,1.40,1.40,0.00,5.0
2024-11-24,3,46.7,51.8,42.1,39.4,43.8,35.1,13.9,34.9,285,2024-11-24T07:54,2024-11-24T17:31,34657.73,29404.61,0.00,0.00,0.00,0.0
2024-11-25,3,44.3,51.6,36.1,39.3,46.9,31.1,6.6,14.3,265,2024-11-25T07:55,2024-11-25T17:31,34563.06,30862.04,0.00,0.00,0.00,0.0
2024-11-26,61,51.5,58.9,44.1,47.9,55.4,38.9,9.6,22.8,256,2024-11-26T07:56,2024-11-26T17:30,34471.99,20420.59,3.70,3.70,0.00,4.0
2024-11-27,3,42.9,50.7,36.3,37.5,44.5,31.0,6.0,16.1,246,2024-11-27T07:57,2024-11-27T17:30,34384.68,30715.72,0.00,0.00,0.00,0.0
2024-11-28,63,44.5,53.2,41.1,39.1,50.2,33.3,12.5,28.2,323,2024-11-28T07:58,2024-11-28T17:30,34301.00,4261.49,13.10,13.10,0.00,12.0
2024-11-29,51,39.2,46.2,34.2,32.3,38.2,26.6,11.5,30.0,260,2024-11-29T07:59,2024-11-29T17:29,34219.99,17939.59,0.20,0.20,0.00,2.0
2024-11-30,3,32.8,38.5,28.3,24.6,28.7,20.4,10.5,27.3,267,2024-11-30T08:00,2024-11-30T17:29,34141.67,30447.52,0.00,0.00,0.00,0.0
2024-12-01,3,30.3,37.0,25.5,22.1,26.5,18.3,11.1,27.5,251,2024-12-01T08:01,2024-12-01T17:29,34066.14,29761.42,0.00,0.00,0.00,0.0
2024-12-02,2,31.4,39.3,26.5,24.4,31.3,19.9,6.6,17.0,287,2024-12-02T08:02,2024-12-02T17:29,33993.51,29958.86,0.00,0.00,0.00,0.0
2024-12-03,1,33.7,41.4,28.1,26.7,33.4,21.7,7.3,18.3,289,2024-12-03T08:03,2024-12-03T17:28,33923.87,30206.52,0.00,0.00,0.00,0.0
2024-12-04,3,32.6,39.1,26.2,25.3,30.4,19.9,9.8,21.9,201,2024-12-04T08:04,2024-12-04T17:28,33857.34,18566.29,0.00,0.00,0.00,0.0
2024-12-05,73,36.3,40.5,32.0,26.8,31.9,21.1,17.0,40.0,251,2024-12-05T08:05,2024-12-05T17:28,33794.02,25048.62,3.60,2.10,1.05,10.0
2024-12-06,3,30.3,32.4,28.0,21.0,22.5,19.5,11.6,28.9,296,2024-12-06T08:06,2024-12-06T17:28,33734.00,21572.45,0.00,0.00,0.00,0.0
2024-12-07,3,33.3,40.5,27.3,25.1,31.9,18.7,8.6,21.7,248,2024-12-07T08:07,2024-12-07T17:28,33677.40,29481.43,0.00,0.00,0.00,0.0
2024-12-08,3,42.3,52.6,34.8,34.5,44.0,26.2,12.2,28.0,240,2024-12-08T08:08,2024-12-08T17:28,33624.31,28635.83,0.00,0.00,0.00,0.0
2024-12-09,61,42.1,51.0,34.1,38.1,46.8,29.0,7.2,18.1,96,2024-12-09T08:09,2024-12-09T17:28,33574.84,8173.57,7.40,7.40,0.00,6.0
2024-12-10,55,46.8,52.1,42.5,43.7,49.4,39.4,8.2,17.9,98,2024-12-10T08:09,2024-12-10T17:28,33529.10,0.00,2.10,2.10,0.00,3.0
2024-12-11,63,55.5,61.2,42.8,52.5,59.0,34.2,14.9,33.3,187,2024-12-11T08:10,2024-12-11T17:28,33487.17,0.00,34.30,34.30,0.00,23.0
2024-12-12,51,35.0,41.4,28.5,25.4,32.6,20.4,15.6,38.5,267,2024-12-12T08:11,2024-12-12T17:28,33449.16,25975.48,0.10,0.10,0.00,1.0
2024-12-13,1,27.9,32.6,25.1,20.3,24.0,18.1,7.0,18.6,293,2024-12-13T08:12,2024-12-13T17:29,33415.18,29297.89,0.00,0.00,0.00,0.0
2024-12-14,3,27.3,33.3,22.2,20.5,26.2,15.2,5.2,15.2,3,2024-12-14T08:12,2024-12-14T17:29,33385.32,29375.57,0.00,0.00,0.00,0.0
2024-12-15,51,30.0,37.7,23.3,23.2,31.4,16.1,6.2,12.8,21,2024-12-15T08:13,2024-12-15T17:29,33359.66,15475.16,0.10,0.10,0.00,1.0
2024-12-16,63,42.0,49.3,35.1,37.5,45.8,29.1,7.8,15.9,80,2024-12-16T08:14,2024-12-16T17:29,33338.32,0.00,15.40,15.40,0.00,17.0
2024-12-17,61,51.6,58.6,45.6,47.5,55.8,40.2,9.8,21.3,231,2024-12-17T08:14,2024-12-17T17:30,33321.38,22504.80,4.70,4.70,0.00,5.0
2024-12-18,55,43.5,50.1,34.8,39.4,46.2,30.6,6.7,15.4,209,2024-12-18T08:15,2024-12-18T17:30,33308.86,29149.48,2.50,2.50,0.00,5.0
2024-12-19,55,40.2,44.3,33.6,33.6,40.7,27.6,9.3,20.1,329,2024-12-19T08:16,2024-12-19T17:31,33300.54,25594.81,2.60,2.60,0.00,4.0
2024-12-20,71,33.8,36.7,30.8,26.7,29.6,23.5,9.1,22.4,22,2024-12-20T08:16,2024-12-20T17:31,33296.39,0.00,1.70,0.90,0.56,12.0
2024-12-21,73,27.4,32.8,20.3,18.6,26.3,10.5,12.3,32.9,318,2024-12-21T08:17,2024-12-21T17:31,33296.38,25200.00,4.10,0.00,2.87,10.0
2024-12-22,1,15.8,19.7,10.4,6.9,9.9,2.4,9.0,21.3,325,2024-12-22T08:17,2024-12-22T17:32,33300.47,29166.66,0.00,0.00,0.00,0.0
2024-12-23,3,13.8,25.0,5.4,6.3,16.9,-2.2,5.7,11.0,329,2024-12-23T08:17,2024-12-23T17:33,33308.62,29153.01,0.00,0.00,0.00,0.0
2024-12-24,73,29.1,34.8,24.9,22.5,29.6,17.6,6.5,13.9,240,2024-12-24T08:18,2024-12-24T17:33,33320.79,18000.00,1.90,0.00,1.33,3.0
2024-12-25,3,27.0,32.4,20.8,20.1,25.5,13.9,6.3,15.2,359,2024-12-25T08:18,2024-12-25T17:34,33336.94,24335.39,0.00,0.00,0.00,0.0
2024-12-26,3,23.2,31.7,17.5,16.0,25.4,9.5,5.1,11.2,358,2024-12-26T08:19,2024-12-26T17:34,33357.02,29046.94,0.00,0.00,0.00,0.0
2024-12-27,3,25.3,35.8,15.3,19.1,30.3,8.3,3.9,7.8,336,2024-12-27T08:19,2024-12-27T17:35,33381.01,28903.23,0.00,0.00,0.00,0.0
2024-12-28,53,39.4,45.2,35.4,35.5,41.9,30.4,4.2,9.8,225,2024-12-28T08:19,2024-12-28T17:36,33408.83,4075.96,5.60,5.60,0.00,15.0
2024-12-29,53,49.4,61.2,40.1,46.3,60.9,36.7,13.9,30.4,161,2024-12-29T08:19,2024-12-29T17:37,33440.45,18991.34,2.70,2.70,0.00,8.0
2024-12-30,63,52.8,55.6,46.1,47.6,51.7,39.8,15.8,38.3,220,2024-12-30T08:20,2024-12-30T17:37,33475.82,28845.37,5.80,5.80,0.00,7.0
2024-12-31,63,43.4,49.6,34.8,38.4,44.7,30.3,7.6,17.2,143,2024-12-31T08:20,2024-12-31T17:38,33514.89,28948.64,5.90,5.90,0.00,2.0
2025-01-01,63,45.5,51.9,39.2,39.1,45.9,29.4,14.4,34.0,270,2025-01-01T08:20,2025-01-01T17:39,33557.59,18000.00,4.50,4.50,0.00,4.0
2025-01-02,3,36.8,41.9,32.7,26.8,30.8,23.4,15.6,37.8,272,2025-01-02T08:20,2025-01-02T17:40,33603.89,26335.00,0.00,0.00,0.00,0.0
2025-01-03,3,32.9,37.9,28.8,24.2,29.5,20.3,10.6,25.5,264,2025-01-03T08:20,2025-01-03T17:41,33653.73,28946.83,0.00,0.00,0.00,0.0
2025-01-04,3,29.6,32.1,27.4,19.3,21.1,17.3,16.2,36.9,289,2025-01-04T08:20,2025-01-04T17:42,33707.03,28360.23,0.00,0.00,0.00,0.0
2025-01-05,3,28.3,32.8,25.7,18.6,22.1,16.0,12.3,29.5,280,2025-01-05T08:20,2025-01-05T17:43,33763.77,27395.67,0.00,0.00,0.00,0.0
2025-01-06,73,28.0,29.4,24.2,20.9,23.9,14.0,10.4,23.5,327,2025-01-06T08:20,2025-01-06T17:44,33823.86,0.00,1.70,0.00,1.19,6.0
2025-01-07,3,22.8,26.9,16.5,11.5,15.9,4.9,18.6,45.6,309,2025-01-07T08:20,2025-01-07T17:45,33887.49,25057.49,0.00,0.00,0.00,0.0
2025-01-08,3,24.5,27.8,20.3,13.1,15.4,8.7,15.8,36.9,299,2025-01-08T08:20,2025-01-08T17:45,33955.33,29405.28,0.00,0.00,0.00,0.0
2025-01-09,3,24.7,29.5,20.0,12.5,16.6,8.6,18.0,41.8,310,2025-01-09T08:19,2025-01-09T17:46,34027.28,29360.04,0.00,0.00,0.00,0.0
2025-01-10,3,30.6,38.1,25.2,21.3,29.5,14.4,14.0,32.0,317,2025-01-10T08:19,2025-01-10T17:48,34103.18,29014.71,0.00,0.00,0.00,0.0
2025-01-11,73,30.0,33.0,27.0,22.5,25.3,19.1,10.8,24.4,311,2025-01-11T08:19,2025-01-11T17:49,34182.86,13476.34,2.00,0.00,1.40,6.0
2025-01-12,3,33.2,40.9,28.8,25.9,33.4,20.2,9.3,22.4,316,2025-01-12T08:18,2025-01-12T17:50,34266.15,29919.16,0.00,0.00,0.00,0.0
2025-01-13,3,34.5,44.1,28.8,27.1,35.6,21.9,11.4,26.2,242,2025-01-13T08:18,2025-01-13T17:51,34352.91,30116.61,0.00,0.00,0.00,0.0
2025-01-14,3,29.1,32.8,25.6,19.6,24.1,15.6,13.1,30.9,291,2025-01-14T08:18,2025-01-14T17:52,34442.96,30422.86,0.00,0.00,0.00,0.0
2025-01-15,3,26.1,30.3,22.0,15.9,18.7,11.7,14.7,36.2,308,2025-01-15T08:17,2025-01-15T17:53,34536.15,30372.74,0.00,0.00,0.00,0.0
2025-01-16,71,26.5,31.2,21.6,18.6,22.2,13.4,6.7,18.3,232,2025-01-16T08:17,2025-01-16T17:54,34632.32,18382.93,0.30,0.00,0.21,3.0
2025-01-17,3,31.0,41.2,23.3,23.8,34.5,16.2,6.7,17.0,254,2025-01-17T08:16,2025-01-17T17:55,34731.33,27629.38,0.00,0.00,0.00,0.0
2025-01-18,53,37.3,43.9,30.6,31.2,38.3,23.0,9.3,20.6,191,2025-01-18T08:16,2025-01-18T17:56,34832.99,1650.09,2.10,2.10,0.00,5.0
2025-01-19,75,33.5,36.9,28.5,26.5,31.0,19.5,11.4,24.4,344,2025-01-19T08:15,2025-01-19T17:58,34937.18,0.00,8.80,0.30,5.95,12.0
2025-01-20,71,19.4,27.5,13.3,10.2,18.7,4.5,10.1,23.5,290,2025-01-20T08:15,2025-01-20T17:59,35043.73,31157.97,0.20,0.00,0.14,2.0
2025-01-21,71,11.7,17.1,3.7,3.0,8.3,-4.8,6.2,14.1,257,2025-01-21T08:14,2025-01-21T18:00,35152.50,25500.99,0.40,0.00,0.28,4.0
2025-01-22,3,10.9,17.5,2.2,3.0,10.4,-6.1,6.8,14.8,326,2025-01-22T08:13,2025-01-22T18:01,35263.35,31513.15,0.00,0.00,0.00,0.0
2025-01-23,3,16.7,26.0,8.7,9.0,17.8,0.8,5.1,12.3,244,2025-01-23T08:13,2025-01-23T18:02,35376.12,30806.87,0.00,0.00,0.00,0.0
2025-01-24,3,20.8,30.3,13.0,12.8,22.1,5.0,6.6,16.3,266,2025-01-24T08:12,2025-01-24T18:04,35490.68,31800.92,0.00,0.00,0.00,0.0
2025-01-25,3,19.6,28.6,8.8,12.0,20.0,1.9,7.2,17.7,235,2025-01-25T08:11,2025-01-25T18:05,35606.89,31901.85,0.00,0.00,0.00,0.0
2025-01-26,3,30.3,39.6,22.1,22.4,31.2,14.6,9.9,22.8,255,2025-01-26T08:11,2025-01-26T18:06,35724.61,31038.17,0.00,0.00,0.00,0.0
2025-01-27,3,29.8,35.9,23.4,21.2,26.7,15.4,11.0,23.7,235,2025-01-27T08:10,2025-01-27T18:07,35844.12,32328.78,0.00,0.00,0.00,0.0
2025-01-28,3,33.3,40.1,26.9,24.0,29.5,20.4,14.5,34.2,268,2025-01-28T08:09,2025-01-28T18:08,35966.59,28534.85,0.00,0.00,0.00,0.0
2025-01-29,3,39.5,48.6,32.7,30.1,39.1,22.8,14.5,35.1,254,2025-01-29T08:08,2025-01-29T18:10,36091.93,32598.10,0.00,0.00,0.00,0.0
2025-01-30,3,28.6,34.1,20.9,20.3,26.2,12.9,9.6,25.7,285,2025-01-30T08:07,2025-01-30T18:11,36219.96,32262.05,0.00,0.00,0.00,0.0
2025-01-31,61,38.7,43.3,33.4,33.7,39.7,25.7,8.4,15.9,209,2025-01-31T08:06,2025-01-31T18:12,36350.50,0.00,10.30,10.30,0.00,18.0
2025-02-01,53,33.4,43.3,21.8,24.9,38.5,12.0,12.0,31.3,335,2025-02-01T08:05,2025-02-01T18:13,36483.36,29039.32,2.40,2.40,0.00,5.0
2025-02-02,73,24.1,34.6,15.0,16.3,27.5,6.4,7.3,17.7,53,2025-02-02T08:04,2025-02-02T18:15,36618.38,15796.87,1.20,0.00,0.84,3.0
2025-02-03,71,35.5,43.2,26.7,30.0,38.1,20.7,8.0,15.9,212,2025-02-03T08:03,2025-02-03T18:16,36755.37,29643.89,0.30,0.00,0.21,2.0
2025-02-04,51,38.7,43.2,31.3,30.5,34.9,22.3,14.3,33.1,313,2025-02-04T08:02,2025-02-04T18:17,36894.16,29809.05,0.30,0.30,0.00,1.0
2025-02-05,3,29.6,35.4,26.0,21.8,28.2,17.6,9.0,21.0,331,2025-02-05T08:01,2025-02-05T18:18,37034.61,27643.26,0.00,0.00,0.00,0.0
2025-02-06,75,34.2,40.2,28.8,28.0,35.3,22.2,8.8,20.6,155,2025-02-06T08:00,2025-02-06T18:20,37176.53,1027.04,8.50,3.60,3.43,12.0
2025-02-07,3,34.7,41.4,27.4,26.0,31.6,20.3,15.9,37.8,286,2025-02-07T07:59,2025-02-07T18:21,37319.76,33921.48,0.00,0.00,0.00,0.0
2025-02-08,75,28.9,34.2,24.3,21.7,27.4,15.6,6.3,14.1,318,2025-02-08T07:58,2025-02-08T18:22,37464.16,18445.02,7.80,0.40,5.18,4.0
2025-02-09,75,32.0,34.7,28.2,25.4,27.3,21.8,8.1,19.5,318,2025-02-09T07:56,2025-02-09T18:23,37609.57,28176.49,6.40,3.80,1.82,8.0
2025-02-10,3,28.4,33.2,22.8,20.9,25.1,15.5,8.0,20.1,307,2025-02-10T07:55,2025-02-10T18:24,37755.82,31244.92,0.00,0.00,0.00,0.0
2025-02-11,73,24.6,31.8,15.6,18.4,26.1,9.1,3.6,8.1,341,2025-02-11T07:54,2025-02-11T18:26,37902.80,6367.16,1.20,0.00,0.84,5.0
2025-02-12,73,31.0,32.9,28.3,24.0,26.3,21.2,8.1,18.3,39,2025-02-12T07:53,2025-02-12T18:27,38050.33,0.00,4.50,0.00,3.15,11.0
2025-02-13,71,38.2,45.1,33.2,32.0,38.0,26.3,12.0,27.7,289,2025-02-13T07:51,2025-02-13T18:28,38198.29,10678.83,6.60,6.40,0.14,12.0
2025-02-14,3,30.2,34.0,26.5,20.9,24.5,17.9,11.9,28.4,304,2025-02-14T07:50,2025-02-14T18:29,38346.54,34877.45,0.00,0.00,0.00,0.0
2025-02-15,73,30.5,35.2,25.0,23.4,27.7,18.3,7.9,19.5,111,2025-02-15T07:49,2025-02-15T18:31,38494.92,4363.55,6.90,3.80,2.17,9.0
2025-02-16,63,37.5,45.5,33.7,31.2,37.4,27.1,17.8,38.7,345,2025-02-16T07:48,2025-02-16T18:32,38643.75,0.00,23.10,23.10,0.00,20.0
2025-02-17,3,29.4,33.8,26.0,18.1,22.2,15.1,16.9,41.2,275,2025-02-17T07:46,2025-02-17T18:33,38794.29,35123.02,0.00,0.00,0.00,0.0
2025-02-18,3,22.7,26.8,17.1,11.7,17.9,6.0,12.8,32.9,293,2025-02-18T07:45,2025-02-18T18:34,38946.48,35293.54,0.00,0.00,0.00,0.0
2025-02-19,3,22.9,30.2,15.6,13.3,21.0,5.8,10.3,26.4,300,2025-02-19T07:44,2025-02-19T18:35,39100.20,35294.41,0.00,0.00,0.00,0.0
2025-02-20,71,23.5,30.3,16.6,14.4,21.9,8.4,12.0,27.1,322,2025-02-20T07:42,2025-02-20T18:36,39255.28,23601.11,0.90,0.00,0.63,8.0
2025-02-21,3,25.1,31.7,20.7,14.5,21.4,9.9,12.8,31.1,312,2025-02-21T07:41,2025-02-21T18:38,39411.59,35631.76,0.00,0.00,0.00,0.0
2025-02-22,3,28.3,38.8,18.9,20.3,31.2,10.1,9.3,22.1,260,2025-02-22T07:39,2025-02-22T18:39,39569.00,35561.99,0.00,0.00,0.00,0.0
2025-02-23,3,36.6,46.5,28.9,29.7,39.8,20.9,7.3,17.0,261,2025-02-23T07:38,2025-02-23T18:40,39727.37,34195.09,0.00,0.00,0.00,0.0
2025-02-24,3,38.3,47.1,29.0,31.7,40.0,23.3,10.8,23.3,162,2025-02-24T07:36,2025-02-24T18:41,39886.56,35745.95,0.00,0.00,0.00,0.0
2025-02-25,3,45.0,54.8,38.7,39.7,50.2,32.3,8.0,19.5,217,2025-02-25T07:35,2025-02-25T18:42,40046.44,27509.80,0.00,0.00,0.00,0.0
2025-02-26,51,45.1,57.0,36.5,39.1,50.0,30.2,11.8,28.6,305,2025-02-26T07:33,2025-02-26T18:44,40206.89,34943.46,0.10,0.10,0.00,1.0
2025-02-27,63,47.6,54.0,40.6,43.2,50.9,35.5,9.2,21.0,189,2025-02-27T07:32,2025-02-27T18:45,40367.77,2211.98,9.20,9.20,0.00,9.0
2025-02-28,3,43.2,49.7,35.6,35.9,41.2,28.6,11.1,27.1,275,2025-02-28T07:30,2025-02-28T18:46,40528.96,36000.00,0.00,0.00,0.00,0.0
2025-03-01,3,44.8,61.1,30.7,36.1,54.1,19.8,16.4,38.9,260,2025-03-01T07:29,2025-03-01T18:47,40690.34,31725.66,0.00,0.00,0.00,0.0
2025-03-02,3,26.1,33.3,19.1,15.8,23.5,8.7,11.9,29.5,322,2025-03-02T07:27,2025-03-02T18:48,40851.78,37322.75,0.00,0.00,0.00,0.0
2025-03-03,3,29.4,38.8,22.2,21.3,30.0,13.3,8.1,20.6,286,2025-03-03T07:26,2025-03-03T18:49,41013.16,37312.54,0.00,0.00,0.00,0.0
2025-03-04,3,40.8,55.5,28.7,34.1,49.4,21.3,8.1,20.6,202,2025-03-04T07:24,2025-03-04T18:50,41174.37,34765.55,0.00,0.00,0.00,0.0
2025-03-05,65,49.7,54.9,42.4,44.0,49.3,37.4,17.4,40.3,163,2025-03-05T07:22,2025-03-05T18:51,41335.28,728.61,39.20,39.20,0.00,8.0
2025-03-06,63,49.5,54.1,36.4,43.0,51.2,25.9,15.7,39.8,278,2025-03-06T07:21,2025-03-06T18:53,41495.77,35049.45,2.90,2.90,0.00,2.0
2025-03-07,3,39.0,47.0,30.8,28.8,36.4,21.1,18.9,43.8,289,2025-03-07T07:19,2025-03-07T18:54,41655.73,38046.50,0.00,0.00,0.00,0.0
2025-03-08,3,38.7,43.3,34.1,30.0,33.9,26.0,14.1,34.2,292,2025-03-08T07:18,2025-03-08T18:55,41815.44,36850.46,0.00,0.00,0.00,0.0
2025-03-09,3,38.8,50.9,28.0,30.9,44.1,20.8,15.2,39.4,267,2025-03-09T07:16,2025-03-09T18:56,41976.06,38388.06,0.00,0.00,0.00,0.0
2025-03-10,2,49.2,63.0,38.8,44.0,59.6,31.0,8.2,17.2,227,2025-03-10T07:15,2025-03-10T18:57,42137.58,38482.41,0.00,0.00,0.00,0.0
2025-03-11,1,49.4,61.2,37.2,45.1,57.7,32.7,7.0,19.0,176,2025-03-11T07:13,2025-03-11T18:58,42299.89,38854.10,0.00,0.00,0.00,0.0
2025-03-12,3,45.6,52.6,37.8,39.0,46.9,29.7,9.3,20.1,12,2025-03-12T07:11,2025-03-12T18:59,42462.88,38560.07,0.00,0.00,0.00,0.0
2025-03-13,3,42.4,51.0,35.8,37.0,46.7,29.3,6.8,17.9,75,2025-03-13T07:10,2025-03-13T19:00,42626.44,38061.04,0.00,0.00,0.00,0.0
2025-03-14,3,43.1,55.4,33.6,38.6,54.6,27.8,6.5,17.2,78,2025-03-14T07:08,2025-03-14T19:01,42790.48,39366.55,0.00,0.00,0.00,0.0
2025-03-15,51,44.0,48.8,38.7,39.9,44.3,34.8,7.4,18.1,160,2025-03-15T07:06,2025-03-15T19:02,42954.88,1732.37,0.50,0.50,0.00,4.0
2025-03-16,63,55.1,60.8,45.6,52.0,57.5,42.6,15.1,38.7,164,2025-03-16T07:05,2025-03-16T19:04,43119.54,0.00,8.20,8.20,0.00,3.0
2025-03-17,65,53.1,58.8,38.2,49.1,58.8,29.5,13.7,33.1,314,2025-03-17T07:03,2025-03-17T19:05,43284.35,0.00,30.90,30.90,0.00,11.0
2025-03-18,3,44.5,57.6,33.4,37.7,53.0,24.1,11.1,25.9,349,2025-03-18T07:01,2025-03-18T19:06,43449.21,40280.38,0.00,0.00,0.00,0.0
2025-03-19,3,46.7,57.7,37.3,42.3,54.7,33.1,6.4,16.6,142,2025-03-19T07:00,2025-03-19T19:07,43614.02,40446.18,0.00,0.00,0.00,0.0
2025-03-20,63,46.2,50.4,42.2,42.2,45.9,37.9,10.2,24.4,139,2025-03-20T06:58,2025-03-20T19:08,43778.66,3914.76,11.40,11.40,0.00,4.0
2025-03-21,63,43.9,49.0,36.7,35.0,45.0,26.0,16.0,38.3,315,2025-03-21T06:56,2025-03-21T19:09,43943.05,40776.42,7.30,7.30,0.00,6.0
2025-03-22,3,47.2,61.8,36.7,40.5,55.3,30.6,13.7,31.8,257,2025-03-22T06:55,2025-03-22T19:10,44107.06,38531.70,0.00,0.00,0.00,0.0
2025-03-23,3,37.9,47.1,27.9,30.3,41.4,18.1,11.2,29.8,302,2025-03-23T06:53,2025-03-23T19:11,44270.60,38411.39,0.00,0.00,0.00,0.0
2025-03-24,63,45.0,51.3,39.6,40.2,49.5,32.6,10.2,20.6,173,2025-03-24T06:51,2025-03-24T19:12,44433.55,2785.58,13.70,13.70,0.00,14.0
2025-03-25,3,48.9,57.8,41.0,42.1,48.1,34.8,16.3,37.8,253,2025-03-25T06:50,2025-03-25T19:13,44595.82,41428.70,0.00,0.00,0.00,0.0
2025-03-26,51,43.0,50.5,36.0,36.1,44.0,30.2,11.2,27.3,310,2025-03-26T06:48,2025-03-26T19:14,44757.29,32523.29,0.30,0.30,0.00,3.0
2025-03-27,1,40.5,50.0,31.3,33.2,41.7,24.6,10.0,26.4,288,2025-03-27T06:46,2025-03-27T19:15,44917.85,41749.09,0.00,0.00,0.00,0.0
2025-03-28,55,50.3,60.5,40.5,45.1,55.3,32.5,8.2,17.7,231,2025-03-28T06:45,2025-03-28T19:16,45077.77,37080.70,1.30,1.30,0.00,2.0
2025-03-29,61,61.0,79.6,45.4,58.2,76.4,41.7,13.5,30.9,245,2025-03-29T06:43,2025-03-29T19:17,45238.11,39718.79,7.30,7.30,0.00,8.0
2025-03-30,51,47.9,57.2,42.4,44.4,55.0,37.9,5.6,16.6,107,2025-03-30T06:42,2025-03-30T19:18,45398.88,16571.69,0.30,0.30,0.00,2.0
2025-03-31,65,62.0,75.4,46.9,61.8,76.2,44.4,13.2,32.9,206,2025-03-31T06:40,2025-03-31T19:19,45559.97,34935.36,39.20,39.20,0.00,14.0
2025-04-01,63,48.1,61.0,40.4,41.2,62.1,31.3,14.0,30.6,326,2025-04-01T06:38,2025-04-01T19:20,45721.30,42543.24,6.60,6.60,0.00,4.0
2025-04-02,3,40.7,47.5,32.6,33.8,42.2,25.2,10.0,27.3,100,2025-04-02T06:37,2025-04-02T19:22,45882.75,35247.73,0.00,0.00,0.00,0.0
2025-04-03,53,59.5,72.4,44.1,57.6,72.4,38.6,13.7,34.2,211,2025-04-03T06:35,2025-04-03T19:23,46044.22,3600.00,1.50,1.50,0.00,6.0
2025-04-04,63,63.7,70.5,55.3,61.3,71.1,52.7,9.7,24.8,312,2025-04-04T06:33,2025-04-04T19:24,46205.62,34687.89,7.20,7.20,0.00,5.0
2025-04-05,53,49.3,55.1,43.1,44.5,51.3,39.1,10.3,25.5,83,2025-04-05T06:32,2025-04-05T19:25,46366.86,0.00,1.50,1.50,0.00,6.0
2025-04-06,61,49.9,60.1,43.1,46.1,55.7,39.3,8.7,21.0,341,2025-04-06T06:30,2025-04-06T19:26,46527.80,8703.88,3.10,3.10,0.00,7.0
2025-04-07,55,43.2,48.7,40.2,38.1,42.8,34.6,7.4,17.0,27,2025-04-07T06:29,2025-04-07T19:27,46688.37,0.00,8.50,8.50,0.00,17.0
2025-04-08,3,40.5,44.3,35.8,32.0,38.7,25.7,16.8,39.1,294,2025-04-08T06:27,2025-04-08T19:28,46848.44,43200.00,0.00,0.00,0.00,0.0
2025-04-09,1,38.0,47.3,29.3,30.9,42.4,20.5,9.3,23.5,289,2025-04-09T06:25,2025-04-09T19:29,47007.92,43200.00,0.00,0.00,0.00,0.0
2025-04-10,51,41.5,49.4,35.2,35.7,43.7,30.0,10.7,27.1,143,2025-04-10T06:24,2025-04-10T19:30,47166.69,25200.00,0.70,0.70,0.00,6.0
2025-04-11,61,42.7,45.6,40.4,37.4,41.2,34.4,11.1,23.7,44,2025-04-11T06:22,2025-04-11T19:31,47324.64,0.00,11.70,11.70,0.00,14.0
2025-04-12,73,39.3,42.4,35.1,31.4,34.7,25.8,14.3,29.5,13,2025-04-12T06:21,2025-04-12T19:32,47481.65,0.00,17.20,15.30,1.33,20.0
2025-04-13,3,48.2,57.5,39.3,41.3,50.4,32.2,12.3,31.1,339,2025-04-13T06:19,2025-04-13T19:33,47637.62,21083.76,0.00,0.00,0.00,0.0
2025-04-14,3,51.3,61.5,41.1,47.2,57.3,36.1,7.0,16.8,254,2025-04-14T06:17,2025-04-14T19:34,47792.42,29951.40,0.00,0.00,0.00,0.0
2025-04-15,61,56.3,66.0,48.4,51.5,61.8,40.7,16.6,40.9,254,2025-04-15T06:16,2025-04-15T19:35,47945.93,25097.51,1.40,1.40,0.00,2.0
2025-04-16,3,46.0,50.6,41.8,37.2,39.9,33.8,16.1,37.6,286,2025-04-16T06:14,2025-04-16T19:36,48098.03,29012.10,0.00,0.00,0.00,0.0
2025-04-17,2,48.9,60.3,38.3,43.0,54.7,31.8,9.1,23.3,297,2025-04-17T06:13,2025-04-17T19:37,48248.95,43888.39,0.00,0.00,0.00,0.0
2025-04-18,3,53.7,65.3,39.6,49.8,62.3,35.3,11.0,26.2,169,2025-04-18T06:12,2025-04-18T19:38,48399.74,41807.73,0.00,0.00,0.00,0.0
2025-04-19,51,70.0,81.0,60.4,68.2,80.8,57.5,12.1,28.6,224,2025-04-19T06:10,2025-04-19T19:39,48550.39,27531.60,0.10,0.10,0.00,1.0
2025-04-20,3,61.1,71.9,51.7,56.1,71.7,43.8,12.2,31.3,327,2025-04-20T06:09,2025-04-20T19:40,48700.78,43200.00,0.00,0.00,0.00,0.0
2025-04-21,51,51.2,56.6,45.3,45.8,49.3,40.5,9.1,23.3,128,2025-04-21T06:07,2025-04-21T19:41,48850.82,15031.88,0.30,0.30,0.00,2.0
2025-04-22,51,65.8,81.0,52.1,63.9,78.8,49.5,9.6,24.6,270,2025-04-22T06:06,2025-04-22T19:42,49000.38,43895.66,0.10,0.10,0.00,1.0
2025-04-23,3,63.8,77.4,49.7,60.1,73.4,46.5,9.1,21.3,342,2025-04-23T06:04,2025-04-23T19:44,49149.36,44981.31,0.00,0.00,0.00,0.0
2025-04-24,3,67.2,79.4,52.7,63.6,77.1,49.9,9.8,26.4,173,2025-04-24T06:03,2025-04-24T19:45,49297.65,44684.82,0.00,0.00,0.00,0.0
2025-04-25,3,67.0,77.1,58.0,63.6,76.2,54.7,10.2,25.1,185,2025-04-25T06:01,2025-04-25T19:46,49445.11,42922.66,0.00,0.00,0.00,0.0
2025-04-26,63,65.4,72.2,57.2,64.9,73.5,49.7,13.3,30.0,224,2025-04-26T06:00,2025-04-26T19:47,49591.64,859.87,13.20,13.20,0.00,18.0
2025-04-27,3,53.3,57.7,47.2,44.8,49.6,40.1,18.9,47.9,312,2025-04-27T05:59,2025-04-27T19:48,49737.10,36029.11,0.00,0.00,0.00,0.0
2025-04-28,3,61.0,72.9,48.6,56.7,71.7,42.8,7.9,20.4,303,2025-04-28T05:57,2025-04-28T19:49,49881.39,46218.02,0.00,0.00,0.00,0.0
2025-04-29,3,67.3,81.0,52.2,63.4,79.2,47.7,12.0,28.0,215,2025-04-29T05:56,2025-04-29T19:50,50024.35,45322.13,0.00,0.00,0.00,0.0
2025-04-30,3,69.0,73.2,61.7,65.0,69.5,56.0,11.1,27.7,306,2025-04-30T05:55,2025-04-30T19:51,50165.88,40719.14,0.00,0.00,0.00,0.0
2025-05-01,3,60.5,70.3,50.6,55.7,67.3,45.5,9.1,24.8,121,2025-05-01T05:53,2025-05-01T19:52,50305.82,46166.91,0.00,0.00,0.00,0.0
2025-05-02,3,71.5,86.4,57.8,71.7,87.4,55.1,9.9,26.6,190,2025-05-02T05:52,2025-05-02T19:53,50444.05,41649.77,0.00,0.00,0.00,0.0
2025-05-03,63,73.0,84.4,65.1,74.6,86.7,65.8,9.1,32.0,200,2025-05-03T05:51,2025-05-03T19:54,50580.43,45327.23,8.70,8.70,0.00,5.0
2025-05-04,63,64.2,70.5,59.7,65.4,73.1,59.5,8.2,21.9,146,2025-05-04T05:50,2025-05-04T19:55,50714.80,13271.89,13.60,13.60,0.00,13.0
2025-05-05,63,61.3,68.6,58.0,61.9,69.5,57.5,8.4,21.5,89,2025-05-05T05:49,2025-05-05T19:56,50847.04,253.02,12.70,12.70,0.00,15.0
2025-05-06,65,61.5,66.6,57.4,61.5,66.9,56.6,9.4,23.9,136,2025-05-06T05:47,2025-05-06T19:57,50976.98,27425.88,21.30,21.30,0.00,9.0
2025-05-07,51,64.3,72.8,57.1,63.5,70.0,56.2,7.4,20.1,234,2025-05-07T05:46,2025-05-07T19:58,51104.83,38863.40,0.30,0.30,0.00,2.0
2025-05-08,51,65.5,75.9,56.6,66.7,82.6,57.0,6.8,19.0,355,2025-05-08T05:45,2025-05-08T19:59,51231.54,46029.86,0.40,0.40,0.00,1.0
2025-05-09,63,57.9,62.6,54.1,56.7,63.2,50.9,7.8,20.4,1,2025-05-09T05:44,2025-05-09T20:00,51357.09,1605.36,14.60,14.60,0.00,14.0
2025-05-10,3,59.4,69.3,50.4,54.8,65.0,45.5,14.5,34.4,305,2025-05-10T05:43,2025-05-10T20:01,51481.37,44549.03,0.00,0.00,0.00,0.0
2025-05-11,3,64.1,74.3,52.5,62.7,75.4,50.5,7.7,19.5,323,2025-05-11T05:42,2025-05-11T20:02,51604.26,48178.73,0.00,0.00,0.00,0.0
2025-05-12,3,61.3,68.8,51.7,59.6,68.1,49.4,7.2,19.9,133,2025-05-12T05:41,2025-05-12T20:03,51725.64,46178.49,0.00,0.00,0.00,0.0
2025-05-13,55,63.4,68.9,58.8,64.4,70.2,60.1,6.8,16.8,130,2025-05-13T05:40,2025-05-13T20:04,51845.39,327.46,3.90,3.90,0.00,11.0
2025-05-14,65,61.6,66.8,59.1,61.2,65.8,58.4,10.6,27.5,97,2025-05-14T05:39,2025-05-14T20:05,51963.41,6172.10,26.50,26.50,0.00,17.0
2025-05-15,63,65.4,73.5,60.3,67.9,78.4,61.7,6.8,19.2,111,2025-05-15T05:38,2025-05-15T20:06,52079.54,31382.96,4.10,4.10,0.00,6.0
2025-05-16,53,64.7,72.4,59.5,67.7,75.3,61.8,8.3,24.2,167,2025-05-16T05:37,2025-05-16T20:07,52193.67,11270.18,0.90,0.90,0.00,3.0
2025-05-17,61,71.3,80.4,63.3,74.1,85.5,67.0,11.9,29.5,214,2025-05-17T05:36,2025-05-17T20:08,52305.67,38636.80,2.50,2.50,0.00,3.0
2025-05-18,51,66.5,73.8,59.0,63.2,70.9,55.1,15.5,40.0,284,2025-05-18T05:35,2025-05-18T20:09,52415.41,47960.11,0.50,0.50,0.00,3.0
2025-05-19,3,60.8,68.4,54.0,55.2,65.2,46.8,13.5,31.1,317,2025-05-19T05:34,2025-05-19T20:10,52522.77,49029.84,0.00,0.00,0.00,0.0
2025-05-20,3,57.1,65.7,47.7,52.6,62.2,42.8,9.4,25.3,353,2025-05-20T05:34,2025-05-20T20:11,52627.58,46119.09,0.00,0.00,0.00,0.0
2025-05-21,53,54.2,57.4,49.4,50.0,56.2,45.5,11.3,26.4,104,2025-05-21T05:33,2025-05-21T20:12,52729.74,0.00,4.00,4.00,0.00,12.0
2025-05-22,63,51.1,54.8,48.4,47.0,50.9,44.2,12.7,29.3,48,2025-05-22T05:32,2025-05-22T20:13,52829.09,129.41,22.80,22.80,0.00,20.0
2025-05-23,61,53.7,62.4,47.9,51.0,59.1,45.1,8.7,23.5,283,2025-05-23T05:31,2025-05-23T20:14,52925.48,23059.99,3.20,3.20,0.00,10.0
2025-05-24,51,56.0,62.9,47.5,51.6,58.8,42.7,11.3,28.4,283,2025-05-24T05:31,2025-05-24T20:14,53018.80,45853.70,0.50,0.50,0.00,2.0
2025-05-25,3,59.0,66.8,50.8,54.7,60.8,46.6,11.0,26.2,298,2025-05-25T05:30,2025-05-25T20:15,53108.89,43951.85,0.00,0.00,0.00,0.0
2025-05-26,1,62.2,72.2,51.0,59.6,68.9,47.9,8.1,20.6,334,2025-05-26T05:29,2025-05-26T20:16,53195.59,49630.14,0.00,0.00,0.00,0.0
2025-05-27,3,65.6,78.3,53.5,64.1,78.1,52.3,9.1,22.6,191,2025-05-27T05:29,2025-05-27T20:17,53279.03,34006.23,0.00,0.00,0.00,0.0
2025-05-28,63,60.4,66.3,54.6,58.1,63.5,53.0,7.2,19.7,156,2025-05-28T05:28,2025-05-28T20:18,53359.88,572.59,10.60,10.60,0.00,10.0
2025-05-29,53,63.1,71.1,55.0,63.3,72.9,53.8,7.6,18.3,20,2025-05-29T05:28,2025-05-29T20:18,53438.12,14910.54,2.90,2.90,0.00,13.0
2025-05-30,61,66.6,74.4,61.3,68.8,78.0,62.6,7.4,20.1,191,2025-05-30T05:27,2025-05-30T20:19,53513.68,32267.28,7.70,7.70,0.00,7.0
2025-05-31,65,61.3,67.2,54.3,58.8,64.2,49.2,15.9,37.6,287,2025-05-31T05:27,2025-05-31T20:20,53586.47,32800.00,39.40,39.40,0.00,14.0
2025-06-01,3,58.0,66.0,49.5,53.2,61.9,44.5,12.9,31.1,276,2025-06-01T05:26,2025-06-01T20:21,53656.41,45104.80,0.00,0.00,0.00,0.0
2025-06-02,3,61.2,71.1,50.0,59.2,68.8,48.0,7.7,20.4,288,2025-06-02T05:26,2025-06-02T20:21,53723.42,49299.57,0.00,0.00,0.00,0.0
2025-06-03,1,66.9,80.3,52.6,65.9,81.9,51.7,6.7,17.4,189,2025-06-03T05:26,2025-06-03T20:22,53787.43,49966.90,0.00,0.00,0.00,0.0
2025-06-04,3,72.5,85.7,58.5,72.6,89.1,57.3,8.8,24.4,181,2025-06-04T05:25,2025-06-04T20:23,53848.35,50005.15,0.00,0.00,0.00,0.0
2025-06-05,3,81.5,95.0,68.6,83.9,99.1,70.8,10.1,25.9,212,2025-06-05T05:25,2025-06-05T20:24,53906.10,47289.11,0.00,0.00,0.00,0.0
2025-06-06,63,80.6,89.5,71.1,84.1,92.7,74.8,8.5,23.7,211,2025-06-06T05:25,2025-06-06T20:24,53960.61,46800.00,3.50,3.50,0.00,4.0
2025-06-07,53,74.5,80.3,68.7,78.6,85.2,71.6,10.7,25.7,283,2025-06-07T05:25,2025-06-07T20:25,54011.78,16807.01,3.60,3.60,0.00,10.0
2025-06-08,53,67.9,75.7,62.1,69.5,78.8,62.5,9.4,24.4,94,2025-06-08T05:24,2025-06-08T20:25,54059.56,26651.23,1.70,1.70,0.00,7.0
2025-06-09,53,64.7,70.8,59.5,66.3,73.6,59.6,6.5,16.3,76,2025-06-09T05:24,2025-06-09T20:26,54103.86,6663.23,3.10,3.10,0.00,13.0
2025-06-10,63,68.9,78.3,63.0,72.1,81.0,65.4,7.8,21.0,248,2025-06-10T05:24,2025-06-10T20:26,54144.60,21395.62,17.50,17.50,0.00,6.0
2025-06-11,3,74.8,84.4,62.7,75.1,83.7,65.1,11.6,28.6,278,2025-06-11T05:24,2025-06-11T20:27,54181.71,50235.87,0.00,0.00,0.00,0.0
2025-06-12,51,80.8,93.0,67.8,81.3,94.5,67.8,10.2,27.7,275,2025-06-12T05:24,2025-06-12T20:27,54215.11,47977.91,0.30,0.30,0.00,3.0
2025-06-13,3,75.9,85.8,68.6,74.3,85.9,67.7,7.8,23.0,82,2025-06-13T05:24,2025-06-13T20:28,54244.73,45835.49,0.00,0.00,0.00,0.0
2025-06-14,61,65.3,69.9,60.7,64.3,68.1,60.5,9.0,21.9,54,2025-06-14T05:24,2025-06-14T20:28,54270.51,0.00,5.30,5.30,0.00,15.0
2025-06-15,61,62.7,67.5,59.5,63.3,68.8,59.2,6.8,15.7,79,2025-06-15T05:24,2025-06-15T20:29,54292.36,1462.76,5.40,5.40,0.00,9.0
2025-06-16,55,64.5,68.2,60.5,65.9,69.6,60.7,7.5,18.8,82,2025-06-16T05:24,2025-06-16T20:29,54310.28,6326.30,3.00,3.00,0.00,9.0
2025-06-17,61,66.4,70.5,63.0,69.5,73.5,65.7,6.7,17.4,129,2025-06-17T05:24,2025-06-17T20:29,54324.40,922.51,5.20,5.20,0.00,9.0
2025-06-18,63,71.6,83.7,65.0,77.5,91.7,68.8,7.5,19.9,177,2025-06-18T05:24,2025-06-18T20:30,54334.76,15481.44,11.60,11.60,0.00,12.0
2025-06-19,61,78.8,88.7,71.9,85.4,96.8,75.8,10.6,28.6,224,2025-06-19T05:24,2025-06-19T20:30,54341.36,46800.00,4.70,4.70,0.00,8.0
2025-06-20,51,75.2,83.0,65.5,75.3,83.3,63.1,11.0,29.1,276,2025-06-20T05:24,2025-06-20T20:30,54344.25,50400.00,0.30,0.30,0.00,2.0
2025-06-21,3,80.5,91.8,68.4,83.4,95.1,71.7,9.4,20.6,257,2025-06-21T05:25,2025-06-21T20:30,54343.43,50400.00,0.00,0.00,0.00,0.0
2025-06-22,51,84.3,93.5,75.9,88.5,97.8,78.4,12.0,30.4,250,2025-06-22T05:25,2025-06-22T20:31,54338.93,30331.83,0.30,0.30,0.00,2.0
2025-06-23,3,91.2,104.6,80.0,100.1,112.6,89.3,4.4,16.1,315,2025-06-23T05:25,2025-06-23T20:31,54330.77,50400.00,0.00,0.00,0.00,0.0
2025-06-24,2,94.8,104.9,84.4,98.7,107.1,90.6,10.9,28.4,315,2025-06-24T05:26,2025-06-24T20:31,54319.00,50400.00,0.00,0.00,0.00,0.0
2025-06-25,51,92.6,101.3,83.3,97.2,105.6,87.7,9.9,24.6,324,2025-06-25T05:26,2025-06-25T20:31,54303.62,48817.52,0.30,0.30,0.00,3.0
2025-06-26,51,78.9,87.3,68.2,81.7,94.1,67.3,10.7,27.7,50,2025-06-26T05:26,2025-06-26T20:31,54284.69,46781.29,0.30,0.30,0.00,1.0
2025-06-27,63,68.6,73.6,64.3,67.6,69.9,65.0,8.4,21.9,96,2025-06-27T05:27,2025-06-27T20:31,54262.22,21697.11,7.40,7.40,0.00,2.0
2025-06-28,51,75.9,87.2,64.8,80.4,91.0,66.6,8.9,22.8,237,2025-06-28T05:27,2025-06-28T20:31,54236.26,35671.00,0.70,0.70,0.00,4.0
2025-06-29,3,83.2,91.8,74.0,88.2,95.5,82.1,7.8,21.0,311,2025-06-29T05:28,2025-06-29T20:31,54206.84,50400.00,0.00,0.00,0.00,0.0
2025-06-30,51,83.7,95.2,73.0,88.0,99.8,76.7,10.3,28.0,172,2025-06-30T05:28,2025-06-30T20:31,54174.00,50078.21,0.70,0.70,0.00,2.0
2025-07-01,63,81.2,91.1,75.3,88.3,97.5,83.0,11.0,28.6,227,2025-07-01T05:29,2025-07-01T20:31,54137.77,28800.00,8.20,8.20,0.00,14.0
2025-07-02,53,78.0,85.6,73.2,85.0,90.3,80.3,4.7,12.8,242,2025-07-02T05:29,2025-07-02T20:31,54098.20,30263.11,2.70,2.70,0.00,8.0
2025-07-03,51,78.8,88.8,70.9,82.8,90.4,74.5,11.2,27.7,271,2025-07-03T05:30,2025-07-03T20:31,54055.32,50384.64,0.20,0.20,0.00,2.0
2025-07-04,0,75.1,83.1,65.2,75.6,84.1,64.6,7.2,20.6,311,2025-07-04T05:30,2025-07-04T20:30,54009.19,50353.73,0.00,0.00,0.00,0.0
2025-07-05,3,78.7,90.5,66.6,80.0,91.6,69.0,9.3,24.4,227,2025-07-05T05:31,2025-07-05T20:30,53959.83,50322.01,0.00,0.00,0.00,0.0
2025-07-06,3,82.9,94.3,71.1,84.9,95.7,73.1,8.3,24.2,208,2025-07-06T05:31,2025-07-06T20:30,53907.14,50289.47,0.00,0.00,0.00,0.0
2025-07-07,61,81.6,89.1,75.7,88.5,95.7,83.3,10.2,27.3,177,2025-07-07T05:32,2025-07-07T20:29,53850.64,37576.41,4.10,4.10,0.00,13.0
2025-07-08,65,83.1,98.8,74.7,91.0,105.1,81.9,9.1,24.6,247,2025-07-08T05:33,2025-07-08T20:29,53790.41,44344.18,15.60,15.60,0.00,7.0
2025-07-09,61,81.6,90.4,73.5,88.8,97.4,80.8,5.9,17.4,262,2025-07-09T05:33,2025-07-09T20:29,53726.55,48830.25,1.60,1.60,0.00,2.0
2025-07-10,63,76.4,81.1,73.0,83.5,87.4,80.8,4.1,10.3,196,2025-07-10T05:34,2025-07-10T20:28,53659.21,22151.16,18.60,18.60,0.00,9.0
2025-07-11,51,77.4,84.6,71.0,84.5,93.5,78.6,7.5,21.5,144,2025-07-11T05:35,2025-07-11T20:28,53588.50,48931.54,0.20,0.20,0.00,2.0
2025-07-12,51,78.1,87.3,72.9,84.8,94.4,79.2,8.2,23.5,141,2025-07-12T05:35,2025-07-12T20:27,53514.54,43066.80,0.20,0.20,0.00,2.0
2025-07-13,51,78.4,85.8,72.8,83.7,90.3,78.6,9.0,21.5,148,2025-07-13T05:36,2025-07-13T20:27,53437.44,40860.80,0.20,0.20,0.00,2.0
2025-07-14,63,78.9,88.9,73.8,86.5,96.8,81.5,8.5,23.0,188,2025-07-14T05:37,2025-07-14T20:26,53357.33,38568.84,17.50,17.50,0.00,15.0
2025-07-15,53,78.4,84.1,73.3,87.5,96.6,82.1,5.4,14.3,160,2025-07-15T05:38,2025-07-15T20:26,53274.32,47760.07,2.70,2.70,0.00,9.0
2025-07-16,53,80.3,87.3,73.8,89.6,98.2,83.0,7.2,19.7,195,2025-07-16T05:39,2025-07-16T20:25,53188.54,45459.26,2.20,2.20,0.00,13.0
2025-07-17,61,82.9,92.5,74.9,90.0,98.9,83.4,11.6,32.2,237,2025-07-17T05:39,2025-07-17T20:24,53100.11,38157.86,1.90,1.90,0.00,6.0
2025-07-18,3,79.3,85.8,72.5,80.7,87.9,71.6,9.3,23.5,324,2025-07-18T05:40,2025-07-18T20:24,53009.12,49466.06,0.00,0.00,0.00,0.0
2025-07-19,3,77.0,83.1,70.2,79.6,85.7,71.9,8.7,23.5,148,2025-07-19T05:41,2025-07-19T20:23,52915.72,36811.43,0.00,0.00,0.00,0.0
2025-07-20,61,82.3,93.6,72.3,88.8,98.8,79.0,9.5,21.5,278,2025-07-20T05:42,2025-07-20T20:22,52820.01,42491.69,4.10,4.10,0.00,9.0
2025-07-21,2,80.6,89.4,70.9,80.6,88.8,74.0,12.0,29.1,334,2025-07-21T05:43,2025-07-21T20:21,52722.09,49201.23,0.00,0.00,0.00,0.0
2025-07-22,3,75.0,82.8,67.5,74.3,85.1,65.0,8.7,23.3,84,2025-07-22T05:44,2025-07-22T20:21,52622.08,47855.18,0.00,0.00,0.00,0.0
2025-07-23,3,75.9,84.1,67.5,77.5,86.2,71.9,8.2,21.3,176,2025-07-23T05:45,2025-07-23T20:20,52520.10,46612.61,0.00,0.00,0.00,0.0
2025-07-24,3,79.5,88.2,68.1,81.7,91.2,69.8,8.7,23.0,204,2025-07-24T05:45,2025-07-24T20:19,52416.24,48598.73,0.00,0.00,0.00,0.0
2025-07-25,63,85.3,100.1,76.4,91.4,106.7,81.2,14.1,35.3,265,2025-07-25T05:46,2025-07-25T20:18,52310.62,46309.52,5.40,5.40,0.00,3.0
2025-07-26,3,79.8,87.3,74.7,82.7,92.9,76.7,9.0,24.8,96,2025-07-26T05:47,2025-07-26T20:17,52203.05,39966.75,0.00,0.00,0.00,0.0
2025-07-27,63,78.0,87.5,72.5,83.7,92.6,76.9,8.6,21.9,209,2025-07-27T05:48,2025-07-27T20:16,52092.65,20866.74,9.80,9.80,0.00,10.0
2025-07-28,0,85.7,95.5,74.7,91.1,100.3,79.7,7.4,19.5,342,2025-07-28T05:49,2025-07-28T20:15,51979.51,48512.53,0.00,0.00,0.00,0.0
2025-07-29,3,90.0,103.3,76.9,96.3,108.6,85.9,5.9,19.7,247,2025-07-29T05:50,2025-07-29T20:14,51863.78,44804.82,0.00,0.00,0.00,0.0
2025-07-30,65,87.9,99.7,80.9,94.7,104.9,89.0,9.1,25.1,196,2025-07-30T05:51,2025-07-30T20:13,51745.60,47880.49,8.40,8.40,0.00,3.0
2025-07-31,63,79.5,89.4,68.0,86.6,97.9,69.1,9.8,25.9,39,2025-07-31T05:52,2025-07-31T20:12,51625.12,31440.57,7.80,7.80,0.00,11.0
2025-08-01,51,68.3,73.5,64.2,69.4,74.8,64.4,10.0,23.7,26,2025-08-01T05:53,2025-08-01T20:11,51502.48,13132.49,1.30,1.30,0.00,8.0
2025-08-02,3,70.2,78.3,63.0,72.1,81.2,62.8,6.3,15.9,5,2025-08-02T05:54,2025-08-02T20:10,51377.83,39127.33,0.00,0.00,0.00,0.0
2025-08-03,2,72.1,82.7,61.9,74.1,86.1,63.7,6.9,16.8,32,2025-08-03T05:55,2025-08-03T20:09,51251.29,47832.98,0.00,0.00,0.00,0.0
2025-08-04,3,76.3,91.8,62.9,78.4,94.5,65.2,9.1,21.7,214,2025-08-04T05:56,2025-08-04T20:08,51123.02,47712.84,0.00,0.00,0.00,0.0
2025-08-05,3,77.1,88.0,68.0,80.7,92.3,73.2,6.1,17.4,125,2025-08-05T05:57,2025-08-05T20:07,50993.12,39960.60,0.00,0.00,0.00,0.0
2025-08-06,51,74.9,83.4,69.7,77.5,86.8,73.6,8.1,20.8,115,2025-08-06T05:58,2025-08-06T20:05,50861.74,17751.08,0.80,0.80,0.00,4.0
2025-08-07,51,73.6,83.6,66.4,75.1,87.6,68.9,8.6,23.7,105,2025-08-07T05:59,2025-08-07T20:04,50729.00,46889.21,0.10,0.10,0.00,1.0
2025-08-08,1,72.4,82.9,62.8,72.9,84.8,64.8,8.0,23.5,125,2025-08-08T06:00,2025-08-08T20:03,50595.04,47192.31,0.00,0.00,0.00,0.0
2025-08-09,2,74.1,86.2,63.3,75.2,88.9,65.5,7.0,20.1,159,2025-08-09T06:01,2025-08-09T20:02,50459.96,47089.62,0.00,0.00,0.00,0.0
2025-08-10,3,78.5,92.0,65.2,79.3,94.8,66.3,8.1,22.6,206,2025-08-10T06:02,2025-08-10T20:00,50323.89,46439.39,0.00,0.00,0.00,0.0
2025-08-11,3,79.6,90.5,69.6,80.9,91.9,72.6,7.9,21.5,196,2025-08-11T06:03,2025-08-11T19:59,50186.95,46527.55,0.00,0.00,0.00,0.0
2025-08-12,3,80.5,92.2,70.2,85.0,98.5,74.7,8.8,24.8,184,2025-08-12T06:04,2025-08-12T19:58,50049.24,45492.40,0.00,0.00,0.00,0.0
2025-08-13,63,80.9,89.8,74.6,88.0,96.1,82.0,8.3,23.3,200,2025-08-13T06:05,2025-08-13T19:56,49910.89,29744.83,9.20,9.20,0.00,8.0
2025-08-14,53,79.7,88.5,72.9,87.9,97.0,81.3,4.0,14.1,331,2025-08-14T06:06,2025-08-14T19:55,49772.00,37430.52,1.00,1.00,0.00,4.0
2025-08-15,2,79.9,90.5,73.3,84.3,96.8,77.0,8.1,21.7,62,2025-08-15T06:07,2025-08-15T19:54,49632.35,44823.51,0.00,0.00,0.00,0.0
2025-08-16,63,78.4,87.2,72.6,84.2,93.8,80.2,6.5,19.7,166,2025-08-16T06:08,2025-08-16T19:52,49490.94,40571.34,4.90,4.90,0.00,4.0
2025-08-17,61,81.2,95.7,71.8,86.5,99.2,76.8,9.1,28.6,242,2025-08-17T06:08,2025-08-17T19:51,49347.82,40139.38,3.40,3.40,0.00,4.0
2025-08-18,51,70.4,77.1,65.7,70.3,82.6,63.8,10.4,25.3,23,2025-08-18T06:09,2025-08-18T19:49,49203.11,7735.19,0.20,0.20,0.00,1.0
2025-08-19,3,69.7,75.7,63.8,68.6,73.2,64.1,8.2,22.6,106,2025-08-19T06:10,2025-08-19T19:48,49056.96,43207.95,0.00,0.00,0.00,0.0
2025-08-20,53,68.0,73.0,60.9,68.3,74.1,59.9,9.4,23.9,57,2025-08-20T06:11,2025-08-20T19:46,48909.47,0.00,2.60,2.60,0.00,11.0
2025-08-21,3,65.2,71.5,60.5,63.5,69.5,57.6,14.1,33.3,28,2025-08-21T06:12,2025-08-21T19:45,48760.78,26137.08,0.00,0.00,0.00,0.0
2025-08-22,0,69.9,80.5,59.1,69.4,81.7,57.3,8.3,18.3,352,2025-08-22T06:13,2025-08-22T19:43,48611.00,43986.12,0.00,0.00,0.00,0.0
2025-08-23,3,71.9,82.6,63.1,71.4,82.2,63.6,13.4,31.5,188,2025-08-23T06:14,2025-08-23T19:42,48460.25,43523.39,0.00,0.00,0.00,0.0
2025-08-24,51,71.9,79.4,63.8,73.7,81.2,65.9,11.6,28.6,169,2025-08-24T06:15,2025-08-24T19:40,48308.64,43563.61,0.20,0.20,0.00,2.0
2025-08-25,3,77.0,89.1,66.6,77.9,88.0,71.4,12.0,31.1,272,2025-08-25T06:16,2025-08-25T19:39,48156.30,43382.23,0.00,0.00,0.00,0.0
2025-08-26,3,73.4,81.8,63.9,70.6,79.2,62.9,10.3,25.7,292,2025-08-26T06:17,2025-08-26T19:37,48003.32,43447.34,0.00,0.00,0.00,0.0
2025-08-27,51,69.5,77.2,62.0,66.9,73.8,60.3,9.7,24.8,307,2025-08-27T06:18,2025-08-27T19:36,47849.81,43200.00,0.10,0.10,0.00,1.0
2025-08-28,3,70.8,81.0,59.4,68.5,77.1,60.1,8.8,23.7,229,2025-08-28T06:19,2025-08-28T19:34,47695.89,35709.01,0.00,0.00,0.00,0.0
2025-08-29,3,72.4,81.5,64.5,70.8,82.0,63.0,9.9,23.7,271,2025-08-29T06:20,2025-08-29T19:33,47541.66,43200.00,0.00,0.00,0.00,0.0
2025-08-30,2,68.5,78.5,57.9,64.7,74.0,55.2,8.7,21.9,326,2025-08-30T06:21,2025-08-30T19:31,47387.21,43295.23,0.00,0.00,0.00,0.0
2025-08-31,3,69.8,81.6,59.0,67.6,77.5,57.2,9.4,24.6,7,2025-08-31T06:22,2025-08-31T19:29,47232.66,41015.58,0.00,0.00,0.00,0.0
2025-09-01,3,71.0,80.1,62.1,69.9,77.4,60.9,10.4,27.7,42,2025-09-01T06:23,2025-09-01T19:28,47078.09,43200.00,0.00,0.00,0.00,0.0
2025-09-02,3,70.0,80.5,62.0,70.1,80.8,62.2,8.6,23.5,105,2025-09-02T06:24,2025-09-02T19:26,46923.61,43174.66,0.00,0.00,0.00,0.0
2025-09-03,1,69.1,79.7,60.1,70.1,80.9,62.2,8.6,23.5,156,2025-09-03T06:25,2025-09-03T19:25,46769.32,43080.85,0.00,0.00,0.00,0.0
2025-09-04,55,69.7,77.5,61.1,70.8,77.4,63.3,12.7,31.1,166,2025-09-04T06:26,2025-09-04T19:23,46614.97,42986.45,4.20,4.20,0.00,8.0
2025-09-05,61,74.3,83.4,64.8,77.6,86.7,68.3,9.8,24.6,200,2025-09-05T06:27,2025-09-05T19:21,46459.55,42890.83,5.10,5.10,0.00,4.0
2025-09-06,65,74.8,86.4,66.6,79.8,92.0,69.5,11.8,31.5,207,2025-09-06T06:28,2025-09-06T19:20,46303.09,28594.77,20.40,20.40,0.00,10.0
2025-09-07,63,65.3,69.6,62.3,67.4,71.1,63.0,5.8,12.8,335,2025-09-07T06:29,2025-09-07T19:18,46145.69,11590.43,17.80,17.80,0.00,16.0
2025-09-08,3,63.8,71.1,55.8,62.9,71.3,53.9,5.7,16.6,0,2025-09-08T06:30,2025-09-08T19:16,45987.46,42597.65,0.00,0.00,0.00,0.0
2025-09-09,3,63.8,72.2,56.0,63.3,73.0,55.4,8.0,21.0,38,2025-09-09T06:31,2025-09-09T19:15,45828.50,42498.19,0.00,0.00,0.00,0.0
2025-09-10,61,64.2,69.3,59.6,63.9,71.2,57.8,8.6,18.8,16,2025-09-10T06:32,2025-09-10T19:13,45668.92,10295.68,5.00,5.00,0.00,5.0
2025-09-11,3,70.1,80.6,59.8,69.5,79.0,59.4,8.4,21.9,358,2025-09-11T06:33,2025-09-11T19:11,45508.80,42297.26,0.00,0.00,0.00,0.0
2025-09-12,3,70.1,81.5,61.5,69.8,81.7,60.8,7.1,16.6,36,2025-09-12T06:34,2025-09-12T19:10,45348.26,41423.37,0.00,0.00,0.00,0.0
2025-09-13,53,69.5,79.9,61.3,71.6,82.0,64.9,7.9,21.7,167,2025-09-13T06:35,2025-09-13T19:08,45187.39,35993.35,0.70,0.70,0.00,3.0
2025-09-14,51,72.4,85.7,62.9,74.6,85.6,66.4,5.8,17.0,148,2025-09-14T06:36,2025-09-14T19:06,45026.29,41834.44,0.50,0.50,0.00,4.0
2025-09-15,3,72.2,83.6,64.3,73.8,82.4,66.6,7.5,21.0,70,2025-09-15T06:37,2025-09-15T19:05,44865.05,40496.72,0.00,0.00,0.00,0.0
2025-09-16,3,68.9,76.3,63.6,67.6,74.0,63.6,10.6,27.3,51,2025-09-16T06:38,2025-09-16T19:03,44703.77,27715.02,0.00,0.00,0.00,0.0
2025-09-17,63,66.7,70.2,63.1,66.7,71.1,62.2,8.9,22.1,50,2025-09-17T06:39,2025-09-17T19:01,44542.54,18493.83,6.80,6.80,0.00,8.0
2025-09-18,51,72.1,81.5,64.9,75.4,84.2,68.3,4.8,12.3,326,2025-09-18T06:40,2025-09-18T18:59,44381.47,41193.10,0.10,0.10,0.00,1.0
2025-09-19,1,72.8,82.7,64.7,74.1,84.7,66.0,6.9,18.1,320,2025-09-19T06:41,2025-09-19T18:58,44220.64,41032.59,0.00,0.00,0.00,0.0
2025-09-20,3,66.2,75.0,58.3,64.3,74.0,54.3,7.6,20.1,41,2025-09-20T06:42,2025-09-20T18:56,44060.14,40872.19,0.00,0.00,0.00,0.0
2025-09-21,3,63.3,72.0,56.9,62.3,71.4,56.6,6.9,18.6,108,2025-09-21T06:43,2025-09-21T18:54,43900.08,39385.30,0.00,0.00,0.00,0.0
2025-09-22,3,63.6,72.9,53.8,63.7,72.9,53.7,7.0,17.4,168,2025-09-22T06:44,2025-09-22T18:53,43740.54,39808.17,0.00,0.00,0.00,0.0
2025-09-23,63,72.9,85.3,62.1,75.7,87.3,64.6,9.2,23.3,215,2025-09-23T06:45,2025-09-23T18:51,43581.62,38912.46,6.60,6.60,0.00,3.0
2025-09-24,53,71.6,80.1,65.3,77.2,85.9,70.2,10.5,26.2,159,2025-09-24T06:46,2025-09-24T18:49,43423.07,12588.61,3.00,3.00,0.00,7.0
2025-09-25,65,71.8,77.0,67.9,76.8,83.5,71.4,9.8,25.7,185,2025-09-25T06:47,2025-09-25T18:48,43263.83,8217.79,48.60,48.60,0.00,20.0
2025-09-26,3,72.4,80.0,65.7,76.4,83.8,70.0,5.4,15.9,281,2025-09-26T06:48,2025-09-26T18:46,43103.91,36535.98,0.00,0.00,0.00,0.0
2025-09-27,51,69.5,76.0,62.6,72.5,79.1,64.6,3.8,10.3,32,2025-09-27T06:49,2025-09-27T18:44,42943.44,22485.96,0.10,0.10,0.00,1.0
2025-09-28,NaN,NaN,NaN,NaN,NaN,NaN,NaN,NaN,NaN,NaN,2025-09-28T06:50,2025-09-28T18:43,42782.50,NaN,NaN,NaN,NaN,2.0
